# Blender 5.1.1
# www.blender.org
mtllib ckarf tf1.mtl
o mesh0_models_player_items_all_class_scarf_soccer_0
v -0.055479 0.657615 0.040670
v -0.061340 0.658330 0.038564
v -0.058237 0.658394 0.034687
v -0.053471 0.656716 0.036423
v -0.043245 0.679478 0.035242
v -0.042697 0.679446 0.033631
v -0.048025 0.670589 0.034215
v -0.048977 0.670725 0.036335
v -0.054267 0.663660 0.034535
v -0.055556 0.663672 0.037229
v -0.058237 0.658394 0.034687
v -0.061340 0.658330 0.038564
v -0.043481 0.681254 0.032019
v -0.041439 0.679906 0.032163
v -0.044249 0.676457 0.033052
v -0.043625 0.675458 0.032976
v -0.042644 0.675340 0.033701
v -0.044051 0.675685 0.036766
v -0.040748 0.678464 0.036795
v -0.039343 0.678153 0.033734
v -0.039483 0.683165 0.035860
v -0.038087 0.682918 0.032805
v -0.038889 0.684056 0.031877
v -0.040199 0.684085 0.032044
v -0.041592 0.684308 0.035098
v -0.044879 0.681513 0.035077
v -0.045655 0.676786 0.036115
v -0.045413 0.675894 0.036872
v -0.040660 0.684345 0.035759
v -0.045413 0.675894 0.036872
v -0.043376 0.680294 0.036395
v -0.045655 0.676786 0.036115
v -0.044051 0.675685 0.036766
v -0.040748 0.678464 0.036795
v -0.039483 0.683165 0.035860
v -0.040660 0.684345 0.035759
v -0.041592 0.684308 0.035098
v -0.044879 0.681513 0.035077
v -0.007584 0.667009 0.047018
v -0.004052 0.665753 0.046637
v -0.003348 0.668037 0.045835
v -0.022247 0.710337 0.016942
v -0.021532 0.711344 0.020531
v -0.020901 0.713311 0.018983
v -0.029665 0.701936 0.024898
v -0.029418 0.703126 0.028720
v -0.035270 0.695403 0.029414
v -0.034880 0.694904 0.032984
v -0.040624 0.686606 0.032423
v -0.039447 0.685194 0.037159
v -0.042123 0.684099 0.033150
v -0.039784 0.682436 0.035626
v -0.032520 0.680671 0.039883
v -0.032867 0.677734 0.038176
v -0.023223 0.674652 0.041038
v -0.023879 0.671879 0.040640
v -0.014316 0.671701 0.046322
v -0.014642 0.668502 0.044649
v -0.007325 0.670089 0.048530
v -0.004814 0.679317 0.045842
v -0.011563 0.681314 0.043714
v -0.018170 0.684624 0.039200
v -0.027547 0.690874 0.038191
v -0.001660 0.677528 0.042512
v -0.004150 0.689331 0.041676
v -0.009852 0.691550 0.040087
v -0.016622 0.694159 0.037437
v -0.023909 0.700396 0.034765
v -0.016783 0.709291 0.026861
v -0.015747 0.711762 0.025915
v -0.014403 0.713767 0.024019
v -0.009732 0.710695 0.027345
v -0.008414 0.712757 0.024395
v 0.003849 0.708151 0.030386
v 0.005115 0.710893 0.026555
v 0.002236 0.712491 0.027421
v 0.000625 0.708949 0.032056
v -0.003397 0.712400 0.027035
v -0.005122 0.709544 0.030766
v -0.011214 0.708282 0.029395
v -0.012547 0.705271 0.030312
v -0.006353 0.702955 0.034403
v -0.000406 0.702076 0.035790
v 0.000046 0.689027 0.037915
v 0.004249 0.704838 0.032739
v -0.005859 0.706613 0.033143
v 0.000399 0.705872 0.034472
v 0.003489 0.700670 0.034447
v -0.001978 0.713685 0.023056
v 0.002745 0.714486 0.022162
v 0.004937 0.712629 0.021897
v 0.001704 0.710721 0.020091
v -0.000365 0.712276 0.019294
v -0.002286 0.705769 0.017874
v -0.023718 0.676624 0.027532
v -0.013848 0.677412 0.040456
v -0.015770 0.681146 0.038166
v -0.018309 0.675972 0.030240
v -0.019386 0.677186 0.024886
v -0.017685 0.677900 0.027751
v -0.003424 0.707753 0.015560
v -0.004669 0.712106 0.018666
v -0.007689 0.713171 0.021419
v -0.013223 0.714666 0.020638
v -0.019213 0.714473 0.017826
v -0.020344 0.713410 0.015632
v -0.021942 0.712284 0.016058
v -0.007790 0.708294 0.014448
v -0.010335 0.710486 0.017971
v -0.021997 0.682595 0.020890
v -0.026161 0.682149 0.024091
v -0.016059 0.683969 0.035434
v 0.003894 0.691855 0.037480
v 0.000791 0.697211 0.034051
v 0.013338 0.698740 0.026481
v 0.010112 0.704336 0.024361
v 0.020770 0.704092 0.016231
v 0.016907 0.708786 0.014108
v 0.027412 0.707048 0.009755
v 0.024715 0.713278 0.008696
v 0.034182 0.713332 -0.001918
v 0.029716 0.718985 -0.001961
v -0.028209 0.686646 0.019492
v -0.024538 0.688667 0.016606
v -0.013406 0.708012 0.013973
v -0.014896 0.712820 0.013144
v 0.021423 0.733253 -0.016247
v 0.027766 0.736903 -0.013018
v 0.024283 0.739442 -0.028496
v 0.025162 0.729241 -0.000290
v 0.033372 0.733872 -0.013207
v 0.027970 0.724292 -0.000859
v 0.033167 0.726922 -0.015656
v 0.024021 0.717761 0.007941
v 0.016083 0.712782 0.013767
v 0.010255 0.708150 0.022236
v 0.000953 0.702556 0.032372
v -0.021605 0.690008 0.030012
v -0.021978 0.713179 0.010818
v -0.018377 0.715448 0.013035
v -0.019069 0.714460 0.009380
v -0.023264 0.711822 0.007512
v -0.018076 0.711118 0.008814
v -0.028884 0.695115 0.010241
v -0.026263 0.691175 0.014111
v -0.030668 0.691676 0.014834
v -0.029183 0.688732 0.017228
v -0.023160 0.693579 0.025649
v -0.000698 0.707705 0.029927
v 0.007665 0.712466 0.020050
v 0.014720 0.717740 0.012587
v 0.020723 0.723212 0.007380
v 0.018689 0.723599 -0.006080
v -0.025651 0.711066 0.009544
v -0.028632 0.695702 0.011641
v -0.029082 0.694940 0.013475
v -0.020939 0.696125 0.021486
v -0.003095 0.708743 0.026773
v 0.004041 0.712636 0.018066
v 0.010344 0.715655 0.004668
v 0.014216 0.720560 -0.000785
v -0.023076 0.729118 -0.060087
v -0.021171 0.726452 -0.058291
v -0.035558 0.723500 -0.048315
v -0.007384 0.727846 -0.063793
v -0.007681 0.730357 -0.066869
v 0.002863 0.728046 -0.062777
v 0.003786 0.730541 -0.065872
v 0.015928 0.727485 -0.059803
v -0.007463 0.735307 -0.064769
v -0.022101 0.734112 -0.057203
v -0.021962 0.740001 -0.054809
v -0.033144 0.737135 -0.044515
v -0.007428 0.741550 -0.061332
v 0.004176 0.735349 -0.062720
v 0.017338 0.730402 -0.061793
v 0.034770 0.724485 -0.050843
v 0.004876 0.741164 -0.059198
v 0.017730 0.734671 -0.058428
v -0.037955 0.729572 -0.031805
v -0.035598 0.736153 -0.027791
v -0.030101 0.744228 -0.042322
v -0.020309 0.747093 -0.054747
v -0.004899 0.749729 -0.060763
v 0.007527 0.748925 -0.059730
v 0.018418 0.740380 -0.055289
v 0.034545 0.732562 -0.049750
v 0.036862 0.727769 -0.052157
v 0.043132 0.721806 -0.037068
v 0.041062 0.719014 -0.037348
v 0.041227 0.715259 -0.022584
v 0.042486 0.717490 -0.020477
v 0.040478 0.726926 -0.034402
v -0.003349 0.752456 -0.055858
v -0.016544 0.749023 -0.050248
v -0.023477 0.745355 -0.040816
v -0.029567 0.739661 -0.028889
v -0.030132 0.732508 -0.018666
v -0.036534 0.729243 -0.018050
v -0.027712 0.725015 -0.007691
v -0.033310 0.723179 -0.007248
v -0.029279 0.716088 0.006555
v -0.023111 0.717294 0.007664
v -0.023105 0.710197 0.015363
v -0.020519 0.713416 0.015993
v -0.014232 0.703553 0.025366
v -0.024918 0.706043 0.013442
v -0.017191 0.698721 0.022634
v -0.016807 0.714816 0.014849
v -0.021818 0.716201 0.001464
v -0.022934 0.723353 -0.011702
v -0.025198 0.731195 -0.020545
v -0.023770 0.736853 -0.029244
v -0.018803 0.740845 -0.037827
v -0.012129 0.743257 -0.044264
v -0.002275 0.746226 -0.048029
v 0.007283 0.751013 -0.056210
v 0.020937 0.747572 -0.053305
v 0.034751 0.732495 -0.031539
v 0.033773 0.738704 -0.046779
v 0.035016 0.740949 -0.029217
v 0.031327 0.745375 -0.043670
v 0.020008 0.749465 -0.049076
v 0.026320 0.746771 -0.041281
v 0.029603 0.743218 -0.029342
v 0.039083 0.722179 -0.018141
v 0.019856 0.741821 -0.037050
v 0.014104 0.742422 -0.042921
v 0.005759 0.744686 -0.049118
v 0.036206 0.708357 -0.001947
v 0.029188 0.701663 0.009277
v 0.023533 0.697033 0.018189
v 0.013803 0.690629 0.029441
v 0.006699 0.685863 0.039452
v 0.033863 0.705885 -0.002412
v 0.027952 0.699222 0.007528
v 0.022386 0.693476 0.017093
v 0.011192 0.684459 0.029584
v 0.005687 0.681309 0.038175
v -0.012160 0.674804 0.037336
v -0.035319 0.731910 -0.047032
v -0.037323 0.726425 -0.049275
v -0.041464 0.724564 -0.032184
v -0.042903 0.719874 -0.033314
v -0.040572 0.718438 -0.019221
v -0.041968 0.714406 -0.019916
v -0.038399 0.713744 -0.008547
v -0.039925 0.710100 -0.009357
v -0.037449 0.705660 0.002451
v -0.035369 0.708541 0.003642
v -0.029274 0.701757 0.012948
v -0.031115 0.711910 0.004469
v -0.034791 0.717862 -0.008069
v -0.037059 0.723277 -0.018789
v -0.031390 0.697974 0.012327
v -0.022222 0.693182 0.023021
v -0.040669 0.717403 -0.033380
v -0.039711 0.712716 -0.020633
v -0.037735 0.708460 -0.010134
v -0.035226 0.703694 0.001211
v -0.029404 0.696479 0.010444
v -0.025133 0.689831 0.022204
v -0.018471 0.682249 0.030483
v -0.014922 0.683784 0.030901
v -0.015192 0.670396 0.037441
v -0.015425 0.661143 0.037695
v -0.017301 0.655846 0.042009
v -0.013813 0.663279 0.041252
v -0.016458 0.668993 0.034172
v -0.019141 0.680311 0.027640
v -0.024032 0.687895 0.019262
v -0.009483 0.664607 0.041430
v -0.005516 0.692272 0.032201
v -0.009767 0.688107 0.029687
v 0.001546 0.676794 0.037514
v -0.004764 0.672557 0.035330
v 0.004999 0.668468 0.041527
v -0.002774 0.665261 0.039336
v -0.001095 0.658422 0.043374
v -0.008753 0.658489 0.045530
v -0.014771 0.657756 0.045498
v -0.016135 0.646507 0.047502
v -0.013672 0.648527 0.050989
v -0.015760 0.642615 0.049646
v -0.013327 0.644630 0.053131
v -0.012976 0.640629 0.052734
v -0.015521 0.639577 0.051311
v -0.007660 0.645427 0.053150
v -0.007901 0.649217 0.051021
v -0.007328 0.641367 0.052747
v 0.000210 0.645196 0.051042
v -0.000059 0.648895 0.048919
v 0.007390 0.660653 0.045453
v 0.010358 0.670783 0.041692
v 0.007173 0.680250 0.037531
v -0.000626 0.696329 0.032373
v -0.011347 0.707909 0.026149
v 0.013940 0.661866 0.045428
v 0.008987 0.650750 0.051065
v 0.009190 0.646986 0.053183
v 0.016110 0.651872 0.051118
v 0.016386 0.648012 0.053238
v -0.008090 0.710512 0.024116
v 0.002779 0.699342 0.029303
v 0.010055 0.682117 0.033953
v 0.012848 0.672160 0.038278
v 0.016768 0.660827 0.041914
v 0.018949 0.650764 0.047643
v 0.019564 0.646927 0.049796
v 0.016690 0.644094 0.052821
v 0.009496 0.643060 0.052773
v 0.000503 0.641731 0.051895
v 0.019754 0.643942 0.051438
v 0.019782 0.641580 0.051026
v 0.018615 0.638424 0.052555
v 0.017322 0.641032 0.050383
v 0.018694 0.644557 0.049334
v 0.017510 0.644468 0.048761
v 0.015456 0.641113 0.050924
v 0.016969 0.638200 0.052547
v 0.017724 0.637730 0.052335
v 0.018442 0.639810 0.055597
v 0.019601 0.642962 0.054067
v 0.018507 0.645938 0.052374
v 0.017277 0.646224 0.052626
v 0.016656 0.644126 0.049395
v 0.016479 0.645509 0.052436
v 0.015292 0.642499 0.053966
v 0.016802 0.639588 0.055589
v 0.017509 0.639495 0.056202
v -0.052195 0.662289 0.038455
v -0.055479 0.657615 0.040670
v -0.053471 0.656716 0.036423
v -0.050093 0.662208 0.036020
v -0.045972 0.669410 0.037343
v -0.045066 0.669243 0.035228
v -0.042071 0.678498 0.035757
v -0.041166 0.678296 0.034253
v -0.042071 0.678498 0.035757
v -0.041166 0.678296 0.034253
v -0.042697 0.679446 0.033631
v -0.043245 0.679478 0.035242
v -0.048025 0.670589 0.034215
v -0.042697 0.679446 0.033631
v -0.041166 0.678296 0.034253
v -0.045066 0.669243 0.035228
v -0.050093 0.662208 0.036020
v -0.054267 0.663660 0.034535
v -0.053471 0.656716 0.036423
v -0.058237 0.658394 0.034687
v 0.017033 0.642769 0.053102
v 0.017119 0.642105 0.051548
v 0.017800 0.636251 0.054687
v 0.017684 0.637136 0.056778
v 0.018136 0.632066 0.057872
v 0.017979 0.633228 0.060563
v 0.018830 0.629057 0.060230
v 0.018598 0.631000 0.064322
v 0.017119 0.642105 0.051548
v 0.018375 0.642186 0.051613
v 0.019608 0.636706 0.054598
v 0.017800 0.636251 0.054687
v 0.021079 0.632653 0.057802
v 0.018136 0.632066 0.057872
v 0.018830 0.629057 0.060230
v 0.022729 0.629837 0.060097
v -0.061340 0.658330 0.038564
v -0.055479 0.657615 0.040670
v -0.055556 0.663672 0.037229
v -0.052195 0.662289 0.038455
v -0.048977 0.670725 0.036335
v -0.045972 0.669410 0.037343
v -0.042071 0.678498 0.035757
v -0.043245 0.679478 0.035242
v 0.017033 0.642769 0.053102
v 0.018286 0.642849 0.053167
v 0.018375 0.642186 0.051613
v 0.017119 0.642105 0.051548
v 0.018598 0.631000 0.064322
v 0.018830 0.629057 0.060230
v 0.022729 0.629837 0.060097
v 0.022490 0.631779 0.064189
v 0.020917 0.633813 0.060493
v 0.022490 0.631779 0.064189
v 0.022729 0.629837 0.060097
v 0.021079 0.632653 0.057802
v 0.019489 0.637593 0.056688
v 0.019608 0.636706 0.054598
v 0.018286 0.642849 0.053167
v 0.018375 0.642186 0.051613
v 0.010554 0.641891 0.053106
v 0.011775 0.641931 0.053164
v 0.011850 0.641272 0.051607
v 0.010630 0.641228 0.051549
v 0.011506 0.634951 0.054736
v 0.010630 0.641228 0.051549
v 0.011850 0.641272 0.051607
v 0.013255 0.635400 0.054637
v 0.014945 0.630971 0.057858
v 0.012159 0.630264 0.057946
v 0.013072 0.626925 0.060305
v 0.016844 0.627828 0.060147
v 0.009176 0.629828 0.063992
v 0.005410 0.629126 0.064136
v 0.005635 0.627180 0.060043
v 0.009402 0.627909 0.059898
v 0.007600 0.631807 0.060309
v 0.009176 0.629828 0.063992
v 0.009402 0.627909 0.059898
v 0.007751 0.630643 0.057617
v 0.006194 0.635620 0.056511
v 0.006300 0.634731 0.054420
v 0.005020 0.640889 0.052990
v 0.005096 0.640222 0.051435
v 0.003812 0.640858 0.052931
v 0.005020 0.640889 0.052990
v 0.005096 0.640222 0.051435
v 0.003888 0.640191 0.051376
v 0.004558 0.634339 0.054515
v 0.003888 0.640191 0.051376
v 0.005096 0.640222 0.051435
v 0.006300 0.634731 0.054420
v 0.007751 0.630643 0.057617
v 0.004914 0.630144 0.057696
v 0.005635 0.627180 0.060043
v 0.009402 0.627909 0.059898
v -0.001225 0.640376 0.053266
v -0.001142 0.639708 0.051711
v -0.002325 0.639697 0.051651
v -0.002413 0.640365 0.053207
v -0.000370 0.634957 0.056869
v -0.001225 0.640376 0.053266
v -0.002413 0.640365 0.053207
v -0.002082 0.634563 0.056972
v 0.000485 0.630887 0.060801
v -0.002251 0.630447 0.060866
v -0.001957 0.628098 0.064694
v 0.001402 0.628689 0.064631
v 0.010554 0.641891 0.053106
v 0.010630 0.641228 0.051549
v 0.011506 0.634951 0.054736
v 0.011411 0.635779 0.056837
v 0.012159 0.630264 0.057946
v 0.012054 0.631211 0.060663
v 0.013072 0.626925 0.060305
v 0.013086 0.628306 0.064460
v 0.009941 0.645013 0.052321
v 0.010712 0.645684 0.052505
v 0.010094 0.643622 0.049278
v 0.008972 0.640631 0.050817
v 0.010779 0.640494 0.050269
v 0.010456 0.637696 0.052437
v 0.011190 0.637207 0.052223
v 0.012057 0.637872 0.052440
v 0.011902 0.639263 0.055483
v 0.013014 0.642339 0.053945
v 0.013174 0.640951 0.050903
v 0.011910 0.645347 0.052249
v 0.012071 0.643959 0.049207
v 0.010912 0.643918 0.048637
v 0.008823 0.642023 0.053860
v 0.010304 0.639089 0.055480
v 0.010995 0.638977 0.056091
v -0.002836 0.628613 0.064967
v -0.006542 0.627740 0.065147
v -0.006207 0.625911 0.061018
v -0.002562 0.626719 0.060858
v -0.004307 0.630718 0.061262
v -0.002836 0.628613 0.064967
v -0.002562 0.626719 0.060858
v -0.004102 0.629595 0.058554
v -0.005605 0.634675 0.057428
v -0.005479 0.633790 0.055334
v -0.006718 0.640040 0.053878
v -0.006626 0.639371 0.052322
v -0.007860 0.640007 0.053820
v -0.006718 0.640040 0.053878
v -0.006626 0.639371 0.052322
v -0.007766 0.639337 0.052265
v -0.014490 0.639651 0.052678
v -0.013369 0.639701 0.052745
v -0.013253 0.639027 0.051190
v -0.014376 0.638978 0.051124
v -0.012800 0.634498 0.056367
v -0.013369 0.639701 0.052745
v -0.014490 0.639651 0.052678
v -0.014472 0.634138 0.056472
v -0.012358 0.630663 0.060329
v -0.015123 0.630073 0.060434
v -0.011524 0.628628 0.064131
v -0.015683 0.627793 0.064377
v -0.020591 0.648218 0.053396
v -0.019398 0.647036 0.048891
v -0.014600 0.645936 0.050553
v -0.015581 0.646687 0.055110
v -0.010729 0.664284 0.047057
v -0.009353 0.663871 0.047599
v -0.008848 0.663346 0.045889
v -0.010201 0.663766 0.045349
v -0.009686 0.660322 0.045668
v -0.010858 0.660002 0.044920
v -0.009217 0.663613 0.043767
v -0.006619 0.663164 0.045445
v -0.006184 0.666975 0.044150
v -0.007272 0.667442 0.043122
v -0.008517 0.667262 0.043375
v -0.007430 0.664259 0.048813
v -0.006936 0.668047 0.047535
v -0.008228 0.668803 0.047426
v -0.009267 0.668336 0.046758
v -0.011403 0.664303 0.043653
v -0.011598 0.660708 0.044988
v -0.012613 0.661801 0.048328
v -0.012147 0.661394 0.049165
v -0.010703 0.661416 0.049009
v -0.012342 0.665389 0.047009
v 0.013086 0.628306 0.064460
v 0.016716 0.629533 0.064266
v 0.014916 0.631916 0.060560
v 0.012054 0.631211 0.060663
v 0.011411 0.635779 0.056837
v 0.013166 0.636252 0.056731
v 0.011775 0.641931 0.053164
v 0.010554 0.641891 0.053106
v 0.019489 0.637593 0.056688
v 0.018286 0.642849 0.053167
v 0.017033 0.642769 0.053102
v 0.017684 0.637136 0.056778
v 0.020917 0.633813 0.060493
v 0.017979 0.633228 0.060563
v 0.018598 0.631000 0.064322
v 0.022490 0.631779 0.064189
v 0.010995 0.638977 0.056091
v 0.010568 0.642418 0.054479
v 0.010304 0.639089 0.055480
v 0.011902 0.639263 0.055483
v 0.013014 0.642339 0.053945
v 0.011910 0.645347 0.052249
v 0.010712 0.645684 0.052505
v 0.009941 0.645013 0.052321
v 0.008823 0.642023 0.053860
v 0.003812 0.640858 0.052931
v 0.003888 0.640191 0.051376
v 0.004558 0.634339 0.054515
v 0.004451 0.635228 0.056606
v 0.004914 0.630144 0.057696
v 0.004763 0.631311 0.060387
v 0.005635 0.627180 0.060043
v 0.005410 0.629126 0.064136
v 0.003213 0.643708 0.052253
v 0.003966 0.644414 0.052436
v 0.003358 0.642318 0.049209
v 0.002263 0.639267 0.050750
v 0.004056 0.639112 0.050201
v 0.003736 0.636321 0.052369
v 0.004461 0.635824 0.052155
v 0.005318 0.636478 0.052371
v 0.005170 0.637872 0.055414
v 0.006268 0.640925 0.053876
v 0.006415 0.639533 0.050832
v 0.005149 0.644049 0.052178
v 0.005295 0.642659 0.049134
v 0.004151 0.642647 0.048567
v 0.002117 0.640659 0.053794
v 0.003588 0.637715 0.055412
v 0.004273 0.637596 0.056024
v 0.013086 0.628306 0.064460
v 0.013072 0.626925 0.060305
v 0.016844 0.627828 0.060147
v 0.016716 0.629533 0.064266
v 0.001402 0.628689 0.064631
v -0.001957 0.628098 0.064694
v -0.001549 0.626231 0.060556
v 0.002037 0.626926 0.060435
v -0.005605 0.634675 0.057428
v -0.006718 0.640040 0.053878
v -0.007860 0.640007 0.053820
v -0.007273 0.634289 0.057526
v -0.004307 0.630718 0.061262
v -0.007039 0.630169 0.061353
v -0.006542 0.627740 0.065147
v -0.002836 0.628613 0.064967
v -0.002413 0.640365 0.053207
v -0.002325 0.639697 0.051651
v -0.001920 0.633731 0.054864
v -0.002082 0.634563 0.056972
v -0.001894 0.629357 0.058130
v -0.002251 0.630447 0.060866
v -0.001549 0.626231 0.060556
v -0.001957 0.628098 0.064694
v -0.002325 0.639697 0.051651
v -0.001142 0.639708 0.051711
v -0.000236 0.634070 0.054775
v -0.001920 0.633731 0.054864
v 0.000719 0.629803 0.058082
v -0.001894 0.629357 0.058130
v -0.001549 0.626231 0.060556
v 0.002037 0.626926 0.060435
v -0.011524 0.628628 0.064131
v -0.015683 0.627793 0.064377
v -0.014704 0.625838 0.060165
v -0.010959 0.626677 0.059986
v -0.049945 0.655270 0.043382
v -0.048503 0.654798 0.038746
v -0.044014 0.653661 0.040431
v -0.045373 0.654745 0.044965
v -0.028810 0.649649 0.051198
v -0.027545 0.648491 0.046644
v -0.022863 0.647198 0.048391
v -0.024045 0.647872 0.053087
v -0.022593 0.652372 0.050030
v -0.024045 0.647872 0.053087
v -0.022863 0.647198 0.048391
v -0.021731 0.651663 0.047041
v -0.020014 0.658165 0.047393
v -0.019380 0.657499 0.045079
v -0.017132 0.665083 0.045177
v -0.016637 0.664560 0.043464
v -0.018498 0.665603 0.044606
v -0.017132 0.665083 0.045177
v -0.016637 0.664560 0.043464
v -0.017980 0.665077 0.042901
v -0.014903 0.668681 0.040729
v -0.013811 0.668121 0.041734
v -0.016970 0.664943 0.041277
v -0.014335 0.664358 0.042990
v -0.017615 0.661651 0.043148
v -0.018779 0.661406 0.042379
v -0.019516 0.662159 0.042435
v -0.019239 0.665840 0.041121
v -0.020256 0.666908 0.044442
v -0.020517 0.663261 0.045766
v -0.020052 0.662805 0.046614
v -0.018619 0.662750 0.046480
v -0.015358 0.665445 0.046335
v -0.014559 0.669198 0.045106
v -0.015889 0.669988 0.044988
v -0.016984 0.669600 0.044294
v -0.016148 0.668581 0.040960
v -0.020014 0.658165 0.047393
v -0.017132 0.665083 0.045177
v -0.018498 0.665603 0.044606
v -0.022151 0.658577 0.046650
v -0.022593 0.652372 0.050030
v -0.026045 0.653368 0.048722
v -0.028810 0.649649 0.051198
v -0.024045 0.647872 0.053087
v -0.002914 0.643321 0.052478
v -0.002174 0.644025 0.052661
v -0.002753 0.641928 0.049435
v -0.003822 0.638880 0.050976
v -0.002068 0.638724 0.050427
v -0.002375 0.635935 0.052595
v -0.001658 0.635436 0.052380
v -0.000816 0.636086 0.052596
v -0.000969 0.637482 0.055640
v 0.000116 0.640528 0.054101
v 0.000264 0.639134 0.051058
v -0.001002 0.643655 0.052403
v -0.000850 0.642263 0.049360
v -0.001974 0.642255 0.048793
v -0.003985 0.640276 0.054019
v -0.002531 0.637331 0.055638
v -0.001856 0.637211 0.056249
v -0.035808 0.650764 0.048644
v -0.034501 0.649757 0.044072
v -0.029925 0.648103 0.045879
v -0.031225 0.648362 0.050619
v -0.029768 0.653497 0.047461
v -0.031225 0.648362 0.050619
v -0.029925 0.648103 0.045879
v -0.028871 0.652898 0.044478
v -0.027277 0.659824 0.044720
v -0.026581 0.659164 0.042423
v -0.024102 0.667119 0.042531
v -0.023498 0.666736 0.040899
v -0.024102 0.667119 0.042531
v -0.023498 0.666736 0.040899
v -0.024647 0.667655 0.040420
v -0.025353 0.667896 0.041991
v -0.028710 0.659858 0.041604
v -0.024647 0.667655 0.040420
v -0.023498 0.666736 0.040899
v -0.026581 0.659164 0.042423
v -0.032297 0.654384 0.043063
v -0.028871 0.652898 0.044478
v -0.034501 0.649757 0.044072
v -0.029925 0.648103 0.045879
v -0.022408 0.672495 0.042538
v -0.021218 0.671381 0.042603
v -0.020806 0.671803 0.038601
v -0.021996 0.671836 0.038820
v -0.023352 0.672374 0.041907
v -0.025271 0.669106 0.038885
v -0.023231 0.667828 0.038967
v -0.026023 0.664654 0.039902
v -0.025385 0.663720 0.039805
v -0.024322 0.663764 0.040538
v -0.025329 0.664831 0.043849
v -0.022120 0.667379 0.043744
v -0.021072 0.666396 0.040463
v -0.019950 0.670829 0.039501
v -0.026649 0.669650 0.041960
v -0.027182 0.665480 0.043108
v -0.026737 0.664966 0.043966
v -0.001856 0.637211 0.056249
v -0.002282 0.640653 0.054637
v -0.002531 0.637331 0.055638
v -0.000969 0.637482 0.055640
v 0.000116 0.640528 0.054101
v -0.001002 0.643655 0.052403
v -0.002174 0.644025 0.052661
v -0.002914 0.643321 0.052478
v -0.003985 0.640276 0.054019
v -0.007860 0.640007 0.053820
v -0.007766 0.639337 0.052265
v -0.007145 0.633407 0.055432
v -0.007273 0.634289 0.057526
v -0.006856 0.629050 0.058650
v -0.007039 0.630169 0.061353
v -0.006207 0.625911 0.061018
v -0.006542 0.627740 0.065147
v -0.007766 0.639337 0.052265
v -0.006626 0.639371 0.052322
v -0.005479 0.633790 0.055334
v -0.007145 0.633407 0.055432
v -0.004102 0.629595 0.058554
v -0.006856 0.629050 0.058650
v -0.006207 0.625911 0.061018
v -0.002562 0.626719 0.060858
v -0.043382 0.653512 0.045625
v -0.041989 0.652436 0.041101
v -0.037610 0.650688 0.042875
v -0.039137 0.651136 0.047487
v -0.036884 0.655934 0.044648
v -0.039137 0.651136 0.047487
v -0.037610 0.650688 0.042875
v -0.036057 0.655349 0.041652
v -0.033454 0.661964 0.042264
v -0.032892 0.661447 0.039947
v -0.030156 0.670293 0.040371
v -0.029531 0.670106 0.038781
v -0.030156 0.670293 0.040371
v -0.029531 0.670106 0.038781
v -0.030553 0.671075 0.038311
v -0.031266 0.671293 0.039875
v -0.034576 0.662450 0.039320
v -0.030553 0.671075 0.038311
v -0.029531 0.670106 0.038781
v -0.032892 0.661447 0.039947
v -0.036057 0.655349 0.041652
v -0.039149 0.656847 0.040329
v -0.041989 0.652436 0.041101
v -0.037610 0.650688 0.042875
v -0.028218 0.675939 0.040494
v -0.027115 0.674659 0.040590
v -0.026408 0.675472 0.036574
v -0.027689 0.675564 0.036763
v -0.029107 0.675930 0.039843
v -0.030966 0.672805 0.036797
v -0.029019 0.671328 0.036918
v -0.031822 0.668085 0.037835
v -0.031212 0.667098 0.037746
v -0.030248 0.666995 0.038455
v -0.031630 0.667539 0.041528
v -0.028370 0.670154 0.041528
v -0.026985 0.669615 0.038458
v -0.025692 0.674267 0.037502
v -0.032378 0.673213 0.039872
v -0.033211 0.668623 0.040902
v -0.032972 0.667787 0.041650
v -0.008386 0.642889 0.053111
v -0.007681 0.643609 0.053295
v -0.008192 0.641487 0.050070
v -0.009250 0.638442 0.051610
v -0.007569 0.638323 0.051062
v -0.007882 0.635541 0.053229
v -0.007191 0.635052 0.053015
v -0.006386 0.635713 0.053230
v -0.006557 0.637114 0.056273
v -0.005517 0.640166 0.054734
v -0.005349 0.638767 0.051691
v -0.006568 0.643268 0.053037
v -0.006386 0.641868 0.049995
v -0.007439 0.641828 0.049428
v -0.009441 0.639844 0.054652
v -0.008060 0.636944 0.056271
v -0.007413 0.636834 0.056882
v -0.043730 0.658971 0.042053
v -0.045373 0.654745 0.044965
v -0.044014 0.653661 0.040431
v -0.042790 0.658545 0.039075
v -0.040505 0.666046 0.039777
v -0.039521 0.665806 0.037667
v -0.036351 0.674559 0.038210
v -0.035619 0.674411 0.036645
v -0.036351 0.674559 0.038210
v -0.035619 0.674411 0.036645
v -0.036722 0.675427 0.036144
v -0.037451 0.675578 0.037706
v -0.041447 0.666657 0.036999
v -0.036722 0.675427 0.036144
v -0.035619 0.674411 0.036645
v -0.039521 0.665806 0.037667
v -0.042790 0.658545 0.039075
v -0.045880 0.659740 0.037965
v -0.044014 0.653661 0.040431
v -0.048503 0.654798 0.038746
v -0.014490 0.639651 0.052678
v -0.014376 0.638978 0.051124
v -0.014292 0.633239 0.054372
v -0.014472 0.634138 0.056472
v -0.014808 0.628939 0.057717
v -0.015123 0.630073 0.060434
v -0.014704 0.625838 0.060165
v -0.015683 0.627793 0.064377
v -0.014376 0.638978 0.051124
v -0.013253 0.639027 0.051190
v -0.012609 0.633597 0.054269
v -0.014292 0.633239 0.054372
v -0.011831 0.629497 0.057575
v -0.014808 0.628939 0.057717
v -0.010959 0.626677 0.059986
v -0.014704 0.625838 0.060165
v -0.014908 0.642339 0.051991
v -0.014208 0.643070 0.052176
v -0.014690 0.640939 0.048951
v -0.015734 0.637908 0.050492
v -0.014050 0.637829 0.049949
v -0.014375 0.635073 0.052118
v -0.013694 0.634603 0.051905
v -0.012910 0.635283 0.052123
v -0.013106 0.636685 0.055164
v -0.012082 0.639740 0.053626
v -0.011885 0.638338 0.050584
v -0.013092 0.642762 0.051923
v -0.012881 0.641362 0.048882
v -0.013933 0.641291 0.048311
v -0.015948 0.639310 0.053532
v -0.014577 0.636477 0.055159
v -0.013947 0.636387 0.055772
v -0.034438 0.680273 0.038295
v -0.033326 0.679003 0.038394
v -0.032651 0.679880 0.034402
v -0.033942 0.679947 0.034580
v -0.035347 0.680252 0.037642
v -0.037241 0.677137 0.034587
v -0.035269 0.675684 0.034719
v -0.038101 0.672284 0.035630
v -0.037500 0.671257 0.035551
v -0.036547 0.671107 0.036272
v -0.037954 0.671552 0.039339
v -0.034686 0.674210 0.039356
v -0.033271 0.673829 0.036284
v -0.031917 0.678678 0.035328
v -0.038648 0.677469 0.037651
v -0.039513 0.672675 0.038701
v -0.039289 0.671812 0.039449
v -0.014518 0.651071 0.052223
v -0.015581 0.646687 0.055110
v -0.014600 0.645936 0.050553
v -0.013651 0.650358 0.049270
v -0.012325 0.656924 0.049697
v -0.011642 0.656249 0.047407
v -0.009353 0.663871 0.047599
v -0.008848 0.663346 0.045889
v 0.014916 0.631916 0.060560
v 0.016716 0.629533 0.064266
v 0.016844 0.627828 0.060147
v 0.014945 0.630971 0.057858
v 0.013166 0.636252 0.056731
v 0.013255 0.635400 0.054637
v 0.011775 0.641931 0.053164
v 0.011850 0.641272 0.051607
v 0.000485 0.630887 0.060801
v 0.001402 0.628689 0.064631
v 0.002037 0.626926 0.060435
v 0.000719 0.629803 0.058082
v -0.000370 0.634957 0.056869
v -0.000236 0.634070 0.054775
v -0.001225 0.640376 0.053266
v -0.001142 0.639708 0.051711
v -0.012358 0.630663 0.060329
v -0.011524 0.628628 0.064131
v -0.010959 0.626677 0.059986
v -0.011831 0.629497 0.057575
v -0.012800 0.634498 0.056367
v -0.012609 0.633597 0.054269
v -0.013369 0.639701 0.052745
v -0.013253 0.639027 0.051190
v -0.012325 0.656924 0.049697
v -0.009353 0.663871 0.047599
v -0.010729 0.664284 0.047057
v -0.014531 0.657225 0.048964
v -0.014518 0.651071 0.052223
v -0.018011 0.651913 0.050963
v -0.020591 0.648218 0.053396
v -0.015581 0.646687 0.055110
v -0.013947 0.636387 0.055772
v -0.014338 0.639769 0.054157
v -0.014577 0.636477 0.055159
v -0.013106 0.636685 0.055164
v -0.012082 0.639740 0.053626
v -0.013092 0.642762 0.051923
v -0.014208 0.643070 0.052176
v -0.014908 0.642339 0.051991
v -0.015948 0.639310 0.053532
v 0.017509 0.639495 0.056202
v 0.017084 0.642947 0.054591
v 0.016802 0.639588 0.055589
v 0.018442 0.639810 0.055597
v 0.019601 0.642962 0.054067
v 0.018507 0.645938 0.052374
v 0.017277 0.646224 0.052626
v 0.016479 0.645509 0.052436
v 0.015292 0.642499 0.053966
v 0.005410 0.629126 0.064136
v 0.009176 0.629828 0.063992
v 0.007600 0.631807 0.060309
v 0.004763 0.631311 0.060387
v 0.004451 0.635228 0.056606
v 0.006194 0.635620 0.056511
v 0.005020 0.640889 0.052990
v 0.003812 0.640858 0.052931
v -0.023352 0.672374 0.041907
v -0.026649 0.669650 0.041960
v -0.025055 0.668689 0.043275
v -0.022408 0.672495 0.042538
v -0.021218 0.671381 0.042603
v -0.022120 0.667379 0.043744
v -0.025329 0.664831 0.043849
v -0.026737 0.664966 0.043966
v -0.027182 0.665480 0.043108
v -0.010754 0.671418 0.037394
v -0.016148 0.715308 0.013020
v -0.017776 0.715679 0.015309
v -0.019803 0.715022 0.014143
v -0.012834 0.713955 0.017995
v -0.035808 0.650764 0.048644
v -0.031225 0.648362 0.050619
v -0.029768 0.653497 0.047461
v -0.033147 0.654749 0.046102
v -0.029400 0.660464 0.043916
v -0.027277 0.659824 0.044720
v -0.024102 0.667119 0.042531
v -0.025353 0.667896 0.041991
v 0.004273 0.637596 0.056024
v 0.003854 0.641038 0.054412
v 0.003588 0.637715 0.055412
v 0.005170 0.637872 0.055414
v 0.006268 0.640925 0.053876
v 0.005149 0.644049 0.052178
v 0.003966 0.644414 0.052436
v 0.003213 0.643708 0.052253
v 0.002117 0.640659 0.053794
v -0.007413 0.636834 0.056882
v -0.007819 0.640262 0.055271
v -0.008060 0.636944 0.056271
v -0.006557 0.637114 0.056273
v -0.005517 0.640166 0.054734
v -0.006568 0.643268 0.053037
v -0.007681 0.643609 0.053295
v -0.008386 0.642889 0.053111
v -0.009441 0.639844 0.054652
v -0.012147 0.661394 0.049165
v -0.010438 0.665120 0.048418
v -0.012613 0.661801 0.048328
v -0.010703 0.661416 0.049009
v -0.007430 0.664259 0.048813
v -0.006936 0.668047 0.047535
v -0.008228 0.668803 0.047426
v -0.009267 0.668336 0.046758
v -0.012342 0.665389 0.047009
v -0.018498 0.665603 0.044606
v -0.017980 0.665077 0.042901
v -0.021531 0.657952 0.044322
v -0.022151 0.658577 0.046650
v -0.025227 0.652754 0.045702
v -0.026045 0.653368 0.048722
v -0.027545 0.648491 0.046644
v -0.028810 0.649649 0.051198
v -0.017980 0.665077 0.042901
v -0.016637 0.664560 0.043464
v -0.019380 0.657499 0.045079
v -0.021531 0.657952 0.044322
v -0.021731 0.651663 0.047041
v -0.025227 0.652754 0.045702
v -0.022863 0.647198 0.048391
v -0.027545 0.648491 0.046644
v -0.020052 0.662805 0.046614
v -0.018379 0.666456 0.045898
v -0.020517 0.663261 0.045766
v -0.018619 0.662750 0.046480
v -0.015358 0.665445 0.046335
v -0.014559 0.669198 0.045106
v -0.015889 0.669988 0.044988
v -0.016984 0.669600 0.044294
v -0.020256 0.666908 0.044442
v -0.025353 0.667896 0.041991
v -0.024647 0.667655 0.040420
v -0.028710 0.659858 0.041604
v -0.029400 0.660464 0.043916
v -0.032297 0.654384 0.043063
v -0.033147 0.654749 0.046102
v -0.034501 0.649757 0.044072
v -0.035808 0.650764 0.048644
v -0.031266 0.671293 0.039875
v -0.030553 0.671075 0.038311
v -0.034576 0.662450 0.039320
v -0.035328 0.662625 0.041522
v -0.039149 0.656847 0.040329
v -0.040118 0.657294 0.043303
v -0.041989 0.652436 0.041101
v -0.043382 0.653512 0.045625
v -0.043382 0.653512 0.045625
v -0.039137 0.651136 0.047487
v -0.036884 0.655934 0.044648
v -0.040118 0.657294 0.043303
v -0.035328 0.662625 0.041522
v -0.033454 0.661964 0.042264
v -0.030156 0.670293 0.040371
v -0.031266 0.671293 0.039875
v -0.010201 0.663766 0.045349
v -0.008848 0.663346 0.045889
v -0.011642 0.656249 0.047407
v -0.013873 0.656583 0.046671
v -0.013651 0.650358 0.049270
v -0.017294 0.651269 0.048011
v -0.014600 0.645936 0.050553
v -0.019398 0.647036 0.048891
v -0.010729 0.664284 0.047057
v -0.010201 0.663766 0.045349
v -0.013873 0.656583 0.046671
v -0.014531 0.657225 0.048964
v -0.017294 0.651269 0.048011
v -0.018011 0.651913 0.050963
v -0.019398 0.647036 0.048891
v -0.020591 0.648218 0.053396
v -0.037451 0.675578 0.037706
v -0.042428 0.666930 0.039104
v -0.036351 0.674559 0.038210
v -0.040505 0.666046 0.039777
v -0.043730 0.658971 0.042053
v -0.047066 0.659975 0.040762
v -0.045373 0.654745 0.044965
v -0.049945 0.655270 0.043382
v -0.037451 0.675578 0.037706
v -0.036722 0.675427 0.036144
v -0.041447 0.666657 0.036999
v -0.042428 0.666930 0.039104
v -0.045880 0.659740 0.037965
v -0.047066 0.659975 0.040762
v -0.048503 0.654798 0.038746
v -0.049945 0.655270 0.043382
v -0.039289 0.671812 0.039449
v -0.037221 0.676173 0.038963
v -0.039513 0.672675 0.038701
v -0.037954 0.671552 0.039339
v -0.034686 0.674210 0.039356
v -0.033326 0.679003 0.038394
v -0.034438 0.680273 0.038295
v -0.035347 0.680252 0.037642
v -0.038648 0.677469 0.037651
v -0.032972 0.667787 0.041650
v -0.030960 0.671987 0.041166
v -0.033211 0.668623 0.040902
v -0.031630 0.667539 0.041528
v -0.028370 0.670154 0.041528
v -0.027115 0.674659 0.040590
v -0.028218 0.675939 0.040494
v -0.029107 0.675930 0.039843
v -0.032378 0.673213 0.039872
vn -0.2089 -0.9774 -0.0309
vn -0.2090 -0.9774 -0.0309
vn -0.8088 0.4750 -0.3466
vn -0.7603 0.5482 -0.3484
vn -0.6975 0.5934 -0.4016
vn -0.6866 0.5676 -0.4543
vn -0.5075 0.1815 -0.8423
vn 0.1805 -0.2266 -0.9571
vn -0.7099 -0.2288 -0.6661
vn -0.2298 -0.6755 -0.7006
vn 0.3675 -0.9099 -0.1922
vn 0.1943 -0.7440 0.6393
vn 0.4624 -0.1922 0.8656
vn 0.7895 -0.5297 -0.3099
vn 0.6573 0.2957 0.6932
vn 0.9896 0.1164 -0.0847
vn 0.4568 0.5643 -0.6877
vn -0.2703 0.7407 -0.6151
vn -0.4239 0.8917 0.1587
vn -0.8243 0.4999 0.2659
vn -0.9982 -0.0577 0.0151
vn -0.6425 -0.4520 0.6188
vn 0.0887 0.7588 0.6453
vn -0.6425 -0.4520 0.6187
vn -0.2635 0.2626 0.9282
vn -0.9982 -0.0577 0.0150
vn 0.6573 0.2956 0.6932
vn 0.0888 0.7588 0.6452
vn -0.4239 0.8917 0.1586
vn -0.8242 0.4999 0.2659
vn -0.0308 -0.3063 0.9514
vn 0.3047 -0.1784 0.9356
vn 0.5027 -0.0473 0.8632
vn -0.8741 0.4845 0.0341
vn -0.7096 0.6228 0.3296
vn -0.6799 0.6694 0.2993
vn -0.7858 0.6173 -0.0370
vn -0.6242 0.7027 0.3413
vn -0.8053 0.5750 0.1443
vn -0.6348 0.5503 0.5423
vn -0.8353 0.3817 0.3957
vn -0.6920 0.2183 0.6881
vn -0.8550 0.2021 0.4776
vn -0.7341 -0.0817 0.6741
vn -0.3096 -0.0212 0.9506
vn -0.4354 -0.3036 0.8475
vn -0.3305 0.0121 0.9437
vn -0.4288 -0.2395 0.8711
vn -0.3908 0.0174 0.9203
vn -0.4354 -0.3037 0.8475
vn 0.1164 -0.0485 0.9920
vn 0.2881 0.2741 0.9175
vn -0.2650 0.3129 0.9121
vn -0.1923 0.2778 0.9412
vn -0.1699 0.3573 0.9184
vn 0.6910 0.1424 0.7087
vn 0.2761 0.3226 0.9053
vn -0.2165 0.4263 0.8783
vn -0.1287 0.4595 0.8788
vn -0.1639 0.5626 0.8103
vn -0.2946 0.6099 0.7357
vn -0.3518 0.6427 0.6805
vn -0.1263 0.8613 0.4922
vn -0.1080 0.7859 0.6089
vn 0.0222 0.9506 0.3096
vn 0.4863 0.5722 0.6604
vn 0.5479 0.6926 0.4692
vn 0.2569 0.8320 0.4918
vn 0.2156 0.6763 0.7044
vn -0.1048 0.9025 0.4178
vn -0.1731 0.7615 0.6246
vn -0.2757 0.5545 0.7852
vn -0.2245 0.4890 0.8429
vn -0.2165 0.4264 0.8783
vn 0.1884 0.3192 0.9288
vn 0.6237 0.1795 0.7608
vn 0.4560 0.3969 0.7966
vn -0.2696 0.5065 0.8190
vn 0.1543 0.4902 0.8578
vn 0.4888 0.2009 0.8490
vn -0.0936 0.9925 -0.0783
vn 0.2546 0.9472 -0.1950
vn 0.6182 0.7061 -0.3453
vn 0.5504 0.1651 -0.8184
vn 0.3252 0.5257 -0.7860
vn 0.7043 -0.2958 -0.6453
vn -0.4846 -0.8747 -0.0121
vn -0.3628 -0.3370 0.8688
vn -0.5202 0.3226 0.7907
vn -0.0966 -0.9951 0.0195
vn 0.2283 -0.7181 -0.6574
vn 0.4728 -0.7833 -0.4035
vn 0.5327 -0.1061 -0.8396
vn -0.0223 0.8308 -0.5561
vn 0.2206 0.9417 -0.2541
vn 0.1515 0.9729 0.1749
vn -0.4630 0.8586 0.2202
vn -0.6197 0.7818 0.0694
vn -0.8063 0.5901 0.0409
vn 0.2084 0.2104 -0.9551
vn 0.3642 0.6718 -0.6450
vn -0.0291 -0.5537 -0.8322
vn -0.9142 -0.4008 -0.0596
vn -0.5696 0.3051 0.7632
vn 0.0884 0.5025 0.8601
vn 0.5304 0.4864 0.6943
vn 0.5515 0.4430 0.7068
vn 0.5515 0.4429 0.7068
vn 0.5445 0.3925 0.7412
vn 0.6311 0.3801 0.6762
vn 0.6194 0.3400 0.7076
vn 0.7369 0.4067 0.5401
vn 0.8063 0.3158 0.5001
vn -0.8475 -0.5250 -0.0781
vn 0.1117 -0.5887 -0.8006
vn 0.4644 0.0611 -0.8835
vn 0.6860 0.3184 -0.6543
vn -0.6286 0.7211 0.2912
vn -0.0803 0.8751 0.4772
vn -0.4951 0.8049 0.3272
vn -0.0158 0.8006 0.5990
vn 0.8339 0.3881 0.3924
vn 0.7890 0.3038 0.5340
vn 0.8932 0.3161 0.3197
vn 0.6211 0.2852 0.7300
vn 0.5494 0.3221 0.7710
vn 0.5865 0.4000 0.7043
vn 0.0885 0.5025 0.8601
vn -0.6425 0.2590 0.7212
vn -0.3625 0.9117 -0.1936
vn -0.1848 0.9728 -0.1399
vn 0.1815 0.8048 -0.5650
vn -0.1580 0.3763 -0.9129
vn 0.5785 -0.0865 -0.8111
vn -0.5902 -0.1788 -0.7872
vn 0.1652 -0.5923 -0.7886
vn -0.9718 0.2249 0.0714
vn -0.7985 -0.5931 -0.1031
vn -0.6349 0.5503 0.5423
vn 0.1433 0.8289 0.5408
vn -0.0159 0.8006 0.5990
vn -0.0497 0.7850 0.6175
vn -0.6628 0.7151 0.2220
vn -0.7239 0.5694 -0.3895
vn -0.9095 0.3019 -0.2859
vn -0.7763 0.6059 0.1739
vn -0.5773 0.7290 0.3679
vn -0.3516 0.8597 0.3704
vn -0.2447 0.9398 0.2386
vn -0.4973 0.8533 0.1569
vn -0.6154 0.7736 0.1508
vn -0.4924 -0.1182 -0.8623
vn -0.3037 -0.6619 -0.6854
vn -0.5392 -0.5977 -0.5933
vn -0.0724 -0.7555 -0.6511
vn -0.1466 -0.1909 -0.9706
vn 0.1172 -0.7466 -0.6549
vn 0.1972 -0.1549 -0.9681
vn 0.2265 -0.6454 -0.7295
vn -0.1501 0.4679 -0.8709
vn -0.5194 0.4403 -0.7324
vn -0.5618 0.3325 -0.7575
vn -0.8198 0.4350 -0.3723
vn -0.1460 0.2648 -0.9532
vn 0.2034 0.4905 -0.8474
vn 0.3599 -0.0591 -0.9311
vn 0.4905 -0.5729 -0.6566
vn 0.2389 0.2265 -0.9443
vn 0.3630 0.4931 -0.7906
vn -0.9067 0.4176 0.0599
vn -0.7301 0.6411 0.2365
vn -0.6591 0.7457 -0.0973
vn -0.5144 0.6906 -0.5084
vn -0.1458 0.5675 -0.8104
vn 0.2600 0.4869 -0.8339
vn 0.4327 0.2848 -0.8554
vn 0.7160 0.5315 -0.4526
vn 0.7220 -0.0207 -0.6915
vn 0.9829 -0.0301 -0.1815
vn 0.7895 -0.5297 -0.3100
vn 0.8270 -0.5586 -0.0634
vn 0.9849 -0.0918 0.1468
vn 0.8422 0.5339 0.0754
vn 0.0034 0.9887 0.1499
vn -0.0713 0.9586 0.2758
vn 0.0131 0.9145 0.4044
vn 0.0240 0.8518 0.5234
vn 0.0831 0.8142 0.5746
vn -0.7301 0.5337 0.4267
vn 0.1860 0.8542 0.4855
vn -0.6745 0.5516 0.4906
vn -0.6631 0.4850 0.5701
vn 0.0517 0.9025 0.4276
vn -0.6786 0.2786 0.6796
vn -0.2973 0.7583 0.5801
vn -0.5926 0.1559 0.7903
vn -0.5524 0.2521 0.7946
vn 0.4571 0.8657 0.2042
vn 0.6009 0.7227 0.3415
vn 0.4499 0.7407 0.4989
vn 0.3880 0.7407 0.5485
vn 0.3457 0.7543 0.5582
vn 0.1827 0.7724 0.6083
vn 0.0977 0.9895 0.1065
vn 0.4762 0.5947 -0.6478
vn 0.9403 0.3337 0.0673
vn 0.8061 0.3746 -0.4582
vn 0.8152 0.5550 0.1654
vn 0.6907 0.6838 -0.2354
vn 0.0252 0.9836 0.1785
vn -0.0095 0.9626 0.2708
vn -0.0625 0.9377 0.3417
vn 0.7824 0.5112 0.3558
vn -0.3904 0.8038 0.4490
vn -0.2972 0.7584 0.5801
vn 0.9263 -0.1803 0.3309
vn 0.8726 -0.1438 0.4668
vn 0.8112 -0.0382 0.5836
vn 0.7821 0.0151 0.6230
vn 0.4652 -0.0301 0.8847
vn 0.7914 -0.6098 0.0420
vn 0.8228 -0.5402 0.1763
vn 0.8330 -0.4116 0.3698
vn 0.8411 -0.3311 0.4276
vn 0.5645 -0.4502 0.6919
vn -0.1045 -0.7668 0.6333
vn -0.7853 0.4653 -0.4083
vn -0.7839 -0.0987 -0.6129
vn -0.9603 -0.1895 -0.2050
vn -0.8570 0.4147 0.3058
vn -0.9620 -0.2721 0.0237
vn -0.8019 0.4586 0.3829
vn -0.9606 -0.2601 0.0983
vn -0.9378 -0.2593 0.2308
vn -0.7078 0.4435 0.5498
vn -0.5988 0.3836 0.7030
vn -0.7558 0.3543 0.5506
vn -0.8353 0.3816 0.3957
vn -0.8872 0.3576 0.2917
vn -0.8994 -0.2381 0.3667
vn -0.4714 0.4032 0.7843
vn -0.6837 -0.6417 -0.3476
vn -0.6564 -0.7263 -0.2042
vn -0.6472 -0.7437 -0.1675
vn -0.6758 -0.7237 -0.1396
vn -0.7376 -0.6681 -0.0979
vn -0.8531 -0.1036 0.5114
vn -0.7354 0.1047 0.6695
vn -0.6424 0.2590 0.7213
vn -0.9157 0.2380 0.3238
vn -0.8674 0.3161 0.3844
vn -0.5980 0.4385 0.6709
vn -0.9364 -0.0093 0.3509
vn -0.9287 -0.2441 0.2793
vn -0.8444 -0.5298 0.0796
vn 0.0658 0.5430 0.8371
vn -0.4163 0.1558 0.8958
vn -0.3251 0.2512 0.9117
vn -0.3250 0.2512 0.9117
vn -0.2892 0.3590 0.8874
vn -0.0939 0.4563 0.8848
vn -0.0521 0.4881 0.8712
vn -0.5411 0.4842 0.6876
vn -0.8551 0.2020 0.4776
vn -0.5150 0.3846 0.7661
vn -0.7935 0.1281 0.5950
vn -0.4633 0.1812 0.8675
vn -0.3880 -0.0185 0.9215
vn -0.7204 0.0640 0.6906
vn 0.0967 0.2480 0.9639
vn 0.0885 0.5025 0.8600
vn 0.0980 -0.0121 0.9951
vn -0.0105 0.2818 0.9594
vn 0.2652 0.4588 0.8481
vn 0.1822 0.4034 0.8967
vn 0.0246 0.3870 0.9217
vn 0.3509 0.4937 0.7957
vn -0.1915 0.4683 0.8626
vn -0.1399 0.2296 0.9632
vn 0.3800 0.5017 0.7771
vn 0.3681 0.2648 0.8913
vn -0.0189 0.6957 0.7181
vn 0.3173 0.5050 0.8027
vn 0.6396 0.4656 0.6116
vn 0.7274 0.4493 0.5186
vn 0.7569 0.4114 0.5078
vn 0.6983 0.2856 0.6564
vn 0.3383 0.0403 0.9402
vn -0.0832 -0.0299 0.9961
vn 0.0056 0.0605 0.9982
vn 0.8454 -0.2526 -0.4706
vn 0.7663 -0.6339 -0.1048
vn 0.0154 -0.4785 -0.8780
vn 0.6986 0.3733 -0.6104
vn -0.1739 0.3237 -0.9300
vn -0.7987 -0.3176 -0.5110
vn -0.7015 -0.7029 -0.1176
vn 0.0497 -0.9545 -0.2940
vn 0.7344 -0.2771 0.6195
vn 0.7677 0.3010 0.5657
vn 0.6169 0.7704 0.1610
vn -0.2599 0.9257 0.2748
vn -0.7717 0.2709 -0.5754
vn -0.8062 0.5854 0.0862
vn -0.7383 -0.3902 0.5501
vn -0.0492 -0.3428 0.9381
vn 0.7409 -0.4338 0.5128
vn 0.7672 -0.3674 0.5258
vn 0.7409 -0.4338 0.5127
vn 0.7817 -0.4009 0.4777
vn 0.8411 -0.2980 0.4514
vn 0.5539 0.8088 0.1976
vn 0.5540 0.8088 0.1975
vn 0.5540 0.8087 0.1976
vn 0.2333 -0.2030 -0.9510
vn 0.2333 -0.2029 -0.9510
vn 0.2336 -0.2032 -0.9509
vn 0.2434 -0.2420 -0.9393
vn 0.2434 -0.2419 -0.9393
vn -0.9937 -0.1109 -0.0132
vn -0.9937 -0.1109 -0.0133
vn -0.9883 -0.1519 0.0143
vn -0.9883 -0.1520 0.0143
vn -0.9813 -0.1924 0.0087
vn -0.9813 -0.1924 0.0086
vn 0.0596 -0.4891 -0.8702
vn 0.0701 -0.5548 -0.8290
vn 0.1118 -0.5887 -0.8006
vn -0.1915 0.4684 0.8625
vn -0.1981 0.3972 0.8961
vn -0.1922 0.2778 0.9412
vn -0.0167 0.9170 -0.3985
vn 0.2083 -0.8707 0.4455
vn 0.9363 0.3414 -0.0827
vn 0.9059 0.4071 -0.1165
vn 0.9721 0.2317 -0.0353
vn 0.9722 0.2317 -0.0353
vn -0.0167 0.9170 -0.3986
vn 0.0616 -0.4454 -0.8932
vn 0.1055 -0.5520 -0.8271
vn 0.0701 -0.5549 -0.8290
vn 0.8923 0.4277 -0.1449
vn 0.8923 0.4277 -0.1447
vn 0.9817 0.1894 -0.0222
vn -0.0957 0.6377 0.7643
vn -0.0806 0.5513 0.8304
vn -0.0807 0.5513 0.8304
vn -0.0954 0.6378 0.7643
vn -0.1080 0.7858 0.6089
vn -0.9694 -0.2360 0.0670
vn -0.9694 -0.2360 0.0671
vn -0.8062 0.5853 0.0861
vn -0.2171 0.9327 0.2880
vn -0.7718 0.2709 -0.5753
vn -0.7987 -0.3177 -0.5110
vn 0.0155 -0.4785 -0.8780
vn -0.7016 -0.7029 -0.1176
vn 0.0496 -0.9545 -0.2940
vn 0.7576 -0.2484 0.6036
vn -0.1740 0.3237 -0.9300
vn -0.8551 0.2021 0.4776
vn -0.7665 -0.3731 0.5227
vn -0.0493 -0.3428 0.9381
vn 0.9060 0.4071 -0.1164
vn 0.9817 0.1894 -0.0223
vn -0.0168 0.9170 -0.3986
vn -0.0165 0.9170 -0.3984
vn -0.1264 0.8613 0.4922
vn -0.2984 -0.9455 0.1301
vn 0.3504 0.9201 -0.1749
vn 0.3504 0.9201 -0.1750
vn 0.4748 -0.8800 -0.0100
vn -0.1080 -0.8739 -0.4740
vn 0.1992 -0.3246 -0.9246
vn 0.8169 -0.4987 -0.2897
vn 0.9298 0.1898 -0.3154
vn 0.3031 0.4857 -0.8199
vn -0.3800 0.6033 -0.7011
vn 0.4962 -0.1083 0.8614
vn 0.6988 0.5200 0.4912
vn -0.0719 0.9131 0.4013
vn -0.5499 0.8351 -0.0144
vn -0.5728 0.0675 -0.8169
vn -0.7505 -0.4230 -0.5077
vn -0.9667 -0.1595 0.2001
vn -0.4947 -0.4212 0.7602
vn 0.2810 -0.6242 0.7290
vn -0.8511 0.4688 0.2362
vn -0.1632 0.6999 0.6954
vn -0.0748 0.5145 0.8542
vn -0.1101 0.5933 0.7974
vn -0.1596 0.8257 0.5410
vn -0.0492 -0.3429 0.9381
vn -0.7666 -0.3731 0.5226
vn 0.7575 -0.2485 0.6036
vn 0.6168 0.7705 0.1610
vn -0.2170 0.9327 0.2879
vn -0.8062 0.5854 0.0861
vn -0.8551 0.2021 0.4775
vn -0.9769 -0.2097 0.0419
vn -0.9769 -0.2097 0.0421
vn -0.7915 0.2328 -0.5650
vn 0.0154 -0.4784 -0.8780
vn 0.7677 0.3011 0.5657
vn 0.8264 -0.2599 -0.4995
vn 0.6169 0.7704 0.1609
vn 0.2749 -0.8996 0.3394
vn 0.2750 -0.8996 0.3394
vn 0.2750 -0.8995 0.3394
vn 0.1764 -0.8942 0.4115
vn -0.1366 0.7551 0.6413
vn -0.9960 -0.0826 -0.0342
vn -0.9971 -0.0465 -0.0600
vn -0.9921 -0.1082 -0.0627
vn -0.9922 -0.1082 -0.0627
vn -0.9861 -0.1613 -0.0407
vn -0.9861 -0.1613 -0.0404
vn 0.0155 -0.4784 -0.8780
vn 0.2082 -0.8707 0.4455
vn -0.2142 -0.9717 0.0994
vn -0.2141 -0.9717 0.0996
vn -0.2142 -0.9717 0.0995
vn -0.3406 -0.9354 0.0952
vn 0.9327 -0.1982 0.3014
vn 0.9526 -0.1108 0.2832
vn 0.9526 -0.1109 0.2832
vn 0.8987 -0.2936 0.3257
vn 0.4092 0.8992 -0.1548
vn 0.4093 0.8992 -0.1546
vn 0.4094 0.8992 -0.1544
vn 0.7896 -0.5297 -0.3099
vn 0.4298 -0.9029 -0.0095
vn -0.1438 -0.8636 -0.4832
vn -0.7505 -0.4231 -0.5077
vn -0.5495 0.0953 -0.8300
vn -0.4946 -0.4213 0.7602
vn 0.2385 -0.6383 0.7319
vn 0.4963 -0.1082 0.8614
vn 0.7003 0.4920 0.5172
vn -0.0298 0.9115 0.4102
vn -0.4872 0.8732 -0.0112
vn -0.3212 0.6381 -0.6998
vn -0.2335 0.3825 0.8939
vn -0.2336 0.3825 0.8939
vn -0.1100 0.5933 0.7975
vn -0.7016 -0.7028 -0.1176
vn 0.0127 -0.9545 -0.2979
vn -0.8741 0.1930 0.4457
vn -0.7666 -0.3731 0.5227
vn -0.4351 -0.9003 0.0110
vn -0.4352 -0.9003 0.0110
vn 0.9111 -0.2254 0.3452
vn 0.8864 -0.2813 0.3677
vn 0.5570 0.8279 0.0665
vn 0.5570 0.8279 0.0666
vn 0.2414 -0.3186 -0.9166
vn 0.2415 -0.3186 -0.9166
vn 0.6864 0.3534 0.6356
vn 0.4078 0.5398 -0.7364
vn -0.2738 0.7027 -0.6567
vn -0.4259 0.9009 0.0841
vn -0.7486 -0.3047 -0.5888
vn -0.2268 -0.7804 -0.5827
vn 0.3816 -0.9218 -0.0683
vn 0.1956 -0.6632 0.7224
vn 0.4717 -0.1466 0.8695
vn 0.9770 0.1366 -0.1635
vn -0.9862 -0.1092 0.1246
vn -0.5530 -0.4145 0.7228
vn 0.7576 -0.2485 0.6036
vn 0.7677 0.3010 0.5656
vn -0.2171 0.9327 0.2879
vn -0.8742 0.1930 0.4456
vn -0.4352 -0.9003 0.0111
vn 0.8881 -0.3336 0.3163
vn 0.6168 0.7704 0.1610
vn 0.2338 -0.2868 -0.9290
vn 0.2338 -0.2867 -0.9290
vn 0.2414 -0.3185 -0.9167
vn 0.1302 0.7544 0.6434
vn 0.4853 0.5325 -0.6935
vn -0.2702 0.7407 -0.6151
vn -0.2565 -0.6879 -0.6790
vn 0.3452 -0.9257 -0.1544
vn 0.1741 -0.7266 0.6646
vn 0.9937 0.0800 -0.0786
vn -0.8248 0.5613 0.0684
vn -0.2600 0.9257 0.2748
vn -0.7916 0.2328 -0.5650
vn 0.7919 -0.6035 -0.0927
vn -0.8742 0.1929 0.4457
vn 0.9372 -0.1469 0.3163
vn 0.9373 -0.1468 0.3162
vn 0.8601 -0.3169 0.3997
vn 0.8601 -0.3169 0.3998
vn 0.8412 -0.3311 0.4275
vn 0.8411 -0.3312 0.4276
vn 0.6095 0.7640 0.2118
vn 0.6094 0.7640 0.2119
vn -0.9960 -0.0052 -0.0887
vn -0.9910 -0.0261 -0.1312
vn -0.9855 -0.0882 -0.1447
vn 0.0862 -0.6199 -0.7800
vn 0.0862 -0.6199 -0.7799
vn -0.2600 0.9257 0.2749
vn 0.7919 -0.6035 -0.0928
vn -0.0492 -0.3427 0.9381
vn 0.0887 0.7588 0.6452
vn 0.4567 0.5643 -0.6877
vn 0.1943 -0.7439 0.6394
vn 0.9896 0.1163 -0.0847
vn 0.9372 -0.1468 0.3163
vn 0.8987 -0.2936 0.3258
vn 0.9220 0.3685 -0.1193
vn 0.8922 0.4277 -0.1449
vn 0.8923 0.4277 -0.1448
vn 0.9643 0.2564 -0.0668
vn 0.9577 0.2870 -0.0218
vn 0.9295 0.3672 -0.0344
vn 0.9295 0.3672 -0.0346
vn 0.9881 0.1534 -0.0066
vn 0.9881 0.1534 -0.0065
vn 0.9630 0.2680 0.0290
vn 0.9435 0.3313 -0.0002
vn 0.9435 0.3313 -0.0003
vn 0.9851 0.1669 0.0427
vn 0.9851 0.1669 0.0426
vn 0.9911 0.1301 0.0272
vn -0.1650 0.5218 0.8370
vn -0.0493 -0.3429 0.9381
vn -0.1287 0.4596 0.8788
vn -0.7383 -0.3902 0.5502
vn 0.7344 -0.2772 0.6196
vn -0.0954 0.6377 0.7643
vn -0.8243 0.4999 0.2658
vn 0.0832 0.8142 0.5746
vn 0.6864 0.3535 0.6356
vn 0.4717 -0.1467 0.8695
vn 0.1955 -0.6632 0.7224
vn -0.5530 -0.4146 0.7227
vn -0.0142 0.4650 0.8852
vn 0.2207 0.9417 -0.2541
vn -0.1448 0.9849 0.0949
vn -0.3874 0.9190 0.0731
vn 0.5650 0.7574 -0.3274
vn -0.1303 0.5022 0.8549
vn -0.2119 0.3580 0.9094
vn 0.6168 0.7705 0.1609
vn -0.2600 0.9257 0.2747
vn -0.4947 -0.4213 0.7601
vn -0.2893 0.3590 0.8874
vn -0.9667 -0.1596 0.2001
vn 0.2809 -0.6242 0.7290
vn 0.4962 -0.1084 0.8614
vn -0.0718 0.9131 0.4013
vn -0.8512 0.4688 0.2362
vn -0.8633 0.3724 -0.3406
vn -0.8418 0.4080 -0.3535
vn -0.8418 0.4081 -0.3535
vn -0.8336 0.4430 -0.3299
vn -0.8336 0.4430 -0.3300
vn 0.2417 -0.3521 -0.9042
vn -0.0297 0.9115 0.4101
vn -0.4871 0.8733 -0.0112
vn -0.8617 0.3459 -0.3713
vn -0.8572 0.4050 -0.3180
vn -0.8617 0.3459 -0.3712
vn -0.7852 0.5201 -0.3360
vn -0.2241 0.2907 0.9302
vn -0.8633 0.3724 -0.3405
vn -0.8418 0.4081 -0.3534
vn -0.2023 0.3194 0.9258
vn -0.1915 0.4684 0.8626
vn -0.1639 0.5627 0.8103
vn -0.8130 0.3978 -0.4252
vn -0.8198 0.4350 -0.3724
vn -0.8199 0.4350 -0.3723
vn -0.6425 -0.4521 0.6187
vn -0.2635 0.2625 0.9283
vn 0.4625 -0.1922 0.8656
vn -0.9982 -0.0578 0.0151
vn 0.4625 -0.1922 0.8655
vn 0.1303 0.7544 0.6434
vt 0.942205 0.011380
vt 0.857354 0.012959
vt 0.892556 0.015737
vt 0.918483 0.017336
vt 0.886937 0.067373
vt 0.891569 0.065882
vt 0.886051 0.045936
vt 0.873180 0.045359
vt 0.889594 0.024910
vt 0.864244 0.024163
vt 0.874999 0.078934
vt 0.889350 0.079230
vt 0.883903 0.074274
vt 0.890478 0.074093
vt 0.898838 0.074945
vt 0.902396 0.070740
vt 0.924911 0.080258
vt 0.909696 0.079727
vt 0.906401 0.088762
vt 0.903427 0.084417
vt 0.894398 0.084404
vt 0.886974 0.083860
vt 0.881014 0.087659
vt 0.861420 0.078092
vt 0.881865 0.070158
vt 0.890222 0.069376
vt 0.891575 0.089231
vt 0.921314 0.064151
vt 0.920582 0.068917
vt 0.917074 0.064518
vt 0.926768 0.064964
vt 0.934911 0.069501
vt 0.929720 0.073831
vt 0.922901 0.073883
vt 0.917859 0.073105
vt 0.909625 0.068575
vt 0.161449 0.096914
vt 0.101435 0.096914
vt 0.101435 0.108516
vt 0.898565 0.235294
vt 0.838551 0.235294
vt 0.838551 0.239101
vt 0.898565 0.176471
vt 0.838551 0.176471
vt 0.898565 0.141740
vt 0.838551 0.141740
vt 0.898565 0.108516
vt 0.838551 0.108516
vt 0.898565 0.096914
vt 0.838551 0.096914
vt 0.681723 0.108516
vt 0.681723 0.096914
vt 0.477846 0.108516
vt 0.477846 0.096914
vt 0.298476 0.108516
vt 0.298476 0.096914
vt 0.161449 0.108516
vt 0.161449 0.141740
vt 0.298476 0.141740
vt 0.477846 0.141740
vt 0.681723 0.141740
vt 0.101435 0.141740
vt 0.161449 0.176471
vt 0.298476 0.176471
vt 0.477846 0.176471
vt 0.681723 0.176471
vt 0.681723 0.235294
vt 0.681723 0.239101
vt 0.681723 0.242356
vt 0.477846 0.242356
vt 0.477846 0.246142
vt 0.101435 0.242356
vt 0.101435 0.246142
vt 0.161449 0.246142
vt 0.161449 0.242356
vt 0.298476 0.246142
vt 0.298476 0.242356
vt 0.477846 0.239101
vt 0.477846 0.235294
vt 0.298476 0.235294
vt 0.161449 0.235294
vt 0.101435 0.176471
vt 0.101435 0.239101
vt 0.298476 0.239101
vt 0.161449 0.239101
vt 0.101435 0.235294
vt 0.298476 0.250344
vt 0.161449 0.250344
vt 0.101435 0.250344
vt 0.101435 0.258213
vt 0.161449 0.258213
vt 0.101435 0.265881
vt 0.161449 0.294118
vt 0.161449 0.309746
vt 0.298476 0.309746
vt 0.101435 0.294118
vt 0.161449 0.279694
vt 0.101435 0.279694
vt 0.161449 0.265881
vt 0.298476 0.258213
vt 0.477846 0.250344
vt 0.681723 0.246142
vt 0.838551 0.242356
vt 0.898565 0.242356
vt 0.898565 0.239101
vt 0.298476 0.265881
vt 0.477846 0.258213
vt 0.298476 0.279694
vt 0.298476 0.294118
vt 0.477846 0.309746
vt 0.298476 0.324744
vt 0.477846 0.324744
vt 0.298476 0.339456
vt 0.477846 0.339456
vt 0.298476 0.352941
vt 0.477846 0.352941
vt 0.298476 0.367201
vt 0.477846 0.367201
vt 0.298476 0.383752
vt 0.477846 0.383752
vt 0.477846 0.294118
vt 0.477846 0.279694
vt 0.477846 0.265881
vt 0.681723 0.258213
vt 0.898565 0.396628
vt 0.838551 0.396628
vt 0.898565 0.411765
vt 0.838551 0.383752
vt 0.681723 0.396628
vt 0.681723 0.383752
vt 0.477846 0.396628
vt 0.681723 0.367201
vt 0.681723 0.352941
vt 0.681723 0.339456
vt 0.681723 0.324744
vt 0.681723 0.309746
vt 0.898565 0.258213
vt 0.898565 0.250344
vt 0.838551 0.258213
vt 0.838551 0.265881
vt 0.681723 0.265881
vt 0.838551 0.279694
vt 0.681723 0.279694
vt 0.838551 0.294118
vt 0.681723 0.294118
vt 0.838551 0.309746
vt 0.838551 0.324744
vt 0.838551 0.339456
vt 0.838551 0.352941
vt 0.838551 0.367201
vt 0.898565 0.383752
vt 0.898565 0.265881
vt 0.898565 0.279694
vt 0.898565 0.294118
vt 0.898565 0.309746
vt 0.898565 0.324744
vt 0.898565 0.339456
vt 0.898565 0.352941
vt 0.898565 0.367201
vt 0.161449 0.486746
vt 0.101435 0.486746
vt 0.101435 0.502119
vt 0.101435 0.470588
vt 0.161449 0.470588
vt 0.101435 0.456607
vt 0.161449 0.456607
vt 0.101435 0.441483
vt 0.298476 0.470588
vt 0.298476 0.486746
vt 0.477846 0.486746
vt 0.477846 0.502119
vt 0.477846 0.470588
vt 0.298476 0.456607
vt 0.161449 0.441483
vt 0.101435 0.426422
vt 0.477846 0.456607
vt 0.298476 0.441483
vt 0.477846 0.517029
vt 0.681723 0.517029
vt 0.681723 0.502119
vt 0.681723 0.486746
vt 0.681723 0.470588
vt 0.681723 0.456607
vt 0.477846 0.441483
vt 0.298476 0.426422
vt 0.161449 0.426422
vt 0.161449 0.411765
vt 0.101435 0.411765
vt 0.101435 0.396628
vt 0.161449 0.396628
vt 0.298476 0.411765
vt 0.838551 0.470588
vt 0.838551 0.486746
vt 0.838551 0.502119
vt 0.838551 0.517029
vt 0.838551 0.529412
vt 0.681723 0.529412
vt 0.838551 0.544040
vt 0.681723 0.544040
vt 0.681723 0.561667
vt 0.838551 0.561667
vt 0.681723 0.585809
vt 0.838551 0.585809
vt 0.681723 0.612410
vt 0.477846 0.585809
vt 0.477846 0.612410
vt 0.898565 0.585809
vt 0.898565 0.561667
vt 0.898565 0.544040
vt 0.898565 0.529412
vt 0.898565 0.517029
vt 0.898565 0.502119
vt 0.898565 0.486746
vt 0.898565 0.470588
vt 0.838551 0.456607
vt 0.681723 0.441483
vt 0.477846 0.411765
vt 0.477846 0.426422
vt 0.681723 0.411765
vt 0.681723 0.426422
vt 0.838551 0.441483
vt 0.838551 0.426422
vt 0.838551 0.411765
vt 0.298476 0.396628
vt 0.898565 0.426422
vt 0.898565 0.441483
vt 0.898565 0.456607
vt 0.161449 0.383752
vt 0.161449 0.367201
vt 0.161449 0.352941
vt 0.161449 0.339456
vt 0.161449 0.324744
vt 0.101435 0.383752
vt 0.101435 0.367201
vt 0.101435 0.352941
vt 0.101435 0.339456
vt 0.101435 0.324744
vt 0.101435 0.309746
vt 0.298476 0.502119
vt 0.161449 0.502119
vt 0.298476 0.517029
vt 0.161449 0.517029
vt 0.298476 0.529412
vt 0.161449 0.529412
vt 0.298476 0.544040
vt 0.161449 0.544040
vt 0.161449 0.561667
vt 0.298476 0.561667
vt 0.298476 0.585809
vt 0.477846 0.561667
vt 0.477846 0.544040
vt 0.477846 0.529412
vt 0.161449 0.585809
vt 0.298476 0.612410
vt 0.101435 0.517029
vt 0.101435 0.529412
vt 0.101435 0.544040
vt 0.101435 0.561667
vt 0.101435 0.585809
vt 0.161449 0.612410
vt 0.161449 0.671164
vt 0.298476 0.671164
vt 0.161449 0.741278
vt 0.101435 0.782366
vt 0.101435 0.823529
vt 0.161449 0.782366
vt 0.101435 0.741278
vt 0.101435 0.671164
vt 0.101435 0.612410
vt 0.298476 0.782366
vt 0.681723 0.671164
vt 0.477846 0.671164
vt 0.681723 0.741278
vt 0.477846 0.741278
vt 0.681723 0.782366
vt 0.477846 0.782366
vt 0.477846 0.823529
vt 0.298476 0.823529
vt 0.161449 0.823529
vt 0.101435 0.882353
vt 0.161449 0.882353
vt 0.101435 0.905384
vt 0.161449 0.905384
vt 0.161449 0.923332
vt 0.101435 0.923332
vt 0.298476 0.905384
vt 0.298476 0.882353
vt 0.298476 0.923332
vt 0.477846 0.905384
vt 0.477846 0.882353
vt 0.681723 0.823529
vt 0.838551 0.782366
vt 0.838551 0.741278
vt 0.838551 0.671164
vt 0.838551 0.612410
vt 0.838551 0.823529
vt 0.681723 0.882353
vt 0.681723 0.905384
vt 0.838551 0.882353
vt 0.838551 0.905384
vt 0.898565 0.612410
vt 0.898565 0.671164
vt 0.898565 0.741278
vt 0.898565 0.782366
vt 0.898565 0.823529
vt 0.898565 0.882353
vt 0.898565 0.905384
vt 0.838551 0.923332
vt 0.681723 0.923332
vt 0.477846 0.923332
vt 0.898565 0.923332
vt 0.744266 0.937776
vt 0.755124 0.941562
vt 0.764612 0.938169
vt 0.750534 0.934062
vt 0.759564 0.934072
vt 0.778963 0.938404
vt 0.770058 0.942094
vt 0.763484 0.942237
vt 0.751566 0.944892
vt 0.729051 0.937355
vt 0.747560 0.930621
vt 0.762386 0.930250
vt 0.766988 0.934503
vt 0.772948 0.931495
vt 0.792542 0.939071
vt 0.772097 0.945353
vt 0.763740 0.945972
vt 0.941208 0.027551
vt 0.914558 0.025686
vt 0.913367 0.047389
vt 0.900409 0.046698
vt 0.902313 0.067899
vt 0.897471 0.065730
vt 0.767025 0.947558
vt 0.762392 0.948739
vt 0.767911 0.964534
vt 0.780782 0.964990
vt 0.764367 0.981184
vt 0.789718 0.981775
vt 0.761405 0.988448
vt 0.796607 0.990647
vt 0.756491 0.948859
vt 0.753553 0.963930
vt 0.739403 0.980569
vt 0.735479 0.987181
vt 0.832468 0.008325
vt 0.838980 0.022123
vt 0.859077 0.044888
vt 0.877162 0.067719
vt 0.751648 0.947142
vt 0.711757 0.991897
vt 0.712754 0.979092
vt 0.740594 0.963383
vt 0.643254 0.947558
vt 0.627878 0.947142
vt 0.632720 0.948859
vt 0.638622 0.948739
vt 0.644140 0.964534
vt 0.629782 0.963930
vt 0.615633 0.980569
vt 0.640597 0.981184
vt 0.637635 0.988448
vt 0.611708 0.987181
vt 0.467310 0.991897
vt 0.552161 0.990647
vt 0.516959 0.988448
vt 0.491032 0.987181
vt 0.468307 0.979092
vt 0.494957 0.980569
vt 0.496148 0.963383
vt 0.509106 0.963930
vt 0.507201 0.947142
vt 0.512044 0.948859
vt 0.522578 0.947558
vt 0.517946 0.948739
vt 0.523464 0.964534
vt 0.519921 0.981184
vt 0.389620 0.947142
vt 0.394462 0.948859
vt 0.400364 0.948739
vt 0.404996 0.947558
vt 0.432857 0.965364
vt 0.414771 0.947285
vt 0.418754 0.964990
vt 0.452953 0.983391
vt 0.427690 0.981775
vt 0.434579 0.990647
vt 0.459465 0.994317
vt 0.657012 0.964990
vt 0.665948 0.981775
vt 0.672837 0.990647
vt 0.649177 0.931495
vt 0.638616 0.930250
vt 0.643217 0.934503
vt 0.655192 0.938404
vt 0.640841 0.938169
vt 0.646288 0.942094
vt 0.639714 0.942237
vt 0.631353 0.941562
vt 0.627796 0.944892
vt 0.605280 0.937355
vt 0.620495 0.937776
vt 0.623790 0.930621
vt 0.626764 0.934062
vt 0.635793 0.934072
vt 0.668771 0.939071
vt 0.648326 0.945353
vt 0.639969 0.945972
vt 0.213580 0.991897
vt 0.298431 0.990647
vt 0.263229 0.988448
vt 0.237303 0.987181
vt 0.214578 0.979092
vt 0.241227 0.980569
vt 0.242418 0.963383
vt 0.255377 0.963930
vt 0.253472 0.947142
vt 0.258315 0.948859
vt 0.268848 0.947558
vt 0.264216 0.948739
vt 0.135795 0.947558
vt 0.120419 0.947142
vt 0.125261 0.948859
vt 0.131163 0.948739
vt 0.163656 0.965364
vt 0.145570 0.947285
vt 0.149553 0.964990
vt 0.183753 0.983391
vt 0.158489 0.981775
vt 0.190264 0.994317
vt 0.165378 0.990647
vt 0.226125 0.012959
vt 0.261327 0.015737
vt 0.287254 0.017336
vt 0.310976 0.011380
vt 0.255708 0.067373
vt 0.271084 0.067899
vt 0.266242 0.065730
vt 0.260340 0.065882
vt 0.267608 0.074945
vt 0.259248 0.074093
vt 0.258121 0.079230
vt 0.278467 0.079727
vt 0.272198 0.084417
vt 0.263169 0.084404
vt 0.255745 0.083860
vt 0.293682 0.080258
vt 0.275172 0.088762
vt 0.260346 0.089231
vt 0.249784 0.087659
vt 0.243770 0.078934
vt 0.252674 0.074274
vt 0.250636 0.070158
vt 0.258992 0.069376
vt 0.271166 0.070740
vt 0.230191 0.078092
vt 0.697723 0.994317
vt 0.691212 0.983391
vt 0.671115 0.965364
vt 0.653029 0.947285
vt 0.794885 0.965364
vt 0.776800 0.947285
vt 0.814982 0.983391
vt 0.821493 0.994317
vt 0.608877 0.950110
vt 0.609610 0.946336
vt 0.613117 0.949819
vt 0.603423 0.949466
vt 0.595281 0.945873
vt 0.600471 0.942445
vt 0.607290 0.942403
vt 0.612332 0.943020
vt 0.620567 0.946606
vt 0.536335 0.964990
vt 0.545272 0.981775
vt 0.528501 0.931495
vt 0.517940 0.930250
vt 0.522541 0.934503
vt 0.534516 0.938404
vt 0.520165 0.938169
vt 0.525612 0.942094
vt 0.519037 0.942237
vt 0.510677 0.941562
vt 0.507119 0.944892
vt 0.484604 0.937355
vt 0.499819 0.937776
vt 0.503114 0.930621
vt 0.506088 0.934062
vt 0.515117 0.934072
vt 0.548095 0.939071
vt 0.527650 0.945353
vt 0.519293 0.945972
vt 0.587986 0.991897
vt 0.349728 0.991897
vt 0.399377 0.988448
vt 0.373450 0.987181
vt 0.296709 0.965364
vt 0.278624 0.947285
vt 0.282606 0.964990
vt 0.316806 0.983391
vt 0.291542 0.981775
vt 0.323317 0.994317
vt 0.405882 0.964534
vt 0.402339 0.981184
vt 0.391524 0.963930
vt 0.377375 0.980569
vt 0.080527 0.991897
vt 0.130176 0.988448
vt 0.104250 0.987181
vt 0.724301 0.012959
vt 0.759503 0.015737
vt 0.785430 0.017336
vt 0.809152 0.011380
vt 0.349896 0.012959
vt 0.385097 0.015737
vt 0.411024 0.017336
vt 0.434746 0.011380
vt 0.433749 0.027551
vt 0.407100 0.025686
vt 0.405908 0.047389
vt 0.392950 0.046698
vt 0.394855 0.067899
vt 0.390012 0.065730
vt 0.379478 0.067373
vt 0.384111 0.065882
vt 0.386939 0.084404
vt 0.395969 0.084417
vt 0.381891 0.079230
vt 0.402237 0.079727
vt 0.391379 0.074945
vt 0.383019 0.074093
vt 0.376445 0.074274
vt 0.367540 0.078934
vt 0.353961 0.078092
vt 0.374406 0.070158
vt 0.382763 0.069376
vt 0.394937 0.070740
vt 0.417452 0.080258
vt 0.398943 0.088762
vt 0.384116 0.089231
vt 0.373555 0.087658
vt 0.379515 0.083860
vt 0.351618 0.044888
vt 0.369703 0.067719
vt 0.365721 0.045359
vt 0.331521 0.022123
vt 0.356785 0.024163
vt 0.325010 0.008325
vt 0.410919 0.931495
vt 0.400358 0.930250
vt 0.404959 0.934503
vt 0.416934 0.938404
vt 0.402583 0.938169
vt 0.408030 0.942094
vt 0.401455 0.942237
vt 0.393095 0.941562
vt 0.389537 0.944892
vt 0.367022 0.937355
vt 0.382237 0.937776
vt 0.385532 0.930621
vt 0.388506 0.934062
vt 0.397535 0.934072
vt 0.430513 0.939071
vt 0.410068 0.945353
vt 0.401711 0.945972
vt 0.470572 0.012959
vt 0.505774 0.015737
vt 0.531700 0.017336
vt 0.555422 0.011380
vt 0.554425 0.027551
vt 0.527776 0.025686
vt 0.526585 0.047389
vt 0.513626 0.046698
vt 0.515531 0.067899
vt 0.510688 0.065730
vt 0.504787 0.065882
vt 0.500155 0.067373
vt 0.499268 0.045936
vt 0.502812 0.024909
vt 0.504793 0.089231
vt 0.519619 0.088762
vt 0.507615 0.084404
vt 0.500192 0.083860
vt 0.494231 0.087659
vt 0.488216 0.078934
vt 0.502567 0.079230
vt 0.497121 0.074274
vt 0.503695 0.074093
vt 0.512055 0.074945
vt 0.515613 0.070740
vt 0.538128 0.080258
vt 0.522913 0.079727
vt 0.516645 0.084417
vt 0.474637 0.078092
vt 0.495082 0.070158
vt 0.503439 0.069376
vt 0.370619 0.950110
vt 0.371352 0.946336
vt 0.374859 0.949819
vt 0.365165 0.949466
vt 0.357022 0.945873
vt 0.362213 0.942445
vt 0.369032 0.942403
vt 0.374074 0.943020
vt 0.382309 0.946606
vt 0.269735 0.964534
vt 0.266191 0.981184
vt 0.588154 0.012959
vt 0.623356 0.015737
vt 0.649282 0.017336
vt 0.673004 0.011380
vt 0.672007 0.027551
vt 0.645358 0.025686
vt 0.644167 0.047389
vt 0.631208 0.046698
vt 0.633113 0.067899
vt 0.628270 0.065730
vt 0.622369 0.065882
vt 0.617736 0.067373
vt 0.616850 0.045936
vt 0.620394 0.024909
vt 0.622375 0.089231
vt 0.637201 0.088762
vt 0.625197 0.084404
vt 0.617773 0.083860
vt 0.611813 0.087658
vt 0.605798 0.078934
vt 0.620149 0.079230
vt 0.614703 0.074274
vt 0.621277 0.074093
vt 0.629637 0.074945
vt 0.633195 0.070740
vt 0.655710 0.080258
vt 0.640495 0.079727
vt 0.634227 0.084417
vt 0.592219 0.078092
vt 0.612664 0.070158
vt 0.621021 0.069376
vt 0.274772 0.931495
vt 0.264210 0.930250
vt 0.268811 0.934503
vt 0.280787 0.938404
vt 0.266436 0.938169
vt 0.271882 0.942094
vt 0.265308 0.942237
vt 0.256948 0.941562
vt 0.253390 0.944892
vt 0.230875 0.937355
vt 0.246090 0.937776
vt 0.249384 0.930621
vt 0.252358 0.934062
vt 0.261388 0.934072
vt 0.294366 0.939071
vt 0.273921 0.945353
vt 0.265564 0.945972
vt 0.808154 0.027551
vt 0.781505 0.025686
vt 0.780314 0.047389
vt 0.767356 0.046698
vt 0.769260 0.067899
vt 0.764418 0.065730
vt 0.758516 0.065882
vt 0.753884 0.067373
vt 0.752998 0.045936
vt 0.756541 0.024910
vt 0.136681 0.964534
vt 0.133138 0.981184
vt 0.122323 0.963930
vt 0.108174 0.980569
vt 0.141719 0.931495
vt 0.131157 0.930250
vt 0.135758 0.934503
vt 0.147734 0.938404
vt 0.133382 0.938169
vt 0.138829 0.942094
vt 0.132255 0.942237
vt 0.123895 0.941562
vt 0.120337 0.944892
vt 0.097821 0.937355
vt 0.113036 0.937776
vt 0.116331 0.930621
vt 0.119305 0.934062
vt 0.128335 0.934072
vt 0.161312 0.939071
vt 0.140867 0.945353
vt 0.132511 0.945972
vt 0.758522 0.089231
vt 0.773348 0.088762
vt 0.761345 0.084404
vt 0.753921 0.083860
vt 0.747961 0.087659
vt 0.741946 0.078934
vt 0.756297 0.079230
vt 0.750850 0.074274
vt 0.757425 0.074093
vt 0.765785 0.074945
vt 0.769342 0.070740
vt 0.791858 0.080258
vt 0.776643 0.079727
vt 0.770374 0.084417
vt 0.728367 0.078092
vt 0.748812 0.070158
vt 0.757168 0.069376
vt 0.309978 0.027551
vt 0.283329 0.025686
vt 0.282138 0.047389
vt 0.269180 0.046698
vt 0.588984 0.979092
vt 0.616824 0.963383
vt 0.350725 0.979092
vt 0.378566 0.963383
vt 0.081525 0.979092
vt 0.109365 0.963383
vt 0.227847 0.044888
vt 0.245933 0.067719
vt 0.241950 0.045359
vt 0.207750 0.022123
vt 0.233014 0.024163
vt 0.201239 0.008325
vt 0.101418 0.950110
vt 0.102151 0.946336
vt 0.105658 0.949819
vt 0.095964 0.949466
vt 0.087822 0.945873
vt 0.093012 0.942445
vt 0.099832 0.942403
vt 0.104873 0.943020
vt 0.113108 0.946606
vt 0.732648 0.950110
vt 0.733380 0.946336
vt 0.736888 0.949819
vt 0.727194 0.949466
vt 0.719051 0.945873
vt 0.724242 0.942445
vt 0.731061 0.942403
vt 0.736102 0.943020
vt 0.744337 0.946606
vt 0.577047 0.994317
vt 0.570535 0.983391
vt 0.550438 0.965364
vt 0.532353 0.947285
vt 0.531077 0.073105
vt 0.522842 0.068575
vt 0.533799 0.068917
vt 0.536118 0.073883
vt 0.542937 0.073831
vt 0.548128 0.069501
vt 0.539985 0.064964
vt 0.534531 0.064151
vt 0.530291 0.064518
vt 0.298476 0.741278
vt 0.838551 0.250344
vt 0.838551 0.246142
vt 0.898565 0.246142
vt 0.681723 0.250344
vt 0.445686 0.008325
vt 0.452197 0.022123
vt 0.477461 0.024163
vt 0.486397 0.045359
vt 0.472294 0.044888
vt 0.490379 0.067719
vt 0.488201 0.950110
vt 0.488933 0.946336
vt 0.492441 0.949819
vt 0.482747 0.949466
vt 0.474604 0.945873
vt 0.479795 0.942445
vt 0.486614 0.942403
vt 0.491656 0.943020
vt 0.499891 0.946606
vt 0.234471 0.950110
vt 0.235204 0.946336
vt 0.238712 0.949819
vt 0.229018 0.949466
vt 0.220875 0.945873
vt 0.226066 0.942445
vt 0.232885 0.942403
vt 0.237926 0.943020
vt 0.246161 0.946606
vt 0.290085 0.064151
vt 0.289352 0.068917
vt 0.285845 0.064518
vt 0.295539 0.064964
vt 0.303681 0.069501
vt 0.298491 0.073831
vt 0.291672 0.073883
vt 0.286630 0.073105
vt 0.278395 0.068575
vt 0.378592 0.045936
vt 0.382136 0.024910
vt 0.413855 0.064151
vt 0.413123 0.068917
vt 0.409615 0.064518
vt 0.419309 0.064964
vt 0.427452 0.069501
vt 0.422261 0.073831
vt 0.415442 0.073883
vt 0.410401 0.073105
vt 0.402166 0.068575
vt 0.603979 0.045359
vt 0.595043 0.024163
vt 0.563268 0.008325
vt 0.569779 0.022123
vt 0.589876 0.044888
vt 0.607961 0.067719
vt 0.254822 0.045936
vt 0.258365 0.024909
vt 0.740126 0.045359
vt 0.744109 0.067719
vt 0.726023 0.044888
vt 0.705926 0.022123
vt 0.731190 0.024163
vt 0.699415 0.008325
vt 0.788261 0.064151
vt 0.787528 0.068917
vt 0.784021 0.064518
vt 0.793715 0.064964
vt 0.801857 0.069502
vt 0.796667 0.073831
vt 0.789848 0.073883
vt 0.784806 0.073105
vt 0.776571 0.068575
vt 0.652113 0.064151
vt 0.651381 0.068917
vt 0.647873 0.064518
vt 0.657567 0.064964
vt 0.665710 0.069501
vt 0.660519 0.073831
vt 0.653700 0.073883
vt 0.648659 0.073105
vt 0.640424 0.068575
s 1
usemtl modelsplayeritemsall_classscarf_soccer
f 1/1/1 2/2/1 3/3/1
f 4/4/2 1/1/1 3/3/1
f 5/5/3 6/6/3 7/7/4
f 8/8/4 5/5/3 7/7/4
f 8/8/4 7/7/4 9/9/5
f 10/10/5 8/8/4 9/9/5
f 10/10/5 9/9/5 11/3/6
f 12/2/6 10/10/5 11/3/6
f 13/11/7 14/12/8 15/13/9
f 14/12/8 16/14/10 15/13/9
f 17/15/11 16/14/10 14/12/8
f 17/15/11 18/16/12 16/14/10
f 19/17/13 18/16/12 17/15/11
f 20/18/14 19/17/13 17/15/11
f 20/18/14 17/15/11 14/12/8
f 21/19/15 19/17/13 20/18/14
f 22/20/16 20/18/14 14/12/8
f 22/20/16 21/19/15 20/18/14
f 23/21/17 22/20/16 14/12/8
f 21/19/15 22/20/16 23/21/17
f 14/12/8 13/11/7 24/22/18
f 23/21/17 14/12/8 24/22/18
f 25/23/19 24/22/18 13/11/7
f 26/24/20 25/23/19 13/11/7
f 26/24/20 13/11/7 15/13/9
f 27/25/21 15/13/9 16/14/10
f 27/25/21 26/24/20 15/13/9
f 18/16/12 28/26/22 16/14/10
f 28/26/22 27/25/21 16/14/10
f 29/27/23 21/19/15 23/21/17
f 29/27/23 23/21/17 24/22/18
f 25/23/19 29/27/23 24/22/18
f 30/28/24 31/29/25 32/30/26
f 31/29/25 30/28/24 33/31/12
f 34/32/13 31/29/25 33/31/12
f 34/32/13 35/33/27 31/29/25
f 35/33/27 36/34/28 31/29/25
f 36/34/28 37/35/29 31/29/25
f 31/29/25 38/36/30 32/30/26
f 37/35/29 38/36/30 31/29/25
f 39/37/31 40/38/32 41/39/33
f 42/40/34 43/41/35 44/42/36
f 42/40/34 45/43/37 43/41/35
f 45/43/37 46/44/38 43/41/35
f 46/44/38 45/43/37 47/45/39
f 48/46/40 46/44/38 47/45/39
f 48/46/40 47/45/39 49/47/41
f 50/48/42 48/46/40 49/47/41
f 49/47/41 51/49/43 50/48/42
f 51/49/43 52/50/44 50/48/42
f 53/51/45 50/48/42 52/50/44
f 54/52/46 53/51/45 52/50/44
f 55/53/47 53/51/45 54/52/46
f 56/54/48 55/53/47 54/52/46
f 57/55/49 55/53/47 56/54/48
f 58/56/50 57/55/49 56/54/48
f 58/56/50 39/37/31 57/55/49
f 59/57/51 39/37/31 41/39/33
f 39/37/31 59/57/51 57/55/49
f 57/55/49 59/57/51 60/58/52
f 61/59/53 57/55/49 60/58/52
f 55/53/47 57/55/49 61/59/53
f 55/53/47 62/60/54 53/51/45
f 62/60/54 55/53/47 61/59/53
f 62/60/54 63/61/55 53/51/45
f 50/48/42 53/51/45 63/61/55
f 48/46/40 50/48/42 63/61/55
f 60/58/52 59/57/51 64/62/56
f 59/57/51 41/39/33 64/62/56
f 60/58/52 65/63/57 61/59/53
f 60/58/52 64/62/56 65/63/57
f 65/63/57 66/64/58 61/59/53
f 61/59/53 66/64/58 62/60/54
f 62/60/54 67/65/59 63/61/55
f 66/64/58 67/65/59 62/60/54
f 63/61/55 68/66/60 48/46/40
f 68/66/60 46/44/38 48/46/40
f 67/65/59 68/66/60 63/61/55
f 43/41/35 46/44/38 69/67/61
f 46/44/38 68/66/60 69/67/61
f 43/41/35 69/67/61 70/68/62
f 44/42/36 43/41/35 70/68/62
f 44/42/36 70/68/62 71/69/63
f 72/70/64 71/69/63 70/68/62
f 72/70/64 73/71/65 71/69/63
f 74/72/66 75/73/67 76/74/68
f 77/75/69 74/72/66 76/74/68
f 77/75/69 76/74/68 78/76/70
f 73/71/65 72/70/64 78/76/70
f 79/77/71 77/75/69 78/76/70
f 72/70/64 79/77/71 78/76/70
f 80/78/72 70/68/62 69/67/61
f 80/78/72 72/70/64 70/68/62
f 72/70/64 80/78/72 79/77/71
f 81/79/73 69/67/61 68/66/60
f 81/79/73 80/78/72 69/67/61
f 67/65/59 81/79/73 68/66/60
f 82/80/74 81/79/73 67/65/59
f 66/64/58 82/80/74 67/65/59
f 66/64/58 65/63/57 83/81/75
f 82/80/74 66/64/58 83/81/75
f 65/63/57 84/82/76 83/81/75
f 64/62/56 84/82/76 65/63/57
f 85/83/77 74/72/66 77/75/69
f 80/78/72 81/79/73 86/84/78
f 81/79/73 82/80/74 86/84/78
f 80/78/72 86/84/78 79/77/71
f 79/77/71 86/84/78 77/75/69
f 86/84/78 82/80/74 87/85/79
f 87/85/79 85/83/77 77/75/69
f 86/84/78 87/85/79 77/75/69
f 82/80/74 83/81/75 87/85/79
f 88/86/80 85/83/77 87/85/79
f 84/82/76 88/86/80 83/81/75
f 83/81/75 88/86/80 87/85/79
f 73/71/65 78/76/70 89/87/81
f 78/76/70 76/74/68 89/87/81
f 76/74/68 75/73/67 90/88/82
f 76/74/68 90/88/82 89/87/81
f 75/73/67 91/89/83 90/88/82
f 90/88/82 91/89/83 92/90/84
f 89/87/81 90/88/82 93/91/85
f 93/91/85 90/88/82 92/90/84
f 93/91/85 92/90/84 94/92/86
f 95/93/87 96/94/88 97/95/89
f 95/93/87 98/96/90 96/94/88
f 95/93/87 99/97/91 98/96/90
f 99/97/91 100/98/92 98/96/90
f 94/92/86 100/98/92 99/97/91
f 101/99/93 93/91/85 94/92/86
f 101/99/93 94/92/86 99/97/91
f 102/100/94 89/87/81 93/91/85
f 102/100/94 93/91/85 101/99/93
f 89/87/81 102/100/94 103/101/95
f 103/101/95 73/71/65 89/87/81
f 73/71/65 104/102/96 71/69/63
f 73/71/65 103/101/95 104/102/96
f 105/103/97 44/42/36 71/69/63
f 105/103/97 71/69/63 104/102/96
f 44/42/36 105/103/97 106/104/98
f 107/105/99 42/40/34 44/42/36
f 107/105/99 44/42/36 106/104/98
f 108/106/100 102/100/94 101/99/93
f 102/100/94 108/106/100 109/107/101
f 102/100/94 109/107/101 103/101/95
f 108/106/100 101/99/93 110/108/102
f 101/99/93 99/97/91 110/108/102
f 111/109/103 95/93/87 97/95/89
f 99/97/91 95/93/87 111/109/103
f 110/108/102 99/97/91 111/109/103
f 111/109/103 97/95/89 112/110/104
f 97/95/89 113/111/79 112/110/104
f 113/111/79 114/112/105 112/110/104
f 114/112/105 113/111/79 115/113/106
f 116/114/107 114/112/105 115/113/106
f 116/114/107 115/113/106 117/115/108
f 118/116/109 116/114/107 117/115/108
f 118/116/109 117/115/108 119/117/110
f 120/118/111 118/116/109 119/117/110
f 119/117/110 121/119/112 120/118/111
f 121/119/112 122/120/113 120/118/111
f 111/109/103 123/121/114 110/108/102
f 123/121/114 111/109/103 112/110/104
f 110/108/102 124/122/115 108/106/100
f 123/121/114 124/122/115 110/108/102
f 108/106/100 125/123/116 109/107/101
f 124/122/115 125/123/116 108/106/100
f 109/107/101 125/123/116 126/124/117
f 127/125/118 128/126/119 129/127/120
f 130/128/121 128/126/119 127/125/118
f 128/126/119 130/128/121 131/129/122
f 130/128/121 132/130/123 131/129/122
f 132/130/123 122/120/113 133/131/124
f 131/129/122 132/130/123 133/131/124
f 120/118/111 122/120/113 134/132/125
f 122/120/113 132/130/123 134/132/125
f 120/118/111 134/132/125 135/133/126
f 118/116/109 120/118/111 135/133/126
f 135/133/126 136/134/127 118/116/109
f 136/134/127 116/114/107 118/116/109
f 137/135/128 114/112/105 116/114/107
f 136/134/127 137/135/128 116/114/107
f 112/110/104 138/136/129 123/121/114
f 112/110/104 114/112/105 138/136/129
f 114/112/105 137/135/128 138/136/129
f 139/137/130 140/138/131 141/139/132
f 139/137/130 141/139/132 142/140/133
f 125/123/116 143/141/134 126/124/117
f 143/141/134 142/140/133 141/139/132
f 126/124/117 143/141/134 141/139/132
f 144/142/135 142/140/133 143/141/134
f 145/143/136 144/142/135 143/141/134
f 124/122/115 145/143/136 125/123/116
f 145/143/136 143/141/134 125/123/116
f 146/144/137 144/142/135 145/143/136
f 147/145/138 145/143/136 124/122/115
f 147/145/138 146/144/137 145/143/136
f 123/121/114 147/145/138 124/122/115
f 138/136/129 147/145/138 123/121/114
f 138/136/129 148/146/139 147/145/138
f 148/146/139 138/136/129 137/135/128
f 148/146/139 146/144/137 147/145/138
f 149/147/71 148/146/139 137/135/128
f 149/147/71 137/135/128 136/134/127
f 150/148/140 149/147/71 136/134/127
f 150/148/140 136/134/127 135/133/126
f 151/149/141 150/148/140 135/133/126
f 151/149/141 135/133/126 134/132/125
f 152/150/142 134/132/125 132/130/123
f 130/128/121 152/150/142 132/130/123
f 152/150/142 151/149/141 134/132/125
f 152/150/142 130/128/121 153/151/143
f 153/151/143 130/128/121 127/125/118
f 154/152/144 139/137/130 142/140/133
f 154/152/144 142/140/133 144/142/135
f 155/153/145 154/152/144 144/142/135
f 155/153/145 144/142/135 156/154/146
f 144/142/135 146/144/137 156/154/146
f 156/154/146 146/144/137 157/155/147
f 146/144/137 148/146/139 157/155/147
f 157/155/147 148/146/139 149/147/71
f 158/156/148 157/155/147 149/147/71
f 158/156/148 149/147/71 150/148/140
f 159/157/149 158/156/148 150/148/140
f 159/157/149 150/148/140 151/149/141
f 160/158/150 151/149/141 152/150/142
f 160/158/150 159/157/149 151/149/141
f 161/159/151 160/158/150 152/150/142
f 161/159/151 152/150/142 153/151/143
f 162/160/152 163/161/153 164/162/154
f 165/163/155 163/161/153 162/160/152
f 166/164/156 165/163/155 162/160/152
f 167/165/157 165/163/155 166/164/156
f 168/166/158 167/165/157 166/164/156
f 169/167/159 167/165/157 168/166/158
f 168/166/158 166/164/156 170/168/160
f 170/168/160 166/164/156 162/160/152
f 171/169/161 170/168/160 162/160/152
f 172/170/162 171/169/161 173/171/163
f 174/172/164 170/168/160 171/169/161
f 172/170/162 174/172/164 171/169/161
f 170/168/160 174/172/164 175/173/165
f 175/173/165 168/166/158 170/168/160
f 176/174/166 169/167/159 168/166/158
f 176/174/166 168/166/158 175/173/165
f 177/175/167 169/167/159 176/174/166
f 174/172/164 178/176/168 175/173/165
f 175/173/165 178/176/168 179/177/169
f 179/177/169 176/174/166 175/173/165
f 180/178/170 181/179/171 173/171/163
f 173/171/163 182/180/172 172/170/162
f 181/179/171 182/180/172 173/171/163
f 172/170/162 183/181/173 174/172/164
f 182/180/172 183/181/173 172/170/162
f 174/172/164 184/182/174 178/176/168
f 183/181/173 184/182/174 174/172/164
f 184/182/174 185/183/175 178/176/168
f 178/176/168 185/183/175 186/184/176
f 178/176/168 186/184/176 179/177/169
f 179/177/169 187/185/177 176/174/166
f 187/185/177 179/177/169 186/184/176
f 187/185/177 188/186/178 176/174/166
f 188/186/178 177/175/167 176/174/166
f 188/186/178 189/187/179 177/175/167
f 189/187/179 190/188/180 177/175/167
f 191/189/181 190/188/180 189/187/179
f 192/190/182 191/189/181 189/187/179
f 193/191/183 189/187/179 188/186/178
f 192/190/182 189/187/179 193/191/183
f 187/185/177 193/191/183 188/186/178
f 184/182/174 194/192/184 185/183/175
f 195/193/185 194/192/184 184/182/174
f 183/181/173 195/193/185 184/182/174
f 196/194/186 195/193/185 183/181/173
f 182/180/172 196/194/186 183/181/173
f 197/195/187 196/194/186 182/180/172
f 181/179/171 197/195/187 182/180/172
f 198/196/188 197/195/187 181/179/171
f 199/197/189 198/196/188 181/179/171
f 199/197/189 181/179/171 180/178/170
f 200/198/190 198/196/188 199/197/189
f 201/199/191 200/198/190 199/197/189
f 200/198/190 201/199/191 202/200/192
f 203/201/193 200/198/190 202/200/192
f 203/201/193 202/200/192 204/202/194
f 205/203/195 203/201/193 204/202/194
f 204/202/194 206/204/196 205/203/195
f 204/202/194 202/200/192 207/205/129
f 207/205/129 208/206/197 204/202/194
f 208/206/197 206/204/196 204/202/194
f 203/201/193 205/203/195 209/207/186
f 200/198/190 203/201/193 210/208/198
f 210/208/198 203/201/193 209/207/186
f 211/209/199 200/198/190 210/208/198
f 198/196/188 200/198/190 211/209/199
f 212/210/200 198/196/188 211/209/199
f 197/195/187 198/196/188 212/210/200
f 213/211/201 197/195/187 212/210/200
f 213/211/201 214/212/202 197/195/187
f 214/212/202 196/194/186 197/195/187
f 214/212/202 215/213/203 196/194/186
f 215/213/203 195/193/185 196/194/186
f 215/213/203 216/214/28 195/193/185
f 216/214/28 194/192/184 195/193/185
f 217/215/204 194/192/184 216/214/28
f 194/192/184 217/215/204 185/183/175
f 185/183/175 218/216/205 186/184/176
f 185/183/175 217/215/204 218/216/205
f 131/129/122 133/131/124 219/217/206
f 219/217/206 193/191/183 187/185/177
f 186/184/176 218/216/205 220/218/207
f 220/218/207 219/217/206 187/185/177
f 220/218/207 187/185/177 186/184/176
f 221/219/208 131/129/122 219/217/206
f 219/217/206 220/218/207 221/219/208
f 128/126/119 131/129/122 221/219/208
f 218/216/205 222/220/209 220/218/207
f 220/218/207 222/220/209 221/219/208
f 217/215/204 223/221/210 218/216/205
f 218/216/205 223/221/210 222/220/209
f 223/221/210 224/222/211 222/220/209
f 128/126/119 225/223/212 129/127/120
f 224/222/211 225/223/212 222/220/209
f 225/223/212 221/219/208 222/220/209
f 225/223/212 128/126/119 221/219/208
f 226/224/213 192/190/182 193/191/183
f 226/224/213 121/119/112 192/190/182
f 219/217/206 133/131/124 226/224/213
f 193/191/183 219/217/206 226/224/213
f 122/120/113 121/119/112 226/224/213
f 133/131/124 122/120/113 226/224/213
f 129/127/120 225/223/212 227/225/214
f 225/223/212 224/222/211 227/225/214
f 224/222/211 223/221/210 228/226/215
f 227/225/214 224/222/211 228/226/215
f 223/221/210 217/215/204 229/227/142
f 228/226/215 223/221/210 229/227/142
f 229/227/142 217/215/204 216/214/28
f 192/190/182 230/228/216 191/189/181
f 121/119/112 119/117/110 230/228/216
f 121/119/112 230/228/216 192/190/182
f 119/117/110 117/115/108 231/229/217
f 119/117/110 231/229/217 230/228/216
f 117/115/108 232/230/218 231/229/217
f 117/115/108 115/113/106 232/230/218
f 115/113/106 113/111/79 233/231/219
f 115/113/106 233/231/219 232/230/218
f 97/95/89 96/94/88 234/232/220
f 113/111/79 97/95/89 234/232/220
f 113/111/79 234/232/220 233/231/219
f 230/228/216 235/233/221 191/189/181
f 230/228/216 231/229/217 235/233/221
f 231/229/217 236/234/222 235/233/221
f 231/229/217 232/230/218 236/234/222
f 232/230/218 233/231/219 237/235/223
f 232/230/218 237/235/223 236/234/222
f 233/231/219 234/232/220 238/236/224
f 233/231/219 238/236/224 237/235/223
f 234/232/220 239/237/225 238/236/224
f 234/232/220 96/94/88 239/237/225
f 96/94/88 240/238/226 239/237/225
f 98/96/90 240/238/226 96/94/88
f 171/169/161 241/239/227 173/171/163
f 180/178/170 173/171/163 241/239/227
f 171/169/161 162/160/152 241/239/227
f 162/160/152 242/240/228 241/239/227
f 242/240/228 162/160/152 164/162/154
f 241/239/227 242/240/228 243/241/170
f 243/241/170 180/178/170 241/239/227
f 242/240/228 244/242/229 243/241/170
f 242/240/228 164/162/154 244/242/229
f 243/241/170 244/242/229 245/243/230
f 244/242/229 246/244/231 245/243/230
f 245/243/230 246/244/231 247/245/232
f 246/244/231 248/246/233 247/245/232
f 247/245/232 248/246/233 249/247/234
f 250/248/235 247/245/232 249/247/234
f 250/248/235 249/247/234 251/249/236
f 208/206/197 207/205/129 251/249/236
f 250/248/235 251/249/236 252/250/237
f 251/249/236 207/205/129 252/250/237
f 202/200/192 252/250/237 207/205/129
f 245/243/230 247/245/232 253/251/238
f 247/245/232 250/248/235 253/251/238
f 250/248/235 252/250/237 253/251/238
f 252/250/237 202/200/192 253/251/238
f 202/200/192 201/199/191 253/251/238
f 201/199/191 199/197/189 254/252/239
f 254/252/239 199/197/189 180/178/170
f 245/243/230 254/252/239 243/241/170
f 254/252/239 180/178/170 243/241/170
f 254/252/239 245/243/230 253/251/238
f 253/251/238 201/199/191 254/252/239
f 249/247/234 255/253/240 251/249/236
f 251/249/236 255/253/240 256/254/241
f 256/254/241 208/206/197 251/249/236
f 244/242/229 257/255/242 246/244/231
f 164/162/154 257/255/242 244/242/229
f 257/255/242 258/256/243 246/244/231
f 246/244/231 258/256/243 248/246/233
f 258/256/243 259/257/244 248/246/233
f 248/246/233 259/257/244 249/247/234
f 255/253/240 249/247/234 260/258/245
f 259/257/244 260/258/245 249/247/234
f 261/259/246 255/253/240 260/258/245
f 262/260/247 255/253/240 261/259/246
f 255/253/240 262/260/247 256/254/241
f 262/260/247 263/261/248 256/254/241
f 263/261/248 264/262/58 256/254/241
f 263/261/248 265/263/249 264/262/58
f 266/264/250 267/265/251 268/266/252
f 268/266/252 265/263/249 266/264/250
f 265/263/249 269/267/253 266/264/250
f 269/267/253 265/263/249 263/261/248
f 270/268/254 269/267/253 263/261/248
f 270/268/254 263/261/248 262/260/247
f 271/269/255 262/260/247 261/259/246
f 271/269/255 270/268/254 262/260/247
f 265/263/249 268/266/252 272/270/256
f 273/271/257 206/204/196 208/206/197
f 274/272/258 273/271/257 208/206/197
f 256/254/241 264/262/58 274/272/258
f 208/206/197 256/254/241 274/272/258
f 275/273/259 273/271/257 274/272/258
f 276/274/55 275/273/259 274/272/258
f 276/274/55 274/272/258 264/262/58
f 275/273/259 276/274/55 277/275/260
f 276/274/55 278/276/261 277/275/260
f 279/277/262 278/276/261 272/270/256
f 278/276/261 279/277/262 277/275/260
f 280/278/256 279/277/262 272/270/256
f 272/270/256 268/266/252 280/278/256
f 267/265/251 281/279/263 268/266/252
f 268/266/252 281/279/263 280/278/256
f 281/279/263 267/265/251 282/280/264
f 283/281/265 281/279/263 282/280/264
f 283/281/265 282/280/264 284/282/266
f 285/283/267 283/281/265 284/282/266
f 285/283/267 284/282/266 286/284/268
f 284/282/266 287/285/269 286/284/268
f 283/281/265 285/283/267 288/286/270
f 289/287/271 283/281/265 288/286/270
f 281/279/263 283/281/265 289/287/271
f 280/278/256 281/279/263 289/287/271
f 288/286/270 285/283/267 290/288/272
f 285/283/267 286/284/268 290/288/272
f 291/289/273 288/286/270 290/288/272
f 289/287/271 288/286/270 291/289/273
f 292/290/262 289/287/271 291/289/273
f 280/278/256 289/287/271 292/290/262
f 279/277/262 280/278/256 292/290/262
f 279/277/262 292/290/262 293/291/58
f 279/277/262 293/291/58 277/275/260
f 277/275/260 293/291/58 294/292/274
f 275/273/259 277/275/260 294/292/274
f 295/293/275 275/273/259 294/292/274
f 275/273/259 295/293/275 273/271/257
f 295/293/275 296/294/276 273/271/257
f 273/271/257 296/294/276 206/204/196
f 205/203/195 297/295/78 209/207/186
f 206/204/196 297/295/78 205/203/195
f 296/294/276 297/295/78 206/204/196
f 293/291/58 298/296/277 294/292/274
f 292/290/262 299/297/278 293/291/58
f 298/296/277 293/291/58 299/297/278
f 300/298/279 299/297/278 292/290/262
f 291/289/273 300/298/279 292/290/262
f 301/299/280 298/296/277 299/297/278
f 300/298/279 302/300/281 299/297/278
f 302/300/281 301/299/280 299/297/278
f 297/295/78 303/301/282 209/207/186
f 303/301/282 297/295/78 304/302/283
f 297/295/78 296/294/276 304/302/283
f 304/302/283 296/294/276 305/303/108
f 296/294/276 295/293/275 305/303/108
f 305/303/108 295/293/275 306/304/284
f 295/293/275 294/292/274 306/304/284
f 294/292/274 298/296/277 307/305/285
f 306/304/284 294/292/274 307/305/285
f 298/296/277 301/299/280 308/306/286
f 307/305/285 298/296/277 308/306/286
f 301/299/280 302/300/281 309/307/287
f 308/306/286 301/299/280 309/307/287
f 310/308/288 302/300/281 300/298/279
f 309/307/287 302/300/281 310/308/288
f 311/309/289 310/308/288 300/298/279
f 311/309/289 300/298/279 291/289/273
f 312/310/290 291/289/273 290/288/272
f 312/310/290 311/309/289 291/289/273
f 313/311/76 309/307/287 310/308/288
f 314/312/291 315/313/292 316/314/293
f 317/315/294 314/312/291 316/314/293
f 318/316/295 317/315/294 316/314/293
f 319/317/296 316/314/293 320/318/297
f 315/313/292 321/319/298 316/314/293
f 316/314/293 321/319/298 320/318/297
f 315/313/292 322/320/299 321/319/298
f 314/312/291 323/321/300 315/313/292
f 323/321/300 322/320/299 315/313/292
f 317/315/294 324/322/301 314/312/291
f 324/322/301 323/321/300 314/312/291
f 318/316/295 325/323/302 317/315/294
f 325/323/302 324/322/301 317/315/294
f 325/323/302 318/316/295 326/324/303
f 318/316/295 316/314/293 326/324/303
f 316/314/293 319/317/296 326/324/303
f 327/325/304 325/323/302 326/324/303
f 327/325/304 326/324/303 319/317/296
f 328/326/264 327/325/304 319/317/296
f 328/326/264 319/317/296 320/318/297
f 329/327/305 328/326/264 320/318/297
f 329/327/305 320/318/297 321/319/298
f 330/328/306 329/327/305 321/319/298
f 322/320/299 330/328/306 321/319/298
f 331/329/307 332/1/308 333/4/308
f 334/330/309 331/329/307 333/4/308
f 335/331/310 331/329/307 334/330/309
f 336/332/310 335/331/310 334/330/309
f 337/333/311 335/331/310 336/332/310
f 338/334/311 337/333/311 336/332/310
f 339/333/312 340/334/313 341/6/313
f 342/5/314 339/333/312 341/6/313
f 343/7/315 344/6/316 345/334/317
f 346/332/315 343/7/315 345/334/317
f 343/7/315 346/332/315 347/330/318
f 348/9/319 343/7/315 347/330/318
f 348/9/319 347/330/318 349/4/318
f 350/3/319 348/9/319 349/4/318
f 351/335/320 352/336/320 353/337/320
f 354/338/321 351/335/320 353/337/320
f 354/338/321 353/337/320 355/339/322
f 356/340/323 354/338/321 355/339/322
f 356/340/323 355/339/322 357/341/324
f 358/342/325 356/340/323 357/341/324
f 359/336/326 360/343/326 361/344/327
f 362/337/327 359/336/326 361/344/327
f 362/337/327 361/344/327 363/345/115
f 364/339/115 362/337/327 363/345/115
f 365/341/328 364/339/115 363/345/115
f 366/346/115 365/341/328 363/345/115
f 367/2/278 368/347/329 369/10/330
f 368/347/329 370/348/330 369/10/330
f 369/10/330 370/348/330 371/8/54
f 370/348/330 372/349/54 371/8/54
f 371/8/54 372/349/54 373/350/331
f 374/5/331 371/8/54 373/350/331
f 375/335/332 376/351/332 377/343/332
f 378/336/332 375/335/332 377/343/332
f 379/342/333 380/341/333 381/346/333
f 382/352/333 379/342/333 381/346/333
f 383/353/334 384/352/335 385/346/335
f 386/345/334 383/353/334 385/346/335
f 387/354/336 383/353/334 386/345/334
f 388/344/337 387/354/336 386/345/334
f 389/351/337 387/354/336 388/344/337
f 390/343/337 389/351/337 388/344/337
f 391/355/332 392/356/332 393/357/332
f 394/358/338 391/355/332 393/357/332
f 395/359/326 396/358/339 397/357/339
f 398/360/326 395/359/326 397/357/339
f 395/359/326 398/360/326 399/361/340
f 400/362/340 395/359/326 399/361/340
f 401/363/341 400/362/340 399/361/340
f 402/364/341 401/363/341 399/361/340
f 403/365/333 404/366/333 405/367/333
f 406/368/333 403/365/333 405/367/333
f 407/369/334 408/365/342 409/368/343
f 410/370/334 407/369/334 409/368/343
f 411/371/336 407/369/334 410/370/334
f 412/372/337 411/371/336 410/370/334
f 413/373/344 411/371/336 412/372/337
f 414/374/344 413/373/344 412/372/337
f 415/375/332 416/373/332 417/374/332
f 418/376/332 415/375/332 417/374/332
f 419/377/327 420/376/326 421/374/326
f 422/372/341 419/377/327 421/374/326
f 419/377/327 422/372/341 423/370/115
f 424/378/328 419/377/327 423/370/115
f 425/367/328 424/378/328 423/370/115
f 426/368/115 425/367/328 423/370/115
f 427/379/332 428/380/332 429/381/332
f 430/382/332 427/379/332 429/381/332
f 431/383/345 432/384/346 433/382/347
f 434/385/348 431/383/345 433/382/347
f 435/386/349 431/383/345 434/385/348
f 436/387/349 435/386/349 434/385/348
f 436/387/349 437/388/63 435/386/349
f 437/388/63 438/389/63 435/386/349
f 439/355/321 440/358/321 441/359/321
f 442/390/321 439/355/321 441/359/321
f 442/390/321 441/359/321 443/362/325
f 444/391/325 442/390/321 443/362/325
f 444/391/325 443/362/325 445/363/350
f 446/392/351 444/391/325 445/363/350
f 447/393/352 448/394/353 449/395/354
f 447/393/352 449/395/354 450/396/355
f 451/397/356 450/396/355 449/395/354
f 450/396/355 451/397/356 452/398/357
f 451/397/356 453/399/358 452/398/357
f 454/400/292 453/399/358 451/397/356
f 454/400/292 455/401/359 453/399/358
f 456/402/300 455/401/359 454/400/292
f 457/403/291 456/402/300 454/400/292
f 457/403/291 454/400/292 451/397/356
f 458/404/301 456/402/300 457/403/291
f 448/394/353 458/404/301 459/405/294
f 459/405/294 457/403/291 451/397/356
f 459/405/294 458/404/301 457/403/291
f 460/406/360 451/397/356 449/395/354
f 448/394/353 460/406/360 449/395/354
f 460/406/360 448/394/353 459/405/294
f 460/406/360 459/405/294 451/397/356
f 461/407/361 450/396/355 452/398/357
f 461/407/361 447/393/352 450/396/355
f 462/408/362 452/398/357 453/399/358
f 462/408/362 461/407/361 452/398/357
f 463/409/363 462/408/362 453/399/358
f 455/401/359 463/409/363 453/399/358
f 464/410/333 465/411/333 466/412/333
f 467/413/333 464/410/333 466/412/333
f 468/414/334 469/410/335 470/413/364
f 471/415/334 468/414/334 470/413/364
f 472/416/337 468/414/334 471/415/334
f 473/417/337 472/416/337 471/415/334
f 474/418/365 472/416/337 473/417/337
f 475/419/344 474/418/365 473/417/337
f 476/420/332 477/418/332 478/419/332
f 479/421/332 476/420/332 478/419/332
f 480/422/366 481/423/332 482/424/332
f 483/425/367 480/422/366 482/424/332
f 484/426/348 485/427/347 486/422/347
f 487/428/348 484/426/348 486/422/347
f 488/429/349 484/426/348 487/428/348
f 489/430/349 488/429/349 487/428/348
f 490/431/63 488/429/349 489/430/349
f 491/432/368 490/431/63 489/430/349
f 492/433/369 493/434/369 494/435/369
f 495/436/369 492/433/369 494/435/369
f 496/437/370 497/438/370 498/439/371
f 499/440/370 496/437/370 498/439/371
f 500/441/372 501/442/373 502/443/374
f 503/444/375 500/441/372 502/443/374
f 504/445/376 503/444/375 502/443/374
f 505/446/377 504/445/376 502/443/374
f 505/446/377 502/443/374 506/447/378
f 503/444/375 507/448/379 500/441/372
f 508/449/380 507/448/379 503/444/375
f 504/445/376 508/449/380 503/444/375
f 505/446/377 509/450/381 504/445/376
f 509/450/381 508/449/380 504/445/376
f 506/447/378 510/451/382 505/446/377
f 510/451/382 509/450/381 505/446/377
f 510/451/382 506/447/378 511/452/383
f 502/443/374 511/452/383 506/447/378
f 502/443/374 501/442/373 512/453/384
f 511/452/383 502/443/374 512/453/384
f 513/454/385 512/453/384 501/442/373
f 514/455/386 513/454/385 501/442/373
f 500/441/372 515/456/387 501/442/373
f 507/448/379 515/456/387 500/441/372
f 515/456/387 514/455/386 501/442/373
f 516/457/388 510/451/382 511/452/383
f 516/457/388 511/452/383 512/453/384
f 513/454/385 516/457/388 512/453/384
f 517/392/71 518/458/71 519/459/389
f 520/391/389 517/392/71 519/459/389
f 520/391/389 519/459/389 521/390/347
f 519/459/389 522/460/347 521/390/347
f 521/390/347 522/460/347 523/461/390
f 524/355/390 521/390/347 523/461/390
f 525/462/391 526/463/347 527/335/347
f 528/338/391 525/462/391 527/335/347
f 529/464/71 525/462/391 528/338/391
f 530/340/71 529/464/71 528/338/391
f 530/340/71 531/342/392 529/464/71
f 531/342/392 532/465/392 529/464/71
f 533/466/393 534/467/59 535/468/394
f 534/467/59 533/466/393 536/469/395
f 537/470/300 534/467/59 536/469/395
f 537/470/300 538/471/396 534/467/59
f 538/471/396 539/472/397 534/467/59
f 539/472/397 540/473/398 534/467/59
f 540/473/398 541/474/399 534/467/59
f 534/467/59 541/474/399 535/468/394
f 542/375/320 543/376/321 544/377/321
f 545/475/321 542/375/320 544/377/321
f 545/475/321 544/377/321 546/378/323
f 547/476/323 545/475/321 546/378/323
f 547/476/323 546/378/323 548/367/400
f 549/366/401 547/476/323 548/367/400
f 550/477/304 551/478/353 552/479/402
f 550/477/304 552/479/402 553/480/296
f 554/481/403 553/480/296 552/479/402
f 553/480/296 554/481/403 555/482/357
f 554/481/403 556/483/298 555/482/357
f 557/484/292 556/483/298 554/481/403
f 557/484/292 558/485/359 556/483/298
f 559/486/404 558/485/359 557/484/292
f 560/487/405 559/486/404 557/484/292
f 560/487/405 557/484/292 554/481/403
f 561/488/406 559/486/404 560/487/405
f 562/489/294 561/488/406 560/487/405
f 551/478/353 561/488/406 562/489/294
f 562/489/294 560/487/405 554/481/403
f 551/478/353 563/490/295 552/479/402
f 563/490/295 554/481/403 552/479/402
f 563/490/295 562/489/294 554/481/403
f 563/490/295 551/478/353 562/489/294
f 564/491/43 553/480/296 555/482/357
f 564/491/43 550/477/304 553/480/296
f 565/492/362 564/491/43 555/482/357
f 565/492/362 555/482/357 556/483/298
f 566/493/306 565/492/362 556/483/298
f 558/485/359 566/493/306 556/483/298
f 567/392/407 568/363/408 569/364/407
f 570/494/409 567/392/407 569/364/407
f 571/495/410 572/388/410 573/496/410
f 574/497/410 571/495/410 573/496/410
f 575/498/391 576/499/346 577/420/346
f 578/500/391 575/498/391 577/420/346
f 579/501/411 575/498/391 578/500/391
f 580/502/411 579/501/411 578/500/391
f 580/502/411 581/411/392 579/501/411
f 581/411/392 582/503/392 579/501/411
f 583/382/412 584/381/412 585/504/413
f 586/385/413 583/382/412 585/504/413
f 586/385/413 585/504/413 587/505/414
f 588/387/415 586/385/413 587/505/414
f 588/387/415 587/505/414 589/496/416
f 590/388/417 588/387/415 589/496/416
f 591/381/418 592/380/418 593/506/327
f 594/504/327 591/381/418 593/506/327
f 594/504/327 593/506/327 595/507/115
f 596/505/115 594/504/327 595/507/115
f 597/496/115 596/505/115 595/507/115
f 598/497/115 597/496/115 595/507/115
f 599/508/419 600/432/333 601/509/333
f 602/510/333 599/508/419 601/509/333
f 603/511/420 604/512/420 605/513/421
f 606/514/422 603/511/420 605/513/421
f 607/515/423 608/516/423 609/517/423
f 610/518/423 607/515/423 609/517/423
f 611/519/424 612/518/425 613/517/426
f 614/520/424 611/519/424 613/517/426
f 615/521/427 611/519/424 614/520/424
f 616/522/427 615/521/427 614/520/424
f 617/523/427 615/521/427 616/522/427
f 618/524/427 617/523/427 616/522/427
f 619/525/428 620/523/429 621/524/430
f 622/526/429 619/525/428 621/524/430
f 623/527/377 624/528/376 625/529/374
f 624/528/376 626/530/431 625/529/374
f 626/530/431 627/531/432 625/529/374
f 627/531/432 628/532/433 625/529/374
f 625/529/374 628/532/433 629/533/434
f 630/534/435 625/529/374 629/533/434
f 631/535/20 630/534/435 629/533/434
f 632/536/385 629/533/434 628/532/433
f 632/536/385 631/535/20 629/533/434
f 633/537/436 632/536/385 628/532/433
f 627/531/432 634/538/437 628/532/433
f 634/538/437 633/537/436 628/532/433
f 635/539/438 634/538/437 627/531/432
f 626/530/431 635/539/438 627/531/432
f 624/528/376 636/540/439 626/530/431
f 636/540/439 635/539/438 626/530/431
f 623/527/377 637/541/440 624/528/376
f 637/541/440 636/540/439 624/528/376
f 638/542/441 637/541/440 623/527/377
f 631/535/20 638/542/441 630/534/435
f 639/543/442 638/542/441 623/527/377
f 623/527/377 625/529/374 639/543/442
f 625/529/374 630/534/435 639/543/442
f 638/542/441 639/543/442 630/534/435
f 640/544/58 641/545/443 642/525/444
f 643/546/58 640/544/58 642/525/444
f 644/547/60 640/544/58 643/546/58
f 645/548/60 644/547/60 643/546/58
f 645/548/60 646/515/445 644/547/60
f 646/515/445 647/549/391 644/547/60
f 648/550/304 649/551/353 650/552/402
f 648/550/304 650/552/402 651/553/355
f 652/554/403 651/553/355 650/552/402
f 651/553/355 652/554/403 653/555/446
f 652/554/403 654/556/447 653/555/446
f 655/557/292 654/556/447 652/554/403
f 655/557/292 656/558/359 654/556/447
f 657/559/300 656/558/359 655/557/292
f 658/560/291 657/559/300 655/557/292
f 658/560/291 655/557/292 652/554/403
f 659/561/301 657/559/300 658/560/291
f 649/551/353 659/561/301 660/562/294
f 660/562/294 658/560/291 652/554/403
f 660/562/294 659/561/301 658/560/291
f 661/563/295 652/554/403 650/552/402
f 661/563/295 660/562/294 652/554/403
f 649/551/353 661/563/295 650/552/402
f 661/563/295 649/551/353 660/562/294
f 662/564/448 651/553/355 653/555/446
f 662/564/448 648/550/304 651/553/355
f 663/565/449 662/564/448 653/555/446
f 663/565/449 653/555/446 654/556/447
f 656/558/359 664/566/306 654/556/447
f 664/566/306 663/565/449 654/556/447
f 665/567/450 666/568/450 667/569/450
f 668/570/451 665/567/450 667/569/450
f 669/571/216 670/570/425 671/569/425
f 672/572/216 669/571/216 671/569/425
f 673/573/452 669/571/216 672/572/216
f 674/574/452 673/573/452 672/572/216
f 675/575/453 673/573/452 674/574/452
f 676/576/453 675/575/453 674/574/452
f 677/575/454 678/576/454 679/577/454
f 680/578/455 677/575/454 679/577/454
f 681/579/374 682/577/319 683/576/319
f 684/574/374 681/579/374 683/576/319
f 685/580/456 681/579/374 684/574/374
f 686/572/456 685/580/456 684/574/374
f 687/568/457 685/580/456 686/572/456
f 688/569/457 687/568/457 686/572/456
f 689/581/188 690/582/458 691/583/459
f 689/581/188 691/583/459 692/584/460
f 693/585/461 689/581/188 692/584/460
f 693/585/461 692/584/460 694/586/7
f 691/583/459 695/587/8 692/584/460
f 695/587/8 694/586/7 692/584/460
f 694/586/7 695/587/8 696/588/462
f 695/587/8 697/589/463 696/588/462
f 698/590/464 697/589/463 695/587/8
f 698/590/464 699/591/465 697/589/463
f 700/592/466 699/591/465 698/590/464
f 690/582/458 700/592/466 701/593/14
f 701/593/14 698/590/464 695/587/8
f 701/593/14 700/592/466 698/590/464
f 702/594/467 701/593/14 695/587/8
f 702/594/467 690/582/458 701/593/14
f 690/582/458 702/594/467 691/583/459
f 691/583/459 702/594/467 695/587/8
f 703/595/30 693/585/461 694/586/7
f 703/595/30 694/586/7 696/588/462
f 704/596/468 703/595/30 696/588/462
f 705/597/469 704/596/468 696/588/462
f 699/591/465 705/597/469 697/589/463
f 697/589/463 705/597/469 696/588/462
f 706/598/363 707/599/59 708/600/394
f 707/599/59 706/598/363 709/601/470
f 710/602/471 707/599/59 709/601/470
f 710/602/471 711/603/396 707/599/59
f 711/603/396 712/604/472 707/599/59
f 712/604/472 713/605/304 707/599/59
f 713/605/304 714/606/473 707/599/59
f 707/599/59 714/606/473 708/600/394
f 715/420/320 716/421/320 717/607/321
f 718/500/321 715/420/320 717/607/321
f 718/500/321 717/607/321 719/608/321
f 720/502/321 718/500/321 719/608/321
f 720/502/321 719/608/321 721/412/324
f 722/411/325 720/502/321 721/412/324
f 723/421/326 724/419/326 725/417/327
f 726/607/341 723/421/326 725/417/327
f 726/607/341 725/417/327 727/415/115
f 728/608/115 726/607/341 727/415/115
f 729/412/115 728/608/115 727/415/115
f 730/413/115 729/412/115 727/415/115
f 731/609/474 732/610/474 733/611/451
f 734/612/451 731/609/474 733/611/451
f 735/613/475 736/612/452 737/611/452
f 738/614/475 735/613/475 737/611/452
f 739/615/475 735/613/475 738/614/475
f 740/616/475 739/615/475 738/614/475
f 741/617/427 739/615/475 740/616/475
f 742/618/427 741/617/427 740/616/475
f 743/617/476 744/618/301 745/619/396
f 746/620/301 743/617/476 745/619/396
f 747/621/477 748/619/315 749/618/315
f 750/616/478 747/621/477 749/618/315
f 747/621/477 750/616/478 751/614/374
f 752/622/374 747/621/477 751/614/374
f 753/610/479 752/622/374 751/614/374
f 754/611/456 753/610/479 751/614/374
f 755/623/480 756/624/15 757/625/481
f 755/623/480 757/625/481 758/626/482
f 759/627/19 755/623/480 758/626/482
f 759/627/19 758/626/482 760/628/7
f 761/629/8 760/628/7 758/626/482
f 757/625/481 761/629/8 758/626/482
f 760/628/7 761/629/8 762/630/9
f 761/629/8 763/631/483 762/630/9
f 764/632/484 763/631/483 761/629/8
f 764/632/484 765/633/485 763/631/483
f 766/634/13 765/633/485 764/632/484
f 767/635/14 764/632/484 761/629/8
f 767/635/14 766/634/13 764/632/484
f 756/624/15 766/634/13 767/635/14
f 768/636/486 767/635/14 761/629/8
f 756/624/15 768/636/486 757/625/481
f 768/636/486 756/624/15 767/635/14
f 757/625/481 768/636/486 761/629/8
f 769/637/30 759/627/19 760/628/7
f 769/637/30 760/628/7 762/630/9
f 770/638/21 769/637/30 762/630/9
f 765/633/485 771/639/22 763/631/483
f 771/639/22 770/638/21 762/630/9
f 763/631/483 771/639/22 762/630/9
f 772/640/487 773/641/488 774/642/489
f 772/640/487 774/642/489 775/643/296
f 776/644/403 775/643/296 774/642/489
f 775/643/296 776/644/403 777/645/357
f 776/644/403 778/646/298 777/645/357
f 779/647/490 778/646/298 776/644/403
f 779/647/490 780/648/359 778/646/298
f 781/649/300 780/648/359 779/647/490
f 782/650/291 781/649/300 779/647/490
f 782/650/291 779/647/490 776/644/403
f 783/651/301 781/649/300 782/650/291
f 773/641/488 783/651/301 784/652/294
f 784/652/294 782/650/291 776/644/403
f 784/652/294 783/651/301 782/650/291
f 785/653/295 776/644/403 774/642/489
f 773/641/488 785/653/295 774/642/489
f 785/653/295 773/641/488 784/652/294
f 785/653/295 784/652/294 776/644/403
f 786/654/491 772/640/487 775/643/296
f 786/654/491 775/643/296 777/645/357
f 787/655/362 777/645/357 778/646/298
f 787/655/362 786/654/491 777/645/357
f 780/648/359 788/656/306 778/646/298
f 788/656/306 787/655/362 778/646/298
f 789/657/452 790/514/492 791/513/493
f 792/658/452 789/657/452 791/513/493
f 793/659/494 789/657/452 792/658/452
f 794/660/495 793/659/494 792/658/452
f 795/661/496 793/659/494 794/660/495
f 796/662/497 795/661/496 794/660/495
f 797/661/498 798/662/499 799/663/499
f 800/664/498 797/661/498 799/663/499
f 801/665/319 802/663/315 803/662/315
f 804/660/318 801/665/319 803/662/315
f 801/665/319 804/660/318 805/658/478
f 806/666/477 801/665/319 805/658/478
f 806/666/477 805/658/478 807/513/477
f 808/512/478 806/666/477 807/513/477
f 809/422/413 810/425/413 811/667/500
f 812/428/500 809/422/413 811/667/500
f 812/428/500 811/667/500 813/668/501
f 814/430/501 812/428/500 813/668/501
f 814/430/501 813/668/501 815/509/502
f 816/432/502 814/430/501 815/509/502
f 817/425/326 818/424/326 819/669/327
f 820/667/341 817/425/326 819/669/327
f 820/667/341 819/669/327 821/670/503
f 822/668/504 820/667/341 821/670/503
f 822/668/504 821/670/503 823/510/503
f 824/509/503 822/668/504 823/510/503
f 825/671/487 826/672/505 827/673/489
f 825/671/487 827/673/489 828/674/355
f 829/675/293 828/674/355 827/673/489
f 828/674/355 829/675/293 830/676/446
f 829/675/293 831/677/358 830/676/446
f 832/678/506 831/677/358 829/675/293
f 832/678/506 833/679/359 831/677/358
f 834/680/404 833/679/359 832/678/506
f 835/681/291 834/680/404 832/678/506
f 835/681/291 832/678/506 829/675/293
f 836/682/301 834/680/404 835/681/291
f 837/683/294 836/682/301 835/681/291
f 826/672/505 836/682/301 837/683/294
f 837/683/294 835/681/291 829/675/293
f 838/684/295 829/675/293 827/673/489
f 826/672/505 838/684/295 827/673/489
f 838/684/295 826/672/505 837/683/294
f 838/684/295 837/683/294 829/675/293
f 839/685/491 828/674/355 830/676/446
f 839/685/491 825/671/487 828/674/355
f 840/686/449 839/685/491 830/676/446
f 840/686/449 830/676/446 831/677/358
f 833/679/359 841/687/507 831/677/358
f 841/687/507 840/686/449 831/677/358
f 842/688/508 843/689/27 844/690/509
f 842/688/508 844/690/509 845/691/18
f 846/692/19 842/688/508 845/691/18
f 846/692/19 845/691/18 847/693/7
f 844/690/509 848/694/8 845/691/18
f 848/694/8 847/693/7 845/691/18
f 847/693/7 848/694/8 849/695/9
f 848/694/8 850/696/10 849/695/9
f 851/697/11 850/696/10 848/694/8
f 851/697/11 852/698/510 850/696/10
f 853/699/13 852/698/510 851/697/11
f 854/700/14 853/699/13 851/697/11
f 843/689/27 853/699/13 854/700/14
f 854/700/14 851/697/11 848/694/8
f 843/689/27 855/701/511 844/690/509
f 844/690/509 855/701/511 848/694/8
f 855/701/511 854/700/14 848/694/8
f 855/701/511 843/689/27 854/700/14
f 856/702/30 847/693/7 849/695/9
f 856/702/30 846/692/19 847/693/7
f 857/703/21 856/702/30 849/695/9
f 857/703/21 849/695/9 850/696/10
f 858/704/22 857/703/21 850/696/10
f 852/698/510 858/704/22 850/696/10
f 859/705/512 860/436/426 861/435/425
f 862/706/492 859/705/512 861/435/425
f 863/707/452 859/705/512 862/706/492
f 864/708/452 863/707/452 862/706/492
f 865/438/513 863/707/452 864/708/452
f 866/439/427 865/438/513 864/708/452
f 867/709/514 868/494/515 869/364/516
f 870/361/514 867/709/514 869/364/516
f 871/710/517 867/709/514 870/361/514
f 872/360/517 871/710/517 870/361/514
f 873/356/337 871/710/517 872/360/517
f 874/357/337 873/356/337 872/360/517
f 875/711/518 876/495/519 877/497/520
f 878/507/518 875/711/518 877/497/520
f 879/712/344 875/711/518 878/507/518
f 880/506/344 879/712/344 878/507/518
f 881/379/521 879/712/344 880/506/344
f 882/380/522 881/379/521 880/506/344
f 883/713/523 884/508/524 885/510/525
f 886/670/523 883/713/523 885/510/525
f 887/714/526 883/713/523 886/670/523
f 888/669/527 887/714/526 886/670/523
f 889/423/528 887/714/526 888/669/527
f 890/424/528 889/423/528 888/669/527
f 891/715/58 892/716/444 893/437/444
f 894/717/58 891/715/58 893/437/444
f 895/718/529 891/715/58 894/717/58
f 896/719/529 895/718/529 894/717/58
f 896/719/529 897/433/391 895/718/529
f 897/433/391 898/720/391 895/718/529
f 899/721/393 900/722/59 901/723/394
f 900/722/59 899/721/393 902/724/395
f 903/725/300 900/722/59 902/724/395
f 903/725/300 904/726/396 900/722/59
f 904/726/396 905/727/302 900/722/59
f 905/727/302 906/728/487 900/722/59
f 900/722/59 907/729/473 901/723/394
f 906/728/487 907/729/473 900/722/59
f 908/730/530 909/731/531 910/732/532
f 909/731/531 908/730/530 911/733/533
f 912/734/300 909/731/531 911/733/533
f 912/734/300 913/735/406 909/731/531
f 913/735/406 914/736/302 909/731/531
f 914/736/302 915/737/304 909/731/531
f 915/737/304 916/738/399 909/731/531
f 909/731/531 916/738/399 910/732/532
f 917/366/368 918/739/63 919/740/349
f 920/476/349 917/366/368 919/740/349
f 920/476/349 919/740/349 921/475/348
f 919/740/349 922/741/534 921/475/348
f 921/475/348 922/741/534 923/742/346
f 924/375/347 921/475/348 923/742/346
f 925/743/461 926/744/535 927/745/53
f 928/746/536 925/743/461 927/745/53
f 929/747/537 928/746/536 927/745/53
f 930/748/538 929/747/537 927/745/53
f 930/748/538 927/745/53 931/749/539
f 927/745/53 932/750/540 931/749/539
f 927/745/53 926/744/535 933/751/468
f 932/750/540 927/745/53 933/751/468
f 934/752/541 276/274/55 264/262/58
f 265/263/249 934/752/541 264/262/58
f 934/752/541 265/263/249 272/270/256
f 272/270/256 278/276/261 934/752/541
f 278/276/261 276/274/55 934/752/541
f 141/139/132 935/753/542 126/124/117
f 140/138/131 935/753/542 141/139/132
f 936/754/543 105/103/97 104/102/96
f 106/104/98 105/103/97 936/754/543
f 936/754/543 935/753/542 140/138/131
f 937/755/544 106/104/98 936/754/543
f 937/755/544 936/754/543 140/138/131
f 103/101/95 109/107/101 938/756/545
f 104/102/96 938/756/545 936/754/543
f 938/756/545 935/753/542 936/754/543
f 935/753/542 938/756/545 126/124/117
f 109/107/101 126/124/117 938/756/545
f 103/101/95 938/756/545 104/102/96
f 939/567/346 940/757/347 941/758/546
f 942/759/546 939/567/346 941/758/546
f 942/759/546 941/758/546 943/760/58
f 941/758/546 944/761/58 943/760/58
f 943/760/58 944/761/58 945/762/547
f 946/578/547 943/760/58 945/762/547
f 947/763/393 948/764/59 949/765/362
f 948/764/59 947/763/393 950/766/359
f 951/767/300 948/764/59 950/766/359
f 951/767/300 952/768/548 948/764/59
f 952/768/548 953/769/472 948/764/59
f 953/769/472 954/770/398 948/764/59
f 948/764/59 955/771/399 949/765/362
f 954/770/398 955/771/399 948/764/59
f 956/772/306 957/773/531 958/774/394
f 957/773/531 956/772/306 959/775/395
f 960/776/300 957/773/531 959/775/395
f 960/776/300 961/777/301 957/773/531
f 961/777/301 962/778/549 957/773/531
f 962/778/549 963/779/487 957/773/531
f 957/773/531 964/780/473 958/774/394
f 963/779/487 964/780/473 957/773/531
f 965/781/550 966/782/551 967/783/552
f 966/782/551 965/781/550 968/784/553
f 969/785/554 966/782/551 968/784/553
f 969/785/554 970/786/380 966/782/551
f 970/786/380 971/787/555 966/782/551
f 971/787/555 972/788/382 966/782/551
f 966/782/551 973/789/556 967/783/552
f 972/788/382 973/789/556 966/782/551
f 974/525/557 975/526/557 976/790/558
f 977/546/559 974/525/557 976/790/558
f 977/546/559 976/790/558 978/791/560
f 979/548/561 977/546/559 978/791/560
f 979/548/561 978/791/560 980/516/557
f 981/515/557 979/548/561 980/516/557
f 982/526/457 983/524/457 984/522/562
f 985/790/562 982/526/457 984/522/562
f 985/790/562 984/522/562 986/520/562
f 987/791/562 985/790/562 986/520/562
f 987/791/562 986/520/562 988/517/457
f 989/516/457 987/791/562 988/517/457
f 990/792/550 991/793/551 992/794/552
f 991/793/551 990/792/550 993/795/437
f 994/796/379 991/793/551 993/795/437
f 994/796/379 995/797/439 991/793/551
f 995/797/439 996/798/563 991/793/551
f 996/798/563 997/799/564 991/793/551
f 991/793/551 998/800/535 992/794/552
f 997/799/564 998/800/535 991/793/551
f 999/578/565 1000/577/565 1001/579/559
f 1002/760/559 999/578/565 1001/579/559
f 1002/760/559 1001/579/559 1003/580/566
f 1004/759/566 1002/760/559 1003/580/566
f 1004/759/566 1003/580/566 1005/568/557
f 1006/567/557 1004/759/566 1005/568/557
f 1007/620/565 1008/619/567 1009/621/3
f 1010/801/3 1007/620/565 1009/621/3
f 1010/801/3 1009/621/3 1011/622/568
f 1012/802/568 1010/801/3 1011/622/568
f 1012/802/568 1011/622/568 1013/610/3
f 1014/609/3 1012/802/568 1013/610/3
f 1015/609/346 1016/803/347 1017/804/546
f 1018/802/546 1015/609/346 1017/804/546
f 1018/802/546 1017/804/546 1019/801/330
f 1017/804/546 1020/805/330 1019/801/330
f 1019/801/330 1020/805/330 1021/806/569
f 1022/620/569 1019/801/330 1021/806/569
f 1023/440/457 1024/439/457 1025/708/457
f 1026/807/457 1023/440/457 1025/708/457
f 1026/807/457 1025/708/457 1027/706/457
f 1028/808/456 1026/807/457 1027/706/457
f 1028/808/456 1027/706/457 1029/435/477
f 1030/434/477 1028/808/456 1029/435/477
f 1031/437/570 1032/440/557 1033/807/571
f 1034/717/571 1031/437/570 1033/807/571
f 1034/717/571 1033/807/571 1035/808/571
f 1036/719/571 1034/717/571 1035/808/571
f 1036/719/571 1035/808/571 1037/434/557
f 1038/433/557 1036/719/571 1037/434/557
f 1039/664/54 1040/809/572 1041/810/331
f 1040/809/572 1042/811/572 1041/810/331
f 1043/812/573 1042/811/572 1040/809/572
f 1044/813/329 1043/812/573 1040/809/572
f 1045/814/574 1043/812/573 1044/813/329
f 1046/511/60 1045/814/574 1044/813/329
f 1047/664/575 1048/663/575 1049/665/575
f 1050/809/575 1047/664/575 1049/665/575
f 1050/809/575 1049/665/575 1051/666/576
f 1052/813/577 1050/809/575 1051/666/576
f 1052/813/577 1051/666/576 1053/512/570
f 1054/511/557 1052/813/577 1053/512/570
f 1055/815/578 1056/816/579 1057/817/21
f 1056/816/579 1055/815/578 1058/818/12
f 1059/819/580 1056/816/579 1058/818/12
f 1059/819/580 1060/820/27 1056/816/579
f 1060/820/27 1061/821/28 1056/816/579
f 1061/821/28 1062/822/29 1056/816/579
f 1056/816/579 1063/823/535 1057/817/21
f 1062/822/29 1063/823/535 1056/816/579
f 1064/824/24 1065/825/25 1066/826/581
f 1065/825/25 1064/824/24 1067/827/485
f 1068/828/582 1065/825/25 1067/827/485
f 1068/828/582 1069/829/27 1065/825/25
f 1069/829/27 1070/830/583 1065/825/25
f 1070/830/583 1071/831/19 1065/825/25
f 1065/825/25 1072/832/535 1066/826/581
f 1071/831/19 1072/832/535 1065/825/25
