# Blender 5.1.1
# www.blender.org
mtllib Finnish M28.mtl
o MNStock_Low_004_Main_0
v 0.016140 0.006097 -0.115054
v 0.016921 0.003275 -0.113632
v 0.016626 0.003723 -0.022258
v 0.015967 0.007621 -0.023092
v -0.015989 0.007375 -0.023297
v 0.010829 0.008930 -0.295494
v 0.020512 0.013382 -0.227597
v 0.015688 0.019025 -0.272669
v 0.012669 0.019719 -0.275454
v 0.012736 0.022239 -0.272586
v 0.015755 0.022149 -0.268410
v -0.010911 0.009060 -0.295443
v 0.015160 0.022244 -0.269548
v 0.012692 0.022244 -0.272645
v -0.016100 0.022244 -0.142106
v -0.012761 0.022175 -0.272445
v -0.015235 0.022244 -0.269360
v -0.017295 0.022244 -0.265486
v -0.016116 0.022207 -0.267936
v -0.020698 0.010863 -0.127601
v -0.020586 0.016982 -0.143836
v -0.020586 0.015842 -0.145372
v -0.016172 0.022235 -0.141988
v 0.006158 -0.035392 -0.289566
v 0.008042 0.037618 -0.219353
v 0.008125 0.037593 -0.228800
v 0.007753 0.021314 -0.222526
v 0.007023 0.025275 -0.228072
v 0.016038 0.022242 -0.232080
v 0.004033 0.037030 -0.231888
v 0.008071 0.037557 -0.228901
v 0.006256 0.036873 -0.233330
v 0.015979 0.022282 -0.242876
v 0.013405 0.027742 -0.237883
v 0.003948 0.031603 -0.266412
v 0.004365 0.028580 -0.269689
v 0.006173 0.026802 -0.270553
v 0.004048 0.035250 -0.260915
v -0.008130 0.037625 -0.219353
v -0.008115 0.037541 -0.228811
v -0.016092 0.022244 -0.240911
v -0.007807 0.021130 -0.214542
v -0.004108 0.037273 -0.229668
v -0.011077 0.031499 -0.233067
v -0.013333 0.027758 -0.238900
v -0.004107 0.031817 -0.266101
v -0.004110 0.035250 -0.260915
v -0.006824 0.026095 -0.272232
v -0.006758 0.025955 -0.270580
v -0.005544 0.027637 -0.270379
v 0.016091 0.022243 -0.232616
v 0.020511 0.022244 -0.232092
v 0.020387 0.022244 -0.247885
v 0.011400 0.031066 0.036967
v 0.000953 0.037708 0.037261
v -0.016130 0.022252 0.040965
v -0.008263 0.037599 0.040109
v -0.008094 0.037704 -0.111790
v -0.012810 0.028094 -0.105901
v -0.000633 0.037488 -0.107224
v 0.011967 0.029629 -0.104228
v 0.016050 0.022247 -0.111801
v 0.008022 0.037702 -0.111828
v 0.009930 0.034005 -0.148888
v 0.011354 0.031266 -0.150263
v 0.011839 0.030333 -0.213932
v 0.012004 0.030014 -0.211130
v 0.011310 0.031349 -0.215602
v 0.012003 0.030016 -0.154766
v 0.011741 0.030521 -0.151535
v 0.008743 0.036277 -0.217306
v -0.009383 0.035169 -0.216824
v -0.008052 0.037710 -0.143881
v -0.011693 0.019700 -0.143033
v 0.008005 0.037710 -0.148222
v 0.006100 0.031125 -0.147730
v 0.004033 0.035793 -0.217084
v 0.008388 0.026190 -0.214390
v 0.008443 0.022229 -0.214612
v -0.004079 0.035784 -0.217183
v -0.004091 0.029071 -0.216275
v -0.016107 0.022294 -0.214274
v -0.011280 0.015942 -0.145070
v 0.006891 -0.026498 -0.133047
v 0.006901 -0.034608 -0.130516
v 0.006901 -0.032914 -0.126708
v -0.006933 -0.024852 -0.114674
v 0.006894 -0.024852 -0.114672
v -0.006969 -0.026801 -0.118711
v 0.006899 -0.026801 -0.118711
v -0.006966 -0.026498 -0.133047
v -0.006976 -0.034608 -0.130516
v -0.006976 -0.032914 -0.126708
v -0.006981 -0.024946 -0.135749
v -0.007060 -0.022167 -0.127262
v 0.012605 0.022244 0.033121
v 0.011957 0.022244 0.029180
v -0.012680 0.022244 0.033121
v -0.019217 0.022244 0.014976
v -0.012032 0.022244 0.029180
v 0.013519 0.022244 -0.102664
v 0.020505 0.022244 -0.068100
v 0.014275 0.022244 -0.106842
v -0.013712 0.022244 -0.103529
v 0.015752 0.022244 -0.244553
v 0.004033 0.037708 -0.227650
v 0.004124 0.029089 -0.215841
v -0.004108 0.037708 -0.227649
v 0.016145 0.017123 -0.219570
v 0.016044 0.017123 -0.227597
v -0.010190 0.026180 -0.270598
v 0.012675 0.022228 -0.272588
v 0.009970 0.026135 -0.270669
v -0.007778 0.021564 -0.275728
v -0.007109 0.018754 -0.279250
v -0.004674 0.015771 -0.284238
v -0.000037 0.014325 -0.287210
v -0.002199 0.014612 -0.286727
v -0.010047 0.026076 -0.272231
v -0.007631 0.023606 -0.273838
v -0.006774 0.026076 -0.272231
v 0.013007 0.021945 -0.273268
v 0.006088 0.017201 -0.281707
v 0.007676 0.022440 -0.274769
v -0.000037 0.014325 -0.287210
v 0.002124 0.014612 -0.286727
v 0.003840 0.015384 -0.285130
v 0.007420 0.020018 -0.277623
v 0.009939 0.026031 -0.272137
v 0.006758 0.026038 -0.272203
v -0.012873 0.019566 -0.275577
v -0.019023 -0.008887 -0.052436
v -0.020193 -0.004132 -0.117088
v -0.020324 -0.002419 -0.115028
v -0.020511 -0.002518 -0.125474
v -0.018906 -0.009334 -0.128670
v -0.020112 -0.004470 -0.122865
v -0.020061 -0.004903 -0.119619
v -0.020664 0.000208 -0.126878
v -0.016513 0.008129 -0.122802
v -0.016215 0.008539 -0.119647
v -0.017551 0.005815 -0.125724
v -0.016991 0.003193 -0.113619
v -0.020623 0.003454 -0.126789
v -0.016943 0.003368 -0.113593
v -0.020480 0.003525 -0.126861
v -0.017780 0.005548 -0.125860
v -0.020397 0.000271 -0.113572
v 0.019177 -0.008313 -0.117796
v 0.020118 -0.004132 -0.117088
v 0.020248 -0.002419 -0.115028
v 0.020437 -0.002518 -0.125474
v 0.019372 -0.006515 -0.133246
v 0.020037 -0.004470 -0.122865
v 0.019986 -0.004903 -0.119619
v 0.020567 0.006205 -0.128436
v 0.016764 0.006414 -0.125298
v 0.020705 0.000106 -0.113732
v 0.020482 0.000261 -0.126884
v 0.016611 0.010918 -0.120713
v 0.016142 0.008539 -0.119647
v 0.016438 0.008128 -0.122802
v 0.020182 0.003760 -0.126733
v 0.016868 0.003368 -0.113593
v 0.020406 0.003525 -0.126861
v 0.017704 0.005548 -0.125860
v 0.020322 0.000271 -0.113572
v 0.006418 -0.023374 -0.100328
v 0.006524 -0.023470 -0.101210
v -0.006493 -0.023368 -0.100329
v -0.006599 -0.023476 -0.101208
v 0.006968 -0.025021 -0.230952
v 0.005906 -0.054600 -0.227183
v 0.005905 -0.024141 -0.230982
v -0.007032 -0.025025 -0.231558
v -0.005980 -0.024215 -0.231669
v -0.011113 -0.023758 -0.231756
v -0.011001 -0.054604 -0.227220
v 0.006967 -0.022545 -0.176454
v 0.006865 -0.026789 -0.137362
v 0.010926 -0.054604 -0.227220
v 0.005904 -0.054605 -0.227220
v 0.005908 -0.054888 -0.228518
v -0.005981 -0.054819 -0.228539
v -0.005978 -0.024217 -0.231672
v -0.005980 -0.054605 -0.227220
v 0.004431 -0.034798 -0.290153
v 0.004574 -0.026142 -0.251601
v -0.004510 -0.034798 -0.290153
v -0.004518 -0.040726 -0.285322
v -0.004670 -0.026055 -0.250960
v 0.015040 -0.058528 -0.411281
v 0.014087 0.015632 0.317236
v 0.014160 0.015660 0.288597
v 0.008827 0.000130 0.472435
v 0.012354 0.007307 0.317934
v 0.013477 0.008011 0.289543
v 0.010633 0.003321 0.261414
v 0.013838 0.010975 0.287470
v 0.013507 0.010876 0.261414
v 0.014101 0.024704 0.261414
v 0.009972 0.001715 0.078008
v 0.009012 0.000779 0.079193
v 0.005490 0.001978 0.071881
v 0.005489 0.002456 0.067851
v 0.012052 0.002761 0.075409
v 0.014617 0.007499 0.071876
v 0.011622 0.002072 0.071924
v 0.007856 -0.004748 0.079849
v 0.007856 -0.002716 0.080259
v 0.007818 -0.006373 0.083145
v 0.007878 -0.000509 0.083254
v 0.007819 -0.007311 0.068014
v 0.005490 -0.006936 0.067968
v 0.007878 -0.000520 0.079912
v 0.007826 0.002397 0.070202
v 0.007818 0.001901 0.071876
v 0.007902 0.000385 0.070333
v 0.007818 0.002456 0.067851
v 0.013961 0.025403 0.077999
v 0.012029 0.002768 0.476655
v 0.012120 0.001924 0.479851
v 0.007820 0.000286 0.481766
v 0.007818 0.002058 0.480187
v 0.007818 0.002058 0.485427
v 0.003803 -0.002424 0.470015
v 0.007882 0.000248 0.469913
v 0.007811 -0.003880 0.470041
v 0.013963 0.025390 0.474049
v 0.015358 0.026314 0.474049
v 0.005489 -0.002756 0.485553
v 0.005024 -0.000073 0.485424
v 0.003200 -0.000739 0.485426
v 0.011450 0.027525 0.531213
v 0.007012 0.025714 0.531210
v 0.005479 0.032980 0.531219
v 0.014141 0.022813 0.517627
v 0.013615 0.027052 0.517627
v 0.009802 0.033710 0.517627
v 0.009816 0.031722 0.517627
v 0.012437 0.030509 0.517627
v 0.012605 0.028238 0.517627
v 0.003200 -0.000427 0.530331
v 0.002711 0.002221 0.532918
v 0.013949 0.025466 0.480205
v 0.013283 0.011594 0.480210
v 0.015328 0.014319 0.480187
v 0.009900 0.006368 0.532956
v 0.009984 0.013195 0.532915
v 0.008227 0.008066 0.532915
v 0.003222 0.003880 0.532915
v 0.004839 0.004794 0.532915
v 0.002297 0.007014 0.532915
v 0.002444 0.003908 0.532915
v 0.004133 0.030613 0.621127
v 0.006921 0.033123 0.621127
v 0.006921 0.028903 0.613076
v 0.004137 0.030611 0.613077
v 0.006921 0.033123 0.613077
v 0.001951 0.033123 0.621127
v 0.000901 0.031535 0.621127
v 0.003728 0.031258 0.615760
v 0.003728 0.028903 0.614418
v 0.003728 0.031258 0.618444
v 0.001951 0.033123 0.613076
v 0.000901 0.031535 0.613077
v 0.001409 0.033318 0.613076
v 0.003728 0.033123 0.615760
v 0.002204 0.018604 0.635005
v 0.002453 0.017268 0.635840
v 0.003909 0.021166 0.635005
v 0.005031 0.020398 0.635839
v 0.003304 0.024184 0.635005
v 0.004640 0.024433 0.635840
v 0.000725 0.025904 0.634996
v 0.001983 0.026816 0.635795
v -0.001583 0.027014 0.635839
v -0.000038 0.016666 0.635695
v -0.000038 0.017866 0.634828
v 0.006921 0.028903 0.621127
v -0.014164 0.015602 0.317228
v -0.014236 0.015661 0.288598
v -0.009366 0.001872 0.474051
v -0.008903 0.000131 0.472436
v -0.012430 0.007307 0.317935
v -0.013553 0.008011 0.289544
v -0.013914 0.010977 0.287471
v -0.013581 0.010870 0.261414
v -0.014177 0.024703 0.261414
v -0.010048 0.001715 0.078008
v -0.009083 0.000771 0.079198
v -0.005565 0.001961 0.071879
v -0.005565 0.002456 0.067851
v -0.012127 0.002761 0.075409
v -0.011697 0.002072 0.071924
v -0.007931 -0.004748 0.079849
v -0.007893 -0.006373 0.083145
v -0.007931 -0.002716 0.080259
v -0.007954 -0.000509 0.083254
v -0.007894 -0.007311 0.068014
v -0.005565 -0.008764 0.068406
v -0.007954 -0.000520 0.079912
v -0.007901 0.002397 0.070202
v -0.007984 0.000385 0.070333
v -0.007894 0.001901 0.071876
v -0.007894 0.002456 0.067851
v -0.014036 0.025410 0.077999
v -0.016519 0.026620 0.078014
v -0.012106 0.002767 0.476655
v -0.012197 0.001924 0.479850
v -0.007895 0.000286 0.481766
v -0.007894 0.002058 0.485427
v -0.007894 0.002058 0.480187
v -0.003880 -0.002424 0.470015
v -0.007886 -0.003880 0.470041
v -0.007958 0.000248 0.469913
v -0.014039 0.025395 0.474049
v -0.015181 0.029081 0.474049
v -0.005563 -0.002783 0.485802
v -0.005102 -0.000072 0.485424
v -0.003276 -0.000739 0.485426
v -0.010024 0.030580 0.531239
v -0.007389 0.024989 0.531210
v -0.013691 0.027054 0.517627
v -0.014217 0.022813 0.517627
v -0.009878 0.033710 0.517627
v -0.012510 0.030514 0.517627
v -0.009893 0.031721 0.517627
v -0.012680 0.028237 0.517627
v -0.003276 -0.000427 0.530331
v -0.002467 0.007021 0.532917
v -0.014025 0.025466 0.480205
v -0.013360 0.011596 0.480210
v -0.015388 0.014330 0.480188
v -0.009975 0.006368 0.532956
v -0.010060 0.013196 0.532915
v -0.008300 0.008063 0.532915
v -0.004914 0.004793 0.532915
v -0.002373 0.007014 0.532915
v -0.002519 0.003908 0.532915
v -0.003354 0.031041 0.621127
v -0.006997 0.033123 0.621127
v -0.006997 0.028903 0.613076
v -0.006997 0.033123 0.613077
v -0.002027 0.033123 0.621127
v -0.003804 0.031258 0.615760
v -0.003804 0.028903 0.619786
v -0.003804 0.031258 0.618444
v -0.002027 0.033123 0.613076
v -0.003354 0.031041 0.613078
v -0.001493 0.033230 0.613076
v -0.003804 0.033123 0.615760
v -0.002278 0.018604 0.635005
v -0.004138 0.018589 0.635840
v -0.003985 0.021169 0.635005
v -0.005307 0.021430 0.635707
v -0.003378 0.024186 0.635005
v -0.004714 0.024437 0.635839
v -0.000038 0.016666 0.635695
v -0.000038 0.017866 0.634828
v -0.001561 0.016932 0.635787
v -0.006997 0.028903 0.621127
v 0.003822 0.001057 0.591316
v 0.002622 0.001967 0.591316
v 0.002422 -0.001558 0.591316
v 0.002217 -0.000066 0.591316
v 0.000334 -0.002349 0.591316
v -0.001504 -0.002105 0.591316
v -0.000567 -0.001220 0.591316
v -0.002976 -0.000980 0.591316
v -0.002292 -0.000066 0.591316
v -0.003897 0.001057 0.591316
v -0.002697 0.001967 0.591316
v -0.003228 0.003572 0.591316
v -0.001921 0.003324 0.591316
v -0.000566 0.004100 0.591316
v -0.001504 0.004985 0.591316
v 0.001087 0.005152 0.591316
v 0.001470 0.003694 0.591316
v 0.003154 0.003569 0.591316
v -0.000037 0.041187 -0.041259
v -0.000117 0.041297 -0.044305
v -0.008516 -0.025638 -0.136819
v -0.008516 -0.024071 -0.137495
v -0.008516 -0.027220 -0.137353
v -0.008516 -0.025865 -0.138772
v -0.008516 -0.027697 -0.138889
v -0.008516 -0.029144 -0.135870
v -0.008516 -0.030862 -0.134921
v -0.008516 -0.026106 -0.133218
v -0.008516 -0.023950 -0.132948
v -0.008516 -0.028384 -0.136874
v -0.008516 -0.029391 -0.138182
v -0.008516 -0.027770 -0.133105
v -0.008516 -0.028963 -0.131883
v -0.008516 -0.026439 -0.131391
v -0.008516 -0.030506 -0.136726
v -0.008516 -0.024896 -0.135323
v -0.008516 -0.023288 -0.135434
v -0.008516 -0.029030 -0.134202
v -0.008516 -0.030268 -0.133178
v 0.008441 -0.025638 -0.136819
v 0.008441 -0.024071 -0.137495
v 0.008441 -0.027220 -0.137353
v 0.008441 -0.027697 -0.138889
v 0.008441 -0.025865 -0.138772
v 0.008441 -0.029144 -0.135870
v 0.008441 -0.030862 -0.134921
v 0.008441 -0.026106 -0.133218
v 0.008441 -0.023950 -0.132948
v 0.008441 -0.028384 -0.136874
v 0.008441 -0.029391 -0.138182
v 0.008441 -0.027770 -0.133105
v 0.008441 -0.026439 -0.131391
v 0.008441 -0.028963 -0.131883
v 0.008441 -0.030506 -0.136726
v 0.008441 -0.024896 -0.135323
v 0.008441 -0.023288 -0.135434
v 0.008441 -0.029030 -0.134202
v 0.008441 -0.030268 -0.133178
v 0.017464 0.022244 0.071835
v -0.017529 0.022244 0.071835
v 0.017413 0.008004 0.071838
v -0.000036 -0.022322 -0.047786
v 0.009984 -0.020808 -0.045989
v -0.000038 -0.014672 0.021723
v 0.014381 -0.000564 0.067893
v 0.015421 -0.009301 0.013854
v 0.010053 -0.013448 0.020779
v 0.009255 -0.005000 0.067904
v 0.012805 -0.019450 -0.045129
v 0.019871 0.007520 -0.013685
v 0.016728 0.007356 -0.016906
v 0.019254 -0.003760 -0.013737
v 0.015915 -0.015723 -0.045203
v 0.016009 -0.016011 -0.162997
v 0.012944 -0.019676 -0.156925
v 0.019810 0.022244 -0.013490
v -0.000036 -0.014767 0.021193
v -0.000037 -0.006175 0.067907
v 0.019948 0.002114 -0.017487
v 0.020413 0.022244 -0.044843
v 0.015481 0.001957 0.069555
v 0.013994 -0.000458 0.069563
v -0.000038 -0.022293 -0.046649
v 0.020246 0.014170 -0.019858
v 0.016704 0.011262 -0.022192
v 0.020507 0.000423 -0.030016
v 0.018905 -0.008949 -0.049468
v 0.015952 0.007785 -0.117106
v 0.015350 0.001709 0.071790
v -0.015423 0.001707 0.071812
v -0.014132 -0.000537 0.069071
v 0.014130 -0.000441 0.068541
v 0.010135 -0.021321 -0.095508
v 0.006947 -0.022199 -0.101484
v 0.020591 0.013657 -0.124083
v 0.019138 0.022244 0.015120
v 0.007748 0.022244 0.022940
v -0.019937 0.011538 -0.015423
v -0.019998 0.008287 -0.013926
v -0.019826 0.022244 -0.009285
v -0.000038 -0.006186 0.067909
v -0.010109 -0.020795 -0.046139
v 0.004454 -0.022491 -0.098879
v -0.000037 -0.022483 -0.098767
v 0.015341 0.001944 0.071835
v 0.014821 0.007636 -0.291521
v 0.007134 0.009124 -0.298042
v -0.000036 0.008675 -0.300123
v 0.012167 -0.049099 -0.352224
v 0.009727 -0.051072 -0.346113
v 0.018951 -0.017452 -0.276770
v -0.000036 -0.054902 -0.349415
v 0.006775 -0.054279 -0.349924
v 0.007099 -0.120320 -0.575922
v 0.004499 -0.120324 -0.569180
v 0.005726 -0.120398 -0.578882
v 0.011439 -0.114909 -0.576382
v -0.000036 -0.121977 -0.575796
v 0.006281 -0.117491 -0.580959
v 0.011551 -0.113396 -0.580369
v 0.016751 -0.099622 -0.578035
v 0.016025 -0.095830 -0.583059
v 0.019237 -0.085200 -0.579704
v 0.016517 -0.074327 -0.586096
v 0.015543 -0.054112 -0.409894
v 0.005418 -0.011799 -0.352815
v 0.010339 -0.014815 -0.349334
v 0.005949 -0.014706 -0.365096
v -0.000037 -0.011633 -0.353765
v -0.000036 -0.014151 -0.370776
v -0.000035 -0.078343 -0.415880
v 0.005768 -0.014113 -0.372678
v 0.005460 -0.007699 -0.386394
v -0.000037 -0.006177 -0.388039
v 0.004879 -0.021717 -0.578398
v 0.007482 -0.026998 -0.592160
v 0.006550 -0.028763 -0.594812
v -0.000038 -0.025813 -0.592567
v 0.013330 -0.034152 -0.590030
v 0.011398 -0.034804 -0.594389
v 0.004674 -0.033927 -0.595766
v 0.003541 -0.003963 -0.401927
v 0.007103 -0.006147 -0.401437
v -0.000037 -0.002990 -0.417811
v 0.006141 -0.079611 -0.422717
v 0.012358 -0.076061 -0.438527
v 0.016342 -0.058308 -0.440705
v 0.008497 -0.098156 -0.488067
v 0.003956 -0.004191 -0.473125
v 0.007898 -0.006715 -0.471827
v 0.008793 -0.013568 -0.531491
v 0.004382 -0.008875 -0.519178
v -0.000037 -0.004611 -0.482997
v -0.000038 -0.011038 -0.535186
v 0.011681 -0.013258 -0.433389
v 0.014648 -0.024043 -0.397110
v 0.017050 -0.035621 -0.492006
v 0.013036 -0.019963 -0.514559
v 0.011628 -0.015438 -0.390531
v 0.010447 -0.021340 -0.367426
v 0.014531 -0.032273 -0.368928
v 0.018339 -0.053560 -0.585090
v 0.014506 -0.042614 -0.591816
v 0.018221 -0.054133 -0.584957
v 0.013859 -0.027181 -0.353065
v 0.004122 -0.102893 -0.495383
v -0.000037 -0.103921 -0.498398
v -0.000038 -0.110870 -0.582980
v 0.019891 -0.068816 -0.582075
v 0.016043 -0.034287 -0.393465
v 0.016286 -0.051516 -0.413113
v 0.014800 -0.038058 -0.357597
v 0.019784 -0.072296 -0.581464
v 0.019046 -0.072242 -0.584378
v 0.017750 -0.022394 -0.317959
v 0.000037 -0.070212 -0.587955
v 0.016905 -0.053356 -0.413548
v 0.016702 -0.062397 -0.437258
v 0.017319 -0.058491 -0.437575
v 0.016338 -0.056629 -0.412914
v 0.017077 -0.060433 -0.438698
v 0.016651 -0.054476 -0.412161
v 0.016219 -0.063872 -0.438025
v 0.017338 -0.058741 -0.439935
v 0.016515 -0.056160 -0.410440
v 0.017307 -0.058645 -0.437858
v 0.017074 -0.060421 -0.438595
v 0.016867 -0.061643 -0.438200
v 0.016562 -0.055041 -0.412175
v 0.016736 -0.054061 -0.412455
v -0.017394 -0.058484 -0.437525
v 0.016899 -0.053356 -0.413532
v 0.016687 -0.062403 -0.436989
v 0.016340 -0.056622 -0.412901
v -0.008078 0.037710 0.071835
v -0.017512 0.008031 0.071839
v -0.016034 0.007780 -0.117097
v -0.014428 -0.000548 0.067889
v -0.009994 -0.013448 0.021210
v -0.009433 -0.004957 0.067904
v -0.012880 -0.019449 -0.045139
v -0.020570 0.014454 -0.116300
v -0.017002 0.003163 -0.022755
v -0.014920 -0.010850 0.008336
v -0.017162 -0.013861 -0.183415
v -0.014017 -0.018940 -0.171997
v -0.008810 -0.021906 -0.096781
v -0.019949 0.003470 -0.015525
v -0.015827 0.001871 0.069586
v -0.014069 -0.000458 0.069563
v -0.020312 0.000721 -0.020889
v -0.019796 -0.004488 -0.027127
v 0.020342 0.022244 -0.042123
v -0.016907 0.007056 -0.016801
v -0.020788 0.000115 -0.113730
v -0.006982 -0.022157 -0.101370
v -0.016819 0.011234 -0.021413
v -0.000037 -0.022483 -0.098767
v 0.007789 0.022244 -0.043459
v -0.020508 0.022244 -0.049974
v -0.020364 0.014463 -0.025774
v -0.016214 0.006097 -0.115054
v -0.015831 -0.016063 -0.049315
v -0.007823 0.022244 0.022940
v -0.007864 0.022244 -0.043462
v -0.005977 -0.022264 -0.099767
v -0.015416 0.001944 0.071835
v 0.016044 0.022244 0.041111
v 0.016044 0.022244 0.071835
v 0.017454 0.022244 0.071835
v -0.016119 0.022244 0.071835
v 0.007990 0.037710 0.071835
v 0.016044 0.022244 0.071835
v 0.016043 0.022243 0.041113
v 0.007813 0.037625 0.041312
v -0.007267 0.009202 -0.297835
v -0.019298 -0.017278 -0.282546
v -0.000025 -0.035634 -0.290569
v -0.006232 -0.055288 -0.352014
v -0.013062 -0.047396 -0.355096
v -0.010279 -0.051195 -0.348032
v -0.007174 -0.120319 -0.575922
v -0.004574 -0.120324 -0.569180
v -0.009056 -0.117158 -0.580314
v -0.004959 -0.120326 -0.578994
v -0.011512 -0.114914 -0.576381
v -0.000038 -0.121977 -0.575796
v -0.000037 -0.055189 -0.350491
v -0.016826 -0.099626 -0.578034
v -0.015288 -0.104086 -0.580456
v -0.019361 -0.084876 -0.579746
v -0.012758 -0.103789 -0.582770
v -0.016591 -0.074325 -0.586096
v -0.015038 -0.058319 -0.410881
v -0.015956 -0.051478 -0.411344
v -0.004143 -0.011675 -0.353215
v -0.008005 -0.012948 -0.351651
v -0.006024 -0.014706 -0.365095
v -0.000037 -0.011633 -0.353765
v -0.000038 -0.014151 -0.370776
v -0.005843 -0.014113 -0.372679
v -0.005534 -0.007699 -0.386395
v -0.000037 -0.006177 -0.388039
v -0.004954 -0.021716 -0.578397
v -0.007558 -0.026998 -0.592160
v -0.004918 -0.026231 -0.592479
v -0.005434 -0.029772 -0.595388
v -0.010714 -0.032142 -0.594024
v -0.000036 -0.025813 -0.592567
v -0.013405 -0.034152 -0.590030
v -0.011677 -0.067961 -0.408871
v -0.003616 -0.003963 -0.401927
v -0.007177 -0.006147 -0.401437
v -0.000037 -0.002990 -0.417811
v -0.006216 -0.079619 -0.422741
v -0.000039 -0.078343 -0.415879
v -0.016195 -0.063899 -0.438083
v -0.016408 -0.058323 -0.440688
v -0.012996 -0.090779 -0.495311
v -0.008572 -0.098154 -0.488060
v -0.004031 -0.004191 -0.473125
v -0.007975 -0.006716 -0.471822
v -0.008869 -0.013568 -0.531489
v -0.004457 -0.008875 -0.519179
v -0.000037 -0.004611 -0.482997
v -0.000036 -0.011038 -0.535186
v -0.011756 -0.013257 -0.433401
v -0.017125 -0.035622 -0.491994
v -0.015473 -0.027261 -0.397074
v -0.013111 -0.019963 -0.514557
v -0.011701 -0.015432 -0.390533
v -0.010583 -0.020957 -0.369309
v -0.014607 -0.032273 -0.368929
v -0.018413 -0.053555 -0.585091
v -0.014581 -0.042613 -0.591816
v -0.019121 -0.072240 -0.584378
v -0.018296 -0.054128 -0.584958
v -0.011137 -0.016499 -0.349279
v -0.013509 -0.025719 -0.354063
v -0.004197 -0.102893 -0.495383
v -0.000037 -0.103921 -0.498398
v -0.008632 -0.038802 -0.594630
v -0.020000 -0.069018 -0.582043
v -0.016220 -0.039802 -0.393917
v -0.014905 -0.037164 -0.356620
v -0.019860 -0.072287 -0.581466
v -0.017592 -0.021315 -0.319388
v -0.016988 -0.053380 -0.413786
v -0.016779 -0.062392 -0.437278
v -0.016412 -0.056642 -0.412941
v -0.017161 -0.060369 -0.438699
v -0.016774 -0.054192 -0.412195
v -0.016982 -0.052090 -0.413364
v -0.017411 -0.058743 -0.439941
v -0.016589 -0.056166 -0.410439
v -0.017381 -0.058645 -0.437858
v -0.017148 -0.060421 -0.438595
v -0.016941 -0.061643 -0.438200
v -0.016637 -0.055041 -0.412175
v -0.016810 -0.054061 -0.412455
v -0.016975 -0.053356 -0.413532
v -0.016764 -0.062403 -0.436989
v -0.016414 -0.056622 -0.412901
v 0.017751 -0.015336 -0.237492
v 0.013313 -0.023631 -0.245647
v 0.017298 -0.022770 -0.276669
v 0.019914 -0.009952 -0.276856
v 0.015893 -0.025195 -0.276610
v 0.011183 -0.030174 -0.276526
v 0.020511 0.022244 -0.164915
v 0.016044 0.022244 -0.164901
v 0.019330 0.022244 -0.258986
v 0.017220 0.022244 -0.265634
v 0.010959 -0.023651 -0.230997
v 0.020448 0.022244 -0.164915
v -0.015702 -0.027004 -0.282376
v -0.016105 -0.020547 -0.251066
v -0.011198 -0.023816 -0.231747
v 0.009167 -0.021866 -0.180505
v 0.009523 -0.035667 -0.293187
v -0.019847 -0.011345 -0.282575
v -0.011386 -0.031668 -0.282319
v 0.020066 0.022264 -0.256639
v 0.020511 0.022244 -0.232092
v 0.020511 0.017123 -0.232092
v 0.020364 -0.003952 -0.276323
v 0.019110 0.013065 -0.272124
v 0.020511 0.017081 -0.166275
v 0.020511 0.013382 -0.219570
v 0.020511 0.017123 -0.219570
v 0.020510 0.017183 -0.165297
v 0.016054 0.017072 -0.165480
v 0.020511 0.017123 -0.227597
v 0.011057 -0.022925 -0.217258
v 0.018744 0.013328 -0.271924
v 0.019482 0.007217 -0.273670
v 0.017527 0.017234 -0.271229
v 0.020054 -0.003703 -0.276262
v 0.011524 -0.030011 -0.276536
v 0.017550 0.017247 -0.271236
v 0.015659 0.018999 -0.272651
v 0.012561 0.019493 -0.275236
v -0.005985 -0.035595 -0.290116
v 0.020049 -0.009608 -0.276846
v -0.000037 0.008675 -0.300121
v -0.011905 -0.026040 -0.257630
v -0.015641 -0.026908 -0.282388
v -0.011160 -0.031735 -0.282323
v -0.019818 -0.013719 -0.282632
v -0.014835 0.007420 -0.292052
v -0.020586 0.015635 -0.211818
v -0.020586 0.022244 -0.214417
v -0.019407 0.022244 -0.258912
v -0.019138 -0.010302 -0.229421
v 0.007013 -0.030822 -0.276529
v -0.009247 -0.021831 -0.180505
v -0.018782 0.005883 -0.279485
v -0.020586 0.015192 -0.147194
v -0.020307 0.022260 -0.255971
v -0.019901 -0.004826 -0.281977
v -0.018381 0.009614 -0.278674
v -0.020586 0.015201 -0.208689
v -0.020541 0.022244 -0.246554
v -0.017866 0.010759 -0.278496
v -0.019874 -0.004822 -0.281974
v -0.016411 0.014107 -0.278208
v -0.016411 0.014107 -0.278208
v -0.013084 0.022391 -0.272449
v -0.012591 0.017119 -0.279024
v -0.012663 0.017228 -0.279083
v -0.010990 -0.022731 -0.217264
v -0.020477 -0.004720 -0.266919
v -0.020530 0.022244 -0.142142
v -0.020586 0.015239 -0.145034
v -0.020586 0.022244 -0.142142
v -0.012064 0.015611 -0.210964
v -0.007178 -0.024295 -0.231633
v -0.007014 -0.032408 -0.282331
v -0.009310 -0.023207 -0.214057
v 0.009213 -0.023243 -0.213986
v 0.006970 -0.022521 -0.176365
v 0.007038 -0.030741 -0.276545
v 0.007178 -0.024248 -0.231004
v -0.007020 -0.022295 -0.176388
v -0.007234 -0.032392 -0.282337
v -0.000046 -0.035661 -0.291223
v 0.016044 0.017123 -0.232092
v 0.020511 0.017123 -0.232092
v 0.020511 0.017123 -0.219570
v 0.016103 0.015861 -0.219570
v 0.016044 0.014629 -0.227597
v 0.020511 0.013382 -0.219570
v 0.020511 0.015876 -0.227597
v 0.020511 0.017660 -0.165127
v -0.018032 -0.092423 -0.578834
v -0.009771 -0.029005 -0.591526
v -0.014677 -0.038543 -0.588855
v -0.010705 -0.116924 -0.576169
v -0.004430 -0.121143 -0.575867
v 0.003790 -0.121295 -0.575848
v 0.017957 -0.092423 -0.578834
v 0.009696 -0.029005 -0.591527
v 0.014604 -0.038545 -0.588855
v 0.004510 -0.026320 -0.592367
v 0.010631 -0.116923 -0.576169
v -0.000992 0.014181 -0.221896
v 0.005203 0.036396 -0.238130
v 0.004033 0.036488 -0.236574
v -0.004075 0.037653 -0.219843
v 0.005169 0.034900 -0.261680
v 0.004034 0.035249 -0.260931
v 0.004067 0.029100 -0.269436
v 0.007657 0.028238 -0.270073
v 0.008419 0.030677 -0.235843
v 0.006714 0.033550 -0.234434
v 0.006191 0.032630 -0.238069
v 0.006724 0.026079 -0.270554
v 0.009893 0.026110 -0.270868
v 0.006466 0.030009 -0.268523
v -0.007146 0.025249 -0.215364
v 0.007571 0.028263 -0.269987
v 0.009972 0.026076 -0.272231
v 0.005312 0.036527 -0.235996
v 0.004516 0.015697 -0.284362
v 0.002679 0.014665 -0.222370
v -0.005144 0.035224 -0.261021
v 0.006799 0.026030 -0.272247
v 0.007238 0.019154 -0.278731
v 0.007670 0.022453 -0.274744
v -0.000037 0.014306 -0.287202
v 0.002119 0.014611 -0.286728
v 0.004984 0.035200 -0.261060
v 0.006554 0.029928 -0.268617
v 0.009972 0.026076 -0.270577
v 0.009972 0.026076 -0.272231
v -0.004122 0.029070 -0.269249
v -0.004108 0.036481 -0.236635
v -0.005270 0.036389 -0.238187
v -0.005232 0.035044 -0.261424
v -0.004113 0.035126 -0.261591
v -0.006388 0.036886 -0.233141
v -0.006421 0.030285 -0.268192
v -0.004120 0.029030 -0.269277
v -0.008143 0.037609 -0.228900
v -0.006834 0.033920 -0.234022
v -0.008992 0.030005 -0.237625
v -0.006263 0.032712 -0.237962
v -0.005306 0.036448 -0.237142
v -0.006806 0.026087 -0.270634
v -0.010047 0.026076 -0.270577
v -0.007728 0.028060 -0.269981
v -0.004590 0.015698 -0.284362
v -0.007146 0.018865 -0.279187
v -0.004657 0.015642 -0.220727
v -0.007842 0.022357 -0.274730
v -0.008738 0.027489 -0.270473
v -0.002195 0.014610 -0.286728
v -0.007517 0.028431 -0.269930
v -0.006505 0.030192 -0.268304
v -0.010047 0.026076 -0.272231
v -0.012767 0.022244 -0.273119
v -0.010047 0.026076 -0.272231
v -0.010047 0.026076 -0.270577
v -0.008016 0.022261 0.023414
v -0.009781 0.022244 0.023689
v -0.009131 0.026095 0.023690
v -0.011469 0.027129 0.032042
v -0.012773 0.022249 0.033342
v -0.000439 0.035263 0.032371
v -0.007694 0.032521 0.032660
v 0.012606 0.022245 0.033090
v 0.011781 0.022246 0.025885
v 0.010653 0.028350 0.025813
v 0.011193 0.027786 0.032555
v 0.004809 0.028244 -0.043191
v 0.007244 0.025006 -0.043155
v 0.005493 0.029092 -0.046984
v 0.008262 0.025415 -0.046982
v 0.007243 0.025136 0.023469
v 0.005884 0.030322 0.023689
v 0.009041 0.026217 0.023691
v 0.003999 0.028970 0.023365
v -0.001063 0.029901 0.023413
v -0.003840 0.031544 0.023689
v 0.001164 0.032252 0.023691
v -0.005636 0.027802 0.023403
v 0.007169 0.032617 0.031410
v -0.004794 0.033731 0.025907
v -0.010577 0.028627 0.025801
v 0.003319 0.034357 0.025866
v -0.011797 0.022244 0.025816
v -0.006955 0.029296 0.023689
v 0.009743 0.022244 0.023689
v 0.007788 0.022244 0.023343
v 0.007970 0.022247 -0.045881
v -0.008046 0.022266 -0.044380
v -0.006245 0.026862 -0.043113
v -0.007095 0.027566 -0.046984
v 0.001012 0.029833 -0.043130
v 0.001223 0.030912 -0.046984
v -0.002994 0.029335 -0.043187
v -0.003384 0.030352 -0.046983
v 0.009743 0.022244 0.023689
v 0.011884 0.022244 0.025881
v 0.013209 0.026932 -0.095073
v 0.008496 0.033319 -0.095073
v 0.009611 0.031644 -0.050884
v 0.005264 0.034691 -0.050896
v -0.008348 0.032954 -0.050896
v 0.001790 0.036073 -0.095059
v -0.005544 0.035066 -0.095073
v -0.012679 0.027367 -0.050895
v -0.014344 0.022282 -0.095169
v -0.011682 0.029983 -0.095174
v -0.001774 0.035646 -0.050897
v 0.013600 0.022245 -0.050867
v 0.012620 0.027326 -0.050896
v -0.013674 0.022245 -0.050867
v -0.009534 0.022256 -0.047390
v 0.011432 0.026830 -0.096667
v 0.012788 0.022226 -0.097101
v 0.001589 0.034358 -0.096662
v 0.007534 0.031894 -0.096663
v -0.008778 0.030812 -0.096723
v -0.011494 0.026857 -0.096665
v -0.004790 0.033521 -0.096662
v -0.012427 0.022244 -0.096723
v 0.008977 0.026219 0.023748
v 0.009743 0.022244 0.023689
v 0.001151 0.032203 0.023741
v 0.005842 0.030288 0.023744
v -0.006955 0.029296 0.023689
v -0.009064 0.026091 0.023755
v -0.003827 0.031494 0.023743
v -0.009781 0.022244 0.023689
v -0.016106 0.022237 -0.141770
v -0.008079 0.037710 -0.143921
v 0.008003 0.037710 -0.148230
v -0.016118 0.022244 -0.111921
v 0.011093 0.030117 -0.097961
v 0.013690 0.022245 -0.104569
v 0.005436 0.035427 -0.103908
v -0.008316 0.033801 -0.104021
v 0.012807 0.022266 -0.096418
v -0.002898 0.036042 -0.098047
v 0.005506 0.035006 -0.098106
v -0.013755 0.022247 -0.103706
v -0.012610 0.022224 -0.096598
v -0.012016 0.029515 -0.098191
v -0.011397 0.026992 -0.096806
v -0.007491 0.031945 -0.096819
v -0.003219 0.034006 -0.096723
v 0.001586 0.034337 -0.096817
v 0.007474 0.031911 -0.096812
v 0.011295 0.026972 -0.096830
v 0.016037 0.022241 -0.164901
v 0.007429 0.029727 -0.215218
v 0.004033 0.029052 -0.215826
v -0.008662 0.036582 -0.217614
v 0.007414 0.029806 -0.215064
v 0.011973 0.029962 -0.213395
v 0.011310 0.031349 -0.215602
v -0.002238 0.014084 -0.116757
v -0.007115 0.018058 -0.135025
v -0.008009 0.024784 -0.116757
v -0.006529 0.026964 -0.144408
v -0.007325 0.018550 -0.145544
v -0.007154 0.017924 -0.116757
v -0.003183 0.029559 -0.145265
v -0.002017 0.030082 -0.116757
v 0.007333 0.018629 -0.116757
v 0.004072 0.014867 -0.116757
v 0.003560 0.029678 -0.146987
v 0.003142 0.029542 -0.116757
v 0.008043 0.022079 -0.131236
v 0.008402 0.022701 -0.148176
v 0.008049 0.022018 -0.116757
v -0.008122 0.023035 -0.143991
v 0.007027 0.026318 -0.116757
v 0.008487 0.022784 -0.148258
v 0.008043 0.022070 -0.130709
v 0.008049 0.022018 -0.116757
v -0.007126 0.018054 -0.134899
v -0.007890 0.020013 -0.144203
v -0.007543 0.018493 -0.145341
v -0.007049 0.018006 -0.116757
v 0.004031 0.029023 -0.147118
v 0.001047 0.030115 -0.146354
v -0.003145 0.029572 -0.145279
v -0.006509 0.027001 -0.144436
v -0.008092 0.023255 -0.143979
v -0.007369 0.017747 -0.150063
v 0.008641 0.025899 -0.149538
v 0.008635 0.024189 -0.148422
v 0.011394 0.031163 -0.149912
v 0.007024 0.030479 -0.149053
v 0.007314 0.030122 -0.153530
v 0.007124 0.030441 -0.149070
v 0.006291 0.027101 -0.147844
v 0.008285 0.022910 -0.148317
v 0.008523 0.025863 -0.149547
v 0.007454 0.030099 -0.211166
v 0.004864 0.015520 -0.213741
v 0.007250 0.029943 -0.149000
v 0.011559 0.030697 -0.150172
v 0.012004 0.030021 -0.154844
v 0.006878 0.018011 -0.218259
v 0.008593 0.023697 -0.214689
v -0.007235 0.018915 -0.213824
v 0.004033 0.037095 -0.218238
v 0.004033 0.037655 -0.219849
v 0.006449 0.026394 -0.215354
v -0.004079 0.037092 -0.218271
v -0.004081 0.037194 -0.217877
v -0.008118 0.037594 -0.219433
v -0.007853 0.021995 -0.214613
v -0.007186 0.025234 -0.215314
v -0.004079 0.029069 -0.216275
v -0.016119 0.022244 -0.214448
v -0.007296 0.017887 -0.211695
v 0.008366 0.026669 -0.214299
v 0.007378 0.029748 -0.215095
v -0.008880 0.036165 -0.217146
v 0.004037 0.037335 -0.217990
v 0.008030 0.037652 -0.219870
v 0.008473 0.036775 -0.217751
v 0.013876 0.022243 -0.050802
v 0.012843 0.027535 -0.050806
v 0.001824 0.035898 -0.050813
v 0.008526 0.033145 -0.050798
v -0.009846 0.031902 -0.050796
v -0.012915 0.027487 -0.050813
v -0.005377 0.035007 -0.050798
v -0.013918 0.022243 -0.050814
v -0.007906 0.020009 -0.144203
v -0.007433 0.018023 -0.145992
v -0.007399 0.018040 -0.213485
v 0.009180 -0.022027 -0.180518
v -0.006669 -0.022201 -0.100224
v 0.006163 -0.023184 -0.099444
v 0.006279 -0.022256 -0.099563
v 0.010926 -0.054604 -0.227220
v 0.010959 -0.023651 -0.230997
v 0.010959 -0.022791 -0.217185
v 0.009744 -0.051088 -0.211305
v 0.009328 -0.023192 -0.214294
v 0.009156 -0.049219 -0.202642
v -0.006176 -0.023185 -0.099485
v -0.000053 -0.022576 -0.098623
v 0.006978 -0.022167 -0.128398
v 0.009155 -0.051579 -0.202124
v 0.006914 -0.025164 -0.134076
v 0.006906 -0.024946 -0.135749
v 0.007025 -0.022180 -0.145872
v 0.006901 -0.024632 -0.136193
v 0.004901 -0.024949 -0.136400
v 0.004901 -0.026833 -0.132696
v 0.006901 -0.026908 -0.132939
v 0.006901 -0.026947 -0.132888
v 0.004901 -0.026940 -0.132937
v 0.006901 -0.029588 -0.135666
v 0.004901 -0.029634 -0.135853
v -0.009173 -0.045538 -0.176609
v -0.007013 -0.022574 -0.176294
v -0.009354 -0.022074 -0.180674
v -0.011001 -0.054604 -0.227220
v -0.009820 -0.051083 -0.211276
v -0.011001 -0.022750 -0.217269
v -0.011119 -0.023709 -0.231755
v -0.009230 -0.049219 -0.202642
v -0.009385 -0.023232 -0.214202
v -0.005988 -0.024313 -0.232260
v -0.006976 -0.025348 -0.136919
v -0.004976 -0.027901 -0.137598
v -0.004976 -0.024730 -0.135010
v -0.006976 -0.025752 -0.133231
v -0.004976 -0.027800 -0.132792
v -0.006976 -0.027767 -0.133122
v -0.006976 -0.027767 -0.133122
v -0.004976 -0.028025 -0.132721
v -0.006976 -0.029588 -0.135666
v 0.006672 -0.035679 -0.127919
v -0.006702 -0.035645 -0.127738
v 0.008810 -0.047657 -0.176642
v -0.008876 -0.047330 -0.176273
v -0.009230 -0.058472 -0.227713
v -0.004511 -0.055819 -0.228348
v 0.004437 -0.055817 -0.228338
v 0.009155 -0.058472 -0.227713
v 0.006661 -0.026881 -0.115489
v -0.006726 -0.026954 -0.115600
v -0.009101 -0.058657 -0.227730
v 0.006900 -0.034608 -0.130515
v 0.005948 -0.023232 -0.099953
v 0.006901 -0.026801 -0.118711
v 0.005918 -0.024885 -0.100065
v -0.006216 -0.023267 -0.100297
v 0.006900 -0.024852 -0.114672
v 0.009156 -0.049219 -0.202642
v 0.009155 -0.051579 -0.202124
v 0.011886 -0.052278 -0.205398
v 0.009155 -0.057248 -0.227983
v 0.005908 -0.054889 -0.228512
v 0.011552 -0.057165 -0.227605
v 0.009202 -0.051565 -0.202193
v 0.011949 -0.052420 -0.206074
v 0.011895 -0.049936 -0.205998
v -0.011969 -0.049936 -0.205995
v -0.011959 -0.052277 -0.205395
v 0.011587 -0.054811 -0.228153
v 0.006901 -0.032914 -0.126708
v 0.009154 -0.045547 -0.176643
v 0.006900 -0.044575 -0.172538
v 0.006562 -0.046296 -0.172000
v 0.009199 -0.051591 -0.202293
v 0.009063 -0.058499 -0.227716
v 0.009155 -0.057248 -0.227983
v -0.005983 -0.054891 -0.228519
v -0.009230 -0.057248 -0.227983
v -0.006091 -0.024893 -0.100247
v -0.006975 -0.024852 -0.114672
v -0.009266 -0.051482 -0.201798
v -0.009230 -0.049219 -0.202642
v -0.009230 -0.051579 -0.202124
v -0.011662 -0.054811 -0.228153
v -0.011627 -0.057165 -0.227605
v -0.009277 -0.051569 -0.202192
v -0.012024 -0.052421 -0.206073
v -0.006976 -0.032914 -0.126708
v -0.006976 -0.026801 -0.118711
v -0.009230 -0.057248 -0.227983
v -0.006975 -0.034608 -0.130515
v -0.017529 0.022244 0.071835
v -0.016119 0.022244 0.071835
v -0.016119 0.022244 0.041111
v -0.011960 0.022244 0.025881
v -0.009781 0.022244 0.023689
v 0.014001 0.022244 -0.095056
v 0.013950 0.022244 -0.052005
v -0.020576 0.022244 -0.066965
v -0.014079 0.022244 -0.095052
v -0.014005 0.022244 -0.051935
v -0.004500 -0.023119 -0.098882
v -0.004501 -0.023209 -0.099655
v 0.004292 -0.023193 -0.099595
v -0.020416 0.022244 -0.042094
v 0.013392 0.022244 -0.098121
v 0.016044 0.022244 -0.111918
v -0.013467 0.022244 -0.098121
v -0.016119 0.022244 -0.111918
v -0.020586 0.022244 -0.142142
v 0.016060 0.016999 -0.166470
v -0.020586 0.022244 -0.214417
v -0.020586 0.022244 -0.214417
v 0.016044 0.013382 -0.219570
v 0.016044 0.013382 -0.227597
v 0.016044 0.017123 -0.232092
v -0.012820 0.022081 -0.273083
v 0.008610 0.017237 -0.281046
v 0.012694 0.022197 -0.273085
v -0.017524 0.008162 -0.126209
v -0.016710 0.010855 -0.121368
v -0.019743 0.006076 -0.115058
v -0.016076 0.006810 -0.115743
v -0.016256 0.008756 -0.120242
v -0.019769 0.007563 -0.123457
v -0.016341 0.009047 -0.120256
v -0.020676 0.006321 -0.120294
v -0.020609 0.005314 -0.123151
v -0.020610 0.002255 -0.124783
v -0.020260 -0.001388 -0.126370
v -0.020655 -0.000689 -0.124013
v -0.020128 -0.003862 -0.124065
v -0.020609 -0.002520 -0.121587
v -0.020059 -0.004493 -0.117652
v -0.020609 -0.002180 -0.118136
v -0.020609 0.000501 -0.115938
v -0.020654 0.003535 -0.116116
v -0.020609 0.005812 -0.118141
v -0.019666 0.008348 -0.120267
v -0.020684 0.006271 -0.120274
v -0.016744 0.007170 -0.124601
v -0.020637 0.000606 -0.126829
v -0.020150 -0.004895 -0.120941
v -0.020525 -0.002089 -0.114732
v 0.019668 0.006076 -0.115058
v 0.016182 0.008756 -0.120242
v 0.016000 0.006812 -0.115746
v 0.019694 0.007563 -0.123458
v 0.016267 0.009047 -0.120256
v 0.020602 0.006321 -0.120294
v 0.020535 0.005314 -0.123151
v 0.020536 0.002255 -0.124783
v 0.020184 -0.001391 -0.126368
v 0.020581 -0.000689 -0.124013
v 0.020053 -0.003861 -0.124065
v 0.020535 -0.002520 -0.121587
v 0.019984 -0.004492 -0.117650
v 0.020535 -0.002179 -0.118136
v 0.020535 0.000501 -0.115938
v 0.020580 0.003535 -0.116116
v 0.020535 0.005812 -0.118141
v 0.019591 0.008348 -0.120267
v 0.020610 0.006271 -0.120274
v 0.016668 0.007172 -0.124599
v 0.020563 0.000606 -0.126828
v 0.020075 -0.004895 -0.120941
v 0.020448 -0.002087 -0.114729
v 0.011943 -0.050054 -0.206569
v 0.010926 -0.051549 -0.213385
v 0.009155 -0.050859 -0.210261
v 0.007183 -0.044696 -0.173049
v -0.009230 -0.050859 -0.210261
v -0.011001 -0.051549 -0.213381
v -0.012019 -0.050055 -0.206577
v -0.009230 -0.051569 -0.202126
v -0.006976 -0.044575 -0.172538
v -0.000037 -0.023114 -0.098767
v 0.004291 -0.023124 -0.098820
v 0.005912 -0.022263 -0.099775
v 0.004439 -0.024215 -0.232228
v 0.005912 -0.024241 -0.232222
v -0.005988 -0.024313 -0.232259
v -0.004514 -0.024288 -0.232269
v -0.006750 -0.046239 -0.172147
v -0.007163 -0.044656 -0.172881
v -0.007112 -0.022197 -0.154362
v -0.006935 -0.026789 -0.137362
v 0.005905 -0.024141 -0.230982
v 0.005912 -0.024241 -0.232221
v -0.005980 -0.054605 -0.227220
v 0.004437 -0.045165 -0.283218
v 0.004432 -0.050185 -0.281230
v 0.004437 -0.056566 -0.280342
v 0.004437 -0.053360 -0.283420
v 0.004435 -0.057510 -0.240000
v 0.004437 -0.058219 -0.233357
v 0.004417 -0.059333 -0.272896
v 0.004437 -0.060030 -0.275699
v 0.004437 -0.060692 -0.247396
v 0.004437 -0.062160 -0.259329
v 0.004437 -0.062325 -0.265951
v 0.004437 -0.061246 -0.272445
v 0.004435 -0.037683 -0.280016
v 0.004440 -0.040726 -0.285322
v 0.004440 -0.055974 -0.228352
v 0.004432 -0.031361 -0.278876
v 0.004592 -0.028533 -0.266609
v 0.001791 -0.025586 -0.254120
v 0.004437 -0.049369 -0.282896
v 0.001542 -0.024853 -0.266711
v 0.001623 -0.023545 -0.255223
v 0.001816 -0.030229 -0.265313
v 0.001816 -0.028281 -0.253668
v 0.001485 -0.023235 -0.257199
v 0.004453 -0.046405 -0.229501
v 0.003302 -0.041057 -0.231213
v 0.003289 -0.029782 -0.263667
v 0.003303 -0.032877 -0.272498
v 0.003316 -0.036748 -0.277403
v 0.003290 -0.040333 -0.279349
v 0.003317 -0.051144 -0.279174
v 0.003313 -0.055373 -0.276409
v 0.003283 -0.058857 -0.265989
v 0.003287 -0.058130 -0.252776
v 0.003302 -0.045863 -0.231144
v 0.003301 -0.028774 -0.239944
v 0.003287 -0.027835 -0.247515
v 0.003293 -0.056464 -0.243040
v 0.003332 -0.053188 -0.235838
v 0.003293 -0.049648 -0.232588
v 0.003295 -0.035331 -0.232874
v 0.003283 -0.044920 -0.280300
v 0.004384 -0.029847 -0.234788
v 0.003291 -0.031462 -0.235648
v 0.003288 -0.057636 -0.273134
v 0.001715 -0.029796 -0.277117
v 0.001816 -0.028149 -0.253675
v 0.003284 -0.029732 -0.263411
v 0.001829 -0.034297 -0.275362
v 0.003286 -0.034149 -0.275024
v 0.001815 -0.032458 -0.271631
v 0.001276 -0.028122 -0.275347
v 0.001778 -0.032091 -0.276536
v 0.001816 -0.034492 -0.275173
v -0.004515 -0.045636 -0.282809
v 0.004437 -0.053711 -0.283400
v 0.004437 -0.060894 -0.274235
v 0.004439 -0.044024 -0.283189
v -0.004511 -0.034752 -0.290029
v -0.004515 -0.060611 -0.274696
v -0.004515 -0.062575 -0.263057
v 0.004437 -0.062416 -0.259091
v 0.004437 -0.056460 -0.227952
v -0.004515 -0.053813 -0.283351
v -0.004515 -0.058578 -0.234484
v -0.003363 -0.036775 -0.277436
v 0.001900 -0.028275 -0.253461
v 0.003283 -0.027822 -0.242544
v -0.003363 -0.029522 -0.237616
v 0.003285 -0.033067 -0.234042
v -0.003362 -0.027832 -0.247265
v 0.001901 -0.034572 -0.275328
v 0.001437 -0.029779 -0.277044
v -0.004513 -0.055895 -0.228283
v 0.004421 -0.034834 -0.290129
v 0.003285 -0.056781 -0.275076
v -0.003363 -0.052118 -0.279077
v 0.001436 -0.023480 -0.255314
v 0.003285 -0.040301 -0.279398
v -0.003363 -0.042784 -0.280179
v 0.003285 -0.048163 -0.280130
v -0.003363 -0.047187 -0.231293
v 0.003285 -0.042917 -0.230890
v 0.003285 -0.055705 -0.240282
v -0.003363 -0.057369 -0.246043
v 0.003285 -0.049877 -0.232528
v 0.003285 -0.059057 -0.262295
v -0.003363 -0.058609 -0.270621
v -0.003363 -0.053273 -0.235882
v -0.003363 -0.038783 -0.231544
v 0.006331 -0.034434 -0.289152
v 0.004430 -0.034380 -0.290297
v 0.006582 -0.034192 -0.288290
v 0.006944 -0.028181 -0.266963
v 0.004435 -0.023816 -0.232263
v 0.006955 -0.025868 -0.249489
v 0.006920 -0.028499 -0.266500
v 0.003085 -0.035260 -0.291162
v 0.006957 -0.024181 -0.230969
v -0.004515 -0.045165 -0.283218
v -0.004510 -0.050185 -0.281230
v -0.004515 -0.053360 -0.283420
v -0.004515 -0.056566 -0.280342
v -0.004513 -0.057510 -0.240000
v -0.004515 -0.058219 -0.233357
v -0.004515 -0.060030 -0.275699
v -0.004515 -0.062160 -0.259329
v -0.004515 -0.060692 -0.247396
v -0.004495 -0.059333 -0.272896
v -0.004515 -0.062325 -0.265951
v -0.004515 -0.061246 -0.272445
v -0.004513 -0.037683 -0.280016
v -0.004511 -0.055974 -0.228352
v -0.004671 -0.028534 -0.266611
v -0.004511 -0.031361 -0.278876
v -0.001869 -0.025586 -0.254120
v -0.004515 -0.049369 -0.282896
v -0.001627 -0.023223 -0.257193
v -0.001894 -0.030229 -0.265313
v -0.001894 -0.028281 -0.253668
v -0.001610 -0.024855 -0.266711
v -0.004516 -0.046401 -0.229514
v -0.003377 -0.041051 -0.231212
v -0.003388 -0.045870 -0.231154
v -0.003367 -0.029782 -0.263667
v -0.003381 -0.032877 -0.272498
v -0.003394 -0.036748 -0.277403
v -0.003368 -0.040333 -0.279349
v -0.003395 -0.051144 -0.279174
v -0.003391 -0.055373 -0.276409
v -0.003361 -0.058857 -0.265989
v -0.003366 -0.057636 -0.273134
v -0.003365 -0.058130 -0.252776
v -0.003379 -0.028774 -0.239944
v -0.003365 -0.027835 -0.247515
v -0.003371 -0.056464 -0.243040
v -0.003410 -0.053188 -0.235838
v -0.003371 -0.049648 -0.232588
v -0.003373 -0.035331 -0.232874
v -0.003361 -0.044920 -0.280300
v -0.004463 -0.029855 -0.234773
v -0.003369 -0.031462 -0.235648
v -0.001894 -0.030932 -0.268169
v -0.003361 -0.030675 -0.268030
v -0.001894 -0.028283 -0.253663
v -0.001891 -0.034502 -0.275163
v -0.001793 -0.023523 -0.255221
v -0.001893 -0.032458 -0.271631
v -0.001352 -0.028122 -0.275346
v -0.001857 -0.032091 -0.276536
v -0.001794 -0.029796 -0.277117
v -0.001894 -0.034492 -0.275173
v -0.001977 -0.028281 -0.253602
v -0.001978 -0.034494 -0.275228
v -0.001515 -0.029783 -0.277080
v -0.001514 -0.023456 -0.255282
v -0.006411 -0.034433 -0.289149
v -0.004511 -0.027701 -0.264580
v -0.006731 -0.033947 -0.288160
v -0.004504 -0.034811 -0.290138
v -0.007028 -0.027197 -0.259852
v -0.007019 -0.027155 -0.258812
v -0.003161 -0.035261 -0.291162
v -0.007034 -0.025343 -0.244412
v -0.006955 -0.029916 -0.273134
v -0.007033 -0.024254 -0.231643
v -0.000036 -0.022483 -0.098767
v -0.000037 -0.023114 -0.098767
v -0.004522 -0.022394 -0.098879
v 0.010071 0.013540 0.532915
v 0.014291 0.023503 0.474049
v 0.013689 0.011889 0.261414
v 0.013953 0.025404 0.261414
v 0.013683 0.011365 0.078016
v 0.013964 0.025399 0.078012
v 0.006431 -0.001406 0.261414
v -0.000003 -0.003760 0.261414
v -0.000005 -0.003760 0.261414
v 0.008788 0.000330 0.261414
v -0.000038 -0.003862 0.083337
v 0.003971 -0.003122 0.083347
v -0.000038 -0.003110 0.469913
v 0.004014 -0.002351 0.469913
v 0.007828 -0.000468 0.083254
v 0.009289 0.001874 0.474051
v 0.007877 0.000314 0.469912
v 0.012697 0.008153 0.474047
v 0.007878 -0.000520 0.079912
v 0.011398 0.032402 0.261414
v 0.005035 0.036073 0.261414
v 0.005015 0.036079 0.078014
v -0.004748 0.036202 0.261414
v 0.005116 0.036058 0.261414
v -0.004704 0.036201 0.078014
v 0.011478 0.032305 0.261414
v 0.011395 0.032407 0.078014
v 0.005046 0.036075 0.474049
v 0.011433 0.032361 0.474049
v -0.013828 0.010035 0.313426
v 0.013762 0.010069 0.313539
v 0.013750 0.009959 0.290967
v 0.014049 0.011013 0.289860
v 0.014337 0.013531 0.291230
v 0.014217 0.012154 0.314525
v 0.014335 0.013563 0.313256
v 0.013755 0.007967 0.314181
v 0.013747 0.009994 0.312993
v 0.014137 0.012086 0.289476
v -0.014210 0.012088 0.289531
v 0.013774 0.010473 0.313966
v 0.014271 0.012801 0.289985
v 0.014325 0.013449 0.290642
v -0.014409 0.013488 0.290763
v -0.013829 0.009984 0.290951
v 0.013747 0.009965 0.291024
v -0.014372 0.013220 0.314205
v 0.014314 0.013348 0.314059
v -0.014217 0.012097 0.289786
v 0.014141 0.012097 0.289786
v 0.007877 0.036554 0.071876
v 0.005873 0.037443 0.078014
v 0.007851 -0.005640 0.079911
v 0.012981 -0.007693 0.077857
v 0.015887 0.029132 0.078014
v 0.014765 0.030588 0.071876
v 0.017069 0.020394 0.071876
v 0.016480 0.014051 0.078016
v 0.011844 0.001876 0.077882
v 0.007856 -0.007251 0.070990
v 0.012971 -0.004721 0.069270
v 0.007855 0.000341 0.070289
v 0.012974 0.001829 0.071994
v 0.007818 0.001901 0.071876
v 0.011627 0.001901 0.071876
v 0.011379 0.004525 0.078014
v 0.009711 0.001901 0.078014
v 0.009729 0.001794 0.077925
v 0.012968 0.000847 0.079647
v 0.011627 0.001901 0.078014
v 0.007878 -0.000520 0.079912
v 0.012069 0.002811 0.074960
v 0.012994 0.002597 0.074945
v 0.012994 0.002597 0.074945
v 0.012069 0.002811 0.074930
v 0.007819 0.002118 0.071940
v 0.007813 -0.009656 0.079393
v 0.007856 -0.007620 0.076976
v 0.007856 -0.006474 0.078702
v 0.007856 -0.007620 0.072914
v 0.007822 -0.009715 0.072603
v 0.007856 -0.006474 0.071187
v 0.007818 0.002456 0.067851
v 0.005489 0.001994 0.067850
v 0.005490 -0.009565 0.070759
v 0.007819 -0.009647 0.071254
v 0.005490 -0.009561 0.080552
v 0.007815 -0.008908 0.082412
v 0.005501 -0.005399 0.083467
v 0.012943 -0.004838 0.070105
v 0.014433 -0.006432 0.072749
v 0.014805 -0.000698 0.071469
v 0.012943 -0.007556 0.077066
v 0.014432 -0.004913 0.078660
v 0.012941 -0.000595 0.079785
v 0.014432 0.000999 0.077142
v 0.012952 0.002123 0.072824
v 0.012981 -0.002716 0.069631
v 0.012982 -0.000685 0.070041
v 0.012985 0.001041 0.071187
v 0.012994 0.002597 0.074945
v 0.012990 0.002187 0.076976
v 0.012985 0.001041 0.078702
v 0.012981 -0.002716 0.080259
v 0.012981 -0.004748 0.079849
v 0.012981 -0.006474 0.078702
v 0.012981 -0.008030 0.074945
v 0.012981 -0.007620 0.072914
v 0.012981 -0.006474 0.071187
v 0.007819 -0.008178 0.068852
v 0.007815 -0.006202 0.067904
v 0.007815 -0.008800 0.081736
v 0.007820 -0.009350 0.070373
v 0.007856 -0.008030 0.074945
v 0.007856 -0.002716 0.069631
v 0.007856 -0.004748 0.070041
v 0.005257 -0.002379 0.083337
v 0.007878 -0.000509 0.083254
v 0.007818 0.002456 0.067851
v 0.005490 -0.008432 0.080692
v -0.005565 -0.008552 0.070906
v 0.002644 -0.003496 0.083325
v -0.000038 -0.003856 0.083311
v 0.005257 -0.002379 0.083337
v 0.005504 -0.005374 0.083194
v 0.005490 -0.008494 0.070483
v -0.005565 -0.006619 0.082679
v -0.005565 -0.008502 0.080324
v -0.005565 -0.006110 0.068082
v 0.005490 -0.005545 0.067943
v 0.005489 0.001901 0.067851
v -0.005565 0.001901 0.067851
v 0.005490 -0.008653 0.072607
v 0.005490 -0.009656 0.071320
v 0.005490 -0.009613 0.079912
v 0.005490 -0.008593 0.079401
v 0.005490 -0.008289 0.070376
v 0.005490 -0.008728 0.069402
v 0.005490 -0.007116 0.068852
v 0.005490 -0.006974 0.068108
v 0.005490 -0.005209 0.067925
v 0.005490 -0.007737 0.081737
v 0.005490 -0.008728 0.081703
v 0.005490 -0.006974 0.082997
v 0.005490 -0.005429 0.083103
v 0.013087 0.009178 0.078014
v 0.014007 0.016090 0.078019
v 0.012437 0.030509 0.078014
v 0.009802 0.033710 0.078014
v 0.006334 0.035606 0.078014
v 0.002255 0.036358 0.078014
v -0.000037 0.037866 0.480184
v -0.005862 0.037619 0.474049
v 0.009367 0.035978 0.480189
v 0.010118 0.035788 0.474049
v 0.015039 0.027637 0.480187
v 0.014665 0.009076 0.474050
v 0.011627 0.001901 0.474049
v 0.012980 -0.004190 0.482684
v 0.007832 0.002293 0.480473
v 0.012969 0.001761 0.480255
v 0.007855 -0.005650 0.482078
v 0.012981 -0.008295 0.475658
v 0.007856 -0.007251 0.473164
v 0.012976 -0.002497 0.471579
v 0.007914 -0.000488 0.471648
v 0.012966 0.001830 0.474169
v 0.009237 0.001901 0.474049
v 0.011627 0.001901 0.474049
v 0.012062 0.002817 0.477134
v 0.012981 0.002597 0.477118
v 0.012981 0.002597 0.477118
v 0.012062 0.002817 0.477102
v 0.011627 0.001901 0.480187
v 0.007856 -0.006474 0.473361
v 0.007856 -0.007620 0.475087
v 0.007802 -0.009655 0.473493
v 0.007856 -0.008030 0.477118
v 0.005490 -0.003883 0.469971
v 0.007856 -0.006474 0.480875
v 0.007856 -0.004748 0.482022
v 0.007812 -0.006266 0.485354
v 0.007856 -0.002716 0.482432
v 0.005490 -0.003880 0.470030
v 0.007819 -0.003913 0.469449
v 0.005490 -0.009046 0.471184
v 0.007819 -0.009537 0.472602
v 0.005490 -0.009057 0.484452
v 0.007819 -0.008921 0.484572
v 0.012943 -0.004838 0.472278
v 0.014433 -0.006432 0.474922
v 0.014805 -0.000698 0.473642
v 0.012943 -0.007556 0.479239
v 0.014433 -0.004913 0.480833
v 0.012943 -0.000595 0.481958
v 0.014433 0.000999 0.479314
v 0.012943 0.002123 0.474997
v 0.012981 -0.008030 0.477118
v 0.012981 -0.006474 0.480875
v 0.012981 -0.004748 0.482022
v 0.012981 -0.002716 0.482432
v 0.012981 0.001041 0.480875
v 0.012981 0.002187 0.479149
v 0.012981 0.002597 0.477118
v 0.012981 -0.007620 0.475087
v 0.012981 -0.006474 0.473361
v 0.012981 -0.002716 0.471804
v 0.012981 -0.000685 0.472214
v 0.012981 0.001041 0.473361
v 0.007816 -0.008225 0.470967
v 0.007815 -0.008801 0.483908
v 0.007810 -0.009655 0.481566
v 0.007856 -0.007620 0.479149
v 0.007808 -0.005873 0.470086
v 0.007856 -0.002716 0.471804
v 0.007856 -0.004748 0.472214
v 0.005490 -0.002748 0.485427
v 0.007819 -0.002748 0.485427
v 0.007818 0.002058 0.485427
v 0.007819 -0.002748 0.485427
v 0.005490 -0.008215 0.483661
v -0.005565 -0.008594 0.473500
v 0.003152 0.002543 0.485427
v -0.003227 0.002543 0.485427
v 0.005490 -0.009656 0.473493
v 0.005490 -0.009613 0.482085
v 0.005490 -0.008593 0.481574
v 0.005490 -0.008653 0.474782
v 0.005490 -0.008295 0.471787
v -0.005565 -0.008372 0.483147
v -0.005565 -0.006788 0.470582
v -0.000038 -0.003110 0.469913
v 0.005490 -0.007738 0.483909
v 0.005490 -0.008729 0.483875
v 0.005490 -0.006978 0.485169
v 0.005490 -0.005434 0.485275
v 0.005490 -0.008289 0.472550
v 0.005490 -0.008728 0.471575
v 0.005490 -0.007116 0.471025
v 0.005490 -0.006956 0.470273
v 0.005490 -0.005356 0.470146
v 0.009237 0.001901 0.474049
v 0.011379 0.005295 0.474049
v 0.013083 0.009932 0.474049
v 0.014009 0.016695 0.474049
v 0.012437 0.030509 0.474049
v 0.009802 0.033710 0.474049
v 0.006334 0.035606 0.474049
v 0.002255 0.036358 0.474049
v 0.013801 0.012407 0.517627
v 0.013899 0.012154 0.529842
v 0.003260 -0.000919 0.485428
v 0.003187 0.007014 0.480207
v 0.003152 0.002543 0.485427
v 0.002418 0.007023 0.532918
v 0.003243 -0.000737 0.485426
v 0.003158 0.002097 0.480284
v 0.013837 0.013369 0.480207
v 0.008215 0.001745 0.480200
v 0.009074 0.002463 0.517625
v 0.007822 0.002054 0.485427
v -0.002392 0.006783 0.532915
v 0.002299 0.006989 0.532915
v 0.013576 0.028380 0.480207
v 0.008286 0.034952 0.480207
v -0.000038 0.036491 0.480199
v -0.004776 0.036193 0.517627
v 0.007301 0.035660 0.517627
v 0.013363 0.028786 0.517627
v 0.012579 0.028227 0.529813
v 0.009809 0.031707 0.529824
v 0.005043 0.034068 0.529812
v 0.013415 0.027324 0.529840
v 0.003288 0.034560 0.517627
v 0.012367 0.029111 0.517627
v 0.003200 0.001922 0.480207
v 0.003200 0.007014 0.480207
v -0.003276 0.001922 0.480207
v 0.014263 0.022813 0.529844
v 0.009128 0.002130 0.529843
v 0.002370 0.003876 0.533597
v 0.003201 -0.000466 0.529844
v 0.011555 0.022813 0.532915
v 0.013737 0.011904 0.529840
v 0.005588 0.027571 0.531210
v 0.003729 0.028995 0.531210
v 0.000745 0.029900 0.531210
v 0.007953 0.021945 0.556000
v 0.010282 0.021945 0.555684
v 0.014400 0.022845 0.530115
v 0.007959 0.022813 0.531210
v 0.009434 0.002681 0.529839
v 0.010287 0.003878 0.517626
v 0.013950 0.013686 0.517627
v 0.003228 -0.000598 0.517628
v 0.003200 -0.000516 0.517629
v 0.003214 -0.000471 0.529842
v 0.003200 0.007012 0.480207
v 0.002255 0.036358 0.517627
v 0.002245 0.034380 0.517627
v 0.006334 0.035606 0.517627
v 0.006333 0.033629 0.517627
v 0.002315 0.036352 0.480200
v 0.006334 0.035606 0.480207
v 0.009802 0.033710 0.480206
v 0.012437 0.030509 0.480206
v 0.014037 0.016214 0.480207
v 0.010637 0.005677 0.480189
v 0.007818 0.002058 0.480187
v 0.003196 0.002051 0.480167
v -0.003227 0.002543 0.485427
v 0.003152 0.002543 0.485427
v 0.006561 0.006103 0.554828
v 0.008203 0.008029 0.532915
v 0.010348 0.021945 0.532915
v 0.010257 0.021945 0.555815
v 0.001124 0.003437 0.554781
v 0.008939 0.010134 0.555983
v -0.000821 0.013989 0.555999
v 0.001001 0.004760 0.555773
v 0.001514 0.014141 0.556000
v 0.003731 0.014895 0.555998
v 0.004718 0.005908 0.555773
v 0.008003 0.009045 0.555770
v 0.006629 0.017430 0.555976
v 0.009709 0.013874 0.555779
v 0.008061 0.021901 0.556117
v 0.010103 0.021945 0.555779
v 0.007970 0.021947 0.556000
v 0.008096 0.024051 0.610939
v 0.002909 0.005172 0.555734
v 0.006215 0.007077 0.555713
v 0.009990 0.013985 0.555862
v -0.001069 0.004775 0.555758
v 0.007933 0.022809 0.532915
v 0.007969 0.021946 0.532915
v 0.007953 0.021945 0.532915
v 0.010348 0.021945 0.532915
v 0.010348 0.021945 0.532915
v -0.000038 0.006625 0.532915
v -0.000038 0.003612 0.532915
v 0.011555 0.022813 0.532915
v 0.014149 0.022813 0.530063
v 0.012592 0.022813 0.531210
v 0.007953 0.022813 0.532915
v 0.007953 0.021945 0.532915
v -0.000038 0.030000 0.531210
v 0.004428 0.028650 0.531210
v 0.007008 0.025722 0.531210
v 0.007960 0.022815 0.531210
v 0.007953 0.022813 0.531210
v 0.007953 0.022813 0.532915
v -0.000038 0.030549 0.610939
v 0.005934 0.016257 0.556000
v 0.005597 0.015919 0.610939
v -0.000025 0.013868 0.556000
v -0.000030 0.013913 0.610939
v 0.004560 0.013356 0.622827
v 0.004435 0.016501 0.623018
v 0.002014 0.015204 0.623018
v 0.001347 0.028910 0.623018
v 0.009306 0.019054 0.622598
v 0.009558 0.021020 0.611729
v 0.006177 0.018625 0.623018
v 0.007878 0.016419 0.611237
v 0.002813 0.031589 0.613070
v -0.000037 0.012418 0.622870
v 0.008744 0.025869 0.611109
v 0.006921 0.028903 0.613076
v 0.004424 0.013485 0.611294
v -0.000027 0.012241 0.611733
v 0.006925 0.028906 0.621128
v 0.001828 0.031386 0.622796
v 0.008780 0.025892 0.622733
v -0.000038 0.014932 0.623018
v 0.006974 0.021256 0.623018
v 0.004987 0.026963 0.623018
v 0.006705 0.023990 0.623018
v -0.000037 0.031838 0.621127
v 0.006921 0.033069 0.615425
v 0.003728 0.033123 0.615760
v 0.003728 0.029786 0.614754
v 0.006921 0.031258 0.618444
v 0.006921 0.033123 0.618444
v 0.006921 0.033123 0.621127
v 0.006921 0.031258 0.619786
v 0.001542 0.033235 0.621127
v 0.003728 0.033123 0.618444
v 0.003728 0.030669 0.619249
v 0.006921 0.030316 0.619451
v 0.006921 0.028903 0.614418
v 0.006921 0.033123 0.613077
v 0.006921 0.033123 0.615760
v 0.006921 0.031258 0.615760
v 0.006921 0.031258 0.614418
v 0.006921 0.033123 0.621127
v 0.006921 0.033123 0.618444
v 0.006921 0.033123 0.615760
v 0.006921 0.033123 0.613077
v 0.001097 0.042222 0.621085
v 0.001097 0.043136 0.620353
v 0.006921 0.028903 0.614418
v 0.006921 0.028903 0.613076
v 0.001096 0.033978 0.621127
v 0.003728 0.031258 0.614418
v 0.006921 0.028903 0.619786
v 0.006921 0.028903 0.621127
v 0.003728 0.033123 0.618444
v 0.006921 0.033123 0.618444
v 0.003728 0.028903 0.619786
v 0.003728 0.031258 0.619786
v 0.003728 0.033123 0.615760
v 0.003728 0.033123 0.618444
v 0.001097 0.042607 0.621030
v -0.001172 0.042648 0.621016
v 0.001097 0.045467 0.613261
v 0.001096 0.033978 0.613077
v -0.001172 0.033978 0.613077
v -0.000033 0.013882 0.610736
v -0.001755 0.031378 0.611073
v 0.001097 0.044458 0.613099
v -0.001172 0.045442 0.613262
v 0.001514 0.029748 0.610939
v -0.000821 0.029900 0.610939
v 0.003729 0.028995 0.610939
v 0.006142 0.027016 0.610939
v 0.007586 0.024333 0.610939
v 0.007960 0.021210 0.610939
v 0.006631 0.017431 0.610939
v 0.003731 0.014895 0.610939
v -0.000029 0.016508 0.638378
v 0.002014 0.015204 0.638378
v 0.004435 0.016501 0.638378
v 0.004405 0.025589 0.638378
v 0.005461 0.023613 0.635695
v 0.004539 0.018889 0.638378
v 0.006177 0.018625 0.638378
v 0.006974 0.021256 0.638378
v 0.006705 0.023990 0.638378
v 0.004987 0.026963 0.638378
v 0.001347 0.028910 0.638378
v -0.002143 0.027029 0.638378
v -0.000038 0.014932 0.638378
v 0.003502 0.017867 0.635695
v -0.000038 0.027447 0.635695
v -0.000030 0.016586 0.635695
v 0.004422 0.021900 0.634828
v 0.003402 0.019335 0.534168
v 0.003242 0.024581 0.534168
v 0.000344 0.026154 0.634828
v 0.000022 0.017600 0.634828
v -0.000038 0.017866 0.534168
v -0.003544 0.028505 0.638378
v 0.004184 0.027869 0.638378
v -0.002902 0.028859 0.623018
v 0.004356 0.027618 0.623018
v 0.007246 0.019481 0.638378
v 0.007388 0.019948 0.623018
v -0.000013 0.014708 0.638378
v -0.000005 0.014637 0.623018
v -0.009840 0.011304 0.532915
v -0.014366 0.023506 0.474049
v -0.013764 0.011888 0.261414
v -0.014030 0.025401 0.261414
v -0.013759 0.011367 0.078016
v -0.014040 0.025397 0.078012
v -0.010684 0.003282 0.261414
v -0.006504 -0.001407 0.261414
v -0.000073 -0.003759 0.261414
v -0.004047 -0.003122 0.083347
v -0.000071 -0.003760 0.261414
v -0.008813 0.000351 0.261414
v -0.000038 -0.003862 0.083337
v -0.000038 -0.003110 0.469913
v -0.004089 -0.002351 0.469913
v -0.007904 -0.000468 0.083254
v -0.007953 0.000314 0.469912
v -0.012709 0.007993 0.474048
v -0.007954 -0.000520 0.079912
v -0.011554 0.032305 0.261414
v -0.011471 0.032407 0.078014
v -0.004696 0.036204 0.261414
v -0.004735 0.036198 0.474049
v -0.011507 0.032362 0.474049
v -0.011474 0.032403 0.261414
v -0.013827 0.009959 0.290967
v -0.014125 0.011013 0.289860
v -0.014413 0.013531 0.291230
v -0.014291 0.012154 0.314525
v -0.014410 0.013563 0.313256
v -0.013831 0.007967 0.314180
v -0.013823 0.009994 0.312993
v -0.013850 0.010473 0.313966
v -0.014348 0.012801 0.289985
v -0.003482 0.037880 0.071876
v -0.008496 0.036637 0.078014
v -0.007926 -0.005639 0.079912
v -0.013057 -0.007693 0.077857
v -0.013118 0.032706 0.071876
v -0.016685 0.025402 0.071876
v -0.016555 0.014049 0.078016
v -0.016351 0.011224 0.071875
v -0.011920 0.001876 0.077882
v -0.007931 -0.007251 0.070990
v -0.013047 -0.004720 0.069269
v -0.007931 0.000344 0.070291
v -0.013049 0.001825 0.071989
v -0.011703 0.001901 0.071876
v -0.007894 0.001901 0.071876
v -0.011455 0.004525 0.078014
v -0.009787 0.001901 0.078014
v -0.009805 0.001796 0.077927
v -0.011703 0.001901 0.078014
v -0.013043 0.000844 0.079648
v -0.007954 -0.000520 0.079912
v -0.012145 0.002811 0.074960
v -0.013070 0.002597 0.074945
v -0.013070 0.002597 0.074945
v -0.012145 0.002811 0.074930
v -0.007894 0.002118 0.071940
v -0.007888 -0.009656 0.079393
v -0.007931 -0.006474 0.078702
v -0.007931 -0.007620 0.076976
v -0.007931 -0.007620 0.072914
v -0.007931 -0.006474 0.071187
v -0.007897 -0.009715 0.072603
v -0.005565 0.001952 0.067850
v -0.007894 0.002456 0.067851
v -0.007894 -0.009647 0.071254
v -0.005565 -0.009561 0.080552
v -0.007890 -0.008908 0.082412
v -0.005576 -0.005399 0.083467
v -0.013019 -0.004838 0.070105
v -0.014508 -0.006432 0.072749
v -0.014881 -0.000698 0.071469
v -0.013019 -0.007556 0.077066
v -0.014508 -0.004913 0.078661
v -0.013017 -0.000595 0.079785
v -0.014508 0.000999 0.077141
v -0.013028 0.002123 0.072824
v -0.013057 -0.000685 0.070041
v -0.013057 -0.002716 0.069631
v -0.013060 0.001041 0.071187
v -0.013070 0.002597 0.074945
v -0.013066 0.002187 0.076976
v -0.013060 0.001041 0.078702
v -0.013057 -0.004748 0.079849
v -0.013057 -0.002716 0.080259
v -0.013057 -0.006474 0.078702
v -0.013057 -0.008030 0.074945
v -0.013057 -0.007620 0.072914
v -0.013057 -0.006474 0.071187
v -0.007894 -0.008178 0.068852
v -0.007890 -0.008800 0.081736
v -0.007895 -0.009350 0.070373
v -0.007931 -0.008030 0.074945
v -0.007890 -0.006202 0.067904
v -0.007931 -0.004748 0.070041
v -0.007931 -0.002716 0.069631
v -0.005332 -0.002379 0.083337
v -0.007954 -0.000509 0.083254
v -0.007894 0.002456 0.067851
v -0.002720 -0.003496 0.083325
v -0.005407 -0.002382 0.083421
v -0.005565 -0.008653 0.072607
v -0.005565 -0.008593 0.079401
v -0.005565 -0.009613 0.079912
v -0.005565 -0.009656 0.071320
v -0.005565 -0.008289 0.070376
v -0.005565 -0.008728 0.069402
v -0.005565 -0.007116 0.068852
v -0.005565 -0.006974 0.068108
v -0.005565 -0.005209 0.067925
v -0.005565 -0.007737 0.081737
v -0.005565 -0.008728 0.081703
v -0.005565 -0.006974 0.082997
v -0.005565 -0.005429 0.083103
v -0.013165 0.009186 0.078014
v -0.014083 0.016098 0.078019
v -0.012513 0.030509 0.078014
v -0.009878 0.033710 0.078014
v -0.006410 0.035606 0.078014
v -0.002692 0.036315 0.078014
v -0.009034 0.036147 0.480187
v -0.014883 0.029004 0.480188
v -0.014481 0.008351 0.474050
v -0.011703 0.001901 0.474049
v -0.007909 0.002294 0.480474
v -0.013056 -0.004190 0.482684
v -0.013045 0.001761 0.480255
v -0.007930 -0.005650 0.482079
v -0.007931 -0.008049 0.476280
v -0.013057 -0.008295 0.475658
v -0.007931 -0.005152 0.472133
v -0.013052 -0.002497 0.471579
v -0.007990 -0.000487 0.471647
v -0.013042 0.001829 0.474168
v -0.011703 0.001901 0.474049
v -0.009313 0.001901 0.474049
v -0.012137 0.002816 0.477134
v -0.013057 0.002597 0.477118
v -0.013057 0.002597 0.477118
v -0.012137 0.002819 0.477101
v -0.011703 0.001901 0.480187
v -0.007931 -0.006474 0.473361
v -0.007877 -0.009655 0.473493
v -0.007931 -0.007620 0.475087
v -0.007931 -0.008030 0.477118
v -0.005565 -0.003880 0.470032
v -0.007931 -0.006474 0.480875
v -0.007887 -0.006266 0.485354
v -0.007931 -0.004748 0.482022
v -0.007931 -0.002716 0.482432
v -0.005565 -0.003880 0.470030
v -0.005565 -0.009046 0.471184
v -0.007894 -0.003913 0.469449
v -0.007894 -0.009537 0.472602
v -0.005565 -0.009057 0.484452
v -0.007894 -0.008921 0.484572
v -0.013019 -0.004838 0.472278
v -0.014508 -0.006432 0.474922
v -0.014881 -0.000698 0.473641
v -0.013019 -0.007556 0.479239
v -0.014508 -0.004913 0.480833
v -0.013019 -0.000595 0.481958
v -0.014508 0.000999 0.479314
v -0.013019 0.002123 0.474997
v -0.013057 -0.008030 0.477118
v -0.013057 -0.006474 0.480875
v -0.013057 -0.004748 0.482022
v -0.013057 -0.002716 0.482432
v -0.013057 0.001041 0.480875
v -0.013057 0.002187 0.479149
v -0.013057 0.002597 0.477118
v -0.013057 -0.006474 0.473361
v -0.013057 -0.007620 0.475087
v -0.013057 -0.002716 0.471804
v -0.013057 -0.000685 0.472214
v -0.013057 0.001041 0.473361
v -0.007891 -0.008225 0.470967
v -0.007890 -0.008801 0.483908
v -0.007885 -0.009655 0.481566
v -0.007931 -0.007620 0.479149
v -0.007883 -0.005873 0.470086
v -0.007931 -0.004748 0.472214
v -0.007931 -0.002716 0.471804
v -0.005565 -0.002748 0.485427
v -0.007894 -0.002748 0.485427
v -0.007894 0.002058 0.485427
v -0.007894 -0.002748 0.485427
v -0.005565 -0.009656 0.473493
v -0.005565 -0.008653 0.474782
v -0.005565 -0.008593 0.481574
v -0.005565 -0.009613 0.482085
v -0.005565 -0.007738 0.483909
v -0.005565 -0.008729 0.483875
v -0.005565 -0.006978 0.485169
v -0.005565 -0.005434 0.485275
v -0.005565 -0.008289 0.472550
v -0.005565 -0.008728 0.471575
v -0.005565 -0.007116 0.471025
v -0.005565 -0.006956 0.470273
v -0.005565 -0.005356 0.470146
v -0.011454 0.005295 0.474049
v -0.009313 0.001901 0.474049
v -0.013159 0.009929 0.474049
v -0.014084 0.016684 0.474049
v -0.012515 0.030505 0.474049
v -0.009880 0.033709 0.474049
v -0.006410 0.035606 0.474049
v -0.002692 0.036316 0.474049
v -0.013779 0.012087 0.517627
v -0.014042 0.025349 0.517627
v -0.013975 0.012152 0.529842
v -0.003336 -0.000919 0.485428
v -0.003263 0.007014 0.480207
v -0.003227 0.002543 0.485427
v -0.003319 -0.000737 0.485426
v -0.003234 0.002097 0.480284
v -0.013956 0.013517 0.480207
v -0.008291 0.001745 0.480200
v -0.009150 0.002464 0.517625
v -0.007898 0.002054 0.485427
v -0.003276 0.007019 0.480207
v -0.013525 0.028588 0.480207
v -0.008362 0.034952 0.480207
v -0.011271 0.032564 0.517627
v -0.012655 0.028225 0.529812
v -0.009886 0.031706 0.529824
v -0.006408 0.033621 0.529831
v -0.002320 0.034382 0.529842
v -0.012371 0.029128 0.517627
v -0.013417 0.026987 0.529840
v -0.014435 0.020963 0.517627
v -0.007516 0.033276 0.517627
v -0.008201 0.033056 0.529840
v 0.005392 0.034400 0.529840
v -0.003276 0.007014 0.480207
v -0.014338 0.022813 0.529844
v -0.009203 0.002129 0.529843
v -0.002445 0.003876 0.533596
v -0.003277 -0.000466 0.529844
v -0.011631 0.022813 0.532915
v -0.006215 0.027019 0.531210
v -0.003805 0.028995 0.531210
v -0.001590 0.029748 0.531210
v -0.008029 0.021945 0.556000
v -0.010357 0.021945 0.555683
v -0.014475 0.022845 0.530115
v -0.008035 0.022813 0.531210
v -0.008765 0.002160 0.529840
v -0.011061 0.004816 0.517626
v -0.013619 0.011037 0.529841
v -0.003304 -0.000598 0.517628
v -0.003276 -0.000516 0.517629
v -0.003290 -0.000471 0.529842
v -0.002703 0.002204 0.532917
v -0.002692 0.036316 0.517627
v -0.002695 0.034337 0.517627
v -0.006410 0.035606 0.517627
v -0.006409 0.033629 0.517627
v -0.002630 0.036322 0.480209
v -0.006410 0.035606 0.480207
v -0.009878 0.033710 0.480206
v -0.012513 0.030509 0.480206
v -0.014113 0.016224 0.480207
v -0.010713 0.005677 0.480189
v -0.007894 0.002058 0.480187
v -0.003272 0.002091 0.480155
v -0.004935 0.004834 0.554826
v -0.008431 0.008879 0.556031
v -0.005097 0.004645 0.532915
v -0.010423 0.021945 0.532915
v -0.010319 0.021945 0.555811
v -0.003025 0.005145 0.555773
v -0.003807 0.014895 0.555998
v -0.006454 0.007128 0.555770
v -0.006706 0.017430 0.555995
v -0.008572 0.010056 0.555775
v -0.008137 0.021901 0.556117
v -0.009783 0.013864 0.555779
v -0.010179 0.021945 0.555779
v -0.008046 0.021947 0.556000
v -0.008172 0.024050 0.610939
v -0.004702 0.005919 0.555720
v -0.010061 0.013966 0.555862
v -0.008009 0.022809 0.532915
v -0.008045 0.021946 0.532915
v -0.008029 0.021945 0.532915
v -0.010423 0.021945 0.532915
v -0.010423 0.021945 0.532915
v -0.011631 0.022813 0.532915
v -0.012668 0.022813 0.531210
v -0.014224 0.022813 0.530063
v -0.008029 0.022813 0.532915
v -0.008029 0.021945 0.532915
v -0.005193 0.028250 0.531210
v -0.008238 0.022882 0.531210
v -0.008029 0.022813 0.532915
v -0.008029 0.022813 0.531210
v -0.006010 0.016257 0.556000
v -0.005673 0.015919 0.610939
v -0.000051 0.013868 0.556000
v -0.000046 0.013913 0.610939
v -0.000069 0.012062 0.622674
v -0.002090 0.015204 0.623018
v -0.004511 0.016501 0.623018
v -0.009746 0.022862 0.622679
v -0.002092 0.028685 0.623018
v -0.007592 0.015747 0.622638
v -0.009014 0.018251 0.611718
v -0.006253 0.018625 0.623018
v -0.007380 0.029391 0.613073
v -0.009505 0.024208 0.611169
v -0.006500 0.028403 0.611056
v -0.006124 0.014601 0.611180
v -0.000068 0.012047 0.611420
v -0.007093 0.028965 0.621150
v -0.004942 0.029912 0.622860
v -0.006872 0.028775 0.611179
v -0.000038 0.014932 0.623018
v -0.007050 0.021256 0.623018
v -0.006781 0.023990 0.623018
v -0.005063 0.026963 0.623018
v -0.006997 0.033069 0.615425
v -0.003804 0.033123 0.615760
v -0.006997 0.031258 0.618444
v -0.006997 0.031258 0.619786
v -0.006997 0.033123 0.621127
v -0.006997 0.033123 0.618444
v -0.003804 0.033123 0.618444
v -0.001506 0.033346 0.621127
v -0.003804 0.029786 0.614754
v -0.006997 0.028903 0.614418
v -0.006997 0.030316 0.619451
v -0.003804 0.030669 0.619249
v -0.006997 0.033123 0.613077
v -0.006997 0.031258 0.614418
v -0.006997 0.031258 0.615760
v -0.006997 0.033123 0.615760
v -0.006997 0.033123 0.618444
v -0.006997 0.033123 0.621127
v -0.006997 0.033123 0.615760
v -0.006997 0.033123 0.613077
v -0.001172 0.042222 0.621085
v -0.001172 0.044458 0.613099
v -0.006997 0.028903 0.614418
v -0.006997 0.028903 0.613076
v -0.001172 0.033978 0.621127
v -0.003804 0.028903 0.614418
v -0.003804 0.031258 0.614418
v -0.006997 0.028903 0.619786
v -0.006997 0.028903 0.621127
v -0.006997 0.033123 0.618444
v -0.003804 0.033123 0.618444
v -0.003804 0.031258 0.619786
v -0.003804 0.033123 0.615760
v -0.003804 0.033123 0.618444
v -0.003805 0.028995 0.610939
v -0.005664 0.027571 0.610939
v -0.005758 0.027609 0.610939
v -0.007662 0.024335 0.610939
v -0.008036 0.021210 0.610939
v -0.006707 0.017431 0.610939
v -0.003807 0.014895 0.610939
v -0.000078 0.013894 0.610939
v -0.004511 0.016501 0.638378
v -0.002090 0.015204 0.638378
v -0.005186 0.023506 0.638378
v -0.004612 0.018887 0.638378
v -0.007050 0.021256 0.638378
v -0.006253 0.018625 0.638378
v -0.005063 0.026963 0.638378
v -0.006781 0.023990 0.638378
v -0.002092 0.028685 0.638378
v -0.000038 0.014932 0.638378
v -0.000047 0.016508 0.638378
v -0.004568 0.024972 0.635695
v -0.004849 0.018945 0.635695
v -0.000046 0.016586 0.635695
v -0.001599 0.025713 0.634828
v -0.000167 0.017301 0.634828
v -0.004253 0.021498 0.534168
v -0.004182 0.022999 0.634828
v -0.001668 0.025876 0.534168
v -0.000143 0.017399 0.534168
v -0.007464 0.019948 0.623018
v -0.007322 0.019481 0.638378
v -0.000071 0.014637 0.623018
v -0.000063 0.014708 0.638378
v 0.003174 0.004822 0.600049
v 0.004352 0.002663 0.598057
v 0.004786 0.000956 0.600049
v 0.004590 0.001440 0.598385
v 0.004343 0.000226 0.598059
v 0.002565 -0.002460 0.600049
v -0.000955 -0.003273 0.600049
v -0.001089 -0.003565 0.600049
v -0.004424 0.000226 0.598060
v -0.004864 0.001918 0.600049
v -0.004665 0.001441 0.598385
v -0.004417 0.002657 0.598058
v -0.002338 0.005490 0.600049
v 0.000345 0.006152 0.600049
v -0.001809 0.005355 0.600847
v -0.003327 0.004739 0.600023
v -0.002408 0.003025 0.482104
v -0.003080 0.002252 0.591316
v -0.000070 -0.001376 0.591316
v -0.004074 0.003754 0.596462
v -0.004188 0.003582 0.595176
v -0.004460 0.002714 0.594089
v -0.004435 0.000215 0.594073
v -0.003795 -0.001304 0.596068
v -0.004188 -0.000702 0.595176
v -0.002683 -0.002432 0.592110
v -0.004086 -0.000881 0.596063
v -0.000945 -0.003153 0.592140
v -0.000884 -0.002862 0.590777
v 0.003726 -0.001301 0.596080
v 0.004341 0.000229 0.594066
v 0.004113 -0.000702 0.595176
v 0.004010 -0.000881 0.596063
v 0.002282 0.005575 0.592092
v 0.004131 0.003598 0.595183
v 0.003960 0.003726 0.596464
v 0.004386 0.002709 0.594086
v -0.002290 0.005854 0.592210
v 0.000982 -0.001021 0.591316
v 0.004113 -0.000702 0.596950
v -0.004189 -0.000701 0.596951
v 0.004589 0.001440 0.593741
v -0.004664 0.001440 0.593742
v 0.003978 0.003812 0.596052
v -0.004058 0.003718 0.596079
v 0.004662 0.001418 0.593496
v -0.004720 0.001477 0.593696
v -0.004731 0.001533 0.598547
v 0.004655 0.001350 0.598548
v 0.003979 -0.000937 0.596048
v -0.004057 -0.000901 0.596050
v -0.004057 -0.000901 0.596076
v 0.003979 -0.000938 0.596078
v 0.001749 0.005742 0.600023
v 0.003552 0.004382 0.600042
v -0.000943 0.006010 0.600024
v 0.003960 0.002794 0.600830
v 0.004532 0.002347 0.600023
v 0.004264 -0.000349 0.600023
v 0.000936 -0.002746 0.600847
v 0.002159 -0.002681 0.599984
v -0.001396 -0.003028 0.599984
v -0.004607 0.000533 0.600023
v -0.004018 -0.001540 0.600382
v -0.004478 0.002792 0.600042
v 0.004655 0.002041 0.592153
v 0.002820 -0.002622 0.592203
v -0.004829 0.001296 0.592146
v 0.001073 0.005099 0.591369
v 0.001547 0.003812 0.591316
v 0.002619 0.003215 0.482104
v 0.002588 0.000510 0.591316
v -0.000212 -0.001878 0.482104
v -0.000006 -0.001377 0.591316
v 0.000031 -0.001529 0.482104
v 0.003137 0.003556 0.591337
v 0.003768 0.001060 0.591369
v 0.002387 -0.001519 0.591368
v -0.000733 -0.002328 0.591402
v -0.002467 -0.001515 0.591368
v -0.003779 0.000696 0.591337
v -0.003410 0.003248 0.591368
v -0.001494 0.004966 0.591337
v 0.013095 0.037111 0.014122
v 0.010761 0.037105 0.018280
v 0.012873 0.022244 0.017013
v 0.012913 0.036572 -0.006843
v 0.012913 0.037123 0.006734
v 0.012913 0.022244 -0.032118
v 0.012913 0.034108 -0.030094
v 0.012913 0.031794 -0.032118
v 0.010850 0.030661 0.016030
v 0.010554 0.037105 0.016137
v 0.010913 0.037124 0.014109
v 0.010913 0.037123 0.006734
v 0.009933 0.030661 0.016280
v 0.010913 0.030661 -0.032118
v 0.010913 0.036572 -0.006843
v 0.010913 0.030661 0.015300
v 0.010913 0.030661 -0.032118
v 0.010913 0.034108 -0.030094
v 0.012913 0.033618 -0.031748
v 0.012913 0.022244 -0.032118
v 0.010913 0.030664 -0.032197
v 0.012913 0.037105 0.006746
v 0.010913 0.037105 0.006723
v 0.010913 0.040698 0.007874
v 0.012913 0.037105 0.014120
v 0.010913 0.037105 0.014097
v 0.012913 0.041020 0.008036
v 0.010913 0.041021 0.012807
v 0.012913 0.040699 0.012969
v 0.010761 0.037105 0.018280
v 0.012913 0.037105 0.016128
v 0.010913 0.037105 0.015300
v 0.009933 0.037105 0.016280
v 0.012913 0.037105 0.014060
v 0.010913 0.037105 0.014060
v 0.012913 0.037443 0.006771
v 0.010913 0.037393 0.006773
v 0.010913 0.034124 -0.030070
v 0.003034 0.029433 0.018280
v 0.002028 0.029720 -0.032118
v 0.007874 0.023701 -0.032118
v 0.008065 0.022659 0.018280
v -0.008144 0.022291 -0.032118
v -0.008030 0.022964 0.018280
v 0.012916 0.034796 0.011235
v 0.013796 0.036336 0.007793
v 0.012918 0.038436 0.013627
v 0.012913 0.037877 0.007268
v 0.014898 0.039134 0.008705
v 0.012921 0.040964 0.010440
v 0.012916 0.040790 0.010432
v 0.014650 0.037517 0.008607
v 0.014636 0.039752 0.010388
v 0.014539 0.038561 0.012071
v 0.014597 0.039713 0.010446
v 0.014650 0.036852 0.011960
v 0.014650 0.036069 0.010787
v 0.014649 0.036344 0.009392
v -0.013162 0.037111 0.014122
v 0.012913 0.041501 0.009692
v 0.012913 0.040694 0.009856
v -0.010836 0.037105 0.018280
v -0.012932 0.022244 0.017382
v -0.012988 0.037123 0.006734
v -0.012988 0.036572 -0.006843
v -0.012988 0.022244 -0.032118
v -0.012988 0.034108 -0.030094
v -0.012988 0.031794 -0.032118
v -0.010938 0.030661 0.015881
v -0.011174 0.037108 0.014122
v -0.010988 0.037123 0.006734
v -0.010008 0.030661 0.016280
v -0.010988 0.030661 -0.032118
v -0.010988 0.036572 -0.006843
v -0.010988 0.030661 0.015300
v -0.010988 0.030661 -0.032118
v -0.010988 0.034108 -0.030094
v -0.012988 0.033618 -0.031748
v -0.010988 0.030670 -0.032203
v -0.012988 0.022244 -0.032118
v -0.012988 0.041020 0.008036
v -0.010988 0.041021 0.012807
v -0.010988 0.040698 0.007874
v -0.012988 0.037105 0.014120
v -0.010988 0.037105 0.014097
v -0.012988 0.037105 0.006746
v -0.010988 0.037105 0.006723
v -0.012988 0.040699 0.012969
v -0.010836 0.037105 0.018280
v -0.010008 0.037105 0.016280
v -0.010988 0.037105 0.015300
v -0.012988 0.037105 0.016128
v -0.010988 0.037105 0.014060
v -0.012988 0.037105 0.014060
v -0.012988 0.037443 0.006771
v -0.010988 0.037393 0.006773
v -0.010988 0.034124 -0.030070
v -0.004231 0.028746 -0.032118
v -0.003774 0.029011 0.018280
v 0.012913 0.040484 0.011507
v 0.012913 0.041231 0.011818
v -0.012991 0.035265 0.008822
v -0.012990 0.039460 0.013096
v -0.012993 0.038586 0.007246
v -0.013012 0.040970 0.010441
v -0.014962 0.036776 0.012230
v -0.012992 0.035049 0.011759
v -0.012995 0.040923 0.010409
v -0.014725 0.037517 0.008607
v -0.014725 0.038901 0.008883
v -0.014711 0.039752 0.010388
v -0.014614 0.038561 0.012071
v -0.014672 0.039713 0.010446
v -0.014725 0.036069 0.010787
v -0.014724 0.036344 0.009392
v 0.001164 0.014096 -0.150961
v 0.006452 0.017737 -0.150961
v 0.007723 0.021149 -0.150961
v 0.007066 0.025201 -0.150961
v 0.003819 0.028917 -0.150961
v -0.004225 0.015480 -0.150961
v 0.002071 0.029532 -0.176546
v 0.002842 0.032178 -0.176544
v 0.002855 0.032285 -0.201318
v -0.007048 0.017956 -0.150961
v 0.006610 0.013835 -0.150963
v 0.001786 0.011650 -0.150963
v 0.009832 0.018304 -0.150963
v 0.010302 0.024777 -0.150961
v 0.005649 0.031003 -0.150959
v -0.004686 0.012430 -0.150963
v -0.000098 0.033013 -0.150960
v -0.000065 0.030144 -0.150961
v -0.009504 0.016499 -0.150963
v -0.005919 0.013303 -0.150963
v -0.004396 0.015583 -0.150961
v 0.007407 0.014670 -0.150963
v 0.009061 0.016847 -0.150963
v 0.007186 0.019062 -0.150961
v 0.004730 0.015848 -0.150961
v -0.009503 0.016502 -0.150963
v -0.007046 0.017956 -0.150961
v 0.000154 0.011575 -0.213497
v -0.000891 0.014284 -0.213495
v 0.003100 0.014895 -0.213495
v 0.002854 0.011983 -0.213497
v 0.005248 0.012993 -0.150963
v -0.009419 0.016387 -0.213497
v -0.006965 0.017845 -0.213495
v -0.004284 0.015523 -0.213495
v -0.005797 0.013237 -0.213497
v 0.005359 0.013072 -0.213497
v 0.010092 0.019381 -0.150963
v 0.010433 0.022103 -0.150962
v 0.007699 0.023116 -0.150963
v 0.006250 0.017421 -0.213495
v 0.007493 0.014776 -0.213497
v 0.010043 0.024835 -0.150961
v 0.008388 0.028263 -0.150959
v 0.006201 0.026594 -0.150962
v 0.009117 0.016971 -0.213497
v 0.007715 0.021190 -0.213496
v 0.010113 0.019515 -0.213496
v -0.002693 0.011906 -0.150963
v 0.000019 0.011561 -0.150963
v -0.001020 0.014287 -0.150961
v 0.010419 0.022239 -0.213496
v 0.007383 0.024191 -0.213495
v 0.009998 0.024962 -0.213495
v -0.002559 0.011884 -0.213497
v 0.008470 0.028161 -0.213495
v 0.006249 0.026542 -0.213494
v 0.004362 0.031695 -0.150959
v 0.003175 0.029174 -0.150961
v 0.002727 0.011935 -0.150963
v 0.001993 0.014560 -0.150961
v 0.005013 0.031618 -0.213492
v 0.003660 0.029129 -0.213495
v -0.009502 0.016501 -0.150963
v -0.000156 0.033007 -0.176545
v -0.000099 0.033009 -0.150960
v -0.000121 0.030140 -0.176546
v -0.000065 0.030143 -0.150961
v -0.000121 0.030138 -0.176546
v -0.000157 0.033007 -0.176545
v 0.002071 0.029532 -0.176546
v 0.002843 0.032180 -0.176544
v -0.000065 0.030144 -0.150961
v -0.000099 0.033013 -0.150960
v 0.002053 0.029543 -0.201325
v 0.002824 0.032190 -0.201323
v 0.003657 0.029118 -0.201325
v 0.004791 0.015912 -0.213495
v 0.001106 0.014321 -0.213495
v 0.007236 0.019226 -0.213495
v 0.007648 0.023339 -0.213495
v 0.006193 0.026638 -0.213495
v 0.003661 0.029130 -0.213495
v 0.003549 0.029001 -0.201339
v -0.003463 0.014942 -0.213495
v -0.006962 0.017847 -0.213495
v 0.006389 0.013674 -0.213497
v 0.002840 0.011979 -0.213497
v -0.001039 0.011540 -0.213497
v 0.009718 0.018023 -0.213497
v 0.010388 0.023642 -0.213496
v 0.008870 0.027479 -0.213494
v 0.005119 0.031729 -0.213492
v 0.004879 0.031467 -0.201345
v -0.005762 0.013218 -0.213497
v 0.005010 0.031607 -0.201323
v -0.009418 0.016388 -0.213497
v -0.009420 0.016387 -0.213497
v 0.005013 0.031618 -0.213492
v 0.003660 0.029129 -0.213495
v 0.002074 0.029607 -0.201322
v 0.001378 -0.031081 -0.266079
v 0.001285 -0.032579 -0.256927
v 0.001465 -0.042437 -0.270252
v 0.001635 -0.041330 -0.266541
v 0.001247 -0.025834 -0.256943
v 0.001360 -0.025832 -0.265888
v 0.001347 -0.054203 -0.265518
v 0.001413 -0.053433 -0.263206
v -0.001766 -0.054332 -0.264036
v 0.001391 -0.048425 -0.265822
v -0.001452 -0.031085 -0.266079
v 0.001184 -0.038166 -0.269016
v 0.001173 -0.049365 -0.268678
v 0.001175 -0.045253 -0.269913
v 0.001200 -0.039137 -0.264222
v 0.001251 -0.043831 -0.266432
v 0.000913 -0.054407 -0.263950
v -0.001413 -0.032605 -0.256867
v -0.001477 -0.042310 -0.270179
v -0.001260 -0.054111 -0.263545
v 0.001185 -0.046040 -0.266856
v -0.001260 -0.040632 -0.270021
v 0.001185 -0.039240 -0.264324
v 0.001185 -0.032487 -0.257000
v -0.001260 -0.032507 -0.256998
v -0.001710 -0.041328 -0.266540
v 0.001185 -0.053566 -0.263396
v -0.001350 -0.025834 -0.256919
v -0.001421 -0.025832 -0.265876
v 0.001185 -0.032156 -0.266690
v -0.001453 -0.046136 -0.269988
v -0.001260 -0.048266 -0.269185
v 0.001185 -0.046870 -0.269890
v -0.001260 -0.054591 -0.264966
v -0.001470 -0.048423 -0.265820
v -0.001260 -0.041463 -0.266098
v -0.001260 -0.025859 -0.265452
v 0.001185 -0.025834 -0.265742
v 0.001185 -0.054916 -0.264410
v -0.001259 -0.038166 -0.269016
v -0.001275 -0.053296 -0.263486
v -0.001278 -0.039140 -0.264220
v -0.001326 -0.043831 -0.266432
v -0.001238 -0.050654 -0.267955
v -0.001100 -0.054436 -0.263799
v -0.001241 -0.054470 -0.264917
v 0.001185 -0.025834 -0.256997
v -0.001260 -0.025834 -0.256997
v 0.012913 0.039931 0.007342
v 0.012913 0.039473 0.008028
v 0.012913 0.037877 0.007594
v 0.012913 0.036279 0.008028
v 0.012913 0.039473 0.012815
v 0.012913 0.039931 0.013501
v 0.012913 0.037318 0.013245
v -0.012988 0.041231 0.011818
v -0.012988 0.041501 0.009692
v -0.012988 0.040694 0.009856
v -0.012988 0.040484 0.011507
v -0.012988 0.039931 0.013501
v -0.012988 0.039473 0.012815
v -0.012988 0.037877 0.013249
v -0.012988 0.036279 0.012815
v -0.012988 0.039473 0.008028
v -0.012988 0.039931 0.007342
v -0.012988 0.037877 0.007594
v -0.012988 0.036279 0.008028
v 0.010773 0.036329 -0.038935
v -0.010849 0.036389 -0.040344
v 0.003787 0.045352 -0.044954
v 0.010773 0.045351 -0.044969
v 0.010773 0.038906 -0.039158
v 0.010773 0.038480 0.016085
v 0.010772 0.040865 -0.044104
v -0.000001 0.040994 -0.044343
v 0.010773 0.040682 0.015587
v 0.010773 0.038480 0.016085
v 0.010773 0.038707 -0.036848
v 0.010773 0.039288 -0.039018
v 0.010773 0.040710 -0.040909
v 0.010773 0.043066 -0.042244
v 0.010773 0.045459 -0.042459
v 0.002604 0.044266 -0.044906
v 0.001925 0.043490 -0.042336
v 0.010773 0.045459 -0.042459
v 0.010773 0.045353 -0.044929
v -0.000038 0.040942 -0.041608
v 0.003788 0.045459 -0.042459
v 0.010773 0.045453 -0.042571
v 0.010773 0.040903 0.014879
v -0.003887 0.045348 -0.044816
v -0.010849 0.045345 -0.045100
v -0.010848 0.038862 -0.039040
v -0.010848 0.039734 0.016048
v -0.010848 0.038480 0.016085
v -0.010848 0.040861 0.015359
v -0.010848 0.038707 -0.036848
v -0.010848 0.039288 -0.039018
v -0.010848 0.040710 -0.040909
v -0.010848 0.043066 -0.042244
v -0.010848 0.045459 -0.042459
v -0.003578 0.045106 -0.044937
v -0.010848 0.045353 -0.044929
v -0.010848 0.045459 -0.042459
v -0.002002 0.043491 -0.042337
v -0.003863 0.045459 -0.042459
v -0.010848 0.045441 -0.042747
v -0.010848 0.040903 0.014879
v 0.011614 0.034334 -0.032358
v 0.011614 0.034576 -0.025764
v 0.010773 0.036405 -0.032446
v 0.010773 0.036686 -0.025855
v 0.010773 0.039158 -0.025960
v 0.010773 0.038876 -0.032552
v 0.010773 0.036405 -0.032446
v 0.010773 0.036686 -0.025855
v 0.011614 0.040947 -0.032640
v 0.011614 0.041229 -0.026049
v 0.010773 0.036405 -0.032446
v 0.011614 0.034334 -0.032358
v 0.010773 0.038876 -0.032552
v 0.011614 0.040947 -0.032640
v 0.010773 0.039158 -0.025960
v 0.011614 0.041229 -0.026049
v 0.010773 0.036686 -0.025855
v 0.011614 0.034616 -0.025766
v 0.013373 0.035078 -0.023595
v 0.013373 0.041002 -0.023916
v 0.011614 0.040878 -0.023800
v 0.011614 0.034713 -0.034625
v 0.011614 0.040385 -0.034828
v 0.013373 0.040484 -0.034812
v 0.013373 0.034726 -0.034587
v 0.011614 0.035571 -0.023398
v 0.011614 0.034667 -0.034575
v 0.013373 0.035284 -0.034078
v 0.013373 0.034856 -0.033381
v -0.013447 0.040332 -0.033611
v -0.013447 0.041002 -0.023916
v 0.015877 0.034882 -0.033526
v 0.015877 0.040332 -0.033611
v 0.013373 0.035086 -0.034192
v 0.015877 0.035073 -0.034201
v 0.013373 0.040486 -0.024244
v 0.015877 0.040523 -0.024297
v 0.013373 0.035467 -0.024082
v 0.015877 0.035509 -0.024032
v 0.013373 0.040096 -0.034325
v 0.015877 0.040054 -0.034374
v 0.013373 0.035153 -0.034210
v 0.015877 0.035167 -0.034193
v 0.011581 -0.043619 -0.152760
v 0.011969 -0.029098 -0.134841
v 0.014331 -0.028471 -0.135984
v 0.012740 -0.026025 -0.136483
v 0.011164 -0.028886 -0.137507
v 0.010936 -0.028558 -0.137258
v 0.009551 -0.027439 -0.133108
v 0.011674 -0.026402 -0.133998
v 0.008441 -0.024896 -0.134098
v 0.009619 -0.024982 -0.135189
v 0.010022 -0.028851 -0.135203
v 0.010036 -0.028018 -0.136514
v 0.010286 -0.028002 -0.136488
v 0.009781 -0.026687 -0.136978
v 0.014144 -0.043513 -0.153123
v 0.010815 -0.042351 -0.153659
v 0.013646 -0.042323 -0.155191
v 0.009553 -0.043096 -0.154462
v 0.009933 -0.042629 -0.155912
v 0.010359 -0.045392 -0.154406
v 0.010453 -0.042902 -0.154150
v 0.010973 -0.043578 -0.157175
v 0.011702 -0.045617 -0.156137
v -0.010629 -0.044934 -0.157220
v -0.011710 -0.045395 -0.154337
v -0.014033 -0.028606 -0.135549
v -0.012308 -0.029741 -0.135754
v -0.014260 -0.027439 -0.136910
v -0.011217 -0.028753 -0.137360
v -0.011021 -0.028603 -0.137312
v -0.012613 -0.026750 -0.137363
v -0.012088 -0.026503 -0.133983
v -0.009709 -0.025862 -0.133648
v -0.009736 -0.025093 -0.135245
v -0.008516 -0.024931 -0.136085
v -0.010095 -0.028121 -0.136612
v -0.009882 -0.028168 -0.133727
v -0.010168 -0.026777 -0.136826
v -0.010361 -0.028002 -0.136488
v -0.008521 -0.029556 -0.135168
v -0.013772 -0.044415 -0.154402
v -0.010902 -0.042431 -0.153728
v -0.009475 -0.042963 -0.154379
v -0.013639 -0.043021 -0.155849
v -0.011910 -0.042448 -0.156010
v -0.010630 -0.042815 -0.154045
v -0.011689 0.034334 -0.032358
v -0.011689 0.034561 -0.025763
v -0.010848 0.037640 -0.032499
v -0.010848 0.037922 -0.025907
v -0.011689 0.040947 -0.032640
v -0.011689 0.041229 -0.026049
v -0.011689 0.034334 -0.032358
v -0.010848 0.036405 -0.032446
v -0.010848 0.038876 -0.032552
v -0.011689 0.040947 -0.032640
v -0.011689 0.041229 -0.026049
v -0.010848 0.039158 -0.025960
v -0.010848 0.036686 -0.025855
v -0.011689 0.034616 -0.025766
v -0.013447 0.035078 -0.023595
v -0.011689 0.040878 -0.023800
v -0.011689 0.034713 -0.034625
v -0.013447 0.034726 -0.034587
v -0.013447 0.040484 -0.034812
v -0.011689 0.040385 -0.034828
v -0.011689 0.035571 -0.023398
v -0.011689 0.034667 -0.034575
v -0.013447 0.034856 -0.033381
v -0.013447 0.035284 -0.034078
v -0.015952 0.040332 -0.033611
v -0.015952 0.034882 -0.033526
v -0.013447 0.035086 -0.034192
v -0.015952 0.035073 -0.034201
v -0.013447 0.040486 -0.024244
v -0.015952 0.040523 -0.024297
v -0.013447 0.035467 -0.024082
v -0.015952 0.035509 -0.024032
v -0.013447 0.040096 -0.034325
v -0.015952 0.040054 -0.034374
v -0.013447 0.035153 -0.034210
v -0.015952 0.035167 -0.034193
v -0.008516 -0.026451 -0.132865
v -0.006981 -0.024845 -0.130995
v -0.006981 -0.029944 -0.138903
v -0.006980 -0.031458 -0.133187
v -0.006982 -0.029970 -0.138924
v -0.006981 -0.031605 -0.136555
v -0.006982 -0.028536 -0.130548
v -0.006981 -0.023278 -0.138197
v -0.006981 -0.027025 -0.139962
v -0.008516 -0.025215 -0.134106
v -0.006981 -0.022453 -0.133697
v -0.008516 -0.028521 -0.137173
v -0.008516 -0.028479 -0.136955
v -0.008495 -0.023308 -0.135431
v -0.008464 -0.023994 -0.132977
v -0.008495 -0.024087 -0.137480
v -0.008463 -0.026450 -0.131442
v -0.008495 -0.028954 -0.131902
v -0.008495 -0.030841 -0.134924
v -0.008510 -0.030501 -0.136725
v -0.008500 -0.029389 -0.138161
v -0.008510 -0.030264 -0.133182
v -0.008510 -0.027695 -0.138883
v -0.008495 -0.025870 -0.138752
v -0.008512 -0.029379 -0.138184
v 0.008441 -0.026461 -0.137421
v 0.006906 -0.024845 -0.130995
v 0.006903 -0.030802 -0.138473
v 0.006905 -0.031458 -0.133187
v 0.006902 -0.030761 -0.138369
v 0.008628 -0.030724 -0.136735
v 0.006907 -0.028536 -0.130548
v 0.006904 -0.023606 -0.138696
v 0.008654 -0.026009 -0.139063
v 0.008441 -0.025215 -0.134106
v 0.006906 -0.022453 -0.133697
v 0.008441 -0.028384 -0.136874
v 0.008441 -0.028638 -0.137083
v 0.008441 -0.028501 -0.133333
v 0.008420 -0.023308 -0.135431
v 0.008389 -0.023994 -0.132977
v 0.008420 -0.024087 -0.137480
v 0.008388 -0.026450 -0.131442
v 0.008420 -0.028954 -0.131902
v 0.008420 -0.030841 -0.134924
v 0.008441 -0.029898 -0.137640
v 0.008435 -0.030264 -0.133182
v 0.008387 -0.028415 -0.138713
v 0.008441 -0.029898 -0.137640
v -0.013447 0.039378 -0.034621
v -0.013447 0.035879 -0.034507
v -0.013447 0.035280 -0.034058
v -0.013447 0.035231 -0.024795
v -0.013447 0.036185 -0.023786
v -0.013447 0.039685 -0.023900
v -0.013447 0.040681 -0.024881
v 0.013373 0.040332 -0.033611
v 0.013373 0.039378 -0.034621
v 0.013373 0.035879 -0.034507
v 0.013373 0.035280 -0.034058
v 0.013373 0.035231 -0.024795
v 0.013373 0.036185 -0.023786
v 0.013373 0.039685 -0.023900
v 0.013373 0.040681 -0.024881
v 0.008144 -0.005309 0.067905
v 0.002797 -0.006047 0.067907
v -0.002873 -0.006047 0.067907
v -0.008219 -0.005309 0.067905
v 0.011443 -0.003680 0.067901
v -0.011516 -0.003681 0.067901
v -0.012427 0.022244 -0.096723
v 0.008146 0.022244 0.023609
v 0.008800 0.022244 -0.046626
v 0.010565 0.022244 -0.048523
v 0.013440 0.022244 -0.050723
v 0.011310 0.031349 -0.215602
v 0.006901 -0.029236 -0.135029
v 0.006901 -0.028987 -0.136273
v 0.006901 -0.028037 -0.137115
v 0.006901 -0.027767 -0.133122
v 0.006901 -0.028820 -0.133828
v -0.006976 -0.029236 -0.135029
v -0.006976 -0.028987 -0.136273
v -0.006976 -0.028037 -0.137115
v -0.006976 -0.027767 -0.133122
v -0.006976 -0.028820 -0.133828
v 0.011172 -0.052052 -0.204313
v 0.009155 -0.057248 -0.227983
v 0.010985 -0.057221 -0.227856
v 0.011889 -0.056973 -0.226718
v -0.011247 -0.052051 -0.204313
v -0.011964 -0.056972 -0.226719
v -0.011060 -0.057221 -0.227856
v -0.009230 -0.057248 -0.227983
v -0.008222 0.022244 0.023610
v -0.013515 0.022244 -0.050723
v -0.010641 0.022244 -0.048524
v -0.008880 0.022244 -0.046632
v 0.012352 0.022244 -0.096723
v 0.016044 0.017657 -0.165122
v -0.020586 0.015684 -0.210772
v -0.020586 0.017382 -0.212924
v -0.020684 0.003540 -0.116104
v -0.020684 0.001372 -0.115819
v -0.020684 -0.000293 -0.116325
v -0.020684 0.005276 -0.117433
v -0.020684 -0.001645 -0.117432
v -0.020684 0.006100 -0.118976
v -0.020684 -0.002468 -0.118970
v -0.020684 0.006270 -0.120717
v -0.020684 -0.002641 -0.120709
v -0.020684 0.005764 -0.122382
v -0.020684 -0.002135 -0.122381
v -0.020684 0.004655 -0.123736
v -0.020684 -0.000695 -0.124023
v -0.020684 0.003111 -0.124559
v -0.020684 0.001378 -0.124730
v 0.020610 0.001372 -0.115819
v 0.020610 0.003540 -0.116104
v 0.020610 -0.000293 -0.116325
v 0.020610 -0.001645 -0.117432
v 0.020610 0.005276 -0.117433
v 0.020610 -0.002468 -0.118970
v 0.020610 0.006100 -0.118976
v 0.020610 -0.002641 -0.120709
v 0.020610 0.006270 -0.120717
v 0.020610 -0.002135 -0.122381
v 0.020610 0.005764 -0.122382
v 0.020610 -0.000695 -0.124023
v 0.020610 0.004655 -0.123736
v 0.020610 0.003111 -0.124559
v 0.020610 0.001378 -0.124730
v 0.010926 -0.054604 -0.227220
v 0.010989 -0.054859 -0.228371
v 0.011888 -0.054606 -0.227239
v 0.009156 -0.049219 -0.202642
v 0.011170 -0.049690 -0.204829
v -0.011001 -0.054604 -0.227220
v -0.011064 -0.054857 -0.228371
v -0.011964 -0.054607 -0.227238
v -0.011245 -0.049690 -0.204828
v -0.009230 -0.049219 -0.202642
v -0.006989 -0.025164 -0.134076
v -0.006976 -0.025650 -0.136806
v 0.006901 -0.025650 -0.136806
v 0.010959 -0.023651 -0.230997
v -0.001907 -0.034977 -0.291696
v 0.001908 -0.035393 -0.291378
v 0.004210 -0.034996 -0.290693
v 0.005912 -0.024241 -0.232221
v 0.006957 -0.024181 -0.230969
v 0.005905 -0.024141 -0.230982
v 0.004440 -0.024215 -0.232227
v 0.005879 -0.034595 -0.289518
v -0.007033 -0.024254 -0.231643
v -0.005988 -0.024314 -0.232265
v -0.004513 -0.024288 -0.232270
v -0.005981 -0.024214 -0.231656
v -0.004515 -0.024288 -0.232269
v -0.005699 -0.034720 -0.289818
v 0.016030 0.022244 0.071835
v -0.016119 0.022244 0.071835
v 0.008003 0.037710 0.071835
v -0.008078 0.037710 0.071835
v 0.016835 0.006192 0.071835
v -0.015416 0.001944 0.071835
v 0.015341 0.001944 0.071835
v -0.016913 0.006201 0.071835
v 0.017430 0.010181 0.071835
v -0.017505 0.010185 0.071835
v 0.017452 0.022244 0.071835
v -0.017527 0.022244 0.071835
v 0.002354 0.037708 0.071876
v 0.011627 0.001901 0.071876
v 0.014268 0.006818 0.071876
v 0.015831 0.011476 0.071876
v 0.016763 0.016647 0.071876
v 0.016789 0.023569 0.071876
v 0.015669 0.028286 0.071876
v 0.012546 0.033075 0.071876
v 0.009707 0.035416 0.071876
v 0.006779 0.036884 0.071876
v 0.001097 0.045356 0.614403
v 0.001097 0.045286 0.613485
v -0.014347 0.006828 0.071876
v -0.011703 0.001901 0.071876
v -0.015907 0.011476 0.071876
v -0.016838 0.016640 0.071876
v -0.016864 0.023576 0.071876
v -0.015745 0.028286 0.071876
v -0.012621 0.033076 0.071876
v -0.009782 0.035416 0.071876
v -0.006857 0.036883 0.071876
v -0.002823 0.037661 0.071876
v -0.001172 0.043136 0.620353
v -0.001172 0.045356 0.614403
v -0.001172 0.045286 0.613485
v 0.000773 0.017872 0.534168
v -0.001599 0.018176 0.534168
v 0.003415 0.019637 0.534168
v -0.003489 0.019636 0.534168
v 0.004035 0.022755 0.534168
v -0.004111 0.022752 0.534168
v 0.002847 0.024829 0.534168
v -0.002345 0.025397 0.534168
v 0.000773 0.026017 0.534168
v 0.007698 0.022244 0.018280
v 0.007173 0.025040 0.018280
v 0.004726 0.028228 0.018280
v 0.000982 0.029782 0.018280
v 0.010913 0.039931 0.013501
v 0.010913 0.041231 0.011818
v 0.010913 0.041501 0.009692
v 0.010913 0.039931 0.007342
v 0.010913 0.031794 -0.032118
v 0.007173 0.025040 -0.032118
v 0.007698 0.022244 -0.032118
v 0.004726 0.028228 -0.032118
v 0.000982 0.029782 -0.032118
v 0.012913 0.022244 -0.032118
v 0.010761 0.022244 0.018280
v 0.012913 0.022244 0.016128
v 0.014696 0.037510 0.012282
v 0.014696 0.039254 0.011801
v 0.014696 0.036305 0.011479
v 0.014696 0.036022 0.010049
v 0.014696 0.039731 0.010045
v 0.014696 0.036824 0.008845
v 0.014696 0.038620 0.008618
v -0.007248 0.025040 0.018280
v -0.007773 0.022244 0.018280
v -0.004802 0.028228 0.018280
v -0.002059 0.029515 0.018280
v -0.010988 0.039931 0.013501
v -0.010988 0.041231 0.011818
v -0.010988 0.041501 0.009692
v -0.010988 0.039931 0.007342
v -0.010988 0.031794 -0.032118
v -0.007773 0.022244 -0.032118
v -0.007248 0.025040 -0.032118
v -0.004802 0.028228 -0.032118
v -0.002059 0.029515 -0.032118
v -0.012988 0.022244 -0.032118
v -0.012988 0.022244 0.016128
v -0.010836 0.022244 0.018280
v -0.014771 0.039254 0.011801
v -0.014771 0.037510 0.012282
v -0.014771 0.036305 0.011479
v -0.014771 0.039731 0.010045
v -0.014771 0.036022 0.010049
v -0.014771 0.038620 0.008618
v -0.014771 0.036824 0.008845
v 0.012913 0.035060 0.009853
v 0.012913 0.035487 0.012023
v -0.012988 0.035060 0.009853
v -0.012988 0.035269 0.011507
v 0.010773 0.039850 0.016026
v 0.011614 0.039886 -0.023386
v 0.011614 0.036182 -0.023228
v 0.011614 0.035033 -0.024052
v 0.011614 0.041168 -0.024620
v 0.011614 0.034556 -0.025720
v 0.011614 0.041229 -0.026049
v 0.011614 0.040947 -0.032640
v 0.011614 0.034394 -0.033786
v 0.011614 0.034334 -0.032358
v 0.011614 0.040821 -0.033857
v 0.011614 0.039586 -0.035141
v 0.011614 0.035675 -0.035020
v 0.015877 0.036185 -0.023786
v 0.015877 0.039685 -0.023900
v 0.015877 0.040681 -0.024881
v 0.015877 0.035231 -0.024795
v 0.015877 0.039378 -0.034621
v 0.015877 0.035879 -0.034507
v -0.011689 0.036182 -0.023228
v -0.011689 0.039886 -0.023386
v -0.011689 0.035033 -0.024052
v -0.011689 0.041168 -0.024620
v -0.011689 0.034556 -0.025720
v -0.011689 0.041229 -0.026049
v -0.011689 0.034394 -0.033786
v -0.011689 0.040947 -0.032640
v -0.011689 0.034334 -0.032358
v -0.011689 0.040821 -0.033857
v -0.011689 0.039586 -0.035141
v -0.011689 0.035675 -0.035020
v -0.015952 0.039685 -0.023900
v -0.015952 0.036185 -0.023786
v -0.015952 0.040681 -0.024881
v -0.015952 0.035231 -0.024795
v -0.015952 0.039378 -0.034621
v -0.015952 0.035879 -0.034507
vn 0.7194 0.5641 -0.4052
vn 0.4585 0.7052 -0.5408
vn 0.6508 0.5830 -0.4864
vn -0.7873 0.6147 -0.0477
vn -0.3097 0.9218 -0.2332
vn -0.4382 0.8784 -0.1907
vn -0.9630 -0.2063 0.1733
vn -1.0000 0.0084 -0.0037
vn -1.0000 0.0089 -0.0038
vn -0.0186 0.9965 -0.0810
vn -0.0909 0.9955 -0.0266
vn -0.0052 0.9929 -0.1190
vn -0.8598 0.5072 -0.0598
vn -0.7934 0.5982 -0.1124
vn -0.0563 0.8232 0.5649
vn -0.0000 1.0000 -0.0000
vn 0.7700 0.5375 0.3438
vn 0.8639 0.4799 0.1528
vn 0.7661 0.6391 -0.0688
vn 0.5038 0.8594 0.0878
vn 0.8872 0.4613 -0.0002
vn 0.8873 0.4613 -0.0002
vn 0.9583 0.2622 0.1133
vn 0.8875 0.4608 -0.0001
vn 0.8876 0.4606 -0.0000
vn 0.8871 0.4616 -0.0006
vn 0.8875 0.4608 -0.0002
vn 0.8872 0.4615 -0.0001
vn -0.3063 0.0171 -0.9518
vn -0.4009 0.0305 -0.9156
vn -0.2550 0.0072 -0.9669
vn -0.9192 -0.0658 0.3884
vn -0.1682 0.2928 0.9413
vn -0.4583 0.7301 0.5069
vn -1.0000 -0.0004 0.0036
vn -0.9998 0.0157 0.0116
vn -0.9999 -0.0165 0.0008
vn 1.0000 0.0011 -0.0005
vn 1.0000 -0.0073 0.0027
vn 1.0000 -0.0065 0.0006
vn -1.0000 0.0013 -0.0003
vn -0.9999 -0.0120 0.0041
vn -0.9998 -0.0216 -0.0008
vn -0.9987 -0.0501 -0.0047
vn 0.5921 0.7892 -0.1629
vn 0.4343 0.9001 -0.0359
vn -0.5758 0.8021 -0.1587
vn -0.4007 0.9156 -0.0329
vn 0.5293 0.8398 0.1208
vn 0.5317 0.8456 0.0484
vn 0.5618 0.8260 -0.0451
vn -0.9992 -0.0402 -0.0084
vn -1.0000 -0.0004 -0.0036
vn -0.9885 0.0811 -0.1275
vn 0.9999 0.0028 -0.0096
vn 0.9999 -0.0094 -0.0088
vn -0.4476 0.8034 -0.3928
vn -0.2272 0.8025 -0.5517
vn -0.0548 0.8635 -0.5013
vn -0.9529 -0.3029 0.0143
vn -0.9886 -0.1478 -0.0291
vn -0.9597 -0.2808 -0.0093
vn -0.9904 -0.1373 0.0186
vn -0.9880 -0.1472 -0.0461
vn -0.9528 -0.2994 0.0510
vn -0.8090 -0.5462 0.2169
vn -0.9652 -0.1254 0.2295
vn -0.9801 -0.1895 0.0597
vn 0.9740 -0.2263 -0.0116
vn 0.9918 -0.1268 0.0166
vn 0.9870 -0.1602 0.0140
vn 0.9842 -0.1772 -0.0064
vn 0.9546 -0.2977 0.0125
vn 0.8592 -0.5035 0.0907
vn 0.9848 -0.1710 0.0294
vn 0.9272 -0.2547 0.2748
vn 0.9642 -0.0352 0.2629
vn 0.8417 -0.0250 0.5394
vn 0.9981 -0.0581 -0.0181
vn 0.8797 -0.0210 0.4751
vn 0.9841 -0.1656 0.0634
vn 0.0096 -0.0912 -0.9958
vn -0.0040 -0.1213 -0.9926
vn -0.0372 -0.0720 -0.9967
vn 0.9985 -0.0311 0.0444
vn 0.9615 0.0241 0.2738
vn 0.9999 -0.0050 -0.0108
vn 0.0005 -0.1493 -0.9888
vn -0.0045 -0.1308 -0.9914
vn 0.0004 -0.1454 -0.9894
vn 0.0026 -0.0160 -0.9999
vn -0.0135 -0.4585 -0.8886
vn -0.0406 -0.3660 -0.9297
vn 0.8813 -0.4725 -0.0067
vn 0.9349 -0.3539 0.0255
vn 0.8477 -0.5232 -0.0876
vn 1.0000 -0.0018 0.0086
vn 1.0000 -0.0095 0.0023
vn 1.0000 -0.0077 0.0061
vn 0.7055 -0.7086 -0.0129
vn 0.8645 -0.5026 -0.0077
vn 0.9997 0.0259 -0.0026
vn 0.9991 0.0394 0.0161
vn 0.9964 0.0297 -0.0790
vn 1.0000 -0.0005 -0.0033
vn 0.9999 -0.0026 -0.0153
vn 0.9846 0.1291 -0.1180
vn 0.6294 -0.1730 -0.7576
vn 0.5003 -0.1071 0.8592
vn 1.0000 0.0072 -0.0012
vn 1.0000 0.0013 -0.0000
vn 1.0000 0.0005 0.0054
vn 0.0149 0.0250 -0.9996
vn -0.0048 -0.0309 -0.9995
vn -0.0032 -0.0139 -0.9999
vn -0.0032 0.0405 0.9992
vn 0.0166 -0.0826 0.9964
vn -0.0261 0.0435 0.9987
vn 0.0513 0.4865 0.8722
vn -0.0006 -0.0008 1.0000
vn 0.4286 0.2068 0.8795
vn -0.0000 -0.0000 1.0000
vn -0.0005 -0.0000 1.0000
vn 0.0004 -0.0000 -1.0000
vn -0.0000 -0.0000 -1.0000
vn -0.0000 0.0001 -1.0000
vn -0.0006 0.0026 1.0000
vn 1.0000 -0.0000 -0.0000
vn -0.8374 -0.4165 0.3539
vn -0.3620 -0.8384 0.4076
vn -0.4362 -0.2947 0.8502
vn -0.1027 -0.5573 0.8239
vn 0.2924 -0.9121 0.2875
vn -0.8918 0.2787 0.3564
vn -0.5339 0.0830 0.8414
vn -0.5077 0.8000 0.3198
vn -0.3690 0.4192 0.8295
vn -0.0947 0.9799 0.1756
vn -0.0972 0.5522 0.8280
vn 0.0205 -0.0215 -0.9996
vn -0.0608 -0.6935 -0.7179
vn -0.0593 -0.3288 -0.9425
vn -0.8967 -0.4424 -0.0145
vn -0.8811 -0.4682 -0.0665
vn -0.9654 -0.2547 0.0562
vn -1.0000 -0.0019 0.0084
vn -0.9999 -0.0077 0.0072
vn -1.0000 -0.0094 0.0022
vn -0.7055 -0.7087 -0.0084
vn -0.8645 -0.5026 -0.0077
vn -0.9996 0.0216 -0.0173
vn -0.9958 0.0322 -0.0857
vn -0.9990 0.0424 0.0169
vn -1.0000 -0.0005 -0.0031
vn -0.9999 -0.0033 -0.0140
vn -0.9857 0.1179 -0.1207
vn -0.4999 -0.1057 0.8596
vn -0.7350 0.0027 -0.6781
vn -1.0000 0.0045 -0.0015
vn -1.0000 0.0004 0.0052
vn -1.0000 0.0008 -0.0000
vn -0.0085 0.0031 -1.0000
vn 0.0091 -0.0303 -0.9995
vn 0.0049 -0.0308 -0.9995
vn 0.0190 0.0991 0.9949
vn 0.0747 0.1253 0.9893
vn -0.0206 -0.0785 0.9967
vn -0.0003 -0.0000 -1.0000
vn 0.0002 -0.0000 -1.0000
vn -0.0001 -0.0002 -1.0000
vn -1.0000 -0.0000 -0.0000
vn -0.0000 -0.0001 -1.0000
vn -0.0002 -0.0001 -1.0000
vn 0.8070 -0.4618 0.3682
vn 0.4658 -0.3291 0.8214
vn 0.9108 0.0729 0.4063
vn 0.4609 0.0977 0.8820
vn 0.0673 0.9817 0.1783
vn 0.0885 0.5414 0.8361
vn 0.3550 0.8636 0.3580
vn 0.0566 -0.4907 -0.8695
vn -0.1624 -0.3926 -0.9052
vn -0.3867 -0.3072 -0.8695
vn -0.3757 0.2420 -0.8946
vn -0.1556 0.3953 -0.9053
vn 0.1340 0.4417 -0.8871
vn 0.3718 0.2481 -0.8946
vn -0.0089 0.9993 0.0364
vn -0.5706 0.7958 0.2028
vn 0.0081 0.9999 0.0091
vn 0.7049 0.6936 0.1483
vn -0.9248 0.1273 -0.3586
vn -0.9376 -0.0575 -0.3430
vn -0.9249 -0.1780 0.3360
vn -0.9110 0.0753 0.4054
vn -0.9345 -0.3244 -0.1465
vn -0.9180 -0.3956 0.0266
vn -0.9198 0.3157 0.2331
vn -0.9248 0.3800 -0.0196
vn -0.9036 -0.3632 0.2270
vn 0.9375 -0.0575 -0.3432
vn 0.9248 0.1274 -0.3586
vn 0.9110 0.0752 0.4055
vn 0.9249 -0.1781 0.3360
vn 0.9180 -0.3956 0.0265
vn 0.9345 -0.3245 -0.1466
vn 0.9248 0.3800 -0.0195
vn 0.9197 0.3157 0.2332
vn 0.9036 -0.3633 0.2270
vn 0.2393 -0.9655 0.1025
vn 0.4585 -0.8748 0.1564
vn 0.1627 -0.9849 0.0596
vn 0.9869 -0.1554 0.0423
vn 0.9993 0.0132 0.0348
vn 0.9996 -0.0036 0.0275
vn 0.1494 -0.9806 0.1269
vn 0.8200 -0.5573 0.1305
vn 0.3893 -0.9098 0.1441
vn 0.8506 -0.5246 0.0354
vn 0.9686 -0.2456 0.0382
vn 0.8356 -0.5420 0.0891
vn 0.9744 -0.0637 -0.2156
vn 0.9720 0.1957 -0.1299
vn 0.3719 -0.9280 0.0236
vn 0.6044 -0.7952 0.0477
vn 0.9192 -0.3836 0.0885
vn 0.8501 -0.4933 0.1844
vn 0.9565 -0.2913 0.0160
vn 0.8582 -0.5133 0.0100
vn 0.9609 0.2757 0.0261
vn 0.6321 -0.7748 -0.0084
vn 0.8247 0.0215 -0.5651
vn 0.8373 0.5390 0.0917
vn 0.8319 0.5521 -0.0568
vn 0.9721 0.2317 0.0375
vn -0.2415 -0.7895 0.5642
vn 0.2512 -0.7302 0.6353
vn 0.2926 -0.6765 0.6758
vn 0.1193 -0.2442 0.9624
vn 0.9485 -0.3061 -0.0821
vn 0.3211 -0.9463 0.0381
vn 0.9765 -0.1918 0.0987
vn 0.8772 -0.4737 -0.0778
vn 0.9999 -0.0136 0.0023
vn 0.9999 0.0120 0.0025
vn 0.1183 0.9928 0.0176
vn 0.0807 0.9965 -0.0196
vn 0.9982 -0.0186 -0.0569
vn 0.9871 0.1598 0.0005
vn 0.9907 -0.1363 0.0031
vn -0.9998 -0.0024 0.0215
vn -0.9609 -0.0738 -0.2668
vn -0.7910 -0.5653 0.2339
vn 0.1462 -0.9729 0.1792
vn 0.2330 -0.9724 0.0086
vn 0.9446 -0.3233 0.0564
vn 0.3256 -0.8973 0.2980
vn -0.0516 -0.8054 0.5905
vn 0.1059 -0.9447 0.3103
vn 0.9727 -0.2312 0.0197
vn 0.9156 -0.3881 0.1048
vn 0.9977 -0.0667 0.0106
vn 0.2729 -0.9396 0.2067
vn 0.1201 -0.9874 0.1033
vn 0.5687 -0.8043 0.1722
vn 0.6871 -0.3502 -0.6366
vn 0.3575 -0.8385 -0.4112
vn 0.1886 -0.4540 -0.8708
vn 0.8508 -0.4766 0.2214
vn 0.9529 -0.2001 0.2277
vn 0.0356 0.9257 -0.3765
vn 0.1837 0.9129 -0.3646
vn 0.3579 0.8922 -0.2755
vn 0.0837 0.9572 -0.2772
vn 0.7658 0.5599 -0.3165
vn 0.8207 0.5251 -0.2253
vn 0.5292 0.8377 -0.1346
vn 0.0998 0.9840 0.1477
vn 0.1555 -0.9378 0.3104
vn 0.5077 0.8281 0.2379
vn 0.1170 0.9533 0.2785
vn 0.5182 0.8014 0.2987
vn 0.2705 0.5605 -0.7828
vn 0.6511 0.1551 -0.7430
vn 0.0957 -0.0446 -0.9944
vn 0.6876 -0.6974 0.2022
vn 0.9188 -0.3801 0.1067
vn 0.1978 0.9765 0.0858
vn 0.7249 0.6841 0.0804
vn 0.1996 0.9799 0.0037
vn 0.4478 -0.8538 0.2656
vn 0.9610 0.0002 -0.2767
vn 0.9753 -0.1823 -0.1248
vn 0.9664 -0.2473 0.0698
vn 0.7476 -0.6400 0.1771
vn 0.9939 -0.1024 0.0405
vn 0.2836 0.9578 -0.0468
vn 0.7551 0.6538 -0.0483
vn 0.7200 0.6789 -0.1438
vn 0.3110 0.9430 -0.1188
vn 0.0787 0.9927 -0.0917
vn 0.2009 0.9592 -0.1988
vn 0.9221 0.3869 -0.0031
vn 0.9732 0.2276 0.0323
vn 0.9884 0.1520 -0.0011
vn 0.9391 0.3418 -0.0354
vn 0.8929 0.4335 0.1215
vn 0.8938 0.4484 0.0058
vn 0.9689 0.2231 -0.1071
vn 0.9839 0.1768 0.0271
vn 0.7681 0.0362 -0.6393
vn 0.9039 0.0045 -0.4277
vn 0.8327 -0.1111 -0.5424
vn 0.9614 0.1877 -0.2009
vn 0.2975 -0.9223 0.2465
vn 0.0279 -0.9684 0.2477
vn 0.6539 -0.1925 -0.7317
vn 0.0057 -0.2176 -0.9760
vn -0.0024 -0.1902 -0.9817
vn 0.9853 0.1696 -0.0222
vn 0.8983 0.4308 -0.0868
vn 0.3689 -0.1845 -0.9110
vn 0.8626 -0.4901 0.1256
vn 0.2800 0.9299 -0.2384
vn 0.5130 0.8300 -0.2188
vn 0.0860 0.9414 -0.3263
vn 0.9979 0.0468 0.0443
vn 0.9995 0.0293 0.0121
vn 0.9773 0.1942 0.0849
vn 0.9641 -0.1446 -0.2228
vn 0.9976 -0.0133 -0.0678
vn 0.8689 0.1501 -0.4718
vn 0.7351 -0.2411 0.6336
vn 0.9897 -0.1417 -0.0218
vn 0.9438 -0.2658 -0.1965
vn 0.9845 -0.1445 -0.0996
vn 0.9429 0.2077 0.2602
vn 0.9994 -0.0222 0.0275
vn 0.9489 0.2950 0.1122
vn 0.9460 -0.3232 0.0257
vn 0.7002 0.6924 -0.1741
vn -0.3947 -0.9063 0.1509
vn -0.2263 -0.9726 0.0532
vn -0.1543 -0.9854 0.0717
vn -0.9889 -0.1377 0.0551
vn -0.9996 -0.0012 0.0283
vn -0.1466 -0.9765 0.1580
vn -0.3909 -0.9055 0.1654
vn -0.7732 -0.6194 0.1359
vn -0.6125 -0.7887 0.0534
vn -0.8126 -0.5763 0.0867
vn -0.8498 -0.5265 0.0240
vn -0.9143 -0.3852 0.1251
vn -0.9672 -0.2515 0.0355
vn -0.9625 0.1766 -0.2060
vn -0.3022 -0.9528 -0.0277
vn -0.8020 -0.5756 0.1597
vn -0.8736 0.0923 -0.4779
vn -0.0585 -0.9978 0.0316
vn -0.4412 -0.8958 0.0534
vn -0.1348 -0.9908 0.0085
vn -0.6948 -0.7191 0.0118
vn -0.9775 0.1815 0.1070
vn -0.8239 -0.5291 -0.2028
vn -1.0000 -0.0069 0.0037
vn -0.9938 0.0347 0.1056
vn -0.9069 -0.4082 0.1048
vn -0.9987 0.0178 -0.0476
vn -0.8417 0.5279 -0.1136
vn -0.9877 0.1561 0.0012
vn -0.8574 0.5147 -0.0002
vn -0.9878 -0.1554 0.0076
vn -0.9701 0.2422 0.0170
vn -0.8945 -0.4468 0.0168
vn -0.1363 -0.9779 0.1586
vn -0.1660 0.9851 -0.0456
vn -0.1038 0.9945 0.0156
vn -0.2072 -0.9783 0.0019
vn -0.1566 -0.9876 0.0101
vn -0.9298 -0.3204 0.1809
vn 0.7389 0.6629 -0.1205
vn 0.5668 0.5978 -0.5669
vn -0.5886 0.7905 -0.1690
vn -0.8776 0.4728 -0.0790
vn -0.8516 0.5234 -0.0278
vn 0.8457 0.4709 -0.2510
vn 0.5289 0.8487 -0.0053
vn 0.8235 0.5560 -0.1131
vn 0.7167 0.6934 -0.0743
vn -0.5074 0.8617 -0.0062
vn 0.5187 0.8431 -0.1421
vn -0.5074 -0.8215 0.2602
vn -0.3126 -0.9009 0.3012
vn -0.0353 -0.8573 0.5136
vn -0.7446 -0.6403 0.1889
vn -0.2711 -0.9411 0.2023
vn -0.5208 -0.8386 0.1598
vn -0.1201 -0.9874 0.1034
vn -0.2194 -0.7827 -0.5825
vn -0.5180 -0.5191 -0.6799
vn -0.0482 -0.9462 0.3199
vn -0.0437 -0.9076 0.4176
vn -0.9148 -0.2879 -0.2832
vn -0.3754 -0.1729 -0.9106
vn -0.3826 -0.1299 -0.9148
vn -0.9482 -0.3072 0.0814
vn -0.9443 -0.3193 0.0794
vn -0.9053 -0.4066 0.1231
vn -0.9994 -0.0338 0.0004
vn -0.9341 0.3325 0.1297
vn -0.0341 0.9266 -0.3744
vn -0.0582 0.9570 -0.2842
vn -0.2164 0.9345 -0.2828
vn -0.1774 0.9095 -0.3759
vn -0.6272 0.7355 -0.2561
vn -0.5146 0.8481 -0.1261
vn -0.0998 0.9840 0.1477
vn -0.1444 -0.9347 0.3249
vn -0.5028 0.8360 0.2199
vn -0.1170 0.9533 0.2786
vn -0.5233 0.8042 0.2818
vn -0.1581 0.6329 -0.7579
vn -0.1847 0.3028 -0.9350
vn -0.6599 0.2756 -0.6990
vn -0.1984 0.9763 0.0866
vn -0.7289 0.6822 0.0582
vn -0.1995 0.9799 0.0037
vn -0.4564 -0.8480 0.2696
vn -0.9834 -0.1781 0.0336
vn -0.9423 -0.3217 0.0927
vn -0.9980 -0.0160 -0.0605
vn -0.9671 -0.2453 0.0672
vn -0.7338 -0.6569 0.1735
vn -0.9939 -0.1022 0.0406
vn -0.2834 0.9578 -0.0471
vn -0.7607 0.6478 -0.0414
vn -0.3121 0.9437 -0.1099
vn -0.7240 0.6775 -0.1297
vn -0.0787 0.9927 -0.0917
vn -0.2009 0.9592 -0.1988
vn -0.9191 0.3940 0.0026
vn -0.9889 0.1484 0.0004
vn -0.9833 0.1793 0.0302
vn -0.9382 0.3440 -0.0388
vn -0.8979 0.4237 0.1190
vn -0.8863 0.4626 0.0204
vn -0.9795 0.1998 0.0269
vn -0.9681 0.2278 -0.1045
vn -0.7365 0.0502 -0.6746
vn -0.8396 -0.1288 -0.5278
vn -0.8939 0.0551 -0.4449
vn -0.9485 0.2312 -0.2165
vn -0.9955 0.0386 -0.0862
vn -0.8747 0.4426 -0.1974
vn -0.2987 -0.9205 0.2521
vn -0.0279 -0.9684 0.2477
vn -0.9006 0.4261 -0.0857
vn -0.9852 0.1700 -0.0225
vn -0.1699 -0.1116 -0.9791
vn -0.8617 -0.4921 0.1234
vn -0.2784 0.9293 -0.2426
vn -0.5561 0.8007 -0.2228
vn -0.0860 0.9414 -0.3262
vn -0.9995 0.0294 0.0123
vn -0.9994 -0.0048 0.0337
vn -0.9751 0.0177 -0.2212
vn -0.9813 -0.1923 0.0022
vn -0.8353 0.2501 -0.4896
vn -0.7260 0.6877 -0.0069
vn -0.4978 -0.1491 0.8544
vn -0.9896 -0.1420 -0.0222
vn -0.9266 -0.2928 -0.2360
vn -0.9845 -0.1444 -0.0996
vn -0.9976 -0.0687 -0.0011
vn -0.9994 -0.0198 0.0269
vn -0.9964 -0.0255 0.0811
vn -0.9271 -0.3739 0.0241
vn 0.0044 -0.4484 -0.8938
vn -0.0061 -0.3294 -0.9442
vn 0.0019 0.7282 -0.6854
vn 0.0005 0.7144 -0.6998
vn -0.7139 0.6756 -0.1842
vn -0.0375 0.9273 0.3723
vn 0.0178 0.9263 0.3764
vn 0.0349 -0.8128 0.5814
vn -0.0201 -0.8132 0.5817
vn -0.0035 -0.9786 -0.2056
vn 0.0022 -0.9937 -0.1118
vn 0.0018 -0.0271 0.9996
vn -0.0015 -0.0009 1.0000
vn 0.9198 -0.3918 0.0233
vn 0.6404 -0.7614 0.1005
vn 0.8932 -0.4455 0.0608
vn 0.4601 -0.8736 0.1586
vn 0.9889 -0.1475 0.0157
vn -0.2587 0.8449 -0.4682
vn -0.1779 0.9469 0.2679
vn -0.0406 0.8453 -0.5327
vn 0.1926 0.8655 0.4625
vn 0.2686 0.8543 -0.4451
vn 0.4184 0.8907 -0.1779
vn 0.5010 -0.8640 0.0496
vn 0.2472 -0.9681 0.0409
vn 0.8487 0.4810 -0.2199
vn 0.6298 0.7729 0.0770
vn 0.2403 0.7107 -0.6612
vn 0.5051 -0.8255 0.2518
vn 0.2859 -0.9162 0.2808
vn 0.9995 -0.0261 -0.0159
vn 1.0000 0.0002 -0.0012
vn -0.0340 0.6953 -0.7179
vn -0.0232 0.7654 -0.6431
vn 0.9998 0.0003 -0.0182
vn 0.9997 -0.0154 -0.0194
vn 0.9961 0.0886 0.0014
vn 1.0000 -0.0051 -0.0033
vn 1.0000 -0.0073 0.0005
vn 1.0000 0.0003 -0.0000
vn 0.9235 0.2718 -0.2705
vn 0.9600 0.2074 -0.1881
vn 0.8533 0.4302 -0.2946
vn 0.8221 0.4575 -0.3388
vn 0.3397 0.9255 -0.1678
vn 0.6793 0.5766 -0.4539
vn 0.4394 0.7212 -0.5356
vn 0.4111 0.8255 -0.3868
vn 0.2929 -0.9561 0.0041
vn 0.9965 0.0445 -0.0702
vn 0.9978 -0.0518 -0.0404
vn 0.8636 -0.4908 0.1150
vn -0.9663 -0.2572 0.0128
vn -0.8356 -0.5443 0.0734
vn -0.5910 -0.7938 0.1435
vn -0.4935 -0.8662 0.0777
vn -0.8474 -0.5235 0.0886
vn -0.4252 -0.8831 0.1982
vn -0.9828 -0.1843 0.0073
vn 0.0213 0.8265 0.5626
vn 0.0388 0.2757 0.9604
vn -0.0338 0.3658 0.9301
vn -0.7834 0.6061 -0.1374
vn -0.9949 -0.0959 -0.0302
vn 0.2899 -0.9570 -0.0113
vn 0.3072 -0.8289 0.4675
vn -0.9981 0.0214 -0.0573
vn -0.9542 0.2120 -0.2113
vn 0.0026 1.0000 -0.0013
vn -0.9997 0.0234 -0.0006
vn -1.0000 -0.0011 -0.0013
vn -0.4873 0.8652 0.1183
vn -0.8299 0.4262 -0.3599
vn -0.7669 0.5319 -0.3590
vn -0.7672 0.5620 -0.3091
vn -0.8958 0.3407 -0.2854
vn -0.7899 0.5029 -0.3509
vn -0.7067 0.5388 -0.4585
vn -0.6470 0.5476 -0.5305
vn -0.3731 0.8011 -0.4679
vn -0.1448 -0.9861 0.0812
vn -0.9910 0.0892 -0.0995
vn -0.8689 -0.4832 0.1071
vn -0.9979 -0.0368 -0.0525
vn -0.9999 0.0116 -0.0005
vn 0.2173 0.1199 -0.9687
vn 0.0329 0.3815 -0.9238
vn -0.2559 -0.9140 0.3147
vn -0.2210 -0.8671 0.4465
vn -0.3507 -0.9357 0.0395
vn 0.2396 -0.9701 0.0398
vn 0.1451 -0.9778 0.1509
vn -0.0009 -0.8563 0.5165
vn -0.0984 0.5104 0.8543
vn 0.0011 0.5470 0.8371
vn -0.3553 0.6530 -0.6689
vn 0.0987 0.9905 0.0955
vn 0.1668 0.8771 0.4504
vn 0.1182 0.9381 -0.3255
vn -0.1903 0.9738 0.1245
vn -0.1593 -0.9201 0.3578
vn -0.9374 -0.1535 -0.3127
vn -0.6946 0.6142 -0.3747
vn -0.9353 0.2657 -0.2338
vn -0.8036 -0.5870 -0.0985
vn -0.2729 -0.9614 0.0355
vn 0.1904 -0.9798 0.0612
vn 0.9700 -0.1717 -0.1720
vn 0.7429 0.5800 -0.3342
vn 0.9367 0.2686 -0.2246
vn 0.1824 0.8653 -0.4669
vn 0.7961 -0.5931 -0.1205
vn -0.9999 -0.0113 -0.0013
vn -1.0000 -0.0093 0.0010
vn -0.9778 -0.1954 -0.0750
vn 0.7015 0.7073 -0.0871
vn 0.4820 0.7687 -0.4205
vn 0.8762 0.4702 -0.1060
vn 0.7516 0.6531 -0.0926
vn 0.1417 0.9623 -0.2322
vn -0.0199 0.8913 -0.4530
vn -0.0832 0.6465 -0.7583
vn -0.0396 0.7982 0.6010
vn -0.0252 0.9909 0.1320
vn 0.9587 0.2569 -0.1218
vn 0.7802 0.4647 -0.4187
vn 0.8621 0.4945 -0.1107
vn 0.9439 0.2655 -0.1964
vn -0.0131 0.7431 -0.6690
vn 0.1865 0.9803 -0.0652
vn 0.5680 0.8216 -0.0475
vn -0.0463 0.4498 -0.8919
vn -0.0616 0.3240 -0.9440
vn -0.0650 0.2261 -0.9719
vn 0.5870 0.8068 -0.0664
vn 0.6183 0.7551 0.2179
vn 0.3744 0.7691 -0.5180
vn -0.5083 0.8612 0.0035
vn -0.8543 0.5185 0.0369
vn -0.8589 0.5121 0.0056
vn -0.3849 0.9229 0.0088
vn -0.8599 -0.4899 -0.1432
vn -0.8676 0.1727 -0.4663
vn -0.9144 -0.4048 0.0015
vn -0.9991 -0.0365 0.0226
vn -0.7591 -0.6005 0.2514
vn -0.9997 -0.0236 -0.0058
vn -0.8226 -0.4702 0.3198
vn -0.9976 -0.0672 0.0155
vn -1.0000 0.0047 0.0069
vn -0.2295 0.9733 0.0013
vn -0.0013 1.0000 0.0022
vn 0.1235 0.9923 0.0014
vn 0.9547 0.2973 -0.0157
vn 0.8421 0.5368 -0.0515
vn 0.7455 0.6410 -0.1827
vn 0.3475 0.7831 -0.5157
vn 0.9210 -0.3757 -0.1024
vn 0.8140 -0.5779 0.0594
vn 1.0000 0.0007 -0.0005
vn -0.1189 0.9421 -0.3137
vn -0.2859 0.9564 -0.0604
vn 0.0449 0.9958 -0.0793
vn -0.0882 0.9337 -0.3470
vn 0.0547 0.7300 -0.6813
vn 0.0930 0.6475 -0.7563
vn 0.0046 0.9748 0.2231
vn 0.0715 0.9969 -0.0324
vn -0.8686 0.4472 -0.2134
vn -0.7673 0.4834 -0.4213
vn -0.7888 0.4657 -0.4011
vn -0.5366 0.8026 -0.2606
vn -0.8520 0.5032 -0.1445
vn -0.9545 0.2493 -0.1635
vn -0.8886 0.4586 -0.0054
vn 0.0066 0.9935 -0.1141
vn -0.0008 0.2944 -0.9557
vn -0.0177 0.3064 -0.9517
vn 0.0269 0.4383 -0.8984
vn -0.6554 0.7438 -0.1315
vn 0.5034 0.8641 -0.0011
vn 0.8430 0.5378 0.0066
vn 0.9578 0.2797 0.0661
vn 0.5970 0.8021 0.0106
vn 0.9968 0.0800 -0.0009
vn 0.9222 -0.3861 -0.0240
vn 0.9972 -0.0552 0.0498
vn 1.0000 -0.0025 0.0004
vn 1.0000 0.0021 -0.0011
vn 1.0000 -0.0028 -0.0023
vn 0.9995 -0.0254 0.0174
vn 0.9984 0.0564 -0.0009
vn 0.4822 0.8751 0.0396
vn 0.7923 -0.5288 -0.3043
vn 0.2313 0.9729 0.0021
vn -0.7898 0.6081 -0.0796
vn -0.9606 0.2776 -0.0156
vn -0.2774 0.7228 -0.6329
vn -0.8807 0.4686 0.0688
vn -0.2616 0.7470 -0.6112
vn -0.3496 0.7515 -0.5595
vn -0.7434 0.6634 -0.0852
vn -0.9134 -0.3570 -0.1955
vn -0.0118 0.9991 -0.0412
vn -0.5726 0.2363 -0.7851
vn -0.9075 0.3818 -0.1750
vn -0.5788 0.7963 -0.1757
vn -0.0197 0.9538 -0.2998
vn -0.0978 0.9521 -0.2899
vn -0.6057 0.7369 -0.3002
vn 0.6073 0.7785 -0.1586
vn 0.1996 0.9766 -0.0802
vn 0.7869 0.4654 -0.4053
vn 0.8877 0.3994 -0.2289
vn 0.6040 0.7852 0.1368
vn 0.9074 0.4037 0.1165
vn 0.7463 0.3095 0.5893
vn 0.5086 0.6416 0.5742
vn 0.6545 0.2610 -0.7096
vn 0.3922 0.5078 -0.7670
vn 0.5743 0.2560 -0.7776
vn 0.3314 0.5803 -0.7439
vn -0.0685 0.6882 -0.7222
vn -0.2349 0.5781 -0.7815
vn 0.0710 0.6224 -0.7795
vn -0.4790 0.4408 -0.7591
vn 0.5768 0.7797 -0.2436
vn -0.3470 0.8347 -0.4277
vn -0.7957 0.4535 -0.4014
vn 0.2768 0.8627 -0.4233
vn -0.1392 0.9887 -0.0552
vn -0.4624 0.4388 -0.7705
vn 0.0155 0.9993 -0.0334
vn 0.6830 0.3800 -0.6238
vn 0.2558 0.9597 0.1166
vn -0.9059 0.3627 0.2187
vn -0.7990 0.5858 0.1356
vn -0.6428 0.4867 0.5916
vn -0.7146 0.2560 0.6510
vn 0.1274 0.9829 0.1330
vn 0.1226 0.8067 0.5781
vn -0.3743 0.9177 0.1330
vn -0.2981 0.7603 0.5771
vn 0.0522 0.9961 -0.0712
vn 0.1872 0.9799 -0.0694
vn 0.6084 0.7936 0.0010
vn 0.9112 0.4119 0.0010
vn 0.8940 0.1607 -0.4182
vn 0.6061 0.7854 -0.1255
vn 0.4422 0.4425 0.7802
vn 0.2366 0.5854 0.7755
vn -0.3992 0.5010 0.7679
vn 0.1331 0.9911 0.0038
vn 0.1235 0.9643 -0.2342
vn -0.3575 0.9339 0.0036
vn -0.3954 0.9097 -0.1265
vn -0.5674 0.2588 0.7817
vn -0.4500 0.6803 -0.5786
vn -0.9216 0.3880 0.0065
vn -0.8533 0.5022 -0.1404
vn -0.8509 0.3710 -0.3719
vn -0.0772 0.6306 0.7723
vn -0.4786 0.6629 0.5758
vn 0.5655 0.2470 0.7869
vn 0.4746 0.6616 0.5806
vn -0.7055 0.7087 0.0057
vn 0.5200 0.7607 0.3885
vn 0.6077 0.3605 -0.7076
vn 0.4172 0.5377 -0.7327
vn 0.0892 0.6752 -0.7322
vn -0.4963 0.6377 -0.5891
vn -0.6781 0.2611 -0.6870
vn -0.2641 0.6412 -0.7205
vn -0.3253 0.9408 -0.0957
vn -0.0014 0.9983 -0.0583
vn 0.4629 0.1755 -0.8689
vn 0.3492 0.4499 -0.8219
vn 0.0122 0.4995 -0.8662
vn -0.3810 0.4837 -0.7880
vn -0.5021 0.1488 -0.8519
vn -0.2155 0.4688 -0.8566
vn 0.0131 0.9989 -0.0457
vn -0.8874 0.4610 0.0016
vn -0.5198 0.8405 0.1526
vn -0.4573 0.8892 0.0115
vn -0.0597 0.9807 0.1861
vn 0.5985 0.8008 0.0220
vn 0.3853 0.9197 0.0752
vn 0.3968 0.8890 0.2286
vn -0.6206 0.7566 0.2059
vn -0.9128 0.3991 0.0865
vn -0.6220 0.7822 0.0359
vn 0.7195 0.5436 0.4322
vn 0.9424 0.2954 0.1567
vn -0.2244 0.8680 0.4430
vn 0.3727 0.8350 0.4049
vn -0.4109 0.9095 0.0634
vn -0.3880 0.8251 -0.4107
vn -0.8106 0.4655 0.3554
vn -0.6137 0.2695 0.7421
vn -0.4801 0.6776 0.5571
vn -0.1679 0.5553 0.8145
vn 0.1036 0.6660 0.7387
vn 0.4299 0.5337 0.7283
vn 0.6427 0.3005 0.7048
vn 0.9211 0.3865 -0.0472
vn 0.8879 0.4600 0.0018
vn 0.8872 0.4614 -0.0019
vn -0.8294 -0.1542 0.5369
vn -0.8923 0.4513 -0.0047
vn -0.8945 0.4471 -0.0054
vn -0.2209 0.4075 0.8861
vn -0.1308 0.9682 0.2131
vn -0.1895 0.9662 0.1748
vn 0.9892 0.0964 -0.1101
vn 0.7473 -0.6645 -0.0027
vn 0.6479 0.7496 0.1356
vn 0.6231 0.7821 -0.0091
vn 0.2638 0.9646 -0.0044
vn 0.7762 -0.6305 0.0017
vn 0.2985 -0.9544 0.0058
vn 0.2996 -0.9540 -0.0141
vn 0.9385 -0.3446 -0.0221
vn -0.5020 -0.8646 0.0227
vn -0.3868 -0.9221 -0.0101
vn -0.8951 0.4459 -0.0033
vn -0.9998 -0.0047 -0.0171
vn -0.9791 0.2034 0.0097
vn -0.9971 0.0761 0.0012
vn 0.9896 -0.1432 0.0099
vn -0.8403 -0.5416 0.0262
vn -0.9996 -0.0126 -0.0256
vn -0.8519 -0.5237 -0.0053
vn -0.9948 -0.1017 -0.0005
vn 0.9627 0.2690 -0.0280
vn 0.8781 0.4784 -0.0030
vn 0.7510 0.6405 -0.1607
vn 0.9601 0.2790 -0.0193
vn -0.2756 -0.0117 -0.9612
vn -0.2593 -0.0002 -0.9658
vn -0.2511 0.0152 -0.9678
vn -0.1643 0.2776 -0.9466
vn -0.2650 0.0083 -0.9642
vn -0.2569 -0.0056 -0.9664
vn -0.4704 0.8825 -0.0014
vn -0.3858 0.1988 -0.9009
vn -0.5397 0.5438 -0.6426
vn -0.9517 -0.3070 -0.0075
vn -0.9904 -0.1384 -0.0045
vn -0.9465 -0.3219 -0.0240
vn -0.2254 0.0303 -0.9738
vn -0.7044 -0.1724 -0.6886
vn -0.8447 -0.2639 -0.4656
vn -0.9948 0.1019 -0.0069
vn -0.9889 -0.0856 0.1215
vn -0.9585 -0.2849 0.0063
vn -0.9688 -0.2286 0.0956
vn -0.5967 0.8023 0.0154
vn 0.1830 0.9768 0.1116
vn -0.1046 0.9909 -0.0852
vn -0.0657 0.9971 -0.0385
vn -0.2911 0.9489 -0.1221
vn -0.9999 -0.0135 -0.0069
vn -0.9997 -0.0172 -0.0195
vn -0.8574 -0.4971 0.1331
vn 1.0000 -0.0011 0.0013
vn 1.0000 -0.0021 -0.0025
vn 0.0531 0.1901 0.9803
vn 0.0726 0.1779 0.9814
vn 0.0229 0.4243 0.9053
vn -0.6552 0.7555 -0.0003
vn 0.0497 0.2485 0.9674
vn -0.3878 0.4355 0.8124
vn 0.0627 0.7769 0.6265
vn -0.0206 0.6409 0.7673
vn 0.4410 0.6783 -0.5877
vn 0.8807 0.2981 -0.3680
vn -0.8125 -0.5752 0.0946
vn -0.2410 0.7716 0.5887
vn 1.0000 0.0024 0.0022
vn 0.1294 -0.9902 0.0532
vn 0.9982 -0.0190 0.0568
vn 1.0000 -0.0011 0.0001
vn 0.9945 0.0069 0.1047
vn 0.9991 -0.0177 -0.0395
vn 0.9513 0.0035 0.3083
vn 0.9997 0.0074 0.0254
vn -0.5382 0.2687 0.7989
vn -0.1187 -0.2189 0.9685
vn -0.9158 -0.1076 0.3871
vn 0.9932 0.1134 0.0250
vn 0.9999 -0.0130 0.0034
vn 0.9715 -0.0129 0.2369
vn 0.9989 -0.0279 0.0371
vn 0.9999 -0.0130 -0.0025
vn 0.9998 -0.0196 0.0003
vn 0.9994 -0.0340 -0.0012
vn 0.0017 -0.8808 0.4736
vn -0.0126 -0.8430 -0.5378
vn 0.0529 -0.7569 0.6514
vn -0.1001 -0.8151 -0.5706
vn 0.0277 0.7313 -0.6815
vn -0.0501 0.9528 0.2995
vn -0.0738 0.9199 0.3851
vn 0.0191 0.7344 -0.6785
vn -0.9687 0.0824 0.2342
vn -0.9735 0.0314 0.2264
vn -0.9798 0.0684 0.1878
vn -1.0000 0.0007 0.0001
vn -0.9980 -0.0188 0.0600
vn -0.9990 -0.0175 -0.0411
vn -0.9950 0.0050 0.0996
vn -1.0000 -0.0014 0.0044
vn -0.9996 0.0042 0.0271
vn -0.9586 0.0647 0.2773
vn -0.8511 0.5210 0.0645
vn -0.9999 0.0024 0.0142
vn -0.9999 0.0045 0.0137
vn 0.0487 -0.6727 0.7383
vn -0.0586 0.3491 0.9353
vn -0.1047 -0.9924 -0.0647
vn -0.0428 -0.6398 -0.7673
vn -0.0874 -0.2683 -0.9594
vn 0.1588 0.1428 -0.9769
vn 0.2122 0.6648 -0.7163
vn -0.1822 0.9145 -0.3614
vn -0.1875 0.9610 0.2033
vn -0.4348 -0.5281 -0.7294
vn 0.0141 -0.2017 -0.9793
vn -0.0058 -0.1922 -0.9813
vn 0.4336 -0.5273 -0.7307
vn 0.8055 -0.5267 0.2716
vn -0.6186 -0.6991 0.3586
vn 0.7816 -0.5934 0.1922
vn 0.5859 -0.7855 0.1992
vn -0.6624 -0.6320 0.4022
vn -0.7450 -0.5891 0.3128
vn 0.4819 -0.8138 0.3246
vn 0.9984 -0.0073 -0.0567
vn 0.9996 -0.0036 -0.0292
vn 0.9351 0.0817 0.3449
vn 0.9405 0.0792 0.3303
vn 0.0540 -0.1868 -0.9809
vn -0.0056 -0.1707 -0.9853
vn 0.7385 -0.2202 -0.6373
vn 0.7522 -0.2424 -0.6127
vn 0.9278 -0.2151 0.3048
vn 0.9454 -0.0889 0.3136
vn 0.7212 -0.6239 0.3010
vn 0.9845 -0.1639 0.0623
vn 0.9906 -0.1142 0.0758
vn 0.9912 -0.1106 0.0721
vn -0.3942 -0.8878 0.2375
vn -0.9768 -0.2123 0.0291
vn 0.9856 -0.1542 0.0694
vn 0.9974 -0.0706 0.0138
vn 0.6110 -0.0559 0.7896
vn 0.4280 -0.5598 0.7096
vn 0.9915 -0.1251 0.0354
vn 0.0005 -0.1455 -0.9894
vn -0.0558 -0.1870 -0.9808
vn -0.9834 0.0225 0.1800
vn -0.9984 -0.0049 -0.0571
vn -0.9559 0.0725 0.2848
vn -0.9352 0.0778 0.3455
vn -0.9996 -0.0048 -0.0284
vn -0.7536 -0.2422 -0.6111
vn -0.7387 -0.2211 -0.6368
vn -0.9881 -0.1291 0.0836
vn -0.9905 -0.1149 0.0755
vn -0.9861 -0.1523 0.0657
vn -0.9960 -0.0879 0.0180
vn -0.9857 -0.1641 0.0379
vn -0.4768 -0.4089 0.7781
vn -0.7028 0.0461 0.7099
vn -0.9888 -0.1433 0.0422
vn -0.5679 0.5958 -0.5679
vn -0.7259 0.6802 -0.1019
vn -0.1692 0.9834 -0.0651
vn -0.0477 0.9966 -0.0672
vn 0.3891 0.9199 -0.0492
vn 0.2917 0.9549 0.0557
vn -0.2199 0.9746 0.0425
vn -0.4017 0.9116 -0.0870
vn -0.0200 -0.9957 0.0904
vn 0.0128 -0.9931 0.1162
vn 0.0239 -0.9929 0.1161
vn -0.0298 -0.9954 0.0906
vn 0.2121 0.9756 0.0574
vn -0.2327 0.9706 0.0622
vn -0.4682 0.8810 0.0673
vn -0.6035 0.7957 0.0526
vn -0.4861 0.7291 0.4819
vn 1.0000 0.0013 0.0025
vn -1.0000 -0.0021 -0.0067
vn 0.9999 -0.0135 -0.0063
vn 1.0000 0.0011 -0.0000
vn 0.3505 0.9064 -0.2356
vn -0.2826 0.7025 -0.6532
vn -0.0147 0.9005 -0.4346
vn -0.0114 0.8993 -0.4371
vn -0.2457 0.6202 -0.7450
vn 0.2390 0.9018 -0.3601
vn 0.1681 0.8414 -0.5136
vn -0.0010 0.8935 -0.4492
vn -0.2353 0.5432 -0.8059
vn -0.3674 0.7745 -0.5150
vn 0.4988 0.8224 -0.2736
vn -0.0141 0.7541 -0.6567
vn 0.1953 0.4472 -0.8729
vn 0.3051 0.6744 -0.6724
vn 0.2811 0.5256 -0.8030
vn 0.3069 0.6772 -0.6688
vn 0.4841 0.7293 -0.4836
vn 0.0130 0.9002 -0.4352
vn -0.9963 0.0678 0.0533
vn -0.9393 0.1732 0.2960
vn -0.7320 -0.1002 0.6739
vn -0.6820 0.1816 0.7084
vn -0.5400 0.5800 0.6099
vn -0.0448 0.7987 0.6001
vn -0.1116 0.9111 0.3968
vn -0.0726 0.4098 0.9093
vn -0.5468 0.7691 -0.3309
vn -0.8951 0.3634 0.2584
vn -0.2654 0.9635 -0.0340
vn -0.9957 -0.0096 0.0925
vn -0.9861 0.1634 0.0290
vn -0.9596 -0.0589 0.2750
vn -0.9877 0.0371 0.1517
vn -0.9783 0.1042 0.1793
vn -0.9989 -0.0470 0.0069
vn -0.9921 0.1093 0.0616
vn -0.9996 -0.0187 -0.0192
vn -0.9908 0.1288 -0.0421
vn -0.9717 0.0895 -0.2185
vn -0.9820 0.1153 0.1497
vn -0.9839 -0.0433 0.1732
vn -0.9953 0.0957 0.0165
vn -0.5192 0.7812 0.3465
vn -0.9942 0.0872 0.0621
vn -0.1275 0.7992 -0.5874
vn -0.2710 0.7057 -0.6546
vn -0.9892 -0.0537 0.1366
vn -0.9855 -0.1697 -0.0019
vn -0.9906 0.0540 -0.1256
vn -0.9956 -0.0367 -0.0867
vn 0.5005 0.5798 0.6429
vn 0.1118 0.9111 0.3967
vn 0.0482 0.7970 0.6020
vn 0.6462 0.1866 0.7400
vn 0.5741 0.7489 -0.3310
vn 0.2656 0.9635 -0.0340
vn 0.8952 0.3631 0.2584
vn 0.9957 -0.0097 0.0927
vn 0.9553 0.2952 -0.0138
vn 0.9596 -0.0591 0.2751
vn 0.9773 -0.1102 0.1812
vn 0.9783 0.1043 0.1791
vn 0.9906 -0.1196 0.0658
vn 0.9921 0.1093 0.0618
vn 0.9973 -0.0103 0.0726
vn 0.9908 0.1287 -0.0421
vn 0.9717 0.0895 -0.2186
vn 0.9577 0.2156 0.1905
vn 0.9839 -0.0433 0.1732
vn 0.9953 0.0957 0.0165
vn 0.4534 0.8212 0.3464
vn 0.9942 0.0873 0.0621
vn 0.1274 0.7993 -0.5873
vn 0.2707 0.7058 -0.6547
vn 0.9406 -0.0298 0.3383
vn 0.9855 -0.1695 -0.0015
vn 0.9909 0.0527 -0.1238
vn 0.9920 -0.1074 -0.0664
vn -0.0014 0.9777 -0.2101
vn 0.0087 0.9765 -0.2154
vn 0.0009 0.9771 -0.2130
vn -0.0009 0.9771 -0.2127
vn -0.0044 0.9766 -0.2151
vn 0.0051 0.9779 -0.2091
vn -0.9995 0.0073 0.0310
vn -0.9648 0.0479 0.2588
vn -0.1091 -0.2601 0.9594
vn -0.0501 -0.9937 0.0999
vn -0.0496 -0.9936 0.1014
vn 0.0398 -0.9924 0.1162
vn 0.0382 -0.9923 0.1181
vn 0.6994 0.0642 0.7118
vn 0.7871 0.0406 0.6154
vn 0.1529 -0.9875 0.0393
vn -0.0060 -0.1134 -0.9935
vn -0.0060 -0.1279 -0.9918
vn 0.0045 -0.1293 -0.9916
vn 0.0015 -0.1131 -0.9936
vn 0.0026 -0.1451 -0.9894
vn -0.9998 -0.0162 -0.0121
vn 1.0000 -0.0002 0.0049
vn 0.8251 0.5649 -0.0120
vn 0.7895 0.6131 0.0284
vn 1.0000 0.0013 0.0048
vn -0.9259 0.3729 -0.0609
vn 0.9721 -0.2108 0.1028
vn 0.9649 0.0303 0.2609
vn 1.0000 -0.0003 0.0016
vn 1.0000 0.0017 0.0029
vn 1.0000 0.0006 0.0013
vn 0.9358 0.3338 0.1133
vn 1.0000 0.0083 0.0052
vn 0.9624 0.2715 -0.0020
vn 1.0000 0.0010 -0.0001
vn 1.0000 0.0037 -0.0007
vn 0.9999 0.0113 0.0027
vn 1.0000 0.0068 -0.0000
vn 1.0000 -0.0000 0.0030
vn 1.0000 -0.0013 -0.0003
vn 1.0000 -0.0004 -0.0004
vn 1.0000 0.0018 -0.0088
vn 0.7938 -0.5722 0.2061
vn 1.0000 0.0010 0.0008
vn -0.9992 -0.0384 0.0074
vn -0.9950 -0.0981 0.0158
vn -0.9959 -0.0876 0.0241
vn -1.0000 -0.0091 0.0016
vn -0.9997 -0.0226 0.0073
vn -0.9727 -0.2297 0.0340
vn 0.8139 -0.2365 -0.5307
vn 0.4556 0.1507 -0.8774
vn -0.4025 -0.2552 -0.8791
vn 0.5476 -0.8224 0.1541
vn -0.0335 -0.8362 0.5474
vn 0.3155 -0.2770 0.9076
vn -0.0655 -0.0667 0.9956
vn -0.3390 0.6339 0.6952
vn 0.4059 0.8279 0.3870
vn -0.3363 0.9411 -0.0348
vn -0.3979 0.9157 -0.0563
vn 0.4340 0.8713 -0.2289
vn -0.2777 -0.9321 -0.2327
vn 0.3141 -0.9478 -0.0556
vn 0.8056 -0.5925 -0.0058
vn 0.9128 -0.3994 -0.0854
vn -0.4293 0.6412 -0.6361
vn -0.3162 0.6120 -0.7249
vn -0.6040 -0.2241 -0.7649
vn 0.2369 -0.6846 0.6893
vn 0.5118 -0.6146 -0.6003
vn 0.3352 0.4002 0.8529
vn -0.9942 -0.1000 0.0406
vn 0.8365 -0.5265 0.1520
vn 0.1933 -0.9585 -0.2096
vn -0.2355 -0.9686 0.0801
vn -0.0885 -0.6477 0.7567
vn 0.2902 -0.7773 0.5582
vn -0.9998 -0.0202 0.0072
vn -0.8805 -0.4336 0.1914
vn -0.9997 -0.0229 0.0059
vn -0.9999 -0.0103 0.0067
vn 0.0147 -0.2327 -0.9724
vn -0.0024 -0.3239 -0.9461
vn -0.0128 -0.4148 -0.9098
vn 0.0050 -0.9996 -0.0265
vn -0.0054 -0.9107 -0.4131
vn 0.0084 -0.9239 -0.3826
vn 0.0310 -0.9690 0.2451
vn 0.0106 -0.9983 0.0566
vn 0.0242 -0.9611 0.2753
vn 0.0100 -0.4056 -0.9140
vn 0.0992 -0.6408 0.7613
vn 0.1101 -0.6459 -0.7554
vn 0.0143 -0.8035 -0.5951
vn 0.0987 -0.9930 -0.0642
vn -0.0678 -0.9156 0.3962
vn 0.0186 -0.5824 -0.8127
vn -0.0145 -0.6026 -0.7979
vn 1.0000 0.0012 0.0012
vn 0.2340 -0.3424 0.9100
vn 0.0176 -0.1613 0.9867
vn 0.2076 0.1889 0.9598
vn 0.1012 0.4778 -0.8726
vn 0.0209 0.3717 -0.9281
vn 0.1953 -0.0364 -0.9801
vn 0.2179 0.9003 -0.3768
vn -0.0300 0.9795 -0.1993
vn 0.0287 0.8421 -0.5386
vn 0.2639 0.9645 -0.0136
vn -0.0120 0.9405 0.3395
vn 0.0290 0.4070 0.9130
vn 0.0360 0.8902 0.4541
vn 0.0137 -0.2170 -0.9761
vn -0.4421 -0.5283 0.7249
vn -0.1943 -0.9322 0.3054
vn 0.5770 -0.8027 0.1507
vn -0.2333 -0.9668 0.1046
vn -0.9888 -0.1470 0.0248
vn -0.9890 -0.1457 0.0246
vn -0.9516 0.0092 0.3072
vn -0.1594 0.8996 0.4066
vn -0.0492 -0.0988 -0.9939
vn -0.9715 0.0156 0.2364
vn -1.0000 -0.0003 0.0016
vn -0.9769 0.0751 0.2003
vn -1.0000 0.0006 0.0013
vn -1.0000 0.0017 0.0029
vn -0.9733 0.2292 0.0158
vn -1.0000 0.0083 0.0052
vn -0.9868 0.1037 -0.1247
vn -1.0000 0.0037 -0.0007
vn -1.0000 0.0010 -0.0001
vn -0.9999 0.0113 0.0027
vn -1.0000 0.0068 -0.0000
vn -1.0000 -0.0000 0.0030
vn -1.0000 0.0020 -0.0001
vn -1.0000 -0.0001 0.0002
vn -0.8031 -0.5439 0.2434
vn -1.0000 0.0019 -0.0089
vn -1.0000 0.0006 0.0008
vn 1.0000 -0.0090 0.0015
vn 0.9997 -0.0224 0.0072
vn 0.9994 -0.0289 0.0179
vn -0.7461 0.4215 -0.5155
vn 0.4040 -0.2558 -0.8783
vn -0.4632 0.1517 -0.8732
vn 0.0332 -0.8362 0.5474
vn -0.5473 -0.8226 0.1540
vn -0.3155 -0.2771 0.9076
vn 0.0655 -0.0667 0.9956
vn 0.3389 0.6339 0.6952
vn 0.3363 0.9411 -0.0348
vn -0.4059 0.8279 0.3871
vn 0.3979 0.9157 -0.0562
vn -0.4340 0.8713 -0.2289
vn 0.2238 -0.9425 -0.2482
vn -0.9682 -0.2400 0.0706
vn -0.8065 -0.5904 -0.0306
vn -0.3640 -0.9302 -0.0479
vn 0.4334 0.6392 -0.6353
vn 0.3241 0.6112 -0.7220
vn 0.5940 -0.2270 -0.7717
vn -0.2369 -0.6847 0.6893
vn -0.5127 -0.6146 -0.5995
vn -0.3352 0.4002 0.8529
vn 0.9942 -0.0997 0.0405
vn 0.9970 -0.0744 0.0219
vn 0.9971 -0.0724 0.0248
vn -0.4771 -0.8354 0.2729
vn -0.1322 -0.9345 0.3305
vn 0.1742 -0.9785 0.1109
vn 0.2652 -0.7396 0.6186
vn 0.9979 0.0081 0.0649
vn 0.9998 -0.0202 0.0072
vn 0.8808 -0.4336 0.1902
vn 0.9999 -0.0110 0.0069
vn 0.9998 -0.0201 0.0064
vn 0.0139 0.3496 0.9368
vn 0.0303 0.3711 0.9281
vn 0.0061 0.3630 0.9318
vn -0.0312 0.3279 0.9442
vn 0.0119 -0.3286 -0.9444
vn 0.0341 -0.3225 -0.9459
vn 0.0145 -0.3472 -0.9377
vn -0.0110 -0.3820 -0.9241
vn -1.0000 0.0012 0.0013
vn 0.1916 -0.9582 0.2123
vn -0.1050 -0.9534 0.2828
vn -0.0444 -0.9928 0.1114
vn 0.0349 -0.9919 0.1222
vn 0.9987 -0.0494 0.0116
vn 0.0812 0.8521 0.5171
vn 0.9543 0.1873 0.2329
vn 0.9736 -0.2265 0.0295
vn 0.9902 -0.1363 0.0307
vn -0.0133 -0.1195 -0.9927
vn 0.1097 0.0101 0.9939
vn 0.1086 -0.0002 0.9941
vn -0.0017 -1.0000 0.0032
vn -0.0475 -0.9894 0.1374
vn 0.9948 0.1016 0.0014
vn 0.9978 -0.0386 0.0532
vn 0.9882 0.1534 -0.0023
vn 0.0867 -0.9917 -0.0945
vn 0.3814 -0.9244 0.0033
vn 0.4192 -0.9079 0.0041
vn 0.7191 -0.6949 0.0016
vn 0.0893 -0.9912 0.0980
vn 0.3426 -0.9395 0.0020
vn 0.3835 -0.9235 -0.0006
vn 0.6823 -0.7311 -0.0031
vn 0.8500 -0.5267 0.0053
vn 0.9006 -0.4287 -0.0716
vn 0.5634 -0.8262 0.0002
vn 0.7164 -0.6977 0.0058
vn 0.7931 -0.6071 -0.0493
vn 0.8697 -0.4936 0.0043
vn 0.9793 -0.2025 -0.0075
vn 0.9982 -0.0455 -0.0391
vn 0.9813 -0.1926 0.0017
vn 0.9781 -0.2079 -0.0000
vn 0.9549 -0.2970 0.0026
vn 0.8059 -0.5676 0.1683
vn 0.9936 -0.0187 0.1114
vn 0.9166 -0.3817 0.1188
vn 0.9984 0.0146 0.0537
vn 0.9447 -0.3219 -0.0620
vn 0.8425 -0.5381 0.0276
vn -0.2500 0.9682 0.0002
vn 0.2707 0.9627 -0.0002
vn 0.2630 0.9648 0.0006
vn -0.2468 0.9691 0.0003
vn 0.7707 0.6372 -0.0000
vn 0.7647 0.6443 -0.0002
vn 0.9875 0.1574 -0.0043
vn 0.9859 0.1671 0.0056
vn -0.2463 0.9692 -0.0000
vn -0.2485 0.9686 -0.0003
vn 0.2668 0.9637 -0.0009
vn 0.2647 0.9643 0.0010
vn 0.7695 0.6387 -0.0000
vn 0.7786 0.6275 0.0005
vn 0.0022 0.7622 -0.6474
vn -0.0054 0.7314 -0.6820
vn -0.0002 0.8824 0.4704
vn 0.9875 -0.1521 0.0414
vn 0.9866 -0.1632 0.0047
vn 0.9321 -0.0202 -0.3617
vn 0.9999 -0.0057 -0.0088
vn 0.9909 -0.0452 -0.1266
vn 0.9979 0.0629 -0.0122
vn 0.0025 0.8718 0.4899
vn -0.0015 0.5878 0.8090
vn 0.0016 0.5589 0.8292
vn 0.0063 -0.6682 -0.7439
vn -0.0034 -0.6971 -0.7169
vn -0.0008 -0.8873 0.4613
vn 0.0025 -0.8984 0.4392
vn 0.0046 -0.4192 0.9079
vn -0.0019 -0.3770 0.9262
vn 0.9969 0.0772 0.0149
vn 0.4518 0.8920 0.0127
vn 0.4065 0.8554 0.3211
vn 0.5898 0.1726 0.7889
vn 0.8266 0.5625 -0.0149
vn 0.9993 0.0188 0.0310
vn 0.7608 -0.0909 0.6426
vn 0.5717 -0.0748 0.8170
vn 0.0224 -0.5411 0.8406
vn 0.0718 -0.8835 0.4630
vn 0.0814 0.5912 0.8024
vn -0.0323 -0.8136 -0.5805
vn 0.0684 -0.3510 -0.9339
vn 0.0319 0.3958 -0.9178
vn 0.1858 0.6520 -0.7351
vn 0.0235 0.6730 -0.7393
vn -0.0330 0.6928 -0.7204
vn 0.0848 -0.0348 0.9958
vn 0.0613 -0.0390 0.9974
vn -0.1287 0.7683 0.6270
vn 0.0360 0.8607 0.5078
vn -0.0276 0.2385 0.9708
vn 0.2428 0.9052 0.3489
vn 0.2271 0.9605 0.1610
vn 0.2296 0.9713 -0.0628
vn 0.1906 0.9428 -0.2734
vn -0.1464 0.9892 0.0070
vn 0.9999 -0.0126 0.0042
vn 0.9998 -0.0172 0.0041
vn 0.9999 -0.0093 0.0074
vn 0.9999 -0.0159 -0.0057
vn 0.9999 -0.0147 -0.0046
vn 0.9999 -0.0099 -0.0093
vn 0.1549 0.9788 -0.1340
vn -0.0619 0.9949 0.0799
vn -0.1506 0.9881 0.0302
vn -0.1572 0.9825 -0.0995
vn 0.0022 -0.9295 -0.3687
vn 0.0444 -0.9642 -0.2616
vn -0.1284 -0.6819 0.7201
vn 0.3616 -0.0525 0.9308
vn -0.0064 -0.9515 0.3077
vn 0.8450 -0.1944 -0.4982
vn 0.6766 0.3136 -0.6662
vn 0.5856 -0.7640 -0.2707
vn 0.8567 -0.4803 0.1879
vn 0.5985 -0.2692 0.7545
vn 0.8571 0.1870 0.4800
vn 0.6102 0.7231 0.3237
vn 0.8477 0.4898 -0.2037
vn 0.9996 -0.0108 0.0255
vn 0.9999 -0.0050 0.0159
vn 0.9989 -0.0266 0.0376
vn 0.9995 -0.0310 -0.0101
vn 0.9998 -0.0212 -0.0037
vn 0.9987 -0.0442 -0.0265
vn 0.9995 0.0108 -0.0283
vn 0.9998 0.0052 -0.0189
vn 0.9988 0.0276 -0.0416
vn 0.9996 0.0277 0.0103
vn 0.9998 0.0191 0.0052
vn 0.9987 0.0418 0.0278
vn 0.9999 -0.0071 -0.0108
vn 0.9999 -0.0089 0.0066
vn 0.9999 -0.0110 -0.0055
vn 0.9997 -0.0243 0.0026
vn 0.9999 -0.0140 0.0076
vn 0.9999 -0.0017 -0.0128
vn 0.1669 -0.0847 0.9823
vn 0.0921 -0.1134 0.9893
vn -0.0000 -0.0167 -0.9999
vn 0.0113 -0.9124 -0.4091
vn 0.0181 -0.9058 0.4233
vn -0.0049 -0.9450 0.3270
vn -0.0080 -0.9409 -0.3386
vn 0.0344 -0.0110 0.9993
vn 0.0034 -0.0599 0.9982
vn 0.0060 -0.3519 0.9360
vn -0.0246 -0.1172 0.9928
vn -0.0173 -0.5187 0.8548
vn -0.0119 -0.4263 -0.9045
vn 0.0093 -0.3461 -0.9381
vn 0.1315 0.9787 -0.1573
vn -0.0734 0.9973 -0.0022
vn -0.0069 -0.0226 -0.9997
vn -0.0000 -0.0124 -0.9999
vn 0.0320 -0.0211 0.9993
vn 0.0030 -0.0003 1.0000
vn -0.0003 -0.0009 1.0000
vn -0.0046 -0.0007 1.0000
vn 0.9180 -0.1304 -0.3746
vn 0.7266 0.5474 -0.4153
vn 0.6775 0.5303 0.5097
vn 0.6670 -0.0460 0.7436
vn 0.8140 0.1055 0.5713
vn 0.3493 0.3364 -0.8746
vn 0.9064 0.0478 -0.4197
vn 0.1498 0.7918 -0.5921
vn -0.1310 0.7230 0.6783
vn -0.0828 -0.5657 0.8204
vn 0.0785 -0.2789 0.9571
vn -0.0918 0.4408 0.8929
vn -0.0280 0.7069 0.7068
vn -0.0379 -0.7901 -0.6118
vn 0.0299 -0.9880 -0.1515
vn 0.1048 -0.0363 -0.9938
vn 0.0521 0.2465 -0.9677
vn 0.1771 0.6978 -0.6941
vn 0.0063 0.3820 -0.9241
vn 0.2359 0.3054 -0.9226
vn 0.6502 -0.1595 0.7428
vn 0.2374 0.9691 0.0674
vn 0.2375 0.9694 -0.0620
vn 0.6505 -0.1566 -0.7432
vn 0.2171 0.8242 0.5230
vn 0.9999 -0.0118 -0.0108
vn 0.9999 -0.0168 -0.0020
vn 0.9998 -0.0191 -0.0055
vn 0.9996 -0.0266 0.0003
vn 0.0336 -0.0764 -0.9965
vn 0.9999 -0.0101 0.0075
vn 0.9999 -0.0022 0.0102
vn 0.9999 -0.0037 0.0109
vn 1.0000 0.0019 0.0093
vn -0.2307 -0.2301 -0.9454
vn -0.0679 -0.3001 -0.9515
vn 0.1273 -0.7353 -0.6657
vn 0.0262 -0.9420 -0.3346
vn 0.8449 -0.1943 -0.4984
vn 0.6768 0.3139 -0.6659
vn 0.5855 -0.7641 -0.2709
vn 0.8567 -0.4804 0.1879
vn 0.5985 -0.2693 0.7545
vn 0.8569 0.1878 0.4801
vn 0.6106 0.7229 0.3233
vn 0.8461 0.4926 -0.2036
vn 0.9998 0.0052 -0.0190
vn 0.9988 0.0277 -0.0416
vn 0.9996 0.0104 -0.0277
vn 0.9998 -0.0191 -0.0052
vn 0.9987 -0.0419 -0.0278
vn 0.9996 -0.0277 -0.0103
vn 0.9998 0.0190 0.0052
vn 0.9987 0.0417 0.0277
vn 0.9996 -0.0104 0.0277
vn 0.9998 -0.0052 0.0190
vn 0.9987 -0.0277 0.0416
vn 0.9999 -0.0084 0.0068
vn 0.9999 -0.0146 0.0040
vn 0.9998 -0.0170 0.0048
vn 0.9999 -0.0090 -0.0099
vn 0.9999 -0.0009 -0.0151
vn 0.9943 -0.0609 -0.0881
vn 0.9999 -0.0006 -0.0129
vn -0.0110 -0.7705 0.6373
vn -0.0121 -0.1419 0.9898
vn 0.0093 -0.7185 0.6955
vn -0.0000 -0.1351 0.9908
vn 0.0096 0.0216 0.9997
vn 0.0542 -0.0014 0.9985
vn 0.0307 -0.8381 -0.5446
vn 0.0099 -0.8133 0.5818
vn -0.0074 -0.8499 0.5269
vn -0.0097 -0.9716 -0.2363
vn -0.0000 -0.0003 1.0000
vn -0.0000 -0.0002 1.0000
vn -0.0232 -0.5514 -0.8339
vn -0.0051 -0.0708 -0.9975
vn -0.0126 -0.0597 -0.9981
vn 0.0196 0.4313 -0.9020
vn 0.0013 -0.0008 -1.0000
vn 0.0007 -0.0001 -1.0000
vn 0.9775 -0.2109 -0.0058
vn 0.9394 0.3426 0.0103
vn 0.9298 0.3680 0.0015
vn -1.0000 -0.0090 -0.0001
vn -0.9996 -0.0249 -0.0151
vn -0.9980 -0.0612 -0.0169
vn -0.9989 -0.0439 -0.0152
vn 0.8701 -0.4928 -0.0081
vn 0.9772 -0.2123 -0.0025
vn 0.7150 -0.6991 0.0066
vn -0.0570 -0.9980 0.0255
vn 0.0434 -0.9991 -0.0012
vn 0.0033 -1.0000 0.0010
vn 0.0389 -0.9992 -0.0051
vn -0.0007 1.0000 -0.0099
vn -0.2284 0.9735 0.0131
vn 0.4354 0.9002 0.0037
vn 0.5192 0.8547 -0.0019
vn 0.8684 0.4777 0.1326
vn 0.6259 0.7415 0.2417
vn 0.2206 0.9746 -0.0388
vn -0.0922 0.9069 0.4111
vn 0.1786 0.9837 -0.0227
vn 0.3668 0.9301 0.0187
vn 0.8358 0.5486 -0.0213
vn 0.9478 0.3158 0.0437
vn 0.5426 -0.0947 0.8346
vn 0.1992 -0.4877 0.8500
vn 0.4585 -0.0218 0.8884
vn 0.2687 -0.6245 0.7334
vn 0.1846 -0.3803 0.9062
vn 0.5246 -0.0614 0.8492
vn 0.6234 -0.0458 0.7805
vn -0.0021 -0.0018 1.0000
vn -0.0009 -0.0019 1.0000
vn -0.0000 -0.0030 1.0000
vn 0.0360 0.2928 0.9555
vn 0.0830 -0.0621 0.9946
vn 0.7126 -0.7015 -0.0004
vn 0.5230 -0.8521 -0.0210
vn 0.7753 -0.6314 -0.0135
vn 0.5403 -0.8414 -0.0053
vn 0.9777 -0.2096 0.0102
vn 0.9910 -0.1316 -0.0257
vn 0.4505 -0.8927 0.0119
vn 0.4543 -0.8908 0.0098
vn -0.9880 -0.1537 -0.0162
vn -0.9949 -0.0983 -0.0211
vn -1.0000 0.0069 -0.0014
vn 0.0024 0.0142 0.9999
vn 0.0032 0.0217 0.9998
vn 0.0103 0.0097 0.9999
vn 0.0253 0.0166 0.9995
vn 0.0146 0.0009 0.9999
vn 0.0154 -0.0001 0.9999
vn 0.0661 -0.0401 0.9970
vn 0.0905 -0.0523 0.9945
vn 0.0820 0.3459 0.9347
vn 0.0033 0.9961 -0.0885
vn -0.0000 0.9957 -0.0931
vn -0.0384 0.9924 -0.1168
vn 0.6321 -0.6784 0.3746
vn 0.3036 -0.9525 -0.0217
vn 0.8339 -0.5519 0.0017
vn 0.9852 -0.1706 0.0139
vn 0.9994 -0.0330 0.0041
vn 0.9894 -0.1451 0.0035
vn 0.9994 -0.0335 0.0040
vn 0.1106 -0.8939 0.4344
vn 0.9071 -0.4181 0.0486
vn -0.0032 -0.0241 0.9997
vn 0.0212 -0.1997 0.9796
vn 0.0056 -0.0242 0.9997
vn 0.1275 -0.0757 0.9889
vn 0.0188 -0.0221 0.9996
vn 0.0453 -0.0206 0.9988
vn 0.1220 -0.0154 0.9924
vn 0.0239 -0.0343 0.9991
vn 0.1266 -0.2240 0.9663
vn 0.0766 -0.1426 0.9868
vn -0.0703 -0.2478 0.9663
vn -0.1830 0.0081 0.9831
vn -0.0153 0.0088 0.9998
vn -0.2812 0.8951 0.3460
vn -0.0014 0.0013 1.0000
vn 0.9487 0.3158 0.0163
vn 0.8687 0.4954 0.0023
vn 0.9762 0.2170 -0.0006
vn 0.9935 -0.1132 0.0110
vn 0.9991 0.0425 -0.0000
vn 0.5432 0.8396 -0.0008
vn -0.0169 0.9998 -0.0069
vn 0.0004 0.9998 0.0205
vn 0.9566 0.2911 0.0120
vn 0.3697 -0.9292 -0.0031
vn 0.7234 -0.6904 0.0037
vn 0.7219 -0.6920 0.0025
vn 0.3358 -0.9419 0.0008
vn 0.1628 -0.0083 0.9866
vn 0.0264 -0.0210 0.9994
vn 0.2159 -0.7812 0.5858
vn 0.3665 -0.6903 0.6238
vn 0.0566 -0.0602 0.9966
vn 0.0379 -0.0809 0.9960
vn 0.1338 -0.0651 0.9889
vn 0.2997 0.6880 -0.6610
vn 0.7078 0.6985 0.1051
vn 0.7270 0.3510 -0.5901
vn 0.4927 0.7900 0.3648
vn 0.1938 0.7943 0.5758
vn 0.7218 0.2478 0.6462
vn 0.0078 -0.0589 0.9982
vn 0.7993 -0.2187 0.5597
vn 0.1773 -0.0001 0.9842
vn 0.0977 0.1065 0.9895
vn 0.1289 0.0174 0.9915
vn 0.0190 0.0857 0.9961
vn -0.1910 -0.2476 0.9499
vn 0.0952 -0.2875 0.9530
vn 0.3035 0.6120 0.7303
vn 0.0360 0.9986 0.0392
vn 0.6766 0.7301 0.0959
vn 0.6237 0.7800 0.0519
vn 0.0266 0.9994 -0.0199
vn 0.0890 0.5336 -0.8411
vn 0.1730 0.0691 -0.9825
vn 0.6054 0.6590 0.4464
vn 0.0207 0.9998 -0.0000
vn 0.0146 0.9998 -0.0122
vn 0.0252 0.9995 0.0210
vn 0.0354 0.9994 -0.0000
vn 0.4169 -0.7008 -0.5788
vn 0.6296 -0.5002 -0.5944
vn 0.9996 0.0264 0.0096
vn 0.9997 0.0203 0.0125
vn 0.8725 -0.0640 -0.4844
vn 0.1982 -0.8734 -0.4448
vn 0.5928 0.6938 0.4090
vn 0.8990 0.4355 -0.0458
vn -0.1088 0.0087 0.9940
vn 0.5922 0.6939 -0.4097
vn 0.9112 0.4090 0.0497
vn -0.0000 -0.3118 -0.9502
vn 0.0125 -0.3264 -0.9452
vn -0.0002 0.0064 -1.0000
vn 0.0002 0.0067 -1.0000
vn -0.0541 0.8359 -0.5463
vn 0.1024 -0.4549 -0.8846
vn 0.9999 0.0147 0.0025
vn -0.0090 0.8210 -0.5708
vn -0.0052 0.8247 -0.5655
vn 0.0277 0.5593 0.8285
vn 0.0398 0.5648 0.8243
vn 0.0758 0.2315 -0.9699
vn -0.0047 0.0873 -0.9962
vn 0.1685 0.3259 0.9303
vn 0.1282 0.1453 -0.9810
vn 0.1126 0.0251 -0.9933
vn 0.4849 -0.0561 -0.8728
vn 0.1536 -0.1000 -0.9831
vn 0.1189 -0.1820 -0.9761
vn -0.1015 0.6015 0.7924
vn -0.4631 0.3954 0.7932
vn -0.4387 -0.2498 0.8632
vn 0.0835 -0.5362 0.8399
vn -0.9565 -0.2313 0.1777
vn -0.6230 0.7139 0.3195
vn -0.0690 -0.9655 0.2512
vn -0.1011 0.9596 0.2626
vn -0.9998 0.0159 -0.0143
vn -0.7821 -0.6231 0.0112
vn -0.8414 0.5404 0.0078
vn -0.0984 -0.9951 -0.0122
vn 0.3802 -0.9248 0.0088
vn -0.2586 0.9557 0.1403
vn -0.6928 0.7210 -0.0108
vn -0.5223 0.8526 0.0177
vn 0.6077 0.7939 0.0173
vn -0.4433 0.8962 -0.0174
vn 0.6348 0.7727 -0.0055
vn 0.9476 -0.3193 0.0095
vn 0.9617 -0.2741 -0.0060
vn 0.5493 -0.8356 0.0042
vn 0.5723 -0.8199 -0.0116
vn -0.0769 0.9604 0.2677
vn -0.9947 0.1032 -0.0011
vn -0.9883 0.1522 -0.0021
vn -0.9971 -0.0752 0.0133
vn -0.0868 -0.9917 -0.0945
vn -0.4231 -0.9061 0.0041
vn -0.3839 -0.9234 0.0046
vn -0.7188 -0.6952 0.0017
vn -0.0892 -0.9912 0.0979
vn -0.3844 -0.9232 -0.0007
vn -0.3426 -0.9395 0.0022
vn -0.6749 -0.7379 0.0065
vn -0.7175 -0.6965 0.0061
vn -0.5613 -0.8276 -0.0000
vn -0.8106 -0.5847 -0.0323
vn -0.8992 -0.4316 -0.0718
vn -0.8519 -0.5237 0.0068
vn -0.9979 -0.0654 -0.0044
vn -0.9793 -0.2023 -0.0077
vn -0.9809 -0.1943 0.0023
vn -0.8706 -0.4919 0.0045
vn -0.9776 -0.2106 -0.0000
vn -0.9544 -0.2987 0.0021
vn -0.8304 -0.5560 -0.0367
vn -0.9113 -0.3997 0.0990
vn -0.9788 -0.0973 0.1804
vn -0.9965 -0.0807 -0.0204
vn -0.9013 -0.4302 0.0506
vn -0.8420 -0.5388 0.0279
vn -0.7614 0.6483 -0.0001
vn -0.7665 0.6423 -0.0003
vn -0.9870 0.1606 0.0041
vn -0.9859 0.1676 0.0001
vn -0.7657 0.6432 -0.0001
vn -0.7750 0.6320 0.0005
vn -0.9878 -0.1536 0.0263
vn -0.9937 -0.1052 -0.0391
vn -0.9320 -0.0203 -0.3620
vn -0.9998 -0.0022 -0.0204
vn -0.9964 -0.0153 -0.0831
vn -0.9979 0.0631 -0.0120
vn -0.9962 0.0811 0.0306
vn -0.3921 0.8569 0.3347
vn -0.8326 0.1968 0.5178
vn -0.7478 0.6633 0.0281
vn -0.9830 0.1837 -0.0047
vn -0.7269 -0.1544 0.6692
vn -0.4015 -0.1517 0.9032
vn -0.0250 -0.5394 0.8416
vn -0.1500 0.4034 0.9027
vn -0.0717 -0.8835 0.4629
vn 0.0300 -0.8147 -0.5791
vn -0.0682 -0.3510 -0.9339
vn -0.0316 0.3961 -0.9177
vn -0.0008 0.7468 -0.6650
vn 0.0336 0.6944 -0.7188
vn -0.0235 0.6733 -0.7390
vn -0.0848 -0.0347 0.9958
vn -0.0613 -0.0389 0.9974
vn 0.1279 0.7678 0.6278
vn -0.0377 0.8607 0.5077
vn 0.0276 0.2383 0.9708
vn -0.2432 0.9049 0.3493
vn -0.2273 0.9603 0.1615
vn -0.2295 0.9712 -0.0636
vn -0.1911 0.9426 -0.2739
vn -0.9999 -0.0151 0.0055
vn -0.9999 -0.0093 0.0074
vn -0.9998 -0.0172 0.0041
vn -0.9999 -0.0158 -0.0058
vn -0.9999 -0.0099 -0.0093
vn -0.9999 -0.0147 -0.0046
vn 0.1644 0.9861 0.0257
vn 0.0692 0.9944 0.0797
vn 0.0997 -0.9795 -0.1753
vn 0.1182 -0.6893 0.7148
vn 0.0291 -0.9527 0.3024
vn -0.3615 -0.0525 0.9309
vn -0.8431 -0.1837 -0.5054
vn -0.5251 -0.7945 -0.3052
vn -0.7097 0.3154 -0.6300
vn -0.8550 -0.4874 0.1773
vn -0.5524 -0.2840 0.7837
vn -0.8552 0.1765 0.4874
vn -0.6057 0.7289 0.3191
vn -0.8463 0.4966 -0.1926
vn -0.9999 -0.0048 0.0153
vn -0.9996 -0.0107 0.0254
vn -0.9990 -0.0265 0.0372
vn -0.9998 -0.0215 -0.0037
vn -0.9995 -0.0313 -0.0101
vn -0.9987 -0.0440 -0.0264
vn -0.9998 0.0052 -0.0189
vn -0.9995 0.0110 -0.0286
vn -0.9988 0.0276 -0.0416
vn -0.9998 0.0191 0.0052
vn -0.9996 0.0277 0.0103
vn -0.9987 0.0418 0.0278
vn -0.9999 -0.0071 -0.0108
vn -0.9999 -0.0088 0.0065
vn -0.9999 -0.0110 -0.0055
vn -0.9997 -0.0243 0.0026
vn -0.9999 -0.0017 -0.0128
vn -0.9997 -0.0175 0.0145
vn -0.1669 -0.0846 0.9823
vn -0.0920 -0.1134 0.9893
vn -0.0321 -0.1765 0.9838
vn 0.0188 -0.1524 0.9881
vn -0.0318 -0.0210 0.9993
vn -0.0009 0.0028 1.0000
vn 0.0006 -0.0006 1.0000
vn 0.0044 -0.0007 1.0000
vn -0.9543 0.0334 -0.2970
vn -0.6243 -0.2038 0.7541
vn -0.3486 0.3341 -0.8757
vn -0.7670 -0.0293 0.6410
vn -0.7210 0.5537 -0.4166
vn -0.6087 0.5347 0.5861
vn 0.0048 -0.5292 0.8485
vn 0.0916 0.4409 0.8929
vn -0.0100 -0.2953 0.9553
vn -0.1519 0.6344 0.7579
vn 0.0566 -0.9958 -0.0725
vn -0.0831 -0.9752 -0.2051
vn -0.0340 -0.5034 -0.8634
vn -0.1300 -0.0409 -0.9907
vn -0.0730 0.2958 -0.9525
vn 0.0144 0.7886 -0.6147
vn -0.2359 0.3056 -0.9225
vn -0.0062 0.3823 -0.9240
vn -0.6503 -0.1581 0.7431
vn -0.2355 0.9695 0.0676
vn -0.2390 0.9691 -0.0619
vn -0.6505 -0.1576 -0.7430
vn -0.2173 0.8247 0.5222
vn -0.9999 -0.0117 -0.0107
vn -0.9998 -0.0203 -0.0043
vn -0.9999 -0.0168 -0.0020
vn -0.9996 -0.0266 0.0003
vn -0.9999 -0.0101 0.0075
vn -0.9999 -0.0029 0.0118
vn -0.9999 -0.0023 0.0102
vn -1.0000 0.0016 0.0092
vn 0.2307 -0.2301 -0.9454
vn -0.1272 -0.7353 -0.6657
vn 0.0679 -0.3001 -0.9515
vn -0.0262 -0.9420 -0.3346
vn -0.8431 -0.1836 -0.5054
vn -0.5250 -0.7945 -0.3052
vn -0.7096 0.3158 -0.6299
vn -0.8550 -0.4874 0.1774
vn -0.5524 -0.2841 0.7837
vn -0.8551 0.1772 0.4872
vn -0.6061 0.7287 0.3188
vn -0.8450 0.4989 -0.1925
vn -0.9988 0.0277 -0.0416
vn -0.9998 0.0052 -0.0190
vn -0.9996 0.0104 -0.0277
vn -0.9987 -0.0419 -0.0278
vn -0.9998 -0.0191 -0.0052
vn -0.9996 -0.0277 -0.0103
vn -0.9987 0.0418 0.0277
vn -0.9998 0.0190 0.0052
vn -0.9998 -0.0052 0.0190
vn -0.9996 -0.0104 0.0277
vn -0.9988 -0.0277 0.0416
vn -0.9999 -0.0081 0.0069
vn -0.9999 -0.0152 0.0052
vn -0.9998 -0.0171 0.0047
vn -0.9999 -0.0091 -0.0096
vn -0.9999 -0.0091 -0.0102
vn -0.9999 -0.0007 -0.0129
vn -0.9943 -0.0609 -0.0880
vn 0.0181 -0.7611 0.6484
vn 0.0121 -0.1419 0.9898
vn -0.0093 -0.7185 0.6955
vn -0.0299 0.0630 0.9976
vn -0.1590 -0.0014 0.9873
vn -0.0009 -0.0005 -1.0000
vn -0.0196 0.4313 -0.9020
vn -0.0006 -0.0001 -1.0000
vn -0.0008 -0.0001 -1.0000
vn -0.0002 -0.0000 -1.0000
vn -0.9781 -0.2081 -0.0084
vn -0.9718 -0.2356 -0.0067
vn -0.9852 0.1715 0.0055
vn 1.0000 -0.0092 -0.0005
vn 0.9945 -0.0932 -0.0487
vn 0.9996 -0.0251 -0.0155
vn 0.9989 -0.0445 -0.0152
vn -0.8701 -0.4929 -0.0087
vn -0.7282 -0.6854 -0.0035
vn 0.0570 -0.9980 0.0255
vn -0.5098 0.8602 -0.0161
vn -0.7556 0.6548 0.0162
vn -0.9395 0.3422 -0.0124
vn -0.4013 0.2796 0.8722
vn -0.6111 0.7824 -0.1201
vn -0.8911 0.4301 0.1445
vn -0.2746 0.8975 0.3450
vn -0.8459 0.5331 -0.0167
vn -0.9990 0.0437 -0.0049
vn -0.9346 0.3234 0.1481
vn -0.3909 0.9204 -0.0040
vn -0.4470 0.8692 0.2112
vn -0.2945 -0.3471 0.8904
vn -0.4897 0.0677 0.8693
vn -0.1456 -0.6418 0.7529
vn -0.2687 -0.6245 0.7333
vn -0.1845 -0.3804 0.9063
vn -0.6234 -0.0448 0.7806
vn -0.5248 -0.0599 0.8491
vn 0.0062 -0.0022 1.0000
vn 0.0042 -0.0035 1.0000
vn 0.0028 -0.0072 1.0000
vn 0.0035 -0.0106 0.9999
vn -0.2504 -0.3916 0.8854
vn -0.1175 -0.0337 0.9925
vn -0.6836 -0.7297 0.0125
vn -0.8231 -0.5655 -0.0525
vn -0.5257 -0.8501 -0.0307
vn -0.5382 -0.8428 -0.0017
vn -0.9705 -0.2410 0.0040
vn -0.4505 -0.8927 0.0119
vn -0.4355 -0.9001 0.0099
vn 0.9925 -0.1138 -0.0440
vn 1.0000 0.0067 -0.0016
vn -0.0085 -0.9999 -0.0132
vn -0.0018 0.0197 0.9998
vn -0.0042 0.0156 0.9999
vn -0.0141 0.0127 0.9998
vn -0.0150 0.0114 0.9998
vn -0.0167 0.0009 0.9999
vn -0.0670 -0.0398 0.9970
vn -0.0153 -0.0001 0.9999
vn -0.0942 -0.0488 0.9944
vn -0.0820 0.3458 0.9347
vn 0.0067 0.9993 -0.0362
vn -0.4588 -0.8221 0.3372
vn -0.8577 -0.5116 0.0504
vn -0.5007 -0.8655 -0.0116
vn -0.9421 -0.3352 0.0080
vn -0.9868 -0.1614 0.0101
vn -0.9988 -0.0499 -0.0016
vn -0.9995 -0.0323 0.0045
vn -0.0665 -0.1993 0.9777
vn -0.0157 -0.0230 0.9996
vn -0.0313 -0.0294 0.9991
vn -0.1241 -0.0148 0.9922
vn -0.0340 -0.1821 0.9827
vn -0.0319 -0.0219 0.9993
vn -0.0503 -0.1479 0.9877
vn 0.0153 0.0088 0.9998
vn 0.1835 0.0081 0.9830
vn 0.2814 0.8955 0.3449
vn 0.0015 0.0013 1.0000
vn -0.9911 -0.1335 -0.0007
vn -0.7176 -0.6964 0.0107
vn -0.9991 0.0425 -0.0000
vn -0.6373 0.7706 -0.0059
vn -0.9568 0.2906 0.0128
vn -0.9118 0.4106 -0.0053
vn -0.3697 -0.9292 -0.0031
vn -0.3358 -0.9419 0.0008
vn -0.7218 -0.6920 0.0025
vn -0.7234 -0.6904 0.0037
vn -0.1632 -0.0086 0.9866
vn 0.0175 -0.1012 0.9947
vn -0.3821 -0.7213 0.5778
vn -0.0700 -0.1529 0.9858
vn -0.0891 -0.1352 0.9868
vn -0.6030 -0.5083 0.6148
vn -0.0164 0.0867 0.9961
vn -0.3141 0.6852 0.6572
vn -0.1417 -0.0629 0.9879
vn -0.3675 0.5176 -0.7727
vn -0.4283 0.8969 -0.1100
vn -0.0158 -0.1188 0.9928
vn -0.1410 -0.0275 0.9896
vn -0.7709 0.0267 0.6364
vn -0.1364 0.0612 0.9888
vn -0.0998 0.0596 0.9932
vn -0.0650 -0.5022 0.8623
vn -0.2173 0.6746 0.7055
vn -0.0952 -0.2875 0.9530
vn -0.6054 0.6590 0.4463
vn -0.4216 0.7067 -0.5681
vn -0.1596 0.4286 -0.8893
vn -0.7498 0.6617 0.0029
vn -0.0238 0.9995 0.0193
vn -0.0383 0.9982 -0.0463
vn -0.6522 0.7520 -0.0957
vn -0.0288 0.9993 -0.0240
vn -0.0405 0.9992 -0.0000
vn -0.0138 0.9998 0.0115
vn -0.0194 0.9998 -0.0000
vn -0.5064 -0.5917 -0.6273
vn -0.7955 -0.3194 -0.5149
vn -0.3557 -0.8032 -0.4778
vn -0.7659 0.2198 -0.6042
vn -0.7868 0.5440 0.2916
vn -0.4862 0.4452 -0.7520
vn -0.9996 0.0282 0.0079
vn -0.9999 0.0160 0.0021
vn -0.5928 0.6938 0.4090
vn -0.8990 0.4355 -0.0458
vn 0.0094 0.0079 0.9999
vn -0.5922 0.6939 -0.4097
vn -0.9112 0.4090 0.0497
vn -0.0125 -0.3264 -0.9452
vn -0.0598 0.1036 -0.9928
vn -0.0605 0.0789 -0.9950
vn -0.1327 0.0771 -0.9882
vn -0.1277 0.0525 -0.9904
vn -0.4263 -0.1402 -0.8937
vn -0.4248 -0.1632 -0.8905
vn -0.0734 -0.2185 -0.9731
vn -0.0679 -0.2521 -0.9653
vn 0.1515 0.4844 0.8616
vn 0.4280 0.4563 0.7801
vn 0.6410 -0.0465 0.7661
vn 0.8261 0.5204 0.2159
vn 0.8002 -0.5158 0.3061
vn 0.2050 0.9431 0.2617
vn 0.3287 0.4312 0.8403
vn 0.7009 0.5655 0.4348
vn 0.3004 -0.5828 0.7550
vn 0.8138 0.5811 -0.0088
vn 0.9917 0.1283 0.0046
vn 0.9848 -0.1732 -0.0126
vn 0.7062 0.7080 0.0009
vn -0.9716 -0.2359 -0.0189
vn -0.9546 -0.2976 0.0104
vn -0.5723 -0.8199 -0.0116
vn -0.5493 -0.8356 0.0042
vn 0.9204 0.3831 0.0789
vn 0.7343 0.6788 0.0058
vn 0.9294 -0.0936 0.3569
vn 0.9937 0.0349 -0.1069
vn 0.9658 -0.2279 -0.1236
vn 0.8109 -0.5851 0.0114
vn 0.4760 -0.8794 0.0017
vn -0.8209 -0.5213 0.2331
vn -0.7579 -0.6515 0.0337
vn -0.7697 -0.5852 0.2552
vn -0.9002 0.0506 0.4325
vn -0.9935 -0.0359 -0.1077
vn -0.9781 0.0251 -0.2065
vn -0.7773 0.6281 0.0361
vn -0.3715 0.9134 0.1663
vn -0.3866 0.8400 -0.3807
vn -0.3375 0.1327 0.9319
vn -0.1054 0.9886 0.1072
vn -0.7263 0.6344 0.2646
vn 0.8469 0.5318 -0.0050
vn -0.8468 0.5318 -0.0014
vn -0.9609 0.2769 -0.0038
vn 0.4485 0.8938 -0.0005
vn -0.8139 0.5755 -0.0794
vn -0.8856 0.4417 -0.1432
vn -0.8862 -0.4556 -0.0845
vn 0.2856 -0.7546 -0.5907
vn -0.8296 -0.5583 -0.0004
vn 0.5213 -0.7678 -0.3725
vn 0.9073 -0.3997 -0.1305
vn -0.3226 -0.7431 -0.5863
vn 0.8334 -0.5527 -0.0004
vn 0.4073 -0.0473 -0.9121
vn 0.2680 -0.3052 -0.9138
vn -0.4086 -0.0336 -0.9121
vn 0.1000 0.9947 0.0240
vn 0.4160 0.8251 -0.3824
vn 0.9245 0.3757 0.0647
vn 0.7990 0.5990 -0.0532
vn -0.2325 -0.7718 0.5919
vn 0.2007 -0.9795 0.0152
vn 0.1492 -0.9069 -0.3940
vn -0.3220 -0.7810 -0.5351
vn -0.6159 -0.7333 -0.2879
vn 0.2500 -0.7665 0.5916
vn -0.0011 -1.0000 -0.0010
vn 0.0090 -0.9999 0.0131
vn 0.0185 -0.0170 0.9997
vn 0.0120 0.0048 0.9999
vn 0.0194 0.7120 0.7020
vn 0.0004 0.7355 0.6775
vn 0.0154 0.7177 -0.6962
vn 0.0083 -0.0232 -0.9997
vn -0.0076 0.0154 -0.9999
vn 0.0028 0.7359 -0.6771
vn 0.6602 -0.2157 0.7194
vn 0.6818 0.6563 0.3232
vn 0.3190 0.7772 0.5424
vn 0.9894 0.1191 0.0828
vn -0.2409 -0.7989 0.5511
vn 0.5379 -0.8338 0.1242
vn 0.7683 -0.3609 0.5287
vn -0.2533 -0.9236 0.2879
vn -0.0151 0.2599 0.9655
vn -0.7294 0.1941 0.6560
vn -0.7986 -0.0389 0.6006
vn 0.9822 0.1769 0.0629
vn 0.9338 0.1055 -0.3419
vn 0.9973 -0.0718 0.0129
vn -0.9446 -0.0284 -0.3271
vn -0.9948 -0.0044 0.1019
vn 0.9491 -0.3148 0.0052
vn 0.8740 -0.4858 -0.0114
vn -0.9095 -0.4155 -0.0082
vn 0.5883 -0.8086 0.0013
vn -0.7697 -0.6384 0.0034
vn 0.4588 0.2990 -0.8367
vn 0.0582 0.5060 -0.8605
vn 0.4546 -0.1557 -0.8770
vn 0.1959 -0.1744 -0.9650
vn -0.1204 -0.4669 -0.8761
vn -0.4520 -0.1980 -0.8697
vn -0.4281 -0.1982 -0.8817
vn -0.5672 0.3168 -0.7602
vn -0.0759 0.3085 -0.9482
vn 0.5310 -0.1048 0.8409
vn 0.8059 -0.0388 0.5908
vn 0.9968 0.0387 0.0704
vn 1.0000 -0.0015 0.0006
vn 1.0000 -0.0017 -0.0002
vn 1.0000 -0.0005 0.0003
vn -0.7065 0.0107 -0.7077
vn -0.6157 -0.0502 -0.7864
vn -0.9987 -0.0080 -0.0497
vn -1.0000 0.0064 -0.0002
vn -1.0000 0.0057 -0.0012
vn -1.0000 0.0008 -0.0002
vn -0.2194 0.6552 -0.7229
vn 0.0233 -0.0011 -0.9997
vn 0.0081 0.1043 -0.9945
vn -0.0403 0.8306 -0.5554
vn 0.0108 0.3393 -0.9406
vn 0.0158 0.3368 -0.9414
vn -0.0668 0.7482 -0.6601
vn -0.0158 0.3369 0.9414
vn 0.0670 0.7482 0.6601
vn 0.0403 0.8306 0.5553
vn -0.0108 0.3393 0.9406
vn -0.0182 0.9959 -0.0887
vn -0.0567 0.9455 -0.3207
vn -0.0248 0.9958 -0.0884
vn -0.4208 -0.9071 -0.0080
vn -0.3152 -0.9490 0.0074
vn -0.5694 -0.8164 0.0962
vn -0.3978 -0.8913 -0.2177
vn 0.4545 -0.8598 0.2327
vn 0.1499 0.1158 -0.9819
vn 0.1743 -0.5688 -0.8038
vn 0.1237 0.5527 -0.8242
vn 0.3206 0.8397 -0.4384
vn 0.9996 -0.0133 0.0247
vn 0.9860 0.1453 0.0822
vn 0.8423 0.5385 -0.0215
vn 0.5194 0.6517 0.5527
vn 0.6253 0.1525 0.7653
vn 0.9618 -0.1376 0.2365
vn 0.9362 0.3514 -0.0096
vn 0.9841 -0.1767 0.0178
vn 0.9844 -0.1748 0.0196
vn -0.4749 -0.1439 0.8682
vn -0.9971 0.0532 0.0544
vn -0.7398 -0.0019 0.6728
vn -1.0000 -0.0024 -0.0003
vn -1.0000 -0.0020 0.0008
vn -1.0000 -0.0007 0.0004
vn 0.6001 -0.1288 -0.7895
vn 1.0000 0.0047 0.0055
vn 0.9461 -0.0509 -0.3197
vn 1.0000 0.0045 -0.0009
vn 1.0000 0.0006 -0.0002
vn 0.1980 0.6700 -0.7154
vn 0.0063 0.0694 -0.9976
vn -0.0266 -0.0037 -0.9996
vn 0.0405 0.8306 -0.5554
vn -0.0405 0.8306 0.5553
vn 0.0670 0.7482 -0.6601
vn 0.0158 0.3369 0.9414
vn 0.0108 0.3393 0.9406
vn -0.0670 0.7482 0.6601
vn -0.0158 0.3368 -0.9414
vn -0.0108 0.3393 -0.9406
vn 0.0182 0.9959 -0.0887
vn 0.0248 0.9958 -0.0884
vn 0.0337 0.9332 -0.3577
vn 0.5563 -0.8310 0.0042
vn 0.4882 -0.8727 -0.0058
vn 0.4695 -0.8829 0.0049
vn 0.5508 -0.8323 -0.0618
vn -0.2880 -0.4066 0.8670
vn -0.4814 -0.7945 0.3701
vn -0.5905 0.4040 0.6986
vn -0.6058 0.2193 -0.7648
vn -0.9701 -0.1014 -0.2206
vn -0.9439 0.2797 -0.1758
vn -0.7859 0.6181 -0.0166
vn -0.5021 0.6691 -0.5479
vn -0.9838 0.1490 0.0995
vn -0.5858 0.6505 0.4834
vn -0.8456 0.5333 -0.0242
vn -0.9460 -0.3139 -0.0815
vn -0.6017 -0.6766 -0.4245
vn -0.9726 -0.2027 -0.1135
vn -0.6219 0.7831 0.0036
vn -0.1357 0.9907 0.0037
vn -0.1737 0.9848 -0.0073
vn -0.7897 0.6134 -0.0063
vn -0.8187 -0.5742 -0.0027
vn -0.9875 -0.1575 0.0040
vn -0.9050 -0.4254 -0.0045
vn -0.9952 0.0980 -0.0039
vn -0.5460 -0.8378 -0.0091
vn -0.3687 -0.9295 0.0075
vn -0.5902 -0.8060 0.0447
vn 0.4031 0.9152 0.0015
vn 0.1611 0.9836 0.0815
vn 0.1624 0.9822 -0.0943
vn 0.4685 0.8835 -0.0021
vn 0.6332 -0.7740 0.0010
vn 0.9264 -0.3765 -0.0012
vn 0.9397 -0.3420 0.0019
vn 0.8512 0.5248 -0.0011
vn 0.9602 0.2794 0.0051
vn 0.9918 0.1275 -0.0032
vn 0.5894 0.8079 -0.0011
vn 0.3256 0.9455 0.0037
vn 0.3844 0.9231 0.0083
vn -0.0004 -0.0006 1.0000
vn -0.0003 -0.0004 1.0000
vn -0.0003 -0.0005 1.0000
vn -0.0004 -0.0007 1.0000
vn -0.1132 -0.9936 -0.0044
vn 0.1541 -0.9880 0.0040
vn -0.4014 -0.9159 0.0033
vn 0.0005 -0.0005 1.0000
vn 0.0003 -0.0002 1.0000
vn 0.0003 -0.0000 1.0000
vn 0.0003 -0.0004 1.0000
vn -0.0005 -0.0006 1.0000
vn -0.0000 0.0002 -1.0000
vn -0.0000 0.0003 -1.0000
vn -0.0001 0.0003 -1.0000
vn 0.0003 -0.0006 1.0000
vn 0.0005 0.0006 -1.0000
vn 0.0002 0.0005 -1.0000
vn -0.0004 0.0006 -1.0000
vn 0.0004 -0.0001 1.0000
vn -0.0004 -0.0004 1.0000
vn -0.0002 -0.0002 1.0000
vn -0.0005 0.0003 -1.0000
vn -0.0002 0.0003 -1.0000
vn -0.0007 -0.0010 1.0000
vn -0.0004 0.0003 -1.0000
vn -0.0002 0.0002 -1.0000
vn 0.0001 0.0002 -1.0000
vn -0.0000 -0.0007 1.0000
vn -0.0000 -0.0004 1.0000
vn -0.0001 0.0002 -1.0000
vn -0.0004 0.0002 -1.0000
vn -0.0003 0.0003 -1.0000
vn 0.0002 -0.0007 1.0000
vn 0.0001 -0.0004 1.0000
vn 0.0004 0.0005 -1.0000
vn 0.0011 0.0006 -1.0000
vn -0.5098 0.8603 -0.0022
vn -0.5107 0.8598 -0.0022
vn 0.2667 0.9638 -0.0007
vn 0.3247 0.9458 0.0066
vn -0.2707 -0.9626 -0.0043
vn -0.2828 -0.9592 -0.0041
vn -0.3009 -0.9537 0.0005
vn -0.7970 -0.0095 -0.6039
vn -0.7737 -0.0093 -0.6335
vn -0.7412 0.2555 -0.6208
vn -0.5764 0.4598 -0.6755
vn -0.5057 -0.8627 -0.0015
vn -0.6546 -0.7560 0.0017
vn -0.0883 0.9959 0.0217
vn 0.7414 0.6710 0.0067
vn -0.6453 -0.7639 0.0005
vn -0.9999 -0.0118 0.0022
vn -0.9999 -0.0119 0.0022
vn 0.6290 -0.7774 0.0006
vn 0.2773 -0.9608 -0.0004
vn -0.8113 0.2905 -0.5073
vn -0.6743 0.1968 -0.7118
vn -0.6046 0.4010 -0.6883
vn -0.9331 0.3596 0.0044
vn -0.7013 -0.7127 -0.0141
vn -0.7082 0.5112 -0.4870
vn -0.8786 0.4775 0.0002
vn 0.9939 0.1097 0.0066
vn 0.9431 -0.2992 -0.1449
vn 0.9812 -0.1361 0.1369
vn 0.9974 0.0670 0.0261
vn 0.9753 -0.2075 -0.0761
vn 0.9999 0.0029 0.0126
vn 0.9994 -0.0319 0.0091
vn 0.9957 -0.0922 0.0048
vn 0.9802 -0.1961 0.0265
vn 0.2602 0.3246 -0.9093
vn 0.6692 -0.3137 -0.6736
vn 0.3930 -0.2085 -0.8956
vn -0.5646 -0.6058 0.5606
vn -0.7510 0.0875 0.6545
vn 0.3491 -0.8838 0.3114
vn -0.9980 -0.0253 0.0586
vn -0.9935 0.0537 0.1002
vn -0.9354 0.3330 0.1192
vn -0.2423 -0.3891 0.8887
vn 0.1117 -0.0276 0.9934
vn 0.5034 0.1090 0.8571
vn 0.1503 -0.2203 -0.9638
vn 0.2582 0.1657 -0.9518
vn 0.3962 0.2523 -0.8828
vn -0.1924 -0.3632 0.9116
vn 0.1837 -0.6499 0.7375
vn 0.1878 -0.3807 0.9054
vn -0.1818 -0.3821 0.9061
vn -0.9914 -0.1310 0.0014
vn -0.9752 0.0056 -0.2212
vn -1.0000 0.0057 0.0079
vn -0.1377 0.3050 -0.9423
vn -0.1820 -0.4135 -0.8921
vn -0.1991 -0.8897 -0.4109
vn 0.2305 -0.9730 -0.0110
vn -0.9965 -0.0840 -0.0018
vn -0.9970 0.0675 0.0368
vn -0.0020 0.2606 -0.9654
vn -0.7914 -0.5483 0.2703
vn -0.2655 0.1534 0.9518
vn 0.5813 -0.6001 0.5495
vn 0.7531 0.0875 0.6520
vn -0.3644 0.3095 -0.8783
vn -0.5637 -0.4291 -0.7058
vn -0.1541 -0.8477 -0.5076
vn 0.4114 -0.6994 0.5844
vn 0.1195 0.1190 0.9857
vn -0.1190 0.1189 0.9857
vn 1.0000 -0.0039 -0.0026
vn 0.9997 0.0026 -0.0261
vn 0.9827 0.0661 -0.1730
vn -0.9995 0.0264 -0.0176
vn -0.9993 0.0190 -0.0323
vn -0.9738 -0.0346 -0.2249
vn -0.7329 0.5254 -0.4321
vn -1.0000 -0.0058 -0.0038
vn -0.9092 -0.2318 -0.3458
vn 0.2330 -0.4254 -0.8745
vn 0.4152 -0.6224 -0.6635
vn 1.0000 -0.0001 -0.0002
vn 1.0000 -0.0001 -0.0001
vn 0.2431 -0.2230 -0.9440
vn 0.0035 -0.4829 -0.8757
vn -0.0040 -0.1472 -0.9891
vn -0.2224 0.9631 0.1516
vn -0.1478 0.9890 0.0112
vn -0.1319 0.9904 -0.0425
vn 0.0159 0.1714 0.9851
vn -0.0014 0.5997 0.8002
vn -0.0877 0.3904 0.9165
vn -0.0540 0.8806 0.4707
vn 0.0074 0.8137 0.5813
vn -0.0120 0.7955 0.6059
vn 0.4188 -0.9013 -0.1109
vn -0.0072 0.2867 0.9580
vn -0.0000 0.2204 0.9754
vn -1.0000 0.0003 0.0001
vn -1.0000 0.0004 -0.0000
vn -1.0000 0.0003 0.0004
vn -1.0000 0.0002 0.0004
vn -0.5676 -0.7127 -0.4121
vn -1.0000 -0.0000 0.0002
vn 0.1432 0.9446 0.2953
vn 0.0339 0.9985 -0.0429
vn 0.0723 0.9949 0.0702
vn 0.0440 -0.1059 -0.9934
vn 0.0762 0.4065 0.9104
vn 0.0506 0.8888 0.4554
vn -0.0412 0.1505 0.9878
vn -0.6623 -0.6194 -0.4216
vn -0.6633 -0.6907 0.2880
vn -0.4558 -0.8893 0.0381
vn -0.0002 -0.0426 -0.9991
vn 0.0003 -0.0428 -0.9991
vn -0.0000 -0.0426 -0.9991
vn -0.0001 -0.0425 -0.9991
vn 0.0002 0.0428 0.9991
vn -0.0004 0.0425 0.9991
vn -0.0001 0.0429 0.9991
vn -0.0000 0.0428 0.9991
vn 0.1044 -0.9912 0.0813
vn 0.1810 -0.9835 -0.0042
vn 0.0300 -0.9990 -0.0329
vn 0.9117 -0.1894 0.3645
vn 0.0970 0.9925 -0.0745
vn 0.0843 0.9963 -0.0137
vn 0.2492 0.9250 0.2869
vn 0.8891 0.4200 -0.1819
vn 0.0400 0.6312 0.7746
vn 0.3068 -0.9282 -0.2105
vn -0.0017 0.5823 -0.8130
vn 0.0199 -0.0051 -0.9998
vn 0.0346 -0.0538 -0.9980
vn -0.0178 -0.4059 0.9137
vn 0.0535 -0.7815 -0.6216
vn -0.2913 0.3096 0.9051
vn -0.6275 0.0045 -0.7786
vn 0.0204 0.7187 0.6951
vn -0.0053 -0.6774 0.7356
vn 0.0051 -0.6468 0.7626
vn 0.0065 0.7367 0.6762
vn -0.0064 0.6798 -0.7334
vn 0.0023 0.6498 -0.7601
vn -0.0049 -0.9993 0.0377
vn -0.0026 -0.9993 0.0385
vn -0.0012 0.0008 -1.0000
vn 0.0070 -0.0035 -1.0000
vn 0.1208 0.9863 -0.1120
vn 0.0595 -0.0833 0.9947
vn 0.4809 0.4357 0.7608
vn 0.9434 -0.0119 0.3314
vn 0.1154 -0.7092 0.6955
vn 0.4237 0.8427 -0.3322
vn -0.1453 -0.9840 0.1035
vn -0.8288 -0.5440 0.1310
vn -0.4929 -0.5654 -0.6614
vn 0.4477 0.3533 -0.8214
vn -0.5257 0.4936 -0.6928
vn -0.2462 -0.7374 -0.6290
vn 0.7988 -0.5697 0.1935
vn -0.3793 -0.6254 0.6819
vn -0.5718 -0.2486 0.7818
vn 0.2205 0.2093 -0.9527
vn 0.7398 0.2789 -0.6122
vn -0.8460 0.5089 -0.1591
vn 0.0963 0.9617 -0.2568
vn -0.2616 0.9404 0.2175
vn 0.4273 -0.8058 -0.4099
vn -0.0309 -0.7716 0.6353
vn -0.2124 -0.4578 -0.8633
vn -0.1168 -0.9379 0.3268
vn 0.0975 0.9813 0.1660
vn -0.8325 0.5469 -0.0886
vn -0.7861 -0.2355 0.5714
vn -0.5179 0.4209 0.7447
vn 0.0935 -0.8189 0.5662
vn -0.0741 -0.6111 0.7880
vn 0.7690 -0.6235 0.1411
vn 0.1497 -0.9780 -0.1451
vn -0.1255 0.6082 0.7838
vn 0.0886 0.3633 -0.9275
vn 0.3952 -0.4161 -0.8189
vn 0.6242 0.2989 -0.7218
vn -0.4814 -0.8699 0.1073
vn -0.1327 0.8076 -0.5746
vn -0.1916 0.9806 0.0407
vn -0.8111 -0.5821 0.0566
vn 0.5195 -0.3402 0.7838
vn -0.7501 0.1632 -0.6408
vn 0.6436 0.6964 -0.3176
vn -0.0058 0.6942 -0.7197
vn -0.1805 -0.9836 -0.0057
vn -0.1082 -0.9908 0.0815
vn 0.9701 0.0103 0.2426
vn 0.9578 -0.0124 -0.2870
vn 0.0571 0.9975 -0.0425
vn -0.0971 0.9925 -0.0745
vn -0.0843 0.9963 -0.0137
vn -0.0000 -0.0428 -0.9991
vn 0.0002 -0.0426 -0.9991
vn -0.0000 -0.0427 -0.9991
vn 0.0001 -0.0428 -0.9991
vn -0.0002 0.0428 0.9991
vn 0.0001 0.0427 0.9991
vn 0.0001 0.0429 0.9991
vn -0.2548 -0.2537 0.9331
vn 0.0832 -0.9958 -0.0377
vn -0.0400 0.6312 0.7746
vn -0.2142 -0.9445 -0.2491
vn 0.0017 0.5822 -0.8130
vn -0.0199 -0.0051 -0.9998
vn -0.4539 0.4060 -0.7932
vn 0.0171 -0.4038 0.9147
vn -0.0590 -0.7823 -0.6202
vn 0.0303 0.7385 0.6735
vn -0.0065 0.7366 0.6763
vn -0.0051 -0.6468 0.7626
vn 0.0053 -0.6777 0.7354
vn 0.0064 0.6796 -0.7336
vn -0.0023 0.6498 -0.7601
vn 0.0025 -0.9993 0.0385
vn 0.0048 -0.9993 0.0377
vn 0.0012 0.0008 -1.0000
vn -0.0071 -0.0034 -1.0000
vn -0.1817 0.2260 0.9570
vn -0.9249 -0.2320 -0.3012
vn -0.9249 0.3009 -0.2323
vn -0.1113 0.0915 -0.9896
vn 0.1086 -0.6616 0.7420
vn 0.2467 0.8351 0.4917
vn -0.1456 0.8879 -0.4364
vn -0.2954 -0.6994 -0.6508
vn -0.7959 0.6009 -0.0735
vn -0.5664 0.7838 0.2546
vn -0.5517 0.6595 -0.5106
vn -0.8325 0.4303 0.3489
vn -0.8330 0.0967 0.5448
vn -0.5797 -0.2512 0.7751
vn -0.5738 0.3776 0.7267
vn -0.8325 -0.3080 0.4605
vn -0.8057 -0.5915 0.0299
vn -0.8478 -0.4741 -0.2375
vn -0.5422 -0.8007 -0.2546
vn -0.7229 -0.3579 -0.5910
vn -0.5220 -0.7075 -0.4764
vn -0.7873 0.2330 -0.5708
vn -0.8620 0.4053 -0.3045
vn -0.5459 0.0298 -0.8373
vn -0.8261 -0.1423 -0.5453
vn -0.6899 -0.4650 -0.5548
vn -0.5187 -0.2585 -0.8149
vn -0.5523 -0.7600 0.3426
vn -0.7986 -0.4846 0.3569
vn 0.2373 0.3273 -0.9146
vn 0.9249 -0.2319 -0.3013
vn 0.9249 0.3010 -0.2323
vn 0.4239 0.6048 -0.6742
vn -0.1494 -0.0490 -0.9876
vn 0.3365 -0.2866 -0.8970
vn 0.3863 -0.8665 -0.3163
vn 0.2681 -0.9590 -0.0919
vn 0.5172 -0.7855 0.3399
vn 0.2619 -0.4462 -0.8558
vn 0.2388 -0.9267 -0.2900
vn 0.7671 0.6340 -0.0975
vn 0.5585 0.7919 0.2467
vn 0.8325 0.4303 0.3490
vn 0.8329 0.0966 0.5450
vn 0.5753 0.3877 0.7203
vn 0.5778 -0.2291 0.7834
vn 0.8324 -0.3082 0.4606
vn 0.8440 -0.2685 -0.4644
vn 0.8454 0.4774 -0.2394
vn 0.5450 -0.1969 -0.8150
vn 0.8725 -0.2921 -0.3917
vn 0.7673 -0.6398 0.0449
vn 0.7986 -0.4846 0.3569
vn 0.0001 0.0017 1.0000
vn -0.0000 0.0022 1.0000
vn -0.0000 0.0017 1.0000
vn -0.0000 0.0023 1.0000
vn -0.0000 -0.1611 0.9869
vn 0.0148 -0.2731 0.9619
vn -0.3833 0.9219 -0.0563
vn 1.0000 0.0069 0.0006
vn 0.0160 0.9994 -0.0317
vn 0.0529 0.9981 0.0310
vn 0.0498 0.9972 0.0553
vn 0.0603 0.9970 0.0476
vn -0.1769 0.5479 0.8176
vn 1.0000 0.0043 0.0032
vn 0.9999 0.0098 0.0035
vn 0.9999 0.0164 0.0002
vn 0.9999 0.0050 0.0132
vn -0.9999 0.0148 -0.0069
vn -0.9999 0.0053 0.0139
vn -0.0074 -0.9777 0.2101
vn -0.0033 -0.9772 0.2123
vn -0.0410 -0.9814 0.1873
vn -0.0007 -0.9766 0.2152
vn -0.0010 -0.9765 0.2153
vn -0.0029 -0.9765 0.2153
vn 0.0014 -0.9770 0.2133
vn 0.0056 -0.9776 0.2105
vn 0.0333 -0.9808 0.1919
vn 0.0016 -0.9766 0.2150
vn 0.0007 -0.9766 0.2150
vn 0.0003 -0.9766 0.2150
vn -0.0228 0.9987 -0.0460
vn -0.0583 0.9972 0.0462
vn -0.0507 0.9971 0.0562
vn -0.0545 0.9980 0.0322
vn 0.3782 0.9236 -0.0622
vn 0.9999 0.0010 0.0112
vn -1.0000 -0.0028 -0.0009
vn -0.9998 -0.0017 0.0206
vn -0.9998 0.0079 0.0191
vn -0.9998 -0.0097 0.0182
vn -0.9998 0.0157 0.0134
vn -0.9998 -0.0159 0.0131
vn -0.9998 0.0198 0.0060
vn -0.9998 -0.0197 0.0060
vn -0.9998 0.0205 -0.0020
vn -0.9998 -0.0205 -0.0020
vn -0.9998 0.0182 -0.0097
vn -0.9998 -0.0181 -0.0100
vn -0.9998 0.0131 -0.0160
vn -0.9998 -0.0115 -0.0172
vn -0.9998 0.0060 -0.0197
vn -0.9998 -0.0023 -0.0205
vn 0.9998 0.0079 0.0191
vn 0.9998 -0.0016 0.0207
vn 0.9998 -0.0097 0.0183
vn 0.9998 -0.0160 0.0132
vn 0.9998 0.0158 0.0134
vn 0.9998 -0.0199 0.0061
vn 0.9998 0.0198 0.0061
vn 0.9998 -0.0207 -0.0019
vn 0.9998 0.0207 -0.0020
vn 0.9998 -0.0182 -0.0100
vn 0.9998 0.0182 -0.0097
vn 0.9998 -0.0116 -0.0173
vn 0.9998 0.0131 -0.0161
vn 0.9998 0.0060 -0.0199
vn 0.9998 -0.0024 -0.0207
vn 0.0055 0.9765 -0.2155
vn 0.0003 0.9763 -0.2166
vn -0.0029 0.9766 -0.2151
vn -0.0010 0.9780 -0.2086
vn 0.0127 0.9798 -0.1994
vn -0.0015 0.9780 -0.2085
vn 0.0126 0.9766 -0.2147
vn 0.0001 0.9765 -0.2155
vn 0.0019 0.9778 -0.2094
vn 0.0001 0.9776 -0.2105
vn -1.0000 -0.0092 -0.0023
vn -0.9997 -0.0215 -0.0097
vn 0.9997 -0.0226 -0.0090
vn 0.0081 -0.1206 -0.9927
vn 0.0015 -0.1225 -0.9925
vn 0.0757 -0.9567 0.2812
vn 0.0647 -0.9132 0.4023
vn -0.1694 -0.4665 0.8681
vn -0.3024 -0.4242 0.8535
vn -0.1198 -0.9871 0.1067
vn -0.0292 -0.9945 0.1003
vn -0.0159 -0.9959 0.0895
vn 0.9999 -0.0101 0.0015
vn -0.0246 -0.9453 0.3252
vn 0.0112 -0.9950 0.0996
vn 0.0104 -0.9948 0.1016
vn 0.0041 -0.9945 0.1044
vn 0.0041 -0.9963 0.0859
vn -0.9999 -0.0101 0.0028
vn 1.0000 0.0001 0.0001
vn 1.0000 0.0002 -0.0000
vn 0.9859 -0.0657 -0.1542
vn 0.1861 -0.0384 0.9818
vn -0.0054 -0.0068 -1.0000
vn -0.0077 -0.0129 -0.9999
vn -0.0005 -0.0797 -0.9968
vn -0.2663 -0.9637 -0.0179
vn -0.1043 -0.9945 -0.0045
vn -0.0000 -1.0000 -0.0000
vn 0.9958 0.0647 0.0644
vn 0.9958 -0.0145 0.0900
vn 0.9958 -0.0758 0.0507
vn 0.9958 -0.0897 -0.0178
vn 0.9958 0.0896 -0.0180
vn 0.9958 -0.0481 -0.0775
vn 0.9958 0.0348 -0.0842
vn -0.1102 -0.0112 0.9938
vn -0.1714 0.0322 0.9847
vn 0.9993 -0.0344 0.0143
vn 0.0055 -0.0079 -1.0000
vn 0.0152 -0.0049 -0.9999
vn 0.0085 -0.0131 -0.9999
vn 0.0044 -0.0391 -0.9992
vn 0.0097 -1.0000 -0.0000
vn 0.0013 -1.0000 -0.0008
vn 0.1615 -0.9868 0.0077
vn -0.9958 -0.0145 0.0900
vn -0.9958 0.0647 0.0643
vn -0.9958 -0.0759 0.0507
vn -0.9958 0.0896 -0.0180
vn -0.9958 -0.0896 -0.0178
vn -0.9958 0.0348 -0.0842
vn -0.9958 -0.0479 -0.0775
vn 1.0000 -0.0042 -0.0021
vn 0.9989 -0.0045 -0.0456
vn -1.0000 -0.0063 -0.0032
vn -0.9995 -0.0028 -0.0319
vt 0.903019 0.743053
vt 0.906845 0.750394
vt 0.911577 0.744462
vt 0.280628 0.033542
vt 0.274679 0.029150
vt 0.267257 0.025513
vt 0.709690 0.691163
vt 0.696803 0.724157
vt 0.698942 0.727013
vt 0.998131 0.849037
vt 0.990588 0.843391
vt 0.993890 0.851779
vt 0.217342 0.042138
vt 0.276988 0.042413
vt 0.604768 0.142785
vt 0.634424 0.141974
vt 0.605616 0.134378
vt 0.015398 0.420633
vt 0.001655 0.433828
vt 0.030219 0.432146
vt 0.031824 0.494691
vt 0.026770 0.498038
vt 0.025661 0.664909
vt 0.040812 0.625080
vt 0.039525 0.619363
vt 0.043602 0.628273
vt 0.026056 0.506708
vt 0.025835 0.500539
vt 0.653192 0.175438
vt 0.659276 0.184792
vt 0.679093 0.167235
vt 0.990156 0.801624
vt 0.991809 0.808404
vt 0.991039 0.794385
vt 0.470102 0.243689
vt 0.462120 0.246228
vt 0.485036 0.254308
vt 0.093726 0.711976
vt 0.080512 0.701523
vt 0.084350 0.728364
vt 0.486483 0.234304
vt 0.496944 0.247511
vt 0.501462 0.250882
vt 0.535584 0.260232
vt 0.074259 0.137542
vt 0.108226 0.148949
vt 0.081582 0.136049
vt 0.466705 0.118749
vt 0.474025 0.120256
vt 0.500964 0.107408
vt 0.337145 0.135965
vt 0.329266 0.134787
vt 0.264579 0.148883
vt 0.628020 0.133377
vt 0.729017 0.964452
vt 0.691341 0.857935
vt 0.679358 0.942490
vt 0.012458 0.639841
vt 0.014065 0.656546
vt 0.237972 0.734548
vt 0.252476 0.768259
vt 0.254461 0.756444
vt 0.751553 0.558612
vt 0.739584 0.674085
vt 0.748715 0.696162
vt 0.739166 0.684806
vt 0.735289 0.689639
vt 0.740613 0.678853
vt 0.711935 0.679344
vt 0.716126 0.681780
vt 0.715391 0.676568
vt 0.845196 0.469114
vt 0.853941 0.453527
vt 0.850115 0.448634
vt 0.848746 0.442661
vt 0.843338 0.439844
vt 0.877515 0.442465
vt 0.874170 0.440854
vt 0.873283 0.445977
vt 0.871236 0.458277
vt 0.865762 0.455819
vt 0.859326 0.456098
vt 0.870721 0.450388
vt 0.849838 0.437922
vt 0.253756 0.664881
vt 0.251777 0.608769
vt 0.251777 0.666432
vt 0.105393 0.622841
vt 0.063382 0.621618
vt 0.080096 0.693710
vt 0.951790 0.748513
vt 0.953764 0.750046
vt 0.953758 0.692350
vt 0.005918 0.919938
vt 0.001610 0.938076
vt 0.005954 0.937363
vt 0.716657 0.054885
vt 0.724307 0.058869
vt 0.719869 0.051135
vt 0.294524 0.535599
vt 0.295258 0.539395
vt 0.300479 0.532657
vt 0.300812 0.543560
vt 0.294578 0.543489
vt 0.276408 0.548736
vt 0.279542 0.547882
vt 0.276908 0.544930
vt 0.272023 0.548851
vt 0.272546 0.532749
vt 0.968834 0.811717
vt 0.972185 0.803260
vt 0.964489 0.812456
vt 0.677404 0.598441
vt 0.674507 0.602014
vt 0.684808 0.602042
vt 0.909970 0.923115
vt 0.902236 0.918418
vt 0.902363 0.926119
vt 0.910975 0.971399
vt 0.906701 0.967645
vt 0.907639 0.972763
vt 0.018416 0.707499
vt 0.006896 0.711235
vt 0.010685 0.719075
vt 0.016894 0.726833
vt 0.026890 0.723711
vt 0.018993 0.724763
vt 0.006708 0.731927
vt 0.010418 0.731902
vt 0.012619 0.727054
vt 0.880700 0.865817
vt 0.883792 0.871062
vt 0.888573 0.865817
vt 0.948878 0.871068
vt 0.944100 0.875090
vt 0.947232 0.877066
vt 0.944100 0.865817
vt 0.916291 0.852543
vt 0.918794 0.856936
vt 0.923801 0.856936
vt 0.668050 0.512946
vt 0.673452 0.516758
vt 0.670638 0.511809
vt 0.675812 0.514481
vt 0.680081 0.516933
vt 0.665351 0.505976
vt 0.668108 0.506607
vt 0.667347 0.498770
vt 0.669180 0.500923
vt 0.670573 0.495298
vt 0.672095 0.497602
vt 0.951973 0.865817
vt 0.479426 0.948076
vt 0.459068 0.948037
vt 0.461289 0.952386
vt 0.887332 0.062772
vt 0.882747 0.055691
vt 0.864261 0.070179
vt 0.828695 0.763522
vt 0.822740 0.760579
vt 0.827961 0.767318
vt 0.822407 0.771483
vt 0.828641 0.771411
vt 0.846811 0.776657
vt 0.846311 0.772852
vt 0.843677 0.775804
vt 0.851196 0.776772
vt 0.850672 0.760670
vt 0.971070 0.650783
vt 0.962393 0.649363
vt 0.977625 0.665780
vt 0.675502 0.769984
vt 0.682318 0.766144
vt 0.672549 0.766761
vt 0.924068 0.923114
vt 0.931673 0.926119
vt 0.931800 0.918418
vt 0.923060 0.971399
vt 0.926400 0.972765
vt 0.927334 0.967631
vt 0.016897 0.773498
vt 0.018990 0.775567
vt 0.026890 0.776619
vt 0.006708 0.768404
vt 0.012610 0.773272
vt 0.010420 0.768431
vt 0.880700 0.891784
vt 0.888573 0.891783
vt 0.884370 0.884874
vt 0.948303 0.884874
vt 0.944100 0.882511
vt 0.944100 0.891783
vt 0.436233 0.806055
vt 0.433729 0.801661
vt 0.428723 0.801661
vt 0.888573 0.882511
vt 0.885441 0.877066
vt 0.686410 0.512951
vt 0.683823 0.511812
vt 0.689010 0.507924
vt 0.686357 0.506612
vt 0.683892 0.495298
vt 0.682370 0.497602
vt 0.686072 0.497197
vt 0.951973 0.891784
vt 0.649341 0.921805
vt 0.646094 0.922676
vt 0.647946 0.924146
vt 0.645099 0.926485
vt 0.643574 0.924886
vt 0.644018 0.933124
vt 0.647347 0.935348
vt 0.646233 0.932548
vt 0.648877 0.933544
vt 0.651953 0.935047
vt 0.652403 0.932471
vt 0.655425 0.931998
vt 0.212208 0.992246
vt 0.206751 0.993701
vt 0.212626 0.997532
vt 0.217668 0.993702
vt 0.869997 0.973586
vt 0.870397 0.970691
vt 0.868025 0.972051
vt 0.872921 0.979106
vt 0.872533 0.981632
vt 0.875909 0.979984
vt 0.868955 0.976973
vt 0.866461 0.977130
vt 0.867662 0.979593
vt 0.874472 0.974044
vt 0.877542 0.976073
vt 0.876346 0.972518
vt 0.874806 0.977569
vt 0.870497 0.978861
vt 0.869826 0.981265
vt 0.952215 0.995598
vt 0.952860 0.998010
vt 0.955037 0.996355
vt 0.948270 0.990753
vt 0.948625 0.987660
vt 0.945792 0.990127
vt 0.948689 0.995237
vt 0.945772 0.995407
vt 0.947574 0.997473
vt 0.953536 0.991296
vt 0.955672 0.990165
vt 0.952863 0.987678
vt 0.950418 0.989616
vt 0.947551 0.993081
vt 0.945075 0.992763
vt 0.812194 0.310273
vt 0.824041 0.188799
vt 0.793977 0.313650
vt 0.863334 0.093501
vt 0.884703 0.250671
vt 0.889021 0.091846
vt 0.809643 0.188865
vt 0.845898 0.101388
vt 0.833225 0.101218
vt 0.827360 0.309406
vt 0.851107 0.254809
vt 0.833450 0.201223
vt 0.869364 0.254185
vt 0.859242 0.259994
vt 0.810903 0.399234
vt 0.818372 0.308869
vt 0.850867 0.098124
vt 0.845564 0.098266
vt 0.839120 0.318074
vt 0.825862 0.526625
vt 0.855299 0.282007
vt 0.817662 0.514860
vt 0.869321 0.261167
vt 0.865446 0.430893
vt 0.864852 0.269199
vt 0.856795 0.431422
vt 0.645907 0.906072
vt 0.645948 0.848282
vt 0.636286 0.850686
vt 0.635291 0.903806
vt 0.880730 0.263519
vt 0.809009 0.560569
vt 0.882961 0.449476
vt 0.875094 0.268705
vt 0.900791 0.306547
vt 0.902944 0.529135
vt 0.217858 0.126213
vt 0.093182 0.128136
vt 0.870199 0.270050
vt 0.870341 0.433094
vt 0.873043 0.436589
vt 0.709494 0.477203
vt 0.716887 0.493740
vt 0.722857 0.489054
vt 0.815940 0.099287
vt 0.804847 0.410349
vt 0.850574 0.093865
vt 0.442177 0.823472
vt 0.559428 0.821454
vt 0.442178 0.810954
vt 0.594175 0.858702
vt 0.440119 0.840332
vt 0.436184 0.862564
vt 0.014747 0.788946
vt 0.001605 0.780807
vt 0.002269 0.794588
vt 0.811393 0.977968
vt 0.822119 0.989926
vt 0.821356 0.983877
vt 0.325884 0.847621
vt 0.329916 0.854843
vt 0.561063 0.942717
vt 0.565989 0.930623
vt 0.457294 0.917967
vt 0.454163 0.927748
vt 0.580308 0.915174
vt 0.461904 0.907189
vt 0.432047 0.916625
vt 0.423867 0.930521
vt 0.311496 0.800576
vt 0.417501 0.921428
vt 0.393381 0.945715
vt 0.392502 0.935242
vt 0.824645 0.818421
vt 0.816238 0.828339
vt 0.827592 0.827298
vt 0.450010 0.830594
vt 0.275378 0.834143
vt 0.366287 0.948872
vt 0.365466 0.941409
vt 0.339856 0.963093
vt 0.298610 0.807612
vt 0.275515 0.858003
vt 0.277379 0.848931
vt 0.011333 0.836301
vt 0.170882 0.804332
vt 0.008911 0.866696
vt 0.235963 0.977233
vt 0.237432 0.968088
vt 0.125601 0.978350
vt 0.149695 0.987464
vt 0.219678 0.987860
vt 0.120726 0.996972
vt 0.304232 0.939468
vt 0.364812 0.902973
vt 0.186790 0.931067
vt 0.154135 0.957607
vt 0.379493 0.919682
vt 0.424123 0.904075
vt 0.448312 0.884312
vt 0.414924 0.880185
vt 0.809292 0.843783
vt 0.795101 0.865670
vt 0.797687 0.901100
vt 0.613512 0.898545
vt 0.156402 0.791781
vt 0.151159 0.784814
vt 0.801702 0.946389
vt 0.832846 0.971595
vt 0.835206 0.897063
vt 0.011256 0.925411
vt 0.010204 0.964063
vt 0.805552 0.904564
vt 0.005107 0.808143
vt 0.036218 0.988194
vt 0.009288 0.981977
vt 0.008290 0.996542
vt 0.365966 0.884071
vt 0.010685 0.895947
vt 0.325507 0.861137
vt 0.791536 0.901359
vt 0.521081 0.867212
vt 0.277183 0.857144
vt 0.326055 0.853038
vt 0.277485 0.854896
vt 0.277684 0.852706
vt 0.325543 0.854425
vt 0.325394 0.856161
vt 0.279413 0.857385
vt 0.323869 0.857588
vt 0.279393 0.851034
vt 0.323735 0.852227
vt 0.771702 0.424355
vt 0.780225 0.547441
vt 0.796419 0.545678
vt 0.735705 0.328324
vt 0.708937 0.326154
vt 0.785176 0.420212
vt 0.764325 0.337000
vt 0.751846 0.336838
vt 0.774065 0.545610
vt 0.762125 0.448754
vt 0.766524 0.553061
vt 0.746950 0.333427
vt 0.742169 0.512216
vt 0.731953 0.491485
vt 0.782572 0.636988
vt 0.752253 0.333723
vt 0.215783 0.149448
vt 0.724522 0.495801
vt 0.797652 0.642752
vt 0.778460 0.796865
vt 0.785177 0.647260
vt 0.765995 0.779920
vt 0.736043 0.501356
vt 0.718893 0.502834
vt 0.692139 0.551826
vt 0.709250 0.510045
vt 0.702303 0.672613
vt 0.722268 0.505624
vt 0.729866 0.505408
vt 0.719265 0.668723
vt 0.724166 0.666590
vt 0.716570 0.672228
vt 0.732519 0.667333
vt 0.757085 0.802777
vt 0.781890 0.335505
vt 0.485609 0.128190
vt 0.610288 0.130345
vt 0.783005 0.788881
vt 0.786775 0.644336
vt 0.747352 0.329191
vt 0.059306 0.144114
vt 0.001598 0.145116
vt 0.001644 0.147760
vt 0.924820 0.811990
vt 0.955940 0.814788
vt 0.958172 0.755415
vt 0.886103 0.819608
vt 0.894478 0.756734
vt 0.862098 0.758825
vt 0.866672 0.815882
vt 0.924683 0.755605
vt 0.897553 0.811524
vt 0.146182 0.736358
vt 0.136120 0.599670
vt 0.135253 0.720954
vt 0.148034 0.608181
vt 0.103689 0.175453
vt 0.109332 0.162976
vt 0.095550 0.162311
vt 0.840623 0.991175
vt 0.847399 0.984454
vt 0.125445 0.601135
vt 0.125341 0.717592
vt 0.861029 0.963024
vt 0.856000 0.960895
vt 0.862923 0.906068
vt 0.156812 0.596479
vt 0.163475 0.487334
vt 0.151201 0.491381
vt 0.178908 0.598634
vt 0.173971 0.488260
vt 0.256765 0.722365
vt 0.242274 0.615034
vt 0.234676 0.616673
vt 0.245595 0.727811
vt 0.226951 0.619084
vt 0.231186 0.592847
vt 0.245117 0.584675
vt 0.115299 0.472163
vt 0.236019 0.578285
vt 0.260353 0.554165
vt 0.249875 0.553277
vt 0.846956 0.811981
vt 0.846029 0.820537
vt 0.855614 0.825178
vt 0.263530 0.527060
vt 0.256064 0.526234
vt 0.277772 0.500631
vt 0.122327 0.459243
vt 0.163392 0.438159
vt 0.132081 0.319369
vt 0.172751 0.436057
vt 0.151048 0.172044
vt 0.119072 0.331613
vt 0.181484 0.169472
vt 0.291968 0.396723
vt 0.282813 0.398183
vt 0.302222 0.310432
vt 0.293107 0.286337
vt 0.302603 0.380437
vt 0.311736 0.281459
vt 0.254169 0.464960
vt 0.245808 0.347537
vt 0.212371 0.526530
vt 0.272355 0.314880
vt 0.234327 0.540250
vt 0.219299 0.581236
vt 0.194749 0.575608
vt 0.199934 0.608128
vt 0.862378 0.845175
vt 0.870961 0.903017
vt 0.875402 0.867770
vt 0.216675 0.763205
vt 0.186287 0.685151
vt 0.216051 0.621694
vt 0.106516 0.317119
vt 0.099549 0.311875
vt 0.278816 0.170914
vt 0.240174 0.171967
vt 0.851752 0.837310
vt 0.122890 0.165811
vt 0.302955 0.196931
vt 0.296735 0.169994
vt 0.311301 0.168992
vt 0.209140 0.171776
vt 0.189692 0.525250
vt 0.877091 0.903587
vt 0.172803 0.743432
vt 0.171813 0.437956
vt 0.174191 0.485271
vt 0.167710 0.486697
vt 0.169580 0.438263
vt 0.167404 0.438463
vt 0.169096 0.486190
vt 0.170823 0.486042
vt 0.172064 0.440179
vt 0.172248 0.484528
vt 0.165741 0.440161
vt 0.908977 0.079123
vt 0.939984 0.079337
vt 0.916567 0.080154
vt 0.905339 0.081934
vt 0.166911 0.484394
vt 0.897179 0.111503
vt 0.895809 0.070559
vt 0.887913 0.068122
vt 0.926717 0.176225
vt 0.955285 0.088567
vt 0.910590 0.076733
vt 0.891499 0.070539
vt 0.899880 0.146969
vt 0.829176 0.673347
vt 0.813749 0.690813
vt 0.817795 0.751616
vt 0.798872 0.751201
vt 0.844461 0.751338
vt 0.695111 0.199650
vt 0.695516 0.309120
vt 0.708910 0.198785
vt 0.680712 0.126956
vt 0.655187 0.139463
vt 0.667670 0.135591
vt 0.810530 0.632781
vt 0.809074 0.660140
vt 0.446253 0.137395
vt 0.346736 0.139123
vt 0.446425 0.145784
vt 0.587262 0.831999
vt 0.553879 0.829406
vt 0.856416 0.749977
vt 0.892912 0.531964
vt 0.455755 0.145595
vt 0.455834 0.137202
vt 0.906009 0.661022
vt 0.895850 0.661248
vt 0.907574 0.710289
vt 0.888242 0.652505
vt 0.887908 0.636627
vt 0.895286 0.636477
vt 0.895654 0.652342
vt 0.620476 0.912466
vt 0.889581 0.740890
vt 0.898392 0.739475
vt 0.623871 0.919638
vt 0.909244 0.734467
vt 0.621891 0.924887
vt 0.616432 0.930569
vt 0.573350 0.923753
vt 0.804617 0.552453
vt 0.602945 0.883885
vt 0.598543 0.873362
vt 0.589987 0.843600
vt 0.748176 0.893159
vt 0.766865 0.936516
vt 0.779491 0.949405
vt 0.776920 0.897415
vt 0.775509 0.998362
vt 0.788333 0.998148
vt 0.748295 0.997580
vt 0.710058 0.310482
vt 0.701793 0.322719
vt 0.709769 0.322971
vt 0.254712 0.022238
vt 0.729904 0.692137
vt 0.799254 0.659451
vt 0.788615 0.749699
vt 0.730582 0.995707
vt 0.702127 0.988675
vt 0.231445 0.020695
vt 0.699880 0.730526
vt 0.695958 0.849994
vt 0.220961 0.029364
vt 0.676522 0.967383
vt 0.232001 0.770186
vt 0.230208 0.739387
vt 0.225336 0.767865
vt 0.692421 0.987926
vt 0.673937 0.977781
vt 0.683312 0.991517
vt 0.241473 0.769576
vt 0.776012 0.868857
vt 0.198624 0.752719
vt 0.157739 0.739060
vt 0.187266 0.747855
vt 0.686906 0.720609
vt 0.700174 0.187389
vt 0.707964 0.186793
vt 0.786753 0.896682
vt 0.798604 0.996565
vt 0.779413 0.862530
vt 0.807043 0.626389
vt 0.586372 0.821685
vt 0.136189 0.735585
vt 0.594991 0.134577
vt 0.595149 0.142967
vt 0.557575 0.143676
vt 0.559790 0.135367
vt 0.581862 0.134825
vt 0.564602 0.143543
vt 0.584362 0.143170
vt 0.557211 0.811287
vt 0.872830 0.942816
vt 0.856744 0.817529
vt 0.868208 0.836475
vt 0.853095 0.988760
vt 0.841059 0.997362
vt 0.823803 0.997128
vt 0.793733 0.940739
vt 0.816373 0.816468
vt 0.803928 0.834791
vt 0.827264 0.811261
vt 0.811028 0.987653
vt 0.439204 0.252741
vt 0.424548 0.252967
vt 0.447381 0.268538
vt 0.054030 0.746646
vt 0.050623 0.672137
vt 0.043153 0.677163
vt 0.047091 0.748260
vt 0.998322 0.904555
vt 0.995989 0.906133
vt 0.998071 0.924813
vt 0.998133 0.823316
vt 0.990644 0.826636
vt 0.061121 0.654307
vt 0.057843 0.667700
vt 0.058719 0.676484
vt 0.064741 0.670280
vt 0.993518 0.922397
vt 0.995677 0.860806
vt 0.027768 0.687981
vt 0.991559 0.926876
vt 0.987157 0.931407
vt 0.993398 0.931352
vt 0.036781 0.753687
vt 0.036502 0.756294
vt 0.047339 0.751971
vt 0.319140 0.299683
vt 0.442647 0.292045
vt 0.329493 0.291273
vt 0.435482 0.303221
vt 0.344735 0.276288
vt 0.341462 0.278068
vt 0.425059 0.278522
vt 0.433869 0.286341
vt 0.346395 0.271811
vt 0.407875 0.255553
vt 0.352417 0.265961
vt 0.362460 0.258841
vt 0.336907 0.285055
vt 0.314670 0.304500
vt 0.313813 0.308582
vt 0.437267 0.309839
vt 0.069132 0.725175
vt 0.058240 0.743023
vt 0.344533 0.271820
vt 0.341442 0.271862
vt 0.446692 0.346783
vt 0.347540 0.346258
vt 0.408399 0.360293
vt 0.662724 0.493657
vt 0.675702 0.399795
vt 0.674421 0.377023
vt 0.657331 0.493266
vt 0.662054 0.532555
vt 0.649699 0.538273
vt 0.685617 0.354089
vt 0.684307 0.375542
vt 0.197784 0.061806
vt 0.209321 0.058028
vt 0.207444 0.049067
vt 0.215632 0.050058
vt 0.216548 0.056811
vt 0.214407 0.063538
vt 0.175285 0.056676
vt 0.679469 0.385891
vt 0.658935 0.556161
vt 0.674079 0.559121
vt 0.665740 0.546900
vt 0.276774 0.045818
vt 0.319261 0.317406
vt 0.328890 0.325044
vt 0.451871 0.325672
vt 0.441573 0.318421
vt 0.450379 0.329793
vt 0.448571 0.337297
vt 0.345031 0.338821
vt 0.363131 0.357746
vt 0.425158 0.362596
vt 0.439738 0.362554
vt 0.353523 0.351247
vt 0.337050 0.331812
vt 0.341942 0.338824
vt 0.345602 0.342456
vt 0.314727 0.312651
vt 0.272725 0.052695
vt 0.258976 0.062423
vt 0.280109 0.042451
vt 0.281899 0.033625
vt 0.275810 0.048909
vt 0.341945 0.344925
vt 0.345028 0.344922
vt 0.910068 0.381726
vt 0.909321 0.384707
vt 0.915646 0.385621
vt 0.941142 0.832522
vt 0.952178 0.831632
vt 0.912758 0.829374
vt 0.909387 0.817809
vt 0.927479 0.829189
vt 0.871050 0.832502
vt 0.874911 0.847009
vt 0.886468 0.843969
vt 0.882654 0.830769
vt 0.940814 0.254030
vt 0.948653 0.254636
vt 0.948428 0.246680
vt 0.939911 0.245561
vt 0.950279 0.381831
vt 0.942076 0.385694
vt 0.950270 0.385607
vt 0.940864 0.381802
vt 0.931123 0.381907
vt 0.927360 0.385709
vt 0.934643 0.385706
vt 0.921691 0.381790
vt 0.895674 0.831246
vt 0.920279 0.842202
vt 0.935235 0.844173
vt 0.904532 0.841901
vt 0.948110 0.847697
vt 0.921733 0.385730
vt 0.957030 0.384479
vt 0.956105 0.381310
vt 0.953701 0.250309
vt 0.906073 0.254251
vt 0.916128 0.255475
vt 0.913480 0.247676
vt 0.904386 0.248794
vt 0.932468 0.254090
vt 0.930912 0.245445
vt 0.924192 0.254435
vt 0.921997 0.246182
vt 0.091823 0.131711
vt 0.087777 0.135805
vt 0.025998 0.045874
vt 0.012292 0.045689
vt 0.012635 0.129521
vt 0.027075 0.128951
vt 0.943674 0.235921
vt 0.936005 0.235408
vt 0.916202 0.237356
vt 0.039946 0.046048
vt 0.040179 0.128723
vt 0.053800 0.046217
vt 0.053584 0.128688
vt 0.906735 0.240034
vt 0.084284 0.046404
vt 0.074293 0.046429
vt 0.082913 0.129612
vt 0.068010 0.128863
vt 0.925923 0.235910
vt 0.958191 0.240303
vt 0.951185 0.237504
vt 0.900229 0.243319
vt 0.064121 0.046338
vt 0.004778 0.134598
vt 0.014021 0.133879
vt 0.027002 0.133406
vt 0.040182 0.133194
vt 0.063187 0.133204
vt 0.072835 0.133434
vt 0.053387 0.133148
vt 0.082070 0.134086
vt 0.877465 0.852839
vt 0.885602 0.850438
vt 0.896626 0.848788
vt 0.908008 0.848395
vt 0.928581 0.849718
vt 0.937130 0.851280
vt 0.919713 0.848942
vt 0.945429 0.853772
vt 0.093699 0.470366
vt 0.054907 0.428054
vt 0.065163 0.480048
vt 0.044161 0.423647
vt 0.038942 0.492332
vt 0.002069 0.420351
vt 0.030893 0.418040
vt 0.055274 0.414185
vt 0.068375 0.413694
vt 0.082537 0.420628
vt 0.016714 0.408905
vt 0.002629 0.405905
vt 0.043327 0.405917
vt 0.029249 0.408112
vt 0.077371 0.406476
vt 0.072644 0.394041
vt 0.061850 0.401229
vt 0.064149 0.396984
vt 0.052769 0.400082
vt 0.044059 0.401971
vt 0.035079 0.403498
vt 0.023123 0.404990
vt 0.011503 0.405741
vt 0.011626 0.528044
vt 0.058791 0.634656
vt 0.055462 0.630847
vt 0.998389 0.807518
vt 0.176697 0.059661
vt 0.179988 0.061566
vt 0.985897 0.791137
vt 0.993754 0.789369
vt 0.985033 0.786329
vt 0.580101 0.325221
vt 0.599838 0.324302
vt 0.571544 0.324153
vt 0.634173 0.324015
vt 0.634173 0.312230
vt 0.960646 0.579357
vt 0.968608 0.580941
vt 0.970936 0.527364
vt 0.955824 0.527363
vt 0.981320 0.584040
vt 0.980671 0.527364
vt 0.634159 0.291014
vt 0.606957 0.284161
vt 0.575109 0.282962
vt 0.634172 0.284340
vt 0.952812 0.578565
vt 0.997270 0.586390
vt 0.998292 0.553570
vt 0.990158 0.527363
vt 0.998429 0.527362
vt 0.946984 0.578921
vt 0.943168 0.561439
vt 0.944059 0.581062
vt 0.942923 0.527362
vt 0.664016 0.186849
vt 0.668230 0.183869
vt 0.675090 0.182663
vt 0.694254 0.193378
vt 0.681645 0.184985
vt 0.686095 0.189987
vt 0.634173 0.300201
vt 0.650205 0.187327
vt 0.657523 0.186872
vt 0.565087 0.268574
vt 0.572412 0.276924
vt 0.573445 0.267876
vt 0.661914 0.191093
vt 0.661498 0.198303
vt 0.657893 0.194535
vt 0.574650 0.280143
vt 0.450414 0.280957
vt 0.456937 0.268778
vt 0.450906 0.275305
vt 0.450812 0.298258
vt 0.455900 0.324213
vt 0.993732 0.665456
vt 0.984454 0.676392
vt 0.985275 0.667763
vt 0.442235 0.253586
vt 0.444347 0.255977
vt 0.994280 0.802270
vt 0.442661 0.361652
vt 0.444591 0.359229
vt 0.684801 0.327264
vt 0.678571 0.334450
vt 0.687174 0.348699
vt 0.170754 0.029133
vt 0.686745 0.321297
vt 0.449522 0.269317
vt 0.677286 0.350311
vt 0.989792 0.822444
vt 0.001700 0.045446
vt 0.687583 0.195226
vt 0.687530 0.199856
vt 0.686963 0.313879
vt 0.096108 0.704548
vt 0.800561 0.405663
vt 0.111737 0.517779
vt 0.053152 0.517704
vt 0.054657 0.543660
vt 0.108761 0.548833
vt 0.056249 0.549799
vt 0.107218 0.565697
vt 0.433551 0.246011
vt 0.421938 0.245657
vt 0.434753 0.248091
vt 0.081814 0.736352
vt 0.073464 0.711318
vt 0.061466 0.613159
vt 0.111737 0.566132
vt 0.077890 0.699965
vt 0.077136 0.697006
vt 0.069569 0.678730
vt 0.691888 0.998427
vt 0.699506 0.994668
vt 0.691304 0.994670
vt 0.699468 0.998425
vt 0.674075 0.998426
vt 0.681474 0.998424
vt 0.681794 0.994667
vt 0.674072 0.994669
vt 0.583427 0.221762
vt 0.576531 0.264564
vt 0.585716 0.266416
vt 0.493910 0.231917
vt 0.680664 0.216171
vt 0.649560 0.219149
vt 0.654918 0.273344
vt 0.682155 0.274822
vt 0.632745 0.220705
vt 0.648524 0.271679
vt 0.628238 0.043440
vt 0.590874 0.087520
vt 0.591801 0.088217
vt 0.669037 0.868336
vt 0.665279 0.863758
vt 0.665281 0.871849
vt 0.669037 0.875523
vt 0.665277 0.879279
vt 0.669035 0.879242
vt 0.669036 0.853844
vt 0.665279 0.853788
vt 0.669034 0.859659
vt 0.577693 0.151407
vt 0.586556 0.156529
vt 0.603365 0.156531
vt 0.612229 0.151407
vt 0.467322 0.995124
vt 0.367444 0.960290
vt 0.367375 0.995701
vt 0.590648 0.991066
vt 0.590341 0.966985
vt 0.563211 0.966369
vt 0.562730 0.991120
vt 0.667453 0.158289
vt 0.667453 0.153750
vt 0.659358 0.153776
vt 0.659227 0.158316
vt 0.612230 0.153762
vt 0.606128 0.158306
vt 0.616769 0.158303
vt 0.616685 0.153763
vt 0.468372 0.998065
vt 0.476640 0.994540
vt 0.475985 0.990962
vt 0.417817 0.998425
vt 0.567191 0.994351
vt 0.585602 0.994208
vt 0.476120 0.964983
vt 0.467926 0.961408
vt 0.592703 0.994075
vt 0.367340 0.998135
vt 0.618537 0.990493
vt 0.616313 0.988639
vt 0.558831 0.994533
vt 0.583793 0.158305
vt 0.577692 0.153762
vt 0.476079 0.961365
vt 0.522468 0.158289
vt 0.530706 0.158315
vt 0.530535 0.153775
vt 0.522468 0.153749
vt 0.573164 0.153763
vt 0.573238 0.158303
vt 0.567537 0.963064
vt 0.586002 0.963657
vt 0.593152 0.963995
vt 0.367259 0.957746
vt 0.418851 0.957462
vt 0.616499 0.969841
vt 0.618479 0.967854
vt 0.559126 0.962709
vt 0.394109 0.108395
vt 0.394058 0.111039
vt 0.451764 0.112149
vt 0.480220 0.120511
vt 0.484257 0.124683
vt 0.314998 0.135835
vt 0.234135 0.137012
vt 0.626450 0.119574
vt 0.707433 0.120904
vt 0.654913 0.107722
vt 0.894937 0.941585
vt 0.894989 0.958025
vt 0.896452 0.958026
vt 0.896399 0.941582
vt 0.608197 0.107107
vt 0.320735 0.134592
vt 0.713176 0.122158
vt 0.723288 0.121562
vt 0.739185 0.117675
vt 0.796113 0.110377
vt 0.795847 0.118927
vt 0.001603 0.532194
vt 0.681827 0.860773
vt 0.170726 0.020686
vt 0.004668 0.640592
vt 0.006278 0.657296
vt 0.014954 0.665948
vt 0.674960 0.131603
vt 0.253601 0.776926
vt 0.261453 0.748565
vt 0.257659 0.750381
vt 0.245131 0.784020
vt 0.592689 0.941557
vt 0.602943 0.934873
vt 0.588854 0.943902
vt 0.255514 0.781964
vt 0.253052 0.789142
vt 0.600825 0.939459
vt 0.610332 0.939485
vt 0.623938 0.946396
vt 0.626601 0.940883
vt 0.622397 0.932858
vt 0.617150 0.941353
vt 0.258990 0.786826
vt 0.587007 0.947635
vt 0.287172 0.029025
vt 0.724053 0.692367
vt 0.715694 0.687595
vt 0.719502 0.687302
vt 0.267157 0.564598
vt 0.259284 0.563570
vt 0.256519 0.574478
vt 0.264749 0.556281
vt 0.294073 0.571446
vt 0.290922 0.570011
vt 0.291660 0.575552
vt 0.293890 0.569162
vt 0.298676 0.568830
vt 0.296287 0.566293
vt 0.300401 0.562264
vt 0.296258 0.562003
vt 0.298631 0.556852
vt 0.292939 0.557568
vt 0.287090 0.549720
vt 0.285590 0.555346
vt 0.277681 0.557671
vt 0.273718 0.553007
vt 0.272966 0.563171
vt 0.270358 0.570331
vt 0.264271 0.575927
vt 0.269743 0.575646
vt 0.295814 0.573716
vt 0.297366 0.572078
vt 0.300244 0.565344
vt 0.294203 0.552013
vt 0.278730 0.550748
vt 0.736838 0.670094
vt 0.636008 0.935246
vt 0.625313 0.925436
vt 0.628143 0.936313
vt 0.633654 0.943571
vt 0.663138 0.928459
vt 0.660772 0.924309
vt 0.659956 0.929852
vt 0.662923 0.930748
vt 0.667719 0.931138
vt 0.665300 0.933647
vt 0.669379 0.937732
vt 0.665227 0.937952
vt 0.667555 0.943134
vt 0.661864 0.942366
vt 0.655935 0.950161
vt 0.654491 0.944522
vt 0.646579 0.942149
vt 0.642614 0.946791
vt 0.641832 0.936671
vt 0.639185 0.929533
vt 0.633050 0.923937
vt 0.638522 0.924180
vt 0.664912 0.926205
vt 0.666448 0.927870
vt 0.669251 0.934634
vt 0.663078 0.947937
vt 0.647591 0.949061
vt 0.852636 0.434007
vt 0.860310 0.807229
vt 0.851727 0.797218
vt 0.852229 0.804068
vt 0.602551 0.018706
vt 0.609388 0.019285
vt 0.599483 0.010617
vt 0.632305 0.216186
vt 0.574489 0.222699
vt 0.422093 0.244481
vt 0.897730 0.937762
vt 0.899436 0.937657
vt 0.899435 0.961688
vt 0.897730 0.961584
vt 0.082080 0.764884
vt 0.080272 0.764912
vt 0.803290 0.407166
vt 0.603260 0.216344
vt 0.606032 0.216298
vt 0.583884 0.216172
vt 0.586656 0.216217
vt 0.944151 0.750999
vt 0.944325 0.692353
vt 0.504755 0.247921
vt 0.784082 0.815916
vt 0.829270 0.780098
vt 0.827904 0.778009
vt 0.782555 0.814150
vt 0.626249 0.041946
vt 0.662667 0.906804
vt 0.640199 0.911955
vt 0.650071 0.916285
vt 0.627731 0.913453
vt 0.634556 0.918585
vt 0.622230 0.899306
vt 0.619818 0.905607
vt 0.617874 0.838770
vt 0.611116 0.852847
vt 0.611360 0.875453
vt 0.616546 0.899802
vt 0.612946 0.887824
vt 0.642044 0.916682
vt 0.614955 0.815750
vt 0.611976 0.825816
vt 0.675109 0.904039
vt 0.677067 0.880136
vt 0.658992 0.919040
vt 0.654308 0.902207
vt 0.658460 0.901250
vt 0.661967 0.879952
vt 0.649146 0.901690
vt 0.651540 0.879656
vt 0.660117 0.897958
vt 0.634026 0.817376
vt 0.635170 0.819296
vt 0.643966 0.817977
vt 0.672809 0.874887
vt 0.669681 0.891994
vt 0.657838 0.906605
vt 0.649584 0.909255
vt 0.629433 0.904962
vt 0.624511 0.899579
vt 0.620535 0.886769
vt 0.618166 0.862186
vt 0.618881 0.843778
vt 0.668451 0.831024
vt 0.672403 0.844551
vt 0.677658 0.851576
vt 0.664062 0.823260
vt 0.623128 0.829753
vt 0.628550 0.822749
vt 0.654892 0.819803
vt 0.663785 0.901969
vt 0.662739 0.823725
vt 0.637906 0.908890
vt 0.658524 0.858771
vt 0.943444 0.931695
vt 0.939566 0.969215
vt 0.946977 0.950394
vt 0.939000 0.908143
vt 0.936896 0.910554
vt 0.650938 0.867121
vt 0.660636 0.862720
vt 0.654335 0.858514
vt 0.649274 0.859641
vt 0.664728 0.737594
vt 0.681544 0.740654
vt 0.681544 0.722690
vt 0.664728 0.679620
vt 0.664728 0.701781
vt 0.681544 0.700810
vt 0.664728 0.625437
vt 0.681544 0.672205
vt 0.681544 0.612678
vt 0.664728 0.722454
vt 0.942834 0.895899
vt 0.929334 0.981431
vt 0.944845 0.985118
vt 0.955358 0.965091
vt 0.664734 0.612731
vt 0.664757 0.762139
vt 0.681515 0.762140
vt 0.671591 0.926406
vt 0.927971 0.901636
vt 0.928500 0.887125
vt 0.915571 0.899126
vt 0.902864 0.980724
vt 0.901381 0.994956
vt 0.913112 0.984914
vt 0.894247 0.967280
vt 0.879036 0.959065
vt 0.886817 0.982818
vt 0.893052 0.926662
vt 0.885276 0.906015
vt 0.904324 0.888125
vt 0.900898 0.905870
vt 0.921622 0.997556
vt 0.993787 0.347314
vt 0.997760 0.343568
vt 0.998270 0.301995
vt 0.993484 0.236346
vt 0.796150 0.696082
vt 0.791863 0.729735
vt 0.562331 0.821620
vt 0.558608 0.816711
vt 0.253753 0.666366
vt 0.179027 0.107118
vt 0.188507 0.094522
vt 0.184177 0.084650
vt 0.190808 0.079007
vt 0.185676 0.072182
vt 0.171529 0.066681
vt 0.177829 0.064269
vt 0.110993 0.062325
vt 0.147676 0.055811
vt 0.125071 0.055567
vt 0.172025 0.060997
vt 0.160046 0.057397
vt 0.188904 0.086495
vt 0.098041 0.056426
vt 0.087974 0.059401
vt 0.152361 0.121515
vt 0.176261 0.119560
vt 0.191262 0.103444
vt 0.607438 0.859875
vt 0.605044 0.837840
vt 0.602276 0.860391
vt 0.089586 0.078476
vt 0.090198 0.088428
vt 0.091521 0.079604
vt 0.164217 0.114132
vt 0.147110 0.117260
vt 0.178827 0.102289
vt 0.181477 0.094035
vt 0.177184 0.073884
vt 0.158992 0.064986
vt 0.171801 0.068962
vt 0.134409 0.062616
vt 0.116001 0.063331
vt 0.103247 0.112902
vt 0.095470 0.108484
vt 0.122576 0.122087
vt 0.116774 0.116854
vt 0.101976 0.067578
vt 0.094971 0.072999
vt 0.092024 0.099343
vt 0.174191 0.108236
vt 0.095946 0.107190
vt 0.181112 0.082357
vt 0.598060 0.816956
vt 0.594617 0.838134
vt 0.596477 0.856146
vt 0.954462 0.919599
vt 0.951836 0.920055
vt 0.954416 0.950939
vt 0.945255 0.903950
vt 0.598104 0.859430
vt 0.605645 0.825306
vt 0.595948 0.820905
vt 0.607310 0.817826
vt 0.602249 0.816698
vt 0.244021 0.998410
vt 0.244780 0.988830
vt 0.237812 0.988796
vt 0.238573 0.998415
vt 0.863678 0.991450
vt 0.863710 0.998419
vt 0.873407 0.997660
vt 0.873412 0.992211
vt 0.198628 0.116042
vt 0.977119 0.297464
vt 0.973044 0.343207
vt 0.977029 0.347261
vt 0.972450 0.288544
vt 0.791186 0.950118
vt 0.130748 0.719059
vt 0.135653 0.722814
vt 0.788470 0.921826
vt 0.795245 0.978330
vt 0.951788 0.749969
vt 0.082450 0.776560
vt 0.083621 0.776377
vt 0.792442 0.405302
vt 0.789507 0.642920
vt 0.661527 0.643593
vt 0.366972 0.627733
vt 0.264714 0.645792
vt 0.314283 0.366981
vt 0.314266 0.374594
vt 0.646516 0.367647
vt 0.646497 0.385800
vt 0.653829 0.580792
vt 0.264707 0.580375
vt 0.653831 0.588484
vt 0.314099 0.383340
vt 0.264729 0.604944
vt 0.661624 0.601276
vt 0.264714 0.593209
vt 0.306542 0.386484
vt 0.653845 0.597220
vt 0.304324 0.388973
vt 0.264738 0.619851
vt 0.313983 0.620354
vt 0.304325 0.408247
vt 0.646492 0.409199
vt 0.661580 0.614678
vt 0.361869 0.615730
vt 0.362610 0.622650
vt 0.369261 0.615311
vt 0.316857 0.627933
vt 0.318204 0.615595
vt 0.307861 0.383332
vt 0.646492 0.480268
vt 0.646492 0.461881
vt 0.304324 0.462074
vt 0.304324 0.480188
vt 0.646492 0.448108
vt 0.304323 0.448353
vt 0.646492 0.434441
vt 0.304323 0.434434
vt 0.264682 0.692821
vt 0.661444 0.693127
vt 0.661476 0.674837
vt 0.264685 0.674702
vt 0.264697 0.661026
vt 0.661500 0.661015
vt 0.534492 0.102402
vt 0.534718 0.050800
vt 0.492780 0.050846
vt 0.320216 0.618984
vt 0.318222 0.620736
vt 0.361742 0.619742
vt 0.360051 0.618861
vt 0.318561 0.623777
vt 0.320516 0.625299
vt 0.492630 0.102357
vt 0.487784 0.050139
vt 0.487786 0.103052
vt 0.541027 0.103250
vt 0.541376 0.049942
vt 0.584725 0.049876
vt 0.584483 0.103389
vt 0.587664 0.103078
vt 0.587679 0.050173
vt 0.360577 0.625168
vt 0.770279 0.074189
vt 0.775212 0.064452
vt 0.755722 0.061722
vt 0.756117 0.071161
vt 0.741430 0.066470
vt 0.736461 0.055291
vt 0.720648 0.047355
vt 0.691228 0.835126
vt 0.681660 0.830070
vt 0.681579 0.846822
vt 0.691209 0.817702
vt 0.681641 0.812576
vt 0.691196 0.803585
vt 0.681474 0.799625
vt 0.691196 0.799456
vt 0.684091 0.799594
vt 0.724251 0.046907
vt 0.720516 0.044595
vt 0.687686 0.850282
vt 0.684115 0.850187
vt 0.691198 0.844488
vt 0.682708 0.856037
vt 0.680937 0.855780
vt 0.680937 0.793988
vt 0.682709 0.793739
vt 0.791178 0.077146
vt 0.293738 0.526542
vt 0.289209 0.530196
vt 0.292412 0.532361
vt 0.281630 0.530133
vt 0.281085 0.526266
vt 0.278392 0.532244
vt 0.636149 0.990938
vt 0.631859 0.990102
vt 0.630653 0.997738
vt 0.635961 0.998348
vt 0.005968 0.944517
vt 0.001625 0.945447
vt 0.001668 0.966113
vt 0.006026 0.972355
vt 0.006006 0.962699
vt 0.979542 0.471531
vt 0.979313 0.480681
vt 0.985654 0.474787
vt 0.995054 0.475392
vt 0.991467 0.481454
vt 0.990934 0.490544
vt 0.984822 0.487289
vt 0.975421 0.486683
vt 0.976073 0.474299
vt 0.974192 0.478233
vt 0.973841 0.482633
vt 0.978213 0.490591
vt 0.982590 0.492391
vt 0.987113 0.492391
vt 0.994403 0.487776
vt 0.996283 0.483842
vt 0.996634 0.479442
vt 0.992262 0.471484
vt 0.987885 0.469684
vt 0.983362 0.469684
vt 0.274116 0.529074
vt 0.297877 0.528345
vt 0.276990 0.527032
vt 0.285426 0.529400
vt 0.275428 0.539230
vt 0.276226 0.535447
vt 0.006472 0.977940
vt 0.001584 0.981436
vt 0.001573 0.919947
vt 0.120704 0.726366
vt 0.120704 0.707468
vt 0.100079 0.708122
vt 0.100079 0.725649
vt 0.120272 0.694477
vt 0.115391 0.696561
vt 0.120705 0.700053
vt 0.110391 0.697231
vt 0.100079 0.702535
vt 0.100079 0.732607
vt 0.120704 0.733630
vt 0.656986 0.990934
vt 0.657090 0.998353
vt 0.100080 0.747500
vt 0.120704 0.747500
vt 0.836100 0.793217
vt 0.838404 0.791502
vt 0.822468 0.792072
vt 0.823451 0.793809
vt 0.840214 0.793880
vt 0.842029 0.792890
vt 0.843144 0.795853
vt 0.844322 0.796124
vt 0.844817 0.799356
vt 0.819370 0.795715
vt 0.819183 0.793649
vt 0.817109 0.797028
vt 0.816886 0.799863
vt 0.730731 0.049588
vt 0.740008 0.052888
vt 0.760224 0.060133
vt 0.752517 0.057547
vt 0.766841 0.061462
vt 0.773601 0.062120
vt 0.781108 0.062382
vt 0.658955 0.597841
vt 0.972855 0.766433
vt 0.964162 0.765477
vt 0.964441 0.779130
vt 0.964490 0.796455
vt 0.972244 0.812804
vt 0.972474 0.780916
vt 0.974382 0.740343
vt 0.963367 0.750563
vt 0.997196 0.977321
vt 0.987633 0.979974
vt 0.997196 0.992711
vt 0.987507 0.991987
vt 0.997203 0.959918
vt 0.987639 0.964540
vt 0.987644 0.951173
vt 0.997190 0.947791
vt 0.987498 0.941825
vt 0.994560 0.941698
vt 0.990103 0.941793
vt 0.988728 0.998234
vt 0.986964 0.997986
vt 0.986964 0.936189
vt 0.988728 0.935938
vt 0.990092 0.992377
vt 0.661150 0.584815
vt 0.664594 0.582723
vt 0.661682 0.578953
vt 0.668585 0.582048
vt 0.906707 0.926111
vt 0.675923 0.585231
vt 0.678156 0.588641
vt 0.684443 0.585744
vt 0.678946 0.592639
vt 0.361485 0.795591
vt 0.361501 0.791246
vt 0.351724 0.795591
vt 0.349266 0.791246
vt 0.676601 0.470204
vt 0.673654 0.478868
vt 0.681464 0.475134
vt 0.690256 0.478515
vt 0.685024 0.483232
vt 0.681805 0.491749
vt 0.676940 0.486819
vt 0.668149 0.483438
vt 0.688910 0.486947
vt 0.690556 0.482852
vt 0.685941 0.490142
vt 0.673290 0.491024
vt 0.677607 0.492373
vt 0.669649 0.488001
vt 0.685115 0.470929
vt 0.680798 0.469581
vt 0.688756 0.473952
vt 0.672464 0.471812
vt 0.669496 0.475007
vt 0.667849 0.479101
vt 0.681678 0.581005
vt 0.677338 0.579114
vt 0.672558 0.582933
vt 0.656958 0.581477
vt 0.654920 0.585675
vt 0.657765 0.591857
vt 0.658773 0.588023
vt 0.327428 0.795591
vt 0.315994 0.795591
vt 0.327204 0.791246
vt 0.315994 0.791246
vt 0.902360 0.976623
vt 0.902355 0.967655
vt 0.906707 0.934909
vt 0.906705 0.956813
vt 0.927330 0.955900
vt 0.927328 0.937955
vt 0.911065 0.977523
vt 0.922970 0.977523
vt 0.818737 0.807876
vt 0.834673 0.807298
vt 0.833689 0.805562
vt 0.821042 0.806159
vt 0.927328 0.931565
vt 0.917018 0.924663
vt 0.927329 0.926115
vt 0.837768 0.803657
vt 0.837955 0.805723
vt 0.840028 0.802348
vt 0.840249 0.799516
vt 0.816926 0.805499
vt 0.815112 0.806490
vt 0.813995 0.803527
vt 0.812811 0.803221
vt 0.812372 0.800304
vt 0.975076 0.814043
vt 0.974299 0.808909
vt 0.974163 0.802476
vt 0.974175 0.793529
vt 0.974274 0.781841
vt 0.974403 0.774266
vt 0.974674 0.768075
vt 0.975137 0.761889
vt 0.975848 0.755004
vt 0.001569 0.361328
vt 0.071383 0.331613
vt 0.001569 0.330779
vt 0.086265 0.764523
vt 0.096139 0.772707
vt 0.184604 0.762892
vt 0.096234 0.778829
vt 0.071486 0.383671
vt 0.071386 0.359597
vt 0.001624 0.382039
vt 0.061710 0.383718
vt 0.184410 0.752451
vt 0.086261 0.764523
vt 0.184557 0.761268
vt 0.071389 0.300079
vt 0.001569 0.291250
vt 0.001569 0.313676
vt 0.071382 0.315873
vt 0.012729 0.722089
vt 0.019046 0.716515
vt 0.022962 0.707307
vt 0.023871 0.693410
vt 0.983691 0.914069
vt 0.960906 0.917964
vt 0.983691 0.934011
vt 0.960906 0.937751
vt 0.061056 0.776778
vt 0.061056 0.767278
vt 0.048974 0.776778
vt 0.042674 0.525363
vt 0.036606 0.517131
vt 0.033497 0.537242
vt 0.050475 0.515052
vt 0.043149 0.506710
vt 0.036445 0.556932
vt 0.044070 0.555412
vt 0.010303 0.708492
vt 0.012732 0.704831
vt 0.014338 0.699208
vt 0.002836 0.726075
vt 0.001649 0.713493
vt 0.960954 0.985542
vt 0.983836 0.998301
vt 0.983730 0.982714
vt 0.061772 0.393899
vt 0.960908 0.966519
vt 0.983692 0.963205
vt 0.001697 0.394103
vt 0.961050 0.998421
vt 0.179992 0.776969
vt 0.184753 0.771890
vt 0.003165 0.738322
vt 0.001723 0.745894
vt 0.005413 0.745914
vt 0.006855 0.738324
vt 0.086644 0.773946
vt 0.961293 0.755036
vt 0.961940 0.761831
vt 0.962351 0.768022
vt 0.962569 0.774216
vt 0.962632 0.781686
vt 0.962696 0.794111
vt 0.962419 0.800257
vt 0.961209 0.808560
vt 0.959593 0.814191
vt 0.223753 0.775217
vt 0.223753 0.787119
vt 0.233640 0.787209
vt 0.033592 0.198955
vt 0.040517 0.158114
vt 0.028279 0.158265
vt 0.017366 0.158448
vt 0.001602 0.158731
vt 0.017703 0.201539
vt 0.002416 0.201687
vt 0.044583 0.198756
vt 0.025309 0.201537
vt 0.800841 0.773863
vt 0.818033 0.770493
vt 0.800698 0.769520
vt 0.815881 0.763647
vt 0.799168 0.765451
vt 0.801184 0.754432
vt 0.786203 0.757506
vt 0.794355 0.760273
vt 0.040617 0.201492
vt 0.032890 0.201411
vt 0.048731 0.201482
vt 0.043397 0.537097
vt 0.043939 0.526942
vt 0.047433 0.518781
vt 0.045975 0.553365
vt 0.602289 0.959792
vt 0.606645 0.960518
vt 0.606901 0.954783
vt 0.602289 0.954171
vt 0.805949 0.991567
vt 0.801798 0.985707
vt 0.803262 0.988992
vt 0.050707 0.554080
vt 0.050386 0.552479
vt 0.465090 0.220739
vt 0.465088 0.215036
vt 0.461909 0.220740
vt 0.801391 0.997443
vt 0.804497 0.998130
vt 0.418836 0.222333
vt 0.461904 0.222360
vt 0.465087 0.207750
vt 0.465086 0.199062
vt 0.316336 0.199118
vt 0.316336 0.218530
vt 0.418836 0.245634
vt 0.418836 0.233595
vt 0.316336 0.234468
vt 0.316336 0.245634
vt 0.786150 0.753468
vt 0.117768 0.640679
vt 0.121836 0.640021
vt 0.122235 0.597609
vt 0.117768 0.597609
vt 0.810054 0.757650
vt 0.710826 0.104836
vt 0.708712 0.098383
vt 0.704063 0.097952
vt 0.705804 0.102134
vt 0.701692 0.093913
vt 0.707872 0.059569
vt 0.708752 0.067617
vt 0.713355 0.071685
vt 0.695363 0.074259
vt 0.681130 0.070484
vt 0.697232 0.081119
vt 0.706540 0.105426
vt 0.703785 0.089545
vt 0.698747 0.089928
vt 0.689228 0.080979
vt 0.695145 0.085928
vt 0.679430 0.076121
vt 0.044989 0.623836
vt 0.050945 0.624131
vt 0.050945 0.615783
vt 0.935481 0.950127
vt 0.935481 0.946647
vt 0.930474 0.946647
vt 0.932977 0.950127
vt 0.193849 0.778046
vt 0.198137 0.783053
vt 0.197851 0.768032
vt 0.193848 0.773039
vt 0.050945 0.599485
vt 0.044989 0.600396
vt 0.044988 0.613754
vt 0.435252 0.930696
vt 0.435252 0.935703
vt 0.438732 0.935703
vt 0.438732 0.933200
vt 0.187892 0.768032
vt 0.187892 0.773039
vt 0.187892 0.778046
vt 0.187892 0.783053
vt 0.723219 0.091233
vt 0.719857 0.085151
vt 0.214747 0.768339
vt 0.216475 0.769494
vt 0.716322 0.079070
vt 0.726449 0.097524
vt 0.443125 0.933200
vt 0.443125 0.930696
vt 0.942506 0.876684
vt 0.916291 0.856936
vt 0.888573 0.875090
vt 0.932977 0.954520
vt 0.930474 0.954520
vt 0.050945 0.593364
vt 0.044989 0.593364
vt 0.926304 0.852543
vt 0.926304 0.856936
vt 0.918794 0.860416
vt 0.923801 0.860416
vt 0.890168 0.876684
vt 0.890168 0.880916
vt 0.711143 0.053594
vt 0.728896 0.095457
vt 0.218968 0.782953
vt 0.911398 0.880916
vt 0.911139 0.876684
vt 0.926516 0.876684
vt 0.926444 0.880916
vt 0.712651 0.058423
vt 0.712757 0.054779
vt 0.713102 0.062193
vt 0.714531 0.067338
vt 0.716689 0.072400
vt 0.719127 0.077609
vt 0.722336 0.084013
vt 0.725420 0.089951
vt 0.991092 0.597198
vt 0.984547 0.598656
vt 0.981836 0.605311
vt 0.985178 0.611191
vt 0.980276 0.611852
vt 0.979516 0.618112
vt 0.983842 0.628714
vt 0.979411 0.624034
vt 0.980164 0.630873
vt 0.982268 0.638008
vt 0.987256 0.641671
vt 0.987675 0.593957
vt 0.990037 0.624161
vt 0.993300 0.609752
vt 0.990185 0.637362
vt 0.997495 0.600578
vt 0.771350 0.137297
vt 0.766208 0.325098
vt 0.776263 0.325098
vt 0.760136 0.137297
vt 0.756513 0.325098
vt 0.783208 0.325098
vt 0.783195 0.137297
vt 0.989567 0.146178
vt 0.989567 0.131660
vt 0.960910 0.144958
vt 0.960910 0.131170
vt 0.989567 0.114983
vt 0.960910 0.115833
vt 0.989567 0.098730
vt 0.960910 0.098719
vt 0.677900 0.064990
vt 0.661391 0.725091
vt 0.264713 0.722533
vt 0.366972 0.740617
vt 0.314283 0.576030
vt 0.646516 0.575363
vt 0.314267 0.568415
vt 0.646497 0.557238
vt 0.653579 0.787751
vt 0.653586 0.780072
vt 0.264704 0.787935
vt 0.314099 0.559671
vt 0.306548 0.556525
vt 0.264712 0.775110
vt 0.653607 0.771352
vt 0.661359 0.767327
vt 0.264727 0.763449
vt 0.313973 0.747965
vt 0.264736 0.748477
vt 0.304325 0.534761
vt 0.304324 0.554038
vt 0.646492 0.533814
vt 0.661355 0.754285
vt 0.361844 0.752605
vt 0.369241 0.753020
vt 0.362589 0.745685
vt 0.316850 0.740390
vt 0.318192 0.752728
vt 0.307861 0.559679
vt 0.304323 0.494657
vt 0.646492 0.494902
vt 0.304323 0.508581
vt 0.646492 0.508575
vt 0.264695 0.707298
vt 0.661419 0.707691
vt 0.320204 0.749340
vt 0.318210 0.747588
vt 0.361721 0.748592
vt 0.360030 0.749473
vt 0.318550 0.744548
vt 0.320505 0.743026
vt 0.360558 0.743167
vt 0.801768 0.065515
vt 0.827881 0.064335
vt 0.814084 0.078293
vt 0.832096 0.077283
vt 0.854233 0.058708
vt 0.882299 0.049177
vt 0.406776 0.803954
vt 0.418464 0.794306
vt 0.401717 0.794386
vt 0.389348 0.803935
vt 0.384221 0.794367
vt 0.375227 0.803923
vt 0.371284 0.794202
vt 0.371241 0.796818
vt 0.371103 0.803922
vt 0.876363 0.047605
vt 0.883148 0.044583
vt 0.421929 0.800412
vt 0.421835 0.796842
vt 0.416135 0.803924
vt 0.427684 0.795434
vt 0.427427 0.793664
vt 0.365635 0.793664
vt 0.365386 0.795435
vt 0.829481 0.754464
vt 0.830807 0.760284
vt 0.834010 0.758119
vt 0.841589 0.758055
vt 0.844827 0.760166
vt 0.842134 0.754188
vt 0.662482 0.997738
vt 0.661277 0.990102
vt 0.453917 0.952372
vt 0.433250 0.952333
vt 0.436665 0.947995
vt 0.427009 0.947976
vt 0.052879 0.511450
vt 0.058992 0.508195
vt 0.052650 0.502301
vt 0.068392 0.507588
vt 0.064806 0.501526
vt 0.064271 0.492436
vt 0.058159 0.495691
vt 0.048759 0.496298
vt 0.047530 0.504747
vt 0.049410 0.508682
vt 0.047179 0.500348
vt 0.055928 0.490590
vt 0.051551 0.492390
vt 0.060451 0.490590
vt 0.069621 0.499139
vt 0.067740 0.495204
vt 0.069972 0.503538
vt 0.061223 0.513297
vt 0.065600 0.511497
vt 0.056700 0.513297
vt 0.849103 0.756995
vt 0.825341 0.756267
vt 0.846229 0.754954
vt 0.837793 0.757322
vt 0.846993 0.763369
vt 0.847790 0.767151
vt 0.421423 0.947531
vt 0.417929 0.952421
vt 0.479417 0.952420
vt 0.105392 0.696561
vt 0.100509 0.694491
vt 0.939099 0.941211
vt 0.938501 0.953860
vt 0.940237 0.954844
vt 0.940816 0.938909
vt 0.938438 0.937097
vt 0.939429 0.935283
vt 0.936467 0.934167
vt 0.936196 0.932988
vt 0.932964 0.932492
vt 0.936594 0.957941
vt 0.938660 0.958128
vt 0.935280 0.960201
vt 0.932445 0.960423
vt 0.864929 0.050624
vt 0.848952 0.054026
vt 0.816452 0.061664
vt 0.828259 0.058987
vt 0.807230 0.062676
vt 0.798637 0.062828
vt 0.790745 0.062608
vt 0.658688 0.770734
vt 0.962415 0.680946
vt 0.977942 0.648529
vt 0.962759 0.715360
vt 0.975837 0.715532
vt 0.963051 0.733863
vt 0.536232 0.948312
vt 0.520843 0.948311
vt 0.533580 0.957875
vt 0.521567 0.958001
vt 0.547988 0.948307
vt 0.549014 0.957869
vt 0.557474 0.948303
vt 0.562381 0.957864
vt 0.565763 0.948318
vt 0.571729 0.958010
vt 0.571761 0.955405
vt 0.571856 0.950947
vt 0.515320 0.956780
vt 0.515568 0.958544
vt 0.577365 0.958544
vt 0.577616 0.956780
vt 0.521178 0.955416
vt 0.660832 0.783473
vt 0.661481 0.789108
vt 0.664185 0.785406
vt 0.668020 0.785930
vt 0.674840 0.782584
vt 0.682898 0.781639
vt 0.676773 0.779231
vt 0.677297 0.775397
vt 0.345264 0.975263
vt 0.335502 0.975263
vt 0.345280 0.979608
vt 0.333044 0.979608
vt 0.095089 0.504543
vt 0.090160 0.499678
vt 0.086425 0.507490
vt 0.086778 0.490887
vt 0.082061 0.496118
vt 0.073544 0.499339
vt 0.078474 0.504203
vt 0.081856 0.512994
vt 0.082441 0.490587
vt 0.078347 0.492234
vt 0.075152 0.495202
vt 0.072921 0.503536
vt 0.074269 0.507853
vt 0.077292 0.511494
vt 0.095713 0.500345
vt 0.094364 0.496028
vt 0.091341 0.492387
vt 0.090287 0.511648
vt 0.093482 0.508679
vt 0.086192 0.513294
vt 0.680523 0.786300
vt 0.676485 0.788329
vt 0.671758 0.784925
vt 0.656835 0.786780
vt 0.654766 0.782726
vt 0.658491 0.780391
vt 0.657485 0.776654
vt 0.311207 0.975263
vt 0.299772 0.975263
vt 0.299772 0.979608
vt 0.310983 0.979608
vt 0.931675 0.976623
vt 0.931680 0.967655
vt 0.905327 0.908584
vt 0.907632 0.910302
vt 0.920278 0.910907
vt 0.921263 0.909171
vt 0.924356 0.912814
vt 0.924545 0.910749
vt 0.926615 0.914125
vt 0.926835 0.916957
vt 0.903516 0.910961
vt 0.901702 0.909969
vt 0.900583 0.912930
vt 0.899398 0.913237
vt 0.898958 0.916153
vt 0.982113 0.656487
vt 0.983740 0.645958
vt 0.981549 0.669438
vt 0.980896 0.686981
vt 0.978329 0.721038
vt 0.979487 0.708542
vt 0.977588 0.730202
vt 0.977070 0.738486
vt 0.976658 0.745988
vt 0.071386 0.240839
vt 0.001569 0.238208
vt 0.001569 0.262912
vt 0.248351 0.998432
vt 0.346702 0.998436
vt 0.258088 0.990085
vt 0.258082 0.983962
vt 0.071486 0.216482
vt 0.001624 0.218115
vt 0.061710 0.216436
vt 0.071382 0.284281
vt 0.001569 0.277385
vt 0.071383 0.268977
vt 0.014586 0.680697
vt 0.019044 0.678958
vt 0.012723 0.673384
vt 0.022478 0.685656
vt 0.983691 0.881905
vt 0.983691 0.866234
vt 0.960906 0.877571
vt 0.983691 0.893777
vt 0.960906 0.892467
vt 0.048974 0.767278
vt 0.113654 0.673816
vt 0.104479 0.661940
vt 0.107586 0.682049
vt 0.121455 0.684128
vt 0.114129 0.692469
vt 0.115052 0.643768
vt 0.107427 0.642247
vt 0.005651 0.683469
vt 0.009226 0.686001
vt 0.012732 0.690644
vt 0.014200 0.694795
vt 0.002836 0.669401
vt 0.001649 0.681982
vt 0.960962 0.828640
vt 0.983725 0.835299
vt 0.983836 0.817558
vt 0.061772 0.206254
vt 0.960909 0.847715
vt 0.001697 0.206050
vt 0.961050 0.817438
vt 0.341859 0.984437
vt 0.001757 0.755111
vt 0.005447 0.755117
vt 0.003165 0.762008
vt 0.006855 0.762006
vt 0.248573 0.989003
vt 0.086061 0.752443
vt 0.960611 0.745904
vt 0.960455 0.738171
vt 0.960306 0.729814
vt 0.960015 0.720612
vt 0.959463 0.708278
vt 0.958353 0.673566
vt 0.958982 0.685514
vt 0.955887 0.657138
vt 0.952633 0.645941
vt 0.233639 0.775127
vt 0.055799 0.198785
vt 0.064833 0.201288
vt 0.056365 0.158195
vt 0.071707 0.158467
vt 0.075348 0.201517
vt 0.091580 0.158865
vt 0.090675 0.201685
vt 0.817305 0.777934
vt 0.799168 0.779381
vt 0.794353 0.784561
vt 0.786203 0.787327
vt 0.801202 0.790399
vt 0.808327 0.788342
vt 0.056404 0.201369
vt 0.114922 0.672244
vt 0.114379 0.662081
vt 0.118414 0.680399
vt 0.116957 0.645815
vt 0.597677 0.954783
vt 0.597932 0.960518
vt 0.709035 0.993575
vt 0.711611 0.996263
vt 0.714895 0.997726
vt 0.121689 0.645100
vt 0.121368 0.646701
vt 0.702473 0.995027
vt 0.703160 0.998133
vt 0.418836 0.175774
vt 0.461909 0.177367
vt 0.461904 0.175746
vt 0.465087 0.188897
vt 0.316336 0.179574
vt 0.465090 0.177380
vt 0.418836 0.152472
vt 0.316336 0.152472
vt 0.316336 0.163638
vt 0.418836 0.164511
vt 0.786150 0.791365
vt 0.001567 0.871717
vt 0.001567 0.914787
vt 0.006035 0.914787
vt 0.005637 0.872377
vt 0.813619 0.784228
vt 0.625464 0.093764
vt 0.632620 0.092640
vt 0.636448 0.088317
vt 0.635262 0.082376
vt 0.669649 0.074148
vt 0.663617 0.067950
vt 0.640942 0.084448
vt 0.713341 0.046072
vt 0.710368 0.044700
vt 0.630364 0.096311
vt 0.646019 0.080934
vt 0.646029 0.074455
vt 0.651725 0.077812
vt 0.660071 0.074960
vt 0.124134 0.747500
vt 0.132187 0.741543
vt 0.123839 0.741543
vt 0.428625 0.930696
vt 0.428625 0.933200
vt 0.432105 0.935703
vt 0.432105 0.930696
vt 0.134216 0.747500
vt 0.147574 0.747500
vt 0.148485 0.741543
vt 0.523420 0.939058
vt 0.519940 0.941562
vt 0.519940 0.944065
vt 0.523420 0.944065
vt 0.028198 0.749946
vt 0.023191 0.745784
vt 0.018185 0.745784
vt 0.013178 0.750080
vt 0.018185 0.739827
vt 0.013178 0.739827
vt 0.023191 0.739827
vt 0.028198 0.739827
vt 0.618750 0.069256
vt 0.625787 0.064029
vt 0.609044 0.077538
vt 0.634116 0.055614
vt 0.656952 0.065031
vt 0.641519 0.046814
vt 0.013485 0.766683
vt 0.028098 0.770903
vt 0.515547 0.941562
vt 0.515547 0.939058
vt 0.942506 0.880916
vt 0.426219 0.806055
vt 0.426219 0.801661
vt 0.424231 0.933200
vt 0.424231 0.935703
vt 0.154606 0.747499
vt 0.154606 0.741543
vt 0.436233 0.801661
vt 0.428723 0.798181
vt 0.433729 0.798181
vt 0.713613 0.050123
vt 0.714818 0.046840
vt 0.638705 0.044926
vt 0.632463 0.051745
vt 0.627003 0.057147
vt 0.620264 0.063681
vt 0.613989 0.069641
vt 0.607454 0.074835
vt 0.996428 0.651866
vt 0.993389 0.649648
vt 0.993621 0.651391
vt 0.994997 0.652304
vt 0.990496 0.646617
vt 0.994781 0.648072
vt 0.992048 0.643753
vt 0.990884 0.649136
vt 0.992280 0.650339
vt 0.987257 0.645450
vt 0.989376 0.647715
vt 0.984846 0.642466
vt 0.996105 0.652837
vt 0.997423 0.650474
vt 0.685284 0.500921
vt 0.688709 0.502259
vt 0.680164 0.514237
vt 0.735649 0.137297
vt 0.746778 0.325098
vt 0.749475 0.137297
vt 0.735676 0.325098
vt 0.960910 0.163713
vt 0.989567 0.164563
vt 0.960910 0.180828
vt 0.989567 0.180817
vt 0.966042 0.607632
vt 0.970846 0.612330
vt 0.969207 0.603693
vt 0.966302 0.605226
vt 0.965082 0.603193
vt 0.960924 0.601003
vt 0.967128 0.596120
vt 0.964736 0.635992
vt 0.960333 0.638137
vt 0.965613 0.646920
vt 0.969463 0.633851
vt 0.966045 0.633924
vt 0.965841 0.631446
vt 0.963329 0.628764
vt 0.971113 0.625020
vt 0.956356 0.623169
vt 0.918110 0.634657
vt 0.921091 0.633288
vt 0.916304 0.631325
vt 0.654600 0.352162
vt 0.654600 0.342628
vt 0.453358 0.340924
vt 0.453358 0.350287
vt 0.960989 0.628554
vt 0.958872 0.629877
vt 0.957808 0.634164
vt 0.959134 0.636377
vt 0.960593 0.637195
vt 0.953647 0.600568
vt 0.958329 0.604793
vt 0.959690 0.602684
vt 0.961117 0.601939
vt 0.656027 0.927416
vt 0.654137 0.929220
vt 0.653128 0.923084
vt 0.653065 0.925697
vt 0.650769 0.924055
vt 0.642532 0.928751
vt 0.644739 0.930149
vt 0.971434 0.618665
vt 0.956522 0.615326
vt 0.963542 0.610185
vt 0.961250 0.610327
vt 0.962762 0.601894
vt 0.965025 0.589507
vt 0.951204 0.594862
vt 0.949490 0.640176
vt 0.952784 0.638312
vt 0.962300 0.637283
vt 0.987984 0.510418
vt 0.972905 0.510394
vt 0.972044 0.517036
vt 0.988792 0.517065
vt 0.972979 0.523748
vt 0.987899 0.523756
vt 0.972980 0.497078
vt 0.972059 0.503854
vt 0.988809 0.503626
vt 0.987899 0.497069
vt 0.920902 0.643495
vt 0.924308 0.641923
vt 0.923994 0.637579
vt 0.922416 0.645847
vt 0.911790 0.645146
vt 0.912129 0.648389
vt 0.918101 0.648761
vt 0.907333 0.643640
vt 0.906922 0.638352
vt 0.911980 0.631903
vt 0.908521 0.634581
vt 0.959217 0.608961
vt 0.955704 0.608430
vt 0.958123 0.606966
vt 0.954954 0.631490
vt 0.957672 0.631892
vt 0.453358 0.356751
vt 0.654600 0.362754
vt 0.654600 0.331965
vt 0.453358 0.362735
vt 0.453358 0.332102
vt 0.954158 0.612115
vt 0.954497 0.617121
vt 0.953351 0.607169
vt 0.951942 0.601726
vt 0.949475 0.596182
vt 0.951002 0.636946
vt 0.952614 0.632164
vt 0.953711 0.627172
vt 0.954365 0.622149
vt 0.941554 0.659471
vt 0.914835 0.663767
vt 0.941589 0.668637
vt 0.940386 0.706228
vt 0.941586 0.681743
vt 0.914836 0.751684
vt 0.936018 0.748024
vt 0.932004 0.751684
vt 0.960508 0.398668
vt 0.972095 0.399181
vt 0.972129 0.395431
vt 0.972126 0.382349
vt 0.970927 0.357864
vt 0.960508 0.312408
vt 0.966558 0.316068
vt 0.919151 0.184437
vt 0.899096 0.184437
vt 0.914232 0.188033
vt 0.957184 0.846689
vt 0.957184 0.839334
vt 0.953589 0.839335
vt 0.953589 0.846139
vt 0.957184 0.862509
vt 0.957184 0.855705
vt 0.953589 0.855155
vt 0.953589 0.862510
vt 0.686243 0.791723
vt 0.690111 0.795591
vt 0.691600 0.791995
vt 0.689839 0.790233
vt 0.693830 0.795591
vt 0.693830 0.791995
vt 0.988302 0.184437
vt 0.921791 0.188033
vt 0.988300 0.188033
vt 0.484663 0.078082
vt 0.394053 0.076292
vt 0.394053 0.091604
vt 0.484663 0.093450
vt 0.086013 0.734424
vt 0.088855 0.743470
vt 0.088442 0.740558
vt 0.093072 0.742583
vt 0.095991 0.747208
vt 0.091114 0.740558
vt 0.092658 0.729389
vt 0.096127 0.728122
vt 0.096000 0.724354
vt 0.089774 0.727128
vt 0.090512 0.732022
vt 0.096133 0.743354
vt 0.089750 0.734872
vt 0.089952 0.737889
vt 0.941554 0.620641
vt 0.941589 0.611476
vt 0.914835 0.616836
vt 0.928150 0.641858
vt 0.941586 0.598369
vt 0.940386 0.573884
vt 0.914835 0.528428
vt 0.936018 0.532088
vt 0.932004 0.528428
vt 0.960508 0.437693
vt 0.972126 0.453808
vt 0.972130 0.440746
vt 0.386583 0.013552
vt 0.384821 0.051165
vt 0.386583 0.049403
vt 0.384821 0.011790
vt 0.299568 0.011790
vt 0.299568 0.051165
vt 0.970926 0.478293
vt 0.960508 0.523749
vt 0.966558 0.520089
vt 0.919151 0.231004
vt 0.914243 0.227408
vt 0.899096 0.231004
vt 0.489912 0.956613
vt 0.498378 0.953017
vt 0.489362 0.953018
vt 0.505732 0.956613
vt 0.505733 0.953017
vt 0.498928 0.956613
vt 0.482559 0.953018
vt 0.482558 0.956613
vt 0.686243 0.752893
vt 0.689839 0.754382
vt 0.691600 0.752620
vt 0.690111 0.749024
vt 0.693830 0.752620
vt 0.693830 0.749024
vt 0.988302 0.231004
vt 0.988300 0.227408
vt 0.921791 0.227408
vt 0.394053 0.064873
vt 0.484663 0.065779
vt 0.484663 0.052352
vt 0.394053 0.051143
vt 0.947628 0.673250
vt 0.947820 0.676182
vt 0.949218 0.676466
vt 0.948971 0.672691
vt 0.690711 0.732350
vt 0.694336 0.733238
vt 0.689915 0.726466
vt 0.691314 0.744592
vt 0.689882 0.740842
vt 0.687880 0.742637
vt 0.684857 0.743448
vt 0.684889 0.747256
vt 0.688413 0.729837
vt 0.684875 0.724887
vt 0.684857 0.728613
vt 0.691357 0.735282
vt 0.694746 0.738443
vt 0.691107 0.738253
vt 0.580670 0.190044
vt 0.580653 0.182825
vt 0.468227 0.183038
vt 0.468250 0.194615
vt 0.580730 0.211237
vt 0.580711 0.204874
vt 0.468281 0.208586
vt 0.468264 0.201154
vt 0.468301 0.217437
vt 0.558817 0.220730
vt 0.558883 0.217756
vt 0.580635 0.174543
vt 0.580617 0.166348
vt 0.468196 0.166322
vt 0.468208 0.173029
vt 0.390924 0.088185
vt 0.278489 0.097593
vt 0.390922 0.098105
vt 0.278472 0.115157
vt 0.390922 0.109797
vt 0.278480 0.107779
vt 0.390922 0.123765
vt 0.344930 0.129212
vt 0.300435 0.129430
vt 0.622128 0.845145
vt 0.623801 0.853297
vt 0.628254 0.850695
vt 0.627061 0.844762
vt 0.278505 0.073685
vt 0.390925 0.078671
vt 0.390925 0.066910
vt 0.645793 0.825262
vt 0.640921 0.824612
vt 0.639158 0.829746
vt 0.646241 0.830710
vt 0.657963 0.853316
vt 0.659577 0.844850
vt 0.654714 0.844502
vt 0.653507 0.850770
vt 0.045060 0.757823
vt 0.047484 0.762680
vt 0.053127 0.758309
vt 0.048935 0.754807
vt 0.650334 0.827144
vt 0.039482 0.776261
vt 0.044422 0.774868
vt 0.044859 0.768518
vt 0.040058 0.767668
vt 0.053455 0.752891
vt 0.636046 0.825254
vt 0.631488 0.827142
vt 0.632485 0.832509
vt 0.060199 0.757345
vt 0.058318 0.752217
vt 0.627566 0.830178
vt 0.623931 0.835911
vt 0.628419 0.837818
vt 0.063191 0.752817
vt 0.066814 0.760055
vt 0.067741 0.754667
vt 0.659093 0.838589
vt 0.657220 0.834044
vt 0.653668 0.838180
vt 0.071671 0.757641
vt 0.070459 0.764015
vt 0.074700 0.761560
vt 0.042104 0.761743
vt 0.076767 0.767540
vt 0.071965 0.768424
vt 0.654229 0.830144
vt 0.650778 0.833625
vt 0.077207 0.776299
vt 0.072288 0.774982
vt 0.468199 0.161190
vt 0.580618 0.161216
vt 0.344929 0.134805
vt 0.390920 0.134703
vt 0.514309 0.224732
vt 0.514301 0.220644
vt 0.468315 0.224725
vt 0.471760 0.942047
vt 0.472894 0.937015
vt 0.467678 0.942296
vt 0.467308 0.937351
vt 0.278508 0.064673
vt 0.278511 0.055931
vt 0.300319 0.125381
vt 0.278459 0.125340
vt 0.390923 0.055684
vt 0.516642 0.952119
vt 0.517774 0.947088
vt 0.278497 0.087739
vt 0.278502 0.080677
vt 0.423254 0.945647
vt 0.422884 0.940703
vt 0.420277 0.945797
vt 0.580690 0.197432
vt 0.580749 0.217696
vt 0.418821 0.940916
vt 0.397851 0.947162
vt 0.399305 0.952043
vt 0.683407 0.532948
vt 0.666570 0.531431
vt 0.678096 0.551469
vt 0.684646 0.554585
vt 0.669524 0.519577
vt 0.685461 0.523618
vt 0.675468 0.563382
vt 0.673366 0.573091
vt 0.670459 0.571475
vt 0.685536 0.546664
vt 0.680401 0.566129
vt 0.684205 0.559501
vt 0.675921 0.546516
vt 0.677774 0.555504
vt 0.670731 0.573418
vt 0.902728 0.870569
vt 0.921252 0.865275
vt 0.901205 0.853738
vt 0.898938 0.598751
vt 0.903332 0.598042
vt 0.903332 0.583253
vt 0.903332 0.618483
vt 0.898938 0.629496
vt 0.903332 0.645791
vt 0.898938 0.575255
vt 0.903332 0.570263
vt 0.903333 0.552349
vt 0.898938 0.552368
vt 0.924169 0.872716
vt 0.889361 0.856720
vt 0.893408 0.872655
vt 0.898937 0.657552
vt 0.898938 0.615712
vt 0.898938 0.602041
vt 0.903332 0.601033
vt 0.930613 0.870649
vt 0.933166 0.862646
vt 0.903332 0.657580
vt 0.942299 0.858673
vt 0.941111 0.857512
vt 0.916302 0.863107
vt 0.925291 0.864955
vt 0.916452 0.872720
vt 0.937947 0.865963
vt 0.943445 0.859632
vt 0.943117 0.857738
vt 0.903332 0.540340
vt 0.898938 0.540340
vt 0.946499 0.680538
vt 0.945706 0.679349
vt 0.942940 0.680286
vt 0.940174 0.679348
vt 0.945706 0.671055
vt 0.946499 0.669866
vt 0.941972 0.670310
vt 0.948971 0.607422
vt 0.949218 0.603646
vt 0.947820 0.603930
vt 0.947628 0.606862
vt 0.946499 0.610246
vt 0.945706 0.609057
vt 0.942941 0.609994
vt 0.940173 0.609056
vt 0.945706 0.600764
vt 0.946499 0.599574
vt 0.942940 0.599827
vt 0.940173 0.600765
vt 0.948918 0.424305
vt 0.912043 0.415117
vt 0.912174 0.426111
vt 0.907897 0.423901
vt 0.907653 0.428631
vt 0.907921 0.418903
vt 0.907431 0.413386
vt 0.910905 0.407522
vt 0.906363 0.408868
vt 0.930506 0.413772
vt 0.923348 0.406498
vt 0.204808 0.998325
vt 0.189651 0.994061
vt 0.189656 0.998432
vt 0.853727 0.036726
vt 0.845733 0.029967
vt 0.853729 0.049074
vt 0.840359 0.049074
vt 0.744363 0.010853
vt 0.743851 0.049074
vt 0.906506 0.521760
vt 0.910936 0.523750
vt 0.739861 0.010853
vt 0.739861 0.049074
vt 0.953211 0.423997
vt 0.953409 0.428748
vt 0.953232 0.418965
vt 0.953769 0.413401
vt 0.950304 0.407448
vt 0.954879 0.408847
vt 0.221754 0.998421
vt 0.234760 0.998432
vt 0.234764 0.994061
vt 0.937751 0.406331
vt 0.853758 0.010853
vt 0.840166 0.010853
vt 0.853727 0.023202
vt 0.951855 0.523758
vt 0.954033 0.521791
vt 0.444911 0.808147
vt 0.444911 0.798161
vt 0.441166 0.798161
vt 0.441166 0.808147
vt 0.355590 0.964429
vt 0.359335 0.964429
vt 0.362472 0.963157
vt 0.352453 0.963157
vt 0.785672 0.826420
vt 0.789416 0.826420
vt 0.792553 0.825148
vt 0.782534 0.825148
vt 0.629175 0.963987
vt 0.629652 0.953947
vt 0.626290 0.952201
vt 0.626583 0.966457
vt 0.628825 0.986952
vt 0.628568 0.976546
vt 0.626188 0.973964
vt 0.626050 0.990017
vt 0.628496 0.973878
vt 0.629631 0.950595
vt 0.628543 0.990328
vt 0.627098 0.998101
vt 0.624747 0.997538
vt 0.628785 0.967141
vt 0.626191 0.950925
vt 0.669302 0.974904
vt 0.668522 0.974121
vt 0.668549 0.990102
vt 0.669300 0.988830
vt 0.647238 0.843439
vt 0.647059 0.835472
vt 0.633946 0.835571
vt 0.634127 0.843537
vt 0.910261 0.605683
vt 0.910261 0.598128
vt 0.906470 0.598213
vt 0.906471 0.605805
vt 0.910261 0.620827
vt 0.906471 0.620913
vt 0.910261 0.582888
vt 0.906471 0.582878
vt 0.910261 0.628332
vt 0.906470 0.628323
vt 0.664872 0.803177
vt 0.665092 0.798861
vt 0.662751 0.800809
vt 0.659022 0.800694
vt 0.660581 0.798105
vt 0.660690 0.802506
vt 0.662954 0.795730
vt 0.658620 0.794198
vt 0.661657 0.807604
vt 0.663397 0.806446
vt 0.659589 0.807702
vt 0.661794 0.793955
vt 0.626229 0.800140
vt 0.625400 0.796554
vt 0.623379 0.793529
vt 0.621308 0.803241
vt 0.625544 0.802750
vt 0.625087 0.808774
vt 0.620936 0.806135
vt 0.621020 0.809197
vt 0.621675 0.800614
vt 0.621149 0.797858
vt 0.586299 0.801553
vt 0.583266 0.798287
vt 0.585010 0.809347
vt 0.547306 0.801881
vt 0.546926 0.800151
vt 0.543763 0.800776
vt 0.546991 0.797677
vt 0.541867 0.798224
vt 0.547435 0.794379
vt 0.544187 0.793952
vt 0.540950 0.800976
vt 0.543348 0.806185
vt 0.544540 0.807603
vt 0.546597 0.807720
vt 0.541352 0.795615
vt 0.546450 0.803777
vt 0.541413 0.803522
vt 0.581419 0.800395
vt 0.582423 0.793387
vt 0.581687 0.802488
vt 0.581114 0.808785
vt 0.582769 0.804869
vt 0.665213 0.954079
vt 0.665616 0.964122
vt 0.479510 0.798160
vt 0.479510 0.808147
vt 0.514111 0.808147
vt 0.514111 0.798161
vt 0.665793 0.987073
vt 0.666121 0.976680
vt 0.352453 0.998429
vt 0.355590 0.997157
vt 0.359335 0.997157
vt 0.362472 0.998429
vt 0.782534 0.860420
vt 0.785672 0.859148
vt 0.789416 0.859148
vt 0.792553 0.860420
vt 0.668188 0.966612
vt 0.668588 0.952359
vt 0.666217 0.974015
vt 0.665258 0.950727
vt 0.666083 0.990416
vt 0.667540 0.998101
vt 0.669864 0.997535
vt 0.665981 0.967279
vt 0.668696 0.951082
vt 0.780053 0.876912
vt 0.779955 0.890024
vt 0.787922 0.890204
vt 0.788020 0.877091
vt 0.910257 0.555338
vt 0.906466 0.555217
vt 0.906466 0.562808
vt 0.910257 0.562893
vt 0.910257 0.540194
vt 0.906466 0.540108
vt 0.906466 0.578143
vt 0.910257 0.578133
vt 0.910257 0.532690
vt 0.906466 0.532699
vt 0.539498 0.799925
vt 0.872329 0.972889
vt 0.868901 0.975102
vt 0.866650 0.974413
vt 0.875237 0.975750
vt 0.873647 0.970702
vt 0.542195 0.809319
vt 0.666135 0.797438
vt 0.666725 0.802180
vt 0.539925 0.804529
vt 0.542387 0.792732
vt 0.862037 0.989849
vt 0.862991 0.986460
vt 0.857716 0.990202
vt 0.865825 0.988513
vt 0.870763 0.988321
vt 0.874092 0.986279
vt 0.868629 0.985149
vt 0.875106 0.989410
vt 0.880293 0.992948
vt 0.882101 0.995385
vt 0.884200 0.993159
vt 0.883229 0.998125
vt 0.886131 0.997283
vt 0.857801 0.994027
vt 0.859535 0.991713
vt 0.855077 0.994689
vt 0.856927 0.996167
vt 0.856611 0.998406
vt 0.854319 0.998338
vt 0.880077 0.989062
vt 0.877934 0.990900
vt 0.665292 0.806941
vt 0.953765 0.993720
vt 0.950150 0.998357
vt 0.950391 0.996015
vt 0.952262 0.989928
vt 0.956292 0.993358
vt 0.613951 0.952767
vt 0.613937 0.955748
vt 0.617387 0.960732
vt 0.585667 0.959509
vt 0.589313 0.958666
vt 0.591083 0.952081
vt 0.664006 0.809307
vt 0.663802 0.792722
vt 0.609328 0.951803
vt 0.608194 0.948486
vt 0.605477 0.950693
vt 0.600508 0.950792
vt 0.602484 0.947479
vt 0.597030 0.948914
vt 0.596177 0.952149
vt 0.588682 0.960448
vt 0.611909 0.953512
vt 0.614910 0.958560
vt 0.615180 0.960723
vt 0.591086 0.956085
vt 0.593387 0.953842
vt 0.669351 0.991127
vt 0.670206 0.996088
vt 0.670538 0.997135
vt 0.668849 0.965494
vt 0.668964 0.967591
vt 0.669189 0.972757
vt 0.625401 0.974739
vt 0.625279 0.988734
vt 0.625242 0.991059
vt 0.624396 0.996076
vt 0.624064 0.997136
vt 0.625931 0.965334
vt 0.625799 0.967430
vt 0.625535 0.972593
vt 0.623578 0.882501
vt 0.624965 0.892545
vt 0.623578 0.871849
vt 0.624965 0.861805
vt 0.628247 0.898559
vt 0.628245 0.855794
vt 0.710512 0.124061
vt 0.894204 0.529954
vt 0.092013 0.128745
vt 0.223786 0.127766
vt 0.227454 0.130926
vt 0.231789 0.136148
vt 0.984530 0.811629
vt 0.085147 0.697359
vt 0.084281 0.695186
vt 0.082440 0.693740
vt 0.082839 0.701245
vt 0.084514 0.699614
vt 0.501104 0.242873
vt 0.503277 0.243738
vt 0.504725 0.245577
vt 0.497220 0.245183
vt 0.498850 0.243506
vt 0.986957 0.865172
vt 0.991970 0.872667
vt 0.990711 0.869283
vt 0.986982 0.914784
vt 0.990300 0.914308
vt 0.992034 0.912334
vt 0.792799 0.695693
vt 0.787786 0.703185
vt 0.791540 0.699074
vt 0.792863 0.656023
vt 0.791128 0.654050
vt 0.787810 0.653574
vt 0.484441 0.127579
vt 0.624232 0.120437
vt 0.619889 0.125648
vt 0.616226 0.128796
vt 0.318075 0.132684
vt 0.002719 0.529629
vt 0.694974 0.854049
vt 0.528756 0.807515
vt 0.531964 0.805057
vt 0.525580 0.808146
vt 0.533747 0.801441
vt 0.522392 0.807513
vt 0.533746 0.798186
vt 0.519691 0.805710
vt 0.532499 0.795180
vt 0.517882 0.803009
vt 0.530208 0.792891
vt 0.517246 0.799821
vt 0.527200 0.791645
vt 0.518287 0.795922
vt 0.523944 0.791646
vt 0.520951 0.792887
vt 0.723338 0.685818
vt 0.727243 0.686861
vt 0.730419 0.686228
vt 0.733123 0.684423
vt 0.720309 0.683160
vt 0.734928 0.681725
vt 0.719063 0.680152
vt 0.735565 0.678537
vt 0.719066 0.676898
vt 0.734934 0.675349
vt 0.720306 0.673905
vt 0.732479 0.672144
vt 0.722607 0.671603
vt 0.725616 0.670359
vt 0.728857 0.670359
vt 0.837166 0.774938
vt 0.836078 0.773272
vt 0.838601 0.773975
vt 0.860239 0.816323
vt 0.861063 0.810733
vt 0.633154 0.035218
vt 0.631502 0.034111
vt 0.632480 0.032687
vt 0.595990 0.009794
vt 0.590391 0.010553
vt 0.498503 0.250130
vt 0.503612 0.249957
vt 0.078061 0.694855
vt 0.261285 0.667347
vt 0.261210 0.608769
vt 0.981996 0.349656
vt 0.974948 0.346457
vt 0.989055 0.349759
vt 0.993361 0.348283
vt 0.996256 0.236338
vt 0.998214 0.233979
vt 0.996236 0.234004
vt 0.676317 0.814400
vt 0.996450 0.345948
vt 0.972524 0.235261
vt 0.974484 0.236440
vt 0.977256 0.236453
vt 0.974502 0.235282
vt 0.086727 0.120642
vt 0.235222 0.130079
vt 0.235211 0.069665
vt 0.206169 0.084764
vt 0.206169 0.114974
vt 0.265350 0.068278
vt 0.273357 0.128759
vt 0.273357 0.070980
vt 0.265332 0.131465
vt 0.257878 0.067163
vt 0.257870 0.132576
vt 0.235222 0.067014
vt 0.235222 0.132724
vt 0.910607 0.022972
vt 0.977301 0.040280
vt 0.919844 0.018180
vt 0.928471 0.015129
vt 0.938131 0.013550
vt 0.951027 0.013423
vt 0.959692 0.015768
vt 0.968644 0.021389
vt 0.973135 0.026555
vt 0.975719 0.032067
vt 0.220589 0.780597
vt 0.220422 0.782223
vt 0.910607 0.066499
vt 0.919862 0.071299
vt 0.928471 0.074342
vt 0.938118 0.075920
vt 0.951039 0.076047
vt 0.959692 0.073703
vt 0.968646 0.068080
vt 0.973135 0.062916
vt 0.975718 0.057408
vt 0.977263 0.049926
vt 0.346706 0.989439
vt 0.014640 0.768410
vt 0.025743 0.772524
vt 0.027369 0.772357
vt 0.798494 0.824874
vt 0.802837 0.824305
vt 0.806874 0.820268
vt 0.794704 0.822690
vt 0.806874 0.814553
vt 0.792515 0.817415
vt 0.804207 0.811083
vt 0.794700 0.812133
vt 0.799981 0.809947
vt 0.914835 0.653964
vt 0.919773 0.652807
vt 0.925408 0.648477
vt 0.977039 0.394226
vt 0.979512 0.391402
vt 0.979759 0.387626
vt 0.977039 0.383554
vt 0.962545 0.312408
vt 0.904033 0.194971
vt 0.899096 0.193813
vt 0.909668 0.199300
vt 0.912411 0.205919
vt 0.394053 0.103440
vt 0.484663 0.099572
vt 0.480795 0.103440
vt 0.912750 0.915151
vt 0.911249 0.917780
vt 0.912210 0.920097
vt 0.914546 0.921058
vt 0.915796 0.914757
vt 0.916860 0.920100
vt 0.917651 0.917147
vt 0.919773 0.627307
vt 0.914835 0.626149
vt 0.925407 0.631634
vt 0.927907 0.636423
vt 0.977039 0.441931
vt 0.979512 0.444755
vt 0.979759 0.448531
vt 0.977039 0.452603
vt 0.962544 0.523749
vt 0.899096 0.221628
vt 0.904033 0.220470
vt 0.909667 0.216142
vt 0.912167 0.211354
vt 0.394053 0.041799
vt 0.480795 0.041799
vt 0.484663 0.045667
vt 0.956788 0.900208
vt 0.956399 0.897206
vt 0.955019 0.901985
vt 0.953732 0.895684
vt 0.952493 0.901987
vt 0.951107 0.897189
vt 0.950716 0.900221
vt 0.938062 0.676187
vt 0.938802 0.672428
vt 0.938062 0.603925
vt 0.938253 0.606862
vt 0.908475 0.523742
vt 0.656807 0.967433
vt 0.651276 0.967433
vt 0.658463 0.968679
vt 0.649413 0.969186
vt 0.659050 0.971186
vt 0.649032 0.971250
vt 0.641780 0.971245
vt 0.632140 0.969183
vt 0.631760 0.971245
vt 0.641544 0.969437
vt 0.639789 0.967572
vt 0.634002 0.967430
vt 0.648642 0.842009
vt 0.648535 0.836810
vt 0.632655 0.842207
vt 0.632544 0.837002
vt 0.341959 0.967427
vt 0.336428 0.967427
vt 0.334773 0.968673
vt 0.343822 0.969180
vt 0.334186 0.971180
vt 0.344203 0.971244
vt 0.901210 0.949057
vt 0.903272 0.958697
vt 0.903273 0.948677
vt 0.901465 0.958461
vt 0.899599 0.956706
vt 0.899458 0.950919
vt 0.786682 0.875616
vt 0.781483 0.875509
vt 0.781286 0.891496
vt 0.786490 0.891607
s 1
usemtl Main.001
f 8/1/1 9/2/2 10/3/3
f 16/4/4 17/5/5 18/6/6
f 20/7/7 21/8/8 22/9/9
f 30/10/10 31/11/11 32/12/12
f 16/4/4 45/13/13 111/14/14
f 52/15/15 53/16/16 51/17/17
f 61/18/18 62/19/19 63/20/20
f 64/21/21 62/19/19 65/22/22
f 29/23/23 66/24/24 67/25/25
f 66/24/24 29/23/23 68/26/26
f 62/19/19 69/27/27 70/28/28
f 75/29/29 76/30/30 73/31/31
f 78/32/32 939/33/33 79/34/34
f 89/35/35 87/36/36 95/37/37
f 86/38/38 84/39/39 90/40/40
f 93/41/41 89/35/35 91/42/42
f 94/43/43 95/37/37 1209/44/44
f 96/45/45 458/46/16 97/47/46
f 98/48/47 100/49/48 99/50/16
f 103/51/49 101/52/50 102/53/16
f 53/16/16 105/54/51 51/17/17
f 754/55/52 2866/56/53 741/57/54
f 29/23/23 109/58/55 110/59/56
f 12/60/57 115/61/58 116/62/59
f 132/63/60 133/64/61 136/65/62
f 136/65/62 137/66/63 135/67/64
f 138/68/65 137/66/63 136/65/62
f 1144/69/66 140/70/67 141/71/68
f 133/64/61 138/68/65 136/65/62
f 153/72/69 152/73/70 154/74/71
f 155/75/72 149/76/73 154/74/71
f 160/77/74 161/78/75 162/79/76
f 156/80/77 163/81/78 159/82/79
f 163/81/78 156/80/77 157/83/80
f 150/84/81 149/76/73 155/75/72
f 172/85/82 173/86/83 174/87/84
f 1194/88/85 179/89/86 180/90/87
f 175/91/88 176/92/89 186/93/90
f 205/94/91 213/95/92 214/96/93
f 208/97/94 207/98/95 206/99/96
f 209/100/97 210/101/98 211/102/99
f 211/102/99 210/101/98 212/103/100
f 210/101/98 215/104/101 212/103/100
f 216/105/102 217/106/103 218/107/104
f 219/108/105 216/105/102 1493/109/106
f 221/110/107 1539/111/108 222/112/109
f 223/113/110 224/114/111 225/115/112
f 226/116/113 227/117/114 228/118/115
f 233/119/116 231/120/117 232/121/118
f 236/122/119 235/123/120 234/124/121
f 242/125/122 237/126/123 238/127/122
f 239/128/122 240/129/122 241/130/122
f 240/129/122 242/125/122 241/130/122
f 257/131/124 258/132/125 259/133/126
f 255/134/122 260/135/122 261/136/127
f 255/134/122 256/137/122 260/135/122
f 263/138/128 262/139/128 264/140/128
f 274/141/129 276/142/130 273/143/131
f 275/144/132 276/142/130 277/145/133
f 272/146/134 274/141/129 271/147/135
f 270/148/136 272/146/134 269/149/137
f 278/150/138 270/148/136 279/151/139
f 256/137/122 255/134/122 280/152/122
f 293/153/140 301/154/141 300/155/142
f 295/156/143 294/157/144 1884/158/145
f 296/159/146 297/160/147 298/161/148
f 297/160/147 299/162/149 298/161/148
f 298/161/148 299/162/149 302/163/150
f 303/164/151 304/165/152 305/166/153
f 306/167/154 1939/168/155 303/164/151
f 309/169/156 310/170/157 1968/171/158
f 311/172/159 312/173/160 313/174/161
f 314/175/162 315/176/163 316/177/164
f 321/178/165 320/179/166 319/180/167
f 329/181/122 324/182/122 325/183/122
f 326/184/122 327/185/122 328/186/122
f 328/186/122 327/185/122 329/181/122
f 343/187/168 344/188/169 350/189/170
f 341/190/122 345/191/122 342/192/122
f 347/193/171 348/194/171 346/195/171
f 349/196/172 266/197/173 350/189/170
f 358/198/174 357/199/175 277/145/133
f 356/200/176 355/201/177 358/198/174
f 359/202/178 360/203/179 361/204/180
f 342/192/122 362/205/122 341/190/122
f 367/206/181 368/207/182 369/208/125
f 371/209/125 368/207/182 370/210/183
f 374/211/184 377/212/185 375/213/125
f 376/214/125 377/212/185 378/215/186
f 379/216/125 378/215/186 380/217/187
f 381/218/188 2615/219/189 382/220/190
f 381/218/188 382/220/190 2636/221/191
f 385/222/171 386/223/192 387/224/193
f 394/225/171 395/226/194 396/227/195
f 388/228/171 397/229/196 389/230/197
f 398/231/171 391/232/198 399/233/199
f 390/234/171 396/227/195 391/232/198
f 400/235/171 401/236/200 395/226/194
f 404/237/128 405/238/201 406/239/202
f 413/240/128 414/241/203 415/242/204
f 407/243/128 408/244/205 416/245/206
f 417/246/128 418/247/207 410/248/208
f 409/249/128 410/248/208 414/241/203
f 419/250/128 415/242/204 420/251/209
f 425/252/210 429/253/211 424/254/212
f 423/255/213 438/256/214 421/257/215
f 439/258/216 424/254/212 429/253/211
f 427/259/217 430/260/218 429/253/211
f 435/261/219 434/262/220 428/263/221
f 423/255/213 432/264/222 438/256/214
f 441/265/223 423/255/213 434/262/220
f 425/252/210 424/254/212 455/266/224
f 428/263/221 429/253/211 431/267/225
f 441/265/223 432/264/222 423/255/213
f 434/262/220 423/255/213 428/263/221
f 423/255/213 443/268/226 428/263/221
f 427/259/217 443/268/226 444/269/227
f 449/270/228 436/271/229 149/76/73
f 448/272/230 434/262/220 449/270/228
f 436/271/229 431/267/225 437/273/231
f 433/274/232 432/264/222 441/265/223
f 448/272/230 2/275/233 3/276/234
f 2/275/233 448/272/230 158/277/235
f 451/278/236 452/279/237 453/280/238
f 451/278/236 453/280/238 454/281/239
f 438/256/214 432/264/222 446/282/240
f 431/267/225 436/271/229 435/261/219
f 448/272/230 449/270/228 149/76/73
f 448/272/230 149/76/73 158/277/235
f 431/267/225 455/266/224 701/283/241
f 431/267/225 701/283/241 437/273/231
f 429/253/211 428/263/221 427/259/217
f 428/263/221 443/268/226 427/259/217
f 160/77/74 457/284/242 446/282/240
f 160/77/74 446/282/240 447/285/243
f 446/282/240 433/274/232 447/285/243
f 431/267/225 429/253/211 425/252/210
f 449/270/228 434/262/220 435/261/219
f 428/263/221 431/267/225 435/261/219
f 433/274/232 441/265/223 3/276/234
f 441/265/223 434/262/220 448/272/230
f 442/286/244 446/282/240 697/287/245
f 433/274/232 446/282/240 432/264/222
f 458/46/16 581/288/246 459/289/247
f 433/274/232 3/276/234 4/290/248
f 433/274/232 4/290/248 447/285/243
f 441/265/223 448/272/230 3/276/234
f 4/290/248 1/291/249 450/292/250
f 4/290/248 3/276/234 1/291/249
f 160/77/74 4/290/248 450/292/250
f 449/270/228 435/261/219 436/271/229
f 462/293/251 460/294/252 461/295/253
f 431/267/225 425/252/210 455/266/224
f 446/282/240 442/286/244 438/256/214
f 430/260/218 440/296/254 439/258/216
f 430/260/218 439/258/216 429/253/211
f 701/283/241 455/266/224 456/297/255
f 423/255/213 467/298/256 443/268/226
f 475/299/257 24/300/258 474/301/259
f 473/302/260 471/303/261 534/304/262
f 477/305/263 480/306/264 476/307/265
f 482/308/266 478/309/267 481/310/268
f 471/303/261 192/311/269 487/312/270
f 534/304/262 471/303/261 487/312/270
f 470/313/271 469/314/272 488/315/273
f 470/313/271 488/315/273 491/316/274
f 488/315/273 468/317/275 489/318/276
f 488/315/273 489/318/276 490/319/277
f 491/316/274 488/315/273 490/319/277
f 491/316/274 490/319/277 492/320/278
f 475/299/257 474/301/259 493/321/279
f 492/320/278 490/319/277 494/322/280
f 496/323/281 494/322/280 495/324/282
f 492/320/278 494/322/280 496/323/281
f 499/325/283 502/326/284 503/327/285
f 471/303/261 472/328/286 508/329/287
f 192/311/269 471/303/261 508/329/287
f 496/323/281 495/324/282 504/330/288
f 495/324/282 505/331/289 504/330/288
f 496/323/281 504/330/288 506/332/290
f 472/328/286 475/299/257 507/333/291
f 475/299/257 493/321/279 507/333/291
f 509/334/292 545/335/293 508/329/287
f 509/334/292 508/329/287 483/336/294
f 508/329/287 472/328/286 510/337/295
f 509/334/292 483/336/294 485/338/296
f 506/332/290 504/330/288 511/339/297
f 504/330/288 505/331/289 512/340/298
f 504/330/288 512/340/298 511/339/297
f 511/339/297 512/340/298 513/341/299
f 511/339/297 513/341/299 514/342/300
f 515/343/301 511/339/297 514/342/300
f 515/343/301 514/342/300 516/344/302
f 506/332/290 511/339/297 515/343/301
f 517/345/303 518/346/304 519/347/305
f 517/345/303 519/347/305 520/348/306
f 505/331/289 517/345/303 512/340/298
f 512/340/298 520/348/306 513/341/299
f 512/340/298 517/345/303 520/348/306
f 521/349/307 518/346/304 517/345/303
f 495/324/282 521/349/307 505/331/289
f 505/331/289 521/349/307 517/345/303
f 490/319/277 522/350/308 494/322/280
f 522/350/308 527/351/309 523/352/310
f 523/352/310 518/346/304 521/349/307
f 522/350/308 523/352/310 521/349/307
f 494/322/280 522/350/308 521/349/307
f 494/322/280 521/349/307 495/324/282
f 525/353/311 526/354/312 536/355/313
f 489/318/276 527/351/309 522/350/308
f 718/356/314 527/351/309 489/318/276
f 489/318/276 522/350/308 490/319/277
f 507/333/291 493/321/279 528/357/315
f 510/337/295 507/333/291 528/357/315
f 472/328/286 507/333/291 510/337/295
f 528/357/315 493/321/279 529/358/316
f 484/359/317 482/308/266 530/360/318
f 482/308/266 481/310/268 530/360/318
f 484/359/317 530/360/318 538/361/319
f 520/348/306 519/347/305 524/362/320
f 520/348/306 524/362/320 501/363/321
f 513/341/299 520/348/306 501/363/321
f 502/326/284 525/353/311 486/364/322
f 503/327/285 502/326/284 486/364/322
f 503/327/285 486/364/322 538/361/319
f 508/329/287 479/365/323 483/336/294
f 508/329/287 510/337/295 479/365/323
f 514/342/300 513/341/299 497/366/324
f 513/341/299 501/363/321 498/367/325
f 497/366/324 513/341/299 498/367/325
f 516/344/302 497/366/324 500/368/326
f 516/344/302 514/342/300 497/366/324
f 510/337/295 528/357/315 477/305/263
f 510/337/295 477/305/263 476/307/265
f 528/357/315 529/358/316 480/306/264
f 528/357/315 480/306/264 477/305/263
f 510/337/295 476/307/265 479/365/323
f 519/347/305 532/369/327 531/370/328
f 532/369/327 509/334/292 531/370/328
f 531/370/328 509/334/292 485/338/296
f 519/347/305 531/370/328 524/362/320
f 532/369/327 533/371/329 509/334/292
f 518/346/304 532/369/327 519/347/305
f 523/352/310 534/304/262 533/371/329
f 527/351/309 534/304/262 523/352/310
f 533/371/329 534/304/262 487/312/270
f 523/352/310 533/371/329 532/369/327
f 523/352/310 532/369/327 518/346/304
f 536/355/313 484/359/317 486/364/322
f 536/355/313 486/364/322 525/353/311
f 526/354/312 535/372/330 536/355/313
f 537/373/331 534/304/262 527/351/309
f 537/373/331 473/302/260 534/304/262
f 486/364/322 484/359/317 538/361/319
f 500/368/326 497/366/324 498/367/325
f 533/371/329 546/374/332 509/334/292
f 545/335/293 547/375/333 192/311/269
f 487/312/270 192/311/269 547/375/333
f 545/335/293 509/334/292 546/374/332
f 533/371/329 487/312/270 547/375/333
f 549/376/334 550/377/335 546/374/332
f 551/378/336 552/379/337 547/375/333
f 548/380/338 549/376/334 546/374/332
f 552/379/337 554/381/339 533/371/329
f 552/379/337 533/371/329 547/375/333
f 550/377/335 545/335/293 546/374/332
f 550/377/335 555/382/340 545/335/293
f 554/381/339 548/380/338 546/374/332
f 554/381/339 546/374/332 533/371/329
f 555/382/340 556/383/341 547/375/333
f 555/382/340 547/375/333 545/335/293
f 556/383/341 551/378/336 547/375/333
f 561/384/342 464/385/343 445/386/344
f 558/387/345 422/388/346 462/293/251
f 426/389/347 561/384/342 445/386/344
f 562/390/348 560/391/349 561/384/342
f 563/392/350 566/393/351 585/394/352
f 566/393/351 571/395/353 574/396/354
f 570/397/355 558/387/345 462/293/251
f 464/385/343 569/398/356 445/386/344
f 574/396/354 558/387/345 570/397/355
f 563/392/350 561/384/342 566/393/351
f 560/391/349 572/399/357 571/395/353
f 458/46/16 575/400/16 581/288/246
f 570/397/355 461/295/253 576/401/358
f 574/396/354 132/63/60 585/394/352
f 574/396/354 585/394/352 566/393/351
f 461/295/253 570/397/355 462/293/251
f 445/386/344 569/398/356 580/402/359
f 569/398/356 738/403/360 578/404/361
f 563/392/350 568/405/362 738/403/360
f 571/395/353 558/387/345 574/396/354
f 561/384/342 560/391/349 566/393/351
f 566/393/351 560/391/349 571/395/353
f 574/396/354 570/397/355 573/406/363
f 576/401/358 460/294/252 579/407/364
f 582/408/365 583/409/366 460/294/252
f 582/408/365 460/294/252 462/293/251
f 460/294/252 583/409/366 579/407/364
f 464/385/343 561/384/342 563/392/350
f 564/410/367 1144/69/66 579/407/364
f 576/401/358 461/295/253 460/294/252
f 579/407/364 583/409/366 564/410/367
f 576/401/358 5/411/368 565/412/369
f 576/401/358 579/407/364 5/411/368
f 5/411/368 584/413/370 565/412/369
f 584/413/370 143/414/371 565/412/369
f 559/415/372 584/413/370 5/411/368
f 579/407/364 1144/69/66 5/411/368
f 132/63/60 574/396/354 577/416/373
f 565/412/369 573/406/363 570/397/355
f 565/412/369 570/397/355 576/401/358
f 573/406/363 577/416/373 574/396/354
f 132/63/60 136/65/62 567/417/374
f 132/63/60 567/417/374 585/394/352
f 563/392/350 569/398/356 464/385/343
f 463/418/375 562/390/348 561/384/342
f 463/418/375 561/384/342 426/389/347
f 99/50/16 586/419/376 587/420/377
f 738/403/360 766/421/378 578/404/361
f 567/417/374 568/405/362 585/394/352
f 563/392/350 738/403/360 569/398/356
f 568/405/362 563/392/350 585/394/352
f 569/398/356 578/404/361 588/422/379
f 558/387/345 571/395/353 589/423/380
f 590/424/381 591/425/382 592/426/16
f 590/424/381 592/426/16 458/46/16
f 57/427/383 56/428/384 593/429/385
f 54/430/386 594/431/387 595/432/388
f 54/430/386 595/432/388 596/433/389
f 57/427/383 557/434/390 594/431/387
f 57/427/383 594/431/387 597/435/391
f 57/427/383 593/429/385 557/434/390
f 704/436/392 601/437/393 725/438/394
f 603/439/395 601/437/393 704/436/392
f 605/440/396 604/441/397 609/442/398
f 607/443/399 606/444/400 481/310/268
f 607/443/399 481/310/268 478/309/267
f 601/437/393 610/445/401 600/446/402
f 612/447/403 614/448/404 606/444/400
f 612/447/403 615/449/405 614/448/404
f 602/450/406 616/451/407 633/452/408
f 602/450/406 633/452/408 603/439/395
f 667/453/409 617/454/410 616/451/407
f 667/453/409 616/451/407 602/450/406
f 727/455/411 621/456/412 618/457/413
f 727/455/411 618/457/413 598/458/414
f 598/458/414 618/457/413 619/459/415
f 598/458/414 619/459/415 12/60/57
f 618/457/413 620/460/416 619/459/415
f 621/456/412 622/461/417 620/460/416
f 621/456/412 620/460/416 618/457/413
f 601/437/393 638/462/418 610/445/401
f 622/461/417 623/463/419 620/460/416
f 625/464/420 624/465/421 623/463/419
f 622/461/417 625/464/420 623/463/419
f 628/466/422 629/467/423 630/468/424
f 625/464/420 634/469/425 624/465/421
f 624/465/421 634/469/425 635/470/426
f 625/464/420 636/471/427 634/469/425
f 603/439/395 637/472/428 601/437/393
f 601/437/393 637/472/428 638/462/418
f 639/473/429 641/474/430 633/452/408
f 640/475/431 611/476/432 641/474/430
f 640/475/431 641/474/430 639/473/429
f 633/452/408 642/477/433 603/439/395
f 633/452/408 641/474/430 642/477/433
f 640/475/431 613/478/434 611/476/432
f 636/471/427 643/479/435 634/469/425
f 634/469/425 643/479/435 644/480/436
f 634/469/425 644/480/436 635/470/426
f 643/479/435 646/481/437 645/482/438
f 643/479/435 645/482/438 644/480/436
f 647/483/439 648/484/440 646/481/437
f 647/483/439 646/481/437 643/479/435
f 636/471/427 647/483/439 643/479/435
f 649/485/441 650/486/442 651/487/443
f 649/485/441 652/488/444 650/486/442
f 635/470/426 644/480/436 649/485/441
f 644/480/436 645/482/438 652/488/444
f 644/480/436 652/488/444 649/485/441
f 653/489/445 649/485/441 651/487/443
f 624/465/421 635/470/426 653/489/445
f 635/470/426 649/485/441 653/489/445
f 620/460/416 623/463/419 654/490/446
f 654/490/446 655/491/447 661/492/448
f 655/491/447 653/489/445 651/487/443
f 654/490/446 653/489/445 655/491/447
f 623/463/419 624/465/421 653/489/445
f 623/463/419 653/489/445 654/490/446
f 657/493/449 658/494/450 659/495/451
f 739/496/452 661/492/448 669/497/453
f 660/498/454 654/490/446 661/492/448
f 619/459/415 620/460/416 654/490/446
f 619/459/415 654/490/446 660/498/454
f 637/472/428 662/499/455 638/462/418
f 642/477/433 662/499/455 637/472/428
f 603/439/395 642/477/433 637/472/428
f 662/499/455 663/500/456 638/462/418
f 614/448/404 530/360/318 606/444/400
f 530/360/318 481/310/268 606/444/400
f 614/448/404 538/361/319 530/360/318
f 652/488/444 632/501/457 656/502/458
f 652/488/444 656/502/458 650/486/442
f 645/482/438 632/501/457 652/488/444
f 629/467/423 664/503/459 630/468/424
f 630/468/424 664/503/459 657/493/449
f 664/503/459 615/449/405 657/493/449
f 538/361/319 615/449/405 664/503/459
f 641/474/430 611/476/432 608/504/460
f 641/474/430 608/504/460 642/477/433
f 646/481/437 626/505/461 645/482/438
f 645/482/438 627/506/462 632/501/457
f 626/505/461 627/506/462 645/482/438
f 648/484/440 631/507/463 626/505/461
f 648/484/440 626/505/461 646/481/437
f 642/477/433 604/441/397 605/440/396
f 642/477/433 605/440/396 662/499/455
f 662/499/455 605/440/396 609/442/398
f 662/499/455 609/442/398 663/500/456
f 642/477/433 608/504/460 604/441/397
f 665/508/464 613/478/434 640/475/431
f 650/486/442 656/502/458 665/508/464
f 651/487/443 650/486/442 665/508/464
f 651/487/443 665/508/464 666/509/465
f 666/509/465 665/508/464 640/475/431
f 655/491/447 666/509/465 667/453/409
f 661/492/448 655/491/447 667/453/409
f 666/509/465 617/454/410 667/453/409
f 655/491/447 651/487/443 666/509/465
f 658/494/450 615/449/405 612/447/403
f 658/494/450 657/493/449 615/449/405
f 659/495/451 658/494/450 668/510/466
f 669/497/453 667/453/409 599/511/467
f 669/497/453 661/492/448 667/453/409
f 599/511/467 667/453/409 602/450/406
f 615/449/405 538/361/319 614/448/404
f 499/325/283 503/327/285 629/467/423
f 628/466/422 499/325/283 629/467/423
f 631/507/463 627/506/462 626/505/461
f 503/327/285 664/503/459 629/467/423
f 664/503/459 503/327/285 538/361/319
f 617/454/410 640/475/431 676/512/468
f 617/454/410 676/512/468 675/513/469
f 639/473/429 616/451/407 677/514/470
f 617/454/410 677/514/470 616/451/407
f 639/473/429 676/512/468 640/475/431
f 617/454/410 675/513/469 677/514/470
f 679/515/471 676/512/468 680/516/472
f 681/517/473 677/514/470 682/518/474
f 678/519/475 676/512/468 679/515/471
f 682/518/474 677/514/470 675/513/469
f 682/518/474 675/513/469 683/520/476
f 680/516/472 676/512/468 639/473/429
f 680/516/472 639/473/429 684/521/477
f 683/520/476 675/513/469 676/512/468
f 683/520/476 676/512/468 678/519/475
f 674/522/478 544/523/479 542/524/480
f 674/522/478 542/524/480 672/525/481
f 684/521/477 639/473/429 677/514/470
f 684/521/477 677/514/470 685/526/482
f 672/525/481 542/524/480 540/527/483
f 672/525/481 540/527/483 671/528/484
f 685/526/482 677/514/470 681/517/473
f 553/529/485 541/530/486 539/531/487
f 553/529/485 539/531/487 670/532/488
f 673/533/489 543/534/490 541/530/486
f 673/533/489 541/530/486 553/529/485
f 674/522/478 539/531/487 544/523/479
f 671/528/484 540/527/483 543/534/490
f 671/528/484 543/534/490 673/533/489
f 670/532/488 539/531/487 674/522/478
f 666/509/465 640/475/431 617/454/410
f 686/535/491 687/536/492 688/537/493
f 687/536/492 691/538/494 688/537/493
f 689/539/495 686/535/491 688/537/493
f 83/540/496 758/541/497 756/542/498
f 14/543/499 694/544/500 695/545/501
f 716/546/502 696/547/503 687/536/492
f 149/76/73 436/271/229 153/72/69
f 693/548/504 1130/549/505 102/53/16
f 693/548/504 102/53/16 692/550/506
f 721/551/507 702/552/508 472/328/286
f 156/80/77 708/553/509 710/554/510
f 713/555/511 714/556/512 693/548/504
f 713/555/511 693/548/504 692/550/506
f 706/557/513 707/558/514 705/559/515
f 707/558/514 7/560/516 705/559/515
f 7/560/516 708/553/509 705/559/515
f 710/554/510 711/561/517 712/562/128
f 710/554/510 708/553/509 711/561/517
f 715/563/518 7/560/516 707/558/514
f 686/535/491 436/271/229 687/536/492
f 153/72/69 436/271/229 686/535/491
f 436/271/229 716/546/502 687/536/492
f 711/561/517 708/553/509 7/560/516
f 689/539/495 153/72/69 686/535/491
f 717/564/519 718/356/314 468/317/275
f 705/559/515 709/565/520 719/566/521
f 705/559/515 708/553/509 709/565/520
f 722/567/522 717/564/519 468/317/275
f 11/568/523 705/559/515 719/566/521
f 11/568/523 719/566/521 8/1/1
f 723/569/524 722/567/522 468/317/275
f 723/569/524 468/317/275 724/570/525
f 436/271/229 437/273/231 716/546/502
f 468/317/275 6/571/526 724/570/525
f 701/283/241 456/297/255 763/572/527
f 720/573/528 726/574/529 537/373/331
f 720/573/528 537/373/331 718/356/314
f 156/80/77 689/539/495 708/553/509
f 437/273/231 701/283/241 716/546/502
f 690/575/530 721/551/507 472/328/286
f 159/82/79 153/72/69 689/539/495
f 156/80/77 159/82/79 689/539/495
f 736/576/531 699/577/532 567/417/374
f 699/577/532 728/578/533 700/579/534
f 699/577/532 729/580/535 730/581/536
f 699/577/532 730/581/536 728/578/533
f 736/576/531 731/582/537 729/580/535
f 736/576/531 729/580/535 699/577/532
f 726/574/529 473/302/260 537/373/331
f 733/583/538 82/584/539 734/585/540
f 16/4/4 18/6/6 735/586/541
f 136/65/62 736/576/531 567/417/374
f 139/587/542 736/576/531 136/65/62
f 765/588/543 737/589/544 687/536/492
f 741/57/54 742/590/545 754/55/52
f 741/57/54 743/591/546 742/590/545
f 16/4/4 735/586/541 745/592/547
f 740/593/548 744/594/549 20/7/7
f 744/594/549 754/55/52 20/7/7
f 745/592/547 41/595/550 16/4/4
f 568/405/362 699/577/532 700/579/534
f 567/417/374 699/577/532 568/405/362
f 741/57/54 19/596/551 743/591/546
f 748/597/552 732/598/553 746/599/554
f 19/596/551 749/600/555 743/591/546
f 19/596/551 750/601/556 752/602/557
f 19/596/551 752/602/557 749/600/555
f 751/603/558 732/598/553 748/597/552
f 746/599/554 732/598/553 739/496/452
f 568/405/362 700/579/534 753/604/559
f 568/405/362 753/604/559 738/403/360
f 739/496/452 669/497/453 747/605/560
f 751/603/558 12/60/57 732/598/553
f 754/55/52 742/590/545 731/582/537
f 20/7/7 754/55/52 139/587/542
f 139/587/542 754/55/52 736/576/531
f 698/606/561 603/439/395 704/436/392
f 747/605/560 669/497/453 703/607/562
f 703/607/562 669/497/453 599/511/467
f 754/55/52 731/582/537 736/576/531
f 21/8/8 20/7/7 755/608/563
f 23/609/564 83/540/496 756/542/498
f 733/583/538 756/542/498 758/541/497
f 756/542/498 757/610/565 23/609/564
f 700/579/534 728/578/533 759/611/566
f 728/578/533 730/581/536 760/612/567
f 738/403/360 753/604/559 761/613/568
f 701/283/241 762/614/569 716/546/502
f 764/615/570 24/300/258 721/551/507
f 687/536/492 737/589/544 691/538/494
f 728/578/533 760/612/567 759/611/566
f 725/438/394 767/616/571 704/436/392
f 769/617/572 770/618/573 52/15/15
f 769/617/572 52/15/15 51/17/17
f 713/555/511 771/619/574 714/556/512
f 771/619/574 772/620/575 714/556/512
f 773/621/576 772/620/575 774/622/577
f 773/621/576 774/622/577 775/623/578
f 775/623/578 770/618/573 769/617/572
f 775/623/578 769/617/572 773/621/576
f 772/620/575 771/619/574 774/622/577
f 53/16/16 694/544/500 14/543/499
f 53/16/16 14/543/499 105/54/51
f 468/317/275 718/356/314 489/318/276
f 718/356/314 537/373/331 527/351/309
f 473/302/260 690/575/530 471/303/261
f 690/575/530 472/328/286 471/303/261
f 472/328/286 702/552/508 475/299/257
f 702/552/508 24/300/258 475/299/257
f 24/300/258 768/624/579 474/301/259
f 600/446/402 725/438/394 601/437/393
f 698/606/561 602/450/406 603/439/395
f 698/606/561 599/511/467 602/450/406
f 739/496/452 732/598/553 660/498/454
f 739/496/452 660/498/454 661/492/448
f 732/598/553 619/459/415 660/498/454
f 732/598/553 12/60/57 619/459/415
f 469/314/272 6/571/526 488/315/273
f 6/571/526 468/317/275 488/315/273
f 668/510/466 658/494/450 612/447/403
f 668/510/466 612/447/403 777/625/580
f 778/626/581 630/468/424 779/627/582
f 779/627/582 657/493/449 659/495/451
f 779/627/582 630/468/424 657/493/449
f 628/466/422 630/468/424 778/626/581
f 780/628/583 612/447/403 606/444/400
f 777/625/580 612/447/403 780/628/583
f 781/629/584 607/443/399 478/309/267
f 781/629/584 478/309/267 782/630/585
f 780/628/583 606/444/400 607/443/399
f 780/628/583 607/443/399 781/629/584
f 535/372/330 783/631/586 484/359/317
f 535/372/330 484/359/317 536/355/313
f 784/632/587 785/633/588 502/326/284
f 785/633/588 526/354/312 525/353/311
f 785/633/588 525/353/311 502/326/284
f 784/632/587 502/326/284 499/325/283
f 786/634/589 784/632/587 499/325/283
f 783/631/586 787/635/590 482/308/266
f 783/631/586 482/308/266 484/359/317
f 787/635/590 478/309/267 482/308/266
f 787/635/590 782/630/585 478/309/267
f 786/634/589 499/325/283 628/466/422
f 5/411/368 1144/69/66 559/415/372
f 143/414/371 577/416/373 573/406/363
f 143/414/371 573/406/363 565/412/369
f 582/408/365 755/608/563 564/410/367
f 582/408/365 564/410/367 583/409/366
f 3/276/234 2/275/233 1/291/249
f 446/282/240 457/284/242 697/287/245
f 993/636/591 106/637/592 107/638/593
f 795/639/594 796/640/595 34/641/596
f 795/639/594 34/641/596 113/642/597
f 793/643/598 792/644/599 794/645/600
f 30/10/10 1006/646/601 1007/647/602
f 30/10/10 1007/647/602 31/11/11
f 796/640/595 26/648/603 34/641/596
f 796/640/595 797/649/604 26/648/603
f 797/649/604 798/650/605 805/651/606
f 797/649/604 805/651/606 26/648/603
f 794/645/600 792/644/599 801/652/607
f 32/12/12 789/653/608 30/10/10
f 29/23/23 33/654/609 34/641/596
f 794/645/600 803/655/610 800/656/611
f 794/645/600 800/656/611 799/657/612
f 794/645/600 801/652/607 803/655/610
f 112/658/613 122/659/614 804/660/615
f 112/658/613 804/660/615 113/642/597
f 796/640/595 798/650/605 797/649/604
f 806/661/616 989/662/617 810/663/618
f 989/662/617 806/661/616 807/664/619
f 37/665/620 809/666/621 28/667/622
f 28/667/622 809/666/621 27/668/623
f 27/668/623 810/663/618 989/662/617
f 107/638/593 37/665/620 28/667/622
f 36/669/624 107/638/593 790/670/625
f 35/671/626 36/669/624 38/672/627
f 27/668/623 811/673/628 810/663/618
f 809/666/621 811/673/628 27/668/623
f 37/665/620 107/638/593 36/669/624
f 807/664/619 806/661/616 813/674/629
f 807/664/619 813/674/629 812/675/630
f 807/664/619 812/675/630 788/676/631
f 814/677/632 805/651/606 798/650/605
f 113/642/597 34/641/596 112/658/613
f 34/641/596 33/654/609 112/658/613
f 814/677/632 798/650/605 815/678/633
f 809/666/621 37/665/620 816/679/634
f 809/666/621 816/679/634 817/680/635
f 81/681/636 818/682/637 819/683/638
f 821/684/639 820/685/640 43/686/641
f 821/684/639 43/686/641 822/687/642
f 824/688/643 822/687/642 825/689/644
f 997/690/645 43/686/641 826/691/646
f 40/692/647 827/693/648 44/694/649
f 828/695/650 827/693/648 829/696/651
f 44/694/649 827/693/648 828/695/650
f 827/693/648 40/692/647 830/697/652
f 72/698/653 40/692/647 44/694/649
f 823/699/654 43/686/641 820/685/640
f 41/595/550 44/694/649 45/13/13
f 41/595/550 45/13/13 16/4/4
f 831/700/655 832/701/656 833/702/657
f 821/684/639 822/687/642 824/688/643
f 833/702/657 825/689/644 831/700/655
f 825/689/644 833/702/657 824/688/643
f 44/694/649 828/695/650 45/13/13
f 838/703/658 45/13/13 828/695/650
f 830/697/652 829/696/651 827/693/648
f 834/704/659 835/705/660 991/706/661
f 834/704/659 991/706/661 836/707/662
f 991/706/661 835/705/660 42/708/663
f 81/681/636 802/709/664 49/710/665
f 81/681/636 49/710/665 818/682/637
f 818/682/637 47/711/666 819/683/638
f 81/681/636 819/683/638 108/712/667
f 81/681/636 108/712/667 791/713/668
f 793/643/598 30/10/10 789/653/608
f 793/643/598 789/653/608 792/644/599
f 46/714/669 47/711/666 818/682/637
f 42/708/663 835/705/660 837/715/670
f 802/709/664 42/708/663 837/715/670
f 802/709/664 837/715/670 49/710/665
f 837/715/670 48/716/671 49/710/665
f 50/717/672 818/682/637 49/710/665
f 788/676/631 839/718/673 834/704/659
f 788/676/631 834/704/659 836/707/662
f 788/676/631 812/675/630 839/718/673
f 838/703/658 828/695/650 829/696/651
f 45/13/13 838/703/658 111/14/14
f 838/703/658 829/696/651 841/719/674
f 808/720/675 841/719/674 829/696/651
f 111/14/14 842/721/676 843/722/677
f 111/14/14 843/722/677 16/4/4
f 841/719/674 840/723/678 838/703/658
f 830/697/652 808/720/675 829/696/651
f 48/716/671 844/724/679 845/725/680
f 48/716/671 845/725/680 49/710/665
f 846/726/681 847/727/682 848/728/683
f 849/729/684 850/730/685 56/428/384
f 851/731/686 57/427/383 55/732/687
f 594/431/387 54/430/386 597/435/391
f 57/427/383 851/731/686 852/733/688
f 853/734/689 854/735/690 855/736/691
f 853/734/689 855/736/691 856/737/692
f 857/738/693 858/739/694 860/740/695
f 857/738/693 860/740/695 859/741/696
f 861/742/697 862/743/698 863/744/699
f 864/745/700 862/743/698 861/742/697
f 865/746/701 866/747/702 867/748/703
f 868/749/704 866/747/702 865/746/701
f 869/750/705 851/731/686 597/435/391
f 55/732/687 597/435/391 851/731/686
f 870/751/706 871/752/707 852/733/688
f 852/733/688 871/752/707 849/729/684
f 872/753/708 851/731/686 869/750/705
f 57/427/383 852/733/688 849/729/684
f 55/732/687 57/427/383 597/435/391
f 856/737/692 869/750/705 54/430/386
f 869/750/705 597/435/391 54/430/386
f 856/737/692 855/736/691 869/750/705
f 869/750/705 855/736/691 872/753/708
f 851/731/686 872/753/708 870/751/706
f 851/731/686 870/751/706 852/733/688
f 849/729/684 873/754/709 850/730/685
f 849/729/684 871/752/707 873/754/709
f 856/737/692 54/430/386 596/433/389
f 856/737/692 596/433/389 853/734/689
f 868/749/704 874/755/710 866/747/702
f 846/726/681 848/728/683 874/755/710
f 846/726/681 874/755/710 868/749/704
f 864/745/700 867/748/703 862/743/698
f 865/746/701 867/748/703 864/745/700
f 861/742/697 863/744/699 875/756/711
f 861/742/697 875/756/711 876/757/712
f 858/739/694 877/758/713 860/740/695
f 878/759/714 879/760/715 880/761/716
f 878/759/714 880/761/716 901/762/717
f 881/763/718 857/738/693 859/741/696
f 881/763/718 859/741/696 882/764/719
f 883/765/720 881/763/718 882/764/719
f 883/765/720 882/764/719 884/766/721
f 879/760/715 883/765/720 884/766/721
f 879/760/715 884/766/721 880/761/716
f 458/46/16 885/767/722 886/768/723
f 1012/769/724 1010/770/725 887/771/726
f 1012/769/724 887/771/726 888/772/727
f 859/741/696 889/773/728 890/774/729
f 891/775/730 880/761/716 884/766/721
f 1011/776/731 1012/769/724 892/777/732
f 892/777/732 1012/769/724 888/772/727
f 1015/778/733 1011/776/731 892/777/732
f 1015/778/733 892/777/732 893/779/734
f 880/761/716 891/775/730 894/780/735
f 890/774/729 882/764/719 859/741/696
f 1016/781/736 1014/782/737 895/783/738
f 1014/782/737 896/784/739 895/783/738
f 882/764/719 890/774/729 897/785/740
f 898/786/741 899/787/742 860/740/695
f 898/786/741 860/740/695 877/758/713
f 901/762/717 894/780/735 900/788/743
f 899/787/742 889/773/728 859/741/696
f 899/787/742 859/741/696 860/740/695
f 897/785/740 884/766/721 882/764/719
f 1014/782/737 1013/789/744 896/784/739
f 1013/789/744 1015/778/733 893/779/734
f 1013/789/744 893/779/734 896/784/739
f 884/766/721 897/785/740 891/775/730
f 894/780/735 901/762/717 880/761/716
f 879/760/715 868/749/704 883/765/720
f 868/749/704 865/746/701 883/765/720
f 865/746/701 881/763/718 883/765/720
f 865/746/701 864/745/700 881/763/718
f 864/745/700 857/738/693 881/763/718
f 846/726/681 868/749/704 879/760/715
f 846/726/681 879/760/715 878/759/714
f 861/742/697 876/757/712 858/739/694
f 858/739/694 876/757/712 877/758/713
f 864/745/700 861/742/697 858/739/694
f 864/745/700 858/739/694 857/738/693
f 887/771/726 903/790/745 902/791/746
f 892/777/732 888/772/727 905/792/747
f 892/777/732 905/792/747 904/793/748
f 906/794/749 907/795/750 896/784/739
f 896/784/739 893/779/734 908/796/751
f 896/784/739 908/796/751 906/794/749
f 888/772/727 887/771/726 902/791/746
f 888/772/727 902/791/746 905/792/747
f 907/795/750 909/797/752 895/783/738
f 895/783/738 896/784/739 907/795/750
f 893/779/734 892/777/732 904/793/748
f 893/779/734 904/793/748 908/796/751
f 855/736/691 854/735/690 911/798/753
f 855/736/691 911/798/753 910/799/754
f 872/753/708 913/800/755 912/801/756
f 914/802/757 915/803/758 871/752/707
f 871/752/707 870/751/706 916/804/759
f 871/752/707 916/804/759 914/802/757
f 913/800/755 872/753/708 855/736/691
f 855/736/691 910/799/754 913/800/755
f 915/803/758 917/805/760 873/754/709
f 915/803/758 873/754/709 871/752/707
f 870/751/706 872/753/708 912/801/756
f 870/751/706 912/801/756 916/804/759
f 56/428/384 57/427/383 849/729/684
f 918/806/761 58/807/762 919/808/763
f 919/808/763 60/809/764 920/810/765
f 61/18/18 923/811/766 62/19/19
f 924/812/767 63/20/20 60/809/764
f 925/813/768 60/809/764 58/807/762
f 59/814/769 918/806/761 921/815/770
f 922/816/771 926/817/772 61/18/18
f 923/811/766 61/18/18 926/817/772
f 927/818/773 924/812/767 60/809/764
f 63/20/20 62/19/19 64/21/21
f 63/20/20 64/21/21 920/810/765
f 927/818/773 928/819/774 924/812/767
f 63/20/20 924/812/767 61/18/18
f 59/814/769 925/813/768 58/807/762
f 929/820/775 930/821/776 931/822/777
f 929/820/775 931/822/777 59/814/769
f 928/819/774 922/816/771 61/18/18
f 928/819/774 61/18/18 924/812/767
f 927/818/773 60/809/764 925/813/768
f 921/815/770 929/820/775 59/814/769
f 59/814/769 931/822/777 925/813/768
f 931/822/777 930/821/776 932/823/778
f 925/813/768 931/822/777 927/818/773
f 931/822/777 932/823/778 933/824/779
f 927/818/773 931/822/777 933/824/779
f 927/818/773 933/824/779 934/825/780
f 927/818/773 934/825/780 935/826/781
f 928/819/774 927/818/773 935/826/781
f 928/819/774 935/826/781 936/827/782
f 922/816/771 928/819/774 936/827/782
f 922/816/771 936/827/782 937/828/783
f 926/817/772 922/816/771 937/828/783
f 919/808/763 58/807/762 60/809/764
f 938/829/784 29/23/23 67/25/25
f 59/814/769 58/807/762 918/806/761
f 25/830/785 71/831/786 68/26/26
f 25/830/785 68/26/26 29/23/23
f 939/33/33 1006/646/601 940/832/787
f 941/833/788 40/692/647 72/698/653
f 39/834/789 40/692/647 941/833/788
f 944/835/790 942/836/791 943/837/792
f 949/838/793 946/839/794 974/840/795
f 950/841/796 974/840/795 946/839/794
f 974/840/795 950/841/796 945/842/797
f 948/843/798 951/844/799 952/845/800
f 948/843/798 952/845/800 947/846/801
f 951/844/799 955/847/802 952/845/800
f 952/845/800 955/847/802 956/848/803
f 953/849/804 957/850/805 958/851/806
f 953/849/804 959/852/807 957/850/805
f 960/853/808 948/843/798 947/846/801
f 962/854/809 963/855/810 961/856/811
f 961/856/811 963/855/810 964/857/812
f 966/858/813 960/853/808 947/846/801
f 966/858/813 965/859/814 967/860/815
f 966/858/813 947/846/801 968/861/816
f 966/858/813 968/861/816 965/859/814
f 956/848/803 955/847/802 961/856/811
f 955/847/802 962/854/809 961/856/811
f 76/30/30 969/862/817 970/863/818
f 73/31/31 76/30/30 970/863/818
f 73/31/31 970/863/818 971/864/819
f 74/865/820 73/31/31 972/866/821
f 74/865/820 972/866/821 973/867/822
f 788/676/631 945/842/797 954/868/823
f 74/865/820 23/609/564 73/31/31
f 972/866/821 73/31/31 971/864/819
f 977/869/824 76/30/30 75/29/29
f 977/869/824 978/870/825 76/30/30
f 979/871/826 975/872/827 980/873/828
f 981/874/829 969/862/817 76/30/30
f 982/875/830 981/874/829 76/30/30
f 982/875/830 76/30/30 983/876/831
f 983/876/831 76/30/30 978/870/825
f 958/851/806 976/877/832 990/878/833
f 23/609/564 74/865/820 83/540/496
f 984/879/834 975/872/827 979/871/826
f 990/878/833 976/877/832 975/872/827
f 990/878/833 975/872/827 1003/880/835
f 990/878/833 989/662/617 958/851/806
f 989/662/617 953/849/804 958/851/806
f 788/676/631 954/868/823 807/664/619
f 985/881/836 954/868/823 953/849/804
f 985/881/836 953/849/804 989/662/617
f 945/842/797 788/676/631 836/707/662
f 807/664/619 954/868/823 985/881/836
f 974/840/795 836/707/662 1002/882/837
f 942/836/791 986/883/838 988/884/839
f 942/836/791 988/884/839 943/837/792
f 986/883/838 987/885/840 988/884/839
f 65/22/22 62/19/19 70/28/28
f 69/27/27 62/19/19 938/829/784
f 27/668/623 989/662/617 990/878/833
f 992/886/841 107/638/593 77/887/842
f 993/636/591 107/638/593 992/886/841
f 107/638/593 28/667/622 27/668/623
f 107/638/593 27/668/623 990/878/833
f 994/888/843 79/34/34 939/33/33
f 989/662/617 807/664/619 985/881/836
f 939/33/33 940/832/787 994/888/843
f 836/707/662 974/840/795 945/842/797
f 995/889/844 81/681/636 791/713/668
f 80/890/845 81/681/636 995/889/844
f 82/584/539 999/891/846 1000/892/847
f 82/584/539 1000/892/847 1005/893/848
f 1001/894/849 72/698/653 41/595/550
f 82/584/539 998/895/850 999/891/846
f 836/707/662 991/706/661 1002/882/837
f 1004/896/851 1003/880/835 984/879/834
f 996/897/852 43/686/641 997/690/645
f 997/690/645 1005/893/848 996/897/852
f 1007/647/602 1006/646/601 1008/898/853
f 1006/646/601 939/33/33 1008/898/853
f 1010/770/725 1009/899/854 887/771/726
f 887/771/726 1009/899/854 903/790/745
f 74/865/820 973/867/822 1017/900/855
f 83/540/496 74/865/820 1017/900/855
f 83/540/496 1017/900/855 1018/901/856
f 1019/902/857 82/584/539 733/583/538
f 758/541/497 1019/902/857 733/583/538
f 938/829/784 67/25/25 69/27/27
f 83/540/496 1018/901/856 1019/902/857
f 83/540/496 1019/902/857 758/541/497
f 1019/902/857 998/895/850 82/584/539
f 84/39/39 86/38/38 85/903/858
f 455/266/224 424/254/212 465/904/859
f 1024/905/860 1025/906/861 1026/907/862
f 1024/905/860 1026/907/862 1027/908/863
f 1027/908/863 1028/909/864 1029/910/865
f 1027/908/863 1026/907/862 1028/909/864
f 1030/911/866 1031/912/867 1021/913/868
f 88/914/869 90/40/40 1032/915/870
f 95/37/37 91/42/42 89/35/35
f 1028/909/864 1020/916/871 1029/910/865
f 1033/917/872 1029/910/865 1020/916/871
f 1032/915/870 1034/918/873 1035/919/874
f 1032/915/870 1035/919/874 1036/920/875
f 1037/921/876 1039/922/877 1038/923/878
f 1037/921/876 1040/924/879 1039/922/877
f 1041/925/880 1043/926/881 1044/927/882
f 1041/925/880 1044/927/882 1042/928/883
f 1043/926/881 1037/921/876 1044/927/882
f 1037/921/876 1038/923/878 1044/927/882
f 1045/929/884 1046/930/885 1047/931/886
f 91/42/42 92/932/887 93/41/41
f 1048/933/888 1049/934/889 1050/935/890
f 1048/933/888 1050/935/890 1051/936/891
f 1049/934/889 1052/937/892 1053/938/893
f 1049/934/889 1053/938/893 1050/935/890
f 87/36/36 1030/911/866 1021/913/868
f 87/36/36 1021/913/868 95/37/37
f 184/939/894 185/940/895 1054/941/896
f 1053/938/893 1052/937/892 1045/929/884
f 1053/938/893 1045/929/884 1047/931/886
f 1055/942/897 1056/943/898 1057/944/899
f 1055/942/897 1057/944/899 1058/945/900
f 1058/945/900 1057/944/899 1059/946/901
f 1058/945/900 1059/946/901 1060/947/902
f 1061/948/903 1062/949/904 1063/950/905
f 1063/950/905 1062/949/904 1056/943/898
f 1063/950/905 1056/943/898 1055/942/897
f 1068/951/906 1069/952/907 1070/953/908
f 1068/951/906 1070/953/908 1071/954/909
f 1066/955/910 1074/956/911 1098/957/912
f 1072/958/913 1073/959/914 1065/960/915
f 1072/958/913 1065/960/915 1064/961/916
f 1081/962/917 1082/963/918 1083/964/919
f 1081/962/917 1083/964/919 1089/965/920
f 1084/966/921 1085/967/922 1092/968/923
f 1084/966/921 1092/968/923 1086/969/924
f 1083/964/919 1086/969/924 1092/968/923
f 1083/964/919 1092/968/923 1089/965/920
f 1094/970/925 1095/971/926 1096/972/927
f 1094/970/925 1096/972/927 1066/955/910
f 1097/973/928 1094/970/925 1066/955/910
f 1097/973/928 1066/955/910 1098/957/912
f 1093/974/929 1077/975/930 1072/958/913
f 1093/974/929 1072/958/913 1064/961/916
f 1096/972/927 1207/976/931 1067/977/932
f 1096/972/927 1067/977/932 1066/955/910
f 1077/975/930 1080/978/933 1072/958/913
f 1099/979/934 1097/973/928 1098/957/912
f 1080/978/933 1076/980/935 1078/981/936
f 1080/978/933 1078/981/936 1072/958/913
f 1095/971/926 1075/982/937 1064/961/916
f 1075/982/937 1093/974/929 1064/961/916
f 1100/983/938 1069/952/907 1068/951/906
f 1100/983/938 1068/951/906 1101/984/939
f 1208/985/940 1067/977/932 1207/976/931
f 1105/986/941 1090/987/942 1091/988/943
f 1105/986/941 1091/988/943 1106/989/944
f 1101/984/939 1108/990/945 1107/991/946
f 1101/984/939 1107/991/946 1100/983/938
f 1091/988/943 1090/987/942 1107/991/946
f 1091/988/943 1107/991/946 1108/990/945
f 1111/992/947 1065/960/915 1073/959/914
f 1111/992/947 1073/959/914 1112/993/948
f 1112/993/948 1073/959/914 1103/994/949
f 1113/995/950 1074/956/911 1104/996/951
f 1104/996/951 1074/956/911 1067/977/932
f 1104/996/951 1067/977/932 1208/985/940
f 1103/994/949 1073/959/914 1102/997/952
f 1103/994/949 1102/997/952 1079/998/953
f 1114/999/954 1065/960/915 1111/992/947
f 1076/980/935 1079/998/953 1102/997/952
f 1076/980/935 1102/997/952 1078/981/936
f 1071/954/909 1070/953/908 1085/967/922
f 1071/954/909 1085/967/922 1084/966/921
f 1207/976/931 1096/972/927 1064/961/916
f 1207/976/931 1064/961/916 1065/960/915
f 99/50/16 1115/1000/16 1116/1001/955
f 99/50/16 1116/1001/955 1117/1002/956
f 458/46/16 886/768/723 97/47/46
f 458/46/16 96/45/45 590/424/381
f 99/50/16 1117/1002/956 98/48/47
f 99/50/16 100/49/48 1118/1003/957
f 99/50/16 1118/1003/957 1119/1004/958
f 102/53/16 1120/1005/959 1121/1006/960
f 1124/1007/961 1123/1008/962 1122/1009/16
f 1201/1010/963 1125/1011/964 1126/1012/965
f 1201/1010/963 1126/1012/965 1127/1013/966
f 160/77/74 447/285/243 4/290/248
f 1124/1007/961 1122/1009/16 1128/1014/16
f 575/400/16 102/53/16 1121/1006/960
f 1128/1014/16 99/50/16 587/420/377
f 1000/892/847 996/897/852 1005/893/848
f 60/809/764 63/20/20 920/810/765
f 102/53/16 101/52/50 1129/1015/967
f 1130/549/505 103/51/49 102/53/16
f 1122/1009/16 1131/1016/968 104/1017/969
f 1122/1009/16 104/1017/969 1132/1018/970
f 1133/1019/16 1122/1009/16 1132/1018/970
f 1133/1019/16 1132/1018/970 15/1020/971
f 1003/880/835 975/872/827 984/879/834
f 938/829/784 1134/1021/972 109/58/55
f 29/23/23 938/829/784 109/58/55
f 1135/1022/973 741/57/54 2866/56/53
f 41/595/550 745/592/547 1136/1023/16
f 41/595/550 1136/1023/16 1001/894/849
f 106/637/592 790/670/625 107/638/593
f 110/59/56 109/58/55 1137/1024/974
f 110/59/56 1137/1024/974 1138/1025/974
f 29/23/23 110/59/56 1139/1026/975
f 13/1027/976 14/543/499 695/545/501
f 815/678/633 798/650/605 796/640/595
f 815/678/633 796/640/595 795/639/594
f 751/603/558 114/1028/977 115/61/58
f 12/60/57 116/62/59 598/458/414
f 117/1029/978 598/458/414 118/1030/979
f 598/458/414 117/1029/978 727/455/411
f 598/458/414 116/62/59 118/1030/979
f 114/1028/977 751/603/558 1140/1031/980
f 6/571/526 127/1032/981 1141/1033/982
f 6/571/526 1141/1033/982 724/570/525
f 115/61/58 12/60/57 751/603/558
f 469/314/272 126/1034/983 127/1032/981
f 120/1035/984 1140/1031/980 119/1036/985
f 1141/1033/982 123/1037/986 128/1038/987
f 130/1039/988 129/1040/989 1142/1041/990
f 124/1042/991 1141/1033/982 128/1038/987
f 724/570/525 124/1042/991 130/1039/988
f 724/570/525 130/1039/988 1142/1041/990
f 120/1035/984 119/1036/985 121/1043/992
f 469/314/272 470/313/271 125/1044/993
f 127/1032/981 6/571/526 469/314/272
f 120/1035/984 114/1028/977 1140/1031/980
f 724/570/525 1141/1033/982 124/1042/991
f 125/1044/993 126/1034/983 469/314/272
f 1141/1033/982 127/1032/981 123/1037/986
f 843/722/677 131/1045/994 16/4/4
f 11/568/523 8/1/1 10/3/3
f 564/410/367 20/7/7 1144/69/66
f 20/7/7 564/410/367 755/608/563
f 144/1046/995 20/7/7 139/587/542
f 1143/1047/996 20/7/7 144/1046/995
f 1143/1047/996 144/1046/995 142/1048/997
f 1143/1047/996 142/1048/997 140/70/67
f 1143/1047/996 140/70/67 1144/69/66
f 1145/1049/998 1146/1050/999 1147/1051/1000
f 1145/1049/998 145/1052/1001 1146/1050/999
f 1148/1053/1002 1150/1054/1003 1149/1055/1004
f 1148/1053/1002 1151/1056/1005 1150/1054/1003
f 146/1057/1006 1152/1058/1007 1151/1056/1005
f 146/1057/1006 1151/1056/1005 1148/1053/1002
f 1153/1059/1008 1152/1058/1007 146/1057/1006
f 1153/1059/1008 1154/1060/1009 1152/1058/1007
f 1155/1061/1010 1154/1060/1009 1153/1059/1008
f 1155/1061/1010 1156/1062/1011 1154/1060/1009
f 1157/1063/1012 1156/1062/1011 1155/1061/1010
f 1157/1063/1012 1158/1064/1013 1156/1062/1011
f 1157/1063/1012 1159/1065/1014 1158/1064/1013
f 148/1066/1015 1159/1065/1014 1157/1063/1012
f 1145/1049/998 148/1066/1015 145/1052/1001
f 1145/1049/998 1160/1067/1016 1159/1065/1014
f 1145/1049/998 1159/1065/1014 148/1066/1015
f 1145/1049/998 1161/1068/1017 1160/1067/1016
f 1162/1069/1018 1161/1068/1017 1145/1049/998
f 1162/1069/1018 1163/1070/1019 1161/1068/1017
f 1144/69/66 20/7/7 1143/1047/996
f 1162/1069/1018 1145/1049/998 1147/1051/1000
f 1148/1053/1002 1149/1055/1004 1164/1071/1020
f 146/1057/1006 1148/1053/1002 1164/1071/1020
f 146/1057/1006 1164/1071/1020 147/1072/1021
f 1153/1059/1008 146/1057/1006 1165/1073/1022
f 1157/1063/1012 1155/1061/1010 1166/1074/1023
f 148/1066/1015 1157/1063/1012 1167/1075/1024
f 134/1076/1025 133/64/61 132/63/60
f 134/1076/1025 132/63/60 577/416/373
f 457/284/242 160/77/74 157/83/80
f 157/83/80 156/80/77 457/284/242
f 149/76/73 153/72/69 154/74/71
f 697/287/245 457/284/242 156/80/77
f 157/83/80 160/77/74 162/79/76
f 1168/1077/1026 1169/1078/1027 1170/1079/1028
f 1168/1077/1026 1170/1079/1028 164/1080/1029
f 1171/1081/1030 1172/1082/1031 1173/1083/1032
f 1171/1081/1030 1173/1083/1032 1174/1084/1033
f 165/1085/1034 1171/1081/1030 1174/1084/1033
f 165/1085/1034 1174/1084/1033 1175/1086/1035
f 1176/1087/1036 165/1085/1034 1175/1086/1035
f 1176/1087/1036 1175/1086/1035 1177/1088/1037
f 1178/1089/1038 1176/1087/1036 1177/1088/1037
f 1178/1089/1038 1177/1088/1037 1179/1090/1039
f 1180/1091/1040 1178/1089/1038 1179/1090/1039
f 1180/1091/1040 1179/1090/1039 1181/1092/1041
f 1180/1091/1040 1181/1092/1041 1182/1093/1042
f 167/1094/1043 1180/1091/1040 1182/1093/1042
f 1168/1077/1026 164/1080/1029 167/1094/1043
f 1168/1077/1026 167/1094/1043 1182/1093/1042
f 1168/1077/1026 1182/1093/1042 1183/1095/1044
f 1168/1077/1026 1183/1095/1044 1184/1096/1045
f 1185/1097/1046 1168/1077/1026 1184/1096/1045
f 1185/1097/1046 1184/1096/1045 1186/1098/1047
f 1185/1097/1046 1169/1078/1027 1168/1077/1026
f 1171/1081/1030 1187/1099/1048 1172/1082/1031
f 165/1085/1034 166/1100/1049 1187/1099/1048
f 165/1085/1034 1187/1099/1048 1171/1081/1030
f 1176/1087/1036 1188/1101/1050 165/1085/1034
f 1180/1091/1040 1189/1102/1051 1178/1089/1038
f 167/1094/1043 1190/1103/1052 1180/1091/1040
f 151/1104/1053 158/277/235 149/76/73
f 151/1104/1053 149/76/73 150/84/81
f 1191/1105/1054 1192/1106/1055 1193/1107/1056
f 1194/88/85 1033/917/872 1020/916/871
f 1194/88/85 1020/916/871 179/89/86
f 1195/1108/1057 1196/1109/1058 1197/1110/1059
f 1045/929/884 1052/937/892 1198/1111/1060
f 1046/930/885 1045/929/884 1199/1112/1061
f 1200/1113/1062 1031/912/867 1030/911/866
f 168/1114/1063 1201/1010/963 1127/1013/966
f 168/1114/1063 1127/1013/966 169/1115/1064
f 171/1116/1065 1126/1012/965 1125/1011/964
f 171/1116/1065 1125/1011/964 170/1117/1066
f 1022/1118/1067 88/914/869 1032/915/870
f 1022/1118/1067 1032/915/870 1023/1119/1068
f 1202/1120/1069 456/297/255 455/266/224
f 1202/1120/1069 455/266/224 465/904/859
f 1032/915/870 90/40/40 84/39/39
f 1085/967/922 1070/953/908 1203/1121/1070
f 1085/967/922 1203/1121/1070 1204/1122/1071
f 1069/952/907 1100/983/938 1205/1123/1072
f 1069/952/907 1205/1123/1072 1206/1124/1073
f 177/1125/1074 175/91/88 186/93/90
f 177/1125/1074 186/93/90 178/1126/90
f 1066/955/910 1067/977/932 1074/956/911
f 1095/971/926 1064/961/916 1096/972/927
f 1065/960/915 1114/999/954 1208/985/940
f 1065/960/915 1208/985/940 1207/976/931
f 1209/44/44 1046/930/885 1210/1127/1075
f 1199/1112/1061 1210/1127/1075 1046/930/885
f 179/89/86 1036/920/875 180/90/87
f 721/551/507 24/300/258 702/552/508
f 696/547/503 765/588/543 687/536/492
f 1211/1128/1076 182/1129/1077 183/1130/1078
f 1211/1128/1076 183/1130/1078 1212/1131/1079
f 184/939/894 1213/1132/1080 185/940/895
f 1226/1133/1081 1215/1134/1082 1214/1135/1083
f 1215/1134/1082 1216/1136/1084 1217/1137/1085
f 1220/1138/1086 1221/1139/1087 1216/1136/1084
f 1218/1140/1088 1222/1141/1089 1223/1142/1090
f 1225/1143/1091 1220/1138/1086 1224/1144/1092
f 1215/1134/1082 1232/1145/1093 1214/1135/1083
f 1218/1140/1088 1228/1146/1094 1219/1147/1095
f 1220/1138/1086 1223/1142/1090 1224/1144/1092
f 1222/1141/1089 1218/1140/1088 1219/1147/1095
f 1223/1142/1090 1220/1138/1086 1218/1140/1088
f 1226/1133/1081 1229/1148/1096 1230/1149/1097
f 1221/1139/1087 1220/1138/1086 1225/1143/1091
f 1215/1134/1082 1220/1138/1086 1216/1136/1084
f 1226/1133/1081 1214/1135/1083 1227/1150/1098
f 1231/1151/1099 1234/1152/1100 1233/1153/1101
f 1236/1154/1102 1231/1151/1099 1235/1155/1103
f 1233/1153/1101 1234/1152/1100 1237/1156/1104
f 1215/1134/1082 1217/1137/1085 1232/1145/1093
f 1238/1157/1105 1248/1158/1106 1239/1159/1107
f 1230/1149/1097 1240/1160/1108 1241/1161/1109
f 1243/1162/1110 1255/1163/1111 1226/1133/1081
f 1220/1138/1086 1215/1134/1082 1245/1164/1112
f 1220/1138/1086 1258/1165/1113 1246/1166/1114
f 1247/1167/1115 1251/1168/1116 1218/1140/1088
f 1249/1169/1117 1250/1170/1118 188/1171/1119
f 1249/1169/1117 188/1171/1119 1256/1172/1120
f 1246/1166/1114 1247/1167/1115 1218/1140/1088
f 1246/1166/1114 1218/1140/1088 1220/1138/1086
f 1251/1168/1116 1252/1173/1121 1218/1140/1088
f 1252/1173/1121 1253/1174/1122 1238/1157/1105
f 1252/1173/1121 1238/1157/1105 1218/1140/1088
f 1256/1172/1120 1238/1157/1105 1239/1159/1107
f 1256/1172/1120 1239/1159/1107 1254/1175/1123
f 1230/1149/1097 188/1171/1119 1250/1170/1118
f 1230/1149/1097 1250/1170/1118 1240/1160/1108
f 1242/1176/1124 1243/1162/1110 1226/1133/1081
f 1257/1177/1125 1249/1169/1117 1256/1172/1120
f 1244/1178/1126 1245/1164/1112 1215/1134/1082
f 1254/1175/1123 1257/1177/1125 1256/1172/1120
f 1255/1163/1111 1244/1178/1126 1215/1134/1082
f 1253/1174/1122 1248/1158/1106 1238/1157/1105
f 1220/1138/1086 1245/1164/1112 1258/1165/1113
f 1215/1134/1082 1226/1133/1081 1255/1163/1111
f 1259/1179/1127 1231/1151/1099 1233/1153/1101
f 1235/1155/1103 1231/1151/1099 1259/1179/1127
f 1261/1180/1128 1281/1181/1129 1260/1182/1130
f 1261/1180/1128 1260/1182/1130 1262/1183/1131
f 1263/1184/1132 1261/1180/1128 1262/1183/1131
f 1235/1155/1103 1259/1179/1127 1264/1185/1133
f 1259/1179/1127 1233/1153/1101 1265/1186/1134
f 1264/1185/1133 1266/1187/1135 1267/1188/1136
f 1264/1185/1133 1259/1179/1127 1266/1187/1135
f 1268/1189/1137 1271/1190/1138 1269/1191/1139
f 1274/1192/1140 1273/1193/1141 1270/1194/1142
f 1278/1195/1143 1275/1196/1144 1276/1197/1145
f 1275/1196/1144 1278/1195/1143 1274/1192/1140
f 1277/1198/1146 1268/1189/1137 1269/1191/1139
f 1262/1183/1131 1279/1199/1147 1263/1184/1132
f 1283/1200/1148 1282/1201/1149 1281/1181/1129
f 1281/1181/1129 1282/1201/1149 1284/1202/1150
f 1226/1133/1081 1230/1149/1097 1241/1161/1109
f 1226/1133/1081 1241/1161/1109 1242/1176/1124
f 1276/1197/1145 1287/1203/1151 1278/1195/1143
f 1228/1146/1094 1218/1140/1088 1238/1157/1105
f 1275/1196/1144 1274/1192/1140 1270/1194/1142
f 1270/1194/1142 1273/1193/1141 1277/1198/1146
f 1270/1194/1142 1277/1198/1146 1269/1191/1139
f 1268/1189/1137 1272/1204/1152 1271/1190/1138
f 1272/1204/1152 1288/1205/1153 1271/1190/1138
f 1284/1202/1150 1260/1182/1130 1281/1181/1129
f 187/1206/1154 1229/1148/1096 1226/1133/1081
f 187/1206/1154 1226/1133/1081 1227/1150/1098
f 1292/1207/1155 1293/1208/1156 1294/1209/1157
f 1299/1210/1158 1295/1211/1159 1296/1212/1160
f 1297/1213/1161 1298/1214/1162 1302/1215/1163
f 1300/1216/1164 1301/1217/1165 1298/1214/1162
f 1300/1216/1164 1298/1214/1162 1297/1213/1161
f 1294/1209/1157 1290/1218/1166 1289/1219/1167
f 1296/1212/1160 1295/1211/1159 1303/1220/1168
f 1294/1209/1157 1293/1208/1156 1290/1218/1166
f 1296/1212/1160 1303/1220/1168 1283/1200/1148
f 1297/1213/1161 1302/1215/1163 1299/1210/1158
f 1289/1219/1167 1301/1217/1165 1300/1216/1164
f 1292/1207/1155 1279/1199/1147 1293/1208/1156
f 1263/1184/1132 1279/1199/1147 1292/1207/1155
f 1305/1221/1169 1306/1222/1170 1307/1223/1171
f 1308/1224/1172 1305/1221/1169 1307/1223/1171
f 737/589/544 765/588/543 1309/1225/1173
f 737/589/544 1309/1225/1173 1310/1226/1174
f 24/300/258 1304/1227/1175 1311/1228/1176
f 768/624/579 24/300/258 1311/1228/1176
f 24/300/258 764/615/570 1304/1227/1175
f 172/85/82 174/87/84 1312/1229/1177
f 1325/1230/1178 1313/1231/1179 1314/1232/1180
f 1314/1232/1180 1315/1233/1181 1316/1234/1182
f 1322/1235/1183 1316/1234/1182 1319/1236/1184
f 1317/1237/1185 1320/1238/1186 1321/1239/1187
f 1324/1240/1188 1323/1241/1189 1322/1235/1183
f 1314/1232/1180 1313/1231/1179 1330/1242/1190
f 1317/1237/1185 1318/1243/1191 1326/1244/1192
f 1322/1235/1183 1323/1241/1189 1320/1238/1186
f 1321/1239/1187 1318/1243/1191 1317/1237/1185
f 1320/1238/1186 1317/1237/1185 1322/1235/1183
f 1325/1230/1178 1327/1245/1193 1328/1246/1194
f 1319/1236/1184 1324/1240/1188 1322/1235/1183
f 1314/1232/1180 1316/1234/1182 1322/1235/1183
f 1325/1230/1178 190/1247/1195 1313/1231/1179
f 1333/1248/1196 1332/1249/1197 1329/1250/1198
f 1314/1232/1180 1330/1242/1190 1315/1233/1181
f 1335/1251/1199 1336/1252/1200 1337/1253/1201
f 1327/1245/1193 1339/1254/1202 1338/1255/1203
f 1341/1256/1204 1325/1230/1178 1353/1257/1205
f 1322/1235/1183 1343/1258/1206 1314/1232/1180
f 1322/1235/1183 1344/1259/1207 1345/1260/1208
f 1346/1261/1209 1317/1237/1185 1349/1262/1210
f 1347/1263/1211 1354/1264/1212 191/1265/1213
f 1347/1263/1211 191/1265/1213 1348/1266/1214
f 1344/1259/1207 1322/1235/1183 1317/1237/1185
f 1344/1259/1207 1317/1237/1185 1346/1261/1209
f 1349/1262/1210 1317/1237/1185 1350/1267/1215
f 1350/1267/1215 1317/1237/1185 1335/1251/1199
f 1350/1267/1215 1335/1251/1199 1351/1268/1216
f 1354/1264/1212 1352/1269/1217 1336/1252/1200
f 1354/1264/1212 1336/1252/1200 1335/1251/1199
f 1327/1245/1193 1338/1255/1203 1348/1266/1214
f 1327/1245/1193 1348/1266/1214 191/1265/1213
f 1340/1270/1218 1325/1230/1178 1341/1256/1204
f 1355/1271/1219 1354/1264/1212 1347/1263/1211
f 1342/1272/1220 1314/1232/1180 1343/1258/1206
f 1352/1269/1217 1354/1264/1212 1355/1271/1219
f 1353/1257/1205 1314/1232/1180 1342/1272/1220
f 1351/1268/1216 1335/1251/1199 1337/1253/1201
f 1322/1235/1183 1345/1260/1208 1343/1258/1206
f 1314/1232/1180 1353/1257/1205 1325/1230/1178
f 1364/1273/1221 1334/1274/1222 1331/1275/1223
f 1364/1273/1221 1331/1275/1223 1329/1250/1198
f 1332/1249/1197 1364/1273/1221 1329/1250/1198
f 1357/1276/1224 1356/1277/1225 1358/1278/1226
f 1359/1279/1227 1357/1276/1224 1279/1199/1147
f 1357/1276/1224 1359/1279/1227 1356/1277/1225
f 1357/1276/1224 1358/1278/1226 1284/1202/1150
f 1329/1250/1198 1331/1275/1223 1360/1280/1228
f 1332/1249/1197 1361/1281/1229 1364/1273/1221
f 1364/1273/1221 1362/1282/1230 1334/1274/1222
f 1361/1281/1229 1365/1283/1231 1363/1284/1232
f 1361/1281/1229 1363/1284/1232 1364/1273/1221
f 1359/1279/1227 1279/1199/1147 1262/1183/1131
f 1325/1230/1178 1340/1270/1218 1339/1254/1202
f 1325/1230/1178 1339/1254/1202 1327/1245/1193
f 1303/1220/1168 1282/1201/1149 1283/1200/1148
f 1368/1285/1233 1367/1286/1234 1285/1287/1235
f 1368/1285/1233 1285/1287/1235 1286/1288/1236
f 1326/1244/1192 1335/1251/1199 1317/1237/1185
f 1284/1202/1150 1358/1278/1226 1260/1182/1130
f 1280/1289/1237 1366/1290/1238 1369/1291/1239
f 1280/1289/1237 1369/1291/1239 1291/1292/1240
f 189/1293/1241 190/1247/1195 1325/1230/1178
f 189/1293/1241 1325/1230/1178 1328/1246/1194
f 1290/1218/1166 1301/1217/1165 1289/1219/1167
f 1302/1215/1163 1295/1211/1159 1299/1210/1158
f 1371/1294/1242 1372/1295/1243 1373/1296/1244
f 1371/1294/1242 1374/1297/1245 1372/1295/1243
f 760/612/567 1375/1298/1246 759/611/566
f 725/438/394 1376/1299/1247 1370/1300/1248
f 600/446/402 1376/1299/1247 725/438/394
f 725/438/394 1370/1300/1248 767/616/571
f 759/611/566 1375/1298/1246 1377/1301/1249
f 760/612/567 1378/1302/1250 1375/1298/1246
f 175/91/88 1379/1303/1251 176/92/89
f 639/473/429 633/452/408 616/451/407
f 545/335/293 192/311/269 508/329/287
f 1022/1118/1067 1023/1119/1068 1380/1304/1252
f 1022/1118/1067 1380/1304/1252 1381/1305/1253
f 424/254/212 466/1306/1254 465/904/859
f 569/398/356 1382/1307/1255 580/402/359
f 1384/1308/1256 193/1309/1257 201/1310/1258
f 1393/1311/1259 1394/1312/1260 1390/1313/1261
f 1394/1312/1260 1392/1314/1262 1390/1313/1261
f 1395/1315/1263 1391/1316/1264 1396/1317/1265
f 1394/1312/1260 1397/1318/1266 1392/1314/1262
f 198/1319/1267 1398/1320/1268 1389/1321/1269
f 203/1322/1270 1392/1314/1262 1397/1318/1266
f 1389/1321/1269 1398/1320/1268 1399/1323/1271
f 203/1322/1270 202/1324/1272 1392/1314/1262
f 198/1319/1267 200/1325/1273 199/1326/1274
f 1387/1327/1275 1385/1328/1276 1392/1314/1262
f 1387/1327/1275 1392/1314/1262 202/1324/1272
f 1398/1320/1268 198/1319/1267 1400/1329/1277
f 1419/1330/1278 1417/1331/1279 193/1309/1257
f 1419/1330/1278 193/1309/1257 196/1332/1280
f 201/1310/1258 194/1333/1281 200/1325/1273
f 198/1319/1267 199/1326/1274 197/1334/1282
f 200/1325/1273 194/1333/1281 199/1326/1274
f 203/1322/1270 1397/1318/1266 1401/1335/1283
f 193/1309/1257 1384/1308/1256 1400/1329/1277
f 1396/1317/1265 1389/1321/1269 1399/1323/1271
f 1389/1321/1269 1396/1317/1265 1391/1316/1264
f 198/1319/1267 196/1332/1280 1400/1329/1277
f 1405/1336/1284 1406/1337/1285 1404/1338/1286
f 1405/1336/1284 1404/1338/1286 1407/1339/1287
f 1406/1337/1285 1408/1340/1288 1409/1341/1289
f 1406/1337/1285 1409/1341/1289 1404/1338/1286
f 1408/1340/1288 1386/1342/1290 1388/1343/1291
f 1408/1340/1288 1388/1343/1291 1409/1341/1289
f 1388/1343/1291 1386/1342/1290 1385/1328/1276
f 1388/1343/1291 1385/1328/1276 1387/1327/1275
f 1864/1344/1292 1865/1345/1293 1410/1346/1294
f 1864/1344/1292 1410/1346/1294 1403/1347/1295
f 1402/1348/1296 1403/1347/1295 1410/1346/1294
f 1402/1348/1296 1410/1346/1294 1411/1349/1297
f 201/1310/1258 1402/1348/1296 1411/1349/1297
f 201/1310/1258 1411/1349/1297 1384/1308/1256
f 196/1332/1280 198/1319/1267 197/1334/1282
f 1412/1350/1298 1413/1351/1299 1428/1352/1300
f 1414/1353/1301 197/1334/1282 1415/1354/1302
f 1423/1355/1303 1419/1330/1278 1420/1356/1304
f 1424/1357/1305 1415/1354/1302 199/1326/1274
f 1424/1357/1305 194/1333/1281 1416/1358/1306
f 1417/1331/1279 1419/1330/1278 1423/1355/1303
f 197/1334/1282 1414/1353/1301 1420/1356/1304
f 197/1334/1282 1420/1356/1304 1419/1330/1278
f 1424/1357/1305 199/1326/1274 194/1333/1281
f 1428/1352/1300 1427/1359/1307 1412/1350/1298
f 1421/1360/1308 1422/1361/1309 1427/1359/1307
f 1421/1360/1308 1427/1359/1307 1428/1352/1300
f 1413/1351/1299 1412/1350/1298 1429/1362/1310
f 1413/1351/1299 1429/1362/1310 1430/1363/1311
f 1425/1364/1312 1426/1365/1313 1431/1366/1314
f 1425/1364/1312 1431/1366/1314 1432/1367/1315
f 1426/1365/1313 1425/1364/1312 1430/1363/1311
f 193/1309/1257 1418/1368/1316 1416/1358/1306
f 193/1309/1257 1416/1358/1306 194/1333/1281
f 1415/1354/1302 197/1334/1282 199/1326/1274
f 1418/1368/1316 193/1309/1257 1417/1331/1279
f 194/1333/1281 201/1310/1258 193/1309/1257
f 1400/1329/1277 196/1332/1280 193/1309/1257
f 197/1334/1282 1419/1330/1278 196/1332/1280
f 1433/1369/1317 1434/1370/1318 1437/1371/1319
f 1433/1369/1317 1437/1371/1319 1438/1372/1320
f 1437/1371/1319 1439/1373/1321 1438/1372/1320
f 1439/1373/1321 1440/1374/1322 207/98/95
f 1440/1374/1322 1441/1375/1323 207/98/95
f 206/99/96 207/98/95 1441/1375/1323
f 1437/1371/1319 1440/1374/1322 1439/1373/1321
f 1435/1376/1324 1436/1377/1325 1451/1378/1326
f 1442/1379/1327 1436/1377/1325 1435/1376/1324
f 1442/1379/1327 1443/1380/1328 1436/1377/1325
f 1444/1381/1329 1445/1382/1330 1443/1380/1328
f 1444/1381/1329 1443/1380/1328 1442/1379/1327
f 1444/1381/1329 1446/1383/1331 1447/1384/1332
f 1444/1381/1329 1447/1384/1332 1445/1382/1330
f 1448/1385/1333 1449/1386/1334 1441/1375/1323
f 1450/1387/1335 1451/1378/1326 1452/1388/1336
f 1453/1389/1337 1451/1378/1326 1450/1387/1335
f 1451/1378/1326 1454/1390/1338 1452/1388/1336
f 1454/1390/1338 1451/1378/1326 1455/1391/1339
f 1456/1392/1340 1445/1382/1330 1457/1393/1341
f 1457/1393/1341 1445/1382/1330 1447/1384/1332
f 1434/1370/1318 1433/1369/1317 1877/1394/1342
f 1459/1395/1343 1460/1396/1344 1461/1397/1345
f 1462/1398/1346 1463/1399/1347 1464/1400/1348
f 204/1401/1349 1458/1402/1350 1465/1403/1351
f 204/1401/1349 1465/1403/1351 1466/1404/1352
f 1461/1397/1345 209/100/97 211/102/99
f 213/95/92 1467/1405/1353 214/96/93
f 1467/1405/1353 213/95/92 1468/1406/1354
f 1470/1407/1355 1471/1408/1356 1469/1409/1357
f 1472/1410/1358 1474/1411/1359 1473/1412/1360
f 1475/1413/1361 1473/1412/1360 1476/1414/1362
f 1477/1415/1363 1476/1414/1362 1478/1416/1364
f 1479/1417/1365 1477/1415/1363 1478/1416/1364
f 1472/1410/1358 1479/1417/1365 1474/1411/1359
f 1475/1413/1361 1472/1410/1358 1473/1412/1360
f 1477/1415/1363 1475/1413/1361 1476/1414/1362
f 1479/1417/1365 1478/1416/1364 1474/1411/1359
f 1476/1414/1362 1474/1411/1359 1478/1416/1364
f 1473/1412/1360 1474/1411/1359 1476/1414/1362
f 1479/1417/1365 1472/1410/1358 1480/1418/1366
f 1479/1417/1365 1480/1418/1366 1481/1419/1367
f 1479/1417/1365 1481/1419/1367 1482/1420/1368
f 1477/1415/1363 1479/1417/1365 1483/1421/1369
f 1477/1415/1363 1483/1421/1369 1484/1422/1370
f 1477/1415/1363 1484/1422/1370 1485/1423/1371
f 1475/1413/1361 1477/1415/1363 1486/1424/1372
f 1475/1413/1361 1486/1424/1372 1487/1425/1373
f 1475/1413/1361 1487/1425/1373 1488/1426/1374
f 1472/1410/1358 1475/1413/1361 1489/1427/1375
f 1472/1410/1358 1489/1427/1375 1490/1428/1376
f 1472/1410/1358 1490/1428/1376 1491/1429/1377
f 1464/1400/1348 1492/1430/1378 1493/109/106
f 1461/1397/1345 211/102/99 1494/1431/1379
f 1461/1397/1345 1494/1431/1379 1459/1395/1343
f 1463/1399/1347 1495/1432/1380 1464/1400/1348
f 1460/1396/1344 1459/1395/1343 1463/1399/1347
f 1460/1396/1344 1463/1399/1347 1496/1433/1381
f 1464/1400/1348 1495/1432/1380 1492/1430/1378
f 1493/109/106 1497/1434/1382 1498/1435/1383
f 1493/109/106 1498/1435/1383 1464/1400/1348
f 1468/1406/1354 1469/1409/1357 1467/1405/1353
f 1499/1436/1384 1471/1408/1356 1470/1407/1355
f 1499/1436/1384 1470/1407/1355 1500/1437/1385
f 1470/1407/1355 1469/1409/1357 1468/1406/1354
f 1435/1376/1324 1451/1378/1326 1453/1389/1337
f 205/94/91 1501/1438/1386 213/95/92
f 1497/1434/1382 1493/109/106 218/107/104
f 1508/1439/1387 1502/1440/1388 1510/1441/1389
f 1508/1439/1387 1510/1441/1389 1503/1442/1390
f 1506/1443/1391 1504/1444/1392 1507/1445/1393
f 1507/1445/1393 1504/1444/1392 1505/1446/1394
f 1509/1447/1395 1502/1440/1388 1507/1445/1393
f 1510/1441/1389 1502/1440/1388 1509/1447/1395
f 1511/1448/1396 1508/1439/1387 1503/1442/1390
f 1511/1448/1396 1512/1449/1397 1508/1439/1387
f 292/1450/1398 204/1401/1349 1466/1404/1352
f 292/1450/1398 1466/1404/1352 1909/1451/1399
f 1514/1452/1400 1513/1453/1401 1512/1449/1397
f 1515/1454/171 1516/1455/171 1517/1456/171
f 1515/1454/171 1517/1456/171 1518/1457/171
f 1516/1455/171 1515/1454/171 1519/1458/171
f 1520/1459/171 1516/1455/171 1519/1458/171
f 1520/1459/171 1519/1458/171 1521/1460/171
f 1522/1461/171 1520/1459/171 1521/1460/171
f 1522/1461/171 1521/1460/171 1523/1462/171
f 1524/1463/171 1518/1457/171 1517/1456/171
f 1524/1463/171 1517/1456/171 1525/1464/171
f 1524/1463/171 1525/1464/171 1526/1465/171
f 1527/1466/171 1524/1463/171 1526/1465/171
f 1528/1467/1402 1448/1385/1333 1441/1375/1323
f 1528/1467/1402 1441/1375/1323 1440/1374/1322
f 1529/1468/1403 1528/1467/1402 1440/1374/1322
f 1530/1469/1404 220/1470/1405 1437/1371/1319
f 1531/1471/122 1530/1469/1404 1437/1371/1319
f 1531/1471/122 1437/1371/1319 1434/1370/1318
f 1532/1472/122 1531/1471/122 1434/1370/1318
f 1533/1473/122 1532/1472/122 1434/1370/1318
f 1496/1433/1381 1463/1399/1347 1462/1398/1346
f 1399/1323/1271 1398/1320/1268 195/1474/1406
f 1537/1475/1407 1536/1476/1408 1538/1477/1409
f 220/1470/1405 1529/1468/1403 1440/1374/1322
f 220/1470/1405 1440/1374/1322 1437/1371/1319
f 247/1478/1410 222/112/109 1539/111/108
f 1540/1479/1411 1539/111/108 221/110/107
f 1538/1477/1409 247/1478/1410 230/1480/1412
f 230/1480/1412 247/1478/1410 1539/111/108
f 1537/1475/1407 1538/1477/1409 230/1480/1412
f 1535/1481/1413 1534/1482/1414 1537/1475/1407
f 1537/1475/1407 1534/1482/1414 1536/1476/1408
f 1544/1483/1415 1541/1484/1416 1542/1485/1417
f 1542/1485/1417 1541/1484/1416 1543/1486/1418
f 1546/1487/1419 1545/1488/1420 1544/1483/1415
f 1544/1483/1415 1545/1488/1420 1541/1484/1416
f 1546/1487/1419 1547/1489/1421 1545/1488/1420
f 1548/1490/1422 1549/1491/1423 1547/1489/1421
f 1548/1490/1422 1547/1489/1421 1546/1487/1419
f 1548/1490/1422 1550/1492/1424 1551/1493/1425
f 1548/1490/1422 1551/1493/1425 1549/1491/1423
f 1552/1494/1426 1543/1486/1418 1553/1495/1427
f 1554/1496/1428 1549/1491/1423 1555/1497/1429
f 1555/1497/1429 1549/1491/1423 1551/1493/1425
f 1543/1486/1418 1556/1498/1430 1542/1485/1417
f 1557/1499/1431 1558/1500/1432 1559/1501/1433
f 1558/1500/1432 1560/1502/1434 1559/1501/1433
f 228/118/115 1561/1503/1435 226/116/113
f 1562/1504/1436 1563/1505/1437 1564/1506/1438
f 1563/1505/1437 1565/1507/1439 1564/1506/1438
f 1566/1508/1440 1567/1509/1441 1568/1510/1442
f 1565/1507/1439 223/113/110 225/115/112
f 1565/1507/1439 225/115/112 1564/1506/1438
f 1568/1510/1442 1567/1509/1441 1569/1511/1443
f 1572/1512/1444 1574/1513/1445 1573/1514/1446
f 1575/1515/1447 1573/1514/1446 1576/1516/1448
f 1577/1517/1449 1576/1516/1448 1578/1518/1450
f 1579/1519/1451 1577/1517/1449 1578/1518/1450
f 1572/1512/1444 1579/1519/1451 1574/1513/1445
f 1575/1515/1447 1572/1512/1444 1573/1514/1446
f 1577/1517/1449 1575/1515/1447 1576/1516/1448
f 1579/1519/1451 1578/1518/1450 1574/1513/1445
f 1576/1516/1448 1574/1513/1445 1578/1518/1450
f 1573/1514/1446 1574/1513/1445 1576/1516/1448
f 1575/1515/1447 1582/1520/1452 1581/1521/1453
f 1575/1515/1447 1577/1517/1449 1583/1522/1454
f 1575/1515/1447 1583/1522/1454 1582/1520/1452
f 1577/1517/1449 1585/1523/1455 1584/1524/1456
f 1577/1517/1449 1579/1519/1451 1586/1525/1457
f 1577/1517/1449 1586/1525/1457 1585/1523/1455
f 1572/1512/1444 1587/1526/1458 1588/1527/1459
f 1572/1512/1444 1575/1515/1447 1580/1528/1375
f 1572/1512/1444 1580/1528/1375 1587/1526/1458
f 1579/1519/1451 1572/1512/1444 1589/1529/1460
f 1579/1519/1451 1589/1529/1460 1590/1530/1461
f 1579/1519/1451 1590/1530/1461 1591/1531/1462
f 1562/1504/1436 1564/1506/1438 1593/1532/1463
f 1562/1504/1436 1593/1532/1463 1594/1533/1464
f 1560/1502/1434 1595/1534/1465 1594/1533/1464
f 1560/1502/1434 1594/1533/1464 1559/1501/1433
f 1595/1534/1465 1562/1504/1436 1594/1533/1464
f 1557/1499/1431 1559/1501/1433 1592/1535/1466
f 1596/1536/1467 1597/1537/1468 1598/1538/1469
f 1596/1536/1467 1598/1538/1469 1557/1499/1431
f 1597/1537/1468 1596/1536/1467 1399/1323/1271
f 1597/1537/1468 1399/1323/1271 195/1474/1406
f 1569/1511/1443 1570/1539/1470 1568/1510/1442
f 1599/1540/1471 1570/1539/1470 1571/1541/1472
f 1599/1540/1471 1571/1541/1472 1600/1542/1473
f 1601/1543/1474 232/121/118 231/120/117
f 1601/1543/1474 231/120/117 1602/1544/1475
f 1571/1541/1472 1570/1539/1470 1569/1511/1443
f 1543/1486/1418 1552/1494/1426 1556/1498/1430
f 1611/1545/1476 1603/1546/1477 1612/1547/1478
f 1611/1545/1476 1612/1547/1478 1604/1548/1479
f 1605/1549/1480 1606/1550/1481 321/178/165
f 1605/1549/1480 321/178/165 233/119/116
f 1607/1551/171 1608/1552/171 1609/1553/171
f 1607/1551/171 1609/1553/171 1610/1554/171
f 319/180/167 1603/1546/1477 231/120/117
f 1613/1555/1482 1611/1545/1476 1604/1548/1479
f 1613/1555/1482 1561/1503/1435 1611/1545/1476
f 1614/1556/1483 226/116/113 1561/1503/1435
f 1614/1556/1483 1561/1503/1435 1991/1557/1484
f 321/178/165 231/120/117 233/119/116
f 1615/1558/171 1609/1553/171 1608/1552/171
f 1615/1558/171 1608/1552/171 1616/1559/171
f 1615/1558/171 1616/1559/171 1617/1560/171
f 1618/1561/171 1615/1558/171 1617/1560/171
f 1607/1551/171 1610/1554/171 1619/1562/171
f 1620/1563/171 1607/1551/171 1619/1562/171
f 1620/1563/171 1619/1562/171 1621/1564/171
f 1622/1565/171 1620/1563/171 1621/1564/171
f 1622/1565/171 1621/1564/171 1623/1566/171
f 1557/1499/1431 1592/1535/1466 1596/1536/1467
f 1539/111/108 1540/1479/1411 1624/1567/1485
f 1539/111/108 1624/1567/1485 1625/1568/1486
f 1539/111/108 1625/1568/1486 1626/1569/1487
f 1539/111/108 1626/1569/1487 1627/1570/1487
f 230/1480/1412 1539/111/108 1627/1570/1487
f 230/1480/1412 229/1571/125 1628/1572/125
f 1537/1475/1407 230/1480/1412 1628/1572/125
f 1537/1475/1407 1628/1572/125 1629/1573/125
f 1537/1475/1407 1629/1573/125 1630/1574/125
f 1537/1475/1407 1630/1574/125 1631/1575/125
f 1535/1481/1413 1537/1475/1407 1631/1575/125
f 230/1480/1412 1627/1570/1487 229/1571/125
f 1632/1576/1488 1646/1577/1489 1651/1578/1490
f 1635/1579/1491 1636/1580/1492 1637/1581/1493
f 1636/1580/1492 1638/1582/1494 1637/1581/1493
f 1641/1583/1495 1640/1584/1496 1632/1576/1488
f 1641/1583/1495 1632/1576/1488 1642/1585/1497
f 1643/1586/1498 1641/1583/1495 1642/1585/1497
f 1644/1587/1499 1680/1588/1500 1645/1589/1501
f 1648/1590/1502 1649/1591/1503 1650/1592/1504
f 1646/1577/1489 1647/1593/1505 1650/1592/1504
f 1646/1577/1489 1650/1592/1504 1651/1578/1490
f 1647/1593/1505 1648/1590/1502 1650/1592/1504
f 234/124/121 1652/1594/1506 1653/1595/1507
f 234/124/121 1653/1595/1507 236/122/119
f 236/122/119 1653/1595/1507 1654/1596/1508
f 236/122/119 1654/1596/1508 2073/1597/1509
f 1656/1598/1510 2079/1599/1511 1657/1600/1512
f 2079/1599/1511 1655/1601/1513 1657/1600/1512
f 1658/1602/122 1659/1603/122 1660/1604/122
f 248/1605/1514 1662/1606/1515 1633/1607/1516
f 1663/1608/1517 1664/1609/1518 1662/1606/1515
f 1663/1608/1517 1662/1606/1515 248/1605/1514
f 1646/1577/1489 1632/1576/1488 1640/1584/1496
f 248/1605/1514 1633/1607/1516 1661/1610/1519
f 248/1605/1514 1661/1610/1519 1665/1611/1520
f 235/123/120 236/122/119 1667/1612/1521
f 1667/1612/1521 236/122/119 1668/1613/1522
f 1668/1613/1522 236/122/119 1669/1614/1523
f 1672/1615/1524 234/124/121 1673/1616/1525
f 242/125/122 238/127/122 241/130/122
f 1674/1617/1526 1677/1618/1527 1675/1619/1528
f 1642/1585/1497 1634/1620/1529 1643/1586/1498
f 1674/1617/1526 1675/1619/1528 1666/1621/1530
f 1666/1621/1530 1675/1619/1528 1676/1622/1531
f 1678/1623/1532 1634/1620/1529 1642/1585/1497
f 1679/1624/1533 1677/1618/1527 1674/1617/1526
f 1638/1582/1494 243/1625/1534 244/1626/1535
f 1638/1582/1494 244/1626/1535 1637/1581/1493
f 1676/1622/1531 1655/1601/1513 1666/1621/1530
f 1683/1627/122 1681/1628/122 1682/1629/122
f 1683/1627/122 1682/1629/122 1684/1630/122
f 239/128/122 1683/1627/122 1684/1630/122
f 239/128/122 1684/1630/122 240/129/122
f 1672/1615/1524 1652/1594/1506 234/124/121
f 1635/1579/1491 1639/1631/1536 1636/1580/1492
f 1536/1476/1408 1534/1482/1414 1685/1632/1537
f 1536/1476/1408 1685/1632/1537 1686/1633/1538
f 1536/1476/1408 1686/1633/1538 1687/1634/1539
f 1536/1476/1408 1687/1634/1539 1688/1635/1540
f 1538/1477/1409 1536/1476/1408 1688/1635/1540
f 1538/1477/1409 1688/1635/1540 245/1636/1541
f 1676/1622/1531 1657/1600/1512 1655/1601/1513
f 247/1478/1410 1689/1637/1542 246/1638/1543
f 222/112/109 247/1478/1410 246/1638/1543
f 222/112/109 246/1638/1543 1690/1639/1544
f 222/112/109 1690/1639/1544 1691/1640/1545
f 1693/1641/1546 1694/1642/1547 1692/1643/1548
f 1695/1644/1549 251/1645/1550 1696/1646/1551
f 1383/1647/1552 1697/1648/1553 1715/1649/1554
f 1715/1649/1554 1697/1648/1553 1698/1650/1555
f 1699/1651/1556 251/1645/1550 1695/1644/1549
f 1700/1652/1557 1696/1646/1551 1383/1647/1552
f 1700/1652/1557 1383/1647/1552 1715/1649/1554
f 1695/1644/1549 1696/1646/1551 1700/1652/1557
f 1701/1653/1558 1702/1654/1559 1703/1655/1560
f 1673/1616/1525 234/124/121 235/123/120
f 1703/1655/1560 1702/1654/1559 1705/1656/1561
f 1703/1655/1560 1705/1656/1561 1704/1657/1562
f 1708/1658/1563 1709/1659/1564 1707/1660/1565
f 1713/1661/1566 1699/1651/1556 1695/1644/1549
f 1713/1661/1566 1695/1644/1549 1714/1662/1567
f 1714/1662/1567 1695/1644/1549 1700/1652/1557
f 1716/1663/1568 1699/1651/1556 1713/1661/1566
f 248/1605/1514 249/1664/1569 250/1665/1570
f 248/1605/1514 250/1665/1570 252/1666/1571
f 247/1478/1410 1538/1477/1409 245/1636/1541
f 247/1478/1410 245/1636/1541 1689/1637/1542
f 248/1605/1514 1665/1611/1520 1721/1667/1572
f 248/1605/1514 1721/1667/1572 249/1664/1569
f 1722/1668/125 253/1669/125 254/1670/125
f 1722/1668/125 254/1670/125 1723/1671/125
f 1663/1608/1517 248/1605/1514 252/1666/1571
f 1724/1672/16 1725/1673/16 1726/1674/16
f 1727/1675/122 1728/1676/122 1721/1667/1572
f 1727/1675/122 1721/1667/1572 1665/1611/1520
f 1732/1677/1573 1731/1678/1574 1717/1679/1575
f 1726/1674/16 1733/1680/16 1734/1681/16
f 1726/1674/16 1734/1681/16 1724/1672/16
f 1711/1682/1576 1718/1683/1577 1717/1679/1575
f 1730/1684/1578 1729/1685/1579 1735/1686/1580
f 1711/1682/1576 1717/1679/1575 1712/1687/1581
f 1717/1679/1575 1731/1678/1574 1712/1687/1581
f 1731/1678/1574 1730/1684/1578 1712/1687/1581
f 1730/1684/1578 1735/1686/1580 1712/1687/1581
f 1738/1688/1582 1736/1689/1583 1737/1690/1584
f 1738/1688/1582 1737/1690/1584 1739/1691/1585
f 1736/1689/1583 1711/1682/1576 1712/1687/1581
f 1736/1689/1583 1712/1687/1581 1737/1690/1584
f 1709/1659/1564 1708/1658/1563 1710/1692/1586
f 1670/1693/16 1671/1694/16 1720/1695/16
f 1670/1693/16 1720/1695/16 1719/1696/16
f 1707/1660/1565 1706/1697/1587 1708/1658/1563
f 1704/1657/1562 1705/1656/1561 1706/1697/1587
f 1704/1657/1562 1706/1697/1587 1707/1660/1565
f 1749/1698/1588 1740/1699/1589 1741/1700/1590
f 1749/1698/1588 1741/1700/1590 1742/1701/1591
f 1741/1700/1590 1740/1699/1589 1746/1702/1592
f 1748/1703/1593 1751/1704/1594 1750/1705/1595
f 1754/1706/1596 1755/1707/1597 1756/1708/1598
f 1757/1709/1599 1749/1698/1588 1742/1701/1591
f 1746/1702/1592 1740/1699/1589 1744/1710/1600
f 1746/1702/1592 1744/1710/1600 1758/1711/1601
f 1756/1708/1598 1759/1712/1602 1760/1713/1603
f 1744/1710/1600 1756/1708/1598 1760/1713/1603
f 1744/1710/1600 1760/1713/1603 1758/1711/1601
f 1756/1708/1598 1755/1707/1597 1759/1712/1602
f 1759/1712/1602 1755/1707/1597 1743/1714/1604
f 1762/1715/1605 1763/1716/1606 1764/1717/1607
f 1765/1718/128 1766/1719/128 1767/1720/128
f 1765/1718/128 1767/1720/128 1768/1721/128
f 268/1722/1608 267/1723/1609 1769/1724/1610
f 268/1722/1608 1769/1724/1610 1770/1725/1611
f 1764/1717/1607 1771/1726/1612 1772/1727/1613
f 1764/1717/1607 1772/1727/1613 1773/1728/1614
f 1774/1729/128 1775/1730/128 1776/1731/128
f 1774/1729/128 1776/1731/128 1777/1732/128
f 1769/1724/1610 1778/1733/1615 1779/1734/1616
f 1769/1724/1610 1779/1734/1616 1770/1725/1611
f 1780/1735/1617 1781/1736/1618 267/1723/1609
f 1780/1735/1617 267/1723/1609 268/1722/1608
f 1740/1699/1589 1752/1737/1619 1747/1738/1620
f 1756/1708/1598 1750/1705/1595 1751/1704/1594
f 1756/1708/1598 1751/1704/1594 1754/1706/1596
f 1782/1739/1621 1769/1724/1610 267/1723/1609
f 1782/1739/1621 267/1723/1609 1783/1740/1622
f 1745/1741/1623 1750/1705/1595 1756/1708/1598
f 1745/1741/1623 1756/1708/1598 1744/1710/1600
f 1744/1710/1600 1747/1738/1620 1745/1741/1623
f 1740/1699/1589 1753/1742/1624 1752/1737/1619
f 1749/1698/1588 1753/1742/1624 1740/1699/1589
f 1773/1728/1614 1762/1715/1605 1764/1717/1607
f 1784/1743/1625 1785/1744/1626 1774/1729/128
f 1784/1743/1625 1774/1729/128 1777/1732/128
f 261/136/127 260/135/122 1786/1745/1627
f 263/138/128 1787/1746/128 262/139/128
f 258/132/125 265/1747/168 259/133/126
f 1788/1748/1628 1768/1721/128 1767/1720/128
f 1788/1748/1628 1767/1720/128 1789/1749/1629
f 1747/1738/1620 1744/1710/1600 1740/1699/1589
f 1771/1726/1612 1790/1750/1630 1791/1751/1631
f 1771/1726/1612 1791/1751/1631 1772/1727/1613
f 1792/1752/128 263/138/128 264/140/128
f 1792/1752/128 264/140/128 1793/1753/128
f 1794/1754/128 1795/1755/128 262/139/128
f 262/139/128 1795/1755/128 264/140/128
f 1799/1756/1632 265/1747/168 266/197/173
f 1799/1756/1632 266/197/173 1800/1757/1633
f 1750/1705/1595 1745/1741/1623 1747/1738/1620
f 1802/1758/1634 1748/1703/1593 1750/1705/1595
f 1752/1737/1619 1753/1742/1624 1801/1759/1635
f 1783/1740/1622 267/1723/1609 1803/1760/1636
f 1800/1757/1633 1804/1761/1637 1798/1762/1638
f 1800/1757/1633 1798/1762/1638 1799/1756/1632
f 1796/1763/1639 1797/1764/1640 261/136/127
f 1796/1763/1639 261/136/127 1786/1745/1627
f 1797/1764/1640 1796/1763/1639 1798/1762/1638
f 1797/1764/1640 1798/1762/1638 1804/1761/1637
f 1802/1758/1634 1805/1765/1641 1806/1766/1642
f 1802/1758/1634 1807/1767/1643 1805/1765/1641
f 1802/1758/1634 1750/1705/1595 1807/1767/1643
f 1750/1705/1595 1808/1768/1644 1807/1767/1643
f 1750/1705/1595 1809/1769/1645 1808/1768/1644
f 1750/1705/1595 1810/1770/1646 1809/1769/1645
f 1750/1705/1595 1747/1738/1620 1810/1770/1646
f 1747/1738/1620 1811/1771/1647 1810/1770/1646
f 1747/1738/1620 1752/1737/1619 1812/1772/1648
f 1747/1738/1620 1812/1772/1648 1811/1771/1647
f 1752/1737/1619 1801/1759/1635 1812/1772/1648
f 1813/1773/1649 1814/1774/122 1815/1775/122
f 1813/1773/1649 1815/1775/122 1818/1776/1650
f 1818/1776/1650 1819/1777/122 1820/1778/122
f 1816/1779/1651 1821/1780/122 1822/1781/122
f 1818/1776/1650 1820/1778/122 1816/1779/1651
f 1816/1779/1651 1823/1782/122 1824/1783/1652
f 1820/1778/122 1821/1780/122 1816/1779/1651
f 1816/1779/1651 1822/1781/122 1823/1782/122
f 1815/1775/122 1819/1777/122 1818/1776/1650
f 1825/1784/122 1814/1774/122 1813/1773/1649
f 1818/1776/1650 1817/1785/1653 1826/1786/1654
f 1824/1783/1652 1827/1787/1655 1816/1779/1651
f 1813/1773/1649 1826/1786/1654 1828/1788/1656
f 1827/1787/1655 1817/1785/1653 1816/1779/1651
f 1818/1776/1650 1826/1786/1654 1813/1773/1649
f 1817/1785/1653 1818/1776/1650 1816/1779/1651
f 273/143/131 276/142/130 275/144/132
f 271/147/135 274/141/129 273/143/131
f 269/149/137 272/146/134 271/147/135
f 279/151/139 270/148/136 269/149/137
f 1829/1789/1657 1831/1790/1658 1830/1791/1659
f 1829/1789/1657 1832/1792/1660 1831/1790/1658
f 1832/1792/1660 2227/1793/1661 1831/1790/1658
f 1834/1794/1662 1833/1795/1663 1830/1791/1659
f 1829/1789/1657 1830/1791/1659 1833/1795/1663
f 1835/1796/1664 1836/1797/1665 1837/1798/1666
f 1836/1797/1665 1838/1799/1667 1837/1798/1666
f 1836/1797/1665 1839/1800/1668 1840/1801/1669
f 1836/1797/1665 1840/1801/1669 1838/1799/1667
f 1839/1800/1668 1841/1802/1670 1842/1803/1671
f 1839/1800/1668 1842/1803/1671 1840/1801/1669
f 1755/1707/1597 1754/1706/1596 1761/1804/1672
f 258/132/125 266/197/173 265/1747/168
f 1844/1805/1673 289/1806/1674 281/1807/1675
f 1855/1808/1676 1851/1809/1677 1852/1810/1678
f 1852/1810/1678 1851/1809/1677 1854/1811/1679
f 1856/1812/1680 1857/1813/1681 1853/1814/1682
f 1852/1810/1678 1854/1811/1679 1858/1815/1683
f 1858/1815/1683 1854/1811/1679 291/1816/1684
f 1850/1817/1685 1859/1818/1686 283/1819/1687
f 1850/1817/1685 283/1819/1687 1849/1820/1688
f 1849/1820/1688 287/1821/1689 288/1822/1690
f 1847/1823/1691 290/1824/1692 1854/1811/1679
f 1847/1823/1691 1854/1811/1679 1845/1825/1693
f 291/1816/1684 1854/1811/1679 290/1824/1692
f 283/1819/1687 1860/1826/1694 1849/1820/1688
f 1873/1827/1695 285/1828/1696 281/1807/1675
f 1873/1827/1695 281/1807/1675 1871/1829/1697
f 289/1806/1674 288/1822/1690 282/1830/1698
f 1849/1820/1688 286/1831/1699 287/1821/1689
f 288/1822/1690 287/1821/1689 282/1830/1698
f 281/1807/1675 1860/1826/1694 1844/1805/1673
f 291/1816/1684 1861/1832/1700 1858/1815/1683
f 1857/1813/1681 1859/1818/1686 1850/1817/1685
f 1850/1817/1685 1853/1814/1682 1857/1813/1681
f 1849/1820/1688 1860/1826/1694 285/1828/1696
f 1860/1826/1694 281/1807/1675 285/1828/1696
f 1405/1336/1284 1407/1339/1287 1863/1833/1701
f 1405/1336/1284 1863/1833/1701 1862/1834/1702
f 1862/1834/1702 1863/1833/1701 1848/1835/1703
f 1862/1834/1702 1848/1835/1703 1846/1836/1704
f 1848/1835/1703 1847/1823/1691 1845/1825/1693
f 1848/1835/1703 1845/1825/1693 1846/1836/1704
f 1867/1837/1705 1866/1838/1706 1865/1345/1293
f 1867/1837/1705 1865/1345/1293 1864/1344/1292
f 289/1806/1674 1844/1805/1673 1866/1838/1706
f 289/1806/1674 1866/1838/1706 1867/1837/1705
f 285/1828/1696 286/1831/1699 1849/1820/1688
f 1868/1839/1707 1869/1840/1708 286/1831/1699
f 1875/1841/1709 1874/1842/1710 1873/1827/1695
f 1876/1843/1711 287/1821/1689 1869/1840/1708
f 1876/1843/1711 1870/1844/1712 282/1830/1698
f 1871/1829/1697 1875/1841/1709 1873/1827/1695
f 286/1831/1699 1873/1827/1695 1874/1842/1710
f 286/1831/1699 1874/1842/1710 1868/1839/1707
f 1876/1843/1711 282/1830/1698 287/1821/1689
f 281/1807/1675 282/1830/1698 1870/1844/1712
f 281/1807/1675 1870/1844/1712 1872/1845/1713
f 1869/1840/1708 287/1821/1689 286/1831/1699
f 1872/1845/1713 1871/1829/1697 281/1807/1675
f 282/1830/1698 281/1807/1675 289/1806/1674
f 286/1831/1699 285/1828/1696 1873/1827/1695
f 1434/1370/1318 1877/1394/1342 1878/1846/1714
f 308/1847/1715 1881/1848/1716 1882/1849/1717
f 1881/1848/1716 308/1847/1715 1878/1846/1714
f 1883/1850/1718 1884/158/145 1885/1851/1719
f 294/157/144 1885/1851/1719 1884/158/145
f 308/1847/1715 1882/1849/1717 1884/158/145
f 308/1847/1715 1884/158/145 1883/1850/1718
f 1877/1394/1342 1881/1848/1716 1878/1846/1714
f 1879/1852/1720 1896/1853/1721 1880/1854/1722
f 1886/1855/1723 1879/1852/1720 1880/1854/1722
f 1886/1855/1723 1880/1854/1722 1887/1856/1724
f 1888/1857/1725 1887/1856/1724 1889/1858/1726
f 1888/1857/1725 1886/1855/1723 1887/1856/1724
f 1888/1857/1725 1889/1858/1726 1890/1859/1727
f 1888/1857/1725 1890/1859/1727 1891/1860/1728
f 1892/1861/1729 1885/1851/1719 1893/1862/1730
f 1894/1863/1731 1895/1864/1732 1896/1853/1721
f 1897/1865/1733 1894/1863/1731 1896/1853/1721
f 1896/1853/1721 1895/1864/1732 1898/1866/1734
f 1898/1866/1734 1899/1867/1735 1896/1853/1721
f 1900/1868/1736 1901/1869/1737 1889/1858/1726
f 1901/1869/1737 1890/1859/1727 1889/1858/1726
f 1903/1870/1738 1904/1871/1739 1905/1872/1740
f 1906/1873/1741 1907/1874/1742 1908/1875/1743
f 292/1450/1398 1909/1451/1399 1910/1876/1744
f 292/1450/1398 1910/1876/1744 1902/1877/1745
f 1904/1871/1739 297/160/147 296/159/146
f 301/154/141 1911/1878/1746 300/155/142
f 1913/1879/1747 1912/1880/1748 1914/1881/1749
f 1915/1882/1750 1916/1883/1751 1917/1884/1752
f 1918/1885/1753 1919/1886/1754 1916/1883/1751
f 1920/1887/1755 1921/1888/1756 1919/1886/1754
f 1922/1889/1757 1921/1888/1756 1920/1887/1755
f 1915/1882/1750 1917/1884/1752 1922/1889/1757
f 1918/1885/1753 1916/1883/1751 1915/1882/1750
f 1920/1887/1755 1919/1886/1754 1918/1885/1753
f 1922/1889/1757 1917/1884/1752 1921/1888/1756
f 1919/1886/1754 1921/1888/1756 1917/1884/1752
f 1916/1883/1751 1919/1886/1754 1917/1884/1752
f 1922/1889/1757 1923/1890/1758 1924/1891/1759
f 1922/1889/1757 1924/1891/1759 1915/1882/1750
f 1922/1889/1757 1925/1892/1760 1923/1890/1758
f 1920/1887/1755 1927/1893/1761 1926/1894/1762
f 1920/1887/1755 1926/1894/1762 1922/1889/1757
f 1920/1887/1755 1928/1895/1763 1927/1893/1761
f 1918/1885/1753 1929/1896/1764 1930/1897/1765
f 1918/1885/1753 1930/1897/1765 1920/1887/1755
f 1918/1885/1753 1931/1898/1766 1929/1896/1764
f 1915/1882/1750 1933/1899/1767 1932/1900/1768
f 1915/1882/1750 1932/1900/1768 1918/1885/1753
f 1915/1882/1750 1934/1901/1769 1933/1899/1767
f 1907/1874/1742 1939/168/155 1935/1902/1770
f 1904/1871/1739 1936/1903/1771 297/160/147
f 1904/1871/1739 1903/1870/1738 1936/1903/1771
f 1908/1875/1743 1907/1874/1742 1937/1904/1772
f 1905/1872/1740 1938/1905/1773 1908/1875/1743
f 1905/1872/1740 1908/1875/1743 1903/1870/1738
f 1907/1874/1742 1935/1902/1770 1937/1904/1772
f 1939/168/155 1940/1906/1774 1941/1907/1775
f 1939/168/155 1907/1874/1742 1940/1906/1774
f 1911/1878/1746 301/154/141 1912/1880/1748
f 1942/1908/1776 1943/1909/1777 1913/1879/1747
f 1942/1908/1776 1913/1879/1747 1914/1881/1749
f 1913/1879/1747 1911/1878/1746 1912/1880/1748
f 1879/1852/1720 1897/1865/1733 1896/1853/1721
f 293/153/140 300/155/142 1944/1910/1386
f 1941/1907/1775 304/165/152 1939/168/155
f 1507/1445/1393 1505/1446/1394 1945/1911/1778
f 1507/1445/1393 1945/1911/1778 1509/1447/1395
f 1509/1447/1395 1945/1911/1778 1946/1912/1779
f 1514/1452/1400 1512/1449/1397 1511/1448/1396
f 1947/1913/128 1948/1914/128 1949/1915/128
f 1947/1913/128 1949/1915/128 1950/1916/128
f 1950/1916/128 1951/1917/128 1947/1913/128
f 1952/1918/128 1951/1917/128 1950/1916/128
f 1952/1918/128 1953/1919/128 1951/1917/128
f 1954/1920/128 1953/1919/128 1952/1918/128
f 1954/1920/128 1955/1921/128 1953/1919/128
f 1956/1922/128 1949/1915/128 1948/1914/128
f 1956/1922/128 1957/1923/128 1949/1915/128
f 1956/1922/128 1958/1924/128 1957/1923/128
f 1959/1925/128 1958/1924/128 1956/1922/128
f 1960/1926/1780 1885/1851/1719 1892/1861/1729
f 1960/1926/1780 1883/1850/1718 1885/1851/1719
f 1961/1927/1781 1883/1850/1718 1960/1926/1780
f 1962/1928/1782 308/1847/1715 307/1929/1783
f 1962/1928/1782 1878/1846/1714 308/1847/1715
f 1963/1930/122 1878/1846/1714 1962/1928/1782
f 1964/1931/122 1878/1846/1714 1963/1930/122
f 1965/1932/122 1878/1846/1714 1964/1931/122
f 1533/1473/122 1434/1370/1318 1878/1846/1714
f 1533/1473/122 1878/1846/1714 1965/1932/122
f 1938/1905/1773 1906/1873/1741 1908/1875/1743
f 1859/1818/1686 284/1933/1784 283/1819/1687
f 307/1929/1783 308/1847/1715 1883/1850/1718
f 307/1929/1783 1883/1850/1718 1961/1927/1781
f 334/1934/1785 1968/171/158 310/170/157
f 1969/1935/1786 309/169/156 1968/171/158
f 1967/1936/1787 318/1937/1788 334/1934/1785
f 318/1937/1788 1968/171/158 334/1934/1785
f 318/1937/1788 1967/1936/1787 1966/1938/1789
f 1535/1481/1413 318/1937/1788 1966/1938/1789
f 1535/1481/1413 1966/1938/1789 1534/1482/1414
f 1973/1939/1790 1970/1940/1791 1971/1941/1792
f 1970/1940/1791 1972/1942/1793 1971/1941/1792
f 1974/1943/1794 1973/1939/1790 1975/1944/1795
f 1973/1939/1790 1971/1941/1792 1975/1944/1795
f 1976/1945/1796 1974/1943/1794 1975/1944/1795
f 1976/1945/1796 1975/1944/1795 1977/1946/1797
f 1978/1947/1798 1977/1946/1797 1979/1948/1799
f 1978/1947/1798 1976/1945/1796 1977/1946/1797
f 1978/1947/1798 1979/1948/1799 1980/1949/1800
f 1978/1947/1798 1980/1949/1800 1981/1950/1801
f 1982/1951/1802 1983/1952/1803 1972/1942/1793
f 1984/1953/1804 1985/1954/1805 1979/1948/1799
f 1985/1954/1805 1980/1949/1800 1979/1948/1799
f 1972/1942/1793 1970/1940/1791 1986/1955/1806
f 1987/1956/1807 1988/1957/1808 1989/1958/1809
f 1989/1958/1809 1988/1957/1808 1990/1959/1810
f 315/176/163 314/175/162 1991/1557/1484
f 1992/1960/1811 1993/1961/1812 1994/1962/1813
f 1994/1962/1813 1993/1961/1812 1995/1963/1814
f 1996/1964/1815 1997/1965/1816 1998/1966/1817
f 1995/1963/1814 1993/1961/1812 312/173/160
f 1995/1963/1814 312/173/160 311/172/159
f 1997/1965/1816 1999/1967/1818 1998/1966/1817
f 2002/1968/1819 2003/1969/1820 2004/1970/1821
f 2005/1971/1822 2006/1972/1823 2003/1969/1820
f 2007/1973/1824 2008/1974/1825 2006/1972/1823
f 2009/1975/1826 2008/1974/1825 2007/1973/1824
f 2002/1968/1819 2004/1970/1821 2009/1975/1826
f 2005/1971/1822 2003/1969/1820 2002/1968/1819
f 2007/1973/1824 2006/1972/1823 2005/1971/1822
f 2009/1975/1826 2004/1970/1821 2008/1974/1825
f 2006/1972/1823 2008/1974/1825 2004/1970/1821
f 2003/1969/1820 2006/1972/1823 2004/1970/1821
f 2005/1971/1822 2011/1976/1827 2012/1977/1828
f 2005/1971/1822 2012/1977/1828 2013/1978/1829
f 2005/1971/1822 2013/1978/1829 2007/1973/1824
f 2007/1973/1824 2014/1979/1830 2015/1980/1831
f 2007/1973/1824 2015/1980/1831 2016/1981/1832
f 2007/1973/1824 2016/1981/1832 2009/1975/1826
f 2002/1968/1819 2017/1982/1833 2018/1983/1834
f 2002/1968/1819 2018/1983/1834 2010/1984/1768
f 2002/1968/1819 2010/1984/1768 2005/1971/1822
f 2009/1975/1826 2020/1985/1835 2019/1986/1836
f 2009/1975/1826 2019/1986/1836 2002/1968/1819
f 2009/1975/1826 2021/1987/1837 2020/1985/1835
f 1992/1960/1811 2023/1988/1838 1993/1961/1812
f 1992/1960/1811 2024/1989/1839 2023/1988/1838
f 1990/1959/1810 1988/1957/1808 2024/1989/1839
f 1990/1959/1810 2024/1989/1839 2025/1990/1840
f 2025/1990/1840 2024/1989/1839 1992/1960/1811
f 1987/1956/1807 2022/1991/1841 1988/1957/1808
f 2026/1992/1842 2027/1993/1843 2028/1994/1844
f 2026/1992/1842 1987/1956/1807 2027/1993/1843
f 2028/1994/1844 284/1933/1784 1859/1818/1686
f 2028/1994/1844 1859/1818/1686 2026/1992/1842
f 1999/1967/1818 1997/1965/1816 2000/1995/1845
f 2029/1996/1846 2030/1997/1473 2001/1998/1847
f 2029/1996/1846 2001/1998/1847 2000/1995/1845
f 2031/1999/1848 2032/2000/1849 319/180/167
f 2031/1999/1848 319/180/167 320/179/166
f 2001/1998/1847 1999/1967/1818 2000/1995/1845
f 1972/1942/1793 1986/1955/1806 1982/1951/1802
f 2033/2001/128 2034/2002/128 2035/2003/128
f 2033/2001/128 2035/2003/128 2036/2004/128
f 1603/1546/1477 319/180/167 1612/1547/1478
f 1614/1556/1483 1991/1557/1484 314/175/162
f 1991/1557/1484 1561/1503/1435 1613/1555/1482
f 321/178/165 319/180/167 231/120/117
f 2037/2005/128 2036/2004/128 2035/2003/128
f 2037/2005/128 2038/2006/128 2036/2004/128
f 2037/2005/128 2039/2007/128 2038/2006/128
f 2040/2008/128 2039/2007/128 2037/2005/128
f 2033/2001/128 2041/2009/128 2034/2002/128
f 2042/2010/128 2041/2009/128 2033/2001/128
f 2042/2010/128 2043/2011/128 2041/2009/128
f 2044/2012/128 2043/2011/128 2042/2010/128
f 2044/2012/128 2045/2013/128 2043/2011/128
f 1987/1956/1807 2026/1992/1842 2022/1991/1841
f 1968/171/158 2046/2014/1850 2047/2015/1851
f 1968/171/158 2047/2015/1851 1969/1935/1786
f 1968/171/158 2048/2016/1852 2046/2014/1850
f 1968/171/158 2049/2017/1853 2048/2016/1852
f 318/1937/1788 2049/2017/1853 1968/171/158
f 318/1937/1788 2050/2018/125 317/2019/125
f 318/1937/1788 2051/2020/1854 2050/2018/125
f 1535/1481/1413 2051/2020/1854 318/1937/1788
f 1535/1481/1413 2052/2021/125 2051/2020/1854
f 1535/1481/1413 2053/2022/125 2052/2021/125
f 1535/1481/1413 1631/1575/125 2053/2022/125
f 318/1937/1788 317/2019/125 2049/2017/1853
f 2062/2023/1855 2054/2024/1856 2055/2025/1857
f 2058/2026/1858 331/2027/1859 2059/2028/1860
f 2059/2028/1860 331/2027/1859 2060/2029/1861
f 2063/2030/1862 2064/2031/1863 2054/2024/1856
f 2063/2030/1862 2054/2024/1856 2062/2023/1855
f 2065/2032/1864 2064/2031/1863 2063/2030/1862
f 2068/2033/1865 2069/2034/1866 1649/1591/1503
f 2067/2035/1867 2069/2034/1866 2068/2033/1865
f 2055/2025/1857 2069/2034/1866 2067/2035/1867
f 2068/2033/1865 1649/1591/1503 1648/1590/1502
f 322/2036/1868 2071/2037/1869 2070/2038/1870
f 322/2036/1868 2072/2039/1871 2071/2037/1869
f 322/2036/1868 236/122/119 2073/1597/1509
f 322/2036/1868 2073/1597/1509 2072/2039/1871
f 2074/2040/1872 2076/2041/1873 2075/2042/1874
f 1656/1598/1510 2077/2043/1875 2078/2044/1876
f 1656/1598/1510 2078/2044/1876 2079/1599/1511
f 2077/2043/1875 2074/2040/1872 2078/2044/1876
f 2074/2040/1872 2075/2042/1874 2078/2044/1876
f 1660/1604/122 1659/1603/122 2080/2045/122
f 335/2046/1877 2056/2047/1878 2082/2048/1879
f 2083/2049/1880 335/2046/1877 2082/2048/1879
f 2083/2049/1880 2082/2048/1879 2084/2050/1881
f 2055/2025/1857 2067/2035/1867 2062/2023/1855
f 335/2046/1877 2085/2051/1882 2081/2052/1883
f 335/2046/1877 2081/2052/1883 2056/2047/1878
f 323/2053/1884 2086/2054/1885 322/2036/1868
f 2086/2054/1885 2087/2055/1886 322/2036/1868
f 2087/2055/1886 236/122/119 322/2036/1868
f 2087/2055/1886 2088/2056/1887 236/122/119
f 2088/2056/1887 1669/1614/1523 236/122/119
f 2091/2057/1888 2092/2058/1889 322/2036/1868
f 329/181/122 327/185/122 324/182/122
f 2093/2059/1890 2094/2060/1891 2096/2061/1892
f 2064/2031/1863 2065/2032/1864 2057/2062/1893
f 2095/2063/1894 2076/2041/1873 2094/2060/1891
f 2097/2064/1895 2064/2031/1863 2057/2062/1893
f 2098/2065/1896 2093/2059/1890 2096/2061/1892
f 2060/2029/1861 331/2027/1859 330/2066/1897
f 2076/2041/1873 2095/2063/1894 2075/2042/1874
f 2093/2059/1890 2095/2063/1894 2094/2060/1891
f 1681/1628/122 2100/2067/122 2101/2068/122
f 1681/1628/122 2101/2068/122 1682/1629/122
f 2102/2069/122 2103/2070/122 2101/2068/122
f 2102/2069/122 2101/2068/122 2100/2067/122
f 326/184/122 328/186/122 2103/2070/122
f 326/184/122 2103/2070/122 2102/2069/122
f 2091/2057/1888 322/2036/1868 2070/2038/1870
f 2058/2026/1858 2059/2028/1860 2061/2071/1898
f 2066/2072/1899 1680/1588/1500 1644/1587/1499
f 1534/1482/1414 2104/2073/1900 1685/1632/1537
f 1966/1938/1789 2105/2074/1901 2104/2073/1900
f 1966/1938/1789 2104/2073/1900 1534/1482/1414
f 1966/1938/1789 2106/2075/1902 2105/2074/1901
f 1967/1936/1787 2107/2076/1903 2106/2075/1902
f 1967/1936/1787 2106/2075/1902 1966/1938/1789
f 1967/1936/1787 332/2077/1904 2107/2076/1903
f 334/1934/1785 333/2078/1905 2108/2079/1906
f 310/170/157 2109/2080/1907 333/2078/1905
f 310/170/157 333/2078/1905 334/1934/1785
f 310/170/157 2110/2081/1908 2109/2080/1907
f 1693/1641/1546 1692/1643/1548 2111/2082/1909
f 2112/2083/1910 2113/2084/1911 2114/2085/1912
f 1843/2086/1913 2128/2087/1914 2115/2088/1915
f 2128/2087/1914 2116/2089/1916 2115/2088/1915
f 2113/2084/1911 2128/2087/1914 1843/2086/1913
f 1699/1651/1556 2112/2083/1910 2114/2085/1912
f 2113/2084/1911 1843/2086/1913 2114/2085/1912
f 1701/1653/1558 2117/2090/1917 1702/1654/1559
f 2092/2058/1889 323/2053/1884 322/2036/1868
f 1701/1653/1558 2118/2091/1918 2117/2090/1917
f 2120/2092/1919 2122/2093/1920 2123/2094/1921
f 2121/2095/1922 2120/2092/1919 2123/2094/1921
f 1699/1651/1556 2114/2085/1912 251/1645/1550
f 2127/2096/1923 2113/2084/1911 2112/2083/1910
f 1716/1663/1568 2127/2096/1923 2112/2083/1910
f 1716/1663/1568 2112/2083/1910 1699/1651/1556
f 335/2046/1877 337/2097/1924 336/2098/1925
f 335/2046/1877 338/2099/1926 337/2097/1924
f 334/1934/1785 2108/2079/1906 332/2077/1904
f 334/1934/1785 332/2077/1904 1967/1936/1787
f 335/2046/1877 336/2098/1925 2133/2100/1927
f 335/2046/1877 2133/2100/1927 2085/2051/1882
f 1722/1668/125 1723/1671/125 340/2101/125
f 1722/1668/125 340/2101/125 339/2102/125
f 2083/2049/1880 338/2099/1926 335/2046/1877
f 2134/2103/16 2135/2104/16 2136/2105/16
f 2137/2106/122 2085/2051/1882 2133/2100/1927
f 2137/2106/122 2133/2100/1927 2138/2107/122
f 2135/2104/16 2134/2103/16 2141/2108/16
f 2135/2104/16 2141/2108/16 2142/2109/16
f 2125/2110/1928 2129/2111/1929 2130/2112/1930
f 2139/2113/1931 1735/1686/1580 1729/1685/1579
f 2125/2110/1928 2126/2114/1932 2129/2111/1929
f 2129/2111/1929 2126/2114/1932 2140/2115/1933
f 2140/2115/1933 2126/2114/1932 2139/2113/1931
f 2139/2113/1931 2126/2114/1932 1735/1686/1580
f 2145/2116/1934 2146/2117/1935 2144/2118/1936
f 2145/2116/1934 2144/2118/1936 2143/2119/1937
f 2143/2119/1937 2144/2118/1936 2126/2114/1932
f 2143/2119/1937 2126/2114/1932 2125/2110/1928
f 2122/2093/1920 2124/2120/1938 2123/2094/1921
f 2089/2121/16 2131/2122/16 2132/2123/16
f 2089/2121/16 2132/2123/16 2090/2124/16
f 2118/2091/1918 2120/2092/1919 2119/2125/1939
f 2119/2125/1939 2120/2092/1919 2121/2095/1922
f 2117/2090/1917 2118/2091/1918 2119/2125/1939
f 2147/2126/1940 2148/2127/1941 2149/2128/1942
f 2147/2126/1940 2149/2128/1942 2152/2129/1943
f 2151/2130/1944 1755/1707/1597 2161/2131/1945
f 2151/2130/1944 1743/1714/1604 1755/1707/1597
f 2149/2128/1942 2154/2132/1946 2152/2129/1943
f 1802/1758/1634 2157/2133/1947 2155/2134/1948
f 2163/2135/1949 2148/2127/1941 2147/2126/1940
f 2154/2132/1946 2164/2136/1950 2150/2137/1951
f 2154/2132/1946 2150/2137/1951 2152/2129/1943
f 2150/2137/1951 2165/2138/1952 2166/2139/1953
f 2150/2137/1951 2166/2139/1953 2161/2131/1945
f 2150/2137/1951 2164/2136/1950 2165/2138/1952
f 2161/2131/1945 1755/1707/1597 1761/1804/1672
f 2166/2139/1953 2151/2130/1944 2161/2131/1945
f 2167/2140/1954 2175/2141/1955 2168/2142/1956
f 2169/2143/171 2170/2144/171 2171/2145/171
f 2169/2143/171 2171/2145/171 2172/2146/171
f 2175/2141/1955 2176/2147/1957 2177/2148/1958
f 2175/2141/1955 2177/2148/1958 2178/2149/1959
f 2179/2150/171 2180/2151/171 2181/2152/171
f 2179/2150/171 2181/2152/171 2182/2153/171
f 351/2154/1960 352/2155/1961 2173/2156/1962
f 351/2154/1960 2173/2156/1962 2174/2157/1963
f 2174/2157/1963 2173/2156/1962 2183/2158/1964
f 2174/2157/1963 2183/2158/1964 2184/2159/1965
f 2185/2160/1966 352/2155/1961 351/2154/1960
f 2185/2160/1966 351/2154/1960 2186/2161/1967
f 2158/2162/1968 2152/2129/1943 2153/2163/1969
f 2159/2164/1970 2147/2126/1940 2152/2129/1943
f 2159/2164/1970 2152/2129/1943 2158/2162/1968
f 2156/2165/1971 2150/2137/1951 2160/2166/1972
f 2160/2166/1972 2162/2167/1973 2156/2165/1971
f 2187/2168/1974 2188/2169/1975 2174/2157/1963
f 2150/2137/1951 2156/2165/1971 2153/2163/1969
f 2152/2129/1943 2150/2137/1951 2153/2163/1969
f 2176/2147/1957 2175/2141/1955 2167/2140/1954
f 2189/2170/1976 2180/2151/171 2179/2150/171
f 2189/2170/1976 2179/2150/171 2190/2171/1977
f 261/136/127 2191/2172/1978 345/191/122
f 2192/2173/171 347/193/171 346/195/171
f 2192/2173/171 346/195/171 2193/2174/171
f 350/189/170 344/188/169 349/196/172
f 2194/2175/1979 2195/2176/1980 2171/2145/171
f 2194/2175/1979 2171/2145/171 2170/2144/171
f 345/191/122 341/190/122 261/136/127
f 2178/2149/1959 2177/2148/1958 2196/2177/1981
f 2178/2149/1959 2196/2177/1981 2197/2178/1630
f 347/193/171 2198/2179/171 348/194/171
f 2199/2180/171 346/195/171 2200/2181/171
f 346/195/171 348/194/171 2200/2181/171
f 1748/1703/1593 1802/1758/1634 2155/2134/1948
f 1800/1757/1633 266/197/173 349/196/172
f 2153/2163/1969 2156/2165/1971 2158/2162/1968
f 2150/2137/1951 2161/2131/1945 2160/2166/1972
f 2188/2169/1975 351/2154/1960 2174/2157/1963
f 1797/1764/1640 2191/2172/1978 261/136/127
f 1802/1758/1634 1806/1766/1642 2201/2182/1982
f 1802/1758/1634 2201/2182/1982 2157/2133/1947
f 2157/2133/1947 2201/2182/1982 2202/2183/1983
f 2162/2167/1973 2203/2184/1984 2204/2185/1985
f 2162/2167/1973 2204/2185/1985 2156/2165/1971
f 2156/2165/1971 2204/2185/1985 2205/2186/1986
f 2156/2165/1971 2205/2186/1986 2206/2187/1987
f 2156/2165/1971 2206/2187/1987 2158/2162/1968
f 2158/2162/1968 2206/2187/1987 2207/2188/1988
f 2158/2162/1968 2207/2188/1988 2208/2189/1989
f 2158/2162/1968 2208/2189/1989 2159/2164/1970
f 2219/2190/1990 2212/2191/1991 2209/2192/122
f 2219/2190/1990 2209/2192/122 2210/2193/122
f 2211/2194/1992 2221/2195/1993 2220/2196/1994
f 2212/2191/1991 2213/2197/122 2214/2198/122
f 2211/2194/1992 2215/2199/122 2216/2200/122
f 2212/2191/1991 2211/2194/1992 2213/2197/122
f 2211/2194/1992 1824/1783/1652 2215/2199/122
f 1824/1783/1652 1823/1782/122 2217/2201/122
f 2213/2197/122 2211/2194/1992 2216/2200/122
f 1824/1783/1652 2217/2201/122 2215/2199/122
f 2209/2192/122 2212/2191/1991 2214/2198/122
f 2218/2202/122 2219/2190/1990 2210/2193/122
f 1824/1783/1652 2211/2194/1992 2220/2196/1994
f 2219/2190/1990 2222/2203/1995 2221/2195/1993
f 1827/1787/1655 1824/1783/1652 2220/2196/1994
f 2212/2191/1991 2219/2190/1990 2221/2195/1993
f 2221/2195/1993 2211/2194/1992 2212/2191/1991
f 353/2204/1996 354/2205/1997 361/204/180
f 355/201/177 356/200/176 354/2205/1997
f 2223/2206/1998 275/144/132 277/145/133
f 357/199/175 2223/2206/1998 277/145/133
f 355/201/177 357/199/175 358/198/174
f 353/2204/1996 355/201/177 354/2205/1997
f 360/203/179 353/2204/1996 361/204/180
f 2224/2207/1999 2225/2208/2000 2226/2209/2001
f 2226/2209/2001 2225/2208/2000 2227/1793/1661
f 2226/2209/2001 2227/1793/1661 1832/1792/1660
f 2224/2207/1999 2228/2210/2002 2225/2208/2000
f 1835/1796/1664 1837/1798/1666 2229/2211/2003
f 1835/1796/1664 2229/2211/2003 2230/2212/2004
f 2230/2212/2004 2229/2211/2003 2231/2213/2005
f 2230/2212/2004 2231/2213/2005 2232/2214/2006
f 2161/2131/1945 1761/1804/1672 2160/2166/1972
f 1429/1362/1310 1426/1365/1313 1430/1363/1311
f 2234/2215/2007 2233/2216/2008 2235/2217/2009
f 2234/2215/2007 2235/2217/2009 2236/2218/2010
f 2235/2217/2009 2237/2219/2011 2236/2218/2010
f 2237/2219/2011 2235/2217/2009 2262/2220/2012
f 2262/2220/2012 2235/2217/2009 2238/2221/2013
f 2241/2222/2014 2256/2223/2015 2240/2224/2016
f 2241/2222/2014 2240/2224/2016 2242/2225/2017
f 2241/2222/2014 2242/2225/2017 2243/2226/2018
f 2242/2225/2017 2244/2227/2019 2243/2226/2018
f 2244/2227/2019 2242/2225/2017 2252/2228/2020
f 2252/2228/2020 2242/2225/2017 2245/2229/2021
f 2252/2228/2020 2245/2229/2021 2270/2230/2022
f 2247/2231/2023 2288/2232/2024 2248/2233/2025
f 2303/2234/2026 2249/2235/2027 2250/2236/2028
f 2303/2234/2026 2250/2236/2028 2302/2237/2029
f 2252/2228/2020 2270/2230/2022 2253/2238/2030
f 2253/2238/2030 2270/2230/2022 2254/2239/2031
f 2255/2240/2032 2256/2223/2015 2257/2241/2033
f 2257/2241/2033 2256/2223/2015 2259/2242/2034
f 2238/2221/2013 2299/2243/2035 2262/2220/2012
f 2262/2220/2012 2299/2243/2035 2263/2244/2036
f 2262/2220/2012 2263/2244/2036 2264/2245/2037
f 2262/2220/2012 2264/2245/2037 2265/2246/2038
f 380/217/187 363/2247/2039 364/2248/125
f 379/216/125 380/217/187 364/2248/125
f 363/2247/2039 365/2249/2040 366/2250/125
f 364/2248/125 363/2247/2039 366/2250/125
f 365/2249/2040 367/206/181 369/208/125
f 365/2249/2040 369/208/125 2271/2251/125
f 366/2250/125 365/2249/2040 2271/2251/125
f 368/207/182 371/209/125 369/208/125
f 372/2252/2041 373/2253/125 371/209/125
f 371/209/125 370/210/183 372/2252/2041
f 374/211/184 375/213/125 373/2253/125
f 373/2253/125 372/2252/2041 374/211/184
f 375/213/125 377/212/185 376/214/125
f 2270/2230/2022 2246/2254/2042 2266/2255/2043
f 2266/2255/2043 2246/2254/2042 2233/2216/2008
f 2268/2256/2044 2267/2257/2045 2233/2216/2008
f 2266/2255/2043 2233/2216/2008 2267/2257/2045
f 2234/2215/2007 2268/2256/2044 2233/2216/2008
f 2237/2219/2011 2262/2220/2012 2272/2258/2046
f 2272/2258/2046 2262/2220/2012 2265/2246/2038
f 2238/2221/2013 2239/2259/2047 2299/2243/2035
f 2299/2243/2035 2239/2259/2047 2260/2260/2048
f 2261/2261/2049 2240/2224/2016 2258/2262/2050
f 2258/2262/2050 2240/2224/2016 2256/2223/2015
f 2256/2223/2015 2241/2222/2014 2273/2263/2051
f 2256/2223/2015 2273/2263/2051 2259/2242/2034
f 2245/2229/2021 2246/2254/2042 2270/2230/2022
f 2276/2264/2052 2277/2265/2053 2279/2266/2054
f 2276/2264/2052 2279/2266/2054 2278/2267/2055
f 2278/2267/2055 2279/2266/2054 2283/2268/2056
f 2278/2267/2055 2283/2268/2056 2282/2269/2057
f 2284/2270/2058 2280/2271/2059 2281/2272/2060
f 2284/2270/2058 2281/2272/2060 2285/2273/2061
f 2276/2264/2052 2281/2272/2060 2280/2271/2059
f 2277/2265/2053 2276/2264/2052 2280/2271/2059
f 2289/2274/2062 2287/2275/2063 2286/2276/2064
f 2247/2231/2023 2286/2276/2064 2288/2232/2024
f 2289/2274/2062 2290/2277/2065 2287/2275/2063
f 2289/2274/2062 2286/2276/2064 2247/2231/2023
f 2292/2278/2066 2293/2279/2067 2291/2280/2068
f 2289/2274/2062 2291/2280/2068 2290/2277/2065
f 2292/2278/2066 2291/2280/2068 2289/2274/2062
f 2292/2278/2066 2294/2281/2069 2293/2279/2067
f 2296/2282/2070 2294/2281/2069 2292/2278/2066
f 2247/2231/2023 2297/2283/2071 2296/2282/2070
f 2296/2282/2070 2297/2283/2071 2295/2284/2072
f 2247/2231/2023 2248/2233/2025 2297/2283/2071
f 2267/2257/2045 2269/2285/2073 2298/2286/2074
f 2267/2257/2045 2298/2286/2074 2266/2255/2043
f 2269/2285/2073 2274/2287/2075 2298/2286/2074
f 2274/2287/2075 2263/2244/2036 2298/2286/2074
f 2263/2244/2036 2299/2243/2035 2298/2286/2074
f 2256/2223/2015 2255/2240/2032 2300/2288/2076
f 2256/2223/2015 2300/2288/2076 2258/2262/2050
f 2255/2240/2032 2275/2289/2077 2300/2288/2076
f 2275/2289/2077 2254/2239/2031 2300/2288/2076
f 2254/2239/2031 2270/2230/2022 2300/2288/2076
f 2304/2290/2078 2303/2234/2026 2302/2237/2029
f 2304/2290/2078 2307/2291/2079 2303/2234/2026
f 2250/2236/2028 2249/2235/2027 2305/2292/2080
f 2306/2293/2081 2307/2291/2079 2304/2290/2078
f 2305/2292/2080 2251/2294/2082 2250/2236/2028
f 2266/2255/2043 2308/2295/2083 2301/2296/2084
f 2266/2255/2043 2301/2296/2084 2270/2230/2022
f 2298/2286/2074 2308/2295/2083 2266/2255/2043
f 2299/2243/2035 2309/2297/2085 2298/2286/2074
f 2298/2286/2074 2309/2297/2085 2308/2295/2083
f 2299/2243/2035 2310/2298/2086 2309/2297/2085
f 2260/2260/2048 2311/2299/2087 2299/2243/2035
f 2258/2262/2050 2312/2300/2088 2261/2261/2049
f 2299/2243/2035 2311/2299/2087 2310/2298/2086
f 2300/2288/2076 2313/2301/2089 2312/2300/2088
f 2300/2288/2076 2312/2300/2088 2258/2262/2050
f 2300/2288/2076 2314/2302/2090 2313/2301/2089
f 2270/2230/2022 2314/2302/2090 2300/2288/2076
f 2270/2230/2022 2315/2303/2091 2314/2302/2090
f 2315/2303/2091 2270/2230/2022 2301/2296/2084
f 376/214/125 378/215/186 379/216/125
f 2317/2304/2092 2318/2305/2093 2316/2306/2094
f 2318/2305/2093 2319/2307/2095 2320/2308/2096
f 2319/2307/2095 2318/2305/2093 2321/2309/2097
f 2319/2307/2095 2321/2309/2097 2322/2310/128
f 2321/2309/2097 2323/2311/128 2322/2310/128
f 2324/2312/2098 2325/2313/2099 2326/2314/2100
f 2324/2312/2098 2326/2314/2100 2327/2315/2101
f 2324/2312/2098 2327/2315/2101 2330/2316/2102
f 2330/2316/2102 2332/2317/2103 2324/2312/2098
f 2330/2316/2102 2333/2318/171 2332/2317/2103
f 2334/2319/2104 2335/2320/2105 2336/2321/2106
f 2342/2322/2107 2337/2323/2108 2338/2324/2109
f 2342/2322/2107 2338/2324/2109 2339/2325/2110
f 2340/2326/2111 2344/2327/2112 2343/2328/2113
f 2340/2326/2111 2343/2328/2113 2341/2329/2114
f 2342/2322/2107 2339/2325/2110 2343/2328/2113
f 2344/2327/2112 2342/2322/2107 2343/2328/2113
f 2345/2330/16 2346/2331/16 2347/2332/16
f 2345/2330/16 2347/2332/16 2348/2333/16
f 2346/2331/16 2349/2334/16 2350/2335/16
f 2346/2331/16 2350/2335/16 2347/2332/16
f 2351/2336/2115 2334/2319/2104 2353/2337/2116
f 2351/2336/2115 2353/2337/2116 2352/2338/2117
f 2334/2319/2104 2336/2321/2106 2353/2337/2116
f 2354/2339/2118 2355/2340/2119 2356/2341/2120
f 2357/2342/2121 2354/2339/2118 2356/2341/2120
f 2360/2343/2122 2363/2344/2123 2361/2345/2124
f 2363/2344/2123 2364/2346/2125 2361/2345/2124
f 2366/2347/2126 2364/2346/2125 2363/2344/2123
f 2361/2345/2124 2364/2346/2125 2367/2348/2127
f 2369/2349/2128 2370/2350/2129 2365/2351/2130
f 2369/2349/2128 2365/2351/2130 2362/2352/2131
f 2362/2352/2131 2360/2343/2122 2371/2353/2132
f 2362/2352/2131 2371/2353/2132 2369/2349/2128
f 2368/2354/2133 2364/2346/2125 2366/2347/2126
f 2360/2343/2122 2372/2355/2134 2371/2353/2132
f 2367/2348/2127 2373/2356/2135 2361/2345/2124
f 2360/2343/2122 2361/2345/2124 2373/2356/2135
f 2360/2343/2122 2373/2356/2135 2372/2355/2134
f 2377/2357/2136 2374/2358/2137 2378/2359/2138
f 2377/2357/2136 2974/2360/122 2317/2304/2092
f 2378/2359/2138 2379/2361/2139 2380/2362/2140
f 2380/2362/2140 2381/2363/2141 2378/2359/2138
f 2380/2362/2140 2382/2364/171 2381/2363/2141
f 2381/2363/2141 2382/2364/171 2383/2365/171
f 2384/2366/2142 2386/2367/2143 2385/2368/2144
f 2384/2366/2142 2385/2368/2144 2325/2313/2099
f 2384/2366/2142 2325/2313/2099 2324/2312/2098
f 2328/2369/16 2390/2370/16 2387/2371/16
f 2390/2370/16 2331/2372/16 2329/2373/16
f 2390/2370/16 2329/2373/16 2388/2374/16
f 2384/2366/2142 2389/2375/2145 2386/2367/2143
f 2390/2370/16 2328/2369/16 2331/2372/16
f 2389/2375/2145 2384/2366/2142 2391/2376/2146
f 2389/2375/2145 2391/2376/2146 2392/2377/128
f 2393/2378/2147 2394/2379/2148 2395/2380/2149
f 2396/2381/2150 2397/2382/2151 2398/2383/2152
f 2399/2384/2153 2400/2385/2154 2397/2382/2151
f 2399/2384/2153 2397/2382/2151 2403/2386/2155
f 2403/2386/2155 2397/2382/2151 2396/2381/2150
f 2396/2381/2150 2398/2383/2152 2402/2387/2156
f 2396/2381/2150 2402/2387/2156 2401/2388/2157
f 2404/2389/16 2405/2390/16 2406/2391/16
f 2404/2389/16 2406/2391/16 2407/2392/16
f 2345/2330/16 2348/2333/16 2405/2390/16
f 2345/2330/16 2405/2390/16 2404/2389/16
f 2407/2392/16 2406/2391/16 2408/2393/16
f 2407/2392/16 2408/2393/16 2409/2394/16
f 2410/2395/2158 2411/2396/2159 2412/2397/2160
f 2410/2395/2158 2412/2397/2160 2393/2378/2147
f 2393/2378/2147 2412/2397/2160 2394/2379/2148
f 2413/2398/2161 2414/2399/2162 2359/2400/2163
f 2413/2398/2161 2359/2400/2163 2358/2401/2164
f 2355/2340/2119 2354/2339/2118 2414/2399/2162
f 2355/2340/2119 2414/2399/2162 2413/2398/2161
f 2415/2402/128 2376/2403/128 2375/2404/128
f 2415/2402/128 2375/2404/128 2416/2405/128
f 2421/2406/2165 2422/2407/2166 2418/2408/2167
f 2419/2409/2168 2424/2410/2169 2425/2411/2170
f 2419/2409/2168 2425/2411/2170 2426/2412/2171
f 2419/2409/2168 2426/2412/2171 2423/2413/2172
f 2427/2414/2173 2421/2406/2165 2418/2408/2167
f 2427/2414/2173 2418/2408/2167 2420/2415/2174
f 2427/2414/2173 2420/2415/2174 2428/2416/2175
f 2421/2406/2165 2429/2417/2176 2422/2407/2166
f 2424/2410/2169 2419/2409/2168 2417/2418/2177
f 2424/2410/2169 2417/2418/2177 2430/2419/2178
f 2422/2407/2166 2429/2417/2176 2430/2419/2178
f 2422/2407/2166 2430/2419/2178 2417/2418/2177
f 2508/2420/2179 2509/2421/2180 2431/2422/2181
f 2508/2420/2179 2431/2422/2181 2432/2423/2182
f 2512/2424/2183 2511/2425/2184 2434/2426/2185
f 2511/2425/2184 2433/2427/2186 2434/2426/2185
f 2435/2428/2187 2512/2424/2183 2434/2426/2185
f 2531/2429/2188 2514/2430/2189 2435/2428/2187
f 2515/2431/2190 2516/2432/2191 2440/2433/2192
f 2515/2431/2190 2440/2433/2192 2436/2434/2193
f 2509/2421/2180 2515/2431/2190 2431/2422/2181
f 2515/2431/2190 2436/2434/2193 2431/2422/2181
f 2441/2435/2194 2520/2436/2195 2443/2437/2196
f 2522/2438/2197 2444/2439/2198 2521/2440/2199
f 2443/2437/2196 2521/2440/2199 2444/2439/2198
f 2445/2441/2200 2444/2439/2198 2522/2438/2197
f 2438/2442/2201 2445/2441/2200 2439/2443/2202
f 2488/2444/2203 2447/2445/2204 2448/2446/2205
f 2488/2444/2203 2448/2446/2205 2489/2447/2206
f 2519/2448/2207 2442/2449/2208 2446/2450/2209
f 2452/2451/2210 2453/2452/2211 2454/2453/2212
f 2452/2451/2210 2454/2453/2212 2455/2454/2213
f 2456/2455/2214 2450/2456/2205 2451/2457/2205
f 2456/2455/2214 2451/2457/2205 2457/2458/2214
f 2458/2459/2215 2459/2460/2216 2460/2461/2217
f 2458/2459/2215 2460/2461/2217 2461/2462/2215
f 2462/2463/2218 2452/2451/2210 2455/2454/2213
f 2463/2464/2219 2464/2465/2219 2465/2466/2220
f 2463/2464/2219 2465/2466/2220 2466/2467/2220
f 2467/2468/2221 2461/2462/2215 2460/2461/2217
f 2468/2469/2222 2469/2470/2223 2470/2471/2224
f 2468/2469/2222 2470/2471/2224 2454/2453/2212
f 2467/2468/2221 2460/2461/2217 2471/2472/2225
f 2467/2468/2221 2471/2472/2225 2472/2473/2226
f 2454/2453/2212 2453/2452/2211 2468/2469/2222
f 2473/2474/2214 2474/2475/2227 2475/2476/2227
f 2473/2474/2214 2475/2476/2227 2470/2471/2224
f 2476/2477/2228 2472/2473/2226 2471/2472/2225
f 2476/2477/2228 2471/2472/2225 2477/2478/2229
f 2476/2477/2228 2477/2478/2229 2478/2479/2230
f 2470/2471/2224 2469/2470/2223 2473/2474/2214
f 2479/2480/1481 2480/2481/2231 2481/2482/2232
f 2482/2483/2233 2478/2479/2230 2477/2478/2229
f 2482/2483/2233 2477/2478/2229 2483/2484/2229
f 2482/2483/2233 2483/2484/2229 2484/2485/2233
f 2451/2457/2205 2450/2456/2205 2479/2480/1481
f 2451/2457/2205 2479/2480/1481 2481/2482/2232
f 2466/2467/2220 2465/2466/2220 2459/2460/2216
f 2466/2467/2220 2459/2460/2216 2485/2486/2215
f 2486/2487/2234 2484/2485/2233 2483/2484/2229
f 2486/2487/2234 2483/2484/2229 2487/2488/2235
f 2474/2475/2227 2488/2444/2203 2489/2447/2206
f 2474/2475/2227 2489/2447/2206 2475/2476/2227
f 2459/2460/2216 2458/2459/2215 2485/2486/2215
f 2490/2489/2236 2462/2463/2218 2455/2454/2213
f 2490/2489/2236 2455/2454/2213 2491/2490/2237
f 2492/2491/2238 2486/2487/2234 2487/2488/2235
f 2492/2491/2238 2487/2488/2235 2493/2492/2239
f 2481/2482/2232 2480/2481/2231 2490/2489/2236
f 2481/2482/2232 2490/2489/2236 2491/2490/2237
f 2516/2432/2191 2494/2493/2240 2440/2433/2192
f 2516/2432/2191 2528/2494/2241 2494/2493/2240
f 2495/2495/2242 2496/2496/2243 2438/2442/2201
f 2496/2496/2243 2445/2441/2200 2438/2442/2201
f 2497/2497/2244 2437/2498/2245 2435/2428/2187
f 2497/2497/2244 2435/2428/2187 2498/2499/2246
f 2499/2500/2247 2500/2501/2248 2501/2502/2249
f 2501/2502/2249 2500/2501/2248 2502/2503/2250
f 2519/2448/2207 2446/2450/2209 2525/2504/2251
f 2446/2450/2209 2527/2505/2252 2525/2504/2251
f 2524/2506/2253 2445/2441/2200 2523/2507/2254
f 2449/2508/2255 2527/2505/2252 2446/2450/2209
f 2503/2509/2256 2504/2510/2257 2499/2500/2247
f 2499/2500/2247 2504/2510/2257 2500/2501/2248
f 2445/2441/2200 2524/2506/2253 2439/2443/2202
f 2445/2441/2200 2522/2438/2197 2523/2507/2254
f 2521/2440/2199 2443/2437/2196 2520/2436/2195
f 2517/2511/2258 2442/2449/2208 2518/2512/2259
f 2441/2435/2194 2517/2511/2258 2520/2436/2195
f 2442/2449/2208 2519/2448/2207 2518/2512/2259
f 2442/2449/2208 2517/2511/2258 2441/2435/2194
f 2505/2513/2260 2506/2514/2261 2507/2515/2262
f 2514/2430/2189 2512/2424/2183 2435/2428/2187
f 2511/2425/2184 2510/2516/2263 2433/2427/2186
f 2510/2516/2263 2432/2423/2182 2433/2427/2186
f 2510/2516/2263 2508/2420/2179 2432/2423/2182
f 2506/2514/2261 2505/2513/2260 2501/2502/2249
f 2506/2514/2261 2501/2502/2249 2502/2503/2250
f 2513/2517/2264 2512/2424/2183 2514/2430/2189
f 2507/2515/2262 2506/2514/2261 2526/2518/2265
f 2529/2519/2266 2530/2520/2266 2507/2515/2262
f 2529/2519/2266 2507/2515/2262 2526/2518/2265
f 2437/2498/2245 2531/2429/2188 2435/2428/2187
f 2532/2521/2267 2533/2522/2268 2535/2523/2269
f 2532/2521/2267 2535/2523/2269 2534/2524/2270
f 2533/2522/2268 2532/2521/2267 2536/2525/2271
f 2536/2525/2271 2532/2521/2267 2537/2526/2272
f 2534/2524/2270 2535/2523/2269 2541/2527/2273
f 2534/2524/2270 2541/2527/2273 2538/2528/2274
f 2538/2528/2274 2541/2527/2273 2539/2529/2275
f 2543/2530/2276 2532/2521/2267 2534/2524/2270
f 2544/2531/2277 2545/2532/2278 2534/2524/2270
f 2534/2524/2270 2538/2528/2274 2544/2531/2277
f 2546/2533/2279 2547/2534/2280 2535/2523/2269
f 2533/2522/2268 2546/2533/2279 2535/2523/2269
f 2547/2534/2280 2541/2527/2273 2535/2523/2269
f 2538/2528/2274 2539/2529/2275 2548/2535/2281
f 2542/2536/2282 2557/2537/2283 2549/2538/2284
f 2551/2539/2285 2558/2540/2286 2552/2541/2287
f 2564/2542/2288 2553/2543/2289 2561/2544/2290
f 2567/2545/2291 2554/2546/2292 2555/2547/2293
f 2567/2545/2291 2555/2547/2293 2556/2548/2294
f 2557/2537/2283 2542/2536/2282 2550/2549/2295
f 2549/2538/2284 2559/2550/2296 2542/2536/2282
f 2560/2551/2297 2542/2536/2282 2559/2550/2296
f 2568/2552/2298 2561/2544/2290 2553/2543/2289
f 2563/2553/2299 2564/2542/2288 2565/2554/2300
f 2565/2554/2300 2564/2542/2288 2570/2555/2301
f 2562/2556/2302 2566/2557/2303 2557/2537/2283
f 2557/2537/2283 2550/2549/2295 2562/2556/2302
f 2551/2539/2285 2552/2541/2287 2567/2545/2291
f 2567/2545/2291 2552/2541/2287 2554/2546/2292
f 2568/2552/2298 2569/2558/2304 2561/2544/2290
f 2565/2554/2300 2570/2555/2301 2551/2539/2285
f 2558/2540/2286 2551/2539/2285 2570/2555/2301
f 2553/2543/2289 2564/2542/2288 2563/2553/2299
f 2562/2556/2302 2540/2559/2305 2566/2557/2303
f 2566/2557/2303 2540/2559/2305 2572/2560/2306
f 2573/2561/2307 2557/2537/2283 2574/2562/2308
f 2550/2549/2295 2542/2536/2282 2571/2563/2309
f 2549/2538/2284 2557/2537/2283 2573/2561/2307
f 2574/2562/2308 2557/2537/2283 2566/2557/2303
f 2575/2564/2310 2540/2559/2305 2562/2556/2302
f 2540/2559/2305 2575/2564/2310 2577/2565/2311
f 2576/2566/2312 2540/2559/2305 2577/2565/2311
f 2540/2559/2305 2576/2566/2312 2572/2560/2306
f 2556/2548/2294 2555/2547/2293 2578/2567/2313
f 2556/2548/2294 2578/2567/2313 2579/2568/2314
f 2580/2569/128 2375/2404/128 2376/2403/128
f 2580/2569/128 2376/2403/128 2581/2570/128
f 2320/2308/2096 2580/2569/128 2581/2570/128
f 2320/2308/2096 2581/2570/128 2582/2571/128
f 2320/2308/2096 2582/2571/128 2583/2572/2315
f 2584/2573/128 2415/2402/128 2416/2405/128
f 2584/2573/128 2416/2405/128 2585/2574/2316
f 2586/2575/2317 2584/2573/128 2585/2574/2316
f 2586/2575/2317 2585/2574/2316 2316/2306/2094
f 2587/2576/171 2588/2577/171 2589/2578/171
f 2587/2576/171 2589/2578/171 2590/2579/171
f 2591/2580/2318 2587/2576/171 2590/2579/171
f 2591/2580/2318 2590/2579/171 2592/2581/2319
f 2374/2358/2137 2591/2580/2318 2592/2581/2319
f 2374/2358/2137 2592/2581/2319 2593/2582/2320
f 2374/2358/2137 2593/2582/2320 2594/2583/2321
f 2595/2584/171 2589/2578/171 2588/2577/171
f 2595/2584/171 2588/2577/171 2596/2585/171
f 2597/2586/171 2595/2584/171 2596/2585/171
f 2597/2586/171 2596/2585/171 2379/2361/2139
f 2598/2587/2322 2597/2586/171 2379/2361/2139
f 2600/2588/2323 2605/2589/2324 2599/2590/2325
f 2610/2591/128 2609/2592/128 2599/2590/2325
f 2611/2593/2326 2610/2591/128 2599/2590/2325
f 2611/2593/2326 2599/2590/2325 2605/2589/2324
f 2612/2594/2327 2611/2593/2326 2605/2589/2324
f 2612/2594/2327 2605/2589/2324 2602/2595/2328
f 2613/2596/128 2612/2594/2327 2602/2595/2328
f 2606/2597/2329 2601/2598/2330 2602/2595/2328
f 2606/2597/2329 2602/2595/2328 2605/2589/2324
f 2614/2599/2331 2615/219/189 2616/2600/2332
f 2614/2599/2331 2616/2600/2332 2617/2601/2333
f 2619/2602/2334 2618/2603/2335 2620/2604/2336
f 2618/2603/2335 2603/2605/2337 2620/2604/2336
f 2627/2606/2338 2607/2607/2339 2603/2605/2337
f 2615/219/189 2614/2599/2331 382/220/190
f 2609/2592/128 2621/2608/128 2604/2609/2340
f 2609/2592/128 2604/2609/2340 2599/2590/2325
f 2605/2589/2324 2600/2588/2323 2606/2597/2329
f 2626/2610/2341 2608/2611/2342 2607/2607/2339
f 2626/2610/2341 2607/2607/2339 2627/2606/2338
f 2629/2612/2343 2600/2588/2323 2628/2613/2344
f 2630/2614/2345 2600/2588/2323 2629/2612/2343
f 2631/2615/2346 2600/2588/2323 2630/2614/2345
f 2631/2615/2346 2623/2616/2347 2600/2588/2323
f 2632/2617/2348 2623/2616/2347 2631/2615/2346
f 2633/2618/2349 2634/2619/2350 2635/2620/2351
f 2633/2618/2349 2635/2620/2351 2636/221/191
f 2606/2597/2329 2600/2588/2323 2623/2616/2347
f 2606/2597/2329 2623/2616/2347 2622/2621/2352
f 2618/2603/2335 2638/2622/2353 2624/2623/2354
f 2618/2603/2335 2637/2624/2355 2638/2622/2353
f 2627/2606/2338 2603/2605/2337 2624/2623/2354
f 2636/221/191 382/220/190 2633/2618/2349
f 2628/2613/2344 2600/2588/2323 2625/2625/2356
f 2628/2613/2344 2625/2625/2356 2639/2626/171
f 2604/2609/2340 2625/2625/2356 2600/2588/2323
f 2604/2609/2340 2600/2588/2323 2599/2590/2325
f 2603/2605/2337 2618/2603/2335 2624/2623/2354
f 2644/2627/2357 2645/2628/2358 2646/2629/171
f 2644/2627/2357 2646/2629/171 2647/2630/171
f 2650/2631/2359 2652/2632/2360 2653/2633/2361
f 2650/2631/2359 2653/2633/2361 2651/2634/2362
f 2654/2635/2363 2656/2636/2364 2657/2637/2365
f 2654/2635/2363 2657/2637/2365 2655/2638/2366
f 2641/2639/2367 2640/2640/2368 2668/2641/2369
f 2641/2639/2367 2668/2641/2369 2658/2642/2370
f 2648/2643/2371 2649/2644/2372 2659/2645/2373
f 2648/2643/2371 2659/2645/2373 2663/2646/2374
f 2659/2645/2373 2649/2644/2372 2660/2647/2375
f 2668/2641/2369 2640/2640/2368 2666/2648/2376
f 2648/2643/2371 2663/2646/2374 2662/2649/2377
f 2661/2650/2378 2662/2649/2377 2663/2646/2374
f 2661/2650/2378 2663/2646/2374 2664/2651/2379
f 2660/2647/2375 2665/2652/2380 2658/2642/2370
f 2660/2647/2375 2658/2642/2370 2659/2645/2373
f 2641/2639/2367 2658/2642/2370 2665/2652/2380
f 2666/2648/2376 2667/2653/2381 2668/2641/2369
f 2820/2654/171 2670/2655/2382 2747/2656/2383
f 2820/2654/171 2747/2656/2383 2669/2657/171
f 3036/2658/128 3037/2659/128 2671/2660/128
f 3036/2658/128 2671/2660/128 2672/2661/128
f 2675/2662/2384 2677/2663/2385 2678/2664/2386
f 2675/2662/2384 2678/2664/2386 2676/2665/2387
f 2679/2666/2388 2675/2662/2384 2676/2665/2387
f 2679/2666/2388 2676/2665/2387 2680/2667/2389
f 2677/2663/2385 2673/2668/2390 2674/2669/2391
f 2677/2663/2385 2674/2669/2391 2678/2664/2386
f 2681/2670/2392 2679/2666/2388 2680/2667/2389
f 2681/2670/2392 2680/2667/2389 2682/2671/2393
f 2692/2672/2394 2689/2673/2395 2690/2674/2396
f 2685/2675/2397 2690/2674/2396 2684/2676/2398
f 2686/2677/2399 2690/2674/2396 2685/2675/2397
f 2689/2673/2395 2693/2678/2400 2684/2676/2398
f 2684/2676/2398 2693/2678/2400 2687/2679/2401
f 2695/2680/2402 2696/2681/2403 2688/2682/2404
f 2694/2683/2405 2687/2679/2401 2693/2678/2400
f 2688/2682/2404 2692/2672/2394 2686/2677/2399
f 2692/2672/2394 2690/2674/2396 2686/2677/2399
f 2697/2684/2406 2684/2676/2398 2683/2685/2407
f 2697/2684/2406 2685/2675/2397 2684/2676/2398
f 2703/2686/2408 2683/2685/2407 2687/2679/2401
f 2683/2685/2407 2684/2676/2398 2687/2679/2401
f 2704/2687/2409 2686/2677/2399 2699/2688/2410
f 2698/2689/2411 2688/2682/2404 2686/2677/2399
f 2698/2689/2411 2686/2677/2399 2704/2687/2409
f 2685/2675/2397 2697/2684/2406 2699/2688/2410
f 2685/2675/2397 2699/2688/2410 2686/2677/2399
f 2698/2689/2411 2704/2687/2409 2701/2690/2412
f 2700/2691/2413 2698/2689/2411 2701/2690/2412
f 2699/2688/2410 2705/2692/2414 2704/2687/2409
f 2699/2688/2410 2697/2684/2406 2705/2692/2414
f 2697/2684/2406 2683/2685/2407 2702/2693/2415
f 2705/2692/2414 2697/2684/2406 2702/2693/2415
f 2683/2685/2407 2703/2686/2408 2702/2693/2415
f 2705/2692/2414 2706/2694/2416 2704/2687/2409
f 2705/2692/2414 2702/2693/2415 2707/2695/2417
f 2701/2690/2412 2725/2696/2418 2700/2691/2413
f 2710/2697/2419 2708/2698/2420 2714/2699/2421
f 2708/2698/2420 2709/2700/2422 2719/2701/2423
f 2708/2698/2420 2719/2701/2423 2714/2699/2421
f 2711/2702/2424 2718/2703/2425 2709/2700/2422
f 2714/2699/2421 2719/2701/2423 2715/2704/2426
f 2709/2700/2422 2718/2703/2425 2719/2701/2423
f 2720/2705/2427 2721/2706/2428 2712/2707/2429
f 2719/2701/2423 2718/2703/2425 2722/2708/2430
f 2713/2709/2431 2720/2705/2427 2712/2707/2429
f 2713/2709/2431 2716/2710/2432 2720/2705/2427
f 2716/2710/2432 2714/2699/2421 2715/2704/2426
f 2710/2697/2419 2714/2699/2421 2716/2710/2432
f 2710/2697/2419 2716/2710/2432 2713/2709/2431
f 2708/2698/2420 2723/2711/2433 2707/2695/2417
f 2708/2698/2420 2707/2695/2417 2709/2700/2422
f 2709/2700/2422 2707/2695/2417 2728/2712/2434
f 2709/2700/2422 2728/2712/2434 2711/2702/2424
f 2708/2698/2420 2710/2697/2419 2723/2711/2433
f 2710/2697/2419 2726/2713/2435 2723/2711/2433
f 2712/2707/2429 2724/2714/2436 2727/2715/2437
f 2712/2707/2429 2727/2715/2437 2713/2709/2431
f 2713/2709/2431 2727/2715/2437 2726/2713/2435
f 2713/2709/2431 2726/2713/2435 2710/2697/2419
f 2725/2696/2418 2701/2690/2412 2727/2715/2437
f 2725/2696/2418 2727/2715/2437 2724/2714/2436
f 2727/2715/2437 2706/2694/2416 2726/2713/2435
f 2706/2694/2416 2723/2711/2433 2726/2713/2435
f 2706/2694/2416 2707/2695/2417 2723/2711/2433
f 2727/2715/2437 2701/2690/2412 2704/2687/2409
f 2727/2715/2437 2704/2687/2409 2706/2694/2416
f 2707/2695/2417 2706/2694/2416 2705/2692/2414
f 2707/2695/2417 2702/2693/2415 2703/2686/2408
f 2707/2695/2417 2703/2686/2408 2728/2712/2434
f 2696/2681/2403 2692/2672/2394 2688/2682/2404
f 2729/2716/2438 2640/2640/2368 2641/2639/2367
f 2729/2716/2438 2641/2639/2367 2730/2717/2439
f 2731/2718/2440 2732/2719/2441 2643/2720/2442
f 2731/2718/2440 2643/2720/2442 2642/2721/2442
f 2733/2722/2443 2734/2723/2444 2649/2644/2372
f 2733/2722/2443 2649/2644/2372 2648/2643/2371
f 2731/2718/2440 2645/2628/2358 2644/2627/2357
f 2731/2718/2440 2644/2627/2357 2732/2719/2441
f 2650/2631/2359 2651/2634/2362 2735/2724/2445
f 2650/2631/2359 2735/2724/2445 2736/2725/2446
f 2737/2726/2447 2738/2727/2448 2653/2633/2361
f 2737/2726/2447 2653/2633/2361 2652/2632/2360
f 2736/2725/2446 2735/2724/2445 2738/2727/2448
f 2736/2725/2446 2738/2727/2448 2737/2726/2447
f 2654/2635/2363 2655/2638/2366 2739/2728/2365
f 2654/2635/2363 2739/2728/2365 2740/2729/2449
f 2741/2730/2450 2742/2731/2451 2657/2637/2365
f 2741/2730/2450 2657/2637/2365 2656/2636/2364
f 2740/2729/2449 2739/2728/2365 2742/2731/2451
f 2740/2729/2449 2742/2731/2451 2741/2730/2450
f 2730/2717/2439 2743/2732/2452 2751/2733/2453
f 2730/2717/2439 2751/2733/2453 2729/2716/2438
f 2733/2722/2443 2747/2656/2383 2670/2655/2382
f 2733/2722/2443 2670/2655/2382 2734/2723/2444
f 2670/2655/2382 2744/2734/2454 2734/2723/2444
f 2751/2733/2453 2750/2735/2455 2729/2716/2438
f 2733/2722/2443 2748/2736/2456 2747/2656/2383
f 2745/2737/2457 2746/2738/2458 2747/2656/2383
f 2745/2737/2457 2747/2656/2383 2748/2736/2456
f 2744/2734/2454 2670/2655/2382 2743/2732/2452
f 2744/2734/2454 2743/2732/2452 2749/2739/2459
f 2730/2717/2439 2749/2739/2459 2743/2732/2452
f 2750/2735/2455 2751/2733/2453 2752/2740/2460
f 3054/2741/171 2753/2742/171 2754/2743/171
f 3054/2741/171 2754/2743/171 3055/2744/171
f 2757/2745/2461 2758/2746/2462 2760/2747/2463
f 2757/2745/2461 2760/2747/2463 2759/2748/2464
f 2761/2749/2465 2762/2750/2466 2758/2746/2462
f 2761/2749/2465 2758/2746/2462 2757/2745/2461
f 2759/2748/2464 2760/2747/2463 2756/2751/2467
f 2759/2748/2464 2756/2751/2467 2755/2752/2468
f 2763/2753/2469 2764/2754/2470 2762/2750/2466
f 2763/2753/2469 2762/2750/2466 2761/2749/2465
f 2715/2704/2426 2719/2701/2423 2765/2755/2471
f 385/222/171 383/2756/171 386/223/192
f 400/235/171 389/230/197 401/236/200
f 390/234/171 394/225/171 396/227/195
f 394/225/171 400/235/171 395/226/194
f 388/228/171 392/2757/171 393/2758/2472
f 388/228/171 393/2758/2472 397/229/196
f 392/2757/171 385/222/171 387/224/193
f 392/2757/171 387/224/193 393/2758/2472
f 2774/2759/171 390/234/171 391/232/198
f 383/2756/171 398/231/171 399/233/199
f 383/2756/171 399/233/199 384/2760/2473
f 383/2756/171 384/2760/2473 386/223/192
f 398/231/171 2774/2759/171 391/232/198
f 400/235/171 388/228/171 389/230/197
f 2716/2710/2432 2715/2704/2426 2765/2755/2471
f 2776/2761/2474 2721/2706/2428 2720/2705/2427
f 2803/2762/2475 2689/2673/2395 2691/2763/2476
f 2719/2701/2423 2722/2708/2430 2765/2755/2471
f 2776/2761/2474 2720/2705/2427 2717/2764/2477
f 2722/2708/2430 2718/2703/2425 2777/2765/2478
f 2717/2764/2477 2720/2705/2427 2716/2710/2432
f 2778/2766/2479 2775/2767/2480 2772/2768/2481
f 2778/2766/2479 2779/2769/2482 2775/2767/2480
f 2781/2770/2483 2771/2771/2484 2766/2772/2485
f 2781/2770/2483 2782/2773/2486 2771/2771/2484
f 2779/2769/2482 2781/2770/2483 2766/2772/2485
f 2783/2774/2487 2784/2775/2488 2770/2776/2489
f 2784/2775/2488 2785/2777/2490 2769/2778/2491
f 2784/2775/2488 2769/2778/2491 2770/2776/2489
f 2788/2779/2492 2780/2780/2493 2772/2768/2481
f 2779/2769/2482 2766/2772/2485 2775/2767/2480
f 2780/2780/2493 2778/2766/2479 2772/2768/2481
f 2788/2779/2492 2772/2768/2481 2773/2781/2494
f 2787/2782/2495 2788/2779/2492 2773/2781/2494
f 2789/2783/2496 2787/2782/2495 2773/2781/2494
f 2789/2783/2496 2773/2781/2494 2767/2784/2497
f 2783/2774/2487 2770/2776/2489 2768/2785/2498
f 2786/2786/2499 2783/2774/2487 2768/2785/2498
f 2782/2773/2486 2786/2786/2499 2768/2785/2498
f 2782/2773/2486 2768/2785/2498 2771/2771/2484
f 2696/2681/2403 2790/2787/2500 2692/2672/2394
f 404/237/128 406/239/202 402/2788/128
f 419/250/128 420/251/209 408/244/205
f 409/249/128 414/241/203 413/240/128
f 413/240/128 415/242/204 419/250/128
f 407/243/128 416/245/206 412/2789/2501
f 407/243/128 412/2789/2501 411/2790/128
f 411/2790/128 412/2789/2501 405/238/201
f 411/2790/128 405/238/201 404/237/128
f 2799/2791/128 410/248/208 409/249/128
f 402/2788/128 403/2792/2502 418/247/207
f 402/2788/128 418/247/207 417/246/128
f 402/2788/128 406/239/202 403/2792/2502
f 417/246/128 410/248/208 2799/2791/128
f 419/250/128 408/244/205 407/243/128
f 2797/2793/2503 2798/2794/2504 2792/2795/2505
f 2794/2796/2506 2795/2797/2507 2793/2798/2508
f 2790/2787/2500 2696/2681/2403 2695/2680/2402
f 2790/2787/2500 2695/2680/2402 2801/2799/2509
f 2802/2800/2510 2694/2683/2405 2693/2678/2400
f 2691/2763/2476 2689/2673/2395 2692/2672/2394
f 2692/2672/2394 2790/2787/2500 2691/2763/2476
f 2802/2800/2510 2693/2678/2400 2803/2762/2475
f 2717/2764/2477 2716/2710/2432 2765/2755/2471
f 2803/2762/2475 2693/2678/2400 2689/2673/2395
f 2689/2673/2395 2684/2676/2398 2690/2674/2396
f 2804/2801/2511 2797/2793/2503 2800/2802/2512
f 2804/2801/2511 2800/2802/2512 2805/2803/2513
f 2807/2804/2514 2791/2805/2515 2796/2806/2516
f 2807/2804/2514 2796/2806/2516 2808/2807/2517
f 2805/2803/2513 2791/2805/2515 2807/2804/2514
f 2795/2797/2507 2794/2796/2506 2810/2808/2518
f 2798/2794/2504 2797/2793/2503 2806/2809/2519
f 2805/2803/2513 2800/2802/2512 2791/2805/2515
f 2806/2809/2519 2797/2793/2503 2804/2801/2511
f 2812/2810/2520 2792/2795/2505 2798/2794/2504
f 2813/2811/2521 2792/2795/2505 2812/2810/2520
f 2809/2812/2522 2793/2798/2508 2795/2797/2507
f 2811/2813/2523 2793/2798/2508 2809/2812/2522
f 2808/2807/2517 2796/2806/2516 2793/2798/2508
f 2808/2807/2517 2793/2798/2508 2811/2813/2523
f 2814/2814/171 2669/2657/171 2747/2656/2383
f 2815/2815/171 2814/2814/171 2747/2656/2383
f 2815/2815/171 2747/2656/2383 2746/2738/2458
f 2816/2816/171 2815/2815/171 2746/2738/2458
f 2817/2817/171 2751/2733/2453 2743/2732/2452
f 2818/2818/171 2817/2817/171 2743/2732/2452
f 2819/2819/171 2818/2818/171 2743/2732/2452
f 2819/2819/171 2743/2732/2452 2670/2655/2382
f 2820/2654/171 2819/2819/171 2670/2655/2382
f 2659/2645/2373 2828/2820/128 2821/2821/128
f 2659/2645/2373 2821/2821/128 2663/2646/2374
f 2663/2646/2374 2821/2821/128 2822/2822/128
f 2664/2651/2379 2663/2646/2374 2822/2822/128
f 2664/2651/2379 2822/2822/128 2823/2823/128
f 2664/2651/2379 2823/2823/128 2824/2824/128
f 2658/2642/2370 2668/2641/2369 2825/2825/128
f 2658/2642/2370 2825/2825/128 2826/2826/128
f 2659/2645/2373 2658/2642/2370 2826/2826/128
f 2659/2645/2373 2826/2826/128 2827/2827/128
f 2659/2645/2373 2827/2827/128 2828/2820/128
f 2830/2828/2524 2829/2829/2525 2831/2830/2526
f 2831/2830/2526 2829/2829/2525 2832/2831/2527
f 2832/2831/2527 2829/2829/2525 2833/2832/2528
f 2832/2831/2527 2833/2832/2528 2834/2833/2529
f 2834/2833/2529 2833/2832/2528 454/281/239
f 2834/2833/2529 454/281/239 453/280/238
f 1131/1016/968 1122/1009/16 1123/1008/962
f 1131/1016/968 1123/1008/962 2835/2834/2530
f 569/398/356 588/422/379 1382/1307/1255
f 776/2835/2531 697/287/245 156/80/77
f 776/2835/2531 156/80/77 710/554/510
f 29/23/23 26/648/603 25/830/785
f 26/648/603 29/23/23 34/641/596
f 38/672/627 36/669/624 790/670/625
f 458/46/16 459/289/247 2836/2836/2532
f 458/46/16 2836/2836/2532 885/767/722
f 581/288/246 575/400/16 2837/2837/2533
f 2837/2837/2533 575/400/16 2838/2838/2534
f 2838/2838/2534 575/400/16 2839/2839/2535
f 2839/2839/2535 575/400/16 1121/1006/960
f 939/33/33 2840/2840/2536 1008/898/853
f 1194/88/85 2841/2841/2537 85/903/858
f 2841/2841/2537 1194/88/85 2842/2842/2538
f 2842/2842/2538 1194/88/85 2843/2843/2539
f 2843/2843/2539 1194/88/85 180/90/87
f 84/39/39 85/903/858 2844/2844/2540
f 2844/2844/2540 85/903/858 2845/2845/128
f 2845/2845/128 85/903/858 2841/2841/2537
f 2846/2846/171 1199/1112/1061 92/932/887
f 1199/1112/1061 2846/2846/171 2847/2847/171
f 1199/1112/1061 2847/2847/171 2848/2848/2541
f 1199/1112/1061 2848/2848/2541 1210/1127/1075
f 92/932/887 91/42/42 2849/2849/2542
f 92/932/887 2849/2849/2542 2850/2850/171
f 92/932/887 2850/2850/171 2846/2846/171
f 1102/997/952 1073/959/914 1072/958/913
f 1102/997/952 1072/958/913 1078/981/936
f 1087/2851/2543 1088/2852/2544 2851/2853/2545
f 2852/2854/2546 1088/2852/2544 1087/2851/2543
f 1088/2852/2544 2852/2854/2546 2853/2855/2547
f 1088/2852/2544 2853/2855/2547 2854/2856/2548
f 1110/2857/2549 1109/2858/2550 2855/2859/2551
f 1110/2857/2549 2856/2860/2552 1109/2858/2550
f 1109/2858/2550 2856/2860/2552 2857/2861/2553
f 1109/2858/2550 2857/2861/2553 2858/2862/2554
f 1119/1004/958 586/419/376 99/50/16
f 586/419/376 1119/1004/958 2859/2863/2555
f 1124/1007/961 1128/1014/16 2860/2864/2556
f 2860/2864/2556 1128/1014/16 587/420/377
f 2860/2864/2556 587/420/377 2861/2865/2557
f 2861/2865/2557 587/420/377 2862/2866/2558
f 1120/1005/959 1129/1015/967 2863/2867/2559
f 1129/1015/967 1120/1005/959 102/53/16
f 938/829/784 2864/2868/2560 1134/1021/972
f 20/7/7 22/9/9 740/593/548
f 2865/2869/2561 754/55/52 744/594/549
f 754/55/52 2865/2869/2561 2866/56/53
f 823/699/654 826/691/646 43/686/641
f 41/595/550 72/698/653 44/694/649
f 136/65/62 135/67/64 139/587/542
f 559/415/372 1144/69/66 141/71/68
f 2868/2870/2562 2867/2871/2563 2869/2872/2564
f 2869/2872/2564 2867/2871/2563 2870/2873/2565
f 2869/2872/2564 2870/2873/2565 2871/2874/2566
f 2871/2874/2566 2870/2873/2565 2872/2875/2567
f 2871/2874/2566 2872/2875/2567 2873/2876/2568
f 2873/2876/2568 2872/2875/2567 2874/2877/2569
f 2873/2876/2568 2874/2877/2569 2875/2878/2570
f 2875/2878/2570 2874/2877/2569 2876/2879/2571
f 2875/2878/2570 2876/2879/2571 2877/2880/2572
f 2877/2880/2572 2876/2879/2571 2878/2881/2573
f 2877/2880/2572 2878/2881/2573 2879/2882/2574
f 2879/2882/2574 2878/2881/2573 2880/2883/2575
f 2879/2882/2574 2880/2883/2575 2881/2884/2576
f 152/73/70 153/72/69 159/82/79
f 160/77/74 450/292/250 161/78/75
f 2883/2885/2577 2882/2886/2578 2884/2887/2579
f 2883/2885/2577 2884/2887/2579 2885/2888/2580
f 2883/2885/2577 2885/2888/2580 2886/2889/2581
f 2886/2889/2581 2885/2888/2580 2887/2890/2582
f 2886/2889/2581 2887/2890/2582 2888/2891/2583
f 2888/2891/2583 2887/2890/2582 2889/2892/2584
f 2888/2891/2583 2889/2892/2584 2890/2893/2585
f 2890/2893/2585 2889/2892/2584 2891/2894/2586
f 2890/2893/2585 2891/2894/2586 2892/2895/2587
f 2892/2895/2587 2891/2894/2586 2893/2896/2588
f 2892/2895/2587 2893/2896/2588 2894/2897/2589
f 2894/2897/2589 2893/2896/2588 2895/2898/2590
f 2895/2898/2590 2893/2896/2588 2896/2899/2591
f 2897/2900/2592 183/1130/1078 182/1129/1077
f 183/1130/1078 2897/2900/2592 2898/2901/2593
f 1191/1105/1054 2897/2900/2592 1192/1106/1055
f 2897/2900/2592 1191/1105/1054 2898/2901/2593
f 2898/2901/2593 1191/1105/1054 2899/2902/2594
f 2900/2903/2595 1191/1105/1054 1193/1107/1056
f 1191/1105/1054 2900/2903/2595 2901/2904/2596
f 2903/2905/2597 2902/2906/2598 1213/1132/1080
f 2903/2905/2597 1213/1132/1080 184/939/894
f 2904/2907/2599 1197/1110/1059 1196/1109/1058
f 2904/2907/2599 1196/1109/1058 2903/2905/2597
f 2903/2905/2597 1196/1109/1058 2902/2906/2598
f 1195/1108/1057 1197/1110/1059 2905/2908/2600
f 1195/1108/1057 2905/2908/2600 2906/2909/2601
f 91/42/42 95/37/37 2907/2910/2602
f 2907/2910/2602 95/37/37 94/43/43
f 1032/915/870 84/39/39 1034/918/873
f 94/43/43 1209/44/44 2908/2911/2603
f 2908/2911/2603 1209/44/44 1210/1127/1075
f 1036/920/875 1035/919/874 2909/2912/2604
f 1036/920/875 2909/2912/2604 180/90/87
f 173/86/83 2910/2913/2605 181/2914/2606
f 2910/2913/2605 173/86/83 172/85/82
f 2911/2915/2607 1373/1296/1244 2924/2916/2608
f 1373/1296/1244 2911/2915/2607 1305/1221/1169
f 1305/1221/1169 2911/2915/2607 2912/2917/2609
f 1305/1221/1169 2912/2917/2609 2913/2918/2610
f 1308/1224/1172 1307/1223/1171 2914/2919/2611
f 2914/2919/2611 2915/2920/2612 2916/2921/2613
f 2915/2920/2612 2914/2919/2611 1307/1223/1171
f 2917/2922/2614 1256/1172/1120 188/1171/1119
f 1305/1221/1169 2913/2918/2610 1306/1222/1170
f 1306/1222/1170 2913/2918/2610 2918/2923/2615
f 1371/1294/1242 2919/2924/2616 1374/1297/1245
f 2919/2924/2616 1371/1294/1242 2920/2925/2617
f 2920/2925/2617 1371/1294/1242 2921/2926/2618
f 2922/2927/2619 2919/2924/2616 2920/2925/2617
f 1354/1264/1212 2923/2928/2620 191/1265/1213
f 1373/1296/1244 1372/1295/1243 2924/2916/2608
f 2923/2928/2620 1354/1264/1212 1335/1251/1199
f 1256/1172/1120 2917/2922/2614 1238/1157/1105
f 2926/2929/122 2925/2930/122 2927/2931/122
f 2926/2929/122 2927/2931/122 2928/2932/122
f 2929/2933/122 2930/2934/122 2931/2935/122
f 2930/2934/122 2929/2933/122 2932/2936/122
f 2932/2936/122 2929/2933/122 2933/2937/122
f 2932/2936/122 2933/2937/122 2934/2938/122
f 2934/2938/122 2933/2937/122 2935/2939/122
f 2934/2938/122 2935/2939/122 2936/2940/122
f 216/105/102 218/107/104 1493/109/106
f 2938/2941/125 2937/2942/125 2939/2943/125
f 2939/2943/125 2937/2942/125 2940/2944/125
f 2940/2944/125 2937/2942/125 2941/2945/125
f 2941/2945/125 2937/2942/125 2942/2946/125
f 2942/2946/125 2937/2942/125 2943/2947/125
f 2943/2947/125 2937/2942/125 2944/2948/125
f 2944/2948/125 2937/2942/125 2945/2949/125
f 2945/2949/125 2937/2942/125 2946/2950/125
f 2947/2951/2621 1783/1740/1622 1803/1760/1636
f 2947/2951/2621 1803/1760/1636 2948/2952/2622
f 304/165/152 303/164/151 1939/168/155
f 2950/2953/125 2949/2954/125 2938/2941/125
f 2938/2941/125 2949/2954/125 2937/2942/125
f 2937/2942/125 2949/2954/125 2951/2955/125
f 2937/2942/125 2951/2955/125 2952/2956/125
f 2937/2942/125 2952/2956/125 2953/2957/125
f 2937/2942/125 2953/2957/125 2954/2958/125
f 2937/2942/125 2954/2958/125 2955/2959/125
f 2937/2942/125 2955/2959/125 2956/2960/125
f 2937/2942/125 2956/2960/125 2957/2961/125
f 2937/2942/125 2957/2961/125 2958/2962/125
f 2099/2963/2623 330/2066/1897 331/2027/1859
f 2188/2169/1975 2187/2168/1974 2959/2964/171
f 2188/2169/1975 2959/2964/171 2960/2965/171
f 2188/2169/1975 2960/2965/171 2961/2966/171
f 2963/2967/122 2962/2968/122 2964/2969/122
f 2963/2967/122 2964/2969/122 2965/2970/122
f 2965/2970/122 2964/2969/122 2966/2971/122
f 2965/2970/122 2966/2971/122 2967/2972/122
f 2967/2972/122 2966/2971/122 2968/2973/122
f 2967/2972/122 2968/2973/122 2969/2974/122
f 2969/2974/122 2968/2973/122 2970/2975/122
f 2296/2282/2070 2292/2278/2066 2289/2274/2062
f 2296/2282/2070 2289/2274/2062 2247/2231/2023
f 2317/2304/2092 2971/2976/2624 2318/2305/2093
f 2971/2976/2624 2317/2304/2092 2972/2977/122
f 2972/2977/122 2317/2304/2092 2973/2978/122
f 2973/2978/122 2317/2304/2092 2974/2360/122
f 2326/2314/2100 2975/2979/171 2327/2315/2101
f 2327/2315/2101 2975/2979/171 2976/2980/171
f 2327/2315/2101 2976/2980/171 2977/2981/171
f 2327/2315/2101 2977/2981/171 2978/2982/171
f 2332/2317/2103 2333/2318/171 2979/2983/171
f 2980/2984/2625 2335/2320/2105 2981/2985/125
f 2335/2320/2105 2980/2984/2625 2336/2321/2106
f 2336/2321/2106 2980/2984/2625 2982/2986/2626
f 2336/2321/2106 2982/2986/2626 2983/2987/2627
f 2984/2988/2628 2357/2342/2121 2356/2341/2120
f 2357/2342/2121 2984/2988/2628 2985/2989/2629
f 2985/2989/2629 2984/2988/2628 2986/2990/2630
f 2988/2991/2631 2987/2992/2632 2989/2993/2633
f 2988/2991/2631 2989/2993/2633 2990/2994/2634
f 2988/2991/2631 2990/2994/2634 2991/2995/2635
f 2991/2995/2635 2990/2994/2634 2992/2996/2636
f 2991/2995/2635 2992/2996/2636 2993/2997/2637
f 2994/2998/2638 2378/2359/2138 2995/2999/2639
f 2378/2359/2138 2994/2998/2638 2377/2357/2136
f 2377/2357/2136 2994/2998/2638 2996/3000/122
f 2377/2357/2136 2996/3000/122 2997/3001/122
f 2377/2357/2136 2997/3001/122 2974/2360/122
f 2385/2368/2144 2386/2367/2143 2998/3002/2640
f 2998/3002/2640 2386/2367/2143 2999/3003/128
f 2999/3003/128 2386/2367/2143 3000/3004/128
f 3000/3004/128 2386/2367/2143 3001/3005/128
f 2392/2377/128 2391/2376/2146 3002/3006/128
f 2394/2379/2148 3003/3007/2641 2395/2380/2149
f 3003/3007/2641 2394/2379/2148 3004/3008/2642
f 3004/3008/2642 2394/2379/2148 3005/3009/2643
f 3005/3009/2643 2394/2379/2148 3006/3010/2644
f 3006/3010/2644 2394/2379/2148 2983/2987/2627
f 2983/2987/2627 2394/2379/2148 2336/2321/2106
f 3007/3011/2645 2358/2401/2164 3008/3012/2646
f 3008/3012/2646 2358/2401/2164 3009/3013/2647
f 3009/3013/2647 2358/2401/2164 2359/2400/2163
f 3011/3014/2648 3010/3015/2649 3012/3016/2650
f 3012/3016/2650 3010/3015/2649 3013/3017/2651
f 3012/3016/2650 3013/3017/2651 3014/3018/2652
f 3014/3018/2652 3013/3017/2651 3015/3019/2653
f 3014/3018/2652 3015/3019/2653 3016/3020/2654
f 2318/2305/2093 2583/2572/2315 3017/3021/2655
f 2583/2572/2315 2318/2305/2093 2320/2308/2096
f 2316/2306/2094 3018/3022/2656 2586/2575/2317
f 2318/2305/2093 3018/3022/2656 2316/2306/2094
f 3018/3022/2656 2318/2305/2093 3017/3021/2655
f 2598/2587/2322 2378/2359/2138 3019/3023/2657
f 2378/2359/2138 2598/2587/2322 2379/2361/2139
f 2374/2358/2137 2594/2583/2321 3020/3024/2658
f 3020/3024/2658 2378/2359/2138 2374/2358/2137
f 2378/2359/2138 3020/3024/2658 3019/3023/2657
f 3021/3025/128 2604/2609/2340 2621/2608/128
f 3023/3026/171 3022/3027/171 3024/3028/171
f 3024/3028/171 3022/3027/171 3025/3029/171
f 3024/3028/171 3025/3029/171 3026/3030/171
f 3026/3030/171 3025/3029/171 3027/3031/171
f 3028/3032/171 3029/3033/171 3030/3034/171
f 3029/3033/171 3028/3032/171 3031/3035/171
f 3029/3033/171 3031/3035/171 3032/3036/171
f 3029/3033/171 3032/3036/171 3033/3037/171
f 3035/3038/128 3034/3039/128 3036/2658/128
f 3036/2658/128 3034/3039/128 3037/2659/128
f 2672/2661/128 2671/2660/128 3038/3040/128
f 3038/3040/128 2671/2660/128 3039/3041/128
f 3041/3042/128 3040/3043/128 3042/3044/128
f 3041/3042/128 3042/3044/128 3043/3045/128
f 3043/3045/128 3042/3044/128 3044/3046/128
f 3043/3045/128 3044/3046/128 3045/3047/128
f 3046/3048/128 3047/3049/128 3048/3050/128
f 3047/3049/128 3046/3048/128 3049/3051/128
f 3049/3051/128 3046/3048/128 3050/3052/128
f 3050/3052/128 3046/3048/128 3051/3053/128
f 3053/3054/171 3052/3055/171 3054/2741/171
f 3053/3054/171 3054/2741/171 3055/2744/171
f 2754/2743/171 2753/2742/171 3056/3056/171
f 2754/2743/171 3056/3056/171 3057/3057/171
o MNStock_Low_004_ZenUV_Generic_Material_001_0
v 0.013673 0.026948 -0.223357
v 0.013673 0.017247 -0.169872
v 0.016072 0.023242 -0.193133
v 0.016072 0.026948 -0.202920
v 0.005505 0.078202 -0.206914
v 0.007337 0.080047 -0.190821
v 0.018338 0.079292 -0.190143
v 0.010247 0.084994 -0.189299
v 0.010313 0.015301 -0.220312
v 0.010313 0.026673 -0.212048
v 0.013673 0.026262 -0.157813
v 0.013673 0.024046 -0.159411
v 0.010313 0.015655 -0.157855
v 0.013673 0.015769 -0.157813
v 0.013673 0.017247 -0.159411
v 0.010313 0.026730 -0.220312
v 0.008577 0.079304 -0.169872
v 0.008577 0.079324 -0.205520
v 0.018649 0.079298 -0.169872
v -0.023807 0.018905 0.525655
v -0.015100 0.033420 0.568766
v 0.007305 0.005562 0.570622
v -0.015491 0.030433 0.572648
v -0.011090 0.016437 -0.130077
v -0.001281 0.016697 -0.130576
v -0.001992 0.025816 -0.173059
v 0.001597 0.019976 -0.173445
v -0.003042 0.012407 -0.131919
v -0.005979 0.014359 -0.130412
v -0.009684 0.025227 -0.130206
v -0.011762 0.024665 -0.173460
v 0.001969 0.023135 -0.131915
v -0.000487 0.022496 -0.130586
v -0.007082 0.027643 -0.173445
v -0.008598 0.013688 -0.173221
v -0.012414 0.020346 -0.129953
v -0.004929 0.026773 -0.129850
v -0.013035 0.020157 -0.173266
v -0.001693 0.013941 -0.173206
v 0.000427 0.023372 -0.173207
v 0.000221 0.024104 -0.206901
v -0.007940 0.027261 -0.206890
v -0.008296 0.027551 -0.173207
v -0.013074 0.020074 -0.197529
v -0.012873 0.020181 -0.173206
v -0.008329 0.013668 -0.206898
v -0.014137 0.019863 -0.173206
v -0.013005 0.018103 -0.198217
v -0.013104 0.020047 -0.197592
v -0.002415 0.013915 -0.173400
v -0.013342 0.020077 -0.173273
v -0.004425 0.023443 -0.107639
v -0.007098 0.023600 -0.107639
v -0.000029 0.016116 -0.207321
v -0.004746 0.013646 -0.206613
v -0.012146 0.020396 -0.130078
v -0.013089 0.019933 -0.206897
v -0.000674 0.015357 -0.206900
v -0.013216 0.020064 -0.203463
v -0.012912 0.020018 -0.206899
v -0.013200 0.022529 -0.198824
v -0.013233 0.020093 -0.203458
v -0.013212 0.022222 -0.202658
v -0.013018 0.016255 -0.200473
v -0.013327 0.020067 -0.197043
v -0.013006 0.016223 -0.200689
v -0.013355 0.021381 -0.204041
v -0.013289 0.023244 -0.199098
v -0.013007 0.017749 -0.202475
v -0.030796 0.019224 -0.196700
v -0.024587 0.017302 -0.203335
v -0.032716 0.017578 -0.204321
v -0.023422 0.023962 -0.200516
v -0.026395 0.015560 -0.200642
v -0.029258 0.012152 -0.204084
v -0.026709 0.015297 -0.200536
v -0.027133 0.016159 -0.197923
v -0.034949 0.014326 -0.199151
v -0.034533 -0.032105 -0.201661
v -0.034210 -0.032273 -0.199848
v -0.032061 -0.032105 -0.197442
v -0.028242 -0.032105 -0.200482
v -0.028723 -0.032213 -0.200550
v -0.031583 -0.032288 -0.203429
v -0.030824 -0.032273 -0.197862
v -0.027958 -0.032104 -0.200807
v -0.028725 -0.032216 -0.200591
v -0.033168 -0.036558 -0.207677
v -0.029891 -0.036557 -0.193418
v -0.038651 -0.036560 -0.198912
v -0.023408 -0.038549 -0.200605
v -0.022966 -0.039072 -0.200685
v -0.033139 -0.041742 -0.192481
v -0.027205 -0.045400 -0.195824
v -0.039590 -0.041741 -0.202156
v -0.029922 -0.041742 -0.208622
v -0.026121 -0.044769 -0.200598
v -0.027278 -0.044657 -0.203771
v -0.026032 -0.044946 -0.201446
v -0.029523 -0.044490 -0.205648
v -0.030802 -0.044657 -0.205830
v -0.034745 -0.044658 -0.204795
v -0.035569 -0.044859 -0.204531
v -0.032258 -0.044658 -0.195270
v -0.030676 -0.044376 -0.195358
v -0.026797 -0.045451 -0.197145
v -0.036803 -0.044658 -0.201278
v -0.035773 -0.044658 -0.197333
v -0.036713 -0.044379 -0.199698
v -0.034777 -0.044946 -0.196034
v -0.026061 -0.044657 -0.200543
v 0.001152 0.021613 -0.207037
v -0.013191 0.019088 -0.207159
v -0.010332 0.025489 -0.206621
v -0.003576 0.027245 -0.207142
v -0.009981 0.014319 -0.207284
v -0.008608 0.017928 -0.107638
v -0.000604 0.023622 -0.107639
v -0.002976 0.018340 -0.107638
v -0.008188 0.014571 -0.118535
v -0.008514 0.018007 -0.117068
v -0.010127 0.020184 -0.116161
v -0.012038 0.020325 -0.130305
v -0.007857 0.026413 -0.130306
v -0.008439 0.014394 -0.130305
v -0.001395 0.015958 -0.118518
v 0.001157 0.020002 -0.130305
v -0.002316 0.021701 -0.116374
v -0.008388 0.026459 -0.118243
v -0.009834 0.020096 -0.116264
v -0.012053 0.020372 -0.130305
v -0.008085 0.022700 -0.117617
v -0.005699 0.016861 -0.116963
v -0.003082 0.018413 -0.117079
v -0.004458 0.023376 -0.116997
v -0.003664 0.026347 -0.105161
v -0.010043 0.019862 -0.107638
v -0.009547 0.020006 -0.116889
v -0.009611 0.020067 -0.116890
v -0.004774 0.016382 -0.116889
v -0.005219 0.024121 -0.107639
v -0.004460 0.024218 -0.116890
v -0.002886 0.017653 -0.107638
v -0.009748 0.020082 -0.107639
v 0.000005 0.018294 -0.105192
v -0.012854 0.019911 -0.105163
v -0.009732 0.025864 -0.107639
v -0.007212 0.013688 -0.105160
v -0.007726 0.014080 -0.107638
v -0.009636 0.020171 -0.105200
v -0.002648 0.021444 -0.107639
v -0.005696 0.016812 -0.107638
v -0.009361 0.020048 -0.107638
v -0.009095 0.021822 -0.107639
v -0.006483 0.028128 -0.268024
v -0.009566 0.027331 -0.267151
v -0.013795 0.022276 -0.273375
v -0.010918 0.014161 -0.273852
v -0.002290 0.027344 -0.267263
v -0.000524 0.025613 -0.275830
v 0.001764 0.020928 -0.273260
v -0.000060 0.015120 -0.275060
v -0.002313 0.018268 -0.285542
v -0.002479 0.022952 -0.285430
v -0.005913 0.016216 -0.285490
v -0.005991 0.016352 -0.285534
v -0.009373 0.022478 -0.285601
v -0.009219 0.017996 -0.285570
v -0.004941 0.024268 -0.285555
v -0.005946 0.012552 -0.273845
v -0.002287 0.027334 -0.267151
v -0.002287 0.037093 -0.257259
v -0.002287 0.027334 -0.209883
v -0.002287 0.037168 -0.209883
v -0.009488 0.027715 -0.209883
v -0.009589 0.037220 -0.209883
v -0.006009 0.015938 -0.285381
v -0.006022 0.009441 -0.287614
v -0.011386 0.029778 -0.285814
v -0.005938 0.024707 -0.285392
v -0.008572 0.023765 -0.285379
v -0.016426 0.016428 -0.287575
v -0.009501 0.017604 -0.285432
v -0.010187 0.021464 -0.285401
v -0.001553 0.030152 -0.287610
v -0.002399 0.023031 -0.285432
v 0.004617 0.022262 -0.287593
v -0.001713 0.019171 -0.285401
v 0.001302 0.012102 -0.287605
v -0.003328 0.016870 -0.285379
v -0.005910 0.015938 -0.285381
v -0.005978 0.009988 -0.287610
v -0.015182 0.026836 -0.287628
v -0.005941 0.012390 -0.208079
v -0.006193 0.020018 -0.289741
v -0.008271 0.026576 -0.278147
v -0.005964 0.012742 -0.274089
v -0.009963 0.010715 -0.287585
v -0.015074 0.015073 -0.287477
v -0.014202 0.026662 -0.287591
v -0.009925 0.029937 -0.287591
v 0.003654 0.016306 -0.287584
v 0.000359 0.012041 -0.287580
v -0.003209 0.030472 -0.287454
v 0.002387 0.026701 -0.287964
v 0.004372 0.021641 -0.287581
v -0.004627 0.009995 -0.287581
v -0.016266 0.021683 -0.287576
v -0.002190 0.037071 -0.260608
v -0.009595 0.036843 -0.260484
v -0.009761 0.027674 -0.267529
v -0.009584 0.027351 -0.267151
v -0.009584 0.037109 -0.257261
v -0.009584 0.035234 -0.261870
v -0.002296 0.027431 -0.209883
v -0.002254 0.037435 -0.209883
v -0.002247 0.027403 -0.267225
v -0.009584 0.027351 -0.209883
v -0.009584 0.037184 -0.209883
v -0.013887 0.022716 -0.208085
v -0.010644 0.013773 -0.208079
v -0.002287 0.035217 -0.261870
v 0.001589 0.023285 -0.208091
v -0.002140 0.027416 -0.208026
v -0.009593 0.027361 -0.209882
v 0.000475 0.015438 -0.208079
v -0.005966 0.012568 -0.208079
v -0.002252 0.027480 -0.209874
v -0.002125 0.027877 -0.208085
v -0.020212 -0.117898 -0.007098
v 0.008704 -0.117901 -0.007097
v -0.020212 -0.117899 -0.007097
v -0.020212 -0.110090 0.003119
v -0.020212 -0.115425 -0.007820
v -0.020212 -0.101936 0.043387
v 0.008704 -0.101907 0.043401
v -0.020212 -0.104700 0.050377
v 0.008704 -0.104595 0.050099
v 0.008704 -0.096162 0.051636
v -0.020212 -0.096043 0.051269
v -0.020212 -0.099377 0.041914
v 0.008704 -0.099445 0.041909
v -0.020212 -0.130470 -0.066135
v 0.008704 -0.124993 -0.046712
v 0.008704 -0.146595 -0.148320
v -0.020212 -0.148693 -0.170728
v 0.008704 -0.146841 -0.222120
v -0.020212 -0.140422 -0.250787
v 0.008704 -0.132057 -0.264544
v -0.020212 -0.087352 -0.330186
v 0.008704 -0.085458 -0.336099
v 0.008704 -0.081946 -0.374808
v -0.020212 -0.081794 -0.373271
v 0.008704 -0.092237 -0.423696
v -0.020212 -0.092141 -0.423532
v -0.020212 -0.101179 -0.419290
v 0.008704 -0.101109 -0.419082
v -0.020212 -0.099078 -0.419595
v 0.008704 -0.099046 -0.418629
v 0.008704 -0.096012 -0.401603
v -0.020212 -0.093124 -0.398526
v 0.008704 -0.088723 -0.393467
v -0.020212 -0.094294 -0.402682
v 0.008704 -0.088355 -0.394491
v 0.008704 -0.088273 -0.396281
v 0.008704 -0.084198 -0.374986
v 0.008704 -0.086616 -0.380745
v -0.020212 -0.084198 -0.374986
v -0.020212 -0.088273 -0.396281
v -0.020212 -0.086616 -0.380745
v -0.020212 -0.127187 -0.055565
v -0.020212 -0.129122 -0.055066
v -0.020212 -0.102496 0.049466
v 0.008704 -0.102534 0.049401
v -0.020212 -0.098307 0.049904
v 0.008704 -0.098276 0.049919
v -0.020212 -0.099999 0.043917
v -0.020212 -0.101927 0.043329
v 0.008704 -0.117817 -0.007118
v -0.020212 -0.117963 -0.007389
v 0.008704 -0.147313 -0.133975
v -0.020212 -0.150692 -0.170642
v 0.008704 -0.148809 -0.222466
v -0.020212 -0.142291 -0.251550
v 0.008704 -0.134206 -0.265025
v -0.020212 -0.090332 -0.329031
v 0.008704 -0.090996 -0.327765
v -0.020212 -0.083752 -0.361247
v 0.008704 -0.083670 -0.361242
v -0.020212 -0.082857 -0.361258
v 0.008704 -0.083626 -0.361255
v 0.008704 -0.087264 -0.394984
v -0.020212 -0.087614 -0.394918
v 0.008704 -0.087614 -0.394918
v -0.020212 -0.087614 -0.394918
v -0.020212 -0.093279 -0.420882
v 0.008704 -0.093644 -0.421723
v -0.020212 -0.098400 -0.419822
v -0.020212 -0.099823 -0.421171
v -0.020212 -0.100695 -0.416343
v -0.020212 -0.098305 -0.414903
v -0.020212 -0.087350 -0.395118
v -0.020212 -0.094283 -0.402664
v -0.020212 -0.095994 -0.401572
v 0.008704 -0.110090 0.003119
v 0.008704 -0.117899 -0.007097
v -0.020212 -0.104508 0.048081
v -0.020212 -0.102294 0.047970
v -0.020212 -0.101844 0.049898
v -0.020212 -0.102810 0.051574
v -0.020212 -0.099405 0.052359
v -0.020212 -0.098912 0.050261
v -0.020212 -0.097335 0.051562
v -0.020212 -0.096269 0.047818
v -0.020212 -0.098308 0.048018
v 0.008704 -0.099999 0.043917
v -0.020212 -0.147730 -0.166042
v -0.020212 -0.149721 -0.165908
v -0.020212 -0.143049 -0.116330
v -0.020212 -0.141083 -0.116676
v -0.020212 -0.144043 -0.233028
v -0.020212 -0.145977 -0.233501
v -0.020212 -0.150206 -0.204299
v -0.020212 -0.148218 -0.204145
v -0.020212 -0.126900 -0.272509
v -0.020212 -0.128580 -0.273590
v -0.020212 -0.138539 -0.255491
v -0.020212 -0.136722 -0.254674
v -0.020212 -0.107120 -0.299846
v -0.020212 -0.108739 -0.301022
v -0.020212 -0.093083 -0.321840
v -0.020212 -0.094841 -0.322792
v -0.020212 -0.086675 -0.335811
v -0.020212 -0.088548 -0.336502
v -0.020212 -0.083798 -0.363901
v -0.020212 -0.084917 -0.349365
v -0.020212 -0.082951 -0.349015
v -0.020212 -0.081803 -0.363898
v -0.020212 -0.082972 -0.381184
v -0.020212 -0.084955 -0.380923
v -0.020212 -0.089804 -0.415479
v -0.020212 -0.091840 -0.421277
v -0.020212 -0.092584 -0.418649
v -0.020212 -0.095266 -0.423766
v -0.020212 -0.095292 -0.421743
v 0.008704 -0.098400 -0.419822
v 0.008704 -0.099823 -0.421171
v 0.008704 -0.098265 -0.414606
v 0.008704 -0.100695 -0.416343
v 0.008704 -0.094223 -0.402599
v 0.008704 -0.095994 -0.401572
v 0.008704 -0.090835 -0.396324
v -0.020212 -0.085357 -0.361327
v 0.008704 -0.083889 -0.361256
v 0.008704 -0.085357 -0.361327
v -0.020212 -0.083889 -0.361256
v 0.008704 -0.085471 -0.361315
v 0.008704 -0.083889 -0.361256
v -0.020212 -0.083889 -0.361256
v -0.020212 -0.085471 -0.361315
v 0.008704 -0.115425 -0.007820
v 0.008704 -0.101927 0.043329
v 0.008704 -0.102294 0.047970
v 0.008704 -0.101844 0.049898
v 0.008704 -0.104508 0.048081
v 0.008704 -0.102810 0.051574
v 0.008704 -0.098912 0.050261
v 0.008704 -0.099405 0.052359
v 0.008704 -0.097335 0.051562
v 0.008704 -0.098308 0.048018
v 0.008704 -0.096269 0.047818
v 0.008704 -0.141083 -0.116676
v 0.008704 -0.143049 -0.116330
v 0.008704 -0.129122 -0.055066
v 0.008704 -0.127187 -0.055565
v 0.008704 -0.148218 -0.204145
v 0.008704 -0.150206 -0.204299
v 0.008704 -0.149721 -0.165908
v 0.008704 -0.147730 -0.166042
v 0.008704 -0.136722 -0.254674
v 0.008704 -0.138539 -0.255491
v 0.008704 -0.145977 -0.233501
v 0.008704 -0.144043 -0.233028
v 0.008704 -0.108739 -0.301022
v 0.008704 -0.107120 -0.299846
v 0.008704 -0.128580 -0.273590
v 0.008704 -0.126900 -0.272509
v 0.008704 -0.094841 -0.322792
v 0.008704 -0.093083 -0.321840
v 0.008704 -0.088548 -0.336502
v 0.008704 -0.086675 -0.335811
v 0.008704 -0.082951 -0.349015
v 0.008704 -0.084917 -0.349365
v 0.008704 -0.082972 -0.381184
v 0.008704 -0.084955 -0.380923
v 0.008704 -0.083798 -0.363901
v 0.008704 -0.081803 -0.363898
v 0.008704 -0.089804 -0.415479
v 0.008704 -0.092584 -0.418649
v 0.008704 -0.091840 -0.421277
v 0.008704 -0.095292 -0.421743
v 0.008704 -0.095266 -0.423766
v -0.020212 -0.090835 -0.396324
v -0.020212 -0.084716 -0.361311
v 0.008704 -0.085385 -0.361314
v -0.020212 -0.100101 0.041872
v 0.008704 -0.100101 0.041872
v 0.008704 -0.098663 0.058878
v -0.020212 -0.098614 0.059002
v -0.020212 -0.094273 0.059142
v 0.008704 -0.094164 0.059500
v 0.008704 -0.049451 0.159689
v -0.020212 -0.045950 0.169433
v 0.008704 -0.025380 0.253750
v -0.020212 -0.025725 0.251218
v 0.008704 -0.020287 0.316023
v -0.020212 -0.020030 0.316624
v -0.020212 -0.018118 0.316748
v 0.008704 -0.018067 0.316367
v 0.008704 -0.027383 0.318928
v -0.020212 -0.028157 0.317267
v 0.008704 -0.027061 0.274277
v -0.020212 -0.027406 0.274902
v 0.008704 -0.029490 0.320241
v 0.008704 -0.041592 0.196166
v -0.020212 -0.040924 0.196182
v 0.008704 -0.065712 0.127224
v -0.020212 -0.068897 0.119880
v 0.008704 -0.099184 0.058485
v -0.020212 -0.099067 0.058822
v -0.020212 -0.101350 0.060655
v 0.008704 -0.099766 0.057166
v -0.020212 -0.099677 0.057269
v -0.020212 -0.093436 0.056465
v 0.008704 -0.099671 0.057202
v -0.020212 -0.099598 0.057365
v 0.008704 -0.093532 0.057219
v -0.020212 -0.101156 0.061141
v 0.008704 -0.065259 0.114865
v -0.020212 -0.043946 0.169996
v 0.008704 -0.026229 0.231050
v -0.020212 -0.023929 0.249715
v -0.020212 -0.022051 0.298136
v -0.020212 -0.020066 0.297889
v -0.020212 -0.029422 0.320087
v -0.020212 -0.029138 0.283200
v 0.008704 -0.029198 0.280946
v 0.008704 -0.030313 0.313180
v 0.008704 -0.028307 0.312878
v -0.020212 -0.040592 0.205576
v 0.008704 -0.041781 0.200835
v -0.020212 -0.069402 0.123866
v 0.008704 -0.071257 0.119821
v 0.008704 -0.101186 0.061048
v 0.008704 -0.026965 0.318585
v 0.008704 -0.028419 0.319933
v 0.008704 -0.029391 0.294040
v 0.008704 -0.027390 0.294059
v -0.020212 -0.030313 0.313180
v -0.020212 -0.028307 0.312878
v 0.008704 -0.028561 0.266565
v 0.008704 -0.030553 0.266742
v 0.008704 -0.033216 0.233666
v 0.008704 -0.035181 0.234032
v 0.008704 -0.048871 0.172315
v 0.008704 -0.050771 0.172933
v 0.008704 -0.041327 0.205566
v 0.008704 -0.039396 0.205051
v 0.008704 -0.077786 0.102245
v 0.008704 -0.079584 0.103120
v 0.008704 -0.064208 0.136736
v 0.008704 -0.062364 0.135966
v 0.008704 -0.099148 0.060740
v 0.008704 -0.101156 0.061141
v 0.008704 -0.099999 0.057421
v 0.008704 -0.098772 0.059099
v 0.008704 -0.099344 0.056976
v 0.008704 -0.098435 0.058843
v 0.008704 -0.093328 0.057547
v 0.008704 -0.094701 0.059120
v -0.020212 -0.083401 0.081241
v -0.020212 -0.081611 0.080349
v -0.020212 -0.063780 0.124558
v -0.020212 -0.061926 0.123809
v -0.020212 -0.036783 0.202014
v -0.020212 -0.034847 0.201515
v -0.020212 -0.045403 0.167589
v -0.020212 -0.047299 0.168224
v -0.020212 -0.024120 0.267335
v -0.020212 -0.022131 0.267135
v -0.020212 -0.026534 0.236720
v -0.020212 -0.028499 0.237082
v 0.008704 -0.020066 0.297889
v 0.008704 -0.022051 0.298136
v 0.008704 -0.018117 0.310480
v 0.008704 -0.020426 0.308006
v 0.008704 -0.020692 0.315466
v -0.020212 -0.020692 0.315466
v -0.020212 -0.020207 0.318839
v -0.020212 -0.023604 0.318881
v -0.020212 -0.024967 0.320964
v 0.008704 -0.020207 0.318839
v -0.020212 -0.026965 0.318585
v -0.020212 -0.028419 0.319933
v -0.020212 -0.027390 0.294059
v -0.020212 -0.029391 0.294040
v -0.020212 -0.028561 0.266564
v -0.020212 -0.030553 0.266742
v -0.020212 -0.039396 0.205051
v -0.020212 -0.041327 0.205566
v -0.020212 -0.035181 0.234032
v -0.020212 -0.033216 0.233666
v -0.020212 -0.062364 0.135966
v -0.020212 -0.064208 0.136736
v -0.020212 -0.050771 0.172933
v -0.020212 -0.048871 0.172315
v -0.020212 -0.099148 0.060740
v -0.020212 -0.079584 0.103120
v -0.020212 -0.077786 0.102245
v -0.020212 -0.098772 0.059099
v -0.020212 -0.099999 0.057421
v -0.020212 -0.098435 0.058843
v -0.020212 -0.099344 0.056976
v -0.020212 -0.094701 0.059120
v -0.020212 -0.093328 0.057547
v 0.008704 -0.083401 0.081241
v 0.008704 -0.081611 0.080349
v 0.008704 -0.063777 0.124566
v 0.008704 -0.061926 0.123809
v 0.008704 -0.047299 0.168224
v 0.008704 -0.045403 0.167589
v 0.008704 -0.028499 0.237082
v 0.008704 -0.026534 0.236720
v 0.008704 -0.034847 0.201515
v 0.008704 -0.036783 0.202014
v 0.008704 -0.022131 0.267135
v 0.008704 -0.024120 0.267335
v -0.020212 -0.020426 0.308006
v -0.020212 -0.018117 0.310480
v 0.008704 -0.023604 0.318881
v 0.008704 -0.024967 0.320964
v -0.005950 -0.091495 -0.403100
v 0.014041 -0.088731 -0.403624
v -0.005923 -0.097310 -0.420204
v 0.014565 -0.092310 -0.421247
v 0.010511 -0.058848 -0.410253
v 0.010625 -0.062798 -0.427814
v -0.005950 -0.091495 -0.403100
v -0.005977 -0.097310 -0.420204
v -0.025843 -0.088732 -0.403647
v -0.026470 -0.092322 -0.421262
v -0.023273 -0.063262 -0.427697
v -0.023459 -0.059342 -0.410135
v -0.005950 -0.093409 -0.402516
v -0.005950 -0.098715 -0.419716
v 0.016455 -0.095050 -0.420563
v 0.015915 -0.090052 -0.403257
v 0.013100 -0.057780 -0.410487
v 0.013081 -0.061838 -0.428028
v -0.005991 -0.094206 -0.402326
v -0.028354 -0.095050 -0.420563
v -0.005950 -0.098715 -0.419716
v -0.028138 -0.088316 -0.403638
v -0.025360 -0.058438 -0.410339
v -0.025218 -0.062129 -0.427959
v -0.005950 -0.096801 -0.420300
v 0.004467 -0.096220 -0.420414
v 0.004763 -0.098124 -0.419856
v -0.005950 -0.098715 -0.419716
v 0.004300 -0.091105 -0.403167
v -0.005950 -0.091495 -0.403100
v -0.005950 -0.093409 -0.402516
v 0.004595 -0.093005 -0.402589
v 0.011588 -0.094182 -0.420845
v 0.012608 -0.095870 -0.420344
v 0.011094 -0.089400 -0.403503
v 0.012119 -0.091087 -0.403001
v 0.014185 -0.091547 -0.421421
v 0.016018 -0.092431 -0.421135
v 0.013500 -0.087243 -0.403961
v 0.015323 -0.088142 -0.403667
v 0.014516 -0.087047 -0.422272
v 0.016534 -0.087025 -0.422223
v 0.014029 -0.083242 -0.404690
v 0.016179 -0.083609 -0.404700
v 0.014740 -0.071085 -0.407521
v 0.011949 -0.065437 -0.427215
v 0.014392 -0.068763 -0.426457
v 0.012262 -0.063232 -0.409250
v 0.013195 -0.059633 -0.410074
v 0.012847 -0.063087 -0.427753
v 0.009818 -0.058779 -0.410246
v 0.009358 -0.062700 -0.427821
v 0.010503 -0.061269 -0.428164
v 0.010503 -0.057333 -0.410598
v -0.016368 -0.096223 -0.420423
v -0.005950 -0.096801 -0.420300
v -0.005950 -0.098715 -0.419716
v -0.016662 -0.098122 -0.419847
v -0.005950 -0.091495 -0.403100
v -0.016199 -0.091102 -0.403157
v -0.016493 -0.093008 -0.402600
v -0.005950 -0.093409 -0.402516
v -0.023487 -0.094181 -0.420840
v -0.024506 -0.095872 -0.420349
v -0.022993 -0.089398 -0.403499
v -0.024018 -0.091089 -0.403006
v -0.026086 -0.091546 -0.421427
v -0.027918 -0.092430 -0.421131
v -0.025398 -0.087243 -0.403958
v -0.027222 -0.088142 -0.403667
v -0.026605 -0.087616 -0.422298
v -0.028619 -0.087577 -0.422252
v -0.025930 -0.083251 -0.404700
v -0.027933 -0.083160 -0.404662
v -0.024809 -0.077013 -0.424621
v -0.026812 -0.076891 -0.424636
v -0.024307 -0.063874 -0.409116
v -0.026286 -0.063752 -0.409132
v -0.024223 -0.067419 -0.426769
v -0.025567 -0.063690 -0.427598
v -0.022458 -0.063077 -0.427751
v -0.022457 -0.059142 -0.410194
v -0.024896 -0.059068 -0.410196
v -0.021821 -0.061555 -0.428076
v -0.021817 -0.057621 -0.410519
v -0.005950 -0.024790 0.317382
v 0.010367 -0.021817 0.317382
v -0.005925 -0.025365 0.299382
v 0.010579 -0.020710 0.299382
v 0.009024 0.009102 0.317382
v 0.009106 0.009086 0.299382
v -0.005950 -0.024790 0.317382
v -0.005975 -0.025365 0.299382
v -0.022305 -0.021833 0.317382
v -0.022497 -0.020727 0.299382
v -0.020734 0.009449 0.299382
v -0.020657 0.009474 0.317382
v -0.005950 -0.026791 0.317382
v -0.005950 -0.026791 0.299382
v 0.012648 -0.023492 0.299382
v 0.012453 -0.023134 0.317382
v 0.009932 0.010204 0.299382
v 0.010796 0.010174 0.317382
v -0.005950 -0.026791 0.317382
v -0.024387 -0.023147 0.317382
v -0.024129 -0.023426 0.299382
v -0.005950 -0.026791 0.299382
v -0.022482 0.010472 0.317382
v -0.022229 0.010549 0.299382
v -0.005950 -0.024790 0.299382
v 0.002939 -0.024311 0.299382
v 0.003278 -0.026291 0.299382
v -0.005950 -0.026791 0.299382
v 0.002939 -0.024311 0.317382
v -0.005950 -0.024790 0.317382
v -0.005950 -0.026791 0.317382
v 0.003278 -0.026291 0.317382
v 0.009853 -0.021651 0.299382
v 0.009694 -0.024209 0.299382
v 0.009853 -0.021651 0.317382
v 0.009694 -0.024209 0.317382
v 0.012264 -0.021033 0.299382
v 0.012264 -0.021033 0.317382
v 0.010591 -0.016458 0.299382
v 0.012591 -0.016289 0.299382
v 0.010591 -0.016458 0.317382
v 0.012591 -0.016289 0.317382
v 0.008565 -0.007629 0.299382
v 0.010581 -0.007579 0.299382
v 0.008565 -0.007629 0.317382
v 0.010581 -0.007579 0.317382
v 0.009602 0.006981 0.299382
v 0.011501 0.008082 0.299382
v 0.009602 0.006981 0.317382
v 0.011501 0.008082 0.317382
v 0.007324 0.009352 0.299382
v 0.007324 0.009352 0.317382
v 0.007199 0.010926 0.317382
v 0.007199 0.010926 0.299382
v -0.014838 -0.024311 0.299382
v -0.005950 -0.024790 0.299382
v -0.005950 -0.026791 0.299382
v -0.015178 -0.026291 0.299382
v -0.005950 -0.024790 0.317382
v -0.014838 -0.024311 0.317382
v -0.015178 -0.026291 0.317382
v -0.005950 -0.026791 0.317382
v -0.021752 -0.021651 0.299382
v -0.021592 -0.024210 0.299382
v -0.021752 -0.021651 0.317382
v -0.021592 -0.024210 0.317382
v -0.024163 -0.021034 0.299382
v -0.024163 -0.021034 0.317382
v -0.022490 -0.016452 0.299382
v -0.024492 -0.016298 0.299382
v -0.022490 -0.016452 0.317382
v -0.024492 -0.016298 0.317382
v -0.020515 -0.007982 0.299382
v -0.022525 -0.007880 0.299382
v -0.020515 -0.007982 0.317382
v -0.022525 -0.007880 0.317382
v -0.021248 0.006833 0.299382
v -0.023095 0.008737 0.299382
v -0.021248 0.006834 0.317382
v -0.023095 0.008737 0.317382
v -0.019557 0.009661 0.317382
v -0.019557 0.009661 0.299382
v -0.019180 0.010997 0.317382
v -0.019180 0.010997 0.299382
v -0.014987 0.009069 0.299382
v -0.014987 0.009069 0.317382
v -0.019430 -0.099583 0.050402
v -0.023130 -0.095307 0.061122
v -0.022433 -0.102108 0.049040
v -0.019418 -0.099817 0.050457
v -0.022501 -0.099386 0.046496
v -0.019427 -0.097557 0.058527
v -0.019421 -0.097324 0.058468
v -0.021443 -0.098491 0.061936
v 0.007429 -0.099586 0.050392
v 0.007438 -0.099814 0.050465
v 0.009453 -0.102385 0.048038
v 0.011140 -0.099241 0.047079
v 0.010512 -0.095128 0.061696
v 0.007441 -0.097326 0.058459
v 0.010444 -0.098775 0.060936
v 0.007426 -0.097553 0.058538
v -0.005995 -0.097279 0.058280
v -0.005995 -0.097547 0.058514
v -0.005995 -0.096997 0.063151
v -0.005995 -0.096612 0.062673
v -0.005995 -0.097452 0.058656
v -0.005995 -0.097339 0.058456
v 0.013673 0.026948 -0.169872
v 0.023372 0.018340 -0.209038
v 0.016072 0.017247 -0.177664
v 0.013673 0.017247 -0.169872
v 0.016072 0.024546 -0.169872
v 0.016072 0.026948 -0.169872
v 0.013673 0.026948 -0.169872
v 0.017608 0.017527 -0.169872
v 0.013673 0.017247 -0.169872
v 0.016072 0.026948 -0.169872
v 0.016072 0.024546 -0.169872
v 0.016072 0.023894 -0.177664
v 0.016072 0.017247 -0.202920
v 0.013673 0.017247 -0.212199
v 0.013673 0.017247 -0.212199
v 0.018771 0.020916 -0.174096
v 0.020374 0.020107 -0.169872
v 0.017615 0.022747 -0.176139
v 0.018722 0.023453 -0.175023
v 0.016072 0.024546 -0.177664
v 0.016072 0.024546 -0.169872
v 0.023308 0.026053 -0.208956
v 0.016072 0.026948 -0.202920
v 0.013673 0.026948 -0.169872
v 0.016072 0.026948 -0.169872
v 0.013683 0.026948 -0.223698
v 0.016072 0.017224 -0.223346
v 0.013673 0.015888 -0.222712
v 0.023710 0.025034 -0.215588
v 0.024096 0.023416 -0.212199
v 0.023707 0.019160 -0.215589
v 0.016072 0.026948 -0.223357
v 0.016072 0.017247 -0.223357
v 0.013697 0.017247 -0.212199
v 0.013720 0.014876 -0.212199
v 0.016072 0.014876 -0.219637
v 0.016072 0.014876 -0.212199
v 0.013673 0.014876 -0.212199
v 0.016072 0.017247 -0.212199
v 0.013673 0.026948 -0.223357
v 0.024096 0.023416 -0.209653
v 0.024096 0.020779 -0.212199
v 0.024096 0.020779 -0.209653
v 0.016072 0.017247 -0.223357
v 0.013673 0.017247 -0.223357
v 0.013673 0.014876 -0.219637
v 0.013673 0.014876 -0.212199
v 0.017607 0.019044 -0.176135
v 0.018050 0.017876 -0.175707
v 0.018685 0.020896 -0.175062
v 0.019533 0.020220 -0.174221
v 0.016054 0.023895 -0.177648
v 0.016088 0.017898 -0.177681
v 0.018156 0.020896 -0.175081
v 0.018084 0.020896 -0.189470
v 0.016072 0.018551 -0.177664
v 0.016072 0.018551 -0.193133
v 0.016072 0.023242 -0.193133
v 0.016072 0.023242 -0.177664
v 0.016072 0.017899 -0.177664
v 0.020603 0.017251 -0.207816
v 0.016072 0.018551 -0.193133
v -0.013732 0.075614 -0.254143
v -0.005937 0.076626 -0.249300
v -0.022872 0.094512 -0.299939
v -0.021868 0.084618 -0.299947
v 0.010425 0.086310 -0.299945
v 0.007352 0.080437 -0.299882
v -0.006009 0.074246 -0.299915
v -0.010922 0.074822 -0.299835
v -0.023730 0.088906 -0.254016
v -0.016881 0.082243 -0.249435
v 0.000647 0.107133 -0.299947
v -0.019974 0.089836 -0.249301
v 0.007340 0.078735 -0.253884
v 0.007108 0.085785 -0.249339
v 0.000727 0.078682 -0.249400
v 0.007292 0.102081 -0.299835
v -0.004227 0.073894 -0.206747
v 0.005543 0.081148 -0.211177
v -0.018152 0.103398 -0.299914
v -0.016812 0.077968 -0.299835
v 0.000659 0.075265 -0.299835
v -0.018463 0.097926 -0.249400
v -0.005952 0.076192 -0.248726
v -0.005816 0.073038 -0.299835
v 0.008740 0.094254 -0.248840
v 0.003419 0.106186 -0.254097
v 0.001965 0.103019 -0.249514
v 0.002283 0.106614 -0.206790
v -0.000812 0.103759 -0.214454
v 0.010644 0.096248 -0.206696
v -0.018692 0.084606 -0.210966
v -0.021293 0.082996 -0.206747
v -0.005950 0.108443 -0.206931
v -0.005979 0.104917 -0.213343
v -0.011058 0.103506 -0.214493
v -0.014168 0.106558 -0.206747
v 0.013937 0.089216 -0.140203
v -0.005950 0.108443 -0.206931
v -0.003989 0.111167 -0.140364
v -0.011772 0.110399 -0.140364
v 0.002190 0.109327 -0.140207
v -0.025902 0.089255 -0.140364
v -0.022351 0.102515 -0.140267
v -0.019241 0.096915 -0.211092
v -0.022610 0.096253 -0.206747
v -0.025134 0.097038 -0.140364
v 0.011733 0.081766 -0.140364
v -0.013686 0.072548 -0.140364
v -0.006021 0.071397 -0.140135
v 0.006768 0.106713 -0.140364
v -0.021448 0.078497 -0.140364
v -0.024217 0.083442 -0.140185
v 0.006769 0.075716 -0.140364
v 0.012717 0.098952 -0.140364
v 0.010281 0.084832 -0.206943
v -0.017645 0.099237 -0.235587
v -0.020802 0.095208 -0.249300
v -0.019976 0.091234 -0.227521
v -0.010776 0.077783 -0.211066
v -0.008994 0.075909 -0.249300
v -0.005950 0.077188 -0.227520
v 0.011978 0.104224 -0.223033
v -0.017688 0.099274 -0.235566
v -0.014060 0.107586 -0.238632
v 0.008927 0.088256 -0.249300
v 0.007090 0.094421 -0.241382
v 0.007010 0.086378 -0.240806
v 0.002082 0.079496 -0.235581
v 0.004032 0.101196 -0.217539
v 0.004032 0.101196 -0.237502
v 0.006293 0.107419 -0.233958
v 0.006577 0.103832 -0.233717
v 0.011866 0.078139 -0.222582
v 0.002320 0.079727 -0.219322
v 0.007915 0.105428 -0.227527
v 0.012026 0.085578 -0.215177
v 0.008101 0.105440 -0.227500
v 0.002250 0.079724 -0.219252
v 0.011978 0.103622 -0.233467
v 0.004032 0.101196 -0.237502
v -0.005904 0.105088 -0.241698
v 0.000273 0.103747 -0.240130
v -0.017409 0.099407 -0.219240
v -0.005603 0.107475 -0.249300
v 0.006576 0.103834 -0.221325
v 0.004355 0.107550 -0.218759
v 0.007911 0.088035 -0.214616
v 0.011795 0.096129 -0.214405
v 0.004032 0.101196 -0.217539
v 0.007370 0.095925 -0.214534
v -0.001154 0.104626 -0.213877
v -0.005950 0.077188 -0.227520
v 0.006789 0.095467 -0.214080
v 0.006955 0.088035 -0.213660
v 0.004032 0.101196 -0.217539
v 0.011978 0.095677 -0.240537
v 0.007920 0.094380 -0.240530
v -0.009129 0.105075 -0.214615
v -0.002785 0.105084 -0.240530
v -0.010761 0.104501 -0.240434
v -0.002272 0.107566 -0.240611
v -0.009965 0.108131 -0.214449
v 0.012008 0.081227 -0.237914
v 0.007337 0.086403 -0.240434
v -0.017466 0.099477 -0.219311
v -0.019788 0.107535 -0.224955
v 0.002111 0.079496 -0.235552
v -0.019976 0.091234 -0.227521
v 0.007920 0.104224 -0.224356
v 0.007370 0.104201 -0.232231
v 0.004032 0.101196 -0.237502
v 0.011891 0.087079 -0.299835
v 0.004310 0.105619 -0.299835
v -0.013930 0.107321 -0.299835
v -0.014886 0.106758 -0.254016
v -0.024014 0.088207 -0.299835
v -0.006117 0.072803 -0.299835
v -0.009315 0.108148 -0.299835
v -0.010052 0.104808 -0.249400
v 0.010962 0.094540 -0.299946
v -0.005896 0.074253 -0.300023
v -0.004472 0.106184 -0.296406
v -0.005899 0.071272 -0.140386
v -0.000125 0.072030 -0.140364
v -0.005942 0.074136 -0.143359
v -0.018625 0.106672 -0.140190
v -0.021434 0.083941 -0.162621
v -0.020910 0.075974 -0.157494
v -0.014089 0.075966 -0.206910
v -0.013738 0.075914 -0.162626
v -0.005945 0.073905 -0.162594
v -0.006016 0.105830 -0.249300
v -0.005996 0.105088 -0.241698
v -0.012292 0.103670 -0.240074
v -0.005926 0.104857 -0.213341
v 0.004982 0.077598 -0.162623
v -0.022059 0.097897 -0.162624
v -0.025122 0.098966 -0.157324
v -0.013309 0.107194 -0.162605
v -0.000878 0.107655 -0.162623
v 0.001801 0.110387 -0.157324
v 0.008698 0.099984 -0.162621
v 0.012657 0.099076 -0.157266
v 0.011149 0.088256 -0.162620
v 0.013223 0.083464 -0.157324
v 0.001909 0.072608 -0.157266
v 0.008723 0.075590 -0.140364
v -0.005940 0.073728 -0.162561
v -0.005950 0.071260 -0.140364
v 0.013747 0.096589 -0.140364
v -0.001110 0.112095 -0.140364
v -0.022808 0.103222 -0.140364
v -0.025300 0.083870 -0.140364
v -0.006146 0.069666 -0.140364
v -0.022339 0.080347 -0.190016
v -0.016931 0.077833 -0.189435
v -0.022068 0.084537 -0.189435
v -0.005864 0.073782 -0.189435
v -0.005934 0.071790 -0.189994
v 0.008912 0.077444 -0.189901
v 0.002110 0.075902 -0.189435
v -0.011565 0.118386 -0.238781
v -0.018081 0.118386 -0.216094
v -0.012866 0.118386 -0.217165
v -0.007163 0.118386 -0.215224
v -0.019153 0.118386 -0.227937
v -0.011178 0.118386 -0.215886
v 0.001961 0.118386 -0.217249
v 0.006535 0.118386 -0.227502
v 0.006742 0.118386 -0.227564
v 0.000511 0.118386 -0.238761
v 0.001411 0.119129 -0.243355
v -0.008732 0.124844 -0.242122
v -0.018887 0.124724 -0.235573
v 0.005221 0.124903 -0.237488
v 0.010599 0.118386 -0.227548
v -0.017454 0.118386 -0.222754
v 0.009028 0.125032 -0.227535
v -0.021215 0.118386 -0.236317
v 0.009356 0.124922 -0.227493
v 0.006590 0.118386 -0.227614
v -0.017995 0.118386 -0.231177
v 0.001857 0.118386 -0.211726
v 0.002832 0.124800 -0.215027
v -0.005950 0.118386 -0.239974
v -0.012866 0.118386 -0.237876
v 0.002035 0.118386 -0.237252
v -0.011819 0.123931 -0.212053
v -0.021440 0.124437 -0.225726
v -0.001187 0.118386 -0.216014
v 0.004403 0.118386 -0.220601
v 0.006348 0.118386 -0.227521
v 0.005875 0.118386 -0.231108
v -0.007894 0.123154 -0.237292
v -0.012997 0.123154 -0.234564
v -0.015723 0.123154 -0.229460
v -0.015442 0.123104 -0.224641
v -0.012993 0.123154 -0.220473
v -0.007889 0.123154 -0.217747
v -0.002133 0.123154 -0.218317
v 0.002870 0.123260 -0.222811
v 0.003937 0.123085 -0.227521
v 0.003254 0.123154 -0.231337
v 0.003937 0.123085 -0.227521
v -0.001240 0.123260 -0.236340
v 0.012783 0.096868 -0.189955
v 0.011204 0.094469 -0.189435
v 0.008599 0.077234 -0.206016
v 0.008658 0.078932 -0.190241
v 0.018827 0.080252 -0.206016
v 0.018951 0.081496 -0.190241
v 0.018426 0.084391 -0.206207
v 0.018349 0.079278 -0.206126
v 0.006384 0.103554 -0.189435
v 0.003313 0.108413 -0.189995
v -0.005882 0.110880 -0.190015
v -0.000924 0.107779 -0.189435
v -0.007646 0.108441 -0.189435
v -0.015109 0.108358 -0.190089
v -0.014109 0.106482 -0.189435
v -0.021045 0.103567 -0.190018
v -0.020457 0.100906 -0.189435
v -0.025397 0.089364 -0.189993
v -0.023176 0.092911 -0.189435
v -0.015120 0.074000 -0.190018
v -0.021987 0.078861 -0.206016
v -0.022171 0.079660 -0.190241
v -0.010977 0.074650 -0.189435
v -0.005881 0.073681 -0.192004
v -0.003220 0.112091 -0.206016
v -0.004554 0.112223 -0.190241
v -0.024113 0.099382 -0.206016
v -0.024568 0.098283 -0.190241
v -0.005798 0.070701 -0.190241
v -0.005931 0.071833 -0.206016
v -0.006017 0.071400 -0.190241
v -0.005980 0.071723 -0.206016
v 0.014623 0.089010 -0.206016
v 0.014789 0.089551 -0.190241
v 0.018401 0.084380 -0.190076
v 0.014132 0.088458 -0.189474
v -0.004254 0.108439 -0.206910
v -0.000310 0.109945 -0.206291
v 0.010598 0.086190 -0.206790
v 0.013902 0.088274 -0.206566
v 0.000631 0.073023 -0.190275
v 0.008832 0.079024 -0.206389
v 0.008373 0.077411 -0.205952
v 0.008940 0.103437 -0.190269
v -0.024384 0.096803 -0.190270
v -0.020843 0.078997 -0.205987
v -0.015134 0.073957 -0.206280
v -0.000384 0.072554 -0.206211
v 0.006452 0.078908 -0.207156
v 0.012520 0.096791 -0.206016
v 0.007951 0.105028 -0.206170
v -0.009760 0.110327 -0.206062
v -0.019895 0.105051 -0.206218
v -0.025225 0.094971 -0.206209
v -0.024599 0.085466 -0.206240
v -0.006008 0.071806 -0.205989
v -0.005938 0.073954 -0.207124
v -0.004245 0.073930 -0.143034
v -0.010924 0.074833 -0.143312
v -0.006061 0.074083 -0.204298
v -0.010436 0.105691 -0.296540
v -0.015592 0.094008 -0.298449
v -0.019926 0.097228 -0.296110
v -0.017598 0.100764 -0.296117
v -0.021150 0.089781 -0.296340
v -0.018020 0.081596 -0.296117
v -0.015473 0.079634 -0.296041
v -0.011495 0.081801 -0.298529
v -0.005974 0.076297 -0.296097
v -0.007408 0.076450 -0.296177
v -0.005690 0.075165 -0.296171
v -0.000144 0.077226 -0.296391
v 0.005955 0.081817 -0.296547
v 0.008931 0.088042 -0.296110
v 0.009107 0.089764 -0.296185
v 0.007221 0.098265 -0.296292
v 0.005786 0.100597 -0.296105
v 0.002330 0.103594 -0.296110
v 0.001628 0.095637 -0.298917
v -0.007243 0.106594 -0.296117
v -0.013960 0.075830 -0.143379
v -0.016460 0.082489 -0.140914
v -0.016753 0.078055 -0.143415
v -0.023128 0.087591 -0.143373
v -0.022053 0.084604 -0.143143
v 0.005198 0.077925 -0.143379
v -0.022968 0.092884 -0.143334
v -0.011415 0.101710 -0.140503
v -0.021297 0.099387 -0.143011
v -0.017406 0.104835 -0.143361
v -0.016787 0.104534 -0.143255
v 0.000469 0.098520 -0.140195
v -0.009285 0.108093 -0.143367
v 0.000580 0.107512 -0.143373
v -0.000975 0.107596 -0.143312
v 0.004939 0.104939 -0.142863
v 0.011740 0.093176 -0.143361
v 0.009152 0.099280 -0.143312
v 0.011789 0.091747 -0.142642
v -0.003462 0.080580 -0.140268
v 0.009809 0.084687 -0.143528
v 0.003614 0.076921 -0.143375
v 0.005164 0.077914 -0.162634
v 0.007438 0.080087 -0.163978
v -0.005923 0.073725 -0.179964
v -0.005933 0.073824 -0.189435
v 0.006459 0.078364 -0.189435
v 0.000669 0.072890 -0.163332
v -0.000924 0.074650 -0.162634
v 0.002110 0.075902 -0.179964
v 0.012783 0.096868 -0.163155
v 0.010615 0.096243 -0.162634
v 0.011146 0.088052 -0.162691
v 0.008592 0.077490 -0.179343
v 0.007813 0.080425 -0.178594
v 0.006267 0.078419 -0.179964
v 0.018827 0.080252 -0.179215
v 0.018951 0.081496 -0.163441
v 0.008658 0.078932 -0.163441
v 0.008599 0.077234 -0.179215
v 0.018349 0.084359 -0.179325
v 0.018426 0.079201 -0.179406
v 0.006384 0.103554 -0.162634
v 0.003314 0.108413 -0.163194
v -0.005881 0.110880 -0.163215
v -0.000924 0.107779 -0.162634
v -0.007646 0.108441 -0.162634
v -0.015110 0.108358 -0.163289
v -0.014109 0.106482 -0.162634
v -0.021046 0.103568 -0.163218
v -0.020457 0.100906 -0.162634
v -0.025397 0.089364 -0.163193
v -0.023176 0.092911 -0.162634
v -0.022339 0.080347 -0.163215
v -0.022068 0.084537 -0.162634
v -0.015120 0.074000 -0.163218
v -0.016931 0.077833 -0.162634
v -0.022068 0.084537 -0.179964
v -0.016931 0.077833 -0.179964
v -0.015133 0.073947 -0.179491
v -0.010977 0.074650 -0.162634
v -0.005881 0.073681 -0.165202
v -0.003220 0.112091 -0.179215
v -0.004554 0.112223 -0.163441
v -0.019896 0.105062 -0.179428
v -0.020457 0.100906 -0.179964
v -0.023176 0.092911 -0.179964
v -0.025231 0.094984 -0.179418
v -0.024113 0.099382 -0.179215
v -0.024568 0.098283 -0.163441
v -0.021987 0.078861 -0.179215
v -0.022171 0.079660 -0.163441
v -0.010977 0.074650 -0.179964
v -0.006020 0.073664 -0.164655
v -0.006119 0.072609 -0.189435
v -0.005950 0.073986 -0.179964
v -0.005882 0.073678 -0.177460
v 0.018424 0.079207 -0.163252
v 0.018306 0.084341 -0.163377
v 0.014133 0.088460 -0.162674
v 0.013921 0.088293 -0.179787
v 0.010615 0.096243 -0.179964
v 0.007939 0.105038 -0.179370
v -0.005798 0.070701 -0.163441
v -0.005931 0.071833 -0.179215
v 0.006384 0.103554 -0.179964
v -0.006017 0.071400 -0.163441
v -0.005980 0.071723 -0.179215
v -0.000311 0.109942 -0.179491
v 0.008468 0.077550 -0.163441
v -0.000924 0.107779 -0.179964
v 0.014789 0.089551 -0.163441
v 0.014623 0.089010 -0.179215
v 0.011264 0.089583 -0.179964
v -0.007646 0.108441 -0.179964
v -0.014109 0.106482 -0.179964
v 0.000675 0.072862 -0.179354
v -0.006004 0.073680 -0.177908
v 0.008940 0.103437 -0.163469
v -0.024385 0.096803 -0.163470
v -0.020843 0.078997 -0.179186
v 0.012520 0.096791 -0.179215
v -0.009760 0.110354 -0.179288
v -0.024613 0.085481 -0.179451
v -0.022062 0.084540 -0.206882
v -0.016929 0.077834 -0.206917
v 0.002210 0.106479 -0.206917
v 0.007427 0.102198 -0.206917
v 0.011154 0.094621 -0.206882
v -0.000924 0.074650 -0.206933
v -0.010976 0.074652 -0.206917
v -0.018618 0.077723 -0.179964
v -0.024800 0.089962 -0.189435
v -0.023175 0.092911 -0.206917
v -0.020451 0.100902 -0.206882
v -0.012625 0.107328 -0.206893
v -0.009456 0.108831 -0.179964
v 0.003530 0.106364 -0.189435
v 0.011088 0.099452 -0.179964
v 0.011571 0.093318 -0.189435
v -0.022656 0.097558 -0.179964
v -0.012756 0.107646 -0.189435
v -0.005950 0.074243 -0.143386
v 0.024096 0.023416 -0.212199
v 0.020564 0.023416 -0.212199
v 0.020564 0.023416 -0.200726
v 0.024096 0.023416 -0.198376
v 0.020564 0.023416 -0.212199
v 0.020564 0.020779 -0.212199
v 0.016160 0.020779 -0.200726
v 0.016116 0.023416 -0.200726
v 0.024096 0.020779 -0.198376
v 0.020564 0.020779 -0.200726
v 0.020564 0.020779 -0.212199
v 0.024096 0.020779 -0.212199
v 0.023805 0.023416 -0.197146
v 0.023596 0.020779 -0.196603
v 0.024096 0.020779 -0.212199
v 0.024096 0.023416 -0.212199
v 0.020564 0.020779 -0.195412
v 0.020564 0.023416 -0.195412
v 0.016072 0.020779 -0.195412
v 0.016072 0.020779 -0.200726
v 0.016072 0.023416 -0.195412
v 0.016072 0.020779 -0.195412
v 0.016072 0.023416 -0.200726
v 0.016072 0.023416 -0.195412
v 0.016332 0.098390 -0.235173
v 0.016332 0.089604 -0.217949
v 0.012521 0.083887 -0.220640
v 0.012521 0.100289 -0.230965
v 0.016332 0.083887 -0.234401
v 0.012521 0.081109 -0.227612
v 0.016332 0.081857 -0.227521
v 0.016332 0.080673 -0.227356
v 0.012521 0.081857 -0.227520
v 0.012521 0.090535 -0.237759
v 0.016332 0.099030 -0.221500
v 0.012521 0.097468 -0.219385
v 0.016332 0.096476 -0.219640
v 0.016332 0.092134 -0.218164
v 0.016332 0.090242 -0.212877
v 0.016332 0.087587 -0.218766
v 0.017147 0.103205 -0.234863
v 0.017079 0.095960 -0.240938
v 0.016332 0.104193 -0.222593
v 0.016332 0.099969 -0.223894
v 0.016909 0.081716 -0.238728
v 0.021900 0.103082 -0.224772
v 0.016480 0.076825 -0.227489
v 0.016332 0.081857 -0.227521
v 0.021898 0.080417 -0.221944
v 0.021337 0.079533 -0.227462
v 0.016332 0.081857 -0.227521
v 0.016332 0.082766 -0.232035
v 0.021805 0.080489 -0.233007
v 0.016332 0.099095 -0.232782
v 0.016332 0.100571 -0.228440
v 0.019545 0.089401 -0.213552
v 0.016332 0.082766 -0.223006
v 0.021560 0.098871 -0.218270
v 0.016332 0.086785 -0.235814
v 0.016332 0.091215 -0.236996
v 0.021294 0.091220 -0.215935
v 0.016332 0.095644 -0.235814
v 0.021197 0.102326 -0.230900
v 0.021197 0.085734 -0.237760
v 0.021294 0.093472 -0.238884
v 0.021340 0.098535 -0.236441
v 0.021345 0.079582 -0.227486
v 0.021294 0.084781 -0.217886
v 0.014765 0.026708 -0.220392
v 0.014765 0.015322 -0.220392
v 0.013673 0.015378 -0.212038
v 0.013673 0.027064 -0.220830
v 0.018757 0.029375 -0.219356
v 0.018661 0.027155 -0.219200
v 0.013673 0.027502 -0.220719
v 0.010313 0.027651 -0.220817
v 0.010415 0.012558 -0.210603
v 0.013779 0.014876 -0.211042
v 0.010313 0.015287 -0.212097
v 0.017745 0.029375 -0.212583
v 0.018093 0.027155 -0.212802
v 0.010313 0.015358 -0.212048
v 0.013673 0.018247 -0.159411
v 0.013673 0.027064 -0.211557
v 0.010313 0.029375 -0.212199
v 0.010313 0.026753 -0.212075
v 0.013673 0.026393 -0.157874
v 0.010313 0.026358 -0.157838
v 0.013673 0.015350 -0.212073
v 0.010313 0.015359 -0.212077
v 0.013673 0.014893 -0.220137
v 0.010313 0.012643 -0.219343
v 0.019607 0.012558 -0.218613
v 0.018859 0.014876 -0.219128
v 0.013673 0.026681 -0.212073
v 0.010313 0.026672 -0.212077
v 0.013673 0.026653 -0.212039
v 0.013673 0.024546 -0.169872
v 0.013673 0.018247 -0.162877
v 0.013673 0.023546 -0.162877
v 0.013673 0.024546 -0.169872
v 0.013673 0.024546 -0.159411
v 0.013673 0.017247 -0.169872
v 0.013673 0.015647 -0.157848
v 0.010313 0.015663 -0.157864
v 0.010313 0.026744 -0.220290
v 0.010313 0.029375 -0.220188
v 0.020167 0.022247 -0.169872
v 0.019348 0.021431 -0.162270
v 0.013772 0.024741 -0.162877
v 0.013705 0.016283 -0.159459
v 0.013681 0.016831 -0.169872
v 0.018151 0.018879 -0.162877
v 0.018437 0.020945 -0.161790
v 0.013673 0.018247 -0.162877
v 0.013673 0.018247 -0.159411
v 0.018319 0.023994 -0.161581
v 0.017650 0.023149 -0.161265
v 0.019427 0.019467 -0.162093
v 0.018457 0.019859 -0.161640
v 0.016942 0.017368 -0.160938
v 0.016660 0.018337 -0.160803
v 0.013672 0.017747 -0.159413
v 0.013674 0.024046 -0.159409
v 0.013673 0.023546 -0.159411
v 0.019385 0.029321 -0.215826
v 0.010313 0.012317 -0.211973
v 0.016953 0.012430 -0.212225
v 0.010313 0.012420 -0.220318
v 0.018768 0.029743 -0.219035
v 0.016172 0.029363 -0.220137
v 0.017383 0.029553 -0.212277
v 0.019664 0.012327 -0.215393
v 0.017655 0.012579 -0.219825
v 0.010313 0.029513 -0.220318
v 0.010313 0.026376 -0.157855
v 0.010313 0.029615 -0.211973
v 0.010313 0.015425 -0.224635
v 0.013673 0.015425 -0.224635
v 0.013673 0.015425 -0.224635
v 0.010313 0.015425 -0.224635
v 0.016119 0.053215 -0.176794
v 0.013524 0.051898 -0.177111
v 0.013681 0.051974 -0.189027
v 0.016072 0.034077 -0.171138
v 0.013697 0.026948 -0.169872
v 0.016072 0.026948 -0.192978
v 0.016072 0.034077 -0.176036
v 0.013673 0.032047 -0.197566
v 0.016072 0.031979 -0.197498
v 0.016072 0.075792 -0.205520
v 0.013673 0.075792 -0.205520
v 0.016072 0.074094 -0.197181
v 0.013673 0.074209 -0.197169
v 0.015875 0.056997 -0.177041
v 0.013542 0.056654 -0.177240
v 0.016168 0.060481 -0.184247
v 0.013588 0.060489 -0.184244
v 0.016180 0.049862 -0.178611
v 0.013683 0.047641 -0.182632
v 0.014843 0.047000 -0.183160
v 0.016301 0.048025 -0.182970
v 0.016226 0.057891 -0.188327
v 0.013448 0.057813 -0.188292
v 0.016072 0.026948 -0.169872
v 0.016072 0.077034 -0.169872
v 0.013673 0.077034 -0.169872
v 0.013673 0.026948 -0.169872
v 0.015428 0.073627 -0.194873
v 0.015451 0.073606 -0.189974
v 0.015451 0.073606 -0.171138
v 0.015428 0.073627 -0.176036
v 0.013673 0.028071 -0.213275
v 0.015529 0.033562 -0.194873
v 0.015501 0.033538 -0.189974
v 0.015529 0.033562 -0.176036
v 0.015501 0.033538 -0.171138
v 0.018246 0.079342 -0.205520
v 0.016072 0.076413 -0.205520
v 0.013673 0.076413 -0.205520
v 0.013720 0.026948 -0.212199
v 0.016178 0.059918 -0.180042
v 0.016203 0.048759 -0.186102
v 0.016160 0.052550 -0.189152
v 0.013569 0.059924 -0.180049
v 0.013565 0.048697 -0.186015
v 0.016072 0.079342 -0.179964
v 0.013673 0.079342 -0.179964
v 0.013673 0.079342 -0.189435
v 0.013673 0.094355 -0.188775
v 0.016072 0.079342 -0.189435
v 0.013673 0.094410 -0.180569
v 0.016072 0.094355 -0.180624
v 0.013673 0.079342 -0.189435
v 0.016072 0.079342 -0.189435
v 0.018246 0.079342 -0.169872
v 0.016072 0.079342 -0.179964
v 0.013673 0.079342 -0.179964
v 0.008577 0.079342 -0.205520
v 0.008577 0.077034 -0.205520
v 0.008577 0.079342 -0.205520
v 0.018246 0.079342 -0.169872
v 0.008577 0.079342 -0.169872
v 0.013673 0.077034 -0.169872
v 0.008577 0.079342 -0.169872
v 0.008577 0.077034 -0.169872
v 0.016072 0.094410 -0.188830
v 0.016072 0.027975 -0.213193
v 0.016072 0.073022 -0.171138
v 0.016072 0.077034 -0.169872
v 0.016112 0.076644 -0.205520
v 0.018246 0.079342 -0.205520
v 0.018246 0.079342 -0.205520
v 0.013673 0.077034 -0.205520
v 0.016072 0.077034 -0.169872
v 0.016072 0.073022 -0.176036
v 0.016072 0.077034 -0.188810
v 0.016072 0.073022 -0.189974
v 0.016072 0.073022 -0.194873
v 0.020012 0.017507 -0.219326
v 0.020964 0.017362 -0.220255
v 0.022812 0.019019 -0.216525
v 0.024732 0.021890 -0.216487
v 0.021013 0.027346 -0.218324
v 0.019316 0.026750 -0.221903
v 0.016512 0.020385 -0.222825
v 0.018152 0.019018 -0.223067
v 0.018861 0.018458 -0.222359
v 0.017610 0.022064 -0.223609
v 0.015195 0.019591 -0.226024
v 0.020009 0.017464 -0.219329
v 0.020952 0.017507 -0.220266
v 0.027154 0.025208 -0.222027
v 0.027491 0.028445 -0.218021
v 0.022811 0.018133 -0.218409
v 0.020952 0.017507 -0.220266
v 0.020952 0.013751 -0.220266
v 0.023789 0.014559 -0.217430
v 0.018860 0.025669 -0.222358
v 0.021604 0.026701 -0.219615
v 0.019792 0.030319 -0.221427
v 0.023861 0.024263 -0.217358
v 0.024152 0.021163 -0.217067
v 0.026710 0.019591 -0.214509
v 0.026451 0.025288 -0.214768
v 0.028183 0.020309 -0.221494
v 0.028146 0.016406 -0.217427
v 0.024877 0.017567 -0.224507
v 0.020977 0.013169 -0.220289
v 0.018707 0.015682 -0.226805
v 0.023789 0.029568 -0.217431
v 0.025236 0.017522 -0.224222
v 0.022181 0.020303 -0.227495
v 0.020947 0.013498 -0.220300
v 0.020937 0.017453 -0.220283
v 0.020952 0.013751 -0.220266
v 0.018483 0.028511 -0.227181
v 0.015843 0.016508 -0.225377
v 0.026793 0.017298 -0.214426
v 0.023019 0.030697 -0.218200
v 0.015987 0.027066 -0.225232
v 0.017206 0.028520 -0.224013
v 0.018116 0.014559 -0.223102
v 0.024293 0.026466 -0.225500
v 0.015454 0.025288 -0.225765
v 0.022369 0.024230 -0.227425
v -0.000062 0.004770 -0.343533
v 0.023303 -0.052984 -0.335552
v 0.024620 -0.039721 -0.334800
v 0.022335 -0.028928 -0.321306
v 0.013951 -0.044673 -0.308912
v 0.015432 -0.044040 -0.346958
v -0.022687 -0.020292 -0.350080
v -0.024372 -0.007849 -0.349148
v -0.026084 -0.039975 -0.355524
v -0.035140 -0.034706 -0.348012
v -0.029459 -0.014268 -0.340908
v -0.024347 -0.061756 -0.354588
v -0.018387 -0.050832 -0.311995
v -0.011255 -0.046292 -0.309040
v -0.020274 -0.041796 -0.310805
v 0.003116 -0.006336 -0.336392
v 0.013528 -0.007791 -0.343130
v -0.006694 -0.005317 -0.338356
v -0.001301 0.001264 -0.348181
v -0.016688 -0.000741 -0.347294
v -0.014712 -0.007079 -0.344834
v -0.011684 0.004088 -0.329550
v -0.014916 0.000404 -0.322169
v 0.014572 -0.002009 -0.343748
v 0.014674 -0.006316 -0.322715
v 0.005980 -0.005701 -0.316879
v 0.010817 -0.013405 -0.313140
v 0.013912 -0.027773 -0.307706
v 0.019908 -0.024813 -0.340429
v 0.011958 -0.020397 -0.339642
v 0.018713 -0.037911 -0.362177
v 0.018160 -0.063454 -0.377980
v 0.013814 -0.070066 -0.375008
v -0.004798 -0.084037 -0.404990
v -0.005075 -0.084008 -0.409565
v -0.013609 -0.081509 -0.400529
v -0.014509 -0.093005 -0.440261
v -0.026398 -0.078318 -0.440556
v -0.031505 -0.051897 -0.491162
v -0.036662 -0.061369 -0.507626
v -0.025466 -0.016127 -0.516592
v -0.026364 -0.026383 -0.522939
v -0.015930 -0.013517 -0.525710
v -0.012009 -0.004875 -0.520434
v -0.010525 -0.006026 -0.534265
v 0.006609 -0.011769 -0.525795
v 0.005808 -0.009632 -0.532670
v 0.016296 -0.025876 -0.532249
v 0.018978 -0.049246 -0.551413
v 0.011297 -0.028547 -0.581172
v 0.018570 -0.045532 -0.578168
v 0.021828 -0.069225 -0.572609
v 0.016124 -0.110396 -0.566427
v 0.018018 -0.091228 -0.547861
v -0.026896 -0.033072 -0.581068
v -0.030170 -0.040083 -0.577769
v 0.005633 -0.125106 -0.559243
v -0.013002 -0.021017 -0.583898
v -0.005442 -0.129406 -0.560517
v -0.005966 -0.125959 -0.560806
v -0.005337 -0.130022 -0.560323
v -0.024718 -0.041212 -0.573593
v -0.017640 -0.118300 -0.559733
v -0.025921 -0.089976 -0.559817
v -0.023200 -0.032975 -0.536461
v -0.024818 -0.057043 -0.532793
v -0.016884 -0.021965 -0.539125
v -0.005330 -0.019209 -0.540858
v 0.004454 -0.024879 -0.539658
v 0.014354 -0.054217 -0.531584
v 0.012679 -0.088628 -0.526250
v -0.007450 -0.113801 -0.519772
v -0.007424 -0.113592 -0.519858
v -0.013830 -0.112468 -0.520410
v -0.022062 -0.099217 -0.524675
v -0.006382 -0.123335 -0.554929
v 0.007199 -0.112401 -0.557027
v 0.021504 -0.088155 -0.569912
v 0.014506 -0.096095 -0.561035
v -0.006330 -0.119476 -0.543475
v 0.000926 -0.022649 -0.585026
v -0.017249 -0.010461 -0.542928
v -0.025813 -0.017668 -0.533894
v -0.032258 -0.059377 -0.516058
v -0.024860 -0.098180 -0.489951
v -0.005021 -0.092045 -0.435644
v 0.003084 -0.086443 -0.424624
v 0.007670 -0.077119 -0.412966
v 0.018259 -0.038978 -0.397296
v -0.025035 -0.017636 -0.375578
v 0.003495 -0.005023 -0.417238
v 0.018135 -0.035884 -0.426460
v 0.019708 -0.049607 -0.488339
v 0.015854 -0.094307 -0.502451
v 0.004106 -0.112200 -0.498129
v 0.001504 -0.110748 -0.508508
v -0.005283 -0.115242 -0.494802
v -0.004737 -0.113729 -0.507759
v -0.004846 -0.113626 -0.507317
v -0.005160 -0.115753 -0.496035
v -0.010635 -0.111210 -0.507877
v -0.024610 -0.105269 -0.522455
v -0.033059 -0.077073 -0.524002
v -0.030353 -0.090182 -0.551295
v -0.029859 -0.045513 -0.561625
v 0.000916 -0.027548 -0.577915
v 0.011035 -0.040079 -0.572381
v 0.016580 -0.068022 -0.565683
v 0.004066 -0.107714 -0.522226
v -0.008287 -0.025674 -0.577694
v -0.017149 -0.028361 -0.576243
v -0.032470 -0.083941 -0.569667
v -0.013118 -0.128479 -0.557950
v -0.014923 -0.117625 -0.519376
v -0.034845 -0.052169 -0.526708
v -0.024510 -0.092837 -0.509139
v -0.015630 -0.112408 -0.493515
v -0.005357 -0.109332 -0.479879
v -0.005272 -0.109428 -0.478019
v 0.010518 -0.092750 -0.457674
v 0.016792 -0.072412 -0.447345
v 0.008323 -0.009855 -0.358594
v -0.001903 -0.003465 -0.356606
v -0.030115 -0.101540 -0.568599
v -0.005023 -0.119367 -0.515358
v 0.001502 -0.117968 -0.521231
v 0.011782 -0.097077 -0.512116
v 0.021067 -0.075461 -0.506222
v 0.021148 -0.044095 -0.508045
v 0.012044 -0.014356 -0.447960
v 0.004010 -0.005489 -0.471189
v -0.009687 -0.003785 -0.410066
v -0.019616 -0.010258 -0.417097
v -0.026838 -0.026531 -0.421027
v -0.024863 -0.052716 -0.358883
v -0.030115 -0.060191 -0.342704
v -0.035493 -0.040999 -0.327221
v -0.029182 -0.009845 -0.328202
v -0.019034 -0.006998 -0.318509
v -0.014354 -0.003725 -0.319466
v -0.001940 -0.000944 -0.318231
v -0.022166 -0.012484 -0.317921
v -0.024521 -0.029888 -0.313959
v -0.018234 -0.061749 -0.324869
v 0.000372 -0.062926 -0.327694
v 0.001263 -0.058975 -0.318175
v -0.002894 -0.048356 -0.305733
v 0.001420 -0.059758 -0.321842
v 0.013405 -0.058352 -0.326694
v -0.002665 -0.047896 -0.306968
v 0.005630 -0.044730 -0.307057
v 0.010748 -0.039315 -0.306827
v -0.002369 -0.067550 -0.337153
v -0.003519 -0.070852 -0.346511
v -0.002369 -0.067550 -0.337153
v -0.015728 -0.069970 -0.345748
v -0.003983 -0.068673 -0.350673
v -0.015718 -0.069052 -0.360785
v -0.031528 -0.055630 -0.378967
v -0.020182 -0.077349 -0.406626
v -0.033612 -0.044561 -0.395578
v -0.028474 -0.040499 -0.426655
v -0.021952 -0.064510 -0.419129
v -0.022767 -0.013670 -0.478469
v -0.010362 -0.003165 -0.487118
v 0.000969 -0.004588 -0.517241
v 0.010634 -0.012325 -0.518381
v 0.016846 -0.039064 -0.521377
v 0.018483 -0.071878 -0.516445
v 0.024440 -0.070999 -0.526890
v 0.009914 -0.110127 -0.522901
v -0.004988 -0.118583 -0.514955
v -0.022258 -0.122757 -0.562391
v -0.001450 -0.075274 -0.375116
v -0.003166 -0.070190 -0.358263
v -0.001406 -0.076114 -0.376202
v 0.011238 -0.061316 -0.352228
v -0.035616 0.005343 0.033994
v -0.034137 0.019849 0.047000
v -0.003484 0.037678 0.061985
v -0.025698 0.001836 0.244214
v -0.028731 0.009446 0.251839
v -0.027873 -0.008885 0.228759
v -0.028092 0.022604 0.061241
v 0.014677 0.012422 0.372133
v 0.020331 0.003916 0.359316
v 0.015660 0.013645 0.488988
v 0.012591 -0.004914 0.489986
v 0.020499 0.010149 0.478684
v -0.032733 0.015039 0.257657
v 0.022520 0.018988 0.499052
v 0.022486 -0.004093 0.498296
v 0.018290 0.006856 0.335594
v 0.013691 0.029438 0.085719
v 0.007793 0.041732 0.078132
v -0.033799 0.006960 0.049243
v 0.019882 0.017190 0.052575
v 0.014325 0.030522 0.054160
v 0.020718 0.007223 0.043021
v 0.017579 0.028416 0.495980
v -0.028119 -0.011657 0.052613
v 0.016866 0.019827 0.092788
v 0.015489 0.018473 0.062771
v 0.008852 0.036784 0.067448
v 0.015145 0.023631 0.491831
v 0.022058 0.016505 0.502873
v 0.017121 0.026903 0.505183
v 0.021961 0.002632 0.497478
v 0.019940 0.012017 0.555188
v -0.009973 0.034197 0.557557
v 0.002400 0.032369 0.557397
v 0.003709 -0.022191 0.521171
v 0.010087 -0.024690 0.550804
v -0.016501 -0.025310 0.552015
v 0.014881 0.024613 0.556984
v -0.022521 0.028960 0.557462
v -0.029623 0.008830 0.557022
v 0.017164 -0.012020 0.552402
v -0.028516 -0.001199 0.534242
v -0.029356 0.022004 0.532571
v -0.009596 0.035856 0.541827
v -0.007287 -0.027102 0.528876
v 0.020361 -0.000146 0.553909
v 0.001280 -0.029715 0.550580
v -0.006569 -0.029280 0.550194
v 0.010724 -0.016402 0.495828
v 0.002931 -0.014043 0.489368
v -0.009411 -0.015744 0.491378
v -0.010667 -0.023440 0.478443
v 0.010791 -0.018623 0.481947
v -0.009590 -0.015681 0.489558
v -0.017993 -0.012458 0.491938
v -0.023058 -0.019734 0.477946
v -0.010580 -0.023300 0.479240
v -0.029395 -0.009630 0.476707
v -0.029015 0.018579 0.429872
v -0.032079 0.000973 0.421499
v -0.022871 0.031770 0.384814
v -0.009536 0.039558 0.382871
v 0.005689 0.035286 0.370090
v 0.012792 0.033696 0.359094
v 0.017820 0.023969 0.362139
v 0.017422 0.025795 0.309284
v 0.007264 0.004338 0.309482
v 0.008323 -0.013219 0.327103
v 0.002756 -0.017466 0.305769
v 0.000139 -0.018617 0.262237
v -0.011924 -0.020589 0.281822
v -0.012291 -0.015959 0.245196
v -0.022040 -0.013346 0.259566
v -0.020166 -0.008431 0.242166
v -0.022949 -0.013965 0.259480
v -0.020829 -0.008612 0.240345
v -0.019508 -0.016314 0.282947
v -0.028601 0.016755 0.290450
v -0.030569 0.022011 0.263532
v -0.018556 0.034965 0.241739
v -0.009094 0.038274 0.253552
v 0.000940 0.036052 0.242837
v 0.008813 0.030736 0.243870
v 0.014766 0.024207 0.236837
v 0.007219 0.036854 0.197963
v 0.015649 0.018167 0.210525
v 0.022809 0.012299 0.194960
v 0.019686 0.018484 0.136549
v 0.005446 -0.017493 0.091200
v -0.008022 -0.020697 0.071964
v -0.019201 -0.017427 0.090607
v -0.019881 -0.018309 0.091778
v -0.020373 -0.017709 0.068907
v -0.030330 -0.000298 0.101706
v -0.031278 -0.002502 0.069753
v -0.033572 0.009033 0.067062
v -0.031142 0.012385 0.062746
v -0.030682 0.025953 0.067486
v -0.024507 0.035486 0.054529
v -0.017130 0.036785 0.061143
v 0.002729 0.036990 0.061213
v 0.004540 0.045483 0.029380
v 0.016911 0.025726 0.016662
v 0.018025 -0.004090 0.020218
v 0.015596 0.004249 0.016146
v 0.006449 -0.019510 0.017733
v 0.006064 -0.018637 0.025014
v -0.002918 -0.019762 0.025497
v -0.015348 -0.017171 0.025188
v -0.015386 -0.017316 0.025087
v -0.021187 -0.014998 0.024325
v -0.026918 -0.009102 0.022640
v -0.027191 0.023057 0.018445
v -0.017397 0.037052 0.017659
v -0.008780 0.039162 0.017895
v 0.004298 0.036933 0.017106
v 0.013206 0.026657 0.020561
v 0.014860 0.013865 0.022851
v 0.014237 -0.002972 0.023860
v 0.001921 0.045506 0.012520
v -0.008955 0.047541 0.025533
v -0.018692 0.045392 0.019495
v -0.026993 0.036607 0.027557
v -0.028322 0.026743 0.011803
v 0.010096 0.039488 0.010712
v 0.012620 0.028308 0.014481
v -0.004092 0.041290 0.011713
v -0.018462 0.038553 0.010187
v -0.023358 0.038283 0.010191
v -0.027096 -0.014631 0.027712
v -0.018721 -0.019872 0.030131
v -0.019239 -0.018235 0.051633
v -0.024985 -0.005244 0.062362
v -0.017400 -0.011712 0.062082
v -0.019933 -0.017166 0.069405
v -0.017467 -0.012493 0.061705
v 0.009283 -0.015858 0.069264
v 0.013933 -0.005947 0.069402
v 0.015589 0.033509 0.109272
v 0.013175 0.027524 0.175644
v -0.006793 0.038518 0.195233
v -0.025894 0.025317 0.242967
v -0.033167 0.010347 0.229109
v -0.025543 0.028847 0.173167
v 0.017551 0.006952 0.068592
v 0.009463 -0.007131 0.061982
v -0.005878 -0.021461 0.051999
v -0.019351 -0.018327 0.052711
v 0.007862 -0.017117 0.053039
v 0.015974 0.000465 0.062901
v -0.008357 0.042640 0.139686
v -0.018061 0.036176 0.160127
v -0.035607 0.005888 0.202092
v -0.021409 -0.018767 0.183575
v -0.023411 -0.011043 0.231626
v -0.023603 -0.011319 0.231188
v -0.011722 -0.019179 0.232540
v -0.000902 -0.014796 0.244580
v 0.010241 -0.005643 0.243407
v 0.017561 -0.006284 0.265450
v 0.017800 0.013580 0.287798
v 0.013550 0.030878 0.290135
v 0.000425 0.038964 0.364309
v -0.015638 0.035794 0.370010
v -0.026518 0.020892 0.372144
v -0.030844 0.017407 0.383199
v -0.029948 -0.009219 0.412766
v -0.012245 -0.021018 0.446199
v -0.012409 -0.020943 0.440613
v 0.003636 -0.022780 0.471024
v 0.014419 -0.017326 0.473062
v -0.011888 -0.019186 0.402826
v -0.028624 -0.001750 0.383196
v -0.025157 0.030459 0.361879
v 0.019530 0.003130 0.259189
v 0.012817 0.004975 0.244073
v 0.013039 -0.010778 0.227572
v -0.001241 -0.019643 0.231132
v -0.021029 -0.019461 0.178174
v -0.028452 -0.004528 0.200034
v -0.033953 -0.003069 0.158798
v -0.027544 0.024975 0.124464
v -0.020490 0.042136 0.089674
v -0.013332 0.044830 0.071583
v -0.001379 0.039883 0.115555
v -0.026412 0.036033 0.082411
v -0.019963 -0.018934 0.162363
v -0.020359 -0.019933 0.160841
v -0.002341 -0.022301 0.146689
v 0.007637 -0.017705 0.187345
v 0.021200 0.005758 0.223587
v 0.017345 0.020077 0.266449
v 0.014024 0.011633 0.241949
v -0.019675 0.036454 0.290640
v -0.032331 0.010172 0.358762
v -0.029519 -0.001020 0.361372
v -0.023444 -0.002581 0.372642
v -0.010950 -0.014913 0.371243
v -0.011609 -0.017662 0.384606
v -0.003361 -0.019327 0.391593
v 0.011019 -0.016684 0.411377
v 0.016931 -0.008652 0.428216
v 0.015998 0.028814 0.482450
v 0.012634 0.025997 0.490305
v 0.001611 0.035515 0.489964
v -0.002856 0.040175 0.496102
v -0.006352 -0.028619 0.549482
v -0.023715 -0.013816 0.553025
v -0.028772 0.019041 0.533615
v -0.028681 0.018736 0.556522
v -0.008579 0.035704 0.522221
v 0.005452 0.034696 0.491868
v -0.003523 0.037345 0.491321
v 0.016629 0.010793 0.491843
v 0.014122 -0.000751 0.492851
v 0.019903 -0.007755 0.498734
v 0.014404 -0.013111 0.506229
v -0.007938 -0.025592 0.524215
v -0.009164 -0.022358 0.512915
v 0.018114 -0.012145 0.516757
v -0.007182 -0.027422 0.532413
v 0.006934 -0.017639 0.505273
v -0.010288 -0.021764 0.497927
v -0.010207 -0.021081 0.498176
v -0.021017 -0.019601 0.497876
v -0.030601 -0.007189 0.494780
v -0.026317 -0.001504 0.489199
v -0.031663 0.013045 0.481280
v -0.029091 0.026147 0.476517
v -0.014447 0.036810 0.437592
v 0.009132 0.035560 0.391861
v 0.018343 0.029932 0.416764
v 0.018281 0.026422 0.384725
v 0.019685 0.015453 0.415264
v 0.018262 0.006808 0.384786
v 0.011417 -0.002135 0.371376
v 0.009382 -0.013283 0.357683
v -0.003718 -0.018244 0.360409
v -0.003296 -0.019995 0.312587
v -0.013363 -0.019521 0.332401
v -0.011887 -0.015977 0.307714
v -0.011500 -0.016227 0.309700
v -0.013323 -0.019428 0.335678
v -0.016361 -0.010339 0.307955
v -0.027960 0.026582 0.307141
v 0.016733 -0.000827 0.173865
v -0.019937 -0.017869 0.122830
v -0.019946 -0.017832 0.125172
v -0.027785 -0.002153 0.332141
v -0.020515 -0.014987 0.330159
v -0.017389 -0.012231 0.372189
v -0.011786 -0.018302 0.358864
v -0.010826 -0.015463 0.371429
v 0.004185 -0.011597 0.371932
v 0.014062 -0.007283 0.382343
v 0.021654 0.005463 0.405697
v 0.009523 0.035723 0.478220
v -0.002104 0.038898 0.480055
v -0.015201 0.034004 0.490146
v -0.025464 0.032425 0.500286
v -0.016017 0.036322 0.496180
v -0.015626 0.032984 0.494094
v -0.025802 0.022986 0.492928
v -0.027891 0.010112 0.491963
v -0.026638 -0.000411 0.491263
v -0.023307 -0.008438 0.492846
v -0.019199 -0.012142 0.494182
v -0.008884 -0.019272 0.497960
v -0.008853 -0.016341 0.492706
v -0.008610 -0.015367 0.493461
v 0.005621 -0.017880 0.495610
v 0.000802 -0.013925 0.493771
v 0.010274 -0.008470 0.492096
v -0.008994 -0.021267 0.499686
v -0.017166 -0.020075 0.498706
v -0.025434 -0.013588 0.495545
v -0.033483 0.016992 0.497548
v -0.024099 0.026008 0.490192
v -0.015553 0.037584 0.479715
v -0.011662 -0.018130 0.360757
v -0.030055 0.024381 0.496859
v -0.032904 0.008723 0.499894
v -0.030575 -0.004843 0.499519
v -0.018360 -0.016780 0.288803
v -0.002876 -0.022559 0.026506
v -0.018883 -0.019952 0.030742
v -0.031315 -0.004008 0.016415
v -0.028016 -0.001823 0.013246
v -0.025516 0.024787 0.010346
v -0.023010 -0.014839 0.015961
v 0.005475 -0.021378 0.018486
v 0.012704 -0.016429 0.030841
v -0.015239 -0.018237 0.017318
v -0.015317 -0.018117 0.018015
v 0.014998 0.025310 0.364619
v 0.017144 0.016396 0.368843
v 0.018356 0.017159 0.371081
v 0.016676 0.025783 0.366463
v 0.018157 0.033282 0.356399
v 0.016889 0.030532 0.355320
v 0.015058 0.025762 0.364429
v 0.014907 0.030351 0.359267
v 0.014619 0.031790 0.357175
v 0.015299 0.031848 0.355086
v 0.016411 0.030441 0.351089
v 0.019586 0.030935 0.349885
v 0.015977 0.031532 0.353183
v 0.018169 0.026931 0.348802
v 0.018336 0.024127 0.348625
v 0.021221 0.024873 0.347809
v 0.017592 0.028017 0.349218
v 0.018042 0.019487 0.352722
v 0.018611 0.023584 0.349125
v 0.019880 0.016965 0.355251
v 0.018409 0.016095 0.369864
v 0.017442 0.017303 0.357228
v 0.016129 0.015645 0.365195
v 0.015429 0.015588 0.370026
v 0.016013 0.016285 0.369732
v 0.015619 0.016712 0.369817
v 0.015608 0.016682 0.369767
v 0.020645 0.007400 0.498040
v 0.021745 0.003489 0.486671
v 0.023256 0.013858 0.503281
v 0.018564 0.002950 0.486847
v 0.020707 0.007428 0.497512
v 0.024929 0.015524 0.507054
v 0.022253 0.015583 0.506686
v 0.021652 0.014026 0.505882
v 0.022633 0.022565 0.505517
v 0.021390 0.019770 0.508145
v 0.022665 0.025145 0.508015
v 0.020932 0.022452 0.507616
v 0.019410 0.025387 0.506125
v 0.019250 0.026462 0.504142
v 0.021028 0.027132 0.501252
v 0.018434 0.026918 0.502253
v 0.018058 0.025019 0.498305
v 0.018879 0.021791 0.492548
v 0.017814 0.024274 0.497613
v 0.020289 0.004067 0.487046
v 0.021861 0.003518 0.484241
v 0.018009 0.015897 0.490844
v 0.018334 0.011656 0.488571
v 0.018346 0.003691 0.486150
v 0.018634 0.003895 0.486350
v 0.018897 0.002934 0.486834
v 0.016954 -0.001470 0.237042
v 0.018183 -0.003308 0.234459
v 0.013770 -0.008434 0.241603
v 0.015247 -0.002049 0.239141
v 0.019671 -0.002944 0.238181
v 0.017933 -0.001142 0.233029
v 0.018167 -0.001223 0.234945
v 0.021149 -0.002439 0.232575
v 0.016542 -0.005399 0.232906
v 0.016736 -0.003605 0.230885
v 0.015097 -0.004952 0.230601
v 0.018064 -0.001997 0.232224
v 0.016597 -0.008215 0.231754
v 0.014706 -0.005784 0.231632
v 0.016611 -0.004129 0.230939
v 0.012391 -0.009463 0.236393
v 0.011898 -0.007108 0.236918
v 0.013559 -0.008662 0.242441
v 0.012531 -0.006944 0.235255
v 0.011432 -0.006410 0.242165
v 0.011485 -0.006789 0.242218
v 0.013275 -0.004563 0.241028
v 0.011633 -0.006763 0.242317
v 0.011331 -0.006636 0.242036
v 0.017972 0.019039 0.067928
v 0.021319 0.015822 0.058053
v 0.019705 0.017423 0.069436
v 0.020371 0.021324 0.072639
v 0.018866 0.025034 0.072478
v 0.018428 0.018248 0.065740
v 0.016191 0.022883 0.070893
v 0.017516 0.021052 0.070834
v 0.015537 0.025160 0.072550
v 0.016138 0.028307 0.066904
v 0.013824 0.027546 0.067416
v 0.014448 0.031361 0.066169
v 0.015677 0.024571 0.070661
v 0.014122 0.027597 0.068066
v 0.014872 0.026663 0.063163
v 0.022427 0.017296 0.056989
v 0.014330 0.027859 0.064844
v 0.016631 0.025991 0.059457
v 0.017210 0.022317 0.059996
v 0.018552 0.017184 0.058001
v 0.018608 0.017180 0.058727
v 0.019660 0.017206 0.056139
v 0.018655 0.017189 0.058596
v 0.018478 0.017144 0.057993
v 0.016924 -0.016669 -0.363136
v 0.015965 -0.020720 -0.361193
v 0.015463 -0.015772 -0.368408
v 0.015414 -0.020069 -0.361748
v 0.011816 -0.013112 -0.368802
v 0.012279 -0.013652 -0.368866
v 0.010737 -0.011751 -0.374450
v 0.013211 -0.013257 -0.376338
v 0.010336 -0.013574 -0.379736
v 0.010645 -0.011672 -0.374479
v 0.012849 -0.011313 -0.379402
v 0.010858 -0.015103 -0.381473
v 0.013444 -0.020270 -0.381536
v 0.016316 -0.023081 -0.382392
v 0.013901 -0.025054 -0.380666
v 0.011949 -0.019457 -0.383164
v 0.013790 -0.023420 -0.381801
v 0.017499 -0.030795 -0.369350
v 0.017499 -0.028212 -0.368690
v 0.022911 -0.031419 -0.355814
v 0.017569 -0.030515 -0.369245
v 0.019765 -0.032246 -0.355458
v 0.019600 -0.029630 -0.356214
v 0.019744 -0.032000 -0.355675
v 0.022565 -0.030284 -0.355383
v 0.019438 -0.030185 -0.355098
v 0.019483 -0.030166 -0.355195
v 0.023249 -0.043281 -0.527815
v 0.023649 -0.055667 -0.516274
v 0.026758 -0.041502 -0.533325
v 0.022274 -0.047519 -0.523583
v 0.025662 -0.038460 -0.532821
v 0.023401 -0.040994 -0.532343
v 0.024031 -0.041243 -0.531551
v 0.023878 -0.042236 -0.536856
v 0.023919 -0.047058 -0.539583
v 0.025144 -0.048297 -0.537453
v 0.026787 -0.050462 -0.539549
v 0.023266 -0.047142 -0.539299
v 0.024174 -0.042262 -0.536815
v 0.023036 -0.050732 -0.538039
v 0.023943 -0.051526 -0.537062
v 0.024340 -0.055987 -0.532816
v 0.022159 -0.055287 -0.529209
v 0.022231 -0.055260 -0.529287
v 0.022933 -0.055027 -0.518674
v 0.023674 -0.058031 -0.517799
v 0.021179 -0.056580 -0.518345
v 0.021320 -0.056595 -0.518305
v 0.021886 -0.050113 -0.521675
v 0.021426 -0.056343 -0.518305
v 0.021278 -0.056355 -0.518173
v 0.015081 0.013092 0.368840
v 0.015475 0.015690 0.371342
v 0.015891 0.017799 0.368493
v 0.018091 0.020827 0.371043
v 0.016529 0.018566 0.369231
v 0.018735 0.014768 0.370805
v 0.012986 0.017595 0.369511
v 0.018529 0.016566 0.372052
v 0.013534 0.018035 0.368733
v 0.015436 0.015712 0.371546
v 0.018233 0.016856 0.367804
v 0.015678 0.014988 0.370506
v 0.021928 0.016125 0.368816
v 0.018226 0.018475 0.368986
v 0.015227 0.018667 0.372913
v 0.016337 0.016952 0.371959
v 0.016351 0.017765 0.367387
v 0.017227 0.014265 0.369969
v 0.016116 0.014416 0.366085
v 0.019476 0.007200 0.484629
v 0.020850 0.006214 0.486190
v 0.016092 0.002556 0.485586
v 0.019532 0.001768 0.486344
v 0.016147 0.004808 0.487330
v 0.018675 0.005660 0.487275
v 0.019062 0.002483 0.485587
v 0.021310 0.002815 0.484701
v 0.015932 0.003991 0.486757
v 0.021222 0.001796 0.486477
v 0.017724 0.003205 0.489745
v 0.018654 0.005161 0.487616
v 0.019242 0.004305 0.488847
v 0.022638 0.004164 0.483025
v 0.022174 0.000437 0.489494
v 0.022714 0.002933 0.490155
v 0.021681 0.004357 0.488646
v 0.023883 0.006251 0.485171
v 0.022097 0.005355 0.487190
v 0.019385 0.002342 0.484860
v 0.008694 -0.007330 0.242469
v 0.011955 -0.003222 0.243216
v 0.010883 -0.006011 0.240158
v 0.013012 -0.006782 0.241457
v 0.012529 -0.008786 0.243879
v 0.015897 -0.011136 0.241814
v 0.013783 -0.007301 0.241537
v 0.011631 -0.007942 0.242955
v 0.009036 -0.006177 0.240616
v 0.011665 -0.008171 0.243165
v 0.011015 -0.009333 0.238513
v 0.012841 -0.007167 0.241219
v 0.011719 -0.011033 0.241876
v 0.012291 -0.007306 0.243644
v 0.016965 -0.006757 0.242769
v 0.014668 -0.006276 0.245971
v 0.020040 0.017868 0.058734
v 0.018106 0.020633 0.056773
v 0.019051 0.016284 0.057001
v 0.019708 0.015506 0.057608
v 0.020539 0.013236 0.059095
v 0.015503 0.017323 0.058114
v 0.019992 0.017759 0.058758
v 0.019200 0.016146 0.056792
v 0.015569 0.017994 0.058919
v 0.019188 0.015311 0.061739
v 0.021106 0.016046 0.056839
v 0.023670 0.019073 0.055481
v 0.017956 0.018415 0.054816
v 0.020540 0.017899 0.058425
v 0.023481 0.015129 0.060131
v 0.019868 0.016833 0.056175
v 0.023039 0.019949 0.057589
v 0.018837 -0.031492 -0.354397
v 0.018741 -0.027567 -0.353103
v 0.019858 -0.030247 -0.353716
v 0.020034 -0.028656 -0.356369
v 0.016031 -0.030801 -0.354572
v 0.019444 -0.029293 -0.357406
v 0.018950 -0.031391 -0.354429
v 0.024146 -0.029545 -0.353472
v 0.024193 -0.031708 -0.358497
v 0.019872 -0.030246 -0.358038
v 0.019322 -0.029471 -0.357074
v 0.020279 -0.033040 -0.355578
v 0.021759 -0.028726 -0.356677
v 0.021161 -0.034805 -0.357680
v 0.021748 -0.030311 -0.357903
v 0.022305 -0.032216 -0.355173
v 0.021913 -0.026482 -0.355094
v 0.022065 -0.030538 -0.353733
v 0.021127 -0.053922 -0.514937
v 0.024067 -0.052814 -0.517633
v 0.018557 -0.056626 -0.517955
v 0.024128 -0.059734 -0.521401
v 0.021119 -0.057292 -0.516884
v 0.023287 -0.056610 -0.520321
v 0.027058 -0.055459 -0.519091
v 0.018754 -0.055481 -0.519470
v 0.019616 -0.059078 -0.518694
v 0.024128 -0.054739 -0.519672
v 0.021109 -0.057469 -0.516888
v 0.021639 -0.055362 -0.519702
v 0.021588 -0.055403 -0.519563
v 0.021772 -0.056246 -0.519940
v 0.022035 -0.058580 -0.517896
v 0.023758 -0.058840 -0.517626
v 0.022050 -0.054450 -0.519035
v 0.024745 -0.057179 -0.516413
v 0.025902 -0.055341 -0.515558
v 0.022452 -0.055978 -0.515866
v 0.020081 -0.003327 0.478318
v 0.018779 -0.000098 0.477719
v 0.017980 0.000917 0.481744
v 0.016644 -0.005138 0.479463
v 0.017255 -0.001985 0.479360
v 0.016780 -0.005014 0.479406
v 0.016750 -0.002922 0.479130
v 0.018430 -0.008405 0.479580
v 0.016718 -0.006671 0.481702
v 0.018900 -0.005317 0.482946
v 0.019213 -0.006093 0.487319
v 0.017318 -0.005984 0.484202
v 0.020976 -0.005161 0.485842
v 0.016291 -0.006353 0.482905
v 0.018355 -0.001051 0.486871
v 0.021932 0.003888 0.486901
v 0.018006 -0.002600 0.486418
v 0.018685 0.003768 0.486782
v 0.018469 0.003917 0.486962
v 0.018307 0.001921 0.483024
v 0.018648 0.003980 0.486587
v 0.021959 0.003088 0.486825
v 0.018646 0.003751 0.486586
v 0.018320 0.003807 0.381184
v 0.017471 0.006976 0.373044
v 0.015553 0.012110 0.371839
v 0.015410 0.016664 0.369844
v 0.017200 0.006944 0.378986
v 0.015627 0.006389 0.376761
v 0.015487 0.006388 0.376765
v 0.016488 0.006104 0.380789
v 0.014618 0.006108 0.380806
v 0.017209 0.010150 0.380590
v 0.015775 0.009794 0.381971
v 0.018406 0.010475 0.383568
v 0.017429 0.016754 0.377666
v 0.015339 0.009793 0.381972
v 0.015598 0.015008 0.376907
v 0.015521 0.015010 0.376904
v 0.015343 0.017112 0.369688
v 0.018204 0.015992 0.369867
v 0.015566 0.012113 0.371838
v 0.015385 0.016845 0.369855
v 0.016438 0.016162 0.367877
v 0.015565 0.016649 0.369708
v 0.018738 0.016759 0.370166
v 0.010594 -0.013758 0.256294
v 0.013783 -0.007889 0.243297
v 0.007086 -0.013146 0.247804
v 0.012687 -0.008213 0.240025
v 0.009369 -0.010127 0.245062
v 0.005676 -0.015317 0.252193
v 0.007483 -0.018086 0.251913
v 0.006112 -0.014634 0.249825
v 0.004258 -0.018075 0.252190
v 0.006295 -0.015604 0.253398
v 0.021572 0.017773 0.057907
v 0.008259 -0.012823 0.254127
v 0.006882 -0.014050 0.254161
v 0.010279 -0.013288 0.252744
v 0.009550 -0.010611 0.252223
v 0.012926 -0.007696 0.250348
v 0.010733 -0.008617 0.249276
v 0.011757 -0.007320 0.242442
v 0.011328 -0.007196 0.245709
v 0.014355 -0.006349 0.241928
v 0.011589 -0.006982 0.242488
v 0.011845 -0.006707 0.242973
v 0.011845 -0.006682 0.243035
v 0.019507 0.016060 0.058117
v 0.020430 0.007893 0.041801
v 0.019349 0.015339 0.051201
v 0.023027 0.012096 0.045521
v 0.019743 0.013465 0.048152
v 0.020296 0.005985 0.040294
v 0.020797 0.006575 0.043761
v 0.018617 -0.040218 -0.351265
v 0.021620 -0.000216 0.042434
v 0.021308 -0.001815 0.039695
v 0.018323 -0.002271 0.042134
v 0.019707 0.002017 0.039866
v 0.019384 -0.000071 0.040591
v 0.018062 -0.003065 0.044051
v 0.020292 -0.001837 0.047086
v 0.018938 -0.004402 0.048154
v 0.017298 -0.003146 0.045730
v 0.017355 -0.001412 0.049174
v 0.017208 -0.000794 0.049685
v 0.020004 0.017014 0.057490
v 0.020263 0.006394 0.056320
v 0.017652 0.006303 0.054818
v 0.018014 0.009892 0.056491
v 0.021706 0.017238 0.058982
v 0.018131 0.017245 0.058530
v 0.018468 0.017118 0.058333
v 0.018662 0.018126 0.057812
v 0.018680 0.018047 0.057827
v 0.017769 -0.035411 -0.353392
v 0.018955 -0.030515 -0.355847
v 0.015828 -0.038317 -0.349708
v 0.018364 -0.039125 -0.347634
v 0.015996 -0.038365 -0.349600
v 0.017889 -0.035189 -0.353571
v 0.021883 -0.030308 -0.354973
v 0.015533 -0.039224 -0.344540
v 0.015233 -0.037828 -0.347064
v 0.017683 -0.035400 -0.346345
v 0.015231 -0.035125 -0.345439
v 0.018929 -0.033811 -0.344210
v 0.015124 -0.037770 -0.347109
v 0.015175 -0.034862 -0.346075
v 0.017394 -0.031797 -0.348324
v 0.019998 -0.029146 -0.350137
v 0.022302 -0.029932 -0.356067
v 0.019352 -0.030057 -0.355646
v 0.017854 -0.031124 -0.349627
v 0.019149 -0.030261 -0.355931
v 0.021117 -0.031014 -0.357773
v 0.019184 -0.030596 -0.356011
v 0.023736 -0.077334 -0.506194
v 0.021282 -0.064037 -0.514665
v 0.022885 -0.056181 -0.517204
v 0.022929 -0.075565 -0.503355
v 0.023711 -0.056952 -0.520176
v 0.021410 -0.075879 -0.505574
v 0.021156 -0.075879 -0.505567
v 0.023524 -0.079711 -0.497824
v 0.022126 -0.077784 -0.498532
v 0.022920 -0.075822 -0.497343
v 0.024436 -0.072990 -0.493635
v 0.021152 -0.073752 -0.494702
v 0.021022 -0.078174 -0.499477
v 0.022899 -0.068015 -0.494479
v 0.020992 -0.070749 -0.495392
v 0.021452 -0.067404 -0.497348
v 0.020976 -0.075619 -0.495652
v 0.023716 -0.056530 -0.518126
v 0.021321 -0.058252 -0.510319
v 0.023758 -0.057346 -0.508791
v 0.021283 -0.064450 -0.500610
v 0.023230 -0.054573 -0.518581
v 0.021252 -0.058250 -0.510325
v 0.021078 -0.056441 -0.518148
v 0.021314 -0.056290 -0.518224
v 0.021293 -0.064032 -0.514667
v 0.021291 -0.056429 -0.518287
v 0.021289 -0.056430 -0.518290
v -0.001786 0.036629 0.487617
v -0.020792 0.031784 0.487522
v -0.024132 0.029709 0.485345
v -0.028181 0.012096 0.487220
v -0.029465 0.004974 0.485186
v -0.025165 -0.005676 0.486841
v -0.018638 -0.014958 0.486703
v -0.015094 -0.018791 0.484788
v -0.006203 -0.018175 0.486622
v -0.006199 -0.018389 0.486730
v 0.003395 -0.018661 0.484924
v 0.002363 -0.016202 0.486688
v 0.012663 -0.008163 0.486699
v 0.017393 0.016173 0.485342
v 0.014143 0.025077 0.487373
v 0.010231 0.032825 0.485692
v -0.008050 0.036527 0.368081
v -0.022617 0.030679 0.368452
v -0.018658 0.032930 0.368428
v -0.025430 0.024693 0.368693
v -0.026103 0.029286 0.367800
v -0.026997 0.007052 0.369045
v -0.026790 0.005855 0.368730
v -0.023038 -0.004885 0.369339
v -0.020377 -0.008774 0.369466
v -0.016747 -0.011519 0.369488
v -0.006093 -0.014873 0.369355
v -0.006135 -0.014907 0.369625
v -0.006081 -0.014763 0.369321
v -0.006041 -0.014750 0.369653
v 0.007822 -0.008434 0.369471
v 0.004654 -0.010962 0.369537
v 0.009264 -0.006077 0.369054
v 0.014335 0.007130 0.369061
v 0.014724 0.008152 0.368905
v 0.013806 0.022641 0.368640
v 0.014028 0.021258 0.368722
v 0.007210 0.033791 0.370017
v 0.010102 0.029868 0.368355
v 0.002081 0.036586 0.368361
v 0.002349 0.035568 0.368181
v -0.001762 0.034574 0.241985
v -0.014233 0.034255 0.241946
v -0.004802 0.035741 0.242295
v -0.022683 0.029148 0.241892
v -0.023293 0.028167 0.241708
v -0.028168 0.004936 0.240630
v -0.027895 0.009351 0.240360
v -0.025370 -0.001901 0.240360
v -0.019474 -0.014885 0.239063
v -0.016315 -0.013640 0.239660
v -0.020484 -0.009624 0.239788
v -0.013209 -0.014814 0.239447
v -0.006094 -0.015854 0.239568
v -0.006055 -0.016231 0.239325
v -0.006030 -0.016179 0.239539
v 0.007292 -0.011179 0.239804
v 0.005163 -0.012203 0.239654
v 0.010721 -0.005838 0.240055
v 0.012483 -0.004212 0.242196
v 0.014304 0.011236 0.240958
v 0.013222 0.003204 0.240502
v 0.013844 0.016084 0.241208
v 0.011684 0.024033 0.241520
v 0.009738 0.027714 0.241812
v 0.005788 0.031372 0.242032
v 0.000782 0.039557 0.055502
v -0.015718 0.037585 0.056416
v -0.017201 0.036952 0.056483
v -0.022213 0.033614 0.056381
v -0.026176 0.029069 0.056575
v -0.027257 0.027350 0.056449
v -0.032617 0.008414 0.057132
v -0.032154 0.012799 0.057072
v -0.033884 0.009541 0.056318
v -0.031163 0.001079 0.057385
v -0.026699 -0.007450 0.057515
v -0.026120 -0.008294 0.057451
v -0.016513 -0.015256 0.057662
v -0.016133 -0.015260 0.057722
v -0.006110 -0.016600 0.058062
v -0.006135 -0.016191 0.057793
v -0.006196 -0.016514 0.057637
v 0.003646 -0.014102 0.057380
v -0.006055 -0.016414 0.057811
v 0.005646 -0.013067 0.057691
v 0.012930 -0.010615 0.057034
v 0.016781 -0.002037 0.057355
v 0.012789 -0.007189 0.057333
v 0.017527 0.001008 0.057450
v 0.018234 0.010202 0.056834
v 0.017769 0.016854 0.056958
v 0.016260 0.021634 0.056643
v 0.004813 0.036725 0.056420
v 0.011436 0.030701 0.056520
v 0.001205 0.037386 0.056200
v -0.008331 -0.005496 -0.357465
v -0.009060 -0.005589 -0.357160
v -0.020274 -0.013241 -0.356896
v -0.019044 -0.011974 -0.357079
v -0.027471 -0.033108 -0.356159
v -0.027900 -0.035816 -0.355864
v -0.023150 -0.057048 -0.354782
v -0.023240 -0.057327 -0.354546
v -0.016027 -0.066412 -0.353866
v -0.015351 -0.067184 -0.354258
v -0.006054 -0.069481 -0.354219
v -0.006199 -0.069525 -0.354165
v 0.003853 -0.065847 -0.354414
v 0.006568 -0.065153 -0.354336
v 0.006629 -0.066815 -0.355487
v 0.013571 -0.054673 -0.355123
v 0.018941 -0.037912 -0.355690
v 0.020444 -0.031517 -0.356783
v 0.018551 -0.036819 -0.355680
v 0.016382 -0.028088 -0.356655
v 0.011077 -0.015028 -0.356838
v 0.009076 -0.007788 -0.356371
v 0.010680 -0.014482 -0.356824
v 0.001535 -0.006428 -0.357231
v 0.002340 -0.006845 -0.357218
v -0.009267 0.038908 0.488251
v -0.023110 0.032986 0.488053
v -0.027717 0.027011 0.486585
v -0.030539 0.010817 0.488345
v -0.026364 -0.010875 0.485700
v -0.019757 -0.018134 0.488045
v 0.007896 -0.016220 0.488413
v 0.014220 -0.011698 0.485566
v 0.018092 0.000041 0.487764
v 0.018151 0.024366 0.487352
v 0.008508 0.034935 0.488723
v 0.001350 0.038751 0.486398
v -0.010554 0.039398 0.370283
v -0.026163 0.029265 0.370594
v -0.029762 0.005484 0.368943
v -0.028345 0.006368 0.371449
v -0.023200 -0.009512 0.369121
v -0.018502 -0.013653 0.371786
v -0.006032 -0.017751 0.371051
v -0.005991 -0.017913 0.370770
v 0.009554 -0.010728 0.371315
v 0.017962 0.010079 0.368823
v 0.016901 0.012660 0.371301
v 0.013968 0.029253 0.368304
v 0.006362 0.037547 0.369877
v -0.006080 0.038150 0.243838
v -0.016004 0.036641 0.241958
v -0.023956 0.030432 0.241171
v -0.025863 0.028942 0.243660
v -0.030457 0.009222 0.240254
v -0.029212 0.012061 0.243251
v -0.027835 -0.002675 0.242241
v -0.017403 -0.014431 0.241613
v -0.006050 -0.017841 0.241142
v -0.006035 -0.019117 0.240631
v 0.002408 -0.016667 0.241554
v 0.010908 -0.010520 0.239576
v 0.015296 -0.000877 0.239961
v 0.015063 0.019681 0.243354
v 0.015761 0.021930 0.241006
v 0.006009 0.034565 0.243713
v -0.002366 0.040875 0.057785
v -0.018904 0.039704 0.057705
v -0.028457 0.031191 0.056444
v -0.035148 0.010345 0.059074
v -0.031506 -0.004280 0.059584
v -0.025825 -0.012679 0.057380
v -0.015596 -0.017430 0.060227
v -0.006040 -0.018810 0.057367
v 0.005260 -0.016177 0.060107
v -0.006022 -0.017938 0.060308
v 0.018367 -0.003891 0.059080
v 0.021437 0.009332 0.058710
v 0.016425 0.028098 0.056214
v 0.011188 0.034115 0.058543
v -0.011802 -0.002527 -0.357604
v -0.023950 -0.012681 -0.356498
v -0.030986 -0.034266 -0.354721
v -0.026924 -0.056693 -0.355381
v -0.018592 -0.069087 -0.355683
v 0.003513 -0.068629 -0.352799
v 0.014220 -0.059539 -0.353347
v 0.021781 -0.038550 -0.353921
v 0.013582 -0.013123 -0.357414
v 0.000259 -0.003086 -0.358698
v -0.018322 0.032669 0.487633
v -0.008563 0.036268 0.487692
v -0.025007 0.025250 0.487648
v -0.028110 0.008568 0.487193
v -0.023833 -0.009119 0.486906
v -0.015494 -0.016765 0.486807
v -0.006097 -0.019585 0.486116
v 0.002277 -0.016100 0.486836
v 0.012331 -0.008791 0.486899
v 0.016297 0.010470 0.487201
v 0.015160 0.021492 0.487533
v 0.010208 0.030400 0.487542
v 0.001595 0.035452 0.487785
v -0.010986 0.036310 0.492029
v -0.023716 0.032526 0.493670
v -0.023816 0.027609 0.492012
v -0.028010 0.015617 0.491943
v -0.028970 0.002907 0.491802
v -0.025421 -0.006968 0.491928
v -0.009249 -0.015805 0.491761
v -0.000850 -0.015657 0.491728
v -0.000876 -0.015494 0.491859
v 0.006214 -0.012995 0.491844
v 0.012881 -0.010704 0.493465
v 0.012657 -0.006374 0.491751
v 0.018382 0.009486 0.491855
v 0.020895 0.011010 0.493551
v 0.014427 0.028093 0.493849
v 0.012123 0.029396 0.491929
v 0.002100 0.035602 0.492065
v -0.016312 0.034641 0.375836
v -0.008798 0.036164 0.376151
v -0.018736 0.033009 0.375821
v -0.025302 0.024095 0.376064
v -0.025835 0.023725 0.375811
v -0.025835 0.001388 0.375659
v -0.028297 0.006806 0.376454
v -0.026806 0.006485 0.375797
v -0.022665 -0.004511 0.375638
v -0.014594 -0.012626 0.375572
v -0.016489 -0.011349 0.375610
v -0.006078 -0.014810 0.375894
v -0.006071 -0.014518 0.375524
v -0.006005 -0.014945 0.375552
v -0.006068 -0.014921 0.375811
v 0.009336 -0.006544 0.375827
v 0.004694 -0.011126 0.375682
v 0.007696 -0.008864 0.375608
v 0.015048 0.008899 0.375867
v 0.015099 0.008292 0.375697
v 0.015897 0.000068 0.376162
v 0.012747 0.026439 0.375814
v 0.012768 0.026503 0.376014
v 0.004237 0.035242 0.375849
v 0.008683 0.031880 0.375967
v 0.002413 0.035495 0.375876
v -0.021223 0.033595 0.248668
v -0.026331 0.023756 0.246319
v -0.028637 0.008556 0.247804
v -0.025326 0.001554 0.245644
v -0.013841 -0.016096 0.246890
v -0.016422 -0.012635 0.245139
v -0.001032 -0.016267 0.244861
v -0.000889 -0.015746 0.244963
v 0.012380 0.000143 0.245578
v 0.015061 0.005266 0.247623
v 0.010879 0.027665 0.246499
v 0.011273 0.029429 0.248457
v -0.008288 0.037301 0.246818
v -0.009570 0.038768 0.063658
v -0.003507 0.040254 0.060950
v -0.009761 0.038902 0.063586
v -0.006927 0.041418 0.064091
v -0.022091 0.036107 0.063984
v -0.019278 0.035494 0.063826
v -0.019273 0.035337 0.063581
v -0.030797 0.021019 0.063633
v -0.026251 0.026671 0.063493
v -0.028069 0.023679 0.063044
v -0.029702 0.017114 0.062954
v -0.029244 0.002561 0.062450
v -0.028085 0.000175 0.062214
v -0.017346 -0.010701 0.062261
v -0.020365 -0.008968 0.061792
v -0.010441 -0.012559 0.061792
v -0.010751 -0.014723 0.060683
v -0.003339 -0.012733 0.061950
v -0.010562 -0.013275 0.061685
v 0.002260 -0.011157 0.061779
v 0.012113 -0.004344 0.062212
v 0.011117 -0.004623 0.062092
v 0.015105 0.003981 0.061865
v 0.016837 0.015267 0.061759
v 0.015259 0.017334 0.062824
v 0.015553 0.013805 0.062666
v 0.009022 0.031170 0.063228
v 0.009012 0.030685 0.063454
v 0.010837 0.032749 0.063776
v 0.002680 0.036740 0.063903
v 0.002414 0.037209 0.063494
v -0.016829 -0.008814 -0.349721
v -0.006346 -0.004767 -0.348110
v -0.012431 -0.006013 -0.348802
v -0.017743 -0.010109 -0.349993
v -0.024290 -0.023844 -0.353701
v -0.021426 -0.016588 -0.351928
v -0.026080 -0.041971 -0.357286
v -0.025908 -0.044012 -0.357680
v -0.026389 -0.050574 -0.360008
v -0.023212 -0.056409 -0.359958
v -0.017916 -0.066283 -0.361188
v -0.017737 -0.065598 -0.361229
v -0.005928 -0.070413 -0.362482
v -0.005913 -0.070702 -0.361971
v 0.002817 -0.069671 -0.362016
v -0.006076 -0.072602 -0.361860
v 0.005152 -0.068847 -0.361605
v 0.012900 -0.064774 -0.362012
v 0.009686 -0.065335 -0.361224
v 0.015192 -0.056860 -0.360069
v 0.013868 -0.059217 -0.360565
v 0.017593 -0.038329 -0.356325
v 0.017722 -0.042242 -0.357432
v 0.011781 -0.019589 -0.351881
v 0.011039 -0.018171 -0.351337
v 0.002343 -0.007193 -0.348652
v 0.001080 -0.006052 -0.348516
v -0.007557 -0.007506 -0.524664
v -0.006177 -0.007305 -0.524349
v -0.014511 -0.011870 -0.524076
v -0.029321 -0.029940 -0.519998
v -0.023562 -0.023374 -0.522126
v -0.028510 -0.033619 -0.520270
v -0.029576 -0.040397 -0.518845
v -0.033620 -0.065647 -0.513120
v -0.031889 -0.060222 -0.514797
v -0.032036 -0.062660 -0.514695
v -0.027569 -0.086172 -0.510226
v -0.026461 -0.087656 -0.509850
v -0.021367 -0.099522 -0.507251
v -0.016098 -0.106689 -0.505988
v -0.014692 -0.109804 -0.506323
v -0.005750 -0.112499 -0.504611
v -0.006020 -0.112935 -0.504709
v -0.005771 -0.112686 -0.504851
v 0.007451 -0.106702 -0.505962
v -0.005907 -0.112417 -0.504444
v 0.002589 -0.111610 -0.506184
v 0.008922 -0.103659 -0.506549
v 0.015593 -0.089588 -0.509202
v 0.019167 -0.073081 -0.512679
v 0.019099 -0.067291 -0.513453
v 0.016662 -0.029059 -0.519966
v 0.016015 -0.032523 -0.520441
v 0.017211 -0.042637 -0.518524
v 0.007497 -0.011842 -0.523685
v 0.007546 -0.009852 -0.523665
v 0.009581 -0.017063 -0.522740
v 0.002441 -0.009521 -0.523946
v -0.006368 0.039589 0.490904
v -0.025851 0.029782 0.490648
v -0.032778 0.009984 0.491268
v -0.022448 -0.014064 0.490361
v -0.028635 -0.009647 0.493063
v -0.009905 -0.018740 0.492337
v -0.000219 -0.018661 0.492380
v -0.000523 -0.017245 0.491959
v 0.011265 -0.010801 0.490009
v 0.009717 -0.015784 0.491506
v 0.019255 -0.001487 0.491662
v 0.019367 0.011818 0.490102
v 0.013959 0.030555 0.490453
v 0.004075 0.038425 0.493437
v -0.015639 0.037655 0.374306
v -0.025599 0.027629 0.373783
v -0.027048 0.028093 0.376229
v -0.029139 0.005445 0.373622
v -0.017464 -0.014095 0.373651
v -0.022574 -0.009381 0.375987
v -0.006074 -0.017900 0.374521
v -0.006026 -0.017770 0.374215
v 0.005688 -0.013672 0.373671
v 0.017858 0.004513 0.374169
v 0.015776 0.009956 0.373755
v 0.009870 0.034286 0.373900
v 0.015257 0.027836 0.376110
v 0.004042 0.038671 0.375796
v -0.017516 0.037223 0.246061
v -0.003011 0.037873 0.248485
v -0.029344 0.022761 0.245513
v -0.027844 0.000078 0.245047
v -0.020111 -0.012493 0.244337
v -0.000794 -0.017096 0.246666
v 0.008801 -0.010769 0.244099
v 0.015301 0.001656 0.244768
v 0.015956 0.022721 0.245620
v 0.005439 0.035953 0.245882
v -0.019616 0.038199 0.061016
v -0.031443 0.020796 0.060706
v -0.033037 0.005427 0.061827
v -0.029418 -0.002806 0.063660
v -0.025152 -0.008867 0.060997
v -0.020589 -0.011854 0.063234
v 0.001697 -0.014999 0.062182
v -0.010710 -0.013884 0.061656
v 0.011452 -0.008044 0.061487
v 0.016259 -0.000494 0.064656
v 0.019625 0.008564 0.063305
v 0.009417 0.034846 0.061017
v -0.007474 -0.002093 -0.350013
v -0.016588 -0.004710 -0.349324
v -0.022472 -0.015072 -0.353491
v -0.026751 -0.022513 -0.354415
v -0.028844 -0.045182 -0.356919
v -0.023647 -0.062714 -0.359634
v -0.016875 -0.070537 -0.361083
v -0.006056 -0.072365 -0.361983
v 0.003998 -0.072847 -0.360971
v 0.015427 -0.062629 -0.358990
v 0.020236 -0.042190 -0.358086
v 0.020505 -0.041544 -0.355620
v 0.014495 -0.017272 -0.351843
v 0.005503 -0.005622 -0.348275
v -0.006636 -0.005632 -0.527465
v -0.016373 -0.011160 -0.526391
v -0.029171 -0.027740 -0.522852
v -0.034985 -0.058149 -0.516970
v -0.027920 -0.094023 -0.509764
v -0.006114 -0.115721 -0.505697
v -0.006146 -0.115752 -0.505395
v 0.013189 -0.102145 -0.507950
v 0.020977 -0.075853 -0.514278
v 0.022327 -0.073107 -0.512865
v 0.018973 -0.034537 -0.521375
v 0.006800 -0.010310 -0.526345
v -0.010348 0.036172 0.491801
v -0.021747 0.029662 0.491835
v -0.027543 0.019691 0.491900
v -0.028693 0.002432 0.491684
v -0.024083 -0.009055 0.491602
v -0.013579 -0.014594 0.491584
v -0.000843 -0.016182 0.491711
v 0.012495 -0.007585 0.491705
v 0.018159 0.011652 0.491808
v 0.011540 0.029554 0.491800
v 0.001435 0.035952 0.491952
v -0.003322 0.036029 0.246726
v -0.014428 0.035270 0.246514
v -0.020813 0.031430 0.246610
v -0.025118 0.025532 0.246391
v -0.027141 0.016278 0.246122
v -0.025354 0.001511 0.245398
v -0.018211 -0.010805 0.245141
v -0.008479 -0.014918 0.244891
v -0.001538 -0.013998 0.244794
v -0.001467 -0.014339 0.244841
v 0.007672 -0.008222 0.245269
v 0.012668 0.001841 0.245554
v 0.013946 0.015901 0.246089
v 0.011968 0.024709 0.246299
v 0.006129 0.032057 0.246539
v -0.003399 0.035443 0.490124
v -0.015005 0.033283 0.490058
v -0.003341 0.035472 0.490301
v -0.012954 0.034212 0.490273
v -0.022378 0.027588 0.490077
v -0.021367 0.028628 0.490282
v -0.026285 0.018319 0.490322
v -0.026792 0.014729 0.490167
v -0.025114 -0.004170 0.490135
v -0.026174 0.000961 0.490819
v -0.022024 -0.007933 0.490373
v -0.013511 -0.014018 0.490319
v -0.012704 -0.014219 0.490074
v -0.006036 -0.015518 0.490149
v -0.006007 -0.015730 0.490179
v 0.001501 -0.013577 0.490415
v 0.011044 -0.006497 0.490185
v 0.010602 -0.007502 0.489992
v 0.015319 0.007196 0.490630
v 0.015731 0.010883 0.490205
v 0.015258 0.016149 0.490149
v 0.010045 0.030184 0.490184
v 0.010449 0.031450 0.491235
v 0.011868 0.026181 0.490275
v 0.006002 0.032598 0.490149
v -0.013553 0.034074 0.372239
v -0.013899 0.034038 0.372492
v -0.023596 0.026122 0.372134
v -0.022829 0.027494 0.372491
v -0.025533 0.006715 0.371944
v -0.025807 0.008221 0.372248
v -0.022284 -0.003724 0.372064
v -0.017503 -0.009424 0.371787
v -0.019228 -0.008436 0.372143
v -0.008381 -0.013651 0.371801
v -0.007979 -0.013848 0.372142
v -0.001348 -0.013653 0.372105
v 0.007366 -0.007717 0.372182
v -0.001504 -0.013287 0.371885
v -0.001033 -0.014936 0.371519
v 0.007604 -0.006993 0.372081
v 0.013090 0.005153 0.372081
v 0.013612 0.008986 0.372228
v 0.012607 0.022053 0.372344
v 0.012007 0.024927 0.372244
v 0.009025 0.029335 0.372565
v 0.000742 0.034574 0.372646
v -0.000053 0.034883 0.372314
v -0.010922 0.036393 0.246536
v -0.018753 0.033447 0.246515
v -0.003440 0.036050 0.246968
v -0.024702 0.025823 0.246228
v -0.026684 0.016610 0.245530
v -0.026747 0.001130 0.242457
v -0.025106 0.000618 0.244252
v -0.019920 -0.010677 0.241398
v -0.014853 -0.013257 0.243150
v -0.006170 -0.015314 0.242914
v 0.003392 -0.011679 0.243267
v 0.006007 -0.012346 0.241382
v 0.011335 -0.002158 0.244052
v 0.015766 0.017041 0.242940
v 0.013637 0.015487 0.245363
v 0.012039 0.024501 0.245874
v 0.005891 0.031981 0.246781
v -0.015348 0.037435 0.061161
v -0.023329 0.034962 0.058208
v -0.023593 0.031483 0.060848
v -0.031493 0.008099 0.059243
v -0.027893 -0.001577 0.062285
v -0.019562 -0.014455 0.060055
v -0.019521 -0.010084 0.062529
v -0.006077 -0.013046 0.062750
v -0.005992 -0.017121 0.061134
v -0.006053 -0.012544 0.062657
v 0.006627 -0.010654 0.059771
v 0.017216 0.001419 0.059293
v 0.014373 0.024645 0.058906
v 0.003262 0.036451 0.058467
v -0.010967 -0.007615 -0.530362
v -0.005971 -0.009211 -0.528207
v -0.019127 -0.013804 -0.526851
v -0.026214 -0.020949 -0.527302
v -0.032060 -0.050358 -0.519999
v -0.033583 -0.050726 -0.521902
v -0.030209 -0.077712 -0.514763
v -0.016430 -0.108731 -0.510364
v -0.018178 -0.104419 -0.509378
v -0.005893 -0.112471 -0.507877
v -0.005891 -0.112625 -0.507645
v 0.003679 -0.109157 -0.508650
v 0.013477 -0.092458 -0.512021
v 0.019381 -0.070982 -0.517675
v 0.018826 -0.072096 -0.515852
v 0.014993 -0.023086 -0.524685
v 0.014046 -0.019567 -0.526950
v 0.004847 -0.010270 -0.527306
v -0.002865 -0.005375 -0.354085
v -0.013810 -0.007821 -0.354450
v -0.018685 -0.012476 -0.355359
v -0.003479 -0.005550 -0.353890
v -0.015440 -0.008762 -0.354524
v -0.024415 -0.025495 -0.357236
v -0.025081 -0.028350 -0.357740
v -0.026079 -0.037160 -0.359424
v -0.026593 -0.049903 -0.359487
v -0.024927 -0.054284 -0.361975
v -0.024848 -0.052122 -0.361808
v -0.019723 -0.062904 -0.363466
v -0.014189 -0.067778 -0.364255
v -0.015224 -0.066957 -0.364027
v -0.005892 -0.070305 -0.364514
v -0.005806 -0.070190 -0.364725
v 0.000970 -0.070063 -0.364545
v -0.006000 -0.072928 -0.365601
v -0.005803 -0.070066 -0.364544
v 0.006165 -0.068594 -0.364287
v 0.007400 -0.067578 -0.364038
v 0.012901 -0.060953 -0.363273
v 0.016444 -0.054017 -0.361861
v 0.019726 -0.044565 -0.361494
v 0.017981 -0.044616 -0.360586
v 0.017170 -0.034464 -0.358731
v 0.013705 -0.023310 -0.357022
v 0.008090 -0.012288 -0.354982
v 0.006213 -0.010388 -0.354909
v -0.019725 0.035142 0.489421
v -0.011304 0.037396 0.491153
v -0.028909 0.020866 0.488785
v -0.029315 0.000759 0.490411
v -0.023655 -0.010364 0.488223
v -0.026418 -0.006698 0.490364
v -0.014253 -0.017228 0.489273
v -0.006084 -0.017053 0.488858
v 0.005332 -0.015126 0.490923
v 0.015803 -0.002688 0.487863
v 0.012319 -0.009695 0.490305
v 0.018954 0.009959 0.490323
v 0.014473 0.026668 0.488482
v 0.006904 0.035089 0.488428
v 0.002314 0.038083 0.490461
v -0.015965 0.037448 0.372091
v -0.026506 0.027802 0.372809
v -0.028936 0.007553 0.373176
v -0.021998 -0.010055 0.373343
v -0.008801 -0.017000 0.372998
v 0.009184 -0.010451 0.373018
v 0.016226 0.007106 0.371071
v 0.015825 0.008338 0.373549
v 0.013506 0.028495 0.373093
v 0.012288 0.027401 0.370633
v 0.003243 0.036979 0.370882
v -0.019322 0.035523 0.244502
v -0.005206 0.038660 0.246134
v -0.028600 0.020160 0.243369
v -0.028483 0.023583 0.245554
v -0.028625 0.002527 0.244718
v -0.016968 -0.015415 0.243680
v 0.005892 -0.013844 0.244210
v 0.016248 0.005795 0.244498
v 0.011618 0.030769 0.245649
v 0.003127 0.035572 0.243856
v -0.015000 0.039804 0.060437
v -0.027850 0.029935 0.060553
v -0.034214 0.004213 0.061289
v -0.019142 -0.012820 0.063167
v -0.006075 -0.013873 0.061015
v -0.006078 -0.012676 0.063086
v 0.009207 -0.010838 0.062671
v 0.019461 0.000755 0.061724
v 0.018669 0.019053 0.061008
v 0.004214 0.038977 0.060442
v -0.010648 -0.007187 -0.527066
v -0.026781 -0.020769 -0.523962
v -0.034876 -0.049733 -0.519383
v -0.032031 -0.083225 -0.515225
v -0.032181 -0.081185 -0.513297
v -0.016557 -0.108900 -0.507265
v -0.005873 -0.115693 -0.506879
v -0.005977 -0.115743 -0.507044
v 0.009535 -0.104410 -0.509362
v 0.016893 -0.091806 -0.513416
v 0.021772 -0.068855 -0.518044
v 0.021201 -0.068513 -0.516003
v 0.019558 -0.031949 -0.523687
v 0.003862 -0.010853 -0.527406
v -0.003356 -0.002281 -0.352925
v -0.019153 -0.007413 -0.353820
v -0.028973 -0.032501 -0.357435
v -0.027972 -0.052552 -0.361973
v -0.019904 -0.067071 -0.362192
v -0.005880 -0.071748 -0.363792
v -0.006156 -0.073921 -0.363236
v 0.011090 -0.067611 -0.361853
v 0.019029 -0.056629 -0.361964
v 0.019636 -0.037649 -0.357684
v 0.015693 -0.019584 -0.357317
v 0.009838 -0.009871 -0.353695
v 0.002348 -0.004361 -0.355139
v -0.014479 0.035502 0.246838
v -0.003278 0.036131 0.246892
v -0.024921 0.025708 0.246314
v -0.020742 0.031474 0.246511
v -0.026828 0.016629 0.245605
v -0.025754 0.001618 0.243943
v -0.019951 -0.008600 0.243545
v -0.013098 -0.013757 0.243187
v -0.006033 -0.015337 0.242809
v 0.000497 -0.013348 0.243210
v 0.007642 -0.007853 0.243551
v 0.012443 0.002388 0.244391
v 0.013644 0.016120 0.245442
v 0.011858 0.024802 0.246128
v 0.006128 0.032166 0.246577
v -0.002371 0.038012 0.060972
v -0.012012 0.038350 0.060784
v -0.002339 0.038148 0.060825
v -0.019149 0.035872 0.060983
v -0.026789 0.026311 0.061134
v -0.030393 0.018056 0.061624
v -0.031146 0.015985 0.061450
v -0.031603 0.007429 0.061822
v -0.031679 0.006999 0.061909
v -0.027866 -0.002429 0.062185
v -0.021232 -0.009168 0.062487
v -0.013074 -0.012508 0.062638
v 0.006097 -0.010064 0.062555
v 0.000699 -0.011975 0.062573
v 0.008630 -0.008430 0.062403
v 0.015291 -0.001498 0.062167
v 0.015222 -0.001797 0.062169
v 0.017805 0.006484 0.061864
v 0.017910 0.006452 0.061842
v 0.016219 0.019655 0.061433
v 0.017067 0.015801 0.061613
v 0.013289 0.024739 0.061409
v 0.005557 0.034500 0.061378
v 0.006213 0.034422 0.061098
v -0.025506 -0.023418 -0.524688
v -0.011288 -0.009739 -0.528072
v -0.032221 -0.051232 -0.519715
v -0.030859 -0.074459 -0.515209
v -0.026116 -0.089993 -0.512320
v -0.015245 -0.107875 -0.508883
v -0.005933 -0.112557 -0.507451
v 0.010531 -0.098209 -0.510565
v 0.001793 -0.109582 -0.508433
v -0.005940 -0.112607 -0.507493
v 0.016438 -0.083627 -0.513592
v 0.018939 -0.068525 -0.516469
v 0.016581 -0.031225 -0.523386
v 0.011840 -0.016992 -0.526224
v -0.014406 -0.012591 0.486008
v -0.011006 -0.011068 0.500352
v 0.001776 -0.004705 0.575514
v -0.001392 -0.006694 0.582833
v -0.011853 -0.006497 0.582551
v -0.018815 0.001890 0.578273
v -0.017819 0.004840 0.582856
v -0.007262 -0.011458 0.558552
v -0.019595 -0.014878 0.485025
v -0.009159 -0.019307 0.474819
v -0.024105 0.005638 0.487122
v -0.022418 -0.010816 0.482063
v -0.025098 0.001768 0.479182
v -0.024604 0.021340 0.491763
v -0.024416 0.021404 0.478124
v -0.019645 0.031357 0.488311
v -0.005250 0.036405 0.481355
v -0.003429 0.035894 0.490251
v -0.003522 0.036011 0.490393
v 0.005201 0.033576 0.488990
v 0.012226 0.025749 0.490125
v 0.013568 0.023572 0.470801
v 0.011964 0.008684 0.486879
v 0.010390 -0.003275 0.491707
v 0.007478 -0.007991 0.498484
v 0.002656 -0.011967 0.487838
v 0.014355 0.011663 0.496813
v 0.013849 0.028670 0.506238
v -0.004487 0.036120 0.502642
v -0.004480 0.036247 0.501904
v -0.026449 0.004451 0.501030
v -0.018784 -0.006016 0.499646
v -0.016896 -0.006356 0.538646
v -0.015734 -0.014329 0.473841
v -0.024975 0.015024 0.570679
v -0.017909 0.015241 0.581683
v -0.015370 0.027568 0.581795
v -0.008093 0.032016 0.582203
v -0.001841 0.031510 0.582359
v 0.007809 0.028826 0.569927
v 0.007271 0.015409 0.581887
v 0.007634 0.008178 0.582333
v 0.006497 0.002928 0.582690
v 0.001984 -0.001542 0.581982
v -0.017761 -0.006633 0.564646
v -0.007886 0.030952 0.578729
v 0.005323 -0.017689 0.479982
v 0.015004 -0.000065 0.471445
v -0.023976 0.026553 0.472348
v 0.008662 -0.006321 0.518498
v 0.005318 -0.005025 0.548536
v -0.000928 0.032804 0.575159
v 0.008563 -0.001255 0.572736
v -0.014524 0.035138 0.510871
v -0.024859 0.028140 0.514893
v -0.027230 0.021654 0.502669
v -0.027345 0.011879 0.516233
v -0.008715 0.031361 0.567869
v 0.015253 0.020077 0.559270
v 0.014182 0.009624 0.567912
v 0.002747 -0.017288 0.470724
v 0.016570 0.004086 0.515406
v -0.018316 0.034646 0.469485
v -0.006418 0.037528 0.469997
v 0.013187 -0.015057 0.470646
v -0.025081 0.003343 0.547476
v -0.026620 0.023659 0.554957
v -0.020905 0.025343 0.553465
v 0.009601 0.007215 0.551035
v -0.026432 -0.008307 0.475761
v -0.008443 0.031939 0.566234
v 0.018762 0.019092 0.516682
v -0.006367 0.037609 0.469994
v 0.005047 0.035591 0.470307
v 0.002309 0.033977 0.531575
v 0.002047 0.027444 0.554007
v 0.018291 0.007418 0.535830
v -0.021833 0.011841 0.556544
v -0.005310 0.034045 0.552453
v -0.023033 0.028131 0.468343
v 0.015973 0.002921 0.529894
v -0.006066 0.033768 0.555358
v -0.017982 0.032280 0.533840
v 0.010052 0.024966 0.528215
v -0.003036 0.032213 0.535072
v -0.003116 0.032990 0.531745
v 0.000582 -0.004123 0.575486
v -0.010036 -0.008225 0.573284
v -0.007313 -0.003901 0.582353
v -0.000828 -0.001843 0.582096
v -0.012319 -0.002406 0.582602
v -0.012528 0.000262 0.582691
v -0.015281 0.004343 0.582308
v -0.016861 0.003295 0.580307
v -0.005866 -0.010803 0.547188
v -0.016374 0.013121 0.581902
v -0.014689 0.021480 0.581712
v -0.011726 0.025563 0.581294
v -0.007625 0.029289 0.576283
v -0.007442 0.027936 0.581942
v -0.002632 0.028335 0.582162
v -0.001120 0.031491 0.577190
v 0.004052 0.022411 0.583052
v 0.005551 0.014819 0.582236
v 0.005645 0.009142 0.582645
v 0.007538 0.000272 0.574852
v 0.003385 0.003360 0.581952
v -0.007430 0.028265 0.582011
v -0.020420 -0.002178 0.565678
v 0.007591 0.027586 0.567797
v -0.015415 -0.005038 0.545680
v -0.024777 0.021418 0.561530
v -0.022207 0.013347 0.571156
v 0.013519 0.015734 0.566203
v -0.022807 0.022468 0.555908
v -0.018957 0.026154 0.552277
v 0.011810 0.010652 0.565392
v -0.010068 0.033219 0.560072
v -0.008792 0.031328 0.566176
v -0.024242 0.005909 0.541882
v 0.006282 -0.002028 0.544690
v -0.021146 0.001183 0.541247
v 0.001092 0.026098 0.553777
v 0.015641 0.007185 0.546755
v 0.012942 0.020810 0.558756
v 0.009502 0.004943 0.541777
v 0.015379 0.018326 0.553620
v -0.009073 0.032153 0.567573
v 0.010586 0.023311 0.553537
v -0.021988 0.015589 0.540696
v -0.011381 0.029574 0.552949
v -0.005438 0.032721 0.552080
v -0.024242 0.024384 0.544346
v -0.022888 0.002457 0.537266
v -0.005760 0.032137 0.551803
v -0.023232 0.021479 0.530167
v -0.024159 0.005702 0.538012
v -0.023996 0.015313 0.533643
v -0.016077 0.012569 0.581867
v -0.014077 0.021792 0.581617
v -0.011576 0.025817 0.581274
v -0.007444 0.027938 0.582020
v -0.002140 0.027919 0.581648
v 0.005536 0.015166 0.582327
v 0.005019 0.008691 0.582253
v -0.007426 0.027912 0.581974
v -0.011293 -0.001987 0.582540
v -0.001684 -0.002488 0.581735
v -0.014761 0.003857 0.581967
v 0.002968 0.022874 0.582514
v -0.007313 -0.003901 0.582353
v 0.003056 0.003197 0.581874
v 0.020203 -0.035997 -0.352735
v 0.022968 -0.031976 -0.352465
v 0.021809 -0.045068 -0.349620
v 0.020084 -0.036057 -0.352792
v 0.020179 -0.050038 -0.351113
v 0.020181 -0.050043 -0.351113
v 0.023066 -0.063381 -0.351928
v 0.019905 -0.063419 -0.351351
v 0.020194 -0.063457 -0.351104
v 0.020260 -0.030429 -0.355466
v 0.021699 -0.030715 -0.356164
v 0.022043 0.016650 0.061678
v 0.021701 0.014490 0.064274
v 0.020512 0.018959 0.062035
v 0.024330 0.019035 0.061011
v 0.020951 0.019345 0.061523
v 0.023720 0.011692 0.065472
v 0.021883 0.016304 0.063824
v 0.020310 -0.012986 0.066015
v 0.020358 -0.013059 0.065870
v 0.022358 -0.013036 0.063701
v 0.020135 0.018184 0.059425
v 0.021573 0.013271 0.377755
v 0.019812 0.018466 0.373714
v 0.018359 0.014227 0.376855
v 0.018678 0.021839 0.374609
v 0.018465 0.014447 0.376838
v 0.020532 -0.032693 0.379592
v 0.019028 -0.007828 0.378247
v 0.021447 -0.032652 0.376373
v 0.019018 -0.006980 0.378235
v 0.019046 -0.032675 0.378158
v 0.017440 0.018591 0.371893
v 0.016045 0.019077 0.372872
v 0.016678 0.019378 0.374761
v 0.017543 0.019615 0.374303
v 0.019046 -0.032675 0.378158
v 0.024064 -0.066856 -0.516692
v 0.025253 -0.055455 -0.518284
v 0.024297 -0.101503 -0.516342
v 0.027259 -0.062326 -0.515417
v 0.025584 -0.117899 -0.516390
v 0.025617 -0.116252 -0.513325
v 0.023813 -0.112068 -0.515883
v 0.023628 -0.117063 -0.514776
v 0.022312 -0.058461 -0.517437
v 0.022952 -0.058239 -0.517573
v 0.023640 -0.117033 -0.514648
v -0.007830 0.014640 -0.105160
v -0.003186 0.014797 -0.105160
v -0.000014 0.019164 -0.105160
v -0.001355 0.024394 -0.105158
v -0.006390 0.026325 -0.105161
v -0.010523 0.024249 -0.105159
v -0.011902 0.020638 -0.105160
v -0.010951 0.016905 -0.105160
v -0.004952 0.012568 -0.208079
v -0.001213 0.014104 -0.208079
v 0.001259 0.017305 -0.208079
v 0.001795 0.021364 -0.208079
v 0.000225 0.024949 -0.208079
v -0.004226 0.027991 -0.208079
v -0.008582 0.027576 -0.208079
v -0.012104 0.024978 -0.208079
v -0.013691 0.021400 -0.208079
v -0.013172 0.017334 -0.208079
v -0.009924 0.013466 -0.208079
v 0.019530 0.020172 -0.169872
v 0.018616 0.023565 -0.169872
v 0.022308 0.026651 -0.217121
v 0.023988 0.024398 -0.215444
v 0.023988 0.019796 -0.215445
v 0.022309 0.017544 -0.217120
v 0.023591 0.018840 -0.209230
v 0.024096 0.020779 -0.209653
v 0.020564 0.020779 -0.206689
v 0.020564 0.023416 -0.206689
v 0.024096 0.023416 -0.209653
v 0.023589 0.025353 -0.209232
v 0.021594 0.026829 -0.207559
v 0.017631 0.022736 -0.190907
v 0.018688 0.020896 -0.189427
v 0.017628 0.019055 -0.190910
v 0.016072 0.018551 -0.193133
v 0.016072 0.023242 -0.193133
v -0.007901 0.123085 -0.237340
v -0.013029 0.123085 -0.234600
v -0.015769 0.123085 -0.229472
v -0.015455 0.123085 -0.224639
v -0.013029 0.123085 -0.220441
v -0.007901 0.123085 -0.217701
v -0.002117 0.123085 -0.218272
v 0.002976 0.123085 -0.222750
v 0.003870 0.123085 -0.229472
v 0.001130 0.123085 -0.234600
v -0.003068 0.123085 -0.237026
v 0.021358 0.102274 -0.224162
v 0.021358 0.098685 -0.218418
v 0.021358 0.092349 -0.216018
v 0.021358 0.086758 -0.216758
v 0.021358 0.081530 -0.221046
v 0.021358 0.079565 -0.227521
v 0.021358 0.082112 -0.234991
v 0.021358 0.087856 -0.238580
v 0.021358 0.094634 -0.238789
v 0.021358 0.100147 -0.234856
v 0.021358 0.102639 -0.229796
v 0.018523 0.027155 -0.218768
v 0.019435 0.027155 -0.215416
v 0.017031 0.027155 -0.212426
v 0.017031 0.014876 -0.212426
v 0.019435 0.014876 -0.215416
v 0.018523 0.014876 -0.218768
v 0.013673 0.024546 -0.169872
v 0.018279 0.024021 -0.169872
v 0.019530 0.020172 -0.169872
v 0.017609 0.017524 -0.169872
v 0.013673 0.017247 -0.169872
v 0.013673 0.023546 -0.162877
v 0.013673 0.018247 -0.162877
v 0.017620 0.018623 -0.162877
v 0.018532 0.021421 -0.162877
v 0.017137 0.023346 -0.162877
v 0.013673 0.015425 -0.224635
v 0.013673 0.026185 -0.224214
v 0.010313 0.030001 -0.212512
v 0.010313 0.030001 -0.219875
v 0.010313 0.026185 -0.224214
v 0.010313 0.015425 -0.224635
v 0.010313 0.011931 -0.219874
v 0.010313 0.011931 -0.212513
v 0.013673 0.071020 -0.196231
v 0.016072 0.048127 -0.181158
v 0.016072 0.075410 -0.200032
v 0.016072 0.076413 -0.205520
v 0.016072 0.034077 -0.189974
v 0.016072 0.052514 -0.189234
v 0.016072 0.048645 -0.186169
v 0.013673 0.077034 -0.169872
v 0.013673 0.051804 -0.176983
v 0.013673 0.048127 -0.181158
v 0.015639 0.034385 -0.176036
v 0.015817 0.073002 -0.176036
v 0.014727 0.038597 -0.176036
v 0.015639 0.034385 -0.194873
v 0.015817 0.073002 -0.194873
v 0.014727 0.038597 -0.194873
v 0.015817 0.073002 -0.171138
v 0.014705 0.068304 -0.171138
v 0.016072 0.071020 -0.196231
v 0.015817 0.073002 -0.189974
v 0.014705 0.068304 -0.189974
v 0.013673 0.076413 -0.205520
v 0.013673 0.075410 -0.200032
v 0.013673 0.094915 -0.187278
v 0.013673 0.093416 -0.189205
v 0.013673 0.079342 -0.189435
v 0.013673 0.079342 -0.179964
v 0.013673 0.093416 -0.180194
v 0.013673 0.094915 -0.182122
v 0.016072 0.094915 -0.182122
v 0.016072 0.093416 -0.180194
v 0.016072 0.079342 -0.179964
v 0.016072 0.079342 -0.189435
v 0.016072 0.093416 -0.189205
v 0.016072 0.094915 -0.187278
v 0.013673 0.026948 -0.169872
v 0.013673 0.030345 -0.208635
v 0.013673 0.026948 -0.212199
v 0.016072 0.030960 -0.200031
v 0.016072 0.035156 -0.196328
v 0.016072 0.034077 -0.194873
v 0.016072 0.030345 -0.208635
v 0.013673 0.060581 -0.184273
v 0.013673 0.060011 -0.179989
v 0.017924 0.077356 -0.169872
v 0.017924 0.077356 -0.205520
v 0.016072 0.056732 -0.177122
v 0.016072 0.060011 -0.179989
v 0.013673 0.048607 -0.186078
v 0.014705 0.068304 -0.176036
v 0.015639 0.034385 -0.171138
v 0.014727 0.038597 -0.171138
v 0.013673 0.056732 -0.177122
v 0.016072 0.051804 -0.176983
v 0.013673 0.035156 -0.196328
v 0.013673 0.052452 -0.189221
v 0.015639 0.034385 -0.189974
v 0.014727 0.038597 -0.189974
v 0.016072 0.057951 -0.188482
v 0.014705 0.068304 -0.194873
v 0.016072 0.060581 -0.184273
v 0.013673 0.030960 -0.200031
v 0.013673 0.057951 -0.188482
v 0.025259 0.017335 -0.224573
v 0.022294 0.019799 -0.227602
v 0.022278 0.023831 -0.227619
v 0.024034 0.026432 -0.225906
v 0.026859 0.026177 -0.223064
v 0.028305 0.023831 -0.221592
v 0.028288 0.019799 -0.221608
v 0.019969 -0.032643 0.375942
v 0.022307 -0.032671 0.377815
v 0.019515 -0.032680 0.378904
v 0.020343 -0.063372 -0.352076
v 0.023276 -0.063372 -0.352076
v 0.021810 -0.063560 -0.349543
v 0.017997 0.017925 0.372398
v 0.015917 0.019044 0.372863
v 0.016278 0.020631 0.371107
v 0.018347 0.019523 0.370637
v 0.023614 -0.116613 -0.513887
v 0.025607 -0.117629 -0.515807
v 0.026504 -0.116298 -0.513337
v 0.020340 -0.031000 -0.356179
v 0.021810 -0.028991 -0.354638
v 0.023278 -0.031004 -0.356175
v 0.022389 -0.058031 -0.516842
v 0.024223 -0.055752 -0.516739
v 0.024139 -0.057422 -0.519152
v 0.021405 0.016563 0.060042
v 0.019864 0.018254 0.059557
v 0.021180 0.019077 0.057818
v 0.022721 0.017394 0.058295
v 0.021140 -0.013068 0.066274
v 0.020323 -0.013039 0.064087
v 0.022479 -0.013029 0.063187
v 0.023295 -0.013058 0.065375
vn 0.0294 -0.1739 0.9843
vn 0.0212 0.0414 0.9989
vn 0.0156 -0.1483 0.9888
vn -1.0000 -0.0000 -0.0000
vn -0.0648 0.9240 0.3769
vn 0.9454 -0.0080 0.3258
vn -0.3957 -0.4763 0.7852
vn -0.1233 -0.9924 -0.0051
vn -0.0190 -0.9785 0.2052
vn 0.8235 -0.4964 -0.2745
vn 0.7591 -0.6509 -0.0026
vn 0.4676 -0.8839 -0.0076
vn -0.2775 -0.9607 0.0004
vn 0.8572 0.5147 0.0150
vn 0.9016 0.4284 -0.0595
vn -0.8316 0.5528 0.0531
vn -0.2828 0.9583 -0.0422
vn -0.2707 0.9625 -0.0175
vn -0.9792 0.1318 0.1541
vn -0.8309 0.5555 -0.0311
vn -0.4661 -0.8847 0.0039
vn -0.8030 -0.5956 0.0193
vn -0.9896 0.0623 -0.1293
vn 0.8659 0.2839 0.4118
vn 0.9747 -0.0615 0.2151
vn 0.0310 0.9367 -0.3488
vn -0.6901 -0.6147 -0.3820
vn -0.6557 0.6866 -0.3142
vn 0.4051 0.8360 -0.3701
vn -0.3050 0.8773 -0.3705
vn 0.3306 0.1014 -0.9383
vn -0.3183 0.1306 -0.9390
vn 0.1359 -0.7791 -0.6120
vn 0.4030 -0.8890 0.2176
vn -0.5531 0.7721 -0.3128
vn -0.7591 0.5938 0.2668
vn -0.9723 0.1198 0.2007
vn -0.7519 0.6337 -0.1820
vn -0.7258 -0.6546 -0.2113
vn -0.3671 -0.9025 0.2253
vn -0.9638 -0.1009 -0.2469
vn -0.7681 -0.6336 -0.0929
vn -0.8796 -0.2775 -0.3864
vn -0.9927 -0.1113 -0.0463
vn -0.9995 -0.0322 0.0059
vn -0.8032 0.5684 -0.1780
vn -0.8660 0.2064 -0.4555
vn 0.3929 -0.0862 -0.9155
vn -0.5678 0.4335 -0.6997
vn 0.1956 -0.5957 -0.7790
vn 0.6845 -0.6994 -0.2055
vn -0.9366 0.1894 0.2948
vn -0.4343 0.5145 0.7394
vn -0.1729 0.9846 -0.0260
vn 0.0531 0.9349 0.3509
vn 0.0688 -0.0395 0.9968
vn 0.1259 -0.5953 -0.7936
vn 0.1240 0.3084 -0.9431
vn 0.3582 -0.3797 0.8529
vn 0.1313 -0.7013 0.7007
vn 0.7469 -0.6394 0.1828
vn 0.1694 0.6784 0.7149
vn 0.2029 0.4575 0.8658
vn 0.7902 0.2158 0.5736
vn 0.6727 0.6168 0.4088
vn 0.0261 0.6797 -0.7331
vn 0.7058 0.0780 -0.7041
vn -0.1896 0.4011 -0.8962
vn -0.6905 0.7161 0.1022
vn -0.8787 0.4317 0.2039
vn 0.5285 0.6617 -0.5319
vn -0.2793 -0.1609 0.9466
vn 0.7148 -0.2409 0.6565
vn -0.9597 -0.1751 -0.2199
vn 0.2441 -0.1753 -0.9538
vn 0.7860 -0.5990 -0.1532
vn 0.6736 -0.5544 -0.4888
vn 0.0548 -0.7946 -0.6046
vn -0.4923 -0.5103 -0.7052
vn -0.1695 -0.7968 0.5800
vn 0.0472 -0.6665 0.7440
vn -0.0862 -0.9930 0.0801
vn -0.0109 -0.9995 0.0285
vn -0.6054 -0.7940 -0.0557
vn -0.7058 -0.5104 0.4912
vn -0.5427 -0.8390 0.0386
vn -0.0525 -0.9981 -0.0337
vn 0.8600 -0.5103 -0.0063
vn 0.0221 -0.9939 -0.1080
vn -0.0085 -0.9957 -0.0926
vn -0.1878 -0.0638 0.9801
vn 0.6395 -0.0552 0.7668
vn 0.1694 -0.0675 -0.9832
vn -0.8359 -0.1043 -0.5388
vn -0.2827 -0.2124 -0.9354
vn 0.3139 0.1251 -0.9412
vn -0.3976 0.4857 -0.7784
vn 0.8205 0.4223 -0.3853
vn 0.9697 0.2379 -0.0553
vn -0.3240 -0.9301 0.1732
vn -0.0914 -0.9372 0.3366
vn -0.7041 -0.6926 0.1567
vn -0.7718 -0.5998 0.2109
vn 0.9856 0.0172 0.1685
vn 0.4005 -0.8410 0.3637
vn 0.8107 0.5826 -0.0569
vn -0.0887 0.9809 0.1733
vn -0.1461 0.9705 0.1920
vn -0.9896 0.1188 -0.0811
vn -0.8071 0.5751 0.1334
vn -0.4252 -0.7405 0.5204
vn 0.0745 -0.9632 0.2583
vn 0.7110 -0.5645 0.4192
vn 0.5491 0.7160 -0.4311
vn -0.1244 0.6228 0.7724
vn -0.8149 0.1812 0.5505
vn -0.0901 -0.2588 0.9617
vn 0.3543 -0.8835 0.3064
vn 0.6839 -0.6115 -0.3980
vn -0.1430 -0.9768 -0.1592
vn -0.4417 0.8770 0.1892
vn -0.4134 0.8671 -0.2779
vn 0.4117 0.8600 0.3014
vn 0.1827 0.8632 -0.4707
vn -0.4301 -0.8880 0.1629
vn 0.4283 -0.4601 -0.7777
vn 0.0359 0.3163 0.9480
vn -0.4047 -0.7654 -0.5003
vn -0.9320 -0.3478 -0.1015
vn 0.6702 -0.4541 0.5870
vn 0.1465 -0.9887 0.0307
vn -0.9768 -0.0435 0.2098
vn -0.8174 0.4421 -0.3693
vn -0.3396 -0.7494 0.5684
vn 0.8866 -0.3740 -0.2722
vn -0.7154 -0.4383 0.5441
vn 0.3023 0.9193 -0.2518
vn 0.9140 0.2976 0.2759
vn 1.0000 -0.0000 -0.0000
vn 0.9687 0.1754 -0.1754
vn -0.2721 0.7625 0.5870
vn 0.3892 0.8567 0.3385
vn -0.0000 -0.0000 1.0000
vn 0.1092 0.2874 0.9516
vn -0.0224 0.9915 0.1282
vn -0.0938 0.1118 0.9893
vn -0.0149 -0.0563 0.9983
vn -0.3015 -0.3207 0.8979
vn -0.3429 0.0083 0.9393
vn -0.0098 0.2936 0.9559
vn 0.3163 0.2425 0.9171
vn 0.0914 0.2219 0.9708
vn 0.3985 -0.0942 0.9123
vn 0.0701 -0.0070 0.9975
vn 0.2350 -0.3179 0.9185
vn 0.1408 -0.4026 0.9045
vn -0.0440 -0.1077 0.9932
vn -0.5653 0.2434 0.7882
vn -0.7328 0.6506 -0.1994
vn -0.3083 0.9190 -0.2456
vn -0.9671 0.2087 -0.1458
vn 0.7676 0.6273 -0.1316
vn 0.6650 0.7080 -0.2376
vn -0.0160 0.9880 -0.1537
vn -0.0090 -0.0051 -0.9999
vn -0.0922 -0.1893 -0.9776
vn -0.1890 -0.1070 -0.9761
vn -0.1608 0.1230 -0.9793
vn -0.0610 0.1892 -0.9800
vn 0.1860 -0.0773 -0.9795
vn 0.1248 -0.1626 -0.9788
vn 0.0255 0.2069 -0.9780
vn 0.1208 0.1003 -0.9876
vn 0.2016 -0.0114 -0.9794
vn 0.0274 -0.2072 -0.9779
vn -0.2079 0.0156 -0.9780
vn 0.1570 0.6799 -0.7163
vn -0.0326 0.8928 -0.4494
vn -0.0213 0.8924 -0.4508
vn -0.9667 0.1205 0.2257
vn -0.0743 0.6726 -0.7362
vn -0.9643 0.2449 -0.1007
vn -0.9623 0.2294 0.1464
vn -0.6780 -0.7198 -0.1489
vn -0.6713 -0.7412 -0.0004
vn 0.9549 0.2970 0.0017
vn 0.8782 0.2779 -0.3893
vn -0.7195 0.4364 0.5403
vn 0.9893 0.0687 -0.1288
vn 0.8041 -0.5945 0.0041
vn 0.7251 -0.6619 -0.1903
vn 0.4272 -0.9042 0.0007
vn 0.3157 -0.9314 -0.1814
vn -0.1448 -0.9781 -0.1498
vn -0.1578 -0.9834 0.0900
vn -0.0552 0.9963 0.0652
vn -0.0223 0.9769 -0.2126
vn -0.7819 0.4778 -0.4006
vn -0.7892 -0.5024 -0.3531
vn -0.3928 -0.8610 -0.3229
vn 0.3916 -0.8514 -0.3490
vn -0.2668 -0.0380 0.9630
vn -0.2709 -0.3710 0.8882
vn 0.0002 -0.9534 0.3018
vn -0.0001 -0.9533 0.3019
vn -0.0007 -0.9993 -0.0373
vn 0.0010 -0.9994 -0.0343
vn -0.0070 -0.8572 0.5150
vn 0.0059 -0.8770 0.4804
vn 0.0126 0.7429 0.6693
vn -0.0049 0.7723 0.6352
vn -0.0181 0.9734 -0.2284
vn -0.0089 0.9652 -0.2613
vn 0.0120 0.9916 -0.1286
vn -0.0009 0.9993 -0.0370
vn 0.0292 0.9897 0.1403
vn -0.0100 0.9339 0.3573
vn -0.0203 0.8768 0.4803
vn 0.0131 0.9268 0.3753
vn 0.0133 0.9517 0.3068
vn -0.0078 0.9992 -0.0401
vn 0.0033 0.9982 -0.0599
vn -0.0057 0.4498 -0.8931
vn 0.0054 0.4306 -0.9025
vn -0.0121 -0.9231 -0.3844
vn 0.0051 -0.9257 -0.3782
vn -0.0139 -0.8743 0.4851
vn 0.0227 -0.9399 0.3407
vn 0.0296 -0.9156 0.4011
vn 0.0052 0.9243 0.3816
vn 0.0019 0.8594 -0.5113
vn 0.0001 0.8643 -0.5030
vn -0.0008 0.9245 0.3811
vn 0.0011 -0.7434 -0.6688
vn -0.0072 -0.7426 -0.6697
vn -0.0152 -0.9751 0.2213
vn -0.0758 -0.9839 0.1619
vn 0.0028 -0.9744 0.2247
vn 0.0113 -0.9992 0.0380
vn -0.0276 -0.9902 -0.1367
vn 0.0087 -0.9329 -0.3600
vn 0.0166 -0.8732 -0.4870
vn -0.0005 -0.9234 -0.3839
vn -0.0076 -0.9170 -0.3987
vn 0.0028 -0.9806 -0.1959
vn -0.0045 -0.9793 -0.2022
vn -0.0087 -0.9925 0.1216
vn -0.0051 -0.9920 0.1258
vn -0.0275 -0.9939 0.1072
vn 0.0123 -0.9901 0.1399
vn -0.0031 -0.9763 0.2165
vn -0.0000 -0.9770 0.2132
vn 0.0247 -0.5496 0.8350
vn -0.0178 -0.4070 0.9133
vn 0.0222 0.8591 0.5113
vn -0.0492 0.9461 0.3200
vn -0.0012 0.8786 -0.4776
vn -0.0491 0.8827 -0.4673
vn 0.0449 0.7359 -0.6756
vn -0.0000 -0.0369 0.9993
vn -0.0000 -0.0373 0.9993
vn -0.0274 -0.9943 0.1032
vn 0.0415 -0.9866 0.1578
vn 0.0008 -0.9759 0.2182
vn -0.0000 -0.9752 0.2212
vn -0.0148 -0.1225 0.9924
vn 0.0064 -0.5608 0.8279
vn 0.0075 -0.0322 0.9995
vn -0.0107 -0.6031 0.7976
vn 0.0009 -0.9402 0.3407
vn -0.0129 -0.9525 0.3041
vn -0.0023 -0.9869 0.1616
vn -0.0066 -0.9856 0.1691
vn -0.0172 -0.8559 -0.5169
vn 0.0270 -0.7809 -0.6240
vn -0.0338 0.5536 -0.8321
vn 0.0220 0.7045 -0.7093
vn -0.0123 0.9966 -0.0812
vn -0.0133 0.9971 -0.0745
vn 0.0136 0.9663 -0.2572
vn 0.0220 0.9659 -0.2578
vn -0.0003 0.9242 -0.3819
vn -0.0011 0.9162 -0.4007
vn 0.0013 0.8974 -0.4413
vn -0.0009 0.8965 -0.4430
vn 0.0003 -1.0000 0.0066
vn 0.0068 -0.9360 -0.3519
vn -0.0003 -0.9980 0.0637
vn -0.0044 -0.8990 -0.4378
vn -0.0111 0.4789 -0.8778
vn -0.0372 0.0171 -0.9992
vn -0.0060 -0.2715 -0.9624
vn 0.0221 0.5332 -0.8457
vn -0.0471 0.9182 -0.3932
vn 0.0423 0.9465 -0.3200
vn -0.0266 0.9781 -0.2065
vn -0.0083 0.9906 -0.1365
vn 0.0037 0.8282 0.5604
vn 0.0037 0.8422 0.5392
vn -0.0030 -0.6023 0.7983
vn 0.0047 -0.5870 0.8096
vn 0.0033 -0.9978 0.0655
vn 0.0008 -0.9972 0.0748
vn 0.0015 -0.9721 0.2345
vn -0.0011 -0.9667 0.2557
vn -0.0011 -0.9205 0.3907
vn -0.0038 -0.9154 0.4026
vn -0.1112 0.9404 -0.3213
vn -0.8027 0.5705 -0.1738
vn -0.1688 0.9496 -0.2642
vn -0.8333 0.5394 -0.1209
vn -0.6576 -0.7364 0.1588
vn -0.6601 -0.7346 0.1570
vn 0.1121 0.9403 -0.3213
vn 0.1692 0.9493 -0.2650
vn 0.7975 0.5769 -0.1768
vn 0.8164 0.5600 -0.1412
vn 0.6850 -0.7115 0.1562
vn 0.6890 -0.7072 0.1587
vn 0.1339 -0.9481 0.2883
vn 0.1257 -0.9490 0.2892
vn 0.7687 -0.6091 0.1951
vn 0.7992 -0.5679 0.1971
vn 0.6692 0.7298 -0.1397
vn 0.6676 0.7195 -0.1915
vn -0.6762 0.7191 -0.1602
vn -0.1958 -0.9310 0.3081
vn -0.7628 -0.6127 0.2070
vn -0.1261 -0.9612 0.2454
vn -0.8507 -0.4808 0.2124
vn -0.6598 0.7354 -0.1542
vn 0.0013 -0.2894 -0.9572
vn 0.0120 -0.2804 -0.9598
vn 0.0122 -0.2801 -0.9599
vn 0.0013 -0.2901 -0.9570
vn -0.0156 0.2881 0.9575
vn -0.0015 0.2900 0.9570
vn -0.0017 0.2906 0.9568
vn -0.0135 0.2891 0.9572
vn 0.0285 -0.2682 -0.9629
vn 0.0296 -0.2681 -0.9629
vn -0.0300 0.2687 0.9628
vn -0.0302 0.2674 0.9631
vn 0.0420 -0.2247 -0.9735
vn 0.0442 -0.2260 -0.9731
vn -0.0475 0.2229 0.9737
vn -0.0323 0.2243 0.9740
vn 0.0265 -0.2063 -0.9781
vn 0.0285 -0.2062 -0.9781
vn 0.0312 0.2178 0.9755
vn 0.0411 0.2181 0.9751
vn 0.0321 0.2247 0.9739
vn -0.0017 -0.2234 -0.9747
vn -0.0000 -0.2231 -0.9748
vn 0.0139 0.2201 0.9754
vn 0.0081 0.2232 0.9747
vn -0.0015 -0.2230 -0.9748
vn 0.0037 0.2323 0.9726
vn -0.0041 -0.2299 -0.9732
vn -0.0042 -0.2271 -0.9739
vn 0.0043 0.2340 0.9722
vn -0.0142 -0.2876 -0.9576
vn -0.0016 -0.2901 -0.9570
vn -0.0017 -0.2904 -0.9569
vn -0.0136 -0.2876 -0.9576
vn 0.0012 0.2892 0.9573
vn 0.0114 0.2793 0.9601
vn 0.0123 0.2790 0.9602
vn 0.0012 0.2901 0.9570
vn -0.0268 -0.2643 -0.9641
vn -0.0274 -0.2644 -0.9640
vn 0.0269 0.2655 0.9637
vn 0.0284 0.2641 0.9641
vn -0.0396 -0.2393 -0.9701
vn -0.0402 -0.2388 -0.9702
vn 0.0429 0.2256 0.9733
vn 0.0449 0.2249 0.9733
vn -0.0274 -0.2194 -0.9753
vn -0.0264 -0.2185 -0.9755
vn 0.0280 0.2042 0.9785
vn 0.0300 0.2064 0.9780
vn -0.0063 -0.2179 -0.9759
vn -0.0068 -0.2167 -0.9762
vn 0.0060 0.2212 0.9752
vn 0.0063 0.2206 0.9753
vn -0.0049 -0.2185 -0.9758
vn -0.0053 -0.2164 -0.9763
vn -0.0054 -0.2104 -0.9776
vn 0.0050 0.2113 0.9774
vn 0.0063 0.2163 0.9763
vn -0.0025 -0.2081 -0.9781
vn 0.0020 0.2080 0.9781
vn -0.1440 0.9891 -0.0316
vn -0.7799 0.6258 0.0001
vn -0.2174 0.9760 0.0145
vn -0.8306 0.5563 0.0248
vn -0.7017 -0.7125 -0.0024
vn -0.7001 -0.7141 -0.0049
vn 0.6824 -0.7310 -0.0022
vn 0.6845 -0.7290 -0.0044
vn 0.1427 0.9893 -0.0316
vn 0.2160 0.9763 0.0145
vn 0.7822 0.6230 0.0004
vn 0.8209 0.5705 0.0254
vn 0.1492 -0.9888 0.0105
vn 0.1395 -0.9902 -0.0000
vn 0.7903 -0.6124 0.0191
vn 0.7944 -0.6073 0.0087
vn 0.6766 0.7362 -0.0158
vn 0.7027 0.7108 -0.0319
vn -0.6844 0.7291 -0.0071
vn -0.6879 0.7258 -0.0068
vn -0.1527 -0.9883 0.0061
vn -0.8002 -0.5997 -0.0021
vn -0.7799 -0.6258 -0.0054
vn -0.1469 -0.9892 -0.0000
vn -0.0000 -0.0000 -1.0000
vn 0.1288 0.8880 -0.4414
vn 0.2213 0.9662 -0.1322
vn -0.5188 0.2445 -0.8192
vn -0.6402 0.6505 0.4087
vn -0.3054 -0.6167 0.7255
vn -0.5471 -0.8323 -0.0895
vn 0.2572 -0.7457 0.6147
vn 0.4091 -0.9122 0.0210
vn -0.1792 0.9779 -0.1078
vn 0.6883 0.2912 -0.6644
vn 0.3333 -0.8802 -0.3380
vn -0.3651 -0.7889 0.4943
vn -0.2291 0.8959 -0.3806
vn 0.5139 0.6599 0.5482
vn 0.5373 -0.6528 0.5340
vn -0.3287 -0.9443 0.0183
vn 0.0924 0.9877 -0.1262
vn 0.6273 0.0315 0.7782
vn 0.0008 -0.9930 0.1179
vn -0.6049 0.1518 0.7817
vn -0.0056 -0.9788 0.2048
vn -0.0009 0.9855 -0.1700
vn 0.1426 -0.9897 -0.0141
vn 0.9772 -0.1403 -0.1596
vn 0.3210 -0.9419 0.0988
vn 0.8854 0.1247 0.4478
vn 0.0324 -0.9995 -0.0000
vn -0.0000 -1.0000 -0.0000
vn 0.7052 0.0008 -0.7090
vn 0.7057 0.0143 -0.7084
vn 0.7072 0.0062 -0.7070
vn 0.9375 0.2516 -0.2403
vn 0.8024 0.5968 -0.0000
vn 0.7619 0.6442 -0.0666
vn 0.0278 0.9996 -0.0033
vn 0.0339 0.9988 0.0348
vn -0.0000 1.0000 -0.0000
vn 0.6912 0.0859 -0.7175
vn 0.2473 0.0080 -0.9689
vn 0.3274 -0.7849 -0.5260
vn 0.7417 0.6545 -0.1464
vn 0.4988 0.8662 -0.0300
vn 0.9914 0.1236 -0.0418
vn 0.0502 0.9981 0.0368
vn 0.9205 0.2946 0.2566
vn 0.9820 0.0088 -0.1886
vn 0.9860 0.0629 -0.1542
vn 0.8619 0.4276 0.2725
vn 0.0698 -0.9913 -0.1113
vn -0.0000 -0.9954 -0.0958
vn 0.1310 -0.9912 -0.0195
vn 0.4754 -0.8787 -0.0436
vn 0.9580 0.2867 -0.0000
vn 0.6819 -0.7306 -0.0350
vn 0.9915 -0.1229 -0.0425
vn 0.9585 -0.2851 -0.0000
vn 0.2431 -0.9700 -0.0000
vn 0.7060 0.0075 -0.7081
vn 0.7041 0.0021 -0.7101
vn 0.7060 0.0083 -0.7082
vn 0.7030 0.0221 -0.7108
vn 0.7093 0.0108 -0.7048
vn 1.0000 -0.0000 -0.0075
vn 0.7478 -0.6640 -0.0000
vn 0.7585 -0.6517 -0.0029
vn 0.9999 -0.0001 -0.0110
vn 0.7584 0.6518 -0.0029
vn 0.7473 0.6644 -0.0000
vn 0.3897 0.9201 0.0388
vn 0.7295 -0.0262 0.6834
vn 0.6903 0.7188 0.0822
vn -0.9705 -0.0864 0.2249
vn -0.9972 -0.0734 0.0160
vn -0.7610 -0.6485 0.0193
vn -0.1935 -0.9376 0.2890
vn 0.7461 -0.6641 0.0488
vn 0.9341 -0.3258 0.1461
vn 0.4764 -0.8532 0.2124
vn -0.2898 -0.7323 0.6162
vn 0.0800 -0.5839 -0.8079
vn -0.3047 -0.9255 -0.2249
vn 0.7725 -0.4904 -0.4035
vn -0.0209 -0.0391 -0.9990
vn -0.0181 -0.0310 -0.9994
vn 0.2532 0.8625 -0.4381
vn 0.0444 0.0363 -0.9984
vn -0.8779 -0.1697 -0.4478
vn -0.3863 -0.7773 -0.4967
vn 0.1159 -0.9931 -0.0203
vn 0.5540 -0.8307 -0.0556
vn -0.2767 0.9353 0.2205
vn -0.8822 0.4649 -0.0753
vn 0.4131 0.6595 -0.6280
vn 0.7177 0.1860 -0.6710
vn 0.8768 0.3838 -0.2897
vn 0.4556 0.8451 -0.2797
vn -0.6804 0.1690 -0.7131
vn -0.8380 0.4740 -0.2702
vn -0.7784 -0.4935 -0.3880
vn -0.6012 -0.3084 -0.7371
vn -0.1066 0.7939 -0.5986
vn -0.1999 0.7659 -0.6111
vn -0.5146 0.8052 -0.2946
vn -0.4259 0.6496 -0.6298
vn 0.2246 0.7934 -0.5658
vn 0.1208 0.7713 -0.6249
vn -0.0069 0.0612 0.9981
vn -0.0056 0.0571 0.9984
vn 0.3907 -0.6734 0.6275
vn -0.2827 -0.6035 0.7456
vn -0.0666 0.0105 0.9977
vn 0.5964 0.3136 0.7389
vn 0.6031 -0.2736 0.7493
vn -0.0433 0.0043 0.9991
vn -0.0384 -0.0535 0.9978
vn 0.1904 0.7186 0.6689
vn 0.6119 -0.1001 -0.7846
vn -0.8468 0.5306 0.0370
vn -0.9800 0.1741 0.0963
vn -0.9993 -0.0333 0.0172
vn -0.2424 -0.9694 0.0377
vn 0.4602 -0.8840 -0.0821
vn 0.1319 -0.9898 0.0537
vn 0.9706 -0.1647 0.1756
vn 0.8761 0.4487 -0.1764
vn 0.9186 -0.3744 0.1266
vn 0.0858 0.7371 0.6703
vn 0.5007 0.1472 0.8530
vn 0.4908 0.8713 -0.0016
vn -0.0327 0.9878 0.1524
vn 0.6304 0.1382 -0.7639
vn 0.1023 -0.0030 -0.9948
vn 0.1373 -0.1533 -0.9786
vn 0.7914 0.1790 -0.5845
vn 0.8913 0.0414 -0.4515
vn 0.8628 0.1988 -0.4648
vn 0.5037 -0.5441 0.6710
vn -0.0186 -0.2213 0.9750
vn -0.0062 -0.8518 0.5238
vn 0.3074 -0.8870 0.3447
vn 0.8002 0.5952 -0.0734
vn 0.0681 0.6703 -0.7389
vn 0.0507 0.9615 -0.2702
vn 0.7119 0.6976 0.0810
vn 0.1314 0.9442 0.3020
vn 0.5075 0.8610 0.0325
vn 0.3898 -0.9209 -0.0014
vn 0.8631 0.2293 0.4500
vn 0.8298 0.3248 0.4539
vn 0.6374 0.3477 0.6876
vn 0.7053 0.0971 0.7022
vn -0.0418 0.2834 0.9581
vn 0.3628 0.5160 0.7760
vn 0.0553 -0.9984 -0.0073
vn 0.0657 -0.9351 -0.3483
vn 0.8021 -0.3409 -0.4903
vn 0.9084 -0.0379 0.4164
vn 0.6327 0.6023 0.4867
vn -0.2487 0.2921 -0.9235
vn -0.9140 0.1171 -0.3885
vn -0.7472 0.0022 -0.6646
vn 0.5004 0.3630 -0.7860
vn 0.0172 0.0970 -0.9951
vn -0.2667 -0.1222 0.9560
vn -0.3166 0.3270 0.8904
vn 0.2589 -0.2342 -0.9371
vn -0.8517 0.0744 0.5188
vn -0.9037 0.3998 0.1535
vn -0.9999 0.0118 -0.0020
vn 0.7531 0.5857 -0.2998
vn 0.9734 -0.2270 -0.0317
vn 0.9881 0.1208 -0.0955
vn 0.5992 0.8006 -0.0029
vn 0.4347 0.8997 0.0398
vn -0.4751 0.8799 -0.0105
vn -0.9846 -0.1711 -0.0346
vn -0.5622 -0.8269 -0.0113
vn -0.1736 0.9623 0.2095
vn -0.0080 0.0316 -0.9995
vn 0.5435 -0.6876 -0.4814
vn 0.4927 0.8196 0.2923
vn 0.0374 -0.0575 -0.9976
vn -0.2307 0.9471 -0.2230
vn -0.4406 0.3713 -0.8173
vn 0.8246 0.3134 -0.4710
vn 0.4436 -0.6350 -0.6324
vn 0.0370 0.0224 0.9991
vn -0.6613 0.1091 0.7422
vn -0.3519 -0.5586 -0.7511
vn -0.0484 -0.0631 0.9968
vn -0.0050 0.0093 0.9999
vn 0.0054 -0.0138 0.9999
vn -0.2498 0.6371 0.7292
vn 0.0608 0.0466 0.9971
vn 0.0412 -0.0338 0.9986
vn -0.4511 -0.8157 -0.3620
vn -0.0850 -0.9954 -0.0445
vn -0.8217 -0.5624 -0.0922
vn -0.8266 0.5627 -0.0102
vn -0.5935 0.8014 0.0741
vn -0.5480 0.8312 -0.0937
vn -0.1980 0.9755 0.0960
vn -0.9925 -0.1200 -0.0253
vn -0.8314 0.3832 -0.4025
vn -0.9398 0.3407 -0.0260
vn -0.3708 0.9281 0.0325
vn 0.3390 0.8281 -0.4464
vn 0.4190 0.9076 -0.0261
vn 0.8208 0.3953 -0.4123
vn 0.9462 0.3231 -0.0192
vn 0.8911 -0.2084 -0.4031
vn 0.8798 -0.4727 -0.0497
vn 0.5118 -0.7906 -0.3361
vn 0.0563 -0.9938 0.0954
vn 0.1357 -0.9023 -0.4092
vn 0.6781 -0.7349 -0.0024
vn 0.1859 -0.9767 -0.1075
vn 0.9578 0.2811 0.0593
vn 0.1888 0.9820 -0.0021
vn -0.7724 0.6348 0.0221
vn -0.9353 -0.3508 0.0471
vn -0.4218 -0.9026 0.0860
vn -0.1893 -0.1262 0.9738
vn -0.1886 -0.2206 0.9569
vn -0.4991 -0.0872 0.8622
vn 0.1006 -0.2845 0.9534
vn 0.0992 -0.2619 0.9600
vn -0.0048 0.2233 0.9747
vn 0.2154 -0.7677 0.6035
vn -0.4455 0.1446 -0.8835
vn 0.5163 0.1338 -0.8459
vn 0.5392 -0.5014 0.6766
vn -0.7459 -0.4412 0.4989
vn -0.9956 0.0933 0.0040
vn -0.4764 0.0665 0.8767
vn 0.5791 0.0710 0.8122
vn 0.9077 0.1099 0.4049
vn 0.8712 0.0775 -0.4848
vn -0.1593 0.7520 -0.6397
vn -0.6490 -0.6271 -0.4307
vn -0.4947 0.8205 -0.2863
vn 0.3634 -0.2483 -0.8979
vn 0.4446 0.7956 -0.4115
vn 0.7001 -0.5399 -0.4673
vn 0.5705 0.7616 -0.3072
vn 0.7323 0.5926 0.3356
vn 0.9049 -0.2973 0.3046
vn 0.4014 0.8330 0.3808
vn 0.1706 -0.9759 -0.1362
vn -0.0697 -0.9330 -0.3531
vn -0.2438 0.5941 0.7666
vn -0.7900 0.6094 0.0678
vn 0.0587 -0.9959 -0.0683
vn -0.0712 0.9744 -0.2133
vn -0.1973 0.9676 -0.1572
vn -0.1412 0.9859 -0.0897
vn -0.2983 0.9500 0.0921
vn 0.5336 -0.0892 -0.8410
vn 0.3014 -0.3457 -0.8886
vn 0.1270 0.9727 0.1940
vn 0.1793 0.9768 0.1172
vn 0.2609 0.9647 -0.0370
vn 0.1853 0.9775 -0.1012
vn 0.2233 0.9746 0.0170
vn 0.1108 0.9937 0.0135
vn -0.0096 0.3279 0.9446
vn 0.7734 -0.6320 -0.0488
vn 0.8712 -0.4728 0.1322
vn -0.2225 -0.9643 0.1437
vn 0.0846 -0.9865 -0.1404
vn 0.1841 0.0874 0.9790
vn 0.4019 0.3470 0.8474
vn 0.2952 0.0127 0.9553
vn 0.0658 0.1470 0.9869
vn 0.0047 0.2381 0.9712
vn 0.4376 0.7825 0.4429
vn -0.0545 0.2679 0.9619
vn -0.1311 0.2562 0.9577
vn -0.1317 0.2562 0.9576
vn -0.2025 0.1622 0.9658
vn -0.3168 0.1374 0.9385
vn -0.1862 -0.0265 0.9822
vn -0.4278 0.1199 0.8959
vn -0.0993 -0.3169 0.9432
vn 0.0361 -0.7850 0.6185
vn 0.0977 -0.8875 0.4504
vn -0.8915 0.4480 -0.0670
vn -0.9193 0.3885 0.0632
vn 0.1115 0.9902 0.0835
vn 0.1998 0.9777 -0.0651
vn -0.8043 -0.5918 -0.0537
vn -0.8239 -0.5621 0.0719
vn 0.3942 -0.9179 0.0457
vn 0.3193 -0.9424 -0.0993
vn -0.4007 -0.9153 0.0396
vn -0.3800 -0.9237 -0.0488
vn 0.8540 0.5171 0.0570
vn 0.8844 0.4557 -0.1007
vn 0.6376 -0.2198 -0.7383
vn 0.0699 -0.0832 -0.9941
vn 0.2251 -0.1108 -0.9680
vn 0.2766 -0.7848 0.5546
vn -0.1417 0.6568 0.7407
vn 0.6311 0.5207 0.5751
vn -0.7670 0.2356 0.5968
vn -0.6262 -0.5114 -0.5884
vn -0.2481 -0.0766 -0.9657
vn -0.1385 -0.2406 -0.9607
vn -0.3515 0.8044 -0.4790
vn -0.0338 0.2913 -0.9560
vn 0.0798 0.2492 -0.9652
vn 0.0042 0.8986 -0.4387
vn 0.5053 -0.7281 -0.4632
vn -0.1024 -0.3315 -0.9379
vn 0.7626 0.2792 -0.5834
vn 0.1963 0.1996 -0.9600
vn -0.0807 -0.9404 -0.3304
vn -0.0663 -0.4176 -0.9062
vn -0.0709 0.2098 -0.9752
vn 0.0425 0.2529 -0.9666
vn 0.1754 0.0926 -0.9801
vn -0.2430 0.0886 -0.9660
vn 0.7675 -0.3298 -0.5497
vn 0.1495 -0.9863 -0.0695
vn 0.8813 -0.1946 -0.4307
vn -0.2897 0.2333 -0.9282
vn -0.3593 -0.0432 -0.9322
vn 0.6723 0.7180 -0.1804
vn -0.1419 -0.2608 -0.9549
vn -0.3409 -0.3580 -0.8693
vn 0.3615 0.8200 -0.4438
vn -0.0507 -0.4186 -0.9068
vn -0.4502 0.8273 -0.3360
vn 0.0894 -0.1931 -0.9771
vn -0.7658 0.4857 -0.4214
vn 0.1368 -0.1231 -0.9829
vn -0.7916 0.2839 -0.5411
vn 0.3192 -0.0329 -0.9471
vn 0.3398 0.1780 -0.9235
vn -0.7383 -0.6040 -0.3002
vn 0.1998 0.2970 -0.9337
vn 0.0261 -0.3795 0.9248
vn -0.2770 -0.2148 0.9366
vn -0.1153 -0.3707 0.9216
vn 0.5376 0.8431 0.0124
vn 0.0784 -0.2166 0.9731
vn -0.3312 -0.4467 0.8312
vn 0.8901 0.0495 0.4530
vn -0.3863 -0.0945 0.9175
vn -0.1172 0.2393 0.9639
vn -0.2788 0.0997 0.9552
vn -0.1849 -0.0087 0.9827
vn 0.4016 -0.6476 0.6475
vn -0.2703 0.3493 0.8972
vn -0.0406 0.3942 0.9181
vn -0.2438 -0.7792 0.5774
vn 0.1785 0.2634 0.9480
vn 0.0006 0.1621 0.9868
vn 0.1212 0.1364 0.9832
vn -0.9050 -0.3296 0.2690
vn 0.2485 -0.0205 0.9684
vn 0.3712 0.2180 0.9026
vn -0.2362 0.6981 0.6759
vn -0.6011 0.6697 -0.4362
vn 0.2607 -0.2642 0.9286
vn 0.2651 -0.1929 0.9447
vn 0.3501 -0.9367 -0.0011
vn 0.3440 -0.9389 -0.0102
vn 0.7516 -0.6578 0.0495
vn 0.7538 -0.6571 0.0093
vn -0.0264 -0.1594 0.9869
vn 0.7010 -0.6635 0.2614
vn -0.0783 -0.4281 0.9003
vn 0.1054 -0.0810 0.9911
vn 0.1908 0.0769 0.9786
vn 0.2159 0.0626 0.9744
vn 0.0274 -0.0610 0.9978
vn 0.9954 -0.0431 0.0851
vn 0.9148 0.4035 0.0189
vn 0.7733 -0.6321 -0.0488
vn 0.8712 -0.4728 0.1323
vn 0.4054 0.3508 0.8442
vn 0.0661 0.1475 0.9869
vn 0.0047 0.2389 0.9710
vn 0.4376 0.7825 0.4430
vn -0.0546 0.2682 0.9618
vn -0.1314 0.2568 0.9575
vn -0.1319 0.2565 0.9575
vn -0.2030 0.1626 0.9656
vn -0.3172 0.1376 0.9383
vn -0.1868 -0.0266 0.9820
vn -0.4283 0.1200 0.8956
vn -0.1911 -0.1251 0.9736
vn -0.4994 -0.0872 0.8619
vn -0.0996 -0.3175 0.9430
vn -0.1889 -0.2209 0.9568
vn -0.2147 -0.0434 -0.9757
vn -0.2515 -0.1473 -0.9566
vn -0.2743 -0.2390 -0.9315
vn -0.1002 -0.2670 -0.9585
vn 0.0360 -0.7850 0.6185
vn 0.0980 -0.8872 0.4508
vn -0.1430 0.1618 -0.9764
vn -0.4510 0.1738 -0.8754
vn -0.2635 0.0032 -0.9647
vn -0.1825 0.0638 -0.9811
vn -0.1189 -0.0884 -0.9890
vn 0.3384 -0.3360 -0.8790
vn -0.0313 0.1292 -0.9911
vn -0.1679 0.2792 -0.9455
vn 0.0539 -0.7571 -0.6511
vn -0.6925 -0.6997 -0.1755
vn -0.4210 -0.9036 -0.0791
vn -0.1847 -0.9722 0.1438
vn 0.0869 -0.8563 -0.5091
vn -0.0401 0.0487 0.9980
vn 0.0277 0.0807 0.9964
vn -0.5032 0.0476 0.8629
vn 0.0368 -0.0217 -0.9991
vn 0.5498 0.2148 -0.8072
vn 0.2007 0.1660 -0.9655
vn 0.1902 0.1806 -0.9650
vn 0.0712 0.1967 -0.9779
vn 0.0643 0.1959 -0.9785
vn 0.0260 -0.0285 -0.9993
vn -0.0249 0.2959 -0.9549
vn -0.0542 0.2753 -0.9598
vn -0.1543 0.3134 -0.9370
vn 0.8540 0.5172 0.0570
vn 0.4314 -0.2462 0.8679
vn -0.2161 -0.5270 0.8219
vn 0.6308 0.5205 0.5754
vn -0.7667 0.2356 0.5972
vn -0.6307 -0.5151 -0.5804
vn -0.2213 -0.0903 -0.9710
vn 0.7668 0.2827 -0.5764
vn -0.7552 -0.3642 -0.5450
vn -0.6467 -0.6463 -0.4051
vn 0.4650 0.7476 -0.4743
vn 0.6701 0.4958 -0.5524
vn 0.9248 0.2681 -0.2700
vn 0.6083 -0.6465 -0.4604
vn 0.1479 -0.8130 -0.5632
vn 0.1919 -0.4721 -0.8604
vn -0.2365 -0.7702 -0.5923
vn -0.2673 0.0566 -0.9619
vn -0.8117 0.0458 -0.5823
vn -0.6960 0.4534 -0.5567
vn -0.1756 0.1907 -0.9658
vn 0.4795 0.8743 0.0753
vn -0.4349 0.8984 -0.0616
vn -0.1577 0.9854 0.0644
vn -0.9958 -0.0920 -0.0005
vn -0.9124 0.4093 0.0038
vn -0.0246 -0.0317 0.9992
vn -0.0691 0.0630 -0.9956
vn -0.0890 -0.1145 -0.9894
vn -0.0476 -0.0602 -0.9971
vn 0.0518 0.7569 0.6514
vn -0.9334 -0.0021 -0.3588
vn -0.9336 -0.0000 -0.3584
vn -0.7486 0.5982 -0.2859
vn -0.7388 -0.6082 -0.2902
vn 0.8194 0.0561 0.5705
vn 0.7155 0.0610 0.6959
vn 0.9998 -0.0080 0.0207
vn 0.9998 -0.0000 0.0193
vn 0.1696 0.0390 0.9847
vn 0.1564 -0.0000 0.9877
vn -0.1836 -0.1552 0.9707
vn 0.0162 0.5703 0.8213
vn 0.2101 -0.6679 0.7140
vn -0.1193 0.6646 -0.7376
vn 0.2651 -0.0799 -0.9609
vn 0.0934 0.9707 -0.2212
vn 0.0443 -0.9042 0.4248
vn -0.2523 -0.6741 -0.6942
vn 0.1926 -0.9642 -0.1823
vn -0.0752 -0.8807 -0.4677
vn -0.2977 -0.9385 0.1748
vn 0.0376 0.8722 0.4876
vn -0.5471 -0.0931 0.8319
vn -0.5004 0.7888 0.3569
vn -0.3814 -0.8242 0.4187
vn -0.9983 -0.0477 0.0322
vn -0.9996 -0.0293 0.0059
vn -0.4287 -0.5830 -0.6902
vn -0.3179 -0.9479 0.0212
vn -0.5110 -0.8595 -0.0155
vn -0.9800 -0.1916 -0.0543
vn -0.3715 0.8270 -0.4220
vn -0.9845 0.1439 -0.0998
vn -0.9925 0.1080 -0.0575
vn -0.0357 -0.7878 0.6149
vn 0.1152 -0.9538 -0.2775
vn 0.2490 0.9572 0.1475
vn 0.0690 0.7840 0.6169
vn -0.9924 -0.0479 -0.1131
vn -0.9830 -0.0073 -0.1834
vn 0.4026 -0.1691 0.8996
vn -0.3795 0.3126 -0.8707
vn 0.9904 0.0384 -0.1328
vn -0.9864 0.0884 -0.1384
vn 0.9586 -0.0168 -0.2844
vn 0.9666 -0.0292 -0.2547
vn 0.9755 0.1446 -0.1657
vn 0.9516 0.2942 -0.0889
vn 0.9587 -0.2825 -0.0324
vn 0.8310 -0.3521 0.4307
vn -0.2131 0.6944 -0.6873
vn 0.7365 0.4051 -0.5418
vn 0.8323 -0.0750 -0.5492
vn -0.0925 -0.2447 0.9652
vn 0.4051 -0.3374 0.8498
vn -0.0646 0.4423 0.8946
vn 0.6049 0.4653 0.6462
vn -0.0599 0.2096 0.9760
vn 0.7828 0.0400 0.6210
vn -0.0735 0.4503 0.8898
vn -0.0113 0.0596 0.9982
vn 0.8847 -0.4075 -0.2266
vn 0.1212 -0.7217 -0.6815
vn 0.8193 0.1256 -0.5595
vn 0.3518 -0.5459 -0.7605
vn 0.0001 0.7106 0.7036
vn -0.0026 1.0000 0.0053
vn -0.0029 1.0000 0.0053
vn -0.0019 0.7009 0.7133
vn 0.9065 -0.3732 0.1976
vn 0.9905 0.1265 0.0533
vn 0.9678 0.2175 0.1264
vn 0.4000 0.9134 0.0757
vn 0.4812 0.8766 -0.0000
vn 0.9540 0.2793 -0.1089
vn -0.0027 -1.0000 0.0055
vn -0.0026 -1.0000 0.0055
vn -0.0046 -0.7056 0.7086
vn -0.0067 -0.7059 0.7083
vn 0.1768 0.2095 -0.9617
vn 0.0932 0.3218 -0.9422
vn -0.7958 0.5776 -0.1818
vn -0.9256 -0.2814 0.2532
vn -0.6136 -0.7861 -0.0746
vn -0.1397 0.9902 -0.0000
vn -0.3103 0.9217 -0.2328
vn 0.4236 -0.0004 0.9059
vn 0.4244 0.0022 0.9055
vn 0.4243 0.0022 0.9055
vn 0.4234 -0.0006 0.9060
vn 0.4232 -0.0025 0.9060
vn 0.4229 -0.0028 0.9062
vn 0.6837 -0.7296 -0.0156
vn 0.6404 -0.7672 -0.0355
vn 0.4223 -0.0028 0.9065
vn 0.4236 0.0030 0.9059
vn -0.5646 -0.7752 -0.2833
vn -0.0911 0.9699 0.2257
vn -0.1765 0.9702 -0.1662
vn 0.6834 0.7157 0.1438
vn 0.1352 0.6153 -0.7766
vn -0.0200 0.9827 0.1839
vn -0.2503 -0.9630 0.0996
vn -0.1279 -0.9539 -0.2715
vn 0.0188 -0.9714 -0.2365
vn 0.0218 -0.9777 0.2090
vn -0.0100 0.9767 -0.2144
vn 0.1978 -0.9453 -0.2595
vn -0.0000 -0.9931 -0.1174
vn 0.0068 0.2998 -0.9540
vn -0.0000 0.2981 -0.9545
vn 0.0338 0.0740 -0.9967
vn 0.0404 0.0703 -0.9967
vn 0.7525 -0.0835 0.6532
vn 0.8771 -0.2417 0.4151
vn 0.8649 -0.4669 -0.1843
vn 1.0000 0.0031 -0.0075
vn -0.0084 -0.9820 -0.1886
vn -0.0334 -0.6229 -0.7816
vn -0.0230 -0.6408 -0.7673
vn -0.0000 -0.9825 -0.1863
vn 0.1141 -0.4721 -0.8741
vn 0.0940 0.2411 -0.9659
vn 0.0648 -0.1217 -0.9904
vn 0.0973 -0.9922 0.0776
vn -0.0922 -0.9926 0.0791
vn -0.0081 0.3340 0.9425
vn 0.0108 -0.5372 0.8434
vn 0.0344 -0.5406 0.8406
vn -0.1575 0.5429 -0.8249
vn 0.0169 0.6192 -0.7851
vn 0.0472 0.9776 -0.2051
vn 0.0460 0.9776 -0.2052
vn 0.0642 0.6152 -0.7857
vn 0.5770 0.4878 -0.6551
vn -0.0562 0.8673 -0.4946
vn -0.2035 0.9041 -0.3756
vn 0.7764 0.5539 0.3007
vn 0.4025 0.7673 0.4992
vn 0.8127 0.3542 0.4626
vn 0.6024 0.1597 0.7821
vn -0.9802 -0.1969 0.0210
vn -0.9727 0.0146 0.2315
vn 0.0024 0.0405 0.9992
vn -0.0498 0.7194 0.6928
vn 0.1108 0.7162 0.6890
vn -0.0000 0.0401 0.9992
vn -0.0024 0.0405 -0.9992
vn 0.0498 0.7195 -0.6928
vn -0.1108 0.7162 -0.6890
vn -0.0000 0.0401 -0.9992
vn 0.8463 -0.5319 -0.0296
vn 0.9938 -0.0178 0.1096
vn 0.9995 -0.0092 0.0292
vn 1.0000 0.0014 -0.0039
vn 1.0000 0.0013 -0.0047
vn 1.0000 0.0025 -0.0033
vn 0.9999 0.0025 0.0139
vn -0.4096 -0.9123 -0.0005
vn -0.4069 -0.9135 -0.0000
vn -0.0095 -0.9755 -0.2199
vn -0.2663 -0.9112 0.3144
vn 0.9999 -0.0149 -0.0000
vn 0.6157 -0.7872 -0.0350
vn 0.7869 -0.6169 0.0144
vn 0.7843 -0.6204 -0.0096
vn 0.6600 -0.7512 0.0090
vn 0.9999 -0.0078 0.0108
vn 0.9997 -0.0264 -0.0000
vn 0.1086 -0.9595 0.2601
vn 0.3705 -0.9030 0.2175
vn 0.7472 -0.6163 0.2487
vn 0.2034 0.0968 0.9743
vn 0.5940 0.7861 -0.1711
vn -0.7395 0.6694 0.0711
vn -0.4547 -0.0916 -0.8859
vn -0.5686 -0.6912 -0.4459
vn -0.7071 0.0001 0.7072
vn -0.7071 -0.0001 0.7071
vn -0.7071 -0.0000 0.7071
vn -0.3248 -0.9196 -0.2209
vn -0.1633 -0.9644 -0.2080
vn -0.7073 -0.0000 0.7069
vn -0.7072 -0.0000 0.7070
vn -0.7071 0.0001 0.7071
vn -0.7072 -0.0000 0.7071
vn -0.7070 -0.0000 0.7072
vn 0.6482 0.1161 -0.7525
vn 0.5907 -0.0082 -0.8069
vn 0.7424 0.6185 0.2577
vn 0.8310 -0.5492 0.0879
vn 0.9028 -0.3043 -0.3039
vn 0.2616 -0.9028 -0.3415
vn -0.0556 -0.6293 -0.7751
vn -0.7070 0.0001 0.7072
vn 0.4819 -0.2194 -0.8483
vn 0.6706 0.0805 -0.7374
vn 0.3605 -0.9059 -0.2223
vn -0.7069 0.0001 0.7073
vn -0.7071 0.0002 0.7071
vn -0.7071 0.0003 0.7071
vn 0.7336 -0.3586 0.5773
vn -0.5172 -0.4390 -0.7347
vn -0.6967 0.4422 -0.5648
vn 0.3348 0.9422 0.0150
vn -0.1596 0.6750 -0.7203
vn -0.7072 0.0001 0.7070
vn 0.7813 0.3670 -0.5048
vn 0.6887 -0.1050 -0.7175
vn 0.8942 -0.4376 -0.0940
vn 0.9762 0.0054 -0.2170
vn 0.9497 0.1079 0.2940
vn 0.5796 -0.3764 0.7228
vn -0.8515 0.3646 -0.3767
vn -0.9582 -0.0212 -0.2853
vn -0.8924 0.0176 -0.4509
vn -0.8817 0.3627 -0.3018
vn -0.4467 0.4977 -0.7435
vn -0.4676 -0.5000 0.7289
vn -0.2630 -0.2092 0.9419
vn -0.8075 -0.2376 0.5399
vn -0.1562 -0.3445 -0.9257
vn -0.1800 -0.3349 -0.9249
vn 0.6498 0.1583 -0.7435
vn -0.0086 0.0954 -0.9954
vn 0.4948 0.0722 -0.8660
vn -0.2762 0.5311 -0.8010
vn 0.1079 0.6005 -0.7923
vn -0.2784 0.9483 0.1521
vn 0.1449 0.9698 -0.1962
vn 0.6953 0.4836 -0.5316
vn 0.2736 0.9021 0.3337
vn 0.6885 0.6457 0.3304
vn 0.4104 0.8405 0.3536
vn 0.6860 0.4234 0.5917
vn 0.8124 0.0749 0.5782
vn 0.9636 -0.0224 -0.2664
vn 0.5177 0.5132 -0.6845
vn 0.9904 0.1157 0.0754
vn 0.7342 -0.6725 0.0935
vn 0.9528 -0.3025 0.0245
vn 0.6468 -0.7264 0.2324
vn 0.3365 -0.9059 0.2570
vn 0.5056 -0.8241 0.2554
vn 0.1702 -0.9558 0.2396
vn -0.3626 -0.9008 0.2390
vn -0.5085 -0.8135 0.2823
vn 0.1100 -0.9577 0.2658
vn -0.8142 -0.5729 0.0942
vn -0.9284 -0.3362 0.1581
vn -0.9919 -0.0637 -0.1101
vn -0.9871 0.0305 0.1570
vn -0.8451 0.5342 0.0199
vn -0.8325 0.5079 -0.2214
vn -0.5496 0.8288 -0.1052
vn -0.9497 0.3104 0.0414
vn -0.3116 0.8465 -0.4317
vn -0.1456 0.9794 0.1399
vn 0.6359 0.7653 -0.1001
vn 0.5253 0.8509 0.0095
vn 0.9888 0.1389 -0.0542
vn 0.7033 0.3881 -0.5956
vn 0.9217 0.3713 0.1125
vn 0.4276 -0.2446 -0.8703
vn 0.4775 -0.0780 -0.8752
vn 0.9821 -0.1776 0.0627
vn 0.4266 -0.2581 -0.8669
vn 0.4296 -0.1858 -0.8837
vn 0.5633 -0.7932 -0.2314
vn 0.6740 -0.4050 -0.6178
vn 0.9598 -0.2783 0.0353
vn 0.9281 -0.2591 -0.2675
vn 0.5700 -0.7822 -0.2515
vn 0.9725 0.0531 -0.2266
vn 0.9995 -0.0324 -0.0015
vn -0.7754 -0.6295 0.0507
vn -0.8457 -0.5011 -0.1837
vn -0.9896 -0.1369 -0.0443
vn -0.9376 -0.1227 -0.3253
vn -0.9707 0.2164 -0.1045
vn 0.9508 0.2903 -0.1080
vn -0.7636 0.5213 -0.3810
vn -0.5758 0.7754 -0.2593
vn -0.9122 0.1570 -0.3785
vn -0.2286 0.2863 -0.9305
vn 0.0835 0.2718 -0.9587
vn -0.5367 0.8276 -0.1642
vn -0.8239 0.5536 0.1211
vn -0.9941 -0.0196 -0.1063
vn -0.9028 -0.4272 0.0498
vn -0.5665 -0.8225 0.0504
vn 0.0314 -0.9356 0.3518
vn 0.9434 -0.3317 0.0030
vn 0.9974 0.0599 -0.0398
vn 0.7642 0.6387 0.0896
vn -0.8962 0.4398 0.0581
vn -0.7480 0.6635 -0.0153
vn -0.2447 0.9696 -0.0037
vn 0.9681 -0.2115 0.1343
vn 0.9972 0.0158 0.0730
vn 0.9958 0.0822 0.0415
vn 0.9213 -0.3846 -0.0571
vn 0.7856 -0.5804 0.2142
vn 0.6008 -0.7994 0.0006
vn 0.0978 -0.9883 0.1167
vn 0.1354 -0.9740 0.1817
vn 0.6340 -0.7688 0.0835
vn -0.1078 -0.9727 0.2055
vn -0.0465 -0.9979 0.0452
vn -0.6067 -0.7707 0.1948
vn -0.9202 -0.3826 0.0831
vn -0.8753 -0.4186 0.2420
vn -0.5574 -0.7444 0.3677
vn -0.9736 -0.1564 0.1663
vn -0.9870 -0.1554 0.0415
vn -0.9967 0.0817 0.0005
vn -0.9108 -0.0833 -0.4043
vn 0.8271 -0.5032 0.2505
vn -0.0008 -0.9669 -0.2553
vn -0.5277 -0.8199 -0.2220
vn -0.7327 0.6552 -0.1843
vn -0.3199 0.8510 -0.4165
vn 0.0157 0.9038 -0.4276
vn 0.4967 0.7648 -0.4104
vn 0.5650 0.7936 -0.2260
vn 0.6500 0.4011 -0.6455
vn 0.1227 -0.7300 -0.6723
vn -0.3511 0.1309 -0.9272
vn -0.8941 0.0764 -0.4413
vn -0.3585 -0.9323 -0.0482
vn -0.5179 -0.5208 -0.6786
vn -0.9880 0.1153 0.1029
vn 0.0085 -0.9364 0.3508
vn 0.2122 -0.9197 0.3304
vn 0.1976 0.9763 0.0879
vn 0.4451 0.8955 -0.0022
vn 0.8814 0.4724 0.0007
vn 0.5118 -0.8098 0.2867
vn -0.3949 -0.2766 -0.8761
vn -0.0379 -0.8931 0.4483
vn 0.1595 -0.8877 0.4320
vn 0.9008 -0.4316 0.0479
vn 0.9886 -0.0666 0.1352
vn 0.9832 -0.1813 -0.0224
vn 0.9871 0.1180 -0.1087
vn 0.4782 0.8783 0.0013
vn -0.2732 0.9620 -0.0036
vn -0.9548 0.2951 -0.0352
vn -0.9985 -0.0183 -0.0514
vn -0.9398 -0.3054 0.1531
vn -0.9614 -0.2650 0.0746
vn -0.8031 -0.4376 -0.4043
vn -0.4747 -0.8756 0.0888
vn -0.8449 -0.5349 -0.0062
vn -0.8044 0.5398 0.2480
vn -0.4144 0.7655 0.4922
vn -0.5941 0.5595 0.5779
vn -0.1455 0.6029 0.7845
vn -0.7320 0.3198 0.6016
vn -0.7959 0.0752 0.6007
vn -0.9237 -0.1703 0.3431
vn -0.3721 -0.7999 0.4709
vn 0.1048 -0.9158 0.3877
vn 0.0893 -0.8206 0.5645
vn 0.2118 -0.6369 0.7413
vn 0.1939 -0.8245 0.5316
vn 0.4771 -0.7956 0.3733
vn -0.0563 -0.5209 0.8517
vn 0.2183 -0.1968 0.9558
vn 0.3585 -0.0660 0.9312
vn 0.5139 -0.8567 0.0456
vn 0.2091 -0.9163 0.3415
vn 0.1322 -0.9505 0.2814
vn -0.2369 -0.9666 0.0975
vn 0.1513 -0.9854 0.0785
vn -0.9831 -0.1797 0.0343
vn -0.9998 -0.0142 -0.0153
vn 0.3158 0.9132 -0.2574
vn 0.8243 0.5255 -0.2107
vn 0.9814 0.1918 -0.0044
vn 0.9875 -0.0503 0.1491
vn 0.6304 -0.7670 0.1200
vn 0.9898 0.0353 0.1379
vn -0.1231 -0.9823 0.1411
vn -0.0116 -0.9606 0.2778
vn 0.4685 -0.8659 0.1754
vn -0.9558 -0.2834 0.0781
vn -0.8738 -0.4861 0.0123
vn -0.8946 -0.4183 0.1568
vn 0.9883 0.0816 -0.1292
vn 0.8652 -0.4664 -0.1842
vn 0.9798 -0.0320 0.1972
vn -0.9213 -0.1651 -0.3519
vn -0.9909 0.0071 -0.1341
vn -0.8955 0.4431 -0.0408
vn 0.9394 0.2258 -0.2578
vn 0.8966 -0.2971 -0.3284
vn 0.8359 0.5253 -0.1594
vn -0.9840 0.0087 0.1778
vn -0.9946 -0.0799 0.0656
vn 0.9988 0.0346 0.0358
vn 0.9659 -0.1622 0.2016
vn 0.9715 -0.1833 -0.1500
vn 0.9656 0.2263 -0.1283
vn 0.7425 0.5445 -0.3902
vn 0.5460 0.8303 -0.1117
vn -0.9631 -0.1532 0.2211
vn -0.9266 0.3736 -0.0417
vn -0.8911 0.4306 -0.1434
vn 0.9626 0.2605 0.0743
vn 0.9955 -0.0850 0.0409
vn 0.7886 0.5395 0.2949
vn 0.7290 0.5995 -0.3304
vn -0.9964 -0.0584 -0.0613
vn -0.7625 -0.5676 0.3106
vn 0.9855 0.1606 -0.0552
vn 0.9614 0.2212 0.1639
vn -0.8103 -0.4483 0.3774
vn -0.9721 -0.1953 0.1297
vn -0.7660 -0.6388 0.0717
vn -0.9478 0.1132 0.2980
vn -0.8199 0.4388 0.3677
vn 0.0228 0.6967 0.7170
vn -0.5725 0.8160 0.0799
vn -0.0878 -0.6564 0.7493
vn 0.3784 -0.2301 0.8966
vn -0.0603 0.9775 0.2021
vn -0.0773 0.3532 0.9324
vn -0.2956 0.9132 0.2806
vn -0.2180 -0.5537 0.8037
vn 0.2242 -0.8867 0.4044
vn -0.0577 0.6460 0.7611
vn -0.5022 -0.0722 0.8617
vn -0.9859 -0.1557 0.0620
vn -0.9361 0.3417 0.0831
vn 0.0557 -0.9828 -0.1762
vn 0.3670 -0.9267 -0.0805
vn 0.3344 -0.0795 0.9391
vn 0.0991 0.0464 0.9940
vn 0.6905 -0.1540 0.7068
vn 0.5157 -0.7515 -0.4114
vn 0.3674 -0.9248 0.0986
vn 0.0218 -0.9877 -0.1546
vn -0.0264 -0.9691 0.2453
vn 0.5611 -0.6973 0.4460
vn -0.3094 -0.9437 0.1170
vn -0.4934 -0.8318 -0.2543
vn -0.5816 -0.7764 0.2427
vn -0.1639 -0.9430 0.2896
vn -0.9228 -0.3326 0.1947
vn -0.9775 0.2110 0.0069
vn -0.9996 -0.0258 0.0060
vn -0.8603 0.4975 0.1109
vn -0.7285 0.6813 -0.0709
vn -0.3101 0.9507 -0.0075
vn -0.1401 0.9884 -0.0580
vn 0.4414 0.8968 -0.0304
vn 0.5246 0.8462 0.0934
vn 0.9215 0.3236 -0.2148
vn 0.9351 0.2230 0.2752
vn 0.6928 0.7096 0.1283
vn 0.9454 -0.3242 -0.0338
vn 0.8283 -0.5491 -0.1116
vn 0.6778 -0.7351 0.0123
vn 0.3158 -0.9400 -0.1288
vn 0.8502 -0.5239 -0.0512
vn -0.2193 -0.9756 -0.0091
vn -0.3223 -0.9463 -0.0254
vn -0.6167 -0.7732 0.1481
vn -0.6093 -0.7901 -0.0679
vn -0.6733 -0.7345 0.0840
vn -0.9523 -0.3041 0.0238
vn -0.8223 -0.5452 0.1629
vn -0.9357 -0.3110 0.1664
vn -0.9749 -0.1737 0.1391
vn -0.8716 -0.4899 -0.0176
vn -0.9044 0.4267 0.0055
vn -0.4897 0.8719 -0.0042
vn -0.4867 0.8728 -0.0358
vn -0.0486 0.9960 -0.0751
vn 0.2885 0.9574 -0.0127
vn 0.7622 0.6466 0.0312
vn 0.5831 0.8121 0.0238
vn 0.9324 0.2980 0.2044
vn 0.8887 0.4502 0.0871
vn 0.7919 0.6102 0.0228
vn 0.9873 0.1493 0.0544
vn 0.9381 -0.3454 -0.0271
vn 0.9977 -0.0339 -0.0589
vn 0.8978 -0.4061 0.1705
vn 0.9076 -0.3622 -0.2124
vn 0.6077 -0.7940 0.0137
vn 0.1639 -0.9865 -0.0056
vn 0.5622 -0.8268 -0.0208
vn 0.0033 -0.9494 -0.3140
vn -0.5336 -0.8445 -0.0464
vn -0.4378 -0.8989 -0.0183
vn -0.3740 -0.8790 -0.2956
vn -0.7953 -0.5701 -0.2061
vn -0.8621 -0.5066 -0.0138
vn -0.9829 -0.1839 -0.0044
vn -0.8996 -0.3776 -0.2192
vn -0.9609 -0.0469 -0.2730
vn -0.8588 0.4362 -0.2687
vn -0.9729 0.0612 -0.2228
vn -0.4449 0.8955 0.0116
vn -0.6840 0.6780 0.2691
vn 0.0435 0.8466 -0.5304
vn 0.3892 0.9193 -0.0586
vn 0.4558 0.8836 0.1074
vn 0.8703 -0.2754 -0.4083
vn 0.3782 0.0979 -0.9205
vn -0.2074 -0.0234 -0.9780
vn 0.1276 0.9751 0.1814
vn -0.5619 0.8167 -0.1315
vn 0.0966 0.9943 -0.0446
vn -0.5886 -0.7930 0.1568
vn -0.9316 -0.3592 0.0555
vn -0.9506 -0.3102 0.0090
vn -0.9511 0.3017 0.0655
vn -0.9961 -0.0873 0.0118
vn 0.9041 0.1798 -0.3876
vn 0.5523 0.3132 -0.7726
vn 0.2168 0.7729 -0.5963
vn -0.0739 0.9945 0.0747
vn -0.4289 0.8872 -0.1702
vn -0.8654 0.5010 -0.0064
vn -0.8091 0.1677 -0.5633
vn -0.5068 0.4269 -0.7489
vn -0.0377 -0.4823 -0.8752
vn 0.2854 -0.2151 -0.9339
vn -0.7358 -0.6728 -0.0769
vn -0.3784 -0.9254 -0.0198
vn -0.3937 -0.8720 0.2909
vn -0.5438 -0.8373 -0.0558
vn -0.8676 -0.4951 -0.0457
vn 0.0095 -1.0000 -0.0024
vn 0.5683 -0.7569 -0.3226
vn 0.7924 0.6100 0.0075
vn -0.0728 0.9967 0.0366
vn -0.8483 0.5293 -0.0126
vn -0.5291 0.8462 0.0633
vn -0.0238 0.9986 0.0466
vn 0.3806 0.9237 0.0452
vn 0.9888 -0.0954 -0.1152
vn 0.6775 -0.7324 0.0673
vn -0.3659 -0.8723 0.3242
vn 0.0629 -0.9221 0.3818
vn 0.5029 -0.7712 0.3903
vn 0.8469 -0.4392 0.2999
vn -0.7911 -0.6113 -0.0200
vn -0.6534 -0.6533 0.3825
vn -0.6012 -0.7459 0.2867
vn -0.2946 -0.9383 0.1809
vn 0.3906 -0.9204 0.0192
vn 0.8211 -0.5706 -0.0140
vn 0.9838 -0.1262 0.1274
vn 0.9839 0.1758 -0.0320
vn 0.7165 0.6953 -0.0574
vn 0.1137 0.9747 0.1926
vn -0.4359 0.9000 0.0038
vn -0.9570 0.2900 0.0025
vn -0.9696 0.1673 -0.1786
vn -0.8244 -0.5606 -0.0778
vn -0.2742 -0.9583 -0.0804
vn -0.1905 -0.9801 -0.0553
vn 0.2298 -0.9724 0.0390
vn 0.7979 -0.5952 0.0956
vn 0.9181 -0.3950 -0.0340
vn 0.6114 -0.7861 -0.0912
vn 0.1409 -0.9801 -0.1399
vn -0.2970 -0.9509 -0.0871
vn -0.6184 -0.7859 0.0004
vn -0.9060 -0.3290 -0.2664
vn -0.7717 0.6149 0.1622
vn -0.9907 -0.0044 0.1358
vn 0.9430 0.3159 -0.1049
vn 0.9687 -0.0729 -0.2373
vn 0.9876 -0.1556 -0.0186
vn 0.2696 -0.9437 0.1919
vn -0.3734 -0.9277 0.0004
vn -0.1262 -0.9919 0.0108
vn -0.7933 -0.6040 0.0767
vn -0.9709 -0.2395 0.0037
vn -0.9596 0.2811 -0.0087
vn -0.5500 0.8340 0.0430
vn -0.2161 0.9329 -0.2882
vn -0.8628 0.5023 -0.0576
vn 0.9901 -0.0728 0.1196
vn 0.9935 0.0692 0.0907
vn -0.9598 0.2799 -0.0207
vn -0.8902 -0.4017 0.2150
vn -0.9255 -0.3785 -0.0113
vn -0.1778 -0.9810 0.0775
vn -0.3020 -0.9426 -0.1422
vn 0.9828 -0.1468 -0.1118
vn 0.8332 0.4852 0.2652
vn 0.2942 0.9531 -0.0709
vn 0.0754 0.9747 -0.2104
vn -0.1392 0.9864 0.0878
vn -0.1684 0.1041 0.9802
vn -0.0005 0.0905 0.9959
vn -0.5606 0.2303 0.7954
vn -0.4527 -0.7796 -0.4328
vn 0.9850 -0.1530 -0.0802
vn 0.9447 0.2711 0.1843
vn 0.6211 0.5816 0.5254
vn -0.4626 -0.8865 0.0127
vn 0.0514 -0.9967 -0.0631
vn -0.0814 -0.9956 0.0473
vn -0.7534 -0.0121 0.6575
vn -0.5727 0.2193 0.7898
vn -0.3719 0.7364 0.5652
vn -0.0948 0.9276 0.3614
vn 0.7915 -0.6099 -0.0405
vn 0.1757 -0.8619 -0.4756
vn -0.0485 -0.9057 -0.4212
vn -0.8324 -0.3724 -0.4104
vn -0.9597 -0.2419 -0.1432
vn -0.9578 0.0611 0.2808
vn -0.8341 0.5415 -0.1051
vn -0.3834 0.9110 0.1523
vn 0.0723 0.9846 0.1595
vn 0.5062 0.8489 0.1522
vn 0.8506 0.5257 -0.0057
vn 0.9910 0.1340 -0.0048
vn 0.9876 -0.0081 -0.1570
vn 0.8842 -0.4665 -0.0247
vn 0.7585 -0.6422 0.1108
vn 0.2321 -0.9444 0.2329
vn 0.0475 -0.9985 -0.0285
vn -0.2424 -0.9700 0.0194
vn -0.5983 -0.7997 0.0508
vn -0.5899 -0.8067 -0.0342
vn -0.3530 -0.9356 0.0077
vn -0.6973 -0.7104 -0.0955
vn -0.6415 -0.7669 -0.0157
vn -0.9353 -0.3112 -0.1684
vn -0.3672 -0.9211 0.1295
vn 0.2442 -0.9690 -0.0383
vn 0.4820 -0.8758 -0.0262
vn 0.8149 -0.5097 -0.2757
vn -0.4166 0.9060 -0.0750
vn -0.6568 0.7373 -0.1580
vn -0.5930 -0.5509 0.5872
vn -0.1467 -0.9825 -0.1144
vn 0.2568 0.8320 0.4917
vn -0.1877 0.9671 0.1718
vn 0.4046 -0.8482 0.3417
vn 0.3618 -0.5081 0.7816
vn 0.6057 -0.2998 0.7371
vn 0.8311 -0.4298 0.3530
vn 0.9856 0.0615 0.1575
vn 0.8018 0.1982 0.5638
vn 0.4040 0.3543 0.8433
vn 0.0753 0.5179 0.8521
vn 0.0570 0.8380 0.5427
vn 0.2466 0.8163 0.5224
vn 0.0474 0.6252 0.7790
vn -0.1693 0.4283 0.8876
vn -0.4638 0.6117 0.6408
vn -0.9357 0.1807 -0.3030
vn -0.2424 -0.9596 0.1429
vn 0.9728 0.0140 0.2312
vn 0.7578 -0.6524 0.0046
vn -0.0048 -0.9985 -0.0548
vn -0.3375 -0.9402 -0.0461
vn 0.3281 -0.1088 -0.9384
vn -0.8500 -0.2943 -0.4369
vn 0.4394 -0.2574 -0.8606
vn 0.5562 -0.7922 -0.2509
vn 0.9669 -0.2463 0.0666
vn 0.0975 -0.9557 -0.2778
vn 0.1640 -0.3336 -0.9283
vn 0.3314 0.3500 -0.8762
vn 0.3131 -0.8065 -0.5016
vn -0.2775 -0.1795 -0.9438
vn 0.5385 0.8351 -0.1123
vn 0.3299 0.9293 -0.1657
vn 0.9179 0.3967 0.0112
vn 0.2475 -0.5859 -0.7716
vn 0.1769 -0.9837 -0.0311
vn 0.5459 0.8367 -0.0439
vn -0.9963 -0.0848 -0.0164
vn -0.9872 -0.0766 -0.1399
vn -0.2989 0.9119 0.2811
vn 0.0146 0.5733 0.8192
vn -0.9640 -0.2286 -0.1358
vn 0.6340 0.2774 0.7219
vn -0.9544 0.1678 0.2468
vn -0.8593 0.1298 -0.4948
vn 0.1371 -0.0668 0.9883
vn 0.7248 0.4244 -0.5427
vn -0.3891 0.8726 -0.2952
vn 0.6607 0.2097 -0.7208
vn -0.6736 0.1159 -0.7299
vn -0.6464 -0.4167 -0.6392
vn 0.8344 -0.2648 0.4835
vn 0.4527 -0.8045 -0.3845
vn -0.7762 -0.5788 -0.2501
vn -0.9995 -0.0322 0.0055
vn -0.9854 0.1603 0.0577
vn -0.9571 -0.2692 -0.1075
vn -0.1209 0.9804 0.1557
vn 0.1273 -0.9902 -0.0581
vn -0.6928 0.0184 0.7209
vn -0.7366 -0.6375 -0.2259
vn 0.6940 -0.6931 0.1947
vn 0.7946 -0.2875 0.5348
vn -0.5865 -0.3880 0.7110
vn -0.2901 0.8317 -0.4735
vn -0.7788 0.4079 -0.4765
vn -0.0431 0.7775 -0.6274
vn 0.5904 -0.2792 -0.7573
vn -0.6271 -0.6225 0.4683
vn 0.4153 -0.0811 -0.9060
vn -0.9927 -0.1046 0.0597
vn 0.4257 0.5875 0.6882
vn -0.6542 -0.1250 0.7459
vn -0.4859 -0.6863 -0.5412
vn -0.5880 0.7341 0.3397
vn 0.2429 0.9281 0.2823
vn -0.7405 0.6234 -0.2512
vn -0.0239 -0.9691 0.2457
vn -0.1508 0.6069 -0.7803
vn 0.3046 -0.4435 0.8429
vn 0.4444 0.2115 -0.8705
vn -0.9752 0.1954 -0.1034
vn -0.9917 -0.0132 -0.1280
vn 0.4057 0.3311 -0.8519
vn -0.4079 0.3217 -0.8544
vn -0.5851 -0.6547 0.4787
vn -0.1879 -0.9820 0.0198
vn -0.7312 0.6310 -0.2592
vn -0.4304 -0.8977 0.0945
vn -0.6724 -0.2295 -0.7037
vn 0.1296 -0.9246 0.3582
vn -0.8052 0.5829 -0.1088
vn 0.8796 0.1850 0.4382
vn 0.9644 0.0669 -0.2558
vn 0.3187 0.5560 0.7677
vn 0.2858 0.9222 0.2604
vn 0.0070 0.4040 0.9147
vn -0.7676 0.5654 -0.3018
vn -0.2045 0.7795 -0.5920
vn 0.4051 -0.8038 -0.4357
vn -0.0404 -0.3509 -0.9355
vn -0.4310 0.7762 0.4603
vn 0.2842 -0.1429 -0.9480
vn -0.5396 -0.8210 -0.1864
vn 0.3463 -0.4245 0.8366
vn -0.8847 0.3442 -0.3143
vn -0.9306 0.2550 -0.2626
vn 0.5798 0.7855 0.2166
vn -0.8882 -0.1902 0.4182
vn -0.5664 0.7885 0.2399
vn 0.3861 0.2280 0.8938
vn 0.5582 -0.4417 -0.7024
vn 0.7048 -0.1134 0.7003
vn 0.1479 -0.8802 0.4510
vn -0.2468 0.8908 -0.3816
vn 0.7314 0.5204 0.4408
vn -0.7634 -0.4992 0.4099
vn -0.9269 -0.3691 -0.0688
vn -0.5776 0.0673 0.8135
vn 0.3073 0.2960 -0.9044
vn -0.3194 -0.8782 -0.3561
vn 0.9761 -0.0917 -0.1972
vn -0.1922 0.9780 -0.0810
vn -0.7721 -0.5406 -0.3342
vn -0.9772 -0.1881 0.0984
vn -0.0861 -0.8347 0.5439
vn 0.8958 0.3770 -0.2353
vn -0.9342 -0.3295 -0.1366
vn -0.1849 0.5703 -0.8004
vn -0.9029 -0.4168 0.1055
vn 0.4167 -0.2376 0.8774
vn -0.2950 0.2821 -0.9129
vn -0.8424 -0.5359 -0.0567
vn 0.3412 0.8939 -0.2908
vn -0.6842 -0.6869 -0.2451
vn 0.4349 0.7317 0.5249
vn 0.3104 0.9104 0.2737
vn -0.6899 0.1879 0.6991
vn 0.8392 -0.3736 -0.3952
vn 0.7736 -0.4987 0.3909
vn -0.7193 -0.6003 -0.3497
vn -0.5687 -0.7162 0.4044
vn 0.7784 -0.5594 -0.2849
vn -0.8750 0.2114 0.4356
vn -0.9444 0.2860 0.1622
vn 0.2838 0.8168 -0.5023
vn -0.3942 0.9105 0.1251
vn 0.1632 0.4610 -0.8723
vn -0.4070 -0.0680 0.9109
vn 0.6396 -0.0850 -0.7640
vn -0.9430 -0.3328 0.0089
vn -0.8572 -0.0384 0.5135
vn -0.5793 -0.5336 -0.6162
vn 0.7734 -0.4205 -0.4744
vn -0.9423 0.1067 0.3174
vn 0.9156 -0.3566 -0.1856
vn -0.8325 -0.5525 0.0412
vn -0.5295 0.8320 0.1655
vn -0.7713 -0.3707 0.5174
vn 0.2381 -0.9607 -0.1426
vn -0.2220 0.1292 0.9664
vn -0.1464 -0.6859 -0.7129
vn -0.5219 -0.6262 -0.5792
vn 0.9347 -0.3519 -0.0500
vn 0.4597 -0.0650 0.8857
vn 0.1548 0.9879 0.0047
vn -0.4466 0.6588 0.6055
vn -0.9879 0.1519 0.0308
vn -0.1807 -0.9626 -0.2018
vn -0.1409 -0.2130 0.9668
vn 0.7053 -0.4118 -0.5771
vn 0.3583 0.2789 -0.8910
vn 0.2588 0.6256 -0.7359
vn -0.9860 -0.0506 0.1588
vn -0.6226 -0.4966 0.6048
vn -0.3311 -0.5638 -0.7567
vn 0.0879 0.7435 0.6629
vn 0.1375 -0.9268 -0.3494
vn -0.9144 -0.3883 -0.1149
vn 0.3203 0.9396 0.1206
vn 0.4545 -0.8882 -0.0673
vn -0.9920 0.0413 -0.1195
vn -0.8350 0.3745 0.4031
vn -0.7696 -0.6165 0.1660
vn -0.9731 0.2042 0.1071
vn 0.6064 -0.5198 -0.6017
vn -0.8552 0.0278 0.5175
vn -0.4692 -0.3805 0.7969
vn -0.0460 -0.5085 0.8599
vn -0.4024 0.3281 0.8547
vn 0.5676 0.2491 -0.7847
vn -0.2666 0.7374 -0.6207
vn 0.3093 0.9353 0.1719
vn -0.8131 0.5660 0.1359
vn -0.7733 -0.4203 0.4747
vn -0.4349 -0.9003 0.0203
vn 0.3306 -0.6795 0.6549
vn 0.4462 -0.7271 0.5218
vn 0.9979 0.0645 -0.0077
vn -0.0553 -0.4291 -0.9015
vn -0.9184 -0.0934 -0.3845
vn -0.4146 -0.1104 0.9033
vn 0.5453 -0.7662 0.3400
vn -0.0713 0.3655 -0.9281
vn 0.9654 -0.0590 -0.2541
vn 0.5783 -0.0241 0.8155
vn 0.8271 0.5551 -0.0876
vn -0.2891 0.8633 -0.4136
vn 0.1110 0.8685 0.4830
vn -0.7034 0.6290 -0.3311
vn -0.5821 0.2020 -0.7876
vn -0.1928 0.8725 0.4491
vn -0.0188 0.8284 0.5598
vn 0.2140 -0.8368 -0.5040
vn 0.3915 -0.1800 -0.9024
vn -0.5273 -0.7253 -0.4426
vn -0.3860 -0.9163 -0.1067
vn -0.8732 -0.3690 0.3183
vn -0.6029 -0.0896 0.7928
vn -0.4069 0.7600 0.5068
vn -0.0885 0.7178 0.6906
vn 0.6178 0.1465 0.7726
vn 0.3411 -0.8656 0.3665
vn 0.1329 0.7646 0.6306
vn 0.2232 0.7989 0.5586
vn -0.1658 -0.5378 -0.8266
vn -0.7874 0.3363 0.5167
vn 0.2724 0.1203 0.9546
vn -0.1412 0.9836 0.1122
vn -0.3087 -0.6133 0.7270
vn -0.4695 -0.8609 0.1959
vn 0.9615 -0.2541 -0.1047
vn -0.2456 -0.5386 0.8060
vn -0.3385 -0.1882 -0.9219
vn -0.8678 0.0795 -0.4906
vn -0.7730 -0.2774 0.5705
vn 0.6343 -0.7662 -0.1024
vn 0.3666 0.6188 -0.6948
vn -0.2363 0.7889 -0.5672
vn 0.2754 0.6165 -0.7376
vn -0.5780 -0.7033 0.4140
vn 0.9420 0.3140 -0.1184
vn -0.3790 0.0099 -0.9254
vn -0.3246 -0.7474 -0.5796
vn -0.9825 0.1682 0.0802
vn -0.3574 0.9339 0.0127
vn 0.1036 0.6666 0.7382
vn -0.0980 0.7313 0.6750
vn 0.5067 -0.3355 -0.7942
vn 0.2482 -0.5954 -0.7642
vn -0.0099 -0.9979 -0.0648
vn -0.8546 -0.2165 0.4719
vn -0.2794 -0.2088 0.9372
vn -0.5150 -0.6895 -0.5093
vn 0.1006 0.7341 0.6716
vn 0.8380 -0.3381 0.4284
vn 0.7042 0.2178 -0.6758
vn 0.4955 0.8115 0.3097
vn 0.1380 0.7568 0.6390
vn -0.8494 0.3733 -0.3730
vn -0.9467 -0.0052 0.3220
vn -0.6444 0.4653 0.6069
vn 0.7958 -0.4524 -0.4025
vn 0.2466 0.9682 -0.0424
vn -0.6864 0.3430 -0.6412
vn -0.4711 -0.0483 -0.8808
vn -0.7483 -0.6006 -0.2818
vn 0.0990 0.5410 -0.8352
vn 0.7644 -0.1805 -0.6190
vn -0.1128 -0.7697 0.6283
vn -0.1679 -0.6512 0.7401
vn -0.5019 0.5216 -0.6900
vn 0.0316 -0.9479 -0.3169
vn 0.4574 -0.7010 0.5472
vn 0.7462 0.0827 0.6606
vn 0.0757 -0.3994 0.9137
vn -0.0404 0.5379 -0.8420
vn -0.8520 0.4238 0.3073
vn -0.4487 0.4521 0.7709
vn -0.4714 0.7869 -0.3981
vn 0.0772 -0.8091 0.5826
vn 0.9404 0.1164 -0.3194
vn -0.7104 -0.0215 -0.7034
vn -0.3537 -0.4741 0.8063
vn 0.1768 0.5486 -0.8172
vn -0.7239 -0.6893 0.0295
vn -0.4906 -0.4021 0.7731
vn -0.1657 -0.5281 0.8328
vn 0.2168 0.9610 -0.1716
vn -0.0323 0.3589 -0.9328
vn -0.5720 0.5947 -0.5650
vn 0.3314 -0.6268 -0.7052
vn 0.4894 -0.8298 0.2682
vn 0.6560 0.0701 0.7515
vn 0.6381 -0.6163 0.4615
vn 0.1215 0.9884 -0.0912
vn -0.0728 -0.4507 0.8897
vn -0.2625 -0.7179 0.6448
vn -0.4053 0.5716 0.7134
vn 0.7632 -0.3304 -0.5553
vn -0.7589 0.5534 -0.3431
vn -0.0395 0.5487 -0.8351
vn -0.8187 -0.0971 -0.5660
vn -0.9871 0.1331 -0.0885
vn -0.9350 0.2185 -0.2793
vn 0.2265 -0.8538 -0.4687
vn -0.8677 -0.4670 0.1703
vn 0.4067 0.7749 -0.4839
vn -0.0505 -0.5732 0.8179
vn -0.9044 -0.3545 0.2377
vn 0.9105 -0.3827 0.1565
vn -0.7953 0.6060 0.0150
vn -0.8771 0.0894 0.4720
vn -0.9934 0.0972 0.0614
vn -0.1699 0.3723 -0.9124
vn 0.6980 0.6917 0.1854
vn -0.0231 -0.2058 0.9783
vn -0.9531 0.3023 -0.0128
vn 0.7941 0.2526 0.5528
vn 0.2012 0.8871 -0.4154
vn 0.9277 0.3608 0.0953
vn 0.4057 -0.8443 0.3500
vn 0.1586 -0.7340 -0.6603
vn -0.2912 0.6230 0.7260
vn 0.0968 0.9625 0.2533
vn -0.9793 -0.1461 -0.1403
vn -0.9516 0.2802 0.1264
vn -0.9162 -0.3352 0.2194
vn -0.6195 -0.7786 -0.1004
vn -0.9386 0.2422 -0.2458
vn 0.5037 0.1182 0.8557
vn -0.8670 0.0382 0.4969
vn 0.3584 -0.3696 -0.8573
vn -0.9052 0.1014 -0.4126
vn 0.2306 0.8602 0.4548
vn -0.9568 0.2067 0.2046
vn -0.9544 -0.2450 -0.1705
vn 0.1693 0.9515 0.2568
vn 0.6606 0.0121 -0.7506
vn -0.6030 -0.5614 -0.5667
vn -0.1598 -0.4505 -0.8784
vn -0.8244 -0.3861 -0.4139
vn -0.9537 0.2380 -0.1839
vn 0.0200 0.8830 0.4689
vn -0.7745 0.6321 -0.0228
vn 0.8567 -0.1540 0.4922
vn 0.3132 0.9326 -0.1796
vn 0.4374 -0.8987 0.0331
vn -0.1838 -0.5031 -0.8445
vn -0.7996 -0.5923 0.0988
vn -0.7594 0.6487 -0.0488
vn -0.8798 0.4563 -0.1334
vn -0.6447 0.5752 0.5035
vn 0.4113 -0.5746 -0.7076
vn 0.4778 -0.1023 0.8725
vn -0.7719 0.5563 0.3079
vn -0.6618 0.7457 -0.0768
vn -0.9342 0.0941 -0.3443
vn 0.5096 0.7220 0.4680
vn -0.8073 0.5897 0.0221
vn -0.8604 0.5091 -0.0228
vn 0.7421 0.4508 -0.4960
vn -0.0327 -0.8692 -0.4934
vn -0.4805 0.8701 -0.1100
vn -0.6323 0.7444 -0.2146
vn 0.8180 0.4576 -0.3485
vn 0.7325 0.2673 -0.6261
vn -0.5375 0.7094 -0.4560
vn -0.9470 -0.2619 0.1862
vn -0.7126 -0.2353 0.6610
vn -0.3317 -0.8697 0.3655
vn 0.8994 0.4243 -0.1049
vn 0.8476 -0.1242 0.5159
vn 0.3696 -0.5704 -0.7335
vn -0.5927 0.6968 0.4039
vn -0.7899 0.1519 -0.5941
vn -0.8246 0.0109 -0.5656
vn -0.6677 -0.6539 -0.3558
vn 0.0524 -0.9276 0.3698
vn 0.9546 0.1820 -0.2359
vn -0.4204 0.8549 -0.3040
vn -0.9277 -0.2126 0.3068
vn 0.1942 0.2639 -0.9448
vn 0.4575 -0.4075 0.7903
vn -0.9783 0.0184 0.2063
vn -0.9227 -0.2740 0.2713
vn -0.7920 -0.1606 0.5890
vn 0.7737 -0.2581 0.5786
vn -0.1433 -0.2321 0.9621
vn -0.6574 0.6174 -0.4320
vn -0.2552 0.9636 -0.0804
vn -0.9449 0.2390 -0.2236
vn -0.9463 0.1117 0.3033
vn -0.4301 0.4003 0.8092
vn -0.5335 -0.3855 -0.7529
vn -0.2616 0.9592 0.1074
vn 0.8569 -0.3458 0.3823
vn 0.8558 0.1417 0.4976
vn 0.2671 -0.8749 -0.4040
vn -0.9069 -0.2475 -0.3410
vn -0.8482 -0.0808 -0.5235
vn -0.3774 -0.5905 0.7134
vn -0.9602 -0.0198 -0.2785
vn 0.4617 -0.0484 -0.8857
vn -0.5760 0.2403 0.7813
vn 0.5573 0.2868 0.7792
vn -0.8849 0.3204 -0.3380
vn -0.6041 0.0656 -0.7942
vn 0.2014 0.9281 0.3133
vn -0.7993 0.5712 0.1865
vn -0.5079 0.7159 -0.4790
vn 0.7696 0.0675 -0.6349
vn -0.9565 0.2605 -0.1314
vn -0.1124 -0.8701 -0.4799
vn 0.3334 -0.5744 -0.7476
vn -0.8013 0.2550 -0.5411
vn 0.3550 0.4509 0.8189
vn 0.4972 -0.7631 -0.4130
vn 0.4738 -0.3813 -0.7938
vn -0.9963 0.0653 0.0553
vn -0.9720 0.1874 0.1418
vn 0.5415 0.7952 0.2728
vn 0.2794 -0.9195 0.2764
vn -0.9691 -0.2415 -0.0493
vn -0.8961 -0.3669 -0.2497
vn -0.3212 -0.3487 0.8805
vn -0.9963 0.0608 0.0614
vn 0.4388 0.6374 -0.6334
vn 0.0591 0.5563 0.8289
vn -0.9555 0.2578 0.1434
vn 0.7193 -0.1448 0.6795
vn -0.9441 0.0991 -0.3144
vn -0.1988 -0.4944 -0.8462
vn 0.4413 0.8096 0.3870
vn 0.8605 -0.4728 -0.1897
vn -0.8716 0.4585 0.1734
vn -0.9514 0.2608 0.1639
vn -0.9577 -0.2307 -0.1722
vn 0.1783 0.9415 0.2860
vn -0.8159 0.5746 -0.0645
vn -0.0247 -0.9760 -0.2164
vn -0.7673 0.5778 0.2781
vn -0.5777 -0.4904 -0.6525
vn -0.8230 0.0764 -0.5628
vn 0.0958 0.8769 -0.4710
vn -0.0696 -0.6114 -0.7883
vn 0.3460 -0.9348 0.0800
vn -0.0683 0.2403 -0.9683
vn 0.9187 -0.1724 0.3554
vn -0.4549 -0.0557 -0.8888
vn 0.5437 0.0093 -0.8392
vn -0.8733 -0.2834 -0.3962
vn 0.4895 0.7900 -0.3692
vn -0.0441 -0.5129 -0.8573
vn 0.2925 0.6890 -0.6631
vn -0.0077 0.2108 -0.9775
vn -0.8264 -0.4708 0.3088
vn -0.3707 0.7476 -0.5510
vn -0.0858 -0.7329 -0.6749
vn -0.3867 0.3235 -0.8636
vn 0.8007 -0.4050 -0.4414
vn 0.3882 0.0218 -0.9213
vn -0.9541 -0.2527 0.1604
vn 0.3862 0.3762 -0.8422
vn -0.0153 0.5940 -0.8043
vn 0.1076 -0.4245 0.8990
vn -0.6081 0.3744 -0.7000
vn 0.8062 -0.1869 -0.5613
vn 0.3277 -0.0022 -0.9448
vn -0.8895 -0.2189 -0.4011
vn 0.4103 0.2257 -0.8836
vn -0.7842 -0.4744 -0.4000
vn 0.3216 0.9357 0.1448
vn -0.1830 -0.6634 -0.7256
vn 0.2389 -0.4455 -0.8628
vn 0.1418 -0.1655 0.9760
vn 0.4939 -0.3777 -0.7833
vn -0.3878 0.0507 -0.9204
vn 0.8822 -0.1448 -0.4481
vn -0.4475 -0.1356 -0.8840
vn 0.8466 0.4590 -0.2695
vn -0.3022 -0.2910 -0.9077
vn -0.7875 -0.5088 -0.3477
vn -0.2673 -0.2021 0.9422
vn -0.2378 -0.9585 -0.1570
vn 0.1231 0.3381 0.9330
vn -0.3679 0.8891 -0.2724
vn 0.1338 0.6329 -0.7626
vn 0.1254 -0.3689 -0.9210
vn 0.2634 -0.0995 -0.9595
vn 0.4942 -0.4928 0.7162
vn -0.3284 -0.0257 0.9442
vn 0.8936 0.1740 0.4138
vn -0.3933 0.4783 -0.7852
vn 0.4272 0.0141 -0.9041
vn -0.8554 -0.0407 -0.5163
vn 0.8915 0.3925 0.2263
vn -0.5196 -0.6978 -0.4930
vn 0.3904 0.4068 -0.8259
vn 0.2138 -0.4257 -0.8792
vn 0.3239 0.8337 0.4472
vn 0.0038 -0.2896 0.9571
vn 0.1355 0.5893 0.7965
vn 0.1554 -0.4103 -0.8986
vn -0.3221 0.7024 -0.6347
vn 0.7324 -0.5615 -0.3852
vn -0.4246 0.2676 -0.8649
vn 0.8984 -0.1100 -0.4251
vn -0.8188 0.5563 0.1419
vn 0.2117 -0.1757 0.9614
vn -0.9582 0.0937 -0.2701
vn -0.4980 0.1201 -0.8588
vn -0.5877 -0.0084 -0.8090
vn 0.8028 0.3736 -0.4647
vn 0.3821 -0.0260 0.9238
vn -0.4932 -0.2225 -0.8410
vn -0.7475 -0.5007 0.4365
vn 0.1475 0.1287 0.9806
vn 0.2615 0.6070 -0.7504
vn -0.2336 -0.6561 -0.7175
vn -0.0323 0.2435 0.9694
vn -0.1009 0.2654 -0.9588
vn 0.2744 -0.1925 -0.9422
vn -0.8163 0.5430 -0.1969
vn 0.8190 -0.1458 -0.5549
vn -0.4488 -0.0376 -0.8928
vn 0.7091 0.2853 0.6449
vn -0.6040 -0.7124 -0.3572
vn 0.3116 0.2601 -0.9139
vn 0.2625 0.8008 -0.5384
vn 0.4880 -0.8370 -0.2474
vn -0.0170 0.4797 -0.8773
vn 0.1659 -0.8407 -0.5155
vn 0.1527 -0.2113 0.9654
vn 0.5769 -0.5920 -0.5628
vn -0.3752 0.3405 -0.8622
vn 0.0697 -0.0147 0.9975
vn 0.5087 -0.0583 -0.8589
vn -0.5515 -0.1744 -0.8157
vn 0.8300 0.3824 -0.4059
vn -0.7845 -0.4436 0.4333
vn 0.3316 0.6912 0.6421
vn -0.3321 -0.7356 0.5904
vn -0.5112 -0.6450 -0.5680
vn -0.8300 -0.0757 -0.5526
vn 0.0932 -0.6520 0.7525
vn -0.6054 0.5347 0.5896
vn 0.3817 -0.5688 -0.7286
vn -0.0224 0.4659 -0.8846
vn -0.2232 0.4228 0.8783
vn 0.8060 0.1815 -0.5634
vn -0.9635 0.1911 -0.1872
vn -0.4759 -0.1804 -0.8608
vn -0.7258 -0.4045 0.5565
vn -0.4890 -0.0374 0.8715
vn 0.5197 0.7251 0.4518
vn 0.2101 0.1966 0.9577
vn -0.1716 -0.2924 -0.9408
vn 0.1962 0.8456 -0.4964
vn 0.0848 -0.5572 0.8261
vn -0.9487 0.2798 -0.1472
vn -0.7954 0.1021 0.5974
vn -0.4398 0.7921 0.4233
vn -0.3980 -0.7110 0.5797
vn 0.2865 -0.5407 0.7910
vn 0.9257 -0.0943 0.3664
vn 0.9286 0.3313 0.1674
vn 0.0375 -0.0186 0.9991
vn 0.4092 0.5590 0.7212
vn -0.2824 0.8908 0.3560
vn -0.1990 0.8934 0.4028
vn -0.4516 0.4100 0.7924
vn -0.1445 0.0282 0.9891
vn -0.2499 -0.7302 0.6358
vn -0.8875 -0.4201 -0.1896
vn 0.3304 0.0993 0.9386
vn 0.4209 0.8992 0.1191
vn -0.6787 0.3031 0.6689
vn 0.6949 0.6372 0.3333
vn -0.8186 -0.2288 0.5269
vn 0.2145 0.5468 0.8093
vn 0.1434 -0.8113 0.5668
vn 0.5940 0.7195 0.3598
vn -0.7223 -0.0097 0.6916
vn 0.4730 0.8725 -0.1225
vn -0.1011 -0.6082 0.7874
vn -0.7611 -0.1857 0.6215
vn 0.2026 -0.0746 0.9764
vn 0.1110 -0.8049 0.5829
vn -0.4623 -0.7272 0.5074
vn 0.5379 0.8428 0.0187
vn 0.8504 -0.3227 0.4155
vn 0.0394 0.8089 0.5866
vn 0.9120 -0.2164 0.3485
vn 0.8318 0.4501 -0.3248
vn 0.5861 -0.6781 0.4435
vn -0.4803 0.8761 -0.0408
vn 0.2773 -0.4679 0.8391
vn 0.0682 -0.5561 0.8283
vn 0.5952 0.0553 -0.8017
vn 0.7735 0.0512 0.6317
vn 0.7063 0.2561 -0.6600
vn -0.0291 0.3741 0.9269
vn -0.1988 0.6024 0.7731
vn -0.2728 -0.0110 -0.9620
vn -0.7195 -0.0772 0.6901
vn -0.7790 -0.5475 0.3058
vn 0.0419 -0.6702 0.7410
vn 0.5309 -0.5962 0.6022
vn 0.8342 0.1201 0.5382
vn 0.7652 0.4870 0.4211
vn 0.2174 -0.9382 0.2693
vn 0.1773 0.4496 0.8754
vn 0.7210 -0.6812 0.1266
vn -0.4060 0.3439 0.8467
vn -0.1283 0.3161 0.9400
vn -0.8630 0.2331 0.4482
vn -0.0311 -0.5204 0.8533
vn 0.0856 -0.9730 0.2146
vn -0.1069 0.3170 0.9424
vn 0.1068 -0.3370 0.9354
vn 0.7668 -0.4565 -0.4513
vn 0.6234 0.0837 0.7774
vn 0.6062 0.7314 0.3125
vn 0.3834 0.7415 0.5506
vn -0.3979 0.5953 0.6981
vn -0.2284 0.8265 0.5145
vn -0.5125 0.2692 0.8154
vn -0.1309 0.0205 -0.9912
vn -0.8939 -0.4439 0.0626
vn -0.0446 0.1279 0.9908
vn 0.0730 -0.0058 0.9973
vn -0.3986 0.0728 -0.9142
vn -0.9058 -0.3230 0.2743
vn 0.3032 0.0192 0.9527
vn -0.9656 -0.2017 -0.1639
vn 0.1607 0.0893 -0.9830
vn -0.2443 -0.0703 0.9671
vn 0.1677 0.3537 -0.9202
vn -0.2645 -0.9179 -0.2958
vn -0.2365 -0.3812 0.8937
vn -0.1031 -0.5342 0.8390
vn -0.1106 -0.9938 0.0146
vn 0.2754 -0.9144 -0.2966
vn 0.3512 0.7972 0.4910
vn -0.4092 0.6218 0.6678
vn 0.7467 -0.2334 0.6229
vn -0.4160 0.0997 -0.9039
vn 0.6945 -0.0542 -0.7175
vn -0.8517 -0.3556 0.3850
vn 0.1382 0.3689 0.9191
vn 0.1777 0.9736 0.1433
vn 0.5690 -0.6577 0.4936
vn -0.0434 0.1645 0.9854
vn -0.0515 0.4891 0.8707
vn -0.0317 0.0967 0.9948
vn -0.4934 0.7552 0.4317
vn 0.4073 -0.2602 0.8754
vn -0.7852 0.3954 0.4766
vn -0.8421 0.0817 0.5331
vn 0.7338 0.0452 0.6779
vn 0.2818 0.2074 0.9368
vn -0.7703 -0.6141 0.1715
vn -0.0931 -0.3785 0.9209
vn -0.0819 0.0012 -0.9966
vn -0.0936 0.5383 0.8375
vn -0.8007 0.3949 0.4506
vn 0.4570 -0.1397 0.8784
vn 0.3228 -0.4835 -0.8136
vn 0.8212 -0.2832 -0.4954
vn -0.2464 0.0696 -0.9667
vn -0.4804 -0.0577 0.8751
vn 0.7061 0.0941 0.7018
vn -0.7237 -0.5141 0.4604
vn 0.5015 0.2588 0.8255
vn 0.3467 0.9324 -0.1017
vn -0.3459 -0.3503 0.8704
vn 0.1790 -0.6654 0.7247
vn 0.3610 -0.4333 0.8258
vn 0.1709 -0.2704 -0.9475
vn -0.7618 0.4697 0.4461
vn -0.7431 0.5898 -0.3160
vn -0.9378 0.2422 0.2488
vn -0.2613 0.0966 -0.9604
vn -0.6675 0.0353 0.7437
vn 0.6881 -0.4187 0.5926
vn -0.9686 -0.2123 0.1295
vn 0.9062 0.3131 0.2841
vn -0.3910 -0.1657 0.9053
vn -0.2464 -0.9469 0.2067
vn 0.4824 0.4949 -0.7227
vn 0.0184 0.0163 0.9997
vn 0.0879 0.3099 -0.9467
vn -0.1464 0.7238 0.6743
vn -0.5135 0.3872 0.7658
vn 0.3578 -0.9189 -0.1662
vn 0.8829 -0.2008 -0.4244
vn -0.5257 -0.0825 0.8466
vn 0.8509 0.4763 -0.2216
vn 0.0574 -0.8163 0.5748
vn 0.6802 0.7300 -0.0672
vn -0.1079 0.0124 -0.9941
vn -0.7485 0.5194 0.4123
vn -0.8852 -0.3907 -0.2527
vn 0.4339 -0.1035 0.8950
vn -0.8617 0.3803 -0.3359
vn -0.7345 -0.3085 0.6045
vn 0.4413 0.2796 0.8527
vn -0.5480 -0.7431 0.3841
vn 0.2565 -0.8776 0.4050
vn 0.2519 0.3374 -0.9070
vn 0.0804 -0.5269 0.8461
vn -0.0353 0.8263 0.5621
vn -0.5915 0.5183 0.6176
vn 0.2183 -0.2891 0.9321
vn 0.3931 -0.6312 -0.6687
vn -0.5924 0.1634 0.7889
vn 0.7863 -0.6176 -0.0163
vn 0.7165 -0.0996 0.6905
vn 0.7966 0.2052 0.5686
vn -0.2360 -0.7183 0.6544
vn 0.4889 0.4399 0.7533
vn -0.5732 -0.5441 -0.6127
vn 0.3016 0.2076 -0.9306
vn 0.3740 0.3909 -0.8410
vn 0.1453 0.3798 -0.9136
vn 0.0728 -0.0022 -0.9973
vn 0.0815 -0.1231 0.9890
vn 0.6052 -0.6442 -0.4678
vn -0.5257 0.3451 -0.7775
vn 0.0330 -0.0246 0.9992
vn 0.4229 0.1826 -0.8876
vn -0.8760 -0.0350 -0.4811
vn -0.5950 -0.3103 -0.7414
vn -0.7711 -0.5006 0.3933
vn 0.9930 0.0202 0.1161
vn -0.3537 -0.2853 0.8908
vn 0.6512 0.3906 0.6507
vn -0.3561 -0.7416 -0.5685
vn 0.0529 -0.4017 0.9142
vn -0.0059 0.5344 0.8452
vn -0.6376 0.7104 0.2980
vn -0.0628 -0.3583 0.9315
vn 0.6736 -0.7341 0.0860
vn 0.5621 -0.1708 0.8092
vn -0.2987 0.4070 -0.8632
vn -0.3815 -0.0315 0.9239
vn 0.8421 -0.1817 0.5078
vn -0.3584 0.0355 -0.9329
vn 0.7474 0.3575 0.5599
vn 0.3733 -0.0519 0.9262
vn -0.6322 -0.7492 0.1976
vn 0.2354 0.0614 0.9700
vn -0.2579 -0.1969 -0.9459
vn 0.1379 0.0060 -0.9904
vn -0.2073 -0.1790 -0.9618
vn 0.0198 -0.0907 -0.9957
vn 0.1664 -0.4430 0.8809
vn 0.0194 -0.0744 -0.9970
vn 0.4463 -0.3416 -0.8271
vn -0.4825 0.6899 -0.5396
vn -0.9045 0.3295 -0.2707
vn -0.1248 0.2977 -0.9465
vn -0.1189 0.1696 -0.9783
vn 0.0544 0.0378 -0.9978
vn 0.8462 0.5263 -0.0827
vn -0.1046 -0.0742 -0.9917
vn -0.1252 0.8587 0.4969
vn -0.5525 0.2944 0.7797
vn 0.7983 -0.5835 0.1495
vn 0.1957 -0.7745 -0.6015
vn 0.5191 -0.3328 -0.7872
vn -0.2701 0.7851 -0.5574
vn 0.6392 0.2262 0.7350
vn -0.6475 0.0073 0.7620
vn 0.7568 0.1027 0.6455
vn 0.0830 -0.1308 -0.9879
vn -0.8346 -0.0450 -0.5490
vn 0.4420 -0.1669 -0.8814
vn 0.2745 -0.2170 -0.9368
vn -0.5250 -0.2426 0.8158
vn -0.2199 0.3243 -0.9200
vn 0.6318 -0.7711 -0.0794
vn 0.0452 0.0414 0.9981
vn 0.4608 -0.0043 0.8875
vn 0.1817 0.0393 0.9826
vn 0.4839 0.3808 0.7879
vn -0.9243 -0.0801 0.3731
vn 0.5545 0.6885 0.4673
vn -0.4445 -0.1572 0.8819
vn -0.0513 -0.0042 0.9987
vn -0.1924 0.8794 -0.4354
vn -0.6477 0.3193 -0.6917
vn -0.9876 -0.0172 -0.1563
vn -0.3258 -0.6787 -0.6583
vn -0.0263 -0.9901 0.1378
vn 0.1033 0.0237 -0.9944
vn 0.3778 -0.9230 -0.0732
vn 0.9358 -0.3349 -0.1106
vn 0.2423 0.1291 -0.9616
vn 0.5619 0.4694 -0.6811
vn -0.8342 0.5082 -0.2143
vn -0.6593 -0.2154 -0.7204
vn -0.0441 -0.8449 -0.5330
vn 0.9433 -0.0825 -0.3215
vn 0.1935 0.9583 0.2104
vn 0.4338 0.7680 -0.4713
vn -0.2810 0.8584 -0.4293
vn -0.8937 0.2838 -0.3474
vn -0.7207 -0.5207 -0.4577
vn -0.2992 0.5965 -0.7448
vn -0.6505 -0.3083 0.6941
vn -0.9499 -0.0361 -0.3106
vn -0.0218 -0.9961 0.0860
vn 0.0631 0.0765 -0.9951
vn 0.5487 -0.4074 0.7301
vn 0.4348 0.5320 -0.7266
vn 0.1286 0.9209 -0.3680
vn -0.9710 0.1459 -0.1892
vn -0.2684 -0.9552 0.1245
vn 0.7409 -0.2698 0.6150
vn 0.6265 0.1073 -0.7720
vn 0.6945 -0.0269 0.7190
vn 0.5242 0.8112 0.2593
vn -0.7096 0.2735 -0.6494
vn -0.8633 -0.4486 -0.2314
vn 0.2505 0.2088 -0.9453
vn 0.2898 -0.2603 -0.9210
vn 0.9248 0.0447 0.3777
vn 0.7976 -0.0172 -0.6029
vn 0.2953 0.0510 -0.9540
vn -0.7267 0.4185 -0.5448
vn 0.1038 -0.5412 -0.8344
vn 0.1257 -0.5076 -0.8524
vn 0.6041 -0.0194 0.7967
vn 0.5005 0.1758 -0.8477
vn 0.8729 0.4811 -0.0806
vn 0.1756 0.9688 -0.1748
vn 0.0366 -0.2369 -0.9708
vn -0.8731 0.4114 0.2616
vn -0.9721 0.0051 -0.2347
vn -0.5759 -0.2691 -0.7720
vn -0.3066 -0.4259 0.8513
vn 0.7560 0.3990 -0.5189
vn 0.2779 0.4512 -0.8481
vn -0.4443 -0.8485 -0.2875
vn 0.0187 0.2520 -0.9675
vn -0.1808 0.4102 -0.8939
vn 0.8310 -0.5563 -0.0049
vn -0.0870 -0.9676 -0.2371
vn 0.1491 -0.5042 -0.8506
vn 0.5711 -0.5151 -0.6391
vn 0.6031 -0.3016 -0.7384
vn 0.6862 0.0133 -0.7272
vn 0.4571 0.1963 -0.8675
vn -0.8402 -0.4230 -0.3394
vn 0.4048 0.4950 -0.7688
vn 0.2428 0.9474 0.2085
vn 0.2940 -0.2990 -0.9078
vn 0.7854 -0.4316 -0.4436
vn 0.0132 -0.0115 -0.9998
vn -0.5434 0.4852 -0.6851
vn -0.6176 0.1987 -0.7610
vn 0.7561 -0.3319 -0.5641
vn -0.7366 0.0298 -0.6757
vn 0.9084 0.1840 -0.3754
vn -0.5458 -0.2908 -0.7858
vn -0.4408 -0.4718 -0.7636
vn 0.7077 -0.4409 -0.5520
vn -0.5227 0.1654 -0.8363
vn 0.2485 0.1852 -0.9508
vn -0.7154 0.5780 0.3927
vn 0.0330 -0.0492 -0.9982
vn -0.9039 0.0791 0.4203
vn 0.1105 0.9932 -0.0374
vn -0.2895 0.2128 0.9332
vn -0.8268 0.0514 0.5602
vn -0.5252 -0.2995 0.7965
vn -0.8684 -0.3085 -0.3883
vn 0.0575 -0.2118 0.9756
vn 0.5071 0.3105 -0.8040
vn 0.0687 0.1637 -0.9841
vn 0.2055 0.0811 0.9753
vn -0.3065 -0.3187 0.8969
vn -0.0188 0.0643 -0.9978
vn -0.6155 0.5379 -0.5760
vn 0.2297 -0.9690 0.0910
vn 0.1168 -0.1788 0.9769
vn -0.7147 -0.0975 -0.6926
vn -0.4465 -0.2171 -0.8680
vn -0.7173 -0.6515 -0.2470
vn -0.2243 -0.5894 -0.7761
vn -0.0819 0.8435 0.5308
vn 0.2046 -0.3253 0.9232
vn -0.4645 0.1744 0.8682
vn -0.9722 -0.1564 0.1740
vn 0.2227 0.0405 0.9740
vn -0.0225 -0.0425 0.9988
vn -0.3919 0.5949 -0.7018
vn 0.4368 -0.8497 0.2954
vn -0.3389 0.3753 0.8627
vn -0.3530 0.1348 -0.9259
vn 0.9702 0.0793 0.2291
vn -0.2557 0.0079 0.9667
vn -0.6054 -0.1803 0.7753
vn 0.4737 0.5335 0.7007
vn -0.9218 -0.3777 0.0871
vn -0.3244 -0.9318 -0.1627
vn -0.3697 -0.0747 -0.9261
vn -0.2648 -0.1491 0.9527
vn -0.2776 -0.3418 -0.8978
vn -0.0963 0.1837 -0.9783
vn -0.5022 0.3087 -0.8078
vn 0.2189 -0.2168 0.9514
vn -0.4629 0.2330 -0.8553
vn -0.3831 -0.0099 0.9237
vn 0.5041 -0.0127 0.8635
vn -0.8056 0.1002 0.5839
vn 0.7595 0.4413 0.4779
vn -0.7235 -0.1558 0.6725
vn -0.4373 -0.4752 0.7635
vn 0.0981 0.4799 0.8718
vn 0.2790 0.0706 -0.9577
vn -0.8839 0.0058 -0.4676
vn -0.1272 -0.3753 -0.9181
vn 0.5497 -0.5126 -0.6596
vn -0.3410 0.1231 0.9320
vn 0.7828 0.0146 -0.6221
vn -0.1717 -0.1067 -0.9793
vn 0.7223 0.2019 -0.6615
vn -0.3686 -0.2049 -0.9067
vn 0.2027 0.6614 0.7221
vn 0.5901 -0.6694 -0.4513
vn -0.3650 -0.1773 -0.9139
vn -0.3320 0.6434 -0.6898
vn 0.3011 -0.2606 -0.9173
vn -0.8044 0.2481 0.5399
vn 0.7161 0.3266 -0.6169
vn -0.8259 -0.5087 0.2432
vn 0.4083 -0.0370 0.9121
vn -0.6755 -0.7133 -0.1870
vn 0.0417 0.2845 0.9578
vn 0.0170 -0.9764 0.2154
vn -0.0817 -0.1774 -0.9807
vn 0.1109 -0.8889 0.4445
vn -0.3243 0.5848 -0.7435
vn 0.8258 -0.4020 -0.3954
vn 0.2542 0.2336 -0.9385
vn 0.8205 0.4603 0.3389
vn -0.3145 -0.7103 -0.6298
vn 0.3111 0.4848 -0.8174
vn 0.1696 0.8642 -0.4737
vn 0.0848 0.8602 -0.5028
vn -0.3984 -0.8884 -0.2282
vn 0.0007 0.4215 -0.9068
vn 0.0183 -0.0795 -0.9967
vn -0.1930 0.4430 -0.8755
vn 0.0392 -0.9771 -0.2090
vn 0.6287 -0.6470 0.4314
vn -0.4706 0.2274 -0.8525
vn 0.7072 -0.3036 -0.6385
vn -0.1987 -0.1615 -0.9667
vn 0.5426 -0.0904 -0.8351
vn 0.8504 0.5050 0.1479
vn -0.3552 -0.4235 -0.8333
vn 0.3136 0.1787 -0.9326
vn -0.4809 -0.1950 -0.8548
vn -0.2552 -0.0338 -0.9663
vn -0.9618 0.1910 0.1961
vn -0.8356 -0.0478 0.5472
vn 0.7352 -0.0636 -0.6748
vn -0.1638 -0.0457 0.9854
vn 0.2477 -0.8414 0.4803
vn -0.1993 0.2066 0.9579
vn -0.2632 0.2701 -0.9262
vn -0.2849 -0.0915 0.9542
vn -0.3088 0.2095 -0.9277
vn 0.3667 -0.1326 0.9208
vn -0.0447 -0.2101 0.9767
vn 0.9134 0.3552 -0.1990
vn 0.0149 0.1788 -0.9838
vn -0.3246 -0.3707 0.8702
vn -0.3480 -0.6494 -0.6761
vn -0.3590 -0.8973 0.2570
vn 0.2921 0.5214 0.8018
vn 0.0364 0.2681 -0.9627
vn -0.3203 0.9464 -0.0414
vn 0.3251 -0.5288 -0.7840
vn 0.4196 -0.6975 -0.5809
vn 0.3284 -0.2628 0.9072
vn 0.6304 0.1138 -0.7679
vn -0.7777 0.1494 -0.6106
vn -0.0607 -0.1918 0.9796
vn 0.6496 0.0159 0.7601
vn -0.9126 -0.3073 0.2698
vn -0.2738 0.0678 -0.9594
vn -0.2468 -0.2972 0.9224
vn 0.1678 0.9689 0.1820
vn -0.7204 0.6720 -0.1716
vn -0.7666 0.5636 -0.3079
vn -0.2065 -0.7869 -0.5815
vn -0.7594 -0.4214 0.4957
vn 0.6273 -0.2235 -0.7460
vn 0.6702 -0.7155 0.1971
vn 0.6825 0.3743 -0.6278
vn 0.6728 0.3883 -0.6297
vn 0.7225 -0.1839 -0.6665
vn 0.2713 -0.9394 0.2096
vn 0.0261 0.9395 -0.3417
vn 0.3076 0.4773 -0.8231
vn -0.2976 0.9011 -0.3155
vn 0.0231 0.9861 0.1643
vn -0.5011 -0.0369 -0.8646
vn -0.8698 0.3520 0.3458
vn -0.8239 -0.2334 0.5165
vn -0.2255 -0.9332 0.2798
vn 0.7914 0.5954 0.1384
vn 0.9367 -0.2827 0.2067
vn -0.8996 0.3841 0.2079
vn -0.1376 0.9806 0.1395
vn -0.9640 -0.2392 0.1162
vn -0.2706 -0.4494 0.8514
vn 0.0396 -0.3945 0.9180
vn 0.5443 -0.6845 0.4849
vn 0.3126 0.1016 -0.9444
vn 0.3930 0.9036 0.1702
vn 0.9580 0.2311 0.1696
vn -0.5705 0.4447 0.6904
vn -0.1689 0.7171 0.6762
vn -0.8175 0.1646 0.5519
vn -0.6572 -0.3820 -0.6497
vn -0.6376 0.0162 0.7702
vn -0.4560 -0.2926 0.8405
vn 0.6509 -0.7541 0.0874
vn 0.2880 -0.9094 0.2999
vn 0.1188 -0.0256 0.9926
vn 0.0943 0.1010 0.9904
vn 0.7147 -0.6333 0.2970
vn 0.8102 -0.4603 -0.3629
vn 0.8022 -0.1623 -0.5745
vn 0.5683 0.1116 0.8152
vn 0.9751 0.2208 0.0186
vn 0.7264 0.6786 -0.1088
vn -0.0480 -0.0854 0.9952
vn -0.8347 0.4911 0.2493
vn -0.8880 -0.2290 -0.3988
vn 0.2880 0.3076 0.9069
vn 0.4335 -0.7267 0.5329
vn 0.1731 -0.9044 0.3900
vn 0.9368 -0.3494 0.0176
vn 0.8194 0.3743 -0.4341
vn 0.6492 0.5131 0.5615
vn 0.3295 0.7426 -0.5831
vn -0.2190 0.8859 0.4090
vn 0.0013 -0.9988 0.0491
vn 0.0798 -0.1656 -0.9830
vn 0.5303 -0.6087 0.5901
vn 0.2115 -0.1080 -0.9714
vn 0.7322 0.1182 -0.6708
vn 0.9691 0.1575 0.1901
vn 0.0949 0.1996 -0.9753
vn -0.4793 -0.8309 -0.2825
vn -0.1888 -0.3309 0.9246
vn 0.1618 -0.9677 0.1934
vn -0.4455 0.6491 -0.6166
vn -0.5642 0.8046 0.1850
vn -0.9959 -0.0485 0.0767
vn -0.5485 -0.5018 -0.6689
vn -0.0205 -0.0700 -0.9973
vn -0.5289 0.8476 -0.0434
vn -0.0220 0.1216 0.9923
vn -0.1884 0.0549 -0.9806
vn -0.9279 0.3474 0.1351
vn 0.0669 0.0143 0.9977
vn -0.9435 0.1887 0.2723
vn 0.2473 0.0530 0.9675
vn -0.9763 0.0279 0.2147
vn 0.2164 0.2695 0.9383
vn -0.0681 -0.3357 -0.9395
vn 0.1253 -0.9622 0.2416
vn 0.0487 0.2365 0.9704
vn 0.2015 -0.8226 -0.5318
vn -0.1703 0.4497 0.8768
vn 0.0963 0.0220 0.9951
vn -0.0545 0.1347 0.9894
vn -0.4426 0.2949 0.8468
vn -0.1526 -0.1627 0.9748
vn 0.5949 0.1747 0.7846
vn 0.5535 0.3828 0.7396
vn 0.2418 0.4456 0.8619
vn 0.4042 -0.7238 0.5593
vn -0.2974 0.6099 0.7346
vn -0.7941 0.4344 0.4251
vn -0.1823 -0.2185 0.9587
vn -0.1370 -0.0617 0.9886
vn 0.2681 -0.0661 0.9611
vn 0.0652 0.2249 0.9722
vn 0.0010 -0.6819 0.7314
vn 0.0467 -0.0539 0.9975
vn -0.0507 0.0567 0.9971
vn -0.1761 0.2318 0.9567
vn 0.1076 -0.0509 0.9929
vn -0.7283 0.2046 0.6540
vn 0.3903 -0.1595 0.9068
vn 0.8937 0.1916 0.4057
vn 0.0513 0.0788 0.9956
vn -0.6917 -0.6593 0.2949
vn 0.3883 0.5598 0.7320
vn 0.2283 0.0233 0.9733
vn -0.4692 0.8727 0.1352
vn -0.1145 0.8029 -0.5849
vn -0.2548 0.3881 0.8857
vn -0.1262 0.0086 -0.9920
vn 0.9122 -0.3037 0.2749
vn -0.6384 0.5920 0.4918
vn -0.1879 0.1614 0.9688
vn -0.8053 -0.0367 0.5918
vn -0.1059 0.0713 0.9918
vn -0.7532 -0.1248 0.6458
vn -0.0791 -0.0150 0.9968
vn 0.0824 0.1333 0.9876
vn -0.6664 -0.5877 0.4588
vn 0.0912 0.0120 0.9958
vn 0.7174 -0.2013 0.6670
vn 0.2830 -0.3973 0.8730
vn 0.5744 0.1021 0.8122
vn 0.6216 0.2388 0.7461
vn 0.7995 0.5027 0.3288
vn 0.5734 0.7102 0.4084
vn -0.1551 0.2404 0.9582
vn 0.0258 -0.2481 -0.9684
vn -0.2771 0.3524 0.8939
vn 0.1653 0.0496 0.9850
vn -0.7795 0.1419 -0.6101
vn -0.5583 0.1840 0.8090
vn 0.1731 0.0894 0.9808
vn -0.6688 0.7021 0.2445
vn 0.0771 -0.2641 0.9614
vn -0.0237 -0.2563 0.9663
vn 0.1739 0.4000 0.8998
vn -0.3882 0.7256 0.5682
vn -0.0202 0.2834 0.9588
vn -0.4697 -0.3348 -0.8169
vn 0.4808 -0.8573 -0.1838
vn 0.6346 -0.6816 0.3644
vn -0.5380 -0.4757 0.6959
vn -0.9612 -0.1238 0.2466
vn -0.4546 -0.0078 0.8907
vn 0.2155 -0.9273 0.3061
vn -0.5598 -0.7684 0.3102
vn -0.1742 -0.9517 0.2527
vn -0.9875 -0.1389 0.0741
vn -0.8430 -0.5177 0.1462
vn -0.9727 -0.0536 0.2259
vn -0.9749 0.2001 -0.0977
vn -0.9842 0.1720 0.0422
vn -0.6700 0.7423 0.0099
vn 0.9252 0.3720 -0.0744
vn 0.9403 0.3351 0.0594
vn 0.5138 0.8578 -0.0105
vn 0.9218 -0.3838 0.0545
vn 0.5773 -0.8160 0.0297
vn 0.2650 -0.8737 0.4079
vn -0.1891 -0.9676 0.1674
vn 0.9953 -0.0834 0.0497
vn 0.9825 -0.0411 -0.1818
vn -0.0169 0.9992 0.0354
vn 0.3528 0.9357 -0.0048
vn -0.2512 0.9663 0.0566
vn -0.7597 -0.6355 0.1380
vn 0.0556 -0.9939 -0.0951
vn -0.6311 -0.7755 0.0155
vn -0.3819 -0.9166 -0.1185
vn -0.9695 0.0787 0.2322
vn -0.5062 0.3558 0.7856
vn 0.7092 0.6877 0.1551
vn -0.0108 0.6566 0.7542
vn 0.6619 0.0225 0.7493
vn 0.2587 -0.3946 0.8817
vn -0.6568 -0.7473 0.1003
vn 0.7720 -0.6326 0.0622
vn 0.2819 -0.9010 0.3297
vn 0.9801 -0.0615 0.1889
vn -0.9411 0.3349 0.0461
vn 0.6287 -0.7765 0.0424
vn 0.8716 -0.4674 0.1479
vn 0.4844 -0.0453 0.8737
vn -0.2997 0.9532 0.0407
vn -0.9855 0.1146 -0.1250
vn -0.8377 0.5440 0.0491
vn -0.9667 -0.2369 -0.0969
vn -0.9977 0.0231 0.0641
vn -0.4672 0.4597 0.7553
vn -0.3845 0.9134 0.1339
vn -0.3199 0.9240 0.2093
vn 0.0650 0.9878 0.1415
vn 0.5263 -0.0713 0.8473
vn 0.8296 -0.5177 0.2090
vn 0.1859 0.9793 0.0807
vn 0.8011 0.5980 -0.0264
vn 0.9304 -0.3597 -0.0706
vn -0.6992 0.5429 0.4651
vn -0.5545 0.8250 0.1091
vn 0.2790 0.9594 0.0417
vn 0.1701 0.9845 0.0434
vn 0.7587 -0.6077 0.2348
vn -0.9740 -0.2037 0.0995
vn -0.8584 0.4899 0.1521
vn 0.5515 -0.8310 0.0726
vn 0.1658 -0.9839 -0.0660
vn 0.9315 0.3337 0.1447
vn -0.9162 -0.3982 0.0450
vn -0.2234 0.8667 0.4460
vn -0.2026 0.9693 0.1391
vn -0.2456 0.9610 0.1274
vn 0.5061 0.8576 0.0921
vn 0.1689 0.9853 0.0242
vn 0.3298 0.9273 0.1771
vn 0.3905 0.9191 -0.0528
vn 0.9561 -0.2850 0.0685
vn -0.9914 -0.1290 0.0221
vn 0.9589 0.2818 -0.0329
vn -0.0756 0.9962 -0.0443
vn -0.5659 0.5459 -0.6179
vn 0.7301 -0.6723 0.1222
vn 0.5128 0.8572 0.0478
vn -0.1365 0.9899 -0.0382
vn -0.3151 0.9363 0.1549
vn -0.9969 0.0299 0.0730
vn -0.4665 0.8838 -0.0358
vn 0.6697 0.7396 0.0666
vn -0.1972 0.9585 -0.2059
vn 0.1549 0.9254 -0.3458
vn 0.1669 0.7972 0.5802
vn -0.1809 0.8870 0.4249
vn 0.5910 0.4575 -0.6643
vn -0.0800 0.9957 0.0473
vn 0.8367 -0.3639 -0.4093
vn 0.5485 -0.7736 -0.3173
vn 0.5168 -0.6987 0.4947
vn 0.0302 -0.9199 -0.3911
vn 0.6664 -0.3685 0.6482
vn -0.1969 -0.9327 -0.3023
vn -0.8085 -0.0587 -0.5856
vn -0.5608 -0.6892 -0.4588
vn -0.7460 0.6455 0.1636
vn 0.7919 0.1015 -0.6021
vn -0.1123 -0.0168 -0.9935
vn 0.8815 0.4038 -0.2446
vn 0.5268 0.6095 -0.5925
vn -0.6603 -0.7405 -0.1252
vn -0.9024 -0.1518 -0.4033
vn 0.6191 0.7853 0.0036
vn -0.9457 0.1887 -0.2647
vn -0.6863 0.1708 -0.7069
vn -0.8523 0.3995 -0.3376
vn 0.8831 0.0578 -0.4656
vn 0.9809 0.1463 -0.1280
vn 0.7225 -0.5989 -0.3454
vn -0.8841 -0.3103 -0.3494
vn -0.8579 0.4265 -0.2866
vn 0.2780 -0.9553 -0.1011
vn 0.6234 -0.7773 0.0846
vn 0.1897 -0.9814 -0.0303
vn -0.7088 -0.6915 0.1396
vn 0.7924 0.6100 -0.0018
vn -0.3143 -0.9434 0.1059
vn -0.5475 0.8088 -0.2147
vn -0.9184 -0.3528 -0.1789
vn -0.6944 0.7192 0.0211
vn -0.9700 -0.1910 -0.1502
vn 0.9748 0.2139 -0.0630
vn -0.1371 -0.9902 -0.0280
vn 0.0615 -0.9975 -0.0333
vn -0.4451 -0.8748 0.1913
vn -0.7785 0.6266 0.0362
vn 0.9961 0.0848 -0.0223
vn 0.3565 -0.8926 0.2761
vn 0.2772 -0.9279 0.2493
vn 0.9758 0.1134 0.1871
vn 0.8501 0.5178 -0.0965
vn -0.5763 -0.8090 -0.1160
vn 0.9989 -0.0417 -0.0216
vn 0.9938 0.1061 -0.0336
vn 0.9244 -0.3130 -0.2180
vn 0.8656 -0.0430 0.4989
vn 0.8379 -0.1989 0.5083
vn 0.5192 -0.6374 0.5693
vn 0.4619 -0.5356 0.7069
vn 0.2128 -0.4804 0.8508
vn -0.3022 -0.7961 0.5242
vn -0.7839 0.5444 0.2987
vn -0.1911 0.8410 0.5061
vn 0.8525 0.4736 0.2212
vn 0.0341 0.4139 0.9097
vn -0.6579 0.1252 0.7426
vn -0.7104 0.4371 0.5516
vn 0.1830 0.8089 0.5587
vn 0.7184 0.5886 0.3707
vn 0.4237 0.7364 0.5275
vn 0.7796 -0.6031 -0.1688
vn -0.5232 -0.1168 -0.8442
vn -0.8928 0.1989 0.4042
vn 0.1205 0.0754 0.9898
vn -0.7874 -0.1296 -0.6026
vn -0.9607 -0.0103 0.2775
vn -0.1296 0.2055 -0.9700
vn -0.7472 0.0390 0.6635
vn 0.2146 -0.0969 0.9719
vn -0.4396 -0.3919 -0.8082
vn -0.5714 -0.4085 -0.7117
vn -0.9387 0.0807 0.3351
vn -0.9540 0.0177 0.2991
vn 0.2136 0.9695 0.1200
vn 0.4713 0.0978 0.8765
vn 0.8029 0.5581 -0.2093
vn 0.4960 0.5168 0.6978
vn -0.8900 -0.3827 -0.2479
vn 0.3354 -0.9065 -0.2565
vn 0.8468 0.0174 0.5316
vn -0.5059 -0.2341 -0.8302
vn -0.0278 0.9865 0.1613
vn 0.7307 0.1825 0.6578
vn 0.7259 -0.0904 -0.6819
vn -0.9318 0.0290 0.3619
vn -0.6458 0.1885 0.7399
vn 0.5755 -0.0626 -0.8154
vn -0.1898 0.0584 0.9801
vn 0.2560 -0.0100 0.9666
vn -0.8051 -0.0017 -0.5931
vn -0.9286 -0.0282 -0.3699
vn -0.5877 0.0148 0.8090
vn -0.2752 -0.9585 -0.0744
vn -0.2552 -0.9497 0.1818
vn -0.9608 -0.0011 0.2774
vn -0.7553 -0.6531 0.0550
vn 0.1778 0.9839 0.0172
vn 0.2868 -0.0862 -0.9541
vn -0.8166 -0.0103 -0.5771
vn 0.7874 0.1369 0.6011
vn -0.4207 0.0400 0.9063
vn 0.4650 0.1443 0.8734
vn -0.8583 -0.2796 -0.4303
vn -0.9893 -0.0028 0.1457
vn -0.1128 0.2474 0.9623
vn -0.9609 0.0968 0.2595
vn -0.6804 0.1408 -0.7192
vn -0.2798 -0.1617 -0.9464
vn -0.0112 -0.0363 0.9993
vn 0.0179 -0.0335 0.9993
vn -0.0315 -0.0212 0.9993
vn 0.0374 -0.0072 0.9993
vn -0.0380 0.0022 0.9993
vn 0.0283 0.0253 0.9993
vn -0.0284 0.0256 0.9993
vn -0.0020 0.0391 0.9992
vn 0.7064 -0.0000 -0.7079
vn 0.7062 0.0001 -0.7080
vn 0.7064 -0.0000 -0.7078
vn 0.6729 0.0426 -0.7386
vn 0.6430 0.0015 0.7659
vn 0.6430 0.0006 0.7659
vn 0.6428 0.0018 0.7660
vn 0.4739 -0.2055 0.8563
vn 0.6007 -0.1014 0.7930
vn 0.6428 -0.0003 0.7660
vn 0.6433 0.0010 0.7656
vn 0.8138 -0.0000 -0.5812
vn 0.8175 -0.0000 -0.5759
vn 0.8175 -0.0001 -0.5760
vn 0.8190 -0.0000 -0.5738
vn 0.8189 -0.0000 -0.5739
vn -0.1269 -0.1176 0.9849
vn 0.0127 0.9999 0.0028
vn 0.0124 0.9999 -0.0038
vn 0.0090 0.9999 -0.0093
vn 0.0092 0.9999 0.0092
vn 0.0025 0.9999 -0.0127
vn 0.0028 0.9999 0.0127
vn -0.0051 0.9999 -0.0119
vn -0.0038 0.9999 0.0124
vn -0.0093 0.9999 0.0090
vn -0.0115 0.9999 -0.0061
vn -0.0128 0.9999 0.0023
vn -0.0435 0.1941 -0.9800
vn -0.2333 -0.1503 -0.9607
vn 0.9999 0.0014 0.0120
vn 0.9999 -0.0049 0.0111
vn 0.9999 0.0077 0.0094
vn 0.9999 -0.0101 0.0068
vn 0.9999 0.0116 0.0038
vn 0.9999 -0.0121 -0.0002
vn 0.9999 0.0119 -0.0024
vn 0.9999 -0.0095 -0.0076
vn 0.9999 0.0093 -0.0079
vn 0.9999 0.0036 -0.0116
vn 0.9999 -0.0036 -0.0117
vn 0.9237 -0.3803 -0.0469
vn 0.1121 -0.9936 0.0133
vn 0.0837 -0.9963 0.0197
vn -0.3735 -0.9251 -0.0682
vn 0.1122 0.9936 0.0131
vn 0.8919 0.3985 -0.2137
vn 0.0835 0.9963 0.0196
vn 0.9669 0.0023 -0.2550
vn 0.9611 0.0108 -0.2760
vn 1.0000 0.0083 -0.0027
vn 1.0000 0.0084 -0.0000
vn 0.9997 0.0068 0.0250
vn 1.0000 0.0088 0.0047
vn -1.0000 0.0020 -0.0047
vn -1.0000 0.0048 -0.0016
vn 0.9999 0.0129 -0.0001
vn 0.9833 -0.1697 -0.0665
vn 0.7999 -0.5986 0.0427
vn -0.9999 -0.0166 0.0036
vn -1.0000 -0.0049 0.0076
vn -1.0000 -0.0045 -0.0024
vn 0.9998 0.0089 -0.0204
vn 0.9995 -0.0111 -0.0284
vn 0.9999 -0.0109 -0.0059
vn -1.0000 0.0072 0.0039
vn -1.0000 -0.0025 -0.0064
vn -1.0000 0.0011 0.0040
vn 0.9998 -0.0103 0.0159
vn 1.0000 -0.0087 0.0019
vn 0.7048 -0.0816 -0.7047
vn 0.6667 -0.0365 -0.7444
vn 0.7444 -0.0365 -0.6667
vn 0.6641 0.0190 -0.7474
vn 0.7480 0.0193 -0.6634
vn 0.6899 0.0481 -0.7223
vn 0.7275 0.0512 -0.6842
vn -0.0017 -0.9999 -0.0127
vn -0.0000 -0.9973 -0.0741
vn -0.4695 -0.6051 -0.6430
vn -0.4696 -0.6051 -0.6429
vn -0.4698 -0.6048 -0.6430
vn 0.0078 -0.8812 0.4728
vn 0.0061 -0.8811 0.4728
vn 0.0055 -0.8812 0.4727
vn 0.0015 0.6079 -0.7940
vn 0.0025 0.6088 -0.7933
vn -0.7115 0.5882 -0.3845
vn -0.7120 0.5895 -0.3816
vn -0.7124 0.5920 -0.3769
vn -0.4666 -0.6089 -0.6414
vn -0.4666 -0.6092 -0.6412
vn -0.4667 -0.6087 -0.6416
vn -0.0008 -0.9999 -0.0128
vn -0.0010 -0.9999 -0.0127
vn -0.0006 -0.9999 -0.0123
vt 0.880788 0.193275
vt 0.889390 0.195407
vt 0.883670 0.188970
vt 0.567031 0.635766
vt 0.643743 0.651246
vt 0.643742 0.636768
vt 0.911403 0.451917
vt 0.892435 0.452171
vt 0.903090 0.452472
vt 0.876857 0.386846
vt 0.880690 0.390608
vt 0.886494 0.386846
vt 0.862164 0.335234
vt 0.864800 0.383110
vt 0.872957 0.335021
vt 0.849826 0.335283
vt 0.850959 0.383149
vt 0.826910 0.346358
vt 0.837110 0.383220
vt 0.837446 0.335059
vt 0.823873 0.348860
vt 0.824884 0.383312
vt 0.885549 0.383102
vt 0.883289 0.347409
vt 0.885766 0.348578
vt 0.897405 0.386846
vt 0.897047 0.390608
vt 0.907823 0.387238
vt 0.867218 0.387084
vt 0.140570 0.994526
vt 0.132808 0.998146
vt 0.138591 0.998146
vt 0.450995 0.671917
vt 0.440995 0.681905
vt 0.447965 0.678853
vt 0.882175 0.452203
vt 0.916670 0.386871
vt 0.919330 0.452354
vt 0.926131 0.452449
vt 0.926118 0.386942
vt 0.860383 0.452451
vt 0.872504 0.452367
vt 0.860356 0.386897
vt 0.882946 0.340906
vt 0.884355 0.333873
vt 0.885573 0.338654
vt 0.824124 0.338773
vt 0.826695 0.340608
vt 0.825026 0.333894
vt 0.858129 0.072230
vt 0.852716 0.066213
vt 0.844624 0.073281
vt 0.849595 0.077160
vt 0.858067 0.060884
vt 0.851523 0.056723
vt 0.842191 0.061848
vt 0.827944 0.059881
vt 0.827942 0.054374
vt 0.827951 0.077170
vt 0.827963 0.067755
vt 0.849895 0.050300
vt 0.827955 0.046639
vt 0.850461 0.046658
vt 0.647190 0.998113
vt 0.647046 0.988397
vt 0.636122 0.985480
vt 0.636013 0.998156
vt 0.674316 0.998194
vt 0.687365 0.985327
vt 0.672712 0.988397
vt 0.660027 0.998114
vt 0.659881 0.988397
vt 0.687298 0.998144
vt 0.650493 0.981790
vt 0.643430 0.976352
vt 0.663325 0.981790
vt 0.676159 0.981791
vt 0.687338 0.975973
vt 0.682113 0.975973
vt 0.675688 0.975973
vt 0.669271 0.975973
vt 0.650026 0.975973
vt 0.558220 0.666371
vt 0.552831 0.669064
vt 0.563892 0.668330
vt 0.662858 0.975973
vt 0.656441 0.975973
vt 0.550900 0.674766
vt 0.554686 0.680731
vt 0.636036 0.975973
vt 0.563094 0.680439
vt 0.566605 0.673702
vt 0.921058 0.055207
vt 0.921058 0.046624
vt 0.921058 0.077274
vt 0.921058 0.063783
vt 0.431593 0.669155
vt 0.447890 0.664812
vt 0.438458 0.662213
vt 0.128622 0.994526
vt 0.127031 0.998146
vt 0.649127 0.612959
vt 0.649403 0.595219
vt 0.640159 0.591134
vt 0.640166 0.612959
vt 0.664060 0.612959
vt 0.658406 0.595219
vt 0.666286 0.590836
vt 0.679097 0.595219
vt 0.678461 0.612959
vt 0.688174 0.590753
vt 0.688172 0.612959
vt 0.645201 0.590672
vt 0.652211 0.590672
vt 0.659234 0.590672
vt 0.672384 0.590672
vt 0.681148 0.590672
vt 0.148433 0.990964
vt 0.133532 0.990927
vt 0.402230 0.678786
vt 0.399445 0.691980
vt 0.410929 0.691980
vt 0.380266 0.678786
vt 0.380234 0.691980
vt 0.390185 0.678786
vt 0.389215 0.691980
vt 0.410835 0.678786
vt 0.122695 0.991552
vt 0.111536 0.990927
vt 0.110897 0.994526
vt 0.101984 0.994413
vt 0.120278 0.998146
vt 0.113549 0.998146
vt 0.148215 0.998146
vt 0.144368 0.998146
vt 0.106804 0.998146
vt 0.572760 0.664737
vt 0.572707 0.676587
vt 0.573319 0.683544
vt 0.799584 0.495232
vt 0.813696 0.508978
vt 0.881265 0.495232
vt 0.881265 0.509257
vt 0.829768 0.708426
vt 0.829768 0.719132
vt 0.843803 0.718883
vt 0.997706 0.652997
vt 0.989226 0.659119
vt 0.997706 0.660569
vt 0.988069 0.676231
vt 0.997706 0.678852
vt 0.997706 0.668213
vt 0.987202 0.648490
vt 0.997706 0.642339
vt 0.987306 0.637403
vt 0.997706 0.631700
vt 0.987174 0.625349
vt 0.997706 0.624056
vt 0.997706 0.616577
vt 0.986736 0.616474
vt 0.986711 0.664152
vt 0.601007 0.690179
vt 0.585564 0.688819
vt 0.592142 0.698284
vt 0.601002 0.680728
vt 0.589181 0.678368
vt 0.601013 0.686077
vt 0.702166 0.507842
vt 0.706232 0.495030
vt 0.696833 0.495850
vt 0.687644 0.509274
vt 0.689610 0.516663
vt 0.716685 0.513120
vt 0.716681 0.505468
vt 0.696850 0.522754
vt 0.706208 0.523572
vt 0.712869 0.519736
vt 0.712851 0.498847
vt 0.689637 0.501890
vt 0.741019 0.719139
vt 0.757248 0.719141
vt 0.757338 0.708384
vt 0.622478 0.408815
vt 0.608368 0.422561
vt 0.614714 0.419866
vt 0.843803 0.708434
vt 0.741019 0.708389
vt 0.540797 0.408816
vt 0.540797 0.422840
vt 0.689567 0.697937
vt 0.591625 0.709701
vt 0.689567 0.710456
vt 0.807347 0.506281
vt 0.689567 0.673736
vt 0.689537 0.680694
vt 0.686860 0.690188
vt 0.592285 0.669946
vt 0.689567 0.663475
vt 0.590195 0.661900
vt 0.689567 0.654207
vt 0.591365 0.654201
vt 0.590759 0.716668
vt 0.689567 0.716668
vt 0.689567 0.678912
vt 0.686860 0.678925
vt 0.572811 0.694703
vt 0.572826 0.707199
vt 0.572663 0.716649
vt 0.572745 0.654222
vt 0.986811 0.689536
vt 0.997706 0.689396
vt 0.001850 0.261255
vt 0.001850 0.301850
vt 0.076168 0.301850
vt 0.076150 0.261255
vt 0.317378 0.668265
vt 0.303157 0.679986
vt 0.318542 0.671781
vt 0.086201 0.261255
vt 0.085985 0.301850
vt 0.097524 0.301850
vt 0.097877 0.261255
vt 0.269417 0.261255
vt 0.241099 0.301850
vt 0.386934 0.301850
vt 0.418467 0.261255
vt 0.490549 0.301850
vt 0.531317 0.261255
vt 0.553656 0.301850
vt 0.664913 0.261255
vt 0.673423 0.301849
vt 0.725842 0.261255
vt 0.728005 0.301849
vt 0.796987 0.261255
vt 0.797487 0.301849
vt 0.810911 0.261255
vt 0.811111 0.301849
vt 0.836548 0.301849
vt 0.842408 0.261255
vt 0.851518 0.301849
vt 0.885222 0.324611
vt 0.855096 0.317988
vt 0.863213 0.321607
vt 0.885114 0.328387
vt 0.845691 0.697262
vt 0.875817 0.690640
vt 0.875708 0.686863
vt 0.853807 0.693644
vt 0.386416 0.652905
vt 0.385603 0.650161
vt 0.496072 0.617947
vt 0.496072 0.606488
vt 0.454830 0.606580
vt 0.454830 0.617924
vt 0.496072 0.600814
vt 0.454830 0.600813
vt 0.538316 0.122331
vt 0.349553 0.163574
vt 0.538646 0.163574
vt 0.297148 0.122331
vt 0.223299 0.163574
vt 0.181275 0.122331
vt 0.159140 0.163574
vt 0.048672 0.122331
vt 0.050684 0.163574
vt 0.001853 0.122331
vt 0.001854 0.163574
vt 0.934142 0.045057
vt 0.982598 0.003815
vt 0.934179 0.003815
vt 0.982595 0.045058
vt 0.087771 0.116667
vt 0.087771 0.075244
vt 0.049864 0.075244
vt 0.048733 0.116667
vt 0.041602 0.075244
vt 0.040299 0.116667
vt 0.909114 0.675488
vt 0.910969 0.673314
vt 0.904261 0.672780
vt 0.016551 0.075244
vt 0.002146 0.116667
vt 0.001858 0.075244
vt 0.312562 0.335264
vt 0.255447 0.322099
vt 0.326783 0.346986
vt 0.246042 0.693152
vt 0.245338 0.695891
vt 0.239094 0.690857
vt 0.239326 0.693462
vt 0.236954 0.694393
vt 0.234383 0.692991
vt 0.233324 0.697768
vt 0.236380 0.698236
vt 0.234672 0.700445
vt 0.239809 0.701629
vt 0.239435 0.698865
vt 0.543472 0.617973
vt 0.543180 0.615131
vt 0.472585 0.627172
vt 0.473180 0.629970
vt 0.639420 0.619808
vt 0.639998 0.617021
vt 0.598051 0.612494
vt 0.597931 0.615342
vt 0.696743 0.642177
vt 0.698204 0.639720
vt 0.671816 0.626437
vt 0.670740 0.629076
vt 0.737130 0.668710
vt 0.738730 0.666333
vt 0.769417 0.687480
vt 0.770690 0.684920
vt 0.829922 0.698886
vt 0.809111 0.697741
vt 0.808709 0.700564
vt 0.830018 0.701740
vt 0.789603 0.696179
vt 0.790497 0.693466
vt 0.911501 0.684318
vt 0.907596 0.682998
vt 0.903439 0.687704
vt 0.911742 0.679609
vt 0.914278 0.679542
vt 0.918519 0.339763
vt 0.913667 0.342471
vt 0.920374 0.341937
vt 0.911272 0.339211
vt 0.894334 0.332946
vt 0.892849 0.335313
vt 0.826156 0.696728
vt 0.835539 0.316256
vt 0.835562 0.318523
vt 0.826134 0.698995
vt 0.193159 0.998141
vt 0.193159 0.995884
vt 0.151917 0.995884
vt 0.151917 0.998141
vt 0.327947 0.343471
vt 0.254743 0.319360
vt 0.248731 0.321789
vt 0.248499 0.324394
vt 0.246359 0.320858
vt 0.243789 0.322261
vt 0.242729 0.317483
vt 0.245785 0.317015
vt 0.244077 0.314806
vt 0.248840 0.316386
vt 0.249214 0.313622
vt 0.395008 0.365091
vt 0.395821 0.362346
vt 0.482587 0.385281
vt 0.481991 0.388079
vt 0.552586 0.400120
vt 0.552878 0.397279
vt 0.607337 0.399909
vt 0.607456 0.402757
vt 0.649403 0.398231
vt 0.648825 0.395444
vt 0.706149 0.373074
vt 0.707609 0.375531
vt 0.748136 0.348918
vt 0.746536 0.346541
vt 0.680145 0.386175
vt 0.681221 0.388814
vt 0.780095 0.330331
vt 0.778823 0.327771
vt 0.799902 0.321785
vt 0.799008 0.319072
vt 0.818115 0.314687
vt 0.818516 0.317510
vt 0.839327 0.316365
vt 0.839424 0.313510
vt 0.912844 0.327546
vt 0.917001 0.332253
vt 0.920906 0.330933
vt 0.921147 0.335642
vt 0.923683 0.335708
vt 0.885035 0.682245
vt 0.902276 0.675920
vt 0.883443 0.679937
vt 0.854624 0.698822
vt 0.854150 0.696005
vt 0.863555 0.319246
vt 0.864029 0.316428
vt 0.896876 0.301849
vt 0.896925 0.261255
vt 0.496072 0.589078
vt 0.454830 0.589078
vt 0.796134 0.169068
vt 0.790053 0.210492
vt 0.796120 0.210492
vt 0.789555 0.169068
vt 0.632406 0.169068
vt 0.617612 0.210492
vt 0.493280 0.169069
vt 0.496937 0.210492
vt 0.403858 0.169069
vt 0.403574 0.210493
vt 0.393254 0.169069
vt 0.391018 0.210493
vt 0.329593 0.169069
vt 0.330452 0.210493
vt 0.216071 0.210493
vt 0.215791 0.169069
vt 0.111131 0.169069
vt 0.099683 0.210493
vt 0.001664 0.169069
vt 0.001840 0.210493
vt 0.804627 0.257405
vt 0.810070 0.216163
vt 0.804072 0.216163
vt 0.810058 0.257405
vt 0.009909 0.257406
vt 0.001844 0.216163
vt 0.001852 0.257406
vt 0.010625 0.216163
vt 0.102052 0.216163
vt 0.186292 0.257406
vt 0.276823 0.216163
vt 0.303531 0.257406
vt 0.399073 0.257406
vt 0.398766 0.216163
vt 0.415867 0.257406
vt 0.415701 0.216163
vt 0.468200 0.257406
vt 0.471410 0.216163
vt 0.580102 0.257405
vt 0.587065 0.216163
vt 0.703687 0.257405
vt 0.710032 0.216163
vt 0.962473 0.620124
vt 0.962473 0.646944
vt 0.965267 0.646968
vt 0.965267 0.620317
vt 0.965267 0.732193
vt 0.962473 0.732172
vt 0.962473 0.773256
vt 0.965267 0.773302
vt 0.965267 0.821169
vt 0.962473 0.821172
vt 0.962473 0.875624
vt 0.965267 0.875636
vt 0.965267 0.927744
vt 0.962473 0.927734
vt 0.962473 0.993726
vt 0.965267 0.993890
vt 0.962473 0.997816
vt 0.965267 0.997738
vt 0.965267 0.209545
vt 0.962473 0.209589
vt 0.962473 0.216607
vt 0.965267 0.216483
vt 0.701322 0.039750
vt 0.701282 0.042588
vt 0.752001 0.042588
vt 0.752016 0.039750
vt 0.605870 0.039750
vt 0.605828 0.042588
vt 0.649674 0.042588
vt 0.649677 0.039750
vt 0.962473 0.589826
vt 0.965267 0.597404
vt 0.965267 0.586235
vt 0.965267 0.572104
vt 0.962473 0.572108
vt 0.962473 0.600974
vt 0.528481 0.039750
vt 0.526082 0.042588
vt 0.532410 0.042588
vt 0.512954 0.042588
vt 0.512758 0.039750
vt 0.485682 0.039750
vt 0.485707 0.042588
vt 0.962473 0.611231
vt 0.965267 0.611012
vt 0.357330 0.039750
vt 0.357377 0.042588
vt 0.399118 0.042588
vt 0.399096 0.039750
vt 0.253364 0.039750
vt 0.253376 0.042588
vt 0.308697 0.042588
vt 0.308700 0.039750
vt 0.133221 0.039750
vt 0.133388 0.042588
vt 0.200434 0.042588
vt 0.200424 0.039750
vt 0.129232 0.042588
vt 0.129312 0.039750
vt 0.922912 0.042588
vt 0.930042 0.042588
vt 0.930086 0.039750
vt 0.923038 0.039750
vt 0.965267 0.384818
vt 0.962473 0.384832
vt 0.962473 0.434755
vt 0.965267 0.434716
vt 0.965267 0.485549
vt 0.962473 0.485553
vt 0.962473 0.528710
vt 0.965267 0.528669
vt 0.543736 0.042588
vt 0.561737 0.042588
vt 0.561741 0.039750
vt 0.547384 0.039750
vt 0.536037 0.039750
vt 0.965267 0.604842
vt 0.962473 0.607203
vt 0.521989 0.042588
vt 0.522212 0.039750
vt 0.962473 0.685549
vt 0.965267 0.685552
vt 0.886934 0.039750
vt 0.886963 0.042588
vt 0.818850 0.039750
vt 0.818822 0.042588
vt 0.446480 0.039750
vt 0.446485 0.042588
vt 0.962473 0.251992
vt 0.965267 0.252020
vt 0.962473 0.319062
vt 0.965267 0.319047
vt 0.665745 0.459878
vt 0.694288 0.459878
vt 0.665744 0.434205
vt 0.695137 0.434205
vt 0.737875 0.459878
vt 0.737773 0.434205
vt 0.856653 0.459878
vt 0.856654 0.434205
vt 0.828078 0.459878
vt 0.827282 0.434205
vt 0.785243 0.434205
vt 0.785558 0.459878
vt 0.911590 0.458239
vt 0.885805 0.458239
vt 0.885805 0.489464
vt 0.911590 0.490056
vt 0.911590 0.536510
vt 0.885805 0.536173
vt 0.885805 0.590147
vt 0.911590 0.667275
vt 0.885805 0.636057
vt 0.885805 0.667283
vt 0.911590 0.633657
vt 0.911590 0.590171
vt 0.989771 0.610491
vt 0.989771 0.595331
vt 0.986982 0.595334
vt 0.986982 0.610491
vt 0.993479 0.595608
vt 0.993479 0.610497
vt 0.996270 0.610497
vt 0.996270 0.595611
vt 0.989771 0.584157
vt 0.986982 0.584162
vt 0.993479 0.585027
vt 0.996270 0.585028
vt 0.989771 0.577981
vt 0.986982 0.577963
vt 0.993479 0.579538
vt 0.996270 0.579559
vt 0.989771 0.570637
vt 0.986982 0.570667
vt 0.993479 0.572920
vt 0.996270 0.573491
vt 0.996270 0.555097
vt 0.989771 0.538140
vt 0.986982 0.543700
vt 0.993479 0.543161
vt 0.996270 0.538726
vt 0.986982 0.535750
vt 0.993479 0.534876
vt 0.989771 0.531922
vt 0.986982 0.531958
vt 0.996270 0.534182
vt 0.989771 0.423135
vt 0.989771 0.407973
vt 0.986982 0.407973
vt 0.986982 0.423131
vt 0.993479 0.412468
vt 0.993479 0.427359
vt 0.996270 0.427354
vt 0.996270 0.412468
vt 0.989771 0.434308
vt 0.986982 0.434301
vt 0.993479 0.437939
vt 0.996270 0.437937
vt 0.989771 0.440489
vt 0.986982 0.440501
vt 0.993479 0.443425
vt 0.996270 0.443407
vt 0.989771 0.447000
vt 0.986982 0.447008
vt 0.993479 0.450036
vt 0.996270 0.450105
vt 0.989771 0.462876
vt 0.986982 0.462777
vt 0.993479 0.478701
vt 0.996270 0.478581
vt 0.989771 0.477026
vt 0.986982 0.481743
vt 0.989771 0.484556
vt 0.993479 0.486838
vt 0.996270 0.485165
vt 0.986982 0.487222
vt 0.996270 0.489504
vt 0.654028 0.430248
vt 0.677787 0.430248
vt 0.654021 0.404462
vt 0.678642 0.404462
vt 0.721453 0.430248
vt 0.721406 0.404462
vt 0.762839 0.430248
vt 0.763097 0.404462
vt 0.831067 0.430248
vt 0.831071 0.404462
vt 0.807338 0.430248
vt 0.806470 0.404462
vt 0.871436 0.489511
vt 0.871436 0.463839
vt 0.845117 0.463839
vt 0.845039 0.489511
vt 0.798305 0.463839
vt 0.798625 0.489512
vt 0.752151 0.463839
vt 0.751791 0.489512
vt 0.678552 0.489512
vt 0.704991 0.489512
vt 0.704719 0.463839
vt 0.678552 0.463839
vt 0.938292 0.768524
vt 0.938292 0.755430
vt 0.935553 0.755438
vt 0.935553 0.768524
vt 0.946491 0.533205
vt 0.946491 0.546293
vt 0.949230 0.546293
vt 0.949230 0.533213
vt 0.938292 0.743695
vt 0.935553 0.746335
vt 0.946491 0.521474
vt 0.949230 0.524113
vt 0.935553 0.741310
vt 0.949230 0.519090
vt 0.938292 0.735115
vt 0.935553 0.735103
vt 0.946491 0.512897
vt 0.949230 0.512885
vt 0.938292 0.722068
vt 0.935553 0.722226
vt 0.946491 0.499854
vt 0.949230 0.500012
vt 0.938292 0.700687
vt 0.935553 0.700052
vt 0.946491 0.478480
vt 0.949230 0.477845
vt 0.938292 0.695089
vt 0.946491 0.472884
vt 0.949230 0.471585
vt 0.938292 0.662279
vt 0.935553 0.656642
vt 0.935553 0.693790
vt 0.949230 0.434450
vt 0.946491 0.440084
vt 0.938292 0.594890
vt 0.938292 0.581798
vt 0.935553 0.581798
vt 0.935553 0.594884
vt 0.946491 0.359631
vt 0.946491 0.372718
vt 0.949230 0.372712
vt 0.949230 0.359631
vt 0.938292 0.606626
vt 0.935553 0.603984
vt 0.946491 0.384450
vt 0.949230 0.381810
vt 0.935553 0.609009
vt 0.949230 0.386833
vt 0.938292 0.615215
vt 0.935553 0.615205
vt 0.946491 0.393036
vt 0.949230 0.393026
vt 0.938292 0.627746
vt 0.935553 0.627651
vt 0.946491 0.405564
vt 0.949230 0.405469
vt 0.938292 0.649311
vt 0.935553 0.651203
vt 0.946491 0.427122
vt 0.949230 0.429014
vt 0.946491 0.432594
vt 0.938292 0.654785
vt 0.001749 0.725353
vt 0.001749 0.742537
vt 0.009252 0.742821
vt 0.009305 0.725465
vt 0.013502 0.724604
vt 0.013534 0.741963
vt 0.019650 0.742432
vt 0.019649 0.725120
vt 0.001749 0.786220
vt 0.009270 0.786515
vt 0.013502 0.785570
vt 0.019650 0.786262
vt 0.001748 0.803321
vt 0.009249 0.803757
vt 0.013579 0.802860
vt 0.019650 0.803491
vt 0.001768 0.703377
vt 0.011605 0.703377
vt 0.019569 0.703377
vt 0.010997 0.825306
vt 0.019546 0.825306
vt 0.001830 0.825306
vt 0.415907 0.666128
vt 0.427020 0.673113
vt 0.427020 0.662706
vt 0.609536 0.977430
vt 0.606095 0.977430
vt 0.606095 0.980866
vt 0.619250 0.975412
vt 0.619992 0.980866
vt 0.923850 0.921533
vt 0.909953 0.998151
vt 0.923850 0.998151
vt 0.023255 0.713978
vt 0.023255 0.761113
vt 0.026681 0.761113
vt 0.027611 0.750001
vt 0.379885 0.666128
vt 0.366649 0.662706
vt 0.909953 0.937516
vt 0.779968 0.699399
vt 0.782448 0.701290
vt 0.783155 0.699350
vt 0.420306 0.673981
vt 0.415907 0.681858
vt 0.427020 0.681858
vt 0.379885 0.698429
vt 0.350736 0.701850
vt 0.427020 0.701850
vt 0.427020 0.698429
vt 0.691057 0.998146
vt 0.694463 0.984279
vt 0.691042 0.982492
vt 0.361443 0.686299
vt 0.371540 0.687764
vt 0.366649 0.684159
vt 0.350736 0.698429
vt 0.391401 0.980863
vt 0.410702 0.980863
vt 0.410669 0.977481
vt 0.396707 0.977481
vt 0.694463 0.967410
vt 0.691042 0.967410
vt 0.366649 0.666128
vt 0.371394 0.677021
vt 0.370281 0.684159
vt 0.361447 0.678251
vt 0.366649 0.680398
vt 0.370281 0.680398
vt 0.350736 0.666128
vt 0.909953 0.921533
vt 0.906557 0.926862
vt 0.906557 0.937516
vt 0.777445 0.701295
vt 0.779051 0.697598
vt 0.775824 0.700439
vt 0.784224 0.704319
vt 0.775671 0.704319
vt 0.517725 0.629811
vt 0.521001 0.635188
vt 0.543064 0.635188
vt 0.538210 0.629848
vt 0.543064 0.624456
vt 0.521001 0.624456
vt 0.036162 0.750001
vt 0.036826 0.704557
vt 0.035232 0.727937
vt 0.028541 0.727937
vt 0.882105 0.640184
vt 0.873706 0.640832
vt 0.882105 0.653989
vt 0.873706 0.663859
vt 0.873706 0.546699
vt 0.882105 0.555053
vt 0.882105 0.538939
vt 0.882065 0.674590
vt 0.502328 0.637092
vt 0.492791 0.643820
vt 0.516653 0.645227
vt 0.994624 0.826197
vt 0.994624 0.817510
vt 0.994566 0.832689
vt 0.994624 0.743595
vt 0.994561 0.732679
vt 0.994490 0.754452
vt 0.882052 0.527471
vt 0.806913 0.527420
vt 0.873706 0.613336
vt 0.882105 0.626352
vt 0.546459 0.654111
vt 0.536225 0.645158
vt 0.531837 0.652968
vt 0.540137 0.660367
vt 0.460889 0.638204
vt 0.459251 0.645103
vt 0.477216 0.644140
vt 0.477227 0.637337
vt 0.434817 0.643908
vt 0.438633 0.652223
vt 0.446202 0.651319
vt 0.444548 0.640597
vt 0.544800 0.664365
vt 0.551211 0.660829
vt 0.986913 0.915196
vt 0.986913 0.925248
vt 0.986960 0.935252
vt 0.987566 0.907039
vt 0.986913 0.960434
vt 0.987120 0.968233
vt 0.986800 0.942542
vt 0.986913 0.950379
vt 0.986913 0.988103
vt 0.987182 0.998155
vt 0.524770 0.640030
vt 0.454937 0.679948
vt 0.461939 0.700765
vt 0.467896 0.668362
vt 0.496495 0.701408
vt 0.513676 0.680233
vt 0.500332 0.668126
vt 0.530326 0.701821
vt 0.539731 0.688686
vt 0.526984 0.688158
vt 0.694274 0.586527
vt 0.699930 0.601078
vt 0.709116 0.589343
vt 0.708791 0.582371
vt 0.821332 0.124459
vt 0.831875 0.120991
vt 0.831983 0.117220
vt 0.817135 0.116386
vt 0.815664 0.120554
vt 0.807535 0.117396
vt 0.702273 0.614598
vt 0.694074 0.614693
vt 0.704299 0.634181
vt 0.712508 0.621551
vt 0.722666 0.588882
vt 0.736012 0.583475
vt 0.724092 0.581655
vt 0.569318 0.701776
vt 0.568930 0.689669
vt 0.558990 0.687339
vt 0.512454 0.656157
vt 0.916723 0.120551
vt 0.924871 0.117579
vt 0.911249 0.115824
vt 0.911054 0.124460
vt 0.692772 0.598583
vt 0.902558 0.121094
vt 0.720082 0.649298
vt 0.732904 0.632351
vt 0.728682 0.615919
vt 0.524798 0.650207
vt 0.534950 0.659368
vt 0.842836 0.122403
vt 0.854462 0.129770
vt 0.848750 0.117994
vt 0.732369 0.598834
vt 0.739808 0.598094
vt 0.891771 0.121784
vt 0.889917 0.116934
vt 0.740082 0.614428
vt 0.878262 0.129474
vt 0.869697 0.118748
vt 0.866194 0.140612
vt 0.551820 0.683367
vt 0.806913 0.558846
vt 0.882025 0.568863
vt 0.806913 0.586620
vt 0.873706 0.588043
vt 0.806913 0.611848
vt 0.806913 0.641816
vt 0.806913 0.674804
vt 0.882105 0.607965
vt 0.994624 0.767517
vt 0.994446 0.780599
vt 0.882105 0.587265
vt 0.994624 0.702284
vt 0.994483 0.693600
vt 0.994757 0.713237
vt 0.994520 0.806645
vt 0.515454 0.638124
vt 0.986913 0.887527
vt 0.987058 0.874941
vt 0.489694 0.636851
vt 0.986913 0.975521
vt 0.986913 0.844807
vt 0.986913 0.854856
vt 0.986932 0.837328
vt 0.986913 0.900109
vt 0.986913 0.864915
vt 0.872228 0.998162
vt 0.884754 0.997873
vt 0.863663 0.988811
vt 0.455503 0.657105
vt 0.434519 0.700293
vt 0.444563 0.686560
vt 0.434814 0.688721
vt 0.853640 0.997930
vt 0.832273 0.997890
vt 0.831770 0.988811
vt 0.810906 0.997393
vt 0.792420 0.997899
vt 0.789243 0.988811
vt 0.772889 0.997164
vt 0.767979 0.988811
vt 0.752932 0.998159
vt 0.746713 0.988811
vt 0.732597 0.996902
vt 0.725459 0.988811
vt 0.714690 0.997813
vt 0.734955 0.964190
vt 0.714653 0.964190
vt 0.764372 0.964190
vt 0.793422 0.964190
vt 0.825516 0.964190
vt 0.852093 0.964190
vt 0.884881 0.964190
vt 0.805124 0.161681
vt 0.805128 0.172280
vt 0.812031 0.158447
vt 0.869328 0.191711
vt 0.868527 0.193254
vt 0.880509 0.194968
vt 0.875493 0.193166
vt 0.845861 0.100679
vt 0.828116 0.099812
vt 0.103358 0.061774
vt 0.078388 0.061774
vt 0.082789 0.067287
vt 0.092430 0.067287
vt 0.865529 0.100936
vt 0.887191 0.100648
vt 0.906555 0.099656
vt 0.922572 0.098318
vt 0.809807 0.098317
vt 0.038055 0.052433
vt 0.053247 0.061774
vt 0.053489 0.053623
vt 0.024293 0.060767
vt 0.016083 0.052202
vt 0.001810 0.061774
vt 0.071224 0.067287
vt 0.001822 0.051778
vt 0.057739 0.067287
vt 0.125213 0.052365
vt 0.125124 0.067146
vt 0.107552 0.053153
vt 0.044259 0.067287
vt 0.019197 0.067287
vt 0.032699 0.067287
vt 0.087201 0.054363
vt 0.067109 0.054546
vt 0.102077 0.067287
vt 0.113643 0.067287
vt 0.001850 0.067287
vt 0.007631 0.067287
vt 0.036552 0.044403
vt 0.048103 0.044403
vt 0.059670 0.044403
vt 0.069306 0.044403
vt 0.078940 0.044403
vt 0.090507 0.044403
vt 0.102070 0.044403
vt 0.115568 0.044403
vt 0.125197 0.044403
vt 0.009559 0.044403
vt 0.001850 0.044403
vt 0.023058 0.044403
vt 0.928215 0.281422
vt 0.905716 0.279648
vt 0.905716 0.297251
vt 0.928215 0.299098
vt 0.887596 0.177971
vt 0.881891 0.167613
vt 0.885158 0.180159
vt 0.881090 0.159153
vt 0.870329 0.148509
vt 0.874687 0.156958
vt 0.865736 0.149807
vt 0.855690 0.141023
vt 0.854580 0.145036
vt 0.841969 0.139321
vt 0.838989 0.143888
vt 0.815987 0.148226
vt 0.823804 0.148240
vt 0.800074 0.178196
vt 0.804270 0.184593
vt 0.804287 0.194366
vt 0.928215 0.186525
vt 0.905716 0.184862
vt 0.905716 0.219758
vt 0.928215 0.221539
vt 0.928215 0.156956
vt 0.905716 0.158039
vt 0.905716 0.321693
vt 0.928215 0.321606
vt 0.905716 0.132057
vt 0.928215 0.132071
vt 0.905716 0.264234
vt 0.928215 0.265734
vt 0.623647 0.114678
vt 0.626797 0.115554
vt 0.620567 0.108996
vt 0.873424 0.194692
vt 0.887351 0.187347
vt 0.885908 0.168714
vt 0.828229 0.141629
vt 0.545135 0.137185
vt 0.551983 0.148784
vt 0.542864 0.123757
vt 0.597669 0.156954
vt 0.604927 0.158194
vt 0.617163 0.148779
vt 0.610618 0.150143
vt 0.619534 0.107765
vt 0.611592 0.107826
vt 0.627631 0.125151
vt 0.624806 0.136922
vt 0.545615 0.107327
vt 0.549434 0.108890
vt 0.776589 0.360888
vt 0.768746 0.357630
vt 0.758551 0.371280
vt 0.776895 0.379266
vt 0.986673 0.788982
vt 0.986673 0.765107
vt 0.994619 0.793664
vt 0.784192 0.370764
vt 0.784224 0.386959
vt 0.986673 0.812926
vt 0.767166 0.393493
vt 0.772632 0.398573
vt 0.986673 0.832714
vt 0.760207 0.400131
vt 0.986673 0.693593
vt 0.751004 0.395534
vt 0.994649 0.721892
vt 0.744538 0.386928
vt 0.986673 0.723678
vt 0.743643 0.374652
vt 0.749247 0.363486
vt 0.986673 0.743310
vt 0.758286 0.358294
vt 0.732130 0.670933
vt 0.737347 0.691836
vt 0.739038 0.677884
vt 0.994787 0.985859
vt 0.724076 0.680561
vt 0.742749 0.686861
vt 0.994787 0.963221
vt 0.741906 0.698993
vt 0.714842 0.707636
vt 0.727731 0.714699
vt 0.735879 0.709349
vt 0.994787 0.935632
vt 0.718134 0.716627
vt 0.706500 0.713480
vt 0.994787 0.907899
vt 0.693898 0.696538
vt 0.697437 0.705472
vt 0.707370 0.692924
vt 0.994787 0.880300
vt 0.698984 0.677498
vt 0.693821 0.686740
vt 0.994755 0.837265
vt 0.994787 0.855135
vt 0.720682 0.667050
vt 0.706601 0.669838
vt 0.948272 0.203090
vt 0.961779 0.203091
vt 0.961779 0.184211
vt 0.948272 0.184357
vt 0.807640 0.399436
vt 0.811756 0.397638
vt 0.807157 0.397896
vt 0.814549 0.397349
vt 0.821028 0.384318
vt 0.818655 0.384364
vt 0.817852 0.391922
vt 0.961779 0.161607
vt 0.948272 0.153531
vt 0.631333 0.358264
vt 0.629551 0.380862
vt 0.647232 0.380862
vt 0.649087 0.358264
vt 0.815990 0.374065
vt 0.815557 0.365692
vt 0.805201 0.354589
vt 0.809263 0.363251
vt 0.800517 0.355729
vt 0.790635 0.346432
vt 0.789354 0.350482
vt 0.776666 0.344179
vt 0.773441 0.348754
vt 0.749644 0.352376
vt 0.757683 0.352675
vt 0.737982 0.365818
vt 0.745203 0.362744
vt 0.732185 0.382618
vt 0.737599 0.376720
vt 0.703274 0.121320
vt 0.701776 0.126456
vt 0.708094 0.140331
vt 0.712624 0.146398
vt 0.736267 0.389351
vt 0.735929 0.399403
vt 0.669293 0.107310
vt 0.675561 0.111513
vt 0.690452 0.116075
vt 0.689370 0.111153
vt 0.536020 0.358264
vt 0.534350 0.380862
vt 0.569399 0.380862
vt 0.571188 0.358264
vt 0.642770 0.162474
vt 0.640660 0.160882
vt 0.635130 0.160864
vt 0.635547 0.162510
vt 0.708411 0.152501
vt 0.948272 0.067332
vt 0.961779 0.048819
vt 0.948272 0.048934
vt 0.707825 0.162106
vt 0.506321 0.358264
vt 0.507410 0.380862
vt 0.821402 0.400264
vt 0.822672 0.396632
vt 0.820231 0.392994
vt 0.628479 0.154793
vt 0.630269 0.145574
vt 0.630365 0.133769
vt 0.671781 0.380862
vt 0.671693 0.358264
vt 0.633257 0.134972
vt 0.481313 0.380862
vt 0.481328 0.358264
vt 0.637832 0.121912
vt 0.640287 0.124290
vt 0.630579 0.152685
vt 0.649125 0.117172
vt 0.650019 0.112381
vt 0.660166 0.112486
vt 0.614070 0.380862
vt 0.615577 0.358264
vt 0.813693 0.399127
vt 0.803664 0.397624
vt 0.819872 0.375324
vt 0.762474 0.346041
vt 0.710228 0.132947
vt 0.647331 0.160079
vt 0.627632 0.145445
vt 0.553528 0.143694
vt 0.547321 0.129834
vt 0.618192 0.142249
vt 0.622934 0.133513
vt 0.624944 0.123092
vt 0.618607 0.110114
vt 0.611939 0.109580
vt 0.607761 0.110024
vt 0.547060 0.117706
vt 0.565714 0.159042
vt 0.564719 0.154118
vt 0.579487 0.158798
vt 0.585654 0.163034
vt 0.961779 0.139767
vt 0.961779 0.116415
vt 0.948272 0.121258
vt 0.961779 0.085862
vt 0.948272 0.096414
vt 0.626201 0.163308
vt 0.634914 0.160574
vt 0.625045 0.158929
vt 0.994787 0.998148
vt 0.001853 0.859874
vt 0.006891 0.859874
vt 0.006891 0.843509
vt 0.001853 0.840158
vt 0.931306 0.918580
vt 0.927546 0.918580
vt 0.927546 0.941226
vt 0.931306 0.941289
vt 0.288650 0.701857
vt 0.285298 0.696819
vt 0.268934 0.696820
vt 0.268934 0.701857
vt 0.951820 0.811300
vt 0.955581 0.812027
vt 0.955581 0.790139
vt 0.951820 0.790139
vt 0.292877 0.696819
vt 0.006891 0.835930
vt 0.292877 0.690412
vt 0.285298 0.690412
vt 0.951820 0.822839
vt 0.955581 0.822839
vt 0.013299 0.843509
vt 0.013299 0.835930
vt 0.564761 0.602585
vt 0.553852 0.608021
vt 0.573513 0.608021
vt 0.530678 0.602585
vt 0.519839 0.608021
vt 0.536787 0.608021
vt 0.583639 0.602585
vt 0.509774 0.602585
vt 0.499781 0.602585
vt 0.499719 0.608021
vt 0.583506 0.608021
vt 0.550374 0.602585
vt 0.977373 0.915900
vt 0.983203 0.927174
vt 0.983203 0.918714
vt 0.983203 0.910278
vt 0.977373 0.937794
vt 0.983203 0.937319
vt 0.976273 0.889937
vt 0.983203 0.898436
vt 0.983203 0.889988
vt 0.976146 0.983580
vt 0.968998 0.998121
vt 0.983203 0.998154
vt 0.983203 0.989706
vt 0.975347 0.952381
vt 0.983203 0.954215
vt 0.983203 0.945756
vt 0.969131 0.898423
vt 0.969126 0.989760
vt 0.969594 0.939470
vt 0.969163 0.929202
vt 0.983203 0.979557
vt 0.983203 0.971102
vt 0.972821 0.914876
vt 0.976284 0.965007
vt 0.968967 0.917044
vt 0.983203 0.962668
vt 0.968967 0.979573
vt 0.968967 0.967743
vt 0.968967 0.959282
vt 0.968967 0.949153
vt 0.968967 0.890021
vt 0.968967 0.906901
vt 0.914240 0.738605
vt 0.910604 0.745624
vt 0.913771 0.745777
vt 0.914115 0.726441
vt 0.910336 0.721801
vt 0.910211 0.726543
vt 0.812820 0.956951
vt 0.812820 0.955518
vt 0.810933 0.958733
vt 0.910604 0.755577
vt 0.914240 0.761259
vt 0.913771 0.755059
vt 0.910604 0.766051
vt 0.914369 0.766051
vt 0.914115 0.707618
vt 0.910823 0.699097
vt 0.910809 0.706448
vt 0.914053 0.694304
vt 0.956620 0.905862
vt 0.956620 0.828649
vt 0.951828 0.828649
vt 0.951828 0.905865
vt 0.827807 0.946495
vt 0.888076 0.943284
vt 0.810934 0.944371
vt 0.812820 0.947211
vt 0.817785 0.955518
vt 0.817785 0.947927
vt 0.899871 0.987491
vt 0.888454 0.988524
vt 0.888454 0.998150
vt 0.903376 0.998150
vt 0.827807 0.956951
vt 0.888077 0.959819
vt 0.951828 0.998152
vt 0.956620 0.998152
vt 0.956620 0.920971
vt 0.951828 0.920905
vt 0.567031 0.652248
vt 0.914369 0.733812
vt 0.910604 0.733812
vt 0.874139 0.938888
vt 0.871399 0.936785
vt 0.862367 0.938888
vt 0.880504 0.938888
vt 0.880504 0.933944
vt 0.778616 0.679992
vt 0.780327 0.685563
vt 0.781251 0.684545
vt 0.780003 0.680498
vt 0.782041 0.676925
vt 0.782480 0.678274
vt 0.903373 0.975595
vt 0.888454 0.975583
vt 0.787165 0.677342
vt 0.787165 0.686326
vt 0.862396 0.933944
vt 0.416695 0.694102
vt 0.418395 0.685490
vt 0.415080 0.689959
vt 0.419734 0.696419
vt 0.428268 0.696862
vt 0.709233 0.968068
vt 0.699009 0.968915
vt 0.698179 0.978369
vt 0.710866 0.978356
vt 0.428276 0.684191
vt 0.904051 0.694304
vt 0.904051 0.699097
vt 0.359324 0.998152
vt 0.359324 0.993359
vt 0.338750 0.993359
vt 0.338697 0.998152
vt 0.827353 0.198845
vt 0.813798 0.197040
vt 0.817185 0.229995
vt 0.827353 0.205832
vt 0.956363 0.546302
vt 0.956363 0.534448
vt 0.952941 0.534518
vt 0.952941 0.546302
vt 0.927654 0.981393
vt 0.927659 0.986442
vt 0.931706 0.981655
vt 0.927551 0.970088
vt 0.931713 0.970024
vt 0.931320 0.955439
vt 0.927557 0.963443
vt 0.931618 0.963421
vt 0.931707 0.988156
vt 0.956363 0.474734
vt 0.956363 0.451887
vt 0.952941 0.451866
vt 0.952941 0.474600
vt 0.927622 0.991659
vt 0.931697 0.997687
vt 0.866527 0.678816
vt 0.795090 0.678816
vt 0.795090 0.682237
vt 0.866527 0.682237
vt 0.927578 0.998127
vt 0.773168 0.958642
vt 0.770054 0.954446
vt 0.766617 0.954446
vt 0.927552 0.975824
vt 0.929472 0.945202
vt 0.927552 0.949432
vt 0.927552 0.956064
vt 0.931703 0.975812
vt 0.931703 0.949350
vt 0.853458 0.686067
vt 0.831913 0.686067
vt 0.832012 0.689503
vt 0.853458 0.689503
vt 0.798797 0.689503
vt 0.820340 0.689503
vt 0.820242 0.686067
vt 0.798797 0.686067
vt 0.734941 0.315222
vt 0.720547 0.318323
vt 0.720547 0.321744
vt 0.707039 0.321744
vt 0.684097 0.315222
vt 0.684097 0.329013
vt 0.759317 0.955336
vt 0.759317 0.958642
vt 0.791799 0.675715
vt 0.734941 0.329013
vt 0.791799 0.689506
vt 0.795090 0.689506
vt 0.813831 0.257410
vt 0.707039 0.318323
vt 0.882900 0.198845
vt 0.888622 0.197040
vt 0.803372 0.514616
vt 0.803369 0.521603
vt 0.860536 0.521603
vt 0.860534 0.514616
vt 0.570387 0.630246
vt 0.621230 0.630246
vt 0.621230 0.619740
vt 0.570387 0.619712
vt 0.915300 0.573845
vt 0.922317 0.573847
vt 0.922317 0.516430
vt 0.915300 0.516431
vt 0.882900 0.205832
vt 0.888622 0.224051
vt 0.164302 0.696255
vt 0.215145 0.701884
vt 0.215145 0.696268
vt 0.164302 0.701854
vt 0.882900 0.225711
vt 0.882900 0.232697
vt 0.802952 0.633742
vt 0.801046 0.633739
vt 0.802952 0.639712
vt 0.801046 0.643633
vt 0.802952 0.652647
vt 0.801046 0.657090
vt 0.802952 0.666590
vt 0.801046 0.668717
vt 0.931629 0.868411
vt 0.931629 0.860347
vt 0.926284 0.863029
vt 0.802952 0.674687
vt 0.801046 0.674687
vt 0.931629 0.822627
vt 0.931629 0.817261
vt 0.926284 0.817261
vt 0.926284 0.821748
vt 0.931629 0.852257
vt 0.931629 0.844170
vt 0.926284 0.847776
vt 0.931629 0.836107
vt 0.931629 0.829828
vt 0.926284 0.828924
vt 0.926284 0.835206
vt 0.495968 0.719135
vt 0.507878 0.719135
vt 0.508045 0.712089
vt 0.493208 0.712089
vt 0.547022 0.719135
vt 0.547547 0.707888
vt 0.539785 0.712089
vt 0.926284 0.841490
vt 0.484593 0.719135
vt 0.535659 0.719135
vt 0.926284 0.856746
vt 0.484067 0.707869
vt 0.931629 0.874656
vt 0.926284 0.870205
vt 0.926284 0.874691
vt 0.494475 0.707839
vt 0.538291 0.707839
vt 0.525441 0.707839
vt 0.512428 0.707839
vt 0.523856 0.712089
vt 0.926284 0.852257
vt 0.518789 0.719135
vt 0.526725 0.719135
vt 0.437056 0.450667
vt 0.435293 0.466413
vt 0.449882 0.480013
vt 0.469649 0.460710
vt 0.396912 0.555420
vt 0.390215 0.581257
vt 0.402359 0.576878
vt 0.414314 0.555848
vt 0.409131 0.546296
vt 0.436783 0.603648
vt 0.446099 0.605294
vt 0.440970 0.595243
vt 0.416110 0.511083
vt 0.424859 0.506527
vt 0.428495 0.485752
vt 0.421951 0.521000
vt 0.410503 0.520023
vt 0.416161 0.533741
vt 0.403754 0.533048
vt 0.435348 0.535812
vt 0.426706 0.522883
vt 0.429334 0.509491
vt 0.451848 0.528619
vt 0.446375 0.507617
vt 0.456012 0.516600
vt 0.462017 0.503733
vt 0.470537 0.483475
vt 0.415368 0.457205
vt 0.411293 0.491685
vt 0.392037 0.460408
vt 0.416281 0.428841
vt 0.375973 0.419602
vt 0.383336 0.408955
vt 0.390002 0.386245
vt 0.306316 0.367266
vt 0.345020 0.363941
vt 0.330244 0.645042
vt 0.269508 0.662559
vt 0.319699 0.662150
vt 0.319471 0.630640
vt 0.269672 0.633303
vt 0.176107 0.598651
vt 0.200085 0.589927
vt 0.223574 0.539896
vt 0.172770 0.536658
vt 0.159258 0.523751
vt 0.160171 0.546559
vt 0.170708 0.515241
vt 0.147667 0.513478
vt 0.161198 0.490163
vt 0.149963 0.491902
vt 0.117844 0.439102
vt 0.083973 0.480748
vt 0.149385 0.467845
vt 0.084005 0.414483
vt 0.081405 0.455977
vt 0.114030 0.376445
vt 0.084708 0.350893
vt 0.082243 0.386013
vt 0.087614 0.324961
vt 0.086059 0.309111
vt 0.002002 0.547701
vt 0.066295 0.553470
vt 0.067857 0.524316
vt 0.059503 0.630695
vt 0.004035 0.588603
vt 0.004656 0.482801
vt 0.063525 0.465107
vt 0.002165 0.426894
vt 0.064419 0.415545
vt 0.006472 0.368509
vt 0.007601 0.659961
vt 0.066483 0.339034
vt 0.046318 0.311547
vt 0.065907 0.368939
vt 0.084055 0.513673
vt 0.082994 0.495477
vt 0.137049 0.520611
vt 0.145474 0.535041
vt 0.161767 0.594443
vt 0.195779 0.654578
vt 0.188385 0.678504
vt 0.295477 0.345511
vt 0.324810 0.387168
vt 0.344104 0.449707
vt 0.386026 0.502136
vt 0.359159 0.551726
vt 0.309059 0.537340
vt 0.315513 0.518654
vt 0.273479 0.394214
vt 0.209979 0.428295
vt 0.300189 0.445591
vt 0.186392 0.361856
vt 0.251695 0.361590
vt 0.190128 0.331859
vt 0.195099 0.315764
vt 0.173500 0.316594
vt 0.172031 0.328567
vt 0.166430 0.693470
vt 0.183892 0.694088
vt 0.165065 0.682718
vt 0.165531 0.648307
vt 0.143401 0.659293
vt 0.144964 0.682991
vt 0.147473 0.619338
vt 0.111795 0.629765
vt 0.109731 0.572109
vt 0.082461 0.615814
vt 0.147885 0.340971
vt 0.069629 0.508568
vt 0.068459 0.491868
vt 0.007030 0.330878
vt 0.005972 0.308381
vt 0.007267 0.697571
vt 0.068054 0.697102
vt 0.007154 0.686179
vt 0.071229 0.674772
vt 0.080650 0.700558
vt 0.079592 0.539014
vt 0.081803 0.551589
vt 0.085812 0.690022
vt 0.083201 0.673604
vt 0.148896 0.583431
vt 0.209773 0.690277
vt 0.223596 0.321574
vt 0.388920 0.514844
vt 0.308685 0.501264
vt 0.266172 0.478896
vt 0.148617 0.322948
vt 0.078930 0.641812
vt 0.151815 0.696806
vt 0.159641 0.313078
vt 0.167878 0.357709
vt 0.165030 0.400713
vt 0.181025 0.392881
vt 0.180659 0.439093
vt 0.232366 0.497757
vt 0.211623 0.515058
vt 0.299375 0.560082
vt 0.336951 0.587024
vt 0.356298 0.600860
vt 0.383098 0.598671
vt 0.392100 0.607398
vt 0.385119 0.624204
vt 0.404300 0.604076
vt 0.428534 0.557423
vt 0.441745 0.542408
vt 0.443661 0.552711
vt 0.446513 0.545699
vt 0.442049 0.560873
vt 0.439898 0.581128
vt 0.419745 0.586753
vt 0.421969 0.613153
vt 0.428233 0.630870
vt 0.438459 0.626565
vt 0.486148 0.446467
vt 0.463482 0.431312
vt 0.451005 0.440948
vt 0.451376 0.613818
vt 0.479697 0.457113
vt 0.475594 0.467492
vt 0.434463 0.405428
vt 0.446136 0.414093
vt 0.416463 0.632701
vt 0.403284 0.621914
vt 0.400612 0.636629
vt 0.303854 0.611351
vt 0.292498 0.582041
vt 0.174409 0.499430
vt 0.171985 0.484590
vt 0.164877 0.448790
vt 0.147578 0.403831
vt 0.002771 0.524499
vt 0.078714 0.308644
vt 0.004644 0.502746
vt 0.369963 0.649580
vt 0.415163 0.399320
vt 0.400260 0.954643
vt 0.330137 0.967957
vt 0.376239 0.970911
vt 0.753820 0.791548
vt 0.754080 0.765693
vt 0.736440 0.789801
vt 0.416078 0.938315
vt 0.426471 0.927720
vt 0.399795 0.911816
vt 0.770793 0.799563
vt 0.769519 0.771888
vt 0.756081 0.810029
vt 0.376663 0.938040
vt 0.331255 0.948064
vt 0.593253 0.796933
vt 0.574043 0.787408
vt 0.542804 0.792780
vt 0.151424 0.819857
vt 0.121308 0.832119
vt 0.138130 0.840359
vt 0.077085 0.933636
vt 0.095022 0.905160
vt 0.075853 0.911523
vt 0.098231 0.794197
vt 0.085267 0.781446
vt 0.098713 0.815885
vt 0.766429 0.812659
vt 0.048279 0.928173
vt 0.075579 0.961131
vt 0.160928 0.804529
vt 0.114054 0.804149
vt 0.909642 0.790935
vt 0.894995 0.785364
vt 0.894320 0.796305
vt 0.897118 0.769305
vt 0.894123 0.756894
vt 0.837184 0.790891
vt 0.882186 0.748896
vt 0.834350 0.762897
vt 0.832362 0.733392
vt 0.864153 0.723022
vt 0.832639 0.724236
vt 0.871724 0.736145
vt 0.833038 0.745901
vt 0.852296 0.902706
vt 0.846323 0.865183
vt 0.847173 0.876717
vt 0.822046 0.893459
vt 0.815643 0.870720
vt 0.804069 0.725516
vt 0.777271 0.743754
vt 0.839399 0.821374
vt 0.837930 0.805704
vt 0.833221 0.776788
vt 0.766188 0.751825
vt 0.754498 0.745074
vt 0.756043 0.728079
vt 0.737506 0.724558
vt 0.739878 0.750914
vt 0.779047 0.944195
vt 0.779125 0.932575
vt 0.756570 0.938365
vt 0.763992 0.951356
vt 0.754127 0.922993
vt 0.686768 0.900191
vt 0.677283 0.922514
vt 0.746456 0.878555
vt 0.625425 0.885543
vt 0.692939 0.860832
vt 0.620955 0.860235
vt 0.628210 0.833328
vt 0.595297 0.839417
vt 0.617204 0.816837
vt 0.579797 0.815997
vt 0.574748 0.831139
vt 0.503215 0.782388
vt 0.527515 0.763598
vt 0.492717 0.752158
vt 0.428774 0.746775
vt 0.435890 0.777144
vt 0.457094 0.730145
vt 0.401734 0.727005
vt 0.467296 0.718198
vt 0.423432 0.712544
vt 0.397515 0.710585
vt 0.425743 0.972701
vt 0.398685 0.974467
vt 0.471536 0.979231
vt 0.479979 0.924445
vt 0.507444 0.966965
vt 0.433551 0.914178
vt 0.476059 0.887009
vt 0.395665 0.889860
vt 0.416191 0.875889
vt 0.397458 0.858574
vt 0.397329 0.838861
vt 0.319921 0.849014
vt 0.382861 0.825486
vt 0.342425 0.818100
vt 0.289674 0.835266
vt 0.310254 0.808574
vt 0.289327 0.784628
vt 0.224846 0.808897
vt 0.369568 0.765230
vt 0.130587 0.762729
vt 0.308861 0.751951
vt 0.248780 0.730685
vt 0.162373 0.745758
vt 0.136693 0.725778
vt 0.210516 0.705846
vt 0.162353 0.708424
vt 0.132627 0.709646
vt 0.105347 0.980841
vt 0.143887 0.986687
vt 0.158191 0.947970
vt 0.110979 0.951759
vt 0.107919 0.933476
vt 0.114542 0.906147
vt 0.099817 0.928008
vt 0.105076 0.875540
vt 0.090236 0.884698
vt 0.111947 0.852145
vt 0.109697 0.841381
vt 0.059087 0.835458
vt 0.057497 0.768114
vt 0.054870 0.738446
vt 0.047887 0.772943
vt 0.045605 0.724178
vt 0.044263 0.735961
vt 0.047445 0.707853
vt 0.025695 0.823383
vt 0.035761 0.808179
vt 0.027866 0.801715
vt 0.039046 0.759761
vt 0.032580 0.782492
vt 0.048050 0.802270
vt 0.040268 0.823789
vt 0.040088 0.836868
vt 0.052691 0.852662
vt 0.042411 0.864646
vt 0.051090 0.881086
vt 0.031082 0.892998
vt 0.030681 0.872970
vt 0.030320 0.841448
vt 0.025059 0.864989
vt 0.037077 0.960083
vt 0.037346 0.976273
vt 0.072152 0.978718
vt 0.092589 0.977250
vt 0.094268 0.963012
vt 0.119112 0.712428
vt 0.132948 0.747909
vt 0.186206 0.822316
vt 0.319310 0.872855
vt 0.275232 0.912640
vt 0.261840 0.891320
vt 0.229598 0.871198
vt 0.198833 0.853188
vt 0.127143 0.784978
vt 0.117418 0.755561
vt 0.104441 0.709800
vt 0.100272 0.727008
vt 0.101381 0.744254
vt 0.112633 0.774735
vt 0.301744 0.996472
vt 0.383552 0.978311
vt 0.380719 0.707158
vt 0.377736 0.726358
vt 0.399427 0.746490
vt 0.395288 0.771298
vt 0.466525 0.802515
vt 0.502403 0.818808
vt 0.472922 0.832198
vt 0.585160 0.851593
vt 0.596301 0.876607
vt 0.602375 0.903676
vt 0.622408 0.909412
vt 0.666282 0.939379
vt 0.719853 0.959945
vt 0.688336 0.720816
vt 0.728010 0.740994
vt 0.728412 0.756054
vt 0.668543 0.771466
vt 0.649827 0.755710
vt 0.622228 0.737889
vt 0.658037 0.968148
vt 0.609343 0.960044
vt 0.624897 0.935993
vt 0.585859 0.891036
vt 0.582569 0.921034
vt 0.429298 0.818580
vt 0.424437 0.791233
vt 0.398021 0.790522
vt 0.374074 0.744982
vt 0.297484 0.706543
vt 0.267956 0.710250
vt 0.265284 0.998149
vt 0.259940 0.962818
vt 0.203161 0.914440
vt 0.151494 0.883612
vt 0.127158 0.870669
vt 0.136258 0.894188
vt 0.361793 0.795307
vt 0.391283 0.808786
vt 0.502641 0.908101
vt 0.589101 0.938349
vt 0.609162 0.942364
vt 0.610832 0.970799
vt 0.611119 0.726972
vt 0.644195 0.785798
vt 0.744680 0.813633
vt 0.758223 0.831830
vt 0.769201 0.837406
vt 0.819723 0.839421
vt 0.845122 0.851901
vt 0.842530 0.836283
vt 0.855872 0.918287
vt 0.790922 0.930310
vt 0.877377 0.862538
vt 0.911223 0.883704
vt 0.917415 0.895234
vt 0.913172 0.806998
vt 0.881181 0.828979
vt 0.915867 0.818240
vt 0.908033 0.775475
vt 0.905933 0.761226
vt 0.897425 0.739368
vt 0.893619 0.723220
vt 0.791236 0.762079
vt 0.766552 0.726482
vt 0.792234 0.941941
vt 0.783343 0.913435
vt 0.770516 0.911319
vt 0.754201 0.894121
vt 0.764121 0.873065
vt 0.746808 0.856050
vt 0.744975 0.839151
vt 0.740383 0.824794
vt 0.662462 0.819902
vt 0.656250 0.802093
vt 0.613124 0.788353
vt 0.593647 0.772124
vt 0.572402 0.760081
vt 0.575104 0.739969
vt 0.504863 0.737665
vt 0.534026 0.725189
vt 0.496206 0.726152
vt 0.514496 0.980578
vt 0.555761 0.979798
vt 0.545835 0.966948
vt 0.200342 0.993508
vt 0.543325 0.943995
vt 0.591516 0.975435
vt 0.592214 0.729502
vt 0.594301 0.754929
vt 0.612304 0.768110
vt 0.761308 0.855206
vt 0.778130 0.863031
vt 0.860842 0.931363
vt 0.835491 0.936996
vt 0.916372 0.906579
vt 0.903717 0.918874
vt 0.912043 0.833859
vt 0.916709 0.834328
vt 0.919317 0.852838
vt 0.912003 0.853902
vt 0.921639 0.868632
vt 0.922950 0.883036
vt 0.923463 0.891536
vt 0.923646 0.898443
vt 0.922026 0.913109
vt 0.928582 0.910723
vt 0.903904 0.724830
vt 0.903625 0.736600
vt 0.904557 0.750363
vt 0.779267 0.884286
vt 0.576070 0.727825
vt 0.910618 0.871782
vt 0.071970 0.748456
vt 0.068409 0.725647
vt 0.076191 0.706906
vt 0.016132 0.935199
vt 0.023357 0.938609
vt 0.018756 0.889456
vt 0.012138 0.861752
vt 0.004210 0.892355
vt 0.016790 0.846222
vt 0.016927 0.960117
vt 0.015560 0.974913
vt 0.060382 0.734713
vt 0.057734 0.708753
vt 0.002138 0.964313
vt 0.001938 0.975148
vt 0.002490 0.950660
vt 0.972511 0.338402
vt 0.972280 0.368989
vt 0.977166 0.368160
vt 0.968972 0.352986
vt 0.968972 0.363265
vt 0.982706 0.366478
vt 0.979877 0.351550
vt 0.968972 0.369281
vt 0.977548 0.338485
vt 0.982906 0.353615
vt 0.968972 0.375109
vt 0.969635 0.381382
vt 0.979280 0.377470
vt 0.982906 0.371943
vt 0.979358 0.385001
vt 0.982906 0.379532
vt 0.982906 0.385902
vt 0.976978 0.418149
vt 0.979918 0.397902
vt 0.982906 0.400358
vt 0.968964 0.384968
vt 0.968940 0.393414
vt 0.968972 0.411701
vt 0.969538 0.417901
vt 0.982814 0.417896
vt 0.982906 0.338545
vt 0.968972 0.338554
vt 0.969029 0.761578
vt 0.972211 0.746119
vt 0.968967 0.744900
vt 0.982836 0.778385
vt 0.982914 0.747312
vt 0.978252 0.749299
vt 0.974872 0.778450
vt 0.982903 0.762295
vt 0.977455 0.735780
vt 0.982903 0.738771
vt 0.972286 0.733271
vt 0.968967 0.735042
vt 0.982877 0.730192
vt 0.968967 0.727365
vt 0.975414 0.724031
vt 0.968967 0.718839
vt 0.982906 0.724698
vt 0.971710 0.710105
vt 0.979392 0.683154
vt 0.974956 0.683085
vt 0.982903 0.717468
vt 0.982903 0.702288
vt 0.968967 0.695452
vt 0.969121 0.683710
vt 0.982903 0.683823
vt 0.968967 0.778395
vt 0.840150 0.179237
vt 0.835586 0.182844
vt 0.852646 0.179433
vt 0.852685 0.184926
vt 0.834357 0.179237
vt 0.839798 0.187535
vt 0.833167 0.189191
vt 0.843956 0.193019
vt 0.836846 0.193209
vt 0.826843 0.182661
vt 0.829490 0.179237
vt 0.832905 0.193209
vt 0.825064 0.187618
vt 0.826041 0.192212
vt 0.825358 0.179229
vt 0.828865 0.193209
vt 0.817836 0.190017
vt 0.809658 0.186708
vt 0.819409 0.193209
vt 0.816976 0.179237
vt 0.809722 0.179260
vt 0.809766 0.193209
vt 0.848698 0.179237
vt 0.852631 0.193084
vt 0.451174 0.404313
vt 0.471181 0.404432
vt 0.466464 0.401815
vt 0.466225 0.412866
vt 0.476079 0.406741
vt 0.471786 0.398967
vt 0.462551 0.398967
vt 0.478154 0.401299
vt 0.475444 0.412971
vt 0.486024 0.412965
vt 0.487107 0.409505
vt 0.488218 0.403554
vt 0.478340 0.398967
vt 0.484991 0.398967
vt 0.493533 0.412949
vt 0.511954 0.407396
vt 0.490298 0.398967
vt 0.498698 0.402394
vt 0.502499 0.398967
vt 0.511601 0.412954
vt 0.511641 0.402557
vt 0.511576 0.398967
vt 0.451194 0.412841
vt 0.451197 0.398967
vt 0.978947 0.804433
vt 0.982606 0.814850
vt 0.982972 0.799277
vt 0.974663 0.811287
vt 0.977369 0.782085
vt 0.969106 0.800634
vt 0.968996 0.829921
vt 0.974756 0.825249
vt 0.968972 0.814690
vt 0.968972 0.822836
vt 0.978997 0.827817
vt 0.982972 0.822772
vt 0.982718 0.833058
vt 0.973183 0.840841
vt 0.978363 0.844705
vt 0.968972 0.838923
vt 0.968971 0.847238
vt 0.982972 0.844742
vt 0.982935 0.865407
vt 0.972657 0.865703
vt 0.977088 0.885237
vt 0.968972 0.865353
vt 0.972489 0.884600
vt 0.968972 0.884429
vt 0.982907 0.884536
vt 0.982972 0.782251
vt 0.969116 0.782226
vt 0.968496 0.276348
vt 0.974804 0.286057
vt 0.977080 0.254439
vt 0.979284 0.285563
vt 0.982859 0.269105
vt 0.982859 0.283701
vt 0.968992 0.284751
vt 0.972636 0.301590
vt 0.976893 0.302265
vt 0.982770 0.299308
vt 0.982859 0.291412
vt 0.968978 0.299429
vt 0.968962 0.291470
vt 0.981996 0.305105
vt 0.968819 0.306139
vt 0.978727 0.314116
vt 0.982859 0.318333
vt 0.972399 0.333977
vt 0.978193 0.333984
vt 0.968978 0.318461
vt 0.968978 0.333820
vt 0.982859 0.333866
vt 0.968978 0.264556
vt 0.969200 0.254636
vt 0.982859 0.254641
vt 0.469012 0.430251
vt 0.472898 0.430252
vt 0.473087 0.426945
vt 0.472971 0.419846
vt 0.469008 0.419829
vt 0.476360 0.423495
vt 0.468968 0.424471
vt 0.495927 0.430140
vt 0.491118 0.426734
vt 0.493109 0.430252
vt 0.485281 0.419844
vt 0.478542 0.419844
vt 0.489348 0.423469
vt 0.496023 0.422770
vt 0.488608 0.430252
vt 0.484099 0.430275
vt 0.493164 0.419844
vt 0.482630 0.424962
vt 0.478546 0.430286
vt 0.716580 0.565315
vt 0.717806 0.569896
vt 0.720826 0.568011
vt 0.717772 0.575913
vt 0.712936 0.575737
vt 0.720826 0.574493
vt 0.710278 0.558450
vt 0.710278 0.565785
vt 0.713081 0.566502
vt 0.710266 0.548850
vt 0.710233 0.552781
vt 0.716214 0.548814
vt 0.717572 0.552467
vt 0.720822 0.548813
vt 0.720826 0.552731
vt 0.717621 0.558299
vt 0.714639 0.557320
vt 0.720826 0.558967
vt 0.720826 0.563514
vt 0.710278 0.573750
vt 0.792642 0.669698
vt 0.792825 0.661678
vt 0.790052 0.665244
vt 0.797313 0.665274
vt 0.794104 0.651437
vt 0.797337 0.656480
vt 0.797347 0.669729
vt 0.789796 0.650238
vt 0.790363 0.646209
vt 0.797337 0.646285
vt 0.791572 0.655238
vt 0.784310 0.648375
vt 0.787195 0.669774
vt 0.784221 0.657655
vt 0.784294 0.667038
vt 0.789295 0.659098
vt 0.750846 0.695367
vt 0.746947 0.691073
vt 0.746874 0.697500
vt 0.750842 0.698920
vt 0.749082 0.704344
vt 0.757918 0.703978
vt 0.766261 0.691095
vt 0.759048 0.691139
vt 0.764218 0.694214
vt 0.770604 0.698586
vt 0.765415 0.698777
vt 0.770692 0.691037
vt 0.767865 0.704290
vt 0.761510 0.697402
vt 0.756140 0.696296
vt 0.756255 0.699155
vt 0.751892 0.691095
vt 0.915208 0.511689
vt 0.925527 0.511691
vt 0.921508 0.507650
vt 0.915294 0.507801
vt 0.918771 0.504554
vt 0.915298 0.484802
vt 0.915508 0.489696
vt 0.920958 0.485221
vt 0.915294 0.495497
vt 0.919816 0.495815
vt 0.925708 0.490921
vt 0.925702 0.484836
vt 0.915294 0.502143
vt 0.921718 0.492598
vt 0.925708 0.496576
vt 0.922573 0.501602
vt 0.925708 0.502139
vt 0.925708 0.507799
vt 0.777743 0.498479
vt 0.772962 0.497665
vt 0.773828 0.504339
vt 0.758581 0.504326
vt 0.764186 0.500176
vt 0.751562 0.499528
vt 0.777504 0.493933
vt 0.766009 0.504326
vt 0.753599 0.497347
vt 0.750795 0.493940
vt 0.755192 0.493933
vt 0.753499 0.504326
vt 0.750691 0.504325
vt 0.777742 0.504346
vt 0.758595 0.499422
vt 0.759218 0.494064
vt 0.766947 0.497473
vt 0.765355 0.493933
vt 0.769413 0.501339
vt 0.772112 0.493933
vt 0.834774 0.387823
vt 0.835084 0.407037
vt 0.841698 0.403086
vt 0.834770 0.396344
vt 0.846085 0.400152
vt 0.849016 0.406477
vt 0.849016 0.401897
vt 0.834770 0.403416
vt 0.844278 0.409173
vt 0.849016 0.410698
vt 0.838272 0.413743
vt 0.845469 0.417738
vt 0.849016 0.414671
vt 0.841905 0.417957
vt 0.834770 0.412377
vt 0.849016 0.423022
vt 0.834770 0.420639
vt 0.834838 0.430176
vt 0.842897 0.429887
vt 0.848975 0.430227
vt 0.849016 0.393931
vt 0.840782 0.387807
vt 0.848935 0.387822
vt 0.854810 0.710712
vt 0.878308 0.707367
vt 0.868622 0.706366
vt 0.854900 0.716636
vt 0.876416 0.713158
vt 0.862132 0.716668
vt 0.873031 0.716668
vt 0.879463 0.702456
vt 0.873025 0.702456
vt 0.879481 0.716668
vt 0.886313 0.707264
vt 0.885776 0.702456
vt 0.886201 0.713051
vt 0.885773 0.716668
vt 0.896508 0.706364
vt 0.896335 0.702456
vt 0.896340 0.716668
vt 0.906955 0.702639
vt 0.907128 0.711250
vt 0.906924 0.716668
vt 0.854860 0.705313
vt 0.862128 0.702456
vt 0.854901 0.702456
vt 0.474390 0.352166
vt 0.460338 0.352166
vt 0.474475 0.355676
vt 0.452171 0.352239
vt 0.452100 0.357972
vt 0.474534 0.361194
vt 0.452492 0.362658
vt 0.456332 0.366054
vt 0.467221 0.366054
vt 0.450031 0.366054
vt 0.442327 0.355752
vt 0.443671 0.360484
vt 0.443772 0.366054
vt 0.446914 0.352166
vt 0.438861 0.352166
vt 0.433290 0.362281
vt 0.433329 0.366054
vt 0.427641 0.352166
vt 0.422594 0.361078
vt 0.422665 0.352792
vt 0.422889 0.366054
vt 0.474386 0.366054
vt 0.978337 0.441455
vt 0.982871 0.452522
vt 0.982932 0.437617
vt 0.968943 0.449378
vt 0.972534 0.449627
vt 0.972579 0.422907
vt 0.977474 0.422873
vt 0.974780 0.461015
vt 0.979427 0.461337
vt 0.969010 0.464562
vt 0.968970 0.457821
vt 0.982932 0.460757
vt 0.982932 0.467157
vt 0.979464 0.471458
vt 0.974753 0.470888
vt 0.968989 0.469433
vt 0.982932 0.474516
vt 0.972402 0.504756
vt 0.978490 0.488231
vt 0.968970 0.487874
vt 0.968970 0.475566
vt 0.982932 0.493502
vt 0.977192 0.504343
vt 0.982838 0.504293
vt 0.968970 0.504224
vt 0.982932 0.422951
vt 0.968970 0.432597
vt 0.968970 0.422962
vt 0.299373 0.699351
vt 0.308300 0.699387
vt 0.315953 0.699248
vt 0.317425 0.693386
vt 0.299222 0.694750
vt 0.313226 0.689879
vt 0.315926 0.685501
vt 0.307841 0.685501
vt 0.321048 0.689348
vt 0.320043 0.685501
vt 0.325091 0.696037
vt 0.324694 0.685769
vt 0.327110 0.691708
vt 0.320051 0.699387
vt 0.325077 0.699387
vt 0.336562 0.688944
vt 0.331865 0.685501
vt 0.343646 0.685501
vt 0.344070 0.691608
vt 0.334117 0.699387
vt 0.344076 0.699317
vt 0.299279 0.689002
vt 0.299440 0.685501
vt 0.001741 0.994363
vt 0.035171 0.988836
vt 0.001750 0.988735
vt 0.013852 0.998146
vt 0.035140 0.998146
vt 0.037540 0.994463
vt 0.045181 0.988230
vt 0.045929 0.984200
vt 0.035133 0.984200
vt 0.054231 0.984381
vt 0.044531 0.998146
vt 0.049374 0.994655
vt 0.061365 0.987981
vt 0.063962 0.984200
vt 0.054946 0.990617
vt 0.051309 0.998146
vt 0.058499 0.998100
vt 0.084623 0.987439
vt 0.098674 0.992616
vt 0.086615 0.984200
vt 0.070211 0.998146
vt 0.086625 0.998146
vt 0.098304 0.988043
vt 0.098246 0.984200
vt 0.098246 0.998104
vt 0.001852 0.998146
vt 0.013845 0.984200
vt 0.001852 0.984200
vt 0.476053 0.078219
vt 0.472424 0.071635
vt 0.442860 0.071643
vt 0.437008 0.074541
vt 0.411111 0.071315
vt 0.402592 0.076630
vt 0.383925 0.071419
vt 0.377984 0.077136
vt 0.366606 0.071315
vt 0.359594 0.074691
vt 0.346750 0.071315
vt 0.346679 0.079387
vt 0.586987 0.076113
vt 0.573812 0.071315
vt 0.573456 0.075528
vt 0.553765 0.071411
vt 0.555723 0.077014
vt 0.516993 0.074524
vt 0.502928 0.071517
vt 0.490916 0.075337
vt 0.942538 0.458321
vt 0.942785 0.441493
vt 0.938352 0.431056
vt 0.942785 0.425297
vt 0.942785 0.397180
vt 0.938628 0.397243
vt 0.942785 0.380093
vt 0.938315 0.374671
vt 0.942785 0.366236
vt 0.942780 0.349018
vt 0.942787 0.573450
vt 0.942785 0.555915
vt 0.942095 0.545277
vt 0.942785 0.522902
vt 0.938599 0.519848
vt 0.942785 0.503427
vt 0.938267 0.493022
vt 0.942785 0.489140
vt 0.930075 0.501343
vt 0.932214 0.481935
vt 0.930065 0.473619
vt 0.942785 0.474390
vt 0.455512 0.059812
vt 0.473758 0.055916
vt 0.455263 0.055080
vt 0.438691 0.055124
vt 0.440403 0.067142
vt 0.413647 0.063023
vt 0.403956 0.067014
vt 0.440698 0.058342
vt 0.410054 0.055080
vt 0.410067 0.058123
vt 0.393148 0.055080
vt 0.373946 0.059308
vt 0.379695 0.055080
vt 0.366239 0.055131
vt 0.371245 0.066910
vt 0.371951 0.063455
vt 0.355410 0.067261
vt 0.575608 0.055072
vt 0.557646 0.055079
vt 0.550845 0.060362
vt 0.544991 0.055079
vt 0.536520 0.059368
vt 0.554206 0.066736
vt 0.540935 0.063656
vt 0.519519 0.067279
vt 0.531209 0.055079
vt 0.512541 0.055079
vt 0.504985 0.059054
vt 0.508191 0.062761
vt 0.500308 0.055079
vt 0.494237 0.066832
vt 0.486163 0.055079
vt 0.229276 0.075131
vt 0.230915 0.071893
vt 0.205298 0.071893
vt 0.193708 0.071981
vt 0.181524 0.071893
vt 0.185211 0.076278
vt 0.158635 0.071893
vt 0.153843 0.074042
vt 0.141070 0.071893
vt 0.120653 0.075838
vt 0.125035 0.071893
vt 0.107062 0.071893
vt 0.091575 0.075875
vt 0.091474 0.071893
vt 0.342954 0.072580
vt 0.327985 0.071893
vt 0.314051 0.075302
vt 0.310573 0.071893
vt 0.296255 0.071893
vt 0.281924 0.072644
vt 0.265042 0.071893
vt 0.256198 0.076292
vt 0.272515 0.084443
vt 0.246069 0.079432
vt 0.236424 0.084500
vt 0.249537 0.071893
vt 0.603076 0.090962
vt 0.617205 0.086050
vt 0.622803 0.082029
vt 0.621774 0.090656
vt 0.618992 0.094445
vt 0.641465 0.094385
vt 0.676674 0.091020
vt 0.668936 0.094443
vt 0.682397 0.094443
vt 0.703201 0.082113
vt 0.667656 0.082287
vt 0.712765 0.085530
vt 0.704225 0.094443
vt 0.722854 0.094314
vt 0.725909 0.089674
vt 0.738169 0.094437
vt 0.431695 0.078446
vt 0.408982 0.080535
vt 0.441497 0.080734
vt 0.365261 0.080689
vt 0.566387 0.081163
vt 0.539096 0.079016
vt 0.506350 0.078699
vt 0.508252 0.084219
vt 0.487215 0.079858
vt 0.462786 0.079180
vt 0.936889 0.455528
vt 0.934655 0.429307
vt 0.934274 0.398013
vt 0.935557 0.366480
vt 0.935758 0.549948
vt 0.934384 0.515771
vt 0.937067 0.478469
vt 0.437361 0.061718
vt 0.467252 0.061133
vt 0.393424 0.061456
vt 0.355505 0.059283
vt 0.563534 0.060949
vt 0.483470 0.061530
vt 0.155203 0.077750
vt 0.201964 0.078414
vt 0.104809 0.078761
vt 0.132835 0.079448
vt 0.091474 0.083654
vt 0.327017 0.078099
vt 0.342968 0.079177
vt 0.302503 0.078955
vt 0.282887 0.078761
vt 0.225538 0.077749
vt 0.636497 0.088353
vt 0.703408 0.088149
vt 0.666814 0.088313
vt 0.741806 0.088152
vt 0.446597 0.084564
vt 0.462346 0.084564
vt 0.431357 0.084529
vt 0.405884 0.084564
vt 0.378481 0.084564
vt 0.360988 0.084411
vt 0.573757 0.084386
vt 0.554703 0.084564
vt 0.525200 0.084474
vt 0.493037 0.084564
vt 0.477885 0.084566
vt 0.930529 0.435008
vt 0.929980 0.399090
vt 0.929943 0.373019
vt 0.935708 0.349069
vt 0.929877 0.349016
vt 0.936527 0.573455
vt 0.929970 0.549761
vt 0.929925 0.573462
vt 0.929989 0.524882
vt 0.469447 0.066729
vt 0.575564 0.060627
vt 0.575609 0.067172
vt 0.203758 0.083605
vt 0.184743 0.084237
vt 0.152276 0.083912
vt 0.126441 0.084291
vt 0.106656 0.084571
vt 0.324673 0.084357
vt 0.342988 0.084565
vt 0.300953 0.084159
vt 0.757287 0.093821
vt 0.763232 0.087057
vt 0.738970 0.082307
vt 0.760199 0.082109
vt 0.791631 0.094429
vt 0.793381 0.087546
vt 0.795655 0.082086
vt 0.824748 0.087105
vt 0.827567 0.094351
vt 0.828124 0.082085
vt 0.847662 0.094438
vt 0.844518 0.088116
vt 0.845820 0.082191
vt 0.861899 0.085522
vt 0.721359 0.082019
vt 0.212336 0.102544
vt 0.191009 0.107950
vt 0.230091 0.108186
vt 0.235641 0.102728
vt 0.255080 0.102538
vt 0.274368 0.102786
vt 0.290470 0.109376
vt 0.290465 0.102669
vt 0.319266 0.102840
vt 0.331898 0.108681
vt 0.331864 0.102544
vt 0.091465 0.102613
vt 0.091489 0.112368
vt 0.103100 0.102538
vt 0.111779 0.107776
vt 0.117342 0.102538
vt 0.142951 0.102538
vt 0.145327 0.107084
vt 0.170473 0.106193
vt 0.174291 0.102538
vt 0.192469 0.102515
vt 0.935554 0.865223
vt 0.935622 0.880699
vt 0.939601 0.852619
vt 0.935554 0.848248
vt 0.947509 0.869345
vt 0.947897 0.847512
vt 0.943662 0.853241
vt 0.937722 0.822573
vt 0.935554 0.821859
vt 0.939894 0.798400
vt 0.935554 0.804345
vt 0.935554 0.790432
vt 0.935568 0.773471
vt 0.935558 0.998142
vt 0.936222 0.969987
vt 0.935554 0.980590
vt 0.942221 0.981366
vt 0.948091 0.975012
vt 0.948116 0.947034
vt 0.945573 0.944368
vt 0.935554 0.946161
vt 0.939112 0.957867
vt 0.948092 0.919727
vt 0.939613 0.919831
vt 0.935554 0.919654
vt 0.947750 0.900749
vt 0.943471 0.908475
vt 0.935635 0.909255
vt 0.935554 0.898119
vt 0.253527 0.062555
vt 0.226367 0.062957
vt 0.245402 0.067079
vt 0.210549 0.067146
vt 0.188072 0.063561
vt 0.176999 0.066967
vt 0.147057 0.062908
vt 0.151741 0.067133
vt 0.129054 0.063060
vt 0.351977 0.067264
vt 0.351660 0.061982
vt 0.311880 0.063773
vt 0.320436 0.066616
vt 0.278582 0.066640
vt 0.276864 0.063604
vt 0.697816 0.077074
vt 0.715981 0.077157
vt 0.707699 0.071416
vt 0.716257 0.064231
vt 0.712113 0.067466
vt 0.734449 0.067237
vt 0.731453 0.064231
vt 0.731514 0.077108
vt 0.758605 0.067091
vt 0.748364 0.064231
vt 0.763560 0.064231
vt 0.785573 0.064586
vt 0.810310 0.068622
vt 0.813162 0.064231
vt 0.802615 0.072078
vt 0.807852 0.077149
vt 0.824233 0.077175
vt 0.824234 0.068359
vt 0.590713 0.076174
vt 0.610411 0.077157
vt 0.624279 0.073275
vt 0.627194 0.077157
vt 0.641783 0.077157
vt 0.658961 0.074608
vt 0.656781 0.077157
vt 0.684598 0.076653
vt 0.661965 0.064165
vt 0.649396 0.071978
vt 0.683951 0.064231
vt 0.684234 0.067628
vt 0.697217 0.064231
vt 0.480975 0.089604
vt 0.471037 0.089815
vt 0.485761 0.094046
vt 0.491410 0.089604
vt 0.488996 0.101797
vt 0.514394 0.101856
vt 0.500612 0.098862
vt 0.503141 0.089496
vt 0.544278 0.101856
vt 0.553653 0.099764
vt 0.563153 0.101856
vt 0.541208 0.089809
vt 0.570204 0.094973
vt 0.579901 0.089787
vt 0.579413 0.101785
vt 0.599257 0.101856
vt 0.599384 0.094832
vt 0.335563 0.101842
vt 0.349004 0.101856
vt 0.335645 0.094251
vt 0.364753 0.098790
vt 0.361434 0.101856
vt 0.372573 0.101856
vt 0.398738 0.101754
vt 0.433867 0.101579
vt 0.460223 0.101839
vt 0.434702 0.096460
vt 0.510576 0.316571
vt 0.496091 0.316682
vt 0.545463 0.320218
vt 0.532377 0.316571
vt 0.498312 0.329008
vt 0.548993 0.328976
vt 0.511951 0.323309
vt 0.559059 0.316659
vt 0.596360 0.319501
vt 0.588591 0.316571
vt 0.627210 0.316571
vt 0.588749 0.322504
vt 0.592110 0.328779
vt 0.629953 0.328709
vt 0.650027 0.318639
vt 0.320019 0.320022
vt 0.339770 0.322906
vt 0.334645 0.316571
vt 0.357801 0.316675
vt 0.391570 0.316842
vt 0.446424 0.320363
vt 0.442292 0.316571
vt 0.475916 0.320432
vt 0.466825 0.316571
vt 0.482446 0.316590
vt 0.204697 0.111696
vt 0.235315 0.111431
vt 0.264067 0.109484
vt 0.300333 0.112635
vt 0.318191 0.109675
vt 0.111055 0.113893
vt 0.105246 0.109861
vt 0.127921 0.109951
vt 0.145772 0.113206
vt 0.173485 0.111802
vt 0.941892 0.873171
vt 0.942539 0.821555
vt 0.942349 0.789759
vt 0.941710 0.951534
vt 0.940675 0.898751
vt 0.265012 0.058796
vt 0.233547 0.058853
vt 0.208306 0.058882
vt 0.156380 0.059021
vt 0.729435 0.070512
vt 0.792792 0.068545
vt 0.779473 0.071027
vt 0.607934 0.071463
vt 0.590742 0.066280
vt 0.636520 0.070388
vt 0.688014 0.070655
vt 0.472937 0.097243
vt 0.513848 0.095872
vt 0.349030 0.096247
vt 0.369935 0.095280
vt 0.398420 0.097707
vt 0.399978 0.094775
vt 0.455291 0.094851
vt 0.541523 0.322501
vt 0.636520 0.323441
vt 0.667386 0.319647
vt 0.378551 0.323967
vt 0.383452 0.321486
vt 0.437713 0.323526
vt 0.476729 0.324216
vt 0.495943 0.323641
vt 0.211337 0.116615
vt 0.231336 0.116538
vt 0.248922 0.116665
vt 0.275291 0.116634
vt 0.294185 0.116528
vt 0.312419 0.116665
vt 0.331893 0.116650
vt 0.115616 0.116666
vt 0.146111 0.116666
vt 0.175031 0.116662
vt 0.193359 0.116665
vt 0.947868 0.814042
vt 0.948013 0.786839
vt 0.941283 0.773501
vt 0.948097 0.773454
vt 0.948123 0.998139
vt 0.942447 0.998100
vt 0.253233 0.054641
vt 0.236325 0.054641
vt 0.224950 0.054641
vt 0.213897 0.054641
vt 0.199643 0.054641
vt 0.177429 0.054641
vt 0.177259 0.058716
vt 0.155918 0.054641
vt 0.139609 0.054642
vt 0.351698 0.054646
vt 0.337093 0.059321
vt 0.128896 0.054630
vt 0.334772 0.054641
vt 0.317779 0.054641
vt 0.317832 0.058566
vt 0.296684 0.054641
vt 0.288374 0.058903
vt 0.283084 0.054641
vt 0.268783 0.054641
vt 0.753664 0.076683
vt 0.758394 0.071175
vt 0.789470 0.077103
vt 0.628448 0.064613
vt 0.601529 0.064341
vt 0.545223 0.095085
vt 0.585087 0.095558
vt 0.352440 0.089745
vt 0.376386 0.089639
vt 0.404519 0.090632
vt 0.436238 0.089734
vt 0.457344 0.089643
vt 0.662639 0.328967
vt 0.680401 0.328995
vt 0.680401 0.322703
vt 0.680401 0.316587
vt 0.307388 0.328912
vt 0.330064 0.329057
vt 0.307388 0.322485
vt 0.307388 0.316677
vt 0.382565 0.328826
vt 0.427185 0.328990
vt 0.475201 0.328945
vt 0.931916 0.235093
vt 0.935882 0.223750
vt 0.932026 0.220336
vt 0.931874 0.187456
vt 0.937311 0.164582
vt 0.931916 0.161632
vt 0.931908 0.146455
vt 0.936536 0.343834
vt 0.935639 0.327906
vt 0.931916 0.331999
vt 0.931916 0.315370
vt 0.936117 0.287920
vt 0.931916 0.292450
vt 0.931916 0.279119
vt 0.934158 0.256032
vt 0.931916 0.263276
vt 0.931916 0.250029
vt 0.946565 0.713731
vt 0.946490 0.730606
vt 0.947042 0.742420
vt 0.954391 0.552558
vt 0.946503 0.552378
vt 0.946490 0.569553
vt 0.946784 0.589700
vt 0.958649 0.568308
vt 0.954712 0.594310
vt 0.958771 0.595294
vt 0.954644 0.622242
vt 0.958771 0.614837
vt 0.958771 0.627372
vt 0.958782 0.642904
vt 0.950532 0.622531
vt 0.946459 0.619298
vt 0.946819 0.643832
vt 0.704095 0.059795
vt 0.718158 0.059871
vt 0.731323 0.060163
vt 0.754122 0.056167
vt 0.755397 0.059600
vt 0.773611 0.055733
vt 0.781297 0.059871
vt 0.794719 0.055469
vt 0.579320 0.056681
vt 0.594698 0.059454
vt 0.597246 0.056162
vt 0.613300 0.059527
vt 0.640671 0.054312
vt 0.652430 0.059528
vt 0.639076 0.059871
vt 0.666480 0.059807
vt 0.681292 0.059871
vt 0.692144 0.059733
vt 0.922487 0.678996
vt 0.918404 0.706647
vt 0.925050 0.717240
vt 0.918812 0.721378
vt 0.922270 0.757914
vt 0.918243 0.774148
vt 0.925806 0.794435
vt 0.919395 0.791317
vt 0.918365 0.812934
vt 0.928482 0.812958
vt 0.925245 0.578250
vt 0.918333 0.578125
vt 0.922819 0.596887
vt 0.552655 0.342323
vt 0.545674 0.346302
vt 0.566102 0.346302
vt 0.582205 0.342127
vt 0.624359 0.345408
vt 0.625614 0.342201
vt 0.664662 0.345910
vt 0.709201 0.346301
vt 0.714104 0.342137
vt 0.731559 0.346138
vt 0.435590 0.344112
vt 0.402572 0.345828
vt 0.433282 0.346302
vt 0.505946 0.346302
vt 0.510381 0.343408
vt 0.530711 0.345636
vt 0.501182 0.985946
vt 0.483705 0.985793
vt 0.472896 0.986898
vt 0.447636 0.985793
vt 0.434424 0.987231
vt 0.451952 0.997943
vt 0.416051 0.995209
vt 0.408927 0.998152
vt 0.411989 0.985856
vt 0.393891 0.985793
vt 0.382134 0.987292
vt 0.389730 0.993024
vt 0.385264 0.998195
vt 0.632266 0.985807
vt 0.621912 0.985793
vt 0.632130 0.990105
vt 0.611655 0.986153
vt 0.598440 0.985793
vt 0.572378 0.988707
vt 0.572545 0.985793
vt 0.586715 0.996875
vt 0.560532 0.994152
vt 0.557313 0.998152
vt 0.540080 0.985810
vt 0.521325 0.998181
vt 0.937195 0.241938
vt 0.938359 0.212551
vt 0.939676 0.189807
vt 0.937879 0.146964
vt 0.936167 0.151436
vt 0.939055 0.305871
vt 0.936983 0.316067
vt 0.938953 0.265141
vt 0.939285 0.249470
vt 0.951051 0.593085
vt 0.952985 0.567619
vt 0.952248 0.640047
vt 0.672170 0.054097
vt 0.702567 0.051755
vt 0.684255 0.050442
vt 0.727178 0.054117
vt 0.723372 0.051198
vt 0.751743 0.051767
vt 0.780318 0.051930
vt 0.660064 0.050838
vt 0.625373 0.051884
vt 0.928518 0.727235
vt 0.928734 0.705411
vt 0.927288 0.764311
vt 0.929351 0.795380
vt 0.931855 0.578125
vt 0.928150 0.599799
vt 0.924159 0.654441
vt 0.928178 0.679094
vt 0.927873 0.645776
vt 0.582516 0.336788
vt 0.552290 0.337445
vt 0.624871 0.337550
vt 0.671607 0.340205
vt 0.670586 0.336911
vt 0.715984 0.336513
vt 0.731559 0.338697
vt 0.358448 0.338958
vt 0.374228 0.344975
vt 0.371250 0.333716
vt 0.386716 0.338640
vt 0.405444 0.338993
vt 0.438673 0.339201
vt 0.438632 0.336611
vt 0.491754 0.338644
vt 0.515244 0.333947
vt 0.530711 0.333860
vt 0.441247 0.992035
vt 0.412960 0.990706
vt 0.369536 0.988938
vt 0.632243 0.992699
vt 0.606551 0.993023
vt 0.588880 0.991127
vt 0.536427 0.991074
vt 0.520315 0.992905
vt 0.508225 0.990095
vt 0.500187 0.992378
vt 0.944539 0.235042
vt 0.943599 0.217269
vt 0.944379 0.202469
vt 0.932051 0.204822
vt 0.943838 0.182186
vt 0.944497 0.153873
vt 0.944271 0.129017
vt 0.939007 0.130550
vt 0.932019 0.130450
vt 0.941062 0.118971
vt 0.944555 0.343850
vt 0.944487 0.313954
vt 0.944387 0.286834
vt 0.944355 0.256795
vt 0.946782 0.665084
vt 0.952318 0.665828
vt 0.958670 0.665121
vt 0.946397 0.684398
vt 0.952996 0.684797
vt 0.958683 0.682376
vt 0.953139 0.712644
vt 0.958798 0.712061
vt 0.953060 0.738122
vt 0.958741 0.739124
vt 0.946436 0.757796
vt 0.953187 0.757967
vt 0.958508 0.758255
vt 0.950527 0.768525
vt 0.697296 0.047454
vt 0.681078 0.047454
vt 0.718425 0.047454
vt 0.708094 0.047454
vt 0.731871 0.047454
vt 0.753745 0.047454
vt 0.771042 0.047454
vt 0.783989 0.047454
vt 0.596063 0.051552
vt 0.589551 0.047454
vt 0.603138 0.047454
vt 0.620007 0.047428
vt 0.639986 0.047454
vt 0.652798 0.047454
vt 0.666364 0.047454
vt 0.918349 0.687564
vt 0.931846 0.701579
vt 0.931846 0.687552
vt 0.931846 0.712558
vt 0.931846 0.730294
vt 0.931846 0.746694
vt 0.918349 0.743478
vt 0.918349 0.759284
vt 0.931846 0.759890
vt 0.931846 0.774867
vt 0.931846 0.788986
vt 0.931846 0.802282
vt 0.918348 0.597012
vt 0.931846 0.588442
vt 0.931846 0.601490
vt 0.922674 0.620967
vt 0.928528 0.621163
vt 0.918348 0.615824
vt 0.931846 0.615398
vt 0.918348 0.628242
vt 0.931846 0.628209
vt 0.918349 0.647832
vt 0.931846 0.642063
vt 0.931846 0.656473
vt 0.918349 0.674716
vt 0.931846 0.673954
vt 0.583321 0.333440
vt 0.553307 0.333462
vt 0.625966 0.333440
vt 0.660480 0.333440
vt 0.684577 0.333440
vt 0.715929 0.333440
vt 0.731559 0.333439
vt 0.358448 0.346137
vt 0.392665 0.333440
vt 0.358448 0.333440
vt 0.416008 0.333440
vt 0.438496 0.333440
vt 0.493857 0.333461
vt 0.478310 0.992440
vt 0.480982 0.998000
vt 0.500440 0.998146
vt 0.369536 0.998054
vt 0.614086 0.998129
vt 0.632266 0.998141
vt 0.517409 0.985875
vt 0.583662 0.444569
vt 0.578335 0.436772
vt 0.564176 0.437923
vt 0.553773 0.442547
vt 0.550815 0.433670
vt 0.562057 0.573698
vt 0.555385 0.579647
vt 0.572804 0.598394
vt 0.522457 0.561558
vt 0.545499 0.584616
vt 0.524761 0.577302
vt 0.500352 0.549217
vt 0.494511 0.570719
vt 0.479444 0.550501
vt 0.660310 0.544868
vt 0.669033 0.575697
vt 0.681519 0.544298
vt 0.614480 0.560018
vt 0.600781 0.550423
vt 0.591975 0.570152
vt 0.568545 0.550877
vt 0.633769 0.559914
vt 0.636792 0.538158
vt 0.462205 0.522643
vt 0.456013 0.539228
vt 0.454121 0.552359
vt 0.549534 0.549193
vt 0.573699 0.466204
vt 0.557474 0.490774
vt 0.559244 0.598778
vt 0.532048 0.445738
vt 0.534000 0.431404
vt 0.630851 0.441847
vt 0.635222 0.423707
vt 0.613858 0.432281
vt 0.586157 0.436463
vt 0.559758 0.456166
vt 0.589622 0.474986
vt 0.596861 0.586626
vt 0.630719 0.588300
vt 0.482822 0.577593
vt 0.597858 0.512987
vt 0.592781 0.448909
vt 0.595134 0.435014
vt 0.480512 0.512977
vt 0.504039 0.532856
vt 0.499864 0.512887
vt 0.531284 0.540689
vt 0.522219 0.516820
vt 0.518942 0.424737
vt 0.510056 0.459506
vt 0.507247 0.439156
vt 0.500155 0.434757
vt 0.603859 0.433355
vt 0.612065 0.450189
vt 0.637923 0.431393
vt 0.657241 0.519210
vt 0.620721 0.520633
vt 0.510947 0.418595
vt 0.467012 0.576955
vt 0.690577 0.536814
vt 0.706041 0.564711
vt 0.611462 0.598335
vt 0.543256 0.476803
vt 0.517396 0.462354
vt 0.605352 0.471262
vt 0.594458 0.603089
vt 0.624895 0.456153
vt 0.535467 0.590996
vt 0.641848 0.422229
vt 0.651783 0.434356
vt 0.449848 0.569935
vt 0.689072 0.570590
vt 0.685639 0.518714
vt 0.662473 0.482368
vt 0.645858 0.455638
vt 0.616630 0.489999
vt 0.534680 0.463436
vt 0.636861 0.511745
vt 0.488093 0.453063
vt 0.478259 0.582328
vt 0.610249 0.499433
vt 0.656831 0.449529
vt 0.475825 0.480135
vt 0.494863 0.483516
vt 0.515757 0.500236
vt 0.667150 0.474523
vt 0.647126 0.492659
vt 0.755873 0.596802
vt 0.757173 0.581798
vt 0.745336 0.586842
vt 0.746951 0.596961
vt 0.742776 0.579588
vt 0.793190 0.579733
vt 0.722426 0.544237
vt 0.726145 0.526981
vt 0.717264 0.538553
vt 0.714158 0.526962
vt 0.709978 0.535549
vt 0.745420 0.654774
vt 0.740902 0.641348
vt 0.738185 0.651409
vt 0.746802 0.608245
vt 0.738048 0.568431
vt 0.740532 0.576474
vt 0.761497 0.566018
vt 0.743325 0.567328
vt 0.758730 0.649795
vt 0.744639 0.627462
vt 0.793916 0.563967
vt 0.762700 0.614622
vt 0.745623 0.619329
vt 0.759211 0.606767
vt 0.731378 0.555421
vt 0.745764 0.545380
vt 0.753424 0.529856
vt 0.767714 0.633575
vt 0.772101 0.624294
vt 0.754944 0.521176
vt 0.752166 0.511916
vt 0.731821 0.509057
vt 0.723875 0.514196
vt 0.796785 0.548297
vt 0.775102 0.664560
vt 0.796303 0.625551
vt 0.776051 0.642766
vt 0.802722 0.614903
vt 0.784401 0.639751
vt 0.792302 0.538945
vt 0.751034 0.670119
vt 0.733904 0.657180
vt 0.780251 0.650850
vt 0.798920 0.603573
vt 0.787365 0.522102
vt 0.742523 0.503524
vt 0.735998 0.495413
vt 0.773375 0.510766
vt 0.802747 0.542934
vt 0.771944 0.676659
vt 0.799231 0.501584
vt 0.799682 0.537584
vt 0.799935 0.515529
vt 0.539456 0.426548
vt 0.526368 0.423156
vt 0.520287 0.420378
vt 0.515911 0.415877
vt 0.635324 0.416039
vt 0.630449 0.420162
vt 0.592482 0.429944
vt 0.579623 0.432011
vt 0.553430 0.428935
vt 0.622399 0.423984
vt 0.611897 0.426713
vt 0.602093 0.428856
vt 0.571420 0.432781
vt 0.564870 0.431569
vt 0.972608 0.206299
vt 0.977377 0.250013
vt 0.971754 0.201693
vt 0.968974 0.210837
vt 0.972477 0.224131
vt 0.982924 0.210898
vt 0.968974 0.230946
vt 0.982926 0.249991
vt 0.982953 0.230939
vt 0.969065 0.249991
vt 0.982735 0.201755
vt 0.871694 0.253953
vt 0.865687 0.257402
vt 0.872844 0.257402
vt 0.873407 0.243987
vt 0.861082 0.246602
vt 0.871862 0.248609
vt 0.868263 0.243661
vt 0.826519 0.257402
vt 0.826450 0.251074
vt 0.826423 0.243677
vt 0.876589 0.245036
vt 0.972539 0.512596
vt 0.972551 0.523802
vt 0.977734 0.513459
vt 0.968970 0.512568
vt 0.968970 0.521368
vt 0.977969 0.588268
vt 0.968970 0.551879
vt 0.972218 0.588262
vt 0.983234 0.521654
vt 0.983286 0.588277
vt 0.983286 0.553080
vt 0.971252 0.508703
vt 0.983149 0.508710
vt 0.968970 0.588277
vt 0.983286 0.512527
vt 0.977110 0.593106
vt 0.979634 0.679443
vt 0.983011 0.657571
vt 0.974667 0.602566
vt 0.969056 0.607845
vt 0.973526 0.679489
vt 0.983011 0.679625
vt 0.968976 0.672604
vt 0.969024 0.593561
vt 0.968976 0.679635
vt 0.982992 0.593461
vt 0.433965 0.678790
vt 0.553691 0.719161
vt 0.559611 0.721324
vt 0.551432 0.714343
vt 0.566153 0.718247
vt 0.552353 0.709083
vt 0.567398 0.711144
vt 0.556429 0.705643
vt 0.562737 0.705625
vt 0.518920 0.675014
vt 0.521882 0.681358
vt 0.526792 0.684194
vt 0.532464 0.684195
vt 0.520131 0.668149
vt 0.537423 0.681306
vt 0.524204 0.664098
vt 0.540056 0.676506
vt 0.529521 0.662791
vt 0.539386 0.669053
vt 0.535452 0.664458
vt 0.615763 0.972666
vt 0.611274 0.974155
vt 0.710268 0.994465
vt 0.710267 0.987990
vt 0.706893 0.985119
vt 0.706891 0.997338
vt 0.025673 0.700142
vt 0.028293 0.705614
vt 0.028293 0.699037
vt 0.032054 0.705614
vt 0.034675 0.700143
vt 0.032054 0.699037
vt 0.023545 0.703710
vt 0.892965 0.927842
vt 0.895247 0.930345
vt 0.895240 0.925396
vt 0.899059 0.931215
vt 0.899059 0.924523
vt 0.890480 0.191241
vt 0.980881 0.167791
vt 0.974143 0.168678
vt 0.968756 0.172807
vt 0.988348 0.170889
vt 0.965658 0.180273
vt 0.992830 0.177597
vt 0.967231 0.188200
vt 0.993274 0.184379
vt 0.990276 0.190468
vt 0.974243 0.194360
vt 0.983557 0.194964
vt 0.628968 0.106963
vt 0.630195 0.111302
vt 0.889368 0.361353
vt 0.889884 0.369250
vt 0.894058 0.353216
vt 0.895112 0.377065
vt 0.902192 0.348526
vt 0.903804 0.380660
vt 0.910078 0.349039
vt 0.914280 0.377856
vt 0.916931 0.352997
vt 0.921089 0.361415
vt 0.920466 0.370793
vt 0.899979 0.941567
vt 0.889113 0.938112
vt 0.897676 0.936024
vt 0.893127 0.934920
vt 0.703460 0.965434
vt 0.889113 0.964993
vt 0.899978 0.961542
vt 0.897676 0.967082
vt 0.893127 0.968185
vt 0.023255 0.775927
vt 0.028688 0.766258
vt 0.023255 0.765517
vt 0.031419 0.769727
vt 0.029350 0.774537
vt 0.623698 0.980857
vt 0.629006 0.979848
vt 0.623698 0.973266
vt 0.630520 0.976337
vt 0.628528 0.973807
vt 0.906256 0.959561
vt 0.905352 0.944450
vt 0.566021 0.631414
vt 0.555015 0.652282
vt 0.555967 0.631414
vt 0.555015 0.635732
vt 0.549854 0.636935
vt 0.548954 0.651981
vt 0.566020 0.656740
vt 0.555968 0.656741
vt 0.847803 0.213261
vt 0.885724 0.240334
vt 0.887736 0.247884
vt 0.827353 0.225711
vt 0.853763 0.224272
vt 0.848524 0.220074
vt 0.762670 0.116110
vt 0.798401 0.105345
vt 0.726964 0.105345
vt 0.767783 0.121566
vt 0.473616 0.707713
vt 0.418592 0.707420
vt 0.467697 0.709092
vt 0.425154 0.709107
vt 0.993749 0.407130
vt 0.994041 0.352346
vt 0.992376 0.401236
vt 0.992361 0.358879
vt 0.729862 0.148639
vt 0.727849 0.156189
vt 0.648225 0.650000
vt 0.668149 0.649386
vt 0.648225 0.636493
vt 0.670336 0.646903
vt 0.670336 0.639590
vt 0.668149 0.637107
vt 0.803961 0.945131
vt 0.784038 0.958024
vt 0.803961 0.958639
vt 0.781850 0.955542
vt 0.781850 0.948229
vt 0.784038 0.945746
vt 0.793888 0.160500
vt 0.792097 0.148638
vt 0.798401 0.165715
vt 0.827353 0.232697
vt 0.823489 0.240333
vt 0.829012 0.235139
vt 0.821698 0.252195
vt 0.750653 0.125846
vt 0.754567 0.131330
vt 0.751609 0.119965
vt 0.794402 0.676403
vt 0.772476 0.956027
vt 0.852916 0.207805
vt 0.859587 0.207587
vt 0.863977 0.211660
vt 0.767146 0.128270
vt 0.953107 0.391608
vt 0.953400 0.446632
vt 0.954779 0.440712
vt 0.954794 0.398170
vt 0.755999 0.115892
vt 0.786574 0.143444
vt 0.761905 0.132542
vt 0.735677 0.143371
vt 0.659341 0.400457
vt 0.714126 0.400164
vt 0.708231 0.398792
vt 0.665875 0.398776
vt 0.861019 0.223025
vt 0.879909 0.235067
vt 0.864933 0.217541
vt 0.702658 0.655300
vt 0.696316 0.655716
vt 0.705866 0.660814
vt 0.693342 0.660194
vt 0.703800 0.665777
vt 0.694902 0.664797
vt 0.699730 0.667164
vt 0.901927 0.969947
vt 0.905505 0.969960
vt 0.903727 0.966855
vt 0.004875 0.865401
vt 0.001855 0.867144
vt 0.004875 0.868887
vt 0.885236 0.933078
vt 0.888328 0.932475
vt 0.884211 0.930105
vt 0.887290 0.929519
vt 0.927763 0.898363
vt 0.931268 0.898373
vt 0.929541 0.895331
vt 0.026978 0.785266
vt 0.023488 0.785267
vt 0.025234 0.788277
vt 0.927269 0.886494
vt 0.929006 0.889494
vt 0.930792 0.886495
vt 0.952641 0.781785
vt 0.952062 0.784804
vt 0.954969 0.785799
vt 0.955535 0.782788
vt 0.957217 0.777537
vt 0.955211 0.774075
vt 0.954215 0.776964
vt 0.958212 0.774647
s 1
usemtl ZenUV_Generic_Material_001.001
f 3063/3058/2659 3064/3059/2660 3065/3060/2661
f 3067/3061/2662 3070/3062/2662 4397/3063/2662
f 3091/3064/2663 3084/3065/2664 3083/3066/2665
f 3086/3067/2666 3085/3068/2667 3082/3069/2668
f 3115/3070/2669 3096/3071/2670 3103/3072/2671
f 3098/3073/2672 3097/3074/2673 3096/3071/2670
f 3098/3073/2672 3096/3071/2670 3115/3070/2669
f 3118/3075/2674 3100/3076/2675 3099/3077/2676
f 3098/3073/2672 3100/3076/2675 3097/3074/2673
f 3099/3077/2676 3100/3076/2675 3098/3073/2672
f 3101/3078/2677 3102/3079/2678 3100/3076/2675
f 3101/3078/2677 3100/3076/2675 3118/3075/2674
f 3103/3072/2671 3104/3080/2679 3105/3081/2680
f 3105/3081/2680 3104/3080/2679 3106/3082/2681
f 3103/3072/2671 3096/3071/2670 3104/3080/2679
f 3090/3083/2682 3089/3084/2683 3094/3085/2684
f 3082/3069/2668 3085/3068/2667 3089/3084/2683
f 3082/3069/2668 3089/3084/2683 3090/3083/2682
f 3081/3086/2685 3085/3068/2667 3086/3067/2666
f 3204/3087/2686 3109/3088/2687 3110/3089/2688
f 3173/3090/2689 3111/3091/2690 3112/3092/2691
f 3084/3065/2664 3085/3068/2667 3107/3093/2692
f 3089/3084/2683 3085/3068/2667 3084/3065/2664
f 3087/3094/2693 3094/3085/2684 3088/3095/2694
f 3091/3064/2663 3089/3084/2683 3084/3065/2664
f 3094/3085/2684 3089/3084/2683 3091/3064/2663
f 3095/3096/2695 3093/3097/2696 3088/3095/2694
f 3093/3097/2696 3087/3094/2693 3088/3095/2694
f 3081/3086/2685 3108/3098/2697 3092/3099/2698
f 3081/3086/2685 3113/3100/2699 3108/3098/2697
f 3088/3095/2694 3094/3085/2684 3091/3064/2663
f 3107/3093/2692 3085/3068/2667 3092/3099/2698
f 3085/3068/2667 3081/3086/2685 3092/3099/2698
f 3103/3072/2671 3126/3101/2700 3114/3102/2701
f 3114/3102/2701 3126/3101/2700 3116/3103/2702
f 3119/3104/2703 3120/3105/2704 3117/3106/2705
f 3117/3106/2705 3120/3105/2704 3099/3077/2676
f 3120/3105/2704 3118/3075/2674 3099/3077/2676
f 3103/3072/2671 3105/3081/2680 3126/3101/2700
f 3132/3107/2706 3129/3108/2707 3128/3109/2708
f 3132/3107/2706 3128/3109/2708 3131/3110/2709
f 3135/3111/2710 3127/3112/2711 3129/3108/2707
f 3127/3112/2711 3130/3113/2712 3129/3108/2707
f 3125/3114/2713 3130/3113/2712 3127/3112/2711
f 3125/3114/2713 3127/3112/2711 3122/3115/2714
f 3131/3110/2709 3128/3109/2708 3123/3116/2715
f 3124/3117/2716 3129/3108/2707 3130/3113/2712
f 3124/3117/2716 3130/3113/2712 3125/3114/2713
f 3123/3116/2715 3128/3109/2708 3124/3117/2716
f 3124/3117/2716 3128/3109/2708 3129/3108/2707
f 3122/3115/2714 3127/3112/2711 3134/3118/2717
f 3122/3115/2714 3134/3118/2717 3121/3119/2718
f 3121/3119/2718 3134/3118/2717 3133/3120/2719
f 3142/3121/2720 3146/3122/2721 3148/3123/2722
f 3142/3121/2720 3148/3123/2722 3140/3124/2723
f 3141/3125/2724 3149/3126/2725 3145/3127/2726
f 3137/3128/2727 3147/3129/2728 3146/3122/2721
f 3137/3128/2727 3146/3122/2721 3142/3121/2720
f 3141/3125/2724 3145/3127/2726 3147/3129/2728
f 3141/3125/2724 3147/3129/2728 3137/3128/2727
f 3144/3130/2729 3149/3126/2725 3141/3125/2724
f 3146/3122/2721 3150/3131/2730 3151/3132/2731
f 3147/3129/2728 3152/3133/2732 3150/3131/2730
f 3146/3122/2721 3151/3132/2731 3148/3123/2722
f 3149/3126/2725 3153/3134/2733 3145/3127/2726
f 3147/3129/2728 3150/3131/2730 3146/3122/2721
f 3145/3127/2726 3152/3133/2732 3147/3129/2728
f 3145/3127/2726 3153/3134/2733 3152/3133/2732
f 3149/3126/2725 3154/3135/2734 3155/3136/2735
f 3149/3126/2725 3155/3136/2735 3153/3134/2733
f 3153/3134/2733 3158/3137/2736 3159/3138/2737
f 3153/3134/2733 3159/3138/2737 3152/3133/2732
f 3150/3131/2730 3161/3139/2738 3151/3132/2731
f 3162/3140/2739 3167/3141/2740 3163/3142/2741
f 3152/3133/2732 3164/3143/2742 3165/3144/2743
f 3166/3145/2744 3160/3146/2745 3167/3141/2740
f 3152/3133/2732 3165/3144/2743 3150/3131/2730
f 3151/3132/2731 3168/3147/2746 3148/3123/2722
f 3153/3134/2733 3155/3136/2735 3158/3137/2736
f 3150/3131/2730 3165/3144/2743 3161/3139/2738
f 3152/3133/2732 3159/3138/2737 3164/3143/2742
f 3157/3148/2747 3163/3142/2741 3160/3146/2745
f 3156/3149/2748 3163/3142/2741 3157/3148/2747
f 3160/3146/2745 3163/3142/2741 3167/3141/2740
f 3127/3112/2711 3138/3150/2749 3134/3118/2717
f 3134/3118/2717 3138/3150/2749 3139/3151/2750
f 3132/3107/2706 3143/3152/2751 3136/3153/2752
f 3132/3107/2706 3136/3153/2752 3129/3108/2707
f 3131/3110/2709 3143/3152/2751 3132/3107/2706
f 3129/3108/2707 3136/3153/2752 3135/3111/2710
f 3135/3111/2710 3138/3150/2749 3127/3112/2711
f 3134/3118/2717 3139/3151/2750 3133/3120/2719
f 3136/3153/2752 3138/3150/2749 3135/3111/2710
f 3172/3154/2753 3170/3155/2754 3171/3156/2755
f 3109/3088/2687 3204/3087/2686 3175/3157/2756
f 3109/3088/2687 3175/3157/2756 3208/3158/2757
f 3182/3159/2758 3177/3160/2759 3179/3161/2760
f 3179/3161/2760 3180/3162/2761 3182/3159/2758
f 3184/3163/2762 3183/3164/2763 3182/3159/2758
f 3182/3159/2758 3183/3164/2763 3177/3160/2759
f 3184/3163/2762 3185/3165/2764 3183/3164/2763
f 3184/3163/2762 3186/3166/2765 3185/3165/2764
f 3181/3167/2766 3186/3166/2765 3184/3163/2762
f 3187/3168/2767 3186/3166/2765 3188/3169/2768
f 3188/3169/2768 3186/3166/2765 3181/3167/2766
f 3177/3160/2759 3178/3170/2769 3179/3161/2760
f 3177/3160/2759 3190/3171/2770 3178/3170/2769
f 3183/3164/2763 3191/3172/2771 3190/3171/2770
f 3183/3164/2763 3190/3171/2770 3177/3160/2759
f 3185/3165/2764 3191/3172/2771 3183/3164/2763
f 3186/3166/2765 3192/3173/2772 3185/3165/2764
f 3189/3174/2773 3192/3173/2772 3186/3166/2765
f 3187/3168/2767 3189/3174/2773 3186/3166/2765
f 3203/3175/2774 3193/3176/2775 3204/3087/2686
f 3197/3177/2776 3200/3178/2777 3194/3179/2778
f 3196/3180/2779 3201/3181/2780 3199/3182/2781
f 3199/3182/2781 3201/3181/2780 3198/3183/2782
f 3197/3177/2776 3194/3179/2778 3195/3184/2783
f 3199/3182/2781 3200/3178/2777 3197/3177/2776
f 3198/3183/2782 3200/3178/2777 3199/3182/2781
f 3193/3176/2775 3202/3185/2784 3175/3157/2756
f 3205/3186/2785 3206/3187/2786 3202/3185/2784
f 3204/3087/2686 3193/3176/2775 3175/3157/2756
f 3205/3186/2785 3207/3188/2787 3206/3187/2786
f 3208/3158/2757 3175/3157/2756 3202/3185/2784
f 3208/3158/2757 3202/3185/2784 3176/3189/2788
f 3202/3185/2784 3206/3187/2786 3209/3190/2789
f 3202/3185/2784 3209/3190/2789 3176/3189/2788
f 3210/3191/2790 3203/3175/2774 3204/3087/2686
f 3210/3191/2790 3204/3087/2686 3211/3192/2791
f 3209/3190/2789 3206/3187/2786 3174/3193/2792
f 3206/3187/2786 3207/3188/2787 3174/3193/2792
f 3211/3192/2791 3204/3087/2686 3110/3089/2688
f 3220/3194/2793 3221/3195/2794 3226/3196/2795
f 3228/3197/2796 3229/3198/2797 3230/3199/2798
f 3230/3199/2798 3229/3198/2797 3231/3200/2797
f 3273/3201/2799 3233/3202/2800 3232/3203/2801
f 3237/3204/2802 3236/3205/2803 3238/3206/2804
f 3239/3207/2805 3240/3208/2806 3241/3209/2807
f 3236/3205/2803 3239/3207/2805 3241/3209/2807
f 3242/3210/2808 3237/3204/2802 3243/3211/2809
f 3237/3204/2802 3242/3210/2808 3236/3205/2803
f 3244/3212/2810 3242/3210/2808 3243/3211/2809
f 3238/3206/2804 3236/3205/2803 3241/3209/2807
f 3244/3212/2810 3243/3211/2809 3245/3213/2811
f 3246/3214/2812 3244/3212/2810 3245/3213/2811
f 3247/3215/2813 3246/3214/2812 3245/3213/2811
f 3248/3216/2814 3249/3217/2815 3246/3214/2812
f 3248/3216/2814 3246/3214/2812 3247/3215/2813
f 3242/3210/2808 3250/3218/2816 3236/3205/2803
f 3250/3218/2816 3239/3207/2805 3236/3205/2803
f 3213/3219/2817 3253/3220/2818 3214/3221/2819
f 3216/3222/2820 3217/3223/2821 3253/3220/2818
f 3216/3222/2820 3253/3220/2818 3212/3224/2822
f 3212/3224/2822 3253/3220/2818 3213/3219/2817
f 3252/3225/2823 3255/3226/2824 3256/3227/2825
f 3252/3225/2823 3257/3228/2826 3258/3229/2827
f 3252/3225/2823 3259/3230/2828 3260/3231/2829
f 3252/3225/2823 3258/3229/2827 3261/3232/2830
f 3252/3225/2823 3261/3232/2830 3262/3233/2831
f 3252/3225/2823 3263/3234/2832 3259/3230/2828
f 3252/3225/2823 3264/3235/2833 3255/3226/2824
f 3252/3225/2823 3265/3236/2834 3257/3228/2826
f 3262/3233/2831 3263/3234/2832 3252/3225/2823
f 3252/3225/2823 3260/3231/2829 3264/3235/2833
f 3252/3225/2823 3256/3227/2825 3265/3236/2834
f 3268/3237/2835 3267/3238/2836 3266/3239/2837
f 3269/3240/2838 3270/3241/2662 3271/3242/2662
f 3272/3243/2801 3273/3201/2799 3232/3203/2801
f 3268/3237/2835 3266/3239/2837 3274/3244/2839
f 3275/3245/2840 3276/3246/2662 3270/3241/2662
f 3275/3245/2840 3270/3241/2662 3269/3240/2838
f 3273/3201/2799 3266/3239/2837 3267/3238/2836
f 3273/3201/2799 3267/3238/2836 3233/3202/2800
f 3277/3247/2841 3214/3221/2819 3215/3248/2842
f 3277/3247/2841 3215/3248/2842 3278/3249/2843
f 3228/3197/2796 3279/3250/2797 3229/3198/2797
f 3280/3251/2844 3217/3223/2821 3216/3222/2820
f 3280/3251/2844 3216/3222/2820 3281/3252/2845
f 3282/3253/2846 3213/3219/2817 3214/3221/2819
f 3282/3253/2846 3214/3221/2819 3277/3247/2841
f 3280/3251/2844 3218/3254/2847 3217/3223/2821
f 3283/3255/2848 3219/3256/2849 3218/3254/2847
f 3283/3255/2848 3218/3254/2847 3280/3251/2844
f 3251/3257/2850 3227/3258/2851 3219/3256/2849
f 3251/3257/2850 3219/3256/2849 3283/3255/2848
f 3278/3249/2843 3215/3248/2842 3254/3259/2852
f 3278/3249/2843 3254/3259/2852 3284/3260/2853
f 3277/3247/2841 3286/3261/2854 3282/3253/2846
f 3282/3253/2846 3286/3261/2854 3285/3262/2855
f 3253/3220/2818 3224/3263/2856 3214/3221/2819
f 3217/3223/2821 3226/3196/2795 3253/3220/2818
f 3214/3221/2819 3224/3263/2856 3225/3264/2857
f 3215/3248/2842 3225/3264/2857 3223/3265/2858
f 3214/3221/2819 3225/3264/2857 3215/3248/2842
f 3253/3220/2818 3226/3196/2795 3224/3263/2856
f 3215/3248/2842 3223/3265/2858 3254/3259/2852
f 3227/3258/2851 3222/3266/2859 3220/3194/2793
f 3227/3258/2851 3220/3194/2793 3219/3256/2849
f 3218/3254/2847 3219/3256/2849 3220/3194/2793
f 3218/3254/2847 3220/3194/2793 3217/3223/2821
f 3217/3223/2821 3220/3194/2793 3226/3196/2795
f 3239/3207/2805 3235/3267/2860 3234/3268/2861
f 3239/3207/2805 3234/3268/2861 3240/3208/2806
f 3287/3269/2862 3288/3270/2863 3293/3271/2864
f 3287/3269/2862 3293/3271/2864 3292/3272/2865
f 3289/3273/2662 3290/3274/2662 3291/3275/2662
f 3292/3272/2865 3293/3271/2864 3294/3276/2866
f 3294/3276/2866 3293/3271/2864 3295/3277/2867
f 3294/3276/2866 3295/3277/2867 3296/3278/2868
f 3294/3276/2866 3296/3278/2868 3297/3279/2869
f 3300/3280/2870 3301/3281/2871 3302/3282/2872
f 3301/3281/2871 3300/3280/2870 3297/3279/2869
f 3301/3281/2871 3297/3279/2869 3296/3278/2868
f 3303/3283/2873 3302/3282/2872 3304/3284/2874
f 3302/3282/2872 3303/3283/2873 3300/3280/2870
f 3305/3285/2875 3304/3284/2874 3306/3286/2876
f 3304/3284/2874 3305/3285/2875 3303/3283/2873
f 3306/3286/2876 3307/3287/2877 3305/3285/2875
f 3308/3288/2878 3307/3287/2877 3306/3286/2876
f 3310/3289/2879 3307/3287/2877 3308/3288/2878
f 3310/3289/2879 3308/3288/2878 3309/3290/2880
f 3312/3291/2881 3310/3289/2879 3309/3290/2880
f 3312/3291/2881 3309/3290/2880 3311/3292/2882
f 3313/3293/2883 3312/3291/2881 3311/3292/2882
f 3313/3293/2883 3311/3292/2882 3314/3294/2884
f 3317/3295/2885 3318/3296/2886 3313/3293/2883
f 3317/3295/2885 3313/3293/2883 3314/3294/2884
f 3319/3297/2887 3318/3296/2886 3317/3295/2885
f 3322/3298/2797 3323/3299/2797 3324/3300/2797
f 3322/3298/2797 3324/3300/2797 3409/3301/2797
f 3325/3302/2662 3326/3303/2662 3460/3304/2662
f 3325/3302/2662 3460/3304/2662 3327/3305/2662
f 3328/3306/2662 3329/3307/2662 3291/3275/2662
f 3328/3306/2662 3291/3275/2662 3290/3274/2662
f 3298/3308/2888 3330/3309/2889 3331/3310/2890
f 3298/3308/2888 3331/3310/2890 3299/3311/2891
f 3330/3309/2889 3332/3312/2892 3333/3313/2893
f 3330/3309/2889 3333/3313/2893 3331/3310/2890
f 3337/3314/2894 3338/3315/2895 3336/3316/2896
f 3337/3314/2894 3339/3317/2897 3338/3315/2895
f 3338/3315/2895 3339/3317/2897 3340/3318/2898
f 3339/3317/2897 3341/3319/2899 3340/3318/2898
f 3340/3318/2898 3341/3319/2899 3342/3320/2900
f 3341/3319/2899 3343/3321/2901 3344/3322/2902
f 3341/3319/2899 3344/3322/2902 3342/3320/2900
f 3343/3321/2901 3345/3323/2903 3346/3324/2904
f 3343/3321/2901 3346/3324/2904 3344/3322/2902
f 3347/3325/2905 3349/3326/2906 3348/3327/2907
f 3347/3325/2905 3350/3328/2908 3349/3326/2906
f 3351/3329/2909 3352/3330/2910 3353/3331/2911
f 3351/3329/2909 3353/3331/2911 3354/3332/2912
f 3354/3332/2912 3353/3331/2911 3315/3333/2913
f 3354/3332/2912 3315/3333/2913 3316/3334/2914
f 3355/3335/2662 3356/3336/2662 3357/3337/2662
f 3320/3338/2915 3321/3339/2916 3316/3334/2914
f 3320/3338/2915 3316/3334/2914 3315/3333/2913
f 3359/3340/2917 3321/3339/2916 3320/3338/2915
f 3362/3341/2797 3419/3342/2797 3363/3343/2797
f 3335/3344/2662 3290/3274/2662 3289/3273/2662
f 3290/3274/2662 3335/3344/2662 3334/3345/2662
f 3334/3345/2662 3335/3344/2662 3364/3346/2662
f 3334/3345/2662 3364/3346/2662 3365/3347/2662
f 3365/3347/2662 3364/3346/2662 3366/3348/2662
f 3366/3348/2662 3364/3346/2662 3367/3349/2662
f 3366/3348/2662 3367/3349/2662 3368/3350/2662
f 3366/3348/2662 3368/3350/2662 3369/3351/2662
f 3369/3351/2662 3368/3350/2662 3370/3352/2662
f 3369/3351/2662 3370/3352/2662 3371/3353/2662
f 3369/3351/2662 3371/3353/2662 3372/3354/2662
f 3374/3355/2662 3375/3356/2662 3376/3357/2662
f 3374/3355/2662 3376/3357/2662 3377/3358/2662
f 3378/3359/2662 3379/3360/2662 3380/3361/2662
f 3378/3359/2662 3380/3361/2662 3381/3362/2662
f 3382/3363/2662 3383/3364/2662 3384/3365/2662
f 3382/3363/2662 3384/3365/2662 3385/3366/2662
f 3386/3367/2662 3387/3368/2662 3383/3364/2662
f 3386/3367/2662 3383/3364/2662 3382/3363/2662
f 3388/3369/2662 3389/3370/2662 3387/3368/2662
f 3388/3369/2662 3387/3368/2662 3386/3367/2662
f 3392/3371/2662 3393/3372/2662 3394/3373/2662
f 3392/3371/2662 3394/3373/2662 3395/3374/2662
f 3390/3375/2662 3391/3376/2662 3389/3370/2662
f 3390/3375/2662 3389/3370/2662 3388/3369/2662
f 3399/3377/2662 3400/3378/2662 3398/3379/2662
f 3356/3336/2662 3355/3335/2662 3402/3380/2662
f 3356/3336/2662 3402/3380/2662 3401/3381/2662
f 3401/3381/2662 3402/3380/2662 3400/3378/2662
f 3401/3381/2662 3400/3378/2662 3399/3377/2662
f 3403/3382/2797 3406/3383/2797 3404/3384/2797
f 3405/3385/2797 3407/3386/2797 3408/3387/2797
f 3406/3383/2797 3405/3385/2797 3408/3387/2797
f 3408/3387/2797 3407/3386/2797 3322/3298/2797
f 3408/3387/2797 3322/3298/2797 3409/3301/2797
f 3325/3302/2662 3327/3305/2662 3410/3388/2662
f 3323/3299/2797 3411/3389/2797 3412/3390/2797
f 3410/3388/2662 3413/3391/2662 3325/3302/2662
f 3414/3392/2918 3415/3393/2918 3416/3394/2919
f 3414/3392/2918 3416/3394/2919 3417/3395/2918
f 3418/3396/2797 3362/3341/2797 3363/3343/2797
f 3362/3341/2797 3373/3397/2797 3419/3342/2797
f 3373/3397/2797 3420/3398/2797 3422/3399/2797
f 3373/3397/2797 3422/3399/2797 3419/3342/2797
f 3420/3398/2797 3421/3400/2797 3422/3399/2797
f 3421/3400/2797 3423/3401/2797 3422/3399/2797
f 3421/3400/2797 3425/3402/2797 3423/3401/2797
f 3421/3400/2797 3424/3403/2797 3425/3402/2797
f 3424/3403/2797 3426/3404/2797 3425/3402/2797
f 3424/3403/2797 3427/3405/2797 3428/3406/2797
f 3424/3403/2797 3428/3406/2797 3426/3404/2797
f 3362/3341/2797 3418/3396/2797 3431/3407/2797
f 3362/3341/2797 3431/3407/2797 3432/3408/2797
f 3429/3409/2797 3430/3410/2797 3435/3411/2797
f 3429/3409/2797 3435/3411/2797 3436/3412/2797
f 3433/3413/2797 3434/3414/2797 3439/3415/2797
f 3433/3413/2797 3439/3415/2797 3440/3416/2797
f 3444/3417/2797 3443/3418/2797 3441/3419/2797
f 3444/3417/2797 3441/3419/2797 3442/3420/2797
f 3437/3421/2797 3438/3422/2797 3443/3418/2797
f 3437/3421/2797 3443/3418/2797 3444/3417/2797
f 3442/3420/2797 3441/3419/2797 3445/3423/2797
f 3442/3420/2797 3445/3423/2797 3446/3424/2797
f 3446/3424/2797 3445/3423/2797 3447/3425/2797
f 3446/3424/2797 3447/3425/2797 3448/3426/2797
f 3449/3427/2797 3450/3428/2797 3453/3429/2797
f 3449/3427/2797 3453/3429/2797 3454/3430/2797
f 3455/3431/2797 3456/3432/2797 3457/3433/2797
f 3457/3433/2797 3456/3432/2797 3458/3434/2797
f 3457/3433/2797 3458/3434/2797 3459/3435/2797
f 3459/3435/2797 3458/3434/2797 3403/3382/2797
f 3459/3435/2797 3403/3382/2797 3404/3384/2797
f 3360/3436/2662 3358/3437/2662 3357/3337/2662
f 3360/3436/2662 3357/3337/2662 3361/3438/2662
f 3326/3303/2662 3360/3436/2662 3361/3438/2662
f 3326/3303/2662 3361/3438/2662 3460/3304/2662
f 3323/3299/2797 3412/3390/2797 3324/3300/2797
f 3371/3353/2662 3334/3345/2662 3372/3354/2662
f 3377/3358/2662 3376/3357/2662 3329/3307/2662
f 3377/3358/2662 3329/3307/2662 3328/3306/2662
f 3381/3362/2662 3380/3361/2662 3375/3356/2662
f 3381/3362/2662 3375/3356/2662 3374/3355/2662
f 3385/3366/2662 3384/3365/2662 3379/3360/2662
f 3385/3366/2662 3379/3360/2662 3378/3359/2662
f 3396/3439/2662 3397/3440/2662 3392/3371/2662
f 3396/3439/2662 3392/3371/2662 3395/3374/2662
f 3394/3373/2662 3393/3372/2662 3391/3376/2662
f 3394/3373/2662 3391/3376/2662 3390/3375/2662
f 3398/3379/2662 3400/3378/2662 3397/3440/2662
f 3398/3379/2662 3397/3440/2662 3396/3439/2662
f 3355/3335/2662 3357/3337/2662 3358/3437/2662
f 3428/3406/2797 3373/3397/2797 3362/3341/2797
f 3432/3408/2797 3431/3407/2797 3430/3410/2797
f 3432/3408/2797 3430/3410/2797 3429/3409/2797
f 3436/3412/2797 3435/3411/2797 3434/3414/2797
f 3436/3412/2797 3434/3414/2797 3433/3413/2797
f 3440/3416/2797 3439/3415/2797 3438/3422/2797
f 3440/3416/2797 3438/3422/2797 3437/3421/2797
f 3448/3426/2797 3447/3425/2797 3450/3428/2797
f 3448/3426/2797 3450/3428/2797 3449/3427/2797
f 3454/3430/2797 3453/3429/2797 3452/3441/2797
f 3454/3430/2797 3452/3441/2797 3451/3442/2797
f 3451/3442/2797 3452/3441/2797 3456/3432/2797
f 3451/3442/2797 3456/3432/2797 3455/3431/2797
f 3403/3382/2797 3405/3385/2797 3406/3383/2797
f 3319/3297/2887 3462/3443/2920 3461/3444/2921
f 3319/3297/2887 3461/3444/2921 3318/3296/2886
f 3428/3406/2797 3427/3405/2797 3373/3397/2797
f 3290/3274/2662 3334/3345/2662 3371/3353/2662
f 3333/3313/2893 3332/3312/2892 3463/3445/2922
f 3333/3313/2893 3463/3445/2922 3464/3446/2923
f 3465/3447/2924 3467/3448/2925 3466/3449/2926
f 3468/3450/2927 3467/3448/2925 3465/3447/2924
f 3468/3450/2927 3469/3451/2928 3467/3448/2925
f 3467/3448/2925 3469/3451/2928 3470/3452/2929
f 3469/3451/2928 3471/3453/2930 3472/3454/2931
f 3469/3451/2928 3472/3454/2931 3470/3452/2929
f 3471/3453/2930 3473/3455/2932 3472/3454/2931
f 3472/3454/2931 3473/3455/2932 3474/3456/2933
f 3473/3455/2932 3477/3457/2934 3474/3456/2933
f 3477/3457/2934 3478/3458/2935 3474/3456/2933
f 3477/3457/2934 3479/3459/2936 3478/3458/2935
f 3478/3458/2935 3479/3459/2936 3480/3460/2937
f 3479/3459/2936 3483/3461/2938 3480/3460/2937
f 3479/3459/2936 3482/3462/2939 3483/3461/2938
f 3482/3462/2939 3484/3463/2940 3483/3461/2938
f 3483/3461/2938 3484/3463/2940 3485/3464/2941
f 3484/3463/2940 3486/3465/2942 3485/3464/2941
f 3485/3464/2941 3486/3465/2942 3487/3466/2943
f 3488/3467/2944 3489/3468/2945 3511/3469/2946
f 3490/3470/2947 3489/3468/2945 3488/3467/2944
f 3491/3471/2948 3492/3472/2949 3493/3473/2950
f 3491/3471/2948 3494/3474/2951 3492/3472/2949
f 3491/3471/2948 3496/3475/2952 3494/3474/2951
f 3496/3475/2952 3491/3471/2948 3497/3476/2953
f 3497/3476/2953 3498/3477/2954 3496/3475/2952
f 3498/3477/2954 3497/3476/2953 3499/3478/2955
f 3498/3477/2954 3499/3478/2955 3475/3479/2956
f 3498/3477/2954 3475/3479/2956 3476/3480/2957
f 3475/3479/2956 3502/3481/2958 3481/3482/2959
f 3475/3479/2956 3481/3482/2959 3476/3480/2957
f 3502/3481/2958 3503/3483/2960 3481/3482/2959
f 3503/3483/2960 3504/3484/2961 3481/3482/2959
f 3504/3484/2961 3503/3483/2960 3507/3485/2962
f 3504/3484/2961 3507/3485/2962 3508/3486/2963
f 3508/3486/2963 3507/3485/2962 3509/3487/2964
f 3508/3486/2963 3509/3487/2964 3510/3488/2965
f 3510/3488/2965 3509/3487/2964 3488/3467/2944
f 3510/3488/2965 3488/3467/2944 3511/3469/2946
f 3505/3489/2797 3514/3490/2797 3515/3491/2797
f 3505/3489/2797 3515/3491/2797 3506/3492/2797
f 3520/3493/2797 3521/3494/2797 3524/3495/2797
f 3520/3493/2797 3524/3495/2797 3525/3496/2797
f 3522/3497/2797 3523/3498/2797 3528/3499/2797
f 3522/3497/2797 3528/3499/2797 3529/3500/2797
f 3526/3501/2797 3527/3502/2797 3531/3503/2797
f 3526/3501/2797 3531/3503/2797 3530/3504/2797
f 3530/3504/2797 3531/3503/2797 3532/3505/2797
f 3530/3504/2797 3532/3505/2797 3533/3506/2797
f 3535/3507/2797 3534/3508/2797 3536/3509/2797
f 3535/3507/2797 3536/3509/2797 3537/3510/2797
f 3542/3511/2662 3543/3512/2662 3544/3513/2662
f 3542/3511/2662 3544/3513/2662 3545/3514/2662
f 3546/3515/2662 3547/3516/2662 3548/3517/2662
f 3546/3515/2662 3548/3517/2662 3549/3518/2662
f 3552/3519/2797 3554/3520/2797 3553/3521/2797
f 3551/3522/2797 3550/3523/2797 3552/3519/2797
f 3551/3522/2797 3552/3519/2797 3553/3521/2797
f 3554/3520/2797 3552/3519/2797 3559/3524/2797
f 3557/3525/2662 3558/3526/2662 3556/3527/2662
f 3516/3528/2662 3517/3529/2662 3562/3530/2662
f 3516/3528/2662 3562/3530/2662 3563/3531/2662
f 3513/3532/2797 3505/3489/2797 3506/3492/2797
f 3513/3532/2797 3506/3492/2797 3512/3533/2797
f 3566/3534/2662 3567/3535/2662 3568/3536/2662
f 3566/3534/2662 3568/3536/2662 3569/3537/2662
f 3570/3538/2662 3571/3539/2662 3572/3540/2662
f 3570/3538/2662 3572/3540/2662 3573/3541/2662
f 3574/3542/2662 3495/3543/2662 3575/3544/2662
f 3574/3542/2662 3575/3544/2662 3576/3545/2662
f 3578/3546/2662 3495/3543/2662 3574/3542/2662
f 3578/3546/2662 3574/3542/2662 3577/3547/2662
f 3582/3548/2662 3580/3549/2662 3579/3550/2662
f 3582/3548/2662 3579/3550/2662 3581/3551/2662
f 3587/3552/2797 3588/3553/2797 3591/3554/2797
f 3587/3552/2797 3591/3554/2797 3592/3555/2797
f 3589/3556/2797 3590/3557/2797 3593/3558/2797
f 3589/3556/2797 3593/3558/2797 3594/3559/2797
f 3596/3560/2662 3501/3561/2662 3500/3562/2662
f 3596/3560/2662 3500/3562/2662 3595/3563/2662
f 3555/3564/2662 3596/3560/2662 3595/3563/2662
f 3556/3527/2662 3596/3560/2662 3555/3564/2662
f 3597/3565/2797 3559/3524/2797 3598/3566/2797
f 3597/3565/2797 3598/3566/2797 3513/3532/2797
f 3597/3565/2797 3513/3532/2797 3512/3533/2797
f 3561/3567/2662 3560/3568/2662 3517/3529/2662
f 3561/3567/2662 3517/3529/2662 3516/3528/2662
f 3515/3491/2797 3514/3490/2797 3519/3569/2797
f 3515/3491/2797 3519/3569/2797 3518/3570/2797
f 3518/3570/2797 3519/3569/2797 3521/3494/2797
f 3518/3570/2797 3521/3494/2797 3520/3493/2797
f 3525/3496/2797 3524/3495/2797 3523/3498/2797
f 3525/3496/2797 3523/3498/2797 3522/3497/2797
f 3529/3500/2797 3528/3499/2797 3527/3502/2797
f 3529/3500/2797 3527/3502/2797 3526/3501/2797
f 3538/3571/2662 3539/3572/2662 3582/3548/2662
f 3538/3571/2662 3582/3548/2662 3581/3551/2662
f 3540/3573/2662 3541/3574/2662 3539/3572/2662
f 3540/3573/2662 3539/3572/2662 3538/3571/2662
f 3545/3514/2662 3544/3513/2662 3541/3574/2662
f 3545/3514/2662 3541/3574/2662 3540/3573/2662
f 3549/3518/2662 3548/3517/2662 3543/3512/2662
f 3549/3518/2662 3543/3512/2662 3542/3511/2662
f 3500/3562/2662 3501/3561/2662 3547/3516/2662
f 3500/3562/2662 3547/3516/2662 3546/3515/2662
f 3557/3525/2662 3556/3527/2662 3555/3564/2662
f 3560/3568/2662 3561/3567/2662 3558/3526/2662
f 3560/3568/2662 3558/3526/2662 3557/3525/2662
f 3564/3575/2662 3565/3576/2662 3563/3531/2662
f 3564/3575/2662 3563/3531/2662 3562/3530/2662
f 3569/3537/2662 3568/3536/2662 3565/3576/2662
f 3569/3537/2662 3565/3576/2662 3564/3575/2662
f 3573/3541/2662 3572/3540/2662 3567/3535/2662
f 3573/3541/2662 3567/3535/2662 3566/3534/2662
f 3576/3545/2662 3575/3544/2662 3571/3539/2662
f 3576/3545/2662 3571/3539/2662 3570/3538/2662
f 3537/3510/2797 3536/3509/2797 3584/3577/2797
f 3537/3510/2797 3584/3577/2797 3583/3578/2797
f 3583/3578/2797 3584/3577/2797 3586/3579/2797
f 3583/3578/2797 3586/3579/2797 3585/3580/2797
f 3585/3580/2797 3586/3579/2797 3588/3553/2797
f 3585/3580/2797 3588/3553/2797 3587/3552/2797
f 3592/3555/2797 3591/3554/2797 3590/3557/2797
f 3592/3555/2797 3590/3557/2797 3589/3556/2797
f 3594/3559/2797 3593/3558/2797 3550/3523/2797
f 3594/3559/2797 3550/3523/2797 3551/3522/2797
f 3554/3520/2797 3559/3524/2797 3597/3565/2797
f 3599/3581/2966 3600/3582/2967 3601/3583/2968
f 3600/3582/2967 3602/3584/2969 3601/3583/2968
f 3600/3582/2967 3603/3585/2970 3604/3586/2971
f 3600/3582/2967 3604/3586/2971 3602/3584/2969
f 3605/3587/2972 3606/3588/2973 3607/3589/2974
f 3607/3589/2974 3606/3588/2973 3608/3590/2975
f 3607/3589/2974 3608/3590/2975 3609/3591/2976
f 3607/3589/2974 3609/3591/2976 3610/3592/2977
f 3604/3586/2971 3603/3585/2970 3610/3592/2977
f 3604/3586/2971 3610/3592/2977 3609/3591/2976
f 3611/3593/2978 3612/3594/2979 3613/3595/2980
f 3611/3593/2978 3613/3595/2980 3614/3596/2981
f 3614/3596/2981 3613/3595/2980 3615/3597/2982
f 3615/3597/2982 3613/3595/2980 3616/3598/2983
f 3622/3599/2984 3615/3597/2982 3616/3598/2983
f 3617/3600/2985 3618/3601/2986 3619/3602/2987
f 3617/3600/2985 3620/3603/2988 3618/3601/2986
f 3620/3603/2988 3621/3604/2989 3618/3601/2986
f 3621/3604/2989 3622/3599/2984 3618/3601/2986
f 3621/3604/2989 3615/3597/2982 3622/3599/2984
f 3623/3605/2990 3624/3606/2991 3625/3607/2992
f 3623/3605/2990 3625/3607/2992 3626/3608/2993
f 3627/3609/2994 3628/3610/2995 3629/3611/2996
f 3627/3609/2994 3629/3611/2996 3630/3612/2997
f 3624/3606/2991 3631/3613/2998 3632/3614/2999
f 3624/3606/2991 3632/3614/2999 3625/3607/2992
f 3633/3615/3000 3627/3609/2994 3630/3612/2997
f 3633/3615/3000 3630/3612/2997 3634/3616/3001
f 3631/3613/2998 3635/3617/3002 3636/3618/3003
f 3631/3613/2998 3636/3618/3003 3632/3614/2999
f 3637/3619/3004 3633/3615/3000 3634/3616/3001
f 3637/3619/3004 3634/3616/3001 3638/3620/3005
f 3635/3617/3002 3639/3621/3006 3640/3622/3007
f 3635/3617/3002 3640/3622/3007 3636/3618/3003
f 3641/3623/3008 3637/3619/3004 3638/3620/3005
f 3641/3623/3008 3638/3620/3005 3642/3624/3009
f 3641/3623/3008 3642/3624/3009 3643/3625/3010
f 3639/3621/3006 3644/3626/3011 3645/3627/3012
f 3639/3621/3006 3645/3627/3012 3640/3622/3007
f 3646/3628/3013 3641/3623/3008 3643/3625/3010
f 3646/3628/3013 3643/3625/3010 3647/3629/3014
f 3644/3626/3011 3648/3630/3015 3645/3627/3012
f 3649/3631/3016 3646/3628/3013 3647/3629/3014
f 3644/3626/3011 3650/3632/3017 3651/3633/3018
f 3644/3626/3011 3651/3633/3018 3648/3630/3015
f 3649/3631/3016 3647/3629/3014 3652/3634/3019
f 3653/3635/3020 3654/3636/3021 3655/3637/3022
f 3653/3635/3020 3655/3637/3022 3656/3638/3023
f 3657/3639/3024 3658/3640/3025 3659/3641/3026
f 3657/3639/3024 3659/3641/3026 3660/3642/3027
f 3661/3643/3028 3653/3635/3020 3656/3638/3023
f 3661/3643/3028 3656/3638/3023 3662/3644/3029
f 3658/3640/3025 3663/3645/3030 3664/3646/3031
f 3658/3640/3025 3664/3646/3031 3659/3641/3026
f 3665/3647/3032 3661/3643/3028 3662/3644/3029
f 3665/3647/3032 3662/3644/3029 3666/3648/3033
f 3663/3645/3030 3667/3649/3034 3668/3650/3035
f 3663/3645/3030 3668/3650/3035 3664/3646/3031
f 3669/3651/3036 3665/3647/3032 3666/3648/3033
f 3669/3651/3036 3666/3648/3033 3670/3652/3037
f 3667/3649/3034 3671/3653/3038 3672/3654/3039
f 3667/3649/3034 3672/3654/3039 3668/3650/3035
f 3673/3655/3040 3669/3651/3036 3670/3652/3037
f 3673/3655/3040 3670/3652/3037 3674/3656/3041
f 3671/3653/3038 3675/3657/3042 3676/3658/3043
f 3671/3653/3038 3676/3658/3043 3672/3654/3039
f 3677/3659/3044 3673/3655/3040 3674/3656/3041
f 3677/3659/3044 3674/3656/3041 3678/3660/3045
f 3679/3661/3046 3677/3659/3044 3678/3660/3045
f 3675/3657/3042 3680/3662/3047 3681/3663/3048
f 3675/3657/3042 3681/3663/3048 3676/3658/3043
f 3679/3661/3046 3678/3660/3045 3682/3664/3049
f 3680/3662/3047 3683/3665/3050 3681/3663/3048
f 3679/3661/3046 3682/3664/3049 3651/3633/3018
f 3679/3661/3046 3651/3633/3018 3650/3632/3017
f 3680/3662/3047 3649/3631/3016 3652/3634/3019
f 3680/3662/3047 3652/3634/3019 3683/3665/3050
f 3684/3666/3051 3685/3667/3052 3686/3668/3053
f 3685/3667/3052 3687/3669/3054 3686/3668/3053
f 3685/3667/3052 3688/3670/3055 3689/3671/3056
f 3685/3667/3052 3689/3671/3056 3687/3669/3054
f 3688/3670/3055 3695/3672/3057 3694/3673/3058
f 3688/3670/3055 3694/3673/3058 3689/3671/3056
f 3690/3674/3059 3691/3675/3060 3692/3676/3061
f 3692/3676/3061 3691/3675/3060 3693/3677/3062
f 3692/3676/3061 3693/3677/3062 3694/3673/3058
f 3692/3676/3061 3694/3673/3058 3695/3672/3057
f 3696/3678/3063 3697/3679/3064 3698/3680/3065
f 3696/3678/3063 3698/3680/3065 3699/3681/3066
f 3699/3681/3066 3698/3680/3065 3700/3682/3067
f 3699/3681/3066 3700/3682/3067 3701/3683/3068
f 3707/3684/3069 3706/3685/3070 3701/3683/3068
f 3707/3684/3069 3701/3683/3068 3700/3682/3067
f 3702/3686/3071 3703/3687/3072 3704/3688/3073
f 3702/3686/3071 3704/3688/3073 3705/3689/3074
f 3703/3687/3072 3706/3685/3070 3704/3688/3073
f 3706/3685/3070 3707/3684/3069 3704/3688/3073
f 3708/3690/3075 3709/3691/3075 3710/3692/3075
f 3708/3690/3075 3710/3692/3075 3711/3693/3075
f 3712/3694/2801 3713/3695/2801 3714/3696/2801
f 3712/3694/2801 3714/3696/2801 3715/3697/2801
f 3709/3691/3075 3716/3698/3075 3717/3699/3075
f 3709/3691/3075 3717/3699/3075 3710/3692/3075
f 3718/3700/2801 3712/3694/2801 3715/3697/2801
f 3718/3700/2801 3715/3697/2801 3719/3701/2801
f 3716/3698/3075 3720/3702/3075 3717/3699/3075
f 3718/3700/2801 3719/3701/2801 3721/3703/2801
f 3716/3698/3075 3722/3704/3075 3723/3705/3075
f 3716/3698/3075 3723/3705/3075 3720/3702/3075
f 3724/3706/2801 3718/3700/2801 3721/3703/2801
f 3724/3706/2801 3721/3703/2801 3725/3707/2801
f 3722/3704/3075 3726/3708/3075 3727/3709/3075
f 3722/3704/3075 3727/3709/3075 3723/3705/3075
f 3728/3710/2801 3724/3706/2801 3725/3707/2801
f 3728/3710/2801 3725/3707/2801 3729/3711/2801
f 3726/3708/3075 3730/3712/3075 3731/3713/3075
f 3726/3708/3075 3731/3713/3075 3727/3709/3075
f 3732/3714/2801 3728/3710/2801 3729/3711/2801
f 3732/3714/2801 3729/3711/2801 3733/3715/2801
f 3730/3712/3075 3734/3716/3075 3731/3713/3075
f 3735/3717/2801 3732/3714/2801 3733/3715/2801
f 3735/3717/2801 3733/3715/2801 3736/3718/2801
f 3734/3716/3075 3768/3719/3075 3767/3720/3075
f 3734/3716/3075 3767/3720/3075 3737/3721/3075
f 3735/3717/2801 3736/3718/2801 3766/3722/2801
f 3735/3717/2801 3766/3722/2801 3769/3723/2801
f 3734/3716/3075 3737/3721/3075 3731/3713/3075
f 3738/3724/3075 3739/3725/3075 3740/3726/3075
f 3738/3724/3075 3740/3726/3075 3741/3727/3075
f 3742/3728/2801 3743/3729/2801 3744/3730/2801
f 3742/3728/2801 3744/3730/2801 3745/3731/2801
f 3746/3732/3075 3738/3724/3075 3741/3727/3075
f 3746/3732/3075 3741/3727/3075 3747/3733/3075
f 3743/3729/2801 3748/3734/2801 3749/3735/2801
f 3743/3729/2801 3749/3735/2801 3744/3730/2801
f 3746/3732/3075 3747/3733/3075 3750/3736/3075
f 3748/3734/2801 3751/3737/2801 3749/3735/2801
f 3752/3738/3075 3746/3732/3075 3750/3736/3075
f 3752/3738/3075 3750/3736/3075 3753/3739/3075
f 3748/3734/2801 3754/3740/2801 3755/3741/2801
f 3748/3734/2801 3755/3741/2801 3751/3737/2801
f 3756/3742/3075 3752/3738/3075 3753/3739/3075
f 3756/3742/3075 3753/3739/3075 3757/3743/3075
f 3754/3740/2801 3758/3744/2801 3759/3745/2801
f 3754/3740/2801 3759/3745/2801 3755/3741/2801
f 3760/3746/3075 3756/3742/3075 3757/3743/3075
f 3760/3746/3075 3757/3743/3075 3761/3747/3075
f 3758/3744/2801 3762/3748/2801 3763/3749/2801
f 3758/3744/2801 3763/3749/2801 3759/3745/2801
f 3762/3748/2801 3764/3750/2801 3763/3749/2801
f 3764/3750/2801 3766/3722/2801 3763/3749/2801
f 3768/3719/3075 3765/3751/3075 3767/3720/3075
f 3764/3750/2801 3769/3723/2801 3766/3722/2801
f 3765/3751/3075 3760/3746/3075 3761/3747/3075
f 3765/3751/3075 3761/3747/3075 3767/3720/3075
f 3776/3752/3076 3770/3753/3077 3774/3754/3078
f 3776/3752/3076 3774/3754/3078 3771/3755/3079
f 3777/3756/3080 3772/3757/3081 3773/3758/3082
f 3777/3756/3080 3773/3758/3082 3775/3759/3083
f 3771/3755/3079 3772/3757/3081 3777/3756/3080
f 3771/3755/3079 3774/3754/3078 3772/3757/3081
f 3770/3753/3077 3778/3760/3084 3781/3761/3085
f 3770/3753/3077 3781/3761/3085 3774/3754/3078
f 3772/3757/3081 3780/3762/3086 3779/3763/3087
f 3772/3757/3081 3779/3763/3087 3773/3758/3082
f 3774/3754/3078 3780/3762/3086 3772/3757/3081
f 3774/3754/3078 3781/3761/3085 3780/3762/3086
f 3778/3760/3084 3783/3764/3088 3782/3765/3089
f 3778/3760/3084 3782/3765/3089 3781/3761/3085
f 3780/3762/3086 3784/3766/3090 3785/3767/3091
f 3780/3762/3086 3785/3767/3091 3779/3763/3087
f 3781/3761/3085 3784/3766/3090 3780/3762/3086
f 3781/3761/3085 3782/3765/3089 3784/3766/3090
f 3786/3768/3092 3771/3755/3079 3788/3769/3093
f 3786/3768/3092 3776/3752/3076 3771/3755/3079
f 3788/3769/3093 3777/3756/3080 3775/3759/3083
f 3788/3769/3093 3775/3759/3083 3787/3770/3094
f 3788/3769/3093 3771/3755/3079 3777/3756/3080
f 3782/3765/3089 3789/3771/3095 3784/3766/3090
f 3784/3766/3090 3789/3771/3095 3785/3767/3091
f 3785/3767/3091 3789/3771/3095 3790/3772/3096
f 3783/3764/3088 3791/3773/3097 3789/3771/3095
f 3783/3764/3088 3789/3771/3095 3782/3765/3089
f 3794/3774/3098 3808/3775/3099 3795/3776/3100
f 3796/3777/2801 3797/3778/2801 3798/3779/2801
f 3799/3780/2801 3796/3777/2801 3798/3779/2801
f 3799/3780/2801 3798/3779/2801 3800/3781/2801
f 3058/3782/2662 3059/3783/2662 3792/3784/2662
f 3061/3785/3101 3801/3786/2797 3802/3787/2797
f 3061/3785/3101 3802/3787/2797 3803/3788/2797
f 3804/3789/3102 3794/3774/3098 3795/3776/3100
f 3804/3789/3102 3795/3776/3100 3805/3790/3103
f 3058/3782/2662 3806/3791/2662 3059/3783/2662
f 3841/3792/3104 3809/3793/3105 3810/3794/3106
f 3807/3795/3107 3811/3796/3108 3812/3797/3109
f 3807/3795/3107 3812/3797/3109 3808/3775/3099
f 3814/3798/3110 3831/3799/3111 3815/3800/3112
f 3816/3801/3112 3814/3798/3110 3815/3800/3112
f 3817/3802/3113 3818/3803/3114 3819/3804/3115
f 3820/3805/3116 3813/3806/3117 3821/3807/3118
f 3813/3806/3117 3820/3805/3116 3823/3808/3119
f 3824/3809/3120 3825/3810/3121 3826/3811/3122
f 3824/3809/3120 3826/3811/3122 3827/3812/3123
f 3828/3813/3124 3829/3814/3125 3819/3804/3115
f 3828/3813/3124 3819/3804/3115 3818/3803/3114
f 3830/3815/3126 3793/3816/3127 3804/3789/3102
f 3813/3806/3117 3823/3808/3119 3831/3799/3111
f 3832/3817/3128 3821/3807/3118 3813/3806/3117
f 3793/3816/3127 3822/3818/3129 3833/3819/3130
f 3833/3819/3130 3834/3820/3131 3793/3816/3127
f 3822/3818/3129 3793/3816/3127 3830/3815/3126
f 3822/3818/3129 3830/3815/3126 3835/3821/3132
f 3820/3805/3116 3821/3807/3118 3833/3819/3130
f 3820/3805/3116 3833/3819/3130 3822/3818/3129
f 3806/3791/2662 3836/3822/2662 3837/3823/2662
f 3806/3791/2662 3837/3823/2662 3838/3824/2662
f 3814/3798/3110 3813/3806/3117 3831/3799/3111
f 3836/3822/2662 3806/3791/2662 3058/3782/2662
f 3839/3825/3133 3841/3792/3104 3842/3826/3134
f 3839/3825/3133 3842/3826/3134 3840/3827/3135
f 3841/3792/3104 3810/3794/3106 3842/3826/3134
f 3809/3793/3105 3843/3828/3136 3810/3794/3106
f 3844/3829/3137 3839/3825/3133 3840/3827/3135
f 3845/3830/3138 3847/3831/3139 3848/3832/3140
f 3845/3830/3138 3848/3832/3140 3846/3833/3141
f 3845/3830/3138 3846/3833/3141 3849/3834/3142
f 3845/3830/3138 3849/3834/3142 3850/3835/3143
f 3851/3836/3144 3852/3837/3145 3853/3838/3146
f 3853/3838/3146 3852/3837/3145 3061/3785/3101
f 3853/3838/3146 3061/3785/3101 3060/3839/2797
f 3061/3785/3101 3803/3788/2797 3060/3839/2797
f 3805/3790/3103 3830/3815/3126 3804/3789/3102
f 3808/3775/3099 3794/3774/3098 3807/3795/3107
f 3865/3840/3147 3862/3841/3148 3863/3842/3149
f 3862/3841/3148 3854/3843/3150 3863/3842/3149
f 3866/3844/3151 3867/3845/3152 3868/3846/3153
f 3854/3843/3150 3855/3847/3154 3863/3842/3149
f 3870/3848/3155 3912/3849/3156 3871/3850/3157
f 3861/3851/3158 3873/3852/3159 3860/3853/3160
f 3869/3854/3161 3973/3855/3162 3864/3856/3163
f 3876/3857/3164 3877/3858/3165 3866/3844/3151
f 3968/3859/3166 3862/3841/3148 3875/3860/3167
f 3881/3861/3168 3883/3862/3169 3946/3863/3170
f 3881/3861/3168 3946/3863/3170 3882/3864/3171
f 3898/3865/3172 3897/3866/3173 3884/3867/3174
f 3898/3865/3172 3884/3867/3174 3885/3868/3175
f 3886/3869/3176 3887/3870/3177 3888/3871/3178
f 3886/3869/3176 3888/3871/3178 3889/3872/3179
f 3881/3861/3168 3882/3864/3171 3988/3873/3180
f 3881/3861/3168 3988/3873/3180 3891/3874/3181
f 3892/3875/3182 3893/3876/3183 3979/3877/3184
f 3892/3875/3182 3979/3877/3184 3894/3878/3185
f 3895/3879/3186 3905/3880/3187 3896/3881/3188
f 3889/3872/3179 3897/3866/3173 3898/3865/3172
f 3899/3882/3189 3895/3879/3186 3896/3881/3188
f 3889/3872/3179 3888/3871/3178 3897/3866/3173
f 3901/3883/3190 3902/3884/3191 3905/3880/3187
f 3908/3885/3192 3871/3850/3157 3883/3862/3169
f 3909/3886/3193 3910/3887/3194 3911/3888/3195
f 3913/3889/3196 3912/3849/3156 3884/3867/3174
f 3910/3887/3194 3913/3889/3196 3884/3867/3174
f 3913/3889/3196 3921/3890/3197 3914/3891/3198
f 3918/3892/3199 3919/3893/3200 3920/3894/3201
f 3918/3892/3199 3921/3890/3197 3913/3889/3196
f 3918/3892/3199 3920/3894/3201 3921/3890/3197
f 3862/3841/3148 3865/3840/3147 3875/3860/3167
f 3910/3887/3194 3884/3867/3174 3911/3888/3195
f 3922/3895/3202 3941/3896/3203 3915/3897/3204
f 3922/3895/3202 3915/3897/3204 3962/3898/3205
f 3923/3899/3206 3952/3900/3207 3954/3901/3208
f 3923/3899/3206 3954/3901/3208 3924/3902/3209
f 3925/3903/3210 3923/3899/3206 3924/3902/3209
f 3928/3904/3211 3925/3903/3210 3924/3902/3209
f 3929/3905/3212 3940/3906/3213 3927/3907/3214
f 3929/3905/3212 3927/3907/3214 3926/3908/3215
f 3932/3909/3216 3933/3910/3217 3963/3911/3218
f 3937/3912/3219 3934/3913/3220 3935/3914/3221
f 3918/3892/3199 3937/3912/3219 3919/3893/3200
f 3914/3891/3198 3931/3915/3222 3871/3850/3157
f 3914/3891/3198 3871/3850/3157 3912/3849/3156
f 3938/3916/3223 3930/3917/3224 3939/3918/3225
f 3941/3896/3203 3940/3906/3213 3929/3905/3212
f 3942/3919/3226 3938/3916/3223 3939/3918/3225
f 3941/3896/3203 3943/3920/3227 3940/3906/3213
f 3944/3921/3228 3942/3919/3226 3939/3918/3225
f 3926/3908/3215 3945/3922/3229 3960/3923/3230
f 3926/3908/3215 3960/3923/3230 3956/3924/3231
f 3941/3896/3203 3922/3895/3202 3943/3920/3227
f 3947/3925/3232 3946/3863/3170 3871/3850/3157
f 3931/3915/3222 3947/3925/3232 3871/3850/3157
f 3946/3863/3170 3948/3926/3233 3882/3864/3171
f 3953/3927/3234 3916/3928/3235 3917/3929/3236
f 3949/3930/3237 3950/3931/3238 3933/3910/3217
f 3949/3930/3237 3933/3910/3217 3932/3909/3216
f 3952/3900/3207 3953/3927/3234 3917/3929/3236
f 3952/3900/3207 3917/3929/3236 3954/3901/3208
f 3951/3932/3239 3944/3921/3228 3955/3933/3240
f 3956/3924/3231 3957/3934/3241 3950/3931/3238
f 3956/3924/3231 3950/3931/3238 3949/3930/3237
f 3958/3935/3242 3951/3932/3239 3955/3933/3240
f 3958/3935/3242 3955/3933/3240 3959/3936/3243
f 3956/3924/3231 3960/3923/3230 3957/3934/3241
f 3961/3937/3244 3958/3935/3242 3959/3936/3243
f 3916/3928/3235 3961/3937/3244 3959/3936/3243
f 3926/3908/3215 3927/3907/3214 3945/3922/3229
f 3962/3898/3205 3915/3897/3204 3932/3909/3216
f 3962/3898/3205 3932/3909/3216 3963/3911/3218
f 3916/3928/3235 3959/3936/3243 3917/3929/3236
f 3937/3912/3219 3964/3938/3245 3919/3893/3200
f 3937/3912/3219 3935/3914/3221 3964/3938/3245
f 3965/3939/3246 3866/3844/3151 3877/3858/3165
f 3965/3939/3246 3878/3940/3247 3866/3844/3151
f 3966/3941/3248 3879/3942/3249 3878/3940/3247
f 3966/3941/3248 3878/3940/3247 3965/3939/3246
f 3967/3943/3250 3968/3859/3166 3879/3942/3249
f 3967/3943/3250 3879/3942/3249 3966/3941/3248
f 3969/3944/3251 3862/3841/3148 3968/3859/3166
f 3969/3944/3251 3968/3859/3166 3967/3943/3250
f 3969/3944/3251 3854/3843/3150 3862/3841/3148
f 3970/3945/3252 3854/3843/3150 3969/3944/3251
f 3970/3945/3252 3855/3847/3154 3854/3843/3150
f 3968/3859/3166 3875/3860/3167 3972/3946/3253
f 3971/3947/3254 3864/3856/3163 3872/3948/3255
f 3866/3844/3151 3878/3940/3247 3867/3845/3152
f 3879/3942/3249 3968/3859/3166 3972/3946/3253
f 3879/3942/3249 3972/3946/3253 3880/3949/3256
f 3876/3857/3164 3866/3844/3151 3868/3846/3153
f 3874/3950/3257 3974/3951/3258 3859/3952/3259
f 3878/3940/3247 3879/3942/3249 3880/3949/3256
f 3873/3852/3159 3857/3953/3260 3860/3853/3160
f 3883/3862/3169 3871/3850/3157 3946/3863/3170
f 3908/3885/3192 3062/3954/3261 3871/3850/3157
f 3907/3955/3262 3894/3878/3185 3890/3956/3263
f 3885/3868/3175 3884/3867/3174 3912/3849/3156
f 3885/3868/3175 3912/3849/3156 3982/3957/3264
f 3904/3958/3265 3901/3883/3190 3905/3880/3187
f 3982/3957/3264 3912/3849/3156 3870/3848/3155
f 3977/3959/3266 3906/3960/3267 3976/3961/3268
f 3870/3848/3155 3871/3850/3157 3062/3954/3261
f 3907/3955/3262 3903/3962/3269 3894/3878/3185
f 3906/3960/3267 3900/3963/3270 3890/3956/3263
f 3906/3960/3267 3890/3956/3263 3976/3961/3268
f 3983/3964/3271 3984/3965/3272 3981/3966/3273
f 3913/3889/3196 3914/3891/3198 3912/3849/3156
f 3911/3888/3195 3897/3866/3173 3936/3967/3274
f 3985/3968/3275 3987/3969/3276 3986/3970/3277
f 3985/3968/3275 3910/3887/3194 3987/3969/3276
f 3910/3887/3194 3909/3886/3193 3987/3969/3276
f 3936/3967/3274 3897/3866/3173 3888/3871/3178
f 3911/3888/3195 3884/3867/3174 3897/3866/3173
f 3980/3971/3278 3983/3964/3271 3981/3966/3273
f 3990/3972/3279 3980/3971/3278 3981/3966/3273
f 3990/3972/3279 3981/3966/3273 3991/3973/3280
f 3992/3974/3281 3990/3972/3279 3991/3973/3280
f 3993/3975/3282 3992/3974/3281 3994/3976/3283
f 3995/3977/3284 3993/3975/3282 3994/3976/3283
f 3995/3977/3284 3994/3976/3283 3996/3978/3285
f 3997/3979/3286 3995/3977/3284 3996/3978/3285
f 3997/3979/3286 3996/3978/3285 3998/3980/3287
f 3989/3981/3288 3997/3979/3286 3998/3980/3287
f 3989/3981/3288 3998/3980/3287 3999/3982/3289
f 4001/3983/3290 3989/3981/3288 3999/3982/3289
f 4001/3983/3290 3999/3982/3289 4000/3984/3291
f 4001/3983/3290 4000/3984/3291 4002/3985/3292
f 3999/3982/3289 3998/3980/3287 4000/3984/3291
f 3998/3980/3287 4003/3986/3293 4000/3984/3291
f 3998/3980/3287 3996/3978/3285 4003/3986/3293
f 3996/3978/3285 3994/3976/3283 4004/3987/3294
f 3996/3978/3285 4004/3987/3294 4003/3986/3293
f 3994/3976/3283 3992/3974/3281 4004/3987/3294
f 3992/3974/3281 4005/3988/3295 4004/3987/3294
f 3992/3974/3281 3991/3973/3280 4005/3988/3295
f 3991/3973/3280 4006/3989/3296 4005/3988/3295
f 3991/3973/3280 3981/3966/3273 4006/3989/3296
f 3981/3966/3273 4007/3990/3297 4006/3989/3296
f 4008/3991/3298 4009/3992/3299 4010/3993/3300
f 3981/3966/3273 3984/3965/3272 4007/3990/3297
f 4011/3994/3301 4012/3995/3302 4013/3996/3303
f 4011/3994/3301 4013/3996/3303 4014/3997/3304
f 3939/3918/3225 3955/3933/3240 3944/3921/3228
f 4015/3998/3305 4024/3999/3306 3954/3901/3208
f 4015/3998/3305 3954/3901/3208 3917/3929/3236
f 4036/4000/3307 4016/4001/3308 4017/4002/3103
f 4036/4000/3307 4017/4002/3103 4018/4003/3103
f 4019/4004/3309 4015/3998/3305 3917/3929/3236
f 4019/4004/3309 3917/3929/3236 3959/3936/3243
f 4019/4004/3309 3959/3936/3243 3955/3933/3240
f 4020/4005/3310 4019/4004/3309 3955/3933/3240
f 4021/4006/3311 4020/4005/3310 3955/3933/3240
f 4021/4006/3311 3955/3933/3240 3939/3918/3225
f 4021/4006/3311 3939/3918/3225 3930/3917/3224
f 4022/4007/3312 4021/4006/3311 3930/3917/3224
f 4024/3999/3306 4023/4008/3313 3928/3904/3211
f 4024/3999/3306 3928/3904/3211 3924/3902/3209
f 4024/3999/3306 3924/3902/3209 3954/3901/3208
f 4026/4009/3314 4032/4010/3315 4027/4011/3316
f 4026/4009/3314 4025/4012/3317 4032/4010/3315
f 4028/4013/3318 4029/4014/3319 4025/4012/3317
f 4016/4001/3308 4030/4015/3103 4017/4002/3103
f 4031/4016/3320 4029/4014/3319 4028/4013/3318
f 4016/4001/3308 4032/4010/3315 4030/4015/3103
f 4032/4010/3315 4035/4017/3103 4030/4015/3103
f 4033/4018/3321 4036/4000/3307 4034/4019/3322
f 4037/4020/3323 4036/4000/3307 4033/4018/3321
f 4032/4010/3315 4039/4021/3103 4035/4017/3103
f 4025/4012/3317 4040/4022/3324 4038/4023/3325
f 4041/4024/3326 4036/4000/3307 4037/4020/3323
f 4041/4024/3326 4037/4020/3323 4042/4025/3327
f 4036/4000/3307 4018/4003/3103 4043/4026/3103
f 4027/4011/3316 4032/4010/3315 4042/4025/3327
f 4036/4000/3307 4043/4026/3103 4044/4027/3103
f 4042/4025/3327 4032/4010/3315 4016/4001/3308
f 4042/4025/3327 4016/4001/3308 4041/4024/3326
f 4034/4019/3322 4036/4000/3307 4044/4027/3103
f 4029/4014/3319 4045/4028/3103 4046/4029/3328
f 4041/4024/3326 4016/4001/3308 4036/4000/3307
f 4025/4012/3317 4029/4014/3319 4046/4029/3328
f 4025/4012/3317 4046/4029/3328 4040/4022/3324
f 4032/4010/3315 4025/4012/3317 4038/4023/3325
f 4032/4010/3315 4038/4023/3325 4039/4021/3103
f 4026/4009/3314 4047/4030/3329 4028/4013/3318
f 4026/4009/3314 4048/4031/3330 4047/4030/3329
f 4027/4011/3316 4048/4031/3330 4026/4009/3314
f 4027/4011/3316 4049/4032/3331 4048/4031/3330
f 4027/4011/3316 4050/4033/3332 4049/4032/3331
f 4042/4025/3327 4051/4034/3333 4050/4033/3332
f 4042/4025/3327 4050/4033/3332 4027/4011/3316
f 4037/4020/3323 4052/4035/3334 4051/4034/3333
f 4037/4020/3323 4051/4034/3333 4042/4025/3327
f 4037/4020/3323 4053/4036/3335 4052/4035/3334
f 4037/4020/3323 4054/4037/3336 4053/4036/3335
f 4033/4018/3321 4054/4037/3336 4037/4020/3323
f 4033/4018/3321 4055/4038/3337 4054/4037/3336
f 4031/4016/3320 4056/4039/3338 4057/4040/3339
f 4028/4013/3318 4056/4039/3338 4031/4016/3320
f 4028/4013/3318 4058/4041/3340 4056/4039/3338
f 4028/4013/3318 4047/4030/3329 4058/4041/3340
f 4013/3996/3303 3063/3058/3341 4014/3997/3304
f 4063/4042/3342 4064/4043/3343 4062/4044/3344
f 4063/4042/3342 4062/4044/3344 4061/4045/3345
f 4059/4046/3346 4067/4047/3347 4060/4048/3348
f 4068/4049/3349 4067/4047/3347 4059/4046/3346
f 4069/4050/3350 4070/4051/3351 4067/4047/3347
f 4069/4050/3350 4067/4047/3347 4068/4049/3349
f 4069/4050/3350 4071/4052/3352 4070/4051/3351
f 4072/4053/3353 4073/4054/3354 4071/4052/3352
f 4072/4053/3353 4071/4052/3352 4069/4050/3350
f 4074/4055/3355 4075/4056/3356 4073/4054/3354
f 4074/4055/3355 4073/4054/3354 4072/4053/3353
f 4076/4057/3357 4077/4058/3358 4075/4056/3356
f 4076/4057/3357 4075/4056/3356 4074/4055/3355
f 4008/3991/3298 4010/3993/3300 4077/4058/3358
f 4008/3991/3298 4077/4058/3358 4076/4057/3357
f 4078/4059/3359 4009/3992/3299 4008/3991/3298
f 4078/4059/3359 4081/4060/3360 4009/3992/3299
f 4082/4061/3361 4081/4060/3360 4078/4059/3359
f 4085/4062/3362 4086/4063/3363 4084/4064/3364
f 4085/4062/3362 4084/4064/3364 4083/4065/3365
f 4079/4066/3366 4080/4067/3367 4086/4063/3363
f 4079/4066/3366 4086/4063/3363 4085/4062/3362
f 4061/4045/3345 4087/4068/3368 4088/4069/3369
f 4079/4066/3366 4089/4070/3370 4080/4067/3367
f 4061/4045/3345 4062/4044/3344 4087/4068/3368
f 4090/4071/3371 4089/4070/3370 4079/4066/3366
f 4083/4065/3365 4084/4064/3364 4092/4072/3372
f 4083/4065/3365 4092/4072/3372 4091/4073/3373
f 4059/4046/3346 4060/4048/3348 3065/3060/2661
f 4064/4043/3343 4063/4042/3342 4091/4073/3373
f 4064/4043/3343 4091/4073/3373 4092/4072/3372
f 4097/4074/3374 4098/4075/3375 4100/4076/3376
f 4013/3996/3303 4012/3995/3302 4099/4077/3377
f 4059/4046/3346 3065/3060/2661 4094/4078/3378
f 4068/4049/3349 4059/4046/3346 4102/4079/3379
f 4076/4057/3357 4074/4055/3355 4103/4080/3380
f 4104/4081/3381 4113/4082/3382 4105/4083/3383
f 4254/4084/3384 4110/4085/3385 4096/4086/3386
f 4254/4084/3384 4096/4086/3386 4095/4087/3387
f 4101/4088/3388 4106/4089/3389 4100/4076/3376
f 4108/4090/3390 4098/4075/3375 4109/4091/3391
f 4114/4092/3392 4105/4083/3383 4115/4093/3393
f 4025/4012/3317 4026/4009/3314 4028/4013/3318
f 4119/4094/3394 3975/4095/3395 4137/4096/3396
f 4120/4097/3397 4119/4094/3394 4137/4096/3396
f 4121/4098/3398 3872/3948/3255 4138/4099/3399
f 4121/4098/3398 3856/4100/3400 3872/3948/3255
f 4120/4097/3397 4122/4101/3401 4119/4094/3394
f 4120/4097/3397 4123/4102/3402 4122/4101/3401
f 4121/4098/3398 3857/3953/3260 3856/4100/3400
f 4124/4103/3403 3857/3953/3260 4121/4098/3398
f 4120/4097/3397 4126/4104/3404 4123/4102/3402
f 4126/4104/3404 4125/4105/3405 4123/4102/3402
f 4124/4103/3403 3860/3853/3160 3857/3953/3260
f 4127/4106/3406 3860/3853/3160 4124/4103/3403
f 4128/4107/3407 4125/4105/3405 4126/4104/3404
f 4129/4108/3408 3859/3952/3259 3974/3951/3258
f 4130/4109/3409 4128/4107/3407 4126/4104/3404
f 4126/4104/3404 4137/4096/3396 4130/4109/3409
f 4129/4108/3408 3858/4110/3410 3859/3952/3259
f 4137/4096/3396 4131/4111/3411 4130/4109/3409
f 4132/4112/3412 3858/4110/3410 4129/4108/3408
f 4137/4096/3396 4133/4113/3413 4131/4111/3411
f 4137/4096/3396 4134/4114/3414 4133/4113/3413
f 4135/4115/3415 3864/3856/3163 3973/3855/3162
f 4132/4112/3412 3973/3855/3162 3858/4110/3410
f 4137/4096/3396 4136/4116/3416 4134/4114/3414
f 4138/4099/3399 3864/3856/3163 4135/4115/3415
f 4135/4115/3415 3973/3855/3162 4132/4112/3412
f 3975/4095/3395 4136/4116/3416 4137/4096/3396
f 4137/4096/3396 4126/4104/3404 4120/4097/3397
f 4116/4117/3417 4140/4118/3418 4117/4119/3419
f 4139/4120/3420 3905/3880/3187 3902/3884/3191
f 4158/4121/3421 4140/4118/3418 4116/4117/3417
f 4140/4118/3418 4141/4122/3422 4117/4119/3419
f 4142/4123/3423 3905/3880/3187 4139/4120/3420
f 4140/4118/3418 4143/4124/3424 4141/4122/3422
f 4142/4123/3423 3896/3881/3188 3905/3880/3187
f 4146/4125/3425 4140/4118/3418 4158/4121/3421
f 4140/4118/3418 4146/4125/3425 4147/4126/3426
f 4140/4118/3418 4147/4126/3426 4143/4124/3424
f 4147/4126/3426 4145/4127/3427 4143/4124/3424
f 4148/4128/3428 3896/3881/3188 4142/4123/3423
f 4148/4128/3428 3979/3877/3184 3896/3881/3188
f 4147/4126/3426 4146/4125/3425 4149/4129/3429
f 4146/4125/3425 4151/4130/3430 4149/4129/3429
f 4152/4131/3431 3894/3878/3185 3979/3877/3184
f 4152/4131/3431 3979/3877/3184 4148/4128/3428
f 4154/4132/3432 4153/4133/3433 4151/4130/3430
f 4154/4132/3432 4151/4130/3430 4146/4125/3425
f 4150/4134/3434 4154/4132/3432 4146/4125/3425
f 4155/4135/3435 3894/3878/3185 4152/4131/3431
f 4155/4135/3435 3890/3956/3263 3894/3878/3185
f 4150/4134/3434 4157/4136/3436 4154/4132/3432
f 4157/4136/3436 4156/4137/3437 4154/4132/3432
f 3978/4138/3438 3976/3961/3268 4144/4139/3439
f 4144/4139/3439 3976/3961/3268 3890/3956/3263
f 4144/4139/3439 3890/3956/3263 4155/4135/3435
f 4158/4121/3421 4160/4140/3440 4157/4136/3436
f 4157/4136/3436 4160/4140/3440 4159/4141/3441
f 4158/4121/3421 4157/4136/3436 4150/4134/3434
f 4116/4117/3417 4160/4140/3440 4158/4121/3421
f 4150/4134/3434 4146/4125/3425 4158/4121/3421
f 4163/4142/3442 4164/4143/3443 4165/4144/3444
f 4163/4142/3442 4165/4144/3444 4174/4145/3445
f 4166/4146/3446 4161/4147/3447 4167/4148/3448
f 4162/4149/3449 4161/4147/3447 4166/4146/3446
f 4169/4150/3450 4170/4151/3451 4171/4152/3452
f 4165/4144/3444 4258/4153/3453 4257/4154/3454
f 4165/4144/3444 4257/4154/3454 4174/4145/3445
f 4175/4155/3455 4176/4156/3456 4177/4157/3344
f 4175/4155/3455 4177/4157/3344 4178/4158/3345
f 4169/4150/3450 4181/4159/3457 4170/4151/3451
f 4182/4160/3458 4181/4159/3457 4169/4150/3450
f 4183/4161/3459 4184/4162/3460 4181/4159/3457
f 4183/4161/3459 4181/4159/3457 4182/4160/3458
f 4183/4161/3459 4185/4163/3461 4184/4162/3460
f 4186/4164/3462 4187/4165/3463 4185/4163/3461
f 4186/4164/3462 4185/4163/3461 4183/4161/3459
f 4188/4166/3464 4189/4167/3465 4187/4165/3463
f 4188/4166/3464 4187/4165/3463 4186/4164/3462
f 4190/4168/3466 4191/4169/3467 4189/4167/3465
f 4190/4168/3466 4189/4167/3465 4188/4166/3464
f 4192/4170/3468 4193/4171/3469 4191/4169/3467
f 4192/4170/3468 4191/4169/3467 4190/4168/3466
f 4194/4172/3470 4195/4173/3471 4192/4170/3468
f 4242/4174/3472 4196/4175/3473 4197/4176/3474
f 4242/4174/3472 4197/4176/3474 4198/4177/3475
f 4194/4172/3470 4199/4178/3476 4195/4173/3471
f 4200/4179/3477 4199/4178/3476 4194/4172/3470
f 4203/4180/3478 4204/4181/3479 4205/4182/3480
f 4203/4180/3478 4205/4182/3480 4206/4183/3481
f 4206/4183/3481 4205/4182/3480 4196/4175/3473
f 4206/4183/3481 4196/4175/3473 4242/4174/3472
f 4207/4184/3362 4208/4185/3363 4202/4186/3364
f 4207/4184/3362 4202/4186/3364 4201/4187/3365
f 4235/4188/3482 4168/4189/3483 4173/4190/3484
f 4235/4188/3482 4173/4190/3484 4172/4191/3485
f 4198/4177/3475 4197/4176/3474 4211/4192/3486
f 4250/4193/3487 4213/4194/3488 4214/4195/3489
f 4198/4177/3475 4211/4192/3486 4215/4196/3490
f 4209/4197/3366 4210/4198/3367 4208/4185/3363
f 4209/4197/3366 4208/4185/3363 4207/4184/3362
f 4216/4199/3491 4217/4200/3492 4218/4201/3493
f 4216/4199/3491 4218/4201/3493 4171/4152/3452
f 4219/4202/3494 4220/4203/3495 4221/4204/3496
f 4178/4158/3345 4222/4205/3368 4223/4206/3369
f 4221/4204/3496 4220/4203/3495 4224/4207/3497
f 4209/4197/3366 4225/4208/3370 4210/4198/3367
f 4178/4158/3345 4177/4157/3344 4222/4205/3368
f 4226/4209/3371 4225/4208/3370 4209/4197/3366
f 4221/4204/3496 4224/4207/3497 4227/4210/3498
f 4227/4210/3498 4224/4207/3497 4229/4211/3499
f 4219/4202/3494 4232/4212/3500 4220/4203/3495
f 4227/4210/3498 4229/4211/3499 4233/4213/3501
f 4227/4210/3498 4233/4213/3501 4241/4214/3502
f 4241/4214/3502 4233/4213/3501 4234/4215/3503
f 4241/4214/3502 4234/4215/3503 4203/4180/3478
f 4201/4187/3365 4202/4186/3364 4230/4216/3504
f 4201/4187/3365 4230/4216/3504 4231/4217/3373
f 4203/4180/3478 4234/4215/3503 4204/4181/3479
f 4176/4156/3456 4175/4155/3455 4231/4217/3373
f 4176/4156/3456 4231/4217/3373 4230/4216/3504
f 4192/4170/3468 4195/4173/3471 4193/4171/3469
f 4162/4149/3449 4166/4146/3446 4228/4218/3505
f 4167/4148/3448 4212/4219/3506 4166/4146/3446
f 4182/4160/3458 4169/4150/3450 4237/4220/3507
f 4190/4168/3466 4188/4166/3464 4238/4221/3508
f 4239/4222/3509 4242/4174/3472 4198/4177/3475
f 4235/4188/3482 4236/4223/3510 4168/4189/3483
f 4240/4224/3511 4219/4202/3494 4221/4204/3496
f 4243/4225/3512 4244/4226/3513 4105/4083/3383
f 4243/4225/3512 4105/4083/3383 4113/4082/3382
f 4245/4227/3514 4095/4087/3387 4096/4086/3386
f 4246/4228/3515 4245/4227/3514 4096/4086/3386
f 4246/4228/3515 4096/4086/3386 4109/4091/3391
f 4247/4229/3516 4246/4228/3515 4109/4091/3391
f 4247/4229/3516 4109/4091/3391 4098/4075/3375
f 4097/4074/3374 4247/4229/3516 4098/4075/3375
f 4107/4230/3517 4100/4076/3376 4106/4089/3389
f 4107/4230/3517 4097/4074/3374 4100/4076/3376
f 4248/4231/3518 4107/4230/3517 4106/4089/3389
f 4118/4232/3519 4248/4231/3518 4106/4089/3389
f 4249/4233/3520 4115/4093/3393 4105/4083/3383
f 4244/4226/3513 4249/4233/3520 4105/4083/3383
f 4243/4225/3512 4113/4082/3382 4112/4234/3521
f 4252/4235/3522 4243/4225/3512 4112/4234/3521
f 4253/4236/3523 4252/4235/3522 4112/4234/3521
f 4253/4236/3523 4112/4234/3521 4111/4237/3524
f 4254/4084/3384 4253/4236/3523 4111/4237/3524
f 4254/4084/3384 4111/4237/3524 4110/4085/3385
f 4256/4238/3525 4260/4239/3526 4255/4240/3527
f 4256/4238/3525 4255/4240/3527 4257/4154/3454
f 4258/4153/3453 4256/4238/3525 4257/4154/3454
f 4169/4150/3450 4171/4152/3452 4218/4201/3493
f 4250/4193/3487 4251/4241/3528 4213/4194/3488
f 4259/4242/3529 4251/4241/3528 4250/4193/3487
f 4259/4242/3529 4260/4239/3526 4251/4241/3528
f 4255/4240/3527 4260/4239/3526 4259/4242/3529
f 4162/4149/3530 4216/4199/3491 4171/4152/3452
f 4180/4243/3531 4173/4244/3532 4232/4212/3500
f 4180/4243/3531 4232/4212/3500 4219/4202/3494
f 4179/4245/3533 4180/4243/3531 4219/4202/3494
f 4138/4099/3399 3872/3948/3255 3864/3856/3163
f 4139/4120/3420 3902/3884/3191 4261/4246/3534
f 4262/4247/3112 4263/4248/3112 4264/4249/3112
f 4262/4247/3112 4264/4249/3112 4265/4250/3112
f 4266/4251/3535 4267/4252/3536 4268/4253/3537
f 4266/4251/3535 4268/4253/3537 4269/4254/3538
f 4270/4255/3103 4271/4256/3103 4272/4257/3103
f 4270/4255/3103 4272/4257/3103 4273/4258/3103
f 4274/4259/3539 4275/4260/3540 4276/4261/3541
f 4274/4259/3539 4276/4261/3541 4277/4262/3542
f 4271/4256/3103 4270/4255/3103 4278/4263/3103
f 4265/4250/3112 4264/4249/3112 4279/4264/3112
f 4271/4256/3103 4278/4263/3103 4280/4265/3103
f 4271/4256/3103 4280/4265/3103 4281/4266/3103
f 4275/4260/3540 4274/4259/3539 4282/4267/3543
f 4275/4260/3540 4282/4267/3543 4283/4268/3544
f 4279/4264/3112 4264/4249/3112 4284/4269/3112
f 4279/4264/3112 4284/4269/3112 4285/4270/3112
f 4287/4271/3545 4297/4272/3546 4288/4273/3547
f 4286/4274/3548 4295/4275/3549 4289/4276/3550
f 4293/4277/3551 4287/4271/3545 4288/4273/3547
f 4290/4278/3552 4292/4279/3553 4291/4280/3554
f 4293/4277/3551 4288/4273/3547 4294/4281/3555
f 4290/4278/3552 4291/4280/3554 4295/4275/3549
f 4296/4282/3556 4286/4274/3548 4289/4276/3550
f 4296/4282/3556 4289/4276/3550 4297/4272/3546
f 4286/4274/3548 4290/4278/3552 4295/4275/3549
f 4300/4283/3557 4298/4284/2662 4299/4285/2662
f 4300/4283/3557 4299/4285/2662 4301/4286/2662
f 4300/4283/3557 4304/4287/3558 4298/4284/2662
f 4304/4287/3558 4305/4288/2662 4298/4284/2662
f 4308/4289/3559 4318/4290/3560 4309/4291/3561
f 4306/4292/3562 4311/4293/3563 4312/4294/3564
f 4306/4292/3562 4312/4294/3564 4313/4295/3565
f 4302/4296/3566 4315/4297/3567 4316/4298/3568
f 4310/4299/3569 4300/4283/3557 4308/4289/3559
f 4311/4293/3563 4306/4292/3562 4314/4300/3570
f 4300/4283/3557 4301/4286/2662 4318/4290/3560
f 4308/4289/3559 4300/4283/3557 4318/4290/3560
f 4307/4301/3571 4304/4287/3558 4319/4302/3572
f 4306/4292/3562 4313/4295/3565 4320/4303/3573
f 4304/4287/3558 4316/4298/3568 4305/4288/2662
f 4319/4302/3572 4304/4287/3558 4300/4283/3557
f 4306/4292/3562 4320/4303/3573 4321/4304/3574
f 4319/4302/3572 4300/4283/3557 4317/4305/3575
f 4303/4306/3576 4306/4292/3562 4321/4304/3574
f 4317/4305/3575 4322/4307/3577 4319/4302/3572
f 4303/4306/3576 4321/4304/3574 4323/4308/3578
f 4303/4306/3576 4323/4308/3578 4315/4297/3567
f 4307/4301/3571 4302/4296/3566 4304/4287/3558
f 4302/4296/3566 4303/4306/3576 4315/4297/3567
f 4317/4305/3575 4300/4283/3557 4310/4299/3569
f 4314/4300/3570 4306/4292/3562 4325/4309/3579
f 4306/4292/3562 4303/4306/3576 4326/4310/3580
f 4306/4292/3562 4326/4310/3580 4325/4309/3579
f 4303/4306/3576 4327/4311/3581 4326/4310/3580
f 4303/4306/3576 4302/4296/3566 4327/4311/3581
f 4302/4296/3566 4324/4312/3582 4327/4311/3581
f 4302/4296/3566 4307/4301/3571 4324/4312/3582
f 4310/4299/3569 4308/4289/3559 4328/4313/3583
f 4317/4305/3575 4329/4314/3584 4322/4307/3577
f 4317/4305/3575 4310/4299/3569 4329/4314/3584
f 4287/4271/3545 4296/4282/3556 4297/4272/3546
f 4316/4298/3568 4304/4287/3558 4302/4296/3566
f 4333/4315/3585 4334/4316/3586 4335/4317/3587
f 4338/4318/3588 4339/4319/3589 4340/4320/3590
f 3072/4321/2797 4344/4322/2797 3071/4323/2797
f 4341/4324/3591 4345/4325/3592 4342/4326/3593
f 4345/4325/3592 4341/4324/3591 4346/4327/3594
f 4345/4325/3592 4346/4327/3594 4347/4328/3595
f 4354/4329/3596 4352/4330/3597 4355/4331/3598
f 4352/4330/3597 4354/4329/3596 4353/4332/3599
f 4334/4316/3586 4342/4326/3593 4335/4317/3587
f 4341/4324/3591 4342/4326/3593 4334/4316/3586
f 4339/4319/3589 4354/4329/3596 4355/4331/3598
f 4339/4319/3589 4338/4318/3588 4354/4329/3596
f 4348/4333/3600 4356/4334/3601 4357/4335/3602
f 4348/4333/3600 4357/4335/3602 4349/4336/3603
f 4359/4337/2797 4358/4338/3604 3068/4339/2797
f 4359/4337/2797 3068/4339/2797 3069/4340/2797
f 4360/4341/2797 4361/4342/2797 3069/4340/2797
f 4360/4341/2797 3069/4340/2797 4344/4322/2797
f 4370/4343/3605 4369/4344/3606 4362/4345/3607
f 4370/4343/3605 4362/4345/3607 4363/4346/3608
f 4358/4338/3604 4359/4337/2797 4364/4347/2797
f 4358/4338/3604 4364/4347/2797 4332/4348/3609
f 4344/4322/2797 3069/4340/2797 3068/4339/2797
f 4344/4322/2797 3068/4339/2797 3071/4323/2797
f 4351/4349/3610 4350/4350/3611 4365/4351/3612
f 4351/4349/3610 4365/4351/3612 4366/4352/3613
f 4365/4351/3612 4348/4333/3600 4349/4336/3603
f 4365/4351/3612 4349/4336/3603 4366/4352/3613
f 3067/3061/2662 4343/4353/2662 3070/3062/2662
f 4334/4316/3586 4333/4315/3585 4367/4354/3614
f 4334/4316/3586 4367/4354/3614 4368/4355/3615
f 4332/4348/3609 4364/4347/2797 3072/4321/2797
f 4332/4348/3609 3072/4321/2797 3071/4323/2797
f 4374/4356/3616 4375/4357/3617 4371/4358/3618
f 4374/4356/3616 4376/4359/3619 4377/4360/3620
f 4374/4356/3616 4377/4360/3620 4375/4357/3617
f 4380/4361/3621 4378/4362/3622 4379/4363/3623
f 4380/4361/3621 4379/4363/3623 4381/4364/3624
f 4382/4365/3625 4380/4361/3621 4381/4364/3624
f 4382/4365/3625 4381/4364/3624 4383/4366/3626
f 4369/4344/3606 4370/4343/3605 4372/4367/3627
f 4369/4344/3606 4372/4367/3627 4373/4368/3628
f 4384/4369/3629 4382/4365/3625 4383/4366/3626
f 4378/4362/3622 4385/4370/3630 4379/4363/3623
f 4375/4357/3617 4386/4371/3631 4371/4358/3618
f 4391/4372/3632 4393/4373/3633 4387/4374/3634
f 4392/4375/3635 4396/4376/3636 4391/4372/3632
f 4395/4377/3637 4389/4378/3638 4388/4379/3639
f 4395/4377/3637 4388/4379/3639 4390/4380/3640
f 4391/4372/3632 4396/4376/3636 4398/4381/3641
f 4391/4372/3632 4398/4381/3641 4393/4373/3633
f 4352/4330/3597 4353/4332/3599 4399/4382/3642
f 4352/4330/3597 4399/4382/3642 4400/4383/3643
f 4401/4384/3644 4402/4385/3645 4337/4386/3646
f 4401/4384/3644 4337/4386/3646 4336/4387/3647
f 4406/4388/3648 4407/4389/3649 4408/4390/3650
f 4406/4388/3648 4408/4390/3650 4409/4391/3651
f 4412/4392/3652 4414/4393/3653 4415/4394/3654
f 4412/4392/3652 4415/4394/3654 4413/4395/3655
f 4416/4396/3656 4403/4397/3657 4417/4398/3658
f 4418/4399/3659 4416/4396/3656 4419/4400/3660
f 4405/4401/3661 4424/4402/3662 4425/4403/3663
f 4403/4397/3657 4404/4404/3664 4417/4398/3658
f 4411/4405/3665 4469/4406/3666 4434/4407/3667
f 4411/4405/3665 4434/4407/3667 4410/4408/3668
f 4403/4397/3657 4420/4409/3669 4421/4410/3670
f 4403/4397/3657 4421/4410/3670 4404/4404/3664
f 4426/4411/2801 4427/4412/2801 4428/4413/2801
f 4426/4411/2801 4428/4413/2801 4429/4414/2801
f 4424/4402/3662 4418/4399/3659 4419/4400/3660
f 4424/4402/3662 4419/4400/3660 4425/4403/3663
f 4420/4409/3669 4423/4415/3671 4421/4410/3670
f 4439/4416/3075 4440/4417/3075 4441/4418/3075
f 4416/4396/3656 4418/4399/3659 4443/4419/3672
f 4405/4401/3661 4422/4420/3673 4444/4421/3674
f 4405/4401/3661 4444/4421/3674 4445/4422/3675
f 4445/4422/3675 4424/4402/3662 4405/4401/3661
f 4417/4398/3658 4446/4423/3676 4416/4396/3656
f 4446/4423/3676 4419/4400/3660 4416/4396/3656
f 4422/4420/3673 4405/4401/3661 4447/4424/3677
f 4448/4425/3678 4454/4426/3679 4453/4427/3680
f 4448/4425/3678 4453/4427/3680 4449/4428/3681
f 4450/4429/3682 4451/4430/3683 4468/4431/3684
f 4450/4429/3682 4468/4431/3684 4452/4432/3685
f 4453/4427/3680 4454/4426/3679 4468/4431/3684
f 4453/4427/3680 4468/4431/3684 4451/4430/3683
f 4457/4433/3112 4458/4434/3112 4459/4435/3112
f 4455/4436/3112 4473/4437/3112 4460/4438/3112
f 4439/4416/3075 4441/4418/3075 4461/4439/3075
f 4439/4416/3075 4461/4439/3075 4462/4440/3075
f 4428/4413/2801 4427/4412/2801 4463/4441/2801
f 4459/4435/3112 4455/4436/3112 4460/4438/3112
f 4459/4435/3112 4460/4438/3112 4464/4442/3112
f 4457/4433/3112 4459/4435/3112 4464/4442/3112
f 4428/4413/2801 4463/4441/2801 4466/4443/2801
f 4428/4413/2801 4466/4443/2801 4467/4444/2801
f 4408/4390/3650 4407/4389/3649 4442/4445/3686
f 4456/4446/3112 4458/4434/3112 4457/4433/3112
f 4456/4446/3112 4457/4433/3112 4473/4437/3112
f 4455/4436/3112 4456/4446/3112 4473/4437/3112
f 4470/4447/3687 4471/4448/3688 4407/4389/3649
f 4470/4447/3687 4407/4389/3649 4406/4388/3648
f 4433/4449/3689 4432/4450/3690 4438/4451/3691
f 4433/4449/3689 4438/4451/3691 4437/4452/3692
f 4475/4453/3693 4465/4454/3694 3074/4455/3695
f 4475/4453/3693 3074/4455/3695 3075/4456/3696
f 4415/4394/3654 4414/4393/3653 4411/4405/3665
f 4415/4394/3654 4411/4405/3665 4410/4408/3668
f 4430/4457/3689 4431/4458/3690 4436/4459/3691
f 4430/4457/3689 4436/4459/3691 4435/4460/3692
f 4470/4447/3687 4477/4461/3697 4478/4462/2797
f 4470/4447/3687 4478/4462/2797 4471/4448/3688
f 3076/4463/3698 4472/4464/3699 4474/4465/3700
f 4476/4466/3701 4472/4464/3699 3076/4463/3698
f 4478/4462/2797 4479/4467/3702 4480/4468/3703
f 4481/4469/3704 4482/4470/3705 4483/4471/3706
f 4483/4471/3706 4482/4470/3705 4484/4472/3707
f 4483/4471/3706 4484/4472/3707 4485/4473/3708
f 4485/4473/3708 4484/4472/3707 4486/4474/3709
f 4485/4473/3708 4486/4474/3709 4487/4475/3710
f 4487/4475/3710 4486/4474/3709 4488/4476/3711
f 4489/4477/3712 4490/4478/3713 4491/4479/3714
f 4487/4475/3710 4488/4476/3711 4492/4480/3715
f 4492/4480/3715 4488/4476/3711 4493/4481/3716
f 4496/4482/3712 4497/4483/3717 4498/4484/3718
f 4496/4482/3712 4498/4484/3718 4499/4485/3719
f 4500/4486/3720 4501/4487/3721 4502/4488/3714
f 4503/4489/3714 4504/4490/3714 4505/4491/3714
f 4503/4489/3714 4505/4491/3714 4506/4492/3714
f 4507/4493/3722 4494/4494/3723 4495/4495/3724
f 4507/4493/3722 4495/4495/3724 4508/4496/3725
f 4509/4497/3726 4510/4498/3727 4511/4499/3728
f 4501/4487/3721 4512/4500/3729 4502/4488/3714
f 4513/4501/3730 4507/4493/3722 4508/4496/3725
f 4514/4502/3731 4509/4497/3726 4511/4499/3728
f 4490/4478/3713 4526/4503/3720 4491/4479/3714
f 4513/4501/3730 4508/4496/3725 4515/4504/3732
f 4504/4490/3714 4496/4482/3712 4505/4491/3714
f 4516/4505/3733 4524/4506/3734 4517/4507/3735
f 4520/4508/3736 4508/4496/3725 4495/4495/3724
f 4520/4508/3736 4515/4504/3732 4508/4496/3725
f 4510/4498/3727 4519/4509/3737 4511/4499/3728
f 4522/4510/3738 4521/4511/3739 4518/4512/3740
f 4519/4509/3737 4522/4510/3738 4518/4512/3740
f 4521/4511/3739 4520/4508/3736 4495/4495/3724
f 4521/4511/3739 4495/4495/3724 4518/4512/3740
f 4519/4509/3737 4518/4512/3740 4511/4499/3728
f 4500/4486/3720 4502/4488/3714 4523/4513/3741
f 4489/4477/3712 4491/4479/3714 4524/4506/3734
f 4494/4494/3723 4525/4514/3742 4518/4512/3740
f 4494/4494/3723 4518/4512/3740 4495/4495/3724
f 4503/4489/3714 4506/4492/3714 4512/4500/3729
f 4500/4486/3720 4523/4513/3741 4526/4503/3720
f 4525/4514/3742 4527/4515/3743 4518/4512/3740
f 4501/4487/3721 4503/4489/3714 4512/4500/3729
f 4490/4478/3713 4500/4486/3720 4526/4503/3720
f 4516/4505/3733 4489/4477/3712 4524/4506/3734
f 4496/4482/3712 4499/4485/3719 4505/4491/3714
f 4527/4515/3743 4514/4502/3731 4518/4512/3740
f 4514/4502/3731 4511/4499/3728 4518/4512/3740
f 4529/4516/3744 4530/4517/3745 4531/4518/3746
f 4529/4516/3744 4531/4518/3746 4532/4519/3747
f 4534/4520/3748 4536/4521/3749 4537/4522/3750
f 4534/4520/3748 4538/4523/3751 4535/4524/3752
f 4540/4525/3753 4541/4526/3754 4542/4527/3755
f 4543/4528/3756 4544/4529/3757 4556/4530/3758
f 4544/4529/3757 4543/4528/3756 4546/4531/3759
f 4546/4531/3759 4543/4528/3756 4545/4532/3760
f 4546/4531/3759 4545/4532/3760 4547/4533/3761
f 4547/4533/3761 4545/4532/3760 4548/4534/3762
f 4547/4533/3761 4548/4534/3762 4535/4524/3752
f 4549/4535/3763 4528/4536/3764 4547/4533/3761
f 4551/4537/3765 4528/4536/3764 4668/4538/3766
f 4547/4533/3761 4528/4536/3764 4546/4531/3759
f 4551/4537/3765 4546/4531/3759 4528/4536/3764
f 4546/4531/3759 4551/4537/3765 4544/4529/3757
f 4552/4539/3767 4553/4540/3768 4554/4541/3769
f 4531/4518/3746 4530/4517/3745 4551/4537/3765
f 4531/4518/3746 4551/4537/3765 4552/4539/3767
f 4531/4518/3746 4552/4539/3767 4555/4542/3770
f 4556/4530/3758 4544/4529/3757 4551/4537/3765
f 4556/4530/3758 4551/4537/3765 4530/4517/3745
f 4556/4530/3758 4530/4517/3745 4533/4543/3771
f 4556/4530/3758 4533/4543/3771 4557/4544/3772
f 4557/4544/3772 4533/4543/3771 4558/4545/3773
f 4533/4543/3771 4704/4546/3774 4559/4547/3775
f 4559/4547/3775 4704/4546/3774 4560/4548/3776
f 4560/4548/3776 4703/4549/3777 4614/4550/3778
f 4614/4550/3778 4703/4549/3777 4561/4551/3779
f 4563/4552/3780 4564/4553/3781 4562/4554/3782
f 4563/4552/3780 4687/4555/3783 4565/4556/3784
f 4563/4552/3780 4565/4556/3784 4564/4553/3781
f 4567/4557/3785 4566/4558/3786 4691/4559/3787
f 4567/4557/3785 4691/4559/3787 4568/4560/3788
f 4568/4560/3788 4570/4561/3789 4569/4562/3790
f 4570/4561/3789 4568/4560/3788 4571/4563/3791
f 4572/4564/3792 4570/4561/3789 4573/4565/3793
f 4572/4564/3792 4573/4565/3793 4574/4566/3794
f 4576/4567/3795 4577/4568/3796 4575/4569/3797
f 4576/4567/3795 4579/4570/3798 4578/4571/3799
f 4581/4572/3800 4580/4573/3801 4605/4574/3802
f 4584/4575/3803 4586/4576/3804 4580/4573/3801
f 4592/4577/3805 4589/4578/3806 4638/4579/3807
f 4591/4580/3808 4589/4578/3806 4592/4577/3805
f 4592/4577/3805 4593/4581/3809 4591/4580/3808
f 4596/4582/3810 4634/4583/3811 4597/4584/3812
f 4597/4584/3812 4635/4585/3813 4598/4586/3814
f 4602/4587/3815 4591/4580/3808 4593/4581/3809
f 4604/4588/3816 4586/4576/3804 4607/4589/3817
f 4606/4590/3818 4605/4574/3802 4580/4573/3801
f 4606/4590/3818 4580/4573/3801 4604/4588/3816
f 4585/4591/3819 4572/4564/3792 4608/4592/3820
f 4577/4568/3796 4576/4567/3795 4578/4571/3799
f 4609/4593/3821 4572/4564/3792 4585/4591/3819
f 4574/4566/3794 4575/4569/3797 4577/4568/3796
f 4608/4592/3820 4572/4564/3792 4574/4566/3794
f 4609/4593/3821 4610/4594/3822 4572/4564/3792
f 4610/4594/3822 4569/4562/3790 4570/4561/3789
f 4610/4594/3822 4570/4561/3789 4572/4564/3792
f 4569/4562/3790 4611/4595/3823 4568/4560/3788
f 4611/4595/3823 4567/4557/3785 4568/4560/3788
f 4567/4557/3785 4612/4596/3824 4566/4558/3786
f 4612/4596/3824 4565/4556/3784 4566/4558/3786
f 4612/4596/3824 4644/4597/3825 4564/4553/3781
f 4612/4596/3824 4564/4553/3781 4565/4556/3784
f 4614/4550/3778 4561/4551/3779 4613/4598/3826
f 4615/4599/3827 4560/4548/3776 4614/4550/3778
f 4615/4599/3827 4559/4547/3775 4560/4548/3776
f 4559/4547/3775 4616/4600/3828 4558/4545/3773
f 4558/4545/3773 4533/4543/3771 4559/4547/3775
f 4558/4545/3773 4649/4601/3829 4557/4544/3772
f 4557/4544/3772 4543/4528/3756 4556/4530/3758
f 4557/4544/3772 4545/4532/3760 4543/4528/3756
f 4617/4602/3830 4534/4520/3748 4548/4534/3762
f 4617/4602/3830 4548/4534/3762 4660/4603/3831
f 4660/4603/3831 4548/4534/3762 4659/4604/3832
f 4648/4605/3833 4620/4606/3834 4619/4607/3835
f 4648/4605/3833 4621/4608/3836 4620/4606/3834
f 4621/4608/3836 4648/4605/3833 4647/4609/3837
f 4622/4610/3838 4624/4611/3839 4625/4612/3840
f 4622/4610/3838 4625/4612/3840 4623/4613/3841
f 4626/4614/3842 4627/4615/3843 4628/4616/3844
f 4643/4617/3845 4629/4618/3846 4641/4619/3847
f 4643/4617/3845 4641/4619/3847 4628/4616/3844
f 4629/4618/3846 4643/4617/3845 4630/4620/3848
f 4630/4620/3848 4631/4621/3849 4629/4618/3846
f 4631/4621/3849 4632/4622/3850 4639/4623/3851
f 4580/4573/3801 4698/4624/3852 4584/4575/3803
f 4608/4592/3820 4637/4625/3853 4585/4591/3819
f 4578/4571/3799 4634/4583/3811 4633/4626/3854
f 4633/4626/3854 4608/4592/3820 4578/4571/3799
f 4598/4586/3814 4635/4585/3813 4606/4590/3818
f 4604/4588/3816 4607/4589/3817 4636/4627/3855
f 4607/4589/3817 4599/4628/3856 4636/4627/3855
f 4600/4629/3857 4603/4630/3858 4601/4631/3859
f 4603/4630/3858 4590/4632/3860 4601/4631/3859
f 4590/4632/3860 4602/4587/3815 4601/4631/3859
f 4590/4632/3860 4603/4630/3858 4588/4633/3861
f 4635/4585/3813 4605/4574/3802 4606/4590/3818
f 4634/4583/3811 4635/4585/3813 4597/4584/3812
f 4635/4585/3813 4579/4570/3798 4605/4574/3802
f 4582/4634/3862 4610/4594/3822 4609/4593/3821
f 4582/4634/3862 4609/4593/3821 4585/4591/3819
f 4610/4594/3822 4582/4634/3862 4583/4635/3863
f 4581/4572/3800 4605/4574/3802 4579/4570/3798
f 4581/4572/3800 4579/4570/3798 4576/4567/3795
f 4640/4636/3864 4641/4619/3847 4700/4637/3865
f 4610/4594/3822 4632/4622/3850 4642/4638/3866
f 4642/4638/3866 4611/4595/3823 4569/4562/3790
f 4642/4638/3866 4569/4562/3790 4610/4594/3822
f 4611/4595/3823 4642/4638/3866 4630/4620/3848
f 4567/4557/3785 4611/4595/3823 4643/4617/3845
f 4567/4557/3785 4643/4617/3845 4612/4596/3824
f 4612/4596/3824 4643/4617/3845 4644/4597/3825
f 4564/4553/3781 4644/4597/3825 4645/4639/3867
f 4645/4639/3867 4562/4554/3782 4564/4553/3781
f 4614/4550/3778 4613/4598/3826 4646/4640/3868
f 4614/4550/3778 4647/4609/3837 4615/4599/3827
f 4615/4599/3827 4647/4609/3837 4648/4605/3833
f 4615/4599/3827 4619/4607/3835 4616/4600/3828
f 4616/4600/3828 4559/4547/3775 4615/4599/3827
f 4616/4600/3828 4649/4601/3829 4558/4545/3773
f 4649/4601/3829 4650/4641/3869 4545/4532/3760
f 4649/4601/3829 4545/4532/3760 4557/4544/3772
f 4650/4641/3869 4548/4534/3762 4545/4532/3760
f 4650/4641/3869 4659/4604/3832 4548/4534/3762
f 4650/4641/3869 4618/4642/3870 4659/4604/3832
f 4650/4641/3869 4649/4601/3829 4618/4642/3870
f 4649/4601/3829 4657/4643/3871 4618/4642/3870
f 4657/4643/3871 4649/4601/3829 4616/4600/3828
f 4657/4643/3871 4616/4600/3828 4619/4607/3835
f 4619/4607/3835 4615/4599/3827 4648/4605/3833
f 4647/4609/3837 4622/4610/3838 4621/4608/3836
f 4647/4609/3837 4614/4550/3778 4622/4610/3838
f 4622/4610/3838 4614/4550/3778 4646/4640/3868
f 4646/4640/3868 4624/4611/3839 4622/4610/3838
f 4645/4639/3867 4644/4597/3825 4627/4615/3843
f 4644/4597/3825 4628/4616/3844 4627/4615/3843
f 4628/4616/3844 4644/4597/3825 4643/4617/3845
f 4643/4617/3845 4611/4595/3823 4630/4620/3848
f 4642/4638/3866 4631/4621/3849 4630/4620/3848
f 4642/4638/3866 4632/4622/3850 4631/4621/3849
f 4632/4622/3850 4583/4635/3863 4639/4623/3851
f 4584/4575/3803 4698/4624/3852 4653/4644/3872
f 4577/4568/3796 4578/4571/3799 4608/4592/3820
f 4578/4571/3799 4579/4570/3798 4634/4583/3811
f 4637/4625/3853 4608/4592/3820 4633/4626/3854
f 4582/4634/3862 4638/4579/3807 4589/4578/3806
f 4591/4580/3808 4651/4645/3873 4582/4634/3862
f 4638/4579/3807 4582/4634/3862 4585/4591/3819
f 4638/4579/3807 4585/4591/3819 4637/4625/3853
f 4700/4637/3865 4641/4619/3847 4629/4618/3846
f 4640/4636/3864 4588/4633/3861 4652/4646/3874
f 4700/4637/3865 4629/4618/3846 4631/4621/3849
f 4700/4637/3865 4631/4621/3849 4651/4645/3873
f 4631/4621/3849 4639/4623/3851 4651/4645/3873
f 4641/4619/3847 4652/4646/3874 4628/4616/3844
f 4699/4647/3875 4653/4644/3872 4623/4613/3841
f 4699/4647/3875 4623/4613/3841 4625/4612/3840
f 4652/4646/3874 4626/4614/3842 4628/4616/3844
f 4654/4648/3876 4621/4608/3836 4622/4610/3838
f 4654/4648/3876 4622/4610/3838 4623/4613/3841
f 4621/4608/3836 4654/4648/3876 4696/4649/3877
f 4621/4608/3836 4696/4649/3877 4655/4650/3878
f 4655/4650/3878 4656/4651/3879 4620/4606/3834
f 4655/4650/3878 4620/4606/3834 4621/4608/3836
f 4620/4606/3834 4657/4643/3871 4619/4607/3835
f 4657/4643/3871 4658/4652/3880 4618/4642/3870
f 4618/4642/3870 4658/4652/3880 4692/4653/3881
f 4618/4642/3870 4692/4653/3881 4659/4604/3832
f 4617/4602/3830 4660/4603/3831 4661/4654/3882
f 4617/4602/3830 4688/4655/3883 4536/4521/3749
f 4617/4602/3830 4536/4521/3749 4534/4520/3748
f 4536/4521/3749 4686/4656/3884 4662/4657/3885
f 4662/4657/3885 4539/4658/3886 4536/4521/3749
f 4662/4657/3885 4685/4659/3887 4539/4658/3886
f 4539/4658/3886 4685/4659/3887 4663/4660/3888
f 4539/4658/3886 4663/4660/3888 4536/4521/3749
f 4663/4660/3888 4537/4522/3750 4536/4521/3749
f 4537/4522/3750 4538/4523/3751 4534/4520/3748
f 4537/4522/3750 4665/4661/3889 4538/4523/3751
f 4538/4523/3751 4665/4661/3889 4535/4524/3752
f 4535/4524/3752 4665/4661/3889 4550/4662/3890
f 4535/4524/3752 4550/4662/3890 4547/4533/3761
f 4550/4662/3890 4549/4535/3763 4547/4533/3761
f 4550/4662/3890 4665/4661/3889 4666/4663/3891
f 4550/4662/3890 4666/4663/3891 4667/4664/3892
f 4550/4662/3890 4667/4664/3892 4668/4538/3766
f 4550/4662/3890 4668/4538/3766 4549/4535/3763
f 4549/4535/3763 4668/4538/3766 4528/4536/3764
f 4668/4538/3766 4553/4540/3768 4551/4537/3765
f 4553/4540/3768 4552/4539/3767 4551/4537/3765
f 4669/4665/3893 4666/4663/3891 4665/4661/3889
f 4669/4665/3893 4665/4661/3889 4670/4666/3894
f 4670/4666/3894 4540/4525/3753 4542/4527/3755
f 4670/4666/3894 4665/4661/3889 4664/4667/3895
f 4670/4666/3894 4664/4667/3895 4540/4525/3753
f 4664/4667/3895 4537/4522/3750 4663/4660/3888
f 4664/4667/3895 4665/4661/3889 4537/4522/3750
f 4664/4667/3895 4671/4668/3896 4540/4525/3753
f 4671/4668/3896 4664/4667/3895 4663/4660/3888
f 4671/4668/3896 4672/4669/3897 4673/4670/3898
f 4671/4668/3896 4673/4670/3898 4540/4525/3753
f 4674/4671/3899 4675/4672/3900 4676/4673/3901
f 4674/4671/3899 4676/4673/3901 4532/4519/3747
f 4673/4670/3898 4677/4674/3902 4540/4525/3753
f 4674/4671/3899 4532/4519/3747 4678/4675/3903
f 4677/4674/3902 4541/4526/3754 4540/4525/3753
f 4678/4675/3903 4532/4519/3747 4679/4676/3904
f 4679/4676/3904 4532/4519/3747 4555/4542/3770
f 4555/4542/3770 4552/4539/3767 4554/4541/3769
f 4555/4542/3770 4532/4519/3747 4531/4518/3746
f 4532/4519/3747 4676/4673/3901 4529/4516/3744
f 4676/4673/3901 4681/4677/3905 4529/4516/3744
f 4676/4673/3901 4675/4672/3900 4680/4678/3906
f 4676/4673/3901 4680/4678/3906 4681/4677/3905
f 4682/4679/3907 4672/4669/3897 4671/4668/3896
f 4682/4679/3907 4671/4668/3896 4683/4680/3908
f 4682/4679/3907 4683/4680/3908 4684/4681/3909
f 4683/4680/3908 4685/4659/3887 4684/4681/3909
f 4685/4659/3887 4683/4680/3908 4663/4660/3888
f 4685/4659/3887 4686/4656/3884 4687/4555/3783
f 4686/4656/3884 4685/4659/3887 4662/4657/3885
f 4686/4656/3884 4688/4655/3883 4687/4555/3783
f 4688/4655/3883 4690/4682/3910 4687/4555/3783
f 4688/4655/3883 4689/4683/3911 4690/4682/3910
f 4689/4683/3911 4688/4655/3883 4661/4654/3882
f 4660/4603/3831 4691/4559/3787 4661/4654/3882
f 4691/4559/3787 4659/4604/3832 4692/4653/3881
f 4658/4652/3880 4693/4684/3912 4692/4653/3881
f 4658/4652/3880 4694/4685/3913 4693/4684/3912
f 4658/4652/3880 4657/4643/3871 4694/4685/3913
f 4694/4685/3913 4657/4643/3871 4656/4651/3879
f 4656/4651/3879 4695/4686/3914 4694/4685/3913
f 4697/4687/3915 4696/4649/3877 4654/4648/3876
f 4697/4687/3915 4654/4648/3876 4698/4624/3852
f 4698/4624/3852 4581/4572/3800 4697/4687/3915
f 4699/4647/3875 4586/4576/3804 4584/4575/3803
f 4699/4647/3875 4584/4575/3803 4653/4644/3872
f 4608/4592/3820 4574/4566/3794 4577/4568/3796
f 4651/4645/3873 4639/4623/3851 4582/4634/3862
f 4589/4578/3806 4591/4580/3808 4582/4634/3862
f 4594/4688/3916 4638/4579/3807 4637/4625/3853
f 4607/4589/3817 4586/4576/3804 4587/4689/3917
f 4633/4626/3854 4595/4690/3918 4637/4625/3853
f 4604/4588/3816 4580/4573/3801 4586/4576/3804
f 4595/4690/3918 4633/4626/3854 4596/4582/3810
f 4637/4625/3853 4595/4690/3918 4594/4688/3916
f 4651/4645/3873 4590/4632/3860 4700/4637/3865
f 4697/4687/3915 4581/4572/3800 4576/4567/3795
f 4697/4687/3915 4695/4686/3914 4696/4649/3877
f 4695/4686/3914 4697/4687/3915 4575/4569/3797
f 4573/4565/3793 4694/4685/3913 4695/4686/3914
f 4694/4685/3913 4573/4565/3793 4693/4684/3912
f 4693/4684/3912 4571/4563/3791 4692/4653/3881
f 4692/4653/3881 4568/4560/3788 4691/4559/3787
f 4691/4559/3787 4566/4558/3786 4661/4654/3882
f 4661/4654/3882 4566/4558/3786 4689/4683/3911
f 4689/4683/3911 4565/4556/3784 4690/4682/3910
f 4687/4555/3783 4563/4552/3780 4685/4659/3887
f 4685/4659/3887 4701/4691/3919 4684/4681/3909
f 4702/4692/3920 4704/4546/3774 4681/4677/3905
f 4704/4546/3774 4529/4516/3744 4681/4677/3905
f 4529/4516/3744 4704/4546/3774 4533/4543/3771
f 4529/4516/3744 4533/4543/3771 4530/4517/3745
f 4704/4546/3774 4702/4692/3920 4703/4549/3777
f 4704/4546/3774 4703/4549/3777 4560/4548/3776
f 4701/4691/3919 4685/4659/3887 4563/4552/3780
f 4563/4552/3780 4562/4554/3782 4701/4691/3919
f 4687/4555/3783 4690/4682/3910 4565/4556/3784
f 4689/4683/3911 4566/4558/3786 4565/4556/3784
f 4568/4560/3788 4692/4653/3881 4571/4563/3791
f 4571/4563/3791 4693/4684/3912 4573/4565/3793
f 4571/4563/3791 4573/4565/3793 4570/4561/3789
f 4573/4565/3793 4575/4569/3797 4574/4566/3794
f 4573/4565/3793 4695/4686/3914 4575/4569/3797
f 4575/4569/3797 4697/4687/3915 4576/4567/3795
f 4610/4594/3822 4583/4635/3863 4632/4622/3850
f 4581/4572/3800 4698/4624/3852 4580/4573/3801
f 4640/4636/3864 4700/4637/3865 4588/4633/3861
f 4700/4637/3865 4590/4632/3860 4588/4633/3861
f 4579/4570/3798 4635/4585/3813 4634/4583/3811
f 4604/4588/3816 4636/4627/3855 4598/4586/3814
f 4604/4588/3816 4598/4586/3814 4606/4590/3818
f 4651/4645/3873 4591/4580/3808 4590/4632/3860
f 4638/4579/3807 4594/4688/3916 4592/4577/3805
f 4590/4632/3860 4591/4580/3808 4602/4587/3815
f 4633/4626/3854 4634/4583/3811 4596/4582/3810
f 4582/4634/3862 4639/4623/3851 4583/4635/3863
f 4640/4636/3864 4652/4646/3874 4641/4619/3847
f 4698/4624/3852 4654/4648/3876 4623/4613/3841
f 4698/4624/3852 4623/4613/3841 4653/4644/3872
f 4696/4649/3877 4695/4686/3914 4655/4650/3878
f 4695/4686/3914 4656/4651/3879 4655/4650/3878
f 4656/4651/3879 4657/4643/3871 4620/4606/3834
f 4659/4604/3832 4691/4559/3787 4660/4603/3831
f 4661/4654/3882 4688/4655/3883 4617/4602/3830
f 4686/4656/3884 4536/4521/3749 4688/4655/3883
f 4683/4680/3908 4671/4668/3896 4663/4660/3888
f 4548/4534/3762 4534/4520/3748 4535/4524/3752
f 4708/4693/3921 4884/4694/3922 4710/4695/3923
f 4714/4696/3924 4715/4697/3925 4716/4698/3926
f 4709/4699/3927 4717/4700/3928 4846/4701/3929
f 4709/4699/3927 4846/4701/3929 4708/4693/3921
f 4718/4702/3930 4719/4703/3931 4714/4696/3924
f 4714/4696/3924 4908/4704/3932 4718/4702/3930
f 4708/4693/3921 4847/4705/3933 4857/4706/3934
f 4712/4707/3935 4713/4708/3936 4720/4709/3937
f 4721/4710/3938 4731/4711/3939 4722/4712/3940
f 4723/4713/3941 4711/4714/3942 4706/4715/3943
f 4724/4716/3944 4726/4717/3945 4725/4718/3946
f 4718/4702/3930 4908/4704/3932 4727/4719/3947
f 4723/4713/3941 4706/4715/3943 4705/4720/3948
f 4723/4713/3941 4705/4720/3948 4728/4721/3949
f 4729/4722/3950 4730/4723/3951 4731/4711/3939
f 4729/4722/3950 4731/4711/3939 4721/4710/3938
f 4732/4724/3952 4733/4725/3953 4734/4726/3954
f 4732/4724/3952 4735/4727/3955 4733/4725/3953
f 4733/4725/3953 4735/4727/3955 4920/4728/3956
f 4733/4725/3953 4920/4728/3956 4736/4729/3957
f 4921/4730/3958 4745/4731/3959 4920/4728/3956
f 4751/4732/3960 4922/4733/3961 4752/4734/3962
f 4739/4735/3963 4751/4732/3960 4740/4736/3964
f 4912/4737/3965 4914/4738/3966 4744/4739/3967
f 4746/4740/3968 4744/4739/3967 4747/4741/3969
f 4749/4742/3970 4926/4743/3971 4751/4732/3960
f 4727/4719/3947 4738/4744/3972 4742/4745/3973
f 4747/4741/3969 4744/4739/3967 4914/4738/3966
f 4751/4732/3960 4752/4734/3962 4749/4742/3970
f 4718/4702/3930 4750/4746/3974 4719/4703/3931
f 4719/4703/3931 4753/4747/3975 4754/4748/3976
f 4754/4748/3976 4715/4697/3925 4719/4703/3931
f 4755/4749/3977 4756/4750/3978 4757/4751/3979
f 4755/4749/3977 4757/4751/3979 4754/4748/3976
f 4758/4752/3980 4759/4753/3981 4760/4754/3982
f 4758/4752/3980 4760/4754/3982 4761/4755/3983
f 4762/4756/3984 4763/4757/3985 4764/4758/3986
f 4763/4757/3985 4933/4759/3987 4765/4760/3988
f 4765/4760/3988 4934/4761/3989 4766/4762/3990
f 4766/4762/3990 4934/4761/3989 4935/4763/3991
f 4766/4762/3990 4935/4763/3991 4767/4764/3992
f 4767/4764/3992 4935/4763/3991 4937/4765/3993
f 4767/4764/3992 4712/4707/3935 4769/4766/3994
f 4767/4764/3992 4769/4766/3994 4768/4767/3995
f 4769/4766/3994 4712/4707/3935 4720/4709/3937
f 4771/4768/3996 4720/4709/3937 4772/4769/3997
f 4771/4768/3996 4772/4769/3997 4773/4770/3998
f 4773/4770/3998 4774/4771/3999 4864/4772/4000
f 4774/4771/3999 4773/4770/3998 4775/4773/4001
f 4775/4773/4001 4776/4774/4002 4774/4771/3999
f 4776/4774/4002 4775/4773/4001 4988/4775/4003
f 4776/4774/4002 4988/4775/4003 4777/4776/4004
f 4776/4774/4002 4777/4776/4004 4778/4777/4005
f 4779/4778/4006 4708/4693/3921 4780/4779/4007
f 4708/4693/3921 4779/4778/4006 4709/4699/3927
f 4779/4778/4006 4717/4700/3928 4709/4699/3927
f 4717/4700/3928 4779/4778/4006 4781/4780/4008
f 4717/4700/3928 4781/4780/4008 4782/4781/4009
f 4782/4781/4009 4781/4780/4008 4948/4782/4010
f 4783/4783/4011 4717/4700/3928 4782/4781/4009
f 4783/4783/4011 4898/4784/4012 4784/4785/4013
f 4784/4785/4013 4846/4701/3929 4783/4783/4011
f 4784/4785/4013 4898/4784/4012 4785/4786/4014
f 4785/4786/4014 4786/4787/4015 4784/4785/4013
f 4787/4788/4016 4789/4789/4017 4786/4787/4015
f 4787/4788/4016 4788/4790/4018 4789/4789/4017
f 4788/4790/4018 4790/4791/4019 4789/4789/4017
f 4790/4791/4019 4844/4792/4020 4789/4789/4017
f 4790/4791/4019 4791/4793/4021 4844/4792/4020
f 4950/4794/4022 4792/4795/4023 4791/4793/4021
f 4881/4796/4024 4842/4797/4025 4950/4794/4022
f 4881/4796/4024 4894/4798/4026 4842/4797/4025
f 4894/4798/4026 4893/4799/4027 4793/4800/4028
f 4793/4800/4028 4893/4799/4027 4794/4801/4029
f 4794/4801/4029 4951/4802/4030 4795/4803/4031
f 4795/4803/4031 4839/4804/4032 4794/4801/4029
f 4797/4805/4033 4796/4806/4034 4798/4807/4035
f 4797/4805/4033 4798/4807/4035 4799/4808/4036
f 4800/4809/4037 4802/4810/4038 4801/4811/4039
f 4802/4810/4038 4711/4714/3942 4801/4811/4039
f 4711/4714/3942 4804/4812/4040 4803/4813/4041
f 4804/4812/4040 4707/4814/4042 4805/4815/4043
f 4805/4815/4043 4806/4816/4044 4804/4812/4040
f 4808/4817/4045 4810/4818/4046 4809/4819/4047
f 4810/4818/4046 4812/4820/4048 4811/4821/4049
f 4810/4818/4046 4813/4822/4050 4812/4820/4048
f 4820/4823/4051 4830/4824/4052 4821/4825/4053
f 4811/4821/4049 4823/4826/4054 4810/4818/4046
f 4823/4826/4054 4809/4819/4047 4810/4818/4046
f 4809/4819/4047 4823/4826/4054 4822/4827/4055
f 4808/4817/4045 4809/4819/4047 4807/4828/4056
f 4829/4829/4057 4806/4816/4044 4725/4718/3946
f 4829/4829/4057 4725/4718/3946 4807/4828/4056
f 4806/4816/4044 4829/4829/4057 4824/4830/4058
f 4825/4831/4059 4826/4832/4060 4804/4812/4040
f 4825/4831/4059 4804/4812/4040 4806/4816/4044
f 4826/4832/4060 4827/4833/4061 4803/4813/4041
f 4826/4832/4060 4803/4813/4041 4804/4812/4040
f 4803/4813/4041 4827/4833/4061 4705/4720/3948
f 4803/4813/4041 4705/4720/3948 4706/4715/3943
f 4705/4720/3948 4827/4833/4061 4828/4834/4062
f 4826/4832/4060 4833/4835/4063 4827/4833/4061
f 4826/4832/4060 4825/4831/4059 4824/4830/4058
f 4830/4824/4052 4829/4829/4057 4809/4819/4047
f 4821/4825/4053 4830/4824/4052 4822/4827/4055
f 4822/4827/4055 4830/4824/4052 4809/4819/4047
f 4820/4823/4051 4831/4836/4064 4830/4824/4052
f 4831/4836/4064 4829/4829/4057 4830/4824/4052
f 4831/4836/4064 4832/4837/4065 4824/4830/4058
f 4831/4836/4064 4824/4830/4058 4829/4829/4057
f 4824/4830/4058 4832/4837/4065 4833/4835/4063
f 4824/4830/4058 4833/4835/4063 4826/4832/4060
f 4828/4834/4062 4827/4833/4061 4833/4835/4063
f 4705/4720/3948 4834/4838/4066 4728/4721/3949
f 4728/4721/3949 4834/4838/4066 4835/4839/4067
f 4728/4721/3949 4835/4839/4067 4836/4840/4068
f 4728/4721/3949 4836/4840/4068 4838/4841/4069
f 4728/4721/3949 4838/4841/4069 4837/4842/4070
f 4837/4842/4070 4801/4811/4039 4723/4713/3941
f 4837/4842/4070 4723/4713/3941 4728/4721/3949
f 4801/4811/4039 4711/4714/3942 4723/4713/3941
f 4801/4811/4039 4837/4842/4070 4800/4809/4037
f 4837/4842/4070 4799/4808/4036 4800/4809/4037
f 4837/4842/4070 4838/4841/4069 4797/4805/4033
f 4837/4842/4070 4797/4805/4033 4799/4808/4036
f 4839/4804/4032 4840/4843/4071 4794/4801/4029
f 4794/4801/4029 4841/4844/4072 4793/4800/4028
f 4793/4800/4028 4842/4797/4025 4894/4798/4026
f 4950/4794/4022 4729/4722/3950 4792/4795/4023
f 4792/4795/4023 4843/4845/4073 4791/4793/4021
f 4791/4793/4021 4843/4845/4073 4844/4792/4020
f 4845/4846/4074 4784/4785/4013 4786/4787/4015
f 4845/4846/4074 4786/4787/4015 4789/4789/4017
f 4717/4700/3928 4783/4783/4011 4846/4701/3929
f 4846/4701/3929 4847/4705/3933 4708/4693/3921
f 4847/4705/3933 4846/4701/3929 4848/4847/4075
f 4848/4847/4075 4846/4701/3929 4784/4785/4013
f 4845/4846/4074 4856/4848/4076 4784/4785/4013
f 4789/4789/4017 4855/4849/4077 4845/4846/4074
f 4844/4792/4020 4889/4850/4078 4789/4789/4017
f 4792/4795/4023 4729/4722/3950 4843/4845/4073
f 4729/4722/3950 4721/4710/3938 4843/4845/4073
f 4729/4722/3950 4950/4794/4022 4849/4851/4079
f 4849/4851/4079 4950/4794/4022 4842/4797/4025
f 4842/4797/4025 4793/4800/4028 4841/4844/4072
f 4841/4844/4072 4794/4801/4029 4840/4843/4071
f 4841/4844/4072 4840/4843/4071 4850/4852/4080
f 4840/4843/4071 4852/4853/4081 4851/4854/4082
f 4851/4854/4082 4853/4855/4083 4850/4852/4080
f 4851/4854/4082 4850/4852/4080 4840/4843/4071
f 4850/4852/4080 4854/4856/4084 4849/4851/4079
f 4850/4852/4080 4849/4851/4079 4842/4797/4025
f 4850/4852/4080 4842/4797/4025 4841/4844/4072
f 4849/4851/4079 4730/4723/3951 4729/4722/3950
f 4730/4723/3951 4849/4851/4079 4854/4856/4084
f 4731/4711/3939 4730/4723/3951 4805/4815/4043
f 4731/4711/3939 4805/4815/4043 4722/4712/3940
f 4722/4712/3940 4843/4845/4073 4721/4710/3938
f 4843/4845/4073 4889/4850/4078 4844/4792/4020
f 4889/4850/4078 4855/4849/4077 4789/4789/4017
f 4845/4846/4074 4855/4849/4077 4856/4848/4076
f 4848/4847/4075 4784/4785/4013 4856/4848/4076
f 4857/4706/3934 4884/4694/3922 4708/4693/3921
f 4710/4695/3923 4858/4857/4085 4859/4858/4086
f 4860/4859/4087 4861/4860/4088 4778/4777/4005
f 4859/4858/4086 4780/4779/4007 4708/4693/3921
f 4859/4858/4086 4708/4693/3921 4710/4695/3923
f 4778/4777/4005 4861/4860/4088 4776/4774/4002
f 4776/4774/4002 4861/4860/4088 4862/4861/4089
f 4862/4861/4089 4774/4771/3999 4776/4774/4002
f 4774/4771/3999 4862/4861/4089 4863/4862/4090
f 4774/4771/3999 4863/4862/4090 4864/4772/4000
f 4773/4770/3998 4864/4772/4000 4865/4863/4091
f 4773/4770/3998 4865/4863/4091 4771/4768/3996
f 4865/4863/4091 4770/4864/4092 4771/4768/3996
f 4770/4864/4092 4720/4709/3937 4771/4768/3996
f 4770/4864/4092 4866/4865/4093 4768/4767/3995
f 4770/4864/4092 4768/4767/3995 4769/4766/3994
f 4770/4864/4092 4769/4766/3994 4720/4709/3937
f 4867/4866/4094 4767/4764/3992 4768/4767/3995
f 4767/4764/3992 4867/4866/4094 4868/4867/4095
f 4868/4867/4095 4765/4760/3988 4766/4762/3990
f 4868/4867/4095 4766/4762/3990 4767/4764/3992
f 4765/4760/3988 4868/4867/4095 4869/4868/4096
f 4765/4760/3988 4870/4869/4097 4763/4757/3985
f 4870/4869/4097 4764/4758/3986 4763/4757/3985
f 4764/4758/3986 4870/4869/4097 4871/4870/4098
f 4871/4870/4098 4760/4754/3982 4762/4756/3984
f 4871/4870/4098 4762/4756/3984 4764/4758/3986
f 4760/4754/3982 4871/4870/4098 4872/4871/4099
f 4873/4872/4100 4874/4873/4101 4756/4750/3978
f 4872/4871/4099 4761/4755/3983 4760/4754/3982
f 4874/4873/4101 4757/4751/3979 4756/4750/3978
f 4757/4751/3979 4874/4873/4101 4875/4874/4102
f 4757/4751/3979 4715/4697/3925 4754/4748/3976
f 4715/4697/3925 4757/4751/3979 4716/4698/3926
f 4716/4698/3926 4757/4751/3979 4875/4874/4102
f 4875/4874/4102 4906/4875/4103 4716/4698/3926
f 4874/4873/4101 4905/4876/4104 4875/4874/4102
f 4874/4873/4101 4904/4877/4105 4905/4876/4104
f 4904/4877/4105 4874/4873/4101 4873/4872/4100
f 4872/4871/4099 4871/4870/4098 4876/4878/4106
f 4871/4870/4098 4955/4879/4107 4876/4878/4106
f 4877/4880/4108 4871/4870/4098 4870/4869/4097
f 4870/4869/4097 4869/4868/4096 4877/4880/4108
f 4869/4868/4096 4870/4869/4097 4765/4760/3988
f 4869/4868/4096 4878/4881/4109 4899/4882/4110
f 4869/4868/4096 4868/4867/4095 4878/4881/4109
f 4867/4866/4094 4785/4786/4014 4868/4867/4095
f 4865/4863/4091 4896/4883/4111 4770/4864/4092
f 4865/4863/4091 4864/4772/4000 4879/4884/4112
f 4879/4884/4112 4864/4772/4000 4863/4862/4090
f 4879/4884/4112 4863/4862/4090 4880/4885/4113
f 4863/4862/4090 4862/4861/4089 4882/4886/4114
f 4863/4862/4090 4882/4886/4114 4881/4796/4024
f 4882/4886/4114 4862/4861/4089 4861/4860/4088
f 4861/4860/4088 4860/4859/4087 4883/4887/4115
f 4883/4887/4115 4892/4888/4116 4861/4860/4088
f 4858/4857/4085 4710/4695/3923 4884/4694/3922
f 4884/4694/3922 4891/4889/4117 4858/4857/4085
f 4884/4694/3922 4885/4890/4118 4891/4889/4117
f 4885/4890/4118 4857/4706/3934 4848/4847/4075
f 4885/4890/4118 4848/4847/4075 4886/4891/4119
f 4886/4891/4119 4848/4847/4075 4887/4892/4120
f 4887/4892/4120 4855/4849/4077 4888/4893/4121
f 4722/4712/3940 4805/4815/4043 4707/4814/4042
f 4888/4893/4121 4889/4850/4078 4722/4712/3940
f 4722/4712/3940 4889/4850/4078 4843/4845/4073
f 4855/4849/4077 4887/4892/4120 4856/4848/4076
f 4848/4847/4075 4857/4706/3934 4847/4705/3933
f 4885/4890/4118 4884/4694/3922 4857/4706/3934
f 4856/4848/4076 4887/4892/4120 4848/4847/4075
f 4889/4850/4078 4888/4893/4121 4855/4849/4077
f 4888/4893/4121 4722/4712/3940 4707/4814/4042
f 4887/4892/4120 4888/4893/4121 4890/4894/4122
f 4890/4894/4122 4886/4891/4119 4887/4892/4120
f 4798/4807/4035 4885/4890/4118 4886/4891/4119
f 4861/4860/4088 4893/4799/4027 4882/4886/4114
f 4882/4886/4114 4893/4799/4027 4894/4798/4026
f 4881/4796/4024 4950/4794/4022 4863/4862/4090
f 4881/4796/4024 4882/4886/4114 4894/4798/4026
f 4863/4862/4090 4950/4794/4022 4895/4895/4123
f 4863/4862/4090 4895/4895/4123 4880/4885/4113
f 4880/4885/4113 4896/4883/4111 4879/4884/4112
f 4896/4883/4111 4880/4885/4113 4897/4896/4124
f 4896/4883/4111 4865/4863/4091 4879/4884/4112
f 4896/4883/4111 4866/4865/4093 4770/4864/4092
f 4786/4787/4015 4785/4786/4014 4867/4866/4094
f 4786/4787/4015 4867/4866/4094 4768/4767/3995
f 4786/4787/4015 4768/4767/3995 4866/4865/4093
f 4785/4786/4014 4898/4784/4012 4868/4867/4095
f 4898/4784/4012 4949/4897/4125 4878/4881/4109
f 4898/4784/4012 4878/4881/4109 4868/4867/4095
f 4899/4882/4110 4900/4898/4126 4869/4868/4096
f 4869/4868/4096 4900/4898/4126 4901/4899/4127
f 4901/4899/4127 4877/4880/4108 4869/4868/4096
f 4877/4880/4108 4901/4899/4127 4955/4879/4107
f 4955/4879/4107 4902/4900/4128 4876/4878/4106
f 4955/4879/4107 4871/4870/4098 4877/4880/4108
f 4904/4877/4105 4873/4872/4100 4903/4901/4129
f 4905/4876/4104 4906/4875/4103 4875/4874/4102
f 4906/4875/4103 4960/4902/4130 4716/4698/3926
f 4716/4698/3926 4907/4903/4131 4714/4696/3924
f 4714/4696/3924 4907/4903/4131 4908/4704/3932
f 4908/4704/3932 4909/4904/4132 4727/4719/3947
f 4727/4719/3947 4909/4904/4132 4910/4905/4133
f 4727/4719/3947 4910/4905/4133 4738/4744/3972
f 4738/4744/3972 4910/4905/4133 4748/4906/4134
f 4745/4731/3959 4921/4730/3958 4740/4736/3964
f 4748/4906/4134 4743/4907/4135 4737/4908/4136
f 4741/4909/4137 4912/4737/3965 4929/4910/4138
f 4913/4911/4139 4912/4737/3965 4987/4912/4140
f 4736/4729/3957 4920/4728/3956 4745/4731/3959
f 4987/4912/4140 4912/4737/3965 4980/4913/4141
f 4734/4726/3954 4738/4744/3972 4916/4914/4142
f 4916/4914/4142 4738/4744/3972 4915/4915/4143
f 4916/4914/4142 4915/4915/4143 4917/4916/4144
f 4916/4914/4142 4732/4724/3952 4734/4726/3954
f 4918/4917/4145 4735/4727/3955 4732/4724/3952
f 4918/4917/4145 4919/4918/4146 4735/4727/3955
f 4735/4727/3955 4919/4918/4146 4920/4728/3956
f 4920/4728/3956 4975/4919/4147 4921/4730/3958
f 4921/4730/3958 4978/4920/4148 4922/4733/3961
f 4921/4730/3958 4922/4733/3961 4739/4735/3963
f 4750/4746/3974 4718/4702/3930 4736/4729/3957
f 4745/4731/3959 4924/4921/4149 4750/4746/3974
f 4742/4745/3973 4736/4729/3957 4718/4702/3930
f 4742/4745/3973 4718/4702/3930 4727/4719/3947
f 4924/4921/4149 4926/4743/3971 4753/4747/3975
f 4926/4743/3971 4927/4922/4150 4753/4747/3975
f 4929/4910/4138 4759/4753/3981 4928/4923/4151
f 4759/4753/3981 4929/4910/4138 4930/4924/4152
f 4759/4753/3981 4930/4924/4152 4931/4925/4153
f 4932/4926/4154 4762/4756/3984 4931/4925/4153
f 4932/4926/4154 4982/4927/4155 4933/4759/3987
f 4933/4759/3987 4763/4757/3985 4932/4926/4154
f 4933/4759/3987 4983/4928/4156 4934/4761/3989
f 4934/4761/3989 4765/4760/3988 4933/4759/3987
f 4934/4761/3989 4962/4929/4157 4935/4763/3991
f 4935/4763/3991 4961/4930/4158 4936/4931/4159
f 4937/4765/3993 4936/4931/4159 4938/4932/4160
f 4937/4765/3993 4938/4932/4160 4712/4707/3935
f 4712/4707/3935 4938/4932/4160 4939/4933/4161
f 4939/4933/4161 4938/4932/4160 4960/4902/4130
f 4712/4707/3935 4939/4933/4161 4940/4934/4162
f 4712/4707/3935 4940/4934/4162 4713/4708/3936
f 4941/4935/4163 4772/4769/3997 4940/4934/4162
f 4942/4936/4164 4943/4937/4165 4941/4935/4163
f 4943/4937/4165 4944/4938/4166 4945/4939/4167
f 4946/4940/4168 4947/4941/4169 4954/4942/4170
f 4946/4940/4168 4954/4942/4170 4948/4782/4010
f 4948/4782/4010 4949/4897/4125 4782/4781/4009
f 4949/4897/4125 4783/4783/4011 4782/4781/4009
f 4898/4784/4012 4783/4783/4011 4949/4897/4125
f 4786/4787/4015 4866/4865/4093 4787/4788/4016
f 4787/4788/4016 4897/4896/4124 4788/4790/4018
f 4788/4790/4018 4897/4896/4124 4790/4791/4019
f 4790/4791/4019 4897/4896/4124 4895/4895/4123
f 4895/4895/4123 4791/4793/4021 4790/4791/4019
f 4950/4794/4022 4791/4793/4021 4895/4895/4123
f 4892/4888/4116 4794/4801/4029 4893/4799/4027
f 4892/4888/4116 4951/4802/4030 4794/4801/4029
f 4796/4806/4034 4885/4890/4118 4798/4807/4035
f 4799/4808/4036 4798/4807/4035 4800/4809/4037
f 4800/4809/4037 4798/4807/4035 4890/4894/4122
f 4800/4809/4037 4890/4894/4122 4802/4810/4038
f 4890/4894/4122 4798/4807/4035 4886/4891/4119
f 4952/4943/4171 4891/4889/4117 4885/4890/4118
f 4952/4943/4171 4885/4890/4118 4796/4806/4034
f 4893/4799/4027 4861/4860/4088 4892/4888/4116
f 4895/4895/4123 4897/4896/4124 4880/4885/4113
f 4897/4896/4124 4787/4788/4016 4896/4883/4111
f 4787/4788/4016 4866/4865/4093 4896/4883/4111
f 4949/4897/4125 4899/4882/4110 4878/4881/4109
f 4953/4944/4172 4900/4898/4126 4899/4882/4110
f 4900/4898/4126 4953/4944/4172 4954/4942/4170
f 4900/4898/4126 4954/4942/4170 4955/4879/4107
f 4955/4879/4107 4901/4899/4127 4900/4898/4126
f 4955/4879/4107 4956/4945/4173 4902/4900/4128
f 4957/4946/4174 4904/4877/4105 4903/4901/4129
f 4904/4877/4105 4957/4946/4174 4958/4947/4175
f 4904/4877/4105 4958/4947/4175 4905/4876/4104
f 4905/4876/4104 4958/4947/4175 4959/4948/4176
f 4905/4876/4104 4959/4948/4176 4906/4875/4103
f 4716/4698/3926 4936/4931/4159 4907/4903/4131
f 4907/4903/4131 4936/4931/4159 4961/4930/4158
f 4907/4903/4131 4961/4930/4158 4909/4904/4132
f 4907/4903/4131 4909/4904/4132 4908/4704/3932
f 4909/4904/4132 4961/4930/4158 4962/4929/4157
f 4909/4904/4132 4963/4949/4177 4910/4905/4133
f 4964/4950/4178 4743/4907/4135 4748/4906/4134
f 4964/4950/4178 4748/4906/4134 4910/4905/4133
f 4911/4951/4179 4741/4909/4137 4925/4952/4180
f 4747/4741/3969 4914/4738/3966 4964/4950/4178
f 4912/4737/3965 4744/4739/3967 4746/4740/3968
f 4737/4908/4136 4915/4915/4143 4738/4744/3972
f 4738/4744/3972 4734/4726/3954 4742/4745/3973
f 4979/4953/4181 4911/4951/4179 4923/4954/4182
f 4913/4911/4139 4914/4738/3966 4912/4737/3965
f 4742/4745/3973 4734/4726/3954 4733/4725/3953
f 4742/4745/3973 4733/4725/3953 4736/4729/3957
f 4915/4915/4143 4743/4907/4135 4965/4955/4183
f 4915/4915/4143 4965/4955/4183 4917/4916/4144
f 4965/4955/4183 4966/4956/4184 4917/4916/4144
f 4966/4956/4184 4965/4955/4183 4967/4957/4185
f 4967/4957/4185 4985/4958/4186 4968/4959/4187
f 4968/4959/4187 4985/4958/4186 4969/4960/4188
f 4969/4960/4188 4980/4913/4141 4970/4961/4189
f 4970/4961/4189 4980/4913/4141 4971/4962/4190
f 4971/4962/4190 4972/4963/4191 4973/4964/4192
f 4974/4965/4193 4975/4919/4147 4976/4966/4194
f 4976/4966/4194 4975/4919/4147 4920/4728/3956
f 4976/4966/4194 4920/4728/3956 4977/4967/4195
f 4977/4967/4195 4920/4728/3956 4919/4918/4146
f 4975/4919/4147 4974/4965/4193 4978/4920/4148
f 4978/4920/4148 4921/4730/3958 4975/4919/4147
f 4972/4963/4191 4979/4953/4181 4923/4954/4182
f 4739/4735/3963 4740/4736/3964 4921/4730/3958
f 4912/4737/3965 4741/4909/4137 4980/4913/4141
f 4922/4733/3961 4751/4732/3960 4739/4735/3963
f 4979/4953/4181 4741/4909/4137 4911/4951/4179
f 4740/4736/3964 4924/4921/4149 4745/4731/3959
f 4929/4910/4138 4925/4952/4180 4741/4909/4137
f 4749/4742/3970 4927/4922/4150 4926/4743/3971
f 4925/4952/4180 4929/4910/4138 4928/4923/4151
f 4981/4968/4196 4931/4925/4153 4930/4924/4152
f 4931/4925/4153 4981/4968/4196 4982/4927/4155
f 4982/4927/4155 4932/4926/4154 4931/4925/4153
f 4933/4759/3987 4982/4927/4155 4963/4949/4177
f 4933/4759/3987 4963/4949/4177 4983/4928/4156
f 4983/4928/4156 4962/4929/4157 4934/4761/3989
f 4961/4930/4158 4935/4763/3991 4962/4929/4157
f 4936/4931/4159 4716/4698/3926 4938/4932/4160
f 4939/4933/4161 4960/4902/4130 4906/4875/4103
f 4939/4933/4161 4906/4875/4103 4959/4948/4176
f 4959/4948/4176 4940/4934/4162 4939/4933/4161
f 4958/4947/4175 4941/4935/4163 4940/4934/4162
f 4941/4935/4163 4958/4947/4175 4957/4946/4174
f 4941/4935/4163 4957/4946/4174 4942/4936/4164
f 4942/4936/4164 4984/4969/4197 4943/4937/4165
f 4984/4969/4197 4944/4938/4166 4943/4937/4165
f 4956/4945/4173 4955/4879/4107 4954/4942/4170
f 4956/4945/4173 4954/4942/4170 4947/4941/4169
f 4953/4944/4172 4948/4782/4010 4954/4942/4170
f 4953/4944/4172 4949/4897/4125 4948/4782/4010
f 4942/4936/4164 4957/4946/4174 4984/4969/4197
f 4940/4934/4162 4959/4948/4176 4958/4947/4175
f 4938/4932/4160 4716/4698/3926 4960/4902/4130
f 4983/4928/4156 4963/4949/4177 4909/4904/4132
f 4983/4928/4156 4909/4904/4132 4962/4929/4157
f 4963/4949/4177 4982/4927/4155 4964/4950/4178
f 4963/4949/4177 4964/4950/4178 4910/4905/4133
f 4981/4968/4196 4747/4741/3969 4964/4950/4178
f 4747/4741/3969 4981/4968/4196 4746/4740/3968
f 4914/4738/3966 4743/4907/4135 4964/4950/4178
f 4751/4732/3960 4926/4743/3971 4740/4736/3964
f 4743/4907/4135 4913/4911/4139 4985/4958/4186
f 4985/4958/4186 4965/4955/4183 4743/4907/4135
f 4985/4958/4186 4967/4957/4185 4965/4955/4183
f 4985/4958/4186 4986/4970/4198 4969/4960/4188
f 4986/4970/4198 4987/4912/4140 4969/4960/4188
f 4987/4912/4140 4980/4913/4141 4969/4960/4188
f 4980/4913/4141 4979/4953/4181 4972/4963/4191
f 4980/4913/4141 4972/4963/4191 4971/4962/4190
f 4987/4912/4140 4986/4970/4198 4913/4911/4139
f 4913/4911/4139 4986/4970/4198 4985/4958/4186
f 4979/4953/4181 4980/4913/4141 4741/4909/4137
f 4912/4737/3965 4930/4924/4152 4929/4910/4138
f 4912/4737/3965 4746/4740/3968 4930/4924/4152
f 4746/4740/3968 4981/4968/4196 4930/4924/4152
f 4981/4968/4196 4964/4950/4178 4982/4927/4155
f 4953/4944/4172 4899/4882/4110 4949/4897/4125
f 4945/4939/4167 4988/4775/4003 4775/4773/4001
f 4945/4939/4167 4775/4773/4001 4943/4937/4165
f 4946/4940/4168 4948/4782/4010 4781/4780/4008
f 4943/4937/4165 4775/4773/4001 4773/4770/3998
f 4773/4770/3998 4772/4769/3997 4941/4935/4163
f 4773/4770/3998 4941/4935/4163 4943/4937/4165
f 4772/4769/3997 4720/4709/3937 4713/4708/3936
f 4772/4769/3997 4713/4708/3936 4940/4934/4162
f 4937/4765/3993 4712/4707/3935 4767/4764/3992
f 4937/4765/3993 4935/4763/3991 4936/4931/4159
f 4763/4757/3985 4762/4756/3984 4932/4926/4154
f 4931/4925/4153 4762/4756/3984 4760/4754/3982
f 4931/4925/4153 4760/4754/3982 4759/4753/3981
f 4759/4753/3981 4758/4752/3980 4928/4923/4151
f 4755/4749/3977 4754/4748/3976 4927/4922/4150
f 4927/4922/4150 4754/4748/3976 4753/4747/3975
f 4753/4747/3975 4719/4703/3931 4924/4921/4149
f 4924/4921/4149 4719/4703/3931 4750/4746/3974
f 4740/4736/3964 4926/4743/3971 4924/4921/4149
f 4736/4729/3957 4745/4731/3959 4750/4746/3974
f 4743/4907/4135 4915/4915/4143 4737/4908/4136
f 4743/4907/4135 4914/4738/3966 4913/4911/4139
f 4890/4894/4122 4888/4893/4121 4802/4810/4038
f 4888/4893/4121 4804/4812/4040 4711/4714/3942
f 4888/4893/4121 4711/4714/3942 4802/4810/4038
f 4804/4812/4040 4888/4893/4121 4707/4814/4042
f 4730/4723/3951 4725/4718/3946 4805/4815/4043
f 4730/4723/3951 4724/4716/3944 4725/4718/3946
f 4730/4723/3951 4854/4856/4084 4724/4716/3944
f 4854/4856/4084 4850/4852/4080 4853/4855/4083
f 4853/4855/4083 4996/4971/4199 4854/4856/4084
f 4851/4854/4082 4989/4972/4200 4853/4855/4083
f 4989/4972/4200 4851/4854/4082 4990/4973/4201
f 4828/4834/4062 4992/4974/4202 4991/4975/4203
f 4828/4834/4062 4993/4976/4204 4992/4974/4202
f 4993/4976/4204 4828/4834/4062 4833/4835/4063
f 4832/4837/4065 4818/4977/4205 4817/4978/4206
f 4832/4837/4065 4817/4978/4206 4993/4976/4204
f 4832/4837/4065 4831/4836/4064 4819/4979/4207
f 4832/4837/4065 4819/4979/4207 4818/4977/4205
f 4832/4837/4065 4993/4976/4204 4833/4835/4063
f 4993/4976/4204 4817/4978/4206 4992/4974/4202
f 4991/4975/4203 4992/4974/4202 4994/4980/4208
f 4994/4980/4208 4834/4838/4066 4991/4975/4203
f 4994/4980/4208 4998/4981/4209 4835/4839/4067
f 4994/4980/4208 4835/4839/4067 4834/4838/4066
f 4995/4982/4210 4996/4971/4199 4853/4855/4083
f 4995/4982/4210 4853/4855/4083 4989/4972/4200
f 4996/4971/4199 4808/4817/4045 4726/4717/3945
f 4726/4717/3945 4854/4856/4084 4996/4971/4199
f 4725/4718/3946 4806/4816/4044 4805/4815/4043
f 4726/4717/3945 4807/4828/4056 4725/4718/3946
f 4726/4717/3945 4808/4817/4045 4807/4828/4056
f 4996/4971/4199 4810/4818/4046 4808/4817/4045
f 4996/4971/4199 4995/4982/4210 4810/4818/4046
f 4995/4982/4210 4989/4972/4200 4997/4983/4211
f 4995/4982/4210 4997/4983/4211 4810/4818/4046
f 4997/4983/4211 4813/4822/4050 4810/4818/4046
f 4998/4981/4209 4994/4980/4208 4815/4984/4212
f 4998/4981/4209 4815/4984/4212 4814/4985/4213
f 4815/4984/4212 4994/4980/4208 4816/4986/4214
f 4994/4980/4208 4992/4974/4202 4816/4986/4214
f 4997/4983/4211 4989/4972/4200 4990/4973/4201
f 4992/4974/4202 4817/4978/4206 4816/4986/4214
f 4991/4975/4203 4705/4720/3948 4828/4834/4062
f 4991/4975/4203 4834/4838/4066 4705/4720/3948
f 4851/4854/4082 4852/4853/4081 4990/4973/4201
f 4726/4717/3945 4724/4716/3944 4854/4856/4084
f 4831/4836/4064 4820/4823/4051 4819/4979/4207
f 4829/4829/4057 4807/4828/4056 4809/4819/4047
f 4825/4831/4059 4806/4816/4044 4824/4830/4058
f 4803/4813/4041 4706/4715/3943 4711/4714/3942
f 4715/4697/3925 4714/4696/3924 4719/4703/3931
f 4738/4744/3972 4748/4906/4134 4737/4908/4136
f 5000/4987/4215 5004/4988/4216 5003/4989/4217
f 4999/4990/4218 5006/4991/4219 5004/4988/4216
f 4999/4990/4218 5004/4988/4216 5000/4987/4215
f 5003/4989/4217 5007/4992/4220 5002/4993/4221
f 5006/4991/4219 5008/4994/4222 5004/4988/4216
f 5001/4995/4223 5003/4989/4217 5002/4993/4221
f 5002/4993/4221 5007/4992/4220 5005/4996/4224
f 5008/4994/4222 5009/4997/4225 5012/4998/4226
f 5008/4994/4222 5012/4998/4226 5004/4988/4216
f 5003/4989/4217 5010/4999/4227 5007/4992/4220
f 5004/4988/4216 5012/4998/4226 5010/4999/4227
f 5004/4988/4216 5010/4999/4227 5003/4989/4217
f 5007/4992/4220 5010/4999/4227 5011/5000/4228
f 5012/4998/4226 5014/5001/4229 5010/4999/4227
f 5010/4999/4227 5015/5002/4230 5011/5000/4228
f 5010/4999/4227 5014/5001/4229 5015/5002/4230
f 5014/5001/4229 5017/5003/4231 5015/5002/4230
f 5012/4998/4226 5019/5004/4232 5014/5001/4229
f 5014/5001/4229 5018/5005/4233 5017/5003/4231
f 5018/5005/4233 5020/5006/4234 5017/5003/4231
f 5013/5007/4235 5019/5004/4232 5012/4998/4226
f 5013/5007/4235 5016/5008/4236 5019/5004/4232
f 5014/5001/4229 5019/5004/4232 5018/5005/4233
f 5021/5009/4237 5023/5010/4238 5016/5008/4236
f 5018/5005/4233 5019/5004/4232 5022/5011/4239
f 5016/5008/4236 5023/5010/4238 5019/5004/4232
f 5018/5005/4233 5022/5011/4239 5020/5006/4234
f 5000/4987/4215 5003/4989/4217 5001/4995/4223
f 5001/4995/4223 5005/4996/4224 5025/5012/4240
f 5024/5013/4241 4999/4990/4218 5000/4987/4215
f 5001/4995/4223 5002/4993/4221 5005/4996/4224
f 5026/5014/4242 5031/5015/4243 5032/5016/4244
f 5029/5017/4245 5033/5018/4246 5028/5019/4247
f 5028/5019/4247 5031/5015/4243 5027/5020/4248
f 5030/5021/4249 5033/5018/4246 5029/5017/4245
f 5027/5020/4248 5031/5015/4243 5026/5014/4242
f 5028/5019/4247 5034/5022/4250 5031/5015/4243
f 5033/5018/4246 5034/5022/4250 5028/5019/4247
f 5033/5018/4246 5035/5023/4251 5034/5022/4250
f 5031/5015/4243 5036/5024/4252 5037/5025/4253
f 5031/5015/4243 5037/5025/4253 5032/5016/4244
f 5034/5022/4250 5036/5024/4252 5031/5015/4243
f 5035/5023/4251 5038/5026/4254 5034/5022/4250
f 5036/5024/4252 5039/5027/4255 5037/5025/4253
f 5038/5026/4254 5040/5028/4256 5034/5022/4250
f 5036/5024/4252 5040/5028/4256 5039/5027/4255
f 5040/5028/4256 5042/5029/4257 5039/5027/4255
f 5040/5028/4256 5036/5024/4252 5034/5022/4250
f 5038/5026/4254 5041/5030/4258 5040/5028/4256
f 5040/5028/4256 5043/5031/4259 5042/5029/4257
f 5040/5028/4256 5045/5032/4260 5046/5033/4261
f 5041/5030/4258 5045/5032/4260 5040/5028/4256
f 5044/5034/4262 5047/5035/4263 5041/5030/4258
f 5043/5031/4259 5048/5036/4264 5042/5029/4257
f 5046/5033/4261 5043/5031/4259 5040/5028/4256
f 5047/5035/4263 5045/5032/4260 5041/5030/4258
f 5043/5031/4259 5049/5037/4265 5048/5036/4264
f 5047/5035/4263 5050/5038/4266 5045/5032/4260
f 5046/5033/4261 5049/5037/4265 5043/5031/4259
f 5027/5020/4248 5026/5014/4242 5051/5039/4267
f 5029/5017/4245 5028/5019/4247 5027/5020/4248
f 5052/5040/4268 5053/5041/4269 5075/5042/4270
f 5075/5042/4270 5053/5041/4269 5054/5043/4271
f 5052/5040/4268 5057/5044/4272 5053/5041/4269
f 5056/5045/4273 5059/5046/4274 5055/5047/4275
f 5053/5041/4269 5059/5046/4274 5056/5045/4273
f 5055/5047/4275 5059/5046/4274 5058/5048/4276
f 5057/5044/4272 5060/5049/4277 5053/5041/4269
f 5057/5044/4272 5061/5050/4278 5060/5049/4277
f 5053/5041/4269 5060/5049/4277 5059/5046/4274
f 5059/5046/4274 5063/5051/4279 5058/5048/4276
f 5059/5046/4274 5064/5052/4280 5062/5053/4281
f 5060/5049/4277 5064/5052/4280 5059/5046/4274
f 5061/5050/4278 5065/5054/4282 5060/5049/4277
f 5059/5046/4274 5062/5053/4281 5066/5055/4283
f 5059/5046/4274 5066/5055/4283 5063/5051/4279
f 5064/5052/4280 5067/5056/4284 5062/5053/4281
f 5060/5049/4277 5069/5057/4285 5064/5052/4280
f 5062/5053/4281 5067/5056/4284 5070/5058/4286
f 5068/5059/4287 5071/5060/4288 5065/5054/4282
f 5065/5054/4282 5069/5057/4285 5060/5049/4277
f 5067/5056/4284 5072/5061/4289 5070/5058/4286
f 5064/5052/4280 5069/5057/4285 5067/5056/4284
f 5065/5054/4282 5071/5060/4288 5069/5057/4285
f 5067/5056/4284 5069/5057/4285 5072/5061/4289
f 5073/5062/4290 5052/5040/4268 5075/5042/4270
f 5054/5043/4271 5053/5041/4269 5056/5045/4273
f 5074/5063/4291 5056/5045/4273 5055/5047/4275
f 5054/5043/4271 5056/5045/4273 5074/5063/4291
f 5077/5064/4292 5079/5065/4293 5078/5066/4294
f 5076/5067/4295 5080/5068/4296 5079/5065/4293
f 5078/5066/4294 5083/5069/4297 5081/5070/4298
f 5079/5065/4293 5084/5071/4299 5078/5066/4294
f 5079/5065/4293 5080/5068/4296 5084/5071/4299
f 5076/5067/4295 5082/5072/4300 5080/5068/4296
f 5078/5066/4294 5084/5071/4299 5083/5069/4297
f 5082/5072/4300 5086/5073/4301 5085/5074/4302
f 5080/5068/4296 5087/5075/4303 5084/5071/4299
f 5085/5074/4302 5087/5075/4303 5080/5068/4296
f 5084/5071/4299 5088/5076/4304 5083/5069/4297
f 5082/5072/4300 5085/5074/4302 5080/5068/4296
f 5084/5071/4299 5089/5077/4305 5088/5076/4304
f 5086/5073/4301 5090/5078/4306 5085/5074/4302
f 5084/5071/4299 5087/5075/4303 5089/5077/4305
f 5085/5074/4302 5091/5079/4307 5087/5075/4303
f 5087/5075/4303 5092/5080/4308 5089/5077/4305
f 5085/5074/4302 5090/5078/4306 5091/5079/4307
f 5087/5075/4303 5093/5081/4309 5092/5080/4308
f 5093/5081/4309 5094/5082/4310 5092/5080/4308
f 5087/5075/4303 5091/5079/4307 5093/5081/4309
f 5090/5078/4306 5096/5083/4311 5091/5079/4307
f 5097/5084/4312 5098/5085/4313 5094/5082/4310
f 5091/5079/4307 5097/5084/4312 5093/5081/4309
f 5093/5081/4309 5097/5084/4312 5094/5082/4310
f 5095/5086/4314 5076/5067/4295 5079/5065/4293
f 5077/5064/4292 5078/5066/4294 5081/5070/4298
f 5077/5064/4292 5081/5070/4298 5099/5087/4315
f 5095/5086/4314 5079/5065/4293 5077/5064/4292
f 5100/5088/4316 5104/5089/4317 5101/5090/4318
f 5102/5091/4319 5100/5088/4316 5124/5092/4320
f 5103/5093/4321 5108/5094/4322 5107/5095/4323
f 5103/5093/4321 5107/5095/4323 5102/5091/4319
f 5105/5096/4324 5109/5097/4325 5108/5094/4322
f 5105/5096/4324 5108/5094/4322 5103/5093/4321
f 5104/5089/4317 5110/5098/4326 5106/5099/4327
f 5100/5088/4316 5110/5098/4326 5104/5089/4317
f 5102/5091/4319 5110/5098/4326 5100/5088/4316
f 5110/5098/4326 5111/5100/4328 5106/5099/4327
f 5107/5095/4323 5110/5098/4326 5102/5091/4319
f 5107/5095/4323 5112/5101/4329 5110/5098/4326
f 5108/5094/4322 5112/5101/4329 5107/5095/4323
f 5112/5101/4329 5113/5102/4330 5110/5098/4326
f 5115/5103/4331 5114/5104/4332 5112/5101/4329
f 5111/5100/4328 5113/5102/4330 5116/5105/4333
f 5110/5098/4326 5113/5102/4330 5111/5100/4328
f 5108/5094/4322 5115/5103/4331 5112/5101/4329
f 5113/5102/4330 5117/5106/4334 5116/5105/4333
f 5112/5101/4329 5118/5107/4335 5119/5108/4336
f 5112/5101/4329 5119/5108/4336 5113/5102/4330
f 5114/5104/4332 5118/5107/4335 5112/5101/4329
f 5114/5104/4332 5120/5109/4337 5118/5107/4335
f 5113/5102/4330 5119/5108/4336 5117/5106/4334
f 5118/5107/4335 5122/5110/4338 5119/5108/4336
f 5120/5109/4337 5123/5111/4339 5122/5110/4338
f 5120/5109/4337 5122/5110/4338 5118/5107/4335
f 5119/5108/4336 5121/5112/4340 5117/5106/4334
f 5124/5092/4320 5100/5088/4316 5125/5113/4341
f 5100/5088/4316 5101/5090/4318 5125/5113/4341
f 5126/5114/4342 5102/5091/4319 5124/5092/4320
f 5126/5114/4342 5103/5093/4321 5102/5091/4319
f 5127/5115/4343 5129/5116/4344 5128/5117/4345
f 5128/5117/4345 5131/5118/4346 5130/5119/4347
f 5131/5118/4346 5133/5120/4348 5130/5119/4347
f 5128/5117/4345 5129/5116/4344 5131/5118/4346
f 5127/5115/4343 5132/5121/4349 5129/5116/4344
f 5129/5116/4344 5136/5122/4350 5137/5123/4351
f 5131/5118/4346 5137/5123/4351 5135/5124/4352
f 5131/5118/4346 5139/5125/4353 5133/5120/4348
f 5138/5126/4354 5136/5122/4350 5134/5127/4355
f 5137/5123/4351 5140/5128/4356 5135/5124/4352
f 5132/5121/4349 5134/5127/4355 5129/5116/4344
f 5131/5118/4346 5135/5124/4352 5139/5125/4353
f 5134/5127/4355 5136/5122/4350 5129/5116/4344
f 5138/5126/4354 5141/5129/4357 5136/5122/4350
f 5129/5116/4344 5137/5123/4351 5131/5118/4346
f 5137/5123/4351 5142/5130/4358 5140/5128/4356
f 5136/5122/4350 5141/5129/4357 5137/5123/4351
f 5140/5128/4356 5142/5130/4358 5144/5131/4359
f 5141/5129/4357 5145/5132/4360 5146/5133/4361
f 5141/5129/4357 5146/5133/4361 5137/5123/4351
f 5143/5134/4362 5147/5135/4363 5145/5132/4360
f 5143/5134/4362 5145/5132/4360 5141/5129/4357
f 5142/5130/4358 5146/5133/4361 5148/5136/4364
f 5142/5130/4358 5148/5136/4364 5144/5131/4359
f 5137/5123/4351 5146/5133/4361 5142/5130/4358
f 5149/5137/4365 5127/5115/4343 5150/5138/4366
f 5128/5117/4345 5130/5119/4347 5151/5139/4367
f 5150/5138/4366 5127/5115/4343 5128/5117/4345
f 5153/5140/4368 5167/5141/4369 5166/5142/4370
f 5156/5143/4371 5154/5144/4372 5155/5145/4373
f 5155/5145/4373 5158/5146/4374 5166/5142/4370
f 5161/5147/4375 5152/5148/4376 5163/5149/4377
f 5155/5145/4373 5154/5144/4372 5158/5146/4374
f 5162/5150/4378 5165/5151/4379 5155/5145/4373
f 5162/5150/4378 5155/5145/4373 5170/5152/4380
f 5160/5153/4381 5170/5152/4380 5152/5148/4376
f 5160/5153/4381 5152/5148/4376 5161/5147/4375
f 5152/5148/4376 5169/5154/4382 5163/5149/4377
f 5152/5148/4376 5157/5155/4383 5169/5154/4382
f 5168/5156/4384 5170/5152/4380 5160/5153/4381
f 5164/5157/4385 5157/5155/4383 5152/5148/4376
f 5162/5150/4378 5170/5152/4380 5168/5156/4384
f 5170/5152/4380 5164/5157/4385 5152/5148/4376
f 5165/5151/4379 5156/5143/4371 5155/5145/4373
f 5164/5157/4385 5159/5158/4386 5157/5155/4383
f 5170/5152/4380 5155/5145/4373 5164/5157/4385
f 5155/5145/4373 5159/5158/4386 5164/5157/4385
f 5155/5145/4373 5166/5142/4370 5159/5158/4386
f 5159/5158/4386 5166/5142/4370 5167/5141/4369
f 5158/5146/4374 5153/5140/4368 5166/5142/4370
f 5188/5159/4387 5171/5160/4388 5172/5161/4389
f 5175/5162/4390 5171/5160/4388 5173/5163/4391
f 5171/5160/4388 5175/5162/4390 5176/5164/4392
f 5180/5165/4393 5178/5166/4394 5184/5167/4395
f 5177/5168/4396 5174/5169/4397 5179/5170/4398
f 5174/5169/4397 5181/5171/4399 5179/5170/4398
f 5182/5172/4400 5181/5171/4399 5183/5173/4401
f 5179/5170/4398 5181/5171/4399 5182/5172/4400
f 5186/5174/4402 5181/5171/4399 5185/5175/4403
f 5180/5165/4393 5184/5167/4395 5174/5169/4397
f 5174/5169/4397 5185/5175/4403 5181/5171/4399
f 5174/5169/4397 5184/5167/4395 5185/5175/4403
f 5186/5174/4402 5187/5176/4404 5183/5173/4401
f 5186/5174/4402 5183/5173/4401 5181/5171/4399
f 5185/5175/4403 5188/5159/4387 5186/5174/4402
f 5185/5175/4403 5184/5167/4395 5188/5159/4387
f 5186/5174/4402 5189/5177/4405 5187/5176/4404
f 5186/5174/4402 5188/5159/4387 5189/5177/4405
f 5184/5167/4395 5173/5163/4391 5171/5160/4388
f 5171/5160/4388 5176/5164/4392 5172/5161/4389
f 5190/5178/4406 5173/5163/4391 5184/5167/4395
f 5188/5159/4387 5172/5161/4389 5189/5177/4405
f 5188/5159/4387 5184/5167/4395 5171/5160/4388
f 5190/5178/4406 5184/5167/4395 5178/5166/4394
f 5191/5179/4407 5206/5180/4408 5192/5181/4409
f 5191/5179/4407 5204/5182/4410 5206/5180/4408
f 5203/5183/4411 5204/5182/4410 5195/5184/4412
f 5191/5179/4407 5198/5185/4413 5204/5182/4410
f 5201/5186/4414 5203/5183/4411 5199/5187/4415
f 5203/5183/4411 5200/5188/4416 5199/5187/4415
f 5196/5189/4417 5206/5180/4408 5203/5183/4411
f 5202/5190/4418 5201/5186/4414 5199/5187/4415
f 5192/5181/4409 5193/5191/4419 5191/5179/4407
f 5203/5183/4411 5195/5184/4412 5200/5188/4416
f 5197/5192/4420 5201/5186/4414 5202/5190/4418
f 5196/5189/4417 5203/5183/4411 5201/5186/4414
f 5194/5193/4421 5193/5191/4419 5197/5192/4420
f 5206/5180/4408 5204/5182/4410 5203/5183/4411
f 5201/5186/4414 5197/5192/4420 5205/5194/4422
f 5201/5186/4414 5205/5194/4422 5196/5189/4417
f 5196/5189/4417 5205/5194/4422 5206/5180/4408
f 5197/5192/4420 5192/5181/4409 5205/5194/4422
f 5193/5191/4419 5192/5181/4409 5197/5192/4420
f 5205/5194/4422 5192/5181/4409 5206/5180/4408
f 5219/5195/4423 5209/5196/4424 5212/5197/4425
f 5208/5198/4426 5207/5199/4427 5220/5200/4428
f 5208/5198/4426 5212/5197/4425 5207/5199/4427
f 5210/5201/4429 5217/5202/4430 5211/5203/4431
f 5215/5204/4432 5211/5203/4431 5216/5205/4433
f 5214/5206/4434 5211/5203/4431 5215/5204/4432
f 5216/5205/4433 5213/5207/4435 5215/5204/4432
f 5216/5205/4433 5220/5200/4428 5213/5207/4435
f 5211/5203/4431 5221/5208/4436 5216/5205/4433
f 5211/5203/4431 5218/5209/4437 5221/5208/4436
f 5211/5203/4431 5217/5202/4430 5218/5209/4437
f 5221/5208/4436 5223/5210/4438 5216/5205/4433
f 5218/5209/4437 5223/5210/4438 5221/5208/4436
f 5223/5210/4438 5220/5200/4428 5216/5205/4433
f 5217/5202/4430 5209/5196/4424 5219/5195/4423
f 5208/5198/4426 5220/5200/4428 5223/5210/4438
f 5219/5195/4423 5218/5209/4437 5217/5202/4430
f 5218/5209/4437 5219/5195/4423 5208/5198/4426
f 5222/5211/4439 5209/5196/4424 5217/5202/4430
f 5210/5201/4429 5211/5203/4431 5214/5206/4434
f 5218/5209/4437 5208/5198/4426 5223/5210/4438
f 5219/5195/4423 5212/5197/4425 5208/5198/4426
f 5229/5212/4440 5224/5213/4441 5225/5214/4442
f 5227/5215/4443 5229/5212/4440 5240/5216/4444
f 5234/5217/4445 5233/5218/4446 5228/5219/4447
f 5240/5216/4444 5229/5212/4440 5225/5214/4442
f 5238/5220/4448 5240/5216/4444 5232/5221/4449
f 5228/5219/4447 5235/5222/4450 5230/5223/4451
f 5236/5224/4452 5240/5216/4444 5238/5220/4448
f 5233/5218/4446 5237/5225/4453 5228/5219/4447
f 5237/5225/4453 5235/5222/4450 5228/5219/4447
f 5237/5225/4453 5239/5226/4454 5235/5222/4450
f 5238/5220/4448 5232/5221/4449 5233/5218/4446
f 5232/5221/4449 5237/5225/4453 5233/5218/4446
f 5232/5221/4449 5240/5216/4444 5231/5227/4455
f 5225/5214/4442 5224/5213/4441 5231/5227/4455
f 5232/5221/4449 5231/5227/4455 5237/5225/4453
f 5236/5224/4452 5227/5215/4443 5240/5216/4444
f 5231/5227/4455 5241/5228/4456 5239/5226/4454
f 5237/5225/4453 5231/5227/4455 5239/5226/4454
f 5240/5216/4444 5225/5214/4442 5231/5227/4455
f 5231/5227/4455 5224/5213/4441 5226/5229/4457
f 5231/5227/4455 5226/5229/4457 5241/5228/4456
f 5244/5230/4458 5242/5231/4459 5258/5232/4460
f 5247/5233/4461 5248/5234/4462 5249/5235/4463
f 5242/5231/4459 5244/5230/4458 5246/5236/4464
f 5251/5237/4465 5248/5234/4462 5247/5233/4461
f 5249/5235/4463 5250/5238/4466 5252/5239/4467
f 5250/5238/4466 5256/5240/4468 5252/5239/4467
f 5255/5241/4469 5249/5235/4463 5254/5242/4470
f 5253/5243/4471 5244/5230/4458 5258/5232/4460
f 5245/5244/4472 5250/5238/4466 5249/5235/4463
f 5257/5245/4473 5256/5240/4468 5250/5238/4466
f 5245/5244/4472 5257/5245/4473 5250/5238/4466
f 5247/5233/4461 5249/5235/4463 5255/5241/4469
f 5249/5235/4463 5248/5234/4462 5245/5244/4472
f 5248/5234/4462 5260/5246/4474 5257/5245/4473
f 5257/5245/4473 5260/5246/4474 5259/5247/4475
f 5251/5237/4465 5243/5248/4476 5248/5234/4462
f 5248/5234/4462 5257/5245/4473 5245/5244/4472
f 5243/5248/4476 5260/5246/4474 5248/5234/4462
f 5260/5246/4474 5261/5249/4477 5259/5247/4475
f 5243/5248/4476 5242/5231/4459 5260/5246/4474
f 5260/5246/4474 5242/5231/4459 5261/5249/4477
f 5251/5237/4465 5258/5232/4460 5243/5248/4476
f 5258/5232/4460 5242/5231/4459 5243/5248/4476
f 5242/5231/4459 5246/5236/4464 5261/5249/4477
f 5284/5250/4478 5265/5251/4479 5262/5252/4480
f 5264/5253/4481 5265/5251/4479 5284/5250/4478
f 5263/5254/4482 5267/5255/4483 5266/5256/4484
f 5264/5253/4481 5268/5257/4485 5265/5251/4479
f 5263/5254/4482 5269/5258/4486 5267/5255/4483
f 5269/5258/4486 5270/5259/4487 5267/5255/4483
f 5265/5251/4479 5271/5260/4488 5262/5252/4480
f 5262/5252/4480 5269/5258/4486 5263/5254/4482
f 5269/5258/4486 5272/5261/4489 5273/5262/4490
f 5269/5258/4486 5273/5262/4490 5270/5259/4487
f 5269/5258/4486 5274/5263/4491 5272/5261/4489
f 5262/5252/4480 5271/5260/4488 5269/5258/4486
f 5275/5264/4492 5271/5260/4488 5265/5251/4479
f 5271/5260/4488 5274/5263/4491 5269/5258/4486
f 5272/5261/4489 5276/5265/4493 5273/5262/4490
f 5275/5264/4492 5278/5266/4494 5271/5260/4488
f 5271/5260/4488 5279/5267/4495 5277/5268/4496
f 5271/5260/4488 5277/5268/4496 5274/5263/4491
f 5272/5261/4489 5280/5269/4497 5276/5265/4493
f 5274/5263/4491 5277/5268/4496 5272/5261/4489
f 5278/5266/4494 5279/5267/4495 5271/5260/4488
f 5272/5261/4489 5277/5268/4496 5280/5269/4497
f 5263/5254/4482 5266/5256/4484 5281/5270/4498
f 5283/5271/4499 5263/5254/4482 5282/5272/4500
f 5282/5272/4500 5263/5254/4482 5281/5270/4498
f 5283/5271/4499 5262/5252/4480 5263/5254/4482
f 5284/5250/4478 5262/5252/4480 5283/5271/4499
f 5307/5273/4501 5285/5274/4502 5286/5275/4503
f 5288/5276/4504 5289/5277/4505 5307/5273/4501
f 5307/5273/4501 5289/5277/4505 5285/5274/4502
f 5287/5278/4506 5291/5279/4507 5289/5277/4505
f 5287/5278/4506 5289/5277/4505 5288/5276/4504
f 5286/5275/4503 5285/5274/4502 5292/5280/4508
f 5286/5275/4503 5292/5280/4508 5290/5281/4509
f 5291/5279/4507 5293/5282/4510 5289/5277/4505
f 5285/5274/4502 5296/5283/4511 5295/5284/4512
f 5285/5274/4502 5295/5284/4512 5292/5280/4508
f 5289/5277/4505 5294/5285/4513 5285/5274/4502
f 5293/5282/4510 5294/5285/4513 5289/5277/4505
f 5294/5285/4513 5296/5283/4511 5285/5274/4502
f 5293/5282/4510 5298/5286/4514 5294/5285/4513
f 5296/5283/4511 5297/5287/4515 5299/5288/4516
f 5296/5283/4511 5299/5288/4516 5295/5284/4512
f 5298/5286/4514 5300/5289/4517 5294/5285/4513
f 5297/5287/4515 5301/5290/4518 5299/5288/4516
f 5296/5283/4511 5302/5291/4519 5297/5287/4515
f 5294/5285/4513 5302/5291/4519 5296/5283/4511
f 5300/5289/4517 5304/5292/4520 5302/5291/4519
f 5300/5289/4517 5302/5291/4519 5294/5285/4513
f 5297/5287/4515 5302/5291/4519 5301/5290/4518
f 5305/5293/4521 5286/5275/4503 5290/5281/4509
f 5305/5293/4521 5290/5281/4509 5303/5294/4522
f 5307/5273/4501 5286/5275/4503 5305/5293/4521
f 5305/5293/4521 5303/5294/4522 5306/5295/4523
f 5329/5296/4524 5310/5297/4525 5309/5298/4526
f 5309/5298/4526 5313/5299/4527 5314/5300/4528
f 5309/5298/4526 5314/5300/4528 5311/5301/4529
f 5310/5297/4525 5313/5299/4527 5309/5298/4526
f 5316/5302/4530 5315/5303/4531 5312/5304/4532
f 5316/5302/4530 5312/5304/4532 5311/5301/4529
f 5311/5301/4529 5314/5300/4528 5316/5302/4530
f 5316/5302/4530 5317/5305/4533 5315/5303/4531
f 5313/5299/4527 5321/5306/4534 5314/5300/4528
f 5314/5300/4528 5308/5307/4535 5316/5302/4530
f 5314/5300/4528 5321/5306/4534 5308/5307/4535
f 5308/5307/4535 5319/5308/4536 5317/5305/4533
f 5308/5307/4535 5317/5305/4533 5316/5302/4530
f 5320/5309/4537 5321/5306/4534 5313/5299/4527
f 5320/5309/4537 5322/5310/4538 5321/5306/4534
f 5323/5311/4539 5324/5312/4540 5319/5308/4536
f 5323/5311/4539 5319/5308/4536 5308/5307/4535
f 5322/5310/4538 5326/5313/4541 5321/5306/4534
f 5308/5307/4535 5327/5314/4542 5323/5311/4539
f 5321/5306/4534 5327/5314/4542 5308/5307/4535
f 5326/5313/4541 5325/5315/4543 5321/5306/4534
f 5321/5306/4534 5325/5315/4543 5327/5314/4542
f 5327/5314/4542 5328/5316/4544 5324/5312/4540
f 5327/5314/4542 5324/5312/4540 5323/5311/4539
f 5311/5301/4529 5312/5304/4532 5330/5317/4545
f 5334/5318/4546 5336/5319/4547 5335/5320/4548
f 5332/5321/4549 5337/5322/4550 5331/5323/4551
f 5331/5323/4551 5337/5322/4550 5334/5318/4546
f 5331/5323/4551 5334/5318/4546 5318/5324/4552
f 5337/5322/4550 5339/5325/4553 5334/5318/4546
f 5334/5318/4546 5340/5326/4554 5336/5319/4547
f 5334/5318/4546 5339/5325/4553 5340/5326/4554
f 5337/5322/4550 5341/5327/4555 5339/5325/4553
f 5342/5328/4556 5341/5327/4555 5337/5322/4550
f 5342/5328/4556 5337/5322/4550 5332/5321/4549
f 5340/5326/4554 5343/5329/4557 5336/5319/4547
f 5340/5326/4554 5344/5330/4558 5343/5329/4557
f 5340/5326/4554 5346/5331/4559 5344/5330/4558
f 5339/5325/4553 5345/5332/4560 5346/5331/4559
f 5339/5325/4553 5346/5331/4559 5340/5326/4554
f 5341/5327/4555 5347/5333/4561 5345/5332/4560
f 5341/5327/4555 5345/5332/4560 5339/5325/4553
f 5346/5331/4559 5348/5334/4562 5344/5330/4558
f 5345/5332/4560 5350/5335/4563 5351/5336/4564
f 5346/5331/4559 5351/5336/4564 5348/5334/4562
f 5345/5332/4560 5351/5336/4564 5346/5331/4559
f 5347/5333/4561 5350/5335/4563 5345/5332/4560
f 5352/5337/4565 5350/5335/4563 5347/5333/4561
f 5352/5337/4565 5347/5333/4561 5349/5338/4566
f 5351/5336/4564 5353/5339/4567 5348/5334/4562
f 5350/5335/4563 5354/5340/4568 5351/5336/4564
f 5351/5336/4564 5355/5341/4569 5353/5339/4567
f 5351/5336/4564 5354/5340/4568 5355/5341/4569
f 5356/5342/4570 5350/5335/4563 5352/5337/4565
f 5318/5324/4552 5334/5318/4546 5357/5343/4571
f 5333/5344/4572 5332/5321/4549 5331/5323/4551
f 5333/5344/4572 5331/5323/4551 5358/5345/4573
f 5334/5318/4546 5335/5320/4548 5357/5343/4571
f 5360/5346/4574 5359/5347/4575 5361/5348/4576
f 5361/5348/4576 5362/5349/4577 5365/5350/4578
f 5338/5351/4579 5363/5352/4580 5364/5353/4581
f 5365/5350/4578 5362/5349/4577 5338/5351/4579
f 5338/5351/4579 5366/5354/4582 5363/5352/4580
f 5366/5354/4582 5367/5355/4583 5363/5352/4580
f 5362/5349/4577 5366/5354/4582 5338/5351/4579
f 5361/5348/4576 5368/5356/4584 5362/5349/4577
f 5366/5354/4582 5369/5357/4585 5367/5355/4583
f 5362/5349/4577 5370/5358/4586 5366/5354/4582
f 5371/5359/4587 5368/5356/4584 5361/5348/4576
f 5371/5359/4587 5372/5360/4588 5368/5356/4584
f 5366/5354/4582 5370/5358/4586 5369/5357/4585
f 5369/5357/4585 5374/5361/4589 5373/5362/4590
f 5374/5361/4589 5376/5363/4591 5373/5362/4590
f 5370/5358/4586 5375/5364/4592 5374/5361/4589
f 5372/5360/4588 5377/5365/4593 5368/5356/4584
f 5368/5356/4584 5378/5366/4594 5375/5364/4592
f 5370/5358/4586 5374/5361/4589 5369/5357/4585
f 5368/5356/4584 5375/5364/4592 5370/5358/4586
f 5374/5361/4589 5375/5364/4592 5376/5363/4591
f 5377/5365/4593 5378/5366/4594 5368/5356/4584
f 5360/5346/4574 5361/5348/4576 5365/5350/4578
f 5379/5367/4595 5338/5351/4579 5364/5353/4581
f 5368/5356/4584 5370/5358/4586 5362/5349/4577
f 5365/5350/4578 5338/5351/4579 5379/5367/4595
f 5379/5367/4595 5364/5353/4581 5380/5368/4596
f 5383/5369/4597 5381/5370/4598 5385/5371/4599
f 5382/5372/4600 5387/5373/4601 5384/5374/4602
f 5382/5372/4600 5384/5374/4602 5383/5369/4597
f 5381/5370/4598 5388/5375/4603 5389/5376/4604
f 5381/5370/4598 5389/5376/4604 5386/5377/4605
f 5383/5369/4597 5384/5374/4602 5381/5370/4598
f 5388/5375/4603 5392/5378/4606 5389/5376/4604
f 5384/5374/4602 5388/5375/4603 5381/5370/4598
f 5387/5373/4601 5393/5379/4607 5390/5380/4608
f 5387/5373/4601 5390/5380/4608 5384/5374/4602
f 5384/5374/4602 5390/5380/4608 5388/5375/4603
f 5392/5378/4606 5394/5381/4609 5396/5382/4610
f 5390/5380/4608 5391/5383/4611 5388/5375/4603
f 5393/5379/4607 5397/5384/4612 5390/5380/4608
f 5395/5385/4613 5391/5383/4611 5390/5380/4608
f 5391/5383/4611 5392/5378/4606 5388/5375/4603
f 5391/5383/4611 5394/5381/4609 5392/5378/4606
f 5397/5384/4612 5395/5385/4613 5390/5380/4608
f 5391/5383/4611 5400/5386/4614 5394/5381/4609
f 5395/5385/4613 5398/5387/4615 5391/5383/4611
f 5394/5381/4609 5400/5386/4614 5399/5388/4616
f 5394/5381/4609 5399/5388/4616 5396/5382/4610
f 5401/5389/4617 5398/5387/4615 5395/5385/4613
f 5391/5383/4611 5398/5387/4615 5400/5386/4614
f 5401/5389/4617 5403/5390/4618 5398/5387/4615
f 5400/5386/4614 5402/5391/4619 5405/5392/4620
f 5400/5386/4614 5405/5392/4620 5399/5388/4616
f 5400/5386/4614 5398/5387/4615 5402/5391/4619
f 5403/5390/4618 5404/5393/4621 5398/5387/4615
f 5408/5394/4622 5382/5372/4600 5383/5369/4597
f 5385/5371/4599 5381/5370/4598 5386/5377/4605
f 5385/5371/4599 5386/5377/4605 5406/5395/4623
f 5385/5371/4599 5406/5395/4623 5407/5396/4624
f 5541/5397/4625 5409/5398/4626 5410/5399/4627
f 5541/5397/4625 5410/5399/4627 5411/5400/4628
f 5411/5400/4628 5410/5399/4627 5412/5401/4629
f 5411/5400/4628 5412/5401/4629 5413/5402/4630
f 5413/5402/4630 5412/5401/4629 5414/5403/4631
f 5413/5402/4630 5414/5403/4631 5534/5404/4632
f 5414/5403/4631 5415/5405/4633 5534/5404/4632
f 5534/5404/4632 5415/5405/4633 5416/5406/4634
f 5416/5406/4634 5415/5405/4633 5417/5407/4635
f 5416/5406/4634 5417/5407/4635 5601/5408/4636
f 5418/5409/4637 5420/5410/4638 5419/5411/4639
f 5419/5411/4639 5421/5412/4640 5537/5413/4641
f 5419/5411/4639 5420/5410/4638 5421/5412/4640
f 5537/5413/4641 5421/5412/4640 5422/5414/4642
f 5422/5414/4642 5421/5412/4640 5423/5415/4643
f 5422/5414/4642 5423/5415/4643 5424/5416/4644
f 5424/5416/4644 5423/5415/4643 5409/5398/4626
f 5424/5416/4644 5409/5398/4626 5541/5397/4625
f 5425/5417/4645 5427/5418/4646 5429/5419/4647
f 5429/5419/4647 5427/5418/4646 5428/5420/4648
f 5429/5419/4647 5428/5420/4648 5431/5421/4649
f 5429/5419/4647 5431/5421/4649 5544/5422/4650
f 5544/5422/4650 5431/5421/4649 5432/5423/4651
f 5544/5422/4650 5432/5423/4651 5546/5424/4652
f 5546/5424/4652 5432/5423/4651 5434/5425/4653
f 5546/5424/4652 5434/5425/4653 5435/5426/4654
f 5437/5427/4655 5440/5428/4656 5441/5429/4657
f 5441/5429/4657 5443/5430/4658 5551/5431/4659
f 5551/5431/4659 5443/5430/4658 5445/5432/4660
f 5551/5431/4659 5445/5432/4660 5553/5433/4661
f 5553/5433/4661 5445/5432/4660 5447/5434/4662
f 5444/5435/4663 5446/5436/4664 5448/5437/4665
f 5553/5433/4661 5447/5434/4662 5449/5438/4666
f 5553/5433/4661 5449/5438/4666 5425/5417/4645
f 5556/5439/4667 5450/5440/4668 5451/5441/4669
f 5556/5439/4667 5451/5441/4669 5454/5442/4670
f 5453/5443/4671 5560/5444/4672 5455/5445/4673
f 5557/5446/4674 5454/5442/4670 5456/5447/4675
f 5557/5446/4674 5456/5447/4675 5559/5448/4676
f 5559/5448/4676 5456/5447/4675 5457/5449/4677
f 5559/5448/4676 5457/5449/4677 5458/5450/4678
f 5458/5450/4678 5457/5449/4677 5460/5451/4679
f 5458/5450/4678 5460/5451/4679 5461/5452/4680
f 5459/5453/4681 5562/5454/4682 5462/5455/4683
f 5463/5456/4684 5466/5457/4685 5566/5458/4686
f 5566/5458/4686 5466/5457/4685 5467/5459/4687
f 5566/5458/4686 5467/5459/4687 5567/5460/4688
f 5465/5461/4689 5468/5462/4690 5469/5463/4691
f 5567/5460/4688 5467/5459/4687 5470/5464/4692
f 5567/5460/4688 5470/5464/4692 5471/5465/4693
f 5567/5460/4688 5471/5465/4693 5569/5466/4694
f 5469/5463/4691 5468/5462/4690 5568/5467/4695
f 5569/5466/4694 5471/5465/4693 5472/5468/4696
f 5469/5463/4691 5568/5467/4695 5473/5469/4697
f 5569/5466/4694 5472/5468/4696 5474/5470/4698
f 5569/5466/4694 5474/5470/4698 5450/5440/4668
f 5475/5471/4699 5504/5472/4700 5476/5473/4701
f 5475/5471/4699 5476/5473/4701 5478/5474/4702
f 5478/5474/4702 5480/5475/4703 5573/5476/4704
f 5573/5476/4704 5480/5475/4703 5482/5477/4705
f 5573/5476/4704 5482/5477/4705 5483/5478/4706
f 5483/5478/4706 5482/5477/4705 5484/5479/4707
f 5483/5478/4706 5484/5479/4707 5576/5480/4708
f 5576/5480/4708 5484/5479/4707 5486/5481/4709
f 5576/5480/4708 5486/5481/4709 5487/5482/4710
f 5576/5480/4708 5487/5482/4710 5578/5483/4711
f 5578/5483/4711 5487/5482/4710 5490/5484/4712
f 5491/5485/4713 5492/5486/4714 5495/5487/4715
f 5495/5487/4715 5492/5486/4714 5497/5488/4716
f 5495/5487/4715 5497/5488/4716 5498/5489/4717
f 5495/5487/4715 5498/5489/4717 5499/5490/4718
f 5499/5490/4718 5501/5491/4719 5583/5492/4720
f 5500/5493/4721 5584/5494/4722 5502/5495/4723
f 5583/5492/4720 5501/5491/4719 5503/5496/4724
f 5583/5492/4720 5503/5496/4724 5504/5472/4700
f 5583/5492/4720 5504/5472/4700 5475/5471/4699
f 5516/5497/4725 5590/5498/4726 5518/5499/4727
f 5519/5500/4728 5517/5501/4729 5520/5502/4730
f 5522/5503/4731 5520/5502/4730 5523/5504/4732
f 5522/5503/4731 5523/5504/4732 5524/5505/4733
f 5525/5506/4734 5521/5507/4735 5526/5508/4736
f 5522/5503/4731 5524/5505/4733 5527/5509/4737
f 5522/5503/4731 5527/5509/4737 5528/5510/4738
f 5594/5511/4739 5528/5510/4738 5505/5512/4740
f 5532/5513/4741 5533/5514/4742 5531/5515/4743
f 5413/5402/4630 5534/5404/4632 5533/5514/4742
f 5534/5404/4632 5535/5516/4744 5533/5514/4742
f 5418/5409/4637 5419/5411/4639 5536/5517/4745
f 5419/5411/4639 5537/5413/4641 5536/5517/4745
f 5537/5413/4641 5538/5518/4746 5536/5517/4745
f 5539/5519/4747 5605/5520/4748 5538/5518/4746
f 5539/5519/4747 5540/5521/4749 5605/5520/4748
f 5541/5397/4625 5530/5522/4750 5540/5521/4749
f 5542/5523/4751 5429/5419/4647 5543/5524/4752
f 5429/5419/4647 5544/5422/4650 5543/5524/4752
f 5543/5524/4752 5544/5422/4650 5545/5525/4753
f 5544/5422/4650 5546/5424/4652 5547/5526/4754
f 5544/5422/4650 5547/5526/4754 5545/5525/4753
f 5550/5527/4755 5551/5431/4659 5552/5528/4756
f 5553/5433/4661 5554/5529/4757 5552/5528/4756
f 5551/5431/4659 5553/5433/4661 5552/5528/4756
f 5556/5439/4667 5557/5446/4674 5558/5530/4758
f 5556/5439/4667 5558/5530/4758 5555/5531/4759
f 5558/5530/4758 5559/5448/4676 5560/5444/4672
f 5559/5448/4676 5561/5532/4760 5560/5444/4672
f 5561/5532/4760 5458/5450/4678 5562/5454/4682
f 5458/5450/4678 5563/5533/4761 5562/5454/4682
f 5566/5458/4686 5468/5462/4690 5565/5534/4762
f 5566/5458/4686 5567/5460/4688 5468/5462/4690
f 5567/5460/4688 5568/5467/4695 5468/5462/4690
f 5567/5460/4688 5569/5466/4694 5568/5467/4695
f 5569/5466/4694 5570/5535/4763 5568/5467/4695
f 5573/5476/4704 5574/5536/4764 5572/5537/4765
f 5576/5480/4708 5577/5538/4766 5575/5539/4767
f 5577/5538/4766 5578/5483/4711 5489/5540/4768
f 5491/5485/4713 5579/5541/4769 5580/5542/4770
f 5495/5487/4715 5581/5543/4771 5579/5541/4769
f 5582/5544/4772 5583/5492/4720 5584/5494/4722
f 5475/5471/4699 5571/5545/4773 5584/5494/4722
f 5516/5497/4725 5519/5500/4728 5590/5498/4726
f 5519/5500/4728 5591/5546/4774 5590/5498/4726
f 5522/5503/4731 5593/5547/4775 5592/5548/4776
f 5593/5547/4775 5594/5511/4739 5526/5508/4736
f 5594/5511/4739 5585/5549/4777 5526/5508/4736
f 5411/5400/4628 5531/5515/4743 5530/5522/4750
f 5541/5397/4625 5411/5400/4628 5530/5522/4750
f 5595/5550/4778 5596/5551/4779 5531/5515/4743
f 5596/5551/4779 5530/5522/4750 5531/5515/4743
f 5411/5400/4628 5532/5513/4741 5531/5515/4743
f 5595/5550/4778 5531/5515/4743 5597/5552/4780
f 5411/5400/4628 5413/5402/4630 5533/5514/4742
f 5411/5400/4628 5533/5514/4742 5532/5513/4741
f 5598/5553/4781 5597/5552/4780 5531/5515/4743
f 5598/5553/4781 5531/5515/4743 5533/5514/4742
f 5599/5554/4782 5598/5553/4781 5533/5514/4742
f 5599/5554/4782 5533/5514/4742 5535/5516/4744
f 5534/5404/4632 5416/5406/4634 5535/5516/4744
f 5599/5554/4782 5535/5516/4744 5600/5555/4783
f 5416/5406/4634 5601/5408/4636 5535/5516/4744
f 5601/5408/4636 5600/5555/4783 5535/5516/4744
f 5602/5556/4784 5418/5409/4637 5536/5517/4745
f 5603/5557/4785 5602/5556/4784 5536/5517/4745
f 5603/5557/4785 5536/5517/4745 5604/5558/4786
f 5604/5558/4786 5536/5517/4745 5538/5518/4746
f 5537/5413/4641 5422/5414/4642 5538/5518/4746
f 5605/5520/4748 5604/5558/4786 5538/5518/4746
f 5422/5414/4642 5539/5519/4747 5538/5518/4746
f 5422/5414/4642 5424/5416/4644 5539/5519/4747
f 5606/5559/4787 5605/5520/4748 5540/5521/4749
f 5424/5416/4644 5541/5397/4625 5540/5521/4749
f 5424/5416/4644 5540/5521/4749 5539/5519/4747
f 5607/5560/4788 5606/5559/4787 5540/5521/4749
f 5596/5551/4779 5607/5560/4788 5530/5522/4750
f 5530/5522/4750 5607/5560/4788 5540/5521/4749
f 5425/5417/4645 5429/5419/4647 5542/5523/4751
f 5426/5561/4789 5448/5437/4665 5542/5523/4751
f 5426/5561/4789 5542/5523/4751 5543/5524/4752
f 5430/5562/4790 5426/5561/4789 5543/5524/4752
f 5430/5562/4790 5543/5524/4752 5545/5525/4753
f 5433/5563/4791 5430/5562/4790 5545/5525/4753
f 5433/5563/4791 5545/5525/4753 5547/5526/4754
f 5546/5424/4652 5435/5426/4654 5548/5564/4792
f 5546/5424/4652 5548/5564/4792 5547/5526/4754
f 5436/5565/4793 5433/5563/4791 5547/5526/4754
f 5436/5565/4793 5547/5526/4754 5548/5564/4792
f 5437/5427/4655 5441/5429/4657 5549/5566/4794
f 5549/5566/4794 5441/5429/4657 5550/5527/4755
f 5439/5567/4795 5438/5568/4796 5549/5566/4794
f 5439/5567/4795 5549/5566/4794 5550/5527/4755
f 5441/5429/4657 5551/5431/4659 5550/5527/4755
f 5442/5569/4797 5439/5567/4795 5550/5527/4755
f 5442/5569/4797 5550/5527/4755 5552/5528/4756
f 5444/5435/4663 5442/5569/4797 5552/5528/4756
f 5446/5436/4664 5444/5435/4663 5552/5528/4756
f 5446/5436/4664 5552/5528/4756 5554/5529/4757
f 5553/5433/4661 5425/5417/4645 5554/5529/4757
f 5554/5529/4757 5425/5417/4645 5542/5523/4751
f 5448/5437/4665 5446/5436/4664 5542/5523/4751
f 5542/5523/4751 5446/5436/4664 5554/5529/4757
f 5450/5440/4668 5556/5439/4667 5555/5531/4759
f 5452/5570/4798 5570/5535/4763 5555/5531/4759
f 5454/5442/4670 5557/5446/4674 5556/5439/4667
f 5453/5443/4671 5452/5570/4798 5555/5531/4759
f 5453/5443/4671 5555/5531/4759 5558/5530/4758
f 5557/5446/4674 5559/5448/4676 5558/5530/4758
f 5560/5444/4672 5453/5443/4671 5558/5530/4758
f 5559/5448/4676 5458/5450/4678 5561/5532/4760
f 5455/5445/4673 5560/5444/4672 5561/5532/4760
f 5455/5445/4673 5561/5532/4760 5562/5454/4682
f 5459/5453/4681 5455/5445/4673 5562/5454/4682
f 5461/5452/4680 5563/5533/4761 5458/5450/4678
f 5462/5455/4683 5562/5454/4682 5563/5533/4761
f 5463/5456/4684 5566/5458/4686 5564/5571/4799
f 5564/5571/4799 5566/5458/4686 5565/5534/4762
f 5465/5461/4689 5564/5571/4799 5565/5534/4762
f 5465/5461/4689 5464/5572/4800 5564/5571/4799
f 5465/5461/4689 5565/5534/4762 5468/5462/4690
f 5569/5466/4694 5450/5440/4668 5570/5535/4763
f 5473/5469/4697 5568/5467/4695 5570/5535/4763
f 5450/5440/4668 5555/5531/4759 5570/5535/4763
f 5452/5570/4798 5473/5469/4697 5570/5535/4763
f 5475/5471/4699 5478/5474/4702 5572/5537/4765
f 5475/5471/4699 5572/5537/4765 5571/5545/4773
f 5477/5573/4801 5502/5495/4723 5572/5537/4765
f 5478/5474/4702 5573/5476/4704 5572/5537/4765
f 5479/5574/4802 5477/5573/4801 5572/5537/4765
f 5573/5476/4704 5483/5478/4706 5574/5536/4764
f 5479/5574/4802 5572/5537/4765 5574/5536/4764
f 5481/5575/4803 5479/5574/4802 5574/5536/4764
f 5483/5478/4706 5576/5480/4708 5575/5539/4767
f 5483/5478/4706 5575/5539/4767 5574/5536/4764
f 5481/5575/4803 5574/5536/4764 5575/5539/4767
f 5485/5576/4804 5481/5575/4803 5575/5539/4767
f 5576/5480/4708 5578/5483/4711 5577/5538/4766
f 5488/5577/4805 5485/5576/4804 5575/5539/4767
f 5488/5577/4805 5575/5539/4767 5577/5538/4766
f 5489/5540/4768 5488/5577/4805 5577/5538/4766
f 5491/5485/4713 5495/5487/4715 5579/5541/4769
f 5494/5578/4806 5493/5579/4807 5580/5542/4770
f 5494/5578/4806 5580/5542/4770 5579/5541/4769
f 5495/5487/4715 5499/5490/4718 5581/5543/4771
f 5496/5580/4808 5494/5578/4806 5579/5541/4769
f 5496/5580/4808 5579/5541/4769 5581/5543/4771
f 5499/5490/4718 5582/5544/4772 5581/5543/4771
f 5496/5580/4808 5581/5543/4771 5582/5544/4772
f 5499/5490/4718 5583/5492/4720 5582/5544/4772
f 5500/5493/4721 5496/5580/4808 5582/5544/4772
f 5584/5494/4722 5500/5493/4721 5582/5544/4772
f 5583/5492/4720 5475/5471/4699 5584/5494/4722
f 5502/5495/4723 5584/5494/4722 5571/5545/4773
f 5502/5495/4723 5571/5545/4773 5572/5537/4765
f 5505/5512/4740 5508/5581/4809 5594/5511/4739
f 5594/5511/4739 5508/5581/4809 5585/5549/4777
f 5586/5582/4810 5506/5583/4811 5585/5549/4777
f 5508/5581/4809 5586/5582/4810 5585/5549/4777
f 5507/5584/4812 5506/5583/4811 5586/5582/4810
f 5508/5581/4809 5509/5585/4813 5587/5586/4814
f 5508/5581/4809 5587/5586/4814 5586/5582/4810
f 5507/5584/4812 5586/5582/4810 5587/5586/4814
f 5510/5587/4815 5507/5584/4812 5587/5586/4814
f 5509/5585/4813 5588/5588/4816 5587/5586/4814
f 5509/5585/4813 5511/5589/4817 5588/5588/4816
f 5512/5590/4818 5510/5587/4815 5588/5588/4816
f 5510/5587/4815 5587/5586/4814 5588/5588/4816
f 5511/5589/4817 5514/5591/4819 5589/5592/4820
f 5511/5589/4817 5589/5592/4820 5588/5588/4816
f 5513/5593/4821 5512/5590/4818 5588/5588/4816
f 5513/5593/4821 5588/5588/4816 5589/5592/4820
f 5514/5591/4819 5515/5594/4822 5589/5592/4820
f 5515/5594/4822 5513/5593/4821 5589/5592/4820
f 5516/5497/4725 5517/5501/4729 5519/5500/4728
f 5518/5499/4727 5590/5498/4726 5591/5546/4774
f 5520/5502/4730 5522/5503/4731 5519/5500/4728
f 5519/5500/4728 5522/5503/4731 5592/5548/4776
f 5519/5500/4728 5592/5548/4776 5591/5546/4774
f 5521/5507/4735 5518/5499/4727 5591/5546/4774
f 5521/5507/4735 5591/5546/4774 5592/5548/4776
f 5526/5508/4736 5521/5507/4735 5592/5548/4776
f 5526/5508/4736 5592/5548/4776 5593/5547/4775
f 5522/5503/4731 5528/5510/4738 5593/5547/4775
f 5528/5510/4738 5594/5511/4739 5593/5547/4775
f 5506/5583/4811 5529/5595/4823 5526/5508/4736
f 5529/5595/4823 5525/5506/4734 5526/5508/4736
f 5506/5583/4811 5526/5508/4736 5585/5549/4777
f 5608/5596/4824 5767/5597/4825 5609/5598/4826
f 5608/5596/4824 5609/5598/4826 5610/5599/4827
f 5611/5600/4828 5610/5599/4827 5612/5601/4829
f 5610/5599/4827 5609/5598/4826 5612/5601/4829
f 5612/5601/4829 5609/5598/4826 5758/5602/4830
f 5612/5601/4829 5758/5602/4830 5613/5603/4831
f 5613/5603/4831 5758/5602/4830 5614/5604/4832
f 5614/5604/4832 5758/5602/4830 5760/5605/4833
f 5614/5604/4832 5760/5605/4833 5615/5606/4834
f 5616/5607/4835 5761/5608/4836 5617/5609/4837
f 5617/5609/4837 5761/5608/4836 5618/5610/4838
f 5617/5609/4837 5618/5610/4838 5619/5611/4839
f 5619/5611/4839 5618/5610/4838 5620/5612/4840
f 5620/5612/4840 5618/5610/4838 5621/5613/4841
f 5620/5612/4840 5621/5613/4841 5622/5614/4842
f 5620/5612/4840 5622/5614/4842 5623/5615/4843
f 5623/5615/4843 5622/5614/4842 5767/5597/4825
f 5623/5615/4843 5767/5597/4825 5624/5616/4844
f 5624/5616/4844 5767/5597/4825 5608/5596/4824
f 5627/5617/4845 5626/5618/4846 5770/5619/4847
f 5627/5617/4845 5770/5619/4847 5628/5620/4848
f 5625/5621/4849 5629/5622/4850 5769/5623/4851
f 5628/5620/4848 5770/5619/4847 5631/5624/4852
f 5628/5620/4848 5631/5624/4852 5632/5625/4853
f 5632/5625/4853 5631/5624/4852 5773/5626/4854
f 5632/5625/4853 5773/5626/4854 5633/5627/4855
f 5633/5627/4855 5773/5626/4854 5635/5628/4856
f 5635/5628/4856 5773/5626/4854 5636/5629/4857
f 5639/5630/4858 5640/5631/4859 5641/5632/4860
f 5776/5633/4861 5642/5634/4862 5644/5635/4863
f 5776/5633/4861 5644/5635/4863 5778/5636/4864
f 5643/5637/4865 5640/5631/4859 5645/5638/4866
f 5778/5636/4864 5644/5635/4863 5646/5639/4867
f 5643/5637/4865 5645/5638/4866 5780/5640/4868
f 5643/5637/4865 5780/5640/4868 5647/5641/4869
f 5646/5639/4867 5648/5642/4870 5779/5643/4871
f 5647/5641/4869 5780/5640/4868 5649/5644/4872
f 5650/5645/4873 5649/5644/4872 5626/5618/4846
f 5783/5646/4874 5651/5647/4875 5663/5648/4876
f 5663/5648/4876 5651/5647/4875 5652/5649/4877
f 5652/5649/4877 5651/5647/4875 5653/5650/4878
f 5652/5649/4877 5653/5650/4878 5654/5651/4879
f 5654/5651/4879 5653/5650/4878 5655/5652/4880
f 5654/5651/4879 5655/5652/4880 5656/5653/4881
f 5656/5653/4881 5655/5652/4880 5657/5654/4882
f 5658/5655/4883 5787/5656/4884 5660/5657/4885
f 5658/5655/4883 5660/5657/4885 5659/5658/4886
f 5659/5658/4886 5660/5657/4885 5661/5659/4887
f 5660/5657/4885 5662/5660/4888 5661/5659/4887
f 5663/5648/4876 5661/5659/4887 5783/5646/4874
f 5661/5659/4887 5662/5660/4888 5783/5646/4874
f 5694/5661/4889 5664/5662/4890 5665/5663/4891
f 5666/5664/4892 5667/5665/4893 5668/5666/4894
f 5666/5664/4892 5668/5666/4894 5669/5667/4895
f 5665/5663/4891 5664/5662/4890 5670/5668/4896
f 5669/5667/4895 5668/5666/4894 5671/5669/4897
f 5669/5667/4895 5671/5669/4897 5672/5670/4898
f 5672/5670/4898 5671/5669/4897 5674/5671/4899
f 5674/5671/4899 5671/5669/4897 5675/5672/4900
f 5675/5672/4900 5797/5673/4901 5677/5674/4902
f 5796/5675/4903 5678/5676/4904 5679/5677/4905
f 5677/5674/4902 5797/5673/4901 5680/5678/4906
f 5682/5679/4907 5683/5680/4908 5800/5681/4909
f 5800/5681/4909 5683/5680/4908 5685/5682/4910
f 5800/5681/4909 5685/5682/4910 5686/5683/4911
f 5800/5681/4909 5686/5683/4911 5687/5684/4912
f 5687/5684/4912 5686/5683/4911 5689/5685/4913
f 5687/5684/4912 5689/5685/4913 5690/5686/4914
f 5688/5687/4915 5802/5688/4916 5691/5689/4917
f 5691/5689/4917 5802/5688/4916 5692/5690/4918
f 5691/5689/4917 5692/5690/4918 5693/5691/4919
f 5693/5691/4919 5692/5690/4918 5667/5665/4893
f 5693/5691/4919 5667/5665/4893 5666/5664/4892
f 5697/5692/4920 5696/5693/4921 5805/5694/4922
f 5697/5692/4920 5805/5694/4922 5698/5695/4923
f 5695/5696/4924 5699/5697/4925 5806/5698/4926
f 5698/5695/4923 5805/5694/4922 5700/5699/4927
f 5806/5698/4926 5699/5697/4925 5702/5700/4928
f 5806/5698/4926 5702/5700/4928 5703/5701/4929
f 5703/5701/4929 5702/5700/4928 5704/5702/4930
f 5701/5703/4931 5809/5704/4932 5705/5705/4933
f 5703/5701/4929 5704/5702/4930 5706/5706/4934
f 5706/5706/4934 5707/5707/4935 5811/5708/4936
f 5708/5709/4937 5709/5710/4938 5710/5711/4939
f 5710/5711/4939 5709/5710/4938 5712/5712/4940
f 5712/5712/4940 5709/5710/4938 5713/5713/4941
f 5712/5712/4940 5713/5713/4941 5715/5714/4942
f 5712/5712/4940 5715/5714/4942 5717/5715/4943
f 5718/5716/4944 5721/5717/4945 5816/5718/4946
f 5724/5719/4947 5723/5720/4948 5725/5721/4949
f 5724/5719/4947 5725/5721/4949 5726/5722/4950
f 5722/5723/4951 5727/5724/4952 5819/5725/4953
f 5726/5722/4950 5725/5721/4949 5728/5726/4954
f 5728/5726/4954 5729/5727/4955 5730/5728/4956
f 5730/5728/4956 5729/5727/4955 5732/5729/4957
f 5821/5730/4958 5731/5731/4959 5733/5732/4960
f 5732/5729/4957 5729/5727/4955 5734/5733/4961
f 5742/5734/4962 5825/5735/4963 5743/5736/4964
f 5743/5736/4964 5825/5735/4963 5744/5737/4965
f 5746/5738/4966 5747/5739/4967 5748/5740/4968
f 5748/5740/4968 5747/5739/4967 5751/5741/4969
f 5748/5740/4968 5751/5741/4969 5752/5742/4970
f 5752/5742/4970 5751/5741/4969 5753/5743/4971
f 5754/5744/4972 5755/5745/4973 5609/5598/4826
f 5756/5746/4974 5757/5747/4975 5758/5602/4830
f 5757/5747/4975 5759/5748/4976 5758/5602/4830
f 5757/5747/4975 5760/5605/4833 5759/5748/4976
f 5761/5608/4836 5762/5749/4977 5763/5750/4978
f 5762/5749/4977 5764/5751/4979 5763/5750/4978
f 5762/5749/4977 5765/5752/4980 5764/5751/4979
f 5764/5751/4979 5765/5752/4980 5621/5613/4841
f 5765/5752/4980 5766/5753/4981 5621/5613/4841
f 5766/5753/4981 5754/5744/4972 5767/5597/4825
f 5768/5754/4982 5769/5623/4851 5770/5619/4847
f 5769/5623/4851 5771/5755/4983 5770/5619/4847
f 5771/5755/4983 5772/5756/4984 5773/5626/4854
f 5776/5633/4861 5777/5757/4985 5645/5638/4866
f 5778/5636/4864 5779/5643/4871 5780/5640/4868
f 5778/5636/4864 5780/5640/4868 5777/5757/4985
f 5780/5640/4868 5779/5643/4871 5781/5758/4986
f 5779/5643/4871 5768/5754/4982 5781/5758/4986
f 5791/5759/4987 5782/5760/4988 5783/5646/4874
f 5782/5760/4988 5784/5761/4989 5651/5647/4875
f 5786/5762/4990 5657/5654/4882 5655/5652/4880
f 5665/5663/4891 5792/5763/4991 5667/5665/4893
f 5796/5675/4903 5797/5673/4901 5795/5764/4992
f 5794/5765/4993 5796/5675/4903 5795/5764/4992
f 5796/5675/4903 5680/5678/4906 5797/5673/4901
f 5682/5679/4907 5798/5766/4994 5799/5767/4995
f 5800/5681/4909 5802/5688/4916 5801/5768/4996
f 5800/5681/4909 5801/5768/4996 5798/5766/4994
f 5802/5688/4916 5803/5769/4997 5692/5690/4918
f 5804/5770/4998 5806/5698/4926 5805/5694/4922
f 5804/5770/4998 5805/5694/4922 5696/5693/4921
f 5806/5698/4926 5807/5771/4999 5805/5694/4922
f 5812/5772/5000 5712/5712/4940 5813/5773/5001
f 5813/5773/5001 5814/5774/5002 5815/5775/5003
f 5814/5774/5002 5816/5718/4946 5815/5775/5003
f 5817/5776/5004 5804/5770/4998 5696/5693/4921
f 5820/5777/5005 5821/5730/4958 5725/5721/4949
f 5821/5730/4958 5822/5778/5006 5729/5727/4955
f 5822/5778/5006 5736/5779/5007 5734/5733/4961
f 5825/5735/4963 5826/5780/5008 5827/5781/5009
f 5826/5780/5008 5828/5782/5010 5827/5781/5009
f 5828/5782/5010 5829/5783/5011 5751/5741/4969
f 5828/5782/5010 5751/5741/4969 5747/5739/4967
f 5829/5783/5011 5818/5784/5012 5751/5741/4969
f 5830/5785/5013 5755/5745/4973 5754/5744/4972
f 5609/5598/4826 5767/5597/4825 5754/5744/4972
f 5830/5785/5013 5831/5786/5014 5755/5745/4973
f 5831/5786/5014 5832/5787/5015 5755/5745/4973
f 5756/5746/4974 5609/5598/4826 5755/5745/4973
f 5832/5787/5015 5833/5788/5016 5755/5745/4973
f 5755/5745/4973 5833/5788/5016 5756/5746/4974
f 5758/5602/4830 5609/5598/4826 5756/5746/4974
f 5833/5788/5016 5834/5789/5017 5757/5747/4975
f 5833/5788/5016 5757/5747/4975 5756/5746/4974
f 5834/5789/5017 5835/5790/5018 5757/5747/4975
f 5835/5790/5018 5836/5791/5019 5757/5747/4975
f 5760/5605/4833 5758/5602/4830 5759/5748/4976
f 5836/5791/5019 5760/5605/4833 5757/5747/4975
f 5761/5608/4836 5837/5792/5020 5762/5749/4977
f 5618/5610/4838 5761/5608/4836 5763/5750/4978
f 5764/5751/4979 5618/5610/4838 5763/5750/4978
f 5837/5792/5020 5838/5793/5021 5765/5752/4980
f 5837/5792/5020 5765/5752/4980 5762/5749/4977
f 5621/5613/4841 5618/5610/4838 5764/5751/4979
f 5838/5793/5021 5839/5794/5022 5766/5753/4981
f 5838/5793/5021 5766/5753/4981 5765/5752/4980
f 5622/5614/4842 5621/5613/4841 5766/5753/4981
f 5839/5794/5022 5840/5795/5023 5754/5744/4972
f 5839/5794/5022 5754/5744/4972 5766/5753/4981
f 5767/5597/4825 5622/5614/4842 5766/5753/4981
f 5840/5795/5023 5830/5785/5013 5754/5744/4972
f 5625/5621/4849 5768/5754/4982 5779/5643/4871
f 5626/5618/4846 5781/5758/4986 5768/5754/4982
f 5625/5621/4849 5769/5623/4851 5768/5754/4982
f 5770/5619/4847 5626/5618/4846 5768/5754/4982
f 5629/5622/4850 5630/5796/5024 5771/5755/4983
f 5629/5622/4850 5771/5755/4983 5769/5623/4851
f 5631/5624/4852 5770/5619/4847 5771/5755/4983
f 5630/5796/5024 5772/5756/4984 5771/5755/4983
f 5773/5626/4854 5631/5624/4852 5771/5755/4983
f 5630/5796/5024 5634/5797/5025 5772/5756/4984
f 5634/5797/5025 5774/5798/5026 5772/5756/4984
f 5634/5797/5025 5637/5799/5027 5774/5798/5026
f 5636/5629/4857 5773/5626/4854 5774/5798/5026
f 5774/5798/5026 5773/5626/4854 5772/5756/4984
f 5638/5800/5028 5642/5634/4862 5776/5633/4861
f 5638/5800/5028 5776/5633/4861 5775/5801/5029
f 5640/5631/4859 5639/5630/4858 5775/5801/5029
f 5640/5631/4859 5775/5801/5029 5776/5633/4861
f 5645/5638/4866 5640/5631/4859 5776/5633/4861
f 5776/5633/4861 5778/5636/4864 5777/5757/4985
f 5778/5636/4864 5646/5639/4867 5779/5643/4871
f 5780/5640/4868 5645/5638/4866 5777/5757/4985
f 5649/5644/4872 5780/5640/4868 5781/5758/4986
f 5648/5642/4870 5625/5621/4849 5779/5643/4871
f 5626/5618/4846 5649/5644/4872 5781/5758/4986
f 5841/5802/5030 5842/5803/5031 5782/5760/4988
f 5841/5802/5030 5782/5760/4988 5791/5759/4987
f 5651/5647/4875 5783/5646/4874 5782/5760/4988
f 5842/5803/5031 5843/5804/5032 5782/5760/4988
f 5843/5804/5032 5844/5805/5033 5784/5761/4989
f 5843/5804/5032 5784/5761/4989 5782/5760/4988
f 5844/5805/5033 5845/5806/5034 5784/5761/4989
f 5653/5650/4878 5651/5647/4875 5784/5761/4989
f 5845/5806/5034 5846/5807/5035 5785/5808/5036
f 5845/5806/5034 5785/5808/5036 5784/5761/4989
f 5653/5650/4878 5784/5761/4989 5785/5808/5036
f 5846/5807/5035 5847/5809/5037 5786/5762/4990
f 5846/5807/5035 5786/5762/4990 5785/5808/5036
f 5655/5652/4880 5653/5650/4878 5785/5808/5036
f 5655/5652/4880 5785/5808/5036 5786/5762/4990
f 5847/5809/5037 5848/5810/5038 5786/5762/4990
f 5786/5762/4990 5848/5810/5038 5657/5654/4882
f 5850/5811/5039 5788/5812/5040 5787/5656/4884
f 5848/5810/5038 5849/5813/5041 5657/5654/4882
f 5850/5811/5039 5851/5814/5042 5788/5812/5040
f 5851/5814/5042 5852/5815/5043 5789/5816/5044
f 5851/5814/5042 5789/5816/5044 5788/5812/5040
f 5660/5657/4885 5787/5656/4884 5788/5812/5040
f 5660/5657/4885 5788/5812/5040 5789/5816/5044
f 5852/5815/5043 5853/5817/5045 5790/5818/5046
f 5852/5815/5043 5790/5818/5046 5789/5816/5044
f 5660/5657/4885 5789/5816/5044 5790/5818/5046
f 5853/5817/5045 5854/5819/5047 5790/5818/5046
f 5662/5660/4888 5660/5657/4885 5790/5818/5046
f 5854/5819/5047 5855/5820/5048 5791/5759/4987
f 5854/5819/5047 5791/5759/4987 5790/5818/5046
f 5662/5660/4888 5790/5818/5046 5791/5759/4987
f 5855/5820/5048 5841/5802/5030 5791/5759/4987
f 5783/5646/4874 5662/5660/4888 5791/5759/4987
f 5665/5663/4891 5670/5668/4896 5792/5763/4991
f 5668/5666/4894 5667/5665/4893 5792/5763/4991
f 5670/5668/4896 5673/5821/5049 5793/5822/5050
f 5670/5668/4896 5793/5822/5050 5792/5763/4991
f 5668/5666/4894 5792/5763/4991 5793/5822/5050
f 5671/5669/4897 5668/5666/4894 5793/5822/5050
f 5673/5821/5049 5676/5823/5051 5794/5765/4993
f 5673/5821/5049 5794/5765/4993 5793/5822/5050
f 5671/5669/4897 5793/5822/5050 5794/5765/4993
f 5676/5823/5051 5796/5675/4903 5794/5765/4993
f 5675/5672/4900 5671/5669/4897 5795/5764/4992
f 5795/5764/4992 5671/5669/4897 5794/5765/4993
f 5676/5823/5051 5678/5676/4904 5796/5675/4903
f 5797/5673/4901 5675/5672/4900 5795/5764/4992
f 5796/5675/4903 5679/5677/4905 5680/5678/4906
f 5682/5679/4907 5800/5681/4909 5798/5766/4994
f 5684/5824/5052 5681/5825/5053 5799/5767/4995
f 5684/5824/5052 5799/5767/4995 5798/5766/4994
f 5684/5824/5052 5798/5766/4994 5801/5768/4996
f 5800/5681/4909 5687/5684/4912 5802/5688/4916
f 5688/5687/4915 5684/5824/5052 5801/5768/4996
f 5688/5687/4915 5801/5768/4996 5802/5688/4916
f 5687/5684/4912 5803/5769/4997 5802/5688/4916
f 5687/5684/4912 5690/5686/4914 5803/5769/4997
f 5690/5686/4914 5694/5661/4889 5665/5663/4891
f 5690/5686/4914 5665/5663/4891 5803/5769/4997
f 5667/5665/4893 5692/5690/4918 5803/5769/4997
f 5667/5665/4893 5803/5769/4997 5665/5663/4891
f 5721/5717/4945 5695/5696/4924 5804/5770/4998
f 5695/5696/4924 5806/5698/4926 5804/5770/4998
f 5700/5699/4927 5805/5694/4922 5807/5771/4999
f 5701/5703/4931 5700/5699/4927 5808/5826/5054
f 5808/5826/5054 5700/5699/4927 5807/5771/4999
f 5806/5698/4926 5703/5701/4929 5808/5826/5054
f 5806/5698/4926 5808/5826/5054 5807/5771/4999
f 5809/5704/4932 5701/5703/4931 5808/5826/5054
f 5703/5701/4929 5809/5704/4932 5808/5826/5054
f 5703/5701/4929 5706/5706/4934 5810/5827/5055
f 5703/5701/4929 5810/5827/5055 5809/5704/4932
f 5706/5706/4934 5811/5708/4936 5810/5827/5055
f 5811/5708/4936 5705/5705/4933 5810/5827/5055
f 5705/5705/4933 5809/5704/4932 5810/5827/5055
f 5710/5711/4939 5712/5712/4940 5812/5772/5000
f 5711/5828/5056 5710/5711/4939 5812/5772/5000
f 5714/5829/5057 5711/5828/5056 5813/5773/5001
f 5813/5773/5001 5711/5828/5056 5812/5772/5000
f 5712/5712/4940 5717/5715/4943 5814/5774/5002
f 5712/5712/4940 5814/5774/5002 5813/5773/5001
f 5716/5830/5058 5714/5829/5057 5813/5773/5001
f 5716/5830/5058 5813/5773/5001 5815/5775/5003
f 5717/5715/4943 5718/5716/4944 5814/5774/5002
f 5718/5716/4944 5816/5718/4946 5814/5774/5002
f 5719/5831/5059 5716/5830/5058 5815/5775/5003
f 5719/5831/5059 5815/5775/5003 5817/5776/5004
f 5817/5776/5004 5815/5775/5003 5816/5718/4946
f 5720/5832/5060 5719/5831/5059 5817/5776/5004
f 5816/5718/4946 5721/5717/4945 5817/5776/5004
f 5721/5717/4945 5804/5770/4998 5817/5776/5004
f 5696/5693/4921 5720/5832/5060 5817/5776/5004
f 5722/5723/4951 5819/5725/4953 5818/5784/5012
f 5723/5720/4948 5818/5784/5012 5819/5725/4953
f 5725/5721/4949 5723/5720/4948 5819/5725/4953
f 5725/5721/4949 5819/5725/4953 5820/5777/5005
f 5819/5725/4953 5727/5724/4952 5820/5777/5005
f 5727/5724/4952 5731/5731/4959 5820/5777/5005
f 5729/5727/4955 5728/5726/4954 5725/5721/4949
f 5731/5731/4959 5821/5730/4958 5820/5777/5005
f 5729/5727/4955 5725/5721/4949 5821/5730/4958
f 5821/5730/4958 5733/5732/4960 5822/5778/5006
f 5734/5733/4961 5729/5727/4955 5822/5778/5006
f 5733/5732/4960 5735/5833/5061 5822/5778/5006
f 5735/5833/5061 5736/5779/5007 5822/5778/5006
f 5735/5833/5061 5738/5834/5062 5823/5835/5063
f 5735/5833/5061 5823/5835/5063 5736/5779/5007
f 5737/5836/5064 5736/5779/5007 5823/5835/5063
f 5739/5837/5065 5740/5838/5066 5742/5734/4962
f 5740/5838/5066 5825/5735/4963 5742/5734/4962
f 5739/5837/5065 5742/5734/4962 5824/5839/5067
f 5742/5734/4962 5741/5840/5068 5824/5839/5067
f 5740/5838/5066 5745/5841/5069 5826/5780/5008
f 5740/5838/5066 5826/5780/5008 5825/5735/4963
f 5744/5737/4965 5825/5735/4963 5827/5781/5009
f 5746/5738/4966 5744/5737/4965 5827/5781/5009
f 5745/5841/5069 5749/5842/5070 5828/5782/5010
f 5745/5841/5069 5828/5782/5010 5826/5780/5008
f 5747/5739/4967 5746/5738/4966 5827/5781/5009
f 5747/5739/4967 5827/5781/5009 5828/5782/5010
f 5749/5842/5070 5750/5843/5071 5828/5782/5010
f 5750/5843/5071 5829/5783/5011 5828/5782/5010
f 5750/5843/5071 5722/5723/4951 5818/5784/5012
f 5750/5843/5071 5818/5784/5012 5829/5783/5011
f 5723/5720/4948 5753/5743/4971 5751/5741/4969
f 5723/5720/4948 5751/5741/4969 5818/5784/5012
f 5858/5844/5072 5983/5845/5073 5859/5846/5074
f 5862/5847/5075 5985/5848/5076 5865/5849/5077
f 5865/5849/5077 5985/5848/5076 5866/5850/5078
f 5989/5851/5079 5990/5852/5080 5871/5853/5081
f 5871/5853/5081 5990/5852/5080 5873/5854/5082
f 5873/5854/5082 5990/5852/5080 5993/5855/5083
f 5873/5854/5082 5993/5855/5083 5874/5856/5084
f 5874/5856/5084 5993/5855/5083 5876/5857/5085
f 5876/5857/5085 5993/5855/5083 5878/5858/5086
f 5876/5857/5085 5878/5858/5086 5879/5859/5087
f 5879/5859/5087 5878/5858/5086 5880/5860/5088
f 5880/5860/5088 5878/5858/5086 5983/5845/5073
f 5880/5860/5088 5983/5845/5073 5858/5844/5072
f 5885/5861/5089 5887/5862/5090 5888/5863/5091
f 5895/5864/5092 5894/5865/5093 5896/5866/5094
f 5895/5864/5092 5896/5866/5094 5897/5867/5095
f 5893/5868/5096 6004/5869/5097 5898/5870/5098
f 5898/5870/5098 6004/5869/5097 6005/5871/5099
f 5898/5870/5098 6005/5871/5099 5899/5872/5100
f 5899/5872/5100 6005/5871/5099 5901/5873/5101
f 5901/5873/5101 6005/5871/5099 5902/5874/5102
f 6006/5875/5103 5900/5876/5104 5903/5877/5105
f 5905/5878/5106 5907/5879/5107 5908/5880/5108
f 5909/5881/5109 5908/5880/5108 5910/5882/5110
f 5909/5881/5109 5910/5882/5110 5911/5883/5111
f 5911/5883/5111 5910/5882/5110 5912/5884/5112
f 5911/5883/5111 5912/5884/5112 6063/5885/5113
f 5913/5886/5114 5914/5887/5115 5915/5888/5116
f 5915/5888/5116 5914/5887/5115 5916/5889/5117
f 5915/5888/5116 5916/5889/5117 5917/5890/5118
f 5917/5890/5118 5916/5889/5117 5919/5891/5119
f 5916/5889/5117 5918/5892/5120 5919/5891/5119
f 5920/5893/5121 5906/5894/5122 5904/5895/5123
f 5934/5896/5124 5921/5897/5125 5922/5898/5126
f 5922/5898/5126 5921/5897/5125 5923/5899/5127
f 5922/5898/5126 5923/5899/5127 5924/5900/5128
f 5924/5900/5128 5925/5901/5129 5926/5902/5130
f 5926/5902/5130 5925/5901/5129 5927/5903/5131
f 5927/5903/5131 5928/5904/5132 6022/5905/5133
f 5926/5902/5130 5927/5903/5131 6022/5905/5133
f 5929/5906/5134 5930/5907/5135 5931/5908/5136
f 5935/5909/5137 5936/5910/5138 5937/5911/5139
f 5935/5909/5137 5937/5911/5139 5938/5912/5140
f 5938/5912/5140 5937/5911/5139 5939/5913/5141
f 5938/5912/5140 5939/5913/5141 5940/5914/5142
f 5940/5914/5142 5939/5913/5141 5941/5915/5143
f 5941/5915/5143 5943/5916/5144 5942/5917/5145
f 5942/5917/5145 5943/5916/5144 5944/5918/5146
f 5948/5919/5147 5947/5920/5148 5949/5921/5149
f 5948/5919/5147 5949/5921/5149 5950/5922/5150
f 5948/5919/5147 5950/5922/5150 5951/5923/5151
f 5951/5923/5151 5950/5922/5150 5952/5924/5152
f 5952/5924/5152 5936/5910/5138 5935/5909/5137
f 5953/5925/5153 5954/5926/5154 5955/5927/5155
f 5955/5927/5155 5959/5928/5156 5960/5929/5157
f 5958/5930/5158 5961/5931/5159 5962/5932/5160
f 5963/5933/5161 5964/5934/5162 5965/5935/5163
f 5962/5932/5160 5961/5931/5159 6046/5936/5164
f 5962/5932/5160 6046/5936/5164 5966/5937/5165
f 5968/5938/5166 5969/5939/5167 5970/5940/5168
f 5970/5940/5168 5969/5939/5167 5973/5941/5169
f 5973/5941/5169 5974/5942/5170 5976/5943/5171
f 5976/5943/5171 5974/5942/5170 5977/5944/5172
f 5975/5945/5173 6051/5946/5174 5978/5947/5175
f 5976/5943/5171 5977/5944/5172 5979/5948/5176
f 5978/5947/5175 6051/5946/5174 5980/5949/5177
f 5996/5950/5178 5982/5951/5179 5983/5845/5073
f 5984/5952/5180 5986/5953/5181 5985/5848/5076
f 5985/5848/5076 5986/5953/5181 5987/5954/5182
f 5989/5851/5079 5991/5955/5183 5992/5956/5184
f 5989/5851/5079 5992/5956/5184 5990/5852/5080
f 5991/5955/5183 5993/5855/5083 5992/5956/5184
f 5991/5955/5183 5994/5957/5185 5993/5855/5083
f 5994/5957/5185 5995/5958/5186 5996/5950/5178
f 5995/5958/5186 5982/5951/5179 5996/5950/5178
f 6003/5959/5187 6004/5869/5097 6002/5960/5188
f 6003/5959/5187 6005/5871/5099 6004/5869/5097
f 6003/5959/5187 6006/5875/5103 6005/5871/5099
f 6006/5875/5103 6007/5961/5189 6005/5871/5099
f 6017/5962/5190 6008/5963/5191 6009/5964/5192
f 6008/5963/5191 6010/5965/5193 6011/5966/5194
f 6010/5965/5193 6012/5967/5195 6011/5966/5194
f 6012/5967/5195 5911/5883/5111 6013/5968/5196
f 5917/5890/5118 6016/5969/5197 6015/5970/5198
f 5917/5890/5118 6017/5962/5190 6016/5969/5197
f 6017/5962/5190 6009/5964/5192 6016/5969/5197
f 5922/5898/5126 6019/5971/5199 6018/5972/5200
f 6020/5973/5201 5926/5902/5130 6021/5974/5202
f 5926/5902/5130 6022/5905/5133 6021/5974/5202
f 6023/5975/5203 5929/5906/5134 6024/5976/5204
f 5933/5977/5205 6027/5978/5206 6026/5979/5207
f 5935/5909/5137 5938/5912/5140 6029/5980/5208
f 5935/5909/5137 6029/5980/5208 6028/5981/5209
f 5938/5912/5140 6030/5982/5210 6029/5980/5208
f 6030/5982/5210 6031/5983/5211 6032/5984/5212
f 6031/5983/5211 5942/5917/5145 6033/5985/5213
f 6031/5983/5211 6033/5985/5213 6032/5984/5212
f 5942/5917/5145 6034/5986/5214 6033/5985/5213
f 6035/5987/5215 5946/5988/5216 6102/5989/5217
f 5946/5988/5216 6036/5990/5218 6102/5989/5217
f 6037/5991/5219 6038/5992/5220 6039/5993/5221
f 6038/5992/5220 6040/5994/5222 6039/5993/5221
f 6107/5995/5223 5952/5924/5152 6041/5996/5224
f 5952/5924/5152 5935/5909/5137 6028/5981/5209
f 5952/5924/5152 6028/5981/5209 6041/5996/5224
f 6044/5997/5225 6045/5998/5226 5961/5931/5159
f 6045/5998/5226 6046/5936/5164 5961/5931/5159
f 5965/5935/5163 6047/5999/5227 6046/5936/5164
f 6048/6000/5228 5973/5941/5169 6049/6001/5229
f 5973/5941/5169 6050/6002/5230 6049/6001/5229
f 5976/5943/5171 6051/5946/5174 6050/6002/5230
f 5976/5943/5171 6052/6003/5231 6051/5946/5174
f 6052/6003/5231 6053/6004/5232 6051/5946/5174
f 6052/6003/5231 6054/6005/5233 6053/6004/5232
f 6054/6005/5233 6042/6006/5234 6053/6004/5232
f 5856/6007/5235 5857/6008/5236 5982/5951/5179
f 5857/6008/5236 5860/6009/5237 5984/5952/5180
f 5857/6008/5236 5984/5952/5180 5982/5951/5179
f 5861/6010/5238 5983/5845/5073 5862/5847/5075
f 5861/6010/5238 5859/5846/5074 5983/5845/5073
f 5862/5847/5075 5983/5845/5073 5982/5951/5179
f 5860/6009/5237 5863/6011/5239 5984/5952/5180
f 5862/5847/5075 5982/5951/5179 5984/5952/5180
f 5985/5848/5076 5862/5847/5075 5984/5952/5180
f 5863/6011/5239 5864/6012/5240 5986/5953/5181
f 5863/6011/5239 5986/5953/5181 5984/5952/5180
f 5866/5850/5078 5985/5848/5076 5987/5954/5182
f 5864/6012/5240 5868/6013/5241 5988/6014/5242
f 5864/6012/5240 5988/6014/5242 5986/5953/5181
f 5867/6015/5243 5866/5850/5078 5987/5954/5182
f 5867/6015/5243 5987/5954/5182 5986/5953/5181
f 5867/6015/5243 5986/5953/5181 5988/6014/5242
f 5868/6013/5241 5869/6016/5244 5988/6014/5242
f 5869/6016/5244 5867/6015/5243 5988/6014/5242
f 5870/6017/5245 5872/6018/5246 5991/5955/5183
f 5870/6017/5245 5991/5955/5183 5989/5851/5079
f 5872/6018/5246 5875/6019/5247 5991/5955/5183
f 5993/5855/5083 5990/5852/5080 5992/5956/5184
f 5875/6019/5247 5877/6020/5248 5994/5957/5185
f 5875/6019/5247 5994/5957/5185 5991/5955/5183
f 5878/5858/5086 5993/5855/5083 5994/5957/5185
f 5877/6020/5248 5995/5958/5186 5994/5957/5185
f 5996/5950/5178 5878/5858/5086 5994/5957/5185
f 5877/6020/5248 5856/6007/5235 5995/5958/5186
f 5856/6007/5235 5982/5951/5179 5995/5958/5186
f 5983/5845/5073 5878/5858/5086 5996/5950/5178
f 6007/5961/5189 5881/6021/5249 5997/6022/5250
f 5882/6023/5251 5902/5874/5102 5997/6022/5250
f 5883/6024/5252 5998/6025/5253 5997/6022/5250
f 5881/6021/5249 5883/6024/5252 5997/6022/5250
f 5884/6026/5254 5882/6023/5251 5997/6022/5250
f 5884/6026/5254 5997/6022/5250 5998/6025/5253
f 5883/6024/5252 5885/5861/5089 5999/6027/5255
f 5883/6024/5252 5999/6027/5255 5998/6025/5253
f 5886/6028/5256 5884/6026/5254 5998/6025/5253
f 5886/6028/5256 5998/6025/5253 5999/6027/5255
f 5885/5861/5089 5888/5863/5091 6000/6029/5257
f 5885/5861/5089 6000/6029/5257 5999/6027/5255
f 5889/6030/5258 5886/6028/5256 5999/6027/5255
f 5889/6030/5258 5999/6027/5255 6000/6029/5257
f 5888/5863/5091 5890/6031/5259 6001/6032/5260
f 5888/5863/5091 6001/6032/5260 6000/6029/5257
f 5891/6033/5261 5889/6030/5258 6000/6029/5257
f 5891/6033/5261 6000/6029/5257 6001/6032/5260
f 5890/6031/5259 5892/6034/5262 6001/6032/5260
f 5893/5868/5096 5895/5864/5092 6002/5960/5188
f 5892/6034/5262 5891/6033/5261 6001/6032/5260
f 5895/5864/5092 5897/5867/5095 6003/5959/5187
f 5895/5864/5092 6003/5959/5187 6002/5960/5188
f 6004/5869/5097 5893/5868/5096 6002/5960/5188
f 5897/5867/5095 5900/5876/5104 6006/5875/5103
f 5897/5867/5095 6006/5875/5103 6003/5959/5187
f 6006/5875/5103 5903/5877/5105 6007/5961/5189
f 5902/5874/5102 6005/5871/5099 6007/5961/5189
f 5903/5877/5105 5881/6021/5249 6007/5961/5189
f 5902/5874/5102 6007/5961/5189 5997/6022/5250
f 5904/5895/5123 5905/5878/5106 6008/5963/5191
f 5904/5895/5123 6008/5963/5191 6017/5962/5190
f 6055/6035/5263 6009/5964/5192 6008/5963/5191
f 6055/6035/5263 6056/6036/5264 6009/5964/5192
f 5905/5878/5106 6010/5965/5193 6008/5963/5191
f 6057/6037/5265 6058/6038/5266 6008/5963/5191
f 6057/6037/5265 6008/5963/5191 6011/5966/5194
f 6058/6038/5266 6055/6035/5263 6008/5963/5191
f 5905/5878/5106 5908/5880/5108 6010/5965/5193
f 6059/6039/5267 6057/6037/5265 6011/5966/5194
f 5908/5880/5108 5909/5881/5109 6010/5965/5193
f 6060/6040/5268 6059/6039/5267 6011/5966/5194
f 6010/5965/5193 5909/5881/5109 6012/5967/5195
f 6060/6040/5268 6011/5966/5194 6012/5967/5195
f 5909/5881/5109 5911/5883/5111 6012/5967/5195
f 6061/6041/5269 6060/6040/5268 6012/5967/5195
f 6061/6041/5269 6012/5967/5195 6013/5968/5196
f 6062/6042/5270 6061/6041/5269 6013/5968/5196
f 5911/5883/5111 6063/5885/5113 6013/5968/5196
f 6063/5885/5113 6062/6042/5270 6013/5968/5196
f 5913/5886/5114 5915/5888/5116 6014/6043/5271
f 6064/6044/5272 5913/5886/5114 6014/6043/5271
f 6065/6045/5273 6064/6044/5272 6014/6043/5271
f 5915/5888/5116 5917/5890/5118 6015/5970/5198
f 5915/5888/5116 6015/5970/5198 6014/6043/5271
f 6066/6046/5274 6065/6045/5273 6014/6043/5271
f 6066/6046/5274 6014/6043/5271 6015/5970/5198
f 6067/6047/5275 6066/6046/5274 6015/5970/5198
f 6068/6048/5276 6067/6047/5275 6015/5970/5198
f 6068/6048/5276 6015/5970/5198 6016/5969/5197
f 5919/5891/5119 5920/5893/5121 6017/5962/5190
f 5919/5891/5119 6017/5962/5190 5917/5890/5118
f 6069/6049/5277 6068/6048/5276 6016/5969/5197
f 5920/5893/5121 5904/5895/5123 6017/5962/5190
f 6056/6036/5264 6069/6049/5277 6016/5969/5197
f 6056/6036/5264 6016/5969/5197 6009/5964/5192
f 5934/5896/5124 5922/5898/5126 6018/5972/5200
f 5934/5896/5124 6018/5972/5200 6027/5978/5206
f 5921/5897/5125 5934/5896/5124 6070/6050/5278
f 6071/6051/5279 6072/6052/5280 6027/5978/5206
f 6071/6051/5279 6027/5978/5206 6018/5972/5200
f 6073/6053/5281 6071/6051/5279 6018/5972/5200
f 6073/6053/5281 6018/5972/5200 6019/5971/5199
f 6074/6054/5282 6073/6053/5281 6019/5971/5199
f 6076/6055/5283 6074/6054/5282 6019/5971/5199
f 5922/5898/5126 5924/5900/5128 6020/5973/5201
f 5922/5898/5126 6020/5973/5201 6019/5971/5199
f 5924/5900/5128 6075/6056/5284 6077/6057/5285
f 5924/5900/5128 5923/5899/5127 6075/6056/5284
f 6076/6055/5283 6019/5971/5199 6020/5973/5201
f 6078/6058/5286 6076/6055/5283 6020/5973/5201
f 5925/5901/5129 5924/5900/5128 6077/6057/5285
f 6079/6059/5287 6078/6058/5286 6020/5973/5201
f 5924/5900/5128 5926/5902/5130 6020/5973/5201
f 6080/6060/5288 6079/6059/5287 6020/5973/5201
f 6080/6060/5288 6020/5973/5201 6021/5974/5202
f 6081/6061/5289 6080/6060/5288 6021/5974/5202
f 6022/5905/5133 6081/6061/5289 6021/5974/5202
f 5931/5908/5136 5930/5907/5135 6082/6062/5290
f 6083/6063/5291 6023/5975/5203 6024/5976/5204
f 5929/5906/5134 5931/5908/5136 6024/5976/5204
f 6084/6064/5292 6083/6063/5291 6024/5976/5204
f 5931/5908/5136 5932/6065/5293 6025/6066/5294
f 5931/5908/5136 6025/6066/5294 6024/5976/5204
f 5932/6065/5293 5931/5908/5136 6082/6062/5290
f 5932/6065/5293 6082/6062/5290 6085/6067/5295
f 6086/6068/5296 6084/6064/5292 6024/5976/5204
f 6086/6068/5296 6024/5976/5204 6025/6066/5294
f 5932/6065/5293 6085/6067/5295 6087/6069/5297
f 6088/6070/5298 6086/6068/5296 6025/6066/5294
f 5932/6065/5293 5933/5977/5205 6026/5979/5207
f 5932/6065/5293 6026/5979/5207 6025/6066/5294
f 5933/5977/5205 5932/6065/5293 6087/6069/5297
f 5933/5977/5205 6087/6069/5297 6089/6071/5299
f 6090/6072/5300 6088/6070/5298 6025/6066/5294
f 6090/6072/5300 6025/6066/5294 6026/5979/5207
f 6091/6073/5301 6090/6072/5300 6026/5979/5207
f 5933/5977/5205 5934/5896/5124 6027/5978/5206
f 5934/5896/5124 5933/5977/5205 6089/6071/5299
f 5934/5896/5124 6089/6071/5299 6092/6074/5302
f 6093/6075/5303 6091/6073/5301 6026/5979/5207
f 6093/6075/5303 6026/5979/5207 6027/5978/5206
f 5934/5896/5124 6092/6074/5302 6070/6050/5278
f 6072/6052/5280 6093/6075/5303 6027/5978/5206
f 6094/6076/5304 6095/6077/5305 6029/5980/5208
f 6029/5980/5208 6095/6077/5305 6028/5981/5209
f 5938/5912/5140 5940/5914/5142 6030/5982/5210
f 6096/6078/5306 6094/6076/5304 6029/5980/5208
f 6096/6078/5306 6029/5980/5208 6030/5982/5210
f 5940/5914/5142 5941/5915/5143 6031/5983/5211
f 5940/5914/5142 6031/5983/5211 6030/5982/5210
f 6097/6079/5307 6096/6078/5306 6030/5982/5210
f 6097/6079/5307 6030/5982/5210 6032/5984/5212
f 6098/6080/5308 6097/6079/5307 6032/5984/5212
f 5941/5915/5143 5942/5917/5145 6031/5983/5211
f 6099/6081/5309 6098/6080/5308 6032/5984/5212
f 6099/6081/5309 6032/5984/5212 6033/5985/5213
f 5942/5917/5145 5944/5918/5146 6034/5986/5214
f 6100/6082/5310 6099/6081/5309 6033/5985/5213
f 6100/6082/5310 6033/5985/5213 6034/5986/5214
f 5945/6083/5311 5946/5988/5216 6035/5987/5215
f 5946/5988/5216 5947/5920/5148 6037/5991/5219
f 5946/5988/5216 6037/5991/5219 6036/5990/5218
f 6101/6084/5312 6102/5989/5217 6036/5990/5218
f 6102/5989/5217 6103/6085/5313 6035/5987/5215
f 5947/5920/5148 5948/5919/5147 6038/5992/5220
f 5947/5920/5148 6038/5992/5220 6037/5991/5219
f 6104/6086/5314 6101/6084/5312 6036/5990/5218
f 6104/6086/5314 6036/5990/5218 6039/5993/5221
f 6039/5993/5221 6036/5990/5218 6037/5991/5219
f 6105/6087/5315 6104/6086/5314 6039/5993/5221
f 5948/5919/5147 6040/5994/5222 6038/5992/5220
f 6106/6088/5316 6105/6087/5315 6039/5993/5221
f 5948/5919/5147 5951/5923/5151 6040/5994/5222
f 6040/5994/5222 5951/5923/5151 6107/5995/5223
f 6106/6088/5316 6039/5993/5221 6040/5994/5222
f 6107/5995/5223 6106/6088/5316 6040/5994/5222
f 5951/5923/5151 5952/5924/5152 6107/5995/5223
f 6095/6077/5305 6041/5996/5224 6028/5981/5209
f 5953/5925/5153 5955/5927/5155 6054/6005/5233
f 6054/6005/5233 5955/5927/5155 6043/6089/5317
f 6054/6005/5233 6043/6089/5317 6042/6006/5234
f 5957/6090/5318 5956/6091/5319 6042/6006/5234
f 5957/6090/5318 6042/6006/5234 6043/6089/5317
f 5955/5927/5155 5960/5929/5157 6044/5997/5225
f 5955/5927/5155 6044/5997/5225 6043/6089/5317
f 5958/5930/5158 5957/6090/5318 6043/6089/5317
f 5958/5930/5158 6043/6089/5317 6044/5997/5225
f 5960/5929/5157 6045/5998/5226 6044/5997/5225
f 5961/5931/5159 5958/5930/5158 6044/5997/5225
f 5960/5929/5157 5963/5933/5161 6045/5998/5226
f 5963/5933/5161 5965/5935/5163 6045/5998/5226
f 6045/5998/5226 5965/5935/5163 6046/5936/5164
f 5967/6092/5320 5966/5937/5165 6046/5936/5164
f 5967/6092/5320 6046/5936/5164 6047/5999/5227
f 5970/5940/5168 5973/5941/5169 6048/6000/5228
f 5972/6093/5321 6048/6000/5228 6049/6001/5229
f 5972/6093/5321 5971/6094/5322 6048/6000/5228
f 5973/5941/5169 5976/5943/5171 6050/6002/5230
f 5975/5945/5173 5972/6093/5321 6049/6001/5229
f 5975/5945/5173 6049/6001/5229 6050/6002/5230
f 6051/5946/5174 5975/5945/5173 6050/6002/5230
f 5979/5948/5176 6052/6003/5231 5976/5943/5171
f 5979/5948/5176 5981/6095/5323 6052/6003/5231
f 5980/5949/5177 6051/5946/5174 6053/6004/5232
f 5981/6095/5323 6054/6005/5233 6052/6003/5231
f 5981/6095/5323 5953/5925/5153 6054/6005/5233
f 5956/6091/5319 5980/5949/5177 6042/6006/5234
f 6042/6006/5234 5980/5949/5177 6053/6004/5232
f 6110/6096/5324 6111/6097/5325 6112/6098/5326
f 6113/6099/5327 6112/6098/5326 6114/6100/5328
f 6108/6101/5329 6116/6102/5330 6117/6103/5331
f 6116/6102/5330 6118/6104/5332 6119/6105/5333
f 6120/6106/5334 6118/6104/5332 6121/6107/5335
f 6120/6106/5334 6121/6107/5335 6122/6108/5336
f 6122/6108/5336 6121/6107/5335 6123/6109/5337
f 6128/6110/5338 6129/6111/5339 6127/6112/5340
f 6131/6113/5341 6132/6114/5342 6133/6115/5343
f 6109/6116/5344 6108/6101/5329 6133/6115/5343
f 6130/6117/5345 6128/6110/5338 6134/6118/5346
f 6137/6119/5347 6125/6120/5348 6124/6121/5349
f 6118/6104/5332 6116/6102/5330 6139/6122/5350
f 6116/6102/5330 6108/6101/5329 6109/6116/5344
f 6116/6102/5330 6109/6116/5344 6139/6122/5350
f 6115/6123/5351 6110/6096/5324 6112/6098/5326
f 6115/6123/5351 6140/6124/5352 6109/6116/5344
f 6117/6103/5331 6116/6102/5330 6141/6125/5353
f 6142/6126/5354 6114/6100/5328 6143/6127/5355
f 6147/6128/5356 6146/6129/5357 6148/6130/5358
f 6111/6097/5325 6110/6096/5324 6151/6131/5359
f 6152/6132/5360 6112/6098/5326 6113/6099/5327
f 6115/6123/5351 6158/6133/5361 6110/6096/5324
f 6115/6123/5351 6112/6098/5326 6152/6132/5360
f 6115/6123/5351 6152/6132/5360 6140/6124/5352
f 6133/6115/5343 6108/6101/5329 6154/6134/5362
f 6115/6123/5351 6109/6116/5344 6132/6114/5342
f 6131/6113/5341 6133/6115/5343 6154/6134/5362
f 6128/6110/5338 6130/6117/5345 6155/6135/5363
f 6129/6111/5339 6128/6110/5338 6155/6135/5363
f 6122/6108/5336 6123/6109/5337 6156/6136/5364
f 6119/6105/5333 6118/6104/5332 6120/6106/5334
f 6115/6123/5351 6132/6114/5342 6157/6137/5365
f 6115/6123/5351 6157/6137/5365 6158/6133/5361
f 6151/6131/5359 6110/6096/5324 6160/6138/5366
f 6150/6139/5367 6151/6131/5359 6160/6138/5366
f 6137/6119/5347 6124/6121/5349 6161/6140/5368
f 6124/6121/5349 6123/6109/5337 6161/6140/5368
f 6123/6109/5337 6121/6107/5335 6163/6141/5369
f 6123/6109/5337 6163/6141/5369 6162/6142/5370
f 6118/6104/5332 6139/6122/5350 6138/6143/5371
f 6121/6107/5335 6118/6104/5332 6164/6144/5372
f 6121/6107/5335 6164/6144/5372 6163/6141/5369
f 6141/6125/5353 6116/6102/5330 6119/6105/5333
f 6143/6127/5355 6144/6145/5373 6175/6146/5374
f 6144/6145/5373 3078/6147/5375 6175/6146/5374
f 6144/6145/5373 6165/6148/5376 3078/6147/5375
f 6148/6130/5358 6149/6149/5377 6167/6150/5378
f 6146/6129/5357 6147/6128/5356 6159/6151/5379
f 6154/6134/5362 6108/6101/5329 6117/6103/5331
f 6134/6118/5346 6128/6110/5338 6135/6152/5380
f 6132/6114/5342 6109/6116/5344 6133/6115/5343
f 6169/6153/5381 6131/6113/5341 6130/6117/5345
f 6169/6153/5381 6130/6117/5345 6134/6118/5346
f 6144/6145/5373 6145/6154/5382 6165/6148/5376
f 6156/6136/5364 6123/6109/5337 6170/6155/5383
f 6123/6109/5337 6124/6121/5349 6170/6155/5383
f 6126/6156/5384 6127/6112/5340 6171/6157/5385
f 6130/6117/5345 6131/6113/5341 6155/6135/5363
f 6131/6113/5341 6154/6134/5362 6172/6158/5386
f 6140/6124/5352 6152/6132/5360 6173/6159/5387
f 6118/6104/5332 6138/6143/5371 6164/6144/5372
f 6142/6126/5354 6143/6127/5355 6174/6160/5388
f 6143/6127/5355 6175/6146/5374 6174/6160/5388
f 6135/6152/5380 6128/6110/5338 6127/6112/5340
f 6149/6149/5377 6176/6161/5389 6167/6150/5378
f 6154/6134/5362 6117/6103/5331 6168/6162/5390
f 6148/6130/5358 6167/6150/5378 6166/6163/5391
f 6141/6125/5353 6119/6105/5333 6177/6164/5392
f 6177/6164/5392 6119/6105/5333 6120/6106/5334
f 6177/6164/5392 6120/6106/5334 6122/6108/5336
f 6177/6164/5392 6122/6108/5336 6156/6136/5364
f 6153/6165/5393 6146/6129/5357 6178/6166/5394
f 6178/6166/5394 6146/6129/5357 6159/6151/5379
f 6150/6139/5367 6160/6138/5366 6149/6149/5377
f 6132/6114/5342 6131/6113/5341 6169/6153/5381
f 6170/6155/5383 6124/6121/5349 6180/6167/5395
f 6171/6157/5385 6127/6112/5340 6181/6168/5396
f 6173/6159/5387 6152/6132/5360 6113/6099/5327
f 6127/6112/5340 6129/6111/5339 6181/6168/5396
f 6139/6122/5350 6109/6116/5344 6140/6124/5352
f 6161/6140/5368 6123/6109/5337 6162/6142/5370
f 6126/6156/5384 6136/6169/5397 6182/6170/5398
f 6182/6170/5398 6127/6112/5340 6126/6156/5384
f 6135/6152/5380 6127/6112/5340 6182/6170/5398
f 6131/6113/5341 6172/6158/5386 6155/6135/5363
f 6154/6134/5362 6168/6162/5390 6172/6158/5386
f 6183/6171/5399 6159/6151/5379 6147/6128/5356
f 6167/6150/5378 6184/6172/5400 6166/6163/5391
f 6147/6128/5356 6148/6130/5358 6166/6163/5391
f 6160/6138/5366 6110/6096/5324 6158/6133/5361
f 6142/6126/5354 6174/6160/5388 6185/6173/5401
f 6179/6174/5402 6169/6153/5381 6134/6118/5346
f 3078/6147/5375 6165/6148/5376 6186/6175/5403
f 6134/6118/5346 6135/6152/5380 6179/6174/5402
f 6160/6138/5366 6158/6133/5361 6176/6161/5389
f 6187/6176/5404 6156/6136/5364 6170/6155/5383
f 6173/6159/5387 6113/6099/5327 6185/6173/5401
f 6113/6099/5327 6114/6100/5328 6185/6173/5401
f 6138/6143/5371 6139/6122/5350 6140/6124/5352
f 6167/6150/5378 6176/6161/5389 6188/6177/5405
f 6184/6172/5400 6167/6150/5378 6188/6177/5405
f 6176/6161/5389 6149/6149/5377 6160/6138/5366
f 6158/6133/5361 6157/6137/5365 6176/6161/5389
f 6114/6100/5328 6142/6126/5354 6185/6173/5401
f 6159/6151/5379 6183/6171/5399 6189/6178/5406
f 6159/6151/5379 6189/6178/5406 6178/6166/5394
f 6157/6137/5365 6132/6114/5342 6188/6177/5405
f 6188/6177/5405 6132/6114/5342 6169/6153/5381
f 6163/6141/5369 6164/6144/5372 6162/6142/5370
f 6166/6163/5391 6184/6172/5400 6179/6174/5402
f 6138/6143/5371 6140/6124/5352 6173/6159/5387
f 6175/6146/5374 3078/6147/5375 6186/6175/5403
f 6175/6146/5374 6186/6175/5403 6193/6179/5407
f 6175/6146/5374 6190/6180/5408 6174/6160/5388
f 6162/6142/5370 6164/6144/5372 3077/6181/5409
f 6137/6119/5347 6161/6140/5368 6190/6180/5408
f 6175/6146/5374 6193/6179/5407 6190/6180/5408
f 6173/6159/5387 6185/6173/5401 3077/6181/5409
f 6185/6173/5401 6174/6160/5388 3077/6181/5409
f 6183/6171/5399 6182/6170/5398 6189/6178/5406
f 6192/6182/5410 6189/6178/5406 6182/6170/5398
f 6176/6161/5389 6157/6137/5365 6188/6177/5405
f 6183/6171/5399 6191/6183/5411 6182/6170/5398
f 6188/6177/5405 6169/6153/5381 6184/6172/5400
f 6138/6143/5371 6173/6159/5387 6164/6144/5372
f 6147/6128/5356 6166/6163/5391 6179/6174/5402
f 6147/6128/5356 6179/6174/5402 6191/6183/5411
f 6191/6183/5411 6183/6171/5399 6147/6128/5356
f 6137/6119/5347 6190/6180/5408 6193/6179/5407
f 6182/6170/5398 6136/6169/5397 6192/6182/5410
f 6164/6144/5372 6173/6159/5387 3077/6181/5409
f 6179/6174/5402 6135/6152/5380 6191/6183/5411
f 6182/6170/5398 6191/6183/5411 6135/6152/5380
f 6161/6140/5368 6162/6142/5370 6190/6180/5408
f 6184/6172/5400 6169/6153/5381 6179/6174/5402
f 6174/6160/5388 6190/6180/5408 6162/6142/5370
f 3077/6181/5409 6174/6160/5388 6162/6142/5370
f 6194/6184/5412 6195/6185/5413 6196/6186/5414
f 6194/6184/5412 6196/6186/5414 6197/6187/5415
f 6195/6185/5413 6198/6188/5416 6196/6186/5414
f 6202/6189/5417 6195/6185/5413 6194/6184/5412
f 6204/6190/5418 3080/6191/5419 6205/6192/5420
f 6205/6192/5420 3080/6191/5419 6206/6193/5421
f 6205/6192/5420 6206/6193/5421 6207/6194/5422
f 6209/6195/5423 6210/6196/5424 6208/6197/5425
f 6214/6198/5426 6194/6184/5412 6197/6187/5415
f 6198/6188/5416 6200/6199/5427 6199/6200/5428
f 6200/6199/5427 6216/6201/5429 6201/6202/5430
f 6202/6189/5417 6216/6201/5429 6195/6185/5413
f 6217/6203/5431 6211/6204/5432 6210/6196/5424
f 6202/6189/5417 6218/6205/5433 6216/6201/5429
f 3079/6206/5434 6214/6198/5426 6212/6207/5435
f 6214/6198/5426 6213/6208/5436 6194/6184/5412
f 6203/6209/5437 3080/6191/5419 6204/6190/5418
f 6220/6210/5438 6219/6211/5439 6203/6209/5437
f 6220/6210/5438 6203/6209/5437 6200/6199/5427
f 6209/6195/5423 6217/6203/5431 6210/6196/5424
f 6211/6204/5432 6221/6212/5440 6212/6207/5435
f 3079/6206/5434 6213/6208/5436 6214/6198/5426
f 6195/6185/5413 6216/6201/5429 6198/6188/5416
f 6213/6208/5436 6202/6189/5417 6194/6184/5412
f 6216/6201/5429 6200/6199/5427 6198/6188/5416
f 6212/6207/5435 6224/6213/5441 3079/6206/5434
f 6203/6209/5437 6219/6211/5439 6222/6214/5442
f 6203/6209/5437 6222/6214/5442 6223/6215/5443
f 6203/6209/5437 6223/6215/5443 3080/6191/5419
f 6221/6212/5440 6224/6213/5441 6212/6207/5435
f 3080/6191/5419 6225/6216/5444 6206/6193/5421
f 6206/6193/5421 6225/6216/5444 6226/6217/5445
f 6218/6205/5433 6229/6218/5446 6216/6201/5429
f 6230/6219/5447 6217/6203/5431 6209/6195/5423
f 6221/6212/5440 6231/6220/5448 6224/6213/5441
f 6232/6221/5449 6211/6204/5432 6217/6203/5431
f 6224/6213/5441 6233/6222/5450 3079/6206/5434
f 6200/6199/5427 6201/6202/5430 6220/6210/5438
f 6223/6215/5443 6225/6216/5444 3080/6191/5419
f 6211/6204/5432 6232/6221/5449 6234/6223/5451
f 6211/6204/5432 6234/6223/5451 6221/6212/5440
f 6229/6218/5446 6227/6224/5452 6216/6201/5429
f 6235/6225/5453 6208/6197/5425 6215/6226/5454
f 6217/6203/5431 6236/6227/5455 6232/6221/5449
f 6213/6208/5436 6228/6228/5456 6202/6189/5417
f 6227/6224/5452 6237/6229/5457 6201/6202/5430
f 6227/6224/5452 6201/6202/5430 6216/6201/5429
f 6230/6219/5447 6236/6227/5455 6217/6203/5431
f 6238/6230/5458 6239/6231/5459 6225/6216/5444
f 6221/6212/5440 6234/6223/5451 6231/6220/5448
f 6219/6211/5439 6240/6232/5460 6222/6214/5442
f 6233/6222/5450 6228/6228/5456 6213/6208/5436
f 6233/6222/5450 6213/6208/5436 3079/6206/5434
f 6239/6231/5459 6226/6217/5445 6225/6216/5444
f 6201/6202/5430 6237/6229/5457 6220/6210/5438
f 6229/6218/5446 6241/6233/5461 6227/6224/5452
f 6209/6195/5423 6208/6197/5425 6235/6225/5453
f 6209/6195/5423 6235/6225/5453 6230/6219/5447
f 6231/6220/5448 6233/6222/5450 6224/6213/5441
f 6223/6215/5443 6238/6230/5458 6225/6216/5444
f 6240/6232/5460 6219/6211/5439 6220/6210/5438
f 6242/6234/5462 6230/6219/5447 6235/6225/5453
f 6243/6235/5463 6240/6232/5460 6220/6210/5438
f 6220/6210/5438 6237/6229/5457 6243/6235/5463
f 6241/6233/5461 6244/6236/5464 6227/6224/5452
f 6237/6229/5457 6245/6237/5465 6243/6235/5463
f 6143/6127/5355 6114/6100/5328 6246/6238/5466
f 6144/6145/5373 6143/6127/5355 6246/6238/5466
f 6144/6145/5373 6246/6238/5466 6247/6239/5467
f 6144/6145/5373 6247/6239/5467 6248/6240/5468
f 6145/6154/5382 6144/6145/5373 6248/6240/5468
f 6145/6154/5382 6248/6240/5468 6249/6241/5469
f 6146/6129/5357 6153/6165/5393 6253/6242/5470
f 6146/6129/5357 6253/6242/5470 6250/6243/5471
f 6151/6131/5359 6259/6244/5472 6255/6245/5473
f 6114/6100/5328 6256/6246/5474 6246/6238/5466
f 6111/6097/5325 6151/6131/5359 6255/6245/5473
f 6146/6129/5357 6250/6243/5471 6257/6247/5475
f 6149/6149/5377 6148/6130/5358 6251/6248/5476
f 6149/6149/5377 6251/6248/5476 6252/6249/5477
f 6111/6097/5325 6255/6245/5473 6258/6250/5478
f 6151/6131/5359 6150/6139/5367 6259/6244/5472
f 6148/6130/5358 6146/6129/5357 6257/6247/5475
f 6148/6130/5358 6257/6247/5475 6251/6248/5476
f 6150/6139/5367 6149/6149/5377 6252/6249/5477
f 6150/6139/5367 6252/6249/5477 6259/6244/5472
f 6112/6098/5326 6111/6097/5325 6258/6250/5478
f 6112/6098/5326 6258/6250/5478 6254/6251/5479
f 6114/6100/5328 6112/6098/5326 6254/6251/5479
f 6114/6100/5328 6254/6251/5479 6256/6246/5474
f 6261/6252/5480 6266/6253/5481 6270/6254/5482
f 6260/6255/5483 6262/6256/5484 6261/6252/5480
f 6270/6254/5482 6266/6253/5481 6263/6257/5485
f 6260/6255/5483 6265/6258/5486 6262/6256/5484
f 6263/6257/5485 6267/6259/5487 6264/6260/5488
f 6262/6256/5484 6268/6261/5489 6266/6253/5481
f 6262/6256/5484 6266/6253/5481 6261/6252/5480
f 6266/6253/5481 6267/6259/5487 6263/6257/5485
f 6265/6258/5486 6268/6261/5489 6262/6256/5484
f 6269/6262/5490 6270/6254/5482 6263/6257/5485
f 6270/6254/5482 6260/6255/5483 6261/6252/5480
f 6271/6263/5491 6272/6264/5492 6273/6265/5493
f 6275/6266/5494 6276/6267/5495 6274/6268/5496
f 6277/6269/5497 6276/6267/5495 6275/6266/5494
f 6271/6263/5491 6278/6270/5498 6272/6264/5492
f 6276/6267/5495 6280/6271/5499 6274/6268/5496
f 6280/6271/5499 6271/6263/5491 6274/6268/5496
f 6277/6269/5497 6279/6272/5500 6276/6267/5495
f 6271/6263/5491 6280/6271/5499 6278/6270/5498
f 6276/6267/5495 6279/6272/5500 6280/6271/5499
f 6281/6273/5501 6271/6263/5491 6273/6265/5493
f 6274/6268/5496 6271/6263/5491 6281/6273/5501
f 6281/6273/5501 6275/6266/5494 6274/6268/5496
f 6285/6274/5502 6282/6275/5503 6283/6276/5504
f 6295/6277/5505 6286/6278/5506 6282/6275/5503
f 6295/6277/5505 6282/6275/5503 6285/6274/5502
f 6282/6275/5503 6289/6279/5507 6283/6276/5504
f 6286/6278/5506 6290/6280/5508 6287/6281/5509
f 6286/6278/5506 6287/6281/5509 6282/6275/5503
f 6283/6276/5504 6289/6279/5507 6284/6282/5510
f 6284/6282/5510 6289/6279/5507 6291/6283/5511
f 6284/6282/5510 6291/6283/5511 6288/6284/5512
f 6292/6285/5513 6283/6276/5504 6293/6286/5514
f 6282/6275/5503 6287/6281/5509 6289/6279/5507
f 6290/6280/5508 6296/6287/5515 6287/6281/5509
f 6283/6276/5504 6284/6282/5510 6294/6288/5516
f 6285/6274/5502 6283/6276/5504 6292/6285/5513
f 6293/6286/5514 6283/6276/5504 6294/6288/5516
f 6292/6285/5513 6295/6277/5505 6285/6274/5502
f 6298/6289/5517 6301/6290/5518 6299/6291/5519
f 6300/6292/5520 6301/6290/5518 6298/6289/5517
f 6297/6293/5521 6302/6294/5522 6300/6292/5520
f 6300/6292/5520 6302/6294/5522 6301/6290/5518
f 6301/6290/5518 6304/6295/5523 6299/6291/5519
f 6303/6296/5524 6302/6294/5522 6297/6293/5521
f 6305/6297/5525 6297/6293/5521 6300/6292/5520
f 6305/6297/5525 6300/6292/5520 6298/6289/5517
f 6303/6296/5524 6307/6298/5526 6302/6294/5522
f 6298/6289/5517 6299/6291/5519 6306/6299/5527
f 3111/3091/2690 3173/3090/2689 3170/3155/2754
f 3111/3091/2690 3170/3155/2754 3169/6300/5528
f 3169/6300/5528 3170/3155/2754 3172/3154/2753
f 6308/6301/5529 6309/6302/5530 6315/6303/5531
f 6315/6303/5531 6309/6302/5530 6310/6304/5532
f 6315/6303/5531 6310/6304/5532 6314/6305/5533
f 6314/6305/5533 6310/6304/5532 6311/6306/5534
f 6314/6305/5533 6311/6306/5534 6313/6307/5535
f 6313/6307/5535 6311/6306/5534 6312/6308/5536
f 6326/6309/2801 6316/6310/2801 6317/6311/2801
f 6326/6309/2801 6317/6311/2801 6318/6312/2801
f 6326/6309/2801 6318/6312/2801 6325/6313/2801
f 6325/6313/2801 6318/6312/2801 6319/6314/2801
f 6325/6313/2801 6319/6314/2801 6324/6315/2801
f 6324/6315/2801 6319/6314/2801 6320/6316/2801
f 6324/6315/2801 6320/6316/2801 6323/6317/2801
f 6323/6317/2801 6320/6316/2801 6321/6318/2801
f 6323/6317/2801 6321/6318/2801 6322/6319/2801
f 3796/3777/2801 3799/3780/2801 6327/6320/2801
f 3796/3777/2801 6327/6320/2801 6328/6321/2801
f 6330/6322/5537 6331/6323/5538 6332/6324/5539
f 6330/6322/5537 6332/6324/5539 6329/6325/5540
f 6329/6325/5540 6332/6324/5539 3818/3803/3114
f 6329/6325/5540 3818/3803/3114 3817/3802/3113
f 6338/6326/5541 6336/6327/5542 6337/6328/5543
f 3061/3785/3101 3852/3837/3145 6335/6329/5544
f 6335/6329/5544 3852/3837/3145 6333/6330/5545
f 6335/6329/5544 6333/6330/5545 6334/6331/5546
f 3061/3785/3101 6335/6329/5544 6336/6327/5542
f 3061/3785/3101 6336/6327/5542 6338/6326/5541
f 3061/3785/3101 6338/6326/5541 6339/6332/5547
f 6341/6333/5548 6342/6334/5549 6340/6335/5550
f 6340/6335/5550 6342/6334/5549 6343/6336/5551
f 6340/6335/5550 6343/6336/5551 6344/6337/5552
f 3941/3896/3203 3929/3905/3212 3915/3897/3204
f 3915/3897/3204 3929/3905/3212 3926/3908/3215
f 3915/3897/3204 3926/3908/3215 3932/3909/3216
f 3932/3909/3216 3926/3908/3215 3956/3924/3231
f 3932/3909/3216 3956/3924/3231 3949/3930/3237
f 4093/6338/5553 3065/3060/2661 3064/3059/2660
f 3065/3060/2661 4093/6338/5553 4094/4078/3378
f 6347/6339/5554 6348/6340/5555 6349/6341/5556
f 6347/6339/5554 6349/6341/5556 6346/6342/5557
f 6346/6342/5557 6349/6341/5556 6350/6343/5558
f 6346/6342/5557 6350/6343/5558 6345/6344/5559
f 6345/6344/5559 6350/6343/5558 6351/6345/5560
f 6345/6344/5559 6351/6345/5560 6355/6346/5561
f 6355/6346/5561 6351/6345/5560 6354/6347/5562
f 6354/6347/5562 6351/6345/5560 6352/6348/5563
f 6354/6347/5562 6352/6348/5563 6353/6349/5564
f 4066/6350/5565 4100/4076/3376 4065/6351/5566
f 4065/6351/5566 4100/4076/3376 4098/4075/3375
f 6358/6352/5567 6359/6353/5568 6357/6354/5569
f 6357/6354/5569 6359/6353/5568 6360/6355/5570
f 6357/6354/5569 6360/6355/5570 6356/6356/5571
f 6356/6356/5571 6360/6355/5570 6361/6357/5572
f 6356/6356/5571 6361/6357/5572 6366/6358/5573
f 6366/6358/5573 6361/6357/5572 6362/6359/5574
f 6366/6358/5573 6362/6359/5574 6365/6360/5575
f 6365/6360/5575 6362/6359/5574 6364/6361/5576
f 6364/6361/5576 6362/6359/5574 6363/6362/5577
f 4358/4338/3604 4330/6363/5578 6369/6364/5579
f 6369/6364/5579 4330/6363/5578 6367/6365/5580
f 6369/6364/5579 6367/6365/5580 6368/6366/3103
f 4389/4378/3638 4395/4377/3637 4394/6367/5581
f 6370/6368/5582 4331/6369/5583 4332/4348/3609
f 4331/6369/5583 6370/6368/5582 6372/6370/5584
f 6372/6370/5584 6370/6368/5582 6371/6371/3112
f 4358/4338/3604 4332/4348/3609 4331/6369/5583
f 4358/4338/3604 4331/6369/5583 4330/6363/5578
f 6373/6372/3075 6376/6373/3075 6377/6374/3075
f 6376/6373/3075 6373/6372/3075 6375/6375/3075
f 6375/6375/3075 6373/6372/3075 6374/6376/3075
f 6379/6377/2801 6380/6378/2801 6378/6379/2801
f 6378/6379/2801 6380/6378/2801 6381/6380/2801
f 6378/6379/2801 6381/6380/2801 6382/6381/2801
f 4330/6363/5578 4331/6369/5583 6383/6382/5585
f 4330/6363/5578 6383/6382/5585 6384/6383/5586
f 3067/3061/2662 6385/6384/2662 3066/6385/2662
f 3066/6385/2662 6385/6384/2662 6386/6386/2662
f 3066/6385/2662 6386/6386/2662 3073/6387/2662
f 4343/4353/2662 3067/3061/2662 3066/6385/2662
f 3066/6385/2662 3073/6387/2662 6387/6388/2662
f 3066/6385/2662 6387/6388/2662 6388/6389/2662
f 3066/6385/2662 6390/6390/2662 4343/4353/2662
f 6390/6390/2662 3066/6385/2662 6389/6391/2662
f 4408/4390/3650 6392/6392/5587 4409/4391/3651
f 4478/4462/2797 6393/6393/2797 6394/6394/2797
f 6395/6395/5588 6396/6396/5589 6397/6397/5590
f 6396/6396/5589 6395/6395/5588 4479/4467/3702
f 6399/6398/5591 6426/6399/2662 6398/6400/2662
f 6426/6399/2662 6399/6398/5591 6400/6401/5592
f 6401/6402/2801 6402/6403/2801 6403/6404/2801
f 6403/6404/2801 6402/6403/2801 6440/6405/2801
f 6404/6406/2801 6405/6407/2801 6406/6408/2801
f 6406/6408/2801 6405/6407/2801 6450/6409/2801
f 6413/6410/2662 6398/6400/2662 6412/6411/2662
f 6417/6412/2662 6418/6413/2662 6416/6414/2662
f 6416/6414/2662 6418/6413/2662 6419/6415/2662
f 6416/6414/2662 6419/6415/2662 6414/6416/2662
f 6416/6414/2662 6414/6416/2662 6415/6417/2662
f 6423/6418/2797 6421/6419/2797 6422/6420/2797
f 6421/6419/2797 6423/6418/2797 6420/6421/2797
f 6420/6421/2797 6423/6418/2797 6425/6422/2797
f 6425/6422/2797 6423/6418/2797 6424/6423/2797
f 6427/6424/2662 6426/6399/2662 6452/6425/2662
f 6426/6399/2662 6427/6424/2662 6428/6426/2662
f 6395/6395/5588 4408/4390/3650 6431/6427/5593
f 6431/6427/5593 4408/4390/3650 6429/6428/5594
f 6431/6427/5593 6429/6428/5594 6430/6429/2797
f 4442/4445/3686 6429/6428/5594 4408/4390/3650
f 6429/6428/5594 4442/4445/3686 6432/6430/5595
f 6433/6431/5596 6398/6400/2662 6453/6432/5597
f 6434/6433/5598 6398/6400/2662 6433/6431/5596
f 4427/4412/2801 6435/6434/2801 4463/4441/2801
f 4439/4416/3075 6436/6435/3075 4440/4417/3075
f 6444/6436/5599 4477/4461/3697 4409/4391/3651
f 4477/4461/3697 6444/6436/5599 6437/6437/5600
f 4477/4461/3697 6437/6437/5600 6438/6438/5601
f 6439/6439/5602 6426/6399/2662 6400/6401/5592
f 6407/6440/3075 6441/6441/3075 6442/6442/3075
f 6407/6440/3075 6442/6442/3075 6408/6443/3075
f 6398/6400/2662 6434/6433/5598 6443/6444/5603
f 6398/6400/2662 6443/6444/5603 6399/6398/5591
f 6444/6436/5599 4409/4391/3651 6392/6392/5587
f 6439/6439/5602 6445/6445/2662 6426/6399/2662
f 6445/6445/2662 6439/6439/5602 6446/6446/5604
f 6445/6445/2662 6446/6446/5604 6391/6447/2662
f 6395/6395/5588 6392/6392/5587 4408/4390/3650
f 6392/6392/5587 6395/6395/5588 6397/6397/5590
f 6410/6448/3075 6447/6449/3075 6448/6450/3075
f 6410/6448/3075 6448/6450/3075 6411/6451/3075
f 4479/4467/3702 6449/6452/5605 6396/6396/5589
f 6431/6427/5593 6430/6429/2797 4480/4468/3703
f 6409/6453/2797 4480/4468/3703 6430/6429/2797
f 4478/4462/2797 6451/6454/5606 4479/4467/3702
f 4479/4467/3702 6451/6454/5606 6449/6452/5605
f 6438/6438/5601 4478/4462/2797 4477/4461/3697
f 4478/4462/2797 6438/6438/5601 6451/6454/5606
f 6452/6425/2662 6426/6399/2662 6445/6445/2662
f 6391/6447/2662 6453/6432/5597 6398/6400/2662
f 6453/6432/5597 6391/6447/2662 6446/6446/5604
f 6391/6447/2662 6398/6400/2662 6413/6410/2662
f 4480/4468/3703 6393/6393/2797 4478/4462/2797
f 6393/6393/2797 4480/4468/3703 6409/6453/2797
f 6454/6455/5607 6455/6456/5608 6460/6457/5609
f 6460/6457/5609 6455/6456/5608 6456/6458/5610
f 6460/6457/5609 6456/6458/5610 6459/6459/5611
f 6459/6459/5611 6456/6458/5610 6457/6460/5612
f 6459/6459/5611 6457/6460/5612 6458/6461/5613
f 6463/6462/5614 6461/6463/5614 6462/6464/5614
f 6466/6465/5615 6464/6466/5615 6465/6467/5615
f 6467/6468/5616 6468/6469/5617 6470/6470/5617
f 6470/6470/5617 6468/6469/5617 6469/6471/5618
f 6471/6472/5619 6472/6473/5620 6473/6474/5621
f 6476/6475/5622 6474/6476/5622 6475/6477/5623
f 6477/6478/5624 6478/6479/5625 6479/6480/5626
f 6483/6481/5627 6480/6482/5628 6481/6483/5627
f 6483/6481/5627 6481/6483/5627 6482/6484/5629
f 6486/6485/5630 6484/6486/5631 6485/6487/5630
f 6484/6486/5631 6486/6485/5630 6487/6488/5632
