# Blender 5.0.1
# www.blender.org
mtllib nazy hat.mtl
o defaultMaterial
v 0.000000 0.551337 -0.304707
v -0.243950 0.874210 0.667247
v -0.121975 0.893568 0.687053
v 0.000000 0.912926 0.706859
v 0.000000 0.063489 -1.254493
v -0.234341 0.024215 -1.219127
v -0.465415 0.014224 -1.116596
v -0.659338 0.029460 -0.982768
v -0.857989 0.090477 -0.746455
v -0.962284 0.161362 -0.518720
v -0.969175 0.247653 -0.276608
v -0.919491 0.373218 -0.024420
v -0.830630 0.507232 0.200228
v -0.665762 0.663733 0.427508
v -0.469699 0.782293 0.574000
v 0.000000 -0.451053 -1.970533
v -0.180271 -0.459811 -1.954473
v -0.389458 -0.471213 -1.936381
v -0.600571 -0.462923 -1.876248
v -0.802063 -0.442465 -1.782389
v -0.984623 -0.427407 -1.702664
v -1.149689 -0.397525 -1.555032
v -1.361667 -0.350329 -1.350863
v -1.503252 -0.286649 -1.136503
v -1.616052 -0.224234 -0.938425
v -1.690068 -0.155984 -0.733991
v -1.697478 -0.082329 -0.525961
v -1.702307 -0.002596 -0.303627
v -1.672243 0.099543 -0.080508
v -1.613149 0.218066 0.145777
v -1.547545 0.329990 0.347271
v -1.454875 0.455340 0.545601
v -1.309333 0.623886 0.801619
v -1.162048 0.734310 0.949173
v -0.999319 0.857120 1.114060
v -0.813811 0.945367 1.209223
v -0.617391 1.036955 1.309605
v -0.413253 1.108099 1.375059
v -0.206627 1.131347 1.393990
v 0.000000 1.154595 1.412921
v 0.000000 0.140041 1.347254
v 0.000000 0.352589 1.380115
v -0.206829 0.345009 1.357970
v -0.203874 0.136705 1.324676
v -0.170747 -0.562300 -1.709312
v -0.172396 -0.571750 -1.764035
v 0.000000 -0.571219 -1.788452
v 0.000000 -0.572877 -1.736376
v -0.356932 -0.552755 -1.673457
v -0.361972 -0.573038 -1.727219
v -0.535579 -0.536676 -1.608216
v -0.550010 -0.568945 -1.661064
v -0.717004 -0.522460 -1.515225
v -0.735448 -0.556711 -1.567314
v -0.847746 -0.511649 -1.444356
v -0.876869 -0.549554 -1.493628
v -0.975251 -0.487721 -1.313209
v -1.014880 -0.519967 -1.355409
v -1.142522 -0.439193 -1.112394
v -1.192491 -0.472257 -1.154500
v -1.241782 -0.399828 -0.920999
v -1.301577 -0.430649 -0.956878
v -1.322196 -0.364583 -0.749538
v -1.392057 -0.394446 -0.780018
v -1.374784 -0.334437 -0.594976
v -1.467595 -0.354389 -0.614241
v -1.402490 -0.293776 -0.405246
v -1.494748 -0.293952 -0.419944
v -1.437742 -0.242836 -0.169614
v -1.515407 -0.216539 -0.189693
v -1.404322 -0.181961 0.057203
v -1.482843 -0.138817 0.038033
v -1.515407 -0.216539 -0.189693
v -1.437742 -0.242836 -0.169614
v -1.367743 -0.120493 0.289836
v -1.435580 -0.058089 0.267688
v -1.283316 -0.069917 0.477353
v -1.359466 0.003231 0.462931
v -1.195034 -0.017172 0.667585
v -1.266790 0.075635 0.654308
v -1.048726 0.028224 0.853658
v -1.120737 0.145168 0.862556
v -0.937565 0.062294 0.974980
v -0.998438 0.198901 0.985787
v -0.844284 0.086563 1.073875
v -0.887080 0.245377 1.094484
v -0.709742 0.099491 1.148259
v -0.740958 0.275252 1.179982
v -0.571097 0.117217 1.225383
v -0.588654 0.309228 1.261006
v -0.407747 0.133368 1.302098
v -0.413657 0.337429 1.335824
v 0.000000 -0.500055 1.481116
v 0.000000 -0.189464 1.416163
v -0.198407 -0.193389 1.392704
v -0.193324 -0.504455 1.457218
v -0.535747 -1.092721 -1.497010
v -0.535665 -0.822914 -1.550969
v -0.372767 -0.837164 -1.613790
v -0.387694 -1.105246 -1.557548
v -0.689065 -1.076989 -1.411797
v -0.700843 -0.807301 -1.458897
v -0.822012 -1.064295 -1.337715
v -0.832249 -0.795357 -1.385555
v -0.967030 -1.030202 -1.192790
v -0.965974 -0.766085 -1.246760
v -1.144874 -0.993325 -0.999007
v -1.143733 -0.724447 -1.054026
v -1.232810 -0.958413 -0.829299
v -1.237163 -0.687374 -0.873794
v -1.301184 -0.929248 -0.683350
v -1.311379 -0.655259 -0.715466
v -1.366246 -0.907531 -0.541433
v -1.370389 -0.629452 -0.567414
v -1.395903 -0.862368 -0.338669
v -1.399099 -0.586473 -0.370973
v -1.433296 -0.812546 -0.081596
v -1.435058 -0.536097 -0.124249
v -1.404405 -0.764564 0.156102
v -1.403238 -0.481902 0.107956
v -1.435058 -0.536097 -0.124249
v -1.433296 -0.812546 -0.081596
v -1.368770 -0.713136 0.400303
v -1.368230 -0.425572 0.346696
v -1.283163 -0.677959 0.597560
v -1.282943 -0.382948 0.539100
v -1.193138 -0.638931 0.789600
v -1.192896 -0.337342 0.729872
v -1.043893 -0.598814 0.984418
v -1.046238 -0.294559 0.920970
v -0.926097 -0.572586 1.112411
v -0.931093 -0.264626 1.045224
v -0.837427 -0.556442 1.205742
v -0.840638 -0.244480 1.141556
v -0.696620 -0.540108 1.283625
v -0.702987 -0.229759 1.217942
v -0.550746 -0.523846 1.364443
v -0.560465 -0.212840 1.296697
v -0.386647 -0.508855 1.433319
v -0.396814 -0.197313 1.369246
v 0.000000 0.140041 1.347254
v -0.203874 0.136705 1.324676
v -0.407747 0.133368 1.302098
v -0.571097 0.117217 1.225383
v -0.709742 0.099491 1.148259
v -0.844284 0.086563 1.073875
v -0.937565 0.062294 0.974980
v -1.048726 0.028224 0.853658
v -1.195034 -0.017172 0.667585
v -1.283316 -0.069917 0.477353
v -1.367743 -0.120493 0.289836
v -1.404322 -0.181961 0.057203
v -1.437742 -0.242836 -0.169614
v -1.437742 -0.242836 -0.169614
v -1.402490 -0.293776 -0.405246
v -1.374784 -0.334437 -0.594976
v -1.322196 -0.364583 -0.749538
v -1.241782 -0.399828 -0.920999
v -1.142522 -0.439193 -1.112394
v -0.975251 -0.487721 -1.313209
v -0.847746 -0.511649 -1.444356
v -0.717004 -0.522460 -1.515225
v -0.535579 -0.536676 -1.608216
v -0.356932 -0.552755 -1.673457
v -0.170747 -0.562300 -1.709312
v -0.182475 -0.845384 -1.646237
v 0.000000 -0.572877 -1.736376
v 0.000000 -0.856918 -1.676621
v 0.000000 0.588425 1.413152
v 0.000000 0.781356 1.433815
v -0.210454 0.765191 1.413953
v -0.209876 0.576105 1.391813
v -0.419753 0.563785 1.370473
v -0.420908 0.749027 1.394092
v -0.617833 0.699456 1.319023
v -0.606360 0.522503 1.296888
v -0.795301 0.633975 1.225500
v -0.771746 0.471378 1.207362
v -0.965349 0.570729 1.128607
v -0.932596 0.421978 1.115055
v -1.105462 0.481709 0.988099
v -1.058595 0.353206 0.989025
v -1.240436 0.398139 0.851061
v -1.187629 0.283635 0.858150
v -1.393118 0.272885 0.613299
v -1.342445 0.180722 0.636877
v -1.490447 0.170481 0.417258
v -1.433590 0.093369 0.439703
v -1.563900 0.077278 0.217517
v -1.509205 0.012288 0.242412
v -1.615986 -0.027001 -0.013562
v -1.561413 -0.083709 0.012509
v -1.652723 -0.131655 -0.240550
v -1.595948 -0.174418 -0.215808
v -1.595948 -0.174418 -0.215808
v -1.652723 -0.131655 -0.240550
v -1.644945 -0.217469 -0.467551
v -1.582700 -0.260211 -0.446351
v -1.628374 -0.300437 -0.667551
v -1.568409 -0.338311 -0.645189
v -1.543663 -0.373882 -0.863855
v -1.472804 -0.395805 -0.821992
v -1.431388 -0.427262 -1.047719
v -1.370577 -0.438684 -1.003372
v -1.299080 -0.477455 -1.259991
v -1.249534 -0.484797 -1.208493
v -1.103484 -0.519415 -1.464035
v -1.062908 -0.529518 -1.411852
v -0.943725 -0.552974 -1.615808
v -0.913232 -0.563556 -1.558801
v -0.779904 -0.563853 -1.692374
v -0.759222 -0.571869 -1.633629
v -0.583733 -0.576315 -1.783330
v -0.567454 -0.581790 -1.725465
v -0.375615 -0.576668 -1.847434
v -0.368563 -0.581582 -1.790285
v -0.175501 -0.569882 -1.874090
v -0.174255 -0.573515 -1.824658
v 0.000000 -0.563373 -1.893610
v 0.000000 -0.568975 -1.846102
v 0.000000 1.036697 1.440114
v -0.209662 1.015689 1.420883
v -0.419324 0.994681 1.401651
v -0.624694 0.930774 1.328833
v -0.817178 0.847125 1.231688
v -0.997465 0.766217 1.130854
v -1.156430 0.653580 0.974245
v -1.302862 0.550937 0.830156
v -1.451460 0.395600 0.576878
v -1.549616 0.276715 0.379199
v -1.615689 0.170205 0.175478
v -1.670577 0.055579 -0.054306
v -1.708054 -0.050032 -0.279714
v -1.708054 -0.050032 -0.279714
v -1.701906 -0.132562 -0.505550
v -1.696202 -0.213392 -0.714262
v -1.621316 -0.289144 -0.922709
v -1.508277 -0.351858 -1.119505
v -1.366153 -0.412140 -1.336446
v -1.152645 -0.453616 -1.540880
v -0.985591 -0.484329 -1.693058
v -0.806612 -0.499699 -1.775872
v -0.604687 -0.518169 -1.869078
v -0.388625 -0.520279 -1.927127
v -0.180416 -0.513234 -1.953882
v 0.000000 -0.493067 -1.978659
v 0.000000 1.154595 1.412921
v -0.206627 1.131347 1.393990
v -0.413253 1.108099 1.375059
v -0.617391 1.036955 1.309605
v -0.813811 0.945367 1.209223
v -0.999319 0.857120 1.114060
v -1.162048 0.734310 0.949173
v -1.309333 0.623886 0.801619
v -1.454875 0.455340 0.545601
v -1.547545 0.329990 0.347271
v -1.613149 0.218066 0.145777
v -1.672243 0.099543 -0.080508
v -1.702307 -0.002596 -0.303627
v -1.702307 -0.002596 -0.303627
v -1.697478 -0.082329 -0.525961
v -1.690068 -0.155984 -0.733991
v -1.616052 -0.224234 -0.938425
v -1.503252 -0.286649 -1.136503
v -1.361667 -0.350329 -1.350863
v -1.361667 -0.350329 -1.350863
v -1.149689 -0.397525 -1.555032
v -0.984623 -0.427407 -1.702664
v -0.802063 -0.442465 -1.782389
v -0.600571 -0.462923 -1.876248
v -0.389458 -0.471213 -1.936381
v -0.180271 -0.459811 -1.954473
v 0.000000 -0.451053 -1.970533
v 0.000000 -0.784294 1.946992
v 0.000000 -0.720507 1.866865
v -0.251795 -0.717693 1.820330
v -0.266165 -0.782046 1.900184
v -1.469168 -0.883574 0.224517
v -1.448633 -0.839875 0.214194
v -1.433849 -0.825195 -0.075121
v -1.436441 -0.885455 -0.044268
v -1.487054 -0.870116 0.488725
v -1.456662 -0.820805 0.474240
v -1.459895 -0.874695 0.727714
v -1.423774 -0.821206 0.706053
v -1.409807 -0.854618 0.949047
v -1.364834 -0.804038 0.921148
v -1.300081 -0.849931 1.188658
v -1.252896 -0.789792 1.153305
v -1.195249 -0.837346 1.343653
v -1.141048 -0.771793 1.300301
v -1.072346 -0.813624 1.489337
v -1.032596 -0.754305 1.442695
v -0.915141 -0.806765 1.623605
v -0.876915 -0.745766 1.565709
v -0.759685 -0.799358 1.736347
v -0.720948 -0.734957 1.669661
v -0.532330 -0.779797 1.853375
v -0.503590 -0.714880 1.773795
v 0.000000 -0.548369 1.490344
v 0.000000 -0.500055 1.481116
v -0.193324 -0.504455 1.457218
v -0.193194 -0.552984 1.466725
v -0.386387 -0.557598 1.443106
v -0.386647 -0.508855 1.433319
v -0.550746 -0.523846 1.364443
v -0.547412 -0.571778 1.375942
v -0.696620 -0.540108 1.283625
v -0.695708 -0.587827 1.293686
v -0.837427 -0.556442 1.205742
v -0.834305 -0.603855 1.217347
v -0.926097 -0.572586 1.112411
v -0.926261 -0.622049 1.122109
v -1.043893 -0.598814 0.984418
v -1.043795 -0.647287 0.994215
v -1.193138 -0.638931 0.789600
v -1.191303 -0.685390 0.802957
v -1.283163 -0.677959 0.597560
v -1.280773 -0.723206 0.611906
v -1.368770 -0.713136 0.400303
v -1.368308 -0.764022 0.413767
v -1.404405 -0.764564 0.156102
v -1.404364 -0.813677 0.166336
v -1.433296 -0.812546 -0.081596
v -1.433849 -0.825195 -0.075121
v 0.000000 -0.630820 1.669857
v -0.222119 -0.632809 1.637113
v -0.444238 -0.634798 1.604369
v -0.631968 -0.650853 1.517654
v -0.783039 -0.663741 1.423520
v -0.920168 -0.696365 1.316579
v -1.033649 -0.696682 1.209093
v -1.146441 -0.717230 1.070486
v -1.278171 -0.745039 0.859347
v -1.354210 -0.773852 0.656498
v -1.418567 -0.796564 0.441606
v -1.423405 -0.824810 0.188302
v 0.000000 -0.548369 1.490344
v -0.193194 -0.552984 1.466725
v -0.386387 -0.557598 1.443106
v -0.547412 -0.571778 1.375942
v -0.695708 -0.587827 1.293686
v -0.834305 -0.603855 1.217347
v -0.926261 -0.622049 1.122109
v -1.043795 -0.647287 0.994215
v -1.191303 -0.685390 0.802957
v -1.280773 -0.723206 0.611906
v -1.368308 -0.764022 0.413767
v -1.404364 -0.813677 0.166336
v 0.000000 -0.602135 1.443451
v 0.000000 -0.784294 1.946992
v -0.266165 -0.782046 1.900184
v -0.183348 -0.608061 1.428133
v -1.348448 -0.852989 0.188045
v -1.469168 -0.883574 0.224517
v -1.436441 -0.885455 -0.044268
v -1.388223 -0.905545 -0.074968
v -1.226381 -0.765741 0.632402
v -1.487054 -0.870116 0.488725
v -1.122204 -0.722167 0.842749
v -1.459895 -0.874695 0.727714
v -1.029220 -0.704647 0.960574
v -1.409807 -0.854618 0.949047
v -0.925454 -0.680774 1.068125
v -1.300081 -0.849931 1.188658
v -0.835081 -0.660599 1.150862
v -1.195249 -0.837346 1.343653
v -0.753817 -0.648309 1.213431
v -1.072346 -0.813624 1.489337
v -0.645195 -0.638120 1.278614
v -0.915141 -0.806765 1.623605
v -0.538038 -0.627099 1.340288
v -0.759685 -0.799358 1.736347
v -0.366696 -0.613988 1.412815
v -0.532330 -0.779797 1.853375
v 0.121975 0.893568 0.687053
v 0.243950 0.874210 0.667247
v 0.234341 0.024215 -1.219127
v 0.465415 0.014224 -1.116596
v 0.659338 0.029460 -0.982768
v 0.857989 0.090477 -0.746455
v 0.962284 0.161362 -0.518720
v 0.969175 0.247653 -0.276608
v 0.919491 0.373218 -0.024420
v 0.830630 0.507232 0.200228
v 0.665762 0.663733 0.427508
v 0.469699 0.782293 0.574000
v 0.180271 -0.459811 -1.954473
v 0.389458 -0.471213 -1.936381
v 0.600571 -0.462923 -1.876248
v 0.802063 -0.442465 -1.782389
v 0.984623 -0.427407 -1.702664
v 1.149689 -0.397525 -1.555032
v 1.361667 -0.350329 -1.350863
v 1.503252 -0.286649 -1.136503
v 1.616052 -0.224234 -0.938425
v 1.690068 -0.155984 -0.733991
v 1.697478 -0.082329 -0.525961
v 1.702307 -0.002596 -0.303627
v 1.672243 0.099543 -0.080508
v 1.613149 0.218066 0.145777
v 1.547545 0.329990 0.347271
v 1.454875 0.455340 0.545601
v 1.309333 0.623886 0.801619
v 1.162048 0.734310 0.949173
v 0.999319 0.857120 1.114060
v 0.813811 0.945367 1.209223
v 0.617391 1.036955 1.309605
v 0.413253 1.108099 1.375059
v 0.206627 1.131347 1.393990
v 0.413657 0.337429 1.335824
v 0.206829 0.345009 1.357970
v 0.203874 0.136705 1.324676
v 0.407747 0.133368 1.302098
v 0.000000 -0.571219 -1.788452
v 0.172396 -0.571750 -1.764035
v 0.170747 -0.562300 -1.709312
v 0.000000 -0.572877 -1.736376
v 0.361972 -0.573038 -1.727219
v 0.356932 -0.552755 -1.673457
v 0.550010 -0.568945 -1.661064
v 0.535579 -0.536676 -1.608216
v 0.735448 -0.556711 -1.567314
v 0.717004 -0.522460 -1.515225
v 0.876869 -0.549554 -1.493628
v 0.847746 -0.511649 -1.444356
v 1.014880 -0.519967 -1.355409
v 0.975251 -0.487721 -1.313209
v 1.192491 -0.472257 -1.154500
v 1.142522 -0.439193 -1.112394
v 1.301577 -0.430649 -0.956878
v 1.241782 -0.399828 -0.920999
v 1.392057 -0.394446 -0.780018
v 1.322196 -0.364583 -0.749538
v 1.467595 -0.354389 -0.614241
v 1.374784 -0.334437 -0.594976
v 1.494748 -0.293952 -0.419944
v 1.402490 -0.293776 -0.405246
v 1.515407 -0.216539 -0.189693
v 1.437742 -0.242836 -0.169614
v 1.515407 -0.216539 -0.189693
v 1.482843 -0.138817 0.038033
v 1.404322 -0.181961 0.057203
v 1.437742 -0.242836 -0.169614
v 1.435580 -0.058089 0.267688
v 1.367743 -0.120493 0.289836
v 1.359466 0.003231 0.462931
v 1.283316 -0.069917 0.477353
v 1.266790 0.075635 0.654308
v 1.195034 -0.017172 0.667585
v 1.120737 0.145168 0.862556
v 1.048726 0.028224 0.853658
v 0.998438 0.198901 0.985787
v 0.937565 0.062294 0.974980
v 0.887080 0.245377 1.094484
v 0.844284 0.086563 1.073875
v 0.740958 0.275252 1.179982
v 0.709742 0.099491 1.148259
v 0.588654 0.309228 1.261006
v 0.571097 0.117217 1.225383
v 0.396814 -0.197313 1.369246
v 0.198407 -0.193389 1.392704
v 0.193324 -0.504455 1.457218
v 0.386647 -0.508855 1.433319
v 0.372767 -0.837164 -1.613790
v 0.535665 -0.822914 -1.550969
v 0.535747 -1.092721 -1.497010
v 0.387694 -1.105246 -1.557548
v 0.700843 -0.807301 -1.458897
v 0.689065 -1.076989 -1.411797
v 0.832249 -0.795357 -1.385555
v 0.822012 -1.064295 -1.337715
v 0.965974 -0.766085 -1.246760
v 0.967030 -1.030202 -1.192790
v 1.143733 -0.724447 -1.054026
v 1.144874 -0.993325 -0.999007
v 1.237163 -0.687374 -0.873794
v 1.232810 -0.958413 -0.829299
v 1.311379 -0.655259 -0.715466
v 1.301184 -0.929248 -0.683350
v 1.370389 -0.629452 -0.567414
v 1.366246 -0.907531 -0.541433
v 1.399099 -0.586473 -0.370973
v 1.395903 -0.862368 -0.338669
v 1.435058 -0.536097 -0.124249
v 1.433296 -0.812546 -0.081596
v 1.435058 -0.536097 -0.124249
v 1.403238 -0.481902 0.107956
v 1.404405 -0.764564 0.156102
v 1.433296 -0.812546 -0.081596
v 1.368230 -0.425572 0.346696
v 1.368770 -0.713136 0.400303
v 1.282943 -0.382948 0.539100
v 1.283163 -0.677959 0.597560
v 1.192896 -0.337342 0.729872
v 1.193138 -0.638931 0.789600
v 1.046238 -0.294559 0.920970
v 1.043893 -0.598814 0.984418
v 0.931093 -0.264626 1.045224
v 0.926097 -0.572586 1.112411
v 0.840638 -0.244480 1.141556
v 0.837427 -0.556442 1.205742
v 0.702987 -0.229759 1.217942
v 0.696620 -0.540108 1.283625
v 0.560465 -0.212840 1.296697
v 0.550746 -0.523846 1.364443
v 0.407747 0.133368 1.302098
v 0.203874 0.136705 1.324676
v 0.571097 0.117217 1.225383
v 0.709742 0.099491 1.148259
v 0.844284 0.086563 1.073875
v 0.937565 0.062294 0.974980
v 1.048726 0.028224 0.853658
v 1.195034 -0.017172 0.667585
v 1.283316 -0.069917 0.477353
v 1.367743 -0.120493 0.289836
v 1.404322 -0.181961 0.057203
v 1.437742 -0.242836 -0.169614
v 1.402490 -0.293776 -0.405246
v 1.437742 -0.242836 -0.169614
v 1.374784 -0.334437 -0.594976
v 1.322196 -0.364583 -0.749538
v 1.241782 -0.399828 -0.920999
v 1.142522 -0.439193 -1.112394
v 0.975251 -0.487721 -1.313209
v 0.847746 -0.511649 -1.444356
v 0.717004 -0.522460 -1.515225
v 0.535579 -0.536676 -1.608216
v 0.356932 -0.552755 -1.673457
v 0.170747 -0.562300 -1.709312
v 0.182475 -0.845384 -1.646237
v 0.000000 -0.572877 -1.736376
v 0.000000 -0.856918 -1.676621
v 0.420908 0.749027 1.394092
v 0.210454 0.765191 1.413953
v 0.209876 0.576105 1.391813
v 0.419753 0.563785 1.370473
v 0.617833 0.699456 1.319023
v 0.606360 0.522503 1.296888
v 0.795301 0.633975 1.225500
v 0.771746 0.471378 1.207362
v 0.965349 0.570729 1.128607
v 0.932596 0.421978 1.115055
v 1.105462 0.481709 0.988099
v 1.058595 0.353206 0.989025
v 1.240436 0.398139 0.851061
v 1.187629 0.283635 0.858150
v 1.393118 0.272885 0.613299
v 1.342445 0.180722 0.636877
v 1.490447 0.170481 0.417258
v 1.433590 0.093369 0.439703
v 1.563900 0.077278 0.217517
v 1.509205 0.012288 0.242412
v 1.615986 -0.027001 -0.013562
v 1.561413 -0.083709 0.012509
v 1.652723 -0.131655 -0.240550
v 1.595948 -0.174418 -0.215808
v 1.644945 -0.217469 -0.467551
v 1.652723 -0.131655 -0.240550
v 1.595948 -0.174418 -0.215808
v 1.582700 -0.260211 -0.446351
v 1.628374 -0.300437 -0.667551
v 1.568409 -0.338311 -0.645189
v 1.543663 -0.373882 -0.863855
v 1.472804 -0.395805 -0.821992
v 1.431388 -0.427262 -1.047719
v 1.370577 -0.438684 -1.003372
v 1.299080 -0.477455 -1.259991
v 1.249534 -0.484797 -1.208493
v 1.103484 -0.519415 -1.464035
v 1.062908 -0.529518 -1.411852
v 0.943725 -0.552974 -1.615808
v 0.913232 -0.563556 -1.558801
v 0.779904 -0.563853 -1.692374
v 0.759222 -0.571869 -1.633629
v 0.583733 -0.576315 -1.783330
v 0.567454 -0.581790 -1.725465
v 0.375615 -0.576668 -1.847434
v 0.368563 -0.581582 -1.790285
v 0.175501 -0.569882 -1.874090
v 0.174255 -0.573515 -1.824658
v 0.000000 -0.563373 -1.893610
v 0.000000 -0.568975 -1.846102
v 0.419324 0.994681 1.401651
v 0.209662 1.015689 1.420883
v 0.624694 0.930774 1.328833
v 0.817178 0.847125 1.231688
v 0.997465 0.766217 1.130854
v 1.156430 0.653580 0.974245
v 1.302862 0.550937 0.830156
v 1.451460 0.395600 0.576878
v 1.549616 0.276715 0.379199
v 1.615689 0.170205 0.175478
v 1.670577 0.055579 -0.054306
v 1.708054 -0.050032 -0.279714
v 1.701906 -0.132562 -0.505550
v 1.708054 -0.050032 -0.279714
v 1.696202 -0.213392 -0.714262
v 1.621316 -0.289144 -0.922709
v 1.508277 -0.351858 -1.119505
v 1.366153 -0.412140 -1.336446
v 1.152645 -0.453616 -1.540880
v 0.985591 -0.484329 -1.693058
v 0.806612 -0.499699 -1.775872
v 0.604687 -0.518169 -1.869078
v 0.388625 -0.520279 -1.927127
v 0.180416 -0.513234 -1.953882
v 0.000000 -0.493067 -1.978659
v 0.413253 1.108099 1.375059
v 0.206627 1.131347 1.393990
v 0.617391 1.036955 1.309605
v 0.813811 0.945367 1.209223
v 0.999319 0.857120 1.114060
v 1.162048 0.734310 0.949173
v 1.309333 0.623886 0.801619
v 1.454875 0.455340 0.545601
v 1.547545 0.329990 0.347271
v 1.613149 0.218066 0.145777
v 1.672243 0.099543 -0.080508
v 1.702307 -0.002596 -0.303627
v 1.697478 -0.082329 -0.525961
v 1.702307 -0.002596 -0.303627
v 1.690068 -0.155984 -0.733991
v 1.616052 -0.224234 -0.938425
v 1.503252 -0.286649 -1.136503
v 1.361667 -0.350329 -1.350863
v 1.149689 -0.397525 -1.555032
v 1.361667 -0.350329 -1.350863
v 0.984623 -0.427407 -1.702664
v 0.802063 -0.442465 -1.782389
v 0.600571 -0.462923 -1.876248
v 0.389458 -0.471213 -1.936381
v 0.180271 -0.459811 -1.954473
v 0.000000 -0.451053 -1.970533
v 0.503590 -0.714880 1.773795
v 0.251795 -0.717693 1.820330
v 0.266165 -0.782046 1.900184
v 0.532330 -0.779797 1.853375
v 1.433849 -0.825195 -0.075121
v 1.448633 -0.839875 0.214194
v 1.469168 -0.883574 0.224517
v 1.436441 -0.885455 -0.044268
v 1.456662 -0.820805 0.474240
v 1.487054 -0.870116 0.488725
v 1.423774 -0.821206 0.706053
v 1.459895 -0.874695 0.727714
v 1.364834 -0.804038 0.921148
v 1.409807 -0.854618 0.949047
v 1.252896 -0.789792 1.153305
v 1.300081 -0.849931 1.188658
v 1.141048 -0.771793 1.300301
v 1.195249 -0.837346 1.343653
v 1.032596 -0.754305 1.442695
v 1.072346 -0.813624 1.489337
v 0.876915 -0.745766 1.565709
v 0.915141 -0.806765 1.623605
v 0.720948 -0.734957 1.669661
v 0.759685 -0.799358 1.736347
v 0.386647 -0.508855 1.433319
v 0.193324 -0.504455 1.457218
v 0.193194 -0.552984 1.466725
v 0.386387 -0.557598 1.443106
v 0.550746 -0.523846 1.364443
v 0.547412 -0.571778 1.375942
v 0.696620 -0.540108 1.283625
v 0.695708 -0.587827 1.293686
v 0.837427 -0.556442 1.205742
v 0.834305 -0.603855 1.217347
v 0.926097 -0.572586 1.112411
v 0.926261 -0.622049 1.122109
v 1.043893 -0.598814 0.984418
v 1.043795 -0.647287 0.994215
v 1.193138 -0.638931 0.789600
v 1.191303 -0.685390 0.802957
v 1.283163 -0.677959 0.597560
v 1.280773 -0.723206 0.611906
v 1.368770 -0.713136 0.400303
v 1.368308 -0.764022 0.413767
v 1.404405 -0.764564 0.156102
v 1.404364 -0.813677 0.166336
v 1.433296 -0.812546 -0.081596
v 1.433849 -0.825195 -0.075121
v 0.444238 -0.634798 1.604369
v 0.222119 -0.632809 1.637113
v 0.631968 -0.650853 1.517654
v 0.783039 -0.663741 1.423520
v 0.920168 -0.696365 1.316579
v 1.033649 -0.696682 1.209093
v 1.146441 -0.717230 1.070486
v 1.278171 -0.745039 0.859347
v 1.354210 -0.773852 0.656498
v 1.418567 -0.796564 0.441606
v 1.423405 -0.824810 0.188302
v 0.386387 -0.557598 1.443106
v 0.193194 -0.552984 1.466725
v 0.547412 -0.571778 1.375942
v 0.695708 -0.587827 1.293686
v 0.834305 -0.603855 1.217347
v 0.926261 -0.622049 1.122109
v 1.043795 -0.647287 0.994215
v 1.191303 -0.685390 0.802957
v 1.280773 -0.723206 0.611906
v 1.368308 -0.764022 0.413767
v 1.404364 -0.813677 0.166336
v 0.532330 -0.779797 1.853375
v 0.266165 -0.782046 1.900184
v 0.183348 -0.608061 1.428133
v 0.366696 -0.613988 1.412815
v 1.436441 -0.885455 -0.044268
v 1.469168 -0.883574 0.224517
v 1.348448 -0.852989 0.188045
v 1.388223 -0.905545 -0.074968
v 1.487054 -0.870116 0.488725
v 1.226381 -0.765741 0.632402
v 1.459895 -0.874695 0.727714
v 1.122204 -0.722167 0.842749
v 1.409807 -0.854618 0.949047
v 1.029220 -0.704647 0.960574
v 1.300081 -0.849931 1.188658
v 0.925454 -0.680774 1.068125
v 1.195249 -0.837346 1.343653
v 0.835081 -0.660599 1.150862
v 1.072346 -0.813624 1.489337
v 0.753817 -0.648309 1.213431
v 0.915141 -0.806765 1.623605
v 0.645195 -0.638120 1.278614
v 0.759685 -0.799358 1.736347
v 0.538038 -0.627099 1.340288
v -0.387694 -1.105246 -1.557548
v -0.184483 -1.119799 -1.591043
v -0.000001 -1.119937 -1.624064
v -0.000001 -1.119937 -1.624064
v 0.184668 -1.114445 -1.592080
v 0.387694 -1.105246 -1.557548
v -1.436441 -0.885455 -0.044268
v -1.433849 -0.825195 -0.075121
v -1.433296 -0.812546 -0.081596
v -1.388223 -0.905545 -0.074968
v 1.388223 -0.905545 -0.074968
v 1.433296 -0.812546 -0.081596
v 1.433849 -0.825195 -0.075121
v 1.436441 -0.885455 -0.044268
v -0.447706 -1.057688 -1.320479
v -0.535747 -1.092721 -1.497010
v -0.387694 -1.105246 -1.557548
v -0.331165 -1.067430 -1.368155
v -0.590664 -1.042952 -1.241037
v -0.689065 -1.076989 -1.411797
v -0.698742 -1.033471 -1.180647
v -0.822012 -1.064295 -1.337715
v -0.821099 -1.004093 -1.058485
v -0.967030 -1.030202 -1.192790
v -0.978550 -0.971432 -0.886925
v -1.144874 -0.993325 -0.999007
v -1.052701 -0.941872 -0.743846
v -1.232810 -0.958413 -0.829299
v -1.119243 -0.913389 -0.601826
v -1.301184 -0.929248 -0.683350
v -1.172298 -0.896828 -0.485875
v -1.366246 -0.907531 -0.541433
v -1.197912 -0.857105 -0.310884
v -1.395903 -0.862368 -0.338669
v -1.234179 -0.763981 -0.070236
v -1.433296 -0.812546 -0.081596
v 0.331171 -1.067635 -1.368112
v 0.387694 -1.105246 -1.557548
v 0.535747 -1.092721 -1.497010
v 0.447706 -1.057688 -1.320479
v 0.689065 -1.076989 -1.411797
v 0.590664 -1.042952 -1.241037
v 0.822012 -1.064295 -1.337715
v 0.698742 -1.033471 -1.180647
v 0.967030 -1.030202 -1.192790
v 0.821099 -1.004093 -1.058485
v 1.144874 -0.993325 -0.999007
v 0.978550 -0.971432 -0.886925
v 1.232810 -0.958413 -0.829299
v 1.052701 -0.941872 -0.743846
v 1.301184 -0.929248 -0.683350
v 1.119243 -0.913389 -0.601826
v 1.366246 -0.907531 -0.541433
v 1.172298 -0.896828 -0.485875
v 1.395903 -0.862368 -0.338669
v 1.197912 -0.857105 -0.310884
v 1.433296 -0.812546 -0.081596
v 1.234179 -0.763981 -0.070236
v -0.184483 -1.119799 -1.591043
v -0.149892 -1.080521 -1.398013
v -0.000001 -1.119937 -1.624064
v -0.000020 -1.079570 -1.425057
v 0.184668 -1.114445 -1.592080
v 0.150065 -1.075871 -1.398910
v -1.187485 -0.862476 -0.093537
v -1.388223 -0.905545 -0.074968
v -1.433296 -0.812546 -0.081596
v -1.234179 -0.763981 -0.070236
v 1.234179 -0.763981 -0.070236
v 1.433296 -0.812546 -0.081596
v 1.388223 -0.905545 -0.074968
v 1.187480 -0.862485 -0.093536
v 1.152316 -0.860987 0.148002
v 1.348448 -0.852989 0.188045
v 1.226381 -0.765741 0.632402
v 1.038188 -0.779773 0.563534
v 1.187480 -0.862485 -0.093536
v 1.388223 -0.905545 -0.074968
v 0.951529 -0.743327 0.738469
v 1.122204 -0.722167 0.842749
v 1.029220 -0.704647 0.960574
v 0.877326 -0.729783 0.832583
v 0.784008 -0.707573 0.929161
v 0.925454 -0.680774 1.068125
v 0.835081 -0.660599 1.150862
v 0.704548 -0.689884 1.001917
v 0.753817 -0.648309 1.213431
v 0.639799 -0.680646 1.051881
v 0.447722 -0.661808 1.164819
v 0.538038 -0.627099 1.340288
v 0.366696 -0.613988 1.412815
v 0.317153 -0.652094 1.220142
v 0.183348 -0.608061 1.428133
v 0.165769 -0.646834 1.232717
v -0.165769 -0.646834 1.232717
v -0.183348 -0.608061 1.428133
v -0.366696 -0.613988 1.412815
v -0.317153 -0.652094 1.220142
v -0.538038 -0.627099 1.340288
v -0.447722 -0.661808 1.164819
v -0.639799 -0.680646 1.051881
v -0.753817 -0.648309 1.213431
v -0.835081 -0.660599 1.150862
v -0.704548 -0.689884 1.001917
v -0.925454 -0.680774 1.068125
v -0.784008 -0.707573 0.929161
v -0.951532 -0.742984 0.738395
v -1.122204 -0.722167 0.842749
v -1.226381 -0.765741 0.632402
v -1.038188 -0.779336 0.563444
v -1.348448 -0.852989 0.188045
v -1.152316 -0.860969 0.147998
v -1.388223 -0.905545 -0.074968
v -1.187485 -0.862476 -0.093537
v -0.877328 -0.729869 0.832598
v -1.029220 -0.704647 0.960574
v -0.542844 -0.671729 1.110098
v -0.645195 -0.638120 1.278614
v 0.000000 -0.641210 1.246513
v 0.000000 -0.602135 1.443451
v 0.542844 -0.671729 1.110098
v 0.645195 -0.638120 1.278614
v 0.362528 -0.498875 1.532948
v 0.101152 -0.490276 1.575316
v 0.099603 -0.514937 1.561197
v 0.357945 -0.523434 1.519324
v 0.554147 -0.511777 1.469367
v 0.546685 -0.536143 1.456700
v 0.357974 -0.426520 1.499648
v 0.099635 -0.418021 1.541528
v 0.101152 -0.435226 1.564145
v 0.362528 -0.443825 1.521776
v 0.546710 -0.439229 1.437023
v 0.554147 -0.456727 1.458195
v 0.791490 -0.536895 1.345600
v 0.781356 -0.560977 1.334328
v 0.952781 -0.561181 1.225925
v 0.940277 -0.584906 1.216413
v 0.781375 -0.464064 1.314647
v 0.791490 -0.481845 1.334428
v 0.940288 -0.487992 1.196737
v 0.952781 -0.506130 1.214754
v 1.143064 -0.600701 1.031181
v 1.128521 -0.624003 1.023756
v 1.258763 -0.633706 0.868543
v 1.143064 -0.600701 1.031181
v 1.128521 -0.624003 1.023756
v 1.242556 -0.656534 0.863456
v 1.128525 -0.527089 1.004083
v 1.143064 -0.545652 1.020010
v 1.242556 -0.559618 0.843789
v 1.258763 -0.578657 0.857372
v 1.382120 -0.683990 0.620766
v 1.364651 -0.706302 0.618214
v 1.442334 -0.719107 0.430821
v 1.423506 -0.740956 0.440876
v 1.364651 -0.609387 0.598546
v 1.382120 -0.628940 0.609594
v 1.423506 -0.644040 0.418003
v 1.364651 -0.609387 0.598546
v 1.382120 -0.628940 0.609594
v 1.442334 -0.670645 0.420986
v 0.362528 -0.443825 1.521776
v 0.101152 -0.435226 1.564145
v 0.101152 -0.490276 1.575316
v 0.362528 -0.498875 1.532948
v 0.791490 -0.481845 1.334428
v 0.554147 -0.456727 1.458195
v 0.554147 -0.511777 1.469367
v 0.791490 -0.536895 1.345600
v 1.143064 -0.545652 1.020010
v 0.952781 -0.506130 1.214754
v 0.952781 -0.561181 1.225925
v 1.143064 -0.600701 1.031181
v 1.382120 -0.628940 0.609594
v 1.258763 -0.578657 0.857372
v 1.258763 -0.633706 0.868543
v 1.382120 -0.683990 0.620766
v 0.000000 -0.431125 1.476959
v 0.000000 -0.431084 1.477162
v 0.099635 -0.418021 1.541528
v 0.357974 -0.426520 1.499648
v 0.431219 -0.445273 1.407240
v 0.431160 -0.445308 1.407069
v 0.431160 -0.542224 1.426737
v 0.431219 -0.542189 1.426908
v 0.357945 -0.523434 1.519324
v 0.099603 -0.514937 1.561197
v 0.000000 -0.527999 1.496830
v 0.000000 -0.528040 1.496627
v 0.546710 -0.439229 1.437023
v 0.781375 -0.464064 1.314647
v 0.820871 -0.486521 1.203985
v 0.820795 -0.486541 1.203886
v 0.820795 -0.583457 1.223554
v 0.820872 -0.583437 1.223653
v 0.781356 -0.560977 1.334328
v 0.546685 -0.536143 1.456700
v 0.940288 -0.487992 1.196737
v 1.128525 -0.527089 1.004083
v 1.130869 -0.550933 0.886585
v 1.130869 -0.647849 0.906253
v 1.128521 -0.624003 1.023756
v 0.940277 -0.584906 1.216413
v 1.330418 -0.632285 0.435516
v 1.242556 -0.559618 0.843789
v 1.364651 -0.609387 0.598546
v 1.330418 -0.729201 0.505379
v 1.364651 -0.706302 0.618214
v 1.242556 -0.656534 0.863456
v 0.952781 -0.561181 1.225925
v 0.952781 -0.506130 1.214754
v 1.442334 -0.719107 0.430821
v 1.442334 -0.670645 0.420986
v 1.423506 -0.740956 0.440876
v 1.423506 -0.644040 0.418003
v 1.472639 -0.722787 0.117645
v 1.472639 -0.665010 0.415409
v 1.472145 -0.752529 0.432873
v 1.472145 -0.808763 0.126883
v 1.434707 -0.808763 0.126883
v 1.434707 -0.752529 0.439363
v 1.345480 -0.752529 0.439784
v 1.345480 -0.808816 0.126388
v 0.362528 -0.385552 1.509950
v 0.101152 -0.376953 1.552319
v 0.099603 -0.401614 1.538200
v 0.357945 -0.410111 1.496326
v 0.554147 -0.398454 1.446370
v 0.546685 -0.422820 1.433703
v 0.357974 -0.313197 1.476650
v 0.099635 -0.304698 1.518531
v 0.101152 -0.321902 1.541147
v 0.362528 -0.330502 1.498779
v 0.546710 -0.325906 1.414025
v 0.554147 -0.343404 1.435198
v 0.791490 -0.423572 1.322603
v 0.781356 -0.447654 1.311331
v 0.952781 -0.447857 1.202928
v 0.940277 -0.471583 1.193415
v 0.781375 -0.350741 1.291650
v 0.791490 -0.368522 1.311431
v 0.940288 -0.374669 1.173739
v 0.952781 -0.392807 1.191756
v 1.143064 -0.487378 1.008184
v 1.128521 -0.510680 1.000758
v 1.258763 -0.520383 0.845546
v 1.143064 -0.487378 1.008184
v 1.128521 -0.510680 1.000758
v 1.242556 -0.543211 0.840459
v 1.128525 -0.413765 0.981085
v 1.143064 -0.432329 0.997012
v 1.242556 -0.446295 0.820791
v 1.258763 -0.465334 0.834374
v 1.382120 -0.570666 0.597768
v 1.364651 -0.592979 0.595217
v 1.442334 -0.605784 0.407824
v 1.423506 -0.627633 0.414077
v 1.364651 -0.496064 0.575549
v 1.382120 -0.515617 0.586597
v 1.423506 -0.530717 0.404788
v 1.364651 -0.496064 0.575549
v 1.382120 -0.515617 0.586597
v 1.442334 -0.557321 0.397989
v 0.362528 -0.330502 1.498779
v 0.101152 -0.321902 1.541147
v 0.101152 -0.376953 1.552319
v 0.362528 -0.385552 1.509950
v 0.791490 -0.368522 1.311431
v 0.554147 -0.343404 1.435198
v 0.554147 -0.398454 1.446370
v 0.791490 -0.423572 1.322603
v 1.143064 -0.432329 0.997012
v 0.952781 -0.392807 1.191756
v 0.952781 -0.447857 1.202928
v 1.143064 -0.487378 1.008184
v 1.382120 -0.515617 0.586597
v 1.258763 -0.465334 0.834374
v 1.258763 -0.520383 0.845546
v 1.382120 -0.570666 0.597768
v 0.000000 -0.317802 1.453962
v 0.000000 -0.317760 1.454165
v 0.099635 -0.304698 1.518531
v 0.357974 -0.313197 1.476650
v 0.431219 -0.331950 1.384243
v 0.431160 -0.331985 1.384072
v 0.431160 -0.428900 1.403739
v 0.431219 -0.428866 1.403910
v 0.357945 -0.410111 1.496326
v 0.099603 -0.401614 1.538200
v 0.000000 -0.414676 1.473833
v 0.000000 -0.414717 1.473629
v 0.546710 -0.325906 1.414025
v 0.781375 -0.350741 1.291650
v 0.820871 -0.373198 1.180987
v 0.820795 -0.373218 1.180889
v 0.820795 -0.470134 1.200557
v 0.820872 -0.470114 1.200655
v 0.781356 -0.447654 1.311331
v 0.546685 -0.422820 1.433703
v 0.940288 -0.374669 1.173739
v 1.128525 -0.413765 0.981085
v 1.130869 -0.437610 0.863587
v 1.130869 -0.534526 0.883255
v 1.128521 -0.510680 1.000758
v 0.940277 -0.471583 1.193415
v 1.330418 -0.518962 0.462714
v 1.242556 -0.446295 0.820791
v 1.364651 -0.496064 0.575549
v 1.330418 -0.615878 0.432186
v 1.364651 -0.592979 0.595217
v 1.242556 -0.543211 0.840459
v 0.952781 -0.447857 1.202928
v 0.952781 -0.392807 1.191756
v 1.442334 -0.605784 0.407824
v 1.442334 -0.557321 0.397989
v 1.423506 -0.627633 0.414077
v 1.423506 -0.530717 0.404788
v 1.472639 -0.566482 0.100851
v 1.472639 -0.512369 0.396037
v 1.472639 -0.615745 0.407824
v 1.472639 -0.673804 0.112382
v 1.330418 -0.518962 0.462714
v 1.423506 -0.530717 0.404788
v 1.349327 -0.528515 0.404198
v 1.472639 -0.665010 0.415409
v 1.472639 -0.722787 0.117645
v 1.423506 -0.627633 0.414077
v 1.423506 -0.644040 0.418003
v 1.442334 -0.670645 0.420986
v 1.442334 -0.605784 0.407824
v 1.330418 -0.615878 0.432186
v 1.330418 -0.632285 0.435516
v 1.423506 -0.644040 0.418003
v 1.423506 -0.627633 0.414077
v 1.353174 -0.566482 0.100851
v 1.353174 -0.512369 0.398071
v 1.439049 -0.512369 0.399773
v 1.439049 -0.566482 0.100851
v 1.423506 -0.740956 0.440876
v 1.330418 -0.729201 0.505379
v 1.349327 -0.732301 0.440286
v 1.472145 -0.752529 0.432873
v 1.442334 -0.719107 0.430821
v 1.423506 -0.740956 0.440876
v 1.434707 -0.752529 0.439363
v 1.349327 -0.767063 0.121902
v 1.472145 -0.808763 0.126883
v 1.434707 -0.808763 0.126883
v 1.472639 -0.665010 0.415409
v 1.442334 -0.670645 0.420986
v 1.472639 -0.722787 0.117645
v 1.349327 -0.732301 0.440286
v 1.345480 -0.752529 0.439784
v 1.345480 -0.752529 0.439784
v 1.349327 -0.732301 0.440286
v 1.349327 -0.767063 0.121902
v 1.345480 -0.808816 0.126388
v 1.345480 -0.808816 0.126388
v 1.439049 -0.512369 0.399773
v 1.423506 -0.530717 0.404788
v 1.442334 -0.557321 0.397989
v 1.472639 -0.512369 0.396037
v 1.349327 -0.608236 0.105337
v 1.439049 -0.566482 0.100851
v 1.472639 -0.566482 0.100851
v 1.442334 -0.605784 0.407824
v 1.472639 -0.615745 0.407824
v 1.472639 -0.673804 0.112382
v 1.353174 -0.512369 0.398071
v 1.349327 -0.528515 0.404198
v 1.353174 -0.566482 0.100851
v 1.353174 -0.566482 0.100851
v 1.349327 -0.608236 0.105337
v 1.349327 -0.528515 0.404198
v 1.353174 -0.512369 0.398071
v 1.439049 -0.512369 0.399773
v 1.472639 -0.512369 0.396037
v 1.472639 -0.566482 0.100851
v 1.439049 -0.566482 0.100851
v 0.000000 -0.490277 1.575317
v 0.000000 -0.514937 1.561196
v 0.000000 -0.418021 1.541529
v 0.000000 -0.435226 1.564145
v 0.000000 -0.435226 1.564145
v 0.000000 -0.490277 1.575317
v 0.000000 -0.514937 1.561196
v 0.000000 -0.418021 1.541529
v 0.000000 -0.376953 1.552319
v 0.000000 -0.401614 1.538199
v 0.000000 -0.304698 1.518531
v 0.000000 -0.321903 1.541147
v 0.000000 -0.321903 1.541147
v 0.000000 -0.376953 1.552319
v 0.000000 -0.401614 1.538199
v 0.000000 -0.304698 1.518531
v -0.099603 -0.514937 1.561197
v -0.101152 -0.490276 1.575316
v -0.362528 -0.498875 1.532948
v -0.357945 -0.523434 1.519324
v -0.554147 -0.511777 1.469367
v -0.546685 -0.536143 1.456700
v -0.101152 -0.435226 1.564145
v -0.099635 -0.418021 1.541528
v -0.357974 -0.426520 1.499648
v -0.362528 -0.443825 1.521776
v -0.546710 -0.439229 1.437023
v -0.554147 -0.456727 1.458195
v -0.791490 -0.536895 1.345600
v -0.781356 -0.560977 1.334328
v -0.952781 -0.561181 1.225925
v -0.940277 -0.584906 1.216413
v -0.781375 -0.464064 1.314647
v -0.791490 -0.481845 1.334428
v -0.940288 -0.487992 1.196737
v -0.952781 -0.506130 1.214754
v -1.143064 -0.600701 1.031181
v -1.128521 -0.624003 1.023756
v -1.128521 -0.624003 1.023756
v -1.143064 -0.600701 1.031181
v -1.258763 -0.633706 0.868543
v -1.242556 -0.656534 0.863456
v -1.128525 -0.527089 1.004083
v -1.143064 -0.545652 1.020010
v -1.242556 -0.559618 0.843789
v -1.258763 -0.578657 0.857372
v -1.382120 -0.683990 0.620766
v -1.364651 -0.706302 0.618214
v -1.442334 -0.719107 0.430821
v -1.423506 -0.740956 0.440876
v -1.364651 -0.609387 0.598546
v -1.382120 -0.628940 0.609594
v -1.382120 -0.628940 0.609594
v -1.364651 -0.609387 0.598546
v -1.423506 -0.644040 0.418003
v -1.442334 -0.670645 0.420986
v -0.101152 -0.490276 1.575316
v -0.101152 -0.435226 1.564145
v -0.362528 -0.443825 1.521776
v -0.362528 -0.498875 1.532948
v -0.554147 -0.511777 1.469367
v -0.554147 -0.456727 1.458195
v -0.791490 -0.481845 1.334428
v -0.791490 -0.536895 1.345600
v -0.952781 -0.561181 1.225925
v -0.952781 -0.506130 1.214754
v -1.143064 -0.545652 1.020010
v -1.143064 -0.600701 1.031181
v -1.258763 -0.633706 0.868543
v -1.258763 -0.578657 0.857372
v -1.382120 -0.628940 0.609594
v -1.382120 -0.683990 0.620766
v -0.431160 -0.445308 1.407069
v -0.431219 -0.445273 1.407240
v -0.357974 -0.426520 1.499648
v -0.099635 -0.418021 1.541528
v -0.357945 -0.523434 1.519324
v -0.431219 -0.542189 1.426908
v -0.431160 -0.542224 1.426737
v -0.099603 -0.514937 1.561197
v -0.546710 -0.439229 1.437023
v -0.820795 -0.486541 1.203886
v -0.820871 -0.486521 1.203985
v -0.781375 -0.464064 1.314647
v -0.781356 -0.560977 1.334328
v -0.820872 -0.583437 1.223653
v -0.820795 -0.583457 1.223554
v -0.546685 -0.536143 1.456700
v -0.940288 -0.487992 1.196737
v -1.130869 -0.550933 0.886585
v -1.128525 -0.527089 1.004083
v -1.128521 -0.624003 1.023756
v -1.130869 -0.647849 0.906253
v -0.940277 -0.584906 1.216413
v -1.242556 -0.559618 0.843789
v -1.330418 -0.632285 0.435516
v -1.364651 -0.609387 0.598546
v -1.364651 -0.706302 0.618214
v -1.330418 -0.729201 0.505379
v -1.242556 -0.656534 0.863456
v -0.952781 -0.561181 1.225925
v -0.952781 -0.506130 1.214754
v -1.442334 -0.719107 0.430821
v -1.442334 -0.670645 0.420986
v -1.423506 -0.740956 0.440876
v -1.423506 -0.644040 0.418003
v -1.472145 -0.752529 0.432873
v -1.472639 -0.665010 0.415409
v -1.472639 -0.722787 0.117645
v -1.472145 -0.808763 0.126883
v -1.345480 -0.752529 0.439784
v -1.434707 -0.752529 0.439363
v -1.434707 -0.808763 0.126883
v -1.345480 -0.808816 0.126388
v -0.099603 -0.401614 1.538200
v -0.101152 -0.376953 1.552319
v -0.362528 -0.385552 1.509950
v -0.357945 -0.410111 1.496326
v -0.554147 -0.398454 1.446370
v -0.546685 -0.422820 1.433703
v -0.101152 -0.321902 1.541147
v -0.099635 -0.304698 1.518531
v -0.357974 -0.313197 1.476650
v -0.362528 -0.330502 1.498779
v -0.546710 -0.325906 1.414025
v -0.554147 -0.343404 1.435198
v -0.791490 -0.423572 1.322603
v -0.781356 -0.447654 1.311331
v -0.952781 -0.447857 1.202928
v -0.940277 -0.471583 1.193415
v -0.781375 -0.350741 1.291650
v -0.791490 -0.368522 1.311431
v -0.940288 -0.374669 1.173739
v -0.952781 -0.392807 1.191756
v -1.143064 -0.487378 1.008184
v -1.128521 -0.510680 1.000758
v -1.128521 -0.510680 1.000758
v -1.143064 -0.487378 1.008184
v -1.258763 -0.520383 0.845546
v -1.242556 -0.543211 0.840459
v -1.128525 -0.413765 0.981085
v -1.143064 -0.432329 0.997012
v -1.242556 -0.446295 0.820791
v -1.258763 -0.465334 0.834374
v -1.382120 -0.570666 0.597768
v -1.364651 -0.592979 0.595217
v -1.442334 -0.605784 0.407824
v -1.423506 -0.627633 0.414077
v -1.364651 -0.496064 0.575549
v -1.382120 -0.515617 0.586597
v -1.382120 -0.515617 0.586597
v -1.364651 -0.496064 0.575549
v -1.423506 -0.530717 0.404788
v -1.442334 -0.557321 0.397989
v -0.101152 -0.376953 1.552319
v -0.101152 -0.321902 1.541147
v -0.362528 -0.330502 1.498779
v -0.362528 -0.385552 1.509950
v -0.554147 -0.398454 1.446370
v -0.554147 -0.343404 1.435198
v -0.791490 -0.368522 1.311431
v -0.791490 -0.423572 1.322603
v -0.952781 -0.447857 1.202928
v -0.952781 -0.392807 1.191756
v -1.143064 -0.432329 0.997012
v -1.143064 -0.487378 1.008184
v -1.258763 -0.520383 0.845546
v -1.258763 -0.465334 0.834374
v -1.382120 -0.515617 0.586597
v -1.382120 -0.570666 0.597768
v -0.431160 -0.331985 1.384072
v -0.431219 -0.331950 1.384243
v -0.357974 -0.313197 1.476650
v -0.099635 -0.304698 1.518531
v -0.357945 -0.410111 1.496326
v -0.431219 -0.428866 1.403910
v -0.431160 -0.428900 1.403739
v -0.099603 -0.401614 1.538200
v -0.546710 -0.325906 1.414025
v -0.820795 -0.373218 1.180889
v -0.820871 -0.373198 1.180987
v -0.781375 -0.350741 1.291650
v -0.781356 -0.447654 1.311331
v -0.820872 -0.470114 1.200655
v -0.820795 -0.470134 1.200557
v -0.546685 -0.422820 1.433703
v -0.940288 -0.374669 1.173739
v -1.130869 -0.437610 0.863587
v -1.128525 -0.413765 0.981085
v -1.128521 -0.510680 1.000758
v -1.130869 -0.534526 0.883255
v -0.940277 -0.471583 1.193415
v -1.242556 -0.446295 0.820791
v -1.330418 -0.518962 0.462714
v -1.364651 -0.496064 0.575549
v -1.364651 -0.592979 0.595217
v -1.330418 -0.615878 0.432186
v -1.242556 -0.543211 0.840459
v -0.952781 -0.447857 1.202928
v -0.952781 -0.392807 1.191756
v -1.442334 -0.605784 0.407824
v -1.442334 -0.557321 0.397989
v -1.423506 -0.627633 0.414077
v -1.423506 -0.530717 0.404788
v -1.472639 -0.615745 0.407824
v -1.472639 -0.512369 0.396037
v -1.472639 -0.566482 0.100851
v -1.472639 -0.673804 0.112382
v -1.330418 -0.518962 0.462714
v -1.349327 -0.528515 0.404198
v -1.423506 -0.530717 0.404788
v -1.472639 -0.722787 0.117645
v -1.472639 -0.665010 0.415409
v -1.442334 -0.670645 0.420986
v -1.423506 -0.644040 0.418003
v -1.423506 -0.627633 0.414077
v -1.442334 -0.605784 0.407824
v -1.423506 -0.644040 0.418003
v -1.330418 -0.632285 0.435516
v -1.330418 -0.615878 0.432186
v -1.423506 -0.627633 0.414077
v -1.439049 -0.512369 0.399773
v -1.353174 -0.512369 0.398071
v -1.353174 -0.566482 0.100851
v -1.439049 -0.566482 0.100851
v -1.423506 -0.740956 0.440876
v -1.349327 -0.732301 0.440286
v -1.330418 -0.729201 0.505379
v -1.423506 -0.740956 0.440876
v -1.442334 -0.719107 0.430821
v -1.472145 -0.752529 0.432873
v -1.434707 -0.752529 0.439363
v -1.349327 -0.767063 0.121902
v -1.434707 -0.808763 0.126883
v -1.472145 -0.808763 0.126883
v -1.442334 -0.670645 0.420986
v -1.472639 -0.665010 0.415409
v -1.472639 -0.722787 0.117645
v -1.349327 -0.732301 0.440286
v -1.345480 -0.752529 0.439784
v -1.349327 -0.767063 0.121902
v -1.349327 -0.732301 0.440286
v -1.345480 -0.752529 0.439784
v -1.345480 -0.808816 0.126388
v -1.345480 -0.808816 0.126388
v -1.442334 -0.557321 0.397989
v -1.423506 -0.530717 0.404788
v -1.439049 -0.512369 0.399773
v -1.472639 -0.512369 0.396037
v -1.349327 -0.608236 0.105337
v -1.472639 -0.566482 0.100851
v -1.439049 -0.566482 0.100851
v -1.442334 -0.605784 0.407824
v -1.472639 -0.615745 0.407824
v -1.472639 -0.673804 0.112382
v -1.349327 -0.528515 0.404198
v -1.353174 -0.512369 0.398071
v -1.353174 -0.566482 0.100851
v -1.349327 -0.528515 0.404198
v -1.349327 -0.608236 0.105337
v -1.353174 -0.566482 0.100851
v -1.353174 -0.512369 0.398071
v -1.472639 -0.566482 0.100851
v -1.472639 -0.512369 0.396037
v -1.439049 -0.512369 0.399773
v -1.439049 -0.566482 0.100851
v 1.377933 -0.559606 0.026325
v 1.529087 -0.565090 0.005778
v 1.522943 -0.586556 -0.033690
v 1.371789 -0.581072 -0.013142
v 1.371789 -0.581072 -0.013142
v 1.522943 -0.586556 -0.033690
v 1.517555 -0.619303 -0.064589
v 1.366401 -0.613820 -0.044041
v 1.513449 -0.660128 -0.083895
v 1.362295 -0.654644 -0.063347
v 1.511029 -0.705033 -0.089718
v 1.359875 -0.699549 -0.069170
v 1.510530 -0.749622 -0.081488
v 1.359375 -0.744138 -0.060940
v 1.512002 -0.789532 -0.060011
v 1.360847 -0.784048 -0.039463
v 1.360847 -0.784048 -0.039463
v 1.512002 -0.789532 -0.060011
v 1.515299 -0.820855 -0.027388
v 1.364145 -0.815371 -0.006841
v 1.520101 -0.840525 0.013185
v 1.368947 -0.835041 0.033733
v 1.525937 -0.846617 0.057739
v 1.374783 -0.841133 0.078286
v 1.532234 -0.838534 0.101912
v 1.381080 -0.833051 0.122459
v 1.538378 -0.817069 0.141379
v 1.387224 -0.811585 0.161926
v 1.387224 -0.811585 0.161926
v 1.538378 -0.817069 0.141379
v 1.543767 -0.784321 0.172278
v 1.392613 -0.778837 0.192826
v 1.547872 -0.743496 0.191584
v 1.396718 -0.738013 0.212131
v 1.550293 -0.698592 0.197407
v 1.399139 -0.693108 0.217954
v 1.550792 -0.654002 0.189177
v 1.399638 -0.648519 0.209725
v 1.549321 -0.614093 0.167700
v 1.398167 -0.608609 0.188247
v 1.398167 -0.608609 0.188247
v 1.549321 -0.614093 0.167700
v 1.546023 -0.582770 0.135078
v 1.394868 -0.577286 0.155625
v 1.541221 -0.563100 0.094504
v 1.390066 -0.557616 0.115052
v 1.535385 -0.557007 0.049951
v 1.384231 -0.551524 0.070498
v 1.522943 -0.586556 -0.033690
v 1.529087 -0.565090 0.005778
v 1.530661 -0.701812 0.053845
v 1.517555 -0.619303 -0.064589
v 1.513449 -0.660128 -0.083895
v 1.511029 -0.705033 -0.089718
v 1.510530 -0.749622 -0.081488
v 1.512002 -0.789532 -0.060011
v 1.515299 -0.820855 -0.027388
v 1.520101 -0.840525 0.013185
v 1.525937 -0.846617 0.057739
v 1.532234 -0.838534 0.101912
v 1.538378 -0.817069 0.141379
v 1.543767 -0.784321 0.172278
v 1.547872 -0.743496 0.191584
v 1.550293 -0.698592 0.197407
v 1.550792 -0.654002 0.189177
v 1.549321 -0.614093 0.167700
v 1.546023 -0.582770 0.135078
v 1.541221 -0.563100 0.094504
v 1.535385 -0.557007 0.049951
v -1.522943 -0.586556 -0.033690
v -1.529086 -0.565090 0.005778
v -1.377933 -0.559606 0.026325
v -1.371789 -0.581072 -0.013142
v -1.517554 -0.619303 -0.064589
v -1.522943 -0.586556 -0.033690
v -1.371789 -0.581072 -0.013142
v -1.366400 -0.613819 -0.044041
v -1.513449 -0.660128 -0.083895
v -1.362295 -0.654644 -0.063347
v -1.511029 -0.705033 -0.089718
v -1.359875 -0.699549 -0.069170
v -1.510529 -0.749622 -0.081488
v -1.359375 -0.744138 -0.060940
v -1.512001 -0.789532 -0.060011
v -1.360847 -0.784048 -0.039463
v -1.515299 -0.820855 -0.027389
v -1.512001 -0.789532 -0.060011
v -1.360847 -0.784048 -0.039463
v -1.364145 -0.815371 -0.006841
v -1.520101 -0.840525 0.013185
v -1.368947 -0.835041 0.033733
v -1.525936 -0.846617 0.057739
v -1.374783 -0.841133 0.078286
v -1.532235 -0.838535 0.101912
v -1.381081 -0.833051 0.122459
v -1.538378 -0.817069 0.141379
v -1.387224 -0.811585 0.161926
v -1.543767 -0.784321 0.172278
v -1.538378 -0.817069 0.141379
v -1.387224 -0.811585 0.161926
v -1.392613 -0.778837 0.192825
v -1.547872 -0.743497 0.191584
v -1.396718 -0.738013 0.212131
v -1.550292 -0.698592 0.197407
v -1.399139 -0.693108 0.217954
v -1.550792 -0.654002 0.189177
v -1.399638 -0.648519 0.209725
v -1.549320 -0.614093 0.167700
v -1.398166 -0.608609 0.188247
v -1.546022 -0.582770 0.135078
v -1.549320 -0.614093 0.167700
v -1.398166 -0.608609 0.188247
v -1.394868 -0.577286 0.155625
v -1.541220 -0.563100 0.094504
v -1.390066 -0.557616 0.115052
v -1.535385 -0.557007 0.049950
v -1.384230 -0.551524 0.070498
v -1.522943 -0.586556 -0.033690
v -1.530661 -0.701812 0.053845
v -1.529086 -0.565090 0.005778
v -1.517554 -0.619303 -0.064589
v -1.513449 -0.660128 -0.083895
v -1.511029 -0.705033 -0.089718
v -1.510529 -0.749622 -0.081488
v -1.512001 -0.789532 -0.060011
v -1.515299 -0.820855 -0.027389
v -1.520101 -0.840525 0.013185
v -1.525936 -0.846617 0.057739
v -1.532235 -0.838535 0.101912
v -1.538378 -0.817069 0.141379
v -1.543767 -0.784321 0.172278
v -1.547872 -0.743497 0.191584
v -1.550292 -0.698592 0.197407
v -1.550792 -0.654002 0.189177
v -1.549320 -0.614093 0.167700
v -1.546022 -0.582770 0.135078
v -1.541220 -0.563100 0.094504
v -1.535385 -0.557007 0.049950
vn -0.0000 0.9133 -0.4073
vn -0.1723 0.9214 -0.3482
vn -0.0891 0.9394 -0.3310
vn -0.0000 0.9437 -0.3307
vn -0.0000 0.8458 -0.5336
vn -0.1779 0.8414 -0.5103
vn -0.2060 0.8562 -0.4739
vn -0.2332 0.8661 -0.4421
vn -0.2533 0.8726 -0.4177
vn -0.2793 0.8885 -0.3642
vn -0.2911 0.8881 -0.3557
vn -0.2914 0.8737 -0.3895
vn -0.2896 0.8708 -0.3972
vn -0.2741 0.8812 -0.3852
vn -0.2414 0.8989 -0.3657
vn -0.0000 0.8247 -0.5655
vn -0.1402 0.8166 -0.5599
vn -0.1608 0.8300 -0.5341
vn -0.1786 0.8407 -0.5112
vn -0.1947 0.8511 -0.4875
vn -0.2117 0.8614 -0.4617
vn -0.2286 0.8650 -0.4466
vn -0.2434 0.8678 -0.4331
vn -0.2515 0.8718 -0.4204
vn -0.2629 0.8771 -0.4020
vn -0.2758 0.8861 -0.3725
vn -0.2943 0.8976 -0.3283
vn -0.2924 0.8899 -0.3501
vn -0.2899 0.8798 -0.3768
vn -0.2922 0.8747 -0.3868
vn -0.2949 0.8680 -0.3994
vn -0.2903 0.8707 -0.3970
vn -0.2863 0.8730 -0.3949
vn -0.2734 0.8815 -0.3850
vn -0.2596 0.8902 -0.3742
vn -0.2401 0.8994 -0.3652
vn -0.2215 0.9076 -0.3566
vn -0.1768 0.9206 -0.3483
vn -0.0835 0.9414 -0.3266
vn -0.0000 0.9454 -0.3258
vn -0.0000 -0.1561 0.9877
vn -0.0000 -0.1487 0.9889
vn -0.0991 -0.1516 0.9835
vn -0.1027 -0.1585 0.9820
vn 0.0097 -0.9828 0.1846
vn 0.0180 -0.9947 0.1014
vn -0.0000 -0.9996 0.0288
vn -0.0000 -0.9973 0.0730
vn 0.0720 -0.9311 0.3576
vn 0.0517 -0.9740 0.2207
vn 0.1506 -0.8751 0.4599
vn 0.0875 -0.9480 0.3059
vn 0.1972 -0.8480 0.4919
vn 0.1163 -0.9333 0.3398
vn 0.2510 -0.8479 0.4670
vn 0.1057 -0.9434 0.3145
vn 0.2563 -0.8667 0.4279
vn 0.1084 -0.9441 0.3114
vn 0.2642 -0.8878 0.3769
vn 0.1090 -0.9507 0.2904
vn 0.2728 -0.9049 0.3267
vn 0.1118 -0.9585 0.2622
vn 0.2303 -0.9256 0.3002
vn 0.0456 -0.9683 0.2458
vn 0.1213 -0.9543 0.2731
vn -0.0938 -0.9611 0.2598
vn -0.0782 -0.9647 0.2515
vn -0.2523 -0.9298 0.2679
vn -0.3359 -0.8977 0.2851
vn -0.4325 -0.8498 0.3013
vn -0.5477 -0.7696 0.3283
vn -0.5807 -0.7327 0.3549
vn -0.3360 -0.8977 0.2852
vn -0.6468 -0.6485 0.4014
vn -0.6701 -0.6176 0.4118
vn -0.6805 -0.5523 0.4815
vn -0.7028 -0.5153 0.4904
vn -0.6694 -0.4720 0.5737
vn -0.6939 -0.4289 0.5784
vn -0.6317 -0.4061 0.6603
vn -0.6509 -0.3568 0.6701
vn -0.6152 -0.3339 0.7142
vn -0.6168 -0.2920 0.7309
vn -0.5364 -0.2648 0.8014
vn -0.5339 -0.2428 0.8099
vn -0.4446 -0.2260 0.8667
vn -0.4409 -0.2093 0.8728
vn -0.4087 -0.1992 0.8907
vn -0.3952 -0.1860 0.8996
vn -0.2404 -0.1730 0.9551
vn -0.2245 -0.1650 0.9604
vn -0.0000 0.2027 0.9792
vn -0.1183 0.1991 0.9728
vn -0.1218 0.1997 0.9723
vn -0.4375 -0.1735 -0.8823
vn -0.4282 -0.1778 -0.8860
vn -0.2688 -0.1879 -0.9447
vn -0.3760 -0.1759 -0.9098
vn -0.4920 -0.1706 -0.8537
vn -0.4855 -0.1812 -0.8552
vn -0.6256 -0.1563 -0.7643
vn -0.6275 -0.1734 -0.7591
vn -0.7337 -0.1358 -0.6657
vn -0.7399 -0.1497 -0.6559
vn -0.8144 -0.1130 -0.5692
vn -0.8197 -0.1184 -0.5604
vn -0.8995 -0.0848 -0.4286
vn -0.8997 -0.0847 -0.4282
vn -0.9146 -0.0737 -0.3975
vn -0.9197 -0.0724 -0.3859
vn -0.9659 -0.0451 -0.2550
vn -0.9705 -0.0431 -0.2374
vn -0.9900 -0.0277 -0.1386
vn -0.9899 -0.0280 -0.1388
vn -0.9999 -0.0056 -0.0144
vn -1.0000 -0.0060 -0.0073
vn -0.9911 0.0233 0.1313
vn -0.9904 0.0223 0.1363
vn -0.9999 -0.0056 -0.0143
vn -0.9650 0.0506 0.2573
vn -0.9642 0.0498 0.2604
vn -0.9138 0.0786 0.3985
vn -0.9137 0.0772 0.3989
vn -0.8553 0.1011 0.5081
vn -0.8553 0.0989 0.5087
vn -0.7768 0.1230 0.6176
vn -0.7767 0.1214 0.6180
vn -0.7385 0.1314 0.6614
vn -0.7402 0.1297 0.6598
vn -0.6064 0.1551 0.7799
vn -0.6102 0.1536 0.7772
vn -0.4920 0.1706 0.8537
vn -0.4922 0.1701 0.8537
vn -0.4458 0.1743 0.8780
vn -0.4519 0.1727 0.8752
vn -0.2562 0.1903 0.9477
vn -0.2610 0.1888 0.9467
vn -0.0000 0.2024 0.9793
vn -0.1150 0.1987 0.9733
vn -0.2667 0.1873 0.9454
vn -0.4573 0.1712 0.8727
vn -0.4918 0.1699 0.8539
vn -0.6125 0.1523 0.7756
vn -0.7416 0.1280 0.6585
vn -0.7760 0.1200 0.6192
vn -0.8534 0.0974 0.5120
vn -0.9137 0.0757 0.3992
vn -0.9619 0.0501 0.2686
vn -0.9898 0.0207 0.1408
vn -1.0000 -0.0059 0.0039
vn -1.0000 -0.0059 0.0038
vn -0.9898 -0.0286 -0.1394
vn -0.9742 -0.0413 -0.2218
vn -0.9252 -0.0708 -0.3729
vn -0.8999 -0.0846 -0.4277
vn -0.8252 -0.1230 -0.5512
vn -0.7456 -0.1631 -0.6461
vn -0.6271 -0.1908 -0.7552
vn -0.4798 -0.1911 -0.8563
vn -0.4201 -0.1816 -0.8891
vn -0.2687 -0.1897 -0.9444
vn -0.1769 -0.2022 -0.9632
vn -0.1751 -0.1976 -0.9645
vn -0.0000 -0.2083 -0.9781
vn -0.0005 -0.2021 -0.9794
vn -0.0000 -0.1278 0.9918
vn -0.0000 -0.0608 0.9981
vn -0.0898 -0.0656 0.9938
vn -0.0928 -0.1323 0.9869
vn -0.2117 -0.1429 0.9668
vn -0.2129 -0.0709 0.9745
vn -0.3836 -0.0864 0.9194
vn -0.3805 -0.1588 0.9110
vn -0.4451 -0.1079 0.8890
vn -0.4360 -0.1785 0.8820
vn -0.5562 -0.1386 0.8194
vn -0.5335 -0.2095 0.8194
vn -0.6414 -0.1714 0.7478
vn -0.6208 -0.2409 0.7461
vn -0.7092 -0.2148 0.6715
vn -0.6751 -0.2861 0.6800
vn -0.7726 -0.2575 0.5804
vn -0.7292 -0.3496 0.5882
vn -0.8040 -0.3191 0.5017
vn -0.7443 -0.4378 0.5043
vn -0.8194 -0.3905 0.4196
vn -0.7244 -0.5362 0.4333
vn -0.8108 -0.4567 0.3662
vn -0.6745 -0.6326 0.3806
vn -0.7865 -0.5520 0.2768
vn -0.5925 -0.7419 0.3139
vn -0.7865 -0.5521 0.2768
vn -0.7617 -0.6157 0.2019
vn -0.4956 -0.8261 0.2681
vn -0.7120 -0.6953 0.0979
vn -0.3913 -0.8959 0.2103
vn -0.5922 -0.8050 -0.0367
vn -0.2362 -0.9611 0.1435
vn -0.5005 -0.8623 -0.0769
vn -0.1457 -0.9791 0.1420
vn -0.4439 -0.8828 -0.1535
vn -0.1208 -0.9844 0.1282
vn -0.4090 -0.8827 -0.2314
vn -0.1179 -0.9876 0.1041
vn -0.3512 -0.8744 -0.3349
vn -0.0950 -0.9937 0.0596
vn -0.2371 -0.8959 -0.3758
vn -0.0274 -0.9979 0.0581
vn -0.1797 -0.9063 -0.3826
vn -0.0120 -0.9989 0.0463
vn -0.0756 -0.9080 -0.4121
vn 0.0180 -0.9997 0.0165
vn -0.0155 -0.8975 -0.4408
vn 0.0250 -0.9995 -0.0213
vn -0.0000 -0.8781 -0.4785
vn -0.0000 -0.9988 -0.0491
vn -0.0000 0.0617 0.9981
vn -0.0982 0.0547 0.9937
vn -0.2199 0.0549 0.9740
vn -0.4054 0.0373 0.9134
vn -0.4757 0.0145 0.8795
vn -0.5926 -0.0133 0.8054
vn -0.6924 -0.0415 0.7203
vn -0.7732 -0.0731 0.6299
vn -0.8446 -0.1034 0.5253
vn -0.8915 -0.1246 0.4355
vn -0.9221 -0.1732 0.3460
vn -0.9293 -0.2268 0.2915
vn -0.9387 -0.2931 0.1812
vn -0.9394 -0.3299 0.0933
vn -0.9118 -0.4084 -0.0425
vn -0.8304 -0.5087 -0.2272
vn -0.7618 -0.5688 -0.3099
vn -0.6788 -0.6042 -0.4173
vn -0.6084 -0.6062 -0.5122
vn -0.5062 -0.5914 -0.6277
vn -0.3725 -0.6006 -0.7075
vn -0.2960 -0.6223 -0.7246
vn -0.1471 -0.6277 -0.7645
vn -0.0627 -0.6036 -0.7948
vn -0.0000 -0.5429 -0.8398
vn -0.0000 0.2270 0.9739
vn -0.1129 0.2277 0.9672
vn -0.2266 0.2241 0.9479
vn -0.4280 0.2065 0.8799
vn -0.5184 0.1896 0.8339
vn -0.6230 0.1579 0.7661
vn -0.7487 0.1413 0.6477
vn -0.8311 0.1467 0.5365
vn -0.9059 0.1475 0.3969
vn -0.9431 0.1770 0.2816
vn -0.9687 0.1476 0.1994
vn -0.9837 0.1103 0.1420
vn -0.9957 0.0899 0.0218
vn -0.9957 0.0899 0.0217
vn -0.9954 0.0775 -0.0564
vn -0.9770 0.0298 -0.2113
vn -0.9106 -0.0314 -0.4121
vn -0.8579 -0.0612 -0.5102
vn -0.7744 -0.0990 -0.6249
vn -0.7743 -0.0991 -0.6250
vn -0.6905 -0.1272 -0.7120
vn -0.5619 -0.1203 -0.8184
vn -0.4208 -0.0911 -0.9026
vn -0.3485 -0.1094 -0.9309
vn -0.1873 -0.1198 -0.9750
vn -0.1101 -0.0152 -0.9938
vn -0.0000 0.0789 -0.9969
vn -0.0000 0.7850 0.6195
vn -0.0000 0.8670 0.4984
vn -0.0804 0.8702 0.4860
vn -0.1028 0.7835 0.6129
vn -0.9351 0.3461 -0.0762
vn -0.8540 0.5146 -0.0772
vn -0.9911 0.1322 0.0186
vn -0.9793 0.1865 -0.0791
vn -0.8491 0.5271 0.0341
vn -0.7169 0.6967 0.0243
vn -0.7790 0.6148 0.1231
vn -0.6498 0.7540 0.0961
vn -0.6947 0.6842 0.2219
vn -0.5761 0.7996 0.1695
vn -0.6305 0.7083 0.3176
vn -0.5253 0.8149 0.2448
vn -0.5975 0.7131 0.3666
vn -0.4662 0.8392 0.2800
vn -0.5222 0.7278 0.4446
vn -0.4045 0.8574 0.3182
vn -0.4267 0.7464 0.5108
vn -0.3485 0.8614 0.3696
vn -0.3631 0.7695 0.5254
vn -0.3025 0.8585 0.4142
vn -0.2189 0.7876 0.5760
vn -0.1788 0.8687 0.4620
vn -0.0000 0.8323 0.5543
vn -0.0000 0.1897 0.9818
vn -0.1241 0.1905 0.9738
vn -0.0868 0.8239 0.5601
vn -0.1763 0.8311 0.5275
vn -0.2549 0.1902 0.9481
vn -0.4443 0.1773 0.8782
vn -0.3146 0.8153 0.4862
vn -0.4916 0.1721 0.8536
vn -0.3887 0.7844 0.4834
vn -0.6119 0.1524 0.7761
vn -0.4639 0.7562 0.4615
vn -0.7364 0.1290 0.6641
vn -0.5345 0.7443 0.4004
vn -0.7758 0.1290 0.6176
vn -0.5804 0.7420 0.3356
vn -0.8572 0.1057 0.5040
vn -0.6451 0.7168 0.2647
vn -0.9143 0.0833 0.3964
vn -0.7294 0.6538 0.2016
vn -0.9672 0.0529 0.2485
vn -0.8177 0.5610 0.1287
vn -0.9910 0.0322 0.1302
vn -0.9277 0.3658 0.0751
vn -0.9925 0.0396 0.1160
vn -0.9911 0.1321 0.0187
vn -0.0000 0.9102 0.4142
vn -0.0685 0.9087 0.4118
vn -0.1509 0.9109 0.3840
vn -0.2605 0.9024 0.3432
vn -0.3136 0.8974 0.3103
vn -0.3527 0.8932 0.2788
vn -0.3981 0.8838 0.2458
vn -0.4487 0.8719 0.1959
vn -0.4913 0.8604 0.1354
vn -0.5251 0.8479 0.0735
vn -0.5464 0.8375 0.0082
vn -0.5553 0.8298 -0.0555
vn -0.8177 0.5611 0.1287
vn -0.9277 0.3658 0.0752
vn -0.0000 -0.9409 -0.3388
vn 0.0542 -0.9400 -0.3369
vn 0.0543 -0.9399 -0.3370
vn 0.1267 -0.9832 0.1312
vn 0.2754 -0.9570 0.0911
vn 0.1012 -0.9898 0.1000
vn 0.1011 -0.9905 0.0934
vn 0.2065 -0.9742 0.0914
vn 0.3427 -0.9382 0.0477
vn 0.2703 -0.9625 0.0235
vn 0.4050 -0.9130 -0.0490
vn 0.2809 -0.9585 -0.0488
vn 0.3840 -0.9176 -0.1029
vn 0.2778 -0.9585 -0.0643
vn 0.3639 -0.9181 -0.1573
vn 0.2758 -0.9573 -0.0865
vn 0.3524 -0.9198 -0.1724
vn 0.2276 -0.9635 -0.1410
vn 0.2984 -0.9289 -0.2195
vn 0.2483 -0.9320 -0.2640
vn 0.2490 -0.9320 -0.2636
vn 0.2231 -0.9350 -0.2759
vn 0.2236 -0.9349 -0.2756
vn 0.1252 -0.9418 -0.3119
vn 0.1335 -0.9416 -0.3090
vn 0.0891 0.9394 -0.3310
vn 0.1723 0.9214 -0.3482
vn 0.1779 0.8414 -0.5103
vn 0.2060 0.8562 -0.4739
vn 0.2332 0.8661 -0.4421
vn 0.2533 0.8726 -0.4176
vn 0.2793 0.8884 -0.3642
vn 0.2910 0.8882 -0.3556
vn 0.2914 0.8737 -0.3895
vn 0.2896 0.8708 -0.3973
vn 0.2741 0.8812 -0.3852
vn 0.2414 0.8989 -0.3657
vn 0.1402 0.8166 -0.5599
vn 0.1609 0.8300 -0.5341
vn 0.1786 0.8407 -0.5112
vn 0.1947 0.8511 -0.4875
vn 0.2117 0.8614 -0.4617
vn 0.2286 0.8650 -0.4466
vn 0.2434 0.8678 -0.4333
vn 0.2515 0.8718 -0.4204
vn 0.2629 0.8771 -0.4020
vn 0.2758 0.8861 -0.3725
vn 0.2943 0.8976 -0.3283
vn 0.2924 0.8899 -0.3501
vn 0.2899 0.8798 -0.3768
vn 0.2922 0.8747 -0.3868
vn 0.2950 0.8681 -0.3993
vn 0.2903 0.8707 -0.3970
vn 0.2863 0.8730 -0.3949
vn 0.2734 0.8815 -0.3849
vn 0.2596 0.8902 -0.3743
vn 0.2401 0.8994 -0.3653
vn 0.2215 0.9076 -0.3566
vn 0.1768 0.9206 -0.3483
vn 0.0835 0.9414 -0.3267
vn 0.2244 -0.1650 0.9604
vn 0.0992 -0.1517 0.9834
vn 0.1028 -0.1585 0.9820
vn 0.2404 -0.1730 0.9551
vn -0.0180 -0.9947 0.1014
vn -0.0097 -0.9828 0.1846
vn -0.0517 -0.9740 0.2207
vn -0.0720 -0.9311 0.3576
vn -0.0875 -0.9480 0.3059
vn -0.1506 -0.8751 0.4599
vn -0.1163 -0.9333 0.3399
vn -0.1972 -0.8480 0.4919
vn -0.1057 -0.9434 0.3145
vn -0.2510 -0.8479 0.4670
vn -0.1084 -0.9441 0.3114
vn -0.2563 -0.8667 0.4279
vn -0.1090 -0.9507 0.2904
vn -0.2642 -0.8878 0.3769
vn -0.1118 -0.9585 0.2622
vn -0.2728 -0.9049 0.3267
vn -0.0456 -0.9683 0.2458
vn -0.2303 -0.9256 0.3002
vn 0.0938 -0.9611 0.2597
vn -0.1213 -0.9543 0.2731
vn 0.2523 -0.9298 0.2679
vn 0.0782 -0.9647 0.2515
vn 0.4325 -0.8498 0.3013
vn 0.3359 -0.8977 0.2851
vn 0.5807 -0.7327 0.3549
vn 0.5477 -0.7696 0.3283
vn 0.3360 -0.8977 0.2852
vn 0.6701 -0.6176 0.4118
vn 0.6468 -0.6485 0.4014
vn 0.7028 -0.5153 0.4904
vn 0.6805 -0.5523 0.4815
vn 0.6939 -0.4289 0.5784
vn 0.6694 -0.4720 0.5737
vn 0.6509 -0.3568 0.6701
vn 0.6317 -0.4061 0.6603
vn 0.6168 -0.2920 0.7309
vn 0.6152 -0.3339 0.7142
vn 0.5339 -0.2428 0.8099
vn 0.5364 -0.2648 0.8014
vn 0.4409 -0.2093 0.8728
vn 0.4446 -0.2260 0.8667
vn 0.3952 -0.1860 0.8996
vn 0.4087 -0.1993 0.8906
vn 0.2611 0.1888 0.9467
vn 0.1185 0.1991 0.9728
vn 0.1218 0.1997 0.9723
vn 0.2562 0.1902 0.9477
vn 0.2691 -0.1879 -0.9446
vn 0.4282 -0.1778 -0.8860
vn 0.4375 -0.1735 -0.8823
vn 0.3761 -0.1759 -0.9098
vn 0.4855 -0.1812 -0.8552
vn 0.4920 -0.1706 -0.8537
vn 0.6275 -0.1734 -0.7591
vn 0.6256 -0.1563 -0.7643
vn 0.7399 -0.1497 -0.6559
vn 0.7337 -0.1358 -0.6657
vn 0.8197 -0.1184 -0.5604
vn 0.8144 -0.1130 -0.5692
vn 0.8997 -0.0847 -0.4282
vn 0.8995 -0.0848 -0.4286
vn 0.9197 -0.0724 -0.3859
vn 0.9146 -0.0737 -0.3975
vn 0.9705 -0.0431 -0.2374
vn 0.9659 -0.0451 -0.2550
vn 0.9899 -0.0280 -0.1388
vn 0.9900 -0.0277 -0.1386
vn 1.0000 -0.0060 -0.0073
vn 0.9999 -0.0056 -0.0144
vn 0.9904 0.0223 0.1363
vn 0.9911 0.0233 0.1313
vn 0.9999 -0.0056 -0.0143
vn 0.9642 0.0498 0.2604
vn 0.9650 0.0506 0.2573
vn 0.9137 0.0773 0.3989
vn 0.9138 0.0786 0.3985
vn 0.8553 0.0989 0.5087
vn 0.8553 0.1011 0.5081
vn 0.7767 0.1214 0.6180
vn 0.7768 0.1230 0.6176
vn 0.7402 0.1297 0.6598
vn 0.7385 0.1314 0.6614
vn 0.6102 0.1536 0.7772
vn 0.6064 0.1551 0.7799
vn 0.4922 0.1701 0.8537
vn 0.4920 0.1706 0.8537
vn 0.4519 0.1728 0.8752
vn 0.4458 0.1743 0.8780
vn 0.2667 0.1873 0.9454
vn 0.1150 0.1987 0.9733
vn 0.4573 0.1712 0.8727
vn 0.4921 0.1698 0.8538
vn 0.6125 0.1523 0.7756
vn 0.7416 0.1280 0.6585
vn 0.7760 0.1200 0.6192
vn 0.8534 0.0974 0.5120
vn 0.9137 0.0757 0.3992
vn 0.9620 0.0501 0.2686
vn 0.9898 0.0207 0.1408
vn 1.0000 -0.0059 0.0039
vn 0.9898 -0.0286 -0.1394
vn 1.0000 -0.0059 0.0038
vn 0.9742 -0.0413 -0.2218
vn 0.9252 -0.0708 -0.3729
vn 0.8999 -0.0846 -0.4277
vn 0.8252 -0.1230 -0.5512
vn 0.7456 -0.1631 -0.6461
vn 0.6271 -0.1908 -0.7552
vn 0.4798 -0.1911 -0.8563
vn 0.4202 -0.1816 -0.8891
vn 0.2687 -0.1897 -0.9444
vn 0.1770 -0.2022 -0.9632
vn 0.1751 -0.1976 -0.9645
vn -0.0004 -0.2021 -0.9794
vn 0.2129 -0.0709 0.9745
vn 0.0898 -0.0656 0.9938
vn 0.0928 -0.1323 0.9869
vn 0.2117 -0.1429 0.9668
vn 0.3836 -0.0864 0.9194
vn 0.3806 -0.1588 0.9110
vn 0.4451 -0.1079 0.8890
vn 0.4360 -0.1785 0.8820
vn 0.5562 -0.1386 0.8194
vn 0.5335 -0.2095 0.8194
vn 0.6414 -0.1714 0.7478
vn 0.6208 -0.2409 0.7461
vn 0.7092 -0.2148 0.6715
vn 0.6751 -0.2861 0.6800
vn 0.7726 -0.2575 0.5804
vn 0.7292 -0.3496 0.5882
vn 0.8040 -0.3191 0.5017
vn 0.7443 -0.4377 0.5044
vn 0.8194 -0.3905 0.4196
vn 0.7244 -0.5362 0.4333
vn 0.8108 -0.4567 0.3662
vn 0.6745 -0.6326 0.3806
vn 0.7865 -0.5520 0.2768
vn 0.5925 -0.7419 0.3139
vn 0.7617 -0.6157 0.2019
vn 0.7865 -0.5521 0.2768
vn 0.4956 -0.8261 0.2681
vn 0.7120 -0.6953 0.0979
vn 0.3913 -0.8959 0.2103
vn 0.5922 -0.8050 -0.0367
vn 0.2362 -0.9611 0.1435
vn 0.5005 -0.8623 -0.0769
vn 0.1457 -0.9791 0.1420
vn 0.4439 -0.8828 -0.1535
vn 0.1208 -0.9844 0.1282
vn 0.4090 -0.8827 -0.2314
vn 0.1179 -0.9876 0.1041
vn 0.3512 -0.8744 -0.3349
vn 0.0950 -0.9937 0.0596
vn 0.2371 -0.8959 -0.3758
vn 0.0274 -0.9979 0.0581
vn 0.1797 -0.9063 -0.3826
vn 0.0120 -0.9989 0.0463
vn 0.0756 -0.9080 -0.4121
vn -0.0180 -0.9997 0.0165
vn 0.0155 -0.8975 -0.4408
vn -0.0250 -0.9995 -0.0213
vn 0.2199 0.0549 0.9740
vn 0.0982 0.0547 0.9937
vn 0.4054 0.0373 0.9134
vn 0.4757 0.0145 0.8795
vn 0.5926 -0.0133 0.8054
vn 0.6924 -0.0415 0.7203
vn 0.7732 -0.0731 0.6299
vn 0.8446 -0.1034 0.5253
vn 0.8915 -0.1246 0.4355
vn 0.9221 -0.1732 0.3460
vn 0.9293 -0.2268 0.2915
vn 0.9387 -0.2931 0.1812
vn 0.9394 -0.3299 0.0933
vn 0.9118 -0.4084 -0.0425
vn 0.8304 -0.5087 -0.2272
vn 0.7618 -0.5688 -0.3099
vn 0.6788 -0.6042 -0.4173
vn 0.6084 -0.6062 -0.5122
vn 0.5062 -0.5914 -0.6277
vn 0.3725 -0.6006 -0.7075
vn 0.2960 -0.6223 -0.7246
vn 0.1471 -0.6277 -0.7645
vn 0.0627 -0.6036 -0.7948
vn 0.2266 0.2241 0.9479
vn 0.1130 0.2275 0.9672
vn 0.4280 0.2065 0.8799
vn 0.5184 0.1896 0.8339
vn 0.6230 0.1579 0.7661
vn 0.7487 0.1414 0.6477
vn 0.8311 0.1467 0.5365
vn 0.9059 0.1475 0.3969
vn 0.9431 0.1770 0.2816
vn 0.9687 0.1476 0.1994
vn 0.9837 0.1103 0.1420
vn 0.9957 0.0899 0.0218
vn 0.9954 0.0775 -0.0564
vn 0.9957 0.0899 0.0217
vn 0.9770 0.0298 -0.2113
vn 0.9106 -0.0314 -0.4121
vn 0.8579 -0.0612 -0.5102
vn 0.7744 -0.0990 -0.6249
vn 0.6905 -0.1272 -0.7120
vn 0.7743 -0.0991 -0.6250
vn 0.5619 -0.1203 -0.8184
vn 0.4208 -0.0911 -0.9026
vn 0.3485 -0.1094 -0.9309
vn 0.1873 -0.1198 -0.9750
vn 0.1101 -0.0152 -0.9938
vn 0.1788 0.8687 0.4620
vn 0.0804 0.8702 0.4860
vn 0.1027 0.7835 0.6128
vn 0.2189 0.7876 0.5760
vn 0.9911 0.1322 0.0186
vn 0.8540 0.5146 -0.0771
vn 0.9351 0.3461 -0.0762
vn 0.9793 0.1865 -0.0791
vn 0.7169 0.6967 0.0243
vn 0.8491 0.5271 0.0341
vn 0.6498 0.7540 0.0961
vn 0.7790 0.6148 0.1231
vn 0.5761 0.7996 0.1695
vn 0.6947 0.6842 0.2219
vn 0.5253 0.8149 0.2448
vn 0.6305 0.7083 0.3176
vn 0.4662 0.8392 0.2800
vn 0.5975 0.7131 0.3666
vn 0.4045 0.8574 0.3182
vn 0.5222 0.7278 0.4446
vn 0.3485 0.8614 0.3696
vn 0.4268 0.7463 0.5108
vn 0.3025 0.8585 0.4142
vn 0.3631 0.7695 0.5254
vn 0.2549 0.1902 0.9481
vn 0.1243 0.1901 0.9739
vn 0.0868 0.8239 0.5601
vn 0.1763 0.8311 0.5275
vn 0.4443 0.1773 0.8782
vn 0.3146 0.8153 0.4862
vn 0.4916 0.1720 0.8536
vn 0.3887 0.7844 0.4834
vn 0.6119 0.1524 0.7761
vn 0.4639 0.7562 0.4615
vn 0.7364 0.1290 0.6641
vn 0.5345 0.7443 0.4004
vn 0.7758 0.1290 0.6176
vn 0.5804 0.7420 0.3356
vn 0.8572 0.1057 0.5040
vn 0.6451 0.7168 0.2646
vn 0.9143 0.0833 0.3964
vn 0.7294 0.6538 0.2016
vn 0.9672 0.0529 0.2485
vn 0.8177 0.5610 0.1287
vn 0.9910 0.0322 0.1302
vn 0.9277 0.3658 0.0752
vn 0.9925 0.0396 0.1160
vn 0.9911 0.1321 0.0187
vn 0.1509 0.9109 0.3840
vn 0.0686 0.9087 0.4117
vn 0.2605 0.9024 0.3432
vn 0.3136 0.8974 0.3103
vn 0.3527 0.8932 0.2788
vn 0.3981 0.8838 0.2458
vn 0.4487 0.8719 0.1959
vn 0.4913 0.8604 0.1354
vn 0.5251 0.8479 0.0735
vn 0.5464 0.8375 0.0082
vn 0.5553 0.8298 -0.0555
vn 0.6451 0.7168 0.2647
vn 0.8177 0.5611 0.1288
vn -0.1335 -0.9416 -0.3090
vn -0.0542 -0.9400 -0.3370
vn -0.0543 -0.9399 -0.3370
vn -0.1252 -0.9418 -0.3119
vn -0.1012 -0.9898 0.1000
vn -0.2754 -0.9570 0.0911
vn -0.1261 -0.9833 0.1312
vn -0.1010 -0.9905 0.0933
vn -0.3427 -0.9382 0.0477
vn -0.2058 -0.9743 0.0915
vn -0.4050 -0.9130 -0.0490
vn -0.2700 -0.9626 0.0239
vn -0.3841 -0.9176 -0.1029
vn -0.2810 -0.9585 -0.0486
vn -0.3639 -0.9181 -0.1573
vn -0.2778 -0.9585 -0.0643
vn -0.3524 -0.9198 -0.1724
vn -0.2758 -0.9573 -0.0865
vn -0.2984 -0.9289 -0.2195
vn -0.2276 -0.9635 -0.1410
vn -0.2490 -0.9320 -0.2636
vn -0.2483 -0.9320 -0.2640
vn -0.2236 -0.9349 -0.2757
vn -0.2231 -0.9350 -0.2759
vn -0.1730 -0.1930 -0.9658
vn -0.0025 -0.1959 -0.9806
vn -0.0024 -0.1959 -0.9806
vn 0.1730 -0.1930 -0.9658
vn -0.6020 -0.3432 -0.7210
vn -0.6019 -0.3432 -0.7211
vn 0.6020 -0.3432 -0.7210
vn 0.6019 -0.3432 -0.7211
vn 0.6017 -0.3430 -0.7213
vn 0.6020 -0.3432 -0.7209
vn 0.0020 -0.9810 0.1940
vn 0.0021 -0.9810 0.1939
vn -0.0220 -0.9792 0.2017
vn 0.0091 -0.9819 0.1891
vn 0.0092 -0.9820 0.1888
vn -0.0070 -0.9797 0.2002
vn -0.0069 -0.9797 0.2002
vn -0.0082 -0.9801 0.1983
vn -0.0082 -0.9801 0.1984
vn -0.0009 -0.9812 0.1932
vn -0.0038 -0.9803 0.1974
vn -0.0034 -0.9803 0.1972
vn 0.0054 -0.9845 0.1755
vn 0.0054 -0.9845 0.1754
vn 0.0021 -0.9816 0.1908
vn 0.0021 -0.9816 0.1909
vn 0.0550 -0.9643 0.2591
vn 0.0550 -0.9643 0.2590
vn 0.1007 -0.9522 0.2884
vn 0.1007 -0.9522 0.2883
vn 0.0074 -0.9804 0.1970
vn 0.0076 -0.9804 0.1970
vn -0.0017 -0.9810 0.1938
vn -0.0016 -0.9810 0.1939
vn -0.0091 -0.9819 0.1892
vn -0.0091 -0.9819 0.1891
vn 0.0070 -0.9797 0.2002
vn 0.0082 -0.9801 0.1983
vn 0.0081 -0.9801 0.1983
vn 0.0009 -0.9812 0.1932
vn 0.0037 -0.9804 0.1971
vn 0.0036 -0.9803 0.1976
vn -0.0054 -0.9845 0.1755
vn -0.0021 -0.9816 0.1908
vn -0.0550 -0.9643 0.2590
vn -0.1007 -0.9522 0.2884
vn -0.0020 -0.9795 0.2013
vn 0.0152 -0.9804 0.1964
vn 0.0152 -0.9804 0.1963
vn 0.0024 -0.9803 0.1973
vn -0.0341 0.0704 -0.9969
vn -0.0341 0.0705 -0.9969
vn 0.0341 0.0704 -0.9969
vn 0.0341 0.0705 -0.9969
vn -0.0356 -0.9871 0.1562
vn -0.2058 -0.9743 0.0916
vn 0.0006 -0.9806 0.1959
vn -0.1010 -0.9907 0.0911
vn -0.1011 -0.9905 0.0934
vn 0.0081 -0.9822 0.1876
vn -0.2699 -0.9626 0.0240
vn -0.2809 -0.9585 -0.0486
vn 0.0040 -0.9826 0.1857
vn -0.0186 -0.9777 0.2092
vn -0.2777 -0.9585 -0.0643
vn -0.0115 -0.9790 0.2034
vn -0.2276 -0.9635 -0.1409
vn 0.0123 -0.9822 0.1875
vn 0.0072 -0.9816 0.1910
vn 0.0070 -0.9816 0.1908
vn -0.0049 -0.9809 0.1943
vn -0.0048 -0.9809 0.1943
vn -0.0162 -0.9804 0.1962
vn 0.0163 -0.9804 0.1962
vn 0.0162 -0.9805 0.1961
vn 0.0048 -0.9809 0.1942
vn 0.0049 -0.9809 0.1943
vn -0.0074 -0.9816 0.1910
vn -0.0121 -0.9822 0.1873
vn 0.2276 -0.9635 -0.1409
vn 0.0115 -0.9790 0.2034
vn 0.2777 -0.9585 -0.0642
vn 0.0188 -0.9776 0.2096
vn -0.0072 -0.9825 0.1863
vn 0.2702 -0.9625 0.0236
vn 0.2064 -0.9742 0.0915
vn 0.0008 -0.9807 0.1957
vn 0.1266 -0.9832 0.1313
vn 0.0365 -0.9870 0.1563
vn 0.1011 -0.9907 0.0911
vn -0.0042 -0.9827 0.1850
vn 0.2809 -0.9585 -0.0487
vn -0.0136 -0.9822 0.1871
vn -0.0135 -0.9822 0.1872
vn -0.0002 -0.9808 0.1952
vn -0.0003 -0.9808 0.1950
vn 0.0135 -0.9822 0.1871
vn 0.0133 -0.9823 0.1870
vn 0.1742 -0.5024 0.8469
vn 0.0890 -0.4991 0.8620
vn 0.0889 -0.4991 0.8620
vn 0.1742 -0.5023 0.8469
vn 0.3056 -0.5112 0.8033
vn 0.1742 0.7928 0.5841
vn 0.0890 0.7956 0.5992
vn 0.0889 0.7956 0.5992
vn 0.3056 0.7839 0.5405
vn 0.3970 -0.5208 0.7558
vn 0.3969 -0.5208 0.7558
vn 0.5060 -0.5372 0.6748
vn 0.3970 0.7742 0.4930
vn 0.5060 0.7578 0.4120
vn 0.5750 -0.5515 0.6043
vn 0.6520 -0.5734 0.4961
vn 0.5751 -0.5515 0.6043
vn 0.5751 0.7434 0.3415
vn 0.6520 0.7214 0.2333
vn 0.7087 -0.5728 0.4119
vn 0.7083 -0.5729 0.4123
vn 0.7520 -0.5586 0.3499
vn 0.7149 0.6808 0.1593
vn 0.7150 0.6807 0.1592
vn 0.7636 0.6354 0.1149
vn 0.2321 0.1935 0.9533
vn 0.1184 0.1975 0.9731
vn 0.2321 0.1934 0.9533
vn 0.5289 0.1688 0.8318
vn 0.4071 0.1817 0.8952
vn 0.4070 0.1817 0.8952
vn 0.5289 0.1688 0.8317
vn 0.7660 0.1278 0.6299
vn 0.6741 0.1469 0.7239
vn 0.7661 0.1278 0.6299
vn 0.9237 0.0762 0.3755
vn 0.8685 0.0986 0.4859
vn 0.9237 0.0762 0.3754
vn -0.0001 0.9800 -0.1988
vn -0.0001 0.9801 -0.1987
vn -0.0000 0.9800 -0.1989
vn 0.0001 -0.9800 0.1990
vn -0.0000 -0.9800 0.1989
vn -0.0000 -0.9801 0.1984
vn -0.0000 -0.9800 0.1988
vn 0.0001 0.9801 -0.1987
vn 0.0002 0.9801 -0.1986
vn -0.0003 -0.9801 0.1985
vn -0.0004 -0.9801 0.1984
vn 0.0184 0.9827 -0.1845
vn 0.0606 0.9847 -0.1634
vn 0.0394 0.9850 -0.1679
vn 0.0436 0.9851 -0.1661
vn 0.0042 -0.9803 0.1977
vn 0.0006 -0.9801 0.1987
vn 0.9547 0.0592 0.2917
vn 0.0116 -0.9806 0.1955
vn 0.0944 0.9829 -0.1579
vn 1.0000 -0.0056 0.0010
vn 1.0000 -0.0054 0.0011
vn 1.0000 -0.0055 0.0011
vn 0.0001 -0.9842 0.1769
vn 0.0004 -0.9842 0.1770
vn 0.0003 -0.9842 0.1770
vn 0.7033 -0.5809 0.4098
vn 0.7030 -0.5809 0.4102
vn 0.7389 -0.5783 0.3458
vn 0.7175 0.6767 0.1651
vn 0.7179 0.6764 0.1649
vn 0.7743 0.6204 0.1247
vn 0.7179 0.6763 0.1648
vn 0.8684 0.0986 0.4859
vn -0.0000 0.9800 -0.1990
vn -0.0000 0.9800 -0.1991
vn 0.0003 -0.9799 0.1993
vn -0.0184 -0.9827 0.1845
vn -0.0603 -0.9847 0.1633
vn -0.0436 -0.9851 0.1661
vn -0.0394 -0.9850 0.1679
vn -0.0935 -0.9831 0.1577
vn 1.0000 -0.0000 -0.0000
vn 0.0305 0.9880 -0.1514
vn 0.1103 0.2045 0.9726
vn 0.2093 0.2111 0.9548
vn 0.0018 0.9839 -0.1786
vn -0.1160 -0.9932 0.0136
vn 0.1659 0.1956 0.9665
vn 0.1584 0.1951 0.9679
vn 0.0624 0.0189 0.9979
vn 0.1374 0.1128 0.9841
vn 0.0029 -0.1053 -0.9944
vn 0.0039 -0.1073 -0.9942
vn 0.0016 -0.1154 -0.9933
vn 0.1237 0.1857 0.9748
vn 0.1296 0.1879 0.9736
vn 0.0026 -0.1050 -0.9945
vn -0.0044 -0.0642 0.9979
vn -0.9924 0.1221 -0.0176
vn 0.0056 -0.1073 -0.9942
vn 0.1224 0.0878 0.9886
vn 0.0667 0.1854 0.9804
vn -0.0042 0.1093 0.9940
vn 0.0561 0.0669 0.9962
vn 0.0014 -0.1053 -0.9944
vn -0.0000 -0.1068 -0.9943
vn 0.0019 0.1537 0.9881
vn 0.0318 0.1611 0.9864
vn 0.0017 -0.1050 -0.9945
vn -0.0093 0.3121 0.9500
vn -0.9916 0.1265 -0.0284
vn -0.9916 0.1266 -0.0284
vn -0.0100 0.9838 -0.1792
vn -0.0000 -0.4969 0.8678
vn -0.0000 0.7959 0.6055
vn -0.0000 0.1989 0.9800
vn -0.0889 -0.4991 0.8620
vn -0.0890 -0.4991 0.8620
vn -0.1742 -0.5024 0.8469
vn -0.1742 -0.5023 0.8469
vn -0.3056 -0.5112 0.8033
vn -0.0889 0.7956 0.5992
vn -0.1742 0.7928 0.5841
vn -0.3056 0.7839 0.5405
vn -0.3970 -0.5208 0.7558
vn -0.3969 -0.5208 0.7558
vn -0.5060 -0.5372 0.6748
vn -0.3970 0.7742 0.4930
vn -0.5060 0.7578 0.4120
vn -0.5750 -0.5515 0.6043
vn -0.5751 -0.5515 0.6043
vn -0.6520 -0.5734 0.4961
vn -0.6520 -0.5734 0.4960
vn -0.5751 0.7434 0.3415
vn -0.6520 0.7214 0.2333
vn -0.7087 -0.5728 0.4119
vn -0.7083 -0.5729 0.4123
vn -0.7520 -0.5586 0.3499
vn -0.7149 0.6808 0.1593
vn -0.7150 0.6807 0.1592
vn -0.7636 0.6354 0.1149
vn -0.1184 0.1975 0.9731
vn -0.2321 0.1934 0.9533
vn -0.2321 0.1935 0.9533
vn -0.4070 0.1817 0.8952
vn -0.4071 0.1817 0.8952
vn -0.5289 0.1688 0.8318
vn -0.5289 0.1688 0.8317
vn -0.6741 0.1469 0.7239
vn -0.7660 0.1278 0.6299
vn -0.7661 0.1278 0.6299
vn -0.8685 0.0986 0.4859
vn -0.9237 0.0762 0.3755
vn -0.9237 0.0762 0.3754
vn 0.0001 -0.9800 0.1988
vn -0.0001 0.9801 -0.1984
vn -0.0000 0.9801 -0.1985
vn 0.0001 -0.9800 0.1989
vn -0.0184 0.9827 -0.1845
vn -0.0394 0.9850 -0.1679
vn -0.0606 0.9847 -0.1634
vn -0.0436 0.9851 -0.1661
vn -0.0006 -0.9801 0.1987
vn -0.0042 -0.9803 0.1977
vn -0.9547 0.0592 0.2917
vn -0.0116 -0.9806 0.1955
vn -0.0944 0.9829 -0.1579
vn -1.0000 -0.0055 0.0011
vn -1.0000 -0.0054 0.0011
vn -1.0000 -0.0056 0.0010
vn -0.0003 -0.9842 0.1770
vn -0.0004 -0.9842 0.1770
vn 0.0002 -0.9842 0.1768
vn -0.0890 0.7956 0.5992
vn -0.7033 -0.5809 0.4098
vn -0.7030 -0.5809 0.4102
vn -0.7389 -0.5783 0.3458
vn -0.7175 0.6767 0.1651
vn -0.7179 0.6764 0.1649
vn -0.7179 0.6763 0.1648
vn -0.7743 0.6204 0.1247
vn -0.4071 0.1817 0.8951
vn -0.8685 0.0986 0.4858
vn 0.0001 0.9800 -0.1990
vn -0.0001 -0.9800 0.1990
vn -0.0004 -0.9800 0.1992
vn 0.0184 -0.9827 0.1845
vn 0.0436 -0.9851 0.1661
vn 0.0603 -0.9847 0.1633
vn 0.0394 -0.9850 0.1679
vn 0.0935 -0.9831 0.1577
vn -1.0000 -0.0000 -0.0000
vn -0.0305 0.9880 -0.1514
vn -0.1103 0.2045 0.9726
vn -0.2093 0.2111 0.9548
vn -0.0018 0.9839 -0.1786
vn 0.1160 -0.9932 0.0136
vn -0.0624 0.0189 0.9979
vn -0.1584 0.1951 0.9679
vn -0.1659 0.1956 0.9665
vn -0.1374 0.1128 0.9841
vn -0.0029 -0.1052 -0.9944
vn -0.0016 -0.1154 -0.9933
vn -0.0039 -0.1073 -0.9942
vn -0.1296 0.1879 0.9736
vn -0.1237 0.1857 0.9748
vn -0.0026 -0.1050 -0.9945
vn 0.0044 -0.0642 0.9979
vn 0.9924 0.1221 -0.0176
vn -0.0056 -0.1073 -0.9942
vn 0.0042 0.1093 0.9940
vn -0.0666 0.1853 0.9804
vn -0.1224 0.0878 0.9886
vn -0.0561 0.0669 0.9962
vn -0.0014 -0.1053 -0.9944
vn -0.0019 0.1537 0.9881
vn -0.0318 0.1611 0.9864
vn -0.0017 -0.1050 -0.9945
vn 0.0093 0.3121 0.9500
vn 0.9916 0.1266 -0.0284
vn 0.9916 0.1265 -0.0284
vn 0.0100 0.9838 -0.1792
vn -0.0109 0.9433 -0.3316
vn -0.0109 0.9433 -0.3317
vn -0.0533 0.7953 -0.6039
vn -0.0532 0.7952 -0.6039
vn -0.0533 0.7952 -0.6040
vn -0.0904 0.5693 -0.8172
vn -0.0904 0.5693 -0.8171
vn -0.1188 0.2876 -0.9504
vn -0.1355 -0.0222 -0.9905
vn -0.1389 -0.3299 -0.9337
vn -0.1389 -0.3299 -0.9338
vn -0.1288 -0.6052 -0.7856
vn -0.1287 -0.6052 -0.7856
vn -0.1287 -0.6053 -0.7855
vn -0.1288 -0.6053 -0.7855
vn -0.1060 -0.8214 -0.5605
vn -0.0729 -0.9571 -0.2805
vn -0.0326 -0.9991 0.0269
vn 0.0109 -0.9433 0.3316
vn 0.0532 -0.7953 0.6039
vn 0.0533 -0.7952 0.6039
vn 0.0533 -0.7952 0.6040
vn 0.0532 -0.7952 0.6040
vn 0.0904 -0.5693 0.8172
vn 0.0904 -0.5693 0.8171
vn 0.1188 -0.2876 0.9504
vn 0.1355 0.0222 0.9905
vn 0.1389 0.3299 0.9337
vn 0.1389 0.3299 0.9338
vn 0.1287 0.6052 0.7856
vn 0.1287 0.6053 0.7855
vn 0.1288 0.6053 0.7855
vn 0.1060 0.8214 0.5605
vn 0.0729 0.9571 0.2805
vn 0.0326 0.9991 -0.0269
vn 0.9902 -0.0359 -0.1346
vn 0.0533 0.7953 -0.6039
vn 0.0109 0.9433 -0.3317
vn 0.0109 0.9433 -0.3316
vn 0.0532 0.7952 -0.6039
vn 0.0904 0.5693 -0.8172
vn 0.0533 0.7952 -0.6040
vn 0.0532 0.7952 -0.6040
vn 0.0904 0.5693 -0.8171
vn 0.1188 0.2876 -0.9504
vn 0.1355 -0.0222 -0.9905
vn 0.1389 -0.3299 -0.9337
vn 0.1389 -0.3299 -0.9338
vn 0.1288 -0.6052 -0.7856
vn 0.1287 -0.6052 -0.7856
vn 0.1060 -0.8214 -0.5605
vn 0.1288 -0.6053 -0.7855
vn 0.1287 -0.6053 -0.7855
vn 0.0729 -0.9571 -0.2805
vn 0.0326 -0.9991 0.0269
vn -0.0109 -0.9433 0.3317
vn -0.0109 -0.9433 0.3316
vn -0.0532 -0.7952 0.6039
vn -0.0533 -0.7952 0.6039
vn -0.0904 -0.5693 0.8172
vn -0.0532 -0.7952 0.6040
vn -0.0533 -0.7952 0.6040
vn -0.0904 -0.5693 0.8171
vn -0.1188 -0.2876 0.9504
vn -0.1355 0.0222 0.9905
vn -0.1389 0.3299 0.9337
vn -0.1389 0.3299 0.9338
vn -0.1287 0.6052 0.7856
vn -0.1288 0.6052 0.7856
vn -0.1060 0.8214 0.5605
vn -0.1287 0.6053 0.7855
vn -0.0729 0.9571 0.2805
vn -0.0326 0.9991 -0.0269
vn -0.9902 -0.0359 -0.1346
vt 0.471108 0.780324
vt 0.493369 0.664560
vt 0.478721 0.662805
vt 0.464773 0.660659
vt 0.476693 0.898130
vt 0.503208 0.895723
vt 0.529325 0.885051
vt 0.551065 0.869997
vt 0.572919 0.842213
vt 0.584124 0.815119
vt 0.584382 0.786121
vt 0.577261 0.754602
vt 0.565245 0.725757
vt 0.544152 0.696113
vt 0.520168 0.676841
vt 0.481139 0.996480
vt 0.501567 0.994634
vt 0.525295 0.992559
vt 0.549074 0.985205
vt 0.571705 0.973901
vt 0.592223 0.964300
vt 0.610913 0.947193
vt 0.634754 0.923208
vt 0.650446 0.897603
vt 0.662829 0.873785
vt 0.670811 0.849156
vt 0.671388 0.824056
vt 0.671573 0.797160
vt 0.667191 0.769328
vt 0.659060 0.740542
vt 0.650098 0.714669
vt 0.637625 0.688669
vt 0.618324 0.654989
vt 0.599741 0.635361
vt 0.579090 0.613539
vt 0.556481 0.600779
vt 0.532525 0.587495
vt 0.508055 0.578922
vt 0.484141 0.577305
vt 0.460294 0.575759
vt 0.076414 0.711183
vt 0.100682 0.711052
vt 0.099457 0.687740
vt 0.075658 0.687943
vt 0.854918 0.295920
vt 0.849750 0.299566
vt 0.859232 0.317028
vt 0.864011 0.313479
vt 0.845605 0.276435
vt 0.840108 0.279937
vt 0.839049 0.255808
vt 0.832569 0.258856
vt 0.833486 0.233349
vt 0.826730 0.236246
vt 0.829286 0.216854
vt 0.821895 0.219053
vt 0.828775 0.195935
vt 0.821363 0.196980
vt 0.830140 0.165863
vt 0.821839 0.166271
vt 0.835723 0.141395
vt 0.826984 0.140695
vt 0.840980 0.119448
vt 0.831522 0.117984
vt 0.846201 0.100105
vt 0.835310 0.096787
vt 0.854418 0.078025
vt 0.843928 0.074480
vt 0.864037 0.050788
vt 0.854478 0.047761
vt 0.015123 0.476636
vt 0.023176 0.469169
vt 0.007487 0.444740
vt 0.000586 0.452123
vt 0.030119 0.501701
vt 0.038638 0.494325
vt 0.039757 0.524983
vt 0.049720 0.517493
vt 0.049918 0.548080
vt 0.061308 0.540643
vt 0.057637 0.574635
vt 0.072056 0.568539
vt 0.063000 0.593193
vt 0.079248 0.587771
vt 0.067222 0.608562
vt 0.085774 0.604947
vt 0.069311 0.626178
vt 0.089822 0.623930
vt 0.072246 0.644242
vt 0.094453 0.643194
vt 0.075106 0.664692
vt 0.098466 0.664425
vt 0.197887 0.730083
vt 0.233634 0.730083
vt 0.233738 0.707567
vt 0.197947 0.708143
vt 0.529161 0.103906
vt 0.560260 0.103826
vt 0.560032 0.084007
vt 0.529074 0.085775
vt 0.529043 0.123810
vt 0.559989 0.125296
vt 0.528825 0.141051
vt 0.559712 0.142386
vt 0.529332 0.164503
vt 0.559772 0.164438
vt 0.529023 0.194459
vt 0.559973 0.194400
vt 0.529060 0.216344
vt 0.559976 0.217653
vt 0.529000 0.234762
vt 0.559920 0.237652
vt 0.528170 0.252477
vt 0.559414 0.255778
vt 0.528673 0.276146
vt 0.559808 0.278506
vt 0.528755 0.306038
vt 0.560019 0.306589
vt 0.197670 0.489244
vt 0.229971 0.490098
vt 0.229043 0.463010
vt 0.197555 0.461719
vt 0.198030 0.517663
vt 0.230999 0.518001
vt 0.197633 0.542216
vt 0.231521 0.542196
vt 0.197762 0.566504
vt 0.232405 0.566506
vt 0.197931 0.594505
vt 0.232943 0.594075
vt 0.198010 0.614317
vt 0.233522 0.613453
vt 0.197735 0.628937
vt 0.233633 0.628518
vt 0.197820 0.647175
vt 0.233576 0.646340
vt 0.197842 0.666068
vt 0.233714 0.664793
vt 0.197994 0.686194
vt 0.233839 0.685046
vt 0.271568 0.730086
vt 0.271721 0.706964
vt 0.271870 0.683847
vt 0.271762 0.663433
vt 0.271497 0.645453
vt 0.271707 0.628076
vt 0.271195 0.612528
vt 0.270097 0.593627
vt 0.269167 0.566482
vt 0.267476 0.542170
vt 0.265966 0.518356
vt 0.264231 0.490995
vt 0.262444 0.464336
vt 0.592570 0.308790
vt 0.592587 0.281500
vt 0.592471 0.259476
vt 0.592701 0.240801
vt 0.592745 0.219115
vt 0.592795 0.194423
vt 0.592093 0.164481
vt 0.592491 0.143687
vt 0.592826 0.126856
vt 0.593267 0.103761
vt 0.592911 0.082170
vt 0.592645 0.060661
vt 0.559816 0.062145
vt 0.592044 0.041052
vt 0.559153 0.041171
vt 0.127249 0.710873
vt 0.148703 0.710703
vt 0.146605 0.687398
vt 0.125521 0.687489
vt 0.123975 0.664128
vt 0.144525 0.664160
vt 0.138385 0.641188
vt 0.118662 0.642086
vt 0.130310 0.619386
vt 0.112124 0.621468
vt 0.122548 0.598151
vt 0.105946 0.601075
vt 0.111332 0.577025
vt 0.096913 0.581859
vt 0.100882 0.556372
vt 0.087971 0.561846
vt 0.084182 0.526233
vt 0.073856 0.532664
vt 0.070005 0.502781
vt 0.060844 0.509385
vt 0.056090 0.479844
vt 0.048065 0.486354
vt 0.039144 0.454564
vt 0.031813 0.461102
vt 0.021605 0.430210
vt 0.015320 0.436610
vt 0.843822 0.044204
vt 0.835297 0.041524
vt 0.824563 0.067652
vt 0.833042 0.070941
vt 0.816251 0.090469
vt 0.823845 0.093329
vt 0.812031 0.114771
vt 0.821325 0.116387
vt 0.809013 0.139162
vt 0.817521 0.139949
vt 0.804879 0.167315
vt 0.812886 0.166812
vt 0.805674 0.199147
vt 0.813063 0.198123
vt 0.807197 0.223285
vt 0.813938 0.221425
vt 0.812835 0.242001
vt 0.819303 0.239387
vt 0.819700 0.264811
vt 0.825732 0.262076
vt 0.828539 0.287025
vt 0.834027 0.283736
vt 0.839512 0.306772
vt 0.844098 0.303531
vt 0.849536 0.324212
vt 0.853935 0.320957
vt 0.176893 0.710453
vt 0.174359 0.687147
vt 0.171505 0.663941
vt 0.163905 0.640112
vt 0.153816 0.616613
vt 0.143893 0.594376
vt 0.130152 0.570704
vt 0.117606 0.548952
vt 0.097700 0.517994
vt 0.081901 0.494397
vt 0.066505 0.471499
vt 0.048639 0.446219
vt 0.031176 0.421972
vt 0.823384 0.037603
vt 0.812761 0.063299
vt 0.803741 0.086726
vt 0.798177 0.111727
vt 0.794636 0.137592
vt 0.791322 0.167363
vt 0.793282 0.200806
vt 0.795533 0.225535
vt 0.801535 0.246181
vt 0.809181 0.269573
vt 0.818924 0.292171
vt 0.830222 0.312850
vt 0.839337 0.331633
vt 0.190368 0.710328
vt 0.187671 0.686968
vt 0.184467 0.663633
vt 0.175953 0.639623
vt 0.164946 0.615215
vt 0.153886 0.592551
vt 0.139018 0.567729
vt 0.125502 0.545402
vt 0.104229 0.514092
vt 0.087772 0.490338
vt 0.071688 0.467382
vt 0.053245 0.442242
vt 0.036282 0.418189
vt 0.817423 0.035949
vt 0.806865 0.061167
vt 0.797250 0.084725
vt 0.790888 0.110008
vt 0.787072 0.136708
vt 0.784154 0.166572
vt 0.784221 0.168292
vt 0.786866 0.201744
vt 0.789351 0.226662
vt 0.795425 0.248319
vt 0.803557 0.272151
vt 0.813966 0.294766
vt 0.825044 0.316034
vt 0.835136 0.334148
vt 0.672762 0.798342
vt 0.685779 0.798522
vt 0.691308 0.768536
vt 0.679228 0.766149
vt 0.854416 0.605837
vt 0.856484 0.610732
vt 0.887462 0.606928
vt 0.883073 0.601130
vt 0.826480 0.611197
vt 0.829231 0.616959
vt 0.801466 0.618010
vt 0.805270 0.624297
vt 0.778935 0.628095
vt 0.783460 0.634612
vt 0.754235 0.642767
vt 0.760015 0.649911
vt 0.738470 0.656076
vt 0.745401 0.664016
vt 0.723930 0.671682
vt 0.731175 0.677695
vt 0.709891 0.690127
vt 0.718625 0.695766
vt 0.697936 0.708357
vt 0.707888 0.714007
vt 0.685775 0.735206
vt 0.697316 0.739431
vt 0.192348 0.730080
vt 0.192378 0.708151
vt 0.192393 0.686227
vt 0.192290 0.666502
vt 0.192320 0.647295
vt 0.192236 0.629353
vt 0.192331 0.614289
vt 0.192365 0.594526
vt 0.192339 0.567004
vt 0.192321 0.542875
vt 0.192108 0.518042
vt 0.192016 0.489303
vt 0.196011 0.462148
vt 0.711326 0.798713
vt 0.714962 0.772507
vt 0.718695 0.746698
vt 0.727346 0.724624
vt 0.736770 0.706809
vt 0.746683 0.689785
vt 0.757710 0.676563
vt 0.771248 0.662262
vt 0.792003 0.644643
vt 0.812146 0.632279
vt 0.833601 0.620994
vt 0.859842 0.613286
vt 0.734553 0.798866
vt 0.736951 0.776074
vt 0.739257 0.753523
vt 0.745655 0.734516
vt 0.753476 0.716949
vt 0.760657 0.700758
vt 0.769618 0.689071
vt 0.781774 0.674193
vt 0.800044 0.654829
vt 0.818649 0.640880
vt 0.837795 0.626713
vt 0.862628 0.615142
vt 0.573804 0.467450
vt 0.512513 0.467450
vt 0.517881 0.497928
vt 0.575115 0.488293
vt 0.706213 0.632237
vt 0.701115 0.645756
vt 0.731224 0.644455
vt 0.735501 0.639260
vt 0.657793 0.612641
vt 0.671533 0.645024
vt 0.635418 0.598247
vt 0.644979 0.640535
vt 0.622980 0.586862
vt 0.620702 0.632598
vt 0.611850 0.574147
vt 0.594462 0.618897
vt 0.603376 0.563163
vt 0.577732 0.606034
vt 0.596942 0.553574
vt 0.562309 0.590850
vt 0.590198 0.541047
vt 0.547766 0.572587
vt 0.583882 0.528647
vt 0.535601 0.554571
vt 0.576500 0.509026
vt 0.523328 0.528206
vt 0.451126 0.664191
vt 0.437484 0.667763
vt 0.450086 0.898190
vt 0.423135 0.890002
vt 0.400153 0.877073
vt 0.375885 0.851556
vt 0.362238 0.825768
vt 0.359237 0.797084
vt 0.363264 0.765217
vt 0.372348 0.735521
vt 0.390294 0.704122
vt 0.412123 0.682645
vt 0.460637 0.996449
vt 0.436855 0.996486
vt 0.412569 0.991290
vt 0.389086 0.982081
vt 0.367871 0.974389
vt 0.347807 0.959095
vt 0.322033 0.937471
vt 0.304183 0.913536
vt 0.289769 0.891101
vt 0.279625 0.867482
vt 0.276759 0.842734
vt 0.274095 0.816205
vt 0.275825 0.788346
vt 0.281121 0.759203
vt 0.287468 0.732855
vt 0.297225 0.706038
vt 0.312882 0.670978
vt 0.329178 0.649795
vt 0.347236 0.626177
vt 0.368139 0.611232
vt 0.390289 0.595549
vt 0.413439 0.584368
vt 0.436830 0.580050
vt 0.099034 0.757821
vt 0.099739 0.734408
vt 0.075878 0.734471
vt 0.075578 0.757821
vt 0.894572 0.936354
vt 0.904531 0.918455
vt 0.899253 0.914640
vt 0.889684 0.932640
vt 0.914675 0.898414
vt 0.909083 0.894737
vt 0.922742 0.876965
vt 0.916166 0.873725
vt 0.929169 0.853961
vt 0.922318 0.850852
vt 0.934491 0.836477
vt 0.927000 0.834071
vt 0.935497 0.814007
vt 0.928014 0.812810
vt 0.935470 0.782984
vt 0.927168 0.782484
vt 0.930440 0.757589
vt 0.921900 0.758285
vt 0.925728 0.735638
vt 0.916769 0.737277
vt 0.921166 0.715696
vt 0.911160 0.719522
vt 0.911136 0.695382
vt 0.901633 0.699735
vt 0.898304 0.671337
vt 0.889712 0.675222
vt 0.006755 0.972664
vt 0.022915 0.950021
vt 0.015538 0.942562
vt 0.000500 0.965260
vt 0.038668 0.926500
vt 0.030706 0.919143
vt 0.049998 0.904415
vt 0.040454 0.896918
vt 0.061860 0.881903
vt 0.050715 0.874416
vt 0.072908 0.854224
vt 0.058545 0.848027
vt 0.080246 0.834986
vt 0.063996 0.829508
vt 0.086810 0.817733
vt 0.068205 0.814164
vt 0.090778 0.798622
vt 0.070182 0.796523
vt 0.095252 0.779206
vt 0.072943 0.778387
vt 0.233833 0.775119
vt 0.233734 0.752600
vt 0.197941 0.752021
vt 0.197984 0.773973
vt 0.626822 0.243695
vt 0.626975 0.223209
vt 0.594799 0.223195
vt 0.594755 0.242026
vt 0.626654 0.201049
vt 0.594719 0.202562
vt 0.626352 0.183464
vt 0.594604 0.184728
vt 0.626406 0.160893
vt 0.595368 0.160617
vt 0.626640 0.130514
vt 0.595459 0.130117
vt 0.626712 0.107286
vt 0.595977 0.108088
vt 0.626779 0.087620
vt 0.596494 0.089771
vt 0.626463 0.070093
vt 0.596426 0.072451
vt 0.627101 0.048545
vt 0.597987 0.049947
vt 0.627667 0.022417
vt 0.599348 0.022450
vt 0.229046 0.997145
vt 0.229966 0.970069
vt 0.197673 0.970933
vt 0.197573 0.998451
vt 0.230994 0.942168
vt 0.198022 0.942508
vt 0.231518 0.917972
vt 0.197625 0.917948
vt 0.232406 0.893659
vt 0.197760 0.893654
vt 0.232947 0.866087
vt 0.197937 0.865654
vt 0.233526 0.846710
vt 0.198019 0.845847
vt 0.233635 0.831645
vt 0.197742 0.831232
vt 0.233575 0.813824
vt 0.197819 0.812998
vt 0.233709 0.795374
vt 0.197835 0.794104
vt 0.271860 0.776318
vt 0.271715 0.753206
vt 0.271755 0.796727
vt 0.271494 0.814704
vt 0.271709 0.832080
vt 0.271202 0.847630
vt 0.270105 0.866535
vt 0.269174 0.893688
vt 0.267477 0.918005
vt 0.265957 0.941819
vt 0.264215 0.969173
vt 0.262428 0.995817
vt 0.657585 0.045858
vt 0.657318 0.021014
vt 0.657911 0.066469
vt 0.658565 0.084376
vt 0.659093 0.105615
vt 0.659609 0.130267
vt 0.659311 0.160658
vt 0.659950 0.181973
vt 0.660439 0.199296
vt 0.661035 0.223119
vt 0.660777 0.245414
vt 0.660615 0.267608
vt 0.626727 0.266295
vt 0.660130 0.287855
vt 0.626205 0.287979
vt 0.145313 0.757414
vt 0.146995 0.734063
vt 0.125865 0.734307
vt 0.124663 0.757778
vt 0.139533 0.780651
vt 0.119630 0.780038
vt 0.131701 0.802829
vt 0.113274 0.800919
vt 0.124016 0.824485
vt 0.107160 0.821585
vt 0.112590 0.846011
vt 0.098004 0.841023
vt 0.101722 0.866856
vt 0.088793 0.861122
vt 0.084202 0.896730
vt 0.074118 0.890054
vt 0.069381 0.919403
vt 0.060635 0.912640
vt 0.054965 0.941126
vt 0.047483 0.934518
vt 0.037589 0.964687
vt 0.030842 0.958106
vt 0.019646 0.987278
vt 0.013897 0.980837
vt 0.928931 0.686918
vt 0.915533 0.663384
vt 0.907877 0.666813
vt 0.921128 0.690942
vt 0.939062 0.708284
vt 0.931901 0.711606
vt 0.944549 0.731819
vt 0.935522 0.733756
vt 0.948188 0.755872
vt 0.939753 0.756779
vt 0.952540 0.784117
vt 0.944457 0.783591
vt 0.951406 0.816453
vt 0.943913 0.815304
vt 0.949423 0.841088
vt 0.942569 0.839060
vt 0.943258 0.860130
vt 0.936700 0.857321
vt 0.935784 0.883285
vt 0.929670 0.880387
vt 0.926423 0.905829
vt 0.920841 0.902388
vt 0.914986 0.925969
vt 0.910297 0.922589
vt 0.904516 0.943868
vt 0.899999 0.940466
vt 0.172404 0.757109
vt 0.174793 0.733808
vt 0.165302 0.781235
vt 0.155621 0.805263
vt 0.145858 0.828173
vt 0.131798 0.852600
vt 0.118547 0.874760
vt 0.097399 0.905440
vt 0.080707 0.928096
vt 0.064639 0.949647
vt 0.046361 0.973124
vt 0.028481 0.995638
vt 0.939880 0.681423
vt 0.926280 0.658026
vt 0.951087 0.703656
vt 0.958143 0.728185
vt 0.962560 0.754022
vt 0.966302 0.784158
vt 0.964044 0.818304
vt 0.961319 0.843609
vt 0.954726 0.864636
vt 0.946426 0.888337
vt 0.936179 0.911194
vt 0.924484 0.932278
vt 0.915006 0.951599
vt 0.185399 0.757130
vt 0.188109 0.733726
vt 0.177459 0.781429
vt 0.166985 0.806429
vt 0.156163 0.829923
vt 0.140939 0.855724
vt 0.126520 0.878604
vt 0.103783 0.909627
vt 0.086276 0.932357
vt 0.069447 0.953868
vt 0.050598 0.977136
vt 0.033227 0.999511
vt 0.945397 0.678649
vt 0.931830 0.655615
vt 0.957383 0.701151
vt 0.965361 0.726115
vt 0.970177 0.752944
vt 0.973577 0.783250
vt 0.970587 0.819340
vt 0.973558 0.785163
vt 0.967638 0.844881
vt 0.960923 0.866957
vt 0.952106 0.891062
vt 0.941211 0.913891
vt 0.929785 0.935571
vt 0.919333 0.954212
vt 0.696479 0.857984
vt 0.690813 0.828645
vt 0.678629 0.830851
vt 0.684812 0.862104
vt 0.887437 0.991652
vt 0.856295 0.987839
vt 0.854217 0.992761
vt 0.883026 0.997482
vt 0.828881 0.981598
vt 0.826118 0.987398
vt 0.804753 0.974240
vt 0.800929 0.980575
vt 0.782772 0.963869
vt 0.778216 0.970438
vt 0.759141 0.948452
vt 0.753310 0.955652
vt 0.744426 0.934218
vt 0.737421 0.942210
vt 0.730124 0.920389
vt 0.722796 0.926425
vt 0.717562 0.902121
vt 0.708725 0.907753
vt 0.706875 0.883675
vt 0.696801 0.889282
vt 0.192371 0.752011
vt 0.192381 0.773940
vt 0.192281 0.793671
vt 0.192320 0.812880
vt 0.192244 0.830817
vt 0.192342 0.845874
vt 0.192372 0.865631
vt 0.192337 0.893153
vt 0.192311 0.917287
vt 0.192098 0.942131
vt 0.192018 0.970876
vt 0.196030 0.998023
vt 0.718040 0.850915
vt 0.714598 0.824991
vt 0.726528 0.873154
vt 0.735883 0.891113
vt 0.745780 0.908273
vt 0.756846 0.921603
vt 0.770464 0.936015
vt 0.791373 0.953760
vt 0.811668 0.966196
vt 0.833271 0.977534
vt 0.859669 0.985269
vt 0.738717 0.844280
vt 0.736657 0.821691
vt 0.744967 0.863368
vt 0.752705 0.881018
vt 0.759855 0.897286
vt 0.768841 0.909038
vt 0.781064 0.924007
vt 0.799466 0.943499
vt 0.818209 0.957532
vt 0.837490 0.971778
vt 0.862467 0.983401
vt 0.523328 0.406694
vt 0.517881 0.436972
vt 0.575115 0.446608
vt 0.576501 0.425875
vt 0.731224 0.290446
vt 0.701116 0.289143
vt 0.706213 0.302663
vt 0.735501 0.295639
vt 0.671533 0.289876
vt 0.657793 0.322259
vt 0.644978 0.294365
vt 0.635418 0.336652
vt 0.620702 0.302302
vt 0.622980 0.348038
vt 0.594462 0.316003
vt 0.611851 0.360753
vt 0.577732 0.328866
vt 0.603376 0.371737
vt 0.562309 0.344050
vt 0.596943 0.381326
vt 0.547766 0.362313
vt 0.590199 0.393853
vt 0.535601 0.380329
vt 0.583882 0.406254
vt 0.528147 0.062448
vt 0.528809 0.041261
vt 0.594820 0.288170
vt 0.594592 0.266195
vt 0.736864 0.649402
vt 0.738045 0.650444
vt 0.738045 0.284456
vt 0.736865 0.285500
vt 0.301857 0.455329
vt 0.290156 0.474351
vt 0.306107 0.483290
vt 0.314702 0.461751
vt 0.286171 0.444688
vt 0.273838 0.463722
vt 0.273926 0.436939
vt 0.259178 0.454761
vt 0.260020 0.422075
vt 0.242972 0.437454
vt 0.242128 0.401828
vt 0.222908 0.414506
vt 0.233970 0.385256
vt 0.213354 0.394397
vt 0.227099 0.369052
vt 0.206402 0.377112
vt 0.222082 0.356135
vt 0.200423 0.360380
vt 0.221297 0.336971
vt 0.199837 0.337147
vt 0.221483 0.309686
vt 0.199833 0.308529
vt 0.394678 0.469936
vt 0.398297 0.494115
vt 0.417048 0.489183
vt 0.409653 0.466159
vt 0.436754 0.481484
vt 0.428203 0.459242
vt 0.453594 0.474808
vt 0.441998 0.454183
vt 0.472681 0.459807
vt 0.458163 0.442066
vt 0.495450 0.439715
vt 0.478336 0.424994
vt 0.506921 0.421091
vt 0.488052 0.410152
vt 0.515188 0.405047
vt 0.496132 0.395491
vt 0.522281 0.389495
vt 0.501927 0.383711
vt 0.524673 0.367291
vt 0.504010 0.365491
vt 0.526996 0.339620
vt 0.505712 0.339027
vt 0.329305 0.490017
vt 0.335715 0.467214
vt 0.350758 0.496370
vt 0.353464 0.472055
vt 0.373327 0.495186
vt 0.372107 0.470919
vt 0.224542 0.298923
vt 0.203099 0.297705
vt 0.524866 0.328751
vt 0.503351 0.328048
vt 0.501719 0.302806
vt 0.522713 0.300097
vt 0.513057 0.251003
vt 0.492473 0.257295
vt 0.484011 0.237681
vt 0.503216 0.226999
vt 0.493701 0.213202
vt 0.476156 0.227018
vt 0.465927 0.215651
vt 0.482642 0.200156
vt 0.472753 0.189834
vt 0.456939 0.206888
vt 0.463666 0.181876
vt 0.449436 0.200777
vt 0.426601 0.186251
vt 0.438745 0.165035
vt 0.418414 0.154699
vt 0.410750 0.178524
vt 0.396015 0.151028
vt 0.391864 0.175569
vt 0.350271 0.171457
vt 0.350880 0.146751
vt 0.328423 0.146179
vt 0.331385 0.170669
vt 0.306896 0.152465
vt 0.314670 0.175086
vt 0.290266 0.184686
vt 0.279974 0.164209
vt 0.269904 0.170318
vt 0.282137 0.189146
vt 0.258785 0.178635
vt 0.272256 0.195936
vt 0.252123 0.213993
vt 0.235229 0.201350
vt 0.222772 0.223179
vt 0.241828 0.231529
vt 0.208122 0.269627
vt 0.228274 0.274366
vt 0.260937 0.205074
vt 0.246262 0.189458
vt 0.302462 0.179799
vt 0.293427 0.158217
vt 0.371186 0.171914
vt 0.373584 0.147046
vt 0.437985 0.193424
vt 0.451205 0.173344
vt 0.990973 0.865614
vt 0.992025 0.833649
vt 0.989009 0.833460
vt 0.987970 0.865053
vt 0.989395 0.889047
vt 0.986416 0.888134
vt 0.062769 0.419197
vt 0.057866 0.388955
vt 0.055219 0.389132
vt 0.060178 0.419730
vt 0.070100 0.441292
vt 0.067622 0.442162
vt 0.986323 0.918072
vt 0.983379 0.916833
vt 0.983354 0.937797
vt 0.980452 0.936268
vt 0.084426 0.468763
vt 0.082110 0.469947
vt 0.098229 0.487366
vt 0.096120 0.488829
vt 0.978520 0.961067
vt 0.975671 0.959289
vt 0.181360 0.835815
vt 0.181546 0.814862
vt 0.178836 0.816342
vt 0.178653 0.836993
vt 0.120782 0.509402
vt 0.118918 0.511104
vt 0.139547 0.522751
vt 0.137957 0.524649
vt 0.181078 0.867736
vt 0.178373 0.868588
vt 0.181286 0.892124
vt 0.178336 0.891402
vt 0.168257 0.537044
vt 0.166963 0.539089
vt 0.190899 0.891910
vt 0.190859 0.868698
vt 0.188170 0.867799
vt 0.187530 0.892179
vt 0.997705 0.865614
vt 0.998757 0.833649
vt 0.993056 0.918072
vt 0.996128 0.889047
vt 0.188638 0.814925
vt 0.188860 0.789836
vt 0.181768 0.789773
vt 0.188452 0.835877
vt 0.065425 0.377291
vt 0.065401 0.377291
vt 0.073587 0.427772
vt 0.073607 0.427765
vt 0.851478 0.493548
vt 0.851497 0.493555
vt 0.862015 0.485215
vt 0.866781 0.455812
vt 0.859455 0.444476
vt 0.859432 0.444476
vt 0.097381 0.473386
vt 0.097392 0.473378
vt 0.828353 0.537893
vt 0.828364 0.537902
vt 0.840960 0.533405
vt 0.854888 0.506696
vt 0.134537 0.509677
vt 0.792239 0.573184
vt 0.805613 0.572917
vt 0.827540 0.551492
vt 0.187342 0.533037
vt 0.746615 0.595895
vt 0.759457 0.599791
vt 0.787369 0.585895
vt 0.990086 0.937797
vt 0.739273 0.606490
vt 0.189392 0.543934
vt 0.127471 0.936350
vt 0.127822 0.902174
vt 0.117767 0.902017
vt 0.117755 0.937074
vt 0.284229 0.922996
vt 0.284229 0.887506
vt 0.274095 0.887458
vt 0.274095 0.923052
vt 0.015802 0.343858
vt 0.016853 0.311894
vt 0.013838 0.311704
vt 0.012798 0.343297
vt 0.014224 0.367291
vt 0.011244 0.366379
vt 0.873793 0.555688
vt 0.868884 0.525406
vt 0.866233 0.525584
vt 0.871199 0.556222
vt 0.881133 0.577810
vt 0.878652 0.578682
vt 0.011152 0.396317
vt 0.008207 0.395077
vt 0.008182 0.416041
vt 0.005281 0.414512
vt 0.895478 0.605317
vt 0.893159 0.606502
vt 0.909299 0.623944
vt 0.907187 0.625408
vt 0.003349 0.439311
vt 0.000499 0.437533
vt 0.675460 0.914356
vt 0.675461 0.893402
vt 0.672763 0.894906
vt 0.672763 0.915559
vt 0.931881 0.646008
vt 0.930014 0.647712
vt 0.950670 0.659374
vt 0.949077 0.661274
vt 0.675459 0.946279
vt 0.672762 0.947155
vt 0.675882 0.970665
vt 0.673022 0.970440
vt 0.979416 0.673686
vt 0.978121 0.675733
vt 0.685247 0.969156
vt 0.685248 0.947156
vt 0.682551 0.946280
vt 0.682126 0.970665
vt 0.022534 0.343858
vt 0.023586 0.311894
vt 0.017884 0.396317
vt 0.020956 0.367291
vt 0.682553 0.893403
vt 0.682554 0.868312
vt 0.675461 0.868312
vt 0.682552 0.914357
vt 0.876452 0.513728
vt 0.876428 0.513728
vt 0.884624 0.564273
vt 0.884644 0.564266
vt 0.978805 0.288668
vt 0.978825 0.288675
vt 0.989337 0.280340
vt 0.994100 0.250954
vt 0.986778 0.239625
vt 0.986755 0.239625
vt 0.908449 0.609946
vt 0.908461 0.609937
vt 0.955693 0.332989
vt 0.955705 0.332997
vt 0.968294 0.328503
vt 0.982214 0.301809
vt 0.945653 0.646283
vt 0.919601 0.368259
vt 0.932967 0.367992
vt 0.954881 0.346580
vt 0.992642 0.669673
vt 0.868293 0.390958
vt 0.886837 0.394852
vt 0.914733 0.380963
vt 0.014915 0.416041
vt 0.866233 0.401546
vt 0.999431 0.680584
vt 0.145137 0.935034
vt 0.145134 0.901218
vt 0.133436 0.902013
vt 0.133007 0.935938
vt 0.999501 0.671889
vt 0.130338 0.955830
vt 0.130338 0.957703
vt 0.132488 0.960741
vt 0.132488 0.953335
vt 0.119709 0.954488
vt 0.119709 0.956361
vt 0.285820 0.912450
vt 0.285820 0.946214
vt 0.295575 0.946407
vt 0.295575 0.912450
vt 0.739206 0.598047
vt 0.135892 0.970091
vt 0.132488 0.966275
vt 0.130338 0.968770
vt 0.131617 0.970091
vt 0.176790 0.933224
vt 0.190695 0.928592
vt 0.186464 0.928568
vt 0.135948 0.960098
vt 0.190694 0.938307
vt 0.121868 0.967781
vt 0.121429 0.970091
vt 0.972159 0.891695
vt 0.974426 0.892008
vt 0.974557 0.855788
vt 0.969808 0.855762
vt 0.176382 0.928504
vt 0.132113 0.942669
vt 0.130338 0.944764
vt 0.132488 0.947802
vt 0.135948 0.942669
vt 0.176686 0.951171
vt 0.186797 0.955947
vt 0.190593 0.955969
vt 0.135948 0.954473
vt 0.190663 0.943842
vt 0.122307 0.942669
vt 0.121868 0.944512
vt 0.177094 0.955891
vt 0.691138 0.881805
vt 0.686442 0.881085
vt 0.686492 0.916080
vt 0.688435 0.915878
vt 0.299391 0.945982
vt 0.299391 0.912450
vt 0.992025 0.821279
vt 0.989009 0.821279
vt 0.057866 0.377291
vt 0.055219 0.377291
vt 0.998757 0.821279
vt 0.866781 0.444476
vt 0.016853 0.299523
vt 0.013837 0.299523
vt 0.868884 0.513728
vt 0.866233 0.513728
vt 0.023585 0.299523
vt 0.994100 0.239625
vt 0.989009 0.809098
vt 0.992025 0.808909
vt 0.990973 0.776945
vt 0.987970 0.777505
vt 0.989395 0.753511
vt 0.986416 0.754423
vt 0.055219 0.365449
vt 0.057866 0.365627
vt 0.062769 0.335384
vt 0.060178 0.334851
vt 0.070100 0.313290
vt 0.067622 0.312419
vt 0.986323 0.724486
vt 0.983379 0.725725
vt 0.983354 0.704761
vt 0.980452 0.706290
vt 0.084426 0.285819
vt 0.082110 0.284635
vt 0.098229 0.267216
vt 0.096120 0.265753
vt 0.978520 0.681491
vt 0.975671 0.683269
vt 0.165127 0.895485
vt 0.167837 0.896966
vt 0.167659 0.876013
vt 0.164952 0.874833
vt 0.120782 0.245179
vt 0.118918 0.243477
vt 0.139547 0.231830
vt 0.137957 0.229933
vt 0.167389 0.844092
vt 0.164685 0.843239
vt 0.167607 0.819704
vt 0.164657 0.820424
vt 0.168257 0.217537
vt 0.166963 0.215492
vt 0.174481 0.844032
vt 0.177170 0.843133
vt 0.177219 0.819921
vt 0.173850 0.819651
vt 0.998757 0.808909
vt 0.997705 0.776945
vt 0.996128 0.753511
vt 0.993056 0.724486
vt 0.168049 0.922055
vt 0.175141 0.921995
vt 0.174929 0.896906
vt 0.174751 0.875953
vt 0.073607 0.326817
vt 0.073587 0.326810
vt 0.862015 0.403737
vt 0.851497 0.395398
vt 0.851478 0.395404
vt 0.866781 0.433140
vt 0.097392 0.281204
vt 0.097381 0.281195
vt 0.840960 0.355547
vt 0.828364 0.351050
vt 0.828353 0.351059
vt 0.854888 0.382256
vt 0.134537 0.244905
vt 0.805613 0.316036
vt 0.792239 0.315768
vt 0.827540 0.337460
vt 0.187342 0.221545
vt 0.759457 0.289161
vt 0.746615 0.293057
vt 0.787369 0.303057
vt 0.990086 0.704761
vt 0.739273 0.282462
vt 0.189392 0.210647
vt 0.946370 0.950525
vt 0.956424 0.950369
vt 0.956074 0.916192
vt 0.946357 0.915468
vt 0.671170 0.887449
vt 0.661036 0.887497
vt 0.661036 0.922988
vt 0.671170 0.923044
vt 0.013838 0.287343
vt 0.016853 0.287153
vt 0.015802 0.255189
vt 0.012798 0.255749
vt 0.014224 0.231756
vt 0.011244 0.232668
vt 0.866233 0.501871
vt 0.868884 0.502049
vt 0.873793 0.471768
vt 0.871199 0.471234
vt 0.881133 0.449645
vt 0.878652 0.448773
vt 0.011152 0.202730
vt 0.008207 0.203970
vt 0.008182 0.183006
vt 0.005281 0.184535
vt 0.895478 0.422139
vt 0.893159 0.420953
vt 0.909299 0.403512
vt 0.907187 0.402047
vt 0.003349 0.159735
vt 0.000499 0.161514
vt 0.150979 0.926567
vt 0.153676 0.928071
vt 0.153675 0.907117
vt 0.150978 0.905914
vt 0.931881 0.381447
vt 0.930014 0.379743
vt 0.950670 0.368081
vt 0.949077 0.366181
vt 0.153674 0.875194
vt 0.150977 0.874318
vt 0.154097 0.850808
vt 0.151237 0.851033
vt 0.979416 0.353770
vt 0.978121 0.351722
vt 0.160766 0.875194
vt 0.163463 0.874318
vt 0.163463 0.852317
vt 0.160341 0.850808
vt 0.023586 0.287153
vt 0.022534 0.255189
vt 0.020956 0.231756
vt 0.017884 0.202730
vt 0.153676 0.953161
vt 0.160769 0.953161
vt 0.160768 0.928071
vt 0.160767 0.907117
vt 0.884644 0.463189
vt 0.884624 0.463182
vt 0.989337 0.198909
vt 0.978825 0.190574
vt 0.978805 0.190581
vt 0.994100 0.228295
vt 0.908461 0.417518
vt 0.908449 0.417509
vt 0.968294 0.150747
vt 0.955705 0.146252
vt 0.955693 0.146260
vt 0.982214 0.177440
vt 0.945653 0.381173
vt 0.932967 0.111257
vt 0.919601 0.110990
vt 0.954881 0.132670
vt 0.992642 0.357782
vt 0.886837 0.084397
vt 0.868293 0.088292
vt 0.914733 0.098286
vt 0.014915 0.183006
vt 0.866233 0.077703
vt 0.999431 0.346871
vt 0.962039 0.950529
vt 0.973736 0.951324
vt 0.973739 0.917508
vt 0.961610 0.916604
vt 0.999501 0.355566
vt 0.304915 0.956819
vt 0.307064 0.953781
vt 0.307064 0.951907
vt 0.304915 0.949413
vt 0.317694 0.952439
vt 0.317694 0.950565
vt 0.649218 0.950314
vt 0.658973 0.950121
vt 0.658973 0.916357
vt 0.649218 0.916357
vt 0.739206 0.290905
vt 0.307064 0.964847
vt 0.304915 0.962352
vt 0.301511 0.966169
vt 0.305785 0.966169
vt 0.643673 0.937130
vt 0.633999 0.932473
vt 0.629768 0.932497
vt 0.301454 0.956175
vt 0.629768 0.942213
vt 0.315535 0.963859
vt 0.315974 0.966169
vt 0.149863 0.895064
vt 0.149857 0.858843
vt 0.147589 0.859148
vt 0.145114 0.895072
vt 0.644081 0.932409
vt 0.304915 0.943879
vt 0.307064 0.940841
vt 0.305290 0.938746
vt 0.301454 0.938746
vt 0.643776 0.955076
vt 0.629870 0.959874
vt 0.633665 0.959852
vt 0.301454 0.950550
vt 0.629800 0.947747
vt 0.315535 0.940589
vt 0.315095 0.938746
vt 0.643369 0.959797
vt 0.692475 0.895649
vt 0.692304 0.930643
vt 0.697003 0.929938
vt 0.694418 0.895857
vt 0.645402 0.916357
vt 0.645402 0.949889
vt 0.653345 0.961221
vt 0.671511 0.961142
vt 0.671398 0.956387
vt 0.653232 0.956465
vt 0.925522 0.977822
vt 0.943603 0.978137
vt 0.943170 0.974193
vt 0.925089 0.973878
vt 0.942942 0.969293
vt 0.924861 0.968978
vt 0.942941 0.963916
vt 0.924860 0.963601
vt 0.943167 0.958590
vt 0.925087 0.958275
vt 0.943599 0.953835
vt 0.925519 0.953520
vt 0.725704 0.978242
vt 0.743870 0.978328
vt 0.743755 0.974425
vt 0.725589 0.974339
vt 0.743693 0.969560
vt 0.725527 0.969474
vt 0.743692 0.964208
vt 0.725527 0.964123
vt 0.743752 0.958895
vt 0.725586 0.958809
vt 0.743867 0.954140
vt 0.725701 0.954054
vt 0.276049 0.977869
vt 0.294130 0.977560
vt 0.294564 0.973617
vt 0.276484 0.973925
vt 0.294794 0.968716
vt 0.276714 0.969025
vt 0.294797 0.963340
vt 0.276717 0.963648
vt 0.294573 0.958014
vt 0.276492 0.958322
vt 0.294143 0.953258
vt 0.276062 0.953566
vt 0.653219 0.980653
vt 0.671385 0.980575
vt 0.671502 0.976672
vt 0.653336 0.976750
vt 0.671566 0.971806
vt 0.653400 0.971885
vt 0.671568 0.966455
vt 0.653402 0.966534
vt 0.107976 0.935952
vt 0.103141 0.934369
vt 0.100587 0.950580
vt 0.112087 0.938966
vt 0.115073 0.943118
vt 0.116641 0.947999
vt 0.116637 0.953134
vt 0.115062 0.958018
vt 0.112070 0.962174
vt 0.107954 0.965195
vt 0.103117 0.966786
vt 0.098032 0.966790
vt 0.093197 0.965207
vt 0.089086 0.962193
vt 0.086100 0.958041
vt 0.084532 0.953160
vt 0.084536 0.948025
vt 0.086111 0.943141
vt 0.089103 0.938985
vt 0.093219 0.935964
vt 0.098056 0.934373
vt 0.319216 0.956547
vt 0.319102 0.961302
vt 0.337268 0.961388
vt 0.337382 0.956633
vt 0.608706 0.975877
vt 0.608272 0.979821
vt 0.626352 0.979513
vt 0.626787 0.975569
vt 0.608936 0.970977
vt 0.627017 0.970669
vt 0.608939 0.965601
vt 0.627020 0.965292
vt 0.608715 0.960274
vt 0.626795 0.959966
vt 0.608285 0.955519
vt 0.626365 0.955211
vt 0.946474 0.977284
vt 0.946357 0.981187
vt 0.964523 0.981108
vt 0.964640 0.977205
vt 0.946537 0.972419
vt 0.964703 0.972340
vt 0.946540 0.967068
vt 0.964706 0.966989
vt 0.946483 0.961755
vt 0.964648 0.961676
vt 0.946370 0.956999
vt 0.964536 0.956921
vt 0.889913 0.973811
vt 0.890346 0.977755
vt 0.908427 0.978070
vt 0.907993 0.974126
vt 0.889684 0.968911
vt 0.907765 0.969226
vt 0.889684 0.963535
vt 0.907764 0.963850
vt 0.889910 0.958208
vt 0.907991 0.958523
vt 0.890342 0.953453
vt 0.908422 0.953768
vt 0.319105 0.976832
vt 0.319220 0.980735
vt 0.337386 0.980821
vt 0.337270 0.976918
vt 0.319043 0.971967
vt 0.337209 0.972053
vt 0.319042 0.966616
vt 0.337208 0.966701
vt 0.700974 0.932038
vt 0.708358 0.946669
vt 0.705809 0.930457
vt 0.696861 0.935051
vt 0.693874 0.939201
vt 0.692304 0.944082
vt 0.692306 0.949217
vt 0.693879 0.954102
vt 0.696869 0.958259
vt 0.700984 0.961282
vt 0.705821 0.962874
vt 0.710906 0.962880
vt 0.715741 0.961299
vt 0.719854 0.958286
vt 0.722841 0.954136
vt 0.724411 0.949255
vt 0.724409 0.944121
vt 0.722836 0.939236
vt 0.719846 0.935078
vt 0.715731 0.932055
vt 0.710894 0.930463
s 1
usemtl lambert1
f 1/1/1 2/2/2 3/3/3
f 3/3/3 4/4/4 1/1/1
f 5/5/5 6/6/6 1/1/1
f 6/6/6 7/7/7 1/1/1
f 7/7/7 8/8/8 1/1/1
f 8/8/8 9/9/9 1/1/1
f 9/9/9 10/10/10 1/1/1
f 10/10/10 11/11/11 1/1/1
f 11/11/11 12/12/12 1/1/1
f 12/12/12 13/13/13 1/1/1
f 13/13/13 14/14/14 1/1/1
f 14/14/14 15/15/15 1/1/1
f 15/15/15 2/2/2 1/1/1
f 5/5/5 16/16/16 17/17/17
f 5/5/5 17/17/17 18/18/18
f 18/18/18 6/6/6 5/5/5
f 6/6/6 18/18/18 19/19/19
f 6/6/6 19/19/19 20/20/20
f 20/20/20 7/7/7 6/6/6
f 7/7/7 20/20/20 21/21/21
f 7/7/7 21/21/21 22/22/22
f 22/22/22 8/8/8 7/7/7
f 8/8/8 22/22/22 23/23/23
f 8/8/8 23/23/23 24/24/24
f 24/24/24 9/9/9 8/8/8
f 9/9/9 24/24/24 25/25/25
f 9/9/9 25/25/25 26/26/26
f 26/26/26 10/10/10 9/9/9
f 10/10/10 26/26/26 27/27/27
f 10/10/10 27/27/27 28/28/28
f 28/28/28 11/11/11 10/10/10
f 11/11/11 28/28/28 29/29/29
f 11/11/11 29/29/29 30/30/30
f 30/30/30 12/12/12 11/11/11
f 12/12/12 30/30/30 31/31/31
f 12/12/12 31/31/31 32/32/32
f 32/32/32 13/13/13 12/12/12
f 13/13/13 32/32/32 33/33/33
f 13/13/13 33/33/33 34/34/34
f 34/34/34 14/14/14 13/13/13
f 14/14/14 34/34/34 35/35/35
f 14/14/14 35/35/35 36/36/36
f 36/36/36 15/15/15 14/14/14
f 15/15/15 36/36/36 37/37/37
f 15/15/15 37/37/37 38/38/38
f 38/38/38 2/2/2 15/15/15
f 4/4/4 3/3/3 39/39/39
f 39/39/39 40/40/40 4/4/4
f 41/41/41 42/42/42 43/43/43
f 43/43/43 44/44/44 41/41/41
f 45/45/45 46/46/46 47/47/47
f 47/47/47 48/48/48 45/45/45
f 49/49/49 50/50/50 46/46/46
f 46/46/46 45/45/45 49/49/49
f 51/51/51 52/52/52 50/50/50
f 50/50/50 49/49/49 51/51/51
f 53/53/53 54/54/54 52/52/52
f 52/52/52 51/51/51 53/53/53
f 55/55/55 56/56/56 54/54/54
f 54/54/54 53/53/53 55/55/55
f 57/57/57 58/58/58 56/56/56
f 56/56/56 55/55/55 57/57/57
f 59/59/59 60/60/60 58/58/58
f 58/58/58 57/57/57 59/59/59
f 61/61/61 62/62/62 60/60/60
f 60/60/60 59/59/59 61/61/61
f 63/63/63 64/64/64 62/62/62
f 62/62/62 61/61/61 63/63/63
f 65/65/65 66/66/66 64/64/64
f 64/64/64 63/63/63 65/65/65
f 67/67/67 68/68/68 66/66/66
f 66/66/66 65/65/65 67/67/67
f 69/69/69 70/70/70 68/68/68
f 68/68/68 67/67/67 69/69/69
f 71/71/71 72/72/72 73/73/70
f 73/73/70 74/74/73 71/71/71
f 75/75/74 76/76/75 72/72/72
f 72/72/72 71/71/71 75/75/74
f 77/77/76 78/78/77 76/76/75
f 76/76/75 75/75/74 77/77/76
f 79/79/78 80/80/79 78/78/77
f 78/78/77 77/77/76 79/79/78
f 81/81/80 82/82/81 80/80/79
f 80/80/79 79/79/78 81/81/80
f 83/83/82 84/84/83 82/82/81
f 82/82/81 81/81/80 83/83/82
f 85/85/84 86/86/85 84/84/83
f 84/84/83 83/83/82 85/85/84
f 87/87/86 88/88/87 86/86/85
f 86/86/85 85/85/84 87/87/86
f 89/89/88 90/90/89 88/88/87
f 88/88/87 87/87/86 89/89/88
f 91/91/90 92/92/91 90/90/89
f 90/90/89 89/89/88 91/91/90
f 93/93/92 94/94/92 95/95/93
f 95/95/93 96/96/94 93/93/92
f 97/97/95 98/98/96 99/99/97
f 99/99/97 100/100/98 97/97/95
f 101/101/99 102/102/100 98/98/96
f 98/98/96 97/97/95 101/101/99
f 103/103/101 104/104/102 102/102/100
f 102/102/100 101/101/99 103/103/101
f 105/105/103 106/106/104 104/104/102
f 104/104/102 103/103/101 105/105/103
f 107/107/105 108/108/106 106/106/104
f 106/106/104 105/105/103 107/107/105
f 109/109/107 110/110/108 108/108/106
f 108/108/106 107/107/105 109/109/107
f 111/111/109 112/112/110 110/110/108
f 110/110/108 109/109/107 111/111/109
f 113/113/111 114/114/112 112/112/110
f 112/112/110 111/111/109 113/113/111
f 115/115/113 116/116/114 114/114/112
f 114/114/112 113/113/111 115/115/113
f 117/117/115 118/118/116 116/116/114
f 116/116/114 115/115/113 117/117/115
f 119/119/117 120/120/118 121/121/116
f 121/121/116 122/122/119 119/119/117
f 123/123/120 124/124/121 120/120/118
f 120/120/118 119/119/117 123/123/120
f 125/125/122 126/126/123 124/124/121
f 124/124/121 123/123/120 125/125/122
f 127/127/124 128/128/125 126/126/123
f 126/126/123 125/125/122 127/127/124
f 129/129/126 130/130/127 128/128/125
f 128/128/125 127/127/124 129/129/126
f 131/131/128 132/132/129 130/130/127
f 130/130/127 129/129/126 131/131/128
f 133/133/130 134/134/131 132/132/129
f 132/132/129 131/131/128 133/133/130
f 135/135/132 136/136/133 134/134/131
f 134/134/131 133/133/130 135/135/132
f 137/137/134 138/138/135 136/136/133
f 136/136/133 135/135/132 137/137/134
f 139/139/136 140/140/137 138/138/135
f 138/138/135 137/137/134 139/139/136
f 94/94/92 141/141/138 142/142/139
f 142/142/139 95/95/93 94/94/92
f 140/140/137 143/143/140 144/144/141
f 144/144/141 138/138/135 140/140/137
f 138/138/135 144/144/141 145/145/142
f 145/145/142 136/136/133 138/138/135
f 136/136/133 145/145/142 146/146/143
f 146/146/143 134/134/131 136/136/133
f 134/134/131 146/146/143 147/147/144
f 147/147/144 132/132/129 134/134/131
f 132/132/129 147/147/144 148/148/145
f 148/148/145 130/130/127 132/132/129
f 130/130/127 148/148/145 149/149/146
f 149/149/146 128/128/125 130/130/127
f 128/128/125 149/149/146 150/150/147
f 150/150/147 126/126/123 128/128/125
f 126/126/123 150/150/147 151/151/148
f 151/151/148 124/124/121 126/126/123
f 124/124/121 151/151/148 152/152/149
f 152/152/149 120/120/118 124/124/121
f 120/120/118 152/152/149 153/153/150
f 153/153/150 121/121/116 120/120/118
f 118/118/116 154/154/151 155/155/152
f 155/155/152 116/116/114 118/118/116
f 116/116/114 155/155/152 156/156/153
f 156/156/153 114/114/112 116/116/114
f 114/114/112 156/156/153 157/157/154
f 157/157/154 112/112/110 114/114/112
f 112/112/110 157/157/154 158/158/155
f 158/158/155 110/110/108 112/112/110
f 110/110/108 158/158/155 159/159/156
f 159/159/156 108/108/106 110/110/108
f 108/108/106 159/159/156 160/160/157
f 160/160/157 106/106/104 108/108/106
f 106/106/104 160/160/157 161/161/158
f 161/161/158 104/104/102 106/106/104
f 104/104/102 161/161/158 162/162/159
f 162/162/159 102/102/100 104/104/102
f 102/102/100 162/162/159 163/163/160
f 163/163/160 98/98/96 102/102/100
f 98/98/96 163/163/160 164/164/161
f 164/164/161 99/99/97 98/98/96
f 99/99/97 164/164/161 165/165/162
f 165/165/162 166/166/163 99/99/97
f 166/166/163 165/165/162 167/167/164
f 167/167/164 168/168/165 166/166/163
f 169/169/166 170/170/167 171/171/168
f 171/171/168 172/172/169 169/169/166
f 173/173/170 174/174/171 175/175/172
f 175/175/172 176/176/173 173/173/170
f 176/176/173 175/175/172 177/177/174
f 177/177/174 178/178/175 176/176/173
f 178/178/175 177/177/174 179/179/176
f 179/179/176 180/180/177 178/178/175
f 180/180/177 179/179/176 181/181/178
f 181/181/178 182/182/179 180/180/177
f 182/182/179 181/181/178 183/183/180
f 183/183/180 184/184/181 182/182/179
f 184/184/181 183/183/180 185/185/182
f 185/185/182 186/186/183 184/184/181
f 186/186/183 185/185/182 187/187/184
f 187/187/184 188/188/185 186/186/183
f 188/188/185 187/187/184 189/189/186
f 189/189/186 190/190/187 188/188/185
f 190/190/187 189/189/186 191/191/188
f 191/191/188 192/192/189 190/190/187
f 192/192/189 191/191/188 193/193/190
f 193/193/190 194/194/191 192/192/189
f 195/195/191 196/196/192 197/197/193
f 197/197/193 198/198/194 195/195/191
f 198/198/194 197/197/193 199/199/195
f 199/199/195 200/200/196 198/198/194
f 200/200/196 199/199/195 201/201/197
f 201/201/197 202/202/198 200/200/196
f 202/202/198 201/201/197 203/203/199
f 203/203/199 204/204/200 202/202/198
f 204/204/200 203/203/199 205/205/201
f 205/205/201 206/206/202 204/204/200
f 206/206/202 205/205/201 207/207/203
f 207/207/203 208/208/204 206/206/202
f 208/208/204 207/207/203 209/209/205
f 209/209/205 210/210/206 208/208/204
f 210/210/206 209/209/205 211/211/207
f 211/211/207 212/212/208 210/210/206
f 212/212/208 211/211/207 213/213/209
f 213/213/209 214/214/210 212/212/208
f 214/214/210 213/213/209 215/215/211
f 215/215/211 216/216/212 214/214/210
f 216/216/212 215/215/211 217/217/213
f 217/217/213 218/218/214 216/216/212
f 218/218/214 217/217/213 219/219/215
f 219/219/215 220/220/216 218/218/214
f 170/170/167 221/221/217 222/222/218
f 222/222/218 171/171/168 170/170/167
f 174/174/171 223/223/219 224/224/220
f 224/224/220 175/175/172 174/174/171
f 175/175/172 224/224/220 225/225/221
f 225/225/221 177/177/174 175/175/172
f 177/177/174 225/225/221 226/226/222
f 226/226/222 179/179/176 177/177/174
f 179/179/176 226/226/222 227/227/223
f 227/227/223 181/181/178 179/179/176
f 181/181/178 227/227/223 228/228/224
f 228/228/224 183/183/180 181/181/178
f 183/183/180 228/228/224 229/229/225
f 229/229/225 185/185/182 183/183/180
f 185/185/182 229/229/225 230/230/226
f 230/230/226 187/187/184 185/185/182
f 187/187/184 230/230/226 231/231/227
f 231/231/227 189/189/186 187/187/184
f 189/189/186 231/231/227 232/232/228
f 232/232/228 191/191/188 189/189/186
f 191/191/188 232/232/228 233/233/229
f 233/233/229 193/193/190 191/191/188
f 196/196/192 234/234/229 235/235/230
f 235/235/230 197/197/193 196/196/192
f 197/197/193 235/235/230 236/236/231
f 236/236/231 199/199/195 197/197/193
f 199/199/195 236/236/231 237/237/232
f 237/237/232 201/201/197 199/199/195
f 201/201/197 237/237/232 238/238/233
f 238/238/233 203/203/199 201/201/197
f 203/203/199 238/238/233 239/239/234
f 239/239/234 205/205/201 203/203/199
f 205/205/201 239/239/234 240/240/235
f 240/240/235 207/207/203 205/205/201
f 207/207/203 240/240/235 241/241/236
f 241/241/236 209/209/205 207/207/203
f 209/209/205 241/241/236 242/242/237
f 242/242/237 211/211/207 209/209/205
f 211/211/207 242/242/237 243/243/238
f 243/243/238 213/213/209 211/211/207
f 213/213/209 243/243/238 244/244/239
f 244/244/239 215/215/211 213/213/209
f 215/215/211 244/244/239 245/245/240
f 245/245/240 217/217/213 215/215/211
f 217/217/213 245/245/240 246/246/241
f 246/246/241 219/219/215 217/217/213
f 42/42/42 169/169/166 172/172/169
f 172/172/169 43/43/43 42/42/42
f 92/92/91 173/173/170 176/176/173
f 176/176/173 90/90/89 92/92/91
f 90/90/89 176/176/173 178/178/175
f 178/178/175 88/88/87 90/90/89
f 88/88/87 178/178/175 180/180/177
f 180/180/177 86/86/85 88/88/87
f 86/86/85 180/180/177 182/182/179
f 182/182/179 84/84/83 86/86/85
f 84/84/83 182/182/179 184/184/181
f 184/184/181 82/82/81 84/84/83
f 82/82/81 184/184/181 186/186/183
f 186/186/183 80/80/79 82/82/81
f 80/80/79 186/186/183 188/188/185
f 188/188/185 78/78/77 80/80/79
f 78/78/77 188/188/185 190/190/187
f 190/190/187 76/76/75 78/78/77
f 76/76/75 190/190/187 192/192/189
f 192/192/189 72/72/72 76/76/75
f 72/72/72 192/192/189 194/194/191
f 194/194/191 73/73/70 72/72/72
f 70/70/70 195/195/191 198/198/194
f 198/198/194 68/68/68 70/70/70
f 68/68/68 198/198/194 200/200/196
f 200/200/196 66/66/66 68/68/68
f 66/66/66 200/200/196 202/202/198
f 202/202/198 64/64/64 66/66/66
f 64/64/64 202/202/198 204/204/200
f 204/204/200 62/62/62 64/64/64
f 62/62/62 204/204/200 206/206/202
f 206/206/202 60/60/60 62/62/62
f 60/60/60 206/206/202 208/208/204
f 208/208/204 58/58/58 60/60/60
f 58/58/58 208/208/204 210/210/206
f 210/210/206 56/56/56 58/58/58
f 56/56/56 210/210/206 212/212/208
f 212/212/208 54/54/54 56/56/56
f 54/54/54 212/212/208 214/214/210
f 214/214/210 52/52/52 54/54/54
f 52/52/52 214/214/210 216/216/212
f 216/216/212 50/50/50 52/52/52
f 50/50/50 216/216/212 218/218/214
f 218/218/214 46/46/46 50/50/50
f 46/46/46 218/218/214 220/220/216
f 220/220/216 47/47/47 46/46/46
f 221/221/217 247/247/242 248/248/243
f 248/248/243 222/222/218 221/221/217
f 223/223/219 249/249/244 250/250/245
f 250/250/245 224/224/220 223/223/219
f 224/224/220 250/250/245 251/251/246
f 251/251/246 225/225/221 224/224/220
f 225/225/221 251/251/246 252/252/247
f 252/252/247 226/226/222 225/225/221
f 226/226/222 252/252/247 253/253/248
f 253/253/248 227/227/223 226/226/222
f 227/227/223 253/253/248 254/254/249
f 254/254/249 228/228/224 227/227/223
f 228/228/224 254/254/249 255/255/250
f 255/255/250 229/229/225 228/228/224
f 229/229/225 255/255/250 256/256/251
f 256/256/251 230/230/226 229/229/225
f 230/230/226 256/256/251 257/257/252
f 257/257/252 231/231/227 230/230/226
f 231/231/227 257/257/252 258/258/253
f 258/258/253 232/232/228 231/231/227
f 232/232/228 258/258/253 259/259/254
f 259/259/254 233/233/229 232/232/228
f 234/234/229 260/260/255 261/261/256
f 261/261/256 235/235/230 234/234/229
f 235/235/230 261/261/256 262/262/257
f 262/262/257 236/236/231 235/235/230
f 236/236/231 262/262/257 263/263/258
f 263/263/258 237/237/232 236/236/231
f 237/237/232 263/263/258 264/264/259
f 264/264/259 238/238/233 237/237/232
f 238/238/233 264/264/259 265/265/260
f 265/265/260 239/239/234 238/238/233
f 239/239/234 266/266/261 267/267/262
f 267/267/262 240/240/235 239/239/234
f 240/240/235 267/267/262 268/268/263
f 268/268/263 241/241/236 240/240/235
f 241/241/236 268/268/263 269/269/264
f 269/269/264 242/242/237 241/241/236
f 242/242/237 269/269/264 270/270/265
f 270/270/265 243/243/238 242/242/237
f 243/243/238 270/270/265 271/271/266
f 271/271/266 244/244/239 243/243/238
f 244/244/239 271/271/266 272/272/267
f 272/272/267 245/245/240 244/244/239
f 245/245/240 272/272/267 273/273/268
f 273/273/268 246/246/241 245/245/240
f 274/274/269 275/275/270 276/276/271
f 276/276/271 277/277/272 274/274/269
f 278/278/273 279/279/274 280/280/275
f 280/280/275 281/281/276 278/278/273
f 282/282/277 283/283/278 279/279/274
f 279/279/274 278/278/273 282/282/277
f 284/284/279 285/285/280 283/283/278
f 283/283/278 282/282/277 284/284/279
f 286/286/281 287/287/282 285/285/280
f 285/285/280 284/284/279 286/286/281
f 288/288/283 289/289/284 287/287/282
f 287/287/282 286/286/281 288/288/283
f 290/290/285 291/291/286 289/289/284
f 289/289/284 288/288/283 290/290/285
f 292/292/287 293/293/288 291/291/286
f 291/291/286 290/290/285 292/292/287
f 294/294/289 295/295/290 293/293/288
f 293/293/288 292/292/287 294/294/289
f 296/296/291 297/297/292 295/295/290
f 295/295/290 294/294/289 296/296/291
f 298/298/293 299/299/294 297/297/292
f 297/297/292 296/296/291 298/298/293
f 300/300/295 301/93/296 302/96/297
f 302/96/297 303/301/298 300/300/295
f 304/302/299 305/139/300 306/137/301
f 306/137/301 307/303/302 304/302/299
f 307/303/302 306/137/301 308/135/303
f 308/135/303 309/304/304 307/303/302
f 309/304/304 308/135/303 310/133/305
f 310/133/305 311/305/306 309/304/304
f 311/305/306 310/133/305 312/131/307
f 312/131/307 313/306/308 311/305/306
f 313/306/308 312/131/307 314/129/309
f 314/129/309 315/307/310 313/306/308
f 315/307/310 314/129/309 316/127/311
f 316/127/311 317/308/312 315/307/310
f 317/308/312 316/127/311 318/125/313
f 318/125/313 319/309/314 317/308/312
f 319/309/314 318/125/313 320/123/315
f 320/123/315 321/310/316 319/309/314
f 321/310/316 320/123/315 322/119/317
f 322/119/317 323/311/318 321/310/316
f 323/311/318 322/119/317 324/122/319
f 324/122/319 325/312/320 323/311/318
f 275/275/270 326/313/321 327/314/322
f 327/314/322 276/276/271 275/275/270
f 299/299/294 328/315/323 329/316/324
f 329/316/324 297/297/292 299/299/294
f 297/297/292 329/316/324 330/317/325
f 330/317/325 295/295/290 297/297/292
f 295/295/290 330/317/325 331/318/326
f 331/318/326 293/293/288 295/295/290
f 293/293/288 331/318/326 332/319/327
f 332/319/327 291/291/286 293/293/288
f 291/291/286 332/319/327 333/320/328
f 333/320/328 289/289/284 291/291/286
f 289/289/284 333/320/328 334/321/329
f 334/321/329 287/287/282 289/289/284
f 287/287/282 334/321/329 335/322/330
f 335/322/330 285/285/280 287/287/282
f 285/285/280 335/322/330 336/323/331
f 336/323/331 283/283/278 285/285/280
f 283/283/278 336/323/331 337/324/332
f 337/324/332 279/279/274 283/283/278
f 337/324/332 280/280/275 279/279/274
f 326/313/321 338/325/295 339/326/298
f 339/326/298 327/314/322 326/313/321
f 328/315/323 340/327/299 341/328/302
f 341/328/302 329/316/324 328/315/323
f 329/316/324 341/328/302 342/329/304
f 342/329/304 330/317/325 329/316/324
f 330/317/325 342/329/304 343/330/306
f 343/330/306 331/318/326 330/317/325
f 331/318/326 343/330/306 344/331/308
f 344/331/308 332/319/327 331/318/326
f 332/319/327 344/331/308 345/332/310
f 345/332/310 333/320/328 332/319/327
f 333/320/328 345/332/310 346/333/312
f 346/333/312 334/321/329 333/320/328
f 334/321/329 346/333/312 347/334/314
f 347/334/314 335/322/330 334/321/329
f 335/322/330 347/334/314 348/335/333
f 348/335/333 336/323/331 335/322/330
f 336/323/331 348/335/333 349/336/334
f 349/336/334 337/324/332 336/323/331
f 349/336/334 280/280/275 337/324/332
f 350/337/335 351/338/335 352/339/336
f 352/339/336 353/340/337 350/337/335
f 354/341/338 355/342/339 356/343/340
f 356/343/340 357/344/341 354/341/338
f 358/345/342 359/346/343 355/342/339
f 355/342/339 354/341/338 358/345/342
f 360/347/344 361/348/345 359/346/343
f 359/346/343 358/345/342 360/347/344
f 362/349/346 363/350/347 361/348/345
f 361/348/345 360/347/344 362/349/346
f 364/351/348 365/352/349 363/350/347
f 363/350/347 362/349/346 364/351/348
f 366/353/350 367/354/351 365/352/349
f 365/352/349 364/351/348 366/353/350
f 368/355/352 369/356/353 367/354/351
f 367/354/351 366/353/350 368/355/352
f 370/357/354 371/358/355 369/356/353
f 369/356/353 368/355/352 370/357/354
f 372/359/356 373/360/357 371/358/355
f 371/358/355 370/357/354 372/359/356
f 374/361/358 375/362/359 373/360/357
f 373/360/357 372/359/356 374/361/358
f 376/363/360 377/364/361 1/1/1
f 1/1/1 4/4/4 376/363/360
f 5/5/5 1/1/1 378/365/362
f 378/365/362 1/1/1 379/366/363
f 379/366/363 1/1/1 380/367/364
f 380/367/364 1/1/1 381/368/365
f 381/368/365 1/1/1 382/369/366
f 382/369/366 1/1/1 383/370/367
f 383/370/367 1/1/1 384/371/368
f 384/371/368 1/1/1 385/372/369
f 385/372/369 1/1/1 386/373/370
f 386/373/370 1/1/1 387/374/371
f 387/374/371 1/1/1 377/364/361
f 388/375/372 16/16/16 5/5/5
f 388/375/372 5/5/5 378/365/362
f 378/365/362 389/376/373 388/375/372
f 390/377/374 389/376/373 378/365/362
f 390/377/374 378/365/362 379/366/363
f 379/366/363 391/378/375 390/377/374
f 392/379/376 391/378/375 379/366/363
f 392/379/376 379/366/363 380/367/364
f 380/367/364 393/380/377 392/379/376
f 394/381/378 393/380/377 380/367/364
f 394/381/378 380/367/364 381/368/365
f 381/368/365 395/382/379 394/381/378
f 396/383/380 395/382/379 381/368/365
f 396/383/380 381/368/365 382/369/366
f 382/369/366 397/384/381 396/383/380
f 398/385/382 397/384/381 382/369/366
f 398/385/382 382/369/366 383/370/367
f 383/370/367 399/386/383 398/385/382
f 400/387/384 399/386/383 383/370/367
f 400/387/384 383/370/367 384/371/368
f 384/371/368 401/388/385 400/387/384
f 402/389/386 401/388/385 384/371/368
f 402/389/386 384/371/368 385/372/369
f 385/372/369 403/390/387 402/389/386
f 404/391/388 403/390/387 385/372/369
f 404/391/388 385/372/369 386/373/370
f 386/373/370 405/392/389 404/391/388
f 406/393/390 405/392/389 386/373/370
f 406/393/390 386/373/370 387/374/371
f 387/374/371 407/394/391 406/393/390
f 408/395/392 407/394/391 387/374/371
f 408/395/392 387/374/371 377/364/361
f 377/364/361 409/396/393 408/395/392
f 410/397/394 409/396/393 377/364/361
f 377/364/361 376/363/360 410/397/394
f 411/398/395 412/399/396 413/400/397
f 413/400/397 414/401/398 411/398/395
f 415/402/47 416/403/399 417/404/400
f 417/404/400 418/405/48 415/402/47
f 416/403/399 419/406/401 420/407/402
f 420/407/402 417/404/400 416/403/399
f 419/406/401 421/408/403 422/409/404
f 422/409/404 420/407/402 419/406/401
f 421/408/403 423/410/405 424/411/406
f 424/411/406 422/409/404 421/408/403
f 423/410/405 425/412/407 426/413/408
f 426/413/408 424/411/406 423/410/405
f 425/412/407 427/414/409 428/415/410
f 428/415/410 426/413/408 425/412/407
f 427/414/409 429/416/411 430/417/412
f 430/417/412 428/415/410 427/414/409
f 429/416/411 431/418/413 432/419/414
f 432/419/414 430/417/412 429/416/411
f 431/418/413 433/420/415 434/421/416
f 434/421/416 432/419/414 431/418/413
f 433/420/415 435/422/417 436/423/418
f 436/423/418 434/421/416 433/420/415
f 435/422/417 437/424/419 438/425/420
f 438/425/420 436/423/418 435/422/417
f 437/424/419 439/426/421 440/427/422
f 440/427/422 438/425/420 437/424/419
f 441/428/421 442/429/423 443/430/424
f 443/430/424 444/431/425 441/428/421
f 442/429/423 445/432/426 446/433/427
f 446/433/427 443/430/424 442/429/423
f 445/432/426 447/434/428 448/435/429
f 448/435/429 446/433/427 445/432/426
f 447/434/428 449/436/430 450/437/431
f 450/437/431 448/435/429 447/434/428
f 449/436/430 451/438/432 452/439/433
f 452/439/433 450/437/431 449/436/430
f 451/438/432 453/440/434 454/441/435
f 454/441/435 452/439/433 451/438/432
f 453/440/434 455/442/436 456/443/437
f 456/443/437 454/441/435 453/440/434
f 455/442/436 457/444/438 458/445/439
f 458/445/439 456/443/437 455/442/436
f 457/444/438 459/446/440 460/447/441
f 460/447/441 458/445/439 457/444/438
f 459/446/440 411/398/395 414/401/398
f 414/401/398 460/447/441 459/446/440
f 461/448/442 462/449/443 463/450/444
f 463/450/444 464/451/445 461/448/442
f 465/452/446 466/453/447 467/454/448
f 467/454/448 468/455/449 465/452/446
f 466/453/447 469/456/450 470/457/451
f 470/457/451 467/454/448 466/453/447
f 469/456/450 471/458/452 472/459/453
f 472/459/453 470/457/451 469/456/450
f 471/458/452 473/460/454 474/461/455
f 474/461/455 472/459/453 471/458/452
f 473/460/454 475/462/456 476/463/457
f 476/463/457 474/461/455 473/460/454
f 475/462/456 477/464/458 478/465/459
f 478/465/459 476/463/457 475/462/456
f 477/464/458 479/466/460 480/467/461
f 480/467/461 478/465/459 477/464/458
f 479/466/460 481/468/462 482/469/463
f 482/469/463 480/467/461 479/466/460
f 481/468/462 483/470/464 484/471/465
f 484/471/465 482/469/463 481/468/462
f 483/470/464 485/472/466 486/473/467
f 486/473/467 484/471/465 483/470/464
f 487/474/466 488/475/468 489/476/469
f 489/476/469 490/477/470 487/474/466
f 488/475/468 491/478/471 492/479/472
f 492/479/472 489/476/469 488/475/468
f 491/478/471 493/480/473 494/481/474
f 494/481/474 492/479/472 491/478/471
f 493/480/473 495/482/475 496/483/476
f 496/483/476 494/481/474 493/480/473
f 495/482/475 497/484/477 498/485/478
f 498/485/478 496/483/476 495/482/475
f 497/484/477 499/486/479 500/487/480
f 500/487/480 498/485/478 497/484/477
f 499/486/479 501/488/481 502/489/482
f 502/489/482 500/487/480 499/486/479
f 501/488/481 503/490/483 504/491/484
f 504/491/484 502/489/482 501/488/481
f 503/490/483 505/492/485 506/493/486
f 506/493/486 504/491/484 503/490/483
f 505/492/485 461/448/442 464/451/445
f 464/451/445 506/493/486 505/492/485
f 507/494/487 508/495/488 462/449/443
f 462/449/443 461/448/442 507/494/487
f 509/496/489 507/494/487 461/448/442
f 461/448/442 505/492/485 509/496/489
f 510/497/490 509/496/489 505/492/485
f 505/492/485 503/490/483 510/497/490
f 511/498/491 510/497/490 503/490/483
f 503/490/483 501/488/481 511/498/491
f 512/499/492 511/498/491 501/488/481
f 501/488/481 499/486/479 512/499/492
f 513/500/493 512/499/492 499/486/479
f 499/486/479 497/484/477 513/500/493
f 514/501/494 513/500/493 497/484/477
f 497/484/477 495/482/475 514/501/494
f 515/502/495 514/501/494 495/482/475
f 495/482/475 493/480/473 515/502/495
f 516/503/496 515/502/495 493/480/473
f 493/480/473 491/478/471 516/503/496
f 517/504/497 516/503/496 491/478/471
f 491/478/471 488/475/468 517/504/497
f 518/505/498 517/504/497 488/475/468
f 488/475/468 487/474/466 518/505/498
f 519/506/499 520/507/500 485/472/466
f 485/472/466 483/470/464 519/506/499
f 521/508/501 519/506/499 483/470/464
f 483/470/464 481/468/462 521/508/501
f 522/509/502 521/508/501 481/468/462
f 481/468/462 479/466/460 522/509/502
f 523/510/503 522/509/502 479/466/460
f 479/466/460 477/464/458 523/510/503
f 524/511/504 523/510/503 477/464/458
f 477/464/458 475/462/456 524/511/504
f 525/512/505 524/511/504 475/462/456
f 475/462/456 473/460/454 525/512/505
f 526/513/506 525/512/505 473/460/454
f 473/460/454 471/458/452 526/513/506
f 527/514/507 526/513/506 471/458/452
f 471/458/452 469/456/450 527/514/507
f 528/515/508 527/514/507 469/456/450
f 469/456/450 466/453/447 528/515/508
f 529/516/509 528/515/508 466/453/447
f 466/453/447 465/452/446 529/516/509
f 530/517/510 529/516/509 465/452/446
f 465/452/446 531/518/511 530/517/510
f 532/519/164 530/517/510 531/518/511
f 531/518/511 533/520/512 532/519/164
f 534/521/513 535/522/514 536/523/515
f 536/523/515 537/524/516 534/521/513
f 538/525/517 534/521/513 537/524/516
f 537/524/516 539/526/518 538/525/517
f 540/527/519 538/525/517 539/526/518
f 539/526/518 541/528/520 540/527/519
f 542/529/521 540/527/519 541/528/520
f 541/528/520 543/530/522 542/529/521
f 544/531/523 542/529/521 543/530/522
f 543/530/522 545/532/524 544/531/523
f 546/533/525 544/531/523 545/532/524
f 545/532/524 547/534/526 546/533/525
f 548/535/527 546/533/525 547/534/526
f 547/534/526 549/536/528 548/535/527
f 550/537/529 548/535/527 549/536/528
f 549/536/528 551/538/530 550/537/529
f 552/539/531 550/537/529 551/538/530
f 551/538/530 553/540/532 552/539/531
f 554/541/533 552/539/531 553/540/532
f 553/540/532 555/542/534 554/541/533
f 556/543/535 554/541/533 555/542/534
f 555/542/534 557/544/536 556/543/535
f 558/545/537 559/546/538 560/547/536
f 560/547/536 561/548/539 558/545/537
f 562/549/540 558/545/537 561/548/539
f 561/548/539 563/550/541 562/549/540
f 564/551/542 562/549/540 563/550/541
f 563/550/541 565/552/543 564/551/542
f 566/553/544 564/551/542 565/552/543
f 565/552/543 567/554/545 566/553/544
f 568/555/546 566/553/544 567/554/545
f 567/554/545 569/556/547 568/555/546
f 570/557/548 568/555/546 569/556/547
f 569/556/547 571/558/549 570/557/548
f 572/559/550 570/557/548 571/558/549
f 571/558/549 573/560/551 572/559/550
f 574/561/552 572/559/550 573/560/551
f 573/560/551 575/562/553 574/561/552
f 576/563/554 574/561/552 575/562/553
f 575/562/553 577/564/555 576/563/554
f 578/565/556 576/563/554 577/564/555
f 577/564/555 579/566/557 578/565/556
f 580/567/558 578/565/556 579/566/557
f 579/566/557 581/568/559 580/567/558
f 582/569/215 580/567/558 581/568/559
f 581/568/559 583/570/216 582/569/215
f 584/571/560 585/572/561 535/522/514
f 535/522/514 534/521/513 584/571/560
f 586/573/562 584/571/560 534/521/513
f 534/521/513 538/525/517 586/573/562
f 587/574/563 586/573/562 538/525/517
f 538/525/517 540/527/519 587/574/563
f 588/575/564 587/574/563 540/527/519
f 540/527/519 542/529/521 588/575/564
f 589/576/565 588/575/564 542/529/521
f 542/529/521 544/531/523 589/576/565
f 590/577/566 589/576/565 544/531/523
f 544/531/523 546/533/525 590/577/566
f 591/578/567 590/577/566 546/533/525
f 546/533/525 548/535/527 591/578/567
f 592/579/568 591/578/567 548/535/527
f 548/535/527 550/537/529 592/579/568
f 593/580/569 592/579/568 550/537/529
f 550/537/529 552/539/531 593/580/569
f 594/581/570 593/580/569 552/539/531
f 552/539/531 554/541/533 594/581/570
f 595/582/571 594/581/570 554/541/533
f 554/541/533 556/543/535 595/582/571
f 596/583/572 597/584/571 559/546/538
f 559/546/538 558/545/537 596/583/572
f 598/585/573 596/583/572 558/545/537
f 558/545/537 562/549/540 598/585/573
f 599/586/574 598/585/573 562/549/540
f 562/549/540 564/551/542 599/586/574
f 600/587/575 599/586/574 564/551/542
f 564/551/542 566/553/544 600/587/575
f 601/588/576 600/587/575 566/553/544
f 566/553/544 568/555/546 601/588/576
f 602/589/577 601/588/576 568/555/546
f 568/555/546 570/557/548 602/589/577
f 603/590/578 602/589/577 570/557/548
f 570/557/548 572/559/550 603/590/578
f 604/591/579 603/590/578 572/559/550
f 572/559/550 574/561/552 604/591/579
f 605/592/580 604/591/579 574/561/552
f 574/561/552 576/563/554 605/592/580
f 606/593/581 605/592/580 576/563/554
f 576/563/554 578/565/556 606/593/581
f 607/594/582 606/593/581 578/565/556
f 578/565/556 580/567/558 607/594/582
f 608/595/241 607/594/582 580/567/558
f 580/567/558 582/569/215 608/595/241
f 537/524/516 536/523/515 412/399/396
f 412/399/396 411/398/395 537/524/516
f 539/526/518 537/524/516 411/398/395
f 411/398/395 459/446/440 539/526/518
f 541/528/520 539/526/518 459/446/440
f 459/446/440 457/444/438 541/528/520
f 543/530/522 541/528/520 457/444/438
f 457/444/438 455/442/436 543/530/522
f 545/532/524 543/530/522 455/442/436
f 455/442/436 453/440/434 545/532/524
f 547/534/526 545/532/524 453/440/434
f 453/440/434 451/438/432 547/534/526
f 549/536/528 547/534/526 451/438/432
f 451/438/432 449/436/430 549/536/528
f 551/538/530 549/536/528 449/436/430
f 449/436/430 447/434/428 551/538/530
f 553/540/532 551/538/530 447/434/428
f 447/434/428 445/432/426 553/540/532
f 555/542/534 553/540/532 445/432/426
f 445/432/426 442/429/423 555/542/534
f 557/544/536 555/542/534 442/429/423
f 442/429/423 441/428/421 557/544/536
f 561/548/539 560/547/536 439/426/421
f 439/426/421 437/424/419 561/548/539
f 563/550/541 561/548/539 437/424/419
f 437/424/419 435/422/417 563/550/541
f 565/552/543 563/550/541 435/422/417
f 435/422/417 433/420/415 565/552/543
f 567/554/545 565/552/543 433/420/415
f 433/420/415 431/418/413 567/554/545
f 569/556/547 567/554/545 431/418/413
f 431/418/413 429/416/411 569/556/547
f 571/558/549 569/556/547 429/416/411
f 429/416/411 427/414/409 571/558/549
f 573/560/551 571/558/549 427/414/409
f 427/414/409 425/412/407 573/560/551
f 575/562/553 573/560/551 425/412/407
f 425/412/407 423/410/405 575/562/553
f 577/564/555 575/562/553 423/410/405
f 423/410/405 421/408/403 577/564/555
f 579/566/557 577/564/555 421/408/403
f 421/408/403 419/406/401 579/566/557
f 581/568/559 579/566/557 419/406/401
f 419/406/401 416/403/399 581/568/559
f 583/570/216 581/568/559 416/403/399
f 416/403/399 415/402/47 583/570/216
f 609/596/583 610/597/584 585/572/561
f 585/572/561 584/571/560 609/596/583
f 611/598/585 609/596/583 584/571/560
f 584/571/560 586/573/562 611/598/585
f 612/599/586 611/598/585 586/573/562
f 586/573/562 587/574/563 612/599/586
f 613/600/587 612/599/586 587/574/563
f 587/574/563 588/575/564 613/600/587
f 614/601/588 613/600/587 588/575/564
f 588/575/564 589/576/565 614/601/588
f 615/602/589 614/601/588 589/576/565
f 589/576/565 590/577/566 615/602/589
f 616/603/590 615/602/589 590/577/566
f 590/577/566 591/578/567 616/603/590
f 617/604/591 616/603/590 591/578/567
f 591/578/567 592/579/568 617/604/591
f 618/605/592 617/604/591 592/579/568
f 592/579/568 593/580/569 618/605/592
f 619/606/593 618/605/592 593/580/569
f 593/580/569 594/581/570 619/606/593
f 620/607/594 619/606/593 594/581/570
f 594/581/570 595/582/571 620/607/594
f 621/608/595 622/609/596 597/584/571
f 597/584/571 596/583/572 621/608/595
f 623/610/597 621/608/595 596/583/572
f 596/583/572 598/585/573 623/610/597
f 624/611/598 623/610/597 598/585/573
f 598/585/573 599/586/574 624/611/598
f 625/612/599 624/611/598 599/586/574
f 599/586/574 600/587/575 625/612/599
f 626/613/600 625/612/599 600/587/575
f 600/587/575 601/588/576 626/613/600
f 627/614/601 628/615/602 601/588/576
f 601/588/576 602/589/577 627/614/601
f 629/616/603 627/614/601 602/589/577
f 602/589/577 603/590/578 629/616/603
f 630/617/604 629/616/603 603/590/578
f 603/590/578 604/591/579 630/617/604
f 631/618/605 630/617/604 604/591/579
f 604/591/579 605/592/580 631/618/605
f 632/619/606 631/618/605 605/592/580
f 605/592/580 606/593/581 632/619/606
f 633/620/607 632/619/606 606/593/581
f 606/593/581 607/594/582 633/620/607
f 634/621/268 633/620/607 607/594/582
f 607/594/582 608/595/241 634/621/268
f 635/622/608 636/623/609 637/624/610
f 637/624/610 638/625/611 635/622/608
f 639/626/612 640/627/613 641/628/614
f 641/628/614 642/629/615 639/626/612
f 640/627/613 643/630/616 644/631/617
f 644/631/617 641/628/614 640/627/613
f 643/630/616 645/632/618 646/633/619
f 646/633/619 644/631/617 643/630/616
f 645/632/618 647/634/620 648/635/621
f 648/635/621 646/633/619 645/632/618
f 647/634/620 649/636/622 650/637/623
f 650/637/623 648/635/621 647/634/620
f 649/636/622 651/638/624 652/639/625
f 652/639/625 650/637/623 649/636/622
f 651/638/624 653/640/626 654/641/627
f 654/641/627 652/639/625 651/638/624
f 653/640/626 655/642/628 656/643/629
f 656/643/629 654/641/627 653/640/626
f 655/642/628 657/644/630 658/645/631
f 658/645/631 656/643/629 655/642/628
f 657/644/630 635/622/608 638/625/611
f 638/625/611 658/645/631 657/644/630
f 659/451/632 660/450/633 661/646/634
f 661/646/634 662/647/635 659/451/632
f 663/493/636 659/451/632 662/647/635
f 662/647/635 664/648/637 663/493/636
f 665/491/638 663/493/636 664/648/637
f 664/648/637 666/649/639 665/491/638
f 667/489/640 665/491/638 666/649/639
f 666/649/639 668/650/641 667/489/640
f 669/487/642 667/489/640 668/650/641
f 668/650/641 670/651/643 669/487/642
f 671/485/644 669/487/642 670/651/643
f 670/651/643 672/652/645 671/485/644
f 673/483/646 671/485/644 672/652/645
f 672/652/645 674/653/647 673/483/646
f 675/481/648 673/483/646 674/653/647
f 674/653/647 676/654/649 675/481/648
f 677/479/650 675/481/648 676/654/649
f 676/654/649 678/655/651 677/479/650
f 679/476/652 677/479/650 678/655/651
f 678/655/651 680/656/653 679/476/652
f 681/477/654 679/476/652 680/656/653
f 680/656/653 682/657/655 681/477/654
f 683/658/656 684/659/657 636/623/609
f 636/623/609 635/622/608 683/658/656
f 685/660/658 683/658/656 635/622/608
f 635/622/608 657/644/630 685/660/658
f 686/661/659 685/660/658 657/644/630
f 657/644/630 655/642/628 686/661/659
f 687/662/660 686/661/659 655/642/628
f 655/642/628 653/640/626 687/662/660
f 688/663/661 687/662/660 653/640/626
f 653/640/626 651/638/624 688/663/661
f 689/664/662 688/663/661 651/638/624
f 651/638/624 649/636/622 689/664/662
f 690/665/663 689/664/662 649/636/622
f 649/636/622 647/634/620 690/665/663
f 691/666/664 690/665/663 647/634/620
f 647/634/620 645/632/618 691/666/664
f 692/667/665 691/666/664 645/632/618
f 645/632/618 643/630/616 692/667/665
f 693/668/666 692/667/665 643/630/616
f 643/630/616 640/627/613 693/668/666
f 693/668/666 640/627/613 639/626/612
f 694/669/635 695/670/634 684/659/657
f 684/659/657 683/658/656 694/669/635
f 696/671/637 694/669/635 683/658/656
f 683/658/656 685/660/658 696/671/637
f 697/672/639 696/671/637 685/660/658
f 685/660/658 686/661/659 697/672/639
f 698/673/641 697/672/639 686/661/659
f 686/661/659 687/662/660 698/673/641
f 699/674/643 698/673/641 687/662/660
f 687/662/660 688/663/661 699/674/643
f 700/675/645 699/674/643 688/663/661
f 688/663/661 689/664/662 700/675/645
f 701/676/667 700/675/645 689/664/662
f 689/664/662 690/665/663 701/676/667
f 702/677/649 701/676/667 690/665/663
f 690/665/663 691/666/664 702/677/649
f 703/678/668 702/677/649 691/666/664
f 691/666/664 692/667/665 703/678/668
f 704/679/653 703/678/668 692/667/665
f 692/667/665 693/668/666 704/679/653
f 704/679/653 693/668/666 639/626/612
f 705/680/669 706/681/670 707/682/671
f 707/682/671 708/683/672 705/680/669
f 709/684/673 710/685/674 711/686/675
f 711/686/675 712/687/676 709/684/673
f 710/685/674 713/688/677 714/689/678
f 714/689/678 711/686/675 710/685/674
f 713/688/677 715/690/679 716/691/680
f 716/691/680 714/689/678 713/688/677
f 715/690/679 717/692/681 718/693/682
f 718/693/682 716/691/680 715/690/679
f 717/692/681 719/694/683 720/695/684
f 720/695/684 718/693/682 717/692/681
f 719/694/683 721/696/685 722/697/686
f 722/697/686 720/695/684 719/694/683
f 721/696/685 723/698/687 724/699/688
f 724/699/688 722/697/686 721/696/685
f 723/698/687 725/700/689 726/701/690
f 726/701/690 724/699/688 723/698/687
f 725/700/689 727/702/691 728/703/692
f 728/703/692 726/701/690 725/700/689
f 727/702/691 705/680/669 708/683/672
f 708/683/672 728/703/692 727/702/691
f 40/40/40 410/397/394 376/363/360
f 376/363/360 4/4/4 40/40/40
f 610/597/584 247/247/242 221/221/217
f 221/221/217 585/572/561 610/597/584
f 585/572/561 221/221/217 170/170/167
f 170/170/167 535/522/514 585/572/561
f 535/522/514 170/170/167 169/169/166
f 169/169/166 536/523/515 535/522/514
f 536/523/515 169/169/166 42/42/42
f 42/42/42 412/399/396 536/523/515
f 412/399/396 42/42/42 41/41/41
f 41/41/41 413/400/397 412/399/396
f 508/495/488 141/141/138 94/94/92
f 94/94/92 462/449/443 508/495/488
f 462/449/443 94/94/92 93/93/92
f 93/93/92 463/450/444 462/449/443
f 660/450/633 301/93/296 300/300/295
f 300/300/295 661/646/634 660/450/633
f 695/670/634 338/325/295 326/313/321
f 326/313/321 684/659/657 695/670/634
f 684/659/657 326/313/321 275/275/270
f 275/275/270 636/623/609 684/659/657
f 636/623/609 275/275/270 274/274/269
f 274/274/269 637/624/610 636/623/609
f 706/681/670 351/338/335 350/337/335
f 350/337/335 707/682/671 706/681/670
f 2/2/2 38/38/38 39/39/39
f 39/39/39 3/3/3 2/2/2
f 223/223/219 222/222/218 248/248/243
f 248/248/243 249/249/244 223/223/219
f 174/174/171 171/171/168 222/222/218
f 222/222/218 223/223/219 174/174/171
f 173/173/170 172/172/169 171/171/168
f 171/171/168 174/174/171 173/173/170
f 92/92/91 43/43/43 172/172/169
f 172/172/169 173/173/170 92/92/91
f 91/91/90 44/44/44 43/43/43
f 43/43/43 92/92/91 91/91/90
f 140/140/137 95/95/93 142/142/139
f 142/142/139 143/143/140 140/140/137
f 139/139/136 96/96/94 95/95/93
f 95/95/93 140/140/137 139/139/136
f 304/302/299 303/301/298 302/96/297
f 302/96/297 305/139/300 304/302/299
f 328/315/323 327/314/322 339/326/298
f 339/326/298 340/327/299 328/315/323
f 299/299/294 276/276/271 327/314/322
f 327/314/322 328/315/323 299/299/294
f 298/298/293 277/277/272 276/276/271
f 276/276/271 299/299/294 298/298/293
f 374/361/358 353/340/337 352/339/336
f 352/339/336 375/362/359 374/361/358
f 729/100/693 99/99/97 166/166/163
f 166/166/163 730/704/693 729/100/693
f 730/704/693 166/166/163 168/168/165
f 168/168/165 731/705/694 730/704/693
f 732/706/695 533/520/512 531/518/511
f 531/518/511 733/707/696 732/706/695
f 733/707/696 531/518/511 465/452/446
f 465/452/446 734/455/696 733/707/696
f 735/343/697 736/708/697 737/709/698
f 737/709/698 738/344/697 735/343/697
f 739/687/699 740/710/700 741/711/701
f 741/711/701 742/684/702 739/687/699
f 743/712/703 744/713/704 745/714/705
f 745/714/705 746/715/705 743/712/703
f 747/716/706 748/717/707 744/713/704
f 744/713/704 743/712/703 747/716/706
f 749/718/708 750/719/709 748/717/707
f 748/717/707 747/716/706 749/718/708
f 751/720/710 752/721/711 750/719/709
f 750/719/709 749/718/708 751/720/710
f 753/722/712 754/723/712 752/721/711
f 752/721/711 751/720/710 753/722/712
f 755/724/713 756/725/714 754/723/712
f 754/723/712 753/722/712 755/724/713
f 757/726/715 758/727/716 756/725/714
f 756/725/714 755/724/713 757/726/715
f 759/728/717 760/729/718 758/727/716
f 758/727/716 757/726/715 759/728/717
f 761/730/719 762/731/720 760/729/718
f 760/729/718 759/728/717 761/730/719
f 763/732/721 764/733/722 762/731/720
f 762/731/720 761/730/719 763/732/721
f 765/734/723 766/735/724 767/736/725
f 767/736/725 768/737/726 765/734/723
f 768/737/726 767/736/725 769/738/727
f 769/738/727 770/739/728 768/737/726
f 770/739/728 769/738/727 771/740/729
f 771/740/729 772/741/729 770/739/728
f 772/741/729 771/740/729 773/742/730
f 773/742/730 774/743/731 772/741/729
f 774/743/731 773/742/730 775/744/732
f 775/744/732 776/745/732 774/743/731
f 776/745/732 775/744/732 777/746/733
f 777/746/733 778/747/734 776/745/732
f 778/747/734 777/746/733 779/748/735
f 779/748/735 780/749/735 778/747/734
f 780/749/735 779/748/735 781/750/736
f 781/750/736 782/751/736 780/749/735
f 782/751/736 781/750/736 783/752/737
f 783/752/737 784/753/737 782/751/736
f 784/753/737 783/752/737 785/754/738
f 785/754/738 786/755/738 784/753/737
f 746/715/705 745/714/705 787/756/739
f 787/756/739 788/757/739 746/715/705
f 788/757/739 787/756/739 789/758/740
f 789/758/740 790/759/741 788/757/739
f 790/759/741 789/758/740 791/760/742
f 791/760/742 792/761/742 790/759/741
f 792/761/742 791/760/742 766/735/724
f 766/735/724 765/734/723 792/761/742
f 793/762/743 794/763/743 795/733/743
f 795/733/743 796/732/744 793/762/743
f 797/755/745 798/754/745 799/764/745
f 799/764/745 800/765/746 797/755/745
f 801/766/747 802/767/675 803/768/748
f 803/768/748 804/769/749 801/766/747
f 805/765/750 806/764/751 802/767/675
f 802/767/675 801/766/747 805/765/750
f 807/770/752 808/771/753 809/772/754
f 809/772/754 810/773/755 807/770/752
f 804/769/749 803/768/748 808/771/753
f 808/771/753 807/770/752 804/769/749
f 811/774/756 812/775/757 813/776/686
f 813/776/686 814/777/758 811/774/756
f 814/777/758 813/776/686 815/778/759
f 815/778/759 816/779/760 814/777/758
f 817/780/761 818/781/762 819/782/763
f 819/782/763 820/783/764 817/780/761
f 820/783/764 819/782/763 821/784/765
f 821/784/765 822/785/765 820/783/764
f 823/786/766 824/787/767 825/788/768
f 825/788/768 826/789/769 823/786/766
f 826/789/769 825/788/768 827/790/770
f 827/790/770 828/791/770 826/789/769
f 829/792/771 830/793/772 831/794/350
f 831/794/350 832/795/773 829/792/771
f 832/795/773 831/794/350 833/796/774
f 833/796/774 834/797/775 832/795/773
f 835/798/776 836/799/777 837/800/778
f 837/800/778 838/801/779 835/798/776
f 838/801/779 837/800/778 839/802/780
f 839/802/780 840/803/781 838/801/779
f 840/803/781 839/802/780 841/763/341
f 841/763/341 842/762/782 840/803/781
f 843/804/783 844/805/784 836/799/777
f 836/799/777 835/798/776 843/804/783
f 834/797/775 833/796/774 844/805/784
f 844/805/784 843/804/783 834/797/775
f 845/806/785 846/807/786 830/793/772
f 830/793/772 829/792/771 845/806/785
f 828/791/770 827/790/770 846/807/786
f 846/807/786 845/806/785 828/791/770
f 847/808/787 848/809/788 824/787/767
f 824/787/767 823/786/766 847/808/787
f 822/785/765 821/784/765 848/809/788
f 848/809/788 847/808/787 822/785/765
f 849/810/789 850/811/790 818/781/762
f 818/781/762 817/780/761 849/810/789
f 816/779/760 815/778/759 850/811/790
f 850/811/790 849/810/789 816/779/760
f 810/773/755 809/772/754 812/775/757
f 812/775/757 811/774/756 810/773/755
f 851/812/791 852/813/792 853/814/793
f 853/814/793 854/815/794 851/812/791
f 855/816/795 851/812/791 854/815/794
f 854/815/794 856/817/795 855/816/795
f 857/818/796 858/819/797 859/820/798
f 859/820/798 860/821/796 857/818/796
f 861/822/799 857/818/796 860/821/796
f 860/821/796 862/823/799 861/822/799
f 863/824/800 855/816/795 856/817/795
f 856/817/795 864/825/801 863/824/800
f 865/826/802 863/824/800 864/825/801
f 864/825/801 866/827/802 865/826/802
f 867/828/803 861/822/799 862/823/799
f 862/823/799 868/829/803 867/828/803
f 869/830/804 867/828/803 868/829/803
f 868/829/803 870/831/804 869/830/804
f 871/832/805 865/826/802 866/827/802
f 866/827/802 872/833/805 871/832/805
f 873/834/806 874/835/807 875/836/807
f 875/836/807 876/837/806 873/834/806
f 877/838/808 869/830/804 870/831/804
f 870/831/804 878/839/808 877/838/808
f 879/840/809 877/838/808 878/839/808
f 878/839/808 880/841/809 879/840/809
f 881/842/810 873/834/806 876/837/806
f 876/837/806 882/843/811 881/842/810
f 883/844/812 881/842/810 882/843/811
f 882/843/811 884/845/812 883/844/812
f 885/846/813 879/840/809 880/841/809
f 880/841/809 886/847/814 885/846/813
f 887/848/815 888/849/813 889/850/814
f 889/850/814 890/851/815 887/848/815
f 891/852/816 892/853/817 893/813/817
f 893/813/817 894/812/818 891/852/816
f 895/854/819 896/855/820 897/816/821
f 897/816/821 898/824/822 895/854/819
f 899/856/823 900/857/824 901/858/824
f 901/858/824 902/835/825 899/856/823
f 903/850/826 904/859/827 905/834/827
f 905/834/827 906/842/828 903/850/826
f 907/860/829 908/861/830 909/819/831
f 907/860/829 909/819/831 910/818/831
f 907/860/829 910/818/831 911/862/831
f 911/862/831 912/863/831 907/860/829
f 913/864/832 914/865/833 915/866/833
f 913/864/832 915/866/833 916/867/833
f 913/864/832 916/867/833 917/868/834
f 917/868/834 918/869/835 913/864/832
f 912/863/831 911/862/831 919/822/831
f 912/863/831 919/822/831 920/828/831
f 912/863/831 920/828/831 921/870/836
f 921/870/836 922/871/837 912/863/831
f 923/872/838 924/873/839 925/874/833
f 923/872/838 925/874/833 926/875/833
f 923/872/838 926/875/833 914/865/833
f 914/865/833 913/864/832 923/872/838
f 922/871/837 921/870/836 927/830/831
f 922/871/837 927/830/831 928/838/831
f 928/838/831 929/876/840 922/871/837
f 923/872/838 930/877/833 931/878/833
f 923/872/838 931/878/833 932/879/833
f 932/879/833 924/873/839 923/872/838
f 933/880/841 929/876/840 934/840/842
f 934/840/842 935/846/843 933/880/841
f 930/877/833 936/881/844 937/882/845
f 937/882/845 938/883/833 930/877/833
f 891/852/816 894/812/818 897/816/821
f 897/816/821 896/855/820 891/852/816
f 895/854/819 898/824/822 939/826/824
f 939/826/824 940/884/824 895/854/819
f 899/856/823 902/835/825 905/834/827
f 905/834/827 904/859/827 899/856/823
f 903/850/826 906/842/828 941/844/846
f 941/844/846 942/851/846 903/850/826
f 914/865/833 926/875/833 915/866/833
f 911/862/831 910/818/831 919/822/831
f 924/873/839 932/879/833 925/874/833
f 921/870/836 920/828/831 927/830/831
f 930/877/833 938/883/833 931/878/833
f 929/876/840 928/838/831 934/840/842
f 936/881/844 943/885/847 937/882/845
f 933/880/841 935/846/843 944/886/848
f 945/887/849 946/888/850 947/889/851
f 947/889/851 948/890/849 945/887/849
f 949/891/852 950/892/853 951/893/854
f 951/893/854 952/894/852 949/891/852
f 953/895/791 954/896/792 955/897/793
f 955/897/793 956/898/794 953/895/791
f 957/899/795 953/895/791 956/898/794
f 956/898/794 958/900/795 957/899/795
f 959/901/796 960/902/798 961/903/798
f 961/903/798 962/904/796 959/901/796
f 963/905/799 959/901/796 962/904/796
f 962/904/796 964/906/799 963/905/799
f 965/907/801 957/899/795 958/900/795
f 958/900/795 966/908/801 965/907/801
f 967/909/802 965/907/801 966/908/801
f 966/908/801 968/910/802 967/909/802
f 969/911/803 963/905/799 964/906/799
f 964/906/799 970/912/803 969/911/803
f 971/913/804 969/911/803 970/912/803
f 970/912/803 972/914/804 971/913/804
f 973/915/805 967/909/802 968/910/802
f 968/910/802 974/916/805 973/915/805
f 975/917/806 976/918/807 977/919/807
f 977/919/807 978/920/806 975/917/806
f 979/921/808 971/913/804 972/914/804
f 972/914/804 980/922/808 979/921/808
f 981/923/809 979/921/808 980/922/808
f 980/922/808 982/924/809 981/923/809
f 983/925/855 975/917/806 978/920/806
f 978/920/806 984/926/856 983/925/855
f 985/927/857 983/925/855 984/926/856
f 984/926/856 986/928/857 985/927/857
f 987/929/858 981/923/809 982/924/809
f 982/924/809 988/930/859 987/929/858
f 989/931/860 990/932/858 991/933/861
f 991/933/861 992/934/860 989/931/860
f 993/935/818 994/936/817 995/896/817
f 995/896/817 996/895/818 993/935/818
f 997/937/819 998/938/820 999/899/821
f 999/899/821 1000/907/822 997/937/819
f 1001/939/823 1002/940/824 1003/941/824
f 1003/941/824 1004/918/825 1001/939/823
f 1005/933/826 1006/942/827 1007/917/862
f 1007/917/862 1008/925/828 1005/933/826
f 1009/943/831 1010/944/831 1011/902/831
f 1009/943/831 1011/902/831 1012/901/831
f 1009/943/831 1012/901/831 1013/945/831
f 1013/945/831 1014/946/863 1009/943/831
f 1015/947/833 1016/948/833 1017/949/833
f 1015/947/833 1017/949/833 1018/950/833
f 1015/947/833 1018/950/833 1019/951/835
f 1019/951/835 1020/952/835 1015/947/833
f 1014/946/863 1013/945/831 1021/905/831
f 1014/946/863 1021/905/831 1022/911/831
f 1014/946/863 1022/911/831 1023/953/864
f 1023/953/864 1024/954/831 1014/946/863
f 1025/955/865 1026/956/832 1027/957/833
f 1025/955/865 1027/957/833 1028/958/833
f 1025/955/865 1028/958/833 1016/948/833
f 1016/948/833 1015/947/833 1025/955/865
f 1024/954/831 1023/953/864 1029/913/831
f 1024/954/831 1029/913/831 1030/921/831
f 1030/921/831 1031/959/831 1024/954/831
f 1025/955/865 1032/960/866 1033/961/833
f 1025/955/865 1033/961/833 1034/962/833
f 1034/962/833 1026/956/832 1025/955/865
f 1035/963/831 1031/959/831 1036/923/831
f 1036/923/831 1037/929/831 1035/963/831
f 1032/960/866 1038/964/867 1039/965/868
f 1039/965/868 1040/966/869 1032/960/866
f 993/935/818 996/895/818 999/899/821
f 999/899/821 998/938/820 993/935/818
f 997/937/819 1000/907/822 1041/909/824
f 1041/909/824 1042/967/824 997/937/819
f 1001/939/823 1004/918/825 1007/917/862
f 1007/917/862 1006/942/827 1001/939/823
f 1005/933/826 1008/925/828 1043/927/846
f 1043/927/846 1044/934/846 1005/933/826
f 1016/948/833 1028/958/833 1017/949/833
f 1013/945/831 1012/901/831 1021/905/831
f 1026/956/832 1034/962/833 1027/957/833
f 1023/953/864 1022/911/831 1029/913/831
f 1032/960/866 1040/966/869 1033/961/833
f 1031/959/831 1030/921/831 1036/923/831
f 1038/964/867 1045/968/870 1039/965/868
f 1035/963/831 1037/929/831 1046/969/831
f 1047/970/871 1048/971/871 1049/972/871
f 1049/972/871 1050/973/871 1047/970/871
f 1051/963/872 1052/969/872 1053/974/872
f 1049/972/871 1054/888/871 1055/887/871
f 1055/887/871 1050/973/871 1049/972/871
f 1056/975/873 1057/976/873 1058/977/873
f 1058/977/873 1059/978/873 1056/975/873
f 1060/979/874 1061/980/874 1062/976/874
f 1062/976/874 1063/975/874 1060/979/874
f 1064/981/875 1065/982/875 1066/983/875
f 1066/983/875 1067/984/875 1064/981/875
f 1068/885/876 1069/881/876 1070/985/876
f 1071/986/877 1072/987/878 1073/988/879
f 1073/988/879 1074/989/880 1071/986/877
f 1075/990/881 1076/991/882 1077/992/883
f 1078/993/884 1079/977/885 1072/987/878
f 1072/987/878 1071/986/877 1078/993/884
f 1075/990/881 1080/994/886 1076/991/882
f 1074/989/880 1073/988/879 1081/995/887
f 1081/995/887 1082/996/887 1074/989/880
f 1083/997/888 1084/998/888 1085/999/888
f 1085/999/888 1086/1000/888 1083/997/888
f 1075/990/881 1077/992/883 1087/1001/889
f 1088/1002/890 1089/1003/891 1090/1004/892
f 1090/1004/892 1091/1005/893 1088/1002/890
f 1092/1006/894 1093/1007/895 1094/1008/895
f 1091/1005/893 1090/1004/892 1095/978/896
f 1095/978/896 1096/1009/897 1091/1005/893
f 1092/1006/894 1094/1008/895 1097/1010/898
f 1080/994/886 1075/990/881 1092/1006/894
f 1092/1006/894 1097/1010/898 1080/994/886
f 1096/1009/897 1095/978/896 1079/977/885
f 1079/977/885 1078/993/884 1096/1009/897
f 1098/1011/899 1099/1012/899 1089/1003/891
f 1089/1003/891 1088/1002/890 1098/1011/899
f 1092/1006/894 1100/1013/895 1093/1007/895
f 1101/1014/900 1102/1015/900 1103/1016/901
f 1103/1016/901 1104/1017/901 1101/1014/900
f 1105/983/902 1106/1018/902 1107/1019/902
f 1107/1019/902 1108/984/902 1105/983/902
f 852/813/792 1109/1020/903 1110/1021/903
f 1110/1021/903 853/814/793 852/813/792
f 858/819/797 1111/1022/904 1112/1023/904
f 1112/1023/904 859/820/798 858/819/797
f 892/853/817 1113/1024/905 1114/1020/905
f 1114/1020/905 893/813/817 892/853/817
f 1115/1025/833 917/868/834 916/867/833
f 908/861/830 1116/1022/831 909/819/831
f 954/896/792 1117/1026/903 1118/1027/903
f 1118/1027/903 955/897/793 954/896/792
f 960/902/798 1119/1028/904 1120/1029/904
f 1120/1029/904 961/903/798 960/902/798
f 994/936/817 1121/1030/905 1122/1026/905
f 1122/1026/905 995/896/817 994/936/817
f 1123/1031/833 1019/951/835 1018/950/833
f 1010/944/831 1124/1028/831 1011/902/831
f 1125/1032/906 1126/1033/907 1127/1034/908
f 1127/1034/908 1128/1035/909 1125/1032/906
f 1128/1035/909 1127/1034/908 1129/1036/910
f 1129/1036/910 1130/1037/910 1128/1035/909
f 1131/1038/911 1132/1039/911 1133/1040/912
f 1133/1040/912 1134/1041/912 1131/1038/911
f 1134/1041/912 1133/1040/912 1135/1042/913
f 1135/1042/913 1136/1043/913 1134/1041/912
f 1130/1037/910 1129/1036/910 1137/1044/914
f 1137/1044/914 1138/1045/915 1130/1037/910
f 1138/1045/915 1137/1044/914 1139/1046/916
f 1139/1046/916 1140/1047/916 1138/1045/915
f 1136/1043/913 1135/1042/913 1141/1048/917
f 1141/1048/917 1142/1049/917 1136/1043/913
f 1142/1049/917 1141/1048/917 1143/1050/918
f 1143/1050/918 1144/1051/918 1142/1049/917
f 1140/1047/916 1139/1046/916 1145/1052/919
f 1145/1052/919 1146/1053/919 1140/1047/916
f 1147/1054/920 1148/1055/920 1149/1056/921
f 1149/1056/921 1150/1057/922 1147/1054/920
f 1144/1051/918 1143/1050/918 1151/1058/923
f 1151/1058/923 1152/1059/923 1144/1051/918
f 1152/1059/923 1151/1058/923 1153/1060/924
f 1153/1060/924 1154/1061/924 1152/1059/923
f 1150/1057/922 1149/1056/921 1155/1062/925
f 1155/1062/925 1156/1063/926 1150/1057/922
f 1156/1063/926 1155/1062/925 1157/1064/927
f 1157/1064/927 1158/1065/927 1156/1063/926
f 1154/1061/924 1153/1060/924 1159/1066/928
f 1159/1066/928 1160/1067/929 1154/1061/924
f 1161/1068/929 1162/1069/928 1163/1070/930
f 1163/1070/930 1164/1071/930 1161/1068/929
f 1165/1033/931 1166/1072/931 1167/1073/932
f 1167/1073/932 1168/1034/933 1165/1033/931
f 1169/1036/934 1170/1074/935 1171/1075/936
f 1171/1075/936 1172/1044/937 1169/1036/934
f 1173/1076/938 1174/1077/938 1175/1078/939
f 1175/1078/939 1176/1055/940 1173/1076/938
f 1177/1056/941 1178/1079/941 1179/1068/942
f 1179/1068/942 1180/1062/943 1177/1056/941
f 908/861/830 907/860/829 1181/1080/863
f 908/861/830 1181/1080/863 1182/1081/864
f 908/861/830 1182/1081/864 1183/1040/831
f 908/861/830 1183/1040/831 1184/1039/831
f 1185/1082/833 1186/1083/944 1187/1084/833
f 1185/1082/833 1187/1084/833 918/869/835
f 1185/1082/833 918/869/835 917/868/834
f 917/868/834 1188/1085/833 1185/1082/833
f 1189/1042/831 1182/1081/864 1181/1080/863
f 1189/1042/831 1181/1080/863 1190/1086/945
f 1189/1042/831 1190/1086/945 1191/1087/946
f 1191/1087/946 1192/1048/831 1189/1042/831
f 1193/1088/833 1194/1089/947 1195/1090/833
f 1193/1088/833 1195/1090/833 1187/1084/833
f 1193/1088/833 1187/1084/833 1186/1083/944
f 1186/1083/944 1196/1091/833 1193/1088/833
f 1197/1050/831 1191/1087/946 1190/1086/945
f 1197/1050/831 1190/1086/945 1198/1092/948
f 1198/1092/948 1199/1058/831 1197/1050/831
f 1200/1093/833 1201/1094/833 1195/1090/833
f 1200/1093/833 1195/1090/833 1194/1089/947
f 1194/1089/947 1202/1095/833 1200/1093/833
f 1203/1060/949 1198/1092/948 1204/1096/950
f 1204/1096/950 1205/1066/951 1203/1060/949
f 1206/1097/952 1207/1098/953 1201/1094/833
f 1201/1094/833 1208/1099/833 1206/1097/952
f 1169/1036/934 1168/1034/933 1167/1073/932
f 1167/1073/932 1170/1074/935 1169/1036/934
f 1209/1046/938 1172/1044/937 1171/1075/936
f 1171/1075/936 1210/1100/938 1209/1046/938
f 1177/1056/941 1176/1055/940 1175/1078/939
f 1175/1078/939 1178/1079/941 1177/1056/941
f 1211/1064/954 1180/1062/943 1179/1068/942
f 1179/1068/942 1212/1071/954 1211/1064/954
f 1186/1083/944 1185/1082/833 1196/1091/833
f 1182/1081/864 1189/1042/831 1183/1040/831
f 1194/1089/947 1193/1088/833 1202/1095/833
f 1191/1087/946 1197/1050/831 1192/1048/831
f 1201/1094/833 1200/1093/833 1208/1099/833
f 1198/1092/948 1203/1060/949 1199/1058/831
f 1207/1098/953 1206/1097/952 1213/1101/955
f 1204/1096/950 1214/1102/956 1205/1066/951
f 1215/1103/957 1216/1104/958 1217/1105/959
f 1217/1105/959 1218/1106/959 1215/1103/957
f 1219/1107/960 1220/1108/961 1221/1109/962
f 1221/1109/962 1222/1110/852 1219/1107/960
f 1223/1111/906 1224/1112/907 1225/1113/908
f 1225/1113/908 1226/1114/909 1223/1111/906
f 1226/1114/909 1225/1113/908 1227/1115/910
f 1227/1115/910 1228/1116/910 1226/1114/909
f 1229/1117/911 1230/1118/963 1231/1119/912
f 1231/1119/912 1232/1120/912 1229/1117/911
f 1232/1120/912 1231/1119/912 1233/1121/913
f 1233/1121/913 1234/1122/913 1232/1120/912
f 1228/1116/910 1227/1115/910 1235/1123/914
f 1235/1123/914 1236/1124/915 1228/1116/910
f 1236/1124/915 1235/1123/914 1237/1125/916
f 1237/1125/916 1238/1126/916 1236/1124/915
f 1234/1122/913 1233/1121/913 1239/1127/917
f 1239/1127/917 1240/1128/917 1234/1122/913
f 1240/1128/917 1239/1127/917 1241/1129/918
f 1241/1129/918 1242/1130/918 1240/1128/917
f 1238/1126/916 1237/1125/916 1243/1131/919
f 1243/1131/919 1244/1132/919 1238/1126/916
f 1245/1133/920 1246/1134/920 1247/1135/921
f 1247/1135/921 1248/1136/921 1245/1133/920
f 1242/1130/918 1241/1129/918 1249/1137/923
f 1249/1137/923 1250/1138/923 1242/1130/918
f 1250/1138/923 1249/1137/923 1251/1139/924
f 1251/1139/924 1252/1140/924 1250/1138/923
f 1248/1136/921 1247/1135/921 1253/1141/964
f 1253/1141/964 1254/1142/965 1248/1136/921
f 1254/1142/965 1253/1141/964 1255/1143/966
f 1255/1143/966 1256/1144/966 1254/1142/965
f 1252/1140/924 1251/1139/924 1257/1145/967
f 1257/1145/967 1258/1146/968 1252/1140/924
f 1259/1147/969 1260/1148/967 1261/1149/970
f 1261/1149/970 1262/1150/970 1259/1147/969
f 1263/1112/931 1264/1151/931 1265/1152/932
f 1265/1152/932 1266/1113/932 1263/1112/931
f 1267/1115/971 1268/1153/935 1269/1154/936
f 1269/1154/936 1270/1123/937 1267/1115/971
f 1271/1155/938 1272/1156/938 1273/1157/939
f 1273/1157/939 1274/1134/940 1271/1155/938
f 1275/1135/941 1276/1158/972 1277/1147/942
f 1277/1147/942 1278/1141/943 1275/1135/941
f 1010/944/831 1009/943/831 1279/1159/831
f 1010/944/831 1279/1159/831 1280/1160/831
f 1010/944/831 1280/1160/831 1281/1119/831
f 1010/944/831 1281/1119/831 1282/1118/831
f 1283/1161/833 1284/1162/833 1285/1163/833
f 1283/1161/833 1285/1163/833 1020/952/835
f 1283/1161/833 1020/952/835 1019/951/835
f 1019/951/835 1286/1164/833 1283/1161/833
f 1287/1121/831 1280/1160/831 1279/1159/831
f 1287/1121/831 1279/1159/831 1288/1165/973
f 1287/1121/831 1288/1165/973 1289/1166/863
f 1289/1166/863 1290/1127/831 1287/1121/831
f 1291/1167/833 1292/1168/974 1293/1169/975
f 1291/1167/833 1293/1169/975 1285/1163/833
f 1291/1167/833 1285/1163/833 1284/1162/833
f 1284/1162/833 1294/1170/833 1291/1167/833
f 1295/1129/831 1289/1166/863 1288/1165/973
f 1295/1129/831 1288/1165/973 1296/1171/831
f 1296/1171/831 1297/1137/831 1295/1129/831
f 1298/1172/833 1299/1173/976 1293/1169/975
f 1298/1172/833 1293/1169/975 1292/1168/974
f 1292/1168/974 1300/1174/833 1298/1172/833
f 1301/1139/831 1296/1171/831 1302/1175/831
f 1302/1175/831 1303/1145/831 1301/1139/831
f 1304/1176/977 1305/1177/978 1299/1173/976
f 1299/1173/976 1306/1178/979 1304/1176/977
f 1267/1115/971 1266/1113/932 1265/1152/932
f 1265/1152/932 1268/1153/935 1267/1115/971
f 1307/1125/938 1270/1123/937 1269/1154/936
f 1269/1154/936 1308/1179/938 1307/1125/938
f 1275/1135/941 1274/1134/940 1273/1157/939
f 1273/1157/939 1276/1158/972 1275/1135/941
f 1309/1143/954 1278/1141/943 1277/1147/942
f 1277/1147/942 1310/1150/954 1309/1143/954
f 1284/1162/833 1283/1161/833 1294/1170/833
f 1280/1160/831 1287/1121/831 1281/1119/831
f 1292/1168/974 1291/1167/833 1300/1174/833
f 1289/1166/863 1295/1129/831 1290/1127/831
f 1299/1173/976 1298/1172/833 1306/1178/979
f 1296/1171/831 1301/1139/831 1297/1137/831
f 1305/1177/978 1304/1176/977 1311/1180/980
f 1302/1175/831 1312/1181/831 1303/1145/831
f 1313/1182/981 1314/1183/981 1315/1184/981
f 1315/1184/981 1316/1185/981 1313/1182/981
f 1317/1175/982 1318/1186/982 1319/1181/982
f 1320/1105/981 1321/1104/981 1313/1182/981
f 1313/1182/981 1316/1185/981 1320/1105/981
f 1322/1187/983 1323/1188/983 1324/1189/983
f 1324/1189/983 1325/1190/983 1322/1187/983
f 1326/1188/984 1327/1191/984 1328/1192/984
f 1328/1192/984 1329/1189/984 1326/1188/984
f 1330/1193/985 1331/1194/985 1332/1195/985
f 1332/1195/985 1333/1196/985 1330/1193/985
f 1334/1101/986 1335/1197/986 1336/1098/986
f 1337/1198/987 1338/1199/988 1339/1200/989
f 1339/1200/989 1340/1201/990 1337/1198/987
f 1341/1202/991 1342/1203/992 1343/1204/993
f 1338/1199/988 1344/1187/994 1345/1205/995
f 1345/1205/995 1339/1200/989 1338/1199/988
f 1341/1202/991 1343/1204/993 1346/1206/996
f 1347/1207/997 1337/1198/987 1340/1201/990
f 1340/1201/990 1348/1208/997 1347/1207/997
f 1349/1209/998 1350/1210/998 1351/1211/998
f 1351/1211/998 1352/1212/998 1349/1209/998
f 1341/1202/991 1353/1213/999 1342/1203/992
f 1354/1214/1000 1355/1215/1001 1356/1216/1002
f 1356/1216/1002 1357/1217/1003 1354/1214/1000
f 1358/1218/1004 1359/1219/895 1360/1220/895
f 1361/1190/1005 1354/1214/1000 1357/1217/1003
f 1357/1217/1003 1362/1221/1006 1361/1190/1005
f 1358/1218/1004 1363/1222/1007 1359/1219/895
f 1358/1218/1004 1341/1202/991 1346/1206/996
f 1346/1206/996 1363/1222/1007 1358/1218/1004
f 1344/1187/994 1361/1190/1005 1362/1221/1006
f 1362/1221/1006 1345/1205/995 1344/1187/994
f 1355/1215/1001 1364/1223/1008 1365/1224/1008
f 1365/1224/1008 1356/1216/1002 1355/1215/1001
f 1358/1218/1004 1360/1220/895 1366/1225/895
f 1367/1226/1009 1368/1227/1010 1369/1228/1010
f 1369/1228/1010 1370/1229/1009 1367/1226/1009
f 1371/1230/1011 1372/1231/1011 1373/1193/1011
f 1373/1193/1011 1374/1196/1011 1371/1230/1011
f 1110/1021/903 1109/1020/903 1126/1033/907
f 1126/1033/907 1125/1032/906 1110/1021/903
f 1112/1023/904 1111/1022/904 1132/1039/911
f 1132/1039/911 1131/1038/911 1112/1023/904
f 1114/1020/905 1113/1024/905 1166/1072/931
f 1166/1072/931 1165/1033/931 1114/1020/905
f 1115/1025/833 1188/1085/833 917/868/834
f 908/861/830 1184/1039/831 1116/1022/831
f 1118/1027/903 1117/1026/903 1224/1112/907
f 1224/1112/907 1223/1111/906 1118/1027/903
f 1120/1029/904 1119/1028/904 1230/1118/963
f 1230/1118/963 1229/1117/911 1120/1029/904
f 1122/1026/905 1121/1030/905 1264/1151/931
f 1264/1151/931 1263/1112/931 1122/1026/905
f 1123/1031/833 1286/1164/833 1019/951/835
f 1010/944/831 1282/1118/831 1124/1028/831
f 1375/1232/1012 1376/1233/1013 1377/1234/1014
f 1377/1234/1014 1378/1235/1015 1375/1232/1012
f 1379/1236/1016 1380/1237/1016 1381/1238/1017
f 1381/1238/1017 1382/1239/1018 1379/1236/1016
f 1382/1239/1018 1381/1238/1017 1383/1240/1019
f 1383/1240/1019 1384/1241/1019 1382/1239/1018
f 1384/1241/1019 1383/1240/1019 1385/1242/1020
f 1385/1242/1020 1386/1243/1020 1384/1241/1019
f 1386/1243/1020 1385/1242/1020 1387/1244/1021
f 1387/1244/1021 1388/1245/1022 1386/1243/1020
f 1388/1245/1022 1387/1244/1021 1389/1246/1023
f 1389/1246/1023 1390/1247/1024 1388/1245/1022
f 1391/1248/1025 1392/1249/1026 1393/1250/1027
f 1393/1250/1027 1394/1251/1027 1391/1248/1025
f 1394/1251/1027 1393/1250/1027 1395/1252/1028
f 1395/1252/1028 1396/1253/1028 1394/1251/1027
f 1396/1253/1028 1395/1252/1028 1397/1254/1029
f 1397/1254/1029 1398/1255/1029 1396/1253/1028
f 1398/1255/1029 1397/1254/1029 1399/1256/1030
f 1399/1256/1030 1400/1257/1030 1398/1255/1029
f 1400/1257/1030 1399/1256/1030 1401/1258/1031
f 1401/1258/1031 1402/1259/1032 1400/1257/1030
f 1403/1260/1033 1404/1261/1034 1405/1262/1035
f 1405/1262/1035 1406/1263/1036 1403/1260/1033
f 1406/1263/1036 1405/1262/1035 1407/1264/1037
f 1407/1264/1037 1408/1265/1037 1406/1263/1036
f 1408/1265/1037 1407/1264/1037 1409/1266/1038
f 1409/1266/1038 1410/1267/1038 1408/1265/1037
f 1410/1267/1038 1409/1266/1038 1411/1268/1039
f 1411/1268/1039 1412/1269/1040 1410/1267/1038
f 1412/1269/1040 1411/1268/1039 1413/1270/1041
f 1413/1270/1041 1414/1271/1041 1412/1269/1040
f 1415/1272/1042 1416/1273/1043 1417/1274/1044
f 1417/1274/1044 1418/1275/1044 1415/1272/1042
f 1418/1275/1044 1417/1274/1044 1419/1276/1045
f 1419/1276/1045 1420/1277/1045 1418/1275/1044
f 1420/1277/1045 1419/1276/1045 1421/1278/1046
f 1421/1278/1046 1422/1279/1046 1420/1277/1045
f 1422/1279/1046 1421/1278/1046 1376/1233/1013
f 1376/1233/1013 1375/1232/1012 1422/1279/1046
f 1423/1280/1047 1424/1281/1047 1425/1282/1047
f 1426/1283/1047 1423/1280/1047 1425/1282/1047
f 1427/1284/1047 1426/1283/1047 1425/1282/1047
f 1428/1285/1047 1427/1284/1047 1425/1282/1047
f 1429/1286/1047 1428/1285/1047 1425/1282/1047
f 1430/1287/1047 1429/1286/1047 1425/1282/1047
f 1431/1288/1047 1430/1287/1047 1425/1282/1047
f 1432/1289/1047 1431/1288/1047 1425/1282/1047
f 1433/1290/1047 1432/1289/1047 1425/1282/1047
f 1434/1291/1047 1433/1290/1047 1425/1282/1047
f 1435/1292/1047 1434/1291/1047 1425/1282/1047
f 1436/1293/1047 1435/1292/1047 1425/1282/1047
f 1437/1294/1047 1436/1293/1047 1425/1282/1047
f 1438/1295/1047 1437/1294/1047 1425/1282/1047
f 1439/1296/1047 1438/1295/1047 1425/1282/1047
f 1440/1297/1047 1439/1296/1047 1425/1282/1047
f 1441/1298/1047 1440/1297/1047 1425/1282/1047
f 1442/1299/1047 1441/1298/1047 1425/1282/1047
f 1443/1300/1047 1442/1299/1047 1425/1282/1047
f 1424/1281/1047 1443/1300/1047 1425/1282/1047
f 1444/1301/1048 1445/1302/1049 1446/1303/1050
f 1446/1303/1050 1447/1304/1051 1444/1301/1048
f 1448/1305/1052 1449/1306/1053 1450/1307/1054
f 1450/1307/1054 1451/1308/1055 1448/1305/1052
f 1452/1309/1056 1448/1305/1052 1451/1308/1055
f 1451/1308/1055 1453/1310/1056 1452/1309/1056
f 1454/1311/1057 1452/1309/1056 1453/1310/1056
f 1453/1310/1056 1455/1312/1057 1454/1311/1057
f 1456/1313/1058 1454/1311/1057 1455/1312/1057
f 1455/1312/1057 1457/1314/1059 1456/1313/1058
f 1458/1315/1060 1456/1313/1058 1457/1314/1059
f 1457/1314/1059 1459/1316/1061 1458/1315/1060
f 1460/1317/1062 1461/1318/1063 1462/1319/1064
f 1462/1319/1064 1463/1320/1062 1460/1317/1062
f 1464/1321/1065 1460/1317/1062 1463/1320/1062
f 1463/1320/1062 1465/1322/1065 1464/1321/1065
f 1466/1323/1066 1464/1321/1065 1465/1322/1065
f 1465/1322/1065 1467/1324/1066 1466/1323/1066
f 1468/1325/1067 1466/1323/1066 1467/1324/1066
f 1467/1324/1066 1469/1326/1068 1468/1325/1067
f 1470/1327/1069 1468/1325/1067 1469/1326/1068
f 1469/1326/1068 1471/1328/1070 1470/1327/1069
f 1472/1329/1071 1473/1330/1072 1474/1331/1073
f 1474/1331/1073 1475/1332/1074 1472/1329/1071
f 1476/1333/1075 1472/1329/1071 1475/1332/1074
f 1475/1332/1074 1477/1334/1075 1476/1333/1075
f 1478/1335/1076 1476/1333/1075 1477/1334/1075
f 1477/1334/1075 1479/1336/1076 1478/1335/1076
f 1480/1337/1077 1478/1335/1076 1479/1336/1076
f 1479/1336/1076 1481/1338/1078 1480/1337/1077
f 1482/1339/1079 1480/1337/1077 1481/1338/1078
f 1481/1338/1078 1483/1340/1080 1482/1339/1079
f 1484/1341/1081 1485/1342/1082 1486/1343/1082
f 1486/1343/1082 1487/1344/1081 1484/1341/1081
f 1488/1345/1083 1484/1341/1081 1487/1344/1081
f 1487/1344/1081 1489/1346/1083 1488/1345/1083
f 1490/1347/1084 1488/1345/1083 1489/1346/1083
f 1489/1346/1083 1491/1348/1084 1490/1347/1084
f 1445/1302/1049 1490/1347/1084 1491/1348/1084
f 1491/1348/1084 1446/1303/1050 1445/1302/1049
f 1492/1349/1085 1493/1350/1085 1494/1351/1085
f 1495/1352/1085 1493/1350/1085 1492/1349/1085
f 1496/1353/1085 1493/1350/1085 1495/1352/1085
f 1497/1354/1085 1493/1350/1085 1496/1353/1085
f 1498/1355/1085 1493/1350/1085 1497/1354/1085
f 1499/1356/1085 1493/1350/1085 1498/1355/1085
f 1500/1357/1085 1493/1350/1085 1499/1356/1085
f 1501/1358/1085 1493/1350/1085 1500/1357/1085
f 1502/1359/1085 1493/1350/1085 1501/1358/1085
f 1503/1360/1085 1493/1350/1085 1502/1359/1085
f 1504/1361/1085 1493/1350/1085 1503/1360/1085
f 1505/1362/1085 1493/1350/1085 1504/1361/1085
f 1506/1363/1085 1493/1350/1085 1505/1362/1085
f 1507/1364/1085 1493/1350/1085 1506/1363/1085
f 1508/1365/1085 1493/1350/1085 1507/1364/1085
f 1509/1366/1085 1493/1350/1085 1508/1365/1085
f 1510/1367/1085 1493/1350/1085 1509/1366/1085
f 1511/1368/1085 1493/1350/1085 1510/1367/1085
f 1512/1369/1085 1493/1350/1085 1511/1368/1085
f 1494/1351/1085 1493/1350/1085 1512/1369/1085
