# Blender 5.0.1
# www.blender.org
mtllib player.mtl
o body
v -0.060911 0.055441 0.023295
v -0.058094 0.180904 0.023984
v -0.061639 0.056130 0.023984
v -0.060911 0.036374 0.023295
v 0.064466 0.055441 0.023294
v 0.061649 0.180904 0.023984
v 0.064466 0.036374 0.023294
v -0.060911 0.055441 0.012682
v -0.058094 0.180904 0.011992
v -0.061639 0.056130 0.011992
v -0.058094 0.036374 0.011992
v 0.064461 0.055441 0.012681
v 0.061644 0.180904 0.011992
v 0.061644 0.036374 0.011992
v -0.058094 0.036374 0.023984
v -0.058094 0.056130 0.023984
v -0.058094 0.056130 0.011992
v 0.061649 0.036374 0.023984
v 0.061649 0.056130 0.023984
v 0.061644 0.056130 0.011992
v 0.064461 0.036374 0.012681
v -0.060911 0.036374 0.012682
v -0.045696 0.228172 0.023984
v -0.041955 0.001617 0.023984
v -0.042679 0.056130 0.000000
v -0.044038 0.055384 0.047968
v -0.042679 0.180904 -0.000000
v -0.042679 0.036374 0.000000
v -0.044969 0.225397 0.011992
v -0.042679 0.002917 0.011992
v -0.042375 -0.000002 0.023295
v -0.042679 -0.000002 0.012682
v 0.033885 0.228172 0.023984
v 0.030161 0.055384 0.047968
v 0.033885 0.225397 0.011992
v 0.031182 0.001617 0.023984
v 0.035052 0.056130 0.000000
v 0.033885 0.180904 -0.000000
v 0.035052 0.036374 0.000000
v 0.032836 0.002917 0.011992
v 0.032035 -0.000002 0.023295
v 0.032035 -0.000002 0.012681
v -0.040811 0.031965 0.024100
v 0.031189 0.031965 0.024100
v 0.056318 0.221026 0.047968
v 0.058158 0.221349 0.046392
v 0.056551 0.222981 0.046415
v 0.057520 0.221113 0.047502
v 0.057340 0.222091 0.047307
v 0.057685 0.222495 0.046403
v 0.056384 0.222267 0.047518
v 0.060036 0.222981 0.001554
v 0.061639 0.221354 0.001595
v 0.060045 0.221026 -0.000000
v 0.061168 0.222497 0.001574
v 0.060964 0.222092 0.000665
v 0.061174 0.221115 0.000476
v 0.060040 0.222266 0.000447
v 0.056396 0.006211 0.046390
v 0.058158 0.008083 0.046392
v 0.056318 0.008038 0.047968
v 0.057607 0.006817 0.046391
v 0.057307 0.007078 0.047302
v 0.057553 0.008109 0.047507
v 0.056306 0.006785 0.047506
v 0.060045 0.004512 0.000000
v 0.061639 0.004788 0.001595
v 0.059877 0.002917 0.001595
v 0.061207 0.004650 0.000467
v 0.060930 0.003649 0.000674
v 0.061089 0.003522 0.001595
v 0.059961 0.003327 0.000467
v -0.053315 0.222981 0.046415
v -0.054921 0.221350 0.046389
v -0.053102 0.221026 0.047968
v -0.054448 0.222496 0.046402
v -0.054115 0.222091 0.047306
v -0.054298 0.221114 0.047501
v -0.053162 0.222267 0.047518
v -0.056499 0.221026 -0.000000
v -0.058094 0.221353 0.001595
v -0.056492 0.222981 0.001554
v -0.057629 0.221115 0.000476
v -0.057419 0.222092 0.000665
v -0.057624 0.222497 0.001574
v -0.056496 0.222266 0.000447
v -0.053158 0.006211 0.046390
v -0.053102 0.008038 0.047968
v -0.054921 0.008083 0.046389
v -0.053084 0.006785 0.047506
v -0.054082 0.007078 0.047301
v -0.054330 0.008108 0.047506
v -0.054369 0.006817 0.046390
v -0.058094 0.004788 0.001595
v -0.056499 0.004512 0.000000
v -0.056332 0.002917 0.001595
v -0.057662 0.004650 0.000467
v -0.057385 0.003649 0.000674
v -0.056416 0.003327 0.000467
v -0.057543 0.003522 0.001595
v 0.061640 0.226536 0.023984
v 0.060036 0.228172 0.023984
v 0.061170 0.227693 0.023984
v 0.064041 0.001844 0.023295
v 0.062256 -0.000002 0.023295
v 0.063509 0.000539 0.023295
v -0.058711 -0.000002 0.023295
v -0.060496 0.001844 0.023295
v -0.059964 0.000539 0.023295
v -0.056492 0.228172 0.023984
v -0.058094 0.226536 0.023984
v -0.057625 0.227693 0.023984
v 0.058159 0.056130 0.046392
v 0.057518 0.056130 0.047507
v 0.061640 0.056130 0.001595
v 0.060045 0.056130 0.000000
v 0.061173 0.056130 0.000467
v -0.054921 0.056130 0.046389
v -0.054295 0.056130 0.047506
v -0.058094 0.056130 0.001595
v -0.056499 0.057725 0.000000
v -0.057627 0.056597 0.000467
v 0.058159 0.180904 0.046392
v 0.057518 0.180904 0.047507
v -0.056499 0.179310 -0.000000
v -0.058094 0.180904 0.001595
v -0.057627 0.180437 0.000467
v 0.060045 0.180904 -0.000000
v 0.061640 0.180904 0.001595
v 0.061173 0.180904 0.000467
v -0.054921 0.180904 0.046389
v -0.054295 0.180904 0.047506
v -0.060045 0.057725 0.000000
v -0.061639 0.056130 0.001595
v -0.061172 0.056597 0.000467
v -0.060045 0.179310 -0.000000
v -0.061172 0.180437 0.000467
v 0.060045 0.036374 0.000000
v 0.061640 0.036374 0.001595
v 0.061173 0.036374 0.000467
v -0.053102 0.031965 0.047968
v -0.054921 0.032256 0.046389
v -0.054295 0.032050 0.047506
v 0.056318 0.031965 0.047968
v 0.058159 0.032255 0.046392
v 0.057518 0.032050 0.047507
v -0.056499 0.036374 0.000000
v -0.058094 0.036374 0.001595
v -0.057627 0.036374 0.000467
v 0.060036 0.225397 0.011992
v 0.061640 0.223760 0.011992
v 0.061170 0.224917 0.011992
v 0.061640 0.004788 0.011992
v 0.059877 0.002917 0.011992
v 0.061123 0.003465 0.011992
v -0.056332 0.002917 0.011992
v -0.058094 0.004788 0.011992
v -0.057578 0.003465 0.011992
v -0.056492 0.225397 0.011992
v -0.058094 0.223760 0.011992
v -0.057625 0.224917 0.011992
v -0.058094 0.003489 0.023984
v -0.056332 0.001617 0.023984
v -0.057578 0.002165 0.023984
v 0.059877 0.001617 0.023984
v 0.061640 0.003489 0.023984
v 0.061123 0.002165 0.023984
v 0.062256 -0.000002 0.012681
v 0.064041 0.001844 0.012681
v 0.063509 0.000539 0.012681
v -0.060496 0.001844 0.012682
v -0.058711 -0.000002 0.012682
v -0.059964 0.000539 0.012682
v -0.043019 0.006211 0.046390
v -0.044688 0.008038 0.047968
v -0.043539 0.006842 0.047506
v -0.042679 0.004512 0.000000
v -0.042679 0.002917 0.001595
v -0.042679 0.003384 0.000467
v -0.043094 0.221026 0.047968
v -0.043262 0.222981 0.046415
v -0.043143 0.222259 0.047513
v -0.042975 0.222981 0.001554
v -0.042679 0.221026 -0.000000
v -0.042765 0.222259 0.000455
v -0.042943 0.031965 0.046396
v -0.044688 0.033560 0.047968
v -0.043517 0.032433 0.047508
v 0.032837 0.008038 0.047968
v 0.031237 0.006212 0.046393
v 0.031707 0.006842 0.047507
v 0.033885 0.221026 -0.000000
v 0.033885 0.222981 0.001554
v 0.033885 0.222259 0.000455
v 0.031243 0.031965 0.046396
v 0.032842 0.033560 0.047968
v 0.031713 0.032433 0.047508
v 0.034003 0.004512 0.000000
v 0.033848 0.002917 0.001595
v 0.033957 0.003384 0.000467
v 0.029796 0.221026 0.047968
v 0.030061 0.222981 0.046415
v 0.029874 0.222259 0.047513
v -0.058094 0.134761 0.023984
v 0.061649 0.134761 0.023984
v 0.061644 0.134761 0.011992
v -0.061639 0.151906 0.011977
v -0.043094 0.138511 0.047968
v -0.042679 0.134761 -0.000000
v 0.029796 0.138511 0.047968
v 0.034317 0.134761 -0.000000
v 0.061640 0.134761 0.001595
v 0.061173 0.134761 0.000467
v 0.060045 0.134761 -0.000000
v -0.054921 0.134761 0.046389
v -0.054295 0.134761 0.047506
v 0.058159 0.134761 0.046392
v 0.057518 0.134761 0.047507
v -0.061172 0.134640 0.000467
v -0.060045 0.134346 -0.000000
v -0.056499 0.134346 -0.000000
v 0.058158 0.217231 0.046392
v 0.057520 0.217019 0.047503
v -0.058094 0.217234 0.001595
v -0.057629 0.216973 0.000475
v -0.056499 0.216778 -0.000000
v 0.061640 0.217235 0.001595
v 0.061174 0.217021 0.000475
v 0.060045 0.216940 -0.000000
v -0.054921 0.217232 0.046389
v -0.054297 0.217019 0.047501
v 0.029796 0.213191 0.047968
v 0.061641 0.221889 0.023984
v 0.061640 0.219396 0.011992
v 0.033885 0.216940 -0.000000
v -0.058094 0.221889 0.023984
v -0.042679 0.216940 -0.000000
v -0.058094 0.219395 0.011992
v 0.052569 0.180904 0.047968
v -0.043094 0.213191 0.047968
v 0.056318 0.216940 0.047968
v 0.056318 0.180904 0.047968
v 0.029796 0.131549 0.047968
v -0.043094 0.131549 0.047968
v -0.053102 0.216940 0.047968
v 0.029796 0.216940 0.047968
v -0.043094 0.216940 0.047968
v 0.052569 0.210446 0.047968
v 0.049824 0.213191 0.047968
v 0.052201 0.211819 0.047968
v 0.051197 0.212823 0.047968
v -0.049352 0.141255 0.047968
v -0.046608 0.138511 0.047968
v -0.048985 0.139883 0.047968
v -0.047980 0.138878 0.047968
v -0.049352 0.180904 0.047968
v 0.049824 0.138511 0.047968
v 0.052569 0.141255 0.047968
v 0.051197 0.138878 0.047968
v 0.052201 0.139883 0.047968
v -0.046608 0.213191 0.047968
v -0.049352 0.210446 0.047968
v -0.047980 0.212823 0.047968
v -0.048985 0.211819 0.047968
v -0.053079 0.180904 0.047968
v -0.043094 0.180904 0.048880
v -0.043094 0.138511 0.048880
v 0.029796 0.180904 0.048880
v 0.029796 0.138511 0.048880
v 0.029796 0.208724 0.048880
v -0.043094 0.208724 0.048880
v 0.048409 0.208724 0.048880
v -0.043094 0.142978 0.048880
v 0.048409 0.142978 0.048880
v 0.047794 0.180904 0.048880
v -0.043094 0.052918 0.047968
v 0.029796 0.052918 0.047968
v 0.056318 0.131549 0.047968
v 0.056318 0.052918 0.047968
v -0.053102 0.052918 0.047968
v -0.053102 0.131549 0.047968
v 0.030161 0.128723 0.047968
v -0.044038 0.128723 0.047968
v 0.051790 0.055384 0.047968
v 0.053659 0.057034 0.047968
v 0.052725 0.055606 0.047968
v 0.053409 0.056209 0.047968
v -0.050845 0.057121 0.047968
v -0.049083 0.055384 0.047968
v -0.050609 0.056253 0.047968
v -0.049964 0.055617 0.047968
v -0.049166 0.128723 0.047968
v -0.050845 0.126894 0.047968
v -0.050005 0.128478 0.047968
v -0.050620 0.127808 0.047968
v 0.053659 0.126995 0.047968
v 0.051889 0.128723 0.047968
v 0.053422 0.127859 0.047968
v 0.052774 0.128492 0.047968
v 0.029796 0.142978 0.048880
v 0.029796 0.213191 0.048880
v -0.043094 0.213191 0.048880
v 0.049824 0.213191 0.048880
v 0.051197 0.212823 0.048880
v 0.052201 0.211819 0.048880
v 0.052569 0.210446 0.048880
v -0.046608 0.138511 0.048880
v -0.047980 0.138878 0.048880
v -0.048985 0.139883 0.048880
v -0.049352 0.141255 0.048880
v 0.051197 0.138878 0.048880
v 0.049824 0.138511 0.048880
v 0.052201 0.139883 0.048880
v 0.052569 0.141255 0.048880
v -0.047980 0.212823 0.048880
v -0.046608 0.213191 0.048880
v -0.048985 0.211819 0.048880
v -0.049352 0.180904 0.048880
v -0.049352 0.210446 0.048880
v 0.052569 0.180904 0.048880
v -0.044038 0.055384 0.040072
v -0.044038 0.128723 0.040072
v 0.030161 0.055384 0.040072
v 0.030161 0.128723 0.040072
v 0.051889 0.128723 0.040072
v 0.052774 0.128492 0.040072
v 0.053422 0.127859 0.040072
v 0.053659 0.126995 0.040072
v 0.052725 0.055606 0.040072
v 0.051790 0.055384 0.040072
v 0.053409 0.056209 0.040072
v 0.053659 0.057034 0.040072
v -0.050609 0.056253 0.040072
v -0.050845 0.057121 0.040072
v -0.049964 0.055617 0.040072
v -0.049083 0.055384 0.040072
v -0.050005 0.128478 0.040072
v -0.049166 0.128723 0.040072
v -0.050620 0.127808 0.040072
v -0.050845 0.126894 0.040072
v -0.005386 0.001617 0.023984
v -0.003813 0.056130 0.000000
v -0.004397 0.180904 -0.000000
v -0.003813 0.036374 0.000000
v -0.004921 0.002917 0.011992
v -0.005170 -0.000002 0.023295
v -0.005322 -0.000002 0.012681
v -0.004811 0.031965 0.024100
v -0.005905 0.228172 0.023984
v -0.006649 0.052918 0.047968
v -0.005542 0.225397 0.011992
v -0.004415 0.002917 0.001595
v -0.004361 0.003384 0.000467
v -0.004338 0.004512 0.000000
v -0.006600 0.222981 0.046415
v -0.006634 0.222259 0.047513
v -0.006649 0.221026 0.047968
v -0.004545 0.222981 0.001554
v -0.004440 0.222259 0.000455
v -0.004397 0.221026 -0.000000
v -0.005850 0.031965 0.046396
v -0.005902 0.032433 0.047508
v -0.005923 0.033560 0.047968
v -0.004181 0.134761 -0.000000
v -0.006649 0.131549 0.047968
v -0.006649 0.216940 0.047968
v -0.004397 0.216940 -0.000000
v -0.006649 0.138511 0.047968
v -0.006649 0.213191 0.047968
v -0.006649 0.138511 0.048880
v -0.006649 0.213191 0.048880
v -0.006649 0.180904 0.048880
v -0.006938 0.055384 0.047968
v -0.006938 0.128723 0.047968
v -0.006649 0.208724 0.048880
v -0.006649 0.142978 0.048880
v -0.006938 0.055384 0.040072
v -0.006938 0.128723 0.040072
v 0.061640 0.110758 0.001595
v 0.061640 0.089140 0.001595
v -0.054921 0.089140 0.046389
v -0.054921 0.110758 0.046389
v 0.057518 0.110758 0.047507
v 0.057518 0.089140 0.047507
v 0.056318 0.089140 0.047968
v 0.056318 0.110758 0.047968
v -0.061172 0.110758 0.000467
v -0.061172 0.089140 0.000467
v -0.060045 0.089140 0.000000
v -0.060045 0.110758 0.000000
v -0.058094 0.110758 0.023984
v -0.058094 0.089140 0.023984
v -0.061639 0.089140 0.023984
v -0.061639 0.110758 0.023984
v 0.061649 0.089140 0.023984
v 0.061649 0.110758 0.023984
v 0.061644 0.110758 0.011992
v 0.061644 0.089140 0.011992
v -0.061639 0.091237 0.008646
v -0.061639 0.108662 0.008646
v -0.042679 0.089140 0.000000
v -0.042679 0.110758 0.000000
v 0.034732 0.089140 0.000000
v 0.034640 0.110758 0.000000
v 0.061173 0.110758 0.000467
v 0.061173 0.089140 0.000467
v 0.060045 0.110758 0.000000
v 0.060045 0.089140 0.000000
v -0.054295 0.110758 0.047506
v -0.054295 0.089140 0.047506
v -0.053102 0.110758 0.047968
v -0.053102 0.089140 0.047968
v 0.058159 0.110758 0.046392
v 0.058159 0.089140 0.046392
v -0.061639 0.108662 0.004941
v -0.061639 0.091237 0.004941
v -0.056499 0.089140 0.000000
v -0.056499 0.110758 0.000000
v 0.053659 0.089140 0.047968
v 0.053659 0.110758 0.047968
v -0.050845 0.110758 0.047968
v -0.050845 0.089140 0.047968
v 0.053659 0.089140 0.040072
v 0.053659 0.110758 0.040072
v -0.050845 0.110758 0.040072
v -0.050845 0.089140 0.040072
v -0.004019 0.110758 0.000000
v -0.003973 0.089140 0.000000
v 0.052433 0.089140 0.046027
v 0.052433 0.110758 0.046027
v 0.052433 0.110758 0.040072
v 0.052433 0.089140 0.040072
v 0.043817 0.006211 0.046392
v 0.044007 0.006814 0.047506
v 0.044578 0.008038 0.047968
v 0.046960 0.222981 0.001554
v 0.046963 0.222263 0.000451
v 0.046965 0.221026 -0.000000
v 0.046862 0.002917 0.001595
v 0.046959 0.003355 0.000467
v 0.047024 0.004512 0.000000
v 0.043306 0.222981 0.046415
v 0.043129 0.222263 0.047516
v 0.043057 0.221026 0.047968
v 0.046965 0.180904 -0.000000
v 0.046960 0.225397 0.011992
v 0.045530 0.001617 0.023984
v 0.044580 0.032763 0.047968
v 0.046357 0.002917 0.011992
v 0.047548 0.036374 0.000000
v 0.047145 -0.000002 0.023295
v 0.047146 -0.000002 0.012681
v 0.043057 0.052918 0.047968
v 0.047548 0.056130 0.000000
v 0.047181 0.134761 -0.000000
v 0.043057 0.131549 0.047968
v 0.043057 0.216940 0.047968
v 0.046965 0.216940 -0.000000
v 0.039810 0.213191 0.047968
v 0.039810 0.138511 0.047968
v 0.039810 0.213191 0.048880
v 0.039810 0.138511 0.048880
v 0.038795 0.180904 0.048880
v 0.040976 0.055384 0.047968
v 0.041025 0.128723 0.047968
v 0.039103 0.208724 0.048880
v 0.039103 0.142978 0.048880
v 0.040976 0.055384 0.040072
v 0.041025 0.128723 0.040072
v 0.047342 0.110758 0.000000
v 0.047388 0.089140 0.000000
v -0.023670 0.001617 0.023984
v -0.023246 0.056130 0.000000
v -0.023538 0.180904 -0.000000
v -0.023246 0.036374 0.000000
v -0.023800 0.002917 0.011992
v -0.023773 -0.000002 0.023295
v -0.024000 -0.000002 0.012682
v -0.023547 0.002917 0.001595
v -0.024931 0.222981 0.046415
v -0.023603 0.222259 0.000455
v -0.023538 0.221026 -0.000000
v -0.024709 0.032433 0.047508
v -0.025306 0.033560 0.047968
v -0.024871 0.131549 0.047968
v -0.024871 0.216940 0.047968
v -0.024871 0.138511 0.047968
v -0.024871 0.213191 0.047968
v -0.024871 0.138511 0.048880
v -0.024871 0.213191 0.048880
v -0.025488 0.128723 0.047968
v -0.024871 0.208724 0.048880
v -0.024871 0.142978 0.048880
v -0.025488 0.128723 0.040072
v -0.022811 0.031965 0.024100
v -0.025800 0.228172 0.023984
v -0.024871 0.052918 0.047968
v -0.025256 0.225397 0.011992
v -0.023520 0.003384 0.000467
v -0.023508 0.004512 0.000000
v -0.024889 0.222259 0.047513
v -0.024871 0.221026 0.047968
v -0.023760 0.222981 0.001554
v -0.024397 0.031965 0.046396
v -0.023430 0.134761 -0.000000
v -0.023538 0.216940 -0.000000
v -0.024871 0.180904 0.048880
v -0.025488 0.055384 0.047968
v -0.025488 0.055384 0.040072
v -0.023349 0.110758 0.000000
v -0.023326 0.089140 0.000000
v 0.041025 0.127219 0.047231
v 0.030161 0.127219 0.047231
v 0.041025 0.127219 0.040072
v 0.030161 0.127219 0.040072
v -0.006938 0.127219 0.047231
v -0.006938 0.127219 0.040072
v -0.025488 0.127219 0.047231
v -0.025488 0.127219 0.040072
v 0.041025 0.125317 0.047231
v 0.030161 0.125317 0.047231
v 0.041025 0.125317 0.040072
v 0.030161 0.125317 0.040072
v -0.006938 0.125317 0.047231
v -0.006938 0.125317 0.040072
v -0.025488 0.125317 0.047231
v -0.025488 0.125317 0.040072
v -0.050845 0.057121 0.046128
v -0.050845 0.057121 0.041913
v -0.050609 0.056253 0.046128
v -0.050609 0.056253 0.041913
v 0.051889 0.128723 0.041913
v 0.051889 0.128723 0.046128
v -0.049964 0.055617 0.041913
v -0.049964 0.055617 0.046128
v 0.030161 0.055384 0.041913
v 0.030161 0.055384 0.046128
v -0.044038 0.055384 0.041913
v -0.044038 0.055384 0.046128
v 0.052774 0.128492 0.046128
v 0.052774 0.128492 0.041913
v -0.049083 0.055384 0.046128
v -0.049083 0.055384 0.041913
v -0.044038 0.128723 0.041913
v -0.044038 0.128723 0.046128
v 0.053422 0.127859 0.046128
v 0.053422 0.127859 0.041913
v -0.049166 0.128723 0.041913
v -0.049166 0.128723 0.046128
v -0.050005 0.128478 0.041913
v -0.050005 0.128478 0.046128
v 0.053659 0.126995 0.046128
v 0.053659 0.126995 0.041913
v -0.050845 0.126894 0.046128
v -0.050845 0.126894 0.041913
v -0.050620 0.127808 0.041913
v -0.050620 0.127808 0.046128
v 0.052725 0.055606 0.041913
v 0.052725 0.055606 0.046128
v 0.051790 0.055384 0.046128
v 0.051790 0.055384 0.041913
v 0.053409 0.056209 0.041913
v 0.053409 0.056209 0.046128
v 0.053659 0.057034 0.041913
v 0.053659 0.057034 0.046128
v -0.006938 0.055384 0.046128
v -0.006938 0.055384 0.041913
v 0.053659 0.110758 0.046128
v 0.053659 0.110758 0.041913
v 0.053659 0.089140 0.041913
v 0.053659 0.089140 0.046128
v -0.050845 0.089140 0.046128
v -0.050845 0.089140 0.041913
v -0.050845 0.110758 0.041913
v -0.050845 0.110758 0.046128
v 0.052433 0.110758 0.040942
v 0.052433 0.110758 0.045157
v 0.052433 0.089140 0.040942
v 0.052433 0.089140 0.045157
v 0.040976 0.055384 0.046128
v 0.040976 0.055384 0.041913
v 0.041025 0.128723 0.041913
v 0.041025 0.128723 0.046128
v -0.025488 0.055384 0.046128
v -0.025488 0.055384 0.041913
v -0.025488 0.128723 0.046128
v -0.025488 0.128723 0.041913
v 0.030161 0.127219 0.041913
v 0.030161 0.127219 0.046128
v -0.006938 0.127219 0.041913
v -0.006938 0.127219 0.046128
v 0.041025 0.127219 0.046128
v 0.041025 0.127219 0.041913
v -0.025488 0.127219 0.046128
v -0.025488 0.127219 0.041913
v 0.030161 0.124308 0.046128
v 0.030161 0.124308 0.041913
v -0.006938 0.124308 0.046128
v -0.006938 0.124308 0.041913
v 0.041025 0.124308 0.041913
v 0.041025 0.124308 0.046128
v -0.025488 0.124308 0.041913
v -0.025488 0.124308 0.046128
v 0.061640 0.222768 0.007705
v 0.061169 0.223920 0.007697
v 0.060036 0.224401 0.007689
v 0.061640 0.004788 0.007706
v 0.061109 0.003489 0.007706
v 0.059877 0.002917 0.007706
v -0.056332 0.002917 0.007706
v -0.057564 0.003489 0.007706
v -0.058094 0.004788 0.007706
v -0.058094 0.222767 0.007705
v -0.057624 0.223919 0.007697
v -0.056492 0.224401 0.007689
v 0.061643 0.180904 0.007706
v 0.033885 0.224401 0.007689
v 0.061643 0.036374 0.007706
v 0.033253 0.002917 0.007706
v -0.058094 0.180904 0.007706
v -0.044147 0.224401 0.007689
v -0.042679 0.002917 0.007706
v -0.058094 0.036374 0.007706
v 0.061643 0.056130 0.007706
v -0.058094 0.056130 0.007706
v -0.061639 0.056130 0.007706
v 0.061643 0.134761 0.007706
v -0.058094 0.218504 0.007705
v 0.061640 0.218505 0.007705
v -0.005131 0.224401 0.007689
v -0.004713 0.002917 0.007706
v -0.061639 0.108662 0.007338
v -0.061639 0.091237 0.007338
v 0.061643 0.089140 0.007706
v 0.061643 0.110758 0.007706
v 0.046565 0.002917 0.007706
v 0.046960 0.224401 0.007689
v -0.024639 0.224401 0.007689
v -0.023696 0.002917 0.007706
v -0.061639 0.089140 0.011992
v -0.061639 0.110758 0.011992
v -0.061639 0.110758 0.007706
v -0.061639 0.110758 0.001595
v -0.061639 0.089140 0.001595
v -0.061639 0.089140 0.007706
v -0.058137 0.108662 0.007338
v -0.058137 0.091237 0.007338
v -0.058137 0.091237 0.008646
v -0.058137 0.108662 0.008646
v -0.058137 0.108662 0.004941
v -0.058137 0.091237 0.004941
v -0.061639 0.151906 0.013225
v -0.061639 0.170828 0.013225
v -0.061639 0.170828 0.011977
v -0.061639 0.151906 0.005319
v -0.061639 0.170828 0.005319
v -0.061639 0.170828 0.006307
v -0.061639 0.151906 0.006307
v -0.061639 0.134761 0.023984
v -0.061639 0.180904 0.023984
v -0.061639 0.180904 0.011992
v -0.061639 0.134761 0.001595
v -0.061639 0.180904 0.001595
v -0.061639 0.180904 0.007706
v -0.061639 0.134761 0.011992
v -0.061639 0.134761 0.007706
v -0.056590 0.170828 0.006307
v -0.056590 0.151906 0.006307
v -0.056590 0.170828 0.011977
v -0.056590 0.151906 0.011977
v -0.056590 0.151906 0.013225
v -0.056590 0.170828 0.013225
v -0.056590 0.151906 0.005319
v -0.056590 0.170828 0.005319
v 0.044266 0.228094 0.023987
v 0.046530 0.227626 0.026632
v 0.049655 0.228094 0.023987
v 0.046960 0.227617 0.021278
v 0.045006 0.227860 0.022091
v 0.044886 0.227863 0.025718
v 0.048735 0.227864 0.026022
v 0.048915 0.227860 0.022091
v 0.044266 0.221817 0.023987
v 0.046530 0.221349 0.026632
v 0.049655 0.221817 0.023987
v 0.046960 0.221340 0.021278
v 0.045006 0.221583 0.022091
v 0.044886 0.221586 0.025718
v 0.048735 0.221587 0.026022
v 0.048915 0.221583 0.022091
v 0.044825 0.223593 0.023983
v 0.046621 0.223114 0.026066
v 0.049096 0.223593 0.023983
v 0.046960 0.223102 0.021821
v 0.045405 0.223352 0.022473
v 0.045323 0.223356 0.025349
v 0.048361 0.223357 0.025587
v 0.048516 0.223352 0.022473
v 0.044965 0.223483 0.023171
v 0.045906 0.223227 0.025826
v 0.048902 0.223487 0.024869
v 0.047809 0.223217 0.021986
v 0.046112 0.223217 0.021986
v 0.044953 0.223482 0.024713
v 0.047545 0.223224 0.026021
v 0.048956 0.223483 0.023171
v 0.044825 0.230461 0.023983
v 0.046621 0.230461 0.026066
v 0.049096 0.230461 0.023983
v 0.046960 0.230461 0.021821
v 0.045405 0.230461 0.022473
v 0.045323 0.230461 0.025349
v 0.048361 0.230461 0.025587
v 0.048516 0.230461 0.022473
v 0.044965 0.230461 0.023171
v 0.045906 0.230461 0.025826
v 0.048902 0.230461 0.024869
v 0.047809 0.230461 0.021986
v 0.046112 0.230461 0.021986
v 0.044953 0.230461 0.024713
v 0.047545 0.230461 0.026021
v 0.048956 0.230461 0.023171
v 0.045002 0.230759 0.023979
v 0.046649 0.230759 0.025890
v 0.048919 0.230759 0.023979
v 0.046960 0.230759 0.021997
v 0.045534 0.230759 0.022595
v 0.045459 0.230759 0.025232
v 0.048244 0.230759 0.025451
v 0.048387 0.230759 0.022595
v 0.045130 0.230759 0.023235
v 0.045994 0.230759 0.025669
v 0.048741 0.230759 0.024792
v 0.047738 0.230759 0.022148
v 0.046183 0.230759 0.022148
v 0.045120 0.230759 0.024649
v 0.047497 0.230759 0.025849
v 0.048791 0.230759 0.023235
v 0.045002 0.231469 0.023979
v 0.046649 0.231469 0.025890
v 0.048919 0.231469 0.023979
v 0.046960 0.231469 0.021997
v 0.045534 0.231469 0.022595
v 0.045459 0.231469 0.025232
v 0.048244 0.231469 0.025451
v 0.048387 0.231469 0.022595
v 0.045130 0.231469 0.023235
v 0.045994 0.231469 0.025669
v 0.048741 0.231469 0.024792
v 0.047738 0.231469 0.022148
v 0.046183 0.231469 0.022148
v 0.045120 0.231469 0.024649
v 0.047497 0.231469 0.025849
v 0.048791 0.231469 0.023235
v 0.045265 0.231736 0.023975
v 0.046691 0.231736 0.025628
v 0.048655 0.231736 0.023975
v 0.046960 0.231736 0.022259
v 0.045726 0.231736 0.022776
v 0.045661 0.231736 0.025059
v 0.048072 0.231736 0.025248
v 0.048195 0.231736 0.022776
v 0.045376 0.231736 0.023330
v 0.046124 0.231736 0.025438
v 0.048502 0.231736 0.024678
v 0.047634 0.231736 0.022390
v 0.046287 0.231736 0.022390
v 0.045367 0.231736 0.024554
v 0.047425 0.231736 0.025593
v 0.048545 0.231736 0.023330
v 0.045265 0.232594 0.023975
v 0.046691 0.232594 0.025628
v 0.048655 0.232594 0.023975
v 0.046960 0.232594 0.022259
v 0.045726 0.232594 0.022776
v 0.045661 0.232594 0.025059
v 0.048072 0.232594 0.025248
v 0.048195 0.232594 0.022776
v 0.045376 0.232594 0.023330
v 0.046124 0.232594 0.025438
v 0.048502 0.232594 0.024678
v 0.047634 0.232594 0.022390
v 0.046287 0.232594 0.022390
v 0.045367 0.232594 0.024554
v 0.047425 0.232594 0.025593
v 0.048545 0.232594 0.023330
v 0.045492 0.232778 0.023970
v 0.046727 0.232778 0.025403
v 0.048429 0.232778 0.023970
v 0.046960 0.232778 0.022484
v 0.045891 0.232778 0.022932
v 0.045834 0.232778 0.024910
v 0.047923 0.232778 0.025074
v 0.048030 0.232778 0.022932
v 0.045588 0.232778 0.023412
v 0.046235 0.232778 0.025238
v 0.048296 0.232778 0.024580
v 0.047544 0.232778 0.022597
v 0.046377 0.232778 0.022597
v 0.045580 0.232778 0.024473
v 0.047363 0.232778 0.025372
v 0.048333 0.232778 0.023412
v 0.045492 0.234316 0.023970
v 0.046727 0.234316 0.025403
v 0.048429 0.234316 0.023970
v 0.046960 0.234316 0.022484
v 0.045891 0.234316 0.022932
v 0.045834 0.234316 0.024910
v 0.047923 0.234316 0.025074
v 0.048030 0.234316 0.022932
v 0.045588 0.234316 0.023412
v 0.046235 0.234316 0.025238
v 0.048296 0.234316 0.024580
v 0.047544 0.234316 0.022597
v 0.046377 0.234316 0.022597
v 0.045580 0.234316 0.024473
v 0.047363 0.234316 0.025372
v 0.048333 0.234316 0.023412
v 0.044497 0.234316 0.023989
v 0.046569 0.234316 0.026392
v 0.049424 0.234316 0.023989
v 0.046960 0.234316 0.021495
v 0.045166 0.234316 0.022247
v 0.045071 0.234316 0.025565
v 0.048576 0.234316 0.025840
v 0.048755 0.234316 0.022247
v 0.044658 0.234316 0.023052
v 0.045744 0.234316 0.026115
v 0.049200 0.234316 0.025011
v 0.047939 0.234316 0.021685
v 0.045982 0.234316 0.021685
v 0.044645 0.234316 0.024831
v 0.047635 0.234316 0.026340
v 0.049263 0.234316 0.023052
v 0.044497 0.236816 0.023989
v 0.046569 0.236816 0.026392
v 0.049424 0.236816 0.023989
v 0.046960 0.236816 0.021495
v 0.045166 0.236816 0.022247
v 0.045071 0.236816 0.025565
v 0.048576 0.236816 0.025840
v 0.048755 0.236816 0.022247
v 0.044658 0.236816 0.023052
v 0.045744 0.236816 0.026115
v 0.049200 0.236816 0.025011
v 0.047939 0.236816 0.021685
v 0.045982 0.236816 0.021685
v 0.044645 0.236816 0.024831
v 0.047635 0.236816 0.026340
v 0.049263 0.236816 0.023052
v 0.046922 0.236816 0.023957
v 0.046960 0.227522 0.021638
v 0.048652 0.227732 0.022342
v 0.046588 0.227530 0.026271
v 0.045165 0.227736 0.025481
v 0.048496 0.227736 0.025743
v 0.045269 0.227732 0.022342
v 0.049293 0.227935 0.023983
v 0.044628 0.227935 0.023983
v -0.060919 0.171048 0.013195
v -0.060919 0.151694 0.013195
v -0.060919 0.171048 0.005297
v -0.060919 0.151694 0.005297
v -0.060919 0.161371 0.005297
v -0.060919 0.161371 0.013195
v -0.060919 0.170358 0.005987
v -0.060919 0.170358 0.012504
v -0.060919 0.152384 0.012504
v -0.060919 0.152384 0.005987
v -0.060919 0.161371 0.007104
v -0.060919 0.161371 0.011388
v -0.060919 0.160911 0.013195
v -0.060919 0.161831 0.013195
v -0.060919 0.161831 0.005297
v -0.060919 0.160911 0.005297
v -0.060919 0.161831 0.012504
v -0.060919 0.160911 0.012504
v -0.060919 0.160911 0.005987
v -0.060919 0.161831 0.005987
v -0.060919 0.166267 0.012803
v -0.060919 0.166267 0.013195
v -0.060919 0.166267 0.005689
v -0.060919 0.166267 0.005297
v -0.060919 0.156475 0.012803
v -0.060919 0.156475 0.013195
v -0.060919 0.156475 0.005689
v -0.060919 0.156475 0.005297
v -0.060919 0.170716 0.009246
v -0.060919 0.152026 0.009246
v -0.060919 0.171048 0.009246
v -0.060919 0.151694 0.009246
v -0.054975 0.170716 0.009246
v -0.054975 0.170358 0.012504
v -0.054975 0.152026 0.009246
v -0.054975 0.152384 0.005987
v -0.054975 0.160911 0.005987
v -0.054975 0.161371 0.007104
v -0.054975 0.161831 0.012504
v -0.054975 0.161371 0.011388
v -0.054975 0.161371 0.009246
v -0.054975 0.160911 0.012504
v -0.054975 0.160911 0.009246
v -0.054975 0.161831 0.005987
v -0.054975 0.161831 0.009246
v -0.054975 0.156475 0.012803
v -0.054975 0.166267 0.012803
v -0.054975 0.166267 0.005689
v -0.054975 0.156475 0.005689
v -0.054975 0.170358 0.005987
v -0.054975 0.166267 0.009246
v -0.054975 0.152384 0.012504
v -0.054975 0.156475 0.009246
v -0.054975 0.156475 0.011634
v -0.054975 0.154786 0.010935
v -0.054975 0.154087 0.009246
v -0.054975 0.154786 0.007557
v -0.054975 0.156475 0.006857
v -0.054975 0.158164 0.007557
v -0.054975 0.158863 0.009246
v -0.054975 0.158164 0.010935
v -0.061948 0.156475 0.010308
v -0.061948 0.155724 0.009997
v -0.061948 0.155413 0.009246
v -0.061948 0.155724 0.008495
v -0.061948 0.156475 0.008184
v -0.061948 0.157226 0.008495
v -0.061948 0.157537 0.009246
v -0.061948 0.157226 0.009997
v -0.062528 0.156475 0.009585
v -0.062528 0.156235 0.009486
v -0.062528 0.156136 0.009246
v -0.062528 0.156235 0.009006
v -0.062528 0.156475 0.008907
v -0.062528 0.156715 0.009006
v -0.062528 0.156814 0.009246
v -0.062528 0.156715 0.009486
v -0.062596 0.156475 0.009366
v -0.062596 0.156390 0.009331
v -0.062596 0.156355 0.009246
v -0.062596 0.156390 0.009161
v -0.062596 0.156475 0.009125
v -0.062596 0.156560 0.009161
v -0.062596 0.156595 0.009246
v -0.062596 0.156560 0.009331
v -0.062238 0.155902 0.008673
v -0.062238 0.156475 0.008436
v -0.062238 0.155902 0.009819
v -0.062238 0.155665 0.009246
v -0.062238 0.157285 0.009246
v -0.062238 0.157048 0.009819
v -0.062238 0.157048 0.008673
v -0.062238 0.156475 0.010056
v -0.058462 0.156475 0.011634
v -0.058462 0.154786 0.010935
v -0.058462 0.158164 0.010935
v -0.058462 0.158164 0.007557
v -0.058462 0.158863 0.009246
v -0.058462 0.154786 0.007557
v -0.058462 0.156475 0.006857
v -0.058462 0.154087 0.009246
v -0.058791 0.156475 0.010308
v -0.058791 0.157226 0.009997
v -0.058791 0.157226 0.008495
v -0.058791 0.155724 0.008495
v -0.058791 0.155724 0.009997
v -0.058791 0.157537 0.009246
v -0.058791 0.156475 0.008184
v -0.058791 0.155413 0.009246
v -0.058988 0.093111 0.005119
v -0.058988 0.093111 0.008468
v -0.060830 0.093632 0.005119
v -0.060830 0.093632 0.008468
v -0.062397 0.095114 0.005119
v -0.062397 0.095114 0.008468
v -0.063444 0.097332 0.005119
v -0.063444 0.097332 0.008468
v -0.063812 0.099949 0.005119
v -0.063812 0.099949 0.008468
v -0.063444 0.102566 0.005119
v -0.063444 0.102566 0.008468
v -0.062397 0.104784 0.005119
v -0.062397 0.104784 0.008468
v -0.060830 0.106267 0.005119
v -0.060830 0.106267 0.008468
v -0.058988 0.106787 0.005119
v -0.058988 0.106787 0.008468
v -0.058988 0.091437 0.005119
v -0.058988 0.091437 0.008468
v -0.061282 0.092085 0.005119
v -0.061282 0.092085 0.008468
v -0.063233 0.093930 0.005119
v -0.063233 0.093930 0.008468
v -0.064537 0.096692 0.005119
v -0.064537 0.096692 0.008468
v -0.064994 0.099949 0.005119
v -0.064994 0.099949 0.008468
v -0.064537 0.103207 0.005119
v -0.064537 0.103207 0.008468
v -0.063233 0.105968 0.005119
v -0.063233 0.105968 0.008468
v -0.061282 0.107813 0.005119
v -0.061282 0.107813 0.008468
v -0.058988 0.108461 0.005119
v -0.058988 0.108461 0.008468
v -0.058988 0.093111 0.005384
v -0.058988 0.093111 0.008203
v -0.060830 0.093632 0.005384
v -0.060830 0.093632 0.008203
v -0.062397 0.095114 0.005384
v -0.062397 0.095114 0.008203
v -0.063444 0.097332 0.005384
v -0.063444 0.097332 0.008203
v -0.063812 0.099949 0.005384
v -0.063812 0.099949 0.008203
v -0.063444 0.102566 0.005384
v -0.063444 0.102566 0.008203
v -0.062397 0.104784 0.005384
v -0.062397 0.104784 0.008203
v -0.060830 0.106267 0.005384
v -0.060830 0.106267 0.008203
v -0.058988 0.106787 0.005384
v -0.058988 0.106787 0.008203
v -0.058988 0.099949 0.005384
v -0.058988 0.099949 0.008203
v 0.030529 0.128906 0.040307
v 0.052141 0.128906 0.040307
v 0.053030 0.128674 0.040307
v 0.053682 0.128038 0.040307
v 0.053920 0.127169 0.040307
v 0.052981 0.055423 0.040308
v 0.052042 0.055201 0.040308
v 0.053669 0.056030 0.040308
v 0.053920 0.056859 0.040308
v 0.030529 0.127108 0.040307
v 0.052542 0.126985 0.040307
v 0.034402 0.128906 0.040307
v 0.037675 0.055201 0.040308
v 0.034465 0.127139 0.040307
v 0.052326 0.056911 0.040308
v 0.034464 0.073460 0.040308
v 0.053920 0.073381 0.040308
v 0.052327 0.073428 0.040308
v 0.037770 0.056970 0.040308
v 0.033667 0.072021 0.039083
v 0.036814 0.056830 0.039083
v 0.036724 0.055204 0.039083
v 0.030529 0.092249 0.040308
v 0.034465 0.092250 0.040308
v 0.053920 0.092211 0.040308
v 0.052540 0.120778 0.040307
v 0.023227 0.055201 0.040308
v 0.023227 0.127108 0.040307
v 0.023227 0.128906 0.040307
v 0.023227 0.073476 0.040308
v 0.023227 0.056857 0.039083
v 0.023227 0.055204 0.039083
v 0.023227 0.072036 0.039083
v 0.023227 0.096245 0.040308
v 0.019231 0.092249 0.040308
v 0.023227 0.088254 0.040308
v 0.027222 0.092249 0.040308
v 0.026052 0.095075 0.040308
v 0.020401 0.089424 0.040308
v 0.024490 0.096040 0.040308
v 0.019436 0.093513 0.040308
v 0.021963 0.088459 0.040308
v 0.027017 0.090986 0.040308
v 0.027017 0.093513 0.040308
v 0.021963 0.096040 0.040308
v 0.019436 0.090986 0.040308
v 0.024490 0.088459 0.040308
v 0.026052 0.089424 0.040308
v 0.020401 0.095075 0.040308
v 0.023227 0.096245 0.038060
v 0.019231 0.092249 0.038060
v 0.023227 0.088254 0.038060
v 0.027222 0.092249 0.038060
v 0.026052 0.095075 0.038060
v 0.020401 0.089424 0.038060
v 0.024490 0.096040 0.038060
v 0.019436 0.093513 0.038060
v 0.021963 0.088459 0.038060
v 0.027017 0.090986 0.038060
v 0.027017 0.093513 0.038060
v 0.021963 0.096040 0.038060
v 0.019436 0.090986 0.038060
v 0.024490 0.088459 0.038060
v 0.026052 0.089424 0.038060
v 0.020401 0.095075 0.038060
v 0.023227 0.095558 0.041182
v 0.019919 0.092249 0.041182
v 0.023227 0.088941 0.041182
v 0.026535 0.092249 0.041182
v 0.025566 0.094589 0.041182
v 0.020887 0.089910 0.041182
v 0.024273 0.095388 0.041182
v 0.020088 0.093296 0.041182
v 0.022181 0.089111 0.041182
v 0.026365 0.091203 0.041182
v 0.026365 0.093296 0.041182
v 0.022181 0.095388 0.041182
v 0.020088 0.091203 0.041182
v 0.024273 0.089111 0.041182
v 0.025566 0.089910 0.041182
v 0.020887 0.094589 0.041182
v 0.023227 0.095558 0.044284
v 0.019919 0.092249 0.044284
v 0.023227 0.088941 0.044284
v 0.026535 0.092249 0.044284
v 0.025566 0.094589 0.044284
v 0.020887 0.089910 0.044284
v 0.024273 0.095388 0.044284
v 0.020088 0.093296 0.044284
v 0.022181 0.089111 0.044284
v 0.026365 0.091203 0.044284
v 0.026365 0.093296 0.044284
v 0.022181 0.095388 0.044284
v 0.020088 0.091203 0.044284
v 0.024273 0.089111 0.044284
v 0.025566 0.089910 0.044284
v 0.020887 0.094589 0.044284
v 0.024370 0.091868 0.047318
v 0.021474 0.090497 0.041182
v 0.022845 0.091106 0.047318
v 0.024979 0.094002 0.041182
v 0.022083 0.092631 0.047318
v 0.023608 0.093393 0.047318
v 0.025705 0.092249 0.041182
v 0.022374 0.091397 0.047318
v 0.023227 0.089771 0.041182
v 0.024079 0.093102 0.047318
v 0.024432 0.092249 0.047318
v 0.020748 0.092249 0.041182
v 0.023227 0.091044 0.047318
v 0.023227 0.094728 0.041182
v 0.022021 0.092249 0.047318
v 0.023227 0.093455 0.047318
v 0.024010 0.094601 0.041182
v 0.020875 0.093033 0.041182
v 0.022443 0.089898 0.041182
v 0.025578 0.091466 0.041182
v 0.025578 0.093033 0.041182
v 0.022443 0.094601 0.041182
v 0.020875 0.091466 0.041182
v 0.024010 0.089898 0.041182
v 0.024979 0.090497 0.041182
v 0.021474 0.094002 0.041182
v 0.021474 0.090497 0.037146
v 0.024979 0.094002 0.037146
v 0.025705 0.092249 0.037146
v 0.023227 0.089771 0.037146
v 0.020748 0.092249 0.037146
v 0.023227 0.094728 0.037146
v 0.024010 0.094601 0.037146
v 0.020875 0.093033 0.037146
v 0.022443 0.089898 0.037146
v 0.025578 0.091466 0.037146
v 0.025578 0.093033 0.037146
v 0.022443 0.094601 0.037146
v 0.020875 0.091466 0.037146
v 0.024010 0.089898 0.037146
v 0.024979 0.090497 0.037146
v 0.021474 0.094002 0.037146
v 0.024370 0.092631 0.047318
v 0.022845 0.093393 0.047318
v 0.022083 0.091868 0.047318
v 0.023608 0.091106 0.047318
v 0.024079 0.091397 0.047318
v 0.022374 0.093102 0.047318
v 0.023594 0.092127 0.047318
v 0.023104 0.091882 0.047318
v 0.022860 0.092372 0.047318
v 0.023349 0.092617 0.047318
v 0.022953 0.091976 0.047318
v 0.023500 0.092523 0.047318
v 0.023614 0.092249 0.047318
v 0.023227 0.091863 0.047318
v 0.022840 0.092249 0.047318
v 0.023227 0.092636 0.047318
v 0.023594 0.092372 0.047318
v 0.023104 0.092617 0.047318
v 0.022860 0.092127 0.047318
v 0.023349 0.091882 0.047318
v 0.023500 0.091976 0.047318
v 0.022953 0.092523 0.047318
v 0.023227 0.092249 0.047084
v 0.052330 0.127201 0.040307
v 0.052328 0.092252 0.040308
v 0.053708 0.126962 0.040307
v 0.053708 0.120748 0.040307
v 0.053708 0.126962 0.038187
v 0.053708 0.120748 0.038187
v 0.052542 0.126985 0.038187
v 0.052540 0.120778 0.038187
v -0.027571 0.128906 0.040307
v -0.049183 0.128906 0.040307
v -0.050072 0.128674 0.040307
v -0.050724 0.128038 0.040307
v -0.050962 0.127169 0.040307
v -0.050023 0.055423 0.040308
v -0.049084 0.055201 0.040308
v -0.050711 0.056030 0.040308
v -0.050962 0.056859 0.040308
v -0.027571 0.127108 0.040307
v -0.049584 0.126985 0.040307
v -0.031444 0.128906 0.040307
v -0.034717 0.055201 0.040308
v -0.031507 0.127139 0.040307
v -0.049368 0.056911 0.040308
v -0.031506 0.073460 0.040308
v -0.050962 0.073381 0.040308
v -0.049369 0.073428 0.040308
v -0.034812 0.056970 0.040308
v -0.030709 0.072021 0.039083
v -0.033856 0.056830 0.039083
v -0.033766 0.055204 0.039083
v -0.027571 0.092249 0.040308
v -0.031507 0.092250 0.040308
v -0.050962 0.092211 0.040308
v -0.049582 0.120778 0.040307
v -0.020269 0.055201 0.040308
v -0.020269 0.127108 0.040307
v -0.020269 0.128906 0.040307
v -0.020269 0.073476 0.040308
v -0.020269 0.056857 0.039083
v -0.020269 0.055204 0.039083
v -0.020269 0.072036 0.039083
v -0.020269 0.096245 0.040308
v -0.016273 0.092249 0.040308
v -0.020269 0.088254 0.040308
v -0.024264 0.092249 0.040308
v -0.023094 0.095075 0.040308
v -0.017443 0.089424 0.040308
v -0.021532 0.096040 0.040308
v -0.016478 0.093513 0.040308
v -0.019005 0.088459 0.040308
v -0.024059 0.090986 0.040308
v -0.024059 0.093513 0.040308
v -0.019005 0.096040 0.040308
v -0.016478 0.090986 0.040308
v -0.021532 0.088459 0.040308
v -0.023094 0.089424 0.040308
v -0.017443 0.095075 0.040308
v 0.001479 0.092249 0.040308
v 0.001479 0.055201 0.040308
v 0.001479 0.056857 0.039083
v 0.001479 0.055204 0.039083
v 0.001479 0.073476 0.040308
v 0.001479 0.072036 0.039083
v 0.001479 0.127108 0.040307
v 0.001479 0.128906 0.040307
v -0.020269 0.096245 0.038060
v -0.016273 0.092249 0.038060
v -0.020269 0.088254 0.038060
v -0.024264 0.092249 0.038060
v -0.023094 0.095075 0.038060
v -0.017443 0.089424 0.038060
v -0.021532 0.096040 0.038060
v -0.016478 0.093513 0.038060
v -0.019005 0.088459 0.038060
v -0.024059 0.090986 0.038060
v -0.024059 0.093513 0.038060
v -0.019005 0.096040 0.038060
v -0.016478 0.090986 0.038060
v -0.021532 0.088459 0.038060
v -0.023094 0.089424 0.038060
v -0.017443 0.095075 0.038060
v -0.020269 0.095558 0.041182
v -0.016961 0.092249 0.041182
v -0.020269 0.088941 0.041182
v -0.023577 0.092249 0.041182
v -0.022608 0.094589 0.041182
v -0.017929 0.089910 0.041182
v -0.021315 0.095388 0.041182
v -0.017130 0.093296 0.041182
v -0.019223 0.089111 0.041182
v -0.023407 0.091203 0.041182
v -0.023407 0.093296 0.041182
v -0.019223 0.095388 0.041182
v -0.017130 0.091203 0.041182
v -0.021315 0.089111 0.041182
v -0.022608 0.089910 0.041182
v -0.017929 0.094589 0.041182
v -0.020269 0.095558 0.044284
v -0.016961 0.092249 0.044284
v -0.020269 0.088941 0.044284
v -0.023577 0.092249 0.044284
v -0.022608 0.094589 0.044284
v -0.017929 0.089910 0.044284
v -0.021315 0.095388 0.044284
v -0.017130 0.093296 0.044284
v -0.019223 0.089111 0.044284
v -0.023407 0.091203 0.044284
v -0.023407 0.093296 0.044284
v -0.019223 0.095388 0.044284
v -0.017130 0.091203 0.044284
v -0.021315 0.089111 0.044284
v -0.022608 0.089910 0.044284
v -0.017929 0.094589 0.044284
v -0.021412 0.091868 0.047318
v -0.018516 0.090497 0.041182
v -0.019887 0.091106 0.047318
v -0.022021 0.094002 0.041182
v -0.019125 0.092631 0.047318
v -0.020650 0.093393 0.047318
v -0.022747 0.092249 0.041182
v -0.019416 0.091397 0.047318
v -0.020269 0.089771 0.041182
v -0.021121 0.093102 0.047318
v -0.021474 0.092249 0.047318
v -0.017790 0.092249 0.041182
v -0.020269 0.091044 0.047318
v -0.020269 0.094728 0.041182
v -0.019063 0.092249 0.047318
v -0.020269 0.093455 0.047318
v -0.021052 0.094601 0.041182
v -0.017917 0.093033 0.041182
v -0.019485 0.089898 0.041182
v -0.022620 0.091466 0.041182
v -0.022620 0.093033 0.041182
v -0.019485 0.094601 0.041182
v -0.017917 0.091466 0.041182
v -0.021052 0.089898 0.041182
v -0.022021 0.090497 0.041182
v -0.018516 0.094002 0.041182
v -0.018516 0.090497 0.037146
v -0.022021 0.094002 0.037146
v -0.022747 0.092249 0.037146
v -0.020269 0.089771 0.037146
v -0.017790 0.092249 0.037146
v -0.020269 0.094728 0.037146
v -0.021052 0.094601 0.037146
v -0.017917 0.093033 0.037146
v -0.019485 0.089898 0.037146
v -0.022620 0.091466 0.037146
v -0.022620 0.093033 0.037146
v -0.019485 0.094601 0.037146
v -0.017917 0.091466 0.037146
v -0.021052 0.089898 0.037146
v -0.022021 0.090497 0.037146
v -0.018516 0.094002 0.037146
v -0.021412 0.092631 0.047318
v -0.019887 0.093393 0.047318
v -0.019125 0.091868 0.047318
v -0.020650 0.091106 0.047318
v -0.021121 0.091397 0.047318
v -0.019416 0.093102 0.047318
v -0.020636 0.092127 0.047318
v -0.020146 0.091882 0.047318
v -0.019902 0.092372 0.047318
v -0.020391 0.092617 0.047318
v -0.019995 0.091976 0.047318
v -0.020542 0.092523 0.047318
v -0.020656 0.092249 0.047318
v -0.020269 0.091863 0.047318
v -0.019882 0.092249 0.047318
v -0.020269 0.092636 0.047318
v -0.020636 0.092372 0.047318
v -0.020146 0.092617 0.047318
v -0.019902 0.092127 0.047318
v -0.020391 0.091882 0.047318
v -0.020542 0.091976 0.047318
v -0.019995 0.092523 0.047318
v -0.020269 0.092249 0.047084
v -0.049372 0.127201 0.040307
v -0.049370 0.092252 0.040308
v -0.050750 0.126962 0.040307
v -0.050750 0.120748 0.040307
v -0.050750 0.126962 0.038187
v -0.050750 0.120748 0.038187
v -0.049584 0.126985 0.038187
v -0.049582 0.120778 0.038187
v 0.052727 0.117724 0.047966
v 0.052727 0.118536 0.044242
v 0.052727 0.120851 0.041085
v 0.052727 0.124314 0.038976
v 0.052727 0.128400 0.038235
v 0.052727 0.132486 0.038976
v 0.052727 0.135949 0.041085
v 0.052727 0.138264 0.044242
v 0.052727 0.139077 0.047966
v 0.052727 0.121902 0.047966
v 0.052727 0.122397 0.045699
v 0.052727 0.123806 0.043778
v 0.052727 0.125914 0.042495
v 0.052727 0.128400 0.042044
v 0.052727 0.130887 0.042495
v 0.052727 0.132995 0.043778
v 0.052727 0.134403 0.045699
v 0.052727 0.134898 0.047966
v 0.053430 0.117724 0.047966
v 0.053430 0.118536 0.044242
v 0.053430 0.120851 0.041085
v 0.053430 0.124314 0.038976
v 0.053430 0.128400 0.038235
v 0.053430 0.132486 0.038976
v 0.053430 0.135949 0.041085
v 0.053430 0.138264 0.044242
v 0.053430 0.139077 0.047966
v 0.053430 0.121902 0.047966
v 0.053430 0.122397 0.045699
v 0.053430 0.123806 0.043778
v 0.053430 0.125914 0.042495
v 0.053430 0.128400 0.042044
v 0.053430 0.130887 0.042495
v 0.053430 0.132995 0.043778
v 0.053430 0.134403 0.045699
v 0.053430 0.134898 0.047966
v -0.049769 0.117724 0.047966
v -0.049769 0.118536 0.044242
v -0.049769 0.120851 0.041085
v -0.049769 0.124314 0.038976
v -0.049769 0.128400 0.038235
v -0.049769 0.132486 0.038976
v -0.049769 0.135949 0.041085
v -0.049769 0.138264 0.044242
v -0.049769 0.139077 0.047966
v -0.049769 0.121902 0.047966
v -0.049769 0.122397 0.045699
v -0.049769 0.123806 0.043778
v -0.049769 0.125914 0.042495
v -0.049769 0.128400 0.042044
v -0.049769 0.130887 0.042495
v -0.049769 0.132995 0.043778
v -0.049769 0.134403 0.045699
v -0.049769 0.134898 0.047966
v -0.050472 0.117724 0.047966
v -0.050472 0.118536 0.044242
v -0.050472 0.120851 0.041085
v -0.050472 0.124314 0.038976
v -0.050472 0.128400 0.038235
v -0.050472 0.132486 0.038976
v -0.050472 0.135949 0.041085
v -0.050472 0.138264 0.044242
v -0.050472 0.139077 0.047966
v -0.050472 0.121902 0.047966
v -0.050472 0.122397 0.045699
v -0.050472 0.123806 0.043778
v -0.050472 0.125914 0.042495
v -0.050472 0.128400 0.042044
v -0.050472 0.130887 0.042495
v -0.050472 0.132995 0.043778
v -0.050472 0.134403 0.045699
v -0.050472 0.134898 0.047966
v 0.016720 0.006384 0.023086
v 0.016720 0.004819 0.046980
v 0.016720 0.032143 0.023086
v 0.016720 0.032143 0.046980
v 0.031213 0.006384 0.023086
v 0.031213 0.004819 0.046980
v 0.031213 0.032143 0.023086
v 0.031213 0.032143 0.046980
v 0.016720 0.002381 0.045991
v 0.031213 0.002381 0.045991
v 0.016720 0.004819 0.044525
v 0.016720 0.032143 0.044525
v 0.031213 0.032143 0.044525
v 0.031213 0.004819 0.044525
v 0.016720 0.002815 0.043765
v 0.031213 0.002815 0.043765
v 0.016720 0.004819 0.045410
v 0.016720 0.002164 0.044126
v 0.016720 0.032143 0.045410
v 0.031213 0.032143 0.045410
v 0.031213 0.004819 0.045410
v 0.031213 0.002164 0.044126
v 0.016720 0.028232 0.023086
v 0.016720 0.028232 0.046980
v 0.031213 0.028232 0.023086
v 0.031213 0.028232 0.046980
v 0.031213 0.028232 0.044525
v 0.016720 0.028232 0.044525
v 0.031213 0.028232 0.045410
v 0.016720 0.028232 0.045410
v 0.001937 0.006384 0.023086
v 0.001937 0.004819 0.046980
v 0.001937 0.032143 0.023086
v 0.001937 0.032143 0.046980
v 0.016430 0.006384 0.023086
v 0.016430 0.004819 0.046980
v 0.016430 0.032143 0.023086
v 0.016430 0.032143 0.046980
v 0.001937 0.002381 0.045991
v 0.016430 0.002381 0.045991
v 0.001937 0.004819 0.044525
v 0.001937 0.032143 0.044525
v 0.016430 0.032143 0.044525
v 0.016430 0.004819 0.044525
v 0.001937 0.002815 0.043765
v 0.016430 0.002815 0.043765
v 0.001937 0.004819 0.045410
v 0.001937 0.002164 0.044126
v 0.001937 0.032143 0.045410
v 0.016430 0.032143 0.045410
v 0.016430 0.004819 0.045410
v 0.016430 0.002164 0.044126
v 0.001937 0.028232 0.023086
v 0.001937 0.028232 0.046980
v 0.016430 0.028232 0.023086
v 0.016430 0.028232 0.046980
v 0.016430 0.028232 0.044525
v 0.001937 0.028232 0.044525
v 0.016430 0.028232 0.045410
v 0.001937 0.028232 0.045410
v -0.012846 0.006384 0.023086
v -0.012846 0.004819 0.046980
v -0.012846 0.032143 0.023086
v -0.012846 0.032143 0.046980
v 0.001647 0.006384 0.023086
v 0.001647 0.004819 0.046980
v 0.001647 0.032143 0.023086
v 0.001647 0.032143 0.046980
v -0.012846 0.002381 0.045991
v 0.001647 0.002381 0.045991
v -0.012846 0.004819 0.044525
v -0.012846 0.032143 0.044525
v 0.001647 0.032143 0.044525
v 0.001647 0.004819 0.044525
v -0.012846 0.002815 0.043765
v 0.001647 0.002815 0.043765
v -0.012846 0.004819 0.045410
v -0.012846 0.002164 0.044126
v -0.012846 0.032143 0.045410
v 0.001647 0.032143 0.045410
v 0.001647 0.004819 0.045410
v 0.001647 0.002164 0.044126
v -0.012846 0.028232 0.023086
v -0.012846 0.028232 0.046980
v 0.001647 0.028232 0.023086
v 0.001647 0.028232 0.046980
v 0.001647 0.028232 0.044525
v -0.012846 0.028232 0.044525
v 0.001647 0.028232 0.045410
v -0.012846 0.028232 0.045410
v -0.027630 0.006384 0.023086
v -0.027630 0.004819 0.046980
v -0.027630 0.032143 0.023086
v -0.027630 0.032143 0.046980
v -0.013136 0.006384 0.023086
v -0.013136 0.004819 0.046980
v -0.013136 0.032143 0.023086
v -0.013136 0.032143 0.046980
v -0.027630 0.002381 0.045991
v -0.013136 0.002381 0.045991
v -0.027630 0.004819 0.044525
v -0.027630 0.032143 0.044525
v -0.013136 0.032143 0.044525
v -0.013136 0.004819 0.044525
v -0.027630 0.002815 0.043765
v -0.013136 0.002815 0.043765
v -0.027630 0.004819 0.045410
v -0.027630 0.002164 0.044126
v -0.027630 0.032143 0.045410
v -0.013136 0.032143 0.045410
v -0.013136 0.004819 0.045410
v -0.013136 0.002164 0.044126
v -0.027630 0.028232 0.023086
v -0.027630 0.028232 0.046980
v -0.013136 0.028232 0.023086
v -0.013136 0.028232 0.046980
v -0.013136 0.028232 0.044525
v -0.027630 0.028232 0.044525
v -0.013136 0.028232 0.045410
v -0.027630 0.028232 0.045410
v -0.042413 0.006384 0.023086
v -0.042413 0.004819 0.046980
v -0.042413 0.032143 0.023086
v -0.042413 0.032143 0.046980
v -0.027919 0.006384 0.023086
v -0.027919 0.004819 0.046980
v -0.027919 0.032143 0.023086
v -0.027919 0.032143 0.046980
v -0.042413 0.002381 0.045991
v -0.027919 0.002381 0.045991
v -0.042413 0.004819 0.044525
v -0.042413 0.032143 0.044525
v -0.027919 0.032143 0.044525
v -0.027919 0.004819 0.044525
v -0.042413 0.002815 0.043765
v -0.027919 0.002815 0.043765
v -0.042413 0.004819 0.045410
v -0.042413 0.002164 0.044126
v -0.042413 0.032143 0.045410
v -0.027919 0.032143 0.045410
v -0.027919 0.004819 0.045410
v -0.027919 0.002164 0.044126
v -0.042413 0.028232 0.023086
v -0.042413 0.028232 0.046980
v -0.027919 0.028232 0.023086
v -0.027919 0.028232 0.046980
v -0.027919 0.028232 0.044525
v -0.042413 0.028232 0.044525
v -0.027919 0.028232 0.045410
v -0.042413 0.028232 0.045410
v -0.062345 0.083092 0.007663
v -0.062345 0.083609 0.007766
v -0.062345 0.084047 0.008058
v -0.062345 0.084339 0.008496
v -0.062345 0.084442 0.009013
v -0.062345 0.084339 0.009530
v -0.062345 0.084047 0.009968
v -0.062345 0.083609 0.010261
v -0.062345 0.083092 0.010363
v -0.062345 0.082575 0.010261
v -0.062345 0.082137 0.009968
v -0.062345 0.081844 0.009530
v -0.062345 0.081742 0.009013
v -0.062345 0.081844 0.008496
v -0.062345 0.082137 0.008058
v -0.062345 0.082575 0.007766
v -0.060876 0.083092 0.007101
v -0.060876 0.083824 0.007247
v -0.060876 0.084444 0.007661
v -0.060876 0.084858 0.008281
v -0.060876 0.085004 0.009013
v -0.060876 0.084858 0.009745
v -0.060876 0.084444 0.010365
v -0.060876 0.083824 0.010780
v -0.060876 0.083092 0.010925
v -0.060876 0.082360 0.010780
v -0.060876 0.081740 0.010365
v -0.060876 0.081325 0.009745
v -0.060876 0.081180 0.009013
v -0.060876 0.081325 0.008281
v -0.060876 0.081740 0.007661
v -0.060876 0.082360 0.007247
v -0.062017 0.083092 0.007975
v -0.062017 0.083489 0.008054
v -0.062017 0.083826 0.008279
v -0.062017 0.084051 0.008616
v -0.062017 0.084130 0.009013
v -0.062017 0.084051 0.009410
v -0.062017 0.083826 0.009747
v -0.062017 0.083489 0.009972
v -0.062017 0.083092 0.010051
v -0.062017 0.082695 0.009972
v -0.062017 0.082358 0.009747
v -0.062017 0.082133 0.009410
v -0.062017 0.082054 0.009013
v -0.062017 0.082133 0.008616
v -0.062017 0.082358 0.008279
v -0.062017 0.082695 0.008054
v -0.060825 0.083092 0.007975
v -0.060825 0.083489 0.008054
v -0.060825 0.083826 0.008279
v -0.060825 0.084051 0.008616
v -0.060825 0.084130 0.009013
v -0.060825 0.084051 0.009410
v -0.060825 0.083826 0.009747
v -0.060825 0.083489 0.009972
v -0.060825 0.083092 0.010051
v -0.060825 0.082695 0.009972
v -0.060825 0.082358 0.009747
v -0.060825 0.082133 0.009410
v -0.060825 0.082054 0.009013
v -0.060825 0.082133 0.008616
v -0.060825 0.082358 0.008279
v -0.060825 0.082695 0.008054
v -0.062410 0.083092 0.007183
v -0.062241 0.083092 0.007101
v -0.062241 0.083824 0.007247
v -0.062410 0.083792 0.007323
v -0.062241 0.084444 0.007661
v -0.062410 0.084386 0.007719
v -0.062241 0.084858 0.008281
v -0.062410 0.084782 0.008313
v -0.062241 0.085004 0.009013
v -0.062410 0.084922 0.009013
v -0.062241 0.084858 0.009745
v -0.062410 0.084782 0.009713
v -0.062241 0.084444 0.010365
v -0.062410 0.084386 0.010307
v -0.062241 0.083824 0.010780
v -0.062410 0.083792 0.010704
v -0.062241 0.083092 0.010925
v -0.062410 0.083092 0.010843
v -0.062241 0.082360 0.010780
v -0.062410 0.082392 0.010704
v -0.062241 0.081740 0.010365
v -0.062410 0.081798 0.010307
v -0.062241 0.081325 0.009745
v -0.062410 0.081401 0.009713
v -0.062241 0.081180 0.009013
v -0.062410 0.081262 0.009013
v -0.062241 0.081325 0.008281
v -0.062410 0.081401 0.008313
v -0.062241 0.081740 0.007661
v -0.062410 0.081798 0.007719
v -0.062241 0.082360 0.007247
v -0.062410 0.082392 0.007323
v -0.062475 0.082423 0.010628
v -0.062485 0.082487 0.010473
v -0.062485 0.081974 0.010131
v -0.062475 0.081856 0.010249
v -0.062475 0.084328 0.007777
v -0.062485 0.084209 0.007896
v -0.062485 0.084552 0.008408
v -0.062475 0.084706 0.008344
v -0.062485 0.081632 0.009618
v -0.062475 0.081477 0.009682
v -0.062485 0.084672 0.009013
v -0.062475 0.084839 0.009013
v -0.062485 0.081511 0.009013
v -0.062475 0.081344 0.009013
v -0.062485 0.084552 0.009618
v -0.062475 0.084706 0.009682
v -0.062485 0.081632 0.008408
v -0.062475 0.081477 0.008344
v -0.062485 0.084209 0.010131
v -0.062475 0.084328 0.010249
v -0.062485 0.081974 0.007896
v -0.062475 0.081856 0.007777
v -0.062485 0.083697 0.010473
v -0.062475 0.083761 0.010628
v -0.062485 0.082487 0.007553
v -0.062475 0.082423 0.007399
v -0.062485 0.083092 0.010594
v -0.062475 0.083092 0.010761
v -0.062475 0.083092 0.007266
v -0.062485 0.083092 0.007433
v -0.062485 0.083697 0.007553
v -0.062475 0.083761 0.007399
v -0.062345 0.075678 0.006893
v -0.062345 0.076490 0.007055
v -0.062345 0.077177 0.007514
v -0.062345 0.077637 0.008202
v -0.062345 0.077798 0.009013
v -0.062345 0.077637 0.009824
v -0.062345 0.077177 0.010512
v -0.062345 0.076490 0.010972
v -0.062345 0.075678 0.011133
v -0.062345 0.074867 0.010972
v -0.062345 0.074179 0.010512
v -0.062345 0.073720 0.009824
v -0.062345 0.073558 0.009013
v -0.062345 0.073720 0.008202
v -0.062345 0.074179 0.007514
v -0.062345 0.074867 0.007055
v -0.060039 0.075678 0.006011
v -0.060039 0.076827 0.006240
v -0.060039 0.077801 0.006890
v -0.060039 0.078452 0.007864
v -0.060039 0.078681 0.009013
v -0.060039 0.078452 0.010162
v -0.060039 0.077801 0.011136
v -0.060039 0.076827 0.011787
v -0.060039 0.075678 0.012015
v -0.060039 0.074530 0.011787
v -0.060039 0.073556 0.011136
v -0.060039 0.072905 0.010162
v -0.060039 0.072676 0.009013
v -0.060039 0.072905 0.007864
v -0.060039 0.073556 0.006890
v -0.060039 0.074530 0.006240
v -0.061830 0.075678 0.007384
v -0.061830 0.076302 0.007508
v -0.061830 0.076831 0.007861
v -0.061830 0.077184 0.008390
v -0.061830 0.077308 0.009013
v -0.061830 0.077184 0.009637
v -0.061830 0.076831 0.010165
v -0.061830 0.076302 0.010519
v -0.061830 0.075678 0.010643
v -0.061830 0.075055 0.010519
v -0.061830 0.074526 0.010165
v -0.061830 0.074173 0.009637
v -0.061830 0.074049 0.009013
v -0.061830 0.074173 0.008390
v -0.061830 0.074526 0.007861
v -0.061830 0.075055 0.007508
v -0.059959 0.075678 0.007384
v -0.059959 0.076302 0.007508
v -0.059959 0.076831 0.007861
v -0.059959 0.077184 0.008390
v -0.059959 0.077308 0.009013
v -0.059959 0.077184 0.009637
v -0.059959 0.076831 0.010165
v -0.059959 0.076302 0.010519
v -0.059959 0.075678 0.010643
v -0.059959 0.075055 0.010519
v -0.059959 0.074526 0.010165
v -0.059959 0.074173 0.009637
v -0.059959 0.074049 0.009013
v -0.059959 0.074173 0.008390
v -0.059959 0.074526 0.007861
v -0.059959 0.075055 0.007508
v -0.062447 0.075678 0.006140
v -0.062181 0.075678 0.006011
v -0.062181 0.076827 0.006240
v -0.062447 0.076778 0.006359
v -0.062181 0.077801 0.006890
v -0.062447 0.077710 0.006982
v -0.062181 0.078452 0.007864
v -0.062447 0.078333 0.007914
v -0.062181 0.078681 0.009013
v -0.062447 0.078551 0.009013
v -0.062181 0.078452 0.010162
v -0.062447 0.078333 0.010113
v -0.062181 0.077801 0.011136
v -0.062447 0.077710 0.011045
v -0.062181 0.076827 0.011787
v -0.062447 0.076778 0.011667
v -0.062181 0.075678 0.012015
v -0.062447 0.075678 0.011886
v -0.062181 0.074530 0.011787
v -0.062447 0.074579 0.011667
v -0.062181 0.073556 0.011136
v -0.062447 0.073647 0.011045
v -0.062181 0.072905 0.010162
v -0.062447 0.073024 0.010113
v -0.062181 0.072676 0.009013
v -0.062447 0.072806 0.009013
v -0.062181 0.072905 0.007864
v -0.062447 0.073024 0.007914
v -0.062181 0.073556 0.006890
v -0.062447 0.073647 0.006982
v -0.062181 0.074530 0.006240
v -0.062447 0.074579 0.006359
v -0.062550 0.074628 0.011548
v -0.062566 0.074729 0.011306
v -0.062566 0.073924 0.010768
v -0.062550 0.073738 0.010953
v -0.062550 0.077619 0.007073
v -0.062566 0.077433 0.007259
v -0.062566 0.077971 0.008064
v -0.062550 0.078213 0.007963
v -0.062566 0.073386 0.009963
v -0.062550 0.073144 0.010063
v -0.062566 0.078160 0.009013
v -0.062550 0.078422 0.009013
v -0.062566 0.073197 0.009013
v -0.062550 0.072935 0.009013
v -0.062566 0.077971 0.009963
v -0.062550 0.078213 0.010063
v -0.062566 0.073386 0.008064
v -0.062550 0.073144 0.007963
v -0.062566 0.077433 0.010768
v -0.062550 0.077619 0.010953
v -0.062566 0.073924 0.007259
v -0.062550 0.073738 0.007073
v -0.062566 0.076628 0.011306
v -0.062550 0.076728 0.011548
v -0.062566 0.074729 0.006721
v -0.062550 0.074628 0.006478
v -0.062566 0.075678 0.011495
v -0.062550 0.075678 0.011757
v -0.062550 0.075678 0.006269
v -0.062566 0.075678 0.006532
v -0.062566 0.076628 0.006721
v -0.062550 0.076728 0.006478
v -0.054975 0.166148 0.011634
v -0.054975 0.164459 0.010935
v -0.054975 0.163759 0.009246
v -0.054975 0.164459 0.007557
v -0.054975 0.166148 0.006857
v -0.054975 0.167837 0.007557
v -0.054975 0.168536 0.009246
v -0.054975 0.167837 0.010935
v -0.061948 0.166148 0.010308
v -0.061948 0.165397 0.009997
v -0.061948 0.165086 0.009246
v -0.061948 0.165397 0.008495
v -0.061948 0.166148 0.008184
v -0.061948 0.166899 0.008495
v -0.061948 0.167210 0.009246
v -0.061948 0.166899 0.009997
v -0.062528 0.166148 0.009585
v -0.062528 0.165908 0.009486
v -0.062528 0.165809 0.009246
v -0.062528 0.165908 0.009006
v -0.062528 0.166148 0.008907
v -0.062528 0.166388 0.009006
v -0.062528 0.166487 0.009246
v -0.062528 0.166388 0.009486
v -0.062596 0.166148 0.009366
v -0.062596 0.166063 0.009331
v -0.062596 0.166027 0.009246
v -0.062596 0.166063 0.009161
v -0.062596 0.166148 0.009125
v -0.062596 0.166233 0.009161
v -0.062596 0.166268 0.009246
v -0.062596 0.166233 0.009331
v -0.062238 0.165575 0.008673
v -0.062238 0.166148 0.008436
v -0.062238 0.165575 0.009819
v -0.062238 0.165338 0.009246
v -0.062238 0.166958 0.009246
v -0.062238 0.166721 0.009819
v -0.062238 0.166721 0.008673
v -0.062238 0.166148 0.010056
v -0.058462 0.166148 0.011634
v -0.058462 0.164459 0.010935
v -0.058462 0.167837 0.010935
v -0.058462 0.167837 0.007557
v -0.058462 0.168536 0.009246
v -0.058462 0.164459 0.007557
v -0.058462 0.166148 0.006857
v -0.058462 0.163759 0.009246
v -0.058791 0.166148 0.010308
v -0.058791 0.166899 0.009997
v -0.058791 0.166899 0.008495
v -0.058791 0.165397 0.008495
v -0.058791 0.165397 0.009997
v -0.058791 0.167210 0.009246
v -0.058791 0.166148 0.008184
v -0.058791 0.165086 0.009246
vn -0.0000 0.9742 -0.2255
vn -0.1862 0.9074 -0.3768
vn -0.1955 0.9554 -0.2213
vn -1.0000 -0.0000 -0.0000
vn -0.9675 -0.1897 -0.1672
vn -0.9814 -0.1918 -0.0010
vn -0.6881 -0.6446 0.3332
vn -0.0000 -0.7743 0.6328
vn -0.0005 -0.9396 0.3422
vn -0.1867 0.1628 -0.9688
vn -0.0000 -0.0000 -1.0000
vn -0.1977 -0.0000 -0.9803
vn 0.1956 0.9554 -0.2213
vn -0.0001 0.9201 -0.3916
vn 0.0002 0.1758 0.9844
vn -0.1852 -0.0000 0.9827
vn -0.0000 -0.0000 1.0000
vn 0.9807 -0.0000 -0.1957
vn 0.9804 0.1919 -0.0445
vn 1.0000 0.0001 -0.0001
vn -0.1837 0.0001 0.9830
vn 0.0492 -0.0487 0.9976
vn -0.1951 -0.0000 -0.9808
vn 0.0004 -0.1948 -0.9808
vn -0.1961 -0.1912 -0.9618
vn 0.9807 -0.0000 -0.1955
vn 1.0000 -0.0000 -0.0004
vn -0.0505 0.0505 -0.9974
vn -0.9475 -0.0000 0.3199
vn -0.7413 -0.0000 0.6711
vn -0.0505 -0.0505 -0.9974
vn -0.7071 0.7071 -0.0000
vn 0.7476 -0.1272 -0.6519
vn 0.7877 -0.0039 -0.6161
vn 0.7885 -0.1687 -0.5914
vn -0.7071 -0.0000 0.7071
vn -0.8780 0.2946 0.3773
vn -0.7071 -0.7071 -0.0000
vn -0.9808 0.0003 -0.1949
vn 0.2028 0.9792 0.0115
vn -0.1188 0.9905 0.0685
vn 0.1801 0.8985 0.4003
vn -0.6556 -0.0000 0.7551
vn -0.2062 -0.9178 0.3393
vn 0.2386 -0.4865 0.8405
vn 0.6715 -0.6458 0.3633
vn -0.1778 -0.1739 0.9686
vn 0.1449 -0.1382 0.9797
vn -0.0000 0.9194 0.3933
vn -0.2014 0.9794 0.0134
vn -0.1801 0.8997 0.3976
vn -0.0001 0.1739 -0.9848
vn 0.1976 -0.0000 -0.9803
vn 0.1951 -0.0000 -0.9808
vn 0.7370 -0.0009 0.6759
vn 0.9434 -0.0000 0.3318
vn 0.9434 0.0002 0.3316
vn 0.9236 0.2259 0.3098
vn -0.0000 -1.0000 -0.0000
vn -0.0005 -0.9829 -0.1841
vn -0.1481 -0.1370 0.9794
vn -0.0002 -0.1792 0.9838
vn 0.7964 -0.1665 0.5814
vn 0.7878 -0.0048 0.6160
vn 0.1950 0.0001 -0.9808
vn 0.7001 0.5050 0.5048
vn -0.0000 -0.8342 0.5514
vn -0.0000 -0.7842 -0.6205
vn -0.1816 -0.8087 0.5595
vn -0.0000 -0.8342 0.5515
vn -0.5774 -0.5773 0.5774
vn -0.6995 -0.5841 -0.4118
vn -0.7483 -0.0543 0.6612
vn -0.6999 0.5050 0.5050
vn -0.7876 -0.0047 -0.6162
vn -0.7878 -0.0039 0.6159
vn 0.9738 0.2155 0.0730
vn 0.9970 0.0002 0.0770
vn -0.7883 -0.1682 -0.5919
vn -0.7968 -0.1668 0.5808
vn -0.0498 -0.0498 0.9975
vn -0.6999 0.5050 -0.5050
vn -0.0000 1.0000 -0.0000
vn -0.1943 0.9557 -0.2212
vn -0.6892 -0.1329 0.7123
vn 0.9457 0.2297 -0.2301
vn 0.6998 0.5050 -0.5052
vn -0.0000 -0.7842 -0.6206
vn 0.1685 -0.7849 -0.5963
vn 0.7865 -0.0000 -0.6176
vn -0.1427 -0.7257 -0.6730
vn -0.1685 -0.7848 -0.5964
vn -0.7870 -0.0009 -0.6170
vn 0.5424 -0.5893 0.5988
vn 0.6532 -0.6656 0.3611
vn -0.0000 -0.2018 0.9794
vn -0.9742 0.2154 0.0667
vn -0.9975 -0.0000 0.0703
vn -0.2165 -0.9763 -0.0014
vn -0.0000 -0.9808 -0.1951
vn -0.0000 -0.7085 0.7057
vn -0.0000 -0.7085 0.7058
vn -0.6738 -0.6739 0.3032
vn -0.0000 -0.9803 0.1975
vn -0.6750 -0.6750 -0.2978
vn -0.5769 -0.5784 0.5768
vn -0.2398 -0.4872 0.8397
vn -0.9242 0.1723 0.3408
vn -0.9474 -0.0000 0.3201
vn -0.9804 0.1917 -0.0445
vn -0.9807 -0.0000 -0.1957
vn -0.0000 0.1759 -0.9844
vn -0.9317 -0.1778 0.3169
vn -0.0005 0.9194 0.3934
vn 0.1959 -0.1914 -0.9618
vn -0.0002 -0.1909 -0.9816
vn 0.9202 0.1719 0.3516
vn 0.9434 0.0001 0.3315
vn 0.6864 -0.1307 0.7153
vn 0.9278 -0.1771 0.3283
vn 0.9970 -0.0000 0.0770
vn 0.9675 -0.1904 -0.1663
vn 0.9811 -0.1935 -0.0012
vn 0.0039 1.0000 0.0003
vn -0.0000 0.1759 0.9844
vn -0.0000 0.9194 -0.3933
vn -0.0000 -0.1927 0.9813
vn -0.0000 -0.1951 -0.9808
vn 0.6330 0.1427 0.7609
vn 0.1511 0.6064 0.7807
vn 0.1714 0.1612 0.9719
vn 0.6590 0.6405 0.3942
vn 0.6867 0.6594 -0.3059
vn 0.1626 0.6144 -0.7720
vn 0.1860 0.9075 -0.3767
vn 0.6888 0.1510 -0.7090
vn 0.9583 0.1790 -0.2229
vn 0.1868 0.1628 -0.9688
vn 0.6866 -0.6433 0.3387
vn 0.1753 -0.6550 0.7350
vn 0.2056 -0.9172 0.3414
vn 0.6526 -0.1601 0.7405
vn 0.1768 -0.1733 0.9689
vn 0.7171 -0.1817 -0.6729
vn 0.2003 -0.7160 -0.6688
vn 0.7212 -0.6803 -0.1309
vn 0.2165 -0.9630 -0.1607
vn -0.6619 0.6420 0.3868
vn -0.1521 0.6070 0.7800
vn -0.6380 0.1432 0.7566
vn -0.1730 0.1611 0.9717
vn -0.6888 0.1508 -0.7091
vn -0.1627 0.6143 -0.7722
vn -0.6873 0.6588 -0.3059
vn -0.9583 0.1788 -0.2229
vn -0.1766 -0.6552 0.7345
vn -0.6898 -0.6442 0.3304
vn -0.6580 -0.1607 0.7357
vn -0.7169 -0.1818 -0.6730
vn -0.7199 -0.6817 -0.1306
vn -0.1995 -0.7166 -0.6683
vn -0.2166 -0.9631 -0.1600
vn 0.6514 -0.0000 0.7587
vn 0.1838 -0.0000 0.9830
vn 0.7059 0.6900 -0.1601
vn 0.7070 0.0001 -0.7072
vn 0.4422 -0.4441 0.7793
vn 0.1307 -0.7091 0.6929
vn -0.4439 -0.4463 0.7770
vn -0.1297 -0.7108 0.6914
vn -0.6557 0.0001 0.7550
vn -0.7085 0.0001 -0.7057
vn -0.6933 0.7193 0.0436
vn 0.6936 0.7187 0.0477
vn 0.5839 -0.5749 -0.5731
vn 0.5972 -0.5791 0.5550
vn -0.5839 -0.5747 -0.5733
vn -0.5973 -0.5792 0.5547
vn -0.7060 0.6900 -0.1598
vn -0.9806 0.1909 -0.0443
vn 0.6502 0.0004 0.7597
vn 0.6504 -0.0000 0.7596
vn 0.1826 -0.0000 0.9832
vn -0.1838 -0.0000 0.9830
vn -0.6555 0.0001 0.7552
vn -0.6557 -0.0000 0.7551
vn 0.7071 -0.0000 0.7071
vn -0.7070 0.0003 -0.7072
vn -0.3377 -0.3377 -0.8786
vn 0.7086 0.0001 -0.7057
vn 0.7070 -0.0000 -0.7072
vn -0.6566 -0.0000 0.7543
vn -0.6532 -0.0001 0.7572
vn -0.6871 0.6871 -0.2361
vn -0.7071 -0.0000 -0.7071
vn -0.9808 -0.0000 -0.1951
vn -0.4975 0.4975 -0.7106
vn -0.1481 0.1481 -0.9778
vn -0.3376 0.3378 -0.8786
vn -0.6750 0.6750 -0.2978
vn -0.4975 -0.4975 -0.7106
vn -0.1481 -0.1481 -0.9778
vn -0.6871 -0.6871 -0.2361
vn 0.7070 -0.0000 -0.7073
vn -0.0007 -0.6582 0.7529
vn 0.0005 -0.7073 -0.7069
vn 0.0002 0.6224 0.7827
vn -0.0002 0.6224 -0.7827
vn 0.9806 0.1912 -0.0443
vn 0.7055 0.6904 -0.1601
vn 0.7247 -0.6890 -0.0036
vn 0.4984 -0.4687 -0.7293
vn 0.2146 -0.9767 -0.0013
vn -0.7223 -0.6916 -0.0036
vn -0.4974 -0.4700 -0.7292
vn -0.7065 0.6894 -0.1599
vn 0.1816 -0.8085 0.5598
vn 0.1416 -0.7268 -0.6721
vn -0.7500 -0.1249 -0.6495
vn 0.4827 -0.4482 0.7524
vn -0.0000 -0.7071 -0.7071
vn -0.0000 0.6223 0.7828
vn 0.0002 0.9195 -0.3932
vn 0.0002 0.6222 -0.7828
vn 0.3226 -0.3231 0.8897
vn -0.0000 0.6223 -0.7828
vn -0.0001 0.6223 -0.7827
vn -0.0000 -0.7036 0.7106
vn -0.3343 -0.3343 0.8812
vn -0.0005 -0.9808 -0.1948
vn -0.0009 -0.7113 -0.7028
vn -0.0006 -0.7068 -0.7074
vn -0.0002 0.6225 0.7826
vn 0.0001 0.9193 0.3934
vn -0.0001 0.6223 0.7828
vn -0.0001 0.1746 0.9846
vn -0.4973 -0.4488 0.7425
vn -0.5849 -0.1136 0.8031
vn -0.1806 -0.0001 0.9836
vn 1.0000 0.0001 -0.0004
vn 0.3161 0.5545 0.7698
vn 0.8633 0.5048 -0.0000
vn 0.5500 0.3216 0.7707
vn 0.9970 0.0001 0.0770
vn -0.0000 0.7071 0.7071
vn 0.0870 0.6700 0.7373
vn -0.5773 0.5773 0.5774
vn 0.0951 -0.6654 0.7404
vn 0.7280 -0.0958 0.6789
vn 0.6694 -0.0881 0.7377
vn -0.6694 -0.0881 0.7377
vn 0.0881 0.6693 0.7377
vn 0.3189 0.5523 0.7703
vn -0.0000 -0.7071 0.7071
vn -0.0881 -0.6694 0.7377
vn -0.0881 0.6693 0.7377
vn 0.3786 0.6557 0.6532
vn 0.0881 -0.6693 0.7377
vn 0.5523 0.3189 0.7703
vn 0.6694 0.0881 0.7377
vn -0.3189 -0.5523 0.7703
vn -0.5523 -0.3189 0.7703
vn 0.5523 -0.3189 0.7703
vn 0.3189 -0.5523 0.7703
vn -0.5523 0.3189 0.7703
vn -0.6693 0.0881 0.7377
vn -0.3189 0.5523 0.7703
vn -0.7280 -0.0958 0.6789
vn 0.6557 -0.3786 0.6532
vn 0.6557 0.3786 0.6532
vn -0.0958 0.7280 0.6789
vn -0.0958 -0.7280 0.6789
vn 0.7280 0.0958 0.6789
vn -0.3786 0.6557 0.6532
vn 0.0958 -0.7280 0.6789
vn -0.3786 -0.6557 0.6532
vn -0.7280 0.0958 0.6789
vn -0.6557 0.3786 0.6532
vn 0.3786 -0.6557 0.6532
vn -0.6557 -0.3786 0.6532
vn -0.3143 -0.5560 0.7695
vn -0.0862 -0.6704 0.7370
vn -0.0000 -0.2259 0.9742
vn 0.2143 -0.4347 0.8747
vn 0.2845 -0.5350 0.7955
vn -0.2845 -0.5350 0.7955
vn 0.6687 0.0893 0.7381
vn 0.4952 0.8688 -0.0000
vn -0.5485 -0.3234 0.7710
vn -0.6683 -0.0901 0.7384
vn -0.5327 0.3423 0.7740
vn -0.6635 0.0985 0.7417
vn -0.0787 0.6744 0.7341
vn -0.2955 0.5707 0.7661
vn 0.5651 -0.3028 0.7674
vn 0.6729 -0.0815 0.7352
vn 0.3350 -0.5389 0.7729
vn 0.0958 0.7280 0.6789
vn 0.7071 -0.7071 -0.0000
vn -0.1276 -0.9918 -0.0000
vn 0.1415 -0.9899 -0.0000
vn -0.2143 -0.4347 0.8747
vn 0.5279 -0.8493 -0.0000
vn -0.8413 0.5406 -0.0000
vn -0.4598 0.8880 -0.0000
vn 0.8815 -0.4723 -0.0000
vn -0.1159 0.9933 -0.0000
vn 1.0000 -0.0000 -0.0000
vn -0.9892 0.1468 -0.0000
vn 0.3015 -0.3015 -0.9045
vn 0.9927 -0.1203 -0.0000
vn -0.5773 -0.5774 -0.5773
vn -0.5773 -0.5773 -0.5774
vn -0.5849 0.1136 0.8031
vn -0.9045 0.3015 0.3015
vn -0.7304 -0.6496 0.2113
vn -0.7303 0.6496 0.2113
vn -0.5774 0.5773 -0.5774
vn -0.5773 0.5774 -0.5773
vn 0.1287 0.9917 -0.0000
vn -0.0001 0.1758 -0.9844
vn -0.1427 0.9893 -0.0298
vn 0.1948 0.9555 -0.2214
vn -0.1017 0.9924 -0.0695
vn -0.8614 -0.5079 -0.0000
vn -0.6266 -0.3142 0.7132
vn -0.6553 -0.7318 -0.1875
vn -0.7617 -0.1464 0.6312
vn -0.5774 -0.5773 -0.5773
vn 0.5774 -0.5774 -0.5773
vn -0.3015 -0.3015 -0.9045
vn 0.6340 -0.7209 0.2799
vn 0.6266 -0.3142 0.7132
vn 0.6340 -0.7209 0.2800
vn 0.7617 -0.1464 0.6312
vn 0.6084 -0.4043 -0.6829
vn 0.7071 -0.0000 -0.7071
vn -0.6084 -0.4043 -0.6829
vn -0.6553 -0.7317 -0.1875
vn 0.6553 -0.7317 -0.1875
vn 0.6553 -0.7318 -0.1875
vn -0.4921 -0.8705 -0.0000
vn -0.9910 -0.1336 -0.0000
vn 0.9912 0.1324 -0.0000
vn -0.6340 -0.7209 0.2799
vn -0.0000 0.9730 -0.2310
vn -0.0007 0.9742 -0.2255
vn -0.9045 -0.3015 -0.3015
vn -0.0000 0.7071 -0.7071
vn -0.9045 0.3015 -0.3015
vn -0.9045 -0.3015 0.3015
vn 0.1018 0.9924 -0.0695
vn 0.1022 0.9919 0.0758
vn 0.1335 0.9910 0.0071
vn -0.0000 0.9987 -0.0508
vn 0.0134 0.9985 0.0535
vn -0.0000 0.6415 0.7672
vn -0.6870 -0.0589 0.7243
vn -0.6138 0.6321 0.4729
vn 0.0940 0.6395 -0.7631
vn 0.7363 -0.0595 -0.6740
vn 0.6554 0.6216 -0.4290
vn -0.5612 0.6412 -0.5234
vn 0.1151 -0.0589 -0.9916
vn 0.6138 0.6321 0.4730
vn -0.0000 -0.0582 0.9983
vn -0.7800 0.6253 -0.0260
vn -0.6208 -0.0595 -0.7817
vn -0.9980 -0.0592 -0.0241
vn 0.7849 0.6194 0.0157
vn 0.6870 -0.0589 0.7243
vn 0.9982 -0.0592 0.0122
vn -0.9268 -0.0000 -0.3754
vn -0.6970 0.2569 -0.6695
vn -0.7067 -0.0000 -0.7075
vn -0.1354 -0.0000 0.9908
vn -0.4673 0.2593 0.8452
vn -0.4673 -0.0000 0.8841
vn -0.7348 0.2594 0.6267
vn -0.7480 -0.0000 0.6636
vn 0.9998 -0.0000 0.0219
vn 0.8780 0.2573 0.4036
vn 0.9012 -0.0000 0.4335
vn 0.6276 0.2580 0.7345
vn 0.6341 -0.0000 0.7732
vn 0.3744 0.2561 -0.8912
vn 0.3692 -0.0000 -0.9294
vn 0.6970 0.2569 -0.6695
vn 0.7067 -0.0000 -0.7075
vn -0.3744 0.2561 -0.8912
vn -0.3692 -0.0000 -0.9294
vn -0.0000 0.2556 -0.9668
vn -0.9072 0.2588 0.3316
vn -0.9330 -0.0000 0.3598
vn -0.9662 0.2576 0.0020
vn -1.0000 -0.0000 0.0025
vn 0.2567 0.2578 0.9315
vn 0.2474 -0.0000 0.9689
vn -0.1333 0.2583 0.9568
vn 0.9021 0.2571 -0.3465
vn 0.9268 -0.0000 -0.3755
vn -0.9021 0.2571 -0.3465
vn 0.9662 0.2568 0.0219
vn 0.8978 0.2740 -0.3447
vn -0.8978 0.2740 -0.3447
vn 0.9617 0.2733 0.0221
vn -0.6932 0.2743 -0.6665
vn -0.4649 0.2750 0.8416
vn -0.7316 0.2750 0.6238
vn 0.8737 0.2759 0.4006
vn 0.6243 0.2770 0.7304
vn 0.3719 0.2737 -0.8870
vn 0.6932 0.2743 -0.6665
vn -0.3719 0.2737 -0.8870
vn -0.0000 0.2719 -0.9623
vn -0.9035 0.2741 0.3294
vn -0.9622 0.2723 0.0012
vn 0.2549 0.2770 0.9264
vn -0.1315 0.2744 0.9526
vn -0.0000 0.3629 -0.9318
vn -0.8737 0.3668 0.3194
vn -0.9307 0.3658 0.0020
vn 0.2475 0.3644 0.8978
vn -0.1284 0.3660 0.9217
vn 0.8693 0.3644 -0.3339
vn -0.8693 0.3644 -0.3339
vn 0.9311 0.3642 0.0211
vn -0.6717 0.3640 -0.6452
vn -0.4500 0.3673 0.8140
vn -0.7076 0.3674 0.6036
vn 0.8462 0.3640 0.3891
vn 0.6049 0.3647 0.7079
vn 0.3610 0.3630 -0.8590
vn 0.6717 0.3640 -0.6452
vn -0.3610 0.3630 -0.8590
vn 0.8329 0.4007 0.3818
vn 0.5949 0.4020 0.6960
vn 0.3547 0.3978 -0.8461
vn 0.6611 0.3983 -0.6358
vn -0.3547 0.3978 -0.8461
vn -0.0000 0.3952 -0.9186
vn -0.8624 0.3970 0.3142
vn -0.9188 0.3948 0.0010
vn 0.2429 0.4021 0.8828
vn -0.1253 0.3978 0.9089
vn 0.8565 0.3978 -0.3288
vn -0.8565 0.3978 -0.3288
vn 0.9176 0.3968 0.0211
vn -0.6611 0.3983 -0.6358
vn -0.4435 0.3982 0.8029
vn -0.6981 0.3981 0.5951
vn 0.8512 0.4106 -0.3269
vn -0.8512 0.4106 -0.3269
vn 0.9116 0.4105 0.0207
vn -0.6578 0.4101 -0.6318
vn -0.4405 0.4137 0.7967
vn -0.6926 0.4139 0.5908
vn 0.8287 0.4099 0.3810
vn 0.5924 0.4104 0.6933
vn 0.3535 0.4091 -0.8412
vn 0.6577 0.4101 -0.6318
vn -0.3535 0.4091 -0.8412
vn -0.0000 0.4094 -0.9124
vn -0.8552 0.4133 0.3127
vn -0.9110 0.4125 0.0019
vn 0.2424 0.4101 0.8792
vn -0.1257 0.4124 0.9023
vn -0.0000 0.4498 -0.8931
vn -0.8386 0.4510 0.3055
vn -0.8936 0.4488 0.0009
vn 0.2359 0.4573 0.8575
vn -0.1218 0.4521 0.8836
vn 0.8326 0.4524 -0.3196
vn -0.8326 0.4524 -0.3196
vn 0.8921 0.4514 0.0205
vn -0.6425 0.4530 -0.6180
vn -0.4312 0.4524 0.7807
vn -0.6787 0.4523 0.5786
vn 0.8092 0.4557 0.3709
vn 0.5779 0.4571 0.6761
vn 0.3447 0.4527 -0.8224
vn 0.6425 0.4530 -0.6180
vn -0.3447 0.4527 -0.8224
vn 0.4228 -0.7592 0.4948
vn 0.2533 -0.7561 -0.6034
vn 0.4726 -0.7552 -0.4542
vn -0.2533 -0.7561 -0.6034
vn -0.0000 -0.7526 -0.6584
vn -0.6225 -0.7489 0.2272
vn -0.6641 -0.7476 0.0011
vn 0.1727 -0.7597 0.6269
vn -0.0907 -0.7513 0.6537
vn 0.6133 -0.7539 -0.2355
vn -0.6133 -0.7539 -0.2355
vn 0.6580 -0.7529 0.0150
vn -0.4726 -0.7552 -0.4542
vn -0.3200 -0.7499 0.5790
vn -0.5037 -0.7495 0.4295
vn 0.5923 -0.7584 0.2720
vn -0.6967 -0.6656 -0.2675
vn 0.7454 -0.6665 0.0170
vn -0.5387 -0.6646 -0.5177
vn -0.3596 -0.6688 0.6507
vn -0.5655 -0.6691 0.4822
vn 0.6810 -0.6621 0.3127
vn 0.4872 -0.6615 0.5701
vn 0.2895 -0.6639 -0.6895
vn 0.5387 -0.6646 -0.5177
vn -0.2895 -0.6639 -0.6895
vn -0.0000 -0.6666 -0.7454
vn -0.6977 -0.6696 0.2547
vn -0.7418 -0.6706 0.0013
vn 0.1992 -0.6611 0.7234
vn -0.1023 -0.6677 0.7374
vn 0.6967 -0.6656 -0.2675
vn -0.6977 0.6696 0.2547
vn -0.7418 0.6706 0.0012
vn 0.1992 0.6611 0.7234
vn -0.1023 0.6677 0.7374
vn 0.6967 0.6656 -0.2675
vn -0.6967 0.6656 -0.2675
vn 0.7454 0.6665 0.0170
vn -0.5387 0.6646 -0.5178
vn -0.3596 0.6688 0.6506
vn -0.5655 0.6691 0.4822
vn 0.6810 0.6621 0.3127
vn 0.4872 0.6615 0.5701
vn 0.2895 0.6639 -0.6895
vn 0.5387 0.6646 -0.5177
vn -0.2894 0.6639 -0.6895
vn -0.0000 0.6666 -0.7454
vn -0.5468 -0.0000 -0.8373
vn -0.6053 -0.4648 -0.6462
vn -0.8472 -0.3102 -0.4313
vn -0.5468 -0.0000 0.8373
vn -0.8472 -0.3102 0.4313
vn -0.8825 -0.3264 0.3386
vn -0.7325 -0.6807 -0.0000
vn -0.8825 0.3264 -0.3386
vn -0.7325 0.6807 -0.0000
vn -0.8825 -0.3264 -0.3386
vn -0.7232 -0.0019 -0.6907
vn -0.8825 0.3264 0.3386
vn -0.7232 0.0020 0.6907
vn -0.8472 0.3102 0.4313
vn -0.7232 -0.0020 0.6907
vn -0.5875 -0.5616 -0.5826
vn -0.6917 -0.0020 0.7222
vn -0.7232 0.0020 -0.6907
vn -0.8472 0.3102 -0.4313
vn -0.5875 -0.5616 0.5826
vn -0.9771 -0.0000 -0.2126
vn -0.6053 -0.4648 0.6462
vn -0.6917 -0.0020 -0.7222
vn -0.6834 0.7301 -0.0000
vn -0.6053 0.4648 -0.6462
vn -0.5875 0.5616 -0.5826
vn -0.9771 -0.0000 0.2126
vn -0.6917 0.0020 -0.7222
vn -0.6917 0.0020 0.7222
vn -0.6834 -0.7301 -0.0000
vn -0.5875 0.5616 0.5826
vn -0.6053 0.4648 0.6462
vn -0.7005 -0.0000 0.7137
vn -0.3252 -0.6687 0.6687
vn -0.7005 -0.5046 0.5046
vn -0.7005 0.5046 0.5046
vn -0.3252 -0.0000 0.9457
vn -0.7005 0.5046 -0.5046
vn -0.3252 0.9457 -0.0000
vn -0.7005 0.7137 -0.0000
vn -0.7005 -0.5046 -0.5046
vn -0.3252 -0.0000 -0.9457
vn -0.7005 -0.0000 -0.7137
vn -0.3252 -0.9457 -0.0000
vn -0.7005 -0.7137 -0.0000
vn -0.3252 0.6687 0.6687
vn -0.3252 0.6687 -0.6687
vn -0.3252 -0.6687 -0.6687
vn -0.7447 -0.4719 -0.4719
vn -0.8987 -0.0000 -0.4387
vn -0.7447 -0.0000 -0.6673
vn -0.7448 -0.4719 0.4719
vn -0.8987 -0.4387 -0.0000
vn -0.7447 -0.6673 -0.0000
vn -0.7447 0.6673 -0.0000
vn -0.8987 0.3102 0.3102
vn -0.7448 0.4719 0.4719
vn -0.8987 0.3102 -0.3102
vn -0.7448 0.4719 -0.4719
vn -0.8987 -0.3102 -0.3102
vn -0.7447 -0.0000 0.6673
vn -0.8987 -0.3102 0.3102
vn -0.8987 -0.0000 0.4387
vn -0.9825 -0.0000 0.1862
vn -0.9825 0.1862 -0.0000
vn -0.8987 0.4387 -0.0000
vn -0.9825 -0.0000 -0.1862
vn -0.9825 -0.1862 -0.0000
vn -0.9825 0.1317 0.1317
vn -0.9825 0.1316 -0.1317
vn -0.9825 -0.1317 -0.1317
vn -0.9825 -0.1317 0.1317
vn -0.5518 -0.5897 -0.5897
vn -0.5518 0.5897 -0.5897
vn -0.5518 0.5897 0.5897
vn -0.5518 -0.8339 -0.0000
vn -0.5518 -0.0000 -0.8339
vn -0.5518 0.8339 -0.0000
vn -0.5518 -0.0000 0.8339
vn -0.5518 -0.5897 0.5897
vn -0.2097 -0.7424 0.6363
vn -0.3722 -0.6555 -0.6571
vn -0.2097 -0.7424 -0.6363
vn -0.3722 -0.6555 0.6571
vn -0.6028 -0.4368 -0.6677
vn -0.6028 -0.4368 0.6677
vn -0.7071 -0.2113 -0.6748
vn -0.7071 -0.2113 0.6748
vn -0.7359 -0.0000 -0.6771
vn -0.7359 -0.0000 0.6771
vn -0.7071 0.2113 -0.6748
vn -0.7071 0.2113 0.6748
vn -0.6028 0.4368 -0.6677
vn -0.6028 0.4368 0.6677
vn -0.3722 0.6555 -0.6571
vn -0.3722 0.6555 0.6571
vn -0.2097 0.7424 -0.6363
vn 0.6418 0.1917 -0.7425
vn 0.6028 0.4368 -0.6677
vn 0.5344 0.3873 -0.7512
vn 0.1762 0.6236 -0.7616
vn 0.3180 0.5600 -0.7650
vn 0.3180 0.5600 0.7650
vn 0.1762 0.6236 0.7616
vn 0.5345 0.3873 0.7512
vn 0.6418 0.1917 0.7425
vn 0.6728 -0.0000 -0.7398
vn 0.6728 -0.0000 0.7398
vn 0.6418 -0.1917 -0.7425
vn 0.6418 -0.1917 0.7425
vn 0.5345 -0.3873 -0.7512
vn 0.5345 -0.3873 0.7512
vn 0.3180 -0.5600 -0.7650
vn 0.3180 -0.5600 0.7650
vn 0.1762 -0.6236 -0.7616
vn 0.1762 -0.6236 0.7616
vn 0.7359 -0.0000 0.6771
vn 0.7071 0.2113 0.6748
vn 0.7071 0.2113 -0.6748
vn 0.7359 -0.0000 -0.6771
vn 0.7071 -0.2113 0.6748
vn 0.7071 -0.2113 -0.6748
vn 0.6028 -0.4368 0.6677
vn 0.6028 -0.4368 -0.6677
vn 0.3722 -0.6555 0.6571
vn 0.2098 0.7424 -0.6362
vn 0.3722 -0.6555 -0.6571
vn 0.3722 0.6555 0.6571
vn 0.2098 -0.7424 0.6362
vn 0.3723 0.6555 -0.6571
vn 0.6028 0.4368 0.6677
vn 0.2098 -0.7424 -0.6362
vn 0.2098 0.7424 0.6362
vn -0.4063 -0.0306 0.9132
vn -0.1108 -0.1472 0.9829
vn -0.4634 -0.0313 0.8856
vn -0.3321 0.6281 0.7037
vn -0.4256 0.3294 0.8428
vn -0.0000 0.7063 0.7080
vn -0.0000 1.0000 0.0024
vn 0.3099 0.3020 0.9015
vn 0.5720 -0.5836 0.5764
vn 0.2951 -0.3011 0.9068
vn 0.2298 -0.6156 0.7538
vn -0.0000 -0.6671 0.7450
vn -0.6671 -0.0000 0.7450
vn -0.6157 0.2298 0.7538
vn -0.0002 -0.3450 0.9386
vn -0.3112 -0.3064 0.8996
vn -0.0000 0.6671 0.7450
vn 0.2298 0.6157 0.7538
vn -0.2298 -0.6157 0.7538
vn -0.6157 -0.2298 0.7538
vn 0.4574 -0.4574 0.7627
vn 0.6157 -0.2298 0.7538
vn -0.2298 0.6156 0.7538
vn 0.6157 0.2298 0.7538
vn 0.6671 -0.0000 0.7450
vn -0.4574 -0.4574 0.7626
vn 0.4574 0.4574 0.7627
vn -0.0000 -0.3452 0.9385
vn -0.0002 -0.3453 0.9385
vn -0.4574 0.4574 0.7627
vn -0.9369 -0.3497 -0.0000
vn -0.3497 -0.9369 -0.0000
vn 0.9369 0.3497 -0.0000
vn 0.9369 -0.3497 -0.0000
vn 0.3497 0.9369 -0.0000
vn 0.7071 0.7071 -0.0000
vn -0.9369 0.3497 -0.0000
vn -0.3497 0.9369 -0.0000
vn 0.3497 -0.9369 -0.0000
vn -0.6991 0.2609 -0.6657
vn -0.6774 0.6774 0.2867
vn -0.5319 0.5319 -0.6589
vn 0.2609 0.6991 -0.6657
vn 0.6774 0.6774 0.2867
vn 0.5319 0.5319 -0.6589
vn 0.5319 -0.5319 -0.6589
vn 0.3339 -0.8974 0.2882
vn 0.2609 -0.6991 -0.6657
vn -0.2609 -0.6991 -0.6657
vn -0.6774 -0.6774 0.2867
vn -0.5319 -0.5319 -0.6589
vn -0.0000 0.7398 -0.6728
vn 0.3339 0.8974 0.2882
vn -0.3339 0.8974 0.2882
vn -0.2609 0.6991 -0.6657
vn 0.6991 0.2609 -0.6657
vn 0.9570 -0.0000 0.2901
vn 0.7398 -0.0000 -0.6728
vn -0.7398 -0.0000 -0.6728
vn -0.8974 0.3339 0.2882
vn -0.0000 0.9570 0.2901
vn -0.0000 -0.7398 -0.6728
vn -0.3339 -0.8974 0.2882
vn -0.6991 -0.2609 -0.6657
vn -0.9570 -0.0000 0.2901
vn 0.8974 -0.3339 0.2882
vn 0.6991 -0.2609 -0.6657
vn -0.0000 -0.9570 0.2901
vn 0.8974 0.3339 0.2882
vn 0.6774 -0.6774 0.2867
vn -0.8974 -0.3339 0.2882
vn -0.1786 0.4746 0.8619
vn 0.4746 0.1786 0.8619
vn -0.0000 0.4995 0.8663
vn -0.1787 -0.4746 0.8619
vn 0.3636 -0.3636 0.8577
vn -0.0000 -0.4995 0.8663
vn 0.3636 0.3636 0.8577
vn 0.1787 0.4746 0.8619
vn -0.4746 -0.1786 0.8619
vn -0.4995 -0.0000 0.8663
vn -0.3636 0.3636 0.8577
vn 0.1787 -0.4746 0.8619
vn 0.4746 -0.1787 0.8619
vn -0.4746 0.1787 0.8619
vn -0.3636 -0.3636 0.8577
vn 0.4995 -0.0000 0.8663
vn -0.2298 -0.6157 -0.7538
vn -0.0000 0.6671 -0.7450
vn -0.4573 0.4574 -0.7627
vn 0.6156 0.2298 -0.7538
vn -0.6671 -0.0000 -0.7450
vn -0.2298 0.6156 -0.7538
vn -0.0000 -0.6671 -0.7450
vn -0.6156 -0.2298 -0.7538
vn 0.6671 -0.0000 -0.7450
vn 0.2298 -0.6156 -0.7538
vn 0.4574 0.4574 -0.7627
vn 0.6157 -0.2298 -0.7538
vn -0.4574 -0.4574 -0.7627
vn -0.6157 0.2298 -0.7538
vn 0.2298 0.6157 -0.7538
vn 0.4573 -0.4574 -0.7627
vn -0.2224 -0.0822 0.9715
vn 0.0822 -0.2224 0.9715
vn -0.0822 0.2224 0.9715
vn -0.2428 -0.0000 0.9701
vn 0.2224 0.0822 0.9715
vn 0.1635 -0.1635 0.9729
vn 0.2224 -0.0822 0.9715
vn -0.1635 -0.1635 0.9729
vn -0.0000 0.2428 0.9701
vn 0.0822 0.2224 0.9715
vn -0.2224 0.0822 0.9715
vn -0.1635 0.1635 0.9729
vn 0.2428 -0.0000 0.9701
vn 0.1635 0.1635 0.9729
vn -0.0822 -0.2224 0.9715
vn -0.0000 -0.2428 0.9701
vn -0.3079 -0.3019 0.9022
vn -0.2931 0.3008 0.9076
vn 0.5842 0.5691 0.5787
vn -0.5825 -0.5711 0.5784
vn -0.5705 0.5855 0.5760
vn 0.4063 -0.0306 0.9132
vn 0.4634 -0.0313 0.8856
vn 0.1108 -0.1472 0.9829
vn 0.3321 0.6281 0.7037
vn 0.4256 0.3294 0.8428
vn -0.5720 -0.5836 0.5764
vn -0.3099 0.3020 0.9015
vn -0.2951 -0.3011 0.9068
vn -0.2298 -0.6156 0.7538
vn 0.3112 -0.3064 0.8996
vn 0.0002 -0.3450 0.9386
vn -0.2298 0.6157 0.7538
vn 0.2298 -0.6157 0.7538
vn -0.4574 -0.4574 0.7627
vn 0.2298 0.6156 0.7538
vn 0.4574 -0.4574 0.7626
vn 0.0002 -0.3453 0.9385
vn 0.1786 0.4746 0.8619
vn -0.1787 0.4746 0.8619
vn 0.4746 -0.1786 0.8619
vn 0.4746 0.1787 0.8619
vn 0.2298 -0.6157 -0.7538
vn 0.4573 0.4574 -0.7627
vn -0.6156 0.2298 -0.7538
vn 0.2298 0.6156 -0.7538
vn 0.6156 -0.2298 -0.7538
vn -0.2298 -0.6156 -0.7538
vn -0.4574 0.4573 -0.7627
vn -0.6157 -0.2298 -0.7538
vn 0.4574 -0.4574 -0.7627
vn 0.6157 0.2298 -0.7538
vn -0.2298 0.6157 -0.7538
vn -0.4573 -0.4574 -0.7627
vn 0.3079 -0.3019 0.9022
vn 0.2931 0.3008 0.9076
vn 0.5825 -0.5711 0.5784
vn -0.5842 0.5691 0.5787
vn 0.5705 0.5855 0.5760
vn -0.6682 -0.2643 -0.6955
vn -0.7496 -0.0000 0.6619
vn -0.6691 -0.0000 -0.7432
vn -0.7507 -0.2347 0.6176
vn -0.6682 0.2643 -0.6955
vn -0.7536 -0.4445 0.4843
vn -0.6659 0.5045 -0.5497
vn -0.7569 -0.5957 0.2687
vn -0.6633 0.6822 -0.3077
vn -0.7509 -0.6453 0.1408
vn -0.6534 0.7396 -0.1614
vn -0.6534 -0.7396 -0.1614
vn -0.7569 0.5957 0.2687
vn -0.6633 -0.6822 -0.3077
vn -0.7536 0.4445 0.4843
vn -0.6659 -0.5045 -0.5496
vn -0.7507 0.2347 0.6176
vn 0.7496 -0.0000 0.6619
vn 0.6682 -0.2643 -0.6955
vn 0.6691 -0.0000 -0.7432
vn 0.7507 -0.2347 0.6176
vn 0.6682 0.2643 -0.6955
vn 0.7536 -0.4445 0.4843
vn 0.6659 0.5045 -0.5496
vn 0.7569 -0.5957 0.2687
vn 0.6633 0.6822 -0.3077
vn 0.7508 -0.6453 0.1408
vn 0.6534 0.7396 -0.1614
vn 0.7569 0.5957 0.2687
vn 0.6534 -0.7396 -0.1614
vn 0.6633 -0.6822 -0.3077
vn 0.7536 0.4445 0.4843
vn 0.6659 -0.5045 -0.5496
vn 0.7507 0.2347 0.6176
vn 0.7509 0.6453 0.1408
vn -0.7508 0.6453 0.1408
vn 0.6659 0.5045 -0.5497
vn 0.7509 -0.6453 0.1408
vn -0.7508 -0.6453 0.1408
vn -0.7509 0.6453 0.1408
vn 0.7508 0.6453 0.1408
vn 0.5773 0.5774 0.5774
vn -0.5774 0.5774 0.5773
vn 0.6664 -0.1428 0.7318
vn 0.6007 -0.7112 -0.3652
vn -0.9362 -0.1889 -0.2963
vn -0.6007 -0.7112 -0.3652
vn -0.7229 -0.6891 -0.0503
vn 0.9362 -0.1889 -0.2963
vn -0.6084 -0.6315 0.4807
vn -0.6664 -0.1428 0.7318
vn 0.6235 -0.0561 -0.7798
vn 0.7230 -0.6890 -0.0503
vn 0.6084 -0.6315 0.4807
vn -0.6235 -0.0562 -0.7798
vn -0.6235 -0.0561 -0.7798
vn -0.6127 -0.3024 0.7301
vn -0.9210 -0.2754 0.2754
vn -0.6127 -0.5588 0.5588
vn -0.6127 0.5588 -0.5588
vn -0.9210 0.3598 -0.1490
vn -0.6127 0.7301 -0.3024
vn -0.9210 -0.3598 0.1490
vn -0.6127 -0.7301 0.3024
vn -0.9210 0.3895 -0.0000
vn -0.6127 0.7903 -0.0000
vn -0.9210 -0.3895 -0.0000
vn -0.6127 -0.7903 -0.0000
vn -0.9210 0.3598 0.1490
vn -0.6127 0.7301 0.3024
vn -0.9210 -0.3598 -0.1490
vn -0.6127 -0.7301 -0.3024
vn -0.9210 0.2754 0.2754
vn -0.6127 0.5588 0.5588
vn -0.9210 -0.2754 -0.2754
vn -0.6127 -0.5588 -0.5588
vn -0.9210 0.1490 0.3598
vn -0.6127 0.3024 0.7301
vn -0.9210 -0.1490 -0.3598
vn -0.6127 -0.3024 -0.7301
vn -0.9210 -0.0000 0.3895
vn -0.6127 -0.0000 0.7903
vn -0.6127 -0.0000 -0.7903
vn -0.9210 0.1490 -0.3598
vn -0.6127 0.3024 -0.7301
vn -0.9210 -0.0000 -0.3895
vn -0.9210 -0.1490 0.3598
vn -0.9210 0.2754 -0.2754
vn -0.9786 -0.2058 -0.0000
vn -0.7862 -0.5710 -0.2365
vn -0.9786 -0.1902 -0.0788
vn -0.9786 0.2058 -0.0000
vn -0.7862 0.5710 0.2365
vn -0.9786 0.1902 0.0788
vn -0.7862 -0.4370 -0.4370
vn -0.9786 -0.1456 -0.1456
vn -0.7862 0.4370 0.4370
vn -0.9786 0.1456 0.1456
vn -0.7862 -0.2365 -0.5710
vn -0.9786 -0.0788 -0.1902
vn -0.7862 0.2365 0.5710
vn -0.9786 0.0788 0.1902
vn -0.7862 -0.0000 -0.6180
vn -0.9786 -0.0000 -0.2059
vn -0.7862 -0.0000 0.6180
vn -0.9786 -0.0000 0.2059
vn -0.9786 0.0788 -0.1902
vn -0.7862 0.4370 -0.4370
vn -0.9786 0.1456 -0.1456
vn -0.7862 -0.2365 0.5710
vn -0.9786 -0.0788 0.1902
vn -0.2186 0.3734 -0.9015
vn -0.2186 -0.0000 -0.9758
vn -0.7862 0.5710 -0.2365
vn -0.9786 0.1902 -0.0788
vn -0.9786 -0.1902 0.0788
vn -0.7862 -0.6180 -0.0000
vn -0.7862 -0.4370 0.4370
vn -0.9786 -0.1456 0.1456
vn -0.7862 0.6180 -0.0000
vn -0.3886 0.3526 -0.8513
vn -0.7862 0.2365 -0.5710
vn -0.3886 -0.6515 0.6515
vn -0.3886 0.6515 -0.6515
vn -0.3886 -0.8513 0.3526
vn -0.7862 -0.5710 0.2365
vn -0.3886 0.8513 -0.3526
vn -0.3886 -0.9214 -0.0000
vn -0.3886 0.9214 -0.0000
vn -0.3886 -0.8513 -0.3526
vn -0.3886 0.8513 0.3526
vn -0.3886 -0.6515 -0.6515
vn -0.3886 0.6515 0.6515
vn -0.3886 -0.3526 -0.8513
vn -0.3886 0.3526 0.8513
vn -0.3886 -0.0000 -0.9214
vn -0.3886 -0.3526 0.8513
vn -0.3886 -0.0000 0.9214
vn -0.0000 -0.9239 -0.3827
vn -0.0000 0.9239 0.3827
vn -0.0000 -0.3827 -0.9239
vn -0.0000 0.3827 0.9239
vn -0.0000 -0.3827 0.9239
vn -0.0000 0.3827 -0.9239
vn -0.0000 -0.9239 0.3827
vn -0.0000 0.9239 -0.3827
vn -0.2186 0.6900 -0.6900
vn -0.2186 -0.3734 0.9015
vn -0.2186 -0.0000 0.9758
vn -0.2186 -0.3734 -0.9015
vn -0.2186 0.3734 0.9015
vn -0.2186 -0.6900 -0.6900
vn -0.2186 0.6900 0.6900
vn -0.2186 -0.9015 -0.3734
vn -0.2186 0.9015 0.3734
vn -0.2186 -0.9758 -0.0000
vn -0.2186 0.9758 -0.0000
vn -0.2186 -0.9015 0.3734
vn -0.2186 0.9015 -0.3734
vn -0.2186 -0.6900 0.6900
vn -0.9786 -0.2059 -0.0000
vn -0.7862 -0.5709 -0.2365
vn -0.9786 0.2059 -0.0000
vn -0.7862 0.5709 0.2365
vn -0.7862 -0.2365 -0.5709
vn -0.7862 0.5709 -0.2365
vn -0.7862 -0.5709 0.2365
vn -0.7447 -0.4719 0.4719
vn -0.7448 0.6673 -0.0000
vn -0.7448 -0.0000 0.6673
vn -0.9825 0.1317 -0.1317
vn 0.5262 0.5007 0.6873
vn 0.5709 0.5121 -0.6417
vn 0.5555 -0.5334 0.6379
vn 0.6073 -0.5821 -0.5407
vn -0.5303 0.5014 0.6837
vn -0.5711 0.5118 -0.6418
vn -0.5594 -0.5343 0.6337
vn -0.6073 -0.5821 -0.5407
vn -0.2097 0.7424 0.6363
vt 0.182836 0.527889
vt 0.169130 0.500092
vt 0.183167 0.499999
vt 0.961693 0.672978
vt 0.947976 0.602447
vt 0.961585 0.602047
vt 0.821373 0.529244
vt 0.873217 0.561603
vt 0.821500 0.557715
vt 0.012488 0.003789
vt 0.043217 0.012925
vt 0.012271 0.013203
vt 0.183562 0.763884
vt 0.168851 0.734607
vt 0.183086 0.734382
vt 0.518612 0.008529
vt 0.541420 0.018062
vt 0.518511 0.017941
vt 0.868462 0.487097
vt 0.854649 0.499565
vt 0.854669 0.489895
vt 0.513381 0.384529
vt 0.533652 0.429059
vt 0.515970 0.425740
vt 0.012433 0.421501
vt 0.044110 0.493107
vt 0.013205 0.492753
vt 0.868690 0.078158
vt 0.854880 0.122859
vt 0.854823 0.078182
vt 0.011462 0.098020
vt 0.043032 0.198984
vt 0.011902 0.199967
vt 0.977475 0.122953
vt 0.926243 0.078176
vt 0.977455 0.068974
vt 0.011920 0.373194
vt 0.043611 0.421301
vt 0.263518 0.804777
vt 0.271710 0.795261
vt 0.271518 0.804936
vt 0.480967 0.897897
vt 0.484225 0.961413
vt 0.474925 0.895411
vt 0.817115 0.689243
vt 0.790046 0.635063
vt 0.817115 0.635063
vt 0.263709 0.795103
vt 0.272245 0.768198
vt 0.961641 0.717882
vt 0.947754 0.672954
vt 0.220824 0.762689
vt 0.225279 0.737976
vt 0.271452 0.755988
vt 0.977477 0.405379
vt 0.926222 0.300944
vt 0.977455 0.300947
vt 0.282746 0.872600
vt 0.333985 0.898012
vt 0.282195 0.895309
vt 0.534093 0.478325
vt 0.517080 0.478340
vt 0.272081 0.529570
vt 0.220562 0.500982
vt 0.271259 0.506995
vt 0.245708 0.004089
vt 0.275088 0.013369
vt 0.245682 0.013292
vt 0.245641 0.094659
vt 0.275130 0.198850
vt 0.246089 0.198844
vt 0.818041 0.078131
vt 0.766728 0.122877
vt 0.766749 0.068930
vt 0.818053 0.122858
vt 0.766740 0.197546
vt 0.508322 0.555600
vt 0.494544 0.524812
vt 0.508329 0.525503
vt 0.328068 0.435295
vt 0.354942 0.485474
vt 0.330805 0.487164
vt 0.454841 0.963393
vt 0.461765 0.894932
vt 0.460908 0.962784
vt 0.246956 0.376245
vt 0.275207 0.420728
vt 0.246916 0.420735
vt 0.467088 0.993741
vt 0.455088 0.825500
vt 0.481690 0.862284
vt 0.456129 0.862222
vt 0.449238 0.638983
vt 0.459987 0.604805
vt 0.453427 0.638346
vt 0.306893 0.972917
vt 0.314358 0.945695
vt 0.314894 0.972758
vt 0.466468 0.498288
vt 0.483967 0.532168
vt 0.459684 0.530478
vt 0.844995 0.491886
vt 0.817940 0.507585
vt 0.817981 0.497156
vt 0.473523 0.600879
vt 0.459841 0.601155
vt 0.328452 0.392410
vt 0.353028 0.432223
vt 0.453369 0.529775
vt 0.462682 0.492435
vt 0.481980 0.498057
vt 0.220417 0.524884
vt 0.193143 0.500102
vt 0.454421 0.600934
vt 0.463396 0.999318
vt 0.486238 0.998604
vt 0.481970 0.994122
vt 0.451779 0.858986
vt 0.488947 0.861253
vt 0.475072 0.891911
vt 0.490372 0.961342
vt 0.480575 0.604439
vt 0.480305 0.637543
vt 0.473673 0.604512
vt 0.486478 0.493434
vt 0.490372 0.532312
vt 0.925196 0.586916
vt 0.874595 0.528819
vt 0.925151 0.528783
vt 0.449385 0.684566
vt 0.453802 0.684278
vt 0.480937 0.683544
vt 0.926927 0.508007
vt 0.899808 0.492437
vt 0.926835 0.497580
vt 0.508287 0.758034
vt 0.494544 0.727356
vt 0.508329 0.727347
vt 0.614241 0.743563
vt 0.545738 0.786774
vt 0.545738 0.745503
vt 0.003926 0.199984
vt 0.615606 0.704113
vt 0.665932 0.622732
vt 0.665932 0.706459
vt 0.306167 0.936179
vt 0.313894 0.922231
vt 0.314167 0.936021
vt 0.568173 0.876906
vt 0.517851 0.935036
vt 0.517591 0.866533
vt 0.977175 0.496575
vt 0.977386 0.487373
vt 0.890202 0.500161
vt 0.876331 0.487785
vt 0.890128 0.490501
vt 0.129789 0.003825
vt 0.216202 0.013231
vt 0.129768 0.013055
vt 0.926937 0.003836
vt 0.977036 0.015339
vt 0.272769 0.696134
vt 0.220463 0.614501
vt 0.272766 0.612779
vt 0.274721 0.491555
vt 0.245828 0.492243
vt 0.767482 0.496422
vt 0.767225 0.487211
vt 0.817355 0.003833
vt 0.767168 0.015318
vt 0.818067 0.300749
vt 0.766795 0.405152
vt 0.766746 0.300766
vt 0.977460 0.197669
vt 0.926229 0.122932
vt 0.868469 0.008014
vt 0.854930 0.007616
vt 0.488863 0.731699
vt 0.482168 0.825168
vt 0.481266 0.730749
vt 0.220625 0.704571
vt 0.192531 0.615340
vt 0.494498 0.684082
vt 0.508320 0.684420
vt 0.129583 0.094558
vt 0.217044 0.198843
vt 0.130079 0.198875
vt 0.131148 0.376395
vt 0.218811 0.420758
vt 0.131276 0.420950
vt 0.476438 0.007929
vt 0.476297 0.017418
vt 0.182784 0.704775
vt 0.168216 0.617624
vt 0.182512 0.616282
vt 0.474107 0.384393
vt 0.475323 0.425343
vt 0.216651 0.492451
vt 0.130384 0.492788
vt 0.279786 0.003516
vt 0.282778 0.000682
vt 0.282966 0.003972
vt 0.767175 0.499191
vt 0.764581 0.496055
vt 0.274439 0.755809
vt 0.271749 0.758760
vt 0.169203 0.766645
vt 0.166544 0.764080
vt 0.169492 0.763904
vt 0.870993 0.495885
vt 0.868473 0.499029
vt 0.868262 0.496275
vt 0.275056 0.001319
vt 0.277677 0.003929
vt 0.274953 0.004267
vt 0.821458 0.588788
vt 0.819087 0.585700
vt 0.821891 0.585793
vt 0.764355 0.015281
vt 0.766780 0.012277
vt 0.306581 0.491071
vt 0.303773 0.488411
vt 0.306517 0.488293
vt 0.277511 0.491366
vt 0.274699 0.494389
vt 0.868664 0.004941
vt 0.871148 0.007594
vt 0.492022 0.495548
vt 0.494522 0.492830
vt 0.494690 0.495857
vt 0.271546 0.504223
vt 0.274242 0.507134
vt 0.980057 0.496193
vt 0.977487 0.499338
vt 0.541612 0.005827
vt 0.544245 0.008498
vt 0.541345 0.008813
vt 0.009784 0.003438
vt 0.012393 0.000863
vt 0.876389 0.499703
vt 0.873854 0.496578
vt 0.876584 0.496951
vt 0.166178 0.499933
vt 0.168823 0.497355
vt 0.279934 0.872629
vt 0.282347 0.869592
vt 0.536800 0.478276
vt 0.534166 0.481079
vt 0.977413 0.012295
vt 0.979838 0.015301
vt 0.945283 0.602024
vt 0.947780 0.599358
vt 0.013253 0.495607
vt 0.010395 0.492583
vt 0.494494 0.760765
vt 0.491997 0.758044
vt 0.494666 0.757738
vt 0.764327 0.486783
vt 0.282510 0.014020
vt 0.279304 0.013752
vt 0.854721 0.502375
vt 0.183357 0.766676
vt 0.871458 0.078152
vt 0.277940 0.420736
vt 0.817056 0.000682
vt 0.872946 0.594338
vt 0.872617 0.597371
vt 0.333684 0.862105
vt 0.333985 0.865147
vt 0.927221 0.000682
vt 0.980347 0.068498
vt 0.536313 0.428895
vt 0.873591 0.487250
vt 0.009504 0.012710
vt 0.927021 0.510808
vt 0.220591 0.498251
vt 0.220864 0.765415
vt 0.474667 0.893681
vt 0.462156 0.893100
vt 0.473253 0.602768
vt 0.460253 0.602958
vt 0.899922 0.505138
vt 0.899928 0.502300
vt 0.192957 0.497334
vt 0.763847 0.068454
vt 0.297131 0.387843
vt 0.303434 0.438512
vt 0.300732 0.438513
vt 0.845193 0.300745
vt 0.854884 0.246450
vt 0.854887 0.300745
vt 0.541540 0.265190
vt 0.541094 0.216795
vt 0.544249 0.209457
vt 0.926227 0.246607
vt 0.977455 0.246610
vt 0.533835 0.264878
vt 0.538701 0.265069
vt 0.947741 0.717887
vt 0.944973 0.672948
vt 0.009183 0.375845
vt 0.009687 0.421532
vt 0.763838 0.300767
vt 0.280267 0.102531
vt 0.287645 0.220416
vt 0.284185 0.212979
vt 0.868686 0.405083
vt 0.871200 0.486652
vt 0.277940 0.094683
vt 0.277868 0.013157
vt 0.980266 0.486931
vt 0.544374 0.100547
vt 0.544374 0.017861
vt 0.766578 0.793398
vt 0.763822 0.688969
vt 0.766578 0.689243
vt 0.000682 0.095824
vt 0.001148 0.199324
vt 0.003438 0.098403
vt 0.008713 0.095363
vt 0.264245 0.821343
vt 0.271246 0.818726
vt 0.272245 0.821501
vt 0.001202 0.375400
vt 0.003935 0.372830
vt 0.314894 0.919455
vt 0.305894 0.922389
vt 0.306893 0.919613
vt 0.871469 0.122859
vt 0.868707 0.122860
vt 0.275162 0.376252
vt 0.277913 0.376250
vt 0.980370 0.122953
vt 0.534434 0.385030
vt 0.537263 0.378421
vt 0.818631 0.558174
vt 0.332151 0.489817
vt 0.491771 0.727365
vt 0.044098 0.495848
vt 0.275059 0.529767
vt 0.518770 0.005487
vt 0.165847 0.734664
vt 0.245716 0.001130
vt 0.844925 0.501756
vt 0.817853 0.510389
vt 0.193354 0.766496
vt 0.845363 0.007500
vt 0.854995 0.004482
vt 0.517918 0.492435
vt 0.508308 0.495577
vt 0.508264 0.492525
vt 0.517922 0.758118
vt 0.508240 0.761086
vt 0.971160 0.598735
vt 0.961520 0.598896
vt 0.890145 0.502969
vt 0.182944 0.497212
vt 0.455281 0.604209
vt 0.455187 0.607447
vt 0.461893 0.891408
vt 0.457405 0.891972
vt 0.457323 0.888889
vt 0.456560 0.895107
vt 0.480686 0.894881
vt 0.481722 0.892057
vt 0.479854 0.598343
vt 0.479533 0.601488
vt 0.514606 0.480942
vt 0.491737 0.684021
vt 0.087215 0.492976
vt 0.087200 0.495724
vt 0.275570 0.571183
vt 0.272584 0.571111
vt 0.476528 0.004878
vt 0.168490 0.530386
vt 0.043010 0.000682
vt 0.927975 0.585492
vt 0.513397 0.428258
vt 0.168494 0.704882
vt 0.165231 0.617866
vt 0.216232 0.001046
vt 0.129697 0.000855
vt 0.668655 0.706576
vt 0.355689 0.434612
vt 0.434823 0.426399
vt 0.434903 0.428958
vt 0.494500 0.554258
vt 0.491796 0.524582
vt 0.216564 0.495193
vt 0.245727 0.495031
vt 0.275429 0.725791
vt 0.272444 0.726126
vt 0.348020 0.002352
vt 0.316114 0.004702
vt 0.316011 0.001432
vt 0.357558 0.487938
vt 0.570902 0.936093
vt 0.570902 0.878330
vt 0.347912 0.015246
vt 0.316024 0.014856
vt 0.763822 0.635063
vt 0.766577 0.635063
vt 0.012127 0.302178
vt 0.763834 0.246457
vt 0.766743 0.246457
vt 0.300522 0.317214
vt 0.300330 0.394429
vt 0.294804 0.317639
vt 0.541350 0.100543
vt 0.980370 0.405380
vt 0.277885 0.198851
vt 0.275184 0.094684
vt 0.868707 0.300746
vt 0.871444 0.405087
vt 0.277877 0.253020
vt 0.845192 0.405052
vt 0.854875 0.405063
vt 0.818053 0.197543
vt 0.845185 0.122859
vt 0.845185 0.197542
vt 0.981734 0.412817
vt 0.989736 0.358637
vt 0.989736 0.412817
vt 0.491736 0.762548
vt 0.495891 0.764592
vt 0.491736 0.764592
vt 0.817115 0.586265
vt 0.790046 0.511753
vt 0.817115 0.511753
vt 0.780370 0.586265
vt 0.766577 0.511753
vt 0.780370 0.511753
vt 0.818101 0.405036
vt 0.130657 0.301917
vt 0.218786 0.376251
vt 0.515524 0.379290
vt 0.526199 0.379624
vt 0.292040 0.317849
vt 0.981734 0.516973
vt 0.989736 0.516973
vt 0.529744 0.224456
vt 0.515770 0.216671
vt 0.275122 0.253020
vt 0.246457 0.253023
vt 0.872833 0.404798
vt 0.875598 0.405828
vt 0.283384 0.102461
vt 0.763889 0.405160
vt 0.216100 0.094635
vt 0.889404 0.405703
vt 0.926211 0.405411
vt 0.899083 0.405621
vt 0.042866 0.094472
vt 0.988445 0.881248
vt 0.986517 0.794762
vt 0.988802 0.795405
vt 0.532699 0.100534
vt 0.532330 0.190705
vt 0.299737 0.023976
vt 0.295948 0.024986
vt 0.516326 0.198802
vt 0.473566 0.215281
vt 0.473642 0.199188
vt 0.347757 0.024177
vt 0.433840 0.016772
vt 0.433700 0.025559
vt 0.524922 0.198663
vt 0.327299 0.203063
vt 0.350762 0.218394
vt 0.320771 0.220038
vt 0.295936 0.196945
vt 0.526543 0.026611
vt 0.987453 0.007902
vt 0.986449 0.004425
vt 0.988124 0.005274
vt 0.982377 0.743898
vt 0.977921 0.721432
vt 0.980024 0.721318
vt 0.293243 0.027695
vt 0.292135 0.031703
vt 0.528249 0.197713
vt 0.530999 0.194979
vt 0.296922 0.200216
vt 0.299424 0.202566
vt 0.302780 0.203355
vt 0.531981 0.029763
vt 0.532818 0.032906
vt 0.529685 0.027459
vt 0.323797 0.023948
vt 0.986417 0.524526
vt 0.989274 0.521160
vt 0.989878 0.523432
vt 0.989878 0.751071
vt 0.984527 0.751712
vt 0.985875 0.749499
vt 0.984927 0.052002
vt 0.983495 0.029760
vt 0.985515 0.029879
vt 0.352182 0.506563
vt 0.437790 0.547695
vt 0.352182 0.547695
vt 0.352182 0.671092
vt 0.437790 0.692098
vt 0.352182 0.691405
vt 0.289388 0.506563
vt 0.289388 0.547695
vt 0.988590 0.001900
vt 0.989745 0.003443
vt 0.986073 0.227486
vt 0.982043 0.224696
vt 0.984478 0.223887
vt 0.982145 0.537036
vt 0.981147 0.528827
vt 0.983183 0.529404
vt 0.991764 0.000682
vt 0.992259 0.002648
vt 0.988764 0.230178
vt 0.983827 0.229140
vt 0.983542 0.746928
vt 0.980130 0.744557
vt 0.981734 0.215732
vt 0.983962 0.215692
vt 0.982451 0.525420
vt 0.984321 0.526581
vt 0.514610 0.916781
vt 0.510923 0.830374
vt 0.513010 0.830383
vt 0.512333 0.762548
vt 0.514610 0.763155
vt 0.992259 0.231694
vt 0.987361 0.232455
vt 0.981502 0.748356
vt 0.979814 0.699036
vt 0.977429 0.617367
vt 0.979453 0.617383
vt 0.985138 0.522519
vt 0.988802 0.941063
vt 0.986485 0.881251
vt 0.982017 0.173569
vt 0.984091 0.173582
vt 0.298249 0.228656
vt 0.301137 0.227715
vt 0.475404 0.379060
vt 0.350180 0.224843
vt 0.325718 0.226168
vt 0.761102 0.678414
vt 0.758528 0.771163
vt 0.757751 0.678596
vt 0.530002 0.376107
vt 0.536778 0.310521
vt 0.505405 0.762548
vt 0.509559 0.764592
vt 0.505405 0.764592
vt 0.296206 0.230842
vt 0.295472 0.233845
vt 0.305997 0.387010
vt 0.305342 0.385299
vt 0.528059 0.379195
vt 0.309553 0.388512
vt 0.307539 0.388186
vt 0.534236 0.227421
vt 0.535065 0.230599
vt 0.529451 0.377907
vt 0.291220 0.270472
vt 0.532224 0.225262
vt 0.332496 0.386859
vt 0.356614 0.390416
vt 0.432504 0.215382
vt 0.433283 0.221716
vt 0.437790 0.506563
vt 0.447874 0.547695
vt 0.289388 0.671092
vt 0.279304 0.588827
vt 0.289388 0.588828
vt 0.289388 0.713105
vt 0.280134 0.719397
vt 0.279304 0.716300
vt 0.282402 0.721665
vt 0.285499 0.722495
vt 0.447044 0.495533
vt 0.447874 0.498630
vt 0.444777 0.493265
vt 0.441679 0.492435
vt 0.437790 0.713104
vt 0.447874 0.716300
vt 0.447044 0.719397
vt 0.444777 0.721665
vt 0.441679 0.722494
vt 0.279304 0.498630
vt 0.280134 0.495533
vt 0.282402 0.493265
vt 0.285499 0.492435
vt 0.352182 0.711717
vt 0.279304 0.693696
vt 0.289388 0.692098
vt 0.437790 0.671092
vt 0.447874 0.693696
vt 0.352182 0.722494
vt 0.447874 0.506563
vt 0.279304 0.506563
vt 0.352182 0.492435
vt 0.136341 0.918091
vt 0.160752 0.913937
vt 0.160752 0.918091
vt 0.744507 0.654469
vt 0.739053 0.624389
vt 0.744465 0.624559
vt 0.286366 0.904422
vt 0.328237 0.900268
vt 0.328237 0.904422
vt 0.339623 0.918091
vt 0.341681 0.913936
vt 0.341680 0.918091
vt 0.762422 0.878331
vt 0.756943 0.862849
vt 0.762457 0.862829
vt 0.744087 0.878245
vt 0.738621 0.862711
vt 0.744152 0.862770
vt 0.756255 0.809194
vt 0.761533 0.807219
vt 0.762412 0.880978
vt 0.756855 0.878308
vt 0.744074 0.880892
vt 0.738519 0.878214
vt 0.107703 0.904422
vt 0.109763 0.900268
vt 0.109763 0.904422
vt 0.762401 0.883729
vt 0.756842 0.880955
vt 0.107703 0.918091
vt 0.109763 0.913936
vt 0.109763 0.918091
vt 0.491736 0.924116
vt 0.495891 0.926242
vt 0.491736 0.926242
vt 0.111930 0.913936
vt 0.111930 0.918091
vt 0.491736 0.766623
vt 0.495890 0.838896
vt 0.491736 0.838896
vt 0.524050 0.659763
vt 0.528827 0.661797
vt 0.524128 0.661964
vt 0.539558 0.659184
vt 0.544374 0.661180
vt 0.539649 0.661394
vt 0.736700 0.678915
vt 0.739600 0.771808
vt 0.736520 0.771867
vt 0.244494 0.918091
vt 0.286366 0.913936
vt 0.286366 0.918091
vt 0.279304 0.547695
vt 0.437790 0.588828
vt 0.447874 0.671092
vt 0.474869 0.221745
vt 0.435094 0.379782
vt 0.355471 0.385219
vt 0.984300 0.132783
vt 0.982907 0.051967
vt 0.978251 0.577137
vt 0.980263 0.577205
vt 0.352182 0.588828
vt 0.476178 0.026133
vt 0.432179 0.199583
vt 0.350363 0.202395
vt 0.086508 0.012964
vt 0.086265 0.094519
vt 0.043308 0.376646
vt 0.474097 0.427900
vt 0.668655 0.749029
vt 0.665932 0.748323
vt 0.086525 0.003722
vt 0.086383 0.000749
vt 0.165258 0.574324
vt 0.168244 0.573976
vt 0.434031 0.004122
vt 0.348131 0.005490
vt 0.275755 0.695725
vt 0.130345 0.495536
vt 0.494497 0.640807
vt 0.491738 0.554008
vt 0.087452 0.421102
vt 0.182542 0.572033
vt 0.087274 0.376507
vt 0.086568 0.198913
vt 0.508320 0.641480
vt 0.192553 0.570669
vt 0.220398 0.569486
vt 0.488479 0.683949
vt 0.615606 0.744744
vt 0.614241 0.621671
vt 0.545738 0.704231
vt 0.545738 0.621687
vt 0.454311 0.731358
vt 0.450643 0.823456
vt 0.043176 0.253217
vt 0.012003 0.253265
vt 0.491736 0.887694
vt 0.495891 0.924116
vt 0.001298 0.302186
vt 0.244495 0.904422
vt 0.286366 0.900268
vt 0.086956 0.301994
vt 0.980352 0.300947
vt 0.217787 0.253032
vt 0.130494 0.253099
vt 0.086831 0.253155
vt 0.845187 0.246450
vt 0.003991 0.253279
vt 0.780371 0.689243
vt 0.780371 0.635063
vt 0.246575 0.301803
vt 0.288266 0.270685
vt 0.763822 0.122877
vt 0.001232 0.253283
vt 0.766577 0.586265
vt 0.763822 0.512808
vt 0.539438 0.310624
vt 0.980356 0.197670
vt 0.275129 0.301796
vt 0.277884 0.301795
vt 0.854883 0.197542
vt 0.868707 0.246450
vt 0.871468 0.300746
vt 0.818057 0.246452
vt 0.981734 0.309839
vt 0.989736 0.235329
vt 0.989736 0.309839
vt 0.534424 0.577891
vt 0.537224 0.574023
vt 0.539726 0.576368
vt 0.297141 0.270081
vt 0.532098 0.310341
vt 0.146786 0.785439
vt 0.154692 0.790850
vt 0.146786 0.790850
vt 0.004069 0.302185
vt 0.871469 0.197542
vt 0.868707 0.197542
vt 0.981734 0.358637
vt 0.527955 0.537679
vt 0.525757 0.576243
vt 0.526264 0.537656
vt 0.525971 0.535125
vt 0.521504 0.535644
vt 0.537210 0.539519
vt 0.539122 0.537531
vt 0.521085 0.578113
vt 0.218020 0.301817
vt 0.244494 0.913936
vt 0.279304 0.671092
vt 0.339624 0.904422
vt 0.341681 0.900268
vt 0.341681 0.904422
vt 0.985519 0.007503
vt 0.977775 0.699046
vt 0.216225 0.004012
vt 0.165506 0.704904
vt 0.818479 0.530321
vt 0.489715 0.827219
vt 0.220704 0.740037
vt 0.193523 0.763733
vt 0.216415 0.738391
vt 0.043237 0.302084
vt 0.615605 0.785375
vt 0.665932 0.790187
vt 0.043213 0.003661
vt 0.487526 0.636740
vt 0.192817 0.526138
vt 0.165515 0.530819
vt 0.668655 0.791482
vt 0.518460 0.026594
vt 0.980110 0.536846
vt 0.517779 0.223579
vt 0.525412 0.492435
vt 0.529602 0.495063
vt 0.525189 0.494611
vt 0.759301 0.656664
vt 0.447874 0.588827
vt 0.434697 0.385143
vt 0.982270 0.132769
vt 0.434006 0.007201
vt 0.275755 0.612695
vt 0.491736 0.640683
vt 0.614241 0.702932
vt 0.449850 0.730853
vt 0.754955 0.680073
vt 0.754308 0.675323
vt 0.742346 0.803974
vt 0.747550 0.801183
vt 0.746030 0.805925
vt 0.758157 0.804354
vt 0.739657 0.807193
vt 0.739129 0.656788
vt 0.740029 0.679066
vt 0.745105 0.809260
vt 0.752045 0.662106
vt 0.753953 0.661698
vt 0.755034 0.800958
vt 0.753253 0.775035
vt 0.755603 0.774613
vt 0.756110 0.659027
vt 0.755307 0.805652
vt 0.745676 0.657887
vt 0.744758 0.662326
vt 0.741973 0.659951
vt 0.743580 0.676024
vt 0.740420 0.679080
vt 0.740246 0.771795
vt 0.744607 0.801563
vt 0.755584 0.770000
vt 0.746664 0.675761
vt 0.747291 0.662493
vt 0.743862 0.775063
vt 0.747037 0.775309
vt 0.753870 0.658006
vt 0.745116 0.769514
vt 0.745203 0.680914
vt 0.339624 0.900268
vt 0.739139 0.621671
vt 0.744602 0.621858
vt 0.328237 0.918091
vt 0.339624 0.913936
vt 0.527365 0.576234
vt 0.525456 0.578726
vt 0.535445 0.574857
vt 0.535820 0.538909
vt 0.509559 0.838896
vt 0.505405 0.887694
vt 0.505405 0.838896
vt 0.544272 0.658967
vt 0.539478 0.498314
vt 0.534744 0.536089
vt 0.111931 0.904422
vt 0.136342 0.900268
vt 0.136342 0.904422
vt 0.528745 0.659591
vt 0.509559 0.766623
vt 0.505405 0.766623
vt 0.136342 0.913936
vt 0.509559 0.924116
vt 0.505405 0.924116
vt 0.111931 0.900268
vt 0.524973 0.496762
vt 0.509559 0.926242
vt 0.505405 0.926242
vt 0.539718 0.496168
vt 0.543876 0.498822
vt 0.744059 0.883644
vt 0.738504 0.880860
vt 0.529374 0.497207
vt 0.539962 0.493997
vt 0.544124 0.496675
vt 0.160752 0.900268
vt 0.160752 0.904422
vt 0.328237 0.913936
vt 0.756933 0.625394
vt 0.762220 0.625840
vt 0.244495 0.900268
vt 0.757135 0.622719
vt 0.762457 0.623194
vt 0.752793 0.800593
vt 0.752170 0.675085
vt 0.754698 0.654925
vt 0.495891 0.766623
vt 0.107703 0.913936
vt 0.756830 0.883706
vt 0.495890 0.887694
vt 0.529832 0.492890
vt 0.495891 0.762548
vt 0.518015 0.684657
vt 0.518017 0.641952
vt 0.193054 0.734242
vt 0.192789 0.704708
vt 0.518003 0.525968
vt 0.517944 0.495502
vt 0.146786 0.743155
vt 0.154692 0.782487
vt 0.146786 0.782488
vt 0.790046 0.689243
vt 0.518017 0.556541
vt 0.790046 0.586265
vt 0.844944 0.504598
vt 0.518001 0.727358
vt 0.845183 0.078180
vt 0.306358 0.945853
vt 0.971383 0.717881
vt 0.971383 0.672975
vt 0.263245 0.818568
vt 0.971202 0.601930
vt 0.782493 0.590998
vt 0.782493 0.630330
vt 0.779541 0.630330
vt 0.774131 0.630330
vt 0.774130 0.590998
vt 0.779541 0.590998
vt 0.154692 0.785439
vt 0.146785 0.734793
vt 0.154692 0.740203
vt 0.146786 0.740203
vt 0.154692 0.743155
vt 0.154692 0.830182
vt 0.146785 0.830182
vt 0.263245 0.825095
vt 0.274642 0.837895
vt 0.263245 0.837895
vt 0.723727 0.775535
vt 0.735124 0.777764
vt 0.723727 0.777764
vt 0.723727 0.762735
vt 0.735124 0.775535
vt 0.792830 0.727942
vt 0.817115 0.793397
vt 0.792830 0.770653
vt 0.790047 0.793397
vt 0.790014 0.770653
vt 0.774984 0.770653
vt 0.774984 0.727942
vt 0.780371 0.793397
vt 0.777214 0.770653
vt 0.790013 0.727942
vt 0.777213 0.727942
vt 0.274642 0.840712
vt 0.263245 0.840712
vt 0.263245 0.822865
vt 0.274642 0.825095
vt 0.723727 0.759918
vt 0.735124 0.762735
vt 0.420619 0.900268
vt 0.432016 0.942979
vt 0.420619 0.942979
vt 0.722292 0.832483
vt 0.733689 0.875194
vt 0.722292 0.875194
vt 0.216375 0.729592
vt 0.224574 0.729324
vt 0.220653 0.727848
vt 0.214519 0.734019
vt 0.226698 0.733034
vt 0.696214 0.778552
vt 0.684475 0.773594
vt 0.696114 0.768418
vt 0.671861 0.771267
vt 0.684440 0.773536
vt 0.673076 0.779902
vt 0.678718 0.762352
vt 0.684464 0.773539
vt 0.688869 0.785661
vt 0.684452 0.773588
vt 0.689303 0.761922
vt 0.684489 0.773548
vt 0.684499 0.773578
vt 0.679294 0.785507
vt 0.684428 0.773577
vt 0.684420 0.773551
vt 0.110226 0.958730
vt 0.136107 0.959015
vt 0.110069 0.962000
vt 0.107703 0.943982
vt 0.134782 0.945602
vt 0.108298 0.946907
vt 0.134907 0.948225
vt 0.108979 0.949812
vt 0.109220 0.929457
vt 0.134836 0.933267
vt 0.108817 0.933074
vt 0.134658 0.936520
vt 0.108364 0.936654
vt 0.109928 0.968843
vt 0.138309 0.968390
vt 0.110821 0.972150
vt 0.107921 0.919455
vt 0.135676 0.923748
vt 0.108364 0.922830
vt 0.136700 0.962076
vt 0.109942 0.965417
vt 0.137443 0.965177
vt 0.135140 0.950769
vt 0.109674 0.952637
vt 0.135428 0.953285
vt 0.110340 0.955478
vt 0.134649 0.939806
vt 0.107958 0.940327
vt 0.134725 0.943007
vt 0.135347 0.926962
vt 0.108819 0.926155
vt 0.135720 0.956112
vt 0.135117 0.929998
vt 0.136698 0.927103
vt 0.136966 0.955953
vt 0.136377 0.930112
vt 0.137414 0.958805
vt 0.136029 0.945552
vt 0.136190 0.948138
vt 0.136128 0.933349
vt 0.135987 0.936555
vt 0.139627 0.967855
vt 0.136271 0.920194
vt 0.137120 0.923956
vt 0.137976 0.961808
vt 0.138704 0.964836
vt 0.136377 0.950656
vt 0.136620 0.953162
vt 0.135909 0.939799
vt 0.135930 0.942974
vt 0.141374 0.964070
vt 0.138972 0.950410
vt 0.139249 0.952846
vt 0.138565 0.939814
vt 0.138601 0.942921
vt 0.139534 0.927485
vt 0.139571 0.955568
vt 0.139184 0.930384
vt 0.139995 0.958326
vt 0.138643 0.945426
vt 0.138760 0.947954
vt 0.138852 0.933527
vt 0.138636 0.936646
vt 0.142367 0.967015
vt 0.137717 0.920580
vt 0.140047 0.924479
vt 0.140603 0.961201
vt 0.140360 0.933649
vt 0.140208 0.936716
vt 0.143737 0.966280
vt 0.140904 0.921204
vt 0.141663 0.924834
vt 0.142043 0.960863
vt 0.142758 0.963635
vt 0.140426 0.950285
vt 0.140636 0.952699
vt 0.140048 0.939829
vt 0.140006 0.942890
vt 0.141082 0.927727
vt 0.141014 0.955365
vt 0.140638 0.930561
vt 0.141503 0.958056
vt 0.140110 0.945372
vt 0.140279 0.947859
vt 0.144742 0.928384
vt 0.144449 0.954829
vt 0.144339 0.931039
vt 0.144856 0.957404
vt 0.143607 0.945225
vt 0.143704 0.947635
vt 0.143963 0.933958
vt 0.143709 0.936900
vt 0.146984 0.965186
vt 0.142428 0.921838
vt 0.145311 0.925682
vt 0.145419 0.960051
vt 0.146108 0.962620
vt 0.143893 0.949975
vt 0.144147 0.952276
vt 0.143590 0.939910
vt 0.143587 0.942855
vt 0.147208 0.962278
vt 0.145135 0.949878
vt 0.145313 0.952157
vt 0.144855 0.939941
vt 0.144775 0.942835
vt 0.146011 0.928618
vt 0.145665 0.954658
vt 0.145539 0.931210
vt 0.146128 0.957178
vt 0.144863 0.945185
vt 0.145019 0.947562
vt 0.145236 0.934080
vt 0.145060 0.936984
vt 0.148040 0.964611
vt 0.146204 0.922851
vt 0.146605 0.926015
vt 0.146600 0.959778
vt 0.151913 0.937545
vt 0.154058 0.963071
vt 0.147344 0.923407
vt 0.153454 0.927557
vt 0.153044 0.958498
vt 0.153512 0.960808
vt 0.151906 0.949384
vt 0.152071 0.951503
vt 0.151751 0.940226
vt 0.151686 0.942887
vt 0.152939 0.929944
vt 0.152323 0.953832
vt 0.152510 0.932317
vt 0.152646 0.956138
vt 0.151707 0.945070
vt 0.151787 0.947258
vt 0.152155 0.934932
vt 0.664871 0.953490
vt 0.667752 0.949636
vt 0.667067 0.953441
vt 0.669096 0.963892
vt 0.667707 0.968469
vt 0.667041 0.964669
vt 0.671189 0.950976
vt 0.669117 0.954241
vt 0.660329 0.959249
vt 0.656895 0.956034
vt 0.660595 0.957256
vt 0.658491 0.953067
vt 0.661547 0.955487
vt 0.663650 0.968373
vt 0.664623 0.964612
vt 0.660033 0.966609
vt 0.662466 0.963560
vt 0.671614 0.957981
vt 0.675377 0.961115
vt 0.671613 0.960285
vt 0.673841 0.964637
vt 0.670697 0.962384
vt 0.673931 0.953666
vt 0.670752 0.955845
vt 0.675377 0.957251
vt 0.660969 0.950900
vt 0.663024 0.954195
vt 0.664067 0.949716
vt 0.657434 0.963398
vt 0.660917 0.961646
vt 0.656448 0.959378
vt 0.671154 0.967166
vt 0.876530 0.958934
vt 0.879822 0.949240
vt 0.879821 0.958934
vt 0.883138 0.949240
vt 0.883138 0.958934
vt 0.861516 0.958934
vt 0.865647 0.949240
vt 0.865647 0.958934
vt 0.869786 0.949240
vt 0.869786 0.958934
vt 0.846058 0.958934
vt 0.849749 0.949240
vt 0.849749 0.958934
vt 0.886823 0.949240
vt 0.886823 0.958934
vt 0.853434 0.949240
vt 0.853434 0.958934
vt 0.890513 0.949240
vt 0.890513 0.958934
vt 0.873160 0.949240
vt 0.873160 0.958934
vt 0.876530 0.949240
vt 0.857491 0.949240
vt 0.857491 0.958934
vt 0.861516 0.949240
vt 0.898219 0.958934
vt 0.902084 0.949240
vt 0.902084 0.958934
vt 0.842217 0.958934
vt 0.846058 0.949241
vt 0.894355 0.949240
vt 0.894355 0.958934
vt 0.898219 0.949240
vt 0.650896 0.967129
vt 0.647458 0.968470
vt 0.645686 0.959183
vt 0.636601 0.962071
vt 0.636155 0.958726
vt 0.638198 0.965038
vt 0.643358 0.949732
vt 0.647414 0.949636
vt 0.639740 0.951496
vt 0.655084 0.956990
vt 0.655084 0.960855
vt 0.653548 0.953469
vt 0.653638 0.964439
vt 0.640676 0.967205
vt 0.643773 0.968389
vt 0.637141 0.954706
vt 0.650861 0.950940
vt 0.671334 0.780865
vt 0.678483 0.787455
vt 0.689574 0.787581
vt 0.697949 0.767574
vt 0.690075 0.759918
vt 0.677769 0.760489
vt 0.697949 0.779276
vt 0.670019 0.770855
vt 0.261720 0.919455
vt 0.257036 0.942505
vt 0.257036 0.919455
vt 0.179039 0.956979
vt 0.186047 0.958763
vt 0.183370 0.958763
vt 0.170734 0.919455
vt 0.183370 0.922132
vt 0.170734 0.920744
vt 0.170734 0.994503
vt 0.158099 0.991826
vt 0.170734 0.993214
vt 0.155422 0.937994
vt 0.158099 0.922132
vt 0.156942 0.937994
vt 0.186047 0.975964
vt 0.183370 0.991826
vt 0.184527 0.975964
vt 0.186047 0.937994
vt 0.183370 0.955195
vt 0.184527 0.937994
vt 0.699313 0.772629
vt 0.722363 0.785341
vt 0.699313 0.785341
vt 0.544135 0.696471
vt 0.521085 0.679232
vt 0.544135 0.679232
vt 0.158099 0.958763
vt 0.155422 0.956979
vt 0.162430 0.956979
vt 0.186047 0.956979
vt 0.155422 0.975964
vt 0.156942 0.975964
vt 0.155422 0.955195
vt 0.158099 0.955195
vt 0.521085 0.663328
vt 0.544135 0.663328
vt 0.186047 0.919455
vt 0.266405 0.919455
vt 0.261720 0.942505
vt 0.155422 0.994503
vt 0.544135 0.723079
vt 0.521085 0.705839
vt 0.544135 0.705839
vt 0.299548 0.919455
vt 0.283644 0.942505
vt 0.283644 0.919455
vt 0.341681 0.919455
vt 0.328969 0.942505
vt 0.328969 0.919455
vt 0.266405 0.942505
vt 0.239797 0.919455
vt 0.223893 0.942505
vt 0.223893 0.919455
vt 0.521085 0.701155
vt 0.544135 0.701155
vt 0.186047 0.994503
vt 0.155422 0.919455
vt 0.239797 0.942505
vt 0.811911 0.947995
vt 0.825703 0.930794
vt 0.825704 0.947995
vt 0.811911 0.910025
vt 0.825703 0.892775
vt 0.825704 0.910025
vt 0.817399 0.929010
vt 0.825703 0.929010
vt 0.813068 0.927225
vt 0.825703 0.927225
vt 0.813068 0.963857
vt 0.825703 0.965245
vt 0.839496 0.910025
vt 0.838339 0.927225
vt 0.839496 0.947995
vt 0.838339 0.963857
vt 0.834008 0.929010
vt 0.838339 0.930794
vt 0.838339 0.894163
vt 0.316258 0.942505
vt 0.316258 0.919455
vt 0.544135 0.738983
vt 0.521085 0.723079
vt 0.521085 0.696471
vt 0.699313 0.759918
vt 0.722363 0.772629
vt 0.205187 0.936963
vt 0.220720 0.942698
vt 0.205196 0.941526
vt 0.206870 0.933072
vt 0.221115 0.939422
vt 0.207845 0.958653
vt 0.222529 0.958640
vt 0.209540 0.962194
vt 0.205056 0.950486
vt 0.221107 0.952382
vt 0.206200 0.954768
vt 0.220573 0.945964
vt 0.204233 0.946007
vt 0.208480 0.929440
vt 0.221737 0.936129
vt 0.221738 0.955539
vt 0.220702 0.949181
vt 0.091347 0.841084
vt 0.091244 0.838633
vt 0.093010 0.839377
vt 0.087279 0.839357
vt 0.089756 0.839275
vt 0.088934 0.841092
vt 0.091390 0.835286
vt 0.089761 0.837096
vt 0.088988 0.835251
vt 0.091270 0.837765
vt 0.093073 0.836994
vt 0.090643 0.839260
vt 0.087352 0.836991
vt 0.089111 0.838640
vt 0.089139 0.837743
vt 0.089833 0.838035
vt 0.090354 0.837820
vt 0.090664 0.837118
vt 0.090563 0.838343
vt 0.090044 0.838560
vt 0.090047 0.837819
vt 0.090566 0.838040
vt 0.090351 0.838558
vt 0.089828 0.838340
vt 0.094603 0.836303
vt 0.091971 0.833738
vt 0.088359 0.833762
vt 0.085787 0.836343
vt 0.085768 0.840018
vt 0.088302 0.842575
vt 0.091924 0.842648
vt 0.094603 0.840049
vt 0.187411 0.946775
vt 0.198985 0.950990
vt 0.188123 0.953342
vt 0.189637 0.959881
vt 0.202354 0.961589
vt 0.192021 0.966324
vt 0.192805 0.919455
vt 0.201577 0.930257
vt 0.190087 0.926386
vt 0.187463 0.940101
vt 0.198524 0.945971
vt 0.200193 0.956194
vt 0.206043 0.966998
vt 0.194767 0.972236
vt 0.199669 0.935575
vt 0.188317 0.933306
vt 0.198729 0.940771
vt 0.205085 0.924869
vt 0.431550 0.961346
vt 0.422305 0.948357
vt 0.431550 0.948357
vt 0.422305 0.961346
vt 0.411893 0.948357
vt 0.411893 0.961346
vt 0.400052 0.948357
vt 0.400052 0.961345
vt 0.387297 0.948357
vt 0.387297 0.961345
vt 0.374542 0.948357
vt 0.374542 0.961346
vt 0.362701 0.948357
vt 0.362701 0.961346
vt 0.352289 0.948357
vt 0.352289 0.961346
vt 0.343045 0.948357
vt 0.428125 0.771053
vt 0.433504 0.778567
vt 0.432717 0.779223
vt 0.445782 0.787155
vt 0.437026 0.790444
vt 0.438936 0.784637
vt 0.953066 0.734041
vt 0.958274 0.723198
vt 0.960032 0.729884
vt 0.429805 0.783678
vt 0.947568 0.741098
vt 0.949789 0.728197
vt 0.424266 0.773720
vt 0.944535 0.750321
vt 0.943592 0.737045
vt 0.421440 0.761647
vt 0.425779 0.761209
vt 0.944175 0.760548
vt 0.940107 0.748437
vt 0.421712 0.749098
vt 0.426140 0.750982
vt 0.946521 0.770392
vt 0.939835 0.760986
vt 0.425197 0.737707
vt 0.429172 0.741759
vt 0.951112 0.778562
vt 0.942661 0.773059
vt 0.431394 0.728858
vt 0.434670 0.734702
vt 0.957331 0.783976
vt 0.948200 0.783017
vt 0.439878 0.723859
vt 0.441637 0.730545
vt 0.964177 0.786494
vt 0.955421 0.789783
vt 0.945188 0.760440
vt 0.945549 0.750495
vt 0.964506 0.758845
vt 0.429070 0.770675
vt 0.426793 0.761101
vt 0.947465 0.770014
vt 0.427153 0.751156
vt 0.951899 0.777906
vt 0.430110 0.742251
vt 0.957826 0.783124
vt 0.446111 0.786277
vt 0.435425 0.735557
vt 0.953821 0.734896
vt 0.964506 0.785616
vt 0.439431 0.783785
vt 0.948506 0.741590
vt 0.446111 0.759506
vt 0.442244 0.731574
vt 0.960639 0.730913
vt 0.005698 0.687921
vt 0.001495 0.679310
vt 0.005478 0.679225
vt 0.001228 0.663220
vt 0.005186 0.663164
vt 0.008416 0.729087
vt 0.004811 0.731313
vt 0.004082 0.729045
vt 0.006621 0.732946
vt 0.009071 0.733429
vt 0.159804 0.721968
vt 0.163547 0.721077
vt 0.163186 0.723204
vt 0.161926 0.724815
vt 0.160115 0.725477
vt 0.123774 0.726912
vt 0.123546 0.723474
vt 0.001690 0.687959
vt 0.081353 0.677456
vt 0.081673 0.685893
vt 0.083522 0.725006
vt 0.156454 0.689424
vt 0.122856 0.684171
vt 0.156090 0.686064
vt 0.083748 0.728158
vt 0.158936 0.685254
vt 0.160708 0.688324
vt 0.161199 0.659667
vt 0.163867 0.659830
vt 0.160613 0.659646
vt 0.157022 0.659566
vt 0.018888 0.728927
vt 0.013361 0.730507
vt 0.008924 0.729407
vt 0.072704 0.659182
vt 0.072314 0.661920
vt 0.161326 0.614691
vt 0.163867 0.614680
vt 0.081139 0.670328
vt 0.083843 0.669812
vt 0.120900 0.660610
vt 0.126463 0.681521
vt 0.000682 0.615380
vt 0.004637 0.615361
vt 0.089492 0.661513
vt 0.088989 0.658822
vt 0.072811 0.664642
vt 0.078405 0.669960
vt 0.074723 0.655771
vt 0.080177 0.615027
vt 0.078044 0.653638
vt 0.089120 0.664230
vt 0.083463 0.653543
vt 0.080747 0.653151
vt 0.074976 0.667973
vt 0.086852 0.655537
vt 0.120433 0.614864
vt 0.124923 0.660427
vt 0.157123 0.614709
vt 0.087136 0.667640
vt 0.019488 0.911201
vt 0.018087 0.923733
vt 0.012020 0.914339
vt 0.049987 0.930737
vt 0.037347 0.929240
vt 0.046933 0.923237
vt 0.031157 0.961346
vt 0.032539 0.948938
vt 0.038568 0.958251
vt 0.000682 0.930176
vt 0.011858 0.938773
vt 0.000907 0.941793
vt 0.014599 0.926653
vt 0.005866 0.919646
vt 0.009080 0.955553
vt 0.022031 0.950204
vt 0.019445 0.961219
vt 0.049987 0.942500
vt 0.039019 0.933630
vt 0.034420 0.925594
vt 0.041759 0.916923
vt 0.028785 0.922394
vt 0.031307 0.911283
vt 0.011728 0.932293
vt 0.035967 0.946017
vt 0.044693 0.952989
vt 0.038829 0.940219
vt 0.003954 0.949245
vt 0.016444 0.946957
vt 0.028330 0.950545
vt 0.013534 0.943256
vt 0.022367 0.922094
vt 0.905889 0.729783
vt 0.915090 0.738838
vt 0.903906 0.735874
vt 0.901755 0.751101
vt 0.913480 0.755851
vt 0.902372 0.757697
vt 0.909323 0.777693
vt 0.922647 0.777019
vt 0.912080 0.783283
vt 0.916091 0.705805
vt 0.925485 0.721930
vt 0.912721 0.714362
vt 0.901825 0.746569
vt 0.913174 0.750968
vt 0.913837 0.743698
vt 0.902468 0.742137
vt 0.903762 0.763942
vt 0.915596 0.764177
vt 0.905065 0.768053
vt 0.907565 0.725508
vt 0.917033 0.734091
vt 0.913341 0.747338
vt 0.913893 0.787398
vt 0.929380 0.784600
vt 0.915594 0.792164
vt 0.909517 0.721162
vt 0.918910 0.730604
vt 0.917013 0.767600
vt 0.906659 0.772057
vt 0.925615 0.780626
vt 0.914462 0.760683
vt 0.919437 0.772250
vt 0.921241 0.727050
vt 0.929577 0.747286
vt 0.930186 0.756399
vt 0.929301 0.749133
vt 0.938471 0.766634
vt 0.933213 0.762170
vt 0.936709 0.765560
vt 0.929532 0.753708
vt 0.929237 0.750984
vt 0.933556 0.738957
vt 0.932328 0.740454
vt 0.930271 0.744610
vt 0.935159 0.764274
vt 0.931638 0.759863
vt 0.931336 0.742063
vt 0.931388 0.716530
vt 0.935776 0.737006
vt 0.930815 0.758175
vt 0.910303 0.705124
vt 0.897509 0.746180
vt 0.900077 0.734746
vt 0.899582 0.764965
vt 0.903390 0.723776
vt 0.897871 0.741228
vt 0.910190 0.788657
vt 0.905293 0.719178
vt 0.901051 0.769435
vt 0.908495 0.784826
vt 0.897944 0.758359
vt 0.902843 0.773708
vt 0.908082 0.712487
vt 0.901784 0.728378
vt 0.896874 0.751245
vt 0.905689 0.779385
vt 0.281202 0.961414
vt 0.286152 0.943869
vt 0.286152 0.961414
vt 0.244146 0.961414
vt 0.247597 0.943869
vt 0.247597 0.961414
vt 0.274300 0.961414
vt 0.277751 0.943869
vt 0.277751 0.961414
vt 0.257497 0.961414
vt 0.260949 0.943869
vt 0.260949 0.961414
vt 0.269350 0.961414
vt 0.274300 0.943869
vt 0.252548 0.943869
vt 0.252547 0.961414
vt 0.291103 0.943869
vt 0.291103 0.961414
vt 0.235745 0.961414
vt 0.240695 0.943869
vt 0.240695 0.961414
vt 0.244146 0.943869
vt 0.257497 0.943869
vt 0.227344 0.961414
vt 0.230795 0.943869
vt 0.230795 0.961414
vt 0.281202 0.943869
vt 0.264400 0.961414
vt 0.269350 0.943869
vt 0.264400 0.943869
vt 0.223893 0.961414
vt 0.227344 0.943869
vt 0.235745 0.943869
vt 0.730086 0.779128
vt 0.728483 0.782624
vt 0.727654 0.779129
vt 0.734019 0.785491
vt 0.730523 0.783885
vt 0.734019 0.783057
vt 0.723727 0.783058
vt 0.727223 0.784665
vt 0.723727 0.785491
vt 0.727980 0.782832
vt 0.726092 0.779777
vt 0.727656 0.789420
vt 0.729263 0.785924
vt 0.730089 0.789420
vt 0.732931 0.787665
vt 0.730524 0.784663
vt 0.731653 0.788773
vt 0.730176 0.785360
vt 0.732262 0.780216
vt 0.729261 0.782625
vt 0.727431 0.785167
vt 0.724375 0.787054
vt 0.727788 0.785578
vt 0.725482 0.788332
vt 0.727570 0.783189
vt 0.724815 0.780885
vt 0.727222 0.783886
vt 0.729766 0.785717
vt 0.728485 0.785925
vt 0.733371 0.781494
vt 0.729958 0.782972
vt 0.730315 0.783382
vt 0.728873 0.784274
vt 0.009385 0.733073
vt 0.019549 0.732274
vt 0.015361 0.730813
vt 0.013328 0.730998
vt 0.015332 0.731299
vt 0.000892 0.551423
vt 0.005021 0.542771
vt 0.004877 0.551473
vt 0.000770 0.567522
vt 0.004730 0.567541
vt 0.007384 0.501560
vt 0.003047 0.501641
vt 0.003758 0.499365
vt 0.005555 0.497715
vt 0.008001 0.497212
vt 0.158905 0.507411
vt 0.162278 0.506147
vt 0.162657 0.508271
vt 0.161005 0.504545
vt 0.159187 0.503897
vt 0.122820 0.502759
vt 0.122619 0.506200
vt 0.001011 0.542768
vt 0.080792 0.552577
vt 0.081042 0.544136
vt 0.082564 0.504997
vt 0.155821 0.539995
vt 0.155485 0.543359
vt 0.122254 0.545529
vt 0.082764 0.501841
vt 0.158338 0.544145
vt 0.160086 0.541060
vt 0.160816 0.569718
vt 0.163482 0.569533
vt 0.160230 0.569744
vt 0.156639 0.569854
vt 0.012318 0.500097
vt 0.017861 0.501631
vt 0.007889 0.501236
vt 0.071882 0.568204
vt 0.072295 0.570941
vt 0.083358 0.560204
vt 0.080645 0.559712
vt 0.125885 0.548150
vt 0.120495 0.569123
vt 0.088588 0.571147
vt 0.089076 0.568453
vt 0.072357 0.565476
vt 0.077911 0.560104
vt 0.074344 0.574335
vt 0.077683 0.576441
vt 0.088687 0.565737
vt 0.080390 0.576905
vt 0.083101 0.576490
vt 0.074496 0.562124
vt 0.086468 0.574444
vt 0.124520 0.569271
vt 0.086675 0.562343
vt 0.062830 0.958422
vt 0.065368 0.946154
vt 0.068835 0.949068
vt 0.054394 0.923374
vt 0.066942 0.925611
vt 0.064051 0.929314
vt 0.089067 0.914303
vt 0.086465 0.926544
vt 0.083034 0.923622
vt 0.092323 0.955593
vt 0.079339 0.950282
vt 0.084935 0.946997
vt 0.070273 0.961479
vt 0.073063 0.950649
vt 0.100475 0.930060
vt 0.089524 0.938941
vt 0.089329 0.932344
vt 0.059524 0.917016
vt 0.072520 0.922358
vt 0.051382 0.930903
vt 0.062414 0.933787
vt 0.051351 0.942653
vt 0.062492 0.940389
vt 0.081978 0.961293
vt 0.081650 0.911201
vt 0.078822 0.922015
vt 0.069917 0.911323
vt 0.100475 0.941802
vt 0.087857 0.943337
vt 0.095191 0.919571
vt 0.097445 0.949284
vt 0.056658 0.953169
vt 0.587550 0.908698
vt 0.576846 0.914647
vt 0.576518 0.908520
vt 0.591042 0.891971
vt 0.578431 0.893689
vt 0.580559 0.887542
vt 0.599939 0.937242
vt 0.590990 0.953189
vt 0.587460 0.944976
vt 0.591495 0.925392
vt 0.582894 0.936000
vt 0.580235 0.929558
vt 0.589311 0.896750
vt 0.577346 0.897986
vt 0.587808 0.903868
vt 0.576797 0.902310
vt 0.595748 0.883693
vt 0.583116 0.881737
vt 0.584984 0.877777
vt 0.587931 0.913462
vt 0.577415 0.918937
vt 0.588408 0.900290
vt 0.594233 0.930175
vt 0.585027 0.940448
vt 0.588580 0.916998
vt 0.578329 0.923233
vt 0.598486 0.880051
vt 0.586838 0.873641
vt 0.596781 0.933661
vt 0.593478 0.887194
vt 0.603663 0.874163
vt 0.589063 0.866741
vt 0.589553 0.920563
vt 0.603868 0.905638
vt 0.607500 0.897142
vt 0.604215 0.903799
vt 0.607221 0.919593
vt 0.612742 0.892703
vt 0.608523 0.921024
vt 0.605947 0.899508
vt 0.604762 0.902015
vt 0.604609 0.914697
vt 0.604065 0.912915
vt 0.603626 0.908381
vt 0.610081 0.922291
vt 0.605795 0.942493
vt 0.610223 0.894295
vt 0.603733 0.911102
vt 0.605716 0.917238
vt 0.608761 0.895639
vt 0.578345 0.938034
vt 0.573211 0.897247
vt 0.572663 0.908609
vt 0.579340 0.880112
vt 0.573164 0.919694
vt 0.572266 0.901972
vt 0.580993 0.942495
vt 0.574087 0.924412
vt 0.581295 0.876127
vt 0.583063 0.947013
vt 0.576547 0.885983
vt 0.583122 0.872221
vt 0.575919 0.931122
vt 0.572687 0.915000
vt 0.573912 0.892377
vt 0.585464 0.954018
vt 0.554100 0.955002
vt 0.549150 0.937457
vt 0.554100 0.937457
vt 0.515544 0.955002
vt 0.512093 0.937457
vt 0.515544 0.937457
vt 0.545698 0.955002
vt 0.542247 0.937457
vt 0.545698 0.937457
vt 0.528896 0.955002
vt 0.525445 0.937457
vt 0.528896 0.937457
vt 0.542247 0.955002
vt 0.537297 0.937457
vt 0.520495 0.955002
vt 0.520495 0.937457
vt 0.559050 0.955002
vt 0.559050 0.937457
vt 0.508642 0.955002
vt 0.503692 0.937457
vt 0.508642 0.937457
vt 0.512093 0.955002
vt 0.525445 0.955002
vt 0.565952 0.955002
vt 0.562501 0.937457
vt 0.565952 0.937457
vt 0.549150 0.955002
vt 0.537297 0.955002
vt 0.532347 0.937457
vt 0.532347 0.955002
vt 0.562501 0.955002
vt 0.570902 0.955002
vt 0.570902 0.937457
vt 0.151541 0.838342
vt 0.153145 0.841838
vt 0.150713 0.841837
vt 0.153581 0.837082
vt 0.157077 0.835475
vt 0.157077 0.837909
vt 0.150281 0.836302
vt 0.146786 0.837909
vt 0.146785 0.835476
vt 0.151038 0.838135
vt 0.149150 0.841190
vt 0.152321 0.835042
vt 0.150714 0.831547
vt 0.153147 0.831546
vt 0.153582 0.836304
vt 0.155989 0.833301
vt 0.153234 0.835607
vt 0.154711 0.832193
vt 0.152320 0.838342
vt 0.155320 0.840750
vt 0.150489 0.835800
vt 0.147433 0.833913
vt 0.150846 0.835389
vt 0.148540 0.832635
vt 0.150628 0.837777
vt 0.147873 0.840082
vt 0.150280 0.837081
vt 0.152824 0.835250
vt 0.151543 0.835041
vt 0.153016 0.837995
vt 0.156429 0.839472
vt 0.153373 0.837584
vt 0.151931 0.836692
vt 0.008318 0.497565
vt 0.018493 0.498276
vt 0.012281 0.499607
vt 0.014316 0.499774
vt 0.014283 0.499289
vt 0.674767 0.716304
vt 0.694434 0.690113
vt 0.670019 0.690113
vt 0.697323 0.674173
vt 0.674767 0.663921
vt 0.705552 0.660660
vt 0.688288 0.641717
vt 0.717868 0.651631
vt 0.708525 0.626881
vt 0.732395 0.648460
vt 0.732395 0.621671
vt 0.732395 0.758554
vt 0.717868 0.728594
vt 0.708525 0.753344
vt 0.705552 0.719565
vt 0.688288 0.738508
vt 0.697323 0.706052
vt 0.732395 0.731765
vt 0.303719 0.792300
vt 0.284052 0.818491
vt 0.279304 0.792300
vt 0.306609 0.776360
vt 0.284052 0.766109
vt 0.314838 0.762847
vt 0.297574 0.743905
vt 0.327153 0.753818
vt 0.317810 0.729069
vt 0.341681 0.750648
vt 0.341681 0.723859
vt 0.327153 0.830782
vt 0.341681 0.860741
vt 0.317810 0.855531
vt 0.314838 0.821753
vt 0.297574 0.840695
vt 0.306609 0.808240
vt 0.341681 0.833952
vt 0.341681 0.833952
vt 0.343045 0.736467
vt 0.348107 0.723859
vt 0.348107 0.736467
vt 0.763822 0.878802
vt 0.768884 0.803318
vt 0.768883 0.878802
vt 0.665530 0.948272
vt 0.712255 0.943210
vt 0.712255 0.948272
vt 0.763822 0.803318
vt 0.773023 0.794762
vt 0.350958 0.811952
vt 0.352246 0.820509
vt 0.348107 0.811952
vt 0.966517 0.977361
vt 0.919791 0.908060
vt 0.966517 0.908060
vt 0.346232 0.819810
vt 0.343045 0.811952
vt 0.774186 0.796858
vt 0.771735 0.803318
vt 0.771735 0.878802
vt 0.840853 0.808366
vt 0.840853 0.878802
vt 0.350959 0.723859
vt 0.350958 0.736467
vt 0.842217 0.887178
vt 0.888942 0.811694
vt 0.888942 0.887178
vt 0.842217 0.797159
vt 0.888942 0.803214
vt 0.842217 0.803214
vt 0.842217 0.811694
vt 0.842217 0.794762
vt 0.888942 0.797159
vt 0.665530 0.943210
vt 0.712255 0.940358
vt 0.842217 0.899787
vt 0.888942 0.899787
vt 0.768884 0.891411
vt 0.771735 0.891411
vt 0.420076 0.723859
vt 0.420076 0.736468
vt 0.665530 0.940358
vt 0.712255 0.871241
vt 0.763822 0.891411
vt 0.966517 0.901151
vt 0.420076 0.806903
vt 0.840853 0.891411
vt 0.249272 0.768040
vt 0.261881 0.773102
vt 0.249272 0.773102
vt 0.077713 0.825796
vt 0.072651 0.901281
vt 0.072651 0.825796
vt 0.810547 0.892775
vt 0.763822 0.897837
vt 0.763822 0.892775
vt 0.077713 0.901281
vt 0.068512 0.909837
vt 0.173788 0.775953
vt 0.165231 0.777241
vt 0.173788 0.773102
vt 0.985121 0.870972
vt 0.938396 0.801671
vt 0.985121 0.801671
vt 0.165930 0.771227
vt 0.173788 0.768040
vt 0.067349 0.907740
vt 0.069800 0.901281
vt 0.069799 0.825797
vt 0.000682 0.896232
vt 0.000682 0.825797
vt 0.261881 0.775954
vt 0.249272 0.775954
vt 0.937032 0.807370
vt 0.890306 0.882855
vt 0.890306 0.807370
vt 0.937032 0.897389
vt 0.890306 0.891334
vt 0.937032 0.891334
vt 0.937032 0.882855
vt 0.937032 0.899787
vt 0.890306 0.897389
vt 0.810547 0.897837
vt 0.763822 0.900689
vt 0.937032 0.794762
vt 0.890306 0.794762
vt 0.072651 0.813188
vt 0.069799 0.813188
vt 0.261881 0.845071
vt 0.249272 0.845071
vt 0.810547 0.900689
vt 0.763822 0.969806
vt 0.077713 0.813188
vt 0.985121 0.794762
vt 0.178836 0.845071
vt 0.000682 0.813188
vt 0.601633 0.788139
vt 0.614241 0.793200
vt 0.601633 0.793200
vt 0.818479 0.780789
vt 0.823541 0.705304
vt 0.823541 0.780789
vt 0.615605 0.948272
vt 0.662331 0.943210
vt 0.662331 0.948272
vt 0.818480 0.705304
vt 0.827681 0.696748
vt 0.526148 0.796052
vt 0.517591 0.797340
vt 0.526148 0.793200
vt 0.976065 0.597371
vt 0.929339 0.528069
vt 0.976065 0.528069
vt 0.518290 0.791326
vt 0.526148 0.788138
vt 0.828844 0.698845
vt 0.826393 0.705304
vt 0.826393 0.780789
vt 0.895510 0.710353
vt 0.895510 0.780789
vt 0.614241 0.796052
vt 0.601633 0.796052
vt 0.896874 0.691151
vt 0.943600 0.615667
vt 0.943600 0.691151
vt 0.896874 0.601133
vt 0.943600 0.607187
vt 0.896874 0.607187
vt 0.896874 0.615667
vt 0.896874 0.598735
vt 0.943600 0.601133
vt 0.615605 0.943210
vt 0.662331 0.940358
vt 0.896874 0.703760
vt 0.943600 0.703760
vt 0.823541 0.793398
vt 0.826393 0.793398
vt 0.614241 0.865169
vt 0.601633 0.865169
vt 0.615605 0.940358
vt 0.662331 0.871241
vt 0.818479 0.793397
vt 0.976065 0.521160
vt 0.531197 0.865169
vt 0.895510 0.793397
vt 0.084723 0.734793
vt 0.097332 0.739855
vt 0.084723 0.739855
vt 0.427085 0.898904
vt 0.351601 0.893842
vt 0.427085 0.893842
vt 0.762457 0.885094
vt 0.715731 0.890155
vt 0.715731 0.885093
vt 0.351601 0.898903
vt 0.343045 0.889702
vt 0.009239 0.742706
vt 0.000682 0.743994
vt 0.009239 0.739855
vt 0.918427 0.901151
vt 0.849126 0.947876
vt 0.849126 0.901151
vt 0.001381 0.737980
vt 0.009239 0.734793
vt 0.345141 0.888539
vt 0.351601 0.890990
vt 0.427085 0.890990
vt 0.356649 0.821873
vt 0.427085 0.821873
vt 0.097332 0.742706
vt 0.084723 0.742706
vt 0.098696 0.827209
vt 0.145421 0.751725
vt 0.145421 0.827209
vt 0.098696 0.737191
vt 0.145421 0.743245
vt 0.098696 0.743245
vt 0.098696 0.751725
vt 0.098696 0.734793
vt 0.145421 0.737190
vt 0.762457 0.890155
vt 0.715731 0.893007
vt 0.098696 0.839818
vt 0.145421 0.839818
vt 0.439694 0.893842
vt 0.439694 0.890990
vt 0.097332 0.811823
vt 0.084723 0.811823
vt 0.762457 0.893007
vt 0.715731 0.962124
vt 0.439694 0.898904
vt 0.842217 0.901151
vt 0.014287 0.811824
vt 0.439694 0.821873
vt 0.699647 0.792846
vt 0.712255 0.797908
vt 0.699647 0.797908
vt 0.818479 0.682775
vt 0.823541 0.607291
vt 0.823541 0.682775
vt 0.086836 0.846435
vt 0.091898 0.893160
vt 0.086836 0.893160
vt 0.818479 0.607291
vt 0.827681 0.598735
vt 0.624162 0.800759
vt 0.615605 0.802047
vt 0.624162 0.797907
vt 0.419255 0.900268
vt 0.349954 0.946993
vt 0.349954 0.900268
vt 0.616304 0.796033
vt 0.624162 0.792846
vt 0.828844 0.600832
vt 0.826393 0.607291
vt 0.826393 0.682775
vt 0.895510 0.612339
vt 0.895510 0.682775
vt 0.712255 0.800759
vt 0.699647 0.800759
vt 0.177840 0.846435
vt 0.253324 0.893160
vt 0.177840 0.893160
vt 0.267858 0.846435
vt 0.261804 0.893160
vt 0.261804 0.846435
vt 0.253324 0.846435
vt 0.270256 0.846435
vt 0.267858 0.893160
vt 0.091898 0.846435
vt 0.094750 0.893160
vt 0.165231 0.846435
vt 0.165231 0.893160
vt 0.823541 0.695384
vt 0.826393 0.695384
vt 0.712255 0.869876
vt 0.699647 0.869876
vt 0.094750 0.846435
vt 0.163867 0.893160
vt 0.818479 0.695384
vt 0.343045 0.900268
vt 0.629211 0.869877
vt 0.895510 0.695384
vt 0.448798 0.253158
vt 0.450793 0.261159
vt 0.452025 0.260916
vt 0.409793 0.269276
vt 0.411040 0.261126
vt 0.409811 0.260875
vt 0.450810 0.269080
vt 0.452042 0.269327
vt 0.414076 0.253827
vt 0.413038 0.253125
vt 0.447790 0.276410
vt 0.448834 0.277111
vt 0.419670 0.248249
vt 0.418979 0.247204
vt 0.442187 0.282023
vt 0.442882 0.283072
vt 0.426968 0.245237
vt 0.426730 0.244008
vt 0.434858 0.285053
vt 0.435097 0.286288
vt 0.434863 0.245244
vt 0.435112 0.244017
vt 0.426930 0.285035
vt 0.426676 0.286267
vt 0.442159 0.248267
vt 0.442859 0.247228
vt 0.418913 0.283019
vt 0.414036 0.276360
vt 0.412987 0.277051
vt 0.419618 0.281979
vt 0.447753 0.253853
vt 0.411025 0.269038
vt 0.415689 0.254910
vt 0.422451 0.252426
vt 0.420745 0.249866
vt 0.446169 0.275328
vt 0.439391 0.277835
vt 0.441105 0.280401
vt 0.427940 0.250160
vt 0.427343 0.247142
vt 0.433884 0.280113
vt 0.434482 0.283140
vt 0.433878 0.250165
vt 0.434481 0.247148
vt 0.427926 0.280100
vt 0.427316 0.283125
vt 0.439367 0.252442
vt 0.441079 0.249882
vt 0.422430 0.277802
vt 0.420707 0.280363
vt 0.446136 0.254933
vt 0.445859 0.262145
vt 0.448884 0.261540
vt 0.418230 0.273577
vt 0.415659 0.275284
vt 0.340578 0.346669
vt 0.333912 0.334476
vt 0.333912 0.346669
vt 0.445870 0.268104
vt 0.448898 0.268702
vt 0.412946 0.261510
vt 0.418247 0.256623
vt 0.415961 0.268068
vt 0.412935 0.268664
vt 0.443600 0.273615
vt 0.439573 0.259324
vt 0.443575 0.256647
vt 0.420687 0.267130
vt 0.441134 0.263092
vt 0.420684 0.263053
vt 0.415967 0.262115
vt 0.441142 0.267174
vt 0.422241 0.259291
vt 0.439591 0.270948
vt 0.425117 0.256418
vt 0.436715 0.273837
vt 0.428873 0.254871
vt 0.432951 0.275396
vt 0.432937 0.254878
vt 0.428876 0.275384
vt 0.436694 0.256440
vt 0.422246 0.270905
vt 0.425117 0.273802
vt 0.428597 0.263627
vt 0.433234 0.266583
vt 0.429267 0.262841
vt 0.432523 0.267377
vt 0.430206 0.262385
vt 0.431575 0.267826
vt 0.431269 0.262342
vt 0.430535 0.267866
vt 0.432286 0.262723
vt 0.428796 0.266734
vt 0.429559 0.267489
vt 0.433078 0.263470
vt 0.428327 0.265727
vt 0.433528 0.264470
vt 0.428276 0.264632
vt 0.433589 0.265562
vt 0.347245 0.346669
vt 0.340578 0.334476
vt 0.393910 0.346669
vt 0.387243 0.334476
vt 0.387243 0.346669
vt 0.440575 0.346669
vt 0.433908 0.334476
vt 0.433908 0.346669
vt 0.380577 0.334476
vt 0.380577 0.346669
vt 0.427242 0.334476
vt 0.427242 0.346669
vt 0.373910 0.334476
vt 0.373910 0.346669
vt 0.420575 0.334476
vt 0.420575 0.346669
vt 0.367244 0.334476
vt 0.367244 0.346669
vt 0.413909 0.334476
vt 0.413909 0.346669
vt 0.360578 0.334476
vt 0.360578 0.346669
vt 0.407243 0.334476
vt 0.407243 0.346669
vt 0.353911 0.334476
vt 0.353911 0.346669
vt 0.400576 0.334476
vt 0.400576 0.346669
vt 0.347245 0.334476
vt 0.393910 0.334476
vt 0.411055 0.278362
vt 0.407507 0.269748
vt 0.407520 0.260438
vt 0.411089 0.251846
vt 0.417669 0.245279
vt 0.426255 0.241729
vt 0.435544 0.241729
vt 0.444133 0.245277
vt 0.450723 0.251841
vt 0.454310 0.260433
vt 0.454340 0.269756
vt 0.450794 0.278388
vt 0.444202 0.285004
vt 0.435573 0.288579
vt 0.426237 0.288564
vt 0.417628 0.284970
vt 0.364156 0.245320
vt 0.376965 0.247266
vt 0.377358 0.245334
vt 0.364092 0.311644
vt 0.352994 0.304975
vt 0.351895 0.306611
vt 0.388442 0.252030
vt 0.389544 0.250396
vt 0.344197 0.296195
vt 0.342554 0.297285
vt 0.397214 0.260821
vt 0.398858 0.259735
vt 0.339440 0.284708
vt 0.337504 0.285085
vt 0.401946 0.272297
vt 0.403879 0.271923
vt 0.339451 0.272273
vt 0.337518 0.271878
vt 0.401922 0.284707
vt 0.403851 0.285101
vt 0.344226 0.260787
vt 0.342591 0.259683
vt 0.397155 0.296165
vt 0.398786 0.297266
vt 0.353035 0.252003
vt 0.351947 0.250357
vt 0.389460 0.306578
vt 0.376903 0.309695
vt 0.377282 0.311628
vt 0.388372 0.304937
vt 0.364531 0.247256
vt 0.364481 0.309712
vt 0.346739 0.294498
vt 0.347187 0.283175
vt 0.342439 0.284116
vt 0.394673 0.262511
vt 0.394210 0.273819
vt 0.398952 0.272885
vt 0.347197 0.273826
vt 0.342448 0.272875
vt 0.394191 0.283152
vt 0.398931 0.284104
vt 0.350790 0.265190
vt 0.346765 0.262492
vt 0.390602 0.291772
vt 0.394621 0.294464
vt 0.357416 0.258582
vt 0.354729 0.254550
vt 0.383990 0.298373
vt 0.386678 0.302397
vt 0.365123 0.250256
vt 0.375417 0.255011
vt 0.376364 0.250262
vt 0.375359 0.301954
vt 0.376307 0.306700
vt 0.344379 0.334433
vt 0.333912 0.315290
vt 0.333912 0.334433
vt 0.384051 0.258587
vt 0.386741 0.254566
vt 0.354690 0.302434
vt 0.350762 0.291809
vt 0.366013 0.301969
vt 0.365075 0.306717
vt 0.390650 0.265193
vt 0.367544 0.262429
vt 0.366065 0.255008
vt 0.367471 0.294558
vt 0.373949 0.262426
vt 0.361556 0.292127
vt 0.357374 0.298409
vt 0.379862 0.264865
vt 0.357033 0.287614
vt 0.384381 0.269379
vt 0.354592 0.281707
vt 0.386814 0.275280
vt 0.354606 0.275309
vt 0.386793 0.281666
vt 0.357073 0.269399
vt 0.384324 0.287567
vt 0.361617 0.264876
vt 0.373872 0.294539
vt 0.379785 0.292085
vt 0.367118 0.281130
vt 0.374316 0.275869
vt 0.366413 0.279609
vt 0.375017 0.277367
vt 0.366354 0.277917
vt 0.375061 0.279037
vt 0.366956 0.276316
vt 0.374447 0.280630
vt 0.368133 0.275054
vt 0.371642 0.282603
vt 0.373251 0.281885
vt 0.369711 0.274328
vt 0.369950 0.282768
vt 0.371450 0.274252
vt 0.368360 0.282242
vt 0.373065 0.274779
vt 0.354845 0.334433
vt 0.344379 0.315290
vt 0.428113 0.334433
vt 0.417646 0.315290
vt 0.417646 0.334433
vt 0.501380 0.334433
vt 0.490913 0.315290
vt 0.490913 0.334433
vt 0.407179 0.315290
vt 0.407179 0.334433
vt 0.480446 0.315290
vt 0.480446 0.334433
vt 0.396712 0.315290
vt 0.396712 0.334433
vt 0.469980 0.315290
vt 0.469980 0.334433
vt 0.386246 0.315290
vt 0.386246 0.334433
vt 0.459513 0.315290
vt 0.459513 0.334433
vt 0.375779 0.315290
vt 0.375779 0.334433
vt 0.449046 0.315290
vt 0.449046 0.334433
vt 0.365312 0.315290
vt 0.365312 0.334433
vt 0.438579 0.315290
vt 0.438579 0.334433
vt 0.354845 0.315290
vt 0.428113 0.315290
vt 0.378036 0.315212
vt 0.363419 0.315247
vt 0.349892 0.309683
vt 0.339526 0.299355
vt 0.333912 0.285836
vt 0.333912 0.271195
vt 0.339522 0.257670
vt 0.349882 0.247324
vt 0.363407 0.241729
vt 0.378040 0.241731
vt 0.391553 0.247330
vt 0.401886 0.257673
vt 0.407465 0.271179
vt 0.407447 0.285786
vt 0.401848 0.299273
vt 0.391524 0.309602
vt 0.873217 0.529076
vt 0.264245 0.768040
vt 0.874581 0.597371
vt 0.614241 0.784193
vt 0.615606 0.622853
vt 0.568177 0.935038
vt 0.926229 0.197666
vt 0.280259 0.000975
vt 0.764908 0.498366
vt 0.274082 0.758087
vt 0.166901 0.766269
vt 0.870642 0.498188
vt 0.277248 0.001636
vt 0.819301 0.588107
vt 0.764604 0.012851
vt 0.304354 0.490640
vt 0.276979 0.493720
vt 0.870789 0.005215
vt 0.492375 0.493175
vt 0.273879 0.504865
vt 0.979739 0.498503
vt 0.543889 0.006173
vt 0.010220 0.001168
vt 0.874217 0.498876
vt 0.166523 0.497744
vt 0.280178 0.870225
vt 0.536350 0.480524
vt 0.979584 0.012870
vt 0.945644 0.599633
vt 0.010949 0.494952
vt 0.492348 0.760417
vt 0.944964 0.718949
vt 0.763823 0.792343
vt 0.845404 0.004321
vt 0.517894 0.761184
vt 0.279304 0.894052
vt 0.927975 0.527729
vt 0.668654 0.621671
vt 0.292414 0.102270
vt 0.989225 0.753289
vt 0.512306 0.917500
vt 0.991633 0.233965
vt 0.986826 0.941515
vt 0.762128 0.771161
vt 0.509559 0.762548
vt 0.107703 0.900268
vt 0.980353 0.246610
vt 0.763832 0.197546
vt 0.763822 0.586265
vt 0.871469 0.246450
vt 0.981734 0.235329
vt 0.509559 0.887694
vt 0.738487 0.883612
vt 0.544374 0.494504
vt 0.154692 0.734793
vt 0.274642 0.822866
vt 0.735124 0.759918
vt 0.432016 0.900268
vt 0.733689 0.832483
vt 0.154058 0.924977
vt 0.842217 0.949240
vt 0.186047 0.955195
vt 0.155422 0.958763
vt 0.299548 0.942505
vt 0.341681 0.942505
vt 0.813068 0.930794
vt 0.813068 0.894163
vt 0.521085 0.738983
vt 0.722363 0.759918
vt 0.222529 0.932512
vt 0.343045 0.961346
vt 0.445401 0.793372
vt 0.963796 0.792711
vt 0.124413 0.614847
vt 0.160543 0.614695
vt 0.938471 0.735578
vt 0.911186 0.792711
vt 0.223893 0.943869
vt 0.612742 0.923694
vt 0.584757 0.866533
vt 0.503692 0.955002
vt 0.343045 0.723859
vt 0.767009 0.795460
vt 0.353409 0.818412
vt 0.919791 0.977361
vt 0.888942 0.794762
vt 0.665530 0.871241
vt 0.919791 0.901151
vt 0.261881 0.768040
vt 0.074526 0.909138
vt 0.167328 0.778404
vt 0.938396 0.870972
vt 0.890306 0.899787
vt 0.810547 0.969806
vt 0.938396 0.794762
vt 0.614241 0.788139
vt 0.821667 0.697447
vt 0.519688 0.798503
vt 0.929339 0.597371
vt 0.943600 0.598735
vt 0.615605 0.871241
vt 0.929339 0.521160
vt 0.097332 0.734793
vt 0.343743 0.895716
vt 0.002779 0.745157
vt 0.918427 0.947876
vt 0.145421 0.734793
vt 0.762457 0.962124
vt 0.842217 0.947876
vt 0.712255 0.792846
vt 0.821667 0.599434
vt 0.617702 0.803210
vt 0.419255 0.946993
vt 0.270256 0.893160
vt 0.163867 0.846435
vt 0.343045 0.946993
vt 0.440575 0.334476
vt 0.501380 0.315290
s 1
usemtl body
f 621/1/1 82/2/2 615/3/3
f 623/4/4 94/5/5 612/6/6
f 190/7/7 447/8/8 433/9/9
f 80/10/10 237/11/11 226/12/12
f 606/13/13 436/14/14 637/15/1
f 180/16/15 245/17/16 247/18/17
f 227/19/18 604/20/19 629/21/20
f 276/22/17 141/23/21 187/24/22
f 147/25/23 177/26/24 95/27/25
f 139/28/26 624/29/27 618/30/27
f 125/31/28 209/32/11 221/33/11
f 118/34/29 15/35/30 142/36/29
f 121/37/31 28/38/11 147/25/23
f 664/39/32 9/40/32 620/41/32
f 153/42/33 21/43/34 169/44/35
f 659/45/36 641/46/4 394/47/36
f 661/48/32 2/49/37 9/40/32
f 625/50/38 148/51/39 623/4/4
f 102/52/40 681/53/41 47/54/42
f 131/55/29 204/56/43 215/57/29
f 87/58/44 24/59/45 174/60/46
f 187/24/22 88/61/47 175/62/48
f 181/63/49 110/64/50 73/65/51
f 438/66/52 229/67/53 458/68/11
f 445/69/11 214/70/54 455/71/11
f 18/72/55 113/73/56 145/74/57
f 19/75/58 414/76/56 113/73/56
f 619/77/59 439/78/60 636/79/59
f 448/80/17 189/81/61 435/82/62
f 18/83/55 104/84/63 7/85/64
f 454/86/11 138/87/65 450/88/11
f 21/43/34 5/89/66 7/85/64
f 41/90/67 452/91/68 451/92/67
f 24/93/45 107/94/69 31/95/70
f 3/96/71 17/97/72 16/98/73
f 1/99/74 22/100/75 4/101/76
f 234/102/20 101/103/77 233/104/78
f 4/101/76 171/105/79 108/106/80
f 453/107/17 196/108/81 448/80/17
f 15/109/30 1/99/74 4/101/76
f 16/110/73 8/111/82 1/99/74
f 23/112/83 159/113/84 110/64/50
f 162/114/85 4/101/76 108/106/80
f 19/115/58 7/85/64 5/89/66
f 20/116/86 5/89/66 12/117/87
f 447/118/8 41/90/67 451/92/67
f 449/119/88 168/120/89 452/91/68
f 14/121/90 12/117/87 21/43/34
f 156/122/91 32/123/68 172/124/92
f 17/125/72 22/100/75 8/111/82
f 11/126/93 171/105/79 22/100/75
f 174/127/46 43/128/94 186/129/95
f 472/130/96 31/95/70 477/131/70
f 31/95/70 478/132/68 477/131/70
f 111/133/97 238/134/4 236/135/98
f 610/136/99 178/137/100 622/138/59
f 495/139/101 24/140/45 472/141/96
f 220/142/23 125/31/28 221/33/11
f 348/143/102 195/144/103 361/145/104
f 626/146/38 120/147/105 625/148/38
f 190/149/7 44/150/106 36/151/107
f 74/152/108 236/135/98 230/153/109
f 613/154/110 224/155/111 628/156/4
f 360/157/112 235/158/11 367/159/11
f 142/36/29 162/160/85 89/161/113
f 202/162/114 349/163/83 355/164/49
f 450/88/11 66/165/115 441/166/116
f 233/104/78 46/167/117 222/168/118
f 166/169/119 145/74/57 60/170/120
f 205/171/121 123/172/56 217/173/56
f 381/174/29 16/175/73 118/34/29
f 67/176/122 618/30/27 607/177/123
f 169/44/35 7/85/64 104/84/63
f 107/94/69 32/123/68 31/95/70
f 345/178/68 42/179/88 347/180/68
f 33/181/124 351/182/1 349/163/83
f 622/138/59 479/183/100 639/184/59
f 343/185/11 211/186/11 364/187/11
f 342/188/11 39/189/11 344/190/11
f 502/191/125 247/18/17 486/192/17
f 617/193/1 358/194/126 630/195/1
f 497/196/17 187/24/22 484/197/127
f 344/190/11 198/198/128 354/199/128
f 48/200/129 51/201/130 45/202/131
f 50/203/132 48/204/129 46/167/117
f 51/205/130 50/206/132 47/54/42
f 55/207/133 58/208/134 52/209/135
f 57/210/136 55/211/133 53/212/137
f 58/213/134 57/214/136 54/215/138
f 62/216/139 65/217/140 59/218/141
f 64/219/142 62/220/139 60/170/120
f 65/221/140 64/222/142 61/223/143
f 69/224/144 72/225/145 66/165/115
f 71/226/146 69/227/144 67/176/122
f 72/228/145 71/229/146 68/230/147
f 76/231/148 79/232/149 73/65/51
f 78/233/150 76/234/148 74/152/108
f 79/235/149 78/236/150 75/237/151
f 83/238/152 86/239/153 80/10/10
f 85/240/154 83/241/152 81/242/155
f 86/243/153 85/244/154 82/2/2
f 90/245/156 93/246/157 87/58/44
f 92/247/158 90/248/156 88/61/47
f 93/249/157 92/250/158 89/161/113
f 97/251/159 100/252/160 94/5/5
f 99/253/161 97/254/159 95/27/25
f 100/255/160 99/256/161 96/257/162
f 46/167/117 223/258/163 222/168/118
f 48/200/129 241/259/164 223/260/163
f 53/212/137 605/261/165 604/20/19
f 55/207/133 606/13/13 605/262/165
f 67/176/122 140/263/166 139/28/26
f 69/224/144 138/87/65 140/264/166
f 60/170/120 167/265/167 166/169/119
f 62/216/139 165/266/168 167/267/167
f 87/58/44 164/268/169 163/269/170
f 93/249/157 162/160/85 164/270/169
f 89/161/113 143/271/171 142/36/29
f 92/247/158 141/23/21 143/272/171
f 81/242/155 225/273/172 224/155/111
f 83/238/152 226/12/12 225/274/172
f 74/152/108 112/275/173 111/133/97
f 76/231/148 110/64/50 112/276/173
f 101/103/77 50/203/132 46/167/117
f 103/277/174 47/54/42 50/206/132
f 104/84/63 170/278/175 169/44/35
f 106/279/176 168/120/89 170/278/175
f 107/94/69 173/280/177 172/124/92
f 109/281/178 171/105/79 173/280/177
f 111/133/97 161/282/179 160/283/180
f 112/276/173 159/113/84 161/284/179
f 113/73/56 146/285/181 145/74/57
f 114/286/182 144/287/183 146/288/181
f 206/289/27 635/290/27 627/291/27
f 409/292/43 281/293/184 216/294/185
f 215/57/29 391/295/186 382/296/29
f 421/297/187 281/293/184 411/298/184
f 120/299/105 149/300/188 148/51/39
f 122/301/189 147/25/23 149/302/188
f 123/172/56 218/303/182 217/173/56
f 124/304/182 278/305/183 218/306/182
f 129/307/26 228/308/190 227/19/18
f 130/309/191 229/67/53 228/310/190
f 131/55/29 231/311/192 230/153/109
f 132/312/193 245/17/16 231/313/192
f 663/314/194 219/315/195 662/316/196
f 137/317/197 220/142/23 219/318/195
f 136/319/198 127/320/199 125/31/28
f 137/321/197 126/322/200 127/323/199
f 121/37/31 135/324/201 133/325/202
f 122/326/189 134/327/203 135/328/201
f 139/28/26 117/329/204 115/330/26
f 140/264/166 116/331/54 117/332/204
f 142/36/29 119/333/186 118/34/29
f 143/272/171 280/334/184 119/335/186
f 145/74/57 64/219/142 60/170/120
f 146/288/181 61/223/143 64/222/142
f 148/51/39 97/251/159 94/5/5
f 149/302/188 95/27/25 97/254/159
f 59/218/141 434/336/205 433/9/9
f 65/221/140 435/82/62 434/337/205
f 96/257/162 179/338/206 178/137/100
f 99/253/161 177/26/24 179/339/206
f 73/65/51 182/340/207 181/63/49
f 79/235/149 180/16/15 182/341/207
f 52/209/135 437/342/208 436/14/14
f 58/213/134 438/66/52 437/343/208
f 151/344/209 103/345/174 101/103/77
f 152/346/210 102/52/40 103/277/174
f 153/347/33 608/348/211 607/177/123
f 155/349/212 609/350/213 608/351/211
f 156/352/91 611/353/214 610/136/99
f 158/354/215 612/6/6 611/355/214
f 160/283/180 614/356/216 613/154/110
f 161/284/179 615/3/3 614/357/216
f 108/106/80 164/358/169 162/114/85
f 109/281/178 163/359/170 164/358/169
f 105/360/217 167/361/167 165/362/168
f 106/279/176 166/363/119 167/361/167
f 169/44/35 155/364/212 153/42/33
f 170/278/175 154/365/218 155/364/212
f 157/366/219 173/280/177 171/105/79
f 158/367/215 172/124/92 173/280/177
f 174/60/46 90/245/156 87/58/44
f 176/368/220 88/61/47 90/248/156
f 178/137/100 499/369/221 479/183/100
f 179/339/206 500/370/128 499/371/221
f 181/63/49 501/372/222 480/373/49
f 182/341/207 502/191/125 501/374/222
f 183/375/223 86/243/153 82/2/2
f 185/376/224 80/10/10 86/239/153
f 186/129/95 176/377/220 174/127/46
f 188/378/225 175/62/48 176/368/220
f 193/379/126 359/380/226 358/194/126
f 194/381/227 360/157/112 359/382/226
f 195/144/103 362/383/228 361/145/104
f 197/384/229 363/385/127 362/386/228
f 199/387/230 440/388/231 439/78/60
f 200/389/232 441/166/116 440/390/231
f 202/162/114 443/391/233 442/392/234
f 203/393/235 444/394/236 443/395/233
f 196/108/81 191/396/237 189/81/61
f 197/397/229 190/149/7 191/398/237
f 444/394/236 246/399/17 457/400/17
f 662/316/196 387/401/195 643/402/196
f 133/325/202 417/403/11 121/37/31
f 217/173/56 383/404/182 413/405/56
f 419/406/238 279/407/183 385/408/183
f 216/294/185 265/409/239 132/312/193
f 215/57/29 132/410/193 131/55/29
f 213/411/204 128/412/54 130/309/191
f 212/413/26 130/414/191 129/307/26
f 405/415/204 214/70/54 213/411/204
f 13/416/240 627/291/27 616/417/27
f 395/418/121 20/419/86 398/420/27
f 659/421/36 391/422/186 204/423/43
f 291/424/241 530/425/242 290/426/243
f 393/427/36 10/428/38 3/429/71
f 645/430/4 134/431/203 626/432/38
f 6/433/244 206/289/27 13/416/240
f 428/434/11 37/435/11 342/188/11
f 280/334/184 26/436/245 289/437/246
f 384/438/182 279/407/183 114/286/182
f 660/439/247 204/423/43 2/440/37
f 292/441/248 244/442/17 281/293/184
f 455/71/11 407/443/54 470/444/11
f 231/313/192 75/237/151 78/236/150
f 230/153/109 78/233/150 74/152/108
f 228/310/190 54/215/138 57/214/136
f 227/19/18 57/210/136 53/212/137
f 225/274/172 125/31/28 127/320/199
f 224/155/111 127/445/199 126/446/200
f 223/260/163 242/447/183 124/304/182
f 222/168/118 124/448/182 123/172/56
f 6/433/244 222/168/118 123/172/56
f 367/159/11 38/449/11 343/185/11
f 628/156/4 126/446/200 620/450/32
f 230/153/109 2/451/37 131/55/29
f 236/135/98 9/452/32 2/451/37
f 13/416/240 233/104/78 6/433/244
f 458/68/11 128/412/54 445/69/11
f 129/307/26 629/21/20 616/417/27
f 226/12/12 27/453/11 125/31/28
f 239/454/187 314/455/249 258/456/250
f 256/457/36 245/17/16 265/409/239
f 252/458/251 265/409/239 281/293/184
f 241/259/164 249/459/252 251/460/253
f 208/461/254 485/462/17 487/463/254
f 232/464/245 366/465/17 369/466/245
f 244/442/17 253/467/255 281/293/184
f 460/468/254 243/469/17 456/470/17
f 242/447/183 258/471/250 278/305/183
f 261/472/256 247/18/17 245/17/16
f 249/473/252 304/474/257 251/475/253
f 257/476/258 462/477/254 460/478/254
f 241/259/164 251/460/253 250/479/259
f 241/259/164 250/479/259 248/480/260
f 281/293/184 253/467/255 255/481/261
f 281/293/184 255/481/261 254/482/262
f 281/293/184 254/482/262 252/458/251
f 260/483/263 278/305/183 258/471/250
f 259/484/264 278/305/183 260/483/263
f 257/485/258 278/305/183 259/484/264
f 264/486/265 245/17/16 262/487/266
f 263/488/267 245/17/16 264/486/265
f 261/472/256 245/17/16 263/488/267
f 248/480/260 242/447/183 241/259/164
f 246/399/17 459/489/245 457/400/17
f 254/490/262 310/491/268 252/492/251
f 258/493/250 313/494/269 260/495/263
f 232/496/245 461/497/245 459/498/245
f 266/499/17 493/500/17 507/501/17
f 268/502/17 467/503/17 463/504/17
f 271/505/17 507/501/17 492/506/17
f 251/475/253 305/507/270 250/508/259
f 263/509/267 316/510/271 261/511/256
f 208/512/254 307/513/272 253/514/255
f 250/508/259 306/515/273 248/516/260
f 264/517/265 315/518/274 263/509/267
f 259/519/264 312/520/275 257/476/258
f 261/511/256 302/521/245 240/522/245
f 253/514/255 308/523/276 255/524/261
f 252/525/251 318/526/36 256/527/36
f 256/527/36 319/528/277 262/529/266
f 262/530/266 317/531/278 264/517/265
f 260/495/263 311/532/279 259/519/264
f 210/533/254 370/534/254 368/535/254
f 255/524/261 309/536/280 254/490/262
f 248/537/260 320/538/187 239/454/187
f 240/522/245 490/539/245 488/540/245
f 299/541/281 278/305/183 297/542/282
f 26/436/245 497/196/17 508/543/245
f 456/470/17 282/544/283 465/545/284
f 282/546/283 516/547/285 513/548/286
f 288/549/287 412/550/184 280/334/184
f 534/551/288 333/552/242 531/553/242
f 298/554/289 278/305/183 299/541/281
f 296/555/290 278/305/183 298/554/289
f 287/556/291 279/407/183 285/557/292
f 291/558/241 280/334/184 289/437/246
f 284/559/293 279/407/183 286/560/294
f 286/560/294 279/407/183 287/556/291
f 295/561/295 281/293/184 293/562/296
f 288/549/287 280/334/184 290/563/243
f 290/563/243 280/334/184 291/558/241
f 296/555/290 386/564/183 278/305/183
f 292/441/248 281/293/184 294/565/297
f 294/565/297 281/293/184 295/561/295
f 464/566/245 277/567/17 453/107/17
f 282/544/283 365/568/17 374/569/283
f 273/570/17 489/571/254 493/500/17
f 270/572/17 371/573/245 375/574/17
f 272/575/17 304/576/257 303/577/298
f 272/575/17 305/578/270 304/576/257
f 272/575/17 306/579/273 305/578/270
f 273/570/17 308/580/276 307/581/272
f 273/570/17 309/582/280 308/580/276
f 273/570/17 310/583/268 309/582/280
f 274/584/17 312/585/275 311/586/279
f 274/584/17 311/586/279 313/587/269
f 274/584/17 313/587/269 314/588/249
f 271/505/17 316/589/271 315/590/274
f 271/505/17 315/590/274 317/591/278
f 266/499/17 310/583/268 273/570/17
f 271/505/17 317/591/278 319/592/277
f 275/593/17 306/579/273 272/575/17
f 272/575/17 461/594/245 466/595/17
f 300/596/17 462/597/254 467/503/17
f 274/584/17 320/598/187 275/593/17
f 273/570/17 307/581/272 267/599/254
f 271/505/17 302/600/245 316/589/271
f 271/505/17 318/601/36 266/499/17
f 466/595/17 268/502/17 463/504/17
f 464/602/245 537/603/83 34/604/245
f 582/605/299 325/606/300 532/607/300
f 585/608/83 321/609/83 538/610/83
f 289/611/246 535/612/288 291/613/241
f 292/614/248 545/615/59 283/616/254
f 548/617/301 322/618/59 544/619/59
f 283/616/254 586/620/38 491/621/302
f 294/622/297 549/623/301 292/614/248
f 550/624/303 338/625/301 548/617/301
f 562/626/304 329/627/305 558/628/305
f 295/629/295 551/630/303 294/622/297
f 287/631/291 559/632/305 286/633/294
f 293/634/296 557/635/306 295/636/295
f 286/633/294 560/637/307 284/638/293
f 288/639/287 572/640/308 422/641/187
f 285/642/292 563/643/304 287/644/291
f 564/645/309 331/646/304 562/647/304
f 324/648/11 517/649/310 378/650/11
f 373/651/245 584/652/83 508/653/245
f 375/574/17 490/654/245 492/506/17
f 376/655/17 269/656/254 300/596/17
f 374/569/283 485/462/17 491/657/302
f 373/658/245 277/567/17 34/659/245
f 369/660/245 301/661/245 232/496/245
f 368/535/254 489/662/254 487/663/254
f 375/574/17 268/502/17 270/572/17
f 372/664/17 300/596/17 268/502/17
f 369/466/245 486/192/17 488/665/245
f 368/666/254 243/469/17 210/667/254
f 506/668/11 343/185/11 474/669/11
f 417/403/11 25/670/11 121/37/31
f 362/386/228 484/197/127 483/671/228
f 361/145/104 483/672/228 504/673/104
f 359/382/226 482/674/112 481/675/226
f 358/194/126 481/676/226 503/677/126
f 356/678/222 201/679/125 203/393/235
f 355/164/49 203/680/235 202/162/114
f 353/681/221 198/198/128 200/389/232
f 352/682/100 200/683/232 199/387/230
f 475/684/11 354/199/128 500/370/128
f 277/567/17 363/385/127 196/108/81
f 630/195/1 503/677/126 638/685/1
f 201/679/125 366/465/17 246/399/17
f 473/686/11 344/190/11 475/684/11
f 474/669/11 364/187/11 505/687/11
f 631/688/59 199/387/230 619/77/59
f 349/163/83 498/689/1 496/690/83
f 476/691/88 347/180/68 478/132/68
f 355/164/49 496/690/83 480/373/49
f 482/674/112 367/159/11 506/668/11
f 495/692/101 361/145/104 504/673/104
f 44/693/106 341/694/96 36/695/107
f 346/696/70 42/179/88 41/90/67
f 36/697/107 346/696/70 41/90/67
f 221/33/11 402/698/11 418/699/11
f 421/700/187 554/701/311 293/634/296
f 388/702/195 133/325/202 135/324/201
f 567/703/83 509/704/83 585/608/83
f 511/705/11 342/188/11 473/686/11
f 382/296/29 216/706/185 215/57/29
f 364/187/11 404/707/11 427/708/11
f 505/687/11 427/708/11 510/709/11
f 205/171/121 397/710/27 206/289/27
f 390/711/23 221/33/11 418/699/11
f 666/712/4 643/402/196 642/713/4
f 471/714/11 116/331/54 454/86/11
f 218/306/182 386/564/183 383/715/182
f 414/76/56 114/716/182 113/73/56
f 219/318/195 390/711/23 387/717/195
f 644/718/196 135/719/201 134/431/203
f 119/335/186 412/550/184 410/720/43
f 118/34/29 410/721/43 381/174/29
f 117/332/204 408/722/54 406/723/191
f 398/420/27 624/29/27 634/724/27
f 379/725/26 213/726/204 212/413/26
f 396/727/121 217/173/56 413/405/56
f 393/728/36 16/729/73 392/730/43
f 427/708/11 511/705/11 510/709/11
f 570/731/38 432/732/312 423/733/313
f 572/640/308 421/700/187 422/641/187
f 385/408/183 420/734/314 419/406/238
f 411/298/184 422/735/187 421/297/187
f 402/698/11 417/403/11 418/699/11
f 391/295/186 381/174/29 382/296/29
f 407/443/54 471/714/11 470/444/11
f 633/736/32 651/737/245 416/738/315
f 641/46/4 393/427/36 394/47/36
f 418/699/11 389/739/23 390/711/23
f 413/405/56 395/418/121 396/727/121
f 404/707/11 428/434/11 427/708/11
f 383/404/182 414/76/56 413/405/56
f 386/564/183 384/438/182 383/715/182
f 387/401/195 644/718/196 643/402/196
f 390/711/23 388/702/195 387/717/195
f 412/550/184 409/292/43 410/720/43
f 410/721/43 382/296/29 381/174/29
f 408/722/54 405/415/204 406/723/191
f 406/740/191 379/725/26 380/741/26
f 380/741/26 635/290/27 634/724/27
f 398/420/27 396/727/121 395/418/121
f 392/730/43 394/742/36 393/728/36
f 115/330/26 406/740/191 380/741/26
f 577/743/32 429/744/316 430/745/317
f 568/746/32 430/745/317 420/747/314
f 423/733/313 431/748/318 424/749/319
f 420/747/314 429/744/316 419/750/238
f 470/444/11 403/751/11 404/707/11
f 403/751/11 454/86/11 37/435/11
f 34/604/245 566/752/83 373/651/245
f 272/575/17 463/504/17 275/593/17
f 467/503/17 312/585/275 274/584/17
f 466/595/17 301/753/245 270/572/17
f 284/559/293 453/107/17 279/407/183
f 543/754/320 335/755/288 534/756/288
f 278/305/183 465/545/284 297/542/282
f 463/504/17 274/584/17 275/593/17
f 459/498/245 303/757/298 249/473/252
f 457/400/17 249/459/252 241/259/164
f 460/478/254 269/758/254 210/533/254
f 257/485/258 456/470/17 278/305/183
f 235/158/11 445/69/11 38/449/11
f 211/186/11 470/444/11 404/707/11
f 45/202/131 457/400/17 241/259/164
f 443/395/233 45/202/131 51/201/130
f 442/392/234 51/205/130 47/54/42
f 440/390/231 66/165/115 72/225/145
f 439/78/60 72/228/145 68/230/147
f 437/343/208 192/759/321 194/381/227
f 436/14/14 194/760/227 193/379/126
f 434/337/205 189/81/61 191/396/237
f 433/9/9 191/761/237 190/7/7
f 39/189/11 441/166/116 198/198/128
f 40/762/88 452/91/68 42/179/88
f 165/362/168 451/92/67 105/360/217
f 279/407/183 448/80/17 144/287/183
f 451/92/67 168/120/89 105/360/217
f 37/435/11 450/88/11 39/189/11
f 144/287/183 435/82/62 61/223/143
f 636/79/59 68/230/147 609/350/213
f 38/449/11 455/71/11 211/186/11
f 677/763/322 150/764/323 682/765/324
f 192/759/321 458/68/11 235/158/11
f 637/15/1 193/379/126 617/193/1
f 433/9/9 165/266/168 59/218/141
f 510/709/11 401/766/11 402/698/11
f 209/32/11 510/709/11 402/698/11
f 401/766/11 473/686/11 25/670/11
f 43/767/94 504/673/104 186/768/95
f 184/769/112 506/668/11 237/11/11
f 480/373/49 23/112/83 181/63/49
f 30/770/68 478/132/68 32/123/68
f 496/690/83 29/771/1 23/112/83
f 27/453/11 505/687/11 209/32/11
f 25/670/11 475/684/11 28/38/11
f 638/685/1 183/375/223 621/1/1
f 28/38/11 500/370/128 177/26/24
f 503/677/126 185/772/224 183/375/223
f 481/675/226 184/769/112 185/376/224
f 504/673/104 188/773/225 186/768/95
f 483/671/228 187/24/22 188/378/225
f 237/11/11 474/669/11 27/453/11
f 488/665/245 247/18/17 240/774/245
f 487/663/254 267/775/254 208/512/254
f 491/657/302 244/442/17 283/776/254
f 492/506/17 302/600/245 271/505/17
f 299/777/281 546/778/325 298/779/289
f 513/548/286 465/780/284 282/546/283
f 493/500/17 370/781/254 376/655/17
f 508/543/245 350/782/17 373/658/245
f 488/540/245 371/783/245 369/660/245
f 492/506/17 372/664/17 375/574/17
f 507/501/17 376/655/17 372/664/17
f 487/463/254 365/568/17 368/666/254
f 501/374/222 357/784/125 356/678/222
f 480/373/49 356/785/222 355/164/49
f 499/371/221 354/199/128 353/681/221
f 479/183/100 353/786/221 352/682/100
f 350/782/17 484/197/127 363/385/127
f 357/784/125 486/192/17 366/465/17
f 639/184/59 352/682/100 631/688/59
f 348/787/102 472/141/96 341/694/96
f 477/131/70 347/180/68 346/696/70
f 341/788/96 477/131/70 346/696/70
f 516/547/285 589/789/38 513/548/286
f 589/789/38 521/790/326 513/548/286
f 519/791/195 602/792/327 595/793/4
f 516/547/285 491/621/302 518/794/328
f 378/650/11 519/791/195 494/795/329
f 586/620/38 518/794/328 491/621/302
f 469/796/330 515/797/331 324/648/11
f 494/795/329 595/793/4 587/798/38
f 521/790/326 601/799/332 520/800/333
f 526/801/326 598/802/334 524/803/333
f 513/548/286 520/800/333 512/804/335
f 594/805/4 526/801/326 518/794/328
f 518/794/328 524/803/333 516/547/285
f 593/806/308 522/807/336 514/808/337
f 514/808/337 523/809/338 515/810/331
f 517/811/310 527/812/338 519/791/195
f 516/547/285 598/802/334 591/813/299
f 597/814/339 522/807/336 600/815/340
f 602/792/327 525/816/336 599/817/341
f 592/818/308 465/780/284 512/804/335
f 590/819/299 515/810/331 588/820/38
f 512/804/335 601/799/332 592/818/308
f 590/819/299 525/816/336 517/811/310
f 515/810/331 597/814/339 588/820/38
f 538/610/83 336/821/320 543/754/320
f 532/607/300 326/822/342 541/823/342
f 26/824/245 542/825/320 289/611/246
f 419/750/238 579/826/38 571/827/38
f 582/605/299 514/808/337 469/796/330
f 431/748/318 578/828/38 576/829/32
f 426/830/308 574/831/308 573/832/308
f 570/731/38 332/833/309 564/645/309
f 553/834/343 424/749/319 569/835/32
f 424/749/319 576/829/32 569/835/32
f 561/836/307 468/837/83 581/838/83
f 419/750/238 565/839/309 285/642/292
f 531/553/242 334/840/344 529/841/344
f 284/638/293 580/842/83 464/602/245
f 574/831/308 340/843/311 555/844/311
f 558/628/305 330/845/307 561/836/307
f 296/846/290 568/746/32 420/747/314
f 555/844/311 339/847/306 556/848/306
f 547/849/325 328/850/343 553/834/343
f 556/851/306 337/852/303 550/624/303
f 298/779/289 552/853/343 296/846/290
f 541/854/342 327/855/325 547/849/325
f 544/619/59 494/795/329 587/798/38
f 581/838/83 323/856/83 536/857/83
f 508/653/245 539/858/83 26/824/245
f 465/780/284 533/859/300 297/860/282
f 536/857/83 377/861/83 567/703/83
f 529/841/344 426/830/308 573/832/308
f 297/860/282 540/862/342 299/863/281
f 598/802/334 590/819/299 591/813/299
f 602/792/327 594/805/4 595/793/4
f 599/817/341 603/864/345 602/792/327
f 600/815/340 596/865/345 597/814/339
f 592/818/308 582/605/299 583/866/299
f 595/793/4 586/620/38 587/798/38
f 601/799/332 593/806/308 592/818/308
f 588/820/38 591/813/299 590/819/299
f 597/814/339 589/789/38 588/820/38
f 538/610/83 584/652/83 585/608/83
f 532/607/300 583/866/299 582/605/299
f 536/857/83 580/842/83 581/838/83
f 576/829/32 568/746/32 569/835/32
f 578/828/38 577/743/32 576/829/32
f 574/831/308 572/640/308 573/832/308
f 579/826/38 570/731/38 571/827/38
f 564/645/309 571/827/38 570/731/38
f 569/835/32 552/853/343 553/834/343
f 585/608/83 566/752/83 567/703/83
f 581/838/83 560/637/307 561/836/307
f 562/647/304 565/839/309 564/645/309
f 573/832/308 528/867/344 529/841/344
f 558/628/305 563/868/304 562/626/304
f 556/848/306 554/701/311 555/844/311
f 561/836/307 559/632/305 558/628/305
f 550/624/303 557/869/306 556/851/306
f 555/844/311 575/870/308 574/831/308
f 553/834/343 546/778/325 547/849/325
f 548/617/301 551/630/303 550/624/303
f 544/619/59 549/623/301 548/617/301
f 547/849/325 540/871/342 541/854/342
f 587/798/38 545/615/59 544/619/59
f 534/756/288 542/825/320 543/754/320
f 543/754/320 539/858/83 538/610/83
f 541/823/342 533/859/300 532/607/300
f 567/703/83 537/603/83 536/857/83
f 529/841/344 530/425/242 531/553/242
f 531/553/242 535/872/288 534/551/288
f 290/426/243 528/867/344 288/639/287
f 476/873/88 631/688/59 345/874/68
f 498/689/1 621/1/1 29/771/1
f 446/875/346 617/193/1 35/876/347
f 449/877/88 609/350/213 154/878/218
f 634/724/27 397/710/27 398/420/27
f 400/879/348 648/880/349 399/881/350
f 634/724/27 115/330/26 380/741/26
f 665/882/4 642/713/4 641/46/4
f 345/874/68 619/77/59 40/883/88
f 351/182/1 638/685/1 498/689/1
f 616/417/27 234/102/20 13/416/240
f 238/134/4 620/450/32 9/452/32
f 640/884/4 626/432/38 10/428/38
f 616/417/27 212/413/26 129/307/26
f 614/357/216 82/2/2 85/244/154
f 613/154/110 85/240/154 81/242/155
f 611/355/214 94/5/5 100/252/160
f 610/136/99 100/255/160 96/257/162
f 608/351/211 68/230/147 71/229/146
f 607/177/123 71/226/146 67/176/122
f 627/291/27 379/725/26 212/413/26
f 605/262/165 150/764/323 152/346/210
f 604/20/19 152/885/210 151/344/209
f 35/876/347 630/195/1 351/182/1
f 30/886/68 639/184/59 476/873/88
f 607/177/123 14/887/90 153/347/33
f 160/283/180 628/156/4 238/134/4
f 10/888/38 625/148/38 17/97/72
f 156/352/91 622/138/59 30/886/68
f 40/883/88 636/79/59 449/877/88
f 17/889/72 623/4/4 11/890/93
f 663/891/194 620/41/32 126/322/200
f 618/30/27 20/419/86 14/887/90
f 629/21/20 151/344/209 234/102/20
f 150/764/323 637/15/1 446/875/346
f 11/890/93 612/6/6 157/892/219
f 29/771/1 615/3/3 159/113/84
f 399/893/350 641/46/4 400/894/348
f 632/895/38 643/402/196 415/896/351
f 415/896/351 644/718/196 416/897/315
f 633/898/32 640/884/4 399/893/350
f 400/894/348 642/713/4 632/895/38
f 416/897/315 645/430/4 633/898/32
f 399/881/350 647/899/83 633/736/32
f 415/900/351 646/901/59 632/902/38
f 632/902/38 649/903/221 400/879/348
f 416/738/315 650/904/254 415/905/351
f 657/906/38 669/907/59 654/908/38
f 658/909/32 673/910/245 655/911/315
f 207/912/32 668/913/83 658/909/32
f 652/914/350 660/915/247 653/916/348
f 653/916/348 661/917/32 654/918/38
f 656/919/351 662/316/196 655/920/315
f 654/918/38 664/921/32 657/922/38
f 207/923/32 659/45/36 652/914/350
f 655/920/315 666/712/4 658/924/32
f 657/922/38 663/314/194 656/919/351
f 658/924/32 665/882/4 207/923/32
f 654/908/38 672/925/221 653/926/348
f 656/927/351 667/928/59 657/906/38
f 652/929/350 670/930/83 207/912/32
f 655/931/315 674/932/254 656/933/351
f 653/934/348 671/935/349 652/936/350
f 679/937/352 446/875/346 35/876/347
f 442/392/234 680/938/353 202/162/114
f 675/939/354 35/876/347 33/181/124
f 682/765/324 446/875/346 678/940/355
f 47/54/42 676/941/356 442/392/234
f 202/162/114 675/939/354 33/181/124
f 852/942/357 690/943/358 853/944/359
f 854/945/360 688/946/361 855/947/362
f 856/948/363 684/949/364 854/945/360
f 857/950/365 686/951/366 852/942/357
f 858/952/367 689/953/368 856/948/363
f 853/944/359 685/954/369 858/952/367
f 859/955/370 687/956/371 857/950/365
f 855/947/362 683/957/372 859/955/370
f 699/958/373 711/959/374 695/960/375
f 692/961/376 716/962/377 700/963/378
f 700/963/378 712/964/379 696/965/380
f 693/966/381 717/967/382 701/968/383
f 701/968/383 713/969/384 697/970/385
f 694/971/11 718/972/386 702/973/387
f 702/974/387 714/975/388 698/976/389
f 695/960/375 719/977/390 703/978/391
f 703/978/391 710/979/392 694/971/11
f 696/965/380 720/980/393 704/981/394
f 704/981/394 707/982/395 691/983/396
f 697/970/385 721/984/397 705/985/398
f 705/985/398 708/986/399 692/961/376
f 698/976/389 722/987/400 706/988/401
f 691/983/396 715/989/402 699/958/373
f 706/988/401 709/990/403 693/966/381
f 714/975/388 738/991/404 722/987/400
f 707/982/395 731/992/405 715/989/402
f 722/987/400 725/993/406 709/990/403
f 715/989/402 727/994/407 711/959/374
f 708/986/399 732/995/408 716/962/377
f 716/962/377 728/996/409 712/964/379
f 709/990/403 733/997/410 717/967/382
f 717/967/382 729/998/411 713/969/384
f 710/979/392 734/999/412 718/972/386
f 718/1000/386 730/1001/413 714/975/388
f 711/959/374 735/1002/414 719/977/390
f 719/977/390 726/1003/415 710/979/392
f 712/964/379 736/1004/416 720/980/393
f 720/980/393 723/1005/417 707/982/395
f 713/969/384 737/1006/418 721/984/397
f 721/984/397 724/1007/419 708/986/399
f 735/1002/414 742/1008/420 726/1003/415
f 728/996/409 752/1009/421 736/1004/416
f 736/1004/416 739/1010/422 723/1005/417
f 729/998/411 753/1011/423 737/1006/418
f 737/1006/418 740/1012/424 724/1007/419
f 730/1001/413 754/1013/425 738/991/404
f 723/1005/417 747/1014/426 731/992/405
f 738/991/404 741/1015/427 725/993/406
f 731/992/405 743/1016/428 727/994/407
f 724/1007/419 748/1017/429 732/995/408
f 732/995/408 744/1018/430 728/996/409
f 725/993/406 749/1019/431 733/997/410
f 733/997/410 745/1020/432 729/998/411
f 726/1003/415 750/1021/433 734/999/412
f 734/1022/412 746/1023/434 730/1001/413
f 727/994/407 751/1024/435 735/1002/414
f 741/1015/427 765/1025/436 749/1019/431
f 749/1019/431 761/1026/437 745/1020/432
f 742/1008/420 766/1027/438 750/1021/433
f 750/1028/433 762/1029/439 746/1023/434
f 743/1016/428 767/1030/440 751/1024/435
f 751/1024/435 758/1031/441 742/1008/420
f 744/1018/430 768/1032/442 752/1009/421
f 752/1009/421 755/1033/443 739/1010/422
f 745/1020/432 769/1034/444 753/1011/423
f 753/1011/423 756/1035/445 740/1012/424
f 746/1023/434 770/1036/446 754/1013/425
f 739/1010/422 763/1037/447 747/1014/426
f 754/1013/425 757/1038/448 741/1015/427
f 747/1014/426 759/1039/449 743/1016/428
f 740/1012/424 764/1040/450 748/1017/429
f 748/1017/429 760/1041/451 744/1018/430
f 762/1029/439 786/1042/452 770/1036/446
f 755/1033/443 779/1043/453 763/1037/447
f 770/1036/446 773/1044/454 757/1038/448
f 763/1037/447 775/1045/455 759/1039/449
f 756/1035/445 780/1046/456 764/1040/450
f 764/1040/450 776/1047/457 760/1041/451
f 757/1038/448 781/1048/458 765/1025/436
f 765/1025/436 777/1049/459 761/1026/437
f 758/1031/441 782/1050/460 766/1027/438
f 766/1051/438 778/1052/461 762/1029/439
f 759/1039/449 783/1053/462 767/1030/440
f 767/1030/440 774/1054/463 758/1031/441
f 760/1041/451 784/1055/464 768/1032/442
f 768/1032/442 771/1056/465 755/1033/443
f 761/1026/437 785/1057/466 769/1034/444
f 769/1034/444 772/1058/467 756/1035/445
f 783/1053/462 790/1059/468 774/1054/463
f 776/1047/457 800/1060/469 784/1055/464
f 784/1055/464 787/1061/470 771/1056/465
f 777/1049/459 801/1062/471 785/1057/466
f 785/1057/466 788/1063/472 772/1058/467
f 778/1052/461 802/1064/473 786/1042/452
f 771/1056/465 795/1065/474 779/1043/453
f 786/1042/452 789/1066/475 773/1044/454
f 779/1043/453 791/1067/476 775/1045/455
f 772/1058/467 796/1068/477 780/1046/456
f 780/1046/456 792/1069/478 776/1047/457
f 773/1044/454 797/1070/479 781/1048/458
f 781/1048/458 793/1071/480 777/1049/459
f 774/1054/463 798/1072/481 782/1050/460
f 782/1073/460 794/1074/482 778/1052/461
f 775/1045/455 799/1075/483 783/1053/462
f 797/1070/479 809/1076/484 793/1071/480
f 790/1059/468 814/1077/485 798/1072/481
f 798/1078/481 810/1079/486 794/1074/482
f 791/1067/476 815/1080/487 799/1075/483
f 799/1075/483 806/1081/488 790/1059/468
f 792/1069/478 816/1082/489 800/1060/469
f 800/1060/469 803/1083/490 787/1061/470
f 793/1071/480 817/1084/491 801/1062/471
f 801/1062/471 804/1085/492 788/1063/472
f 794/1074/482 818/1086/493 802/1064/473
f 787/1061/470 811/1087/494 795/1065/474
f 802/1064/473 805/1088/495 789/1066/475
f 795/1065/474 807/1089/496 791/1067/476
f 788/1063/472 812/1090/497 796/1068/477
f 796/1068/477 808/1091/498 792/1069/478
f 789/1066/475 813/1092/499 797/1070/479
f 803/1093/490 827/1094/500 811/1095/494
f 818/1096/493 821/1097/501 805/1098/495
f 811/1095/494 823/1099/502 807/1100/496
f 804/1101/492 828/1102/503 812/1103/497
f 812/1103/497 824/1104/504 808/1105/498
f 805/1098/495 829/1106/505 813/1107/499
f 813/1107/499 825/1108/506 809/1109/484
f 806/1110/488 830/1111/507 814/1112/485
f 814/1112/485 826/1113/508 810/1114/486
f 807/1100/496 831/1115/509 815/1116/487
f 815/1116/487 822/1117/510 806/1110/488
f 808/1105/498 832/1118/511 816/1119/489
f 816/1119/489 819/1120/512 803/1093/490
f 809/1109/484 833/1121/513 817/1122/491
f 817/1122/491 820/1123/514 804/1101/492
f 810/1114/486 834/1124/515 818/1096/493
f 824/1125/504 848/1126/516 832/1127/511
f 832/1127/511 835/1128/517 819/1129/512
f 825/1130/506 849/1131/518 833/1132/513
f 833/1132/513 836/1133/519 820/1134/514
f 826/1135/508 850/1136/520 834/1137/515
f 819/1129/512 843/1138/521 827/1139/500
f 834/1137/515 837/1140/522 821/1141/501
f 827/1139/500 839/1142/523 823/1143/502
f 820/1134/514 844/1144/524 828/1145/503
f 828/1145/503 840/1146/525 824/1125/504
f 821/1141/501 845/1147/526 829/1148/505
f 829/1148/505 841/1149/527 825/1130/506
f 822/1150/510 846/1151/528 830/1152/507
f 830/1153/507 842/1154/529 826/1135/508
f 823/1143/502 847/1155/530 831/1156/509
f 831/1156/509 838/1157/531 822/1150/510
f 839/1158/523 843/1159/521 851/1160/83
f 844/1161/524 836/1162/519 851/1160/83
f 840/1163/525 844/1161/524 851/1160/83
f 845/1164/526 837/1165/522 851/1160/83
f 841/1166/527 845/1164/526 851/1160/83
f 846/1167/528 838/1168/531 851/1160/83
f 842/1169/529 846/1167/528 851/1160/83
f 847/1170/530 839/1158/523 851/1160/83
f 838/1168/531 847/1170/530 851/1160/83
f 848/1171/516 840/1163/525 851/1160/83
f 835/1172/517 848/1171/516 851/1160/83
f 849/1173/518 841/1166/527 851/1160/83
f 836/1162/519 849/1173/518 851/1160/83
f 850/1174/520 842/1169/529 851/1160/83
f 843/1159/521 835/1172/517 851/1160/83
f 837/1165/522 850/1174/520 851/1160/83
f 680/1175/353 859/955/370 675/1176/354
f 675/1176/354 857/950/365 679/1177/352
f 682/1178/324 858/952/367 677/1179/322
f 677/1179/322 856/948/363 681/1180/41
f 679/1177/352 852/942/357 678/1181/355
f 681/1180/41 854/945/360 676/1182/356
f 676/1182/356 855/947/362 680/1175/353
f 678/1181/355 853/944/359 682/1178/324
f 871/1183/532 901/1184/533 877/1185/534
f 870/1186/535 875/1187/4 878/1188/536
f 890/1189/4 866/1190/537 888/1191/538
f 891/1192/4 868/1193/539 889/1194/540
f 881/1195/4 867/1196/541 880/1197/542
f 887/1198/4 869/1199/543 886/1200/544
f 883/1201/4 879/1202/545 882/1203/546
f 888/1204/538 893/1205/547 867/1206/541
f 879/1207/545 907/1208/548 882/1209/546
f 877/1210/534 865/1211/4 871/1212/532
f 879/1202/545 864/1213/4 870/1186/535
f 885/1214/4 877/1210/534 884/1215/549
f 871/1212/532 873/1216/4 876/1217/550
f 882/1209/546 909/1218/551 866/1219/537
f 862/1220/4 882/1203/546 866/1190/537
f 873/1216/4 880/1197/542 876/1217/550
f 876/1221/550 899/1222/552 871/1183/532
f 861/1223/4 884/1215/549 868/1193/539
f 886/1224/544 896/1225/553 878/1226/536
f 875/1187/4 886/1200/544 878/1188/536
f 867/1227/541 906/1228/554 880/1229/542
f 868/1230/539 894/1231/555 889/1232/540
f 880/1229/542 898/1233/556 876/1221/550
f 884/1234/549 911/1235/557 868/1236/539
f 878/1226/536 897/1237/558 870/1238/535
f 863/1239/4 889/1194/540 869/1199/543
f 860/1240/4 888/1191/538 867/1196/541
f 877/1185/534 905/1241/559 884/1234/549
f 907/1242/548 904/1243/4 910/1244/4
f 908/1245/560 894/1246/555 912/1247/4
f 904/1243/4 897/1248/558 900/1249/4
f 900/1249/4 896/1250/553 902/1251/4
f 909/1252/551 910/1244/4 892/1253/561
f 896/1250/553 912/1247/4 902/1251/4
f 902/1251/4 905/1254/559 901/1255/533
f 892/1253/561 906/1256/554 893/1257/547
f 899/1258/552 902/1251/4 901/1255/533
f 898/1259/556 900/1249/4 899/1258/552
f 912/1247/4 911/1260/557 905/1254/559
f 910/1244/4 898/1259/556 906/1256/554
f 889/1232/540 895/1261/562 869/1262/543
f 869/1263/543 908/1264/560 886/1224/544
f 870/1238/535 903/1265/563 879/1207/545
f 866/1266/537 892/1267/561 888/1204/538
f 961/1268/564 922/1269/565 965/1270/566
f 962/1271/567 921/1272/568 961/1268/564
f 963/1273/569 927/1274/570 966/1275/571
f 964/1276/572 925/1277/573 967/1278/574
f 965/1270/566 923/1279/575 968/1280/576
f 966/1281/571 928/1282/577 962/1271/567
f 967/1278/574 926/1283/578 963/1273/569
f 968/1280/576 924/1284/579 964/1276/572
f 945/1285/580 933/1286/581 946/1287/582
f 947/1288/583 931/1289/584 948/1290/585
f 949/1291/586 936/1292/587 950/1293/588
f 946/1287/582 934/1294/589 951/1295/590
f 948/1290/585 932/1296/591 945/1285/580
f 952/1297/592 930/1298/593 947/1288/583
f 950/1293/588 929/1299/594 952/1297/592
f 936/1292/587 937/1300/595 929/1299/594
f 934/1294/589 943/1301/596 935/1302/597
f 932/1296/591 941/1303/598 933/1286/581
f 930/1298/593 939/1304/599 931/1289/584
f 935/1302/597 944/1305/600 936/1292/587
f 933/1286/581 942/1306/601 934/1294/589
f 931/1289/584 940/1307/602 932/1296/591
f 929/1299/594 938/1308/603 930/1298/593
f 939/1304/599 937/1300/595 943/1301/596
f 926/1309/578 949/1291/586 927/1310/570
f 928/1311/577 952/1297/592 921/1312/568
f 921/1312/568 947/1288/583 922/1313/565
f 923/1314/575 945/1285/580 924/1315/579
f 925/1316/573 951/1295/590 926/1309/578
f 927/1310/570 950/1293/588 928/1311/577
f 922/1313/565 948/1290/585 923/1314/575
f 924/1315/579 946/1287/582 925/1316/573
f 915/1317/59 958/1318/604 916/1319/221
f 917/1320/11 956/1321/605 918/1322/349
f 919/1323/83 955/1324/606 920/1325/245
f 914/1326/254 960/1327/607 915/1317/59
f 916/1319/221 959/1328/608 917/1320/11
f 918/1322/349 957/1329/609 919/1330/83
f 920/1325/245 953/1331/610 913/1332/17
f 913/1332/17 954/1333/611 914/1326/254
f 960/1327/607 964/1276/572 958/1318/604
f 959/1328/608 963/1273/569 956/1321/605
f 957/1334/609 962/1271/567 955/1324/606
f 954/1333/611 968/1280/576 960/1327/607
f 958/1318/604 967/1278/574 959/1328/608
f 956/1321/605 966/1275/571 957/1329/609
f 955/1324/606 961/1268/564 953/1331/610
f 953/1331/610 965/1270/566 954/1333/611
f 951/1295/590 935/1302/597 949/1291/586
f 988/1335/612 989/1336/613 987/1337/614
f 990/1338/615 991/1339/616 989/1336/613
f 992/1340/617 993/1341/618 991/1339/616
f 994/1342/619 995/1343/620 993/1341/618
f 996/1344/621 997/1345/622 995/1343/620
f 998/1346/623 999/1347/624 997/1345/622
f 1000/1348/625 1001/1349/626 999/1347/624
f 1002/1350/627 1003/1351/628 1001/1349/626
f 975/1352/629 1009/1353/630 973/1354/631
f 969/1355/632 989/1356/613 971/1357/633
f 972/1358/634 988/1359/612 970/1360/635
f 971/1357/633 991/1361/616 973/1354/631
f 974/1362/636 990/1363/615 972/1358/634
f 973/1354/631 993/1364/618 975/1352/629
f 976/1365/637 992/1366/617 974/1362/636
f 975/1352/629 995/1367/620 977/1368/638
f 978/1369/639 994/1370/619 976/1365/637
f 977/1368/638 997/1371/622 979/1372/640
f 980/1373/641 996/1374/621 978/1369/639
f 979/1372/640 999/1375/624 981/1376/642
f 982/1377/643 998/1378/623 980/1373/641
f 981/1376/642 1001/1379/626 983/1380/644
f 984/1381/645 1000/1382/625 982/1377/643
f 983/1380/644 1003/1383/628 985/1384/646
f 986/1385/647 1002/1386/627 984/1381/645
f 1014/1387/648 1012/1388/649 1024/1389/17
f 974/1362/636 1012/1388/649 976/1365/637
f 977/1368/638 1011/1390/650 975/1352/629
f 976/1365/637 1014/1387/648 978/1369/639
f 979/1372/640 1013/1391/651 977/1368/638
f 978/1369/639 1016/1392/652 980/1373/641
f 981/1376/642 1015/1393/653 979/1372/640
f 980/1373/641 1018/1394/654 982/1377/643
f 983/1380/644 1017/1395/655 981/1376/642
f 982/1377/643 1020/1396/656 984/1381/645
f 971/1357/633 1005/1397/657 969/1355/632
f 985/1384/646 1019/1398/658 983/1380/644
f 970/1360/635 1008/1399/659 972/1358/634
f 984/1381/645 1022/1400/660 986/1385/647
f 973/1354/631 1007/1401/661 971/1357/633
f 972/1358/634 1010/1402/662 974/1362/636
f 1013/1391/651 1015/1393/653 1023/1403/11
f 1016/1392/652 1014/1387/648 1024/1389/17
f 1015/1393/653 1017/1395/655 1023/1403/11
f 1018/1394/654 1016/1392/652 1024/1389/17
f 1017/1395/655 1019/1398/658 1023/1403/11
f 1020/1396/656 1018/1394/654 1024/1389/17
f 1005/1397/657 1007/1401/661 1023/1403/11
f 1019/1398/658 1021/1404/663 1023/1403/11
f 1008/1399/659 1006/1405/664 1024/1389/17
f 1022/1400/660 1020/1396/656 1024/1389/17
f 1007/1401/661 1009/1353/630 1023/1403/11
f 1010/1402/662 1008/1399/659 1024/1389/17
f 1009/1353/630 1011/1390/650 1023/1403/11
f 1012/1388/649 1010/1402/662 1024/1389/17
f 1011/1390/650 1013/1391/651 1023/1403/11
f 1038/1406/17 1025/1407/17 1034/1408/17
f 1034/1408/17 1053/1409/17 1052/1410/17
f 1187/1411/17 1027/1412/17 1026/1413/17
f 1187/1411/17 1028/1414/17 1027/1412/17
f 1187/1411/17 1029/1415/17 1028/1414/17
f 1039/1416/17 1031/1417/17 1030/1418/17
f 1039/1416/17 1030/1418/17 1032/1419/17
f 1039/1416/17 1032/1419/17 1033/1420/17
f 1039/1416/17 1041/1421/17 1042/1422/17
f 1187/1411/17 1036/1423/17 1038/1406/17
f 1038/1406/17 1047/1424/17 1048/1425/17
f 1187/1411/17 1048/1425/17 1188/1426/17
f 1043/1427/665 1031/1417/17 1039/1416/17
f 1042/1422/17 1043/1427/665 1039/1416/17
f 1040/1428/666 1045/1429/667 1043/1427/665
f 1042/1422/17 1049/1430/17 1188/1426/17
f 1043/1427/665 1046/1431/668 1037/1432/669
f 1037/1432/669 1056/1433/670 1051/1434/671
f 1056/1435/670 1045/1429/667 1055/1436/17
f 1050/1437/672 1193/1438/673 1035/1439/674
f 1188/1426/17 1040/1428/666 1042/1422/17
f 1040/1428/666 1048/1425/17 1047/1424/17
f 1052/1410/17 1069/1440/675 1058/1441/676
f 1051/1434/671 1247/1442/670 1245/1443/671
f 1047/1424/17 1061/1444/677 1067/1445/678
f 1054/1446/679 1044/1447/680 1040/1428/666
f 1052/1410/17 1251/1448/17 1250/1449/17
f 1054/1446/679 1060/1450/681 1066/1451/682
f 1064/1452/683 1052/1410/17 1058/1441/676
f 1061/1444/677 1047/1424/17 1068/1453/684
f 1250/1449/17 1069/1440/675 1052/1410/17
f 1073/1454/685 1244/1455/17 1065/1456/686
f 1054/1446/679 1071/1457/687 1060/1450/681
f 1034/1408/17 1068/1453/684 1047/1424/17
f 1244/1455/17 1070/1458/688 1059/1459/689
f 1059/1459/689 1065/1456/686 1244/1455/17
f 1052/1410/17 1062/1460/690 1034/1408/17
f 1054/1446/679 1063/1461/691 1248/1462/692
f 1248/1462/692 1057/1463/693 1054/1446/679
f 1057/1463/693 1246/1464/17 1055/1436/17
f 1246/1464/17 1056/1435/670 1055/1436/17
f 1248/1462/692 1070/1458/688 1244/1455/17
f 1040/1428/666 1071/1457/687 1054/1446/679
f 1047/1424/17 1072/1465/694 1040/1428/666
f 1057/1463/693 1045/1429/667 1044/1447/680
f 1069/1466/675 1074/1467/59 1058/1468/676
f 1070/1469/688 1075/1470/308 1059/1471/689
f 1071/1472/687 1076/1473/83 1060/1474/681
f 1062/1475/690 1084/1476/695 1068/1477/684
f 1058/1468/676 1080/1478/696 1064/1479/683
f 1067/1480/678 1088/1481/32 1072/1482/694
f 1063/1483/691 1086/1484/697 1070/1469/688
f 1059/1471/689 1081/1485/698 1065/1486/686
f 1065/1486/686 1089/1487/299 1073/1488/685
f 1064/1479/683 1078/1489/38 1062/1475/690
f 1060/1474/681 1082/1490/699 1066/1491/682
f 1066/1491/682 1079/1492/700 1063/1483/691
f 1061/1493/677 1083/1494/701 1067/1480/678
f 1072/1482/694 1087/1495/702 1071/1472/687
f 1068/1477/684 1077/1496/4 1061/1493/677
f 1073/1488/685 1085/1497/703 1069/1466/675
f 1097/1498/704 1121/1499/705 1105/1500/706
f 1096/1501/707 1110/1502/708 1094/1503/709
f 1104/1504/710 1119/1505/711 1103/1506/712
f 1098/1507/713 1111/1508/714 1095/1509/715
f 1090/1510/716 1112/1511/717 1096/1501/707
f 1105/1500/706 1117/1512/718 1101/1513/719
f 1100/1514/720 1109/1515/721 1093/1516/722
f 1091/1517/723 1113/1518/724 1097/1498/704
f 1101/1513/719 1106/1519/725 1090/1510/716
f 1092/1520/726 1114/1521/727 1098/1522/713
f 1102/1523/728 1107/1524/729 1091/1517/723
f 1093/1516/722 1115/1525/730 1099/1526/731
f 1103/1506/712 1108/1527/732 1092/1520/726
f 1094/1503/709 1116/1528/733 1100/1514/720
f 1099/1526/731 1120/1529/734 1104/1504/710
f 1095/1509/715 1118/1530/735 1102/1523/728
f 1121/1499/705 1165/1531/736 1117/1512/718
f 1110/1502/708 1164/1532/737 1116/1528/733
f 1117/1512/718 1137/1533/738 1106/1519/725
f 1108/1527/732 1124/1534/739 1114/1521/727
f 1115/1525/730 1168/1535/740 1120/1529/734
f 1119/1505/711 1134/1536/741 1108/1527/732
f 1112/1511/717 1131/1537/742 1110/1502/708
f 1106/1519/725 1127/1538/743 1112/1511/717
f 1111/1508/714 1166/1539/744 1118/1530/735
f 1118/1530/735 1136/1540/745 1107/1524/729
f 1113/1518/724 1169/1541/746 1121/1499/705
f 1120/1529/734 1167/1542/747 1119/1505/711
f 1109/1515/721 1122/1543/748 1115/1525/730
f 1107/1524/729 1126/1544/749 1113/1518/724
f 1114/1545/727 1129/1546/750 1111/1508/714
f 1116/1528/733 1132/1547/751 1109/1515/721
f 1095/1509/715 1140/1548/752 1098/1507/713
f 1096/1501/707 1135/1549/753 1090/1510/716
f 1101/1513/719 1147/1550/754 1105/1500/706
f 1093/1516/722 1142/1551/755 1100/1514/720
f 1097/1498/704 1133/1552/756 1091/1517/723
f 1090/1510/716 1143/1553/757 1101/1513/719
f 1098/1522/713 1130/1554/758 1092/1520/726
f 1091/1517/723 1144/1555/759 1102/1523/728
f 1099/1526/731 1128/1556/760 1093/1516/722
f 1092/1520/726 1145/1557/761 1103/1506/712
f 1100/1514/720 1125/1558/762 1094/1503/709
f 1104/1504/710 1141/1559/763 1099/1526/731
f 1102/1523/728 1123/1560/764 1095/1509/715
f 1105/1500/706 1139/1561/765 1097/1498/704
f 1094/1503/709 1138/1562/766 1096/1501/707
f 1103/1506/712 1146/1563/767 1104/1504/710
f 1144/1564/759 1148/1565/38 1123/1566/764
f 1128/1567/760 1158/1568/697 1142/1569/755
f 1139/1570/765 1152/1571/4 1133/1572/756
f 1138/1573/766 1153/1574/83 1135/1575/753
f 1147/1576/754 1155/1577/701 1139/1570/765
f 1142/1569/755 1149/1578/700 1125/1579/762
f 1123/1566/764 1156/1580/696 1140/1581/752
f 1146/1582/767 1157/1583/698 1141/1584/763
f 1141/1584/763 1150/1585/308 1128/1567/760
f 1125/1579/762 1154/1586/699 1138/1573/766
f 1130/1587/758 1161/1588/703 1145/1589/761
f 1133/1572/756 1160/1590/695 1144/1564/759
f 1143/1591/757 1163/1592/32 1147/1576/754
f 1135/1575/753 1159/1593/702 1143/1591/757
f 1140/1594/752 1151/1595/59 1130/1587/758
f 1145/1589/761 1162/1596/299 1146/1582/767
f 1131/1597/742 1180/1598/768 1164/1599/737
f 1169/1600/746 1181/1601/769 1165/1602/736
f 1168/1603/740 1183/1604/770 1167/1605/747
f 1164/1599/737 1176/1606/771 1132/1607/751
f 1129/1608/750 1182/1609/772 1166/1610/744
f 1126/1611/749 1185/1612/773 1169/1600/746
f 1136/1613/745 1172/1614/774 1126/1611/749
f 1127/1615/743 1175/1616/775 1131/1597/742
f 1167/1605/747 1177/1617/776 1134/1618/741
f 1134/1618/741 1171/1619/777 1124/1620/739
f 1132/1607/751 1170/1621/778 1122/1622/748
f 1122/1622/748 1184/1623/779 1168/1603/740
f 1166/1610/744 1178/1624/780 1136/1613/745
f 1124/1620/739 1174/1625/781 1129/1608/750
f 1137/1626/738 1173/1627/782 1127/1615/743
f 1165/1602/736 1179/1628/783 1137/1626/738
f 1174/1625/781 1171/1619/777 1186/1629/17
f 1178/1624/780 1182/1609/772 1186/1629/17
f 1179/1628/783 1181/1601/769 1186/1629/17
f 1173/1627/782 1179/1628/783 1186/1629/17
f 1175/1616/775 1173/1627/782 1186/1629/17
f 1183/1604/770 1184/1623/779 1186/1629/17
f 1182/1609/772 1174/1625/781 1186/1629/17
f 1172/1614/774 1178/1624/780 1186/1629/17
f 1181/1601/769 1185/1612/773 1186/1629/17
f 1171/1619/777 1177/1617/776 1186/1629/17
f 1184/1623/779 1170/1621/778 1186/1629/17
f 1185/1612/773 1172/1614/774 1186/1629/17
f 1180/1598/768 1175/1616/775 1186/1629/17
f 1176/1606/771 1180/1598/768 1186/1629/17
f 1170/1621/778 1176/1606/771 1186/1629/17
f 1177/1617/776 1183/1604/770 1186/1629/17
f 1189/1630/784 1187/1411/17 1035/1439/674
f 1190/1631/785 1029/1415/17 1189/1630/784
f 1035/1439/674 1188/1426/17 1050/1437/672
f 1050/1437/672 1049/1430/17 1190/1631/785
f 1194/1632/786 1191/1633/787 1193/1438/673
f 1035/1439/674 1191/1633/787 1189/1630/784
f 1190/1631/785 1194/1632/786 1050/1437/672
f 1189/1630/784 1192/1634/788 1190/1631/785
f 1195/1635/17 1208/1636/17 1204/1637/17
f 1223/1638/17 1204/1637/17 1222/1639/17
f 1365/1640/17 1196/1641/17 1197/1642/17
f 1365/1640/17 1197/1642/17 1198/1643/17
f 1365/1640/17 1198/1643/17 1199/1644/17
f 1209/1645/17 1200/1646/17 1201/1647/17
f 1209/1645/17 1202/1648/17 1200/1646/17
f 1209/1645/17 1203/1649/17 1202/1648/17
f 1211/1650/17 1209/1645/17 1212/1651/17
f 1206/1652/17 1365/1640/17 1208/1636/17
f 1217/1653/17 1208/1636/17 1218/1654/17
f 1218/1654/17 1365/1640/17 1366/1655/17
f 1201/1647/17 1213/1656/789 1209/1645/17
f 1213/1656/789 1212/1651/17 1209/1645/17
f 1215/1657/790 1210/1658/791 1213/1656/789
f 1219/1659/17 1212/1651/17 1366/1655/17
f 1216/1660/792 1213/1656/789 1207/1661/793
f 1226/1662/670 1207/1661/793 1221/1663/671
f 1215/1657/790 1226/1664/670 1225/1665/17
f 1371/1666/794 1220/1667/795 1205/1668/796
f 1210/1658/791 1366/1655/17 1212/1651/17
f 1210/1658/791 1217/1653/17 1218/1654/17
f 1222/1639/17 1228/1669/676 1239/1670/797
f 1247/1442/670 1221/1663/671 1245/1443/671
f 1217/1653/17 1237/1671/688 1231/1672/689
f 1214/1673/798 1224/1674/799 1210/1658/791
f 1251/1448/17 1222/1639/17 1250/1449/17
f 1224/1674/799 1236/1675/800 1230/1676/681
f 1234/1677/801 1228/1669/676 1222/1639/17
f 1231/1672/689 1238/1678/686 1217/1653/17
f 1239/1670/797 1250/1449/17 1222/1639/17
f 1244/1455/17 1243/1679/802 1235/1680/684
f 1224/1674/799 1230/1676/681 1241/1681/803
f 1238/1678/686 1204/1637/17 1217/1653/17
f 1244/1455/17 1229/1682/677 1240/1683/678
f 1229/1682/677 1244/1455/17 1235/1680/684
f 1232/1684/804 1222/1639/17 1204/1637/17
f 1233/1685/694 1224/1674/799 1248/1462/692
f 1227/1686/805 1248/1462/692 1224/1674/799
f 1246/1464/17 1227/1686/805 1225/1665/17
f 1226/1664/670 1246/1464/17 1225/1665/17
f 1240/1683/678 1248/1462/692 1244/1455/17
f 1241/1681/803 1210/1658/791 1224/1674/799
f 1242/1687/691 1217/1653/17 1210/1658/791
f 1215/1657/790 1227/1686/805 1214/1673/798
f 1252/1688/59 1239/1689/797 1228/1690/676
f 1253/1691/4 1240/1692/678 1229/1693/677
f 1254/1694/83 1241/1695/803 1230/1696/681
f 1262/1697/698 1232/1698/804 1238/1699/686
f 1258/1700/703 1228/1690/676 1234/1701/801
f 1266/1702/700 1237/1703/688 1242/1704/691
f 1264/1705/701 1233/1706/694 1240/1692/678
f 1259/1707/695 1229/1693/677 1235/1708/684
f 1267/1709/38 1235/1708/684 1243/1710/802
f 1256/1711/299 1234/1701/801 1232/1698/804
f 1260/1712/702 1230/1696/681 1236/1713/800
f 1257/1714/32 1236/1713/800 1233/1706/694
f 1261/1715/697 1231/1716/689 1237/1703/688
f 1265/1717/699 1242/1704/691 1241/1695/803
f 1255/1718/308 1238/1699/686 1231/1716/689
f 1263/1719/696 1243/1710/802 1239/1689/797
f 1299/1720/708 1275/1721/720 1283/1722/709
f 1288/1723/705 1274/1724/719 1272/1725/706
f 1297/1726/727 1282/1727/715 1281/1728/713
f 1289/1729/734 1276/1730/712 1273/1731/710
f 1290/1732/718 1268/1733/716 1274/1724/719
f 1295/1734/717 1283/1722/709 1279/1735/707
f 1287/1736/729 1278/1737/704 1271/1738/723
f 1291/1739/733 1269/1740/722 1275/1721/720
f 1284/1741/725 1279/1735/707 1268/1733/716
f 1292/1742/711 1270/1743/726 1276/1730/712
f 1285/1744/721 1280/1745/731 1269/1740/722
f 1293/1746/735 1271/1738/723 1277/1747/728
f 1286/1748/732 1281/1728/713 1270/1743/726
f 1294/1749/724 1272/1725/706 1278/1737/704
f 1298/1750/714 1277/1747/728 1282/1751/715
f 1296/1752/730 1273/1731/710 1280/1745/731
f 1343/1753/806 1299/1720/708 1295/1734/717
f 1342/1754/749 1288/1723/705 1294/1749/724
f 1315/1755/738 1295/1734/717 1284/1741/725
f 1302/1756/747 1286/1748/732 1292/1742/711
f 1346/1757/750 1293/1746/735 1298/1750/714
f 1312/1758/741 1297/1726/727 1286/1748/732
f 1309/1759/746 1290/1732/718 1288/1723/705
f 1305/1760/807 1284/1741/725 1290/1732/718
f 1344/1761/808 1289/1729/734 1296/1752/730
f 1314/1762/751 1296/1752/730 1285/1744/721
f 1347/1763/742 1291/1739/733 1299/1720/708
f 1345/1764/739 1298/1765/714 1297/1726/727
f 1300/1766/744 1287/1736/729 1293/1746/735
f 1304/1767/809 1285/1744/721 1291/1739/733
f 1307/1768/740 1292/1742/711 1289/1729/734
f 1310/1769/745 1294/1749/724 1287/1736/729
f 1318/1770/810 1273/1731/710 1276/1730/712
f 1313/1771/753 1274/1724/719 1268/1733/716
f 1325/1772/811 1279/1735/707 1283/1722/709
f 1320/1773/812 1271/1738/723 1278/1737/704
f 1311/1774/760 1275/1721/720 1269/1740/722
f 1321/1775/813 1268/1733/716 1279/1735/707
f 1308/1776/758 1276/1730/712 1270/1743/726
f 1322/1777/814 1269/1740/722 1280/1745/731
f 1306/1778/756 1277/1747/728 1271/1738/723
f 1323/1779/815 1270/1743/726 1281/1728/713
f 1303/1780/816 1278/1737/704 1272/1725/706
f 1319/1781/817 1282/1751/715 1277/1747/728
f 1301/1782/818 1280/1745/731 1273/1731/710
f 1317/1783/819 1283/1722/709 1275/1721/720
f 1316/1784/820 1272/1725/706 1274/1724/719
f 1324/1785/821 1281/1728/713 1282/1727/715
f 1326/1786/299 1322/1787/814 1301/1788/818
f 1336/1789/701 1306/1790/756 1320/1791/812
f 1330/1792/308 1317/1793/819 1311/1794/760
f 1331/1795/83 1316/1796/820 1313/1797/753
f 1333/1798/697 1325/1799/811 1317/1793/819
f 1327/1800/32 1320/1791/812 1303/1801/816
f 1334/1802/703 1301/1788/818 1318/1803/810
f 1335/1804/695 1324/1805/821 1319/1806/817
f 1328/1807/4 1319/1806/817 1306/1790/756
f 1332/1808/702 1303/1801/816 1316/1796/820
f 1339/1809/696 1308/1810/758 1323/1811/815
f 1338/1812/698 1311/1794/760 1322/1787/814
f 1341/1813/700 1321/1814/813 1325/1799/811
f 1337/1815/699 1313/1797/753 1321/1814/813
f 1329/1816/59 1318/1803/810 1308/1810/758
f 1340/1817/38 1323/1811/815 1324/1818/821
f 1358/1819/774 1309/1820/746 1342/1821/749
f 1359/1822/782 1347/1823/742 1343/1824/806
f 1361/1825/777 1346/1826/750 1345/1827/739
f 1354/1828/780 1342/1821/749 1310/1829/745
f 1360/1830/778 1307/1831/740 1344/1832/808
f 1363/1833/775 1304/1834/809 1347/1823/742
f 1350/1835/768 1314/1836/751 1304/1834/809
f 1353/1837/773 1305/1838/807 1309/1820/746
f 1355/1839/776 1345/1827/739 1312/1840/741
f 1349/1841/770 1312/1840/741 1302/1842/747
f 1348/1843/772 1310/1829/745 1300/1844/744
f 1362/1845/781 1300/1844/744 1346/1826/750
f 1356/1846/771 1344/1832/808 1314/1836/751
f 1352/1847/779 1302/1842/747 1307/1831/740
f 1351/1848/769 1315/1849/738 1305/1838/807
f 1357/1850/783 1343/1824/806 1315/1849/738
f 1352/1847/779 1364/1851/17 1349/1841/770
f 1356/1846/771 1364/1851/17 1360/1830/778
f 1357/1850/783 1364/1851/17 1359/1822/782
f 1351/1848/769 1364/1851/17 1357/1850/783
f 1353/1837/773 1364/1851/17 1351/1848/769
f 1361/1825/777 1364/1851/17 1362/1845/781
f 1360/1830/778 1364/1851/17 1352/1847/779
f 1350/1835/768 1364/1851/17 1356/1846/771
f 1359/1822/782 1364/1851/17 1363/1833/775
f 1349/1841/770 1364/1851/17 1355/1839/776
f 1362/1845/781 1364/1851/17 1348/1843/772
f 1363/1833/775 1364/1851/17 1350/1835/768
f 1358/1819/774 1364/1851/17 1353/1837/773
f 1354/1828/780 1364/1851/17 1358/1819/774
f 1348/1843/772 1364/1851/17 1354/1828/780
f 1355/1839/776 1364/1851/17 1361/1825/777
f 1365/1640/17 1367/1852/822 1205/1668/796
f 1199/1644/17 1368/1853/823 1367/1852/822
f 1366/1655/17 1205/1668/796 1220/1667/795
f 1219/1659/17 1220/1667/795 1368/1853/823
f 1369/1854/824 1372/1855/825 1371/1666/794
f 1369/1854/824 1205/1668/796 1367/1852/822
f 1372/1855/825 1368/1853/823 1220/1667/795
f 1370/1856/826 1367/1852/822 1368/1853/823
f 1376/1857/827 1386/1858/828 1377/1859/829
f 1377/1859/829 1387/1860/830 1378/1861/831
f 1378/1861/831 1388/1862/832 1379/1863/833
f 1379/1863/833 1389/1864/834 1380/1865/835
f 1380/1865/835 1390/1866/836 1381/1867/837
f 1373/1868/838 1383/1869/839 1374/1870/840
f 1374/1870/840 1384/1871/841 1375/1872/842
f 1375/1872/842 1385/1873/843 1376/1857/827
f 1404/1858/844 1394/1857/845 1395/1859/846
f 1405/1860/847 1395/1859/846 1396/1861/848
f 1406/1862/849 1396/1861/848 1397/1863/850
f 1407/1864/851 1397/1863/850 1398/1865/852
f 1408/1866/853 1398/1865/852 1399/1867/854
f 1401/1869/855 1391/1868/856 1392/1870/857
f 1402/1871/858 1392/1870/857 1393/1872/859
f 1403/1873/860 1393/1872/859 1394/1857/845
f 1396/1861/848 1377/1859/829 1378/1861/831
f 1402/1871/858 1385/1873/843 1384/1871/841
f 1397/1863/850 1378/1861/831 1379/1863/833
f 1403/1873/860 1386/1858/828 1385/1873/843
f 1398/1865/852 1379/1863/833 1380/1865/835
f 1404/1858/844 1387/1860/830 1386/1858/828
f 1399/1867/854 1380/1865/835 1381/1867/837
f 1405/1860/847 1388/1862/832 1387/1860/830
f 1406/1862/849 1389/1864/834 1388/1862/832
f 1407/1864/851 1390/1866/836 1389/1864/834
f 1392/1870/857 1373/1868/838 1374/1870/840
f 1393/1872/859 1374/1870/840 1375/1872/842
f 1394/1857/845 1375/1872/842 1376/1857/827
f 1400/1874/861 1383/1869/839 1382/1874/862
f 1395/1859/846 1376/1857/827 1377/1859/829
f 1401/1869/855 1384/1871/841 1383/1869/839
f 1422/1875/844 1412/1876/845 1413/1877/846
f 1423/1878/847 1413/1877/846 1414/1879/848
f 1424/1880/849 1414/1879/848 1415/1881/863
f 1425/1882/851 1415/1881/863 1416/1883/852
f 1426/1884/864 1416/1883/852 1417/1885/854
f 1419/1886/855 1409/1887/856 1410/1888/857
f 1420/1889/858 1410/1888/857 1411/1890/859
f 1421/1891/860 1411/1890/859 1412/1876/845
f 1430/1876/827 1440/1875/828 1431/1877/829
f 1431/1877/829 1441/1878/830 1432/1879/831
f 1432/1879/831 1442/1880/832 1433/1881/833
f 1433/1881/833 1443/1882/834 1434/1883/835
f 1434/1883/835 1444/1884/865 1435/1885/837
f 1427/1887/838 1437/1886/839 1428/1888/840
f 1428/1888/840 1438/1889/841 1429/1890/842
f 1429/1890/842 1439/1891/843 1430/1876/827
f 1413/1877/846 1432/1879/831 1414/1879/848
f 1421/1891/860 1438/1889/841 1420/1889/858
f 1414/1879/848 1433/1881/833 1415/1881/863
f 1422/1875/844 1439/1891/843 1421/1891/860
f 1415/1881/863 1434/1883/835 1416/1883/852
f 1423/1878/847 1440/1875/828 1422/1875/844
f 1416/1883/852 1435/1885/837 1417/1885/854
f 1424/1880/849 1441/1878/830 1423/1878/847
f 1425/1882/851 1442/1880/832 1424/1880/849
f 1426/1884/864 1443/1882/834 1425/1882/851
f 1409/1887/856 1428/1888/840 1410/1888/857
f 1410/1888/857 1429/1890/842 1411/1890/859
f 1411/1890/859 1430/1876/827 1412/1876/845
f 1419/1886/855 1436/1892/866 1418/1893/867
f 1412/1876/845 1431/1877/829 1413/1877/846
f 1420/1889/858 1437/1886/839 1419/1886/855
f 1468/1894/36 1463/1895/32 1474/1896/4
f 1470/1897/187 1465/1898/308 1473/1899/308
f 1452/1900/868 1463/1901/32 1448/1902/869
f 1450/1903/870 1466/1904/871 1465/1898/308
f 1455/1905/872 1462/1906/873 1461/1907/4
f 1445/1908/874 1458/1909/875 1455/1910/872
f 1461/1907/4 1453/1911/876 1446/1912/877
f 1465/1898/308 1460/1913/878 1458/1914/875
f 1473/1899/308 1458/1914/875 1471/1915/308
f 1471/1915/308 1449/1916/879 1469/1917/308
f 1474/1896/4 1456/1918/32 1472/1919/4
f 1468/1920/36 1450/1921/870 1470/1922/187
f 1462/1923/873 1454/1924/880 1453/1925/876
f 1453/1925/876 1450/1921/870 1446/1926/877
f 1459/1927/881 1466/1928/871 1462/1923/873
f 1464/1929/700 1456/1930/32 1463/1901/32
f 1448/1931/869 1470/1922/187 1452/1932/868
f 1461/1907/4 1472/1919/4 1455/1905/872
f 1464/1933/700 1471/1915/308 1457/1934/700
f 1472/1919/4 1447/1935/32 1467/1936/4
f 1457/1937/700 1447/1938/32 1456/1930/32
f 1452/1939/868 1473/1899/308 1464/1933/700
f 1446/1912/877 1474/1896/4 1461/1907/4
f 1458/1909/875 1459/1940/881 1455/1910/872
f 1455/1905/872 1467/1936/4 1445/1941/874
f 1457/1934/700 1469/1917/308 1451/1942/700
f 1498/1943/36 1493/1944/32 1504/1945/4
f 1500/1946/187 1495/1947/308 1503/1948/308
f 1482/1949/868 1493/1950/32 1478/1951/869
f 1480/1952/870 1496/1953/871 1495/1947/308
f 1485/1954/872 1492/1955/873 1491/1956/4
f 1475/1957/874 1488/1958/875 1485/1959/872
f 1491/1956/4 1483/1960/876 1476/1961/877
f 1495/1947/308 1490/1962/878 1488/1963/875
f 1503/1948/308 1488/1963/875 1501/1964/308
f 1501/1964/308 1479/1965/879 1499/1966/308
f 1504/1945/4 1486/1967/32 1502/1968/4
f 1498/1969/36 1480/1970/870 1500/1971/187
f 1492/1972/873 1484/1973/880 1483/1974/876
f 1483/1974/876 1480/1970/870 1476/1975/877
f 1489/1976/882 1496/1977/871 1492/1972/873
f 1494/1978/700 1486/1979/32 1493/1950/32
f 1478/1980/869 1500/1971/187 1482/1981/868
f 1491/1956/4 1502/1968/4 1485/1954/872
f 1494/1982/700 1501/1964/308 1487/1983/700
f 1502/1968/4 1477/1984/32 1497/1985/4
f 1487/1986/700 1477/1987/32 1486/1979/32
f 1482/1988/868 1503/1948/308 1494/1982/700
f 1476/1961/877 1504/1945/4 1491/1956/4
f 1488/1958/875 1489/1989/882 1485/1959/872
f 1485/1954/872 1497/1985/4 1475/1990/874
f 1487/1983/700 1499/1966/308 1481/1991/700
f 1528/1992/36 1523/1993/32 1534/1994/4
f 1530/1995/187 1525/1996/308 1533/1997/308
f 1512/1998/868 1523/1999/32 1508/2000/869
f 1510/2001/870 1526/2002/871 1525/1996/308
f 1515/2003/872 1522/2004/873 1521/2005/4
f 1505/2006/874 1518/2007/875 1515/2008/872
f 1521/2005/4 1513/2009/876 1506/2010/877
f 1525/1996/308 1520/2011/878 1518/2012/875
f 1533/1997/308 1518/2012/875 1531/2013/308
f 1531/2013/308 1509/2014/879 1529/2015/308
f 1534/1994/4 1516/2016/32 1532/2017/4
f 1528/2018/36 1510/2019/870 1530/2020/187
f 1522/2021/873 1514/2022/880 1513/2023/876
f 1513/2023/876 1510/2019/870 1506/2024/877
f 1519/2025/882 1526/2026/871 1522/2021/873
f 1524/2027/700 1516/2028/32 1523/1999/32
f 1508/2029/869 1530/2020/187 1512/2030/868
f 1521/2005/4 1532/2017/4 1515/2003/872
f 1524/2031/700 1531/2013/308 1517/2032/700
f 1532/2017/4 1507/2033/32 1527/2034/4
f 1517/2035/700 1507/2036/32 1516/2028/32
f 1512/2037/868 1533/1997/308 1524/2031/700
f 1506/2010/877 1534/1994/4 1521/2005/4
f 1518/2007/875 1519/2038/882 1515/2008/872
f 1515/2003/872 1527/2034/4 1505/2039/874
f 1517/2032/700 1529/2015/308 1511/2040/700
f 1558/2041/36 1553/2042/32 1564/2043/4
f 1560/2044/187 1555/2045/308 1563/2046/308
f 1542/2047/868 1553/2048/32 1538/2049/869
f 1540/2050/870 1556/2051/871 1555/2045/308
f 1545/2052/872 1552/2053/873 1551/2054/4
f 1535/2055/874 1548/2056/875 1545/2057/872
f 1551/2054/4 1543/2058/876 1536/2059/877
f 1555/2045/308 1550/2060/878 1548/2061/875
f 1563/2046/308 1548/2061/875 1561/2062/308
f 1561/2062/308 1539/2063/879 1559/2064/308
f 1564/2043/4 1546/2065/32 1562/2066/4
f 1558/2067/36 1540/2068/870 1560/2069/187
f 1552/2070/873 1544/2071/880 1543/2072/876
f 1543/2072/876 1540/2068/870 1536/2073/877
f 1549/2074/882 1556/2075/871 1552/2070/873
f 1554/2076/700 1546/2077/32 1553/2048/32
f 1538/2078/869 1560/2069/187 1542/2079/868
f 1551/2054/4 1562/2066/4 1545/2052/872
f 1554/2080/700 1561/2062/308 1547/2081/700
f 1562/2066/4 1537/2082/32 1557/2083/4
f 1547/2084/700 1537/2085/32 1546/2077/32
f 1542/2086/868 1563/2046/308 1554/2080/700
f 1536/2059/877 1564/2043/4 1551/2054/4
f 1548/2056/875 1549/2087/882 1545/2057/872
f 1545/2052/872 1557/2083/4 1535/2088/874
f 1547/2081/700 1559/2064/308 1541/2089/700
f 1588/2090/36 1583/2091/32 1594/2092/4
f 1590/2093/187 1585/2094/308 1593/2095/308
f 1572/2096/868 1583/2097/32 1568/2098/869
f 1570/2099/870 1586/2100/871 1585/2094/308
f 1575/2101/872 1582/2102/873 1581/2103/4
f 1565/2104/874 1578/2105/875 1575/2106/872
f 1581/2103/4 1573/2107/876 1566/2108/877
f 1585/2094/308 1580/2109/878 1578/2110/875
f 1593/2095/308 1578/2110/875 1591/2111/308
f 1591/2111/308 1569/2112/879 1589/2113/308
f 1594/2092/4 1576/2114/32 1592/2115/4
f 1588/2116/36 1570/2117/870 1590/2118/187
f 1582/2119/873 1574/2120/880 1573/2121/876
f 1573/2121/876 1570/2117/870 1566/2122/877
f 1579/2123/882 1586/2124/871 1582/2119/873
f 1584/2125/700 1576/2126/32 1583/2097/32
f 1568/2127/869 1590/2118/187 1572/2128/868
f 1581/2103/4 1592/2115/4 1575/2101/872
f 1584/2129/700 1591/2111/308 1577/2130/700
f 1592/2115/4 1567/2131/32 1587/2132/4
f 1577/2133/700 1567/2134/32 1576/2126/32
f 1572/2135/868 1593/2095/308 1584/2129/700
f 1566/2108/877 1594/2092/4 1581/2103/4
f 1578/2105/875 1579/2136/882 1575/2106/872
f 1575/2101/872 1587/2132/4 1565/2137/874
f 1577/2130/700 1589/2113/308 1571/2138/700
f 1678/2139/883 1694/2140/884 1680/2141/885
f 1664/2142/886 1698/2143/887 1666/2144/888
f 1680/2141/885 1700/2145/889 1682/2146/890
f 1666/2144/888 1702/2147/891 1668/2148/892
f 1682/2146/890 1704/2149/893 1684/2150/894
f 1668/2148/892 1706/2151/895 1670/2152/896
f 1684/2150/894 1708/2153/897 1686/2154/898
f 1670/2152/896 1710/2155/899 1672/2156/900
f 1686/2154/898 1712/2157/901 1688/2158/902
f 1672/2156/900 1714/2159/903 1674/2160/904
f 1688/2158/902 1716/2161/905 1690/2162/906
f 1674/2160/904 1718/2163/907 1676/2164/908
f 1659/2165/909 1722/2166/910 1662/2167/911
f 1690/2162/906 1719/2168/912 1659/2165/909
f 1676/2164/908 1691/2169/913 1678/2139/883
f 1662/2167/911 1695/2170/914 1664/2142/886
f 1701/2171/915 1600/2172/916 1705/2173/917
f 1703/2174/918 1608/2175/919 1707/2176/920
f 1705/2173/917 1601/2177/921 1709/2178/922
f 1707/2176/920 1609/2179/923 1711/2180/924
f 1709/2178/922 1602/2181/925 1713/2182/926
f 1711/2180/924 1610/2183/927 1715/2184/928
f 1713/2182/926 1603/2185/929 1717/2186/930
f 1715/2184/928 1595/2187/931 1720/2188/932
f 1692/2189/933 1605/2190/934 1693/2191/935
f 1720/2188/932 1596/2192/936 1721/2193/937
f 1661/2194/938 1611/2195/11 1660/2196/939
f 1693/2191/935 1606/2197/940 1699/2198/941
f 1697/2199/942 1599/2200/943 1701/2171/915
f 1721/2193/937 1597/2201/944 1696/2202/945
f 1699/2198/941 1607/2203/946 1703/2174/918
f 1603/2185/929 1636/2204/947 1604/2205/948
f 1596/2192/936 1629/2206/949 1597/2201/944
f 1604/2205/948 1637/2207/950 1605/2190/934
f 1597/2201/944 1630/2208/951 1598/2209/952
f 1605/2190/934 1638/2210/953 1606/2197/940
f 1598/2209/952 1631/2211/954 1599/2200/943
f 1606/2197/940 1639/2212/955 1607/2203/946
f 1599/2200/943 1632/2213/956 1600/2172/916
f 1607/2203/946 1640/2214/957 1608/2175/919
f 1600/2172/916 1633/2215/958 1601/2177/921
f 1608/2175/919 1641/2216/959 1609/2179/923
f 1601/2177/921 1634/2217/960 1602/2181/925
f 1609/2179/923 1642/2218/961 1610/2183/927
f 1602/2181/925 1635/2219/962 1603/2185/929
f 1595/2187/931 1628/2220/963 1596/2192/936
f 1610/2183/927 1627/2221/964 1595/2187/931
f 1630/2208/951 1647/2222/59 1631/2211/954
f 1638/2210/953 1655/2223/83 1639/2212/955
f 1631/2211/954 1648/2224/965 1632/2213/956
f 1639/2212/955 1656/2225/966 1640/2214/957
f 1632/2213/956 1649/2226/221 1633/2215/958
f 1640/2214/957 1657/2227/245 1641/2216/959
f 1633/2215/958 1650/2228/967 1634/2217/960
f 1641/2216/959 1658/2229/968 1642/2218/961
f 1634/2217/960 1651/2230/11 1635/2219/962
f 1627/2221/964 1644/2231/969 1628/2220/963
f 1642/2218/961 1643/2232/17 1627/2221/964
f 1635/2219/962 1652/2233/970 1636/2204/947
f 1628/2220/963 1645/2234/254 1629/2206/949
f 1636/2204/947 1653/2235/349 1637/2207/950
f 1629/2206/949 1646/2236/971 1630/2208/951
f 1637/2207/950 1654/2237/972 1638/2210/953
f 1663/2238/973 1612/2239/970 1661/2194/938
f 1677/2240/974 1619/2241/17 1675/2242/975
f 1696/2202/945 1598/2209/952 1697/2199/942
f 1660/2243/939 1626/2244/967 1689/2245/976
f 1675/2242/975 1618/2246/968 1673/2247/977
f 1689/2245/976 1625/2248/221 1687/2249/978
f 1673/2247/977 1617/2250/245 1671/2251/979
f 1687/2249/978 1624/2252/965 1685/2253/980
f 1671/2251/979 1616/2254/966 1669/2255/981
f 1685/2253/980 1623/2256/59 1683/2257/982
f 1669/2255/981 1615/2258/83 1667/2259/983
f 1683/2257/982 1622/2260/971 1681/2261/984
f 1667/2259/983 1614/2262/972 1665/2263/985
f 1681/2261/984 1621/2264/254 1679/2265/986
f 1665/2263/985 1613/2266/349 1663/2238/973
f 1679/2265/986 1620/2267/969 1677/2240/974
f 1661/2268/938 1659/2165/909 1662/2167/911
f 1663/2269/973 1662/2167/911 1664/2142/886
f 1665/2270/985 1664/2142/886 1666/2144/888
f 1667/2271/983 1666/2144/888 1668/2148/892
f 1669/2272/981 1668/2148/892 1670/2152/896
f 1671/2273/979 1670/2152/896 1672/2156/900
f 1673/2274/977 1672/2156/900 1674/2160/904
f 1675/2275/975 1674/2160/904 1676/2164/908
f 1677/2276/974 1676/2164/908 1678/2139/883
f 1679/2277/986 1678/2139/883 1680/2141/885
f 1681/2278/984 1680/2141/885 1682/2146/890
f 1683/2279/982 1682/2146/890 1684/2150/894
f 1685/2280/980 1684/2150/894 1686/2154/898
f 1687/2281/978 1686/2154/898 1688/2158/902
f 1689/2282/976 1688/2158/902 1690/2162/906
f 1660/2283/939 1690/2162/906 1659/2165/909
f 1695/2170/914 1721/2193/937 1696/2202/945
f 1691/2169/913 1717/2186/930 1692/2189/933
f 1719/2168/912 1715/2184/928 1720/2188/932
f 1722/2166/910 1720/2188/932 1721/2193/937
f 1718/2163/907 1713/2182/926 1717/2186/930
f 1716/2161/905 1711/2180/924 1715/2184/928
f 1714/2159/903 1709/2178/922 1713/2182/926
f 1712/2157/901 1707/2176/920 1711/2180/924
f 1710/2155/899 1705/2173/917 1709/2178/922
f 1708/2153/897 1703/2174/918 1707/2176/920
f 1706/2151/895 1701/2171/915 1705/2173/917
f 1704/2149/893 1699/2198/941 1703/2174/918
f 1702/2147/891 1697/2199/942 1701/2171/915
f 1700/2145/889 1693/2191/935 1699/2198/941
f 1698/2143/887 1696/2202/945 1697/2199/942
f 1694/2140/884 1692/2189/933 1693/2191/935
f 1717/2186/930 1604/2205/948 1692/2189/933
f 1806/2284/883 1822/2285/884 1808/2286/885
f 1792/2287/886 1826/2288/887 1794/2289/888
f 1808/2286/885 1828/2290/889 1810/2291/890
f 1794/2289/888 1830/2292/891 1796/2293/892
f 1810/2291/890 1832/2294/893 1812/2295/894
f 1796/2293/892 1834/2296/895 1798/2297/896
f 1812/2295/894 1836/2298/897 1814/2299/898
f 1798/2297/896 1838/2300/899 1800/2301/900
f 1814/2299/898 1840/2302/901 1816/2303/902
f 1800/2301/900 1842/2304/903 1802/2305/904
f 1816/2303/902 1844/2306/905 1818/2307/906
f 1802/2305/904 1846/2308/907 1804/2309/908
f 1787/2310/909 1850/2311/910 1790/2312/911
f 1818/2307/906 1847/2313/912 1787/2310/909
f 1804/2309/908 1819/2314/913 1806/2284/883
f 1790/2312/911 1823/2315/914 1792/2287/886
f 1829/2316/987 1728/2317/988 1833/2318/917
f 1831/2319/989 1736/2320/990 1835/2321/920
f 1833/2318/917 1729/2322/921 1837/2323/922
f 1835/2321/920 1737/2324/923 1839/2325/924
f 1837/2323/922 1730/2326/991 1841/2327/926
f 1839/2325/924 1738/2328/927 1843/2329/928
f 1841/2327/926 1731/2330/929 1845/2331/930
f 1843/2329/928 1723/2332/931 1848/2333/932
f 1820/2334/933 1733/2335/934 1821/2336/935
f 1848/2333/932 1724/2337/936 1849/2338/937
f 1789/2339/938 1739/2340/11 1788/2341/939
f 1821/2336/935 1734/2342/992 1827/2343/941
f 1825/2344/942 1727/2345/943 1829/2316/987
f 1849/2338/937 1725/2346/944 1824/2347/945
f 1827/2343/941 1735/2348/946 1831/2319/989
f 1731/2330/929 1764/2349/947 1732/2350/948
f 1724/2337/936 1757/2351/949 1725/2346/944
f 1732/2350/948 1765/2352/950 1733/2335/934
f 1725/2346/944 1758/2353/951 1726/2354/993
f 1733/2335/934 1766/2355/953 1734/2342/992
f 1726/2354/993 1759/2356/954 1727/2345/943
f 1734/2342/992 1767/2357/955 1735/2348/946
f 1727/2345/943 1760/2358/956 1728/2317/988
f 1735/2348/946 1768/2359/957 1736/2320/990
f 1728/2317/988 1761/2360/958 1729/2322/921
f 1736/2320/990 1769/2361/959 1737/2324/923
f 1729/2322/921 1762/2362/960 1730/2326/991
f 1737/2324/923 1770/2363/961 1738/2328/927
f 1730/2326/991 1763/2364/962 1731/2330/929
f 1723/2332/931 1756/2365/963 1724/2337/936
f 1738/2328/927 1755/2366/964 1723/2332/931
f 1758/2353/951 1775/2367/59 1759/2356/954
f 1766/2355/953 1783/2368/83 1767/2357/955
f 1759/2356/954 1776/2369/965 1760/2358/956
f 1767/2357/955 1784/2370/966 1768/2359/957
f 1760/2358/956 1777/2371/221 1761/2360/958
f 1768/2359/957 1785/2372/245 1769/2361/959
f 1761/2360/958 1778/2373/967 1762/2362/960
f 1769/2361/959 1786/2374/968 1770/2363/961
f 1762/2362/960 1779/2375/11 1763/2364/962
f 1755/2366/964 1772/2376/969 1756/2365/963
f 1770/2363/961 1771/2377/17 1755/2366/964
f 1763/2364/962 1780/2378/970 1764/2349/947
f 1756/2365/963 1773/2379/254 1757/2351/949
f 1764/2349/947 1781/2380/349 1765/2352/950
f 1757/2351/949 1774/2381/971 1758/2353/951
f 1765/2352/950 1782/2382/972 1766/2355/953
f 1791/2383/973 1740/2384/970 1789/2339/938
f 1805/2385/974 1747/2386/17 1803/2387/975
f 1824/2347/945 1726/2354/993 1825/2344/942
f 1788/2388/939 1754/2389/967 1817/2390/976
f 1803/2387/975 1746/2391/968 1801/2392/977
f 1817/2390/976 1753/2393/221 1815/2394/978
f 1801/2392/977 1745/2395/245 1799/2396/979
f 1815/2394/978 1752/2397/965 1813/2398/980
f 1799/2396/979 1744/2399/966 1797/2400/981
f 1813/2398/980 1751/2401/59 1811/2402/982
f 1797/2400/981 1743/2403/83 1795/2404/983
f 1811/2402/982 1750/2405/971 1809/2406/984
f 1795/2404/983 1742/2407/972 1793/2408/985
f 1809/2406/984 1749/2409/254 1807/2410/986
f 1793/2408/985 1741/2411/349 1791/2383/973
f 1807/2410/986 1748/2412/969 1805/2385/974
f 1789/2413/938 1787/2310/909 1790/2312/911
f 1791/2414/973 1790/2312/911 1792/2287/886
f 1793/2415/985 1792/2287/886 1794/2289/888
f 1795/2416/983 1794/2289/888 1796/2293/892
f 1797/2417/981 1796/2293/892 1798/2297/896
f 1799/2418/979 1798/2297/896 1800/2301/900
f 1801/2419/977 1800/2301/900 1802/2305/904
f 1803/2420/975 1802/2305/904 1804/2309/908
f 1805/2421/974 1804/2309/908 1806/2284/883
f 1807/2422/986 1806/2284/883 1808/2286/885
f 1809/2423/984 1808/2286/885 1810/2291/890
f 1811/2424/982 1810/2291/890 1812/2295/894
f 1813/2425/980 1812/2295/894 1814/2299/898
f 1815/2426/978 1814/2299/898 1816/2303/902
f 1817/2427/976 1816/2303/902 1818/2307/906
f 1788/2428/939 1818/2307/906 1787/2310/909
f 1823/2315/914 1849/2338/937 1824/2347/945
f 1819/2314/913 1845/2331/930 1820/2334/933
f 1847/2313/912 1843/2329/928 1848/2333/932
f 1850/2311/910 1848/2333/932 1849/2338/937
f 1846/2308/907 1841/2327/926 1845/2331/930
f 1844/2306/905 1839/2325/924 1843/2329/928
f 1842/2304/903 1837/2323/922 1841/2327/926
f 1840/2302/901 1835/2321/920 1839/2325/924
f 1838/2300/899 1833/2318/917 1837/2323/922
f 1836/2298/897 1831/2319/989 1835/2321/920
f 1834/2296/895 1829/2316/987 1833/2318/917
f 1832/2294/893 1827/2343/941 1831/2319/989
f 1830/2292/891 1825/2344/942 1829/2316/987
f 1828/2290/889 1821/2336/935 1827/2343/941
f 1826/2288/887 1824/2347/945 1825/2344/942
f 1822/2285/884 1820/2334/933 1821/2336/935
f 1845/2331/930 1732/2350/948 1820/2334/933
f 1899/1268/564 1860/1269/565 1903/1270/566
f 1900/1271/567 1859/1272/568 1899/1268/564
f 1901/1273/569 1865/1274/570 1904/1275/571
f 1902/1276/572 1863/1277/573 1905/1278/574
f 1903/1270/566 1861/1279/575 1906/1280/576
f 1904/1281/571 1866/1282/577 1900/1271/567
f 1905/1278/574 1864/1283/578 1901/1273/569
f 1906/1280/576 1862/1284/579 1902/1276/572
f 1883/1285/580 1871/1286/581 1884/1287/582
f 1885/1288/994 1869/1289/584 1886/1290/585
f 1887/1291/995 1874/1292/587 1888/1293/588
f 1884/1287/582 1872/1294/589 1889/1295/590
f 1886/1290/585 1870/1296/591 1883/1285/580
f 1890/1297/996 1868/1298/593 1885/1288/994
f 1888/1293/588 1867/1299/594 1890/1297/996
f 1874/1292/587 1875/1300/595 1867/1299/594
f 1872/1294/589 1881/1301/596 1873/1302/597
f 1870/1296/591 1879/1303/598 1871/1286/581
f 1868/1298/593 1877/1304/599 1869/1289/584
f 1873/1302/597 1882/1305/600 1874/1292/587
f 1871/1286/581 1880/1306/997 1872/1294/589
f 1869/1289/584 1878/1307/602 1870/1296/591
f 1867/1299/594 1876/1308/603 1868/1298/593
f 1878/1307/602 1877/1304/599 1881/1301/596
f 1864/1309/578 1887/1291/995 1865/1310/570
f 1866/1311/577 1890/1297/996 1859/1312/568
f 1859/1312/568 1885/1288/994 1860/1313/565
f 1861/1314/575 1883/1285/580 1862/1315/579
f 1863/1316/573 1889/1295/590 1864/1309/578
f 1865/1310/570 1888/1293/588 1866/1311/577
f 1860/1313/565 1886/1290/585 1861/1314/575
f 1862/1315/579 1884/1287/582 1863/1316/573
f 1853/1317/59 1896/1318/604 1854/1319/221
f 1855/1320/11 1894/1321/605 1856/1322/349
f 1857/1323/83 1893/1324/606 1858/1325/245
f 1852/1326/254 1898/1327/607 1853/1317/59
f 1854/1319/221 1897/1328/608 1855/1320/11
f 1856/1322/349 1895/1329/609 1857/1330/83
f 1858/1325/245 1891/1331/610 1851/1332/17
f 1851/1332/17 1892/1333/611 1852/1326/254
f 1898/1327/607 1902/1276/572 1896/1318/604
f 1897/1328/608 1901/1273/569 1894/1321/605
f 1895/1334/609 1900/1271/567 1893/1324/606
f 1892/1333/611 1906/1280/576 1898/1327/607
f 1896/1318/604 1905/1278/574 1897/1328/608
f 1894/1321/605 1904/1275/571 1895/1329/609
f 1893/1324/606 1899/1268/564 1891/1331/610
f 1891/1331/610 1903/1270/566 1892/1333/611
f 1889/1295/590 1873/1302/597 1887/1291/995
f 621/1/1 183/375/223 82/2/2
f 623/4/4 148/51/39 94/5/5
f 190/7/7 36/2429/107 447/8/8
f 80/10/10 184/769/112 237/11/11
f 606/13/13 52/209/135 436/14/14
f 180/16/15 75/237/151 245/17/16
f 227/19/18 53/212/137 604/20/19
f 276/22/17 280/334/184 141/23/21
f 147/25/23 28/38/11 177/26/24
f 139/28/26 115/330/26 624/29/27
f 125/31/28 27/453/11 209/32/11
f 118/34/29 16/175/73 15/35/30
f 121/37/31 25/670/11 28/38/11
f 664/39/32 661/48/32 9/40/32
f 153/42/33 14/121/90 21/43/34
f 659/45/36 665/882/4 641/46/4
f 661/48/32 660/2430/247 2/49/37
f 625/50/38 120/299/105 148/51/39
f 102/52/40 677/763/322 681/53/41
f 131/55/29 2/451/37 204/56/43
f 87/58/44 163/269/170 24/59/45
f 187/24/22 141/23/21 88/61/47
f 181/63/49 23/112/83 110/64/50
f 438/66/52 54/215/138 229/67/53
f 445/69/11 128/412/54 214/70/54
f 18/72/55 19/75/58 113/73/56
f 19/75/58 395/418/121 414/76/56
f 619/77/59 199/387/230 439/78/60
f 448/80/17 196/108/81 189/81/61
f 18/83/55 166/363/119 104/84/63
f 454/86/11 116/331/54 138/87/65
f 21/43/34 12/117/87 5/89/66
f 41/90/67 42/179/88 452/91/68
f 24/93/45 163/359/170 107/94/69
f 3/96/71 10/888/38 17/97/72
f 1/99/74 8/111/82 22/100/75
f 234/102/20 151/344/209 101/103/77
f 4/101/76 22/100/75 171/105/79
f 453/107/17 277/567/17 196/108/81
f 15/109/30 16/110/73 1/99/74
f 16/110/73 17/125/72 8/111/82
f 23/112/83 29/771/1 159/113/84
f 162/114/85 15/109/30 4/101/76
f 19/115/58 18/83/55 7/85/64
f 20/116/86 19/115/58 5/89/66
f 447/118/8 36/697/107 41/90/67
f 449/119/88 154/365/218 168/120/89
f 14/121/90 20/116/86 12/117/87
f 156/122/91 30/770/68 32/123/68
f 17/125/72 11/126/93 22/100/75
f 11/126/93 157/366/219 171/105/79
f 174/127/46 24/2431/45 43/128/94
f 472/130/96 24/93/45 31/95/70
f 31/95/70 32/123/68 478/132/68
f 111/133/97 160/283/180 238/134/4
f 610/136/99 96/257/162 178/137/100
f 495/139/101 43/2432/94 24/140/45
f 220/142/23 136/319/198 125/31/28
f 348/143/102 44/2433/106 195/144/103
f 626/146/38 134/327/203 120/147/105
f 190/149/7 195/2434/103 44/150/106
f 74/152/108 111/133/97 236/135/98
f 613/154/110 81/242/155 224/155/111
f 360/157/112 192/759/321 235/158/11
f 142/36/29 15/35/30 162/160/85
f 202/162/114 33/181/124 349/163/83
f 450/88/11 138/87/65 66/165/115
f 233/104/78 101/103/77 46/167/117
f 166/169/119 18/72/55 145/74/57
f 205/171/121 6/433/244 123/172/56
f 381/174/29 392/2435/43 16/175/73
f 67/176/122 139/28/26 618/30/27
f 169/44/35 21/43/34 7/85/64
f 107/94/69 172/124/92 32/123/68
f 345/178/68 40/762/88 42/179/88
f 33/181/124 35/876/347 351/182/1
f 622/138/59 178/137/100 479/183/100
f 343/185/11 38/449/11 211/186/11
f 342/188/11 37/435/11 39/189/11
f 502/191/125 180/16/15 247/18/17
f 617/193/1 193/379/126 358/194/126
f 497/196/17 276/22/17 187/24/22
f 344/190/11 39/189/11 198/198/128
f 48/200/129 49/2436/998 51/201/130
f 50/203/132 49/2437/998 48/204/129
f 51/205/130 49/2438/998 50/206/132
f 55/207/133 56/2439/999 58/208/134
f 57/210/136 56/2440/999 55/211/133
f 58/213/134 56/2441/999 57/214/136
f 62/216/139 63/2442/1000 65/217/140
f 64/219/142 63/2443/1000 62/220/139
f 65/221/140 63/2444/1000 64/222/142
f 69/224/144 70/2445/1001 72/225/145
f 71/226/146 70/2446/1001 69/227/144
f 72/228/145 70/2447/1001 71/229/146
f 76/231/148 77/2448/1002 79/232/149
f 78/233/150 77/2449/1002 76/234/148
f 79/235/149 77/2450/1002 78/236/150
f 83/238/152 84/2451/1003 86/239/153
f 85/240/154 84/2452/1003 83/241/152
f 86/243/153 84/2453/1003 85/244/154
f 90/245/156 91/2454/1004 93/246/157
f 92/247/158 91/2455/1004 90/248/156
f 93/249/157 91/2456/1004 92/250/158
f 97/251/159 98/2457/1005 100/252/160
f 99/253/161 98/2458/1005 97/254/159
f 100/255/160 98/2459/1005 99/256/161
f 46/167/117 48/204/129 223/258/163
f 48/200/129 45/202/131 241/259/164
f 53/212/137 55/211/133 605/261/165
f 55/207/133 52/209/135 606/13/13
f 67/176/122 69/227/144 140/263/166
f 69/224/144 66/165/115 138/87/65
f 60/170/120 62/220/139 167/265/167
f 62/216/139 59/218/141 165/266/168
f 87/58/44 93/246/157 164/268/169
f 93/249/157 89/161/113 162/160/85
f 89/161/113 92/250/158 143/271/171
f 92/247/158 88/61/47 141/23/21
f 81/242/155 83/241/152 225/273/172
f 83/238/152 80/10/10 226/12/12
f 74/152/108 76/234/148 112/275/173
f 76/231/148 73/65/51 110/64/50
f 101/103/77 103/345/174 50/203/132
f 103/277/174 102/52/40 47/54/42
f 104/84/63 106/279/176 170/278/175
f 106/279/176 105/360/217 168/120/89
f 107/94/69 109/281/178 173/280/177
f 109/281/178 108/106/80 171/105/79
f 111/133/97 112/275/173 161/282/179
f 112/276/173 110/64/50 159/113/84
f 113/73/56 114/716/182 146/285/181
f 114/286/182 279/407/183 144/287/183
f 206/289/27 397/710/27 635/290/27
f 409/292/43 411/298/184 281/293/184
f 215/57/29 204/56/43 391/295/186
f 421/297/187 293/562/296 281/293/184
f 120/299/105 122/2460/189 149/300/188
f 122/301/189 121/37/31 147/25/23
f 123/172/56 124/448/182 218/303/182
f 124/304/182 242/447/183 278/305/183
f 129/307/26 130/414/191 228/308/190
f 130/309/191 128/412/54 229/67/53
f 131/55/29 132/410/193 231/311/192
f 132/312/193 265/409/239 245/17/16
f 663/314/194 137/2461/197 219/315/195
f 137/317/197 136/319/198 220/142/23
f 136/319/198 137/317/197 127/320/199
f 137/321/197 663/891/194 126/322/200
f 121/37/31 122/301/189 135/324/201
f 122/326/189 120/147/105 134/327/203
f 139/28/26 140/263/166 117/329/204
f 140/264/166 138/87/65 116/331/54
f 142/36/29 143/271/171 119/333/186
f 143/272/171 141/23/21 280/334/184
f 145/74/57 146/285/181 64/219/142
f 146/288/181 144/287/183 61/223/143
f 148/51/39 149/300/188 97/251/159
f 149/302/188 147/25/23 95/27/25
f 59/218/141 65/217/140 434/336/205
f 65/221/140 61/223/143 435/82/62
f 96/257/162 99/256/161 179/338/206
f 99/253/161 95/27/25 177/26/24
f 73/65/51 79/232/149 182/340/207
f 79/235/149 75/237/151 180/16/15
f 52/209/135 58/208/134 437/342/208
f 58/213/134 54/215/138 438/66/52
f 151/344/209 152/885/210 103/345/174
f 152/346/210 150/764/323 102/52/40
f 153/347/33 155/2462/212 608/348/211
f 155/349/212 154/878/218 609/350/213
f 156/352/91 158/2463/215 611/353/214
f 158/354/215 157/892/219 612/6/6
f 160/283/180 161/282/179 614/356/216
f 161/284/179 159/113/84 615/3/3
f 108/106/80 109/281/178 164/358/169
f 109/281/178 107/94/69 163/359/170
f 105/360/217 106/279/176 167/361/167
f 106/279/176 104/84/63 166/363/119
f 169/44/35 170/278/175 155/364/212
f 170/278/175 168/120/89 154/365/218
f 157/366/219 158/367/215 173/280/177
f 158/367/215 156/122/91 172/124/92
f 174/60/46 176/2464/220 90/245/156
f 176/368/220 175/62/48 88/61/47
f 178/137/100 179/338/206 499/369/221
f 179/339/206 177/26/24 500/370/128
f 181/63/49 182/340/207 501/372/222
f 182/341/207 180/16/15 502/191/125
f 183/375/223 185/772/224 86/243/153
f 185/376/224 184/769/112 80/10/10
f 186/129/95 188/2465/225 176/377/220
f 188/378/225 187/24/22 175/62/48
f 193/379/126 194/760/227 359/380/226
f 194/381/227 192/759/321 360/157/112
f 195/144/103 197/2466/229 362/383/228
f 197/384/229 196/108/81 363/385/127
f 199/387/230 200/683/232 440/388/231
f 200/389/232 198/198/128 441/166/116
f 202/162/114 203/680/235 443/391/233
f 203/393/235 201/679/125 444/394/236
f 196/108/81 197/384/229 191/396/237
f 197/397/229 195/2434/103 190/149/7
f 444/394/236 201/679/125 246/399/17
f 662/316/196 219/315/195 387/401/195
f 133/325/202 389/739/23 417/403/11
f 217/173/56 218/303/182 383/404/182
f 419/406/238 285/557/292 279/407/183
f 216/294/185 281/293/184 265/409/239
f 215/57/29 216/706/185 132/410/193
f 213/411/204 214/70/54 128/412/54
f 212/413/26 213/726/204 130/414/191
f 405/415/204 407/443/54 214/70/54
f 13/416/240 206/289/27 627/291/27
f 395/418/121 19/75/58 20/419/86
f 659/421/36 394/742/36 391/422/186
f 291/424/241 535/872/288 530/425/242
f 393/427/36 640/884/4 10/428/38
f 645/430/4 644/718/196 134/431/203
f 6/433/244 205/171/121 206/289/27
f 428/434/11 403/751/11 37/435/11
f 280/334/184 276/22/17 26/436/245
f 384/438/182 385/408/183 279/407/183
f 660/439/247 659/421/36 204/423/43
f 292/441/248 283/776/254 244/442/17
f 455/71/11 214/70/54 407/443/54
f 231/313/192 245/17/16 75/237/151
f 230/153/109 231/311/192 78/233/150
f 228/310/190 229/67/53 54/215/138
f 227/19/18 228/308/190 57/210/136
f 225/274/172 226/12/12 125/31/28
f 224/155/111 225/273/172 127/445/199
f 223/260/163 241/259/164 242/447/183
f 222/168/118 223/258/163 124/448/182
f 6/433/244 233/104/78 222/168/118
f 367/159/11 235/158/11 38/449/11
f 628/156/4 224/155/111 126/446/200
f 230/153/109 236/135/98 2/451/37
f 236/135/98 238/134/4 9/452/32
f 13/416/240 234/102/20 233/104/78
f 458/68/11 229/67/53 128/412/54
f 129/307/26 227/19/18 629/21/20
f 226/12/12 237/11/11 27/453/11
f 239/454/187 320/538/187 314/455/249
f 256/457/36 262/487/266 245/17/16
f 252/458/251 256/457/36 265/409/239
f 208/461/254 244/442/17 485/462/17
f 232/464/245 246/399/17 366/465/17
f 244/442/17 208/461/254 253/467/255
f 460/468/254 210/667/254 243/469/17
f 242/447/183 239/2467/187 258/471/250
f 261/472/256 240/774/245 247/18/17
f 249/473/252 303/757/298 304/474/257
f 257/476/258 312/520/275 462/477/254
f 248/480/260 239/2467/187 242/447/183
f 246/399/17 232/464/245 459/489/245
f 254/490/262 309/536/280 310/491/268
f 258/493/250 314/2468/249 313/494/269
f 232/496/245 301/661/245 461/497/245
f 266/499/17 273/570/17 493/500/17
f 268/502/17 300/596/17 467/503/17
f 271/505/17 266/499/17 507/501/17
f 251/475/253 304/474/257 305/507/270
f 263/509/267 315/518/274 316/510/271
f 208/512/254 267/775/254 307/513/272
f 250/508/259 305/507/270 306/515/273
f 264/517/265 317/531/278 315/518/274
f 259/519/264 311/532/279 312/520/275
f 261/511/256 316/510/271 302/521/245
f 253/514/255 307/513/272 308/523/276
f 252/525/251 310/2469/268 318/526/36
f 256/527/36 318/526/36 319/528/277
f 262/530/266 319/2470/277 317/531/278
f 260/495/263 313/494/269 311/532/279
f 210/533/254 269/758/254 370/534/254
f 255/524/261 308/523/276 309/536/280
f 248/537/260 306/2471/273 320/538/187
f 240/522/245 302/521/245 490/539/245
f 26/436/245 276/22/17 497/196/17
f 456/470/17 243/469/17 282/544/283
f 282/546/283 374/2472/283 516/547/285
f 288/549/287 422/735/187 412/550/184
f 534/551/288 335/2473/288 333/552/242
f 296/555/290 420/734/314 386/564/183
f 464/566/245 34/659/245 277/567/17
f 282/544/283 243/469/17 365/568/17
f 273/570/17 267/599/254 489/571/254
f 270/572/17 301/753/245 371/573/245
f 266/499/17 318/601/36 310/583/268
f 275/593/17 320/598/187 306/579/273
f 272/575/17 303/577/298 461/594/245
f 300/596/17 269/656/254 462/597/254
f 274/584/17 314/588/249 320/598/187
f 271/505/17 319/592/277 318/601/36
f 466/595/17 270/572/17 268/502/17
f 464/602/245 580/842/83 537/603/83
f 582/605/299 469/796/330 325/606/300
f 585/608/83 509/704/83 321/609/83
f 289/611/246 542/825/320 535/612/288
f 292/614/248 549/623/301 545/615/59
f 548/617/301 338/625/301 322/618/59
f 283/616/254 545/615/59 586/620/38
f 294/622/297 551/630/303 549/623/301
f 550/624/303 337/852/303 338/625/301
f 562/626/304 331/2474/304 329/627/305
f 295/629/295 557/869/306 551/630/303
f 287/631/291 563/868/304 559/632/305
f 293/634/296 554/701/311 557/635/306
f 286/633/294 559/632/305 560/637/307
f 288/639/287 528/867/344 572/640/308
f 285/642/292 565/839/309 563/643/304
f 564/645/309 332/833/309 331/646/304
f 324/648/11 515/797/331 517/649/310
f 373/651/245 566/752/83 584/652/83
f 375/574/17 371/573/245 490/654/245
f 376/655/17 370/781/254 269/656/254
f 374/569/283 365/568/17 485/462/17
f 373/658/245 350/782/17 277/567/17
f 369/660/245 371/783/245 301/661/245
f 368/535/254 370/534/254 489/662/254
f 375/574/17 372/664/17 268/502/17
f 372/664/17 376/655/17 300/596/17
f 369/466/245 366/465/17 486/192/17
f 368/666/254 365/568/17 243/469/17
f 506/668/11 367/159/11 343/185/11
f 417/403/11 401/766/11 25/670/11
f 362/386/228 363/385/127 484/197/127
f 361/145/104 362/383/228 483/672/228
f 359/382/226 360/157/112 482/674/112
f 358/194/126 359/380/226 481/676/226
f 356/678/222 357/784/125 201/679/125
f 355/164/49 356/785/222 203/680/235
f 353/681/221 354/199/128 198/198/128
f 352/682/100 353/786/221 200/683/232
f 475/684/11 344/190/11 354/199/128
f 277/567/17 350/782/17 363/385/127
f 630/195/1 358/194/126 503/677/126
f 201/679/125 357/784/125 366/465/17
f 473/686/11 342/188/11 344/190/11
f 474/669/11 343/185/11 364/187/11
f 631/688/59 352/682/100 199/387/230
f 349/163/83 351/182/1 498/689/1
f 476/691/88 345/178/68 347/180/68
f 355/164/49 349/163/83 496/690/83
f 482/674/112 360/157/112 367/159/11
f 495/692/101 348/143/102 361/145/104
f 44/693/106 348/787/102 341/694/96
f 346/696/70 347/180/68 42/179/88
f 36/697/107 341/788/96 346/696/70
f 221/33/11 209/32/11 402/698/11
f 421/700/187 575/870/308 554/701/311
f 388/702/195 389/739/23 133/325/202
f 567/703/83 377/861/83 509/704/83
f 511/705/11 428/434/11 342/188/11
f 382/296/29 409/2475/43 216/706/185
f 364/187/11 211/186/11 404/707/11
f 505/687/11 364/187/11 427/708/11
f 205/171/121 396/727/121 397/710/27
f 390/711/23 220/142/23 221/33/11
f 666/712/4 662/316/196 643/402/196
f 471/714/11 408/722/54 116/331/54
f 218/306/182 278/305/183 386/564/183
f 414/76/56 384/2476/182 114/716/182
f 219/318/195 220/142/23 390/711/23
f 644/718/196 388/2477/195 135/719/201
f 119/335/186 280/334/184 412/550/184
f 118/34/29 119/333/186 410/721/43
f 117/332/204 116/331/54 408/722/54
f 398/420/27 20/419/86 624/29/27
f 379/725/26 405/2478/204 213/726/204
f 396/727/121 205/171/121 217/173/56
f 393/728/36 3/2479/71 16/729/73
f 427/708/11 428/434/11 511/705/11
f 570/731/38 578/828/38 432/732/312
f 572/640/308 575/870/308 421/700/187
f 385/408/183 386/564/183 420/734/314
f 411/298/184 412/550/184 422/735/187
f 402/698/11 401/766/11 417/403/11
f 391/295/186 392/2435/43 381/174/29
f 407/443/54 408/722/54 471/714/11
f 633/736/32 647/899/83 651/737/245
f 641/46/4 640/884/4 393/427/36
f 418/699/11 417/403/11 389/739/23
f 413/405/56 414/76/56 395/418/121
f 404/707/11 403/751/11 428/434/11
f 383/404/182 384/2476/182 414/76/56
f 386/564/183 385/408/183 384/438/182
f 387/401/195 388/2477/195 644/718/196
f 390/711/23 389/739/23 388/702/195
f 412/550/184 411/298/184 409/292/43
f 410/721/43 409/2475/43 382/296/29
f 408/722/54 407/443/54 405/415/204
f 406/740/191 405/2478/204 379/725/26
f 380/741/26 379/725/26 635/290/27
f 398/420/27 397/710/27 396/727/121
f 392/730/43 391/422/186 394/742/36
f 115/330/26 117/329/204 406/740/191
f 577/743/32 579/826/38 429/744/316
f 568/746/32 577/743/32 430/745/317
f 423/733/313 432/732/312 431/748/318
f 420/747/314 430/745/317 429/744/316
f 470/444/11 471/714/11 403/751/11
f 403/751/11 471/714/11 454/86/11
f 34/604/245 537/603/83 566/752/83
f 272/575/17 466/595/17 463/504/17
f 467/503/17 462/597/254 312/585/275
f 466/595/17 461/594/245 301/753/245
f 284/559/293 464/566/245 453/107/17
f 543/754/320 336/821/320 335/755/288
f 278/305/183 456/470/17 465/545/284
f 463/504/17 467/503/17 274/584/17
f 459/498/245 461/497/245 303/757/298
f 457/400/17 459/489/245 249/459/252
f 460/478/254 462/477/254 269/758/254
f 257/485/258 460/468/254 456/470/17
f 235/158/11 458/68/11 445/69/11
f 211/186/11 455/71/11 470/444/11
f 45/202/131 444/394/236 457/400/17
f 443/395/233 444/394/236 45/202/131
f 442/392/234 443/391/233 51/205/130
f 440/390/231 441/166/116 66/165/115
f 439/78/60 440/388/231 72/228/145
f 437/343/208 438/66/52 192/759/321
f 436/14/14 437/342/208 194/760/227
f 434/337/205 435/82/62 189/81/61
f 433/9/9 434/336/205 191/761/237
f 39/189/11 450/88/11 441/166/116
f 40/762/88 449/119/88 452/91/68
f 165/362/168 447/118/8 451/92/67
f 279/407/183 453/107/17 448/80/17
f 451/92/67 452/91/68 168/120/89
f 37/435/11 454/86/11 450/88/11
f 144/287/183 448/80/17 435/82/62
f 636/79/59 439/78/60 68/230/147
f 38/449/11 445/69/11 455/71/11
f 677/763/322 102/52/40 150/764/323
f 192/759/321 438/66/52 458/68/11
f 637/15/1 436/14/14 193/379/126
f 433/9/9 447/8/8 165/266/168
f 510/709/11 511/705/11 401/766/11
f 209/32/11 505/687/11 510/709/11
f 401/766/11 511/705/11 473/686/11
f 43/767/94 495/692/101 504/673/104
f 184/769/112 482/674/112 506/668/11
f 480/373/49 496/690/83 23/112/83
f 30/770/68 476/691/88 478/132/68
f 496/690/83 498/689/1 29/771/1
f 27/453/11 474/669/11 505/687/11
f 25/670/11 473/686/11 475/684/11
f 638/685/1 503/677/126 183/375/223
f 28/38/11 475/684/11 500/370/128
f 503/677/126 481/676/226 185/772/224
f 481/675/226 482/674/112 184/769/112
f 504/673/104 483/672/228 188/773/225
f 483/671/228 484/197/127 187/24/22
f 237/11/11 506/668/11 474/669/11
f 488/665/245 486/192/17 247/18/17
f 487/663/254 489/662/254 267/775/254
f 491/657/302 485/462/17 244/442/17
f 492/506/17 490/654/245 302/600/245
f 299/777/281 540/871/342 546/778/325
f 513/548/286 512/804/335 465/780/284
f 493/500/17 489/571/254 370/781/254
f 508/543/245 497/196/17 350/782/17
f 488/540/245 490/539/245 371/783/245
f 492/506/17 507/501/17 372/664/17
f 507/501/17 493/500/17 376/655/17
f 487/463/254 485/462/17 365/568/17
f 501/374/222 502/191/125 357/784/125
f 480/373/49 501/372/222 356/785/222
f 499/371/221 500/370/128 354/199/128
f 479/183/100 499/369/221 353/786/221
f 350/782/17 497/196/17 484/197/127
f 357/784/125 502/191/125 486/192/17
f 639/184/59 479/183/100 352/682/100
f 348/787/102 495/139/101 472/141/96
f 477/131/70 478/132/68 347/180/68
f 341/788/96 472/130/96 477/131/70
f 516/547/285 591/813/299 589/789/38
f 589/789/38 596/865/345 521/790/326
f 519/791/195 527/812/338 602/792/327
f 516/547/285 374/2472/283 491/621/302
f 378/650/11 517/649/310 519/791/195
f 586/620/38 594/805/4 518/794/328
f 469/796/330 514/808/337 515/797/331
f 494/795/329 519/791/195 595/793/4
f 521/790/326 596/865/345 601/799/332
f 526/801/326 603/864/345 598/802/334
f 513/548/286 521/790/326 520/800/333
f 594/805/4 603/864/345 526/801/326
f 518/794/328 526/801/326 524/803/333
f 593/806/308 600/815/340 522/807/336
f 514/808/337 522/807/336 523/809/338
f 517/811/310 525/816/336 527/812/338
f 516/547/285 524/803/333 598/802/334
f 597/814/339 523/809/338 522/807/336
f 602/792/327 527/812/338 525/816/336
f 592/818/308 583/866/299 465/780/284
f 590/819/299 517/811/310 515/810/331
f 512/804/335 520/800/333 601/799/332
f 590/819/299 599/817/341 525/816/336
f 515/810/331 523/809/338 597/814/339
f 538/610/83 321/609/83 336/821/320
f 532/607/300 325/606/300 326/822/342
f 26/824/245 539/858/83 542/825/320
f 419/750/238 429/744/316 579/826/38
f 582/605/299 593/806/308 514/808/337
f 431/748/318 432/732/312 578/828/38
f 426/830/308 425/2480/308 574/831/308
f 570/731/38 423/733/313 332/833/309
f 553/834/343 328/850/343 424/749/319
f 424/749/319 431/748/318 576/829/32
f 561/836/307 330/845/307 468/837/83
f 419/750/238 571/827/38 565/839/309
f 531/553/242 333/552/242 334/840/344
f 284/638/293 560/637/307 580/842/83
f 574/831/308 425/2480/308 340/843/311
f 558/628/305 329/627/305 330/845/307
f 296/846/290 552/853/343 568/746/32
f 555/844/311 340/843/311 339/847/306
f 547/849/325 327/855/325 328/850/343
f 556/851/306 339/2481/306 337/852/303
f 298/779/289 546/778/325 552/853/343
f 541/854/342 326/2482/342 327/855/325
f 544/619/59 322/618/59 494/795/329
f 581/838/83 468/837/83 323/856/83
f 508/653/245 584/652/83 539/858/83
f 465/780/284 583/866/299 533/859/300
f 536/857/83 323/856/83 377/861/83
f 529/841/344 334/840/344 426/830/308
f 297/860/282 533/859/300 540/862/342
f 598/802/334 599/817/341 590/819/299
f 602/792/327 603/864/345 594/805/4
f 599/817/341 598/802/334 603/864/345
f 600/815/340 601/799/332 596/865/345
f 592/818/308 593/806/308 582/605/299
f 595/793/4 594/805/4 586/620/38
f 601/799/332 600/815/340 593/806/308
f 588/820/38 589/789/38 591/813/299
f 597/814/339 596/865/345 589/789/38
f 538/610/83 539/858/83 584/652/83
f 532/607/300 533/859/300 583/866/299
f 536/857/83 537/603/83 580/842/83
f 576/829/32 577/743/32 568/746/32
f 578/828/38 579/826/38 577/743/32
f 574/831/308 575/870/308 572/640/308
f 579/826/38 578/828/38 570/731/38
f 564/645/309 565/839/309 571/827/38
f 569/835/32 568/746/32 552/853/343
f 585/608/83 584/652/83 566/752/83
f 581/838/83 580/842/83 560/637/307
f 562/647/304 563/643/304 565/839/309
f 573/832/308 572/640/308 528/867/344
f 558/628/305 559/632/305 563/868/304
f 556/848/306 557/635/306 554/701/311
f 561/836/307 560/637/307 559/632/305
f 550/624/303 551/630/303 557/869/306
f 555/844/311 554/701/311 575/870/308
f 553/834/343 552/853/343 546/778/325
f 548/617/301 549/623/301 551/630/303
f 544/619/59 545/615/59 549/623/301
f 547/849/325 546/778/325 540/871/342
f 587/798/38 586/620/38 545/615/59
f 534/756/288 535/612/288 542/825/320
f 543/754/320 542/825/320 539/858/83
f 541/823/342 540/862/342 533/859/300
f 567/703/83 566/752/83 537/603/83
f 529/841/344 528/867/344 530/425/242
f 531/553/242 530/425/242 535/872/288
f 290/426/243 530/425/242 528/867/344
f 476/873/88 639/184/59 631/688/59
f 498/689/1 638/685/1 621/1/1
f 446/875/346 637/15/1 617/193/1
f 449/877/88 636/79/59 609/350/213
f 634/724/27 635/290/27 397/710/27
f 400/879/348 649/903/221 648/880/349
f 634/724/27 624/29/27 115/330/26
f 665/882/4 666/712/4 642/713/4
f 345/874/68 631/688/59 619/77/59
f 351/182/1 630/195/1 638/685/1
f 616/417/27 629/21/20 234/102/20
f 238/134/4 628/156/4 620/450/32
f 640/884/4 645/430/4 626/432/38
f 616/417/27 627/291/27 212/413/26
f 614/357/216 615/3/3 82/2/2
f 613/154/110 614/356/216 85/240/154
f 611/355/214 612/6/6 94/5/5
f 610/136/99 611/353/214 100/255/160
f 608/351/211 609/350/213 68/230/147
f 607/177/123 608/348/211 71/226/146
f 627/291/27 635/290/27 379/725/26
f 605/262/165 606/13/13 150/764/323
f 604/20/19 605/261/165 152/885/210
f 35/876/347 617/193/1 630/195/1
f 30/886/68 622/138/59 639/184/59
f 607/177/123 618/30/27 14/887/90
f 160/283/180 613/154/110 628/156/4
f 10/888/38 626/146/38 625/148/38
f 156/352/91 610/136/99 622/138/59
f 40/883/88 619/77/59 636/79/59
f 17/889/72 625/50/38 623/4/4
f 663/891/194 664/39/32 620/41/32
f 618/30/27 624/29/27 20/419/86
f 629/21/20 604/20/19 151/344/209
f 150/764/323 606/13/13 637/15/1
f 11/890/93 623/4/4 612/6/6
f 29/771/1 621/1/1 615/3/3
f 399/893/350 640/884/4 641/46/4
f 632/895/38 642/713/4 643/402/196
f 415/896/351 643/402/196 644/718/196
f 633/898/32 645/430/4 640/884/4
f 400/894/348 641/46/4 642/713/4
f 416/897/315 644/718/196 645/430/4
f 399/881/350 648/880/349 647/899/83
f 415/900/351 650/2483/254 646/901/59
f 632/902/38 646/901/59 649/903/221
f 416/738/315 651/737/245 650/904/254
f 657/906/38 667/928/59 669/907/59
f 658/909/32 668/913/83 673/910/245
f 207/912/32 670/930/83 668/913/83
f 652/914/350 659/45/36 660/915/247
f 653/916/348 660/915/247 661/917/32
f 656/919/351 663/314/194 662/316/196
f 654/918/38 661/917/32 664/921/32
f 207/923/32 665/882/4 659/45/36
f 655/920/315 662/316/196 666/712/4
f 657/922/38 664/921/32 663/314/194
f 658/924/32 666/712/4 665/882/4
f 654/908/38 669/907/59 672/925/221
f 656/927/351 674/2484/254 667/928/59
f 652/929/350 671/2485/349 670/930/83
f 655/931/315 673/2486/245 674/932/254
f 653/934/348 672/2487/221 671/935/349
f 679/937/352 678/940/355 446/875/346
f 442/392/234 676/941/356 680/938/353
f 675/939/354 679/937/352 35/876/347
f 682/765/324 150/764/323 446/875/346
f 47/54/42 681/53/41 676/941/356
f 202/162/114 680/938/353 675/939/354
f 852/942/357 686/951/366 690/943/358
f 854/945/360 684/949/364 688/946/361
f 856/948/363 689/953/368 684/949/364
f 857/950/365 687/956/371 686/951/366
f 858/952/367 685/954/369 689/953/368
f 853/944/359 690/943/358 685/954/369
f 859/955/370 683/957/372 687/956/371
f 855/947/362 688/946/361 683/957/372
f 699/958/373 715/989/402 711/959/374
f 692/961/376 708/986/399 716/962/377
f 700/963/378 716/962/377 712/964/379
f 693/966/381 709/990/403 717/967/382
f 701/968/383 717/967/382 713/969/384
f 694/971/11 710/979/392 718/972/386
f 702/974/387 718/1000/386 714/975/388
f 695/960/375 711/959/374 719/977/390
f 703/978/391 719/977/390 710/979/392
f 696/965/380 712/964/379 720/980/393
f 704/981/394 720/980/393 707/982/395
f 697/970/385 713/969/384 721/984/397
f 705/985/398 721/984/397 708/986/399
f 698/976/389 714/975/388 722/987/400
f 691/983/396 707/982/395 715/989/402
f 706/988/401 722/987/400 709/990/403
f 714/975/388 730/1001/413 738/991/404
f 707/982/395 723/1005/417 731/992/405
f 722/987/400 738/991/404 725/993/406
f 715/989/402 731/992/405 727/994/407
f 708/986/399 724/1007/419 732/995/408
f 716/962/377 732/995/408 728/996/409
f 709/990/403 725/993/406 733/997/410
f 717/967/382 733/997/410 729/998/411
f 710/979/392 726/1003/415 734/999/412
f 718/1000/386 734/1022/412 730/1001/413
f 711/959/374 727/994/407 735/1002/414
f 719/977/390 735/1002/414 726/1003/415
f 712/964/379 728/996/409 736/1004/416
f 720/980/393 736/1004/416 723/1005/417
f 713/969/384 729/998/411 737/1006/418
f 721/984/397 737/1006/418 724/1007/419
f 735/1002/414 751/1024/435 742/1008/420
f 728/996/409 744/1018/430 752/1009/421
f 736/1004/416 752/1009/421 739/1010/422
f 729/998/411 745/1020/432 753/1011/423
f 737/1006/418 753/1011/423 740/1012/424
f 730/1001/413 746/1023/434 754/1013/425
f 723/1005/417 739/1010/422 747/1014/426
f 738/991/404 754/1013/425 741/1015/427
f 731/992/405 747/1014/426 743/1016/428
f 724/1007/419 740/1012/424 748/1017/429
f 732/995/408 748/1017/429 744/1018/430
f 725/993/406 741/1015/427 749/1019/431
f 733/997/410 749/1019/431 745/1020/432
f 726/1003/415 742/1008/420 750/1021/433
f 734/1022/412 750/1028/433 746/1023/434
f 727/994/407 743/1016/428 751/1024/435
f 741/1015/427 757/1038/448 765/1025/436
f 749/1019/431 765/1025/436 761/1026/437
f 742/1008/420 758/1031/441 766/1027/438
f 750/1028/433 766/1051/438 762/1029/439
f 743/1016/428 759/1039/449 767/1030/440
f 751/1024/435 767/1030/440 758/1031/441
f 744/1018/430 760/1041/451 768/1032/442
f 752/1009/421 768/1032/442 755/1033/443
f 745/1020/432 761/1026/437 769/1034/444
f 753/1011/423 769/1034/444 756/1035/445
f 746/1023/434 762/1029/439 770/1036/446
f 739/1010/422 755/1033/443 763/1037/447
f 754/1013/425 770/1036/446 757/1038/448
f 747/1014/426 763/1037/447 759/1039/449
f 740/1012/424 756/1035/445 764/1040/450
f 748/1017/429 764/1040/450 760/1041/451
f 762/1029/439 778/1052/461 786/1042/452
f 755/1033/443 771/1056/465 779/1043/453
f 770/1036/446 786/1042/452 773/1044/454
f 763/1037/447 779/1043/453 775/1045/455
f 756/1035/445 772/1058/467 780/1046/456
f 764/1040/450 780/1046/456 776/1047/457
f 757/1038/448 773/1044/454 781/1048/458
f 765/1025/436 781/1048/458 777/1049/459
f 758/1031/441 774/1054/463 782/1050/460
f 766/1051/438 782/1073/460 778/1052/461
f 759/1039/449 775/1045/455 783/1053/462
f 767/1030/440 783/1053/462 774/1054/463
f 760/1041/451 776/1047/457 784/1055/464
f 768/1032/442 784/1055/464 771/1056/465
f 761/1026/437 777/1049/459 785/1057/466
f 769/1034/444 785/1057/466 772/1058/467
f 783/1053/462 799/1075/483 790/1059/468
f 776/1047/457 792/1069/478 800/1060/469
f 784/1055/464 800/1060/469 787/1061/470
f 777/1049/459 793/1071/480 801/1062/471
f 785/1057/466 801/1062/471 788/1063/472
f 778/1052/461 794/1074/482 802/1064/473
f 771/1056/465 787/1061/470 795/1065/474
f 786/1042/452 802/1064/473 789/1066/475
f 779/1043/453 795/1065/474 791/1067/476
f 772/1058/467 788/1063/472 796/1068/477
f 780/1046/456 796/1068/477 792/1069/478
f 773/1044/454 789/1066/475 797/1070/479
f 781/1048/458 797/1070/479 793/1071/480
f 774/1054/463 790/1059/468 798/1072/481
f 782/1073/460 798/1078/481 794/1074/482
f 775/1045/455 791/1067/476 799/1075/483
f 797/1070/479 813/1092/499 809/1076/484
f 790/1059/468 806/1081/488 814/1077/485
f 798/1078/481 814/2488/485 810/1079/486
f 791/1067/476 807/1089/496 815/1080/487
f 799/1075/483 815/1080/487 806/1081/488
f 792/1069/478 808/1091/498 816/1082/489
f 800/1060/469 816/1082/489 803/1083/490
f 793/1071/480 809/1076/484 817/1084/491
f 801/1062/471 817/1084/491 804/1085/492
f 794/1074/482 810/1079/486 818/1086/493
f 787/1061/470 803/1083/490 811/1087/494
f 802/1064/473 818/1086/493 805/1088/495
f 795/1065/474 811/1087/494 807/1089/496
f 788/1063/472 804/1085/492 812/1090/497
f 796/1068/477 812/1090/497 808/1091/498
f 789/1066/475 805/1088/495 813/1092/499
f 803/1093/490 819/1120/512 827/1094/500
f 818/1096/493 834/1124/515 821/1097/501
f 811/1095/494 827/1094/500 823/1099/502
f 804/1101/492 820/1123/514 828/1102/503
f 812/1103/497 828/1102/503 824/1104/504
f 805/1098/495 821/1097/501 829/1106/505
f 813/1107/499 829/1106/505 825/1108/506
f 806/1110/488 822/1117/510 830/1111/507
f 814/1112/485 830/1111/507 826/1113/508
f 807/1100/496 823/1099/502 831/1115/509
f 815/1116/487 831/1115/509 822/1117/510
f 808/1105/498 824/1104/504 832/1118/511
f 816/1119/489 832/1118/511 819/1120/512
f 809/1109/484 825/1108/506 833/1121/513
f 817/1122/491 833/1121/513 820/1123/514
f 810/1114/486 826/1113/508 834/1124/515
f 824/1125/504 840/1146/525 848/1126/516
f 832/1127/511 848/1126/516 835/1128/517
f 825/1130/506 841/1149/527 849/1131/518
f 833/1132/513 849/1131/518 836/1133/519
f 826/1135/508 842/1154/529 850/1136/520
f 819/1129/512 835/1128/517 843/1138/521
f 834/1137/515 850/1136/520 837/1140/522
f 827/1139/500 843/1138/521 839/1142/523
f 820/1134/514 836/1133/519 844/1144/524
f 828/1145/503 844/1144/524 840/1146/525
f 821/1141/501 837/1140/522 845/1147/526
f 829/1148/505 845/1147/526 841/1149/527
f 822/1150/510 838/1157/531 846/1151/528
f 830/1153/507 846/2489/528 842/1154/529
f 823/1143/502 839/1142/523 847/1155/530
f 831/1156/509 847/1155/530 838/1157/531
f 680/1175/353 855/947/362 859/955/370
f 675/1176/354 859/955/370 857/950/365
f 682/1178/324 853/944/359 858/952/367
f 677/1179/322 858/952/367 856/948/363
f 679/1177/352 857/950/365 852/942/357
f 681/1180/41 856/948/363 854/945/360
f 676/1182/356 854/945/360 855/947/362
f 678/1181/355 852/942/357 853/944/359
f 871/1183/532 899/1222/552 901/1184/533
f 870/1186/535 864/1213/4 875/1187/4
f 890/1189/4 862/1220/4 866/1190/537
f 891/1192/4 861/1223/4 868/1193/539
f 881/1195/4 860/1240/4 867/1196/541
f 887/1198/4 863/1239/4 869/1199/543
f 883/1201/4 874/2490/4 879/1202/545
f 888/1204/538 892/1267/561 893/1205/547
f 879/1207/545 903/1265/563 907/1208/548
f 877/1210/534 872/2491/4 865/1211/4
f 879/1202/545 874/2490/4 864/1213/4
f 885/1214/4 872/2491/4 877/1210/534
f 871/1212/532 865/1211/4 873/1216/4
f 882/1209/546 907/1208/548 909/1218/551
f 862/1220/4 883/1201/4 882/1203/546
f 873/1216/4 881/1195/4 880/1197/542
f 876/1221/550 898/1233/556 899/1222/552
f 861/1223/4 885/1214/4 884/1215/549
f 886/1224/544 908/1264/560 896/1225/553
f 875/1187/4 887/1198/4 886/1200/544
f 867/1227/541 893/2492/547 906/1228/554
f 868/1230/539 911/2493/557 894/1231/555
f 880/1229/542 906/1228/554 898/1233/556
f 884/1234/549 905/1241/559 911/1235/557
f 878/1226/536 896/1225/553 897/1237/558
f 863/1239/4 891/1192/4 889/1194/540
f 860/1240/4 890/1189/4 888/1191/538
f 877/1185/534 901/1184/533 905/1241/559
f 907/1242/548 903/2494/563 904/1243/4
f 908/1245/560 895/2495/562 894/1246/555
f 904/1243/4 903/2494/563 897/1248/558
f 900/1249/4 897/1248/558 896/1250/553
f 909/1252/551 907/1242/548 910/1244/4
f 896/1250/553 908/1245/560 912/1247/4
f 902/1251/4 912/1247/4 905/1254/559
f 892/1253/561 910/1244/4 906/1256/554
f 899/1258/552 900/1249/4 902/1251/4
f 898/1259/556 904/1243/4 900/1249/4
f 912/1247/4 894/1246/555 911/1260/557
f 910/1244/4 904/1243/4 898/1259/556
f 889/1232/540 894/1231/555 895/1261/562
f 869/1263/543 895/2496/562 908/1264/560
f 870/1238/535 897/1237/558 903/1265/563
f 866/1266/537 909/2497/551 892/1267/561
f 961/1268/564 921/1272/568 922/1269/565
f 962/1271/567 928/1282/577 921/1272/568
f 963/1273/569 926/1283/578 927/1274/570
f 964/1276/572 924/1284/579 925/1277/573
f 965/1270/566 922/1269/565 923/1279/575
f 966/1281/571 927/2498/570 928/1282/577
f 967/1278/574 925/1277/573 926/1283/578
f 968/1280/576 923/1279/575 924/1284/579
f 945/1285/580 932/1296/591 933/1286/581
f 947/1288/583 930/1298/593 931/1289/584
f 949/1291/586 935/1302/597 936/1292/587
f 946/1287/582 933/1286/581 934/1294/589
f 948/1290/585 931/1289/584 932/1296/591
f 952/1297/592 929/1299/594 930/1298/593
f 950/1293/588 936/1292/587 929/1299/594
f 936/1292/587 944/1305/600 937/1300/595
f 934/1294/589 942/1306/601 943/1301/596
f 932/1296/591 940/1307/602 941/1303/598
f 930/1298/593 938/1308/603 939/1304/599
f 935/1302/597 943/1301/596 944/1305/600
f 933/1286/581 941/1303/598 942/1306/601
f 931/1289/584 939/1304/599 940/1307/602
f 929/1299/594 937/1300/595 938/1308/603
f 939/1304/599 938/1308/603 937/1300/595
f 937/1300/595 944/1305/600 943/1301/596
f 943/1301/596 942/1306/601 941/1303/598
f 941/1303/598 940/1307/602 943/1301/596
f 940/1307/602 939/1304/599 943/1301/596
f 926/1309/578 951/1295/590 949/1291/586
f 928/1311/577 950/1293/588 952/1297/592
f 921/1312/568 952/1297/592 947/1288/583
f 923/1314/575 948/1290/585 945/1285/580
f 925/1316/573 946/1287/582 951/1295/590
f 927/1310/570 949/1291/586 950/1293/588
f 922/1313/565 947/1288/583 948/1290/585
f 924/1315/579 945/1285/580 946/1287/582
f 915/1317/59 960/1327/607 958/1318/604
f 917/1320/11 959/1328/608 956/1321/605
f 919/1323/83 957/1334/609 955/1324/606
f 914/1326/254 954/1333/611 960/1327/607
f 916/1319/221 958/1318/604 959/1328/608
f 918/1322/349 956/1321/605 957/1329/609
f 920/1325/245 955/1324/606 953/1331/610
f 913/1332/17 953/1331/610 954/1333/611
f 960/1327/607 968/1280/576 964/1276/572
f 959/1328/608 967/1278/574 963/1273/569
f 957/1334/609 966/1281/571 962/1271/567
f 954/1333/611 965/1270/566 968/1280/576
f 958/1318/604 964/1276/572 967/1278/574
f 956/1321/605 963/1273/569 966/1275/571
f 955/1324/606 962/1271/567 961/1268/564
f 953/1331/610 961/1268/564 965/1270/566
f 951/1295/590 934/1294/589 935/1302/597
f 988/1335/612 990/1338/615 989/1336/613
f 990/1338/615 992/1340/617 991/1339/616
f 992/1340/617 994/1342/619 993/1341/618
f 994/1342/619 996/1344/621 995/1343/620
f 996/1344/621 998/1346/623 997/1345/622
f 998/1346/623 1000/1348/625 999/1347/624
f 1000/1348/625 1002/1350/627 1001/1349/626
f 1002/1350/627 1004/2499/1006 1003/1351/628
f 975/1352/629 1011/1390/650 1009/1353/630
f 969/1355/632 987/2500/614 989/1356/613
f 972/1358/634 990/1363/615 988/1359/612
f 971/1357/633 989/1356/613 991/1361/616
f 974/1362/636 992/1366/617 990/1363/615
f 973/1354/631 991/1361/616 993/1364/618
f 976/1365/637 994/1370/619 992/1366/617
f 975/1352/629 993/1364/618 995/1367/620
f 978/1369/639 996/1374/621 994/1370/619
f 977/1368/638 995/1367/620 997/1371/622
f 980/1373/641 998/1378/623 996/1374/621
f 979/1372/640 997/1371/622 999/1375/624
f 982/1377/643 1000/1382/625 998/1378/623
f 981/1376/642 999/1375/624 1001/1379/626
f 984/1381/645 1002/1386/627 1000/1382/625
f 983/1380/644 1001/1379/626 1003/1383/628
f 986/1385/647 1004/2501/1006 1002/1386/627
f 974/1362/636 1010/1402/662 1012/1388/649
f 977/1368/638 1013/1391/651 1011/1390/650
f 976/1365/637 1012/1388/649 1014/1387/648
f 979/1372/640 1015/1393/653 1013/1391/651
f 978/1369/639 1014/1387/648 1016/1392/652
f 981/1376/642 1017/1395/655 1015/1393/653
f 980/1373/641 1016/1392/652 1018/1394/654
f 983/1380/644 1019/1398/658 1017/1395/655
f 982/1377/643 1018/1394/654 1020/1396/656
f 971/1357/633 1007/1401/661 1005/1397/657
f 985/1384/646 1021/1404/663 1019/1398/658
f 970/1360/635 1006/1405/664 1008/1399/659
f 984/1381/645 1020/1396/656 1022/1400/660
f 973/1354/631 1009/1353/630 1007/1401/661
f 972/1358/634 1008/1399/659 1010/1402/662
f 1038/1406/17 1036/1423/17 1025/1407/17
f 1034/1408/17 1025/1407/17 1053/1409/17
f 1039/1416/17 1033/1420/17 1041/1421/17
f 1187/1411/17 1026/1413/17 1036/1423/17
f 1038/1406/17 1034/1408/17 1047/1424/17
f 1187/1411/17 1038/1406/17 1048/1425/17
f 1043/1427/665 1037/1432/669 1031/1417/17
f 1042/1422/17 1040/1428/666 1043/1427/665
f 1040/1428/666 1044/1447/680 1045/1429/667
f 1042/1422/17 1041/1421/17 1049/1430/17
f 1043/1427/665 1045/1429/667 1046/1431/668
f 1037/1432/669 1046/1431/668 1056/1433/670
f 1056/1435/670 1046/1431/668 1045/1429/667
f 1050/1437/672 1194/1632/786 1193/1438/673
f 1188/1426/17 1048/1425/17 1040/1428/666
f 1051/1434/671 1056/1433/670 1247/1442/670
f 1054/1446/679 1057/1463/693 1044/1447/680
f 1052/1410/17 1053/1409/17 1251/1448/17
f 1250/1449/17 1073/1454/685 1069/1440/675
f 1073/1454/685 1250/1449/17 1244/1455/17
f 1034/1408/17 1062/1460/690 1068/1453/684
f 1052/1410/17 1064/1452/683 1062/1460/690
f 1054/1446/679 1066/1451/682 1063/1461/691
f 1248/1462/692 1249/2502/692 1057/1463/693
f 1057/1463/693 1249/2502/692 1246/1464/17
f 1246/1464/17 1247/2503/670 1056/1435/670
f 1248/1462/692 1063/1461/691 1070/1458/688
f 1040/1428/666 1072/1465/694 1071/1457/687
f 1047/1424/17 1067/1445/678 1072/1465/694
f 1057/1463/693 1055/1436/17 1045/1429/667
f 1069/1466/675 1085/1497/703 1074/1467/59
f 1070/1469/688 1086/1484/697 1075/1470/308
f 1071/1472/687 1087/1495/702 1076/1473/83
f 1062/1475/690 1078/1489/38 1084/1476/695
f 1058/1468/676 1074/1467/59 1080/1478/696
f 1067/1480/678 1083/1494/701 1088/1481/32
f 1063/1483/691 1079/1492/700 1086/1484/697
f 1059/1471/689 1075/1470/308 1081/1485/698
f 1065/1486/686 1081/1485/698 1089/1487/299
f 1064/1479/683 1080/1478/696 1078/1489/38
f 1060/1474/681 1076/1473/83 1082/1490/699
f 1066/1491/682 1082/1490/699 1079/1492/700
f 1061/1493/677 1077/1496/4 1083/1494/701
f 1072/1482/694 1088/1481/32 1087/1495/702
f 1068/1477/684 1084/1476/695 1077/1496/4
f 1073/1488/685 1089/1487/299 1085/1497/703
f 1097/1498/704 1113/1518/724 1121/1499/705
f 1096/1501/707 1112/1511/717 1110/1502/708
f 1104/1504/710 1120/1529/734 1119/1505/711
f 1098/1507/713 1114/1545/727 1111/1508/714
f 1090/1510/716 1106/1519/725 1112/1511/717
f 1105/1500/706 1121/1499/705 1117/1512/718
f 1100/1514/720 1116/1528/733 1109/1515/721
f 1091/1517/723 1107/1524/729 1113/1518/724
f 1101/1513/719 1117/1512/718 1106/1519/725
f 1092/1520/726 1108/1527/732 1114/1521/727
f 1102/1523/728 1118/1530/735 1107/1524/729
f 1093/1516/722 1109/1515/721 1115/1525/730
f 1103/1506/712 1119/1505/711 1108/1527/732
f 1094/1503/709 1110/1502/708 1116/1528/733
f 1099/1526/731 1115/1525/730 1120/1529/734
f 1095/1509/715 1111/1508/714 1118/1530/735
f 1121/1499/705 1169/1541/746 1165/1531/736
f 1110/1502/708 1131/1537/742 1164/1532/737
f 1117/1512/718 1165/1531/736 1137/1533/738
f 1108/1527/732 1134/1536/741 1124/1534/739
f 1115/1525/730 1122/1543/748 1168/1535/740
f 1119/1505/711 1167/1542/747 1134/1536/741
f 1112/1511/717 1127/1538/743 1131/1537/742
f 1106/1519/725 1137/1533/738 1127/1538/743
f 1111/1508/714 1129/1546/750 1166/1539/744
f 1118/1530/735 1166/1539/744 1136/1540/745
f 1113/1518/724 1126/1544/749 1169/1541/746
f 1120/1529/734 1168/1535/740 1167/1542/747
f 1109/1515/721 1132/1547/751 1122/1543/748
f 1107/1524/729 1136/1540/745 1126/1544/749
f 1114/1545/727 1124/2504/739 1129/1546/750
f 1116/1528/733 1164/1532/737 1132/1547/751
f 1095/1509/715 1123/1560/764 1140/1548/752
f 1096/1501/707 1138/1562/766 1135/1549/753
f 1101/1513/719 1143/1553/757 1147/1550/754
f 1093/1516/722 1128/1556/760 1142/1551/755
f 1097/1498/704 1139/1561/765 1133/1552/756
f 1090/1510/716 1135/1549/753 1143/1553/757
f 1098/1522/713 1140/2505/752 1130/1554/758
f 1091/1517/723 1133/1552/756 1144/1555/759
f 1099/1526/731 1141/1559/763 1128/1556/760
f 1092/1520/726 1130/1554/758 1145/1557/761
f 1100/1514/720 1142/1551/755 1125/1558/762
f 1104/1504/710 1146/1563/767 1141/1559/763
f 1102/1523/728 1144/1555/759 1123/1560/764
f 1105/1500/706 1147/1550/754 1139/1561/765
f 1094/1503/709 1125/1558/762 1138/1562/766
f 1103/1506/712 1145/1557/761 1146/1563/767
f 1144/1564/759 1160/1590/695 1148/1565/38
f 1128/1567/760 1150/1585/308 1158/1568/697
f 1139/1570/765 1155/1577/701 1152/1571/4
f 1138/1573/766 1154/1586/699 1153/1574/83
f 1147/1576/754 1163/1592/32 1155/1577/701
f 1142/1569/755 1158/1568/697 1149/1578/700
f 1123/1566/764 1148/1565/38 1156/1580/696
f 1146/1582/767 1162/1596/299 1157/1583/698
f 1141/1584/763 1157/1583/698 1150/1585/308
f 1125/1579/762 1149/1578/700 1154/1586/699
f 1130/1587/758 1151/1595/59 1161/1588/703
f 1133/1572/756 1152/1571/4 1160/1590/695
f 1143/1591/757 1159/1593/702 1163/1592/32
f 1135/1575/753 1153/1574/83 1159/1593/702
f 1140/1594/752 1156/2506/696 1151/1595/59
f 1145/1589/761 1161/1588/703 1162/1596/299
f 1131/1597/742 1175/1616/775 1180/1598/768
f 1169/1600/746 1185/1612/773 1181/1601/769
f 1168/1603/740 1184/1623/779 1183/1604/770
f 1164/1599/737 1180/1598/768 1176/1606/771
f 1129/1608/750 1174/1625/781 1182/1609/772
f 1126/1611/749 1172/1614/774 1185/1612/773
f 1136/1613/745 1178/1624/780 1172/1614/774
f 1127/1615/743 1173/1627/782 1175/1616/775
f 1167/1605/747 1183/1604/770 1177/1617/776
f 1134/1618/741 1177/1617/776 1171/1619/777
f 1132/1607/751 1176/1606/771 1170/1621/778
f 1122/1622/748 1170/1621/778 1184/1623/779
f 1166/1610/744 1182/1609/772 1178/1624/780
f 1124/1620/739 1171/1619/777 1174/1625/781
f 1137/1626/738 1179/1628/783 1173/1627/782
f 1165/1602/736 1181/1601/769 1179/1628/783
f 1189/1630/784 1029/1415/17 1187/1411/17
f 1190/1631/785 1049/1430/17 1029/1415/17
f 1035/1439/674 1187/1411/17 1188/1426/17
f 1050/1437/672 1188/1426/17 1049/1430/17
f 1194/1632/786 1192/1634/788 1191/1633/787
f 1035/1439/674 1193/1438/673 1191/1633/787
f 1190/1631/785 1192/1634/788 1194/1632/786
f 1189/1630/784 1191/1633/787 1192/1634/788
f 1195/1635/17 1206/1652/17 1208/1636/17
f 1223/1638/17 1195/1635/17 1204/1637/17
f 1211/1650/17 1203/1649/17 1209/1645/17
f 1206/1652/17 1196/1641/17 1365/1640/17
f 1217/1653/17 1204/1637/17 1208/1636/17
f 1218/1654/17 1208/1636/17 1365/1640/17
f 1201/1647/17 1207/1661/793 1213/1656/789
f 1213/1656/789 1210/1658/791 1212/1651/17
f 1215/1657/790 1214/1673/798 1210/1658/791
f 1219/1659/17 1211/1650/17 1212/1651/17
f 1216/1660/792 1215/1657/790 1213/1656/789
f 1226/1662/670 1216/1660/792 1207/1661/793
f 1215/1657/790 1216/1660/792 1226/1664/670
f 1371/1666/794 1372/1855/825 1220/1667/795
f 1210/1658/791 1218/1654/17 1366/1655/17
f 1247/1442/670 1226/1662/670 1221/1663/671
f 1214/1673/798 1227/1686/805 1224/1674/799
f 1251/1448/17 1223/1638/17 1222/1639/17
f 1239/1670/797 1243/1679/802 1250/1449/17
f 1244/1455/17 1250/1449/17 1243/1679/802
f 1238/1678/686 1232/1684/804 1204/1637/17
f 1232/1684/804 1234/1677/801 1222/1639/17
f 1233/1685/694 1236/1675/800 1224/1674/799
f 1227/1686/805 1249/2502/692 1248/1462/692
f 1246/1464/17 1249/2502/692 1227/1686/805
f 1226/1664/670 1247/2503/670 1246/1464/17
f 1240/1683/678 1233/1685/694 1248/1462/692
f 1241/1681/803 1242/1687/691 1210/1658/791
f 1242/1687/691 1237/1671/688 1217/1653/17
f 1215/1657/790 1225/1665/17 1227/1686/805
f 1252/1688/59 1263/1719/696 1239/1689/797
f 1253/1691/4 1264/1705/701 1240/1692/678
f 1254/1694/83 1265/1717/699 1241/1695/803
f 1262/1697/698 1256/1711/299 1232/1698/804
f 1258/1700/703 1252/1688/59 1228/1690/676
f 1266/1702/700 1261/1715/697 1237/1703/688
f 1264/1705/701 1257/1714/32 1233/1706/694
f 1259/1707/695 1253/1691/4 1229/1693/677
f 1267/1709/38 1259/1707/695 1235/1708/684
f 1256/1711/299 1258/1700/703 1234/1701/801
f 1260/1712/702 1254/1694/83 1230/1696/681
f 1257/1714/32 1260/1712/702 1236/1713/800
f 1261/1715/697 1255/1718/308 1231/1716/689
f 1265/1717/699 1266/1702/700 1242/1704/691
f 1255/1718/308 1262/1697/698 1238/1699/686
f 1263/1719/696 1267/1709/38 1243/1710/802
f 1299/1720/708 1291/1739/733 1275/1721/720
f 1288/1723/705 1290/1732/718 1274/1724/719
f 1297/1726/727 1298/1765/714 1282/1727/715
f 1289/1729/734 1292/1742/711 1276/1730/712
f 1290/1732/718 1284/1741/725 1268/1733/716
f 1295/1734/717 1299/1720/708 1283/1722/709
f 1287/1736/729 1294/1749/724 1278/1737/704
f 1291/1739/733 1285/1744/721 1269/1740/722
f 1284/1741/725 1295/1734/717 1279/1735/707
f 1292/1742/711 1286/1748/732 1270/1743/726
f 1285/1744/721 1296/1752/730 1280/1745/731
f 1293/1746/735 1287/1736/729 1271/1738/723
f 1286/1748/732 1297/1726/727 1281/1728/713
f 1294/1749/724 1288/1723/705 1272/1725/706
f 1298/1750/714 1293/1746/735 1277/1747/728
f 1296/1752/730 1289/1729/734 1273/1731/710
f 1343/1753/806 1347/1763/742 1299/1720/708
f 1342/1754/749 1309/1759/746 1288/1723/705
f 1315/1755/738 1343/1753/806 1295/1734/717
f 1302/1756/747 1312/1758/741 1286/1748/732
f 1346/1757/750 1300/1766/744 1293/1746/735
f 1312/1758/741 1345/1764/739 1297/1726/727
f 1309/1759/746 1305/1760/807 1290/1732/718
f 1305/1760/807 1315/1755/738 1284/1741/725
f 1344/1761/808 1307/1768/740 1289/1729/734
f 1314/1762/751 1344/1761/808 1296/1752/730
f 1347/1763/742 1304/1767/809 1291/1739/733
f 1345/1764/739 1346/2507/750 1298/1765/714
f 1300/1766/744 1310/1769/745 1287/1736/729
f 1304/1767/809 1314/1762/751 1285/1744/721
f 1307/1768/740 1302/1756/747 1292/1742/711
f 1310/1769/745 1342/1754/749 1294/1749/724
f 1318/1770/810 1301/1782/818 1273/1731/710
f 1313/1771/753 1316/1784/820 1274/1724/719
f 1325/1772/811 1321/1775/813 1279/1735/707
f 1320/1773/812 1306/1778/756 1271/1738/723
f 1311/1774/760 1317/1783/819 1275/1721/720
f 1321/1775/813 1313/1771/753 1268/1733/716
f 1308/1776/758 1318/1770/810 1276/1730/712
f 1322/1777/814 1311/1774/760 1269/1740/722
f 1306/1778/756 1319/1781/817 1277/1747/728
f 1323/1779/815 1308/1776/758 1270/1743/726
f 1303/1780/816 1320/1773/812 1278/1737/704
f 1319/1781/817 1324/2508/821 1282/1751/715
f 1301/1782/818 1322/1777/814 1280/1745/731
f 1317/1783/819 1325/1772/811 1283/1722/709
f 1316/1784/820 1303/1780/816 1272/1725/706
f 1324/1785/821 1323/1779/815 1281/1728/713
f 1326/1786/299 1338/1812/698 1322/1787/814
f 1336/1789/701 1328/1807/4 1306/1790/756
f 1330/1792/308 1333/1798/697 1317/1793/819
f 1331/1795/83 1332/1808/702 1316/1796/820
f 1333/1798/697 1341/1813/700 1325/1799/811
f 1327/1800/32 1336/1789/701 1320/1791/812
f 1334/1802/703 1326/1786/299 1301/1788/818
f 1335/1804/695 1340/2509/38 1324/1805/821
f 1328/1807/4 1335/1804/695 1319/1806/817
f 1332/1808/702 1327/1800/32 1303/1801/816
f 1339/1809/696 1329/1816/59 1308/1810/758
f 1338/1812/698 1330/1792/308 1311/1794/760
f 1341/1813/700 1337/1815/699 1321/1814/813
f 1337/1815/699 1331/1795/83 1313/1797/753
f 1329/1816/59 1334/1802/703 1318/1803/810
f 1340/1817/38 1339/1809/696 1323/1811/815
f 1358/1819/774 1353/1837/773 1309/1820/746
f 1359/1822/782 1363/1833/775 1347/1823/742
f 1361/1825/777 1362/1845/781 1346/1826/750
f 1354/1828/780 1358/1819/774 1342/1821/749
f 1360/1830/778 1352/1847/779 1307/1831/740
f 1363/1833/775 1350/1835/768 1304/1834/809
f 1350/1835/768 1356/1846/771 1314/1836/751
f 1353/1837/773 1351/1848/769 1305/1838/807
f 1355/1839/776 1361/1825/777 1345/1827/739
f 1349/1841/770 1355/1839/776 1312/1840/741
f 1348/1843/772 1354/1828/780 1310/1829/745
f 1362/1845/781 1348/1843/772 1300/1844/744
f 1356/1846/771 1360/1830/778 1344/1832/808
f 1352/1847/779 1349/1841/770 1302/1842/747
f 1351/1848/769 1357/1850/783 1315/1849/738
f 1357/1850/783 1359/1822/782 1343/1824/806
f 1365/1640/17 1199/1644/17 1367/1852/822
f 1199/1644/17 1219/1659/17 1368/1853/823
f 1366/1655/17 1365/1640/17 1205/1668/796
f 1219/1659/17 1366/1655/17 1220/1667/795
f 1369/1854/824 1370/1856/826 1372/1855/825
f 1369/1854/824 1371/1666/794 1205/1668/796
f 1372/1855/825 1370/1856/826 1368/1853/823
f 1370/1856/826 1369/1854/824 1367/1852/822
f 1376/1857/827 1385/1873/843 1386/1858/828
f 1377/1859/829 1386/1858/828 1387/1860/830
f 1378/1861/831 1387/1860/830 1388/1862/832
f 1379/1863/833 1388/1862/832 1389/1864/834
f 1380/1865/835 1389/1864/834 1390/1866/836
f 1373/1868/838 1382/1874/862 1383/1869/839
f 1374/1870/840 1383/1869/839 1384/1871/841
f 1375/1872/842 1384/1871/841 1385/1873/843
f 1404/1858/844 1403/1873/860 1394/1857/845
f 1405/1860/847 1404/1858/844 1395/1859/846
f 1406/1862/849 1405/1860/847 1396/1861/848
f 1407/1864/851 1406/1862/849 1397/1863/850
f 1408/1866/853 1407/1864/851 1398/1865/852
f 1401/1869/855 1400/1874/861 1391/1868/856
f 1402/1871/858 1401/1869/855 1392/1870/857
f 1403/1873/860 1402/1871/858 1393/1872/859
f 1396/1861/848 1395/1859/846 1377/1859/829
f 1402/1871/858 1403/1873/860 1385/1873/843
f 1397/1863/850 1396/1861/848 1378/1861/831
f 1403/1873/860 1404/1858/844 1386/1858/828
f 1398/1865/852 1397/1863/850 1379/1863/833
f 1404/1858/844 1405/1860/847 1387/1860/830
f 1399/1867/854 1398/1865/852 1380/1865/835
f 1405/1860/847 1406/1862/849 1388/1862/832
f 1406/1862/849 1407/1864/851 1389/1864/834
f 1407/1864/851 1408/1866/853 1390/1866/836
f 1392/1870/857 1391/1868/856 1373/1868/838
f 1393/1872/859 1392/1870/857 1374/1870/840
f 1394/1857/845 1393/1872/859 1375/1872/842
f 1400/1874/861 1401/1869/855 1383/1869/839
f 1395/1859/846 1394/1857/845 1376/1857/827
f 1401/1869/855 1402/1871/858 1384/1871/841
f 1422/1875/844 1421/1891/860 1412/1876/845
f 1423/1878/847 1422/1875/844 1413/1877/846
f 1424/1880/849 1423/1878/847 1414/1879/848
f 1425/1882/851 1424/1880/849 1415/1881/863
f 1426/1884/864 1425/1882/851 1416/1883/852
f 1419/1886/855 1418/1893/867 1409/1887/856
f 1420/1889/858 1419/1886/855 1410/1888/857
f 1421/1891/860 1420/1889/858 1411/1890/859
f 1430/1876/827 1439/1891/843 1440/1875/828
f 1431/1877/829 1440/1875/828 1441/1878/830
f 1432/1879/831 1441/1878/830 1442/1880/832
f 1433/1881/833 1442/1880/832 1443/1882/834
f 1434/1883/835 1443/1882/834 1444/1884/865
f 1427/1887/838 1436/1892/866 1437/1886/839
f 1428/1888/840 1437/1886/839 1438/1889/841
f 1429/1890/842 1438/1889/841 1439/1891/843
f 1413/1877/846 1431/1877/829 1432/1879/831
f 1421/1891/860 1439/1891/843 1438/1889/841
f 1414/1879/848 1432/1879/831 1433/1881/833
f 1422/1875/844 1440/1875/828 1439/1891/843
f 1415/1881/863 1433/1881/833 1434/1883/835
f 1423/1878/847 1441/1878/830 1440/1875/828
f 1416/1883/852 1434/1883/835 1435/1885/837
f 1424/1880/849 1442/1880/832 1441/1878/830
f 1425/1882/851 1443/1882/834 1442/1880/832
f 1426/1884/864 1444/1884/865 1443/1882/834
f 1409/1887/856 1427/1887/838 1428/1888/840
f 1410/1888/857 1428/1888/840 1429/1890/842
f 1411/1890/859 1429/1890/842 1430/1876/827
f 1419/1886/855 1437/1886/839 1436/1892/866
f 1412/1876/845 1430/1876/827 1431/1877/829
f 1420/1889/858 1438/1889/841 1437/1886/839
f 1468/1894/36 1448/2510/869 1463/1895/32
f 1470/1897/187 1450/1903/870 1465/1898/308
f 1452/1900/868 1464/1929/700 1463/1901/32
f 1450/1903/870 1454/2511/880 1466/1904/871
f 1455/1905/872 1459/2512/881 1462/1906/873
f 1445/1908/874 1449/2513/879 1458/1909/875
f 1461/1907/4 1462/1906/873 1453/1911/876
f 1465/1898/308 1466/1904/871 1460/1913/878
f 1473/1899/308 1465/1898/308 1458/1914/875
f 1471/1915/308 1458/1914/875 1449/1916/879
f 1474/1896/4 1463/1895/32 1456/1918/32
f 1468/1920/36 1446/1926/877 1450/1921/870
f 1462/1923/873 1466/1928/871 1454/1924/880
f 1453/1925/876 1454/1924/880 1450/1921/870
f 1459/1927/881 1460/2514/878 1466/1928/871
f 1464/1929/700 1457/1937/700 1456/1930/32
f 1448/1931/869 1468/1920/36 1470/1922/187
f 1461/1907/4 1474/1896/4 1472/1919/4
f 1464/1933/700 1473/1899/308 1471/1915/308
f 1472/1919/4 1456/1918/32 1447/1935/32
f 1457/1937/700 1451/2515/700 1447/1938/32
f 1452/1939/868 1470/1897/187 1473/1899/308
f 1446/1912/877 1468/1894/36 1474/1896/4
f 1458/1909/875 1460/2516/878 1459/1940/881
f 1455/1905/872 1472/1919/4 1467/1936/4
f 1457/1934/700 1471/1915/308 1469/1917/308
f 1498/1943/36 1478/2517/869 1493/1944/32
f 1500/1946/187 1480/1952/870 1495/1947/308
f 1482/1949/868 1494/1978/700 1493/1950/32
f 1480/1952/870 1484/2518/880 1496/1953/871
f 1485/1954/872 1489/2519/882 1492/1955/873
f 1475/1957/874 1479/2520/879 1488/1958/875
f 1491/1956/4 1492/1955/873 1483/1960/876
f 1495/1947/308 1496/1953/871 1490/1962/878
f 1503/1948/308 1495/1947/308 1488/1963/875
f 1501/1964/308 1488/1963/875 1479/1965/879
f 1504/1945/4 1493/1944/32 1486/1967/32
f 1498/1969/36 1476/1975/877 1480/1970/870
f 1492/1972/873 1496/1977/871 1484/1973/880
f 1483/1974/876 1484/1973/880 1480/1970/870
f 1489/1976/882 1490/2521/878 1496/1977/871
f 1494/1978/700 1487/1986/700 1486/1979/32
f 1478/1980/869 1498/1969/36 1500/1971/187
f 1491/1956/4 1504/1945/4 1502/1968/4
f 1494/1982/700 1503/1948/308 1501/1964/308
f 1502/1968/4 1486/1967/32 1477/1984/32
f 1487/1986/700 1481/2522/700 1477/1987/32
f 1482/1988/868 1500/1946/187 1503/1948/308
f 1476/1961/877 1498/1943/36 1504/1945/4
f 1488/1958/875 1490/2523/878 1489/1989/882
f 1485/1954/872 1502/1968/4 1497/1985/4
f 1487/1983/700 1501/1964/308 1499/1966/308
f 1528/1992/36 1508/2524/869 1523/1993/32
f 1530/1995/187 1510/2001/870 1525/1996/308
f 1512/1998/868 1524/2027/700 1523/1999/32
f 1510/2001/870 1514/2525/880 1526/2002/871
f 1515/2003/872 1519/2526/882 1522/2004/873
f 1505/2006/874 1509/2527/879 1518/2007/875
f 1521/2005/4 1522/2004/873 1513/2009/876
f 1525/1996/308 1526/2002/871 1520/2011/878
f 1533/1997/308 1525/1996/308 1518/2012/875
f 1531/2013/308 1518/2012/875 1509/2014/879
f 1534/1994/4 1523/1993/32 1516/2016/32
f 1528/2018/36 1506/2024/877 1510/2019/870
f 1522/2021/873 1526/2026/871 1514/2022/880
f 1513/2023/876 1514/2022/880 1510/2019/870
f 1519/2025/882 1520/2528/878 1526/2026/871
f 1524/2027/700 1517/2035/700 1516/2028/32
f 1508/2029/869 1528/2018/36 1530/2020/187
f 1521/2005/4 1534/1994/4 1532/2017/4
f 1524/2031/700 1533/1997/308 1531/2013/308
f 1532/2017/4 1516/2016/32 1507/2033/32
f 1517/2035/700 1511/2529/700 1507/2036/32
f 1512/2037/868 1530/1995/187 1533/1997/308
f 1506/2010/877 1528/1992/36 1534/1994/4
f 1518/2007/875 1520/2530/878 1519/2038/882
f 1515/2003/872 1532/2017/4 1527/2034/4
f 1517/2032/700 1531/2013/308 1529/2015/308
f 1558/2041/36 1538/2531/869 1553/2042/32
f 1560/2044/187 1540/2050/870 1555/2045/308
f 1542/2047/868 1554/2076/700 1553/2048/32
f 1540/2050/870 1544/2532/880 1556/2051/871
f 1545/2052/872 1549/2533/882 1552/2053/873
f 1535/2055/874 1539/2534/879 1548/2056/875
f 1551/2054/4 1552/2053/873 1543/2058/876
f 1555/2045/308 1556/2051/871 1550/2060/878
f 1563/2046/308 1555/2045/308 1548/2061/875
f 1561/2062/308 1548/2061/875 1539/2063/879
f 1564/2043/4 1553/2042/32 1546/2065/32
f 1558/2067/36 1536/2073/877 1540/2068/870
f 1552/2070/873 1556/2075/871 1544/2071/880
f 1543/2072/876 1544/2071/880 1540/2068/870
f 1549/2074/882 1550/2535/878 1556/2075/871
f 1554/2076/700 1547/2084/700 1546/2077/32
f 1538/2078/869 1558/2067/36 1560/2069/187
f 1551/2054/4 1564/2043/4 1562/2066/4
f 1554/2080/700 1563/2046/308 1561/2062/308
f 1562/2066/4 1546/2065/32 1537/2082/32
f 1547/2084/700 1541/2536/700 1537/2085/32
f 1542/2086/868 1560/2044/187 1563/2046/308
f 1536/2059/877 1558/2041/36 1564/2043/4
f 1548/2056/875 1550/2537/878 1549/2087/882
f 1545/2052/872 1562/2066/4 1557/2083/4
f 1547/2081/700 1561/2062/308 1559/2064/308
f 1588/2090/36 1568/2538/869 1583/2091/32
f 1590/2093/187 1570/2099/870 1585/2094/308
f 1572/2096/868 1584/2125/700 1583/2097/32
f 1570/2099/870 1574/2539/880 1586/2100/871
f 1575/2101/872 1579/2540/882 1582/2102/873
f 1565/2104/874 1569/2541/879 1578/2105/875
f 1581/2103/4 1582/2102/873 1573/2107/876
f 1585/2094/308 1586/2100/871 1580/2109/878
f 1593/2095/308 1585/2094/308 1578/2110/875
f 1591/2111/308 1578/2110/875 1569/2112/879
f 1594/2092/4 1583/2091/32 1576/2114/32
f 1588/2116/36 1566/2122/877 1570/2117/870
f 1582/2119/873 1586/2124/871 1574/2120/880
f 1573/2121/876 1574/2120/880 1570/2117/870
f 1579/2123/882 1580/2542/878 1586/2124/871
f 1584/2125/700 1577/2133/700 1576/2126/32
f 1568/2127/869 1588/2116/36 1590/2118/187
f 1581/2103/4 1594/2092/4 1592/2115/4
f 1584/2129/700 1593/2095/308 1591/2111/308
f 1592/2115/4 1576/2114/32 1567/2131/32
f 1577/2133/700 1571/2543/700 1567/2134/32
f 1572/2135/868 1590/2093/187 1593/2095/308
f 1566/2108/877 1588/2090/36 1594/2092/4
f 1578/2105/875 1580/2544/878 1579/2136/882
f 1575/2101/872 1592/2115/4 1587/2132/4
f 1577/2130/700 1591/2111/308 1589/2113/308
f 1678/2139/883 1691/2169/913 1694/2140/884
f 1664/2142/886 1695/2170/914 1698/2143/887
f 1680/2141/885 1694/2140/884 1700/2145/889
f 1666/2144/888 1698/2143/887 1702/2147/891
f 1682/2146/890 1700/2145/889 1704/2149/893
f 1668/2148/892 1702/2147/891 1706/2151/895
f 1684/2150/894 1704/2149/893 1708/2153/897
f 1670/2152/896 1706/2151/895 1710/2155/899
f 1686/2154/898 1708/2153/897 1712/2157/901
f 1672/2156/900 1710/2155/899 1714/2159/903
f 1688/2158/902 1712/2157/901 1716/2161/905
f 1674/2160/904 1714/2159/903 1718/2163/907
f 1659/2165/909 1719/2168/912 1722/2166/910
f 1690/2162/906 1716/2161/905 1719/2168/912
f 1676/2164/908 1718/2163/907 1691/2169/913
f 1662/2167/911 1722/2166/910 1695/2170/914
f 1701/2171/915 1599/2200/943 1600/2172/916
f 1703/2174/918 1607/2203/946 1608/2175/919
f 1705/2173/917 1600/2172/916 1601/2177/921
f 1707/2176/920 1608/2175/919 1609/2179/923
f 1709/2178/922 1601/2177/921 1602/2181/925
f 1711/2180/924 1609/2179/923 1610/2183/927
f 1713/2182/926 1602/2181/925 1603/2185/929
f 1715/2184/928 1610/2183/927 1595/2187/931
f 1692/2189/933 1604/2205/948 1605/2190/934
f 1720/2188/932 1595/2187/931 1596/2192/936
f 1661/2194/938 1612/2239/970 1611/2195/11
f 1693/2191/935 1605/2190/934 1606/2197/940
f 1697/2199/942 1598/2209/952 1599/2200/943
f 1721/2193/937 1596/2192/936 1597/2201/944
f 1699/2198/941 1606/2197/940 1607/2203/946
f 1603/2185/929 1635/2219/962 1636/2204/947
f 1596/2192/936 1628/2220/963 1629/2206/949
f 1604/2205/948 1636/2204/947 1637/2207/950
f 1597/2201/944 1629/2206/949 1630/2208/951
f 1605/2190/934 1637/2207/950 1638/2210/953
f 1598/2209/952 1630/2208/951 1631/2211/954
f 1606/2197/940 1638/2210/953 1639/2212/955
f 1599/2200/943 1631/2211/954 1632/2213/956
f 1607/2203/946 1639/2212/955 1640/2214/957
f 1600/2172/916 1632/2213/956 1633/2215/958
f 1608/2175/919 1640/2214/957 1641/2216/959
f 1601/2177/921 1633/2215/958 1634/2217/960
f 1609/2179/923 1641/2216/959 1642/2218/961
f 1602/2181/925 1634/2217/960 1635/2219/962
f 1595/2187/931 1627/2221/964 1628/2220/963
f 1610/2183/927 1642/2218/961 1627/2221/964
f 1630/2208/951 1646/2236/971 1647/2222/59
f 1638/2210/953 1654/2237/972 1655/2223/83
f 1631/2211/954 1647/2222/59 1648/2224/965
f 1639/2212/955 1655/2223/83 1656/2225/966
f 1632/2213/956 1648/2224/965 1649/2226/221
f 1640/2214/957 1656/2225/966 1657/2227/245
f 1633/2215/958 1649/2226/221 1650/2228/967
f 1641/2216/959 1657/2227/245 1658/2229/968
f 1634/2217/960 1650/2228/967 1651/2230/11
f 1627/2221/964 1643/2232/17 1644/2231/969
f 1642/2218/961 1658/2229/968 1643/2232/17
f 1635/2219/962 1651/2230/11 1652/2233/970
f 1628/2220/963 1644/2231/969 1645/2234/254
f 1636/2204/947 1652/2233/970 1653/2235/349
f 1629/2206/949 1645/2234/254 1646/2236/971
f 1637/2207/950 1653/2235/349 1654/2237/972
f 1663/2238/973 1613/2266/349 1612/2239/970
f 1677/2240/974 1620/2267/969 1619/2241/17
f 1696/2202/945 1597/2201/944 1598/2209/952
f 1660/2243/939 1611/2545/11 1626/2244/967
f 1675/2242/975 1619/2241/17 1618/2246/968
f 1689/2245/976 1626/2244/967 1625/2248/221
f 1673/2247/977 1618/2246/968 1617/2250/245
f 1687/2249/978 1625/2248/221 1624/2252/965
f 1671/2251/979 1617/2250/245 1616/2254/966
f 1685/2253/980 1624/2252/965 1623/2256/59
f 1669/2255/981 1616/2254/966 1615/2258/83
f 1683/2257/982 1623/2256/59 1622/2260/971
f 1667/2259/983 1615/2258/83 1614/2262/972
f 1681/2261/984 1622/2260/971 1621/2264/254
f 1665/2263/985 1614/2262/972 1613/2266/349
f 1679/2265/986 1621/2264/254 1620/2267/969
f 1661/2268/938 1660/2283/939 1659/2165/909
f 1663/2269/973 1661/2268/938 1662/2167/911
f 1665/2270/985 1663/2269/973 1664/2142/886
f 1667/2271/983 1665/2270/985 1666/2144/888
f 1669/2272/981 1667/2271/983 1668/2148/892
f 1671/2273/979 1669/2272/981 1670/2152/896
f 1673/2274/977 1671/2273/979 1672/2156/900
f 1675/2275/975 1673/2274/977 1674/2160/904
f 1677/2276/974 1675/2275/975 1676/2164/908
f 1679/2277/986 1677/2276/974 1678/2139/883
f 1681/2278/984 1679/2277/986 1680/2141/885
f 1683/2279/982 1681/2278/984 1682/2146/890
f 1685/2280/980 1683/2279/982 1684/2150/894
f 1687/2281/978 1685/2280/980 1686/2154/898
f 1689/2282/976 1687/2281/978 1688/2158/902
f 1660/2283/939 1689/2282/976 1690/2162/906
f 1695/2170/914 1722/2166/910 1721/2193/937
f 1691/2169/913 1718/2163/907 1717/2186/930
f 1719/2168/912 1716/2161/905 1715/2184/928
f 1722/2166/910 1719/2168/912 1720/2188/932
f 1718/2163/907 1714/2159/903 1713/2182/926
f 1716/2161/905 1712/2157/901 1711/2180/924
f 1714/2159/903 1710/2155/899 1709/2178/922
f 1712/2157/901 1708/2153/897 1707/2176/920
f 1710/2155/899 1706/2151/895 1705/2173/917
f 1708/2153/897 1704/2149/893 1703/2174/918
f 1706/2151/895 1702/2147/891 1701/2171/915
f 1704/2149/893 1700/2145/889 1699/2198/941
f 1702/2147/891 1698/2143/887 1697/2199/942
f 1700/2145/889 1694/2140/884 1693/2191/935
f 1698/2143/887 1695/2170/914 1696/2202/945
f 1694/2140/884 1691/2169/913 1692/2189/933
f 1717/2186/930 1603/2185/929 1604/2205/948
f 1806/2284/883 1819/2314/913 1822/2285/884
f 1792/2287/886 1823/2315/914 1826/2288/887
f 1808/2286/885 1822/2285/884 1828/2290/889
f 1794/2289/888 1826/2288/887 1830/2292/891
f 1810/2291/890 1828/2290/889 1832/2294/893
f 1796/2293/892 1830/2292/891 1834/2296/895
f 1812/2295/894 1832/2294/893 1836/2298/897
f 1798/2297/896 1834/2296/895 1838/2300/899
f 1814/2299/898 1836/2298/897 1840/2302/901
f 1800/2301/900 1838/2300/899 1842/2304/903
f 1816/2303/902 1840/2302/901 1844/2306/905
f 1802/2305/904 1842/2304/903 1846/2308/907
f 1787/2310/909 1847/2313/912 1850/2311/910
f 1818/2307/906 1844/2306/905 1847/2313/912
f 1804/2309/908 1846/2308/907 1819/2314/913
f 1790/2312/911 1850/2311/910 1823/2315/914
f 1829/2316/987 1727/2345/943 1728/2317/988
f 1831/2319/989 1735/2348/946 1736/2320/990
f 1833/2318/917 1728/2317/988 1729/2322/921
f 1835/2321/920 1736/2320/990 1737/2324/923
f 1837/2323/922 1729/2322/921 1730/2326/991
f 1839/2325/924 1737/2324/923 1738/2328/927
f 1841/2327/926 1730/2326/991 1731/2330/929
f 1843/2329/928 1738/2328/927 1723/2332/931
f 1820/2334/933 1732/2350/948 1733/2335/934
f 1848/2333/932 1723/2332/931 1724/2337/936
f 1789/2339/938 1740/2384/970 1739/2340/11
f 1821/2336/935 1733/2335/934 1734/2342/992
f 1825/2344/942 1726/2354/993 1727/2345/943
f 1849/2338/937 1724/2337/936 1725/2346/944
f 1827/2343/941 1734/2342/992 1735/2348/946
f 1731/2330/929 1763/2364/962 1764/2349/947
f 1724/2337/936 1756/2365/963 1757/2351/949
f 1732/2350/948 1764/2349/947 1765/2352/950
f 1725/2346/944 1757/2351/949 1758/2353/951
f 1733/2335/934 1765/2352/950 1766/2355/953
f 1726/2354/993 1758/2353/951 1759/2356/954
f 1734/2342/992 1766/2355/953 1767/2357/955
f 1727/2345/943 1759/2356/954 1760/2358/956
f 1735/2348/946 1767/2357/955 1768/2359/957
f 1728/2317/988 1760/2358/956 1761/2360/958
f 1736/2320/990 1768/2359/957 1769/2361/959
f 1729/2322/921 1761/2360/958 1762/2362/960
f 1737/2324/923 1769/2361/959 1770/2363/961
f 1730/2326/991 1762/2362/960 1763/2364/962
f 1723/2332/931 1755/2366/964 1756/2365/963
f 1738/2328/927 1770/2363/961 1755/2366/964
f 1758/2353/951 1774/2381/971 1775/2367/59
f 1766/2355/953 1782/2382/972 1783/2368/83
f 1759/2356/954 1775/2367/59 1776/2369/965
f 1767/2357/955 1783/2368/83 1784/2370/966
f 1760/2358/956 1776/2369/965 1777/2371/221
f 1768/2359/957 1784/2370/966 1785/2372/245
f 1761/2360/958 1777/2371/221 1778/2373/967
f 1769/2361/959 1785/2372/245 1786/2374/968
f 1762/2362/960 1778/2373/967 1779/2375/11
f 1755/2366/964 1771/2377/17 1772/2376/969
f 1770/2363/961 1786/2374/968 1771/2377/17
f 1763/2364/962 1779/2375/11 1780/2378/970
f 1756/2365/963 1772/2376/969 1773/2379/254
f 1764/2349/947 1780/2378/970 1781/2380/349
f 1757/2351/949 1773/2379/254 1774/2381/971
f 1765/2352/950 1781/2380/349 1782/2382/972
f 1791/2383/973 1741/2411/349 1740/2384/970
f 1805/2385/974 1748/2412/969 1747/2386/17
f 1824/2347/945 1725/2346/944 1726/2354/993
f 1788/2388/939 1739/2546/11 1754/2389/967
f 1803/2387/975 1747/2386/17 1746/2391/968
f 1817/2390/976 1754/2389/967 1753/2393/221
f 1801/2392/977 1746/2391/968 1745/2395/245
f 1815/2394/978 1753/2393/221 1752/2397/965
f 1799/2396/979 1745/2395/245 1744/2399/966
f 1813/2398/980 1752/2397/965 1751/2401/59
f 1797/2400/981 1744/2399/966 1743/2403/83
f 1811/2402/982 1751/2401/59 1750/2405/971
f 1795/2404/983 1743/2403/83 1742/2407/972
f 1809/2406/984 1750/2405/971 1749/2409/254
f 1793/2408/985 1742/2407/972 1741/2411/349
f 1807/2410/986 1749/2409/254 1748/2412/969
f 1789/2413/938 1788/2428/939 1787/2310/909
f 1791/2414/973 1789/2413/938 1790/2312/911
f 1793/2415/985 1791/2414/973 1792/2287/886
f 1795/2416/983 1793/2415/985 1794/2289/888
f 1797/2417/981 1795/2416/983 1796/2293/892
f 1799/2418/979 1797/2417/981 1798/2297/896
f 1801/2419/977 1799/2418/979 1800/2301/900
f 1803/2420/975 1801/2419/977 1802/2305/904
f 1805/2421/974 1803/2420/975 1804/2309/908
f 1807/2422/986 1805/2421/974 1806/2284/883
f 1809/2423/984 1807/2422/986 1808/2286/885
f 1811/2424/982 1809/2423/984 1810/2291/890
f 1813/2425/980 1811/2424/982 1812/2295/894
f 1815/2426/978 1813/2425/980 1814/2299/898
f 1817/2427/976 1815/2426/978 1816/2303/902
f 1788/2428/939 1817/2427/976 1818/2307/906
f 1823/2315/914 1850/2311/910 1849/2338/937
f 1819/2314/913 1846/2308/907 1845/2331/930
f 1847/2313/912 1844/2306/905 1843/2329/928
f 1850/2311/910 1847/2313/912 1848/2333/932
f 1846/2308/907 1842/2304/903 1841/2327/926
f 1844/2306/905 1840/2302/901 1839/2325/924
f 1842/2304/903 1838/2300/899 1837/2323/922
f 1840/2302/901 1836/2298/897 1835/2321/920
f 1838/2300/899 1834/2296/895 1833/2318/917
f 1836/2298/897 1832/2294/893 1831/2319/989
f 1834/2296/895 1830/2292/891 1829/2316/987
f 1832/2294/893 1828/2290/889 1827/2343/941
f 1830/2292/891 1826/2288/887 1825/2344/942
f 1828/2290/889 1822/2285/884 1821/2336/935
f 1826/2288/887 1823/2315/914 1824/2347/945
f 1822/2285/884 1819/2314/913 1820/2334/933
f 1845/2331/930 1731/2330/929 1732/2350/948
f 1899/1268/564 1859/1272/568 1860/1269/565
f 1900/1271/567 1866/1282/577 1859/1272/568
f 1901/1273/569 1864/1283/578 1865/1274/570
f 1902/1276/572 1862/1284/579 1863/1277/573
f 1903/1270/566 1860/1269/565 1861/1279/575
f 1904/1281/571 1865/2498/570 1866/1282/577
f 1905/1278/574 1863/1277/573 1864/1283/578
f 1906/1280/576 1861/1279/575 1862/1284/579
f 1883/1285/580 1870/1296/591 1871/1286/581
f 1885/1288/994 1868/1298/593 1869/1289/584
f 1887/1291/995 1873/1302/597 1874/1292/587
f 1884/1287/582 1871/1286/581 1872/1294/589
f 1886/1290/585 1869/1289/584 1870/1296/591
f 1890/1297/996 1867/1299/594 1868/1298/593
f 1888/1293/588 1874/1292/587 1867/1299/594
f 1874/1292/587 1882/1305/600 1875/1300/595
f 1872/1294/589 1880/1306/997 1881/1301/596
f 1870/1296/591 1878/1307/602 1879/1303/598
f 1868/1298/593 1876/1308/603 1877/1304/599
f 1873/1302/597 1881/1301/596 1882/1305/600
f 1871/1286/581 1879/1303/598 1880/1306/997
f 1869/1289/584 1877/1304/599 1878/1307/602
f 1867/1299/594 1875/1300/595 1876/1308/603
f 1877/1304/599 1876/1308/603 1881/1301/596
f 1876/1308/603 1875/1300/595 1881/1301/596
f 1875/1300/595 1882/1305/600 1881/1301/596
f 1881/1301/596 1880/1306/997 1879/1303/598
f 1879/1303/598 1878/1307/602 1881/1301/596
f 1864/1309/578 1889/1295/590 1887/1291/995
f 1866/1311/577 1888/1293/588 1890/1297/996
f 1859/1312/568 1890/1297/996 1885/1288/994
f 1861/1314/575 1886/1290/585 1883/1285/580
f 1863/1316/573 1884/1287/582 1889/1295/590
f 1865/1310/570 1887/1291/995 1888/1293/588
f 1860/1313/565 1885/1288/994 1886/1290/585
f 1862/1315/579 1883/1285/580 1884/1287/582
f 1853/1317/59 1898/1327/607 1896/1318/604
f 1855/1320/11 1897/1328/608 1894/1321/605
f 1857/1323/83 1895/1334/609 1893/1324/606
f 1852/1326/254 1892/1333/611 1898/1327/607
f 1854/1319/221 1896/1318/604 1897/1328/608
f 1856/1322/349 1894/1321/605 1895/1329/609
f 1858/1325/245 1893/1324/606 1891/1331/610
f 1851/1332/17 1891/1331/610 1892/1333/611
f 1898/1327/607 1906/1280/576 1902/1276/572
f 1897/1328/608 1905/1278/574 1901/1273/569
f 1895/1334/609 1904/1281/571 1900/1271/567
f 1892/1333/611 1903/1270/566 1906/1280/576
f 1896/1318/604 1902/1276/572 1905/1278/574
f 1894/1321/605 1901/1273/569 1904/1275/571
f 1893/1324/606 1900/1271/567 1899/1268/564
f 1891/1331/610 1899/1268/564 1903/1270/566
f 1889/1295/590 1872/1294/589 1873/1302/597
