# Blender 5.1.1
# www.blender.org
mtllib scarf yf2.mtl
o mesh0_models_player_items_all_class_scarf_soccer_0
v -5.547939 -4.703902 5.913881
v -6.133997 -4.704665 5.691546
v -5.823677 -4.824445 5.322693
v -5.347144 -4.926831 5.541408
v -4.324478 -2.812170 4.690889
v -4.269726 -2.867491 4.539594
v -4.802500 -3.686238 4.882312
v -4.897746 -3.604664 5.078382
v -5.426739 -4.331251 5.137446
v -5.555601 -4.242716 5.391856
v -5.823677 -4.824445 5.322693
v -6.133997 -4.704665 5.691546
v -4.348084 -2.748806 4.328441
v -4.143855 -2.871660 4.385795
v -4.424938 -3.169025 4.581788
v -4.362497 -3.265920 4.607041
v -4.264437 -3.253615 4.679499
v -4.405144 -3.121489 4.958220
v -4.074761 -2.857682 4.870750
v -3.934339 -2.986477 4.591249
v -3.948347 -2.443389 4.629678
v -3.808702 -2.565955 4.348727
v -3.888852 -2.488331 4.224063
v -4.019926 -2.480257 4.238918
v -4.159245 -2.360034 4.520538
v -4.487888 -2.625077 4.609254
v -4.565485 -3.038489 4.860880
v -4.541326 -3.098274 4.961421
v -4.066018 -2.335038 4.581889
v -4.541326 -3.098274 4.961421
v -4.337635 -2.697532 4.773499
v -4.565485 -3.038489 4.860880
v -4.405144 -3.121489 4.958220
v -4.074761 -2.857682 4.870750
v -3.948347 -2.443389 4.629678
v -4.066018 -2.335038 4.581889
v -4.159245 -2.360034 4.520538
v -4.487888 -2.625077 4.609254
v -0.758376 -3.609388 6.209478
v -0.405199 -3.740529 6.214244
v -0.334835 -3.550495 6.064219
v -2.224691 -0.487308 1.958374
v -2.153214 -0.275583 2.265220
v -2.090136 -0.139795 2.054967
v -2.966486 -1.023687 2.983639
v -2.941786 -0.787117 3.306446
v -3.526989 -1.495076 3.622842
v -3.488005 -1.426384 3.976683
v -4.062425 -2.229466 4.192917
v -3.944695 -2.209316 4.686737
v -4.212327 -2.442984 4.343097
v -3.978361 -2.519939 4.631244
v -3.252034 -2.548736 5.091208
v -3.286699 -2.881886 5.025073
v -2.322270 -3.080548 5.395803
v -2.387875 -3.355689 5.448133
v -1.431588 -3.188179 5.991362
v -1.464158 -3.545011 5.936885
v -0.732451 -3.268944 6.252492
v -0.481383 -2.483382 5.698731
v -1.156326 -2.363563 5.432682
v -1.817000 -2.196972 4.898229
v -2.754668 -1.638577 4.600020
v -0.166014 -2.760616 5.441871
v -0.414962 -1.671438 4.979668
v -0.985206 -1.513113 4.757336
v -1.662174 -1.352347 4.422049
v -2.390849 -0.849161 3.966852
v -1.678304 -0.264301 2.930504
v -1.574679 -0.061276 2.760891
v -1.440270 0.066848 2.516432
v -0.973172 -0.115798 2.930758
v -0.841393 -0.016481 2.584770
v 0.384939 -0.257712 3.300910
v 0.511464 -0.122679 2.849567
v 0.223560 0.056532 2.879651
v 0.062452 -0.127990 3.433047
v -0.339654 0.035421 2.846102
v -0.512212 -0.113657 3.291682
v -1.121409 -0.277494 3.202996
v -1.254710 -0.532505 3.387421
v -0.635284 -0.618807 3.849611
v -0.040562 -0.656943 4.009289
v 0.004573 -1.822205 4.633858
v 0.424929 -0.494726 3.631031
v -0.585946 -0.313697 3.611667
v 0.039891 -0.340664 3.761418
v 0.348919 -0.833536 3.927904
v -0.197821 0.027859 2.428035
v 0.274508 0.074531 2.317515
v 0.493731 -0.109724 2.352674
v 0.170368 -0.348751 2.243781
v -0.036527 -0.227546 2.117893
v -0.228643 -0.889081 2.194820
v -2.371776 -3.332368 4.054296
v -1.384751 -2.838312 5.251132
v -1.576961 -2.559474 4.913309
v -1.830949 -3.306171 4.331616
v -1.938619 -3.365073 3.785795
v -1.768514 -3.204607 4.033594
v -0.342437 -0.776553 1.911564
v -0.466874 -0.264057 2.064052
v -0.768876 -0.073913 2.289882
v -1.322310 0.042139 2.167479
v -1.921309 -0.067363 1.907744
v -2.034388 -0.239133 1.734708
v -2.194183 -0.331825 1.811536
v -0.778977 -0.761468 1.788750
v -1.033529 -0.439770 2.050884
v -2.199728 -2.983156 3.232237
v -2.616134 -2.921488 3.549508
v -1.605918 -2.381147 4.563332
v 0.389364 -1.568828 4.500923
v 0.079079 -1.173589 4.002670
v 1.333761 -1.274666 3.237027
v 1.011241 -0.814075 2.854915
v 2.076953 -1.101053 2.093781
v 1.690745 -0.726019 1.740652
v 2.741210 -1.031660 1.385330
v 2.471534 -0.476810 1.082973
v 3.418157 -0.816108 0.077294
v 2.971632 -0.282888 -0.110275
v -2.820855 -2.645371 2.968576
v -2.453765 -2.547914 2.630002
v -1.340553 -0.803527 1.753060
v -1.489640 -0.375710 1.518518
v 2.142268 0.602964 -1.924631
v 2.776622 1.053056 -1.737672
v 2.428340 0.790806 -3.284013
v 2.516193 0.741414 -0.285069
v 3.337174 0.760203 -1.657113
v 2.796956 0.254915 -0.178263
v 3.316663 0.023390 -1.663271
v 2.402084 -0.077212 0.866096
v 1.608297 -0.359133 1.578696
v 1.025454 -0.522334 2.530106
v 0.095275 -0.722469 3.670362
v -2.160538 -1.985918 3.854433
v -2.197848 -0.417290 1.286962
v -1.837697 -0.130699 1.422928
v -1.906863 -0.342763 1.109315
v -2.326413 -0.652917 1.018215
v -1.807600 -0.677219 1.164190
v -2.888414 -2.144648 1.818600
v -2.626327 -2.391667 2.312594
v -3.066829 -2.320835 2.364649
v -2.918302 -2.521540 2.686644
v -2.316038 -1.789795 3.325889
v -0.069784 -0.314804 3.272022
v 0.766467 -0.185079 2.183284
v 1.471955 0.071530 1.306185
v 2.072284 0.420163 0.636102
v 1.868933 0.019817 -0.649594
v -2.565050 -0.658456 1.235016
v -2.863222 -2.043638 1.932013
v -2.908185 -2.056184 2.130161
v -2.093901 -1.684093 2.849524
v -0.309458 -0.318982 2.940022
v 0.404138 -0.233403 1.990112
v 1.034416 -0.382714 0.624807
v 1.421645 -0.095756 -0.050148
v -2.307639 -1.211058 -5.937027
v -2.117123 -1.404908 -5.680595
v -3.555758 -1.360318 -4.641246
v -0.738368 -1.451662 -6.246324
v -0.768146 -1.313914 -6.618742
v 0.286318 -1.399683 -6.156693
v 0.378625 -1.264221 -6.530438
v 1.592812 -1.356251 -5.857234
v -0.746325 -0.777659 -6.580810
v -2.210086 -0.645062 -5.826340
v -2.196187 -0.010312 -5.791064
v -3.314392 0.052685 -4.724356
v -0.742798 -0.075518 -6.458378
v 0.417594 -0.707172 -6.388351
v 1.733770 -1.144973 -6.140074
v 3.476982 -1.349194 -4.912362
v 0.487623 -0.042774 -6.243897
v 1.773020 -0.631894 -5.960336
v -3.795461 -0.250137 -3.276678
v -3.559762 0.502630 -3.110606
v -3.010123 0.794748 -4.747111
v -2.030859 0.662508 -6.015419
v -0.489947 0.716543 -6.670016
v 0.752690 0.674035 -6.546161
v 1.841841 0.009897 -5.848715
v 3.454481 -0.549795 -5.071095
v 3.686194 -1.081182 -5.143167
v 4.313158 -1.155545 -3.522475
v 4.106200 -1.428639 -3.458331
v 4.122728 -1.304658 -1.939916
v 4.248567 -1.025224 -1.813075
v 4.047799 -0.584722 -3.436482
v -0.334858 1.133677 -6.294561
v -1.654367 0.991035 -5.652497
v -2.347698 0.950223 -4.641234
v -2.956699 0.798804 -3.328357
v -3.013188 0.454028 -2.129239
v -3.653423 0.165221 -1.964981
v -2.771168 0.101471 -0.847936
v -3.331022 -0.057802 -0.746485
v -2.927939 -0.280490 0.789265
v -2.311122 -0.130394 0.854969
v -2.310533 -0.551842 1.813587
v -2.051869 -0.226836 1.768733
v -1.423187 -0.855547 2.975419
v -2.491823 -1.007095 1.766682
v -1.719114 -1.401315 2.873775
v -1.680701 -0.131560 1.615003
v -2.181755 -0.434995 0.304102
v -2.293378 -0.185853 -1.173385
v -2.519781 0.268833 -2.264300
v -2.377014 0.521648 -3.270781
v -1.880339 0.620686 -4.212240
v -1.212883 0.639912 -4.899358
v -0.227480 0.798530 -5.351807
v 0.728326 0.985740 -6.281013
v 2.093719 0.754596 -5.894579
v 3.475069 0.035025 -3.346414
v 3.377295 0.127614 -4.989424
v 3.501615 0.909995 -3.401155
v 3.132659 0.859554 -4.911880
v 2.000804 1.070867 -5.555999
v 2.632028 1.069030 -4.731259
v 2.960270 1.120492 -3.486611
v 3.908304 -0.505940 -1.744278
v 1.985572 0.738203 -4.170394
v 1.410415 0.604525 -4.745256
v 0.575933 0.617545 -5.404830
v 3.620589 -1.287648 0.236063
v 2.918836 -1.556535 1.514925
v 2.353297 -1.705201 2.508148
v 1.380271 -1.945720 3.780239
v 0.669890 -2.071599 4.881874
v 3.386347 -1.536607 0.272335
v 2.795184 -1.844200 1.428691
v 2.238623 -2.077176 2.519950
v 1.119211 -2.524717 3.994079
v 0.568748 -2.543833 4.908915
v -1.216009 -3.186328 5.040646
v -3.531941 -0.523225 -4.792875
v -3.732335 -1.114831 -4.827003
v -4.146386 -0.736105 -3.149963
v -4.290333 -1.216404 -3.104702
v -4.057183 -0.894843 -1.725088
v -4.196820 -1.298759 -1.659927
v -3.839936 -0.992388 -0.563071
v -3.992479 -1.363291 -0.521489
v -3.744907 -1.399994 0.739510
v -3.536921 -1.088921 0.758659
v -2.927377 -1.428516 1.859129
v -3.111476 -0.743387 0.727559
v -3.479125 -0.587300 -0.651543
v -3.705904 -0.423073 -1.841276
v -3.139034 -1.806485 1.923181
v -2.222247 -1.912680 3.090150
v -4.066914 -1.452218 -3.030713
v -3.971075 -1.481854 -1.672888
v -3.773529 -1.543634 -0.541686
v -3.522555 -1.626220 0.686045
v -2.940367 -2.009035 1.793586
v -2.513258 -2.256090 3.121683
v -1.847110 -2.704566 4.150846
v -1.492212 -2.545788 4.140587
v -1.519180 -3.599854 5.193639
v -1.542548 -4.466785 5.518010
v -1.730117 -4.827824 6.098020
v -1.381255 -4.149263 5.785158
v -1.645772 -3.838643 4.930041
v -1.914103 -2.980146 3.944878
v -2.403193 -2.534749 2.906224
v -0.948315 -4.017925 5.758896
v -0.551613 -1.700734 3.987993
v -0.976708 -2.176255 3.885411
v 0.154583 -2.992293 4.992898
v -0.476408 -3.463964 4.923862
v 0.499948 -3.649592 5.642717
v -0.277419 -4.024032 5.539631
v -0.109479 -4.539810 6.143500
v -0.875296 -4.463521 6.345278
v -1.477118 -4.533901 6.366067
v -1.613511 -5.532829 6.920693
v -1.367172 -5.228593 7.184949
v -1.576018 -5.831390 7.249817
v -1.332724 -5.527649 7.514039
v -1.297579 -5.918974 7.606374
v -1.552095 -6.064748 7.505886
v -0.765951 -5.451731 7.489947
v -0.790128 -5.162331 7.165577
v -0.732799 -5.848809 7.583613
v 0.021013 -5.541936 7.298106
v -0.005929 -5.261003 6.977176
v 0.739043 -4.261384 6.267731
v 1.035810 -3.425205 5.583211
v 0.717255 -2.664881 4.882422
v -0.062580 -1.311370 3.872619
v -1.134729 -0.418114 2.908078
v 1.393995 -4.147373 6.226023
v 0.898684 -5.015841 7.119956
v 0.919016 -5.303127 7.442448
v 1.611002 -4.908085 7.088580
v 1.638615 -5.204298 7.414413
v -0.808955 -0.237906 2.631256
v 0.277924 -1.126068 3.484394
v 1.005548 -2.604399 4.483368
v 1.284847 -3.405793 5.215545
v 1.676814 -4.359762 5.927352
v 1.894899 -5.125566 6.795872
v 1.956403 -5.418666 7.124079
v 1.669015 -5.588409 7.502081
v 0.949635 -5.687765 7.531140
v 0.050348 -5.842037 7.491272
v 1.975411 -5.647739 7.376192
v 1.978241 -5.884526 7.413970
v 1.861451 -6.133391 7.661013
v 1.732162 -5.957175 7.370867
v 1.869421 -5.657810 7.157245
v 1.750993 -5.684850 7.105899
v 1.545578 -5.931951 7.419457
v 1.696901 -6.154827 7.667478
v 1.772380 -6.206122 7.662730
v 1.844188 -5.903531 7.903692
v 1.960078 -5.655122 7.656732
v 1.850713 -5.428510 7.399985
v 1.727750 -5.393291 7.414494
v 1.665576 -5.696651 7.177073
v 1.647856 -5.467126 7.419813
v 1.529155 -5.702100 7.662206
v 1.680216 -5.924793 7.910146
v 1.750866 -5.913747 7.971210
v -5.219493 -4.333750 5.552710
v -5.547939 -4.703902 5.913881
v -5.347144 -4.926831 5.541408
v -5.009275 -4.420404 5.324980
v -4.597229 -3.696323 5.216398
v -4.506564 -3.780704 5.021764
v -4.207104 -2.888167 4.771449
v -4.116634 -2.956063 4.635761
v -4.207104 -2.888167 4.771449
v -4.116634 -2.956063 4.635761
v -4.269726 -2.867491 4.539594
v -4.324478 -2.812170 4.690889
v -4.802500 -3.686238 4.882312
v -4.269726 -2.867491 4.539594
v -4.116634 -2.956063 4.635761
v -4.506564 -3.780704 5.021764
v -5.009275 -4.420404 5.324980
v -5.426739 -4.331251 5.137446
v -5.347144 -4.926831 5.541408
v -5.823677 -4.824445 5.322693
v 1.703276 -5.704684 7.571696
v 1.711949 -5.817912 7.446256
v 1.779968 -6.269669 7.933174
v 1.768386 -6.118198 8.102186
v 1.813570 -6.562199 8.370275
v 1.797861 -6.364955 8.587062
v 1.882999 -6.770236 8.690931
v 1.859776 -6.453663 9.014927
v 1.711949 -5.817912 7.446256
v 1.837539 -5.808127 7.449759
v 1.960766 -6.229519 7.910000
v 1.779968 -6.269669 7.933174
v 2.107876 -6.508921 8.344556
v 1.813570 -6.562199 8.370275
v 1.882999 -6.770236 8.690931
v 2.272931 -6.700769 8.653069
v -6.133997 -4.704665 5.691546
v -5.547939 -4.703902 5.913881
v -5.555601 -4.242716 5.391856
v -5.219493 -4.333750 5.552710
v -4.897746 -3.604664 5.078382
v -4.597229 -3.696323 5.216398
v -4.207104 -2.888167 4.771449
v -4.324478 -2.812170 4.690889
v 1.703276 -5.704684 7.571696
v 1.828632 -5.694993 7.575212
v 1.837539 -5.808127 7.449759
v 1.711949 -5.817912 7.446256
v 1.859776 -6.453663 9.014927
v 1.882999 -6.770236 8.690931
v 2.272931 -6.700769 8.653069
v 2.249020 -6.384300 8.977054
v 2.091718 -6.311908 8.561442
v 2.249020 -6.384300 8.977054
v 2.272931 -6.700769 8.653069
v 2.107876 -6.508921 8.344556
v 1.948887 -6.077829 8.078839
v 1.960766 -6.229519 7.910000
v 1.828632 -5.694993 7.575212
v 1.837539 -5.808127 7.449759
v 1.055374 -5.787549 7.600581
v 1.177468 -5.781937 7.604712
v 1.184954 -5.894765 7.478885
v 1.062978 -5.900790 7.474817
v 1.150588 -6.391068 7.979936
v 1.062978 -5.900790 7.474817
v 1.184954 -5.894765 7.478885
v 1.325454 -6.351853 7.956047
v 1.494509 -6.666226 8.404457
v 1.215942 -6.730260 8.435800
v 1.307242 -6.969508 8.767213
v 1.684365 -6.889223 8.723019
v 0.917647 -6.575205 9.021761
v 0.540998 -6.636972 9.058159
v 0.563523 -6.953880 8.734221
v 0.940193 -6.889614 8.696796
v 0.760046 -6.507598 8.609175
v 0.917647 -6.575205 9.021761
v 0.940193 -6.889614 8.696796
v 0.775107 -6.705086 8.392334
v 0.619361 -6.270251 8.126145
v 0.630048 -6.422153 7.957202
v 0.502008 -5.886134 7.622109
v 0.509599 -5.999642 7.496627
v 0.381175 -5.890986 7.617535
v 0.502008 -5.886134 7.622109
v 0.509599 -5.999642 7.496627
v 0.388767 -6.004532 7.492062
v 0.455834 -6.456209 7.978928
v 0.388767 -6.004532 7.492062
v 0.509599 -5.999642 7.496627
v 0.630048 -6.422153 7.957202
v 0.775107 -6.705086 8.392334
v 0.491405 -6.749678 8.415941
v 0.563523 -6.953880 8.734221
v 0.940193 -6.889614 8.696796
v -0.122478 -5.925676 7.664883
v -0.114157 -6.039335 7.539454
v -0.232507 -6.042340 7.534212
v -0.241323 -5.928673 7.659676
v -0.036955 -6.321321 8.181604
v -0.122478 -5.925676 7.664883
v -0.241323 -5.928673 7.659676
v -0.208205 -6.355214 8.204070
v 0.048539 -6.578652 8.685534
v -0.225098 -6.618116 8.706027
v -0.195714 -6.716074 9.144278
v 0.140229 -6.662275 9.119169
v 1.055374 -5.787549 7.600581
v 1.062978 -5.900790 7.474817
v 1.150588 -6.391068 7.979936
v 1.141097 -6.244586 8.151794
v 1.215942 -6.730260 8.435800
v 1.205402 -6.552487 8.662034
v 1.307242 -6.969508 8.767213
v 1.308636 -6.703975 9.115377
v 0.994107 -5.517757 7.424960
v 1.071188 -5.448252 7.420632
v 1.009414 -5.748137 7.182295
v 0.897191 -5.981023 7.424916
v 1.077935 -6.011824 7.377537
v 1.045627 -6.206095 7.673422
v 1.119020 -6.259272 7.669083
v 1.205747 -6.189374 7.668017
v 1.190199 -5.958967 7.910656
v 1.301448 -5.718001 7.665393
v 1.317419 -5.948016 7.422662
v 1.190969 -5.488498 7.407316
v 1.207090 -5.718544 7.164613
v 1.091154 -5.740882 7.112114
v 0.882340 -5.750594 7.667610
v 1.030420 -5.975571 7.916051
v 1.099472 -5.966263 7.977517
v -0.283606 -6.658489 9.153401
v -0.654211 -6.735235 9.198812
v -0.620694 -7.042297 8.867605
v -0.256162 -6.971017 8.826244
v -0.430651 -6.579683 8.734642
v -0.283606 -6.658489 9.153401
v -0.256162 -6.971017 8.826244
v -0.410201 -6.773752 8.514982
v -0.560497 -6.329815 8.243545
v -0.547915 -6.481507 8.074247
v -0.671786 -5.937575 7.733608
v -0.662637 -6.051372 7.608193
v -0.786031 -5.942607 7.729265
v -0.671786 -5.937575 7.733608
v -0.662637 -6.051372 7.608193
v -0.776618 -6.056428 7.603858
v -1.448966 -6.013324 7.632779
v -1.336885 -6.006406 7.637532
v -1.325266 -6.120634 7.512327
v -1.437612 -6.127426 7.507648
v -1.279985 -6.381000 8.148939
v -1.336885 -6.006406 7.637532
v -1.448966 -6.013324 7.632779
v -1.447197 -6.411682 8.170557
v -1.235844 -6.615169 8.648226
v -1.512300 -6.667565 8.677244
v -1.152449 -6.684205 9.073876
v -1.568288 -6.755229 9.124184
v -2.059053 -5.179734 7.422626
v -1.939842 -5.437756 7.034906
v -1.460018 -5.487819 7.227780
v -1.558093 -5.268926 7.634423
v -1.072895 -3.865789 6.301634
v -0.935346 -3.887337 6.366289
v -0.884825 -3.992455 6.221607
v -1.020096 -3.970289 6.156894
v -0.968559 -4.285672 6.298828
v -1.085763 -4.340215 6.238463
v -0.921666 -4.036048 6.012227
v -0.661936 -4.024054 6.185490
v -0.618450 -3.705693 5.939312
v -0.727216 -3.694800 5.826917
v -0.851679 -3.703682 5.856672
v -0.743017 -3.811250 6.468469
v -0.693647 -3.494362 6.224628
v -0.822799 -3.426446 6.189813
v -0.926742 -3.492270 6.141778
v -1.140252 -3.974577 5.978988
v -1.159785 -4.271258 6.221985
v -1.261319 -4.059441 6.502397
v -1.214657 -4.070823 6.594773
v -1.070251 -4.073728 6.579302
v -1.234171 -3.762909 6.261218
v 1.308636 -6.703975 9.115377
v 1.671600 -6.594223 9.057238
v 1.491645 -6.489173 8.629407
v 1.205402 -6.552487 8.662034
v 1.141097 -6.244586 8.151794
v 1.316638 -6.203275 8.126484
v 1.177468 -5.781937 7.604712
v 1.055374 -5.787549 7.600581
v 1.948887 -6.077829 8.078839
v 1.828632 -5.694993 7.575212
v 1.703276 -5.704684 7.571696
v 1.768386 -6.118198 8.102186
v 2.091718 -6.311908 8.561442
v 1.797861 -6.364955 8.587062
v 1.859776 -6.453663 9.014927
v 2.249020 -6.384300 8.977054
v 1.099472 -5.966263 7.977517
v 1.056849 -5.693186 7.713334
v 1.030420 -5.975571 7.916051
v 1.190199 -5.958967 7.910656
v 1.301448 -5.718001 7.665393
v 1.190969 -5.488498 7.407316
v 1.071188 -5.448252 7.420632
v 0.994107 -5.517757 7.424960
v 0.882340 -5.750594 7.667610
v 0.381175 -5.890986 7.617535
v 0.388767 -6.004532 7.492062
v 0.455834 -6.456209 7.978928
v 0.445115 -6.304206 8.147837
v 0.491405 -6.749678 8.415941
v 0.476306 -6.551994 8.632666
v 0.563523 -6.953880 8.734221
v 0.540998 -6.636972 9.058159
v 0.321290 -5.643394 7.460900
v 0.396577 -5.570696 7.455303
v 0.335846 -5.873690 7.218128
v 0.226332 -6.112255 7.462889
v 0.405617 -6.144688 7.415997
v 0.373615 -6.338387 7.711642
v 0.446101 -6.392309 7.707492
v 0.531833 -6.323431 7.706721
v 0.517049 -6.092803 7.949360
v 0.626810 -5.853944 7.704728
v 0.641473 -6.084373 7.462012
v 0.514894 -5.613604 7.442762
v 0.529467 -5.843862 7.199980
v 0.415096 -5.863406 7.146669
v 0.211658 -5.881782 7.705592
v 0.358817 -6.107737 7.954275
v 0.427252 -6.099094 8.015929
v 1.308636 -6.703975 9.115377
v 1.307242 -6.969508 8.767213
v 1.684365 -6.889223 8.723019
v 1.671600 -6.594223 9.057238
v 0.140229 -6.662275 9.119169
v -0.195714 -6.716074 9.144278
v -0.154861 -7.026938 8.813545
v 0.203657 -6.965143 8.779497
v -0.560497 -6.329815 8.243545
v -0.671786 -5.937575 7.733608
v -0.786031 -5.942607 7.729265
v -0.727293 -6.363144 8.265416
v -0.430651 -6.579683 8.734642
v -0.703884 -6.628672 8.761042
v -0.654211 -6.735235 9.198812
v -0.283606 -6.658489 9.153401
v -0.241323 -5.928673 7.659676
v -0.232507 -6.042340 7.534212
v -0.192019 -6.502311 8.031663
v -0.208205 -6.355214 8.204070
v -0.189424 -6.810067 8.482595
v -0.225098 -6.618116 8.706027
v -0.154861 -7.026938 8.813545
v -0.195714 -6.716074 9.144278
v -0.232507 -6.042340 7.534212
v -0.114157 -6.039335 7.539454
v -0.023555 -6.473191 8.012239
v -0.192019 -6.502311 8.031663
v 0.071908 -6.769375 8.463598
v -0.189424 -6.810067 8.482595
v -0.154861 -7.026938 8.813545
v 0.203657 -6.965143 8.779497
v -1.152449 -6.684205 9.073876
v -1.568288 -6.755229 9.124184
v -1.470436 -7.076850 8.789276
v -1.095916 -7.003315 8.745144
v -4.994507 -4.837706 6.246577
v -4.850318 -5.032825 5.823346
v -4.401432 -5.085728 6.019629
v -4.537250 -4.836024 6.413294
v -2.881027 -5.115704 7.168297
v -2.754482 -5.373038 6.775103
v -2.286312 -5.438638 6.982386
v -2.404476 -5.222440 7.404609
v -2.259306 -4.896013 6.969396
v -2.404476 -5.222440 7.404609
v -2.286312 -5.438638 6.982386
v -2.173104 -5.060169 6.709715
v -2.001359 -4.433737 6.531996
v -1.937954 -4.571842 6.334718
v -1.713242 -3.851279 6.097881
v -1.663737 -3.956340 5.952801
v -1.849750 -3.820605 6.026983
v -1.713242 -3.851279 6.097881
v -1.663737 -3.956340 5.952801
v -1.797964 -3.925710 5.882760
v -1.490278 -3.655319 5.560304
v -1.381071 -3.675663 5.673555
v -1.697041 -3.991126 5.733520
v -1.433488 -3.990895 5.914508
v -1.761463 -4.241786 6.017291
v -1.877906 -4.289910 5.952595
v -1.951553 -4.216855 5.933418
v -1.923901 -3.911364 5.689602
v -2.025647 -3.702533 5.969090
v -2.051676 -4.004515 6.212670
v -2.005225 -4.020075 6.307657
v -1.861928 -4.029688 6.296873
v -1.535848 -3.779449 6.195621
v -1.455918 -3.464335 5.957590
v -1.588911 -3.393442 5.920710
v -1.698390 -3.452756 5.867691
v -1.614828 -3.657279 5.585411
v -2.001359 -4.433737 6.531996
v -1.713242 -3.851279 6.097881
v -1.849750 -3.820605 6.026983
v -2.215078 -4.418818 6.448305
v -2.259306 -4.896013 6.969396
v -2.604537 -4.844313 6.813350
v -2.881027 -5.115704 7.168297
v -2.404476 -5.222440 7.404609
v -0.291352 -5.672649 7.494775
v -0.217405 -5.600164 7.489235
v -0.275266 -5.903211 7.252167
v -0.382175 -6.141477 7.496846
v -0.206767 -6.174088 7.449954
v -0.237451 -6.367563 7.745534
v -0.165843 -6.421709 7.741451
v -0.081605 -6.353139 7.740759
v -0.096875 -6.122342 7.983313
v 0.011602 -5.884214 7.738935
v 0.026446 -6.114798 7.496285
v -0.100172 -5.643558 7.476855
v -0.085022 -5.873979 7.234161
v -0.197380 -5.893155 7.180773
v -0.398452 -5.910690 7.739371
v -0.253149 -6.136703 7.988049
v -0.185594 -6.128245 8.049756
v -3.580765 -5.093166 6.890504
v -3.450116 -5.336746 6.490805
v -2.992485 -5.434542 6.715350
v -3.122499 -5.256182 7.155324
v -2.976759 -4.873079 6.689915
v -3.122499 -5.256182 7.155324
v -2.992485 -5.434542 6.715350
v -2.887118 -5.026467 6.427201
v -2.727687 -4.363481 6.225338
v -2.658121 -4.500580 6.029439
v -2.410175 -3.744595 5.781470
v -2.349837 -3.833751 5.639559
v -2.410175 -3.744595 5.781470
v -2.349837 -3.833751 5.639559
v -2.464682 -3.762387 5.564398
v -2.535277 -3.688589 5.705228
v -2.870972 -4.461414 5.929504
v -2.464682 -3.762387 5.564398
v -2.349837 -3.833751 5.639559
v -2.658121 -4.500580 6.029439
v -3.229704 -4.931809 6.245174
v -2.887118 -5.026467 6.427201
v -3.450116 -5.336746 6.490805
v -2.992485 -5.434542 6.715350
v -2.240758 -3.235837 5.607685
v -2.121803 -3.339138 5.650001
v -2.080595 -3.429052 5.257727
v -2.199550 -3.418826 5.277394
v -2.335172 -3.267817 5.551865
v -2.527113 -3.674944 5.372138
v -2.323090 -3.793168 5.421385
v -2.602304 -4.063079 5.612876
v -2.538512 -4.154551 5.633955
v -2.432212 -4.126645 5.701855
v -2.532859 -3.918218 5.980402
v -2.211981 -3.680594 5.887778
v -2.107212 -3.880105 5.609383
v -1.995032 -3.492019 5.374495
v -2.664909 -3.523673 5.645347
v -2.718229 -3.880878 5.889298
v -2.673680 -3.901617 5.987105
v -0.185594 -6.128245 8.049756
v -0.228247 -5.854962 7.785605
v -0.253149 -6.136703 7.988049
v -0.096875 -6.122342 7.983313
v 0.011602 -5.884214 7.738935
v -0.100172 -5.643558 7.476855
v -0.217405 -5.600164 7.489235
v -0.291352 -5.672649 7.494775
v -0.398452 -5.910690 7.739371
v -0.786031 -5.942607 7.729265
v -0.776618 -6.056428 7.603858
v -0.714525 -6.514485 8.095958
v -0.727293 -6.363144 8.265416
v -0.685609 -6.822215 8.541773
v -0.703884 -6.628672 8.761042
v -0.620694 -7.042297 8.867605
v -0.654211 -6.735235 9.198812
v -0.776618 -6.056428 7.603858
v -0.662637 -6.051372 7.608193
v -0.547915 -6.481507 8.074247
v -0.714525 -6.514485 8.095958
v -0.410201 -6.773752 8.514982
v -0.685609 -6.822215 8.541773
v -0.620694 -7.042297 8.867605
v -0.256162 -6.971017 8.826244
v -4.338244 -4.931190 6.515750
v -4.198928 -5.179793 6.122826
v -3.760978 -5.287562 6.347291
v -3.913729 -5.095520 6.769002
v -3.688378 -4.733838 6.344786
v -3.913729 -5.095520 6.769002
v -3.760978 -5.287562 6.347291
v -3.605677 -4.886433 6.080342
v -3.345360 -4.240869 5.923543
v -3.289180 -4.364927 5.721148
v -3.015595 -3.514441 5.474188
v -2.953142 -3.583781 5.329850
v -3.015595 -3.514441 5.474188
v -2.953142 -3.583781 5.329850
v -3.055321 -3.507366 5.253941
v -3.126551 -3.435958 5.394785
v -3.457578 -4.290423 5.629326
v -3.055321 -3.507366 5.253941
v -2.953142 -3.583781 5.329850
v -3.289180 -4.364927 5.721148
v -3.605677 -4.886433 6.080342
v -3.914903 -4.787704 5.906583
v -4.198928 -5.179793 6.122826
v -3.760978 -5.287562 6.347291
v -2.821817 -2.976465 5.302596
v -2.711490 -3.094393 5.353129
v -2.640832 -3.147820 4.946903
v -2.768875 -3.133012 4.961853
v -2.910672 -2.998433 5.241234
v -3.096593 -3.392881 5.054571
v -2.901927 -3.528640 5.113950
v -3.182238 -3.805671 5.305945
v -3.121232 -3.901850 5.329546
v -3.024790 -3.888575 5.399968
v -3.162950 -3.737374 5.673019
v -2.836993 -3.490112 5.588083
v -2.698494 -3.640662 5.315183
v -2.569190 -3.231658 5.073841
v -3.237761 -3.254455 5.332212
v -3.321105 -3.655226 5.578605
v -3.297192 -3.709983 5.676471
v -0.838550 -5.693014 7.568684
v -0.768117 -5.618914 7.562634
v -0.819209 -5.924335 7.326471
v -0.925022 -6.162407 7.571002
v -0.756853 -6.191386 7.522997
v -0.788161 -6.384154 7.818277
v -0.719055 -6.437422 7.813907
v -0.638605 -6.367868 7.812851
v -0.655727 -6.136589 8.055152
v -0.551689 -5.897910 7.810558
v -0.534903 -6.128990 7.568168
v -0.656802 -5.659607 7.549379
v -0.638590 -5.890769 7.307064
v -0.743906 -5.912898 7.254683
v -0.944083 -5.930976 7.813182
v -0.806007 -6.152755 8.060508
v -0.741318 -6.143302 8.121868
v -4.372975 -4.530804 6.000712
v -4.537250 -4.836024 6.413294
v -4.401432 -5.085728 6.019629
v -4.278959 -4.667705 5.732876
v -4.050454 -3.935496 5.555881
v -3.952122 -4.026664 5.364056
v -3.635107 -3.181137 5.131275
v -3.561912 -3.245936 4.988088
v -3.635107 -3.181137 5.131275
v -3.561912 -3.245936 4.988088
v -3.672149 -3.166061 4.907662
v -3.745103 -3.101104 5.050557
v -4.144691 -3.967842 5.273285
v -3.672149 -3.166061 4.907662
v -3.561912 -3.245936 4.988088
v -3.952122 -4.026664 5.364056
v -4.278959 -4.667705 5.732876
v -4.588021 -4.590761 5.589140
v -4.401432 -5.085728 6.019629
v -4.850318 -5.032825 5.823346
v -1.448966 -6.013324 7.632779
v -1.437612 -6.127426 7.507648
v -1.429249 -6.564815 8.001142
v -1.447197 -6.411682 8.170557
v -1.480796 -6.862943 8.457096
v -1.512300 -6.667565 8.677244
v -1.470436 -7.076850 8.789276
v -1.568288 -6.755229 9.124184
v -1.437612 -6.127426 7.507648
v -1.325266 -6.120634 7.512327
v -1.260912 -6.534265 7.979773
v -1.429249 -6.564815 8.001142
v -1.183115 -6.814794 8.425550
v -1.480796 -6.862943 8.457096
v -1.095916 -7.003315 8.745144
v -1.470436 -7.076850 8.789276
v -1.490779 -5.781402 7.480585
v -1.420832 -5.706241 7.474337
v -1.468950 -6.012505 7.238421
v -1.573369 -6.249148 7.482553
v -1.405042 -6.274222 7.433775
v -1.437484 -6.464503 7.728358
v -1.369411 -6.515873 7.723536
v -1.291042 -6.444531 7.722027
v -1.310632 -6.213134 7.964200
v -1.208207 -5.974183 7.719578
v -1.188509 -6.205447 7.477355
v -1.309220 -5.743549 7.460387
v -1.288092 -5.974689 7.218189
v -1.393285 -6.000009 7.166472
v -1.594795 -6.017845 7.724667
v -1.457701 -6.233074 7.970487
v -1.394698 -6.221683 8.031363
v -3.443780 -2.637909 4.953927
v -3.332628 -2.754811 5.004465
v -3.265090 -2.801356 4.598432
v -3.394164 -2.789320 4.613103
v -3.534661 -2.661057 4.892744
v -3.724062 -3.054858 4.704957
v -3.526937 -3.188020 4.764621
v -3.810074 -3.480018 4.961090
v -3.749959 -3.579718 4.986983
v -3.654734 -3.570569 5.060046
v -3.795436 -3.428904 5.335656
v -3.468568 -3.176887 5.251059
v -3.327137 -3.312643 4.972784
v -3.191734 -2.885081 4.725063
v -3.864784 -2.924011 4.983973
v -3.951333 -3.343384 5.238916
v -3.928858 -3.400693 5.337690
v -1.451789 -4.947891 7.219063
v -1.558093 -5.268926 7.634423
v -1.460018 -5.487819 7.227780
v -1.365096 -5.111193 6.962953
v -1.232463 -4.476363 6.790174
v -1.164233 -4.614466 6.595486
v -0.935346 -3.887337 6.366289
v -0.884825 -3.992455 6.221607
v 1.491645 -6.489173 8.629407
v 1.671600 -6.594223 9.057238
v 1.684365 -6.889223 8.723019
v 1.494509 -6.666226 8.404457
v 1.316638 -6.203275 8.126484
v 1.325454 -6.351853 7.956047
v 1.177468 -5.781937 7.604712
v 1.184954 -5.894765 7.478885
v 0.048539 -6.578652 8.685534
v 0.140229 -6.662275 9.119169
v 0.203657 -6.965143 8.779497
v 0.071908 -6.769375 8.463598
v -0.036955 -6.321321 8.181604
v -0.023555 -6.473191 8.012239
v -0.122478 -5.925676 7.664883
v -0.114157 -6.039335 7.539454
v -1.235844 -6.615169 8.648226
v -1.152449 -6.684205 9.073876
v -1.095916 -7.003315 8.745144
v -1.183115 -6.814794 8.425550
v -1.279985 -6.381000 8.148939
v -1.260912 -6.534265 7.979773
v -1.336885 -6.006406 7.637532
v -1.325266 -6.120634 7.512327
v -1.232463 -4.476363 6.790174
v -0.935346 -3.887337 6.366289
v -1.072895 -3.865789 6.301634
v -1.453107 -4.471622 6.711116
v -1.451789 -4.947891 7.219063
v -1.801090 -4.909186 7.072631
v -2.059053 -5.179734 7.422626
v -1.558093 -5.268926 7.634423
v -1.394698 -6.221683 8.031363
v -1.433767 -5.954198 7.768815
v -1.457701 -6.233074 7.970487
v -1.310632 -6.213134 7.964200
v -1.208207 -5.974183 7.719578
v -1.309220 -5.743549 7.460387
v -1.420832 -5.706241 7.474337
v -1.490779 -5.781402 7.480585
v -1.594795 -6.017845 7.724667
v 1.750866 -5.913747 7.971210
v 1.708390 -5.639497 7.706755
v 1.680216 -5.924793 7.910146
v 1.844188 -5.903531 7.903692
v 1.960078 -5.655122 7.656732
v 1.850713 -5.428510 7.399985
v 1.727750 -5.393291 7.414494
v 1.647856 -5.467126 7.419813
v 1.529155 -5.702100 7.662206
v 0.540998 -6.636972 9.058159
v 0.917647 -6.575205 9.021761
v 0.760046 -6.507598 8.609175
v 0.476306 -6.551994 8.632666
v 0.445115 -6.304206 8.147837
v 0.619361 -6.270251 8.126145
v 0.502008 -5.886134 7.622109
v 0.381175 -5.890986 7.617535
v -2.335172 -3.267817 5.551865
v -2.664909 -3.523673 5.645347
v -2.505475 -3.571970 5.800941
v -2.240758 -3.235837 5.607685
v -2.121803 -3.339138 5.650001
v -2.211981 -3.680594 5.887778
v -2.532859 -3.918218 5.980402
v -2.673680 -3.901617 5.987105
v -2.718229 -3.880878 5.889298
v -1.075378 -3.504721 5.156082
v -1.614818 -0.144419 1.426057
v -1.777562 -0.035015 1.630594
v -1.980278 -0.135042 1.541600
v -1.283438 -0.110962 1.940555
v -3.580765 -5.093166 6.890504
v -3.122499 -5.256182 7.155324
v -2.976759 -4.873079 6.689915
v -3.314714 -4.798656 6.520779
v -2.940009 -4.329120 6.128515
v -2.727687 -4.363481 6.225338
v -2.410175 -3.744595 5.781470
v -2.535277 -3.688589 5.705228
v 0.427252 -6.099094 8.015929
v 0.385405 -5.825812 7.751801
v 0.358817 -6.107737 7.954275
v 0.517049 -6.092803 7.949360
v 0.626810 -5.853944 7.704728
v 0.514894 -5.613604 7.442762
v 0.396577 -5.570696 7.455303
v 0.321290 -5.643394 7.460900
v 0.211658 -5.881782 7.705592
v -0.741318 -6.143302 8.121868
v -0.781940 -5.871356 7.858182
v -0.806007 -6.152755 8.060508
v -0.655727 -6.136589 8.055152
v -0.551689 -5.897910 7.810558
v -0.656802 -5.659607 7.549379
v -0.768117 -5.618914 7.562634
v -0.838550 -5.693014 7.568684
v -0.944083 -5.930976 7.813182
v -1.214657 -4.070823 6.594773
v -1.043753 -3.742564 6.403226
v -1.261319 -4.059441 6.502397
v -1.070251 -4.073728 6.579302
v -0.743017 -3.811250 6.468469
v -0.693647 -3.494362 6.224628
v -0.822799 -3.426446 6.189813
v -0.926742 -3.492270 6.141778
v -1.234171 -3.762909 6.261218
v -1.849750 -3.820605 6.026983
v -1.797964 -3.925710 5.882760
v -2.153099 -4.553552 6.248393
v -2.215078 -4.418818 6.448305
v -2.522704 -5.000425 6.547706
v -2.604537 -4.844313 6.813350
v -2.754482 -5.373038 6.775103
v -2.881027 -5.115704 7.168297
v -1.797964 -3.925710 5.882760
v -1.663737 -3.956340 5.952801
v -1.937954 -4.571842 6.334718
v -2.153099 -4.553552 6.248393
v -2.173104 -5.060169 6.709715
v -2.522704 -5.000425 6.547706
v -2.286312 -5.438638 6.982386
v -2.754482 -5.373038 6.775103
v -2.005225 -4.020075 6.307657
v -1.837877 -3.698056 6.121478
v -2.051676 -4.004515 6.212670
v -1.861928 -4.029688 6.296873
v -1.535848 -3.779449 6.195621
v -1.455918 -3.464335 5.957590
v -1.588911 -3.393442 5.920710
v -1.698390 -3.452756 5.867691
v -2.025647 -3.702533 5.969090
v -2.535277 -3.688589 5.705228
v -2.464682 -3.762387 5.564398
v -2.870972 -4.461414 5.929504
v -2.940009 -4.329120 6.128515
v -3.229704 -4.931809 6.245174
v -3.314714 -4.798656 6.520779
v -3.450116 -5.336746 6.490805
v -3.580765 -5.093166 6.890504
v -3.126551 -3.435958 5.394785
v -3.055321 -3.507366 5.253941
v -3.457578 -4.290423 5.629326
v -3.532801 -4.202394 5.831891
v -3.914903 -4.787704 5.906583
v -4.011765 -4.648871 6.173446
v -4.198928 -5.179793 6.122826
v -4.338244 -4.931190 6.515750
v -4.338244 -4.931190 6.515750
v -3.913729 -5.095520 6.769002
v -3.688378 -4.733838 6.344786
v -4.011765 -4.648871 6.173446
v -3.532801 -4.202394 5.831891
v -3.345360 -4.240869 5.923543
v -3.015595 -3.514441 5.474188
v -3.126551 -3.435958 5.394785
v -1.020096 -3.970289 6.156894
v -0.884825 -3.992455 6.221607
v -1.164233 -4.614466 6.595486
v -1.387256 -4.606743 6.515033
v -1.365096 -5.111193 6.962953
v -1.729356 -5.065953 6.814290
v -1.460018 -5.487819 7.227780
v -1.939842 -5.437756 7.034906
v -1.072895 -3.865789 6.301634
v -1.020096 -3.970289 6.156894
v -1.387256 -4.606743 6.515033
v -1.453107 -4.471622 6.711116
v -1.729356 -5.065953 6.814290
v -1.801090 -4.909186 7.072631
v -1.939842 -5.437756 7.034906
v -2.059053 -5.179734 7.422626
v -3.745103 -3.101104 5.050557
v -4.242786 -3.873715 5.463439
v -3.635107 -3.181137 5.131275
v -4.050454 -3.935496 5.555881
v -4.372975 -4.530804 6.000712
v -4.706592 -4.477758 5.846100
v -4.537250 -4.836024 6.413294
v -4.994507 -4.837706 6.246577
v -3.745103 -3.101104 5.050557
v -3.672149 -3.166061 4.907662
v -4.144691 -3.967842 5.273285
v -4.242786 -3.873715 5.463439
v -4.588021 -4.590761 5.589140
v -4.706592 -4.477758 5.846100
v -4.850318 -5.032825 5.823346
v -4.994507 -4.837706 6.246577
v -3.928858 -3.400693 5.337690
v -3.722058 -3.004013 5.150153
v -3.951333 -3.343384 5.238916
v -3.795436 -3.428904 5.335656
v -3.468568 -3.176887 5.251059
v -3.332628 -2.754811 5.004465
v -3.443780 -2.637909 4.953927
v -3.534661 -2.661057 4.892744
v -3.864784 -2.924011 4.983973
v -3.297192 -3.709983 5.676471
v -3.095998 -3.328458 5.494390
v -3.321105 -3.655226 5.578605
v -3.162950 -3.737374 5.673019
v -2.836993 -3.490112 5.588083
v -2.711490 -3.094393 5.353129
v -2.821817 -2.976465 5.302596
v -2.910672 -2.998433 5.241234
v -3.237761 -3.254455 5.332212
vn -0.2089 -0.9346 0.2880
vn -0.2090 -0.9345 0.2880
vn -0.8088 0.3368 -0.4820
vn -0.8089 0.3368 -0.4820
vn -0.7603 0.4054 -0.5075
vn -0.6975 0.4309 -0.5725
vn -0.6866 0.3894 -0.6140
vn -0.5075 -0.1017 -0.8556
vn 0.1805 -0.5250 -0.8318
vn -0.7099 -0.4326 -0.5558
vn -0.2298 -0.8663 -0.4435
vn 0.3675 -0.9231 0.1135
vn 0.1943 -0.4962 0.8462
vn 0.4624 0.0992 0.8811
vn 0.7895 -0.6016 -0.1212
vn 0.6573 0.5046 0.5597
vn 0.9896 0.0826 -0.1179
vn 0.4567 0.3105 -0.8336
vn -0.2703 0.5010 -0.8222
vn -0.4239 0.8949 -0.1393
vn -0.8242 0.5592 0.0893
vn -0.9982 -0.0497 0.0330
vn -0.6425 -0.2267 0.7320
vn 0.0887 0.9272 0.3640
vn -0.6425 -0.2268 0.7320
vn -0.2635 0.5496 0.7928
vn 0.4624 0.0991 0.8811
vn 0.0888 0.9272 0.3640
vn -0.4239 0.8949 -0.1394
vn -0.8243 0.5592 0.0892
vn -0.0308 0.0191 0.9993
vn 0.3047 0.1349 0.9429
vn 0.5027 0.2354 0.8318
vn -0.8741 0.4693 -0.1250
vn -0.7096 0.6960 0.1096
vn -0.6799 0.7303 0.0659
vn -0.7858 0.5719 -0.2354
vn -0.6242 0.7755 0.0947
vn -0.8053 0.5907 -0.0501
vn -0.6348 0.6966 0.3344
vn -0.8353 0.4894 0.2504
vn -0.6920 0.4299 0.5800
vn -0.8550 0.3462 0.3861
vn -0.7341 0.1416 0.6641
vn -0.3096 0.2885 0.9061
vn -0.4354 -0.0121 0.9002
vn -0.3305 0.3177 0.8887
vn -0.4288 0.0562 0.9017
vn -0.3908 0.3151 0.8649
vn -0.4353 -0.0121 0.9002
vn 0.1164 0.2761 0.9541
vn 0.2881 0.5570 0.7789
vn -0.2650 0.5920 0.7611
vn -0.1923 0.5682 0.8001
vn -0.1699 0.6360 0.7527
vn 0.6910 0.3647 0.6241
vn 0.2761 0.5990 0.7516
vn -0.2165 0.6883 0.6924
vn -0.1287 0.7199 0.6821
vn -0.1639 0.7952 0.5838
vn -0.2946 0.8157 0.4979
vn -0.3518 0.8288 0.4351
vn -0.1263 0.9744 0.1860
vn -0.1080 0.9409 0.3209
vn 0.0222 0.9996 -0.0157
vn 0.4863 0.7556 0.4390
vn 0.5479 0.8074 0.2190
vn 0.2569 0.9465 0.1951
vn 0.2156 0.8683 0.4467
vn -0.1048 0.9892 0.1023
vn -0.1731 0.9230 0.3437
vn -0.2757 0.7793 0.5627
vn -0.2245 0.7361 0.6385
vn -0.2165 0.6883 0.6923
vn 0.1884 0.6033 0.7749
vn 0.6237 0.4167 0.6613
vn 0.4560 0.6340 0.6246
vn -0.2696 0.7449 0.6103
vn 0.1543 0.7421 0.6523
vn 0.4888 0.4656 0.7378
vn -0.0936 0.9134 -0.3962
vn 0.2546 0.8326 -0.4919
vn 0.6182 0.5558 -0.5558
vn 0.5504 -0.1095 -0.8277
vn 0.3252 0.2421 -0.9141
vn 0.7043 -0.4893 -0.5144
vn -0.4846 -0.8312 0.2724
vn -0.3628 -0.0368 0.9311
vn -0.5202 0.5618 0.6432
vn -0.0966 -0.9349 0.3415
vn 0.2283 -0.8926 -0.3887
vn 0.4728 -0.8719 -0.1274
vn 0.5327 -0.3729 -0.7597
vn -0.0223 0.6053 -0.7957
vn 0.2206 0.8082 -0.5460
vn 0.1515 0.9770 -0.1504
vn -0.4630 0.8835 -0.0704
vn -0.6197 0.7620 -0.1881
vn -0.8063 0.5715 -0.1528
vn 0.2084 -0.1110 -0.9717
vn 0.3642 0.4261 -0.8282
vn -0.0291 -0.7938 -0.6074
vn -0.9142 -0.3984 0.0737
vn -0.5696 0.5363 0.6228
vn 0.0884 0.7544 0.6504
vn 0.5304 0.6854 0.4988
vn 0.5515 0.6484 0.5248
vn 0.5445 0.6118 0.5737
vn 0.6311 0.5790 0.5162
vn 0.6194 0.5512 0.5590
vn 0.7369 0.5599 0.3788
vn 0.8063 0.4610 0.3706
vn -0.8475 -0.5219 0.0965
vn 0.1117 -0.8167 -0.5662
vn 0.4644 -0.2290 -0.8555
vn 0.6860 0.0888 -0.7222
vn -0.6286 0.7766 0.0414
vn -0.0803 0.9826 0.1673
vn -0.4951 0.8675 0.0482
vn -0.0158 0.9517 0.3067
vn 0.8339 0.4945 0.2452
vn 0.7890 0.4606 0.4065
vn 0.8932 0.4028 0.1998
vn 0.6211 0.5067 0.5979
vn 0.5494 0.5549 0.6247
vn 0.5865 0.6070 0.5363
vn 0.0885 0.7544 0.6504
vn -0.6425 0.4790 0.5981
vn -0.3625 0.7995 -0.4790
vn -0.1848 0.8747 -0.4481
vn 0.1815 0.5779 -0.7957
vn -0.1580 0.0597 -0.9856
vn 0.5785 -0.3451 -0.7391
vn -0.5902 -0.4247 -0.6865
vn 0.1652 -0.8162 -0.5536
vn -0.9718 0.2359 -0.0055
vn -0.7985 -0.5944 0.0950
vn -0.6349 0.6965 0.3344
vn 0.1433 0.9595 0.2425
vn -0.0159 0.9517 0.3067
vn -0.0497 0.9429 0.3293
vn -0.6628 0.7485 -0.0222
vn -0.7239 0.4122 -0.5532
vn -0.9095 0.1927 -0.3685
vn -0.7763 0.6296 -0.0322
vn -0.5773 0.8089 0.1114
vn -0.3516 0.9334 0.0713
vn -0.2447 0.9663 -0.0793
vn -0.4973 0.8580 -0.1286
vn -0.6154 0.7807 -0.1084
vn -0.4924 -0.3917 -0.7773
vn -0.3037 -0.8485 -0.4334
vn -0.5392 -0.7579 -0.3672
vn -0.0724 -0.9259 -0.3707
vn -0.1466 -0.4956 -0.8561
vn 0.1172 -0.9187 -0.3771
vn 0.1972 -0.4607 -0.8654
vn 0.2265 -0.8472 -0.4805
vn -0.1501 0.1599 -0.9757
vn -0.5194 0.1788 -0.8356
vn -0.5618 0.0687 -0.8244
vn -0.8198 0.2906 -0.4934
vn -0.1460 -0.0589 -0.9875
vn 0.2034 0.1889 -0.9607
vn 0.3599 -0.3581 -0.8615
vn 0.4905 -0.7550 -0.4352
vn 0.2389 -0.0923 -0.9667
vn 0.3630 0.2098 -0.9079
vn -0.9067 0.4144 -0.0788
vn -0.7301 0.6831 0.0156
vn -0.6591 0.6738 -0.3340
vn -0.5144 0.4882 -0.7050
vn -0.1458 0.2737 -0.9507
vn 0.2600 0.1899 -0.9468
vn 0.4327 -0.0083 -0.9015
vn 0.7160 0.3558 -0.6006
vn 0.7220 -0.2440 -0.6474
vn 0.9829 -0.0874 -0.1619
vn 0.7895 -0.6016 -0.1213
vn 0.8270 -0.5489 0.1213
vn 0.9849 -0.0392 0.1686
vn 0.8422 0.5295 -0.1019
vn 0.0034 0.9838 -0.1791
vn -0.0713 0.9962 -0.0503
vn 0.0131 0.9962 0.0856
vn 0.0240 0.9755 0.2186
vn 0.0831 0.9566 0.2792
vn -0.7301 0.6433 0.2304
vn 0.1860 0.9656 0.1820
vn -0.6745 0.6810 0.2850
vn -0.6631 0.6438 0.3818
vn 0.0517 0.9924 0.1115
vn -0.6786 0.4841 0.5524
vn -0.2973 0.9056 0.3026
vn -0.5926 0.4039 0.6969
vn -0.5524 0.4964 0.6697
vn 0.0131 0.9962 0.0857
vn 0.4571 0.8851 -0.0879
vn 0.6009 0.7944 0.0884
vn 0.4499 0.8625 0.2315
vn 0.3880 0.8786 0.2785
vn 0.3457 0.8946 0.2831
vn 0.1827 0.9280 0.3246
vn 0.0977 0.9705 -0.2204
vn 0.4762 0.3522 -0.8057
vn 0.9403 0.3375 -0.0447
vn 0.8061 0.2056 -0.5550
vn 0.8152 0.5786 -0.0237
vn 0.6907 0.5704 -0.4446
vn 0.0252 0.9883 -0.1504
vn -0.0095 0.9984 -0.0563
vn -0.0625 0.9979 0.0188
vn 0.7824 0.5990 0.1706
vn -0.3904 0.9060 0.1638
vn -0.2972 0.9056 0.3026
vn 0.9263 -0.0632 0.3715
vn 0.8726 0.0155 0.4882
vn 0.8112 0.1533 0.5644
vn 0.7821 0.2165 0.5844
vn 0.4652 0.2587 0.8466
vn 0.7914 -0.5632 0.2376
vn 0.8228 -0.4538 0.3421
vn 0.8330 -0.2693 0.4834
vn 0.8411 -0.1744 0.5119
vn 0.5645 -0.2012 0.8006
vn -0.1045 -0.5197 0.8479
vn -0.7853 0.3076 -0.5372
vn -0.7839 -0.2923 -0.5477
vn -0.9603 -0.2457 -0.1324
vn -0.8570 0.4915 0.1547
vn -0.9620 -0.2497 0.1107
vn -0.8019 0.5581 0.2133
vn -0.9606 -0.2141 0.1774
vn -0.9378 -0.1704 0.3025
vn -0.7078 0.5979 0.3761
vn -0.5988 0.5911 0.5405
vn -0.7558 0.5138 0.4058
vn -0.8872 0.4329 0.1598
vn -0.8994 -0.1061 0.4241
vn -0.4714 0.6360 0.6110
vn -0.6837 -0.7198 -0.1205
vn -0.6564 -0.7532 0.0426
vn -0.6472 -0.7578 0.0830
vn -0.6758 -0.7299 0.1028
vn -0.7376 -0.6637 0.1243
vn -0.8531 0.0680 0.5173
vn -0.7354 0.3163 0.5993
vn -0.6424 0.4791 0.5982
vn -0.9157 0.3302 0.2291
vn -0.8674 0.4237 0.2610
vn -0.5980 0.6325 0.4923
vn -0.9364 0.1051 0.3349
vn -0.9287 -0.1402 0.3434
vn -0.8444 -0.4753 0.2473
vn 0.0658 0.7853 0.6156
vn -0.4163 0.4381 0.7967
vn -0.3251 0.5335 0.7808
vn -0.3250 0.5335 0.7809
vn -0.1699 0.6361 0.7527
vn -0.2892 0.6276 0.7228
vn -0.0939 0.7188 0.6888
vn -0.0521 0.7445 0.6656
vn -0.5411 0.6812 0.4932
vn -0.8551 0.3461 0.3861
vn -0.5150 0.6124 0.5998
vn -0.7935 0.3143 0.5212
vn -0.4633 0.4530 0.7617
vn -0.3880 0.2816 0.8776
vn -0.7204 0.2847 0.6325
vn 0.0967 0.5474 0.8312
vn 0.0885 0.7545 0.6504
vn 0.0980 0.3116 0.9451
vn -0.0105 0.5779 0.8160
vn 0.2652 0.7092 0.6532
vn 0.1822 0.6726 0.7172
vn 0.0246 0.6653 0.7462
vn 0.3509 0.7253 0.5923
vn -0.1915 0.7230 0.6638
vn -0.1399 0.5298 0.8365
vn 0.3800 0.7268 0.5722
vn 0.3681 0.5397 0.7571
vn -0.0189 0.8911 0.4534
vn 0.3173 0.7382 0.5953
vn 0.6396 0.6389 0.4274
vn 0.7274 0.5933 0.3447
vn 0.7569 0.5539 0.3467
vn 0.6983 0.4831 0.5282
vn 0.3383 0.3433 0.8762
vn -0.0832 0.2951 0.9518
vn 0.0056 0.3812 0.9245
vn 0.8454 -0.3917 -0.3631
vn 0.7663 -0.6336 0.1066
vn 0.0154 -0.7375 -0.6752
vn 0.6986 0.1550 -0.6985
vn -0.1739 0.0043 -0.9847
vn -0.7987 -0.4663 -0.3802
vn -0.7015 -0.7030 0.1169
vn 0.0497 -0.9983 0.0317
vn 0.7344 -0.0610 0.6759
vn 0.7677 0.4684 0.4374
vn 0.6169 0.7810 -0.0978
vn -0.2599 0.9648 -0.0405
vn -0.7717 0.0694 -0.6321
vn -0.8062 0.5816 -0.1085
vn -0.7383 -0.1905 0.6470
vn -0.0492 -0.0197 0.9986
vn 0.7409 -0.2439 0.6258
vn 0.7672 -0.1769 0.6166
vn 0.7817 -0.2242 0.5819
vn 0.7817 -0.2242 0.5820
vn 0.8411 -0.1353 0.5237
vn 0.8411 -0.1353 0.5236
vn 0.5539 0.8291 -0.0756
vn 0.5539 0.8291 -0.0757
vn 0.5540 0.8291 -0.0757
vn 0.2333 -0.5007 -0.8336
vn 0.2333 -0.5006 -0.8336
vn 0.2336 -0.5008 -0.8334
vn 0.2434 -0.5337 -0.8099
vn -0.9937 -0.1092 0.0235
vn -0.9883 -0.1391 0.0628
vn -0.9883 -0.1391 0.0629
vn -0.9813 -0.1792 0.0706
vn 0.0596 -0.7450 -0.6644
vn 0.0701 -0.7939 -0.6040
vn 0.1117 -0.8167 -0.5661
vn 0.1118 -0.8167 -0.5662
vn -0.1915 0.7229 0.6638
vn -0.1981 0.6666 0.7187
vn -0.0167 0.7380 -0.6746
vn 0.2083 -0.6790 0.7040
vn 0.9363 0.2961 -0.1890
vn 0.9059 0.3472 -0.2423
vn 0.9059 0.3472 -0.2424
vn 0.9721 0.2077 -0.1086
vn 0.9722 0.2077 -0.1086
vn 0.0596 -0.7450 -0.6643
vn 0.0616 -0.7112 -0.7003
vn 0.0596 -0.7451 -0.6643
vn 0.1055 -0.7906 -0.6032
vn 0.8923 0.3575 -0.2758
vn 0.8923 0.3575 -0.2757
vn 0.9817 0.1719 -0.0825
vn -0.0957 0.8513 0.5159
vn -0.0806 0.7910 0.6065
vn -0.0807 0.7910 0.6065
vn -0.0954 0.8513 0.5159
vn -0.9694 -0.2014 0.1400
vn -0.2171 0.9757 -0.0303
vn -0.7718 0.0695 -0.6321
vn 0.0155 -0.7375 -0.6752
vn -0.7016 -0.7030 0.1169
vn 0.0496 -0.9983 0.0317
vn 0.7576 -0.0391 0.6516
vn 0.7677 0.4683 0.4374
vn -0.1740 0.0043 -0.9847
vn -0.7665 -0.1833 0.6155
vn -0.0493 -0.0197 0.9986
vn 0.9060 0.3473 -0.2422
vn -0.0168 0.7380 -0.6746
vn -0.0165 0.7381 -0.6745
vn -0.1264 0.9744 0.1860
vn -0.2984 -0.8521 0.4300
vn -0.2984 -0.8521 0.4299
vn 0.3504 0.8135 -0.4641
vn 0.3504 0.8135 -0.4642
vn 0.4748 -0.8356 0.2761
vn -0.1080 -0.9804 -0.1647
vn 0.1992 -0.6071 -0.7692
vn 0.8169 -0.5658 -0.1121
vn 0.9298 0.0772 -0.3600
vn 0.3031 0.1932 -0.9332
vn -0.3800 0.3431 -0.8590
vn 0.4962 0.1772 0.8499
vn 0.6988 0.6513 0.2958
vn -0.0719 0.9939 0.0832
vn -0.5499 0.7852 -0.2847
vn -0.5728 -0.2013 -0.7946
vn -0.7505 -0.5649 -0.3429
vn -0.9667 -0.0859 0.2410
vn -0.4947 -0.1517 0.8557
vn 0.2810 -0.3538 0.8921
vn -0.8511 0.5201 0.0713
vn -0.1731 0.9230 0.3436
vn -0.1632 0.8877 0.4305
vn -0.1632 0.8877 0.4306
vn -0.0748 0.7639 0.6410
vn -0.1101 0.8200 0.5617
vn -0.1101 0.8200 0.5616
vn -0.1596 0.9566 0.2437
vn -0.0492 -0.0198 0.9986
vn -0.7666 -0.1833 0.6155
vn 0.7575 -0.0391 0.6516
vn 0.7677 0.4683 0.4373
vn 0.6168 0.7810 -0.0978
vn -0.2170 0.9757 -0.0304
vn -0.8062 0.5817 -0.1085
vn -0.9769 -0.1848 0.1077
vn -0.9769 -0.1847 0.1079
vn -0.2171 0.9757 -0.0304
vn -0.7915 0.0368 -0.6100
vn 0.7576 -0.0390 0.6516
vn 0.7677 0.4684 0.4373
vn 0.8264 -0.4080 -0.3881
vn -0.1739 0.0043 -0.9848
vn -0.8550 0.3461 0.3861
vn 0.2749 -0.7407 0.6130
vn 0.2750 -0.7407 0.6130
vn 0.1764 -0.7122 0.6795
vn 0.1764 -0.7122 0.6794
vn -0.1366 0.9223 0.3615
vn -0.9960 -0.0892 -0.0055
vn -0.9971 -0.0635 -0.0416
vn -0.9921 -0.1227 -0.0242
vn -0.9922 -0.1227 -0.0242
vn -0.9861 -0.1658 0.0139
vn -0.9861 -0.1657 0.0142
vn 0.2082 -0.6790 0.7040
vn -0.2142 -0.8868 0.4094
vn -0.2141 -0.8868 0.4096
vn -0.2142 -0.8868 0.4095
vn -0.3406 -0.8538 0.3936
vn -0.3406 -0.8538 0.3937
vn -0.3406 -0.8539 0.3936
vn 0.9327 -0.0896 0.3494
vn 0.9526 -0.0129 0.3039
vn 0.9327 -0.0897 0.3494
vn 0.8987 -0.1720 0.4034
vn 0.8987 -0.1719 0.4034
vn 0.4092 0.8003 -0.4383
vn 0.4093 0.8004 -0.4380
vn 0.4094 0.8004 -0.4379
vn 0.4093 0.8004 -0.4381
vn 0.7896 -0.6016 -0.1212
vn 0.4298 -0.8571 0.2841
vn -0.1438 -0.9737 -0.1767
vn -0.5495 -0.1793 -0.8160
vn -0.8243 0.5591 0.0893
vn -0.4946 -0.1517 0.8558
vn 0.2385 -0.3661 0.8995
vn 0.7003 0.6333 0.3295
vn -0.0298 0.9953 0.0922
vn -0.4872 0.8223 -0.2940
vn -0.3212 0.3764 -0.8690
vn -0.2335 0.6519 0.7214
vn -0.2336 0.6519 0.7214
vn -0.1100 0.8200 0.5617
vn -0.7987 -0.4663 -0.3803
vn -0.7016 -0.7029 0.1169
vn 0.0127 -0.9995 0.0281
vn 0.8454 -0.3916 -0.3631
vn -0.8741 0.3272 0.3589
vn -0.4351 -0.8480 0.3026
vn -0.4351 -0.8480 0.3027
vn -0.4352 -0.8480 0.3026
vn 0.9111 -0.1012 0.3996
vn 0.8864 -0.1467 0.4391
vn 0.5570 0.8046 -0.2058
vn 0.2414 -0.5989 -0.7636
vn 0.2415 -0.5989 -0.7636
vn 0.6864 0.5406 0.4865
vn 0.4078 0.2715 -0.8718
vn -0.2738 0.4514 -0.8493
vn -0.4259 0.8794 -0.2128
vn 0.1805 -0.5250 -0.8317
vn -0.7486 -0.4793 -0.4581
vn -0.2268 -0.9273 -0.2979
vn 0.3816 -0.8941 0.2346
vn 0.1956 -0.3929 0.8986
vn 0.4717 0.1436 0.8700
vn 0.9770 0.0761 -0.1990
vn -0.9862 -0.0628 0.1533
vn -0.5530 -0.1575 0.8182
vn -0.0493 -0.0198 0.9986
vn -0.1287 0.7199 0.6820
vn -0.8742 0.3272 0.3589
vn -0.4352 -0.8480 0.3027
vn 0.8881 -0.2129 0.4074
vn 0.9111 -0.1012 0.3997
vn 0.2338 -0.5728 -0.7857
vn 0.2414 -0.5988 -0.7637
vn 0.2414 -0.5988 -0.7636
vn 0.1302 0.9224 0.3637
vn 0.4853 0.2786 -0.8288
vn -0.2702 0.5010 -0.8222
vn -0.2565 -0.8710 -0.4189
vn 0.3452 -0.9257 0.1544
vn 0.1741 -0.4715 0.8645
vn 0.9937 0.0502 -0.1003
vn -0.8242 0.5592 0.0892
vn -0.8248 0.5531 -0.1174
vn -0.2600 0.9648 -0.0405
vn -0.7916 0.0368 -0.6100
vn 0.7919 -0.6010 0.1082
vn -0.8742 0.3271 0.3589
vn 0.9372 -0.0362 0.3469
vn 0.9373 -0.0362 0.3468
vn 0.8601 -0.1700 0.4810
vn 0.8412 -0.1745 0.5119
vn 0.8411 -0.1745 0.5119
vn 0.6095 0.7914 -0.0476
vn 0.6094 0.7914 -0.0476
vn 0.6095 0.7913 -0.0476
vn 0.2338 -0.5728 -0.7856
vn -0.9971 -0.0634 -0.0416
vn -0.9960 -0.0337 -0.0822
vn -0.9910 -0.0673 -0.1156
vn -0.9855 -0.1304 -0.1082
vn 0.0862 -0.8395 -0.5366
vn 0.0862 -0.8395 -0.5365
vn 0.0862 -0.8394 -0.5366
vn 0.0496 -0.9983 0.0318
vn -0.2298 -0.8664 -0.4434
vn 0.9896 0.0825 -0.1179
vn 0.9372 -0.0362 0.3468
vn 0.9372 -0.0363 0.3468
vn 0.9220 0.3098 -0.2324
vn 0.8922 0.3575 -0.2758
vn 0.9643 0.2208 -0.1464
vn 0.9577 0.2644 -0.1138
vn 0.9295 0.3362 -0.1518
vn 0.9295 0.3361 -0.1519
vn 0.9881 0.1430 -0.0560
vn 0.9630 0.2629 -0.0596
vn 0.9435 0.3133 -0.1077
vn 0.9435 0.3132 -0.1078
vn 0.9630 0.2629 -0.0595
vn 0.9851 0.1717 -0.0138
vn 0.9911 0.1319 -0.0165
vn 0.9911 0.1319 -0.0166
vn -0.1650 0.7652 0.6223
vn -0.7666 -0.1833 0.6154
vn -0.2599 0.9648 -0.0406
vn -0.7383 -0.1906 0.6470
vn 0.7344 -0.0611 0.6760
vn 0.6169 0.7809 -0.0978
vn -0.8243 0.5591 0.0892
vn 0.0832 0.9566 0.2792
vn 0.6864 0.5406 0.4864
vn 0.4717 0.1435 0.8700
vn 0.1955 -0.3929 0.8986
vn -0.5530 -0.1576 0.8181
vn -0.9862 -0.0629 0.1533
vn -0.0142 0.7271 0.6863
vn 0.2207 0.8082 -0.5460
vn -0.1448 0.9624 -0.2299
vn -0.3874 0.8930 -0.2292
vn 0.5650 0.6101 -0.5555
vn -0.1303 0.7525 0.6456
vn -0.2119 0.6338 0.7440
vn -0.2119 0.6337 0.7440
vn -0.8551 0.3461 0.3860
vn -0.2600 0.9648 -0.0406
vn -0.4947 -0.1518 0.8557
vn -0.2893 0.6276 0.7228
vn -0.9667 -0.0860 0.2410
vn 0.2809 -0.3538 0.8921
vn 0.4962 0.1771 0.8499
vn -0.0718 0.9939 0.0832
vn -0.8512 0.5201 0.0712
vn -0.8633 0.2417 -0.4430
vn -0.8418 0.2712 -0.4668
vn -0.8336 0.3120 -0.4559
vn -0.8336 0.3119 -0.4559
vn 0.2417 -0.6265 -0.7410
vn 0.2385 -0.3662 0.8995
vn 0.7003 0.6333 0.3296
vn -0.0297 0.9953 0.0921
vn -0.4871 0.8223 -0.2940
vn -0.8617 0.2066 -0.4634
vn -0.8572 0.2798 -0.4323
vn -0.7852 0.3829 -0.4866
vn -0.7852 0.3829 -0.4867
vn -0.0806 0.7909 0.6066
vn -0.1981 0.6666 0.7186
vn -0.2241 0.5769 0.7855
vn -0.8418 0.2713 -0.4668
vn -0.8418 0.2713 -0.4667
vn -0.2023 0.6026 0.7720
vn -0.1922 0.5682 0.8001
vn -0.8130 0.2383 -0.5313
vn 0.4625 0.0991 0.8811
vn -0.6425 -0.2267 0.7319
vn 0.1741 -0.4716 0.8645
vn 0.1303 0.9224 0.3637
vt 0.942205 0.011380
vt 0.857354 0.012959
vt 0.892556 0.015737
vt 0.918483 0.017336
vt 0.886937 0.067373
vt 0.891569 0.065882
vt 0.886051 0.045936
vt 0.873180 0.045359
vt 0.889594 0.024910
vt 0.864244 0.024163
vt 0.874999 0.078934
vt 0.889350 0.079230
vt 0.883903 0.074274
vt 0.890478 0.074093
vt 0.898838 0.074945
vt 0.902396 0.070740
vt 0.924911 0.080258
vt 0.909696 0.079727
vt 0.906401 0.088762
vt 0.903427 0.084417
vt 0.894398 0.084404
vt 0.886974 0.083860
vt 0.881014 0.087659
vt 0.861420 0.078092
vt 0.881865 0.070158
vt 0.890222 0.069376
vt 0.891575 0.089231
vt 0.921314 0.064151
vt 0.920582 0.068917
vt 0.917074 0.064518
vt 0.926768 0.064964
vt 0.934911 0.069501
vt 0.929720 0.073831
vt 0.922901 0.073883
vt 0.917859 0.073105
vt 0.909625 0.068575
vt 0.161449 0.096914
vt 0.101435 0.096914
vt 0.101435 0.108516
vt 0.898565 0.235294
vt 0.838551 0.235294
vt 0.838551 0.239101
vt 0.898565 0.176471
vt 0.838551 0.176471
vt 0.898565 0.141740
vt 0.838551 0.141740
vt 0.898565 0.108516
vt 0.838551 0.108516
vt 0.898565 0.096914
vt 0.838551 0.096914
vt 0.681723 0.108516
vt 0.681723 0.096914
vt 0.477846 0.108516
vt 0.477846 0.096914
vt 0.298476 0.108516
vt 0.298476 0.096914
vt 0.161449 0.108516
vt 0.161449 0.141740
vt 0.298476 0.141740
vt 0.477846 0.141740
vt 0.681723 0.141740
vt 0.101435 0.141740
vt 0.161449 0.176471
vt 0.298476 0.176471
vt 0.477846 0.176471
vt 0.681723 0.176471
vt 0.681723 0.235294
vt 0.681723 0.239101
vt 0.681723 0.242356
vt 0.477846 0.242356
vt 0.477846 0.246142
vt 0.101435 0.242356
vt 0.101435 0.246142
vt 0.161449 0.246142
vt 0.161449 0.242356
vt 0.298476 0.246142
vt 0.298476 0.242356
vt 0.477846 0.239101
vt 0.477846 0.235294
vt 0.298476 0.235294
vt 0.161449 0.235294
vt 0.101435 0.176471
vt 0.101435 0.239101
vt 0.298476 0.239101
vt 0.161449 0.239101
vt 0.101435 0.235294
vt 0.298476 0.250344
vt 0.161449 0.250344
vt 0.101435 0.250344
vt 0.101435 0.258213
vt 0.161449 0.258213
vt 0.101435 0.265881
vt 0.161449 0.294118
vt 0.161449 0.309746
vt 0.298476 0.309746
vt 0.101435 0.294118
vt 0.161449 0.279694
vt 0.101435 0.279694
vt 0.161449 0.265881
vt 0.298476 0.258213
vt 0.477846 0.250344
vt 0.681723 0.246142
vt 0.838551 0.242356
vt 0.898565 0.242356
vt 0.898565 0.239101
vt 0.298476 0.265881
vt 0.477846 0.258213
vt 0.298476 0.279694
vt 0.298476 0.294118
vt 0.477846 0.309746
vt 0.298476 0.324744
vt 0.477846 0.324744
vt 0.298476 0.339456
vt 0.477846 0.339456
vt 0.298476 0.352941
vt 0.477846 0.352941
vt 0.298476 0.367201
vt 0.477846 0.367201
vt 0.298476 0.383752
vt 0.477846 0.383752
vt 0.477846 0.294118
vt 0.477846 0.279694
vt 0.477846 0.265881
vt 0.681723 0.258213
vt 0.898565 0.396628
vt 0.838551 0.396628
vt 0.898565 0.411765
vt 0.838551 0.383752
vt 0.681723 0.396628
vt 0.681723 0.383752
vt 0.477846 0.396628
vt 0.681723 0.367201
vt 0.681723 0.352941
vt 0.681723 0.339456
vt 0.681723 0.324744
vt 0.681723 0.309746
vt 0.898565 0.258213
vt 0.898565 0.250344
vt 0.838551 0.258213
vt 0.838551 0.265881
vt 0.681723 0.265881
vt 0.838551 0.279694
vt 0.681723 0.279694
vt 0.838551 0.294118
vt 0.681723 0.294118
vt 0.838551 0.309746
vt 0.838551 0.324744
vt 0.838551 0.339456
vt 0.838551 0.352941
vt 0.838551 0.367201
vt 0.898565 0.383752
vt 0.898565 0.265881
vt 0.898565 0.279694
vt 0.898565 0.294118
vt 0.898565 0.309746
vt 0.898565 0.324744
vt 0.898565 0.339456
vt 0.898565 0.352941
vt 0.898565 0.367201
vt 0.161449 0.486746
vt 0.101435 0.486746
vt 0.101435 0.502119
vt 0.101435 0.470588
vt 0.161449 0.470588
vt 0.101435 0.456607
vt 0.161449 0.456607
vt 0.101435 0.441483
vt 0.298476 0.470588
vt 0.298476 0.486746
vt 0.477846 0.486746
vt 0.477846 0.502119
vt 0.477846 0.470588
vt 0.298476 0.456607
vt 0.161449 0.441483
vt 0.101435 0.426422
vt 0.477846 0.456607
vt 0.298476 0.441483
vt 0.477846 0.517029
vt 0.681723 0.517029
vt 0.681723 0.502119
vt 0.681723 0.486746
vt 0.681723 0.470588
vt 0.681723 0.456607
vt 0.477846 0.441483
vt 0.298476 0.426422
vt 0.161449 0.426422
vt 0.161449 0.411765
vt 0.101435 0.411765
vt 0.101435 0.396628
vt 0.161449 0.396628
vt 0.298476 0.411765
vt 0.838551 0.470588
vt 0.838551 0.486746
vt 0.838551 0.502119
vt 0.838551 0.517029
vt 0.838551 0.529412
vt 0.681723 0.529412
vt 0.838551 0.544040
vt 0.681723 0.544040
vt 0.681723 0.561667
vt 0.838551 0.561667
vt 0.681723 0.585809
vt 0.838551 0.585809
vt 0.681723 0.612410
vt 0.477846 0.585809
vt 0.477846 0.612410
vt 0.898565 0.585809
vt 0.898565 0.561667
vt 0.898565 0.544040
vt 0.898565 0.529412
vt 0.898565 0.517029
vt 0.898565 0.502119
vt 0.898565 0.486746
vt 0.898565 0.470588
vt 0.838551 0.456607
vt 0.681723 0.441483
vt 0.477846 0.411765
vt 0.477846 0.426422
vt 0.681723 0.411765
vt 0.681723 0.426422
vt 0.838551 0.441483
vt 0.838551 0.426422
vt 0.838551 0.411765
vt 0.298476 0.396628
vt 0.898565 0.426422
vt 0.898565 0.441483
vt 0.898565 0.456607
vt 0.161449 0.383752
vt 0.161449 0.367201
vt 0.161449 0.352941
vt 0.161449 0.339456
vt 0.161449 0.324744
vt 0.101435 0.383752
vt 0.101435 0.367201
vt 0.101435 0.352941
vt 0.101435 0.339456
vt 0.101435 0.324744
vt 0.101435 0.309746
vt 0.298476 0.502119
vt 0.161449 0.502119
vt 0.298476 0.517029
vt 0.161449 0.517029
vt 0.298476 0.529412
vt 0.161449 0.529412
vt 0.298476 0.544040
vt 0.161449 0.544040
vt 0.161449 0.561667
vt 0.298476 0.561667
vt 0.298476 0.585809
vt 0.477846 0.561667
vt 0.477846 0.544040
vt 0.477846 0.529412
vt 0.161449 0.585809
vt 0.298476 0.612410
vt 0.101435 0.517029
vt 0.101435 0.529412
vt 0.101435 0.544040
vt 0.101435 0.561667
vt 0.101435 0.585809
vt 0.161449 0.612410
vt 0.161449 0.671164
vt 0.298476 0.671164
vt 0.161449 0.741278
vt 0.101435 0.782366
vt 0.101435 0.823529
vt 0.161449 0.782366
vt 0.101435 0.741278
vt 0.101435 0.671164
vt 0.101435 0.612410
vt 0.298476 0.782366
vt 0.681723 0.671164
vt 0.477846 0.671164
vt 0.681723 0.741278
vt 0.477846 0.741278
vt 0.681723 0.782366
vt 0.477846 0.782366
vt 0.477846 0.823529
vt 0.298476 0.823529
vt 0.161449 0.823529
vt 0.101435 0.882353
vt 0.161449 0.882353
vt 0.101435 0.905384
vt 0.161449 0.905384
vt 0.161449 0.923332
vt 0.101435 0.923332
vt 0.298476 0.905384
vt 0.298476 0.882353
vt 0.298476 0.923332
vt 0.477846 0.905384
vt 0.477846 0.882353
vt 0.681723 0.823529
vt 0.838551 0.782366
vt 0.838551 0.741278
vt 0.838551 0.671164
vt 0.838551 0.612410
vt 0.838551 0.823529
vt 0.681723 0.882353
vt 0.681723 0.905384
vt 0.838551 0.882353
vt 0.838551 0.905384
vt 0.898565 0.612410
vt 0.898565 0.671164
vt 0.898565 0.741278
vt 0.898565 0.782366
vt 0.898565 0.823529
vt 0.898565 0.882353
vt 0.898565 0.905384
vt 0.838551 0.923332
vt 0.681723 0.923332
vt 0.477846 0.923332
vt 0.898565 0.923332
vt 0.744266 0.937776
vt 0.755124 0.941562
vt 0.764612 0.938169
vt 0.750534 0.934062
vt 0.759564 0.934072
vt 0.778963 0.938404
vt 0.770058 0.942094
vt 0.763484 0.942237
vt 0.751566 0.944892
vt 0.729051 0.937355
vt 0.747560 0.930621
vt 0.762386 0.930250
vt 0.766988 0.934503
vt 0.772948 0.931495
vt 0.792542 0.939071
vt 0.772097 0.945353
vt 0.763740 0.945972
vt 0.941208 0.027551
vt 0.914558 0.025686
vt 0.913367 0.047389
vt 0.900409 0.046698
vt 0.902313 0.067899
vt 0.897471 0.065730
vt 0.767025 0.947558
vt 0.762392 0.948739
vt 0.767911 0.964534
vt 0.780782 0.964990
vt 0.764367 0.981184
vt 0.789718 0.981775
vt 0.761405 0.988448
vt 0.796607 0.990647
vt 0.756491 0.948859
vt 0.753553 0.963930
vt 0.739403 0.980569
vt 0.735479 0.987181
vt 0.832468 0.008325
vt 0.838980 0.022123
vt 0.859077 0.044888
vt 0.877162 0.067719
vt 0.751648 0.947142
vt 0.711757 0.991897
vt 0.712754 0.979092
vt 0.740594 0.963383
vt 0.643254 0.947558
vt 0.627878 0.947142
vt 0.632720 0.948859
vt 0.638622 0.948739
vt 0.644140 0.964534
vt 0.629782 0.963930
vt 0.615633 0.980569
vt 0.640597 0.981184
vt 0.637635 0.988448
vt 0.611708 0.987181
vt 0.467310 0.991897
vt 0.552161 0.990647
vt 0.516959 0.988448
vt 0.491032 0.987181
vt 0.468307 0.979092
vt 0.494957 0.980569
vt 0.496148 0.963383
vt 0.509106 0.963930
vt 0.507201 0.947142
vt 0.512044 0.948859
vt 0.522578 0.947558
vt 0.517946 0.948739
vt 0.523464 0.964534
vt 0.519921 0.981184
vt 0.389620 0.947142
vt 0.394462 0.948859
vt 0.400364 0.948739
vt 0.404996 0.947558
vt 0.432857 0.965364
vt 0.414771 0.947285
vt 0.418754 0.964990
vt 0.452953 0.983391
vt 0.427690 0.981775
vt 0.434579 0.990647
vt 0.459465 0.994317
vt 0.657012 0.964990
vt 0.665948 0.981775
vt 0.672837 0.990647
vt 0.649177 0.931495
vt 0.638616 0.930250
vt 0.643217 0.934503
vt 0.655192 0.938404
vt 0.640841 0.938169
vt 0.646288 0.942094
vt 0.639714 0.942237
vt 0.631353 0.941562
vt 0.627796 0.944892
vt 0.605280 0.937355
vt 0.620495 0.937776
vt 0.623790 0.930621
vt 0.626764 0.934062
vt 0.635793 0.934072
vt 0.668771 0.939071
vt 0.648326 0.945353
vt 0.639969 0.945972
vt 0.213580 0.991897
vt 0.298431 0.990647
vt 0.263229 0.988448
vt 0.237303 0.987181
vt 0.214578 0.979092
vt 0.241227 0.980569
vt 0.242418 0.963383
vt 0.255377 0.963930
vt 0.253472 0.947142
vt 0.258315 0.948859
vt 0.268848 0.947558
vt 0.264216 0.948739
vt 0.135795 0.947558
vt 0.120419 0.947142
vt 0.125261 0.948859
vt 0.131163 0.948739
vt 0.163656 0.965364
vt 0.145570 0.947285
vt 0.149553 0.964990
vt 0.183753 0.983391
vt 0.158489 0.981775
vt 0.190264 0.994317
vt 0.165378 0.990647
vt 0.226125 0.012959
vt 0.261327 0.015737
vt 0.287254 0.017336
vt 0.310976 0.011380
vt 0.255708 0.067373
vt 0.271084 0.067899
vt 0.266242 0.065730
vt 0.260340 0.065882
vt 0.267608 0.074945
vt 0.259248 0.074093
vt 0.258121 0.079230
vt 0.278467 0.079727
vt 0.272198 0.084417
vt 0.263169 0.084404
vt 0.255745 0.083860
vt 0.293682 0.080258
vt 0.275172 0.088762
vt 0.260346 0.089231
vt 0.249784 0.087659
vt 0.243770 0.078934
vt 0.252674 0.074274
vt 0.250636 0.070158
vt 0.258992 0.069376
vt 0.271166 0.070740
vt 0.230191 0.078092
vt 0.697723 0.994317
vt 0.691212 0.983391
vt 0.671115 0.965364
vt 0.653029 0.947285
vt 0.794885 0.965364
vt 0.776800 0.947285
vt 0.814982 0.983391
vt 0.821493 0.994317
vt 0.608877 0.950110
vt 0.609610 0.946336
vt 0.613117 0.949819
vt 0.603423 0.949466
vt 0.595281 0.945873
vt 0.600471 0.942445
vt 0.607290 0.942403
vt 0.612332 0.943020
vt 0.620567 0.946606
vt 0.536335 0.964990
vt 0.545272 0.981775
vt 0.528501 0.931495
vt 0.517940 0.930250
vt 0.522541 0.934503
vt 0.534516 0.938404
vt 0.520165 0.938169
vt 0.525612 0.942094
vt 0.519037 0.942237
vt 0.510677 0.941562
vt 0.507119 0.944892
vt 0.484604 0.937355
vt 0.499819 0.937776
vt 0.503114 0.930621
vt 0.506088 0.934062
vt 0.515117 0.934072
vt 0.548095 0.939071
vt 0.527650 0.945353
vt 0.519293 0.945972
vt 0.587986 0.991897
vt 0.349728 0.991897
vt 0.399377 0.988448
vt 0.373450 0.987181
vt 0.296709 0.965364
vt 0.278624 0.947285
vt 0.282606 0.964990
vt 0.316806 0.983391
vt 0.291542 0.981775
vt 0.323317 0.994317
vt 0.405882 0.964534
vt 0.402339 0.981184
vt 0.391524 0.963930
vt 0.377375 0.980569
vt 0.080527 0.991897
vt 0.130176 0.988448
vt 0.104250 0.987181
vt 0.724301 0.012959
vt 0.759503 0.015737
vt 0.785430 0.017336
vt 0.809152 0.011380
vt 0.349896 0.012959
vt 0.385097 0.015737
vt 0.411024 0.017336
vt 0.434746 0.011380
vt 0.433749 0.027551
vt 0.407100 0.025686
vt 0.405908 0.047389
vt 0.392950 0.046698
vt 0.394855 0.067899
vt 0.390012 0.065730
vt 0.379478 0.067373
vt 0.384111 0.065882
vt 0.386939 0.084404
vt 0.395969 0.084417
vt 0.381891 0.079230
vt 0.402237 0.079727
vt 0.391379 0.074945
vt 0.383019 0.074093
vt 0.376445 0.074274
vt 0.367540 0.078934
vt 0.353961 0.078092
vt 0.374406 0.070158
vt 0.382763 0.069376
vt 0.394937 0.070740
vt 0.417452 0.080258
vt 0.398943 0.088762
vt 0.384116 0.089231
vt 0.373555 0.087658
vt 0.379515 0.083860
vt 0.351618 0.044888
vt 0.369703 0.067719
vt 0.365721 0.045359
vt 0.331521 0.022123
vt 0.356785 0.024163
vt 0.325010 0.008325
vt 0.410919 0.931495
vt 0.400358 0.930250
vt 0.404959 0.934503
vt 0.416934 0.938404
vt 0.402583 0.938169
vt 0.408030 0.942094
vt 0.401455 0.942237
vt 0.393095 0.941562
vt 0.389537 0.944892
vt 0.367022 0.937355
vt 0.382237 0.937776
vt 0.385532 0.930621
vt 0.388506 0.934062
vt 0.397535 0.934072
vt 0.430513 0.939071
vt 0.410068 0.945353
vt 0.401711 0.945972
vt 0.470572 0.012959
vt 0.505774 0.015737
vt 0.531700 0.017336
vt 0.555422 0.011380
vt 0.554425 0.027551
vt 0.527776 0.025686
vt 0.526585 0.047389
vt 0.513626 0.046698
vt 0.515531 0.067899
vt 0.510688 0.065730
vt 0.504787 0.065882
vt 0.500155 0.067373
vt 0.499268 0.045936
vt 0.502812 0.024909
vt 0.504793 0.089231
vt 0.519619 0.088762
vt 0.507615 0.084404
vt 0.500192 0.083860
vt 0.494231 0.087659
vt 0.488216 0.078934
vt 0.502567 0.079230
vt 0.497121 0.074274
vt 0.503695 0.074093
vt 0.512055 0.074945
vt 0.515613 0.070740
vt 0.538128 0.080258
vt 0.522913 0.079727
vt 0.516645 0.084417
vt 0.474637 0.078092
vt 0.495082 0.070158
vt 0.503439 0.069376
vt 0.370619 0.950110
vt 0.371352 0.946336
vt 0.374859 0.949819
vt 0.365165 0.949466
vt 0.357022 0.945873
vt 0.362213 0.942445
vt 0.369032 0.942403
vt 0.374074 0.943020
vt 0.382309 0.946606
vt 0.269735 0.964534
vt 0.266191 0.981184
vt 0.588154 0.012959
vt 0.623356 0.015737
vt 0.649282 0.017336
vt 0.673004 0.011380
vt 0.672007 0.027551
vt 0.645358 0.025686
vt 0.644167 0.047389
vt 0.631208 0.046698
vt 0.633113 0.067899
vt 0.628270 0.065730
vt 0.622369 0.065882
vt 0.617736 0.067373
vt 0.616850 0.045936
vt 0.620394 0.024909
vt 0.622375 0.089231
vt 0.637201 0.088762
vt 0.625197 0.084404
vt 0.617773 0.083860
vt 0.611813 0.087658
vt 0.605798 0.078934
vt 0.620149 0.079230
vt 0.614703 0.074274
vt 0.621277 0.074093
vt 0.629637 0.074945
vt 0.633195 0.070740
vt 0.655710 0.080258
vt 0.640495 0.079727
vt 0.634227 0.084417
vt 0.592219 0.078092
vt 0.612664 0.070158
vt 0.621021 0.069376
vt 0.274772 0.931495
vt 0.264210 0.930250
vt 0.268811 0.934503
vt 0.280787 0.938404
vt 0.266436 0.938169
vt 0.271882 0.942094
vt 0.265308 0.942237
vt 0.256948 0.941562
vt 0.253390 0.944892
vt 0.230875 0.937355
vt 0.246090 0.937776
vt 0.249384 0.930621
vt 0.252358 0.934062
vt 0.261388 0.934072
vt 0.294366 0.939071
vt 0.273921 0.945353
vt 0.265564 0.945972
vt 0.808154 0.027551
vt 0.781505 0.025686
vt 0.780314 0.047389
vt 0.767356 0.046698
vt 0.769260 0.067899
vt 0.764418 0.065730
vt 0.758516 0.065882
vt 0.753884 0.067373
vt 0.752998 0.045936
vt 0.756541 0.024910
vt 0.136681 0.964534
vt 0.133138 0.981184
vt 0.122323 0.963930
vt 0.108174 0.980569
vt 0.141719 0.931495
vt 0.131157 0.930250
vt 0.135758 0.934503
vt 0.147734 0.938404
vt 0.133382 0.938169
vt 0.138829 0.942094
vt 0.132255 0.942237
vt 0.123895 0.941562
vt 0.120337 0.944892
vt 0.097821 0.937355
vt 0.113036 0.937776
vt 0.116331 0.930621
vt 0.119305 0.934062
vt 0.128335 0.934072
vt 0.161312 0.939071
vt 0.140867 0.945353
vt 0.132511 0.945972
vt 0.758522 0.089231
vt 0.773348 0.088762
vt 0.761345 0.084404
vt 0.753921 0.083860
vt 0.747961 0.087659
vt 0.741946 0.078934
vt 0.756297 0.079230
vt 0.750850 0.074274
vt 0.757425 0.074093
vt 0.765785 0.074945
vt 0.769342 0.070740
vt 0.791858 0.080258
vt 0.776643 0.079727
vt 0.770374 0.084417
vt 0.728367 0.078092
vt 0.748812 0.070158
vt 0.757168 0.069376
vt 0.309978 0.027551
vt 0.283329 0.025686
vt 0.282138 0.047389
vt 0.269180 0.046698
vt 0.588984 0.979092
vt 0.616824 0.963383
vt 0.350725 0.979092
vt 0.378566 0.963383
vt 0.081525 0.979092
vt 0.109365 0.963383
vt 0.227847 0.044888
vt 0.245933 0.067719
vt 0.241950 0.045359
vt 0.207750 0.022123
vt 0.233014 0.024163
vt 0.201239 0.008325
vt 0.101418 0.950110
vt 0.102151 0.946336
vt 0.105658 0.949819
vt 0.095964 0.949466
vt 0.087822 0.945873
vt 0.093012 0.942445
vt 0.099832 0.942403
vt 0.104873 0.943020
vt 0.113108 0.946606
vt 0.732648 0.950110
vt 0.733380 0.946336
vt 0.736888 0.949819
vt 0.727194 0.949466
vt 0.719051 0.945873
vt 0.724242 0.942445
vt 0.731061 0.942403
vt 0.736102 0.943020
vt 0.744337 0.946606
vt 0.577047 0.994317
vt 0.570535 0.983391
vt 0.550438 0.965364
vt 0.532353 0.947285
vt 0.531077 0.073105
vt 0.522842 0.068575
vt 0.533799 0.068917
vt 0.536118 0.073883
vt 0.542937 0.073831
vt 0.548128 0.069501
vt 0.539985 0.064964
vt 0.534531 0.064151
vt 0.530291 0.064518
vt 0.298476 0.741278
vt 0.838551 0.250344
vt 0.838551 0.246142
vt 0.898565 0.246142
vt 0.681723 0.250344
vt 0.445686 0.008325
vt 0.452197 0.022123
vt 0.477461 0.024163
vt 0.486397 0.045359
vt 0.472294 0.044888
vt 0.490379 0.067719
vt 0.488201 0.950110
vt 0.488933 0.946336
vt 0.492441 0.949819
vt 0.482747 0.949466
vt 0.474604 0.945873
vt 0.479795 0.942445
vt 0.486614 0.942403
vt 0.491656 0.943020
vt 0.499891 0.946606
vt 0.234471 0.950110
vt 0.235204 0.946336
vt 0.238712 0.949819
vt 0.229018 0.949466
vt 0.220875 0.945873
vt 0.226066 0.942445
vt 0.232885 0.942403
vt 0.237926 0.943020
vt 0.246161 0.946606
vt 0.290085 0.064151
vt 0.289352 0.068917
vt 0.285845 0.064518
vt 0.295539 0.064964
vt 0.303681 0.069501
vt 0.298491 0.073831
vt 0.291672 0.073883
vt 0.286630 0.073105
vt 0.278395 0.068575
vt 0.378592 0.045936
vt 0.382136 0.024910
vt 0.413855 0.064151
vt 0.413123 0.068917
vt 0.409615 0.064518
vt 0.419309 0.064964
vt 0.427452 0.069501
vt 0.422261 0.073831
vt 0.415442 0.073883
vt 0.410401 0.073105
vt 0.402166 0.068575
vt 0.603979 0.045359
vt 0.595043 0.024163
vt 0.563268 0.008325
vt 0.569779 0.022123
vt 0.589876 0.044888
vt 0.607961 0.067719
vt 0.254822 0.045936
vt 0.258365 0.024909
vt 0.740126 0.045359
vt 0.744109 0.067719
vt 0.726023 0.044888
vt 0.705926 0.022123
vt 0.731190 0.024163
vt 0.699415 0.008325
vt 0.788261 0.064151
vt 0.787528 0.068917
vt 0.784021 0.064518
vt 0.793715 0.064964
vt 0.801857 0.069502
vt 0.796667 0.073831
vt 0.789848 0.073883
vt 0.784806 0.073105
vt 0.776571 0.068575
vt 0.652113 0.064151
vt 0.651381 0.068917
vt 0.647873 0.064518
vt 0.657567 0.064964
vt 0.665710 0.069501
vt 0.660519 0.073831
vt 0.653700 0.073883
vt 0.648659 0.073105
vt 0.640424 0.068575
s 1
usemtl modelsplayeritemsall_classscarf_soccer
f 1/1/1 2/2/1 3/3/1
f 4/4/2 1/1/1 3/3/1
f 5/5/3 6/6/4 7/7/5
f 8/8/5 5/5/3 7/7/5
f 8/8/5 7/7/5 9/9/6
f 10/10/6 8/8/5 9/9/6
f 10/10/6 9/9/6 11/3/7
f 12/2/7 10/10/6 11/3/7
f 13/11/8 14/12/9 15/13/10
f 14/12/9 16/14/11 15/13/10
f 17/15/12 16/14/11 14/12/9
f 17/15/12 18/16/13 16/14/11
f 19/17/14 18/16/13 17/15/12
f 20/18/15 19/17/14 17/15/12
f 20/18/15 17/15/12 14/12/9
f 21/19/16 19/17/14 20/18/15
f 22/20/17 20/18/15 14/12/9
f 22/20/17 21/19/16 20/18/15
f 23/21/18 22/20/17 14/12/9
f 21/19/16 22/20/17 23/21/18
f 14/12/9 13/11/8 24/22/19
f 23/21/18 14/12/9 24/22/19
f 25/23/20 24/22/19 13/11/8
f 26/24/21 25/23/20 13/11/8
f 26/24/21 13/11/8 15/13/10
f 27/25/22 15/13/10 16/14/11
f 27/25/22 26/24/21 15/13/10
f 18/16/13 28/26/23 16/14/11
f 28/26/23 27/25/22 16/14/11
f 29/27/24 21/19/16 23/21/18
f 29/27/24 23/21/18 24/22/19
f 25/23/20 29/27/24 24/22/19
f 30/28/25 31/29/26 32/30/22
f 31/29/26 30/28/25 33/31/13
f 34/32/27 31/29/26 33/31/13
f 34/32/27 35/33/16 31/29/26
f 35/33/16 36/34/28 31/29/26
f 36/34/28 37/35/29 31/29/26
f 31/29/26 38/36/30 32/30/22
f 37/35/29 38/36/30 31/29/26
f 39/37/31 40/38/32 41/39/33
f 42/40/34 43/41/35 44/42/36
f 42/40/34 45/43/37 43/41/35
f 45/43/37 46/44/38 43/41/35
f 46/44/38 45/43/37 47/45/39
f 48/46/40 46/44/38 47/45/39
f 48/46/40 47/45/39 49/47/41
f 50/48/42 48/46/40 49/47/41
f 49/47/41 51/49/43 50/48/42
f 51/49/43 52/50/44 50/48/42
f 53/51/45 50/48/42 52/50/44
f 54/52/46 53/51/45 52/50/44
f 55/53/47 53/51/45 54/52/46
f 56/54/48 55/53/47 54/52/46
f 57/55/49 55/53/47 56/54/48
f 58/56/50 57/55/49 56/54/48
f 58/56/50 39/37/31 57/55/49
f 59/57/51 39/37/31 41/39/33
f 39/37/31 59/57/51 57/55/49
f 57/55/49 59/57/51 60/58/52
f 61/59/53 57/55/49 60/58/52
f 55/53/47 57/55/49 61/59/53
f 55/53/47 62/60/54 53/51/45
f 62/60/54 55/53/47 61/59/53
f 62/60/54 63/61/55 53/51/45
f 50/48/42 53/51/45 63/61/55
f 48/46/40 50/48/42 63/61/55
f 60/58/52 59/57/51 64/62/56
f 59/57/51 41/39/33 64/62/56
f 60/58/52 65/63/57 61/59/53
f 60/58/52 64/62/56 65/63/57
f 65/63/57 66/64/58 61/59/53
f 61/59/53 66/64/58 62/60/54
f 62/60/54 67/65/59 63/61/55
f 66/64/58 67/65/59 62/60/54
f 63/61/55 68/66/60 48/46/40
f 68/66/60 46/44/38 48/46/40
f 67/65/59 68/66/60 63/61/55
f 43/41/35 46/44/38 69/67/61
f 46/44/38 68/66/60 69/67/61
f 43/41/35 69/67/61 70/68/62
f 44/42/36 43/41/35 70/68/62
f 44/42/36 70/68/62 71/69/63
f 72/70/64 71/69/63 70/68/62
f 72/70/64 73/71/65 71/69/63
f 74/72/66 75/73/67 76/74/68
f 77/75/69 74/72/66 76/74/68
f 77/75/69 76/74/68 78/76/70
f 73/71/65 72/70/64 78/76/70
f 79/77/71 77/75/69 78/76/70
f 72/70/64 79/77/71 78/76/70
f 80/78/72 70/68/62 69/67/61
f 80/78/72 72/70/64 70/68/62
f 72/70/64 80/78/72 79/77/71
f 81/79/73 69/67/61 68/66/60
f 81/79/73 80/78/72 69/67/61
f 67/65/59 81/79/73 68/66/60
f 82/80/74 81/79/73 67/65/59
f 66/64/58 82/80/74 67/65/59
f 66/64/58 65/63/57 83/81/75
f 82/80/74 66/64/58 83/81/75
f 65/63/57 84/82/76 83/81/75
f 64/62/56 84/82/76 65/63/57
f 85/83/77 74/72/66 77/75/69
f 80/78/72 81/79/73 86/84/78
f 81/79/73 82/80/74 86/84/78
f 80/78/72 86/84/78 79/77/71
f 79/77/71 86/84/78 77/75/69
f 86/84/78 82/80/74 87/85/79
f 87/85/79 85/83/77 77/75/69
f 86/84/78 87/85/79 77/75/69
f 82/80/74 83/81/75 87/85/79
f 88/86/80 85/83/77 87/85/79
f 84/82/76 88/86/80 83/81/75
f 83/81/75 88/86/80 87/85/79
f 73/71/65 78/76/70 89/87/81
f 78/76/70 76/74/68 89/87/81
f 76/74/68 75/73/67 90/88/82
f 76/74/68 90/88/82 89/87/81
f 75/73/67 91/89/83 90/88/82
f 90/88/82 91/89/83 92/90/84
f 89/87/81 90/88/82 93/91/85
f 93/91/85 90/88/82 92/90/84
f 93/91/85 92/90/84 94/92/86
f 95/93/87 96/94/88 97/95/89
f 95/93/87 98/96/90 96/94/88
f 95/93/87 99/97/91 98/96/90
f 99/97/91 100/98/92 98/96/90
f 94/92/86 100/98/92 99/97/91
f 101/99/93 93/91/85 94/92/86
f 101/99/93 94/92/86 99/97/91
f 102/100/94 89/87/81 93/91/85
f 102/100/94 93/91/85 101/99/93
f 89/87/81 102/100/94 103/101/95
f 103/101/95 73/71/65 89/87/81
f 73/71/65 104/102/96 71/69/63
f 73/71/65 103/101/95 104/102/96
f 105/103/97 44/42/36 71/69/63
f 105/103/97 71/69/63 104/102/96
f 44/42/36 105/103/97 106/104/98
f 107/105/99 42/40/34 44/42/36
f 107/105/99 44/42/36 106/104/98
f 108/106/100 102/100/94 101/99/93
f 102/100/94 108/106/100 109/107/101
f 102/100/94 109/107/101 103/101/95
f 108/106/100 101/99/93 110/108/102
f 101/99/93 99/97/91 110/108/102
f 111/109/103 95/93/87 97/95/89
f 99/97/91 95/93/87 111/109/103
f 110/108/102 99/97/91 111/109/103
f 111/109/103 97/95/89 112/110/104
f 97/95/89 113/111/79 112/110/104
f 113/111/79 114/112/105 112/110/104
f 114/112/105 113/111/79 115/113/106
f 116/114/107 114/112/105 115/113/106
f 116/114/107 115/113/106 117/115/107
f 118/116/108 116/114/107 117/115/107
f 118/116/108 117/115/107 119/117/109
f 120/118/110 118/116/108 119/117/109
f 119/117/109 121/119/111 120/118/110
f 121/119/111 122/120/112 120/118/110
f 111/109/103 123/121/113 110/108/102
f 123/121/113 111/109/103 112/110/104
f 110/108/102 124/122/114 108/106/100
f 123/121/113 124/122/114 110/108/102
f 108/106/100 125/123/115 109/107/101
f 124/122/114 125/123/115 108/106/100
f 109/107/101 125/123/115 126/124/116
f 127/125/117 128/126/118 129/127/119
f 130/128/120 128/126/118 127/125/117
f 128/126/118 130/128/120 131/129/121
f 130/128/120 132/130/122 131/129/121
f 132/130/122 122/120/112 133/131/123
f 131/129/121 132/130/122 133/131/123
f 120/118/110 122/120/112 134/132/124
f 122/120/112 132/130/122 134/132/124
f 120/118/110 134/132/124 135/133/125
f 118/116/108 120/118/110 135/133/125
f 135/133/125 136/134/126 118/116/108
f 136/134/126 116/114/107 118/116/108
f 137/135/127 114/112/105 116/114/107
f 136/134/126 137/135/127 116/114/107
f 112/110/104 138/136/128 123/121/113
f 112/110/104 114/112/105 138/136/128
f 114/112/105 137/135/127 138/136/128
f 139/137/129 140/138/130 141/139/131
f 139/137/129 141/139/131 142/140/132
f 125/123/115 143/141/133 126/124/116
f 143/141/133 142/140/132 141/139/131
f 126/124/116 143/141/133 141/139/131
f 144/142/134 142/140/132 143/141/133
f 145/143/135 144/142/134 143/141/133
f 124/122/114 145/143/135 125/123/115
f 145/143/135 143/141/133 125/123/115
f 146/144/136 144/142/134 145/143/135
f 147/145/137 145/143/135 124/122/114
f 147/145/137 146/144/136 145/143/135
f 123/121/113 147/145/137 124/122/114
f 138/136/128 147/145/137 123/121/113
f 138/136/128 148/146/138 147/145/137
f 148/146/138 138/136/128 137/135/127
f 148/146/138 146/144/136 147/145/137
f 149/147/71 148/146/138 137/135/127
f 149/147/71 137/135/127 136/134/126
f 150/148/139 149/147/71 136/134/126
f 150/148/139 136/134/126 135/133/125
f 151/149/140 150/148/139 135/133/125
f 151/149/140 135/133/125 134/132/124
f 152/150/141 134/132/124 132/130/122
f 130/128/120 152/150/141 132/130/122
f 152/150/141 151/149/140 134/132/124
f 152/150/141 130/128/120 153/151/142
f 153/151/142 130/128/120 127/125/117
f 154/152/143 139/137/129 142/140/132
f 154/152/143 142/140/132 144/142/134
f 155/153/144 154/152/143 144/142/134
f 155/153/144 144/142/134 156/154/145
f 144/142/134 146/144/136 156/154/145
f 156/154/145 146/144/136 157/155/146
f 146/144/136 148/146/138 157/155/146
f 157/155/146 148/146/138 149/147/71
f 158/156/147 157/155/146 149/147/71
f 158/156/147 149/147/71 150/148/139
f 159/157/148 158/156/147 150/148/139
f 159/157/148 150/148/139 151/149/140
f 160/158/149 151/149/140 152/150/141
f 160/158/149 159/157/148 151/149/140
f 161/159/150 160/158/149 152/150/141
f 161/159/150 152/150/141 153/151/142
f 162/160/151 163/161/152 164/162/153
f 165/163/154 163/161/152 162/160/151
f 166/164/155 165/163/154 162/160/151
f 167/165/156 165/163/154 166/164/155
f 168/166/157 167/165/156 166/164/155
f 169/167/158 167/165/156 168/166/157
f 168/166/157 166/164/155 170/168/159
f 170/168/159 166/164/155 162/160/151
f 171/169/160 170/168/159 162/160/151
f 172/170/161 171/169/160 173/171/162
f 174/172/163 170/168/159 171/169/160
f 172/170/161 174/172/163 171/169/160
f 170/168/159 174/172/163 175/173/164
f 175/173/164 168/166/157 170/168/159
f 176/174/165 169/167/158 168/166/157
f 176/174/165 168/166/157 175/173/164
f 177/175/166 169/167/158 176/174/165
f 174/172/163 178/176/167 175/173/164
f 175/173/164 178/176/167 179/177/168
f 179/177/168 176/174/165 175/173/164
f 180/178/169 181/179/170 173/171/162
f 173/171/162 182/180/171 172/170/161
f 181/179/170 182/180/171 173/171/162
f 172/170/161 183/181/172 174/172/163
f 182/180/171 183/181/172 172/170/161
f 174/172/163 184/182/173 178/176/167
f 183/181/172 184/182/173 174/172/163
f 184/182/173 185/183/174 178/176/167
f 178/176/167 185/183/174 186/184/175
f 178/176/167 186/184/175 179/177/168
f 179/177/168 187/185/176 176/174/165
f 187/185/176 179/177/168 186/184/175
f 187/185/176 188/186/177 176/174/165
f 188/186/177 177/175/166 176/174/165
f 188/186/177 189/187/178 177/175/166
f 189/187/178 190/188/179 177/175/166
f 191/189/180 190/188/179 189/187/178
f 192/190/181 191/189/180 189/187/178
f 193/191/182 189/187/178 188/186/177
f 192/190/181 189/187/178 193/191/182
f 187/185/176 193/191/182 188/186/177
f 184/182/173 194/192/183 185/183/174
f 195/193/184 194/192/183 184/182/173
f 183/181/172 195/193/184 184/182/173
f 196/194/185 195/193/184 183/181/172
f 182/180/171 196/194/185 183/181/172
f 197/195/186 196/194/185 182/180/171
f 181/179/170 197/195/186 182/180/171
f 198/196/187 197/195/186 181/179/170
f 199/197/188 198/196/187 181/179/170
f 199/197/188 181/179/170 180/178/169
f 200/198/189 198/196/187 199/197/188
f 201/199/190 200/198/189 199/197/188
f 200/198/189 201/199/190 202/200/191
f 203/201/192 200/198/189 202/200/191
f 203/201/192 202/200/191 204/202/193
f 205/203/194 203/201/192 204/202/193
f 204/202/193 206/204/195 205/203/194
f 204/202/193 202/200/191 207/205/128
f 207/205/128 208/206/196 204/202/193
f 208/206/196 206/204/195 204/202/193
f 203/201/192 205/203/194 209/207/197
f 200/198/189 203/201/192 210/208/198
f 210/208/198 203/201/192 209/207/197
f 211/209/199 200/198/189 210/208/198
f 198/196/187 200/198/189 211/209/199
f 212/210/200 198/196/187 211/209/199
f 197/195/186 198/196/187 212/210/200
f 213/211/201 197/195/186 212/210/200
f 213/211/201 214/212/202 197/195/186
f 214/212/202 196/194/185 197/195/186
f 214/212/202 215/213/203 196/194/185
f 215/213/203 195/193/184 196/194/185
f 215/213/203 216/214/28 195/193/184
f 216/214/28 194/192/183 195/193/184
f 217/215/204 194/192/183 216/214/28
f 194/192/183 217/215/204 185/183/174
f 185/183/174 218/216/205 186/184/175
f 185/183/174 217/215/204 218/216/205
f 131/129/121 133/131/123 219/217/206
f 219/217/206 193/191/182 187/185/176
f 186/184/175 218/216/205 220/218/207
f 220/218/207 219/217/206 187/185/176
f 220/218/207 187/185/176 186/184/175
f 221/219/208 131/129/121 219/217/206
f 219/217/206 220/218/207 221/219/208
f 128/126/118 131/129/121 221/219/208
f 218/216/205 222/220/209 220/218/207
f 220/218/207 222/220/209 221/219/208
f 217/215/204 223/221/210 218/216/205
f 218/216/205 223/221/210 222/220/209
f 223/221/210 224/222/211 222/220/209
f 128/126/118 225/223/212 129/127/119
f 224/222/211 225/223/212 222/220/209
f 225/223/212 221/219/208 222/220/209
f 225/223/212 128/126/118 221/219/208
f 226/224/213 192/190/181 193/191/182
f 226/224/213 121/119/111 192/190/181
f 219/217/206 133/131/123 226/224/213
f 193/191/182 219/217/206 226/224/213
f 122/120/112 121/119/111 226/224/213
f 133/131/123 122/120/112 226/224/213
f 129/127/119 225/223/212 227/225/214
f 225/223/212 224/222/211 227/225/214
f 224/222/211 223/221/210 228/226/215
f 227/225/214 224/222/211 228/226/215
f 223/221/210 217/215/204 229/227/141
f 228/226/215 223/221/210 229/227/141
f 229/227/141 217/215/204 216/214/28
f 192/190/181 230/228/216 191/189/180
f 121/119/111 119/117/109 230/228/216
f 121/119/111 230/228/216 192/190/181
f 119/117/109 117/115/107 231/229/217
f 119/117/109 231/229/217 230/228/216
f 117/115/107 232/230/218 231/229/217
f 117/115/107 115/113/106 232/230/218
f 115/113/106 113/111/79 233/231/219
f 115/113/106 233/231/219 232/230/218
f 97/95/89 96/94/88 234/232/220
f 113/111/79 97/95/89 234/232/220
f 113/111/79 234/232/220 233/231/219
f 230/228/216 235/233/221 191/189/180
f 230/228/216 231/229/217 235/233/221
f 231/229/217 236/234/222 235/233/221
f 231/229/217 232/230/218 236/234/222
f 232/230/218 233/231/219 237/235/223
f 232/230/218 237/235/223 236/234/222
f 233/231/219 234/232/220 238/236/224
f 233/231/219 238/236/224 237/235/223
f 234/232/220 239/237/225 238/236/224
f 234/232/220 96/94/88 239/237/225
f 96/94/88 240/238/226 239/237/225
f 98/96/90 240/238/226 96/94/88
f 171/169/160 241/239/227 173/171/162
f 180/178/169 173/171/162 241/239/227
f 171/169/160 162/160/151 241/239/227
f 162/160/151 242/240/228 241/239/227
f 242/240/228 162/160/151 164/162/153
f 241/239/227 242/240/228 243/241/169
f 243/241/169 180/178/169 241/239/227
f 242/240/228 244/242/229 243/241/169
f 242/240/228 164/162/153 244/242/229
f 243/241/169 244/242/229 245/243/230
f 244/242/229 246/244/231 245/243/230
f 245/243/230 246/244/231 247/245/232
f 246/244/231 248/246/233 247/245/232
f 247/245/232 248/246/233 249/247/234
f 250/248/235 247/245/232 249/247/234
f 250/248/235 249/247/234 251/249/236
f 208/206/196 207/205/128 251/249/236
f 250/248/235 251/249/236 252/250/237
f 251/249/236 207/205/128 252/250/237
f 202/200/191 252/250/237 207/205/128
f 245/243/230 247/245/232 253/251/41
f 247/245/232 250/248/235 253/251/41
f 250/248/235 252/250/237 253/251/41
f 252/250/237 202/200/191 253/251/41
f 202/200/191 201/199/190 253/251/41
f 201/199/190 199/197/188 254/252/238
f 254/252/238 199/197/188 180/178/169
f 245/243/230 254/252/238 243/241/169
f 254/252/238 180/178/169 243/241/169
f 254/252/238 245/243/230 253/251/41
f 253/251/41 201/199/190 254/252/238
f 249/247/234 255/253/239 251/249/236
f 251/249/236 255/253/239 256/254/240
f 256/254/240 208/206/196 251/249/236
f 244/242/229 257/255/241 246/244/231
f 164/162/153 257/255/241 244/242/229
f 257/255/241 258/256/242 246/244/231
f 246/244/231 258/256/242 248/246/233
f 258/256/242 259/257/243 248/246/233
f 248/246/233 259/257/243 249/247/234
f 255/253/239 249/247/234 260/258/244
f 259/257/243 260/258/244 249/247/234
f 261/259/245 255/253/239 260/258/244
f 262/260/246 255/253/239 261/259/245
f 255/253/239 262/260/246 256/254/240
f 262/260/246 263/261/247 256/254/240
f 263/261/247 264/262/74 256/254/240
f 263/261/247 265/263/248 264/262/74
f 266/264/249 267/265/250 268/266/251
f 268/266/251 265/263/248 266/264/249
f 265/263/248 269/267/252 266/264/249
f 269/267/252 265/263/248 263/261/247
f 270/268/253 269/267/252 263/261/247
f 270/268/253 263/261/247 262/260/246
f 271/269/254 262/260/246 261/259/245
f 271/269/254 270/268/253 262/260/246
f 265/263/248 268/266/251 272/270/255
f 273/271/256 206/204/195 208/206/196
f 274/272/257 273/271/256 208/206/196
f 256/254/240 264/262/74 274/272/257
f 208/206/196 256/254/240 274/272/257
f 275/273/258 273/271/256 274/272/257
f 276/274/259 275/273/258 274/272/257
f 276/274/259 274/272/257 264/262/74
f 275/273/258 276/274/259 277/275/260
f 276/274/259 278/276/261 277/275/260
f 279/277/262 278/276/261 272/270/255
f 278/276/261 279/277/262 277/275/260
f 280/278/255 279/277/262 272/270/255
f 272/270/255 268/266/251 280/278/255
f 267/265/250 281/279/263 268/266/251
f 268/266/251 281/279/263 280/278/255
f 281/279/263 267/265/250 282/280/264
f 283/281/265 281/279/263 282/280/264
f 283/281/265 282/280/264 284/282/266
f 285/283/267 283/281/265 284/282/266
f 285/283/267 284/282/266 286/284/268
f 284/282/266 287/285/269 286/284/268
f 283/281/265 285/283/267 288/286/270
f 289/287/271 283/281/265 288/286/270
f 281/279/263 283/281/265 289/287/271
f 280/278/255 281/279/263 289/287/271
f 288/286/270 285/283/267 290/288/272
f 285/283/267 286/284/268 290/288/272
f 291/289/273 288/286/270 290/288/272
f 289/287/271 288/286/270 291/289/273
f 292/290/262 289/287/271 291/289/273
f 280/278/255 289/287/271 292/290/262
f 279/277/262 280/278/255 292/290/262
f 279/277/262 292/290/262 293/291/74
f 279/277/262 293/291/74 277/275/260
f 277/275/260 293/291/74 294/292/274
f 275/273/258 277/275/260 294/292/274
f 295/293/275 275/273/258 294/292/274
f 275/273/258 295/293/275 273/271/256
f 295/293/275 296/294/276 273/271/256
f 273/271/256 296/294/276 206/204/195
f 205/203/194 297/295/78 209/207/197
f 206/204/195 297/295/78 205/203/194
f 296/294/276 297/295/78 206/204/195
f 293/291/74 298/296/277 294/292/274
f 292/290/262 299/297/278 293/291/74
f 298/296/277 293/291/74 299/297/278
f 300/298/279 299/297/278 292/290/262
f 291/289/273 300/298/279 292/290/262
f 301/299/280 298/296/277 299/297/278
f 300/298/279 302/300/281 299/297/278
f 302/300/281 301/299/280 299/297/278
f 297/295/78 303/301/282 209/207/197
f 303/301/282 297/295/78 304/302/283
f 297/295/78 296/294/276 304/302/283
f 304/302/283 296/294/276 305/303/107
f 296/294/276 295/293/275 305/303/107
f 305/303/107 295/293/275 306/304/284
f 295/293/275 294/292/274 306/304/284
f 294/292/274 298/296/277 307/305/285
f 306/304/284 294/292/274 307/305/285
f 298/296/277 301/299/280 308/306/286
f 307/305/285 298/296/277 308/306/286
f 301/299/280 302/300/281 309/307/287
f 308/306/286 301/299/280 309/307/287
f 310/308/288 302/300/281 300/298/279
f 309/307/287 302/300/281 310/308/288
f 311/309/289 310/308/288 300/298/279
f 311/309/289 300/298/279 291/289/273
f 312/310/290 291/289/273 290/288/272
f 312/310/290 311/309/289 291/289/273
f 313/311/76 309/307/287 310/308/288
f 314/312/291 315/313/292 316/314/293
f 317/315/294 314/312/291 316/314/293
f 318/316/295 317/315/294 316/314/293
f 319/317/296 316/314/293 320/318/297
f 315/313/292 321/319/298 316/314/293
f 316/314/293 321/319/298 320/318/297
f 315/313/292 322/320/299 321/319/298
f 314/312/291 323/321/300 315/313/292
f 323/321/300 322/320/299 315/313/292
f 317/315/294 324/322/301 314/312/291
f 324/322/301 323/321/300 314/312/291
f 318/316/295 325/323/302 317/315/294
f 325/323/302 324/322/301 317/315/294
f 325/323/302 318/316/295 326/324/303
f 318/316/295 316/314/293 326/324/303
f 316/314/293 319/317/296 326/324/303
f 327/325/304 325/323/302 326/324/303
f 327/325/304 326/324/303 319/317/296
f 328/326/264 327/325/304 319/317/296
f 328/326/264 319/317/296 320/318/297
f 329/327/305 328/326/264 320/318/297
f 329/327/305 320/318/297 321/319/298
f 330/328/306 329/327/305 321/319/298
f 322/320/299 330/328/306 321/319/298
f 331/329/307 332/1/308 333/4/308
f 334/330/307 331/329/307 333/4/308
f 335/331/309 331/329/307 334/330/307
f 336/332/310 335/331/309 334/330/307
f 337/333/311 335/331/309 336/332/310
f 338/334/312 337/333/311 336/332/310
f 339/333/313 340/334/314 341/6/315
f 342/5/315 339/333/313 341/6/315
f 343/7/316 344/6/317 345/334/318
f 346/332/316 343/7/316 345/334/318
f 343/7/316 346/332/316 347/330/319
f 348/9/319 343/7/316 347/330/319
f 348/9/319 347/330/319 349/4/319
f 350/3/319 348/9/319 349/4/319
f 351/335/320 352/336/320 353/337/320
f 354/338/320 351/335/320 353/337/320
f 354/338/320 353/337/320 355/339/321
f 356/340/322 354/338/320 355/339/321
f 356/340/322 355/339/321 357/341/323
f 358/342/323 356/340/322 357/341/323
f 359/336/324 360/343/324 361/344/325
f 362/337/325 359/336/324 361/344/325
f 362/337/325 361/344/325 363/345/114
f 364/339/326 362/337/325 363/345/114
f 365/341/327 364/339/326 363/345/114
f 366/346/114 365/341/327 363/345/114
f 367/2/328 368/347/278 369/10/329
f 368/347/278 370/348/329 369/10/329
f 369/10/329 370/348/329 371/8/54
f 370/348/329 372/349/54 371/8/54
f 371/8/54 372/349/54 373/350/54
f 374/5/54 371/8/54 373/350/54
f 375/335/330 376/351/330 377/343/330
f 378/336/330 375/335/330 377/343/330
f 379/342/331 380/341/331 381/346/331
f 382/352/331 379/342/331 381/346/331
f 383/353/332 384/352/333 385/346/334
f 386/345/332 383/353/332 385/346/334
f 387/354/335 383/353/332 386/345/332
f 388/344/336 387/354/335 386/345/332
f 389/351/336 387/354/335 388/344/336
f 390/343/336 389/351/336 388/344/336
f 391/355/330 392/356/330 393/357/330
f 394/358/330 391/355/330 393/357/330
f 395/359/337 396/358/338 397/357/338
f 398/360/339 395/359/337 397/357/338
f 395/359/337 398/360/339 399/361/340
f 400/362/340 395/359/337 399/361/340
f 401/363/325 400/362/340 399/361/340
f 402/364/325 401/363/325 399/361/340
f 403/365/331 404/366/331 405/367/331
f 406/368/331 403/365/331 405/367/331
f 407/369/332 408/365/341 409/368/342
f 410/370/332 407/369/332 409/368/342
f 411/371/335 407/369/332 410/370/332
f 412/372/336 411/371/335 410/370/332
f 413/373/343 411/371/335 412/372/336
f 414/374/343 413/373/343 412/372/336
f 415/375/330 416/373/330 417/374/330
f 418/376/330 415/375/330 417/374/330
f 419/377/325 420/376/337 421/374/324
f 422/372/325 419/377/325 421/374/324
f 419/377/325 422/372/325 423/370/114
f 424/378/327 419/377/325 423/370/114
f 425/367/327 424/378/327 423/370/114
f 426/368/114 425/367/327 423/370/114
f 427/379/330 428/380/330 429/381/330
f 430/382/330 427/379/330 429/381/330
f 431/383/344 432/384/345 433/382/346
f 434/385/347 431/383/344 433/382/346
f 435/386/64 431/383/344 434/385/347
f 436/387/64 435/386/64 434/385/347
f 436/387/64 437/388/63 435/386/64
f 437/388/63 438/389/63 435/386/64
f 439/355/320 440/358/320 441/359/320
f 442/390/320 439/355/320 441/359/320
f 442/390/320 441/359/320 443/362/323
f 444/391/323 442/390/320 443/362/323
f 444/391/323 443/362/323 445/363/348
f 446/392/348 444/391/323 445/363/348
f 447/393/304 448/394/349 449/395/350
f 447/393/304 449/395/350 450/396/296
f 451/397/351 450/396/296 449/395/350
f 450/396/296 451/397/351 452/398/352
f 451/397/351 453/399/353 452/398/352
f 454/400/292 453/399/353 451/397/351
f 454/400/292 455/401/354 453/399/353
f 456/402/355 455/401/354 454/400/292
f 457/403/291 456/402/355 454/400/292
f 457/403/291 454/400/292 451/397/351
f 458/404/301 456/402/355 457/403/291
f 448/394/349 458/404/301 459/405/294
f 459/405/294 457/403/291 451/397/351
f 459/405/294 458/404/301 457/403/291
f 460/406/356 451/397/351 449/395/350
f 448/394/349 460/406/356 449/395/350
f 460/406/356 448/394/349 459/405/294
f 460/406/356 459/405/294 451/397/351
f 461/407/264 450/396/296 452/398/352
f 461/407/264 447/393/304 450/396/296
f 462/408/357 452/398/352 453/399/353
f 462/408/357 461/407/264 452/398/352
f 463/409/358 462/408/357 453/399/353
f 455/401/354 463/409/358 453/399/353
f 464/410/331 465/411/331 466/412/331
f 467/413/331 464/410/331 466/412/331
f 468/414/332 469/410/334 470/413/359
f 471/415/332 468/414/332 470/413/359
f 472/416/336 468/414/332 471/415/332
f 473/417/336 472/416/336 471/415/332
f 474/418/343 472/416/336 473/417/336
f 475/419/343 474/418/343 473/417/336
f 476/420/330 477/418/330 478/419/330
f 479/421/330 476/420/330 478/419/330
f 480/422/360 481/423/330 482/424/330
f 483/425/361 480/422/360 482/424/330
f 484/426/347 485/427/346 486/422/346
f 487/428/347 484/426/347 486/422/346
f 488/429/64 484/426/347 487/428/347
f 489/430/64 488/429/64 487/428/347
f 490/431/63 488/429/64 489/430/64
f 491/432/362 490/431/63 489/430/64
f 492/433/363 493/434/363 494/435/364
f 495/436/363 492/433/363 494/435/364
f 496/437/365 497/438/365 498/439/366
f 499/440/365 496/437/365 498/439/366
f 500/441/367 501/442/368 502/443/369
f 503/444/370 500/441/367 502/443/369
f 504/445/371 503/444/370 502/443/369
f 505/446/372 504/445/371 502/443/369
f 505/446/372 502/443/369 506/447/373
f 503/444/370 507/448/374 500/441/367
f 508/449/375 507/448/374 503/444/370
f 504/445/371 508/449/375 503/444/370
f 505/446/372 509/450/376 504/445/371
f 509/450/376 508/449/375 504/445/371
f 506/447/373 510/451/377 505/446/372
f 510/451/377 509/450/376 505/446/372
f 510/451/377 506/447/373 511/452/378
f 502/443/369 511/452/378 506/447/373
f 502/443/369 501/442/368 512/453/379
f 511/452/378 502/443/369 512/453/379
f 513/454/380 512/453/379 501/442/368
f 514/455/381 513/454/380 501/442/368
f 500/441/367 515/456/382 501/442/368
f 507/448/374 515/456/382 500/441/367
f 515/456/382 514/455/381 501/442/368
f 516/457/383 510/451/377 511/452/378
f 516/457/383 511/452/378 512/453/379
f 513/454/380 516/457/383 512/453/379
f 517/392/384 518/458/384 519/459/385
f 520/391/386 517/392/384 519/459/385
f 520/391/386 519/459/385 521/390/346
f 519/459/385 522/460/346 521/390/346
f 521/390/346 522/460/346 523/461/387
f 524/355/387 521/390/346 523/461/387
f 525/462/388 526/463/345 527/335/346
f 528/338/389 525/462/388 527/335/346
f 529/464/384 525/462/388 528/338/389
f 530/340/384 529/464/384 528/338/389
f 530/340/384 531/342/390 529/464/384
f 531/342/390 532/465/390 529/464/384
f 533/466/391 534/467/59 535/468/392
f 534/467/59 533/466/391 536/469/393
f 537/470/394 534/467/59 536/469/393
f 537/470/394 538/471/395 534/467/59
f 538/471/395 539/472/396 534/467/59
f 539/472/396 540/473/397 534/467/59
f 540/473/397 541/474/264 534/467/59
f 534/467/59 541/474/264 535/468/392
f 542/375/320 543/376/320 544/377/320
f 545/475/320 542/375/320 544/377/320
f 545/475/320 544/377/320 546/378/321
f 547/476/322 545/475/320 546/378/321
f 547/476/322 546/378/321 548/367/398
f 549/366/399 547/476/322 548/367/398
f 550/477/304 551/478/400 552/479/401
f 550/477/304 552/479/401 553/480/296
f 554/481/293 553/480/296 552/479/401
f 553/480/296 554/481/293 555/482/352
f 554/481/293 556/483/298 555/482/352
f 557/484/292 556/483/298 554/481/293
f 557/484/292 558/485/402 556/483/298
f 559/486/403 558/485/402 557/484/292
f 560/487/404 559/486/403 557/484/292
f 560/487/404 557/484/292 554/481/293
f 561/488/301 559/486/403 560/487/404
f 562/489/294 561/488/301 560/487/404
f 551/478/400 561/488/301 562/489/294
f 562/489/294 560/487/404 554/481/293
f 551/478/400 563/490/405 552/479/401
f 563/490/405 554/481/293 552/479/401
f 563/490/405 562/489/294 554/481/293
f 563/490/405 551/478/400 562/489/294
f 564/491/406 553/480/296 555/482/352
f 564/491/406 550/477/304 553/480/296
f 565/492/357 564/491/406 555/482/352
f 565/492/357 555/482/352 556/483/298
f 566/493/306 565/492/357 556/483/298
f 558/485/402 566/493/306 556/483/298
f 567/392/407 568/363/408 569/364/407
f 570/494/408 567/392/407 569/364/407
f 571/495/409 572/388/409 573/496/410
f 574/497/410 571/495/409 573/496/410
f 575/498/388 576/499/345 577/420/345
f 578/500/388 575/498/388 577/420/345
f 579/501/411 575/498/388 578/500/388
f 580/502/411 579/501/411 578/500/388
f 580/502/411 581/411/390 579/501/411
f 581/411/390 582/503/390 579/501/411
f 583/382/412 584/381/412 585/504/413
f 586/385/413 583/382/412 585/504/413
f 586/385/413 585/504/413 587/505/414
f 588/387/415 586/385/413 587/505/414
f 588/387/415 587/505/414 589/496/416
f 590/388/417 588/387/415 589/496/416
f 591/381/351 592/380/351 593/506/325
f 594/504/325 591/381/351 593/506/325
f 594/504/325 593/506/325 595/507/114
f 596/505/114 594/504/325 595/507/114
f 597/496/326 596/505/114 595/507/114
f 598/497/114 597/496/326 595/507/114
f 599/508/418 600/432/331 601/509/331
f 602/510/331 599/508/418 601/509/331
f 603/511/419 604/512/419 605/513/420
f 606/514/421 603/511/419 605/513/420
f 607/515/422 608/516/423 609/517/422
f 610/518/424 607/515/422 609/517/422
f 611/519/425 612/518/426 613/517/426
f 614/520/427 611/519/425 613/517/426
f 615/521/428 611/519/425 614/520/427
f 616/522/429 615/521/428 614/520/427
f 617/523/428 615/521/428 616/522/429
f 618/524/428 617/523/428 616/522/429
f 619/525/430 620/523/431 621/524/432
f 622/526/433 619/525/430 621/524/432
f 623/527/372 624/528/371 625/529/369
f 624/528/371 626/530/434 625/529/369
f 626/530/434 627/531/435 625/529/369
f 627/531/435 628/532/436 625/529/369
f 625/529/369 628/532/436 629/533/379
f 630/534/437 625/529/369 629/533/379
f 631/535/438 630/534/437 629/533/379
f 632/536/380 629/533/379 628/532/436
f 632/536/380 631/535/438 629/533/379
f 633/537/439 632/536/380 628/532/436
f 627/531/435 634/538/440 628/532/436
f 634/538/440 633/537/439 628/532/436
f 635/539/374 634/538/440 627/531/435
f 626/530/434 635/539/374 627/531/435
f 624/528/371 636/540/441 626/530/434
f 636/540/441 635/539/374 626/530/434
f 623/527/372 637/541/442 624/528/371
f 637/541/442 636/540/441 624/528/371
f 638/542/443 637/541/442 623/527/372
f 631/535/438 638/542/443 630/534/437
f 639/543/444 638/542/443 623/527/372
f 623/527/372 625/529/369 639/543/444
f 625/529/369 630/534/437 639/543/444
f 638/542/443 639/543/444 630/534/437
f 640/544/58 641/545/445 642/525/446
f 643/546/58 640/544/58 642/525/446
f 644/547/60 640/544/58 643/546/58
f 645/548/60 644/547/60 643/546/58
f 645/548/60 646/515/447 644/547/60
f 646/515/447 647/549/388 644/547/60
f 648/550/397 649/551/349 650/552/401
f 648/550/397 650/552/401 651/553/448
f 652/554/293 651/553/448 650/552/401
f 651/553/448 652/554/293 653/555/449
f 652/554/293 654/556/450 653/555/449
f 655/557/292 654/556/450 652/554/293
f 655/557/292 656/558/402 654/556/450
f 657/559/300 656/558/402 655/557/292
f 658/560/451 657/559/300 655/557/292
f 658/560/451 655/557/292 652/554/293
f 659/561/301 657/559/300 658/560/451
f 649/551/349 659/561/301 660/562/294
f 660/562/294 658/560/451 652/554/293
f 660/562/294 659/561/301 658/560/451
f 661/563/295 652/554/293 650/552/401
f 661/563/295 660/562/294 652/554/293
f 649/551/349 661/563/295 650/552/401
f 661/563/295 649/551/349 660/562/294
f 662/564/452 651/553/448 653/555/449
f 662/564/452 648/550/397 651/553/448
f 663/565/392 662/564/452 653/555/449
f 663/565/392 653/555/449 654/556/450
f 656/558/402 664/566/306 654/556/450
f 664/566/306 663/565/392 654/556/450
f 665/567/453 666/568/454 667/569/453
f 668/570/455 665/567/453 667/569/453
f 669/571/216 670/570/426 671/569/426
f 672/572/216 669/571/216 671/569/426
f 673/573/456 669/571/216 672/572/216
f 674/574/456 673/573/456 672/572/216
f 675/575/457 673/573/456 674/574/456
f 676/576/457 675/575/457 674/574/456
f 677/575/458 678/576/458 679/577/458
f 680/578/458 677/575/458 679/577/458
f 681/579/369 682/577/319 683/576/319
f 684/574/369 681/579/369 683/576/319
f 685/580/459 681/579/369 684/574/369
f 686/572/459 685/580/459 684/574/369
f 687/568/460 685/580/459 686/572/459
f 688/569/460 687/568/460 686/572/459
f 689/581/187 690/582/461 691/583/462
f 689/581/187 691/583/462 692/584/463
f 693/585/464 689/581/187 692/584/463
f 693/585/464 692/584/463 694/586/8
f 691/583/462 695/587/465 692/584/463
f 695/587/465 694/586/8 692/584/463
f 694/586/8 695/587/465 696/588/466
f 695/587/465 697/589/467 696/588/466
f 698/590/468 697/589/467 695/587/465
f 698/590/468 699/591/469 697/589/467
f 700/592/470 699/591/469 698/590/468
f 690/582/461 700/592/470 701/593/15
f 701/593/15 698/590/468 695/587/465
f 701/593/15 700/592/470 698/590/468
f 702/594/471 701/593/15 695/587/465
f 702/594/471 690/582/461 701/593/15
f 690/582/461 702/594/471 691/583/462
f 691/583/462 702/594/471 695/587/465
f 703/595/21 693/585/464 694/586/8
f 703/595/21 694/586/8 696/588/466
f 704/596/472 703/595/21 696/588/466
f 705/597/473 704/596/472 696/588/466
f 699/591/469 705/597/473 697/589/467
f 697/589/467 705/597/473 696/588/466
f 706/598/474 707/599/475 708/600/392
f 707/599/475 706/598/474 709/601/354
f 710/602/394 707/599/475 709/601/354
f 710/602/394 711/603/395 707/599/475
f 711/603/395 712/604/400 707/599/475
f 712/604/400 713/605/304 707/599/475
f 713/605/304 714/606/476 707/599/475
f 707/599/475 714/606/476 708/600/392
f 715/420/320 716/421/320 717/607/320
f 718/500/320 715/420/320 717/607/320
f 718/500/320 717/607/320 719/608/320
f 720/502/320 718/500/320 719/608/320
f 720/502/320 719/608/320 721/412/323
f 722/411/323 720/502/320 721/412/323
f 723/421/324 724/419/324 725/417/325
f 726/607/325 723/421/324 725/417/325
f 726/607/325 725/417/325 727/415/114
f 728/608/114 726/607/325 727/415/114
f 729/412/114 728/608/114 727/415/114
f 730/413/114 729/412/114 727/415/114
f 731/609/477 732/610/477 733/611/455
f 734/612/455 731/609/477 733/611/455
f 735/613/478 736/612/456 737/611/479
f 738/614/478 735/613/478 737/611/479
f 739/615/478 735/613/478 738/614/478
f 740/616/478 739/615/478 738/614/478
f 741/617/428 739/615/478 740/616/478
f 742/618/428 741/617/428 740/616/478
f 743/617/395 744/618/301 745/619/395
f 746/620/395 743/617/395 745/619/395
f 747/621/480 748/619/316 749/618/316
f 750/616/480 747/621/480 749/618/316
f 747/621/480 750/616/480 751/614/369
f 752/622/369 747/621/480 751/614/369
f 753/610/481 752/622/369 751/614/369
f 754/611/482 753/610/481 751/614/369
f 755/623/483 756/624/16 757/625/484
f 755/623/483 757/625/484 758/626/485
f 759/627/20 755/623/483 758/626/485
f 759/627/20 758/626/485 760/628/8
f 761/629/9 760/628/8 758/626/485
f 757/625/484 761/629/9 758/626/485
f 760/628/8 761/629/9 762/630/10
f 761/629/9 763/631/486 762/630/10
f 764/632/487 763/631/486 761/629/9
f 764/632/487 765/633/488 763/631/486
f 766/634/14 765/633/488 764/632/487
f 767/635/15 764/632/487 761/629/9
f 767/635/15 766/634/14 764/632/487
f 756/624/16 766/634/14 767/635/15
f 768/636/489 767/635/15 761/629/9
f 756/624/16 768/636/489 757/625/484
f 768/636/489 756/624/16 767/635/15
f 757/625/484 768/636/489 761/629/9
f 769/637/490 759/627/20 760/628/8
f 769/637/490 760/628/8 762/630/10
f 770/638/22 769/637/490 762/630/10
f 765/633/488 771/639/23 763/631/486
f 771/639/23 770/638/22 762/630/10
f 763/631/486 771/639/23 762/630/10
f 772/640/491 773/641/492 774/642/493
f 772/640/491 774/642/493 775/643/296
f 776/644/293 775/643/296 774/642/493
f 775/643/296 776/644/293 777/645/352
f 776/644/293 778/646/298 777/645/352
f 779/647/494 778/646/298 776/644/293
f 779/647/494 780/648/354 778/646/298
f 781/649/355 780/648/354 779/647/494
f 782/650/291 781/649/355 779/647/494
f 782/650/291 779/647/494 776/644/293
f 783/651/301 781/649/355 782/650/291
f 773/641/492 783/651/301 784/652/294
f 784/652/294 782/650/291 776/644/293
f 784/652/294 783/651/301 782/650/291
f 785/653/405 776/644/293 774/642/493
f 773/641/492 785/653/405 774/642/493
f 785/653/405 773/641/492 784/652/294
f 785/653/405 784/652/294 776/644/293
f 786/654/495 772/640/491 775/643/296
f 786/654/495 775/643/296 777/645/352
f 787/655/357 777/645/352 778/646/298
f 787/655/357 786/654/495 777/645/352
f 780/648/354 788/656/306 778/646/298
f 788/656/306 787/655/357 778/646/298
f 789/657/456 790/514/496 791/513/497
f 792/658/456 789/657/456 791/513/497
f 793/659/498 789/657/456 792/658/456
f 794/660/498 793/659/498 792/658/456
f 795/661/499 793/659/498 794/660/498
f 796/662/500 795/661/499 794/660/498
f 797/661/501 798/662/502 799/663/502
f 800/664/503 797/661/501 799/663/502
f 801/665/319 802/663/316 803/662/317
f 804/660/319 801/665/319 803/662/317
f 801/665/319 804/660/319 805/658/480
f 806/666/504 801/665/319 805/658/480
f 806/666/504 805/658/480 807/513/480
f 808/512/480 806/666/504 807/513/480
f 809/422/413 810/425/505 811/667/506
f 812/428/506 809/422/413 811/667/506
f 812/428/506 811/667/506 813/668/507
f 814/430/507 812/428/506 813/668/507
f 814/430/507 813/668/507 815/509/508
f 816/432/508 814/430/507 815/509/508
f 817/425/337 818/424/337 819/669/325
f 820/667/325 817/425/337 819/669/325
f 820/667/325 819/669/325 821/670/509
f 822/668/510 820/667/325 821/670/509
f 822/668/510 821/670/509 823/510/510
f 824/509/511 822/668/510 823/510/510
f 825/671/491 826/672/492 827/673/493
f 825/671/491 827/673/493 828/674/448
f 829/675/293 828/674/448 827/673/493
f 828/674/448 829/675/293 830/676/352
f 829/675/293 831/677/512 830/676/352
f 832/678/494 831/677/512 829/675/293
f 832/678/494 833/679/402 831/677/512
f 834/680/300 833/679/402 832/678/494
f 835/681/451 834/680/300 832/678/494
f 835/681/451 832/678/494 829/675/293
f 836/682/301 834/680/300 835/681/451
f 837/683/294 836/682/301 835/681/451
f 826/672/492 836/682/301 837/683/294
f 837/683/294 835/681/451 829/675/293
f 838/684/405 829/675/293 827/673/493
f 826/672/492 838/684/405 827/673/493
f 838/684/405 826/672/492 837/683/294
f 838/684/405 837/683/294 829/675/293
f 839/685/476 828/674/448 830/676/352
f 839/685/476 825/671/491 828/674/448
f 840/686/392 839/685/476 830/676/352
f 840/686/392 830/676/352 831/677/512
f 833/679/402 841/687/306 831/677/512
f 841/687/306 840/686/392 831/677/512
f 842/688/24 843/689/16 844/690/18
f 842/688/24 844/690/18 845/691/19
f 846/692/20 842/688/24 845/691/19
f 846/692/20 845/691/19 847/693/8
f 844/690/18 848/694/9 845/691/19
f 848/694/9 847/693/8 845/691/19
f 847/693/8 848/694/9 849/695/10
f 848/694/9 850/696/513 849/695/10
f 851/697/12 850/696/513 848/694/9
f 851/697/12 852/698/13 850/696/513
f 853/699/14 852/698/13 851/697/12
f 854/700/15 853/699/14 851/697/12
f 843/689/16 853/699/14 854/700/15
f 854/700/15 851/697/12 848/694/9
f 843/689/16 855/701/514 844/690/18
f 844/690/18 855/701/514 848/694/9
f 855/701/514 854/700/15 848/694/9
f 855/701/514 843/689/16 854/700/15
f 856/702/490 847/693/8 849/695/10
f 856/702/490 846/692/20 847/693/8
f 857/703/22 856/702/490 849/695/10
f 857/703/22 849/695/10 850/696/513
f 858/704/23 857/703/22 850/696/513
f 852/698/13 858/704/23 850/696/513
f 859/705/515 860/436/426 861/435/426
f 862/706/516 859/705/515 861/435/426
f 863/707/456 859/705/515 862/706/516
f 864/708/456 863/707/456 862/706/516
f 865/438/429 863/707/456 864/708/456
f 866/439/428 865/438/429 864/708/456
f 867/709/517 868/494/518 869/364/341
f 870/361/517 867/709/517 869/364/341
f 871/710/519 867/709/517 870/361/517
f 872/360/519 871/710/519 870/361/517
f 873/356/336 871/710/519 872/360/519
f 874/357/336 873/356/336 872/360/519
f 875/711/520 876/495/521 877/497/522
f 878/507/520 875/711/520 877/497/522
f 879/712/343 875/711/520 878/507/520
f 880/506/343 879/712/343 878/507/520
f 881/379/523 879/712/343 880/506/343
f 882/380/523 881/379/523 880/506/343
f 883/713/524 884/508/525 885/510/526
f 886/670/527 883/713/524 885/510/526
f 887/714/528 883/713/524 886/670/527
f 888/669/528 887/714/528 886/670/527
f 889/423/529 887/714/528 888/669/528
f 890/424/530 889/423/529 888/669/528
f 891/715/58 892/716/446 893/437/446
f 894/717/58 891/715/58 893/437/446
f 895/718/531 891/715/58 894/717/58
f 896/719/531 895/718/531 894/717/58
f 896/719/531 897/433/388 895/718/531
f 897/433/388 898/720/388 895/718/531
f 899/721/391 900/722/59 901/723/532
f 900/722/59 899/721/391 902/724/393
f 903/725/394 900/722/59 902/724/393
f 903/725/394 904/726/395 900/722/59
f 904/726/395 905/727/533 900/722/59
f 905/727/533 906/728/491 900/722/59
f 900/722/59 907/729/476 901/723/532
f 906/728/491 907/729/476 900/722/59
f 908/730/474 909/731/475 910/732/534
f 909/731/475 908/730/474 911/733/535
f 912/734/394 909/731/475 911/733/535
f 912/734/394 913/735/536 909/731/475
f 913/735/536 914/736/533 909/731/475
f 914/736/533 915/737/304 909/731/475
f 915/737/304 916/738/264 909/731/475
f 909/731/475 916/738/264 910/732/534
f 917/366/362 918/739/63 919/740/64
f 920/476/64 917/366/362 919/740/64
f 920/476/64 919/740/64 921/475/347
f 919/740/64 922/741/347 921/475/347
f 921/475/347 922/741/347 923/742/345
f 924/375/346 921/475/347 923/742/345
f 925/743/464 926/744/537 927/745/53
f 928/746/538 925/743/464 927/745/53
f 929/747/539 928/746/538 927/745/53
f 930/748/540 929/747/539 927/745/53
f 930/748/540 927/745/53 931/749/541
f 927/745/53 932/750/542 931/749/541
f 927/745/53 926/744/537 933/751/543
f 932/750/542 927/745/53 933/751/543
f 934/752/544 276/274/259 264/262/74
f 265/263/248 934/752/544 264/262/74
f 934/752/544 265/263/248 272/270/255
f 272/270/255 278/276/261 934/752/544
f 278/276/261 276/274/259 934/752/544
f 141/139/131 935/753/545 126/124/116
f 140/138/130 935/753/545 141/139/131
f 936/754/546 105/103/97 104/102/96
f 106/104/98 105/103/97 936/754/546
f 936/754/546 935/753/545 140/138/130
f 937/755/547 106/104/98 936/754/546
f 937/755/547 936/754/546 140/138/130
f 103/101/95 109/107/101 938/756/548
f 104/102/96 938/756/548 936/754/546
f 938/756/548 935/753/545 936/754/546
f 935/753/545 938/756/548 126/124/116
f 109/107/101 126/124/116 938/756/548
f 103/101/95 938/756/548 104/102/96
f 939/567/346 940/757/346 941/758/549
f 942/759/549 939/567/346 941/758/549
f 942/759/549 941/758/549 943/760/58
f 941/758/549 944/761/58 943/760/58
f 943/760/58 944/761/58 945/762/550
f 946/578/551 943/760/58 945/762/550
f 947/763/391 948/764/475 949/765/357
f 948/764/475 947/763/391 950/766/354
f 951/767/394 948/764/475 950/766/354
f 951/767/394 952/768/395 948/764/475
f 952/768/395 953/769/400 948/764/475
f 953/769/400 954/770/397 948/764/475
f 948/764/475 955/771/552 949/765/357
f 954/770/397 955/771/552 948/764/475
f 956/772/391 957/773/475 958/774/392
f 957/773/475 956/772/391 959/775/393
f 960/776/355 957/773/475 959/775/393
f 960/776/355 961/777/301 957/773/475
f 961/777/301 962/778/553 957/773/475
f 962/778/553 963/779/491 957/773/475
f 957/773/475 964/780/476 958/774/392
f 963/779/491 964/780/476 957/773/475
f 965/781/554 966/782/555 967/783/556
f 966/782/555 965/781/554 968/784/557
f 969/785/558 966/782/555 968/784/557
f 969/785/558 970/786/375 966/782/555
f 970/786/375 971/787/559 966/782/555
f 971/787/559 972/788/377 966/782/555
f 966/782/555 973/789/560 967/783/556
f 972/788/377 973/789/560 966/782/555
f 974/525/561 975/526/561 976/790/562
f 977/546/562 974/525/561 976/790/562
f 977/546/562 976/790/562 978/791/563
f 979/548/564 977/546/562 978/791/563
f 979/548/564 978/791/563 980/516/561
f 981/515/561 979/548/564 980/516/561
f 982/526/460 983/524/459 984/522/565
f 985/790/565 982/526/460 984/522/565
f 985/790/565 984/522/565 986/520/565
f 987/791/565 985/790/565 986/520/565
f 987/791/565 986/520/565 988/517/460
f 989/516/460 987/791/565 988/517/460
f 990/792/554 991/793/555 992/794/556
f 991/793/555 990/792/554 993/795/566
f 994/796/558 991/793/555 993/795/566
f 994/796/558 995/797/567 991/793/555
f 995/797/567 996/798/568 991/793/555
f 996/798/568 997/799/569 991/793/555
f 991/793/555 998/800/537 992/794/556
f 997/799/569 998/800/537 991/793/555
f 999/578/570 1000/577/570 1001/579/562
f 1002/760/562 999/578/570 1001/579/562
f 1002/760/562 1001/579/562 1003/580/571
f 1004/759/571 1002/760/562 1003/580/571
f 1004/759/571 1003/580/571 1005/568/561
f 1006/567/561 1004/759/571 1005/568/561
f 1007/620/570 1008/619/570 1009/621/3
f 1010/801/3 1007/620/570 1009/621/3
f 1010/801/3 1009/621/3 1011/622/572
f 1012/802/573 1010/801/3 1011/622/572
f 1012/802/573 1011/622/572 1013/610/3
f 1014/609/3 1012/802/573 1013/610/3
f 1015/609/574 1016/803/346 1017/804/549
f 1018/802/549 1015/609/574 1017/804/549
f 1018/802/549 1017/804/549 1019/801/575
f 1017/804/549 1020/805/329 1019/801/575
f 1019/801/575 1020/805/329 1021/806/576
f 1022/620/576 1019/801/575 1021/806/576
f 1023/440/460 1024/439/460 1025/708/460
f 1026/807/460 1023/440/460 1025/708/460
f 1026/807/460 1025/708/460 1027/706/460
f 1028/808/459 1026/807/460 1027/706/460
f 1028/808/459 1027/706/460 1029/435/480
f 1030/434/480 1028/808/459 1029/435/480
f 1031/437/561 1032/440/561 1033/807/577
f 1034/717/578 1031/437/561 1033/807/577
f 1034/717/578 1033/807/577 1035/808/562
f 1036/719/578 1034/717/578 1035/808/562
f 1036/719/578 1035/808/562 1037/434/561
f 1038/433/561 1036/719/578 1037/434/561
f 1039/664/54 1040/809/579 1041/810/580
f 1040/809/579 1042/811/579 1041/810/580
f 1043/812/278 1042/811/579 1040/809/579
f 1044/813/278 1043/812/278 1040/809/579
f 1045/814/60 1043/812/278 1044/813/278
f 1046/511/60 1045/814/60 1044/813/278
f 1047/664/581 1048/663/581 1049/665/581
f 1050/809/581 1047/664/581 1049/665/581
f 1050/809/581 1049/665/581 1051/666/162
f 1052/813/162 1050/809/581 1051/666/162
f 1052/813/162 1051/666/162 1053/512/561
f 1054/511/561 1052/813/162 1053/512/561
f 1055/815/25 1056/816/26 1057/817/22
f 1056/816/26 1055/815/25 1058/818/13
f 1059/819/582 1056/816/26 1058/818/13
f 1059/819/582 1060/820/16 1056/816/26
f 1060/820/16 1061/821/28 1056/816/26
f 1061/821/28 1062/822/20 1056/816/26
f 1056/816/26 1063/823/537 1057/817/22
f 1062/822/20 1063/823/537 1056/816/26
f 1064/824/583 1065/825/26 1066/826/22
f 1065/825/26 1064/824/583 1067/827/584
f 1068/828/582 1065/825/26 1067/827/584
f 1068/828/582 1069/829/16 1065/825/26
f 1069/829/16 1070/830/585 1065/825/26
f 1070/830/585 1071/831/20 1065/825/26
f 1065/825/26 1072/832/537 1066/826/22
f 1071/831/20 1072/832/537 1065/825/26
