# Blender 5.0.1
# www.blender.org
mtllib sniper riffle.mtl
o MosinNagant_Mosin_0
v 0.000115 -0.030653 0.463244
v -0.000805 -0.031125 0.463535
v -0.000395 -0.030211 0.463015
v 0.000094 -0.030648 0.463236
v -0.000805 -0.038848 0.447352
v 0.000098 -0.038711 0.447337
v -0.000395 -0.039762 0.447872
v -0.013290 -0.035531 0.451103
v -0.013337 -0.031044 0.458047
v -0.013108 -0.031842 0.458259
v -0.013154 -0.034710 0.450903
v -0.005631 0.136267 -0.611338
v -0.009714 0.135857 -0.612047
v -0.008190 0.135967 -0.606072
v -0.008189 0.136320 -0.611383
v -0.005594 0.136181 -0.605830
v -0.009713 0.135915 -0.605076
v -0.003420 0.135905 -0.612005
v -0.010408 0.136051 -0.612011
v -0.010387 0.135875 -0.605108
v 0.003179 0.110880 -0.535539
v 0.003179 0.111428 -0.536226
v 0.003179 0.112659 -0.534682
v 0.003558 0.111428 -0.536226
v 0.003651 0.112659 -0.536683
v 0.003558 0.113890 -0.536226
v 0.003179 0.113890 -0.536226
v 0.003179 0.114438 -0.535539
v 0.003558 0.114438 -0.535539
v 0.003705 0.114527 -0.533895
v 0.003179 0.114438 -0.533826
v 0.003179 0.113890 -0.533138
v 0.003558 0.113890 -0.533138
v 0.003651 0.112659 -0.532681
v 0.003558 0.111428 -0.533138
v 0.003179 0.111428 -0.533138
v 0.003179 0.110880 -0.533826
v 0.003179 0.112659 -0.534682
v 0.003705 0.110790 -0.533895
v 0.003558 0.110880 -0.535539
v -0.017018 0.110880 -0.533826
v -0.017018 0.111428 -0.533138
v -0.017018 0.112659 -0.534682
v -0.017396 0.111428 -0.533138
v -0.017489 0.112659 -0.532681
v -0.017396 0.113890 -0.533138
v -0.017018 0.113890 -0.533138
v -0.017018 0.114438 -0.533826
v -0.017018 0.112659 -0.534682
v -0.017396 0.114438 -0.533826
v -0.017543 0.114527 -0.535470
v -0.017018 0.114438 -0.535539
v -0.017018 0.113890 -0.536226
v -0.017396 0.113890 -0.536226
v -0.017489 0.112659 -0.536683
v -0.017396 0.111428 -0.536226
v -0.017018 0.111428 -0.536226
v -0.017018 0.110880 -0.535539
v -0.017018 0.112659 -0.534682
v -0.017543 0.110790 -0.535470
v -0.017396 0.110880 -0.533826
v -0.020690 0.110062 -0.281497
v -0.020690 0.110519 -0.280924
v -0.020690 0.111545 -0.282211
v -0.021006 0.110519 -0.280924
v -0.021083 0.111545 -0.280543
v -0.021006 0.112570 -0.280924
v -0.020690 0.112570 -0.280924
v -0.020691 0.113027 -0.281497
v -0.021006 0.113027 -0.281497
v -0.021128 0.113102 -0.282867
v -0.020691 0.113027 -0.282925
v -0.020690 0.112570 -0.283497
v -0.021006 0.112570 -0.283497
v -0.021083 0.111545 -0.283878
v -0.021006 0.110519 -0.283497
v -0.020690 0.110519 -0.283497
v -0.020690 0.110062 -0.282925
v -0.020690 0.111545 -0.282211
v -0.021128 0.109987 -0.282867
v -0.021006 0.110062 -0.281497
v -0.020690 0.110062 -0.257176
v -0.020690 0.110519 -0.256603
v -0.020690 0.111545 -0.257890
v -0.021006 0.110519 -0.256603
v -0.021083 0.111545 -0.256222
v -0.021006 0.112570 -0.256603
v -0.020690 0.112570 -0.256603
v -0.020691 0.113027 -0.257176
v -0.021128 0.113102 -0.257234
v -0.021006 0.113027 -0.258604
v -0.020691 0.113027 -0.258604
v -0.020690 0.112570 -0.259176
v -0.020690 0.111545 -0.257890
v -0.021006 0.112570 -0.259176
v -0.021083 0.111545 -0.259557
v -0.021006 0.110519 -0.259176
v -0.020690 0.110519 -0.259176
v -0.020690 0.110062 -0.258604
v -0.021006 0.110062 -0.258604
v -0.021128 0.109987 -0.257234
v -0.019923 0.107204 -0.283775
v -0.019923 0.105316 -0.277599
v -0.020011 0.104604 -0.269871
v -0.019923 0.109882 -0.287140
v -0.019923 0.112771 -0.287140
v -0.019923 0.115449 -0.283775
v -0.019923 0.117337 -0.277599
v -0.019923 0.118013 -0.269871
v -0.019923 0.117337 -0.262143
v -0.019923 0.115449 -0.255967
v -0.019923 0.112771 -0.252603
v -0.019923 0.109882 -0.252603
v -0.019923 0.107204 -0.255967
v -0.019923 0.105316 -0.262143
v 0.006103 0.105316 -0.277599
v 0.006103 0.107204 -0.283775
v 0.006190 0.104604 -0.269871
v 0.006103 0.109882 -0.287140
v 0.006103 0.112771 -0.287140
v 0.006103 0.115449 -0.283775
v 0.006103 0.117337 -0.277599
v 0.006103 0.118013 -0.269871
v 0.006103 0.117337 -0.262143
v 0.006103 0.115449 -0.255967
v 0.006103 0.112771 -0.252603
v 0.006103 0.109882 -0.252603
v 0.006103 0.107204 -0.255967
v 0.006103 0.105316 -0.262143
v 0.008977 0.115357 -0.269697
v 0.006538 0.115357 -0.269697
v 0.006994 0.115537 -0.268975
v 0.006906 0.115289 -0.271035
v 0.008601 0.115209 -0.271035
v 0.008445 0.114198 -0.268447
v -0.020359 0.115357 -0.269697
v -0.020814 0.115537 -0.268975
v -0.020726 0.115288 -0.271035
v -0.022421 0.115209 -0.271035
v -0.022797 0.115357 -0.269697
v -0.022265 0.114198 -0.268447
v -0.023747 0.111192 -0.269006
v -0.023747 0.111648 -0.268433
v -0.023747 0.112674 -0.269720
v -0.024062 0.111648 -0.268433
v -0.024140 0.112674 -0.268052
v -0.024062 0.113700 -0.268433
v -0.023747 0.113700 -0.268433
v -0.023747 0.114156 -0.269006
v -0.024062 0.114156 -0.269006
v -0.024185 0.114231 -0.270376
v -0.023747 0.114156 -0.270433
v -0.023747 0.113700 -0.271006
v -0.023747 0.112674 -0.269720
v -0.024062 0.113700 -0.271006
v -0.024140 0.112674 -0.271387
v -0.024062 0.111648 -0.271006
v -0.023747 0.111648 -0.271006
v -0.023747 0.111192 -0.270433
v -0.024185 0.111117 -0.270376
v -0.024062 0.111192 -0.269006
v 0.006999 0.110062 -0.282925
v 0.006999 0.110519 -0.283497
v 0.006999 0.111545 -0.282211
v 0.007314 0.110519 -0.283497
v 0.007391 0.111545 -0.283878
v 0.007314 0.112570 -0.283497
v 0.006999 0.112570 -0.283497
v 0.006999 0.113027 -0.282925
v 0.007314 0.113027 -0.282925
v 0.007436 0.113102 -0.281554
v 0.006999 0.113027 -0.281497
v 0.006999 0.112570 -0.280924
v 0.007314 0.112570 -0.280924
v 0.007391 0.111545 -0.280543
v 0.007314 0.110519 -0.280924
v 0.006999 0.110519 -0.280924
v 0.006999 0.110062 -0.281497
v 0.007436 0.109987 -0.281554
v 0.007314 0.110062 -0.282925
v 0.006999 0.110062 -0.258604
v 0.006999 0.110519 -0.259176
v 0.006999 0.111545 -0.257890
v 0.007314 0.110519 -0.259176
v 0.007391 0.111545 -0.259557
v 0.007314 0.112570 -0.259176
v 0.006999 0.112570 -0.259176
v 0.006999 0.113027 -0.258604
v 0.007314 0.113027 -0.258604
v 0.007436 0.113102 -0.257234
v 0.006999 0.113027 -0.257176
v 0.006999 0.112570 -0.256603
v 0.007314 0.112570 -0.256603
v 0.007391 0.111545 -0.256222
v 0.007314 0.110519 -0.256603
v 0.006999 0.110519 -0.256603
v 0.006999 0.110062 -0.257176
v 0.006999 0.111545 -0.257890
v 0.007436 0.109987 -0.257234
v 0.007314 0.110062 -0.258604
v 0.009775 0.111192 -0.270433
v 0.009775 0.111648 -0.271006
v 0.009775 0.112674 -0.269720
v 0.010090 0.111648 -0.271006
v 0.010168 0.112674 -0.271387
v 0.010090 0.113700 -0.271006
v 0.009775 0.113700 -0.271006
v 0.009775 0.114156 -0.270433
v 0.010213 0.114231 -0.270376
v 0.010090 0.114156 -0.269006
v 0.009775 0.114156 -0.269006
v 0.009775 0.113700 -0.268433
v 0.010090 0.113700 -0.268433
v 0.010168 0.112674 -0.268052
v 0.010090 0.111648 -0.268433
v 0.009775 0.111648 -0.268433
v 0.009775 0.111192 -0.269006
v 0.009775 0.112674 -0.269720
v 0.010090 0.111192 -0.269006
v 0.010213 0.111117 -0.270376
v 0.005097 0.100794 -0.056761
v 0.005097 0.101251 -0.057334
v 0.005097 0.102277 -0.056047
v 0.005412 0.101251 -0.057334
v 0.005490 0.102277 -0.057715
v 0.005412 0.103302 -0.057334
v 0.005097 0.103302 -0.057334
v 0.005097 0.103759 -0.056761
v 0.005097 0.102277 -0.056047
v 0.005535 0.103834 -0.056704
v 0.005412 0.103759 -0.055333
v 0.005097 0.103759 -0.055333
v 0.005097 0.103302 -0.054761
v 0.005097 0.102277 -0.056047
v 0.005412 0.103302 -0.054761
v 0.005490 0.102277 -0.054380
v 0.005412 0.101251 -0.054761
v 0.005097 0.101251 -0.054761
v 0.005097 0.100794 -0.055333
v 0.005097 0.102277 -0.056047
v 0.005412 0.100794 -0.055333
v 0.005535 0.100719 -0.056704
v 0.010525 0.095051 -0.048292
v 0.010525 0.095856 -0.049302
v 0.010525 0.097666 -0.047032
v 0.011081 0.095856 -0.049302
v 0.011218 0.097666 -0.049974
v 0.011081 0.099475 -0.049302
v 0.010525 0.099475 -0.049302
v 0.010525 0.100281 -0.048292
v 0.010525 0.097666 -0.047032
v 0.011081 0.100281 -0.048292
v 0.011081 0.100568 -0.047032
v 0.011081 0.100281 -0.045773
v 0.010525 0.100281 -0.045773
v 0.010525 0.099475 -0.044763
v 0.011081 0.099475 -0.044763
v 0.011218 0.097666 -0.044091
v 0.011081 0.095856 -0.044763
v 0.010525 0.095856 -0.044763
v 0.010525 0.095051 -0.045773
v 0.011081 0.095051 -0.045773
v 0.011081 0.094763 -0.047032
v 0.011081 0.095051 -0.048292
v 0.001371 0.137525 -0.002427
v 0.001371 0.137981 -0.002999
v 0.001371 0.139007 -0.001713
v 0.001687 0.137981 -0.002999
v 0.001764 0.139007 -0.003380
v 0.001687 0.140033 -0.002999
v 0.001371 0.140033 -0.002999
v 0.001371 0.140490 -0.002427
v 0.001371 0.139007 -0.001713
v 0.001687 0.140490 -0.002427
v 0.001809 0.140564 -0.001056
v 0.001371 0.140490 -0.000999
v 0.001371 0.140033 -0.000426
v 0.001687 0.140033 -0.000426
v 0.001764 0.139007 -0.000045
v 0.001687 0.137981 -0.000426
v 0.001371 0.137981 -0.000426
v 0.001371 0.137525 -0.000999
v 0.001371 0.139007 -0.001713
v 0.001809 0.137450 -0.001056
v 0.001687 0.137525 -0.002427
v -0.019217 0.100794 -0.055333
v -0.019217 0.101251 -0.054761
v -0.019217 0.102277 -0.056047
v -0.019532 0.101251 -0.054761
v -0.019610 0.102277 -0.054380
v -0.019532 0.103302 -0.054761
v -0.019217 0.103302 -0.054761
v -0.019217 0.103759 -0.055333
v -0.019532 0.103759 -0.055333
v -0.019655 0.103834 -0.056704
v -0.019217 0.103759 -0.056761
v -0.019217 0.103302 -0.057334
v -0.019217 0.102277 -0.056047
v -0.019532 0.103302 -0.057334
v -0.019610 0.102277 -0.057715
v -0.019532 0.101251 -0.057334
v -0.019217 0.101251 -0.057334
v -0.019217 0.100794 -0.056761
v -0.019217 0.102277 -0.056047
v -0.019655 0.100719 -0.056704
v -0.019532 0.100794 -0.055333
v -0.024394 0.095051 -0.045773
v -0.024394 0.095856 -0.044763
v -0.024394 0.097666 -0.047032
v -0.024950 0.095856 -0.044763
v -0.025087 0.097666 -0.044091
v -0.024950 0.099475 -0.044763
v -0.024394 0.099475 -0.044763
v -0.024394 0.100281 -0.045773
v -0.024394 0.097666 -0.047032
v -0.024950 0.100281 -0.045773
v -0.024950 0.100568 -0.047032
v -0.024950 0.100281 -0.048292
v -0.024394 0.100281 -0.048292
v -0.024394 0.099475 -0.049302
v -0.024950 0.099475 -0.049302
v -0.025087 0.097666 -0.049973
v -0.024950 0.095856 -0.049302
v -0.024394 0.095856 -0.049302
v -0.024394 0.095051 -0.048292
v -0.024950 0.095051 -0.048292
v -0.024950 0.094763 -0.047032
v -0.024950 0.095051 -0.045773
v -0.015297 0.137525 -0.000999
v -0.015297 0.137981 -0.000426
v -0.015297 0.139007 -0.001713
v -0.015613 0.137981 -0.000426
v -0.015690 0.139007 -0.000045
v -0.015613 0.140033 -0.000426
v -0.015297 0.140033 -0.000426
v -0.015297 0.140490 -0.000999
v -0.015735 0.140564 -0.001056
v -0.015613 0.140490 -0.002427
v -0.015297 0.140490 -0.002427
v -0.015297 0.140033 -0.002999
v -0.015297 0.139007 -0.001713
v -0.015613 0.140033 -0.002999
v -0.015690 0.139007 -0.003380
v -0.015613 0.137981 -0.002999
v -0.015297 0.137981 -0.002999
v -0.015297 0.137525 -0.002427
v -0.015613 0.137525 -0.002427
v -0.015735 0.137450 -0.001056
v -0.008520 0.074778 0.142945
v -0.010528 0.074778 0.145463
v -0.005300 0.074778 0.142945
v -0.003292 0.074778 0.145463
v -0.004009 0.074778 0.148603
v -0.006910 0.074778 0.150000
v -0.009812 0.074778 0.148603
v -0.009525 0.070981 0.145030
v -0.008720 0.070981 0.144020
v -0.006910 0.070981 0.146289
v -0.008720 0.070425 0.144020
v -0.006910 0.070288 0.143348
v -0.006910 0.070981 0.146289
v -0.005100 0.070425 0.144020
v -0.005100 0.070981 0.144020
v -0.004295 0.070981 0.145030
v -0.006910 0.070981 0.146289
v -0.004295 0.070425 0.145030
v -0.004008 0.070425 0.146289
v -0.006910 0.070981 0.146289
v -0.004295 0.070425 0.147548
v -0.004295 0.070981 0.147548
v -0.005100 0.070981 0.148558
v -0.006910 0.070981 0.146289
v -0.005100 0.070425 0.148558
v -0.006910 0.070288 0.149230
v -0.006910 0.070981 0.146289
v -0.008720 0.070425 0.148558
v -0.008720 0.070981 0.148558
v -0.009525 0.070981 0.147548
v -0.006910 0.070981 0.146289
v -0.009525 0.070425 0.147548
v -0.009813 0.070425 0.146289
v -0.006910 0.070981 0.146289
v -0.009525 0.070425 0.145030
v -0.008704 0.070710 0.144040
v -0.006910 0.070981 0.146289
v -0.006910 0.070981 0.146289
v -0.009502 0.070710 0.145041
v -0.014192 0.069108 0.216808
v -0.014268 0.051280 0.271991
v -0.014268 0.051737 0.272563
v -0.014268 0.052763 0.271277
v -0.014583 0.051737 0.272563
v -0.014661 0.052763 0.272944
v -0.014583 0.053789 0.272563
v -0.014268 0.053789 0.272563
v -0.014268 0.054245 0.271991
v -0.014268 0.052763 0.271277
v -0.014583 0.054245 0.271991
v -0.014706 0.054320 0.270621
v -0.014268 0.054245 0.270563
v -0.014268 0.053789 0.269991
v -0.014268 0.052763 0.271277
v -0.014583 0.053789 0.269991
v -0.014661 0.052763 0.269610
v -0.014583 0.051737 0.269991
v -0.014268 0.051737 0.269991
v -0.014268 0.051280 0.270563
v -0.014268 0.052763 0.271277
v -0.014706 0.051206 0.270621
v -0.014583 0.051280 0.271991
v 0.000393 0.051280 0.270563
v 0.000393 0.051737 0.269991
v 0.000393 0.052763 0.271277
v 0.000708 0.051737 0.269991
v 0.000786 0.052763 0.269610
v 0.000708 0.053789 0.269991
v 0.000393 0.053789 0.269991
v 0.000393 0.054245 0.270563
v 0.000831 0.054320 0.270621
v 0.000708 0.054245 0.271991
v 0.000393 0.054245 0.271991
v 0.000393 0.053789 0.272563
v 0.000393 0.052763 0.271277
v 0.000708 0.053789 0.272563
v 0.000785 0.052763 0.272944
v 0.000708 0.051737 0.272563
v 0.000393 0.051737 0.272563
v 0.000393 0.051280 0.271991
v 0.000393 0.052763 0.271277
v 0.000708 0.051280 0.271991
v 0.000831 0.051206 0.270621
v 0.000572 0.069005 0.216689
v 0.009378 0.101264 0.153164
v 0.009426 0.104855 0.150773
v 0.009445 0.105328 0.155347
v 0.012722 0.033899 0.497293
v 0.012722 0.034355 0.496720
v 0.012722 0.035381 0.498007
v 0.013037 0.034355 0.496720
v 0.013115 0.035381 0.496339
v 0.013037 0.036407 0.496720
v 0.012722 0.036407 0.496720
v 0.012722 0.036864 0.497293
v 0.013160 0.036938 0.497351
v 0.013037 0.036864 0.498721
v 0.012722 0.036864 0.498721
v 0.012722 0.036407 0.499293
v 0.013037 0.036407 0.499293
v 0.013115 0.035381 0.499674
v 0.013037 0.034355 0.499293
v 0.012722 0.034355 0.499293
v 0.012722 0.033899 0.498721
v 0.013037 0.033899 0.498721
v 0.013160 0.033824 0.497351
v -0.025051 0.037513 0.471517
v -0.025051 0.034199 0.477063
v -0.025172 0.031625 0.484391
v -0.025051 0.040926 0.468886
v -0.025051 0.043742 0.469581
v -0.025051 0.045540 0.473497
v -0.025051 0.045894 0.479949
v -0.025051 0.044699 0.487616
v -0.025051 0.042190 0.494960
v -0.025051 0.038876 0.500507
v -0.025051 0.035463 0.503137
v -0.025051 0.032647 0.502442
v -0.025051 0.030849 0.498526
v -0.025051 0.030495 0.492074
v 0.011231 0.034199 0.477063
v 0.011231 0.037513 0.471517
v 0.011352 0.044764 0.487633
v 0.011231 0.040926 0.468886
v 0.011231 0.043742 0.469581
v 0.011231 0.045540 0.473497
v 0.011231 0.045894 0.479949
v 0.011231 0.042190 0.494960
v 0.011231 0.038876 0.500507
v 0.011231 0.035463 0.503137
v 0.011231 0.032647 0.502442
v 0.011231 0.030849 0.498526
v 0.011231 0.030495 0.492074
v 0.011231 0.031690 0.484407
v 0.014578 0.036130 0.484827
v 0.014578 0.036587 0.484255
v 0.014578 0.037613 0.485541
v 0.014893 0.036587 0.484255
v 0.014971 0.037613 0.483874
v 0.014893 0.038639 0.484255
v 0.014578 0.038639 0.484255
v 0.014578 0.039095 0.484827
v 0.015016 0.039170 0.484885
v 0.014893 0.039095 0.486255
v 0.014578 0.039095 0.486255
v 0.014578 0.038639 0.486828
v 0.014578 0.037613 0.485541
v 0.014893 0.038639 0.486828
v 0.014971 0.037613 0.487209
v 0.014893 0.036587 0.486828
v 0.014578 0.036587 0.486828
v 0.014578 0.036130 0.486255
v 0.014893 0.036130 0.486255
v 0.015016 0.036056 0.484885
v 0.012499 0.039840 0.473260
v 0.012499 0.040296 0.472687
v 0.012499 0.041322 0.473974
v 0.012815 0.040296 0.472687
v 0.012892 0.041322 0.472306
v 0.012815 0.042348 0.472687
v 0.012499 0.042348 0.472687
v 0.012499 0.042805 0.473260
v 0.012499 0.041322 0.473974
v 0.012815 0.042805 0.473260
v 0.012937 0.042879 0.474630
v 0.012499 0.042805 0.474688
v 0.012499 0.042348 0.475260
v 0.012499 0.041322 0.473974
v 0.012815 0.042348 0.475260
v 0.012892 0.041322 0.475641
v 0.012815 0.040296 0.475260
v 0.012499 0.040296 0.475260
v 0.012499 0.039840 0.474688
v 0.012815 0.039840 0.474688
v 0.012937 0.039765 0.473317
v -0.028009 0.036130 0.486255
v -0.028009 0.036587 0.486828
v -0.028009 0.037613 0.485541
v -0.028325 0.036587 0.486828
v -0.028402 0.037613 0.487209
v -0.028325 0.038639 0.486828
v -0.028009 0.038639 0.486828
v -0.028009 0.039095 0.486255
v -0.028325 0.039095 0.486255
v -0.028447 0.039170 0.484885
v -0.028009 0.039095 0.484827
v -0.028009 0.038639 0.484255
v -0.028325 0.038639 0.484255
v -0.028402 0.037613 0.483874
v -0.028325 0.036587 0.484255
v -0.028009 0.036587 0.484255
v -0.028009 0.036130 0.484827
v -0.028009 0.037613 0.485541
v -0.028447 0.036056 0.484885
v -0.028325 0.036130 0.486255
v -0.026211 0.039840 0.474688
v -0.026211 0.040296 0.475260
v -0.026211 0.041322 0.473974
v -0.026526 0.040296 0.475260
v -0.026603 0.041322 0.475641
v -0.026526 0.042348 0.475260
v -0.026211 0.042348 0.475260
v -0.026211 0.042805 0.474688
v -0.026526 0.042805 0.474688
v -0.026649 0.042879 0.473317
v -0.026211 0.042805 0.473260
v -0.026211 0.042348 0.472687
v -0.026211 0.041322 0.473974
v -0.026526 0.042348 0.472687
v -0.026603 0.041322 0.472306
v -0.026526 0.040296 0.472687
v -0.026211 0.040296 0.472687
v -0.026211 0.039840 0.473260
v -0.026649 0.039765 0.473317
v -0.026526 0.039840 0.474688
v -0.025988 0.033899 0.498721
v -0.025988 0.034355 0.499293
v -0.025988 0.035381 0.498007
v -0.026303 0.034355 0.499293
v -0.026381 0.035381 0.499674
v -0.026303 0.036407 0.499293
v -0.025988 0.036407 0.499293
v -0.025988 0.036864 0.498721
v -0.025988 0.035381 0.498007
v -0.026303 0.036864 0.498721
v -0.026426 0.036938 0.497351
v -0.025988 0.036864 0.497293
v -0.025988 0.036407 0.496720
v -0.025988 0.035381 0.498007
v -0.026303 0.036407 0.496720
v -0.026381 0.035381 0.496339
v -0.026303 0.034355 0.496720
v -0.025988 0.034355 0.496720
v -0.025988 0.033899 0.497293
v -0.026426 0.033824 0.497351
v -0.026303 0.033899 0.498721
v -0.002306 0.177812 0.261686
v -0.000894 0.176314 0.263798
v -0.006860 0.177917 0.259789
v -0.004418 0.177812 0.260274
v -0.009402 0.177812 0.260274
v -0.011514 0.176314 0.261686
v -0.012926 0.176314 0.263798
v -0.013422 0.176314 0.266290
v -0.012926 0.176314 0.268782
v -0.011514 0.176314 0.270894
v -0.009402 0.177812 0.272306
v -0.006910 0.177812 0.272801
v -0.004418 0.177812 0.272306
v -0.002306 0.176314 0.270894
v -0.000894 0.176314 0.268782
v -0.000399 0.176314 0.266290
v -0.000513 0.188166 0.263640
v -0.001238 0.187734 0.260598
v -0.000511 0.188207 0.268949
v -0.006910 0.187658 0.258302
v -0.009998 0.187734 0.258872
v -0.013464 0.186441 0.263707
v -0.013834 0.188166 0.266290
v -0.013464 0.186441 0.268873
v -0.012582 0.187734 0.271982
v -0.006896 0.187734 0.274325
v 0.000014 0.188166 0.266290
v -0.006910 0.168919 0.202184
v -0.006910 0.168919 0.349175
v -0.015297 0.173129 0.261686
v -0.014162 0.174541 0.263798
v -0.015297 0.168525 0.259790
v -0.015297 0.171017 0.260274
v -0.015297 0.166033 0.260274
v -0.015297 0.163921 0.261686
v -0.014162 0.162509 0.263798
v -0.014162 0.162014 0.266290
v -0.014162 0.162509 0.268782
v -0.015297 0.163921 0.270894
v -0.015297 0.166033 0.272306
v -0.015297 0.168525 0.272801
v -0.015297 0.171017 0.272306
v -0.015297 0.173129 0.270894
v -0.014162 0.174541 0.268782
v -0.014162 0.175036 0.266290
v -0.025582 0.175943 0.263202
v -0.025803 0.162760 0.260499
v -0.025582 0.171587 0.258861
v -0.025506 0.160537 0.266290
v -0.025582 0.161107 0.269378
v -0.025582 0.165463 0.273719
v -0.025582 0.171613 0.273708
v -0.025582 0.175954 0.269352
v -0.003992 0.132431 0.201601
v -0.003263 0.128019 0.201601
v -0.003263 0.131701 0.201601
v -0.010558 0.131701 0.198133
v -0.009828 0.132431 0.198133
v -0.010558 0.128019 0.198133
v -0.010558 0.128019 0.201601
v -0.009828 0.132431 0.201601
v -0.010558 0.131701 0.201601
v -0.003263 0.128019 0.198133
v -0.003992 0.132431 0.198133
v -0.003263 0.131701 0.198133
v -0.030555 0.120535 0.198757
v -0.030661 0.123117 0.194883
v -0.030643 0.122640 0.199413
v -0.030698 0.124537 0.196691
v -0.030678 0.120868 0.195154
v -0.025332 0.119039 0.272499
v -0.024056 0.121427 0.273457
v -0.026140 0.120347 0.271892
v -0.026246 0.120410 0.271812
v -0.024056 0.121427 0.273457
v -0.026140 0.122506 0.271892
v -0.026140 0.122506 0.271892
v -0.025332 0.123814 0.272499
v -0.024056 0.124248 0.273457
v -0.022780 0.123814 0.274415
v -0.021804 0.121987 0.275148
v -0.022147 0.119831 0.274890
v -0.023608 0.118610 0.273793
v -0.022605 0.173516 0.251348
v -0.022102 0.173516 0.251979
v -0.020972 0.173516 0.250562
v -0.022102 0.173863 0.251979
v -0.020972 0.173948 0.252398
v -0.019843 0.173863 0.251979
v -0.019843 0.173516 0.251979
v -0.019340 0.173516 0.251348
v -0.019340 0.173863 0.251348
v -0.019257 0.173998 0.249839
v -0.019340 0.173516 0.249776
v -0.019843 0.173516 0.249145
v -0.020972 0.173516 0.250562
v -0.019843 0.173863 0.249145
v -0.020972 0.173948 0.248726
v -0.022102 0.173863 0.249145
v -0.022102 0.173516 0.249145
v -0.022605 0.173516 0.249776
v -0.022687 0.173998 0.249839
v -0.022605 0.173863 0.251348
v -0.022605 0.173516 0.243541
v -0.022102 0.173516 0.244172
v -0.020972 0.173516 0.242755
v -0.022102 0.173863 0.244172
v -0.020972 0.173948 0.244591
v -0.019843 0.173863 0.244172
v -0.019843 0.173516 0.244172
v -0.019340 0.173516 0.243541
v -0.019340 0.173863 0.243541
v -0.019257 0.173998 0.242032
v -0.019340 0.173516 0.241969
v -0.019843 0.173516 0.241338
v -0.020972 0.173516 0.242755
v -0.019843 0.173863 0.241338
v -0.020972 0.173948 0.240919
v -0.022102 0.173863 0.241338
v -0.022102 0.173516 0.241338
v -0.022605 0.173516 0.241969
v -0.022605 0.173863 0.241969
v -0.022687 0.173998 0.243478
v -0.022605 0.173516 0.211640
v -0.022102 0.173516 0.212270
v -0.020972 0.173516 0.210853
v -0.022102 0.173863 0.212270
v -0.020972 0.173948 0.212690
v -0.019843 0.173863 0.212270
v -0.019843 0.173516 0.212270
v -0.019340 0.173516 0.211640
v -0.019340 0.173863 0.211640
v -0.019257 0.173998 0.210131
v -0.019340 0.173516 0.210067
v -0.019843 0.173516 0.209437
v -0.020972 0.173516 0.210853
v -0.019843 0.173863 0.209437
v -0.020972 0.173948 0.209017
v -0.022102 0.173863 0.209437
v -0.022102 0.173516 0.209437
v -0.022605 0.173516 0.210067
v -0.020972 0.173516 0.210853
v -0.022687 0.173998 0.210131
v -0.022605 0.173863 0.211640
v -0.031369 0.137007 0.267293
v -0.030763 0.137007 0.268053
v -0.029402 0.137007 0.266346
v -0.030763 0.137425 0.268053
v -0.029402 0.137528 0.268559
v -0.028040 0.137425 0.268053
v -0.028040 0.137007 0.268053
v -0.027434 0.137007 0.267293
v -0.027434 0.137425 0.267293
v -0.027335 0.137588 0.265475
v -0.027434 0.137007 0.265398
v -0.028040 0.137007 0.264638
v -0.029402 0.137007 0.266346
v -0.028040 0.137425 0.264638
v -0.029402 0.137528 0.264133
v -0.030763 0.137425 0.264638
v -0.030763 0.137007 0.264638
v -0.031369 0.137007 0.265398
v -0.029402 0.137007 0.266346
v -0.031469 0.137588 0.265475
v -0.031369 0.137425 0.267293
v -0.027434 0.109090 0.267293
v -0.028040 0.109090 0.268053
v -0.029402 0.109090 0.266346
v -0.028040 0.108672 0.268053
v -0.029402 0.108569 0.268559
v -0.030764 0.108672 0.268053
v -0.030764 0.109090 0.268053
v -0.031369 0.109090 0.267293
v -0.031369 0.108672 0.267293
v -0.031469 0.108509 0.265475
v -0.031369 0.109090 0.265398
v -0.030764 0.109090 0.264638
v -0.029402 0.109090 0.266346
v -0.030764 0.108672 0.264638
v -0.029402 0.108569 0.264133
v -0.028040 0.108672 0.264638
v -0.028040 0.109090 0.264638
v -0.027434 0.109090 0.265398
v -0.027335 0.108509 0.265475
v -0.027434 0.108672 0.267293
v -0.017063 0.157056 0.205087
v -0.011923 0.162026 0.216825
v -0.013810 0.163913 0.216825
v -0.023995 0.167179 0.238631
v -0.011923 0.162026 0.238631
v -0.017063 0.157056 0.238631
v -0.024091 0.165311 0.238631
v -0.011923 0.162026 0.254629
v -0.023995 0.165163 0.254629
v -0.027081 0.149036 0.208139
v -0.027081 0.137120 0.208139
v -0.026041 0.143078 0.208139
v -0.024245 0.152886 0.238655
v -0.024245 0.152881 0.216793
v -0.024211 0.165153 0.216825
v -0.015444 0.167177 0.216825
v -0.024245 0.153095 0.238631
v -0.028836 0.152760 0.216825
v -0.028836 0.148720 0.222495
v -0.028836 0.150333 0.224909
v -0.024245 0.140611 0.220882
v -0.024245 0.143459 0.220316
v -0.028836 0.134141 0.238631
v -0.028836 0.138198 0.233017
v -0.028836 0.136585 0.230603
v -0.028836 0.150899 0.227756
v -0.028836 0.143459 0.220316
v -0.028740 0.134058 0.216825
v -0.028836 0.140611 0.220882
v -0.028836 0.146306 0.220882
v -0.028836 0.138198 0.222495
v -0.028836 0.136585 0.224909
v -0.028836 0.136018 0.227756
v -0.028836 0.143459 0.235196
v -0.028836 0.140611 0.234630
v -0.028836 0.152760 0.238631
v -0.028836 0.148720 0.233017
v -0.028836 0.146306 0.234630
v -0.028836 0.150333 0.230603
v -0.024245 0.136585 0.224909
v -0.024245 0.138198 0.222495
v -0.024245 0.138198 0.233017
v -0.024332 0.134203 0.250080
v -0.024245 0.136585 0.230603
v -0.024245 0.136018 0.227756
v -0.024245 0.140611 0.234630
v -0.027081 0.137120 0.216825
v -0.027081 0.149036 0.216825
v -0.026041 0.143078 0.216825
v -0.028835 0.152830 0.249850
v -0.028836 0.152760 0.247148
v -0.026800 0.149036 0.238631
v -0.026800 0.137120 0.238631
v -0.025725 0.143078 0.238631
v -0.026800 0.137120 0.247148
v -0.026800 0.149036 0.247148
v -0.025725 0.143078 0.247148
v -0.024245 0.146306 0.220882
v -0.024245 0.150899 0.227756
v -0.024245 0.150333 0.230603
v -0.024245 0.143459 0.235196
v -0.017634 0.172290 0.205087
v -0.015400 0.169171 0.205087
v -0.023978 0.172214 0.205087
v -0.023978 0.169166 0.205087
v -0.028607 0.134241 0.247148
v -0.028608 0.133726 0.249956
v -0.015021 0.171561 0.205087
v -0.015906 0.175462 0.205087
v -0.013810 0.173939 0.205087
v -0.017633 0.172291 0.216825
v -0.015400 0.169171 0.216825
v -0.023978 0.172214 0.216825
v -0.023978 0.169166 0.216825
v -0.015021 0.171561 0.216825
v -0.015906 0.175462 0.216825
v -0.013810 0.173939 0.216825
v -0.021734 0.155016 0.254382
v -0.024471 0.153049 0.250095
v -0.021849 0.155345 0.254506
v -0.024279 0.153831 0.254681
v -0.024402 0.152614 0.250069
v -0.017634 0.172291 0.238631
v -0.015400 0.169171 0.238631
v -0.023978 0.172214 0.238631
v -0.023978 0.169166 0.238631
v -0.017064 0.157056 0.254629
v -0.028587 0.165163 0.254629
v -0.024385 0.153947 0.254629
v -0.015021 0.171561 0.238631
v -0.015906 0.175462 0.238631
v -0.013810 0.173939 0.238631
v -0.023977 0.172464 0.254629
v -0.023978 0.169166 0.254629
v -0.017488 0.172387 0.254629
v -0.015400 0.169171 0.254629
v -0.015021 0.171561 0.254629
v -0.028587 0.165314 0.254772
v -0.024392 0.165411 0.238666
v -0.024193 0.165310 0.205100
v -0.024396 0.165412 0.216720
v -0.024244 0.115284 0.205337
v -0.024494 0.115051 0.205103
v -0.028587 0.115051 0.205103
v -0.028836 0.115284 0.205337
v -0.024046 0.167404 0.205111
v -0.023977 0.172434 0.205176
v -0.024227 0.172215 0.205337
v -0.024060 0.169033 0.205060
v -0.024138 0.169180 0.204894
v -0.023991 0.167394 0.216736
v -0.024141 0.165417 0.216631
v -0.023994 0.169160 0.216845
v -0.023990 0.172223 0.216838
v -0.028657 0.153695 0.254653
v -0.024027 0.167471 0.238858
v -0.024227 0.169166 0.238880
v -0.023980 0.168944 0.238716
v -0.023978 0.172393 0.238702
v -0.024227 0.172215 0.238880
v -0.024027 0.167428 0.254571
v -0.023994 0.169160 0.254649
v -0.017624 0.172490 0.254521
v -0.030415 0.127644 0.272421
v -0.030603 0.114988 0.272621
v -0.024479 0.127896 0.277769
v -0.026995 0.127567 0.277738
v -0.027044 0.115263 0.277838
v -0.024492 0.115047 0.277916
v -0.024244 0.115284 0.277760
v -0.024872 0.115002 0.258826
v -0.021135 0.131760 0.213368
v -0.020275 0.131757 0.213368
v -0.021135 0.133700 0.274674
v -0.021135 0.134830 0.260826
v -0.024811 0.135605 0.271963
v -0.024960 0.135248 0.261707
v -0.019790 0.115015 0.290840
v -0.019790 0.115015 0.272117
v -0.025073 0.115015 0.272117
v -0.020634 0.128020 0.187721
v -0.024896 0.116999 0.188405
v -0.024837 0.118185 0.188377
v -0.024793 0.127628 0.291119
v -0.019625 0.129696 0.291119
v -0.020392 0.131479 0.187721
v -0.024922 0.127687 0.188328
v -0.024793 0.131480 0.187721
v -0.021251 0.131511 0.291119
v -0.024793 0.131511 0.291119
v -0.019703 0.128943 0.187721
v -0.019790 0.115015 0.261558
v -0.025073 0.115015 0.261558
v -0.024832 0.115015 0.258996
v -0.021335 0.115144 0.255859
v -0.033275 0.127625 0.198091
v -0.025344 0.127906 0.204374
v -0.025335 0.127795 0.187807
v -0.025342 0.116760 0.188508
v -0.025346 0.116916 0.204762
v -0.033228 0.117013 0.198482
v -0.021115 0.115288 0.187778
v -0.020669 0.115012 0.213089
v -0.020669 0.115012 0.187721
v -0.034148 0.125756 0.198808
v -0.025097 0.126045 0.188010
v -0.026038 0.124528 0.200453
v -0.025096 0.118439 0.188004
v -0.034131 0.118728 0.198808
v -0.026038 0.119734 0.200432
v -0.025073 0.123107 0.204909
v -0.024841 0.126284 0.188354
v -0.019666 0.115159 0.255873
v -0.025072 0.135525 0.271964
v -0.025073 0.127907 0.272117
v -0.024892 0.131986 0.277647
v -0.025073 0.127907 0.277948
v -0.025073 0.127907 0.290840
v -0.024813 0.131812 0.290853
v -0.020867 0.115060 0.187721
v -0.025352 0.127628 0.278227
v -0.025489 0.114579 0.278160
v -0.025352 0.115294 0.278227
v -0.019880 0.115142 0.290858
v -0.024764 0.135638 0.272117
v -0.024953 0.135594 0.261828
v -0.024853 0.126114 0.187747
v -0.024816 0.115006 0.187800
v -0.021086 0.115064 0.187819
v -0.021178 0.115294 0.187721
v -0.024856 0.131807 0.187767
v -0.032424 0.117004 0.204589
v -0.032400 0.127683 0.204395
v -0.024241 0.117448 0.188737
v -0.024884 0.118409 0.187640
v -0.003371 0.134976 -0.499532
v -0.009433 0.135238 -0.499469
v -0.005381 0.136713 -0.054019
v -0.009970 0.136411 -0.053975
v -0.014014 0.130677 0.321424
v -0.015878 0.129698 0.322516
v -0.014030 0.129853 0.316887
v -0.014032 0.129893 0.322026
v -0.014001 0.129686 0.316879
v -0.018430 0.118291 0.341159
v -0.017724 0.112094 0.318023
v -0.017971 0.112008 0.336100
v -0.014057 0.112094 0.318023
v -0.013367 0.119154 0.339267
v -0.015638 0.111982 0.336100
v -0.006910 0.110602 0.352836
v -0.011445 0.110755 0.351285
v -0.006910 0.111552 0.349039
v -0.010369 0.110830 0.347580
v -0.011124 0.116494 0.345861
v -0.006910 0.115431 0.349256
v 0.000193 0.130677 0.321424
v 0.002057 0.129698 0.322516
v 0.000211 0.129812 0.317464
v 0.000212 0.129901 0.322031
v 0.000181 0.129686 0.317451
v 0.004609 0.118290 0.341160
v 0.004151 0.112008 0.336100
v 0.003904 0.112094 0.317451
v 0.000206 0.112087 0.317451
v 0.001817 0.111982 0.336100
v -0.000455 0.119151 0.339275
v -0.006910 0.110602 0.352836
v -0.006910 0.111552 0.349039
v -0.002376 0.110755 0.351285
v -0.003451 0.110830 0.347580
v -0.002696 0.116494 0.345861
v -0.006910 0.115431 0.349256
v -0.013981 0.117823 0.196661
v -0.014012 0.111477 0.197209
v -0.010979 0.109577 0.194209
v -0.000421 0.120194 -0.545332
v -0.001657 0.117405 -0.545332
v -0.005882 0.127711 -0.545332
v -0.003927 0.115368 -0.545332
v -0.006910 0.114729 -0.545332
v -0.009893 0.115368 -0.545332
v -0.012163 0.117405 -0.545332
v -0.013399 0.120194 -0.545332
v -0.012764 0.124205 -0.545332
v -0.009893 0.127076 -0.545332
v -0.002265 0.125868 -0.545332
v -0.000735 0.123228 -0.545332
v 0.003905 0.114435 0.188049
v -0.000260 0.120723 0.188289
v -0.006910 0.122292 0.191395
v 0.000946 0.111477 0.188738
v -0.002780 0.109579 0.189951
v -0.006910 0.108924 0.191395
v -0.013847 0.127092 0.196749
v -0.010642 0.133775 0.193870
v -0.006911 0.134366 0.191395
v -0.003179 0.133775 0.190091
v 0.000187 0.132060 0.189175
v 0.002859 0.129388 0.188373
v 0.000176 0.123665 0.189225
v -0.014001 0.111483 0.283722
v -0.014001 0.112855 0.275282
v -0.014057 0.112094 0.318023
v -0.016010 0.132048 0.143437
v 0.004272 0.127795 0.258593
v 0.000181 0.123665 0.258593
v 0.000180 0.132097 0.258593
v -0.014002 0.130769 0.256611
v 0.005808 0.123683 0.187312
v 0.000181 0.123664 0.189239
v 0.005009 0.123665 0.258593
v 0.000181 0.123665 0.258593
v -0.014018 0.133106 0.197202
v -0.014004 0.130825 0.201868
v -0.018733 0.117624 -0.509593
v -0.018086 0.121792 -0.509944
v -0.015498 0.118424 -0.509661
v 0.004284 0.103953 -0.508443
v 0.001511 0.105164 -0.508545
v 0.004864 0.118764 -0.509689
v 0.001678 0.118424 -0.509661
v 0.004864 0.119510 -0.500827
v 0.001678 0.119170 -0.500798
v -0.015332 0.105909 -0.499682
v -0.018101 0.104803 -0.499589
v -0.015295 0.127189 -0.510471
v -0.014574 0.121831 -0.509947
v 0.003486 0.123967 -0.510127
v 0.000753 0.121831 -0.509947
v -0.012776 0.124554 -0.510177
v -0.012586 0.129546 -0.510597
v -0.001044 0.124554 -0.510177
v -0.000109 0.128779 -0.510634
v -0.010308 0.126359 -0.510328
v -0.008364 0.131027 -0.510721
v -0.003512 0.126359 -0.510328
v -0.003163 0.130493 -0.510676
v 0.000659 0.101743 -0.508257
v 0.003027 0.099371 -0.508057
v -0.000999 0.098991 -0.508025
v 0.000370 0.095325 -0.507716
v -0.003275 0.097156 -0.507871
v -0.003081 0.092971 -0.507518
v -0.010546 0.097156 -0.507871
v -0.010770 0.092984 -0.507519
v -0.012821 0.098991 -0.508025
v -0.014256 0.095402 -0.507723
v -0.014479 0.101743 -0.508257
v -0.016916 0.099550 -0.508072
v -0.018101 0.104057 -0.508451
v -0.015332 0.105164 -0.508545
v 0.003486 0.124713 -0.501265
v 0.000753 0.122577 -0.501085
v 0.000612 0.128830 -0.501612
v -0.001044 0.125300 -0.501314
v -0.003163 0.131239 -0.501814
v -0.003512 0.127104 -0.501466
v -0.014479 0.102489 -0.499394
v -0.016916 0.100296 -0.499210
v -0.012821 0.099736 -0.499163
v -0.014256 0.096148 -0.498861
v -0.010546 0.097902 -0.499008
v -0.010770 0.093730 -0.498657
v -0.015498 0.119170 -0.500798
v -0.018086 0.122538 -0.501082
v -0.018733 0.118370 -0.500731
v -0.014574 0.122577 -0.501085
v -0.015955 0.127019 -0.501459
v -0.012776 0.125300 -0.501314
v -0.012586 0.130292 -0.501735
v -0.010308 0.127104 -0.501466
v -0.008364 0.131773 -0.501859
v -0.003275 0.097902 -0.499008
v -0.003082 0.093717 -0.498656
v -0.000999 0.099736 -0.499163
v 0.000370 0.096071 -0.498854
v 0.000659 0.102489 -0.499394
v 0.003027 0.100117 -0.499195
v 0.001511 0.105909 -0.499682
v 0.004284 0.104699 -0.499580
v -0.001421 0.072380 0.264723
v -0.006928 0.074105 0.150637
v -0.012673 0.128042 0.262627
v -0.018448 0.126462 0.285674
v -0.012560 0.128003 0.184517
v 0.007633 0.110190 0.051223
v -0.021426 0.109474 0.156589
v 0.009548 0.098221 0.047450
v 0.009305 0.103995 -0.041597
v 0.009557 0.095612 0.156045
v -0.022261 0.070024 0.644650
v -0.021788 0.071695 0.645221
v 0.007967 0.071693 0.645206
v 0.008436 0.070016 0.644647
v 0.010392 0.119044 0.259543
v 0.010278 0.117885 0.322032
v 0.010211 0.120503 0.185503
v 0.002684 0.123203 0.259826
v -0.003065 0.128393 0.184380
v -0.011713 0.128066 0.184541
v -0.005154 0.125711 0.186577
v -0.023405 0.095650 0.156091
v -0.021057 0.099673 0.051555
v 0.007378 0.095779 -0.041845
v -0.001656 0.086961 -0.041731
v 0.003862 0.091060 -0.041677
v -0.021178 0.095771 -0.041814
v -0.012176 0.086927 -0.041837
v -0.023040 0.103989 -0.041623
v -0.024844 0.117820 -0.052013
v -0.019061 0.118447 -0.052589
v 0.010030 0.099908 -0.051960
v 0.005005 0.101966 -0.052589
v 0.011004 0.117282 -0.051988
v 0.005241 0.118447 -0.052589
v 0.010827 0.119039 -0.042290
v 0.005241 0.118447 -0.041574
v -0.018825 0.101966 -0.041574
v -0.024435 0.116696 -0.041626
v -0.022446 0.099730 -0.041558
v -0.015717 0.133103 -0.051960
v -0.017753 0.122682 -0.052589
v 0.003932 0.122682 -0.052589
v -0.015209 0.126067 -0.052589
v 0.001389 0.126067 -0.052589
v 0.004539 0.129938 -0.052572
v -0.011718 0.128310 -0.052589
v -0.010943 0.134757 -0.051911
v -0.002102 0.128310 -0.052589
v -0.000169 0.132616 -0.052599
v 0.003798 0.097714 -0.052589
v 0.001453 0.094293 -0.052589
v -0.000946 0.085839 -0.051961
v -0.001767 0.092013 -0.052589
v -0.012054 0.092013 -0.052589
v -0.018027 0.088956 -0.051967
v -0.015273 0.094293 -0.052589
v -0.017619 0.097714 -0.052589
v -0.023863 0.100220 -0.051950
v -0.018825 0.101966 -0.052589
v 0.003932 0.122682 -0.041574
v 0.002693 0.130971 -0.041528
v 0.001389 0.126067 -0.041574
v -0.003537 0.134500 -0.041618
v -0.002102 0.128310 -0.041574
v -0.017619 0.097714 -0.041574
v -0.015862 0.088262 -0.041554
v -0.015273 0.094293 -0.041574
v -0.012054 0.092013 -0.041574
v -0.019061 0.118447 -0.041574
v -0.017753 0.122682 -0.041574
v -0.020562 0.128973 -0.042195
v -0.015209 0.126067 -0.041574
v -0.011718 0.128310 -0.041574
v -0.001767 0.092013 -0.041574
v -0.001051 0.085881 -0.042276
v 0.001453 0.094293 -0.041574
v 0.006279 0.093603 -0.041566
v 0.003798 0.097714 -0.041574
v 0.008524 0.098138 -0.041584
v 0.005005 0.101966 -0.041574
v -0.011841 0.037075 0.276783
v -0.001979 0.037075 0.276783
v -0.011920 0.041855 0.277264
v -0.001941 0.041876 0.277330
v -0.002029 0.049999 0.220365
v -0.011789 0.050009 0.220375
v -0.011976 0.045727 0.258668
v -0.012808 0.075463 0.259346
v -0.012073 0.046048 0.253631
v -0.001078 0.049977 0.220400
v -0.012743 0.049977 0.220401
v -0.000834 0.043130 0.250157
v -0.000735 0.041899 0.276953
v -0.000734 0.045652 0.258785
v -0.012034 0.043083 0.250086
v -0.011926 0.036994 0.276740
v -0.012891 0.043051 0.250129
v -0.012980 0.036767 0.277392
v -0.001844 0.045727 0.258668
v -0.001747 0.046047 0.253631
v -0.001022 0.075463 0.259346
v -0.012088 0.044747 0.250869
v -0.001732 0.044748 0.250870
v -0.001785 0.043083 0.250086
v -0.000929 0.043051 0.250129
v -0.001927 0.036991 0.276698
v -0.000795 0.036664 0.277763
v -0.012943 0.036819 0.277635
v -0.013087 0.041903 0.276956
v -0.012987 0.041183 0.258662
v -0.013033 0.045595 0.258784
v -0.001088 0.049966 0.220426
v -0.012722 0.049943 0.220525
v -0.000946 0.043093 0.250036
v -0.012863 0.043101 0.250054
v -0.012986 0.043140 0.250162
v -0.001850 0.045720 0.258674
v -0.012965 0.046361 0.258073
v -0.011964 0.045685 0.258824
v -0.012796 0.075506 0.259498
v -0.000997 0.075471 0.259374
v -0.001778 0.071389 0.290150
v -0.001860 0.066720 0.287010
v -0.001820 0.070893 0.279634
v -0.001888 0.065774 0.283429
v -0.011778 0.060448 0.326030
v -0.011778 0.065971 0.328368
v -0.011985 0.062866 0.333972
v -0.012043 0.071389 0.290150
v -0.011998 0.070893 0.279635
v -0.011955 0.066722 0.287009
v -0.011943 0.065770 0.283431
v -0.001980 0.060493 0.325944
v -0.002662 0.066047 0.328142
v -0.001841 0.062867 0.333970
v -0.001803 0.070955 0.279854
v -0.001975 0.070835 0.279783
v -0.011857 0.070834 0.279812
v -0.011842 0.062802 0.333794
v -0.001968 0.062814 0.333822
v -0.003209 0.122593 0.349145
v -0.006910 0.120823 0.349615
v -0.010710 0.122416 0.349126
v -0.006777 0.127172 0.349350
v -0.000954 0.122560 0.184377
v -0.002089 0.120000 0.184377
v -0.009648 0.128876 0.184377
v -0.004172 0.118130 0.184377
v -0.006910 0.117544 0.184377
v -0.009648 0.118130 0.184377
v -0.011732 0.120000 0.184377
v -0.012866 0.122560 0.184377
v -0.012283 0.126241 0.184377
v -0.006910 0.129463 0.184377
v -0.004172 0.128876 0.184377
v -0.001537 0.126241 0.184377
v -0.010237 0.131755 0.331744
v -0.010413 0.130437 0.333909
v -0.003642 0.131471 0.332467
v 0.040175 0.126194 0.246509
v 0.004339 0.124124 0.245113
v 0.004048 0.126224 0.244306
v 0.003408 0.127890 0.247613
v 0.003824 0.126329 0.257899
v 0.003929 0.126416 0.248586
v 0.003039 0.128279 0.247249
v 0.003373 0.128683 0.229742
v 0.003439 0.127890 0.245310
v 0.004309 0.123861 0.247313
v 0.004288 0.122205 0.257314
v 0.004251 0.124875 0.248340
v 0.000710 0.128570 0.189272
v -0.001699 0.128969 0.201745
v 0.000508 0.128871 0.221997
v -0.003215 0.129263 0.203110
v -0.001763 0.128966 0.197728
v -0.003058 0.129337 0.190244
v -0.001669 0.128991 0.197918
v -0.001715 0.128903 0.201728
v -0.006910 0.102065 -0.528004
v -0.010185 0.102552 -0.528014
v -0.003634 0.102549 -0.528021
v -0.003636 0.102134 -0.496766
v -0.010185 0.102131 -0.496758
v -0.006910 0.101647 -0.496776
v -0.006910 0.104024 -0.550694
v -0.009816 0.104421 -0.550688
v -0.012871 0.106223 -0.550706
v -0.006910 0.104024 -0.524815
v -0.004001 0.104412 -0.524798
v -0.014756 0.120338 -0.550659
v -0.014077 0.117518 -0.550675
v -0.014079 0.117516 -0.524837
v -0.014772 0.120334 -0.524859
v 0.000189 0.117520 -0.550674
v 0.000179 0.117510 -0.524836
v 0.000969 0.120338 -0.550650
v 0.000983 0.120334 -0.524867
v -0.009818 0.104417 -0.524812
v -0.000951 0.106225 -0.550700
v -0.012864 0.106231 -0.524831
v -0.005159 0.097630 -0.595828
v -0.007984 0.097043 -0.595891
v -0.006684 0.096750 -0.595828
v -0.008887 0.098022 -0.595828
v -0.008998 0.099346 -0.595860
v -0.008358 0.100511 -0.595828
v -0.006684 0.101055 -0.595828
v -0.005159 0.100175 -0.595828
v -0.004776 0.098903 -0.595860
v 0.008401 -0.178176 0.106391
v 0.008401 -0.174637 0.105262
v 0.004851 -0.176453 0.082372
v 0.010061 -0.175928 0.074395
v 0.004851 -0.175745 0.074958
v -0.022291 -0.170313 0.052663
v 0.008401 -0.170313 0.052663
v 0.008401 -0.173620 0.050972
v -0.022291 -0.173620 0.050972
v 0.004851 -0.182394 0.074410
v 0.010061 -0.183181 0.082957
v 0.004851 -0.182856 0.081845
v 0.010061 -0.182704 0.078122
v 0.010061 -0.176203 0.078656
v 0.004851 -0.181675 0.100291
v 0.010246 -0.176298 0.090198
v 0.010061 -0.182850 0.090853
v 0.010063 -0.175479 0.098228
v 0.004851 -0.176355 0.082379
v 0.004851 -0.182856 0.081845
v 0.004851 -0.182850 0.090853
v 0.004851 -0.176354 0.090121
v 0.004851 -0.172219 0.059459
v 0.010061 -0.180769 0.065538
v 0.010061 -0.174480 0.067320
v 0.010066 -0.178168 0.056432
v 0.004851 -0.182246 0.074424
v 0.004851 -0.175745 0.074958
v 0.004851 -0.174480 0.067320
v 0.004851 -0.180769 0.065538
v 0.010061 -0.181570 0.100235
v 0.010061 -0.181570 0.100235
v 0.004851 -0.175303 0.098237
v 0.004851 -0.181570 0.100235
v 0.004851 -0.175303 0.098237
v 0.010061 -0.172117 0.059486
v 0.010061 -0.177974 0.056490
v 0.008949 -0.170188 0.052587
v 0.004851 -0.177974 0.056490
v 0.004851 -0.172117 0.059486
v 0.004851 -0.177974 0.056490
v 0.008401 -0.178176 0.106391
v 0.008401 -0.174637 0.105262
v 0.008401 -0.178176 0.106391
v 0.008401 -0.174637 0.105262
v 0.008401 -0.170313 0.052663
v 0.008401 -0.173620 0.050972
v 0.008401 -0.173620 0.050972
v 0.004851 -0.175303 0.098237
v 0.004851 -0.181570 0.100235
v -0.018741 -0.175303 0.098237
v -0.022291 -0.174637 0.105262
v 0.004851 -0.177974 0.056490
v 0.004851 -0.172117 0.059486
v -0.022291 -0.170313 0.052663
v -0.022291 -0.173620 0.050972
v -0.018741 -0.182856 0.081845
v -0.018741 -0.182364 0.074414
v 0.004851 -0.182856 0.081845
v 0.004851 -0.176355 0.082379
v -0.018741 -0.176355 0.082379
v -0.018741 -0.182856 0.081845
v -0.018741 -0.175745 0.074958
v 0.004851 -0.175745 0.074958
v 0.004851 -0.182246 0.074424
v -0.022291 -0.174637 0.105262
v -0.022291 -0.178176 0.106391
v -0.018741 -0.176477 0.082371
v -0.023952 -0.175928 0.074395
v -0.023952 -0.183181 0.082957
v -0.023952 -0.182704 0.078122
v -0.023952 -0.176203 0.078656
v -0.018741 -0.181704 0.100304
v -0.023952 -0.182850 0.090853
v -0.024136 -0.176298 0.090198
v -0.023953 -0.175479 0.098228
v -0.018741 -0.176355 0.082379
v -0.018741 -0.176354 0.090121
v -0.018741 -0.182850 0.090853
v -0.018741 -0.182856 0.081845
v -0.018741 -0.172244 0.059453
v -0.023952 -0.174480 0.067320
v -0.023952 -0.180769 0.065538
v -0.023956 -0.178168 0.056432
v -0.018741 -0.182246 0.074424
v -0.018741 -0.180769 0.065538
v -0.018741 -0.174480 0.067320
v -0.018741 -0.175745 0.074958
v -0.023952 -0.181570 0.100235
v -0.023952 -0.181570 0.100235
v -0.018741 -0.175303 0.098237
v -0.018741 -0.181570 0.100235
v -0.023952 -0.172117 0.059486
v -0.022840 -0.170188 0.052587
v -0.023952 -0.177974 0.056490
v -0.018741 -0.177974 0.056490
v -0.018741 -0.177974 0.056490
v -0.018741 -0.172117 0.059486
v -0.022291 -0.178176 0.106391
v -0.022291 -0.178176 0.106391
v -0.022291 -0.174637 0.105262
v -0.022291 -0.173620 0.050972
v -0.018741 -0.175303 0.098237
v -0.018741 -0.181570 0.100235
v -0.018741 -0.177974 0.056490
v -0.018741 -0.172117 0.059486
v -0.018741 -0.175745 0.074958
v -0.018741 -0.182246 0.074424
v -0.017611 0.066740 -0.221721
v 0.003790 0.066740 -0.221721
v -0.017611 0.068788 -0.221153
v 0.003790 0.068788 -0.221153
v -0.017611 0.068788 -0.221153
v 0.003790 0.068788 -0.221153
v -0.017611 -0.165868 0.119106
v 0.003790 -0.165868 0.119106
v -0.017611 -0.163448 0.118791
v 0.003790 -0.163448 0.118791
v -0.017611 0.066740 -0.221721
v 0.003790 0.066740 -0.221721
v 0.003790 0.074774 -0.242333
v 0.003790 0.068788 -0.221153
v -0.017611 0.066740 -0.221721
v -0.017611 0.073295 -0.244022
v 0.003790 0.076077 -0.245717
v -0.017611 0.076156 -0.245694
v 0.003790 0.072921 -0.243261
v -0.017611 0.073955 -0.246101
v -0.017611 0.070736 -0.236130
v 0.003790 0.077398 -0.247016
v 0.003790 0.075614 -0.248171
v -0.017611 0.075614 -0.248171
v -0.017611 0.087277 -0.255010
v 0.003790 0.087267 -0.254992
v -0.017611 0.085620 -0.256367
v 0.003790 0.085620 -0.256367
v -0.017611 0.086735 -0.257484
v 0.003790 0.088725 -0.256772
v 0.003790 0.090009 -0.260774
v -0.017611 0.090896 -0.264986
v -0.017611 0.090009 -0.260774
v 0.003790 0.087988 -0.261420
v -0.017611 0.087988 -0.261420
v 0.003790 0.090147 -0.269898
v 0.003790 0.088394 -0.266936
v 0.003790 0.090498 -0.267209
v -0.017611 0.088394 -0.266936
v -0.017611 0.088129 -0.269116
v -0.017611 0.084263 -0.277166
v 0.003790 0.086840 -0.271329
v 0.003790 0.088359 -0.272808
v -0.017611 0.086840 -0.271329
v 0.003790 0.079899 -0.278157
v 0.003790 0.083452 -0.274488
v 0.003790 0.084163 -0.276486
v -0.017611 0.084163 -0.276486
v -0.017611 0.079849 -0.276006
v -0.017611 0.083452 -0.274488
v 0.003790 0.079562 -0.277421
v -0.017611 0.079452 -0.275379
v 0.003790 0.079452 -0.275379
v -0.017611 0.069829 -0.272742
v 0.003790 0.068839 -0.269659
v 0.003790 0.074399 -0.276251
v 0.003790 0.071935 -0.270586
v 0.003790 0.070066 -0.271585
v -0.017611 0.074399 -0.276251
v -0.017611 0.070066 -0.271585
v 0.003790 0.075201 -0.274289
v -0.017611 0.070903 -0.268896
v -0.017611 0.075201 -0.274289
v -0.017611 0.071935 -0.270586
v 0.003790 0.068590 -0.264704
v -0.017611 0.068590 -0.264704
v 0.003790 0.070702 -0.264537
v -0.017611 0.070702 -0.264537
v -0.017611 0.069303 -0.239851
v 0.003790 0.069208 -0.246472
v -0.017611 0.069208 -0.246472
v 0.003790 0.071328 -0.246556
v -0.017611 0.071328 -0.246556
v 0.003790 0.069143 -0.237100
v 0.003790 0.071036 -0.237891
v -0.017611 0.071221 -0.236671
v 0.003790 0.069002 -0.238480
v -0.017611 0.069002 -0.238480
v -0.017611 0.071036 -0.237891
v -0.017611 0.060088 -0.211231
v 0.003790 0.065103 -0.224725
v -0.017611 0.065103 -0.224725
v 0.003790 0.067137 -0.224136
v -0.017611 0.067137 -0.224136
v 0.003790 0.051079 -0.193754
v 0.003790 0.055786 -0.203104
v -0.017611 0.057562 -0.201955
v 0.003790 0.057562 -0.201955
v -0.017611 0.052843 -0.192610
v -0.017611 0.042439 -0.181117
v 0.003790 0.042439 -0.181117
v -0.017611 0.042439 -0.181117
v 0.003790 0.043887 -0.179577
v -0.017611 0.043887 -0.179577
v 0.003790 0.016039 -0.150761
v -0.017611 0.015121 -0.150382
v 0.003790 0.029077 -0.164671
v -0.017611 0.030335 -0.162974
v 0.003790 0.030335 -0.162974
v -0.017611 0.026674 -0.158941
v 0.003790 0.016688 -0.150279
v 0.003790 0.016290 -0.152353
v -0.017611 0.016688 -0.150279
v 0.003790 -0.005856 -0.133034
v 0.003790 -0.006738 -0.134952
v -0.017611 -0.006738 -0.134952
v -0.017611 -0.005221 -0.133566
v -0.017611 -0.005856 -0.133034
v -0.017611 -0.062815 -0.098900
v 0.003790 -0.033221 -0.118161
v 0.003790 -0.031957 -0.116472
v -0.017611 -0.031957 -0.116472
v 0.003790 -0.064336 -0.097706
v 0.003790 -0.063074 -0.096018
v 0.003790 -0.064336 -0.097706
v -0.017611 -0.064336 -0.097706
v -0.017611 -0.063074 -0.096018
v -0.017611 -0.063074 -0.096018
v 0.003790 -0.099609 -0.068335
v -0.017611 -0.103699 -0.064298
v 0.003790 -0.089007 -0.074920
v 0.003790 -0.090493 -0.076412
v -0.017611 -0.090493 -0.076412
v -0.017611 -0.097870 -0.067077
v -0.017611 -0.089007 -0.074920
v 0.003790 -0.112020 -0.052003
v 0.003790 -0.113630 -0.053355
v -0.017611 -0.112020 -0.052003
v 0.003790 -0.139957 -0.021913
v -0.017611 -0.139957 -0.021913
v 0.003790 -0.138015 -0.021114
v 0.003790 -0.139957 -0.021913
v -0.017611 -0.138015 -0.021114
v -0.017611 -0.138015 -0.021114
v 0.003790 -0.157199 0.011980
v -0.017611 -0.157199 0.011980
v 0.003790 -0.157199 0.011980
v -0.017611 -0.157199 0.011980
v 0.003790 -0.155165 0.012494
v -0.017611 -0.155165 0.012494
v -0.017611 -0.155165 0.012494
v 0.003790 -0.171276 0.060271
v -0.017611 -0.171417 0.060866
v 0.003790 -0.166080 0.041472
v 0.003790 -0.164033 0.041917
v -0.017611 -0.169580 0.061579
v -0.017611 -0.164033 0.041917
v 0.003790 -0.167743 0.057265
v 0.003790 -0.169531 0.056175
v -0.017611 -0.167743 0.057265
v 0.003790 -0.174105 0.063202
v -0.017611 -0.174105 0.063202
v 0.003790 -0.172843 0.064871
v -0.017611 -0.172843 0.064871
v 0.003790 -0.185607 0.070355
v -0.017611 -0.186119 0.070916
v 0.003790 -0.179393 0.068512
v 0.003790 -0.184149 0.069242
v -0.017611 -0.179393 0.068512
v -0.017611 -0.183940 0.071668
v -0.017611 -0.184149 0.069242
v 0.003790 -0.183204 0.071328
v -0.017611 -0.183204 0.071328
v 0.003790 -0.185291 0.074543
v 0.003790 -0.187164 0.073610
v -0.017611 -0.185291 0.074543
v 0.003790 -0.188166 0.079063
v -0.017611 -0.188166 0.079063
v 0.003790 -0.186088 0.079302
v 0.003790 -0.188166 0.079063
v -0.017611 -0.186088 0.079302
v -0.017611 -0.186088 0.079302
v -0.017611 -0.188166 0.079063
v 0.003790 -0.188166 0.079063
v 0.003790 -0.186900 0.086075
v -0.017611 -0.186656 0.086292
v 0.003790 -0.188166 0.079063
v 0.003790 -0.184640 0.088487
v 0.003790 -0.187504 0.084219
v -0.017611 -0.188166 0.079063
v 0.003790 -0.186088 0.079302
v 0.003790 -0.185527 0.083533
v -0.017611 -0.186088 0.079302
v -0.017611 -0.185042 0.084996
v -0.017611 -0.186088 0.079302
v -0.017611 -0.185527 0.083533
v -0.017611 -0.184640 0.088487
v 0.003790 -0.183370 0.086824
v -0.017611 -0.183370 0.086824
v -0.017611 -0.174513 0.097437
v 0.003790 -0.175814 0.096001
v -0.017611 -0.175814 0.096001
v 0.003790 -0.178539 0.090735
v -0.017611 -0.178539 0.090735
v 0.003790 -0.173265 0.099448
v 0.003790 -0.173771 0.095344
v -0.017611 -0.171368 0.098493
v -0.017611 -0.173771 0.095344
v 0.003790 -0.172719 0.102263
v 0.003790 -0.170661 0.101872
v -0.017611 -0.170661 0.101872
v -0.017611 -0.161828 0.153911
v 0.003790 -0.167396 0.122813
v -0.017611 -0.167396 0.122813
v 0.003790 -0.165336 0.122421
v -0.017611 -0.165336 0.122421
v 0.003790 -0.160431 0.162710
v 0.003790 -0.158563 0.161740
v 0.003790 -0.160431 0.162710
v -0.017611 -0.160431 0.162710
v -0.017611 -0.158563 0.161740
v -0.017611 -0.158563 0.161740
v 0.003790 -0.140763 0.232505
v -0.017611 -0.137943 0.240797
v 0.003790 -0.142707 0.218968
v 0.003790 -0.144591 0.219942
v -0.017611 -0.144591 0.219942
v -0.017611 -0.138868 0.231554
v -0.017611 -0.142707 0.218968
v 0.003790 -0.122318 0.281516
v -0.017611 -0.122318 0.281516
v 0.003790 -0.120418 0.280536
v -0.017611 -0.120418 0.280536
v 0.003790 -0.079613 0.384946
v -0.017611 -0.074946 0.394629
v 0.003790 -0.089178 0.363129
v -0.017611 -0.089178 0.363129
v 0.003790 -0.087254 0.362139
v -0.017611 -0.077688 0.383939
v -0.017611 -0.087254 0.362139
v 0.003790 -0.062634 0.417967
v -0.017611 -0.060688 0.416966
v 0.003790 -0.060688 0.416966
v 0.003790 -0.032335 0.471849
v -0.017611 -0.032335 0.471849
v 0.003790 -0.032335 0.471849
v -0.017611 -0.030364 0.470835
v 0.003790 -0.030364 0.470835
v -0.017611 -0.030364 0.470835
v 0.003790 -0.011835 0.494815
v -0.017611 -0.011697 0.494875
v 0.003790 -0.011768 0.494848
v -0.017611 -0.011768 0.494848
v 0.003790 -0.011047 0.492750
v -0.017611 -0.009726 0.493849
v -0.017611 -0.011047 0.492750
v 0.003790 -0.003601 0.496004
v -0.017611 -0.002550 0.495570
v 0.003790 -0.006125 0.496168
v -0.017611 -0.006673 0.494004
v 0.003790 -0.006673 0.494004
v 0.003790 -0.001028 0.494236
v -0.017611 -0.002277 0.492384
v 0.003790 -0.002277 0.492384
v -0.017611 0.000562 0.489201
v 0.003790 0.001712 0.489671
v -0.017611 0.001712 0.489671
v 0.003790 0.001712 0.489671
v -0.017611 0.001712 0.489671
v 0.003790 -0.000306 0.488706
v -0.017611 -0.000306 0.488706
v -0.017611 0.002693 0.489709
v 0.003790 0.002301 0.489694
v 0.003790 0.001712 0.489671
v 0.003790 0.001996 0.484615
v -0.017611 -0.000306 0.488706
v -0.017611 0.001996 0.484615
v 0.003790 -0.000306 0.488706
v 0.003790 -0.000166 0.485202
v -0.017611 -0.000306 0.488706
v -0.017611 -0.001560 0.480847
v -0.017611 -0.000166 0.485202
v 0.003790 -0.001438 0.478852
v -0.017611 -0.002171 0.478443
v 0.003790 -0.000399 0.479955
v 0.003790 -0.001830 0.481680
v -0.017611 -0.001830 0.481680
v 0.003790 -0.004078 0.478051
v -0.017611 -0.004078 0.478051
v 0.003790 -0.004859 0.480153
v -0.017611 -0.004859 0.480153
v 0.003790 -0.017843 0.477829
v -0.017611 -0.019064 0.477484
v 0.003790 -0.012471 0.478351
v -0.017611 -0.008620 0.480563
v 0.003790 -0.008620 0.480563
v 0.003790 -0.013693 0.480423
v -0.017611 -0.013693 0.480423
v -0.017611 -0.022296 0.478562
v 0.003790 -0.017755 0.477134
v -0.017611 -0.022106 0.475041
v 0.003790 -0.018990 0.479010
v -0.017611 -0.018990 0.479010
v 0.003790 -0.022106 0.475041
v 0.003790 -0.024016 0.476223
v -0.017611 -0.024016 0.476223
v 0.003790 -0.038211 0.452218
v -0.017611 -0.041562 0.446642
v 0.003790 -0.034429 0.461878
v 0.003790 -0.032394 0.460909
v -0.017611 -0.032394 0.460909
v -0.017611 -0.034429 0.461878
v 0.003790 -0.056009 0.424146
v 0.003790 -0.053956 0.423169
v -0.017611 -0.056009 0.424146
v -0.017611 -0.056009 0.424146
v 0.003790 -0.090032 0.347751
v -0.017611 -0.085937 0.356398
v 0.003790 -0.076593 0.382035
v 0.003790 -0.074526 0.381049
v -0.017611 -0.074526 0.381050
v -0.017611 -0.092124 0.348714
v -0.017611 -0.076593 0.382035
v 0.003790 -0.092148 0.341635
v 0.003790 -0.094231 0.342627
v -0.017611 -0.094231 0.342627
v -0.017611 -0.132630 0.238440
v 0.003790 -0.136948 0.232351
v 0.003790 -0.113323 0.289004
v -0.017611 -0.115426 0.290004
v 0.003790 -0.115426 0.290004
v 0.003790 -0.138024 0.221971
v 0.003790 -0.134824 0.231343
v -0.017611 -0.134824 0.231343
v -0.017611 -0.140060 0.223259
v -0.017611 -0.136948 0.232351
v -0.017611 -0.154791 0.157719
v 0.003790 -0.148420 0.192302
v 0.003790 -0.146281 0.191289
v -0.017611 -0.146281 0.191289
v -0.017611 -0.148420 0.192302
v 0.003790 -0.156338 0.148914
v 0.003790 -0.158655 0.149474
v 0.003790 -0.156338 0.148914
v -0.017611 -0.158655 0.149474
v -0.017611 -0.158655 0.149474
v 0.003790 -0.166619 0.074065
v -0.017611 -0.166641 0.073675
v 0.003790 -0.165447 0.103334
v 0.003790 -0.163149 0.102488
v -0.017611 -0.165447 0.103334
v -0.017611 -0.168877 0.075121
v 0.003790 -0.167944 0.077850
v 0.003790 -0.165566 0.077477
v -0.017611 -0.165566 0.077477
v -0.017611 -0.167944 0.077850
v 0.003790 -0.167513 0.072525
v 0.003790 -0.169340 0.074104
v -0.017611 -0.169340 0.074104
v 0.003790 -0.175912 0.068132
v -0.017611 -0.174371 0.068605
v 0.003790 -0.172260 0.071813
v 0.003790 -0.171745 0.069451
v -0.017611 -0.171745 0.069451
v -0.017611 -0.173661 0.071160
v -0.017611 -0.172260 0.071813
v 0.003790 -0.176417 0.068877
v -0.017611 -0.175734 0.071199
v 0.003790 -0.175734 0.071199
v -0.017611 -0.184222 0.072996
v 0.003790 -0.181456 0.070740
v -0.017611 -0.181456 0.070740
v 0.003790 -0.180179 0.072798
v -0.017611 -0.181714 0.073825
v -0.017611 -0.180179 0.072798
v 0.003790 -0.185702 0.076280
v 0.003790 -0.184936 0.074757
v -0.017611 -0.184936 0.074757
v 0.003790 -0.182651 0.075565
v -0.017611 -0.182651 0.075565
v -0.017611 -0.185028 0.083907
v 0.003790 -0.185616 0.080385
v -0.017611 -0.183190 0.080328
v 0.003790 -0.183190 0.080328
v -0.017611 -0.182921 0.082972
v 0.003790 -0.183942 0.085336
v 0.003790 -0.184198 0.084928
v -0.017611 -0.182085 0.083813
v 0.003790 -0.182290 0.083426
v -0.017611 -0.171612 0.093015
v 0.003790 -0.176300 0.089859
v 0.003790 -0.180390 0.087667
v -0.017611 -0.176300 0.089859
v 0.003790 -0.179854 0.085298
v 0.003790 -0.175028 0.087787
v -0.017611 -0.169181 0.091771
v -0.017611 -0.175028 0.087787
v 0.003790 -0.170958 0.094222
v 0.003790 -0.170576 0.091058
v 0.003790 -0.172433 0.092629
v -0.017611 -0.170576 0.091058
v 0.003790 -0.168258 0.095831
v 0.003790 -0.170622 0.096414
v -0.017611 -0.170622 0.096414
v -0.017611 -0.168258 0.095831
v 0.003790 -0.166368 0.102229
v 0.003790 -0.168746 0.102758
v -0.017611 -0.166368 0.102229
v -0.017611 -0.165803 0.119095
v -0.017611 -0.168746 0.102758
v 0.003790 -0.165868 0.119106
v 0.003790 -0.163448 0.118791
v -0.017611 -0.163448 0.118791
v -0.000395 -0.031702 0.463770
v -0.000395 -0.030373 0.463786
v -0.019157 -0.030987 0.464051
v -0.017793 -0.031834 0.463938
v -0.000395 -0.030427 0.463672
v -0.000395 -0.030211 0.463015
v -0.019386 -0.030345 0.463080
v -0.018246 -0.030686 0.463691
v -0.000395 -0.038271 0.447117
v -0.000395 -0.039600 0.447101
v -0.019479 -0.038812 0.447119
v -0.016645 -0.038278 0.447120
v -0.000395 -0.039547 0.447215
v -0.016367 -0.039758 0.447870
v -0.017978 -0.039779 0.447223
v -0.000395 -0.039762 0.447872
v -0.018497 -0.040204 0.448101
v -0.019847 -0.041398 0.448702
v -0.020299 -0.041403 0.448156
v -0.020216 -0.033225 0.464092
v -0.021578 -0.032628 0.464240
v -0.021136 -0.032638 0.464793
v -0.021222 -0.040810 0.448852
v -0.020664 -0.041155 0.448525
v -0.020400 -0.043689 0.449145
v -0.020057 -0.033372 0.464612
v -0.020299 -0.032901 0.464927
v -0.020422 -0.035062 0.466174
v -0.020775 -0.032902 0.464432
v -0.022048 -0.035682 0.465782
v -0.021399 -0.035122 0.465875
v -0.020770 -0.041003 0.448450
v -0.021404 -0.043473 0.449380
v -0.022079 -0.043696 0.449875
v -0.019193 -0.045126 0.449979
v -0.019154 -0.036518 0.466880
v -0.020504 -0.037429 0.466673
v -0.020189 -0.036859 0.466933
v -0.020189 -0.045361 0.450162
v -0.020504 -0.045488 0.450776
v -0.019224 -0.045175 0.450068
v -0.018938 -0.044585 0.450317
v -0.017574 -0.045050 0.450551
v -0.017618 -0.045721 0.450359
v -0.019157 -0.036594 0.466863
v -0.017631 -0.037076 0.467150
v -0.020189 -0.036859 0.466933
v -0.020504 -0.037429 0.466673
v -0.018097 -0.038452 0.467181
v -0.018126 -0.037747 0.467381
v -0.020504 -0.045488 0.450776
v -0.020189 -0.045361 0.450162
v -0.017989 -0.046287 0.450642
v -0.018231 -0.046473 0.451271
v 0.004997 -0.037230 0.466974
v 0.003190 -0.044229 0.450079
v 0.003394 -0.036315 0.466720
v 0.003673 -0.035961 0.465915
v 0.001937 -0.037832 0.466877
v 0.003782 -0.045353 0.450242
v 0.001942 -0.045881 0.450983
v 0.001937 -0.045697 0.450265
v 0.004748 -0.045270 0.450659
v 0.005222 -0.043079 0.449994
v 0.005304 -0.034917 0.465949
v 0.004871 -0.034905 0.465394
v 0.006273 -0.035471 0.465242
v 0.006191 -0.043630 0.449285
v 0.006622 -0.043646 0.449841
v 0.005304 -0.043420 0.449178
v 0.004871 -0.042964 0.449496
v 0.005249 -0.041380 0.448607
v 0.005764 -0.041549 0.448145
v 0.004980 -0.034927 0.465332
v 0.005304 -0.034917 0.465949
v 0.005755 -0.032980 0.465064
v 0.005836 -0.035242 0.465619
v 0.006814 -0.032826 0.464910
v 0.005833 -0.043345 0.449636
v 0.006817 -0.041369 0.448122
v 0.003753 -0.038748 0.447358
v 0.004096 -0.038634 0.446752
v 0.004008 -0.030187 0.463666
v 0.004734 -0.029570 0.463300
v 0.004777 -0.038118 0.446373
v 0.004096 -0.038634 0.446752
v 0.003753 -0.038748 0.447358
v 0.001703 -0.037829 0.446892
v 0.001822 -0.037615 0.446235
v 0.003996 -0.030493 0.462714
v 0.001860 -0.028327 0.462964
v 0.000649 -0.029618 0.462950
v 0.004793 -0.029534 0.463337
v 0.001985 -0.028441 0.462847
v 0.005023 -0.037609 0.446781
v 0.004694 -0.038172 0.446518
v 0.002108 -0.037047 0.445947
v 0.002073 -0.036471 0.446107
v -0.001575 -0.037805 0.446891
v -0.001530 -0.037577 0.446216
v -0.007993 -0.029111 0.460791
v 0.002046 -0.037055 0.445895
v -0.008180 -0.037105 0.447712
v -0.007853 -0.030078 0.460231
v -0.008216 -0.029385 0.461409
v -0.008045 -0.036791 0.448193
v -0.008052 -0.035835 0.447586
v -0.013517 -0.035413 0.450787
v -0.007967 -0.030637 0.461532
v -0.008180 -0.030002 0.461722
v -0.013625 -0.031561 0.458752
v -0.013478 -0.032214 0.458553
v -0.013553 -0.030728 0.457792
v -0.013658 -0.030964 0.458450
v -0.013658 -0.035034 0.450422
v -0.013553 -0.034364 0.450621
v -0.000395 -0.038271 0.447117
v -0.019516 -0.038474 0.447219
v -0.000395 -0.031702 0.463770
v -0.018578 -0.031879 0.463860
v -0.016583 -0.030433 0.463676
v -0.016415 -0.039540 0.447211
v -0.018745 -0.040057 0.447474
v -0.018499 -0.040231 0.448110
v -0.018499 -0.032172 0.464008
v -0.021136 -0.032638 0.464793
v -0.019397 -0.030845 0.463336
v -0.019397 -0.038904 0.447438
v -0.020526 -0.041755 0.448334
v -0.021558 -0.035079 0.466030
v -0.020554 -0.035163 0.466074
v -0.021558 -0.043581 0.449260
v -0.020314 -0.044088 0.449517
v -0.019224 -0.036672 0.466839
v -0.020189 -0.045361 0.450162
v -0.019084 -0.044932 0.450494
v -0.017660 -0.037209 0.467111
v -0.020887 -0.038151 0.467039
v -0.017990 -0.046300 0.450638
v 0.003715 -0.044150 0.450097
v 0.001470 -0.036596 0.466800
v 0.004822 -0.037416 0.466667
v 0.003915 -0.036104 0.466551
v 0.004500 -0.045066 0.450013
v 0.003672 -0.043988 0.450015
v 0.003807 -0.036050 0.465974
v 0.005304 -0.034917 0.465949
v 0.004749 -0.037176 0.466546
v 0.004749 -0.045236 0.450648
v 0.006191 -0.043630 0.449285
v 0.006759 -0.033463 0.465212
v 0.005843 -0.033008 0.464981
v 0.005842 -0.041511 0.448210
v 0.006759 -0.041965 0.448441
v 0.006065 -0.031429 0.464180
v 0.006065 -0.039931 0.447409
v 0.004694 -0.029670 0.463289
v 0.004096 -0.038634 0.446752
v 0.003856 -0.030497 0.463161
v 0.005154 -0.037362 0.446654
v 0.001664 -0.037616 0.446097
v -0.001504 -0.029737 0.462768
v -0.001591 -0.036301 0.446126
v -0.007967 -0.030637 0.461532
v -0.008052 -0.035835 0.447586
v -0.013478 -0.032214 0.458553
v -0.008180 -0.030002 0.461722
v -0.008216 -0.029385 0.461409
v -0.013553 -0.034364 0.450621
v -0.008216 -0.036488 0.447399
v -0.008180 -0.037105 0.447712
v 0.000334 0.145409 -0.603308
v -0.001537 0.148578 -0.603308
v -0.006095 0.150765 -0.603308
v -0.011819 0.148930 -0.603308
v -0.014719 0.143700 -0.603308
v -0.014729 0.142763 -0.613842
v -0.011595 0.136690 -0.603308
v -0.011438 0.133349 -0.603308
v -0.009484 0.133072 -0.604441
v -0.007025 0.130941 -0.604441
v -0.006796 0.130941 -0.603308
v -0.004336 0.133072 -0.604441
v -0.002380 0.133221 -0.603308
v -0.002224 0.136692 -0.603308
v 0.000514 0.141188 -0.603308
v 0.000334 0.145409 -0.603308
v -0.000043 0.146554 -0.613842
v 0.000702 0.141850 -0.613842
v -0.000607 0.142057 -0.613842
v -0.000912 0.145004 -0.613842
v -0.001460 0.137606 -0.613842
v -0.002398 0.138543 -0.613842
v -0.004556 0.135812 -0.613842
v -0.004961 0.137058 -0.613842
v -0.008116 0.135444 -0.613842
v -0.007908 0.136753 -0.613842
v -0.012360 0.137606 -0.613842
v -0.011422 0.138543 -0.613842
v -0.014522 0.141850 -0.613842
v -0.013213 0.142057 -0.613842
v -0.013777 0.146554 -0.613842
v -0.012908 0.145004 -0.613842
v -0.011422 0.147568 -0.613842
v -0.011387 0.149218 -0.613842
v -0.008116 0.150667 -0.613842
v -0.007908 0.149358 -0.613842
v -0.003411 0.149923 -0.613842
v -0.004961 0.149054 -0.613842
v -0.002398 0.147568 -0.613842
v -0.002398 0.147568 -0.603308
v -0.000043 0.146554 -0.603308
v -0.003411 0.149923 -0.603308
v -0.004961 0.149054 -0.603308
v -0.007908 0.149358 -0.603308
v -0.008116 0.150667 -0.603308
v -0.011422 0.147568 -0.603308
v -0.011387 0.149218 -0.603308
v -0.013777 0.146554 -0.603308
v -0.012908 0.145004 -0.603308
v -0.013213 0.142057 -0.603308
v -0.014522 0.141850 -0.603308
v -0.011422 0.138543 -0.603308
v -0.012360 0.137606 -0.603308
v -0.007908 0.136753 -0.603308
v -0.008116 0.135444 -0.603308
v -0.004961 0.137058 -0.603308
v -0.004556 0.135812 -0.603308
v -0.002398 0.138543 -0.603308
v -0.001460 0.137606 -0.603308
v -0.000607 0.142057 -0.603308
v 0.000702 0.141850 -0.603308
v -0.000912 0.145004 -0.603308
v -0.000336 0.143955 -0.603308
v -0.002588 0.138286 -0.603308
v -0.004929 0.136988 -0.612710
v -0.008859 0.137058 -0.612710
v -0.012041 0.138830 -0.613842
v -0.012766 0.146167 -0.613842
v -0.006733 0.149648 -0.603308
v -0.005095 0.149347 -0.613842
v -0.011463 0.147526 -0.603308
v -0.013248 0.141243 -0.603308
v -0.009104 0.136902 -0.603308
v -0.008892 0.136988 -0.604441
v -0.004961 0.137058 -0.604441
v 0.000855 0.145700 -0.613842
v -0.007741 0.150820 -0.613842
v -0.012785 0.147964 -0.613842
v -0.011459 0.136822 -0.613842
v -0.011387 0.136893 -0.613842
v -0.011441 0.133221 -0.613842
v -0.009484 0.133072 -0.612710
v -0.007025 0.130941 -0.613842
v -0.006796 0.130941 -0.612710
v -0.002382 0.133349 -0.613842
v -0.004336 0.133072 -0.612710
v -0.002433 0.136893 -0.613842
v -0.002282 0.136745 -0.613842
v 0.000779 0.145461 -0.613842
v -0.008930 0.137080 -0.604441
v -0.008974 0.137094 -0.612710
v -0.004890 0.137080 -0.612710
v -0.004846 0.137094 -0.604441
v -0.004849 0.137029 -0.612710
v -0.004556 0.135812 -0.604441
v -0.008116 0.135444 -0.603308
v -0.004336 0.133072 -0.604441
v -0.004336 0.133072 -0.603308
v -0.004556 0.135812 -0.603308
v -0.008116 0.135444 -0.613842
v -0.006910 0.130933 -0.613842
v -0.004556 0.135812 -0.613842
v -0.008139 0.135944 -0.605800
v -0.009719 0.136061 -0.605836
v -0.009706 0.136061 -0.611265
v -0.010316 0.135863 -0.605183
v -0.007865 0.135905 -0.605017
v -0.010362 0.136013 -0.605127
v -0.010402 0.136160 -0.606363
v -0.003489 0.135832 -0.605042
v -0.003495 0.135864 -0.605098
v -0.003432 0.135872 -0.612036
v -0.007856 0.135875 -0.611957
v -0.007934 0.135942 -0.612098
v -0.006041 0.141791 -0.606014
v -0.005949 0.141861 -0.605961
v -0.005917 0.141880 -0.607813
v -0.005942 0.139226 -0.611139
v -0.007874 0.139224 -0.611135
v -0.005947 0.139229 -0.611139
v -0.007871 0.139230 -0.611140
v -0.007717 0.141722 -0.606143
v -0.007876 0.139223 -0.611143
v -0.007903 0.141880 -0.607814
v -0.005877 0.136234 -0.605903
v -0.005689 0.135914 -0.605788
v -0.005700 0.135906 -0.611307
v -0.005877 0.136233 -0.611197
v -0.008120 0.135905 -0.611307
v -0.010308 0.135923 -0.611956
v -0.010610 0.133089 -0.604934
v -0.010451 0.133366 -0.605023
v -0.003372 0.133366 -0.605032
v -0.003209 0.133089 -0.604931
v -0.003153 0.133379 -0.612188
v -0.010668 0.133368 -0.612163
v -0.007943 0.136234 -0.611198
v -0.007984 0.136245 -0.605885
v -0.005950 0.141860 -0.605964
v -0.007906 0.141868 -0.605939
v -0.005943 0.139222 -0.611144
v -0.007898 0.141875 -0.605937
v -0.009713 0.136192 -0.606449
v -0.010697 0.133341 -0.604966
v -0.003126 0.133321 -0.604964
v -0.010450 0.133366 -0.612077
v -0.003417 0.135776 -0.605061
v -0.003220 0.133078 -0.612161
v -0.003437 0.135869 -0.612015
v -0.003373 0.133365 -0.612067
v -0.010600 0.133075 -0.612163
v -0.010309 0.135845 -0.611875
v -0.007859 0.135896 -0.605055
v -0.003719 0.135888 -0.605070
v -0.003530 0.135893 -0.605055
v -0.010323 0.135961 -0.604934
v -0.004072 0.136004 -0.605180
v -0.010318 0.135961 -0.612164
v -0.010414 0.135935 -0.612111
v -0.011675 0.133052 -0.603816
v -0.011670 0.133065 -0.603795
v -0.002141 0.133054 -0.603826
v -0.002137 0.133065 -0.603801
v -0.011663 0.133057 -0.613292
v -0.011674 0.133066 -0.613294
v -0.002153 0.133057 -0.613281
v -0.002152 0.133065 -0.613299
v -0.011709 0.127013 -0.603783
v -0.011682 0.133065 -0.603802
v -0.011667 0.127003 -0.603834
v -0.002141 0.127006 -0.603802
v -0.002153 0.133064 -0.603804
v -0.002113 0.127013 -0.603785
v -0.011693 0.127013 -0.613308
v -0.011670 0.133065 -0.613304
v -0.011667 0.127003 -0.613267
v -0.002143 0.127006 -0.613291
v -0.002148 0.133065 -0.613293
v -0.002121 0.127013 -0.613312
v -0.008019 0.128231 -0.603767
v -0.008019 0.128231 -0.613334
v 0.002972 0.110765 -0.536187
v 0.002972 0.110302 -0.534140
v 0.002972 0.112655 -0.537101
v 0.002973 0.114548 -0.536193
v 0.002734 0.114693 -0.533709
v 0.002734 0.112163 -0.532482
v 0.000596 0.111644 -0.537219
v 0.003076 0.109841 -0.534773
v 0.003076 0.114280 -0.537048
v 0.000596 0.115075 -0.535671
v 0.000596 0.113674 -0.532145
v 0.003076 0.114009 -0.532307
v 0.000596 0.109841 -0.534592
v 0.003076 0.109736 -0.534561
v 0.000596 0.110191 -0.534682
v -0.016810 0.110765 -0.533177
v -0.016811 0.110301 -0.535224
v -0.016810 0.112655 -0.532263
v -0.016811 0.114548 -0.533171
v -0.016572 0.114693 -0.535655
v -0.016572 0.112163 -0.536882
v -0.014434 0.110010 -0.534638
v -0.014434 0.112845 -0.531956
v -0.016915 0.109841 -0.534592
v -0.016915 0.114845 -0.532654
v -0.014434 0.114845 -0.536710
v -0.016915 0.112845 -0.537408
v -0.014434 0.109841 -0.534773
v -0.016915 0.110011 -0.534726
v -0.020518 0.109579 -0.281765
v -0.020518 0.110667 -0.280396
v -0.020518 0.112416 -0.280393
v -0.020518 0.113509 -0.281759
v -0.020518 0.113122 -0.283465
v -0.020518 0.111548 -0.284226
v -0.020518 0.109971 -0.283470
v -0.018538 0.110699 -0.280096
v -0.020605 0.109197 -0.282135
v -0.020605 0.111456 -0.280113
v -0.018538 0.113558 -0.281386
v -0.020605 0.113928 -0.282038
v -0.018538 0.112390 -0.284325
v -0.020605 0.110699 -0.284325
v -0.018538 0.109196 -0.282286
v -0.020605 0.109488 -0.282211
v -0.018538 0.109488 -0.282211
v -0.020320 0.109665 -0.257895
v -0.020518 0.110667 -0.256075
v -0.020518 0.112416 -0.256072
v -0.020320 0.113424 -0.257885
v -0.020518 0.112422 -0.259704
v -0.020518 0.110673 -0.259707
v -0.018538 0.109338 -0.257853
v -0.018538 0.111700 -0.255618
v -0.020605 0.111389 -0.255618
v -0.020605 0.109397 -0.257868
v -0.018538 0.113367 -0.259580
v -0.020605 0.113794 -0.258244
v -0.020605 0.110699 -0.260004
v -0.018538 0.109196 -0.257965
v -0.020605 0.109488 -0.257890
v -0.019898 0.104639 -0.274368
v -0.019904 0.107178 -0.283810
v 0.006073 0.106221 -0.282050
v -0.019888 0.109875 -0.287176
v 0.006078 0.109855 -0.287192
v -0.019898 0.109858 -0.287194
v -0.019888 0.112795 -0.287168
v 0.006078 0.112795 -0.287194
v 0.006068 0.109858 -0.287168
v -0.019898 0.112798 -0.287192
v -0.019893 0.116432 -0.282050
v 0.006084 0.115476 -0.283810
v 0.006068 0.112778 -0.287176
v 0.006078 0.118014 -0.274369
v -0.019898 0.118014 -0.265374
v 0.006073 0.116432 -0.257693
v -0.019904 0.115476 -0.255933
v -0.019888 0.112778 -0.252567
v 0.006078 0.112798 -0.252551
v -0.019898 0.112795 -0.252549
v -0.019888 0.109858 -0.252575
v 0.006078 0.109858 -0.252549
v 0.006068 0.112795 -0.252575
v -0.019898 0.109855 -0.252551
v -0.019893 0.106221 -0.257693
v 0.006084 0.107177 -0.255933
v 0.006068 0.109875 -0.252567
v 0.006078 0.104639 -0.265374
v 0.006099 0.109379 -0.268995
v 0.006759 0.109835 -0.270484
v 0.006680 0.100180 -0.268957
v 0.004825 0.090580 -0.267266
v 0.001290 0.086525 -0.266549
v 0.001365 0.086455 -0.266460
v -0.004384 0.084450 -0.266282
v -0.010860 0.084794 -0.266283
v 0.006614 0.110685 -0.271284
v 0.008143 0.110829 -0.271505
v 0.006748 0.099869 -0.268842
v 0.006058 0.088263 -0.267087
v 0.005779 0.093422 -0.267689
v 0.004107 0.089337 -0.266968
v 0.001334 0.086475 -0.266564
v -0.001928 0.083295 -0.266349
v -0.002445 0.084770 -0.266163
v -0.006910 0.084232 -0.266068
v 0.002394 0.085399 -0.265498
v -0.006910 0.082666 -0.266149
v 0.008999 0.110586 -0.271426
v 0.008747 0.099324 -0.268758
v 0.007771 0.093031 -0.267621
v 0.002329 0.085316 -0.266617
v 0.003243 0.084610 -0.264940
v -0.001466 0.082094 -0.264706
v -0.001912 0.083312 -0.266263
v -0.006910 0.082501 -0.266361
v 0.008759 0.109843 -0.270489
v 0.009420 0.109413 -0.268934
v 0.008954 0.098912 -0.268838
v 0.007982 0.092890 -0.267755
v 0.006149 0.088269 -0.266944
v 0.002907 0.084684 -0.266279
v -0.006910 0.082263 -0.262631
v 0.008872 0.100689 -0.266043
v 0.007859 0.093540 -0.264765
v 0.006039 0.088909 -0.263949
v 0.002865 0.085286 -0.263287
v 0.009062 0.111311 -0.267228
v 0.002787 0.085359 -0.263379
v -0.001660 0.083204 -0.262999
v 0.008868 0.111441 -0.267264
v 0.007390 0.111599 -0.266814
v 0.007887 0.093422 -0.264463
v 0.008772 0.100314 -0.266033
v 0.005957 0.088925 -0.264008
v 0.002820 0.085341 -0.263276
v -0.001662 0.083146 -0.262809
v -0.006910 0.082506 -0.262876
v 0.001755 0.086413 -0.264339
v -0.002192 0.084662 -0.262899
v -0.006910 0.084072 -0.262795
v 0.006511 0.111353 -0.267046
v 0.006724 0.099875 -0.265965
v 0.005780 0.093916 -0.264887
v 0.004108 0.089830 -0.264167
v 0.001823 0.086498 -0.263223
v 0.000930 0.087150 -0.264905
v -0.002338 0.084712 -0.262795
v -0.006910 0.084072 -0.262795
v 0.006756 0.110342 -0.267679
v 0.006476 0.099758 -0.265778
v 0.005571 0.094062 -0.264754
v 0.003922 0.090000 -0.264035
v 0.001239 0.087127 -0.263551
v 0.006671 0.110745 -0.271371
v 0.007385 0.110636 -0.271916
v 0.008854 0.110734 -0.271380
v 0.008130 0.111535 -0.266464
v 0.006661 0.111481 -0.267148
v 0.006569 0.114518 -0.271928
v 0.007384 0.110670 -0.271867
v 0.007598 0.112042 -0.272408
v 0.008131 0.114498 -0.272620
v 0.008131 0.110670 -0.271867
v 0.007903 0.112185 -0.272413
v 0.009281 0.115488 -0.270365
v 0.008946 0.115224 -0.267928
v 0.008131 0.111587 -0.266668
v 0.007917 0.113060 -0.266630
v 0.007384 0.114548 -0.266780
v 0.007384 0.111587 -0.266668
v 0.007613 0.113197 -0.266674
v 0.006235 0.115601 -0.269728
v 0.007384 0.114456 -0.272456
v 0.008862 0.114475 -0.271824
v 0.006653 0.115147 -0.268010
v 0.008131 0.114442 -0.267021
v 0.007384 0.114377 -0.272206
v 0.008131 0.114377 -0.272206
v 0.008131 0.115186 -0.267618
v 0.007426 0.113863 -0.268002
v 0.008131 0.114442 -0.267021
v 0.008131 0.115186 -0.267618
v 0.007384 0.115186 -0.267618
v 0.007125 0.114876 -0.270889
v 0.007771 0.114082 -0.272064
v 0.006712 0.114457 -0.271752
v 0.008804 0.114457 -0.271752
v 0.008520 0.115120 -0.271042
v 0.008391 0.115204 -0.269027
v 0.006712 0.115106 -0.268072
v 0.006995 0.115486 -0.268966
v -0.019919 0.109379 -0.268995
v -0.020501 0.100180 -0.268957
v -0.020580 0.109834 -0.270484
v -0.018645 0.090580 -0.267266
v -0.015111 0.086525 -0.266549
v -0.015185 0.086455 -0.266460
v -0.020434 0.110685 -0.271284
v -0.020569 0.099869 -0.268842
v -0.021963 0.110829 -0.271505
v -0.019599 0.093422 -0.267689
v -0.019879 0.088263 -0.267087
v -0.017927 0.089337 -0.266968
v -0.015185 0.086455 -0.266460
v -0.016148 0.085306 -0.266699
v -0.011375 0.084770 -0.266163
v -0.011908 0.083312 -0.266263
v -0.022567 0.099325 -0.268758
v -0.022819 0.110586 -0.271426
v -0.021591 0.093031 -0.267621
v -0.016606 0.084866 -0.266181
v -0.016149 0.085316 -0.266617
v -0.011908 0.083312 -0.266263
v -0.012354 0.082094 -0.264706
v -0.017063 0.084610 -0.264940
v -0.022579 0.109843 -0.270489
v -0.022774 0.098912 -0.268838
v -0.023240 0.109413 -0.268934
v -0.021802 0.092890 -0.267755
v -0.019969 0.088269 -0.266944
v -0.016727 0.084684 -0.266279
v -0.022693 0.100689 -0.266043
v -0.021679 0.093540 -0.264765
v -0.019859 0.088909 -0.263949
v -0.016686 0.085286 -0.263287
v -0.022883 0.111311 -0.267228
v -0.012161 0.083204 -0.262999
v -0.016607 0.085359 -0.263379
v -0.022688 0.111441 -0.267264
v -0.022592 0.100314 -0.266033
v -0.021210 0.111599 -0.266814
v -0.021707 0.093422 -0.264463
v -0.019777 0.088925 -0.264008
v -0.016607 0.085359 -0.263379
v -0.011731 0.084728 -0.262666
v -0.012161 0.083204 -0.262999
v -0.015575 0.086413 -0.264339
v -0.020545 0.099876 -0.265966
v -0.020331 0.111353 -0.267046
v -0.019600 0.093916 -0.264887
v -0.017928 0.089830 -0.264167
v -0.015643 0.086498 -0.263223
v -0.011617 0.084854 -0.262659
v -0.014750 0.087151 -0.264905
v -0.020576 0.110342 -0.267679
v -0.020296 0.099758 -0.265778
v -0.019392 0.094062 -0.264754
v -0.017743 0.090000 -0.264035
v -0.015059 0.087127 -0.263551
v -0.020491 0.110745 -0.271371
v -0.021205 0.110636 -0.271916
v -0.022675 0.110734 -0.271380
v -0.021950 0.111535 -0.266464
v -0.020481 0.111481 -0.267148
v -0.021205 0.110670 -0.271867
v -0.021419 0.112042 -0.272408
v -0.021951 0.114498 -0.272620
v -0.021723 0.112185 -0.272413
v -0.021951 0.110670 -0.271867
v -0.023101 0.115488 -0.270365
v -0.022767 0.115224 -0.267928
v -0.021951 0.111587 -0.266668
v -0.021737 0.113060 -0.266630
v -0.021205 0.114548 -0.266780
v -0.021433 0.113197 -0.266674
v -0.021205 0.111587 -0.266668
v -0.020055 0.115601 -0.269728
v -0.020389 0.114518 -0.271928
v -0.021205 0.114456 -0.272456
v -0.022683 0.114475 -0.271824
v -0.020473 0.115147 -0.268010
v -0.021951 0.114442 -0.267021
v -0.021205 0.114377 -0.272206
v -0.021951 0.114377 -0.272206
v -0.021951 0.115186 -0.267618
v -0.021246 0.113863 -0.268002
v -0.021951 0.115186 -0.267618
v -0.021951 0.114442 -0.267021
v -0.021205 0.115186 -0.267618
v -0.020945 0.114876 -0.270889
v -0.021591 0.114082 -0.272064
v -0.020532 0.114457 -0.271752
v -0.022624 0.114457 -0.271752
v -0.022340 0.115120 -0.271042
v -0.022211 0.115204 -0.269027
v -0.020532 0.115106 -0.268072
v -0.020816 0.115486 -0.268966
v -0.023376 0.110978 -0.268909
v -0.023574 0.112671 -0.267704
v -0.023574 0.114248 -0.268460
v -0.023574 0.114640 -0.270165
v -0.023376 0.113097 -0.271551
v -0.023574 0.111100 -0.270979
v -0.021594 0.111828 -0.267605
v -0.023661 0.110326 -0.269644
v -0.023661 0.114025 -0.267748
v -0.021594 0.114688 -0.268895
v -0.021594 0.113520 -0.271834
v -0.023661 0.113800 -0.271699
v -0.021594 0.110326 -0.269795
v -0.023661 0.110239 -0.269820
v -0.021594 0.110617 -0.269720
v 0.006826 0.109967 -0.283465
v 0.006826 0.109580 -0.281759
v 0.006826 0.111541 -0.284226
v 0.006826 0.113119 -0.283470
v 0.006826 0.113510 -0.281765
v 0.006826 0.112422 -0.280396
v 0.006826 0.110673 -0.280393
v 0.004846 0.110699 -0.284325
v 0.006913 0.109196 -0.282286
v 0.006913 0.111456 -0.284308
v 0.004846 0.113558 -0.283035
v 0.006913 0.113928 -0.282383
v 0.004846 0.112390 -0.280096
v 0.006913 0.110699 -0.280096
v 0.004846 0.109196 -0.282135
v 0.006913 0.109488 -0.282211
v 0.004846 0.109488 -0.282211
v 0.006826 0.109967 -0.259144
v 0.006826 0.109580 -0.257438
v 0.006826 0.111542 -0.259905
v 0.006826 0.113118 -0.259149
v 0.006826 0.113510 -0.257444
v 0.006826 0.112422 -0.256075
v 0.006826 0.110673 -0.256072
v 0.004846 0.110699 -0.260004
v 0.006913 0.109196 -0.257965
v 0.006913 0.113367 -0.259580
v 0.004846 0.113794 -0.258244
v 0.004846 0.111389 -0.255618
v 0.006913 0.111183 -0.255528
v 0.004846 0.109397 -0.257868
v 0.006913 0.109488 -0.257890
v 0.004846 0.109488 -0.257890
v 0.009602 0.110708 -0.270165
v 0.009404 0.112251 -0.271551
v 0.009602 0.114248 -0.270979
v 0.009404 0.114369 -0.268909
v 0.009603 0.112677 -0.267704
v 0.009602 0.111100 -0.268460
v 0.007622 0.110239 -0.269820
v 0.009689 0.110326 -0.269795
v 0.007622 0.113800 -0.271699
v 0.009689 0.113520 -0.271834
v 0.007622 0.114025 -0.267749
v 0.009689 0.114688 -0.268895
v 0.009689 0.111828 -0.267605
v 0.007622 0.110326 -0.269644
v 0.009689 0.110617 -0.269720
v 0.004925 0.100699 -0.057302
v 0.004925 0.102273 -0.058063
v 0.004925 0.103850 -0.057307
v 0.004925 0.104242 -0.055602
v 0.004726 0.102700 -0.054216
v 0.004726 0.100586 -0.055227
v 0.002945 0.101431 -0.058162
v 0.005011 0.099928 -0.056123
v 0.005011 0.103122 -0.058162
v 0.002945 0.104290 -0.056872
v 0.005011 0.103898 -0.054292
v 0.002945 0.103122 -0.053933
v 0.002945 0.099928 -0.055972
v 0.005011 0.099841 -0.055947
v 0.002945 0.100220 -0.056047
v 0.010221 0.094883 -0.049245
v 0.010374 0.094038 -0.047032
v 0.010221 0.097660 -0.050588
v 0.010221 0.100442 -0.049254
v 0.010374 0.101294 -0.047032
v 0.010221 0.100449 -0.044820
v 0.010221 0.097671 -0.043477
v 0.010221 0.094889 -0.044811
v 0.006728 0.093370 -0.047210
v 0.010374 0.093524 -0.047166
v 0.006728 0.099651 -0.050524
v 0.010374 0.099158 -0.050762
v 0.006728 0.100049 -0.043556
v 0.010374 0.101218 -0.045578
v 0.010374 0.096174 -0.043303
v 0.006728 0.093524 -0.046899
v 0.010374 0.094038 -0.047032
v 0.001199 0.137429 -0.002967
v 0.001199 0.137043 -0.001261
v 0.001199 0.139004 -0.003728
v 0.001199 0.140581 -0.002972
v 0.001199 0.140973 -0.001267
v 0.001199 0.139884 0.000102
v 0.001199 0.138135 0.000105
v -0.000781 0.138161 -0.003827
v 0.001286 0.136659 -0.001788
v 0.001286 0.140829 -0.003403
v -0.000781 0.141256 -0.002067
v -0.000781 0.139363 0.000434
v 0.001286 0.139618 0.000376
v -0.000781 0.136659 -0.001637
v 0.001286 0.136572 -0.001612
v -0.000781 0.136950 -0.001713
v -0.019044 0.100699 -0.054793
v -0.019044 0.100312 -0.056499
v -0.019044 0.102274 -0.054032
v -0.019045 0.103850 -0.054788
v -0.018846 0.103972 -0.056858
v -0.018846 0.101863 -0.057881
v -0.017064 0.099841 -0.055947
v -0.019131 0.099928 -0.055972
v -0.017064 0.103402 -0.054068
v -0.019131 0.103627 -0.054076
v -0.017064 0.103627 -0.058018
v -0.019131 0.103402 -0.058027
v -0.017064 0.099928 -0.056123
v -0.019131 0.099841 -0.056148
v -0.024090 0.094198 -0.046247
v -0.024090 0.096118 -0.043831
v -0.024090 0.099203 -0.043827
v -0.024090 0.101131 -0.046236
v -0.024090 0.100449 -0.049245
v -0.024090 0.097671 -0.050588
v -0.024090 0.094890 -0.049254
v -0.020597 0.093370 -0.046855
v -0.024243 0.093524 -0.046899
v -0.020597 0.098743 -0.043349
v -0.024243 0.099158 -0.043303
v -0.020597 0.101497 -0.047263
v -0.024243 0.101218 -0.048487
v -0.020597 0.098293 -0.050819
v -0.024243 0.096174 -0.050762
v -0.020597 0.093524 -0.047166
v -0.024243 0.094038 -0.047032
v -0.014926 0.137128 -0.001718
v -0.015125 0.138130 0.000102
v -0.015125 0.139879 0.000105
v -0.015125 0.140971 -0.001261
v -0.014926 0.140183 -0.003179
v -0.015125 0.138135 -0.003530
v -0.013145 0.138645 0.000649
v -0.015212 0.138308 0.000572
v -0.013145 0.141179 -0.001844
v -0.015212 0.141179 -0.001582
v -0.013145 0.138852 -0.003985
v -0.015212 0.139162 -0.003985
v -0.013145 0.136859 -0.001735
v -0.015212 0.136800 -0.001749
v -0.013145 0.136950 -0.001713
v -0.015212 0.136950 -0.001713
v -0.020716 0.098243 0.156666
v -0.020802 0.101421 0.159052
v -0.020808 0.101400 0.159085
v -0.020960 0.106728 0.159463
v -0.021709 0.106583 0.158892
v -0.020939 0.106654 0.159014
v -0.021039 0.110751 0.155040
v -0.021769 0.108755 0.157440
v -0.021709 0.106583 0.158892
v -0.021036 0.109939 0.148938
v -0.021769 0.108755 0.147968
v -0.020939 0.106654 0.146395
v -0.021709 0.106583 0.146516
v -0.020939 0.106654 0.146395
v -0.020795 0.101345 0.146043
v -0.021709 0.106583 0.146516
v -0.020801 0.101208 0.146039
v -0.020685 0.097141 0.151404
v -0.022246 0.101448 0.158665
v -0.022150 0.097805 0.153919
v -0.022356 0.105216 0.158903
v -0.022311 0.101586 0.158533
v -0.021769 0.108755 0.157440
v -0.022503 0.108459 0.157166
v -0.022368 0.108518 0.157153
v -0.022494 0.110197 0.151490
v -0.022503 0.108459 0.148243
v -0.021769 0.108755 0.147968
v -0.022357 0.105251 0.146513
v -0.022503 0.108459 0.148243
v -0.022311 0.101586 0.146875
v -0.022176 0.098762 0.149180
v -0.022311 0.101586 0.146875
v -0.022224 0.098667 0.156276
v -0.022399 0.102722 0.159067
v -0.022438 0.107537 0.158018
v -0.022548 0.110296 0.153951
v -0.022667 0.109945 0.150231
v -0.022472 0.107561 0.147363
v -0.022338 0.102742 0.146408
v -0.022224 0.098660 0.149142
v -0.022322 0.097555 0.152713
v -0.024627 0.101359 0.153702
v -0.024596 0.106226 0.155580
v -0.024604 0.106385 0.150636
v -0.024394 0.101749 0.149824
v -0.010179 0.071132 0.144715
v -0.009682 0.070547 0.145652
v -0.010375 0.071285 0.147086
v -0.009172 0.071132 0.143452
v -0.008720 0.070425 0.144020
v -0.009172 0.071132 0.143452
v -0.006916 0.071285 0.142734
v -0.004648 0.071132 0.143452
v -0.005100 0.070425 0.144020
v -0.004648 0.071132 0.143452
v -0.003227 0.071133 0.145621
v -0.004136 0.070547 0.145660
v -0.005058 0.070534 0.148644
v -0.004648 0.071132 0.149125
v -0.006905 0.071285 0.149844
v -0.009172 0.071132 0.149125
v -0.008761 0.070589 0.148507
v -0.009172 0.071132 0.149125
v -0.009597 0.074778 0.143134
v -0.009172 0.074778 0.143452
v -0.004432 0.074778 0.142967
v -0.009389 0.071132 0.142967
v -0.004648 0.071132 0.143452
v -0.004093 0.074778 0.143041
v -0.004517 0.074778 0.149227
v -0.004648 0.074778 0.149125
v -0.009389 0.074778 0.149610
v -0.004432 0.071132 0.149610
v -0.009172 0.071132 0.149125
v -0.009388 0.074778 0.149292
v -0.009525 0.070703 0.145030
v -0.005100 0.070703 0.144020
v -0.004295 0.070703 0.145030
v -0.004318 0.070710 0.145041
v -0.006910 0.070981 0.146289
v -0.006910 0.070981 0.146289
v -0.004295 0.070703 0.147548
v -0.005100 0.070703 0.148558
v -0.006910 0.070981 0.146289
v -0.006910 0.070981 0.146289
v -0.004318 0.070710 0.147537
v -0.008720 0.070703 0.148558
v -0.009525 0.070703 0.147548
v -0.009502 0.070710 0.147537
v -0.006910 0.070981 0.146289
v -0.006910 0.070981 0.146289
v -0.011424 0.065380 0.219166
v -0.011802 0.064616 0.217476
v -0.011635 0.067364 0.220651
v -0.011728 0.067350 0.220736
v -0.011411 0.070680 0.220815
v -0.011842 0.070630 0.220613
v -0.011728 0.070696 0.220721
v -0.011388 0.073480 0.217491
v -0.011802 0.073394 0.215901
v -0.011411 0.070737 0.212586
v -0.011842 0.070630 0.212764
v -0.011728 0.070659 0.212642
v -0.011411 0.067329 0.212563
v -0.011842 0.067379 0.212764
v -0.011728 0.067313 0.212657
v -0.011413 0.064845 0.215043
v -0.011902 0.064993 0.218361
v -0.011890 0.066562 0.220358
v -0.011890 0.069871 0.221010
v -0.011902 0.072084 0.219755
v -0.011890 0.073329 0.217542
v -0.011890 0.072665 0.214234
v -0.011890 0.069857 0.212364
v -0.011890 0.066550 0.213028
v -0.011890 0.064680 0.215836
v -0.012827 0.067305 0.219230
v -0.012827 0.066006 0.217283
v -0.012827 0.069599 0.219687
v -0.012926 0.071170 0.218854
v -0.012827 0.072002 0.217287
v -0.012827 0.071547 0.214992
v -0.012827 0.069603 0.213691
v -0.012926 0.067833 0.213859
v -0.012827 0.066464 0.214989
v -0.013335 0.071720 0.218567
v -0.013291 0.066310 0.218492
v -0.013291 0.065824 0.216059
v -0.013214 0.068986 0.219924
v -0.013290 0.072184 0.216054
v -0.013290 0.070804 0.213991
v -0.013353 0.068912 0.213424
v -0.013465 0.067069 0.213807
v -0.013062 0.067749 0.219640
v -0.013198 0.065932 0.217184
v -0.013130 0.067819 0.219589
v -0.012994 0.070190 0.219589
v -0.013062 0.070260 0.219640
v -0.012926 0.072077 0.217184
v -0.013198 0.072298 0.216233
v -0.012971 0.070331 0.213637
v -0.013130 0.070190 0.213788
v -0.012994 0.067819 0.213788
v -0.013153 0.067678 0.213637
v -0.012926 0.065711 0.216233
v -0.014095 0.051185 0.272531
v -0.014095 0.050798 0.270826
v -0.014095 0.052760 0.273293
v -0.014095 0.054337 0.272536
v -0.013897 0.054458 0.270466
v -0.013897 0.052350 0.269444
v -0.012115 0.051917 0.273391
v -0.014182 0.050415 0.271353
v -0.014182 0.054585 0.272967
v -0.012115 0.055012 0.271631
v -0.012115 0.052608 0.269005
v -0.014182 0.052401 0.268915
v -0.012115 0.050615 0.271255
v -0.014182 0.050706 0.271277
v -0.012115 0.050706 0.271277
v 0.000220 0.050797 0.270832
v 0.000220 0.051886 0.269462
v 0.000220 0.053634 0.269460
v 0.000220 0.054727 0.270826
v 0.000220 0.054341 0.272531
v 0.000220 0.052766 0.273293
v 0.000220 0.051189 0.272536
v -0.001760 0.050556 0.271241
v -0.001760 0.052918 0.269005
v 0.000307 0.052608 0.269005
v 0.000307 0.050615 0.271255
v -0.001760 0.054585 0.272967
v 0.000307 0.055012 0.271631
v 0.000307 0.051917 0.273391
v -0.001760 0.050415 0.271353
v 0.000307 0.050706 0.271277
v -0.002202 0.065380 0.214211
v -0.001801 0.064925 0.215074
v -0.001991 0.067363 0.212726
v -0.001899 0.067350 0.212641
v -0.002216 0.070680 0.212562
v -0.001785 0.070630 0.212764
v -0.001991 0.070646 0.212726
v -0.002238 0.073480 0.215886
v -0.001801 0.073031 0.214945
v -0.001822 0.070918 0.220951
v -0.002216 0.070738 0.220791
v -0.001899 0.070659 0.220736
v -0.002216 0.067329 0.220815
v -0.001785 0.067379 0.220613
v -0.001991 0.067363 0.220652
v -0.002214 0.064845 0.218335
v -0.001789 0.065450 0.219119
v -0.001724 0.064993 0.215017
v -0.001736 0.066562 0.213020
v -0.001736 0.069872 0.212367
v -0.001736 0.072673 0.214246
v -0.001736 0.073326 0.217556
v -0.001736 0.071447 0.220358
v -0.001724 0.068995 0.221035
v -0.001736 0.066550 0.220349
v -0.001736 0.064680 0.217542
v -0.000799 0.066462 0.214992
v -0.000701 0.067833 0.213859
v -0.000799 0.069599 0.213690
v -0.000701 0.071170 0.214523
v -0.000799 0.072002 0.216091
v -0.000799 0.071547 0.218386
v -0.000799 0.069603 0.219687
v -0.000799 0.067308 0.219231
v -0.000799 0.066007 0.217287
v -0.000292 0.070883 0.219405
v -0.000292 0.066230 0.214898
v -0.000412 0.066023 0.217944
v -0.000336 0.068374 0.213508
v -0.000336 0.070808 0.213994
v -0.000412 0.072239 0.216670
v -0.000336 0.068370 0.219868
v -0.000701 0.066113 0.215312
v -0.000428 0.065932 0.216193
v -0.000496 0.067749 0.213737
v -0.000496 0.067819 0.213788
v -0.000633 0.070190 0.213788
v -0.000633 0.070260 0.213737
v -0.000428 0.071896 0.215312
v -0.000701 0.072222 0.217528
v -0.000474 0.070410 0.219854
v -0.000496 0.070190 0.219589
v -0.000633 0.067819 0.219589
v -0.000701 0.067560 0.219901
v -0.000428 0.067626 0.219812
v 0.007068 0.097183 0.151749
v 0.007220 0.101192 0.146648
v 0.007238 0.101348 0.146882
v 0.007435 0.106600 0.146606
v 0.007429 0.106518 0.146948
v 0.007548 0.109656 0.149439
v 0.008098 0.106559 0.146908
v 0.008272 0.110458 0.151779
v 0.007586 0.110614 0.154569
v 0.008234 0.109519 0.156811
v 0.007409 0.106638 0.159535
v 0.008118 0.106441 0.159253
v 0.007446 0.106544 0.159439
v 0.007224 0.101293 0.159714
v 0.007238 0.101347 0.159439
v 0.007107 0.098167 0.156949
v 0.008409 0.098729 0.149724
v 0.008587 0.101517 0.147421
v 0.008432 0.101565 0.147393
v 0.008776 0.106268 0.147421
v 0.008118 0.106441 0.147067
v 0.008321 0.109619 0.149363
v 0.008814 0.106290 0.147388
v 0.008380 0.110668 0.153178
v 0.008321 0.109604 0.156980
v 0.008118 0.106441 0.159253
v 0.008811 0.106287 0.158929
v 0.008618 0.106233 0.158927
v 0.008587 0.101517 0.158900
v 0.008429 0.101475 0.158890
v 0.008372 0.097814 0.154387
v 0.008493 0.098118 0.150763
v 0.008531 0.100390 0.147905
v 0.009001 0.103747 0.146628
v 0.008723 0.103888 0.159415
v 0.008911 0.101504 0.159245
v 0.008461 0.098643 0.156666
v 0.008746 0.097353 0.153293
v 0.010659 0.101593 0.151682
v 0.010806 0.105288 0.150941
v 0.010852 0.106423 0.152637
v 0.010836 0.106027 0.154639
v 0.010800 0.104818 0.155581
v 0.010686 0.101961 0.155018
v 0.010515 0.103311 0.150609
v 0.010515 0.103312 0.155711
v 0.010434 0.101270 0.153668
v 0.009187 0.101698 0.151708
v 0.009254 0.103360 0.150597
v 0.009360 0.106040 0.151709
v 0.009376 0.106430 0.153670
v 0.009254 0.103359 0.155723
v 0.009187 0.101698 0.154612
v 0.010490 0.101115 0.152455
v 0.009204 0.101102 0.152777
v 0.010559 0.102832 0.150783
v 0.009275 0.102883 0.150783
v 0.010559 0.102832 0.150783
v 0.010638 0.104817 0.150692
v 0.009274 0.102867 0.150692
v 0.009353 0.104851 0.150783
v 0.010653 0.105197 0.150264
v 0.009367 0.105189 0.150329
v 0.010644 0.104974 0.155784
v 0.009362 0.105080 0.155859
v 0.010637 0.104800 0.155538
v 0.010558 0.102815 0.155628
v 0.009354 0.104868 0.155628
v 0.009275 0.102883 0.155538
v 0.010556 0.102747 0.155662
v 0.009273 0.102831 0.155613
v 0.012351 0.033685 0.497196
v 0.012351 0.035794 0.496173
v 0.012550 0.037345 0.497555
v 0.012550 0.036959 0.499261
v 0.012550 0.035384 0.500022
v 0.012550 0.033807 0.499266
v 0.010570 0.034535 0.495892
v 0.012636 0.033033 0.497931
v 0.012636 0.035737 0.495860
v 0.010570 0.037630 0.497653
v 0.012636 0.037630 0.498361
v 0.010570 0.035737 0.500153
v 0.012636 0.035025 0.500153
v 0.010570 0.033033 0.498082
v 0.012636 0.033174 0.498043
v 0.010570 0.033324 0.498007
v -0.025012 0.032785 0.480008
v -0.025016 0.037509 0.471476
v 0.011191 0.036132 0.472978
v -0.025004 0.040930 0.468863
v 0.011191 0.040914 0.468842
v -0.025011 0.040920 0.468840
v -0.025004 0.043763 0.469569
v 0.011191 0.043769 0.469543
v 0.011183 0.040914 0.468866
v -0.025011 0.043774 0.469547
v -0.025011 0.046083 0.475433
v 0.011195 0.045562 0.473463
v 0.011183 0.043750 0.469559
v 0.011192 0.045776 0.483213
v -0.025012 0.043604 0.492015
v 0.011191 0.040257 0.499046
v -0.025016 0.038880 0.500547
v -0.025004 0.035459 0.503160
v 0.011191 0.035476 0.503181
v -0.025011 0.035469 0.503183
v -0.025004 0.032626 0.502454
v 0.011191 0.032620 0.502480
v 0.011183 0.035475 0.503157
v -0.025011 0.032615 0.502476
v -0.025011 0.030306 0.496590
v 0.011195 0.030827 0.498560
v 0.011183 0.032639 0.502464
v 0.011192 0.030613 0.488810
v 0.014405 0.036035 0.484287
v 0.014207 0.035922 0.486361
v 0.014207 0.038026 0.483708
v 0.014405 0.039577 0.485090
v 0.014405 0.039191 0.486795
v 0.014405 0.037616 0.487557
v 0.012425 0.035178 0.485441
v 0.014492 0.035265 0.485466
v 0.012425 0.038738 0.483562
v 0.014492 0.038458 0.483427
v 0.012425 0.038964 0.487512
v 0.014492 0.038855 0.487694
v 0.012425 0.035265 0.485617
v 0.014492 0.035406 0.485578
v 0.013582 0.029915 0.484628
v 0.013700 0.008892 0.485959
v 0.012674 0.029882 0.484335
v 0.013464 0.029892 0.484679
v 0.013443 0.008991 0.486141
v 0.011902 0.000826 0.486320
v 0.011952 0.029881 0.484331
v 0.011165 0.029892 0.484679
v 0.011135 0.008977 0.486113
v 0.011193 0.029894 0.484704
v 0.011051 0.008965 0.486066
v 0.011040 0.030134 0.487838
v 0.010888 0.009338 0.489413
v 0.011952 0.030142 0.488123
v 0.011165 0.030105 0.487787
v 0.011142 0.009241 0.489247
v 0.013792 0.017691 0.488986
v 0.012674 0.030145 0.488159
v 0.013464 0.030105 0.487787
v 0.013430 0.030103 0.487759
v 0.013540 0.009169 0.489307
v 0.011980 0.000832 0.486509
v 0.009275 -0.002747 0.486777
v 0.009277 -0.002581 0.486962
v 0.005137 -0.004703 0.486865
v -0.000560 -0.005801 0.486890
v -0.011912 -0.005580 0.487154
v 0.009269 -0.002721 0.486545
v 0.005096 -0.004416 0.487047
v 0.000308 -0.005440 0.486919
v -0.011909 -0.005611 0.487138
v 0.009520 0.001561 0.486637
v 0.007365 -0.000959 0.486810
v 0.002482 -0.002589 0.486896
v -0.011640 -0.003132 0.486935
v 0.009438 0.001592 0.486577
v 0.007272 -0.000880 0.486724
v 0.007241 -0.000806 0.486694
v 0.002287 -0.002503 0.486816
v -0.006910 -0.003053 0.486863
v 0.009301 0.001914 0.489910
v 0.007188 -0.000573 0.490079
v 0.006873 -0.000446 0.488702
v 0.007409 -0.000956 0.489751
v -0.006910 -0.002707 0.490229
v 0.002470 -0.002368 0.490045
v 0.009520 0.001774 0.489746
v 0.011886 0.001127 0.490111
v 0.007365 -0.000745 0.489918
v 0.002420 -0.002329 0.490143
v 0.009241 -0.002453 0.490393
v -0.011638 -0.002926 0.490075
v -0.019058 -0.004311 0.490537
v 0.013153 0.007385 0.489361
v 0.003579 -0.004693 0.490142
v -0.011913 -0.005390 0.490207
v 0.011839 0.001155 0.489849
v 0.009210 -0.002436 0.490120
v 0.009202 -0.002426 0.490090
v 0.003604 -0.004776 0.490247
v -0.011923 -0.005507 0.490330
v 0.012714 0.029866 0.484316
v 0.011968 0.029853 0.484392
v 0.011917 0.030128 0.488145
v 0.012658 0.030102 0.488074
v 0.012850 0.035091 0.482447
v 0.011925 0.035095 0.482606
v 0.012697 0.035043 0.482576
v 0.011837 0.035201 0.482470
v 0.011744 0.035530 0.489325
v 0.012600 0.034564 0.488778
v 0.011923 0.035595 0.489201
v 0.012917 0.035627 0.489317
v 0.013652 0.040658 0.487605
v 0.010936 0.040357 0.483336
v 0.012903 0.039599 0.489149
v 0.013543 0.040334 0.483445
v 0.012816 0.038782 0.482126
v 0.011771 0.040277 0.482328
v 0.012861 0.040258 0.482396
v 0.011825 0.038742 0.482115
v 0.011817 0.039258 0.489116
v 0.011771 0.039590 0.489059
v 0.012808 0.039227 0.489100
v 0.011051 0.040624 0.487615
v 0.012862 0.040165 0.482626
v 0.011771 0.040162 0.482612
v 0.011771 0.040561 0.488430
v 0.011771 0.039580 0.489015
v 0.012862 0.039581 0.488999
v 0.012998 0.039761 0.487297
v 0.011635 0.039826 0.487338
v 0.012862 0.040562 0.488416
v 0.013072 0.040951 0.484183
v 0.013497 0.040324 0.483475
v 0.012263 0.039422 0.483074
v 0.013071 0.041051 0.484192
v 0.011492 0.039866 0.483840
v 0.011538 0.040961 0.484175
v 0.011536 0.041127 0.486783
v 0.011536 0.041235 0.486757
v 0.013084 0.041152 0.486770
v 0.013069 0.041139 0.486759
v -0.027402 0.029915 0.484628
v -0.027520 0.008892 0.485959
v -0.026494 0.029882 0.484335
v -0.025727 0.000826 0.486332
v -0.027264 0.008991 0.486141
v -0.027285 0.029892 0.484679
v -0.025772 0.029881 0.484331
v -0.024985 0.029892 0.484679
v -0.024955 0.008977 0.486113
v -0.025013 0.029894 0.484704
v -0.024871 0.008965 0.486066
v -0.024860 0.030134 0.487838
v -0.024709 0.009338 0.489413
v -0.025772 0.030142 0.488123
v -0.025763 0.001144 0.490210
v -0.024962 0.009241 0.489247
v -0.024985 0.030105 0.487787
v -0.026494 0.030145 0.488159
v -0.027285 0.030105 0.487787
v -0.027256 0.009151 0.489225
v -0.027250 0.030103 0.487759
v -0.027360 0.009169 0.489307
v -0.025800 0.000832 0.486509
v -0.023095 -0.002747 0.486777
v -0.023098 -0.002581 0.486962
v -0.018916 -0.004416 0.487047
v -0.017625 -0.005569 0.488258
v -0.023039 -0.002722 0.486600
v -0.019170 -0.004551 0.486663
v -0.023340 0.001561 0.486637
v -0.020695 -0.001300 0.486737
v -0.023258 0.001592 0.486577
v -0.021093 -0.000880 0.486724
v -0.021061 -0.000806 0.486694
v -0.016107 -0.002503 0.486816
v -0.023121 0.001914 0.489910
v -0.021008 -0.000573 0.490079
v -0.020693 -0.000446 0.488702
v -0.021230 -0.000956 0.489751
v -0.016291 -0.002368 0.490045
v -0.023340 0.001774 0.489746
v -0.023074 -0.002415 0.490370
v -0.020744 -0.001173 0.489862
v -0.025659 0.001155 0.489849
v -0.023031 -0.002436 0.490120
v -0.023022 -0.002426 0.490090
v -0.019016 -0.004270 0.490232
v -0.026535 0.029866 0.484316
v -0.025788 0.029853 0.484392
v -0.025737 0.030128 0.488145
v -0.026478 0.030102 0.488074
v -0.026670 0.035091 0.482447
v -0.026518 0.035043 0.482576
v -0.025745 0.035095 0.482606
v -0.025657 0.035201 0.482470
v -0.025564 0.035531 0.489326
v -0.025743 0.035595 0.489201
v -0.026420 0.034564 0.488778
v -0.026737 0.035627 0.489317
v -0.027472 0.040658 0.487605
v -0.024756 0.040357 0.483336
v -0.026723 0.039599 0.489149
v -0.027363 0.040334 0.483445
v -0.026637 0.038782 0.482126
v -0.026681 0.040258 0.482396
v -0.025591 0.040277 0.482328
v -0.025645 0.038742 0.482115
v -0.025638 0.039258 0.489116
v -0.025591 0.039590 0.489059
v -0.026628 0.039227 0.489100
v -0.024871 0.040624 0.487615
v -0.026682 0.040165 0.482626
v -0.025592 0.040162 0.482612
v -0.025592 0.040561 0.488430
v -0.025592 0.039580 0.489015
v -0.025455 0.039826 0.487338
v -0.026818 0.039761 0.487297
v -0.026682 0.039581 0.488999
v -0.026682 0.040562 0.488416
v -0.026892 0.040951 0.484183
v -0.027317 0.040324 0.483475
v -0.026891 0.041051 0.484192
v -0.026084 0.039422 0.483074
v -0.025313 0.039866 0.483840
v -0.025358 0.040961 0.484175
v -0.025356 0.041127 0.486783
v -0.025356 0.041235 0.486757
v -0.026904 0.041152 0.486770
v -0.026889 0.041139 0.486759
v 0.012128 0.039443 0.473979
v 0.012327 0.040445 0.472159
v 0.012327 0.042194 0.472156
v 0.012327 0.043287 0.473522
v 0.012128 0.042498 0.475440
v 0.012327 0.040451 0.475791
v 0.010347 0.039116 0.473937
v 0.010347 0.042564 0.471821
v 0.012414 0.041167 0.471702
v 0.012414 0.039175 0.473952
v 0.012414 0.043544 0.474852
v 0.010347 0.041684 0.476336
v 0.012414 0.038710 0.474152
v 0.010347 0.039174 0.473996
v 0.015994 -0.018732 0.489783
v 0.015279 -0.013692 0.495189
v 0.017685 -0.017281 0.491847
v 0.017391 -0.019459 0.486966
v 0.014379 -0.020729 0.481754
v 0.016178 -0.019465 0.481752
v 0.012556 -0.018629 0.477431
v 0.013658 -0.018374 0.476980
v 0.010620 -0.013688 0.475261
v 0.011402 -0.013461 0.474895
v 0.010852 -0.013840 0.473911
v 0.009414 -0.008764 0.474182
v 0.007968 -0.004153 0.475738
v 0.006787 -0.000918 0.479680
v 0.007223 -0.004456 0.476054
v 0.008035 -0.004094 0.475745
v 0.007075 0.001043 0.484175
v 0.008007 0.001299 0.488990
v 0.008838 0.001727 0.488844
v 0.009937 0.000500 0.493846
v 0.008121 0.002572 0.489507
v 0.011649 -0.004303 0.497377
v 0.009798 -0.000755 0.493255
v 0.010566 -0.000302 0.493203
v 0.012731 -0.003747 0.497317
v 0.015534 -0.008409 0.496806
v 0.016971 -0.013302 0.495379
v 0.016971 -0.013440 0.495521
v 0.011475 -0.013388 0.474966
v 0.013518 -0.017227 0.477699
v 0.014225 -0.017387 0.477177
v 0.009504 -0.008731 0.474262
v 0.010652 -0.000351 0.493125
v 0.012681 -0.004068 0.496006
v 0.013614 -0.003581 0.496209
v 0.017659 -0.017387 0.491905
v 0.016971 -0.013440 0.495521
v 0.017140 -0.011023 0.498006
v 0.018720 -0.019805 0.490167
v 0.017361 -0.019578 0.486981
v 0.016377 -0.019342 0.481712
v 0.012241 -0.014442 0.471737
v 0.007824 -0.002396 0.472692
v 0.006909 0.002432 0.477204
v 0.008777 0.005080 0.489619
v 0.015432 -0.008518 0.497113
v 0.017517 -0.014959 0.498297
v 0.017785 -0.020591 0.494105
v 0.017382 -0.023397 0.487709
v 0.016457 -0.022669 0.480952
v 0.014059 -0.019913 0.475188
v 0.009355 -0.008518 0.471054
v 0.007028 0.004825 0.483277
v 0.010812 0.002183 0.495104
v 0.012960 -0.002539 0.499381
v 0.015586 -0.008744 0.500320
v 0.011203 -0.014928 0.471596
v 0.009485 -0.008488 0.470740
v 0.011250 -0.014609 0.472918
v 0.007499 -0.002579 0.472975
v 0.005058 -0.003131 0.472987
v 0.006695 0.002272 0.477256
v 0.007526 -0.002519 0.472872
v 0.007054 0.004938 0.483234
v 0.008541 0.004944 0.489618
v 0.010247 0.001207 0.494910
v 0.010105 0.002343 0.495626
v 0.016695 -0.015317 0.498600
v 0.015635 -0.023104 0.481097
v 0.013354 -0.019085 0.475913
v 0.015746 -0.021818 0.481624
v 0.013979 -0.019872 0.475276
v 0.013211 -0.020325 0.475328
v 0.010167 -0.015165 0.472950
v 0.005802 -0.002827 0.472672
v 0.004847 0.004135 0.480333
v 0.006748 0.003687 0.489658
v 0.009148 0.000926 0.495352
v 0.012881 -0.002600 0.499305
v 0.012099 -0.002827 0.499672
v 0.015491 -0.008764 0.500241
v 0.012327 -0.002980 0.498305
v 0.013041 -0.009735 0.500524
v 0.017418 -0.014928 0.498247
v 0.014998 -0.015703 0.498439
v 0.017669 -0.022142 0.491247
v 0.016691 -0.015313 0.498629
v 0.015803 -0.020433 0.493992
v 0.015439 -0.023088 0.488010
v 0.013948 -0.023082 0.481626
v 0.012252 -0.019340 0.476364
v 0.010398 -0.015317 0.471600
v 0.009616 -0.015544 0.471966
v 0.007006 -0.009380 0.471030
v 0.004929 0.002181 0.477259
v 0.005802 -0.002827 0.472672
v 0.004990 -0.003190 0.472980
v 0.003521 0.000951 0.478612
v 0.005090 0.005216 0.483392
v 0.006862 0.004960 0.490174
v 0.006031 0.004532 0.490321
v 0.009286 0.002181 0.495944
v 0.008518 0.001727 0.495996
v 0.011245 -0.003537 0.498365
v 0.014998 -0.015565 0.498296
v 0.009543 -0.015617 0.471895
v 0.012392 -0.020487 0.475646
v 0.011327 -0.020554 0.476088
v 0.006916 -0.009414 0.470950
v 0.008433 0.001776 0.496073
v 0.011295 -0.003216 0.499675
v 0.010322 -0.003701 0.499496
v 0.015586 -0.020543 0.494114
v 0.014785 -0.015690 0.498490
v 0.015469 -0.022969 0.487994
v 0.013738 -0.023236 0.481705
v 0.005249 -0.006774 0.473377
v 0.004713 0.003006 0.487355
v 0.013142 -0.009627 0.500217
v 0.014453 -0.014046 0.495521
v 0.015703 -0.017124 0.491735
v 0.015448 -0.019151 0.487267
v 0.013668 -0.019878 0.482427
v 0.011851 -0.017802 0.478156
v 0.009149 -0.014549 0.474905
v 0.007065 -0.009627 0.474158
v 0.005526 -0.004704 0.475750
v 0.004838 -0.000757 0.479366
v 0.005136 0.001434 0.484290
v 0.006362 0.001434 0.489546
v 0.008272 -0.000757 0.494094
v 0.011016 -0.004745 0.496300
v 0.012988 -0.009401 0.497010
v 0.009816 -0.014076 0.475265
v 0.006935 -0.009657 0.474472
v 0.009768 -0.014395 0.473943
v 0.005526 -0.004704 0.475750
v 0.004811 -0.000847 0.479447
v 0.005499 -0.004765 0.475853
v 0.005110 0.001321 0.484333
v 0.006328 0.001315 0.489546
v 0.008838 0.000218 0.494289
v 0.008980 -0.000917 0.493573
v 0.015274 -0.013688 0.495218
v 0.014491 -0.019444 0.482281
v 0.011931 -0.017842 0.478069
v 0.012699 -0.017389 0.478017
v 0.007223 -0.004456 0.476054
v 0.006517 0.000690 0.481716
v 0.011095 -0.004684 0.496376
v 0.011877 -0.004456 0.496010
v 0.013083 -0.009380 0.497089
v 0.014551 -0.014076 0.495570
v 0.016294 -0.028365 0.482990
v 0.015432 -0.026931 0.484742
v 0.014475 -0.028413 0.482966
v 0.017761 -0.028318 0.485745
v 0.016903 -0.028917 0.487518
v 0.016524 -0.027401 0.486466
v 0.016388 -0.025876 0.484063
v 0.014586 -0.028357 0.482803
v 0.015488 -0.027952 0.481282
v 0.017133 -0.028892 0.487511
v 0.018812 -0.027906 0.487549
v 0.016529 -0.027315 0.486633
v 0.018074 -0.026947 0.483284
v 0.017054 -0.028494 0.481465
v 0.019604 -0.028996 0.486175
v 0.019178 -0.027484 0.485143
v 0.017891 -0.027271 0.482686
v 0.017277 -0.028555 0.481452
v 0.019707 -0.029048 0.486005
v 0.019027 -0.027213 0.484444
v 0.016511 -0.028055 0.483297
v 0.017921 -0.028696 0.486007
v 0.013906 -0.035154 0.482537
v 0.015669 -0.035025 0.482434
v 0.017441 -0.035337 0.485725
v 0.016348 -0.035643 0.487083
v 0.014010 -0.035190 0.482357
v 0.016955 -0.037000 0.487044
v 0.014925 -0.036254 0.480904
v 0.019309 -0.035932 0.485720
v 0.016491 -0.035318 0.481017
v 0.016706 -0.035280 0.481016
v 0.019146 -0.035788 0.485561
v 0.015664 -0.034973 0.482414
v 0.017427 -0.035383 0.485699
v 0.014384 -0.036609 0.483513
v 0.016415 -0.036495 0.483964
v 0.016456 -0.036582 0.484023
v 0.015683 -0.036864 0.485931
v 0.015004 -0.037076 0.484714
v 0.014959 -0.037054 0.484700
v 0.014326 -0.036762 0.483420
v 0.015799 -0.036989 0.485923
v 0.015031 -0.037345 0.484565
v 0.014984 -0.037321 0.484698
v 0.017695 -0.037485 0.483281
v 0.018475 -0.037179 0.484484
v 0.017747 -0.037452 0.483152
v 0.017011 -0.036836 0.481989
v 0.017146 -0.036732 0.481995
v 0.018444 -0.037007 0.484412
v 0.017816 -0.037195 0.483183
v 0.017767 -0.037207 0.483168
v 0.016410 -0.036572 0.483932
v 0.016465 -0.036502 0.484001
v 0.017343 -0.019965 0.483590
v 0.015378 -0.018801 0.482784
v 0.017235 -0.020155 0.481783
v 0.014719 -0.020095 0.485276
v 0.012965 -0.020947 0.484614
v 0.013738 -0.019441 0.483999
v 0.016005 -0.017606 0.483596
v 0.017370 -0.020046 0.481698
v 0.012725 -0.020880 0.484695
v 0.013533 -0.019257 0.483990
v 0.019165 -0.019764 0.484375
v 0.014527 -0.020637 0.487371
v 0.015359 -0.019033 0.486680
v 0.017026 -0.018448 0.485282
v 0.017641 -0.018720 0.485073
v 0.018962 -0.019910 0.484452
v 0.014691 -0.020691 0.487283
v 0.015979 -0.018760 0.486346
v 0.017323 -0.020018 0.483624
v 0.014696 -0.020018 0.485338
v 0.018379 -0.026835 0.481662
v 0.018599 -0.026555 0.483396
v 0.015508 -0.027074 0.485456
v 0.014114 -0.027611 0.484505
v 0.014352 -0.028903 0.485202
v 0.020197 -0.027669 0.482616
v 0.015721 -0.027515 0.487355
v 0.020098 -0.026629 0.484116
v 0.020111 -0.026574 0.484326
v 0.015850 -0.027368 0.487169
v 0.018613 -0.026503 0.483386
v 0.015538 -0.027119 0.485443
v 0.017612 -0.028344 0.482322
v 0.017306 -0.028117 0.484371
v 0.017261 -0.028205 0.484423
v 0.015343 -0.028751 0.483835
v 0.016522 -0.028885 0.483073
v 0.016529 -0.028865 0.483025
v 0.017717 -0.028490 0.482268
v 0.015375 -0.028865 0.483958
v 0.016702 -0.029134 0.483107
v 0.016564 -0.029128 0.483069
v 0.018191 -0.028922 0.485656
v 0.017024 -0.028685 0.486511
v 0.018319 -0.028871 0.485695
v 0.019346 -0.028196 0.484822
v 0.019339 -0.028082 0.484949
v 0.017073 -0.028510 0.486462
v 0.018264 -0.028614 0.485748
v 0.018277 -0.028629 0.485699
v 0.017346 -0.028190 0.484369
v 0.017274 -0.028123 0.484424
v 0.016996 -0.035856 0.482998
v 0.015552 -0.034920 0.482484
v 0.016385 -0.036556 0.480776
v 0.015377 -0.037804 0.485552
v 0.013674 -0.037660 0.485321
v 0.014164 -0.035688 0.484801
v 0.015828 -0.034837 0.482608
v 0.016587 -0.036518 0.480781
v 0.018384 -0.036282 0.480707
v 0.013572 -0.037703 0.485565
v 0.014306 -0.035587 0.485001
v 0.017703 -0.034084 0.483327
v 0.015288 -0.035109 0.486318
v 0.016213 -0.038073 0.487073
v 0.016799 -0.035905 0.486415
v 0.019024 -0.036828 0.482146
v 0.017957 -0.035212 0.483824
v 0.018652 -0.035575 0.483451
v 0.019149 -0.036894 0.482329
v 0.016447 -0.037988 0.486891
v 0.017034 -0.036030 0.486407
v 0.017907 -0.035183 0.484703
v 0.017238 -0.036199 0.482655
v 0.015355 -0.037731 0.485716
v 0.015812 -0.043296 0.480340
v 0.016521 -0.044100 0.482135
v 0.013667 -0.037677 0.485361
v 0.015428 -0.037832 0.485482
v 0.015067 -0.043664 0.484863
v 0.013275 -0.043366 0.484860
v 0.015850 -0.043403 0.480096
v 0.013487 -0.037674 0.485541
v 0.013211 -0.043450 0.485022
v 0.015985 -0.043837 0.486634
v 0.018633 -0.043690 0.481714
v 0.016353 -0.038014 0.487095
v 0.018582 -0.043618 0.481887
v 0.016404 -0.038007 0.486916
v 0.016043 -0.043708 0.486405
v 0.016766 -0.043612 0.481865
v 0.015428 -0.037832 0.485482
v 0.015229 -0.044147 0.484530
v 0.014709 -0.044974 0.481826
v 0.013854 -0.044759 0.483725
v 0.014967 -0.045117 0.481942
v 0.013708 -0.044849 0.483803
v 0.016683 -0.046256 0.482539
v 0.016528 -0.045261 0.485386
v 0.017116 -0.045259 0.483173
v 0.017768 -0.045030 0.482840
v 0.016869 -0.045342 0.484705
v 0.015326 -0.044475 0.482720
v 0.014888 -0.042947 0.484546
v 0.013613 -0.044703 0.483291
v 0.017565 -0.043980 0.484837
v 0.017390 -0.044458 0.486832
v 0.016491 -0.043176 0.485943
v 0.015063 -0.042838 0.484309
v 0.013490 -0.044629 0.483160
v 0.017517 -0.044338 0.487028
v 0.016231 -0.042722 0.486065
v 0.015987 -0.042162 0.482313
v 0.015660 -0.044643 0.480760
v 0.019688 -0.044392 0.484629
v 0.018694 -0.043030 0.483681
v 0.016774 -0.042978 0.482519
v 0.016615 -0.043341 0.481746
v 0.015793 -0.044740 0.480964
v 0.019570 -0.044483 0.484505
v 0.018200 -0.042910 0.483117
v 0.015587 -0.044114 0.482915
v 0.017845 -0.044309 0.485061
v 0.013805 -0.051473 0.483571
v 0.015415 -0.051185 0.482892
v 0.018155 -0.050955 0.485443
v 0.017592 -0.051213 0.487102
v 0.013852 -0.051518 0.483370
v 0.019242 -0.052309 0.486647
v 0.014393 -0.052643 0.481782
v 0.019721 -0.051286 0.484973
v 0.015782 -0.051553 0.481311
v 0.015979 -0.051494 0.481237
v 0.019765 -0.051254 0.484769
v 0.015398 -0.051137 0.482871
v 0.018140 -0.051005 0.485426
v 0.014747 -0.052757 0.484444
v 0.016785 -0.052397 0.484202
v 0.016854 -0.052471 0.484250
v 0.016761 -0.052613 0.486322
v 0.015768 -0.053024 0.485410
v 0.015718 -0.053009 0.485410
v 0.014683 -0.052924 0.484387
v 0.016884 -0.052727 0.486285
v 0.015781 -0.053305 0.485280
v 0.015775 -0.053270 0.485420
v 0.017902 -0.053327 0.483216
v 0.018974 -0.052814 0.484074
v 0.017906 -0.053304 0.483074
v 0.016770 -0.052895 0.482171
v 0.016885 -0.052778 0.482125
v 0.018900 -0.052656 0.484003
v 0.017948 -0.053039 0.483063
v 0.017899 -0.053058 0.483065
v 0.016780 -0.052476 0.484179
v 0.016845 -0.052394 0.484221
v 0.014881 -0.054419 0.480598
v 0.013723 -0.052233 0.483544
v 0.014879 -0.054470 0.480623
v 0.014136 -0.053745 0.481802
v 0.013655 -0.052948 0.482972
v 0.013777 -0.052223 0.483656
v 0.014159 -0.051641 0.484017
v 0.014800 -0.054503 0.480595
v 0.013548 -0.053099 0.482829
v 0.013839 -0.051849 0.483955
v 0.015355 -0.055625 0.481572
v 0.014154 -0.053742 0.484265
v 0.014778 -0.052651 0.485022
v 0.015510 -0.055476 0.481575
v 0.014766 -0.054750 0.482755
v 0.014287 -0.053955 0.483926
v 0.014360 -0.053348 0.484520
v 0.014739 -0.052780 0.484867
v 0.015591 -0.055437 0.481603
v 0.014270 -0.053896 0.484037
v 0.014912 -0.052728 0.484865
v 0.015350 -0.054838 0.481117
v 0.014057 -0.052754 0.484135
v 0.015345 -0.054841 0.481116
v 0.014093 -0.053251 0.483580
v 0.017895 -0.052083 0.481065
v 0.015719 -0.050824 0.483811
v 0.017194 -0.051375 0.482276
v 0.017940 -0.052099 0.481098
v 0.016322 -0.050882 0.483386
v 0.015612 -0.050880 0.483858
v 0.014917 -0.051146 0.484039
v 0.015975 -0.050653 0.483846
v 0.017995 -0.052028 0.481090
v 0.018749 -0.052995 0.482098
v 0.016448 -0.051722 0.484855
v 0.017825 -0.052380 0.483229
v 0.018572 -0.053105 0.482051
v 0.016954 -0.051888 0.484340
v 0.016104 -0.051917 0.484873
v 0.018633 -0.053046 0.482064
v 0.016220 -0.051965 0.484817
v 0.018087 -0.052717 0.481541
v 0.016476 -0.051484 0.483868
v 0.018092 -0.052713 0.481542
v 0.015829 -0.051412 0.484361
v 0.029198 -0.064618 0.478099
v 0.028098 -0.067559 0.484045
v 0.031217 -0.063883 0.482474
v 0.029323 -0.067009 0.484339
v 0.016033 -0.051485 0.481413
v 0.015101 -0.052239 0.481326
v 0.015767 -0.051611 0.481421
v 0.014924 -0.051609 0.479929
v 0.023744 -0.060352 0.479396
v 0.021127 -0.060727 0.478266
v 0.021758 -0.057598 0.475730
v 0.020062 -0.054423 0.474637
v 0.027319 -0.066131 0.477955
v 0.028004 -0.064013 0.478597
v 0.024456 -0.064469 0.476203
v 0.025235 -0.062126 0.476995
v 0.023673 -0.061258 0.476358
v 0.020612 -0.051856 0.477596
v 0.019594 -0.051230 0.480952
v 0.016643 -0.049209 0.479859
v 0.018804 -0.048639 0.478853
v 0.030947 -0.065959 0.481175
v 0.029577 -0.068943 0.483597
v 0.028641 -0.072446 0.490184
v 0.027390 -0.072756 0.490809
v 0.028262 -0.072291 0.490471
v 0.031635 -0.069461 0.486964
v 0.030619 -0.071430 0.487827
v 0.031825 -0.067702 0.489211
v 0.031318 -0.067342 0.486703
v 0.018730 -0.049384 0.480544
v 0.017002 -0.049686 0.477406
v 0.027714 -0.072782 0.489320
v 0.029294 -0.071075 0.490923
v 0.026499 -0.060347 0.487922
v 0.018994 -0.053967 0.482657
v 0.016369 -0.054547 0.482979
v 0.022235 -0.055329 0.479472
v 0.022167 -0.058670 0.478310
v 0.023120 -0.059619 0.477527
v 0.022589 -0.060475 0.475514
v 0.019304 -0.051843 0.474822
v 0.015813 -0.052230 0.474121
v 0.017334 -0.055725 0.473587
v 0.022045 -0.060805 0.475554
v 0.022983 -0.060117 0.476018
v 0.022990 -0.060265 0.475961
v 0.023086 -0.059723 0.477266
v 0.021357 -0.060464 0.478135
v 0.019014 -0.058067 0.481863
v 0.021065 -0.060107 0.484233
v 0.024012 -0.059411 0.485032
v 0.025739 -0.062098 0.477017
v 0.028760 -0.061436 0.478671
v 0.029227 -0.063495 0.479139
v 0.026735 -0.065041 0.478688
v 0.026782 -0.065043 0.478455
v 0.026284 -0.069642 0.485240
v 0.026902 -0.070553 0.485762
v 0.026700 -0.070507 0.485914
v 0.028665 -0.071798 0.486247
v 0.027224 -0.072576 0.490982
v 0.027056 -0.072399 0.490819
v 0.029283 -0.071250 0.491053
v 0.026042 -0.069691 0.492650
v 0.029374 -0.063676 0.490387
v 0.028253 -0.060589 0.479456
v 0.031055 -0.061714 0.481787
v 0.026347 -0.066166 0.479603
v 0.026138 -0.067115 0.481763
v 0.027356 -0.068084 0.480869
v 0.029031 -0.068326 0.482127
v 0.032500 -0.063211 0.484986
v 0.030979 -0.061621 0.481560
v 0.031257 -0.061119 0.484668
v 0.026880 -0.059272 0.483259
v 0.032633 -0.063262 0.485164
v 0.032736 -0.065485 0.487734
v 0.032895 -0.065283 0.487664
v 0.031199 -0.067446 0.490787
v 0.031813 -0.067703 0.489173
v 0.022136 -0.060929 0.488376
v 0.025754 -0.065531 0.492133
v 0.023271 -0.062666 0.490614
v 0.028441 -0.072497 0.490298
v 0.027872 -0.072913 0.488880
v 0.028690 -0.074901 0.493013
v 0.027440 -0.072785 0.490741
v 0.028921 -0.073941 0.490874
v 0.024094 -0.070304 0.483295
v 0.020111 -0.071496 0.480394
v 0.023117 -0.071263 0.483176
v 0.014076 -0.052826 0.481047
v 0.015092 -0.052246 0.481324
v 0.014077 -0.052878 0.480968
v 0.028308 -0.074734 0.493093
v 0.024979 -0.072094 0.482736
v 0.020680 -0.063214 0.477410
v 0.020756 -0.061709 0.479578
v 0.018451 -0.059256 0.475557
v 0.024565 -0.068018 0.477440
v 0.022252 -0.067956 0.477519
v 0.019637 -0.067689 0.476962
v 0.023627 -0.067206 0.477864
v 0.027220 -0.072788 0.485977
v 0.024430 -0.064486 0.476198
v 0.021843 -0.064452 0.476359
v 0.021724 -0.062594 0.475993
v 0.013858 -0.056485 0.476331
v 0.012787 -0.055895 0.479677
v 0.012190 -0.052262 0.479025
v 0.011210 -0.053845 0.477430
v 0.022414 -0.071808 0.479577
v 0.026750 -0.073327 0.490188
v 0.026839 -0.073682 0.489846
v 0.027377 -0.072765 0.490806
v 0.023937 -0.074738 0.485521
v 0.025850 -0.074699 0.486934
v 0.021712 -0.074634 0.487316
v 0.011491 -0.054345 0.479188
v 0.013112 -0.052346 0.476721
v 0.027665 -0.072816 0.489311
v 0.026787 -0.070631 0.485740
v 0.025191 -0.073887 0.490155
v 0.015054 -0.056668 0.481918
v 0.016365 -0.054550 0.482978
v 0.016021 -0.059588 0.478308
v 0.019376 -0.060583 0.477787
v 0.014967 -0.054815 0.474009
v 0.022047 -0.060803 0.475554
v 0.020996 -0.061478 0.475645
v 0.020910 -0.061584 0.475522
v 0.021738 -0.062626 0.476046
v 0.020112 -0.061713 0.476858
v 0.021320 -0.060489 0.478128
v 0.018979 -0.058091 0.481856
v 0.018262 -0.062574 0.484464
v 0.021645 -0.064904 0.476250
v 0.018836 -0.067043 0.477692
v 0.021242 -0.068968 0.477643
v 0.022534 -0.069186 0.476850
v 0.023582 -0.067202 0.478097
v 0.024903 -0.067962 0.481532
v 0.026291 -0.069638 0.485241
v 0.026774 -0.070456 0.485928
v 0.027159 -0.072328 0.490838
v 0.025177 -0.073946 0.490176
v 0.024763 -0.072806 0.491498
v 0.018548 -0.071942 0.487640
v 0.018347 -0.067665 0.488876
v 0.018359 -0.070416 0.479408
v 0.024507 -0.067427 0.479258
v 0.025607 -0.069283 0.480541
v 0.024963 -0.071114 0.481365
v 0.018451 -0.072840 0.482354
v 0.018074 -0.070764 0.479432
v 0.017142 -0.065947 0.481434
v 0.018409 -0.073011 0.482499
v 0.019760 -0.074379 0.485303
v 0.022175 -0.073608 0.484991
v 0.019541 -0.074436 0.485162
v 0.016865 -0.069537 0.484869
v 0.021293 -0.074237 0.488931
v 0.021726 -0.074617 0.487282
v 0.018224 -0.063919 0.487563
v 0.020787 -0.067900 0.491250
v 0.026922 -0.073538 0.490013
v 0.027683 -0.074993 0.491716
v 0.027404 -0.072809 0.490734
v -0.027837 0.035647 0.485987
v -0.027837 0.036735 0.487356
v -0.027837 0.038484 0.487359
v -0.027837 0.039577 0.485993
v -0.027837 0.039191 0.484287
v -0.027837 0.037616 0.483526
v -0.027837 0.036039 0.484282
v -0.025857 0.035406 0.485578
v -0.025857 0.037768 0.487813
v -0.027924 0.037457 0.487813
v -0.027924 0.035465 0.485563
v -0.025857 0.039435 0.483851
v -0.027924 0.039862 0.485187
v -0.027924 0.036767 0.483427
v -0.025857 0.035265 0.485466
v -0.027924 0.035556 0.485541
v -0.026038 0.039745 0.475228
v -0.026038 0.039358 0.473522
v -0.025839 0.041735 0.475807
v -0.025840 0.043202 0.473979
v -0.026038 0.042200 0.472159
v -0.026038 0.040451 0.472156
v -0.024058 0.040477 0.476088
v -0.026125 0.038974 0.474049
v -0.026125 0.042168 0.476088
v -0.024058 0.043572 0.474328
v -0.026125 0.043336 0.473149
v -0.024058 0.041678 0.471827
v -0.026125 0.040477 0.471859
v -0.024058 0.038974 0.473898
v -0.026125 0.039266 0.473974
v -0.024058 0.039266 0.473974
v -0.025815 0.033415 0.498452
v -0.025815 0.034504 0.499821
v -0.025617 0.036549 0.499479
v -0.025815 0.037347 0.497561
v -0.025617 0.035804 0.496176
v -0.025815 0.033807 0.496748
v -0.023835 0.033174 0.498043
v -0.023835 0.035536 0.500279
v -0.025902 0.035226 0.500279
v -0.025902 0.033233 0.498029
v -0.023835 0.037453 0.496817
v -0.025902 0.037553 0.498138
v -0.025902 0.035536 0.495735
v -0.023835 0.032819 0.497856
v -0.025902 0.033174 0.497970
v -0.000454 0.176304 0.263663
v -0.002306 0.177812 0.261686
v -0.004203 0.181848 0.259960
v -0.004418 0.177812 0.260274
v -0.004418 0.177812 0.260274
v -0.009445 0.177812 0.260045
v -0.004376 0.181848 0.260045
v -0.009402 0.181848 0.260274
v -0.009402 0.177812 0.260274
v -0.011703 0.176310 0.261468
v -0.013751 0.181848 0.264506
v -0.009402 0.181848 0.260274
v -0.011869 0.176304 0.271188
v -0.009618 0.181848 0.272620
v -0.009402 0.177812 0.272306
v -0.009402 0.177812 0.272306
v -0.004376 0.177812 0.272535
v -0.009445 0.181848 0.272535
v -0.004418 0.181848 0.272306
v -0.004418 0.177812 0.272306
v -0.002306 0.176314 0.270894
v -0.000070 0.181848 0.268074
v -0.004418 0.181848 0.272306
v -0.000894 0.181848 0.263798
v -0.002306 0.181848 0.261686
v -0.001871 0.181848 0.261251
v -0.000326 0.181848 0.263563
v -0.004418 0.181848 0.260274
v -0.004183 0.181848 0.259706
v -0.006910 0.181848 0.259779
v -0.006910 0.181848 0.259163
v -0.009402 0.181848 0.260274
v -0.009637 0.181848 0.259706
v -0.011514 0.181848 0.261686
v -0.011949 0.181848 0.261251
v -0.012926 0.181848 0.263798
v -0.013494 0.181848 0.263563
v -0.013422 0.181848 0.266290
v -0.014037 0.181848 0.266290
v -0.012926 0.181848 0.268782
v -0.013494 0.181848 0.269017
v -0.011514 0.181848 0.270894
v -0.011949 0.181848 0.271329
v -0.009402 0.181848 0.272306
v -0.009637 0.181848 0.272874
v -0.006910 0.181848 0.272801
v -0.006910 0.181848 0.273417
v -0.004418 0.181848 0.272306
v -0.004183 0.181848 0.272874
v -0.002306 0.181848 0.270894
v -0.001871 0.181848 0.271329
v -0.000894 0.181848 0.268782
v -0.000326 0.181848 0.269017
v -0.000399 0.181848 0.266290
v 0.000216 0.181848 0.266290
v -0.003702 0.181848 0.259023
v -0.003549 0.185477 0.258815
v -0.004183 0.181848 0.259706
v -0.009684 0.181848 0.259456
v -0.004136 0.185477 0.259456
v -0.009637 0.185477 0.259706
v -0.010271 0.181848 0.258815
v -0.010118 0.185477 0.259023
v -0.013638 0.181848 0.269494
v -0.013933 0.185477 0.268782
v -0.009637 0.181848 0.272874
v -0.009637 0.185477 0.272874
v -0.009637 0.181848 0.272874
v -0.004136 0.181848 0.273125
v -0.009684 0.185477 0.273125
v -0.004183 0.185477 0.272874
v -0.004183 0.181848 0.272874
v 0.000113 0.181848 0.268782
v -0.000182 0.185477 0.269494
v -0.004183 0.185477 0.272874
v -0.000326 0.185477 0.263563
v -0.001871 0.185477 0.261251
v -0.001316 0.185477 0.260696
v 0.000399 0.185477 0.263263
v -0.004183 0.185477 0.259706
v -0.003883 0.185477 0.258981
v -0.006910 0.185477 0.259163
v -0.006910 0.185477 0.258379
v -0.009637 0.185477 0.259706
v -0.009938 0.185477 0.258981
v -0.011949 0.185477 0.261251
v -0.012504 0.185477 0.260696
v -0.013494 0.185477 0.263563
v -0.014219 0.185477 0.263263
v -0.014037 0.185477 0.266290
v -0.014821 0.185477 0.266290
v -0.013494 0.185477 0.269017
v -0.014219 0.185477 0.269318
v -0.011949 0.185477 0.271329
v -0.012504 0.185477 0.271884
v -0.009637 0.185477 0.272874
v -0.009938 0.185477 0.273599
v -0.006910 0.185477 0.273417
v -0.006910 0.185477 0.274201
v -0.004183 0.185477 0.272874
v -0.003883 0.185477 0.273599
v -0.001871 0.185477 0.271329
v -0.001316 0.185477 0.271884
v -0.000326 0.185477 0.269017
v 0.000399 0.185477 0.269318
v 0.000216 0.185477 0.266290
v 0.001001 0.185477 0.266290
v -0.003723 0.185477 0.258748
v -0.000067 0.187537 0.262069
v -0.003883 0.187537 0.258981
v -0.003883 0.185477 0.258981
v -0.009989 0.185477 0.258703
v -0.003831 0.187537 0.258703
v -0.009938 0.187537 0.258981
v -0.010200 0.185477 0.258599
v -0.010098 0.187537 0.258748
v -0.015221 0.185477 0.268457
v -0.015418 0.187537 0.267468
v -0.009938 0.185477 0.273599
v -0.009938 0.187537 0.273599
v -0.009938 0.185477 0.273599
v -0.003831 0.185477 0.273877
v -0.009989 0.187537 0.273877
v -0.003883 0.187537 0.273599
v -0.003883 0.185477 0.273599
v 0.001598 0.185477 0.267468
v 0.000559 0.187537 0.269847
v -0.003883 0.187537 0.273599
v 0.000399 0.187537 0.263263
v -0.003883 0.187537 0.258981
v -0.012504 0.187537 0.260696
v -0.013834 0.188166 0.266290
v -0.013307 0.188166 0.263640
v -0.013307 0.188166 0.268940
v -0.009938 0.187537 0.273599
v -0.003883 0.187537 0.273599
v -0.001316 0.187537 0.271884
v 0.000399 0.187537 0.269318
v 0.000014 0.188166 0.266290
v -0.000513 0.188166 0.268940
v -0.000513 0.188166 0.263640
v -0.002729 0.177122 0.202852
v 0.001290 0.173099 0.202852
v 0.002154 0.173550 0.202064
v -0.002295 0.177995 0.202065
v -0.008345 0.178014 0.202851
v -0.006910 0.179081 0.202187
v -0.011535 0.177990 0.202065
v -0.012307 0.176354 0.202962
v -0.015106 0.173107 0.202851
v -0.015979 0.173541 0.202065
v -0.016092 0.168926 0.202962
v -0.017065 0.168926 0.202187
v -0.015110 0.164753 0.202851
v -0.015975 0.164301 0.202065
v -0.011092 0.160730 0.202851
v -0.011525 0.159856 0.202064
v -0.006910 0.159744 0.202962
v -0.006910 0.158771 0.202187
v -0.002737 0.160726 0.202851
v -0.006910 0.159744 0.202962
v -0.006910 0.158771 0.202187
v -0.002286 0.159861 0.202064
v 0.000518 0.163529 0.202962
v 0.002159 0.164311 0.202064
v 0.002177 0.167482 0.202851
v 0.003245 0.168926 0.202187
v 0.001960 0.165640 0.255834
v -0.000634 0.176732 0.255834
v -0.010885 0.177312 0.255834
v -0.016418 0.170884 0.255834
v -0.013658 0.162554 0.255834
v -0.006968 0.159398 0.255834
v -0.006784 0.159033 0.255834
v 0.003702 0.166740 0.276116
v 0.003256 0.166074 0.255834
v 0.001372 0.175474 0.255834
v -0.000362 0.177208 0.276116
v -0.007339 0.179475 0.255834
v -0.008237 0.179200 0.276116
v -0.016328 0.174284 0.276116
v -0.016781 0.173395 0.255834
v -0.014917 0.161625 0.276116
v -0.014211 0.160919 0.255834
v -0.006910 0.158677 0.276116
v -0.006910 0.158677 0.255834
v -0.006769 0.157883 0.276116
v -0.006721 0.157634 0.255834
v 0.001960 0.165640 0.321236
v 0.002597 0.170884 0.276116
v -0.000634 0.176732 0.321236
v -0.002935 0.177312 0.276116
v -0.013186 0.176732 0.276116
v -0.010885 0.177312 0.321236
v -0.016418 0.170884 0.321236
v -0.015780 0.165640 0.276116
v -0.013658 0.162554 0.321236
v -0.007036 0.159033 0.276116
v -0.006968 0.159398 0.321236
v -0.006784 0.159033 0.321236
v -0.006852 0.159398 0.276116
v -0.000163 0.162554 0.276116
v 0.004028 0.170145 0.331500
v 0.000315 0.161275 0.331500
v -0.000268 0.160525 0.322046
v 0.003790 0.169361 0.322046
v -0.002377 0.178937 0.322046
v -0.003184 0.178983 0.331500
v -0.012856 0.177851 0.331500
v -0.011946 0.178148 0.322046
v -0.017833 0.170143 0.322046
v -0.017252 0.170869 0.331500
v -0.015043 0.161510 0.331500
v -0.012848 0.160013 0.322046
v -0.006910 0.158515 0.331500
v -0.006910 0.158530 0.322046
v -0.006869 0.158273 0.331500
v -0.006910 0.158530 0.322046
v 0.003919 0.165407 0.332149
v 0.002302 0.162233 0.332149
v -0.000217 0.159714 0.332149
v -0.003392 0.158097 0.332149
v -0.006910 0.157539 0.332149
v -0.006910 0.157539 0.332149
v -0.010429 0.158097 0.332149
v -0.013603 0.159714 0.332149
v -0.016122 0.162233 0.332149
v -0.017739 0.165407 0.332149
v -0.018297 0.168926 0.332149
v -0.017739 0.172444 0.332149
v -0.016122 0.175619 0.332149
v -0.013603 0.178138 0.332149
v -0.010429 0.179755 0.332149
v -0.006910 0.180312 0.332149
v -0.003392 0.179755 0.332149
v -0.000217 0.178138 0.332149
v 0.002302 0.175619 0.332149
v 0.003919 0.172444 0.332149
v 0.004476 0.168926 0.332149
v 0.002149 0.173550 0.199676
v 0.000998 0.174672 0.199197
v -0.002459 0.177647 0.199297
v -0.002299 0.177992 0.199676
v 0.003557 0.169542 0.199271
v -0.006910 0.178701 0.199197
v -0.006910 0.179081 0.199572
v -0.011349 0.177653 0.199297
v -0.011534 0.177985 0.199676
v -0.015631 0.173377 0.199297
v -0.015126 0.174895 0.199572
v -0.016957 0.170510 0.199676
v -0.016930 0.167339 0.199210
v -0.015970 0.164302 0.199676
v -0.014819 0.163180 0.199197
v -0.010722 0.159144 0.199259
v -0.012879 0.160710 0.199572
v -0.006918 0.158697 0.199492
v -0.006906 0.158729 0.199527
v -0.002230 0.159741 0.199537
v 0.002275 0.164246 0.199537
v 0.003905 0.165412 0.355438
v 0.004595 0.168870 0.355577
v 0.002365 0.162118 0.355577
v -0.000226 0.159726 0.355438
v -0.003373 0.158041 0.355515
v -0.006902 0.157480 0.355518
v -0.006915 0.157513 0.355483
v -0.010447 0.158041 0.355515
v -0.013718 0.159651 0.355577
v -0.016110 0.162242 0.355438
v -0.017870 0.165424 0.355577
v -0.018282 0.168926 0.355438
v -0.017795 0.172462 0.355515
v -0.016185 0.175734 0.355577
v -0.013594 0.178126 0.355438
v -0.010412 0.179885 0.355577
v -0.006910 0.180297 0.355438
v -0.003374 0.179811 0.355515
v -0.000102 0.178201 0.355577
v 0.002290 0.175610 0.355438
v 0.003975 0.172462 0.355515
v 0.001505 0.167593 0.355550
v -0.000885 0.162901 0.355550
v -0.004298 0.160886 0.355516
v -0.006915 0.160441 0.355484
v -0.006902 0.160473 0.355519
v -0.010764 0.161333 0.355553
v -0.013709 0.163878 0.355506
v -0.015325 0.167593 0.355550
v -0.014503 0.172779 0.355553
v -0.011958 0.175724 0.355506
v -0.008243 0.177341 0.355550
v -0.003042 0.176517 0.355550
v 0.000681 0.172794 0.355550
v -0.001251 0.174594 0.199115
v -0.000109 0.172385 0.199495
v -0.003441 0.175722 0.199495
v 0.001000 0.170185 0.199115
v -0.005663 0.176838 0.199115
v -0.006910 0.176544 0.199573
v -0.010370 0.175728 0.199495
v -0.010552 0.176060 0.199115
v -0.013074 0.173404 0.199573
v -0.014050 0.172557 0.199115
v -0.014446 0.170125 0.199495
v -0.014820 0.167667 0.199115
v -0.013712 0.165467 0.199495
v -0.012570 0.163258 0.199115
v -0.010379 0.162129 0.199495
v -0.009381 0.161320 0.199197
v -0.006910 0.161118 0.199385
v -0.006910 0.161118 0.199385
v -0.003451 0.162124 0.199495
v -0.003268 0.161792 0.199115
v -0.000113 0.165456 0.199495
v 0.000229 0.165295 0.199115
v 0.000708 0.168926 0.199573
v 0.003539 0.162980 0.355438
v -0.006866 0.157290 0.355438
v -0.006910 0.157554 0.355438
v -0.014175 0.159736 0.355438
v -0.018309 0.167453 0.355438
v -0.016100 0.176191 0.355438
v -0.006434 0.180631 0.355438
v 0.002839 0.175421 0.355438
v 0.002098 0.173845 0.199572
v -0.004084 0.178998 0.199572
v -0.014843 0.176159 0.199572
v -0.016720 0.165292 0.199572
v -0.007050 0.157984 0.199572
v -0.006723 0.157738 0.199572
v 0.003162 0.166100 0.199572
v -0.001463 0.162035 0.355439
v -0.001483 0.162975 0.199573
v -0.006910 0.160399 0.355439
v -0.006910 0.161307 0.199573
v -0.012984 0.162266 0.355439
v -0.006910 0.160399 0.355439
v -0.006910 0.161307 0.199573
v -0.013864 0.164374 0.199574
v -0.015457 0.170031 0.355439
v -0.012337 0.174877 0.199573
v -0.011367 0.176761 0.355439
v -0.005489 0.176494 0.199573
v -0.003218 0.176713 0.355439
v 0.000426 0.172249 0.199573
v 0.001919 0.170744 0.355439
v 0.001284 0.165017 0.347268
v 0.002424 0.167627 0.204091
v -0.003589 0.160900 0.347268
v -0.003589 0.160900 0.204091
v -0.003589 0.160900 0.347268
v -0.010288 0.160595 0.347268
v -0.003532 0.160595 0.204091
v -0.010232 0.160900 0.204091
v -0.010232 0.160900 0.347268
v -0.016244 0.167627 0.347268
v -0.016029 0.166541 0.204091
v -0.010232 0.160900 0.204091
v -0.010407 0.177194 0.347268
v -0.010519 0.177357 0.204091
v -0.010232 0.176938 0.347268
v -0.003532 0.177243 0.347268
v -0.010288 0.177243 0.204091
v -0.003589 0.176938 0.204091
v -0.003589 0.176938 0.347268
v 0.000598 0.173550 0.347268
v -0.003413 0.177194 0.204091
v -0.000772 0.162781 0.347274
v 0.001110 0.165597 0.347274
v -0.003588 0.160899 0.347274
v -0.006910 0.160238 0.347274
v -0.010232 0.160899 0.347274
v -0.013049 0.162781 0.347274
v -0.014930 0.165597 0.347274
v -0.015591 0.168919 0.347274
v -0.014931 0.172241 0.347274
v -0.013049 0.175058 0.347274
v -0.010232 0.176940 0.347274
v -0.006910 0.177600 0.347274
v -0.003588 0.176940 0.347274
v -0.000772 0.175058 0.347274
v 0.001110 0.172241 0.347274
v 0.001771 0.168919 0.347274
v 0.001110 0.165597 0.204085
v -0.000772 0.162781 0.204085
v -0.003588 0.160899 0.204085
v -0.006910 0.160238 0.204085
v -0.010232 0.160899 0.204085
v -0.013049 0.162781 0.204085
v -0.014931 0.165597 0.204085
v -0.015591 0.168919 0.204085
v -0.014930 0.172241 0.204085
v -0.013049 0.175058 0.204085
v -0.010232 0.176940 0.204085
v -0.006910 0.177600 0.204085
v -0.003588 0.176940 0.204085
v -0.000772 0.175058 0.204085
v 0.001110 0.172241 0.204085
v 0.001771 0.168919 0.204085
v -0.014159 0.174664 0.263758
v -0.015297 0.173129 0.261686
v -0.019696 0.171232 0.259960
v -0.015297 0.171017 0.260274
v -0.015297 0.171017 0.260274
v -0.015297 0.165991 0.260045
v -0.019696 0.171059 0.260045
v -0.019696 0.166033 0.260274
v -0.015297 0.166033 0.260274
v -0.015297 0.163921 0.261686
v -0.019696 0.161684 0.264506
v -0.019696 0.166033 0.260274
v -0.014162 0.162509 0.263798
v -0.014159 0.162386 0.268822
v -0.015297 0.163921 0.270894
v -0.019696 0.165818 0.272620
v -0.015297 0.166033 0.272306
v -0.015297 0.166033 0.272306
v -0.015297 0.171059 0.272535
v -0.019696 0.165991 0.272535
v -0.019696 0.171017 0.272306
v -0.015297 0.171017 0.272306
v -0.015297 0.173129 0.270894
v -0.019696 0.175366 0.268074
v -0.019696 0.171017 0.272306
v -0.014162 0.174541 0.268782
v -0.019696 0.174541 0.263798
v -0.019696 0.173129 0.261686
v -0.019696 0.173564 0.261251
v -0.019696 0.175109 0.263563
v -0.019696 0.171017 0.260274
v -0.019696 0.171252 0.259706
v -0.019696 0.168525 0.259779
v -0.019696 0.168525 0.259163
v -0.019696 0.166033 0.260274
v -0.019696 0.165798 0.259706
v -0.019696 0.163921 0.261686
v -0.019696 0.163486 0.261251
v -0.019696 0.162509 0.263798
v -0.019696 0.161941 0.263563
v -0.019696 0.162014 0.266290
v -0.019696 0.161399 0.266290
v -0.019696 0.162509 0.268782
v -0.019696 0.161941 0.269017
v -0.019696 0.163921 0.270894
v -0.019696 0.163486 0.271329
v -0.019696 0.166033 0.272306
v -0.019696 0.165798 0.272874
v -0.019696 0.168525 0.272801
v -0.019696 0.168525 0.273417
v -0.019696 0.171017 0.272306
v -0.019696 0.171252 0.272874
v -0.019696 0.173129 0.270894
v -0.019696 0.173564 0.271329
v -0.019696 0.174541 0.268782
v -0.019696 0.175109 0.269017
v -0.019696 0.175036 0.266290
v -0.019696 0.175652 0.266290
v -0.019696 0.171733 0.259023
v -0.023325 0.171488 0.259362
v -0.023325 0.175675 0.265136
v -0.019696 0.171252 0.259706
v -0.019696 0.165751 0.259456
v -0.023325 0.171299 0.259456
v -0.023325 0.165798 0.259706
v -0.019696 0.165562 0.259362
v -0.023325 0.165317 0.259023
v -0.019696 0.161375 0.265136
v -0.023325 0.161502 0.268781
v -0.019696 0.165317 0.273557
v -0.023325 0.165798 0.272874
v -0.019696 0.165798 0.272874
v -0.019696 0.171299 0.273125
v -0.023325 0.165751 0.273125
v -0.023325 0.171252 0.272874
v -0.019696 0.171488 0.273218
v -0.023325 0.171733 0.273557
v -0.019696 0.175675 0.267444
v -0.023325 0.175109 0.263563
v -0.023325 0.173564 0.261251
v -0.023325 0.174119 0.260696
v -0.023325 0.175834 0.263263
v -0.023325 0.171252 0.259706
v -0.023325 0.171553 0.258981
v -0.023325 0.168525 0.259163
v -0.023325 0.168525 0.258379
v -0.023325 0.165798 0.259706
v -0.023325 0.165498 0.258981
v -0.023325 0.163486 0.261251
v -0.023325 0.162931 0.260696
v -0.023325 0.161941 0.263563
v -0.023325 0.161216 0.263263
v -0.023325 0.161399 0.266290
v -0.023325 0.160614 0.266290
v -0.023325 0.161941 0.269017
v -0.023325 0.161216 0.269318
v -0.023325 0.163486 0.271329
v -0.023325 0.162931 0.271884
v -0.023325 0.165798 0.272874
v -0.023325 0.165498 0.273599
v -0.023325 0.168525 0.273417
v -0.023325 0.168525 0.274201
v -0.023325 0.171252 0.272874
v -0.023325 0.171553 0.273599
v -0.023325 0.173564 0.271329
v -0.023325 0.174119 0.271884
v -0.023325 0.175109 0.269017
v -0.023325 0.175834 0.269318
v -0.023325 0.175652 0.266290
v -0.023325 0.176436 0.266290
v -0.023325 0.171713 0.258748
v -0.025386 0.175369 0.262069
v -0.025386 0.171553 0.258981
v -0.023325 0.171553 0.258981
v -0.023325 0.165446 0.258703
v -0.025386 0.171604 0.258703
v -0.025386 0.165498 0.258981
v -0.023325 0.165236 0.258599
v -0.025386 0.165338 0.258748
v -0.023325 0.160214 0.268457
v -0.025386 0.160017 0.267468
v -0.023325 0.165498 0.273599
v -0.025386 0.165498 0.273599
v -0.023325 0.165498 0.273599
v -0.023325 0.171604 0.273877
v -0.025386 0.165446 0.273877
v -0.025386 0.171553 0.273599
v -0.023325 0.171553 0.273599
v -0.023325 0.177033 0.267468
v -0.025386 0.175994 0.269847
v -0.025386 0.171553 0.273599
v -0.025386 0.174119 0.260696
v -0.025386 0.168525 0.258379
v -0.025386 0.165498 0.258981
v -0.025386 0.161216 0.263263
v -0.025386 0.162931 0.271884
v -0.025386 0.168525 0.274201
v -0.025386 0.174119 0.271884
v -0.025386 0.176436 0.266290
v -0.009828 0.132431 0.198133
v -0.009828 0.132431 0.201601
v -0.003992 0.132431 0.201601
v -0.003992 0.132431 0.198133
v -0.010558 0.128019 0.198133
v -0.003263 0.128019 0.198133
v -0.003263 0.128019 0.201601
v -0.010558 0.128019 0.201601
v -0.003263 0.128019 0.201601
v -0.003263 0.128019 0.198133
v -0.003263 0.131701 0.198133
v -0.003263 0.131701 0.201601
v -0.010558 0.128019 0.198133
v -0.010558 0.128019 0.201601
v -0.010558 0.131701 0.201601
v -0.010558 0.131701 0.198133
v -0.009828 0.132431 0.201601
v -0.009828 0.132431 0.198133
v -0.003992 0.132431 0.201601
v -0.003992 0.132431 0.198133
v -0.024604 0.119378 0.198833
v -0.024605 0.120959 0.200091
v -0.024614 0.120961 0.200082
v -0.024605 0.123422 0.200091
v -0.030579 0.121302 0.199396
v -0.024600 0.123542 0.200266
v -0.030566 0.124438 0.197862
v -0.024604 0.125003 0.195405
v -0.024605 0.123422 0.194147
v -0.024614 0.123420 0.194156
v -0.024605 0.120959 0.194147
v -0.030579 0.123079 0.194842
v -0.024614 0.120965 0.194155
v -0.024614 0.119081 0.195821
v -0.030502 0.120017 0.196685
v -0.030502 0.124032 0.198352
v -0.030516 0.121111 0.199390
v -0.030565 0.123044 0.199180
v -0.030565 0.123044 0.199180
v -0.030556 0.123215 0.194838
v -0.030565 0.121337 0.195058
v -0.030545 0.121215 0.194905
v -0.037678 0.116423 0.286018
v -0.038027 0.116736 0.286846
v -0.035088 0.115361 0.288152
v -0.035527 0.116107 0.288737
v -0.039458 0.119391 0.285786
v -0.039570 0.119105 0.284787
v -0.039538 0.119527 0.285799
v -0.039720 0.122609 0.284485
v -0.038279 0.125629 0.285542
v -0.036561 0.127056 0.286200
v -0.037155 0.126342 0.287515
v -0.034628 0.126609 0.289246
v -0.033694 0.127183 0.289206
v -0.033231 0.127031 0.289546
v -0.032519 0.125189 0.290996
v -0.031657 0.125716 0.290727
v -0.031740 0.125300 0.289856
v -0.030556 0.123793 0.291865
v -0.032522 0.117662 0.291010
v -0.030606 0.119105 0.291517
v -0.031657 0.117137 0.290727
v -0.032802 0.115797 0.289021
v -0.033899 0.116512 0.289959
v -0.035527 0.116107 0.288737
v -0.035088 0.115361 0.288152
v -0.038636 0.116912 0.285488
v -0.039942 0.120292 0.284508
v -0.038518 0.117137 0.285576
v -0.038699 0.125863 0.285441
v -0.032622 0.127779 0.286342
v -0.030606 0.123748 0.291517
v -0.030606 0.119105 0.291517
v -0.031657 0.117137 0.290727
v -0.031244 0.117137 0.290177
v -0.037156 0.116349 0.282938
v -0.028383 0.118696 0.289524
v -0.028848 0.119105 0.289175
v -0.028678 0.123788 0.289303
v -0.028848 0.123748 0.289175
v -0.038105 0.125716 0.285026
v -0.036760 0.125716 0.283235
v -0.037391 0.126210 0.282762
v -0.036906 0.117019 0.283126
v -0.033899 0.116512 0.289959
v -0.033899 0.126342 0.289959
v -0.036531 0.127031 0.286208
v -0.038105 0.125716 0.285026
v -0.032818 0.115822 0.288995
v -0.031244 0.117137 0.290177
v -0.037155 0.126342 0.287515
v -0.037134 0.126696 0.285943
v -0.032519 0.117665 0.290996
v -0.037846 0.126109 0.285418
v -0.032396 0.116158 0.289500
v -0.033899 0.116512 0.289959
v -0.038536 0.125189 0.286479
v -0.037155 0.126342 0.287515
v -0.035527 0.126747 0.288737
v -0.035187 0.115822 0.284417
v -0.036760 0.117137 0.283235
v -0.034606 0.119039 0.284853
v -0.037812 0.119105 0.282446
v -0.035414 0.120347 0.284246
v -0.037812 0.119105 0.282446
v -0.038181 0.121427 0.282168
v -0.035520 0.122444 0.284166
v -0.035414 0.120347 0.284246
v -0.037812 0.123748 0.282446
v -0.037812 0.123748 0.282446
v -0.036760 0.125716 0.283235
v -0.034606 0.123814 0.284852
v -0.035414 0.122506 0.284246
v -0.035187 0.127031 0.284417
v -0.033330 0.127493 0.285810
v -0.033330 0.124248 0.285810
v -0.031474 0.127031 0.287204
v -0.032054 0.123814 0.286768
v -0.029900 0.125716 0.288386
v -0.028848 0.123748 0.289175
v -0.031078 0.121987 0.287501
v -0.028479 0.121427 0.289452
v -0.028848 0.119105 0.289175
v -0.031246 0.120347 0.287375
v -0.029900 0.117137 0.288386
v -0.032054 0.119039 0.286768
v -0.031474 0.115822 0.287204
v -0.033330 0.115361 0.285810
v -0.033330 0.118606 0.285810
v -0.035812 0.119977 0.283947
v -0.026595 0.119912 0.271551
v -0.035414 0.120347 0.284246
v -0.035494 0.122525 0.284186
v -0.035696 0.122757 0.284034
v -0.026356 0.122697 0.271730
v -0.030848 0.122877 0.287674
v -0.021517 0.122942 0.275363
v -0.030964 0.120097 0.287587
v -0.021756 0.120157 0.275184
v -0.022710 0.173326 0.251943
v -0.022835 0.173107 0.249659
v -0.020517 0.173107 0.252581
v -0.018809 0.173326 0.251059
v -0.019235 0.173326 0.249181
v -0.020969 0.173326 0.248343
v -0.021904 0.171145 0.252891
v -0.023558 0.173421 0.250645
v -0.021070 0.173421 0.252872
v -0.018755 0.171145 0.251470
v -0.018348 0.173421 0.250752
v -0.020041 0.171145 0.248234
v -0.021904 0.173421 0.248234
v -0.023558 0.171145 0.250479
v -0.023237 0.173421 0.250562
v -0.023237 0.171145 0.250562
v -0.022710 0.173326 0.244136
v -0.022835 0.173107 0.241852
v -0.020517 0.173107 0.244774
v -0.018809 0.173326 0.243252
v -0.019235 0.173326 0.241374
v -0.020969 0.173326 0.240535
v -0.021371 0.171145 0.245356
v -0.023558 0.173421 0.242838
v -0.020581 0.173421 0.245119
v -0.018966 0.171145 0.240894
v -0.018495 0.173421 0.242365
v -0.021904 0.173421 0.240427
v -0.023558 0.171145 0.242672
v -0.023237 0.173421 0.242755
v -0.023237 0.171145 0.242755
v -0.023137 0.173326 0.211344
v -0.021938 0.173326 0.212852
v -0.020012 0.173326 0.212855
v -0.018809 0.173326 0.211351
v -0.019235 0.173326 0.209472
v -0.020969 0.173326 0.208634
v -0.022706 0.173326 0.209467
v -0.021904 0.171145 0.213182
v -0.023558 0.173421 0.210937
v -0.021070 0.173421 0.213163
v -0.018755 0.171145 0.211761
v -0.018348 0.173421 0.211044
v -0.020041 0.171145 0.208525
v -0.021904 0.173421 0.208525
v -0.023558 0.171145 0.210770
v -0.023237 0.173421 0.210853
v -0.023237 0.171145 0.210853
v -0.031496 0.136778 0.268010
v -0.032009 0.136778 0.265746
v -0.029406 0.136778 0.269021
v -0.027313 0.136778 0.268017
v -0.026793 0.136778 0.265755
v -0.028238 0.136778 0.263937
v -0.030559 0.136778 0.263934
v -0.032331 0.134150 0.266394
v -0.028475 0.134150 0.269379
v -0.032518 0.136893 0.266446
v -0.026984 0.136893 0.268589
v -0.027173 0.134150 0.264305
v -0.029196 0.136893 0.263331
v -0.032803 0.134150 0.266145
v -0.032331 0.136893 0.266297
v -0.027308 0.109319 0.268010
v -0.026795 0.109319 0.265747
v -0.028795 0.109204 0.269007
v -0.030559 0.109319 0.268758
v -0.031861 0.109204 0.267530
v -0.032011 0.109319 0.265755
v -0.030566 0.109319 0.263937
v -0.028245 0.109319 0.263934
v -0.028280 0.111947 0.269152
v -0.028475 0.109204 0.269379
v -0.032554 0.111947 0.265374
v -0.032284 0.109204 0.266519
v -0.029608 0.109204 0.263331
v -0.026001 0.111947 0.266145
v -0.026473 0.109204 0.266297
v -0.026672 0.111947 0.266346
v -0.026672 0.109204 0.266346
v -0.028836 0.134141 0.208139
v -0.024245 0.130859 0.205337
v -0.028852 0.127640 0.257082
v -0.028836 0.131228 0.251865
v -0.028775 0.152943 0.208139
v -0.025979 0.145044 0.216825
v -0.024320 0.130580 0.253147
v -0.024245 0.135642 0.225718
v -0.024245 0.140611 0.220882
v -0.028836 0.140611 0.220882
v -0.028836 0.135457 0.226648
v -0.024245 0.140611 0.220882
v -0.024245 0.146355 0.220620
v -0.028836 0.140563 0.220620
v -0.023995 0.165163 0.205087
v -0.028587 0.165163 0.205087
v -0.028836 0.146306 0.220882
v -0.024245 0.146306 0.220882
v -0.024245 0.151460 0.226648
v -0.028836 0.151275 0.225718
v -0.028836 0.146306 0.220882
v -0.024245 0.140365 0.234989
v -0.028836 0.140461 0.234849
v -0.023995 0.167176 0.205087
v -0.024245 0.140563 0.234891
v -0.028836 0.140611 0.234630
v -0.028836 0.146355 0.234891
v -0.021867 0.155232 0.216825
v -0.024245 0.153095 0.216825
v -0.011923 0.162026 0.205087
v -0.013810 0.163913 0.205087
v -0.015435 0.167179 0.205087
v -0.009546 0.160815 0.205087
v -0.024245 0.146306 0.234630
v -0.017063 0.157056 0.216825
v -0.024245 0.146457 0.234849
v -0.028836 0.146552 0.234989
v -0.009546 0.160815 0.216825
v -0.024245 0.165111 0.216825
v -0.024245 0.165199 0.238631
v -0.009546 0.160815 0.238631
v -0.013810 0.163913 0.238631
v -0.015434 0.167177 0.238631
v -0.028601 0.153888 0.254629
v -0.013810 0.163913 0.254629
v -0.015435 0.167179 0.254629
v -0.009546 0.160815 0.254629
v -0.024245 0.148720 0.233017
v -0.024245 0.146306 0.234630
v -0.028836 0.152760 0.216825
v -0.028836 0.134141 0.216825
v -0.025995 0.140480 0.208139
v -0.028513 0.134141 0.238631
v -0.025668 0.145362 0.247148
v -0.025850 0.146467 0.238631
v -0.028836 0.134141 0.247148
v -0.028836 0.152760 0.247148
v -0.028836 0.152760 0.238631
v -0.028836 0.134141 0.238631
v -0.028836 0.152760 0.208139
v -0.028836 0.134141 0.208139
v -0.024245 0.150333 0.224909
v -0.024245 0.148720 0.222495
v -0.024494 0.115148 0.204959
v -0.028587 0.115099 0.204912
v -0.024244 0.115284 0.208630
v -0.028836 0.115284 0.269895
v -0.028683 0.165457 0.205011
v -0.024352 0.152801 0.205210
v -0.024369 0.152816 0.205212
v -0.021780 0.155160 0.205147
v -0.017048 0.156979 0.205014
v -0.028587 0.115035 0.269977
v -0.028616 0.165422 0.254615
v -0.028587 0.165307 0.204951
v -0.024143 0.165360 0.205100
v -0.024245 0.152927 0.216701
v -0.021783 0.155214 0.216722
v -0.017041 0.156958 0.216920
v -0.003963 0.158050 0.204991
v -0.023995 0.167178 0.205086
v -0.023995 0.167428 0.205334
v -0.015527 0.167428 0.205337
v -0.015417 0.167180 0.205087
v -0.028587 0.127880 0.259425
v -0.028744 0.127788 0.269922
v -0.028662 0.130502 0.253097
v -0.028836 0.131228 0.251865
v -0.023978 0.169108 0.205313
v -0.015409 0.169096 0.205136
v -0.004000 0.158100 0.216869
v -0.024438 0.127933 0.259434
v -0.017283 0.172453 0.205297
v -0.017933 0.172441 0.205339
v -0.024395 0.165261 0.216826
v -0.024351 0.165305 0.238631
v -0.023995 0.167428 0.216576
v -0.023995 0.167179 0.216825
v -0.024331 0.152752 0.250156
v -0.015430 0.167210 0.216794
v -0.021567 0.167428 0.216576
v -0.017936 0.172441 0.216571
v -0.017240 0.172427 0.216600
v -0.000345 0.159902 0.205055
v -0.023978 0.169129 0.216860
v -0.015413 0.169080 0.216910
v -0.028608 0.152585 0.249874
v -0.000338 0.159874 0.205030
v 0.002179 0.162332 0.204985
v -0.016008 0.175510 0.204986
v -0.013482 0.177977 0.205030
v -0.000284 0.159857 0.216770
v 0.003772 0.165463 0.204985
v -0.013475 0.177949 0.205055
v -0.009640 0.179647 0.205308
v -0.024094 0.165416 0.238781
v 0.002188 0.162316 0.216701
v -0.016008 0.175536 0.216701
v -0.013446 0.177921 0.216825
v -0.013615 0.178183 0.216590
v -0.024245 0.152928 0.238755
v -0.021783 0.155215 0.238734
v -0.017046 0.157000 0.238576
v 0.004319 0.168934 0.204985
v -0.006910 0.180171 0.205212
v -0.028608 0.153855 0.254665
v 0.001917 0.162471 0.216601
v 0.003710 0.165463 0.216873
v -0.010385 0.179621 0.216701
v 0.003767 0.172403 0.204985
v -0.003435 0.179621 0.205212
v 0.002170 0.175533 0.204985
v -0.000342 0.177927 0.205325
v 0.004261 0.168914 0.216873
v -0.005176 0.179927 0.216711
v -0.006573 0.180306 0.216587
v -0.003985 0.158094 0.238579
v -0.000357 0.177958 0.205055
v -0.017039 0.156947 0.254735
v -0.023995 0.167179 0.238631
v -0.023995 0.167428 0.238880
v -0.015527 0.167428 0.238880
v -0.015416 0.167179 0.238631
v -0.024193 0.165320 0.254626
v 0.003717 0.172366 0.216873
v -0.024153 0.165360 0.254626
v 0.001918 0.175380 0.216601
v -0.000288 0.177986 0.216761
v -0.003974 0.158053 0.254721
v -0.015409 0.169096 0.238679
v -0.023978 0.169120 0.238862
v -0.024041 0.172402 0.254567
v -0.017231 0.172426 0.238860
v -0.017936 0.172441 0.238885
v -0.017874 0.172399 0.254512
v 0.002187 0.175536 0.216701
v -0.023995 0.167428 0.254380
v -0.023995 0.167179 0.254629
v -0.000345 0.159902 0.238598
v -0.023978 0.169050 0.254737
v -0.015424 0.169064 0.254727
v -0.024124 0.172267 0.254616
v -0.015500 0.167366 0.254442
v -0.000338 0.159874 0.238573
v 0.002134 0.162370 0.238583
v -0.015999 0.175511 0.238536
v -0.013511 0.178021 0.238527
v -0.017571 0.172497 0.254517
v -0.015914 0.175490 0.254388
v -0.000300 0.159837 0.254733
v 0.003717 0.165485 0.238583
v -0.013475 0.177949 0.238598
v -0.009698 0.179658 0.238836
v -0.000318 0.159840 0.254720
v 0.002170 0.162319 0.254732
v -0.016008 0.175536 0.254505
v -0.013492 0.177928 0.254404
v 0.004261 0.168938 0.238583
v -0.006910 0.180171 0.238755
v 0.003767 0.165448 0.254732
v -0.010385 0.179621 0.254505
v 0.003710 0.172389 0.238583
v -0.003435 0.179621 0.238755
v 0.002120 0.175501 0.238583
v -0.000341 0.177927 0.238869
v 0.004319 0.168918 0.254732
v -0.006910 0.180171 0.254505
v -0.000318 0.178012 0.238540
v 0.003772 0.172388 0.254732
v -0.004180 0.179647 0.254409
v 0.002179 0.175520 0.254732
v -0.000306 0.178003 0.254720
v -0.000338 0.177977 0.254687
v -0.026862 0.127903 0.277771
v -0.026879 0.114992 0.277784
v -0.024494 0.127626 0.277751
v -0.027068 0.127625 0.277879
v -0.027079 0.115290 0.277902
v -0.024494 0.115209 0.277799
v -0.028587 0.115284 0.205087
v -0.024494 0.115284 0.205087
v -0.024494 0.152871 0.205087
v -0.021867 0.155232 0.205087
v -0.021733 0.155017 0.205337
v -0.021733 0.155017 0.216576
v -0.004001 0.158148 0.205087
v -0.023995 0.167428 0.205334
v -0.024494 0.127631 0.278009
v -0.024494 0.115284 0.278009
v -0.006910 0.160397 0.205087
v -0.023978 0.172332 0.204981
v -0.017904 0.172873 0.205083
v -0.015439 0.168926 0.205337
v -0.004275 0.160815 0.205087
v -0.023995 0.167179 0.216825
v -0.024494 0.128595 0.255737
v -0.028587 0.129169 0.254620
v -0.001897 0.162026 0.205087
v -0.000374 0.159930 0.205087
v -0.024494 0.134141 0.249935
v -0.028587 0.134141 0.249935
v -0.004001 0.158148 0.216825
v -0.015417 0.167179 0.216825
v -0.017876 0.172890 0.216835
v -0.023978 0.172253 0.216862
v -0.000010 0.163913 0.205087
v 0.002085 0.162390 0.205087
v -0.013446 0.177921 0.205087
v -0.011923 0.175826 0.205087
v -0.006910 0.160397 0.216825
v -0.000226 0.159726 0.216576
v -0.013594 0.178126 0.216576
v -0.015732 0.175378 0.216602
v -0.004275 0.160815 0.216825
v -0.021867 0.155232 0.238631
v 0.001201 0.166290 0.205087
v 0.003665 0.165490 0.205087
v -0.010346 0.179501 0.205087
v -0.009546 0.177037 0.205087
v -0.024494 0.134141 0.249935
v -0.024481 0.152524 0.249935
v -0.028608 0.152531 0.249935
v -0.028587 0.134141 0.249935
v -0.001897 0.162026 0.216825
v -0.000374 0.159930 0.216825
v 0.001618 0.168926 0.205087
v 0.004209 0.168926 0.205087
v -0.006910 0.180045 0.205087
v -0.006910 0.177454 0.205087
v -0.005213 0.180305 0.205337
v 0.001201 0.171561 0.205087
v 0.003665 0.172362 0.205087
v -0.003474 0.179501 0.205087
v -0.004275 0.177037 0.205087
v -0.000010 0.163913 0.216825
v 0.002085 0.162390 0.216825
v -0.011923 0.175826 0.216825
v -0.013446 0.177921 0.216825
v -0.000010 0.173939 0.205087
v 0.002085 0.175462 0.205087
v -0.000374 0.177921 0.205087
v -0.001897 0.175826 0.205087
v 0.001201 0.166290 0.216825
v 0.003665 0.165490 0.216825
v -0.009546 0.177037 0.216825
v -0.010346 0.179501 0.216825
v -0.000226 0.178126 0.216576
v -0.004001 0.158148 0.238631
v 0.001618 0.168926 0.216825
v 0.004209 0.168926 0.216825
v -0.006910 0.177454 0.216825
v -0.006910 0.180045 0.216825
v -0.006910 0.160397 0.238631
v 0.001201 0.171561 0.216825
v 0.003665 0.172362 0.216825
v -0.004275 0.177037 0.216825
v -0.003474 0.179501 0.216825
v -0.000010 0.173939 0.216825
v 0.002085 0.175462 0.216825
v -0.001897 0.175826 0.216825
v -0.000374 0.177921 0.216825
v -0.023995 0.167428 0.254380
v -0.004275 0.160815 0.238631
v -0.001897 0.162026 0.238631
v -0.000374 0.159930 0.238631
v -0.017935 0.172441 0.254629
v -0.023977 0.172464 0.254629
v -0.023995 0.167179 0.254629
v -0.000010 0.163913 0.238631
v 0.002085 0.162390 0.238631
v -0.013446 0.177921 0.238631
v -0.011923 0.175826 0.238631
v -0.004001 0.158148 0.254629
v 0.001201 0.166290 0.238631
v 0.003665 0.165490 0.238631
v -0.010346 0.179501 0.238631
v -0.009546 0.177037 0.238631
v -0.006910 0.160397 0.254629
v -0.004275 0.160815 0.254629
v -0.013594 0.178126 0.254380
v 0.001618 0.168926 0.238631
v 0.004209 0.168926 0.238631
v -0.006910 0.180045 0.238631
v -0.006910 0.177454 0.238631
v 0.001201 0.171561 0.238631
v 0.003665 0.172362 0.238631
v -0.003474 0.179501 0.238631
v -0.004275 0.177037 0.238631
v -0.001897 0.162026 0.254629
v -0.000374 0.159930 0.254629
v -0.013810 0.173939 0.254629
v -0.015906 0.175462 0.254629
v -0.000010 0.173939 0.238631
v 0.002085 0.175462 0.238631
v -0.000374 0.177921 0.238631
v -0.001897 0.175826 0.238631
v -0.000010 0.163913 0.254629
v 0.002085 0.162390 0.254629
v -0.011923 0.175826 0.254629
v -0.013446 0.177921 0.254629
v -0.007918 0.180333 0.254380
v 0.001201 0.166290 0.254629
v 0.003665 0.165490 0.254629
v -0.009546 0.177037 0.254629
v -0.010346 0.179501 0.254629
v 0.001618 0.168926 0.254629
v 0.004209 0.168926 0.254629
v -0.006910 0.177454 0.254629
v -0.006910 0.180045 0.254629
v 0.001201 0.171561 0.254629
v 0.003665 0.172362 0.254629
v -0.004275 0.177037 0.254629
v -0.003474 0.179501 0.254629
v -0.000010 0.173939 0.254629
v 0.002085 0.175462 0.254629
v -0.001897 0.175826 0.254629
v -0.000374 0.177921 0.254629
v -0.028587 0.127880 0.269977
v -0.024494 0.127880 0.277760
v -0.028587 0.115035 0.269977
v -0.030538 0.127880 0.272623
v -0.030538 0.115035 0.272623
v -0.021733 0.155017 0.238880
v -0.017870 0.172867 0.238646
v -0.023978 0.172252 0.238596
v -0.024245 0.165111 0.216825
v -0.024153 0.165369 0.216734
v -0.024138 0.165312 0.238684
v -0.024294 0.165314 0.238723
v -0.017409 0.172428 0.205074
v -0.028626 0.152697 0.250019
v -0.017371 0.172363 0.216777
v -0.017408 0.172431 0.238617
v -0.019343 0.129828 0.255885
v -0.025073 0.127907 0.261558
v -0.019297 0.129884 0.274108
v -0.021115 0.131961 0.277510
v -0.021135 0.135638 0.272117
v -0.020636 0.135768 0.261276
v -0.021135 0.131760 0.255880
v -0.019394 0.129831 0.255880
v -0.021135 0.131760 0.255880
v -0.021178 0.115294 0.255880
v -0.021135 0.131760 0.255880
v -0.021293 0.115029 0.255939
v -0.021135 0.131760 0.213368
v -0.020355 0.127902 0.213368
v -0.020502 0.115217 0.187635
v -0.019424 0.128826 0.213368
v -0.019541 0.130848 0.187573
v -0.025073 0.127907 0.261558
v -0.025073 0.127907 0.272117
v -0.036235 0.132033 0.272117
v -0.036235 0.132033 0.261558
v -0.021178 0.115294 0.213368
v -0.020388 0.115290 0.213368
v -0.020355 0.127902 0.213368
v -0.019424 0.128826 0.213368
v -0.019418 0.130896 0.213368
v -0.020275 0.131757 0.213368
v -0.021135 0.131760 0.213368
v -0.020188 0.131841 0.213368
v -0.020355 0.127902 0.213368
v -0.020388 0.115290 0.213368
v -0.036589 0.115015 0.272117
v -0.036589 0.115015 0.261558
v -0.036589 0.111274 0.261558
v -0.036589 0.111274 0.272117
v -0.025073 0.115015 0.272117
v -0.025073 0.115015 0.261558
v -0.036589 0.115015 0.261558
v -0.036589 0.115015 0.272117
v -0.036589 0.115015 0.261558
v -0.025073 0.109527 0.261558
v -0.036589 0.111274 0.261558
v -0.019791 0.109211 0.261558
v -0.019791 0.109330 0.272117
v -0.036589 0.111274 0.272117
v -0.036589 0.111274 0.261558
v -0.025073 0.109527 0.272117
v -0.019790 0.115015 0.272118
v -0.036589 0.115015 0.272117
v -0.036589 0.111274 0.272117
v -0.037825 0.127767 0.278367
v -0.037825 0.127767 0.282864
v -0.037809 0.127716 0.278265
v -0.025168 0.127510 0.278530
v -0.025073 0.127907 0.277948
v -0.037825 0.115155 0.278367
v -0.025139 0.115231 0.278505
v -0.037803 0.115024 0.278351
v -0.037819 0.114954 0.282889
v -0.037817 0.115168 0.282853
v -0.026994 0.115015 0.290840
v -0.027085 0.115294 0.291119
v -0.019790 0.115155 0.290980
v -0.037734 0.127353 0.282689
v -0.027092 0.127685 0.291173
v -0.024933 0.127767 0.290980
v -0.024949 0.127721 0.291088
v -0.019431 0.129243 0.290811
v -0.019648 0.114910 0.271987
v -0.019638 0.129236 0.291111
v -0.024793 0.131651 0.290980
v -0.021193 0.131651 0.290980
v -0.019732 0.130190 0.290980
v -0.019733 0.130190 0.290980
v -0.019650 0.109666 0.271978
v -0.025073 0.135604 0.272094
v -0.036097 0.135608 0.272091
v -0.019763 0.115010 0.261553
v -0.019696 0.109682 0.261589
v -0.019677 0.114980 0.255954
v -0.036079 0.135402 0.261641
v -0.025106 0.132142 0.256216
v -0.025084 0.131541 0.257022
v -0.024795 0.115015 0.258892
v -0.021281 0.115017 0.213310
v -0.021318 0.115148 0.213235
v -0.021458 0.115015 0.213089
v -0.020528 0.115145 0.213235
v -0.025079 0.116689 0.204921
v -0.025345 0.127902 0.188516
v -0.025048 0.128103 0.204896
v -0.024816 0.127907 0.187721
v -0.034148 0.125756 0.198808
v -0.033991 0.127566 0.197765
v -0.025338 0.116758 0.188501
v -0.024819 0.116755 0.187721
v -0.024790 0.115115 0.187553
v -0.024793 0.131620 0.187860
v -0.020330 0.131406 0.187955
v -0.036049 0.135606 0.271994
v -0.036073 0.135629 0.261681
v -0.020388 0.115290 0.213368
v -0.020669 0.115012 0.213089
v -0.020580 0.127947 0.187894
v -0.020495 0.127961 0.187860
v -0.019563 0.128884 0.187860
v -0.020386 0.131548 0.187699
v -0.019687 0.128907 0.187899
v -0.025236 0.116907 0.204510
v -0.025752 0.116292 0.188058
v -0.025231 0.127762 0.204498
v -0.025350 0.128020 0.204753
v -0.034031 0.118486 0.204552
v -0.032374 0.127659 0.204260
v -0.033976 0.125886 0.204209
v -0.034379 0.118352 0.204372
v -0.033870 0.118584 0.204648
v -0.034384 0.120634 0.204645
v -0.033723 0.125886 0.204389
v -0.034641 0.123693 0.204367
v -0.034418 0.124811 0.200145
v -0.033278 0.117073 0.198125
v -0.033869 0.118829 0.200083
v -0.034641 0.121213 0.204369
v -0.034522 0.121957 0.201103
v -0.027074 0.127628 0.291119
v -0.027081 0.115294 0.291119
v -0.037965 0.127628 0.278227
v -0.025352 0.127628 0.278227
v -0.025352 0.115294 0.278227
v -0.037965 0.115294 0.278227
v -0.037965 0.127628 0.278227
v -0.027081 0.115295 0.291118
v -0.027074 0.127628 0.291119
v -0.024793 0.131790 0.278227
v -0.019790 0.115294 0.291119
v -0.036235 0.132033 0.272117
v -0.036235 0.132033 0.261558
v -0.024800 0.131864 0.256519
v -0.021135 0.131790 0.290840
v -0.024790 0.131760 0.188001
v -0.032677 0.126952 0.198099
v -0.032456 0.127745 0.204374
v -0.025073 0.127907 0.272117
v -0.025073 0.135344 0.272117
v -0.036235 0.135359 0.272117
v -0.036235 0.132033 0.272117
v -0.036235 0.135359 0.261558
v -0.025073 0.135342 0.261558
v -0.025073 0.127907 0.261558
v -0.036235 0.132033 0.261558
v -0.019698 0.130781 0.187721
v -0.019510 0.115294 0.255880
v -0.024793 0.115294 0.187721
v -0.025360 0.127626 0.204648
v -0.032464 0.116909 0.204370
v -0.025345 0.117035 0.204648
v -0.033870 0.118584 0.204648
v -0.032164 0.117020 0.204648
v -0.034388 0.120653 0.204648
v -0.025205 0.127633 0.187891
v -0.025992 0.124410 0.200369
v -0.025992 0.125756 0.198808
v -0.026102 0.121932 0.201259
v -0.025992 0.119843 0.200369
v -0.025992 0.118728 0.198808
v -0.034327 0.124410 0.200369
v -0.034355 0.124620 0.200876
v -0.025992 0.124410 0.200369
v -0.025992 0.119608 0.200847
v -0.034337 0.119843 0.200369
v -0.034337 0.119843 0.200369
v -0.019790 0.109527 0.272117
v -0.019790 0.115015 0.261558
v -0.019790 0.109527 0.261558
v -0.025093 0.127742 0.187889
v -0.025098 0.116925 0.187894
v -0.001709 0.143402 0.073887
v -0.012111 0.142890 0.070314
v -0.001709 0.139092 0.071848
v -0.001709 0.142910 0.070445
v -0.001709 0.139426 0.073822
v -0.012111 0.139205 0.073295
v -0.006910 0.139811 0.074407
v -0.012111 0.142910 0.070445
v -0.012111 0.139092 0.071848
v -0.012111 0.144380 0.075747
v -0.001709 0.144380 0.075747
v -0.001709 0.141343 0.078345
v -0.012111 0.141343 0.078345
v -0.001709 0.145919 0.077414
v -0.001709 0.143436 0.080508
v -0.012111 0.143436 0.080508
v -0.012111 0.145919 0.077414
v -0.001709 0.145413 0.081285
v -0.012111 0.145413 0.081285
v -0.006910 0.143562 0.073199
v -0.012111 0.137256 -0.007128
v -0.001709 0.137256 -0.007128
v -0.000398 0.135505 -0.053998
v -0.008500 0.136734 -0.054013
v 0.002441 0.132566 -0.053615
v 0.002427 0.132587 -0.053626
v 0.004460 0.122623 -0.052708
v -0.018284 0.122615 -0.052704
v 0.004459 0.122615 -0.052717
v -0.018283 0.122613 -0.052708
v 0.004455 0.122614 -0.052707
v 0.004654 0.122551 -0.500790
v 0.004457 0.122602 -0.500783
v -0.018270 0.122615 -0.052708
v -0.017938 0.128219 -0.053195
v -0.017923 0.128208 -0.053180
v -0.013357 0.135364 -0.053867
v -0.013397 0.135431 -0.054124
v -0.013351 0.135352 -0.053893
v -0.004393 0.135242 -0.499475
v -0.013673 0.133895 -0.499497
v -0.018274 0.122614 -0.500777
v -0.018272 0.122605 -0.500765
v 0.004464 0.122595 -0.500805
v -0.018516 0.122550 -0.500802
v 0.004073 0.126595 -0.500389
v 0.002263 0.131384 -0.499896
v 0.004108 0.128261 -0.053200
v -0.016273 0.132575 -0.053619
v -0.016060 0.131394 -0.499889
v 0.004104 0.128207 -0.053176
v -0.000463 0.135364 -0.053867
v -0.000222 0.133717 -0.499417
v -0.016262 0.132562 -0.053617
v -0.013557 0.133654 -0.499679
v -0.000265 0.133649 -0.499667
v -0.017905 0.126607 -0.500424
v 0.002275 0.131362 -0.499936
v -0.016078 0.131354 -0.499899
v -0.000469 0.135353 -0.053893
v -0.013550 0.133640 -0.499647
v -0.013550 0.133640 -0.499647
v -0.000270 0.133641 -0.499647
v -0.000469 0.135353 -0.053893
v -0.013351 0.135352 -0.053893
v -0.000270 0.133641 -0.499647
v -0.010730 0.096295 -0.497222
v -0.010611 0.096565 -0.497928
v -0.006935 0.095854 -0.497923
v -0.010625 0.096517 -0.498036
v -0.006910 0.095939 -0.497890
v -0.018334 0.109504 -0.498610
v -0.017161 0.103823 -0.498508
v -0.018896 0.121987 -0.499286
v -0.017927 0.105664 -0.498428
v -0.018842 0.121934 -0.499246
v -0.018873 0.122080 -0.038985
v -0.018874 0.121949 -0.499274
v -0.018917 0.122044 -0.038988
v 0.004517 0.109504 -0.498618
v 0.003331 0.103818 -0.498492
v 0.004096 0.105593 -0.498426
v 0.005051 0.122001 -0.499242
v 0.005106 0.121982 -0.499347
v 0.005067 0.121955 -0.499277
v 0.005082 0.122043 -0.038989
v 0.005033 0.122007 -0.039032
v -0.006910 0.092589 -0.038701
v -0.003207 0.093290 -0.038887
v -0.006876 0.092590 -0.038890
v -0.003091 0.093032 -0.039632
v -0.003213 0.093304 -0.038924
v 0.005074 0.122057 -0.039020
v -0.018936 0.122060 -0.038914
v 0.000751 0.099620 -0.498265
v -0.014538 0.099651 -0.498162
v -0.010730 0.093032 -0.039632
v -0.003091 0.096295 -0.497222
v 0.000746 0.099594 -0.498132
v 0.000779 0.096339 -0.038889
v 0.004104 0.102315 -0.038894
v -0.017895 0.102236 -0.038900
v -0.014558 0.096292 -0.038889
v -0.014606 0.099638 -0.498135
v -0.017123 0.100538 -0.038798
v -0.014539 0.096351 -0.038836
v -0.010613 0.093290 -0.038887
v 0.000719 0.096351 -0.038836
v 0.003343 0.100530 -0.038700
v -0.003198 0.096537 -0.497989
v -0.010611 0.096565 -0.497928
v -0.003209 0.096564 -0.497927
v -0.003209 0.096564 -0.497927
v -0.010607 0.093304 -0.038924
v -0.010607 0.093304 -0.038924
v -0.003213 0.093304 -0.038924
v 0.004340 0.105168 -0.038926
v -0.018162 0.105168 -0.038922
v -0.018860 0.123753 0.328032
v -0.014014 0.119187 0.336610
v -0.018092 0.126484 0.324842
v -0.018542 0.119784 0.337494
v -0.018737 0.123599 0.316877
v -0.018329 0.117129 0.316879
v -0.019063 0.123032 0.329217
v -0.014001 0.118713 0.316879
v -0.018092 0.126484 0.324842
v -0.017971 0.112008 0.336100
v -0.017724 0.112094 0.318023
v -0.017129 0.117434 0.343030
v -0.011942 0.116858 0.344832
v -0.017217 0.111149 0.341715
v -0.015632 0.111737 0.338133
v -0.017217 0.111149 0.341715
v -0.014798 0.115582 0.348236
v -0.013804 0.110884 0.349733
v -0.014798 0.115582 0.348236
v -0.014084 0.110966 0.344111
v -0.015454 0.110992 0.347078
v -0.011116 0.114514 0.351999
v -0.007056 0.113755 0.353886
v -0.006910 0.113820 0.353540
v -0.006910 0.110602 0.352836
v 0.005040 0.123753 0.328032
v 0.000193 0.119187 0.336610
v 0.004272 0.126484 0.324842
v 0.004721 0.119784 0.337494
v 0.005054 0.123196 0.317449
v 0.005235 0.123034 0.329213
v 0.004272 0.126484 0.324842
v 0.004151 0.112008 0.336100
v 0.003904 0.112094 0.317451
v -0.001879 0.116858 0.344832
v 0.003309 0.117434 0.343030
v 0.003397 0.111149 0.341715
v 0.003397 0.111149 0.341715
v 0.001808 0.111732 0.338155
v 0.000977 0.115582 0.348236
v 0.000977 0.115582 0.348236
v -0.000016 0.110884 0.349733
v 0.001633 0.110992 0.347078
v 0.000264 0.110966 0.344111
v -0.002704 0.114514 0.351999
v -0.006764 0.113755 0.353886
v -0.006910 0.113820 0.353540
v -0.006910 0.110602 0.352836
v 0.005803 0.118161 0.187481
v -0.011041 0.135005 0.194135
v -0.006911 0.135659 0.195342
v -0.011041 0.135005 0.195861
v -0.010642 0.133775 0.195596
v -0.006911 0.134366 0.195342
v -0.002779 0.135005 0.194611
v -0.003179 0.133775 0.194751
v 0.000947 0.133106 0.193597
v 0.000187 0.132060 0.193835
v 0.003905 0.130148 0.192709
v 0.002859 0.129388 0.193033
v 0.005804 0.126423 0.192141
v 0.004574 0.126023 0.192520
v 0.005808 0.123683 0.191972
v 0.004317 0.123678 0.192483
v -0.001369 0.116746 -0.075947
v 0.001344 0.114103 -0.065607
v -0.006871 0.114320 -0.076155
v -0.006910 0.111244 -0.065189
v -0.012710 0.116513 -0.076122
v -0.006910 0.114544 -0.075930
v -0.006964 0.110982 -0.065670
v -0.016088 0.115581 -0.065357
v -0.014201 0.126024 -0.076111
v -0.017734 0.125772 -0.065357
v -0.012001 0.132235 -0.065240
v -0.005615 0.130381 -0.076104
v -0.001673 0.132672 -0.065607
v 0.001181 0.123562 -0.076111
v 0.004120 0.124061 -0.065240
v -0.020277 0.122292 0.255699
v -0.019615 0.118208 0.198844
v -0.013966 0.117174 0.196773
v -0.019627 0.126518 0.198751
v -0.020277 0.122292 0.255699
v -0.013998 0.132971 0.197193
v -0.014005 0.130887 0.201582
v -0.017348 0.130879 0.201632
v -0.017608 0.113712 0.198131
v -0.013872 0.111817 0.197260
v -0.018232 0.113162 0.259767
v -0.014001 0.111477 0.255699
v -0.020538 0.123100 0.261049
v -0.014002 0.131230 0.260049
v -0.017291 0.130722 0.255699
v -0.017724 0.112895 0.255699
v -0.013962 0.111844 0.258789
v -0.014100 0.111478 0.197206
v -0.013860 0.127173 0.196756
v -0.014012 0.133106 0.197209
v -0.016906 0.132476 0.197902
v -0.020277 0.122292 0.198811
v -0.020277 0.122292 0.198811
v -0.019166 0.123521 0.262856
v -0.014001 0.112631 0.262482
v -0.016814 0.131402 0.260835
v -0.014001 0.132023 0.262763
v -0.016648 0.112812 0.262510
v -0.019190 0.123739 0.263085
v -0.015876 0.132100 0.262836
v -0.015876 0.132100 0.262836
v -0.018991 0.122280 0.283679
v -0.018830 0.123670 0.275282
v -0.019241 0.123748 0.275296
v -0.015876 0.131633 0.277894
v -0.014001 0.131324 0.279807
v -0.015876 0.132099 0.275282
v -0.016493 0.111545 0.283455
v -0.014006 0.112185 0.279476
v -0.018830 0.122297 0.283722
v -0.015877 0.130726 0.283722
v -0.018329 0.117129 0.316879
v -0.018830 0.121260 0.316879
v -0.014001 0.118712 0.316879
v -0.019338 0.121356 0.316875
v -0.014000 0.129772 0.316878
v -0.014001 0.129686 0.316879
v -0.015877 0.129374 0.316879
v -0.017724 0.112094 0.318023
v 0.003063 0.117201 0.082691
v -0.001835 0.112311 0.082691
v -0.006902 0.110209 0.086240
v -0.006967 0.110867 0.082771
v -0.014834 0.114380 0.082691
v -0.017971 0.120549 0.082691
v -0.016883 0.127383 0.082691
v -0.010412 0.133118 0.082451
v -0.001819 0.132265 0.082691
v 0.002593 0.129617 0.085975
v 0.004151 0.124037 0.082692
v 0.004719 0.116378 0.089064
v -0.000979 0.110672 0.089064
v -0.006910 0.109385 0.089160
v -0.012823 0.110663 0.089064
v -0.017354 0.114704 0.089174
v -0.019794 0.120240 0.089064
v -0.019188 0.126280 0.089174
v -0.016141 0.131510 0.089064
v -0.008962 0.135175 0.089064
v -0.000997 0.133920 0.089064
v 0.005973 0.124347 0.089064
v 0.004997 0.116209 0.143459
v -0.000854 0.110372 0.143459
v -0.006905 0.109038 0.143447
v -0.006907 0.109094 0.143459
v -0.012991 0.110384 0.143459
v -0.018829 0.116234 0.143459
v -0.019869 0.122292 0.141801
v -0.020592 0.122361 0.143416
v -0.008989 0.135500 0.143459
v -0.000827 0.134198 0.143459
v 0.003739 0.130134 0.143455
v 0.006298 0.124373 0.143459
v 0.007037 0.120643 0.143431
v 0.005803 0.118161 0.187481
v 0.001610 0.111817 0.188568
v -0.000445 0.110450 0.143427
v -0.006484 0.108712 0.191163
v -0.010763 0.109036 0.143425
v -0.011041 0.109579 0.194135
v -0.014012 0.111477 0.197209
v -0.018635 0.115574 0.143427
v -0.019318 0.117225 0.198785
v -0.020258 0.122292 0.143427
v -0.020277 0.122292 0.198811
v -0.020608 0.122351 0.143422
v -0.020277 0.122292 0.198811
v -0.019623 0.126422 0.198757
v -0.016906 0.132476 0.197902
v -0.016846 0.131388 0.143435
v -0.014093 0.133164 0.197233
v -0.011041 0.135005 0.194135
v -0.001091 0.135147 0.143427
v -0.006029 0.135822 0.190944
v 0.003399 0.130990 0.188215
v 0.005912 0.124883 0.187335
v -0.020258 0.122292 0.143427
v 0.001873 0.131954 0.258593
v 0.005009 0.123665 0.258593
v -0.000386 0.120889 0.258593
v 0.003942 0.118372 0.258593
v 0.002769 0.114498 0.258593
v -0.000898 0.114498 0.258593
v 0.000181 0.129686 0.317451
v 0.000201 0.130076 0.317452
v 0.000179 0.130586 0.283694
v 0.001964 0.131218 0.279658
v 0.000135 0.125277 0.258594
v 0.005218 0.122139 0.317449
v 0.005251 0.123861 0.280667
v -0.000048 0.112119 0.317454
v 0.003904 0.112094 0.317451
v 0.002769 0.112988 0.283694
v 0.003904 0.112094 0.317451
v -0.000904 0.113374 0.282585
v 0.002757 0.113673 0.281503
v 0.000179 0.132063 0.275985
v 0.002772 0.114464 0.275983
v 0.000178 0.132097 0.258593
v 0.000194 0.132426 0.258593
v 0.005188 0.125419 0.258593
v 0.002769 0.114498 0.258593
v -0.000898 0.114498 0.258593
v 0.002769 0.114498 0.258593
v 0.003942 0.118372 0.258593
v 0.005803 0.118161 0.187481
v -0.000386 0.120889 0.258593
v -0.000260 0.120723 0.188289
v -0.000386 0.120889 0.258593
v -0.000260 0.120723 0.188289
v 0.004574 0.126023 0.187859
v 0.004317 0.123678 0.187822
v -0.006017 0.135724 0.190936
v 0.003253 0.131300 0.188277
v 0.006127 0.123699 0.187253
v 0.005808 0.123683 0.191972
v 0.004317 0.123678 0.192483
v -0.002027 0.115045 -0.645328
v -0.006910 0.113579 -0.645328
v -0.012355 0.115251 -0.645328
v -0.006910 0.113579 -0.645328
v -0.014492 0.123349 -0.645328
v -0.007317 0.129550 -0.645328
v 0.001004 0.122852 -0.645328
v -0.000019 0.117711 -0.645328
v -0.001569 0.117342 -0.645328
v -0.000313 0.120177 -0.645328
v -0.003399 0.114331 -0.645328
v -0.003878 0.115270 -0.645328
v -0.006910 0.113579 -0.645328
v -0.006910 0.114620 -0.645328
v -0.010421 0.114331 -0.645328
v -0.009943 0.115270 -0.645328
v -0.013801 0.117711 -0.645328
v -0.012251 0.117342 -0.645328
v -0.013507 0.120177 -0.645328
v -0.014549 0.122432 -0.645328
v -0.012862 0.124254 -0.645328
v -0.013094 0.125715 -0.645328
v -0.010421 0.128113 -0.645328
v -0.009943 0.127173 -0.645328
v -0.006910 0.128866 -0.645328
v -0.005865 0.127819 -0.645328
v -0.003399 0.128113 -0.645328
v -0.003030 0.126563 -0.645328
v -0.000019 0.124733 -0.645328
v -0.000959 0.124254 -0.645328
v 0.000733 0.121222 -0.645328
v -0.006711 0.113607 -0.645328
v -0.002762 0.115975 -0.545332
v -0.006910 0.114729 -0.545332
v -0.006910 0.114620 -0.645328
v -0.012067 0.116519 -0.645328
v -0.012430 0.116784 -0.545332
v -0.006910 0.114729 -0.545332
v -0.012976 0.124673 -0.645328
v -0.011982 0.125847 -0.545332
v -0.004353 0.127954 -0.645328
v -0.004079 0.127475 -0.545332
v -0.000115 0.120946 -0.645328
v -0.000227 0.121494 -0.545332
v 0.001128 0.102790 -0.508345
v -0.003120 0.096970 -0.507855
v -0.003023 0.097599 -0.498983
v 0.001296 0.104131 -0.499533
v -0.003275 0.097156 -0.507871
v -0.010600 0.096844 -0.507844
v -0.003221 0.097590 -0.498982
v -0.010546 0.097902 -0.499008
v -0.010798 0.096853 -0.507845
v -0.010700 0.097716 -0.498993
v -0.015116 0.103385 -0.508395
v -0.014949 0.103536 -0.499483
v -0.015132 0.120673 -0.509850
v -0.015312 0.120802 -0.500936
v -0.010463 0.126564 -0.510346
v -0.010560 0.127439 -0.501494
v -0.010308 0.126359 -0.510328
v -0.003457 0.126662 -0.510354
v -0.010363 0.127408 -0.501492
v -0.003512 0.127104 -0.501466
v -0.003260 0.126693 -0.510357
v -0.003357 0.127310 -0.501484
v 0.001491 0.120057 -0.509798
v 0.001312 0.121418 -0.500988
v 0.004968 0.104062 -0.507841
v 0.004280 0.103951 -0.508438
v 0.004855 0.118760 -0.509679
v 0.005458 0.118884 -0.509082
v 0.004029 0.100455 -0.507541
v 0.003016 0.099373 -0.508046
v 0.003565 0.099353 -0.507451
v 0.000030 0.094264 -0.507025
v -0.000304 0.094636 -0.507616
v -0.000381 0.094681 -0.507662
v 0.000018 0.094274 -0.507021
v -0.001795 0.093013 -0.506915
v -0.003097 0.093005 -0.507486
v -0.006654 0.091896 -0.506828
v -0.006910 0.092469 -0.507476
v -0.010966 0.092499 -0.506832
v -0.010762 0.093021 -0.507487
v -0.013899 0.094336 -0.507026
v -0.013497 0.094740 -0.507667
v -0.013602 0.094668 -0.507653
v -0.013899 0.094336 -0.507026
v -0.016430 0.097280 -0.507276
v -0.016908 0.099558 -0.508062
v -0.018808 0.105363 -0.507957
v -0.018101 0.104059 -0.508451
v -0.019094 0.120509 -0.509183
v -0.018493 0.120351 -0.509778
v -0.015767 0.127690 -0.509826
v -0.015268 0.127227 -0.510357
v -0.015642 0.127626 -0.509828
v -0.013879 0.129350 -0.509973
v -0.013500 0.128825 -0.510536
v -0.013879 0.129350 -0.509973
v -0.011913 0.130602 -0.510079
v -0.010603 0.130485 -0.510647
v -0.007076 0.131703 -0.510177
v -0.006911 0.131031 -0.510722
v -0.002972 0.131095 -0.510089
v -0.003169 0.130468 -0.510646
v 0.000142 0.129288 -0.509968
v -0.000240 0.128765 -0.510531
v 0.000142 0.129288 -0.509968
v 0.001927 0.127518 -0.509819
v 0.001086 0.126875 -0.509826
v 0.004626 0.122775 -0.509427
v 0.003476 0.123959 -0.510113
v 0.005459 0.119518 -0.501445
v 0.004853 0.119512 -0.500837
v 0.004778 0.122978 -0.501722
v 0.003472 0.124709 -0.501279
v 0.001112 0.127553 -0.502080
v 0.001461 0.127825 -0.501527
v 0.001927 0.128163 -0.502162
v -0.000850 0.130692 -0.502400
v -0.001184 0.130233 -0.501754
v -0.004810 0.132225 -0.502466
v -0.004183 0.131477 -0.501834
v -0.008364 0.131736 -0.501891
v -0.011951 0.131239 -0.502553
v -0.012577 0.130269 -0.501755
v -0.015642 0.128270 -0.502171
v -0.015179 0.127929 -0.501536
v -0.014807 0.127630 -0.502056
v -0.018389 0.123504 -0.501765
v -0.017706 0.123818 -0.501229
v -0.019274 0.119652 -0.501457
v -0.018733 0.118370 -0.500731
v -0.018701 0.104665 -0.500185
v -0.018097 0.104800 -0.499593
v -0.017467 0.100014 -0.499804
v -0.016904 0.100296 -0.499221
v -0.014013 0.094903 -0.499365
v -0.013575 0.095434 -0.498844
v -0.013497 0.095486 -0.498805
v -0.013899 0.094981 -0.499369
v -0.012070 0.093647 -0.499252
v -0.010754 0.093760 -0.498697
v -0.008874 0.092619 -0.499217
v -0.006910 0.093215 -0.498614
v -0.002887 0.093121 -0.499251
v -0.003089 0.093746 -0.498692
v 0.000018 0.094918 -0.499364
v -0.000381 0.095427 -0.498800
v -0.000278 0.095354 -0.498801
v 0.000024 0.094914 -0.499361
v 0.003123 0.100046 -0.499076
v 0.005002 0.105913 -0.500286
v 0.004283 0.104702 -0.499582
v -0.001782 0.130673 -0.510085
v -0.001848 0.131217 -0.502419
v -0.012017 0.130762 -0.510092
v -0.011978 0.131346 -0.502430
v -0.012139 0.092948 -0.506909
v -0.012071 0.093687 -0.499261
v -0.001795 0.093013 -0.506915
v -0.001795 0.093657 -0.499258
v -0.006910 0.127012 -0.510383
v -0.006910 0.096489 -0.507814
v -0.006910 0.092469 -0.507476
v -0.006910 0.127758 -0.501521
v -0.006910 0.097235 -0.498952
v -0.006910 0.093215 -0.498614
v 0.007875 0.086347 0.051850
v 0.004239 0.081316 0.049505
v -0.001478 0.077121 0.047247
v -0.006912 0.076706 0.042008
v 0.009525 0.088703 0.297814
v 0.004050 0.076420 0.264747
v 0.001332 0.127642 0.288898
v -0.010564 0.128459 0.284397
v 0.007552 0.081261 0.264053
v -0.006910 0.070703 0.272024
v 0.007863 0.070696 0.331684
v 0.000723 0.064748 0.319752
v -0.006911 0.062918 0.319800
v -0.004991 0.116941 0.335016
v 0.009564 0.051029 0.421332
v 0.006596 0.054465 0.378564
v 0.007595 0.039769 0.425413
v -0.006909 0.046835 0.378338
v -0.001576 0.048115 0.377164
v -0.001641 0.031302 0.423724
v -0.006914 0.030211 0.424483
v 0.003976 0.035448 0.423584
v 0.001014 0.099943 0.381120
v -0.015581 0.100201 0.379970
v 0.007288 0.098096 0.155834
v 0.003049 0.087183 0.426139
v -0.003238 0.088804 0.422507
v 0.010166 0.089229 0.445864
v 0.000784 0.094312 0.445684
v -0.001484 -0.003068 0.531371
v -0.006909 -0.005062 0.535014
v 0.006994 0.005073 0.528236
v 0.010215 0.088982 0.534144
v 0.001945 0.094601 0.515393
v -0.010876 0.095408 0.515620
v -0.006642 0.091291 0.567699
v -0.021702 0.086407 0.052014
v -0.006904 0.076150 0.048979
v -0.018017 0.081258 0.050028
v -0.012327 0.077116 0.047275
v -0.023468 0.088866 0.310062
v -0.021732 0.081265 0.271170
v -0.017862 0.076706 0.264026
v -0.012256 0.072564 0.264140
v -0.006910 0.070646 0.272505
v -0.021659 0.070809 0.330717
v -0.014338 0.064646 0.319694
v -0.006912 0.062929 0.319665
v -0.023389 0.051127 0.421170
v -0.020503 0.054864 0.377720
v -0.021429 0.039671 0.425779
v -0.006903 0.047156 0.377510
v -0.006907 0.030211 0.424483
v -0.012179 0.031302 0.423724
v -0.012041 0.047863 0.377629
v -0.017796 0.035448 0.423585
v -0.021109 0.097944 0.155621
v -0.023988 0.089228 0.445861
v -0.006911 -0.005062 0.535014
v -0.012336 -0.003068 0.531371
v -0.020827 0.005070 0.528294
v -0.024115 0.085884 0.557030
v -0.022429 0.091341 0.522894
v -0.020453 0.086340 0.579972
v -0.014408 0.094044 0.443662
v -0.016019 0.087834 0.422563
v -0.013806 0.088953 0.429924
v -0.010200 0.123564 0.318157
v -0.018561 0.124287 0.320002
v -0.015958 0.127409 -0.041649
v 0.006930 0.087846 0.568100
v 0.005048 0.124249 0.319640
v 0.000393 0.128151 0.262802
v -0.023273 0.123530 0.284822
v -0.024117 0.120746 0.319149
v -0.023766 0.083076 0.426045
v 0.010028 0.111866 0.048493
v 0.010243 0.120566 -0.041614
v 0.009953 0.096054 0.378148
v 0.009952 0.083055 0.425943
v -0.023850 0.111905 0.048565
v -0.023731 0.096178 0.377814
v -0.023271 0.123414 -0.041640
v 0.009489 0.121463 0.319397
v 0.009511 0.123690 0.262395
v 0.007609 0.109625 0.156359
v 0.007213 0.099294 0.054781
v 0.007486 0.104147 0.160157
v -0.021464 0.110223 0.051222
v 0.007360 0.102635 0.048197
v -0.021290 0.104153 0.160111
v -0.021302 0.105160 0.047738
v -0.023630 0.101118 0.164730
v 0.009788 0.101189 0.164682
v 0.009888 0.107050 0.043114
v 0.009968 0.110969 0.160550
v -0.023372 0.098167 0.047502
v -0.023707 0.107047 0.043116
v -0.023845 0.111123 0.160508
v 0.008242 0.071186 0.644802
v 0.009929 0.072450 0.643393
v 0.000247 -0.029046 0.632645
v -0.006969 -0.029751 0.634987
v -0.002441 -0.028474 0.634638
v -0.002415 -0.028538 0.634863
v -0.006910 -0.029167 0.634628
v -0.014013 0.077638 0.643623
v -0.010397 0.075940 0.645086
v -0.012377 0.075603 0.645117
v -0.017766 0.074110 0.645236
v -0.006926 0.076016 0.645388
v 0.003939 0.074098 0.645091
v -0.001442 0.075610 0.645118
v 0.003939 0.074098 0.645091
v 0.002191 0.077008 0.643512
v -0.001442 0.075610 0.645118
v -0.023726 0.072478 0.643438
v -0.022017 0.071165 0.644746
v 0.007873 -0.020245 0.632736
v 0.009775 0.042393 0.637182
v -0.021699 -0.020207 0.632806
v -0.006852 -0.029758 0.635003
v -0.014226 -0.028952 0.632668
v -0.023606 0.042975 0.637266
v 0.008155 0.048259 0.640420
v -0.021889 0.041077 0.639255
v -0.016430 -0.024952 0.634906
v 0.005617 -0.020929 0.635037
v -0.019492 -0.020939 0.634755
v 0.007915 0.024192 0.637621
v 0.008090 0.047959 0.640131
v 0.006994 -0.002894 0.635567
v 0.007901 0.028573 0.637695
v 0.006994 -0.002894 0.635567
v 0.005545 -0.020887 0.634739
v 0.002542 -0.024913 0.634658
v 0.002542 -0.024913 0.634658
v -0.011388 -0.028497 0.634717
v -0.011380 -0.028474 0.634638
v -0.021908 0.047960 0.640128
v -0.021168 0.002982 0.635919
v -0.021763 0.028601 0.637739
v -0.020822 -0.002895 0.635568
v -0.019490 -0.020932 0.634737
v -0.016362 -0.024913 0.634658
v -0.017759 0.074098 0.645091
v 0.009442 0.123418 -0.041638
v 0.010076 0.120270 -0.041544
v -0.001139 0.127820 -0.041795
v -0.006910 0.128126 -0.041548
v -0.003413 0.128357 -0.041643
v -0.023897 0.120270 -0.041545
v -0.024065 0.120546 -0.041615
v -0.023361 0.106417 -0.041611
v 0.004507 0.126164 -0.041548
v 0.009310 0.123354 -0.041792
v 0.004611 0.126397 -0.041650
v 0.007376 0.095779 -0.041608
v -0.006908 0.086023 -0.041626
v -0.001651 0.086958 -0.041603
v 0.003879 0.091013 -0.041607
v -0.021517 0.096348 -0.041603
v -0.012167 0.086960 -0.041603
v -0.006912 0.086023 -0.041626
v -0.017699 0.091016 -0.041608
v -0.023136 0.123359 -0.041810
v -0.006910 0.086132 -0.041573
v 0.009189 0.103995 -0.041544
v -0.017647 0.091091 -0.041566
v -0.018365 0.126277 -0.041845
v -0.012625 0.127730 -0.041548
v 0.009107 0.119879 0.187215
v 0.008855 0.124367 0.184789
v 0.010302 0.120681 0.185352
v -0.006910 0.091184 -0.052589
v -0.006910 0.091184 -0.041574
v -0.006910 0.091184 -0.052589
v -0.006910 0.091184 -0.041574
v -0.001501 0.128565 -0.052589
v -0.012320 0.128565 -0.041574
v 0.009832 0.122523 -0.051608
v 0.007935 0.094498 -0.051611
v 0.004027 0.089256 -0.051606
v -0.006897 0.085217 -0.051861
v -0.006917 0.085312 -0.051759
v -0.012685 0.086159 -0.051588
v -0.021851 0.094721 -0.051610
v -0.023538 0.122817 -0.051611
v -0.020421 0.128594 -0.051607
v -0.004707 0.134830 -0.051595
v 0.001693 0.132822 -0.051600
v 0.006765 0.128421 -0.051605
v 0.008578 0.125609 -0.042558
v 0.004353 0.130949 -0.042560
v -0.001295 0.134126 -0.042566
v -0.009073 0.134835 -0.042568
v -0.015415 0.132875 -0.042562
v -0.023534 0.122826 -0.042554
v -0.024495 0.117487 -0.042535
v -0.023592 0.100487 -0.042536
v -0.021856 0.094730 -0.042553
v -0.017945 0.089359 -0.042558
v -0.012696 0.086161 -0.042574
v -0.006923 0.085219 -0.042305
v -0.006902 0.085311 -0.042402
v 0.004018 0.089250 -0.042559
v 0.007930 0.094489 -0.042553
v 0.009769 0.100349 -0.042542
v 0.009521 0.124902 -0.051629
v 0.010262 0.122193 -0.042535
v 0.002170 0.132940 -0.042535
v -0.003611 0.135361 -0.051629
v -0.008720 0.134892 -0.042535
v -0.018566 0.131025 -0.051629
v -0.017825 0.131648 -0.042535
v -0.024307 0.120492 -0.051629
v -0.024092 0.121425 -0.042535
v -0.022950 0.096740 -0.051629
v -0.023162 0.097463 -0.042535
v -0.015074 0.086833 -0.051629
v -0.015852 0.087304 -0.042535
v -0.006910 0.085434 -0.051629
v -0.006910 0.085434 -0.042535
v -0.006910 0.085434 -0.051629
v 0.001950 0.087255 -0.051629
v 0.001180 0.086796 -0.042535
v -0.006910 0.085434 -0.042535
v 0.009317 0.097319 -0.051629
v 0.009079 0.096554 -0.042535
v -0.004847 0.073058 0.139855
v -0.004722 0.075630 0.139855
v -0.002062 0.072974 0.141263
v -0.004847 0.073058 0.139855
v -0.004722 0.075630 0.139855
v -0.002034 0.075630 0.141391
v 0.000065 0.072768 0.279887
v -0.013981 0.075417 0.259487
v -0.013902 0.072750 0.279967
v -0.000781 0.041933 0.276898
v -0.013884 0.072774 0.279953
v -0.013154 0.041923 0.277530
v 0.000093 0.072748 0.279981
v 0.000161 0.075417 0.259487
v -0.011760 0.056264 0.190095
v -0.011758 0.049969 0.220432
v -0.011767 0.061963 0.168123
v -0.002050 0.056254 0.190093
v -0.002050 0.049967 0.220426
v -0.002075 0.061981 0.168133
v -0.002042 0.069433 0.157866
v -0.011928 0.049988 0.220414
v -0.011921 0.075316 0.221468
v -0.001892 0.049988 0.220414
v -0.001909 0.075316 0.221479
v -0.001064 0.075317 0.221442
v -0.012007 0.075284 0.222274
v -0.012108 0.043199 0.250050
v -0.012126 0.044429 0.250689
v -0.001891 0.036969 0.276771
v -0.000807 0.036782 0.277537
v -0.000661 0.036795 0.277877
v 0.000184 0.075421 0.259462
v -0.000800 0.045667 0.258719
v -0.000738 0.045908 0.253628
v -0.000616 0.041265 0.278840
v -0.000714 0.042135 0.277144
v -0.013958 0.075425 0.259414
v -0.013050 0.045876 0.253632
v -0.013233 0.040505 0.279519
v -0.013190 0.041569 0.278486
v -0.000729 0.045207 0.251928
v -0.013044 0.045167 0.251948
v -0.000759 0.044351 0.250749
v -0.013055 0.044338 0.250745
v -0.012061 0.041662 0.278270
v -0.001854 0.041635 0.278536
v -0.012021 0.037284 0.279955
v -0.012046 0.039627 0.280125
v -0.013071 0.036841 0.278910
v -0.001830 0.040625 0.279577
v -0.000649 0.040464 0.279506
v -0.001727 0.037420 0.279981
v -0.000882 0.037338 0.279855
v -0.013208 0.039281 0.280224
v -0.013100 0.037534 0.280025
v -0.001765 0.039290 0.280260
v -0.000625 0.039120 0.280299
v -0.011765 0.069445 0.157871
v -0.002055 0.071726 0.151996
v -0.011765 0.071726 0.151996
v -0.011648 0.073047 0.141433
v -0.001717 0.043054 0.249945
v -0.001681 0.044437 0.250679
v -0.001664 0.046111 0.253821
v -0.001682 0.045281 0.251887
v -0.012113 0.045992 0.253639
v -0.012128 0.045272 0.251892
v -0.011746 0.061242 0.169262
v -0.002075 0.061438 0.169102
v -0.001979 0.075708 0.189384
v -0.011841 0.075692 0.189298
v -0.013094 0.037814 0.280489
v -0.000684 0.037449 0.280759
v -0.000758 0.037503 0.280083
v -0.002074 0.070892 0.155538
v -0.011746 0.070653 0.155823
v -0.011743 0.073058 0.141708
v -0.002082 0.073058 0.141693
v -0.011298 0.075630 0.140549
v -0.009797 0.073058 0.140032
v -0.004031 0.073058 0.140030
v -0.011841 0.050017 0.220319
v -0.001979 0.050017 0.220319
v -0.012103 0.043087 0.249930
v -0.012127 0.043954 0.329786
v -0.011913 0.051896 0.333545
v -0.011943 0.058444 0.335378
v -0.011920 0.051899 0.333587
v -0.011918 0.058453 0.335404
v -0.001902 0.051884 0.333581
v -0.001902 0.058435 0.335404
v -0.001919 0.053209 0.333819
v -0.001668 0.047739 0.333396
v -0.001877 0.058444 0.335378
v -0.011943 0.058504 0.327810
v -0.011947 0.051898 0.329646
v -0.011920 0.058490 0.327778
v -0.011919 0.051884 0.329625
v -0.001908 0.058495 0.327797
v -0.001900 0.051900 0.329618
v -0.001878 0.058506 0.327810
v -0.001908 0.051896 0.329661
v -0.001939 0.038184 0.276230
v -0.011880 0.038184 0.276235
v -0.001937 0.037832 0.275948
v -0.011884 0.037832 0.275949
v -0.001809 0.037210 0.278501
v -0.001966 0.038129 0.276235
v -0.001866 0.058939 0.276026
v -0.011966 0.038095 0.276191
v -0.001901 0.040252 0.329209
v -0.011933 0.040260 0.329175
v -0.001895 0.040743 0.333110
v -0.001877 0.043906 0.329842
v -0.011922 0.040388 0.333108
v -0.001909 0.040391 0.333082
v -0.011925 0.040743 0.333110
v -0.001877 0.040307 0.328946
v -0.011943 0.040308 0.328946
v -0.011919 0.040326 0.328915
v -0.001909 0.040312 0.328929
v -0.001898 0.037018 0.325448
v -0.011920 0.037005 0.325437
v -0.001877 0.037125 0.330253
v -0.001690 0.034357 0.324905
v -0.001901 0.040405 0.332963
v -0.011911 0.040417 0.332947
v -0.011905 0.036226 0.329243
v -0.001902 0.037098 0.330259
v -0.012142 0.034368 0.324943
v -0.011943 0.037125 0.330253
v -0.001912 0.032871 0.320781
v -0.001896 0.034177 0.317156
v -0.011920 0.034166 0.317129
v -0.001877 0.032706 0.318912
v -0.001877 0.034489 0.318741
v -0.011913 0.032367 0.317196
v -0.011943 0.034489 0.318741
v -0.011943 0.032706 0.318912
v -0.001761 0.033174 0.308796
v -0.001901 0.033195 0.308749
v -0.011943 0.034842 0.310412
v -0.011943 0.033214 0.308831
v -0.011945 0.037321 0.290327
v -0.001902 0.037471 0.290050
v -0.011918 0.037461 0.290080
v -0.001877 0.037442 0.290058
v -0.001902 0.040013 0.284983
v -0.011918 0.039998 0.285002
v -0.001877 0.039986 0.284977
v -0.011943 0.039986 0.284977
v -0.001902 0.047248 0.279297
v -0.011910 0.047236 0.279281
v -0.001867 0.047238 0.279265
v -0.011952 0.047236 0.279266
v -0.011918 0.047246 0.279297
v -0.001910 0.047246 0.279278
v -0.001902 0.054976 0.279220
v -0.011919 0.054999 0.279223
v -0.011946 0.054989 0.279196
v -0.001890 0.060988 0.280131
v -0.011916 0.063259 0.276398
v -0.001907 0.063371 0.276423
v -0.011942 0.058937 0.276031
v -0.001900 0.063964 0.281243
v -0.011932 0.063951 0.281270
v -0.001857 0.065875 0.277231
v -0.011943 0.061000 0.280141
v -0.001877 0.063875 0.281459
v -0.011943 0.063875 0.281459
v -0.011943 0.065874 0.277239
v -0.011921 0.063854 0.281487
v -0.001908 0.063868 0.281474
v -0.001880 0.066554 0.284914
v -0.011938 0.066566 0.284945
v -0.001899 0.058485 0.327775
v -0.011914 0.058498 0.327790
v -0.011902 0.059870 0.326580
v -0.001919 0.059873 0.326578
v -0.011292 0.061337 0.324790
v -0.002538 0.061389 0.324728
v -0.001902 0.065265 0.304909
v -0.011918 0.065273 0.304854
v -0.001779 0.069710 0.305777
v -0.001881 0.065299 0.304846
v -0.011940 0.065295 0.304892
v -0.012041 0.069710 0.305777
v -0.002434 0.062603 0.320386
v -0.011388 0.062622 0.320307
v -0.011946 0.036987 0.325459
v -0.001881 0.036983 0.325459
v -0.001920 0.034951 0.308526
v -0.011900 0.037215 0.278753
v -0.001910 0.054992 0.279182
v -0.001365 0.136159 0.061154
v 0.000339 0.126604 0.061154
v 0.000339 0.137399 0.061154
v 0.000339 0.139159 0.006984
v -0.001365 0.139291 0.007097
v 0.000339 0.126604 -0.008791
v -0.001365 0.137630 -0.008914
v 0.000339 0.139682 -0.008602
v 0.000339 0.138680 0.006562
v -0.014159 0.138680 0.006562
v -0.014159 0.126604 0.061154
v -0.014159 0.138606 -0.008791
v -0.012456 0.137630 -0.008933
v -0.014159 0.126604 -0.008791
v -0.014159 0.139291 0.007097
v -0.012456 0.139159 0.006984
v -0.014159 0.126604 0.061154
v -0.012456 0.136159 0.061154
v -0.014159 0.137399 0.061154
v -0.001365 0.137399 0.061154
v 0.000339 0.141469 0.003301
v -0.012456 0.137399 0.061154
v -0.014159 0.141469 0.003301
v -0.014159 0.139984 0.013714
v -0.014159 0.137399 0.061154
v -0.012456 0.139613 0.006377
v -0.014159 0.139516 0.006396
v -0.012456 0.136159 0.061154
v -0.012456 0.136159 0.061154
v -0.001365 0.136159 0.061154
v -0.001365 0.139984 0.013714
v 0.000339 0.139613 0.006377
v 0.000339 0.137399 0.061154
v 0.000339 0.139984 0.013714
v 0.000339 0.126604 0.061154
v 0.000339 0.126604 0.061154
v -0.014159 0.126604 0.061154
v -0.014159 0.126604 -0.008791
v 0.000339 0.126604 -0.008791
v 0.000339 0.142355 -0.003936
v 0.000339 0.126604 -0.008791
v 0.000339 0.140955 -0.007047
v -0.001365 0.142557 -0.004809
v -0.001365 0.137828 -0.008655
v -0.001365 0.137843 -0.008788
v -0.012456 0.137857 -0.008788
v -0.012456 0.140955 -0.007047
v -0.012456 0.137828 -0.008655
v -0.014159 0.142526 -0.005102
v -0.014159 0.140955 -0.007047
v -0.014159 0.126604 -0.008791
v 0.000339 0.142682 -0.002268
v -0.001365 0.136159 -0.002960
v -0.001365 0.136159 -0.002977
v -0.012456 0.136159 -0.002960
v -0.012456 0.142355 -0.003936
v -0.014159 0.142355 -0.003936
v 0.000339 0.142438 -0.000191
v -0.012456 0.142438 -0.000191
v -0.012456 0.136159 -0.002960
v -0.014159 0.142438 -0.000191
v -0.012456 0.141469 0.003301
v 0.000339 0.138606 -0.008791
v -0.014159 0.138606 -0.008791
v -0.014662 0.137907 0.068241
v 0.000841 0.137907 0.068241
v 0.000841 0.143684 0.068159
v -0.014662 0.143684 0.068159
v 0.000841 0.143538 0.057938
v -0.014662 0.143538 0.057938
v 0.000841 0.137762 0.058020
v -0.014662 0.137762 0.058020
v -0.014662 0.137762 0.058020
v 0.000841 0.137762 0.058020
v 0.000841 0.137907 0.068241
v -0.014662 0.137907 0.068241
v 0.000841 0.138946 0.060048
v 0.000841 0.139033 0.066181
v 0.000841 0.142412 0.059998
v 0.000841 0.142499 0.066131
v -0.014662 0.137762 0.058020
v -0.014662 0.137907 0.068241
v -0.014662 0.139033 0.066181
v -0.014662 0.138946 0.060048
v -0.014662 0.142499 0.066131
v -0.014662 0.142412 0.059998
v 0.002594 0.139036 0.060135
v 0.002586 0.139141 0.066091
v 0.002624 0.139093 0.060190
v 0.002639 0.139170 0.066040
v -0.016321 0.139023 0.059611
v -0.016444 0.139176 0.066034
v -0.016407 0.139056 0.060135
v -0.016414 0.139121 0.066091
v 0.002639 0.142275 0.060139
v 0.002624 0.142352 0.065989
v -0.016459 0.142358 0.065994
v -0.016138 0.142339 0.059914
v 0.000841 0.139033 0.066181
v 0.000841 0.138946 0.060048
v 0.000841 0.138946 0.060048
v 0.000841 0.142412 0.059998
v 0.002278 0.142375 0.060347
v 0.002238 0.138946 0.060048
v 0.000841 0.142499 0.066131
v 0.002594 0.142409 0.066044
v 0.000841 0.139033 0.066181
v 0.002238 0.139033 0.066181
v -0.014662 0.138946 0.060048
v -0.014662 0.139033 0.066181
v -0.014662 0.139033 0.066181
v -0.014662 0.142499 0.066131
v -0.016099 0.142453 0.065784
v -0.016058 0.139033 0.066181
v -0.014662 0.142412 0.059998
v -0.016414 0.142324 0.060088
v -0.014662 0.138946 0.060048
v -0.016058 0.138946 0.060048
v -0.001709 0.141196 -0.007211
v -0.012111 0.141196 -0.007211
v -0.012111 0.145732 0.077830
v -0.008024 0.145967 0.077244
v -0.012111 0.145413 0.081285
v -0.007950 0.145413 0.081285
v -0.012111 0.145179 0.081848
v -0.007891 0.142592 0.080249
v -0.005929 0.142592 0.080249
v -0.001709 0.145179 0.081848
v -0.005870 0.145413 0.081285
v -0.005870 0.145972 0.077384
v -0.001709 0.145413 0.081285
v -0.001709 0.145972 0.077384
v -0.001709 0.145952 0.077423
v -0.005796 0.145967 0.077244
v -0.002665 0.118848 0.318040
v -0.000765 0.120753 0.184377
v -0.006910 0.117544 0.318040
v -0.006910 0.117544 0.184377
v -0.006910 0.117544 0.318040
v -0.010718 0.118687 0.318040
v -0.011155 0.118848 0.184377
v -0.006910 0.117544 0.184377
v -0.013081 0.124775 0.318040
v -0.012350 0.127063 0.184377
v -0.007608 0.129765 0.318040
v -0.004311 0.129243 0.184377
v -0.001171 0.126102 0.318040
v -0.003335 0.118519 0.336319
v -0.003941 0.121057 0.340934
v -0.006892 0.119618 0.340929
v -0.006910 0.117544 0.336266
v -0.010546 0.118563 0.336319
v -0.006910 0.117544 0.336266
v -0.006925 0.119650 0.340962
v -0.009651 0.120709 0.341011
v -0.013101 0.124531 0.336392
v -0.010751 0.124167 0.340865
v -0.009336 0.126846 0.340328
v -0.010680 0.128880 0.336520
v -0.009188 0.126668 0.340805
v -0.006763 0.127350 0.340869
v -0.003348 0.128552 0.336513
v -0.004658 0.126629 0.341003
v -0.000704 0.124439 0.336392
v -0.003407 0.128325 0.336266
v -0.004634 0.126612 0.340962
v -0.003050 0.124152 0.341011
v -0.001960 0.122709 0.343860
v -0.003372 0.119951 0.343860
v -0.006885 0.118458 0.343891
v -0.006947 0.118389 0.343857
v -0.010462 0.119965 0.343860
v -0.011864 0.122729 0.343860
v -0.011373 0.125788 0.343860
v -0.009842 0.127539 0.343842
v -0.009886 0.127663 0.343857
v -0.006116 0.128454 0.343860
v -0.003978 0.127539 0.343842
v -0.003978 0.127539 0.343842
v -0.002438 0.125771 0.343860
v -0.003370 0.119965 0.343908
v -0.002166 0.121962 0.343842
v -0.000433 0.120200 0.345350
v -0.003611 0.117024 0.345350
v -0.006840 0.118430 0.343927
v -0.006910 0.116258 0.345255
v -0.006974 0.118466 0.343984
v -0.006910 0.116258 0.345255
v -0.010213 0.117026 0.345350
v -0.010448 0.119963 0.343908
v -0.013390 0.120205 0.345350
v -0.011854 0.122719 0.343908
v -0.014091 0.124643 0.345350
v -0.011654 0.125045 0.343842
v -0.010451 0.127042 0.343908
v -0.012050 0.128647 0.345350
v -0.008452 0.128247 0.343842
v -0.008045 0.130685 0.345350
v -0.006129 0.128448 0.343908
v -0.004671 0.130395 0.345255
v -0.003372 0.127044 0.343908
v -0.001767 0.128643 0.345350
v -0.001966 0.124288 0.343908
v 0.000272 0.124638 0.345350
v 0.000479 0.120697 0.346893
v -0.006882 0.116089 0.346893
v -0.007044 0.115521 0.346893
v -0.014523 0.122655 0.346893
v -0.011049 0.129716 0.346893
v -0.003122 0.130161 0.346893
v -0.000433 0.120206 0.346799
v -0.003608 0.117029 0.346799
v -0.006910 0.116258 0.346893
v -0.010207 0.117026 0.346799
v -0.006910 0.116258 0.346893
v -0.013385 0.120201 0.346799
v -0.014089 0.124638 0.346799
v -0.012052 0.128641 0.346799
v -0.009149 0.130395 0.346893
v -0.005776 0.130683 0.346799
v -0.001773 0.128645 0.346799
v 0.000268 0.124643 0.346799
v -0.003102 0.118687 0.318040
v -0.006910 0.117544 0.318040
v -0.012747 0.120148 0.318040
v -0.006910 0.117544 0.318040
v -0.010576 0.128484 0.318040
v -0.010468 0.132627 0.327936
v -0.011789 0.132406 0.318040
v -0.003488 0.132334 0.329608
v -0.002031 0.132406 0.318040
v -0.000739 0.124775 0.318040
v -0.003407 0.128325 0.318040
v -0.005030 0.131794 0.267769
v -0.011788 0.131794 0.268552
v -0.011788 0.132406 0.268552
v -0.006909 0.133613 0.267818
v -0.010542 0.132377 0.328957
v -0.002965 0.132380 0.328893
v -0.002032 0.132406 0.268552
v -0.010458 0.131600 0.332451
v -0.006165 0.133387 0.330821
v -0.002031 0.130366 0.318040
v -0.003407 0.128325 0.318040
v -0.005967 0.129459 0.318040
v -0.005068 0.130366 0.318040
v -0.002031 0.130366 0.318040
v -0.008752 0.129171 0.318040
v -0.010413 0.128325 0.318040
v -0.010413 0.130366 0.318040
v -0.010106 0.128337 0.318071
v -0.002031 0.130366 0.268552
v -0.005068 0.130366 0.268020
v -0.005068 0.131794 0.318040
v -0.011789 0.131794 0.318040
v -0.011789 0.131794 0.318040
v -0.011788 0.131794 0.268552
v -0.007001 0.131794 0.267751
v -0.011788 0.132406 0.268552
v -0.011788 0.131794 0.268552
v -0.006914 0.133597 0.267741
v -0.011788 0.132406 0.268552
v -0.005068 0.131794 0.318040
v -0.005068 0.131794 0.268020
v -0.002032 0.132406 0.268552
v -0.002032 0.132406 0.268552
v -0.002031 0.130366 0.318040
v -0.005068 0.130366 0.318040
v -0.005068 0.130366 0.268020
v -0.002031 0.130366 0.268552
v -0.005068 0.131794 0.318040
v -0.005068 0.131794 0.268020
v -0.002031 0.130366 0.268552
v 0.027400 0.122418 0.244362
v 0.027394 0.123971 0.242802
v 0.027389 0.126108 0.242226
v 0.026865 0.128739 0.243818
v 0.029420 0.131504 0.243435
v 0.026871 0.129677 0.247477
v 0.029414 0.132338 0.246501
v 0.026849 0.127060 0.250150
v 0.027396 0.123977 0.250176
v 0.027397 0.122414 0.248611
v 0.027401 0.121849 0.246486
v 0.029497 0.123180 0.241289
v 0.029497 0.120973 0.243495
v 0.029497 0.126194 0.240481
v 0.029497 0.129209 0.241289
v 0.029497 0.131415 0.249524
v 0.029497 0.129209 0.251730
v 0.029497 0.126194 0.252538
v 0.029497 0.123180 0.251730
v 0.029497 0.120973 0.249524
v 0.029497 0.120166 0.246509
v 0.029484 0.120144 0.244840
v 0.029455 0.123123 0.241174
v 0.029373 0.122954 0.240916
v 0.029443 0.126228 0.240337
v 0.029455 0.129279 0.241182
v 0.029373 0.129419 0.240907
v 0.029484 0.132268 0.244930
v 0.029443 0.131523 0.249624
v 0.029455 0.129266 0.251845
v 0.029373 0.129434 0.252103
v 0.029443 0.126161 0.252682
v 0.029455 0.123109 0.251837
v 0.029373 0.122970 0.252112
v 0.029443 0.120832 0.249567
v 0.036583 0.122970 0.240907
v 0.036615 0.120563 0.243359
v 0.036615 0.126107 0.240057
v 0.036583 0.129434 0.240916
v 0.036615 0.131739 0.243208
v 0.036615 0.132647 0.246422
v 0.036615 0.131826 0.249660
v 0.036583 0.129418 0.252112
v 0.036615 0.126281 0.252962
v 0.036583 0.122954 0.252103
v 0.036615 0.120650 0.249811
v 0.036615 0.119742 0.246597
v 0.036501 0.123109 0.241182
v 0.036501 0.129266 0.241174
v 0.036501 0.129279 0.251837
v 0.036501 0.123123 0.251845
v 0.036885 0.120321 0.243488
v 0.036732 0.123012 0.240959
v 0.036459 0.126194 0.240481
v 0.036885 0.129216 0.240636
v 0.036732 0.131745 0.243327
v 0.036459 0.132223 0.246509
v 0.036885 0.132068 0.249531
v 0.036459 0.129209 0.251730
v 0.036885 0.126514 0.253107
v 0.036459 0.123180 0.251730
v 0.036885 0.120641 0.250085
v 0.036459 0.120166 0.246509
v 0.002433 0.122189 0.189263
v -0.003159 0.122106 0.190080
v 0.002401 0.125105 0.188480
v -0.003230 0.129160 0.190147
v 0.001907 0.127401 0.188685
v 0.000761 0.128591 0.189263
v 0.003968 0.126848 0.257736
v -0.004002 0.122119 0.257459
v -0.003998 0.129061 0.257193
v 0.002270 0.128781 0.257182
v -0.004266 0.128757 0.256902
v 0.004142 0.122190 0.257227
v -0.003790 0.122189 0.243667
v 0.004208 0.122190 0.257239
v 0.004624 0.122189 0.229930
v 0.004413 0.122194 0.229393
v 0.002952 0.128281 0.229930
v -0.003984 0.122495 0.237062
v 0.002541 0.128630 0.257230
v 0.002849 0.127979 0.246575
v 0.002535 0.128591 0.257239
v -0.003997 0.122190 0.257129
v 0.004351 0.123833 0.246460
v 0.004374 0.124101 0.245296
v 0.004471 0.124589 0.244270
v 0.004333 0.124903 0.244562
v 0.003951 0.127117 0.244450
v 0.003953 0.127109 0.244546
v 0.003417 0.127834 0.245313
v 0.004349 0.124710 0.248574
v 0.004343 0.124102 0.247633
v 0.004247 0.124140 0.247557
v 0.002995 0.128187 0.246473
v 0.003390 0.127915 0.247628
v 0.003902 0.127111 0.248390
v 0.004285 0.124930 0.248365
v 0.003895 0.127114 0.248482
v 0.005395 0.124781 0.244452
v 0.005390 0.127096 0.244570
v 0.005395 0.124868 0.244403
v 0.005396 0.123843 0.247045
v 0.005391 0.124909 0.248359
v 0.005396 0.128160 0.247045
v 0.005395 0.127222 0.244452
v 0.005400 0.124874 0.248503
v 0.005391 0.127095 0.248359
v 0.005391 0.127094 0.248359
v 0.005433 0.123875 0.245894
v 0.005434 0.125434 0.244339
v 0.005860 0.124671 0.244163
v 0.005907 0.123415 0.245778
v 0.005907 0.126690 0.243880
v 0.005433 0.127561 0.244911
v 0.005394 0.124106 0.247561
v 0.005860 0.123698 0.247797
v 0.005907 0.128586 0.245770
v 0.005434 0.125429 0.248593
v 0.005907 0.125313 0.249053
v 0.005394 0.128190 0.246466
v 0.005433 0.127557 0.248025
v 0.005907 0.127897 0.248356
v 0.005875 0.124541 0.244039
v 0.010669 0.124653 0.244131
v 0.010675 0.123325 0.245772
v 0.005868 0.123359 0.247147
v 0.005863 0.124670 0.244160
v 0.005875 0.127374 0.243989
v 0.010682 0.124611 0.243955
v 0.010669 0.127350 0.244131
v 0.010682 0.124522 0.248926
v 0.005868 0.127487 0.244014
v 0.010675 0.128667 0.245730
v 0.010669 0.127352 0.244128
v 0.005863 0.124670 0.248773
v 0.005868 0.128630 0.247198
v 0.005875 0.124630 0.248944
v 0.010669 0.124653 0.248802
v 0.010682 0.127392 0.248978
v 0.005863 0.127333 0.248773
v 0.010675 0.127506 0.248950
v 0.005864 0.127331 0.248770
v 0.010726 0.124084 0.244545
v 0.011690 0.123306 0.243778
v 0.010673 0.123301 0.246467
v 0.011691 0.122326 0.247456
v 0.010726 0.126707 0.243845
v 0.011691 0.126982 0.242788
v 0.010726 0.124079 0.248384
v 0.010673 0.128340 0.245116
v 0.011691 0.129677 0.245476
v 0.011691 0.125021 0.250144
v 0.010726 0.128623 0.247172
v 0.010726 0.126701 0.249089
v 0.011691 0.128697 0.249154
v 0.011638 0.123925 0.243014
v 0.027452 0.124027 0.242954
v 0.027498 0.122037 0.245399
v 0.011628 0.122243 0.247437
v 0.011620 0.124107 0.243185
v 0.011638 0.127953 0.242943
v 0.026891 0.125883 0.241581
v 0.027459 0.124010 0.242896
v 0.026784 0.127905 0.243170
v 0.027468 0.122519 0.248547
v 0.011620 0.127897 0.243185
v 0.011628 0.129760 0.245496
v 0.026784 0.128419 0.242692
v 0.011620 0.124107 0.249748
v 0.027429 0.123993 0.250038
v 0.011638 0.124050 0.249990
v 0.026784 0.124098 0.249763
v 0.026784 0.127960 0.249983
v 0.011620 0.127896 0.249748
v 0.011638 0.128077 0.249918
v 0.026784 0.128177 0.250026
v 0.002060 0.122189 0.222095
v 0.000998 0.128926 0.222042
v 0.002379 0.122190 0.189261
v 0.002320 0.125082 0.188399
v 0.000946 0.128771 0.189140
v -0.003615 0.128737 0.201745
v -0.003615 0.122497 0.201745
v -0.001998 0.128718 0.197922
v -0.002039 0.128717 0.201745
v -0.001841 0.128806 0.201745
v -0.001801 0.128808 0.197922
v -0.002042 0.122498 0.201745
v -0.003615 0.128737 0.201745
v -0.002039 0.128717 0.201745
v -0.002002 0.122497 0.197922
v -0.002042 0.122498 0.201745
v -0.003576 0.128737 0.197922
v -0.002002 0.122497 0.197922
v -0.001998 0.128718 0.197922
v -0.003615 0.122497 0.201745
v -0.003576 0.122498 0.197922
v 0.026784 0.126002 0.242660
v 0.026784 0.124098 0.249763
v -0.003111 0.124953 0.189534
v -0.003160 0.122470 0.190265
v -0.003703 0.122075 0.197769
v -0.003192 0.129069 0.190477
v -0.003504 0.129061 0.197881
v -0.003402 0.122362 0.197920
v -0.001829 0.122306 0.197973
v -0.004029 0.122218 0.257116
v -0.004067 0.125207 0.257858
v -0.004002 0.129078 0.257194
v -0.004064 0.129048 0.257096
v -0.003222 0.122190 0.202098
v -0.003225 0.129045 0.202098
v -0.003618 0.128737 0.201745
v -0.003615 0.122497 0.201745
v -0.003448 0.128762 0.201859
v -0.001846 0.122344 0.197768
v -0.001890 0.122344 0.201899
v -0.001890 0.122343 0.201899
v -0.003462 0.122343 0.201899
v -0.003265 0.129045 0.197614
v -0.003424 0.129009 0.197892
v -0.004061 0.129045 0.257118
v 0.002380 0.122189 0.189272
v -0.003111 0.122189 0.190302
v -0.003574 0.122498 0.197922
v -0.009903 0.067104 0.311095
v -0.009879 0.067102 0.311115
v -0.003940 0.067103 0.311118
v -0.003921 0.067104 0.311094
v -0.009891 0.067103 0.302547
v -0.009854 0.063925 0.303068
v -0.009875 0.067106 0.302530
v -0.003939 0.067103 0.302510
v -0.003940 0.063453 0.303468
v -0.009798 0.044898 0.304745
v -0.009886 0.043765 0.306399
v -0.009823 0.044868 0.304760
v -0.009825 0.043752 0.306484
v -0.004002 0.044876 0.304768
v -0.009837 0.044879 0.304716
v -0.003998 0.043758 0.306475
v -0.004000 0.044891 0.304724
v -0.003940 0.043768 0.306397
v -0.003941 0.059304 0.307124
v -0.003920 0.056831 0.311869
v -0.003919 0.060497 0.306300
v -0.009879 0.056844 0.311891
v -0.003941 0.056816 0.311891
v -0.009982 0.057386 0.308779
v -0.009901 0.056831 0.311869
v -0.009867 0.057526 0.308172
v -0.009873 0.054444 0.308644
v -0.003952 0.054165 0.308653
v -0.003935 0.049191 0.310980
v -0.009873 0.048198 0.310793
v -0.003947 0.048162 0.310782
v -0.009900 0.050978 0.311286
v -0.009865 0.048316 0.307603
v -0.003937 0.048734 0.307832
v -0.003741 0.044995 0.308565
v -0.009889 0.047104 0.310082
v -0.009866 0.055459 0.308567
v -0.009865 0.044592 0.307885
v -0.004788 0.102125 -0.527980
v 0.003651 0.122351 -0.527952
v -0.017474 0.122360 -0.527956
v 0.003734 0.122296 -0.527855
v -0.017569 0.122307 -0.527891
v 0.003795 0.122402 -0.527974
v 0.003740 0.122388 -0.496806
v 0.003655 0.122360 -0.496822
v -0.017529 0.122377 -0.527971
v -0.017472 0.122351 -0.496825
v -0.017549 0.122384 -0.496811
v -0.017525 0.122332 -0.496864
v 0.003716 0.122342 -0.496831
v -0.016205 0.108138 -0.527993
v -0.016259 0.107773 -0.496775
v 0.002424 0.107788 -0.496782
v 0.001865 0.106751 -0.527991
v -0.002162 0.102663 -0.496785
v -0.009068 0.101691 -0.496791
v -0.011645 0.103078 -0.527993
v -0.013633 0.104374 -0.496779
v 0.002180 0.107767 -0.528029
v -0.015992 0.107769 -0.528009
v -0.000193 0.104800 -0.528021
v -0.013627 0.104800 -0.528021
v -0.016740 0.110825 -0.496762
v 0.001962 0.106985 -0.496732
v -0.015772 0.106988 -0.496758
v -0.000194 0.104382 -0.496758
v -0.013627 0.104381 -0.496758
v 0.002908 0.110827 -0.496791
v -0.000949 0.106223 -0.524805
v -0.011019 0.114147 -0.524810
v -0.004001 0.104413 -0.550711
v -0.002746 0.114147 -0.550702
v -0.006959 0.113279 -0.550699
v 0.001147 0.108618 -0.524827
v 0.001122 0.108080 -0.550661
v 0.002524 0.120350 -0.550658
v 0.002532 0.120266 -0.550550
v 0.002479 0.120331 -0.524861
v 0.002473 0.120333 -0.550646
v 0.000972 0.120332 -0.550646
v 0.000974 0.120338 -0.550657
v -0.016290 0.120322 -0.550642
v -0.016290 0.120337 -0.524862
v -0.016440 0.120371 -0.550668
v -0.016284 0.120325 -0.550639
v -0.014765 0.120334 -0.550661
v -0.014757 0.120342 -0.550658
v -0.015010 0.108571 -0.550691
v -0.016096 0.115966 -0.550684
v -0.014963 0.108621 -0.550673
v -0.014090 0.117513 -0.550685
v -0.002745 0.114146 -0.550672
v 0.000196 0.117511 -0.550684
v 0.000527 0.107439 -0.524832
v 0.002001 0.112541 -0.524828
v -0.016351 0.120269 -0.524964
v -0.016402 0.120371 -0.524856
v -0.014765 0.120329 -0.524857
v -0.014765 0.120335 -0.524850
v 0.002464 0.120325 -0.524873
v 0.000974 0.120338 -0.524854
v 0.002466 0.120327 -0.524866
v 0.000973 0.120343 -0.524861
v 0.000195 0.117511 -0.524827
v -0.011014 0.114148 -0.524838
v -0.014089 0.117512 -0.524827
v -0.003979 0.104321 -0.524800
v -0.005010 0.104081 -0.550658
v -0.011165 0.104828 -0.550685
v -0.011021 0.114143 -0.550688
v 0.001152 0.108618 -0.550696
v -0.008739 0.104015 -0.524832
v -0.014684 0.107826 -0.524854
v 0.002276 0.115969 -0.524827
v -0.002743 0.114142 -0.524823
v -0.014970 0.108618 -0.524821
v -0.011020 0.114152 -0.550674
v -0.006954 0.113284 -0.524837
v -0.006966 0.113284 -0.550674
v -0.002750 0.114154 -0.524836
v -0.006960 0.113273 -0.524827
v -0.005945 0.096380 -0.416156
v -0.005370 0.097293 -0.595743
v -0.006232 0.096817 -0.595694
v -0.006232 0.096817 -0.416156
v -0.008033 0.096919 -0.416156
v -0.006240 0.096791 -0.595816
v -0.007986 0.097039 -0.595855
v -0.008266 0.096733 -0.416156
v -0.009147 0.098888 -0.595795
v -0.007981 0.097045 -0.595851
v -0.008204 0.101010 -0.416156
v -0.007987 0.100766 -0.595855
v -0.008007 0.100802 -0.416156
v -0.005306 0.100784 -0.416156
v -0.008002 0.100912 -0.595771
v -0.005470 0.100502 -0.595855
v -0.005324 0.100616 -0.416156
v -0.005402 0.100546 -0.595839
v -0.005464 0.097297 -0.595770
v -0.006283 0.102849 -0.593535
v -0.006910 0.095108 -0.601795
v -0.006934 0.094966 -0.593538
v -0.010207 0.096491 -0.601795
v -0.011154 0.098432 -0.593538
v -0.010150 0.101045 -0.601795
v -0.006709 0.103003 -0.593538
v -0.005829 0.102864 -0.601795
v -0.006796 0.094528 -0.593538
v -0.006886 0.094966 -0.601795
v -0.002932 0.097806 -0.601795
v -0.002940 0.099329 -0.593538
v -0.006911 0.095159 -0.601956
v -0.008619 0.095532 -0.601937
v -0.006910 0.095138 -0.601865
v -0.009158 0.095848 -0.601816
v -0.010264 0.097177 -0.601937
v -0.010606 0.098113 -0.601830
v -0.010628 0.099475 -0.601936
v -0.010354 0.100433 -0.601830
v -0.009572 0.101548 -0.601937
v -0.008787 0.102163 -0.601830
v -0.006912 0.102693 -0.601866
v -0.006503 0.102640 -0.601830
v -0.006909 0.095063 -0.593514
v -0.004592 0.095696 -0.593518
v -0.006943 0.094816 -0.593562
v -0.010874 0.098259 -0.593534
v -0.009656 0.101632 -0.593510
v -0.006901 0.095108 -0.601882
v -0.006887 0.095063 -0.601918
v -0.005033 0.095611 -0.601830
v -0.004248 0.096225 -0.601937
v -0.003466 0.097340 -0.601830
v -0.003193 0.098297 -0.601936
v -0.003215 0.099660 -0.601830
v -0.003812 0.101141 -0.601923
v -0.004375 0.101684 -0.601830
v -0.002946 0.099514 -0.593534
v -0.008581 0.099738 -0.601965
v -0.008505 0.100045 -0.593255
v -0.006615 0.100749 -0.601961
v -0.006911 0.100856 -0.593249
v -0.007791 0.097157 -0.593272
v -0.006910 0.097084 -0.601949
v -0.008244 0.097562 -0.601963
v -0.004942 0.098569 -0.593184
v -0.005153 0.099457 -0.601955
v -0.005524 0.100280 -0.593330
v -0.006029 0.097157 -0.593272
v -0.005576 0.097562 -0.601963
v -0.006910 0.097084 -0.601949
v -0.006904 0.096966 -0.593287
v -0.006949 0.096886 -0.601994
v -0.008305 0.097492 -0.601994
v -0.008858 0.098578 -0.601994
v -0.008667 0.099782 -0.601993
v -0.007806 0.100644 -0.601994
v -0.006289 0.100798 -0.601994
v -0.006949 0.096886 -0.593339
v -0.008305 0.097492 -0.593339
v -0.008858 0.098578 -0.593339
v -0.008667 0.099782 -0.593339
v -0.007806 0.100644 -0.593339
v -0.006289 0.100798 -0.593339
v -0.006871 0.096886 -0.601994
v -0.005516 0.097492 -0.601994
v -0.004962 0.098578 -0.601994
v -0.005153 0.099782 -0.601993
v -0.006871 0.096886 -0.593339
v -0.005516 0.097492 -0.593339
v -0.004962 0.098578 -0.593339
v -0.005153 0.099782 -0.593339
v -0.006910 0.097001 -0.601968
v -0.007612 0.097144 -0.601974
v -0.008297 0.097499 -0.602017
v -0.008765 0.098453 -0.602041
v -0.008694 0.099466 -0.602004
v -0.008298 0.100274 -0.602018
v -0.007490 0.100671 -0.602005
v -0.006604 0.100824 -0.602019
v -0.006917 0.096966 -0.593287
v -0.008785 0.098277 -0.593255
v -0.006910 0.097001 -0.601967
v -0.006210 0.097146 -0.601980
v -0.005470 0.097641 -0.602041
v -0.005022 0.098530 -0.602002
v -0.005219 0.099748 -0.601991
v -0.005914 0.100476 -0.601981
v -0.001709 0.137256 -0.007128
v -0.001709 0.141196 -0.007211
v -0.012111 0.137256 -0.007128
v -0.012111 0.141196 -0.007211
v -0.012111 0.141196 -0.007211
v -0.001709 0.137256 -0.007128
v -0.003901 0.048717 0.307849
v 0.000703 0.122655 0.345255
v -0.002772 0.129716 0.345255
v -0.010698 0.130161 0.345255
v -0.014299 0.120697 0.345255
v -0.006938 0.116089 0.345255
v -0.006777 0.115521 0.345255
v -0.001709 0.141196 -0.007211
v -0.005988 0.145922 0.077413
v -0.005870 0.143436 0.080508
v -0.006036 0.141339 0.078349
v -0.007950 0.143436 0.080508
v -0.007950 0.145972 0.077384
v -0.007927 0.145920 0.077414
v -0.007836 0.144614 0.076118
v 0.002586 0.142305 0.060088
v -0.016407 0.142390 0.066044
v 0.002421 0.139108 0.066103
v -0.014662 0.142499 0.066131
v 0.000841 0.137762 0.058020
v 0.000841 0.143538 0.057938
v 0.000841 0.143538 0.057938
v -0.001365 0.141469 0.003301
v -0.001365 0.142438 -0.000191
v -0.001365 0.142355 -0.003936
v -0.012456 0.139984 0.013714
v -0.012456 0.138606 -0.008791
v -0.001365 0.138606 -0.008791
v -0.001365 0.137399 0.061154
v -0.001365 0.137399 0.061154
v -0.012186 0.043574 0.249450
v -0.001645 0.043402 0.249720
v -0.001722 0.037438 0.280928
v -0.001810 0.039280 0.280208
v -0.013163 0.037555 0.279997
v -0.012011 0.039638 0.280156
v -0.001823 0.042137 0.277492
v -0.001770 0.041304 0.278861
v -0.000891 0.043294 0.249901
v -0.001054 0.044606 0.250943
v -0.013113 0.045843 0.253638
v -0.013036 0.045270 0.251453
v -0.013022 0.045723 0.258759
v -0.013886 0.075433 0.259392
v -0.000708 0.045843 0.253638
v -0.000798 0.047072 0.258721
v -0.001884 0.075317 0.221455
v -0.001365 0.138680 0.006562
v -0.001365 0.139516 0.006396
v 0.000841 0.137907 0.068241
v -0.006910 0.129122 -0.041574
v -0.006910 0.129122 -0.052589
v 0.002421 0.139023 0.060123
v 0.002272 0.142452 0.065761
v -0.013283 0.039270 0.280205
v -0.001711 0.093441 -0.499240
v -0.018131 0.100860 -0.499864
v -0.001848 0.130573 -0.510076
v -0.018741 0.123045 -0.509443
v -0.012071 0.093042 -0.506917
v -0.000896 0.114465 0.275984
v 0.000178 0.131682 0.278102
v -0.000898 0.112988 0.283694
v -0.000898 0.114498 0.258593
v -0.012456 0.138680 0.006562
v -0.016509 0.111546 0.282532
v -0.014001 0.130723 0.283722
v -0.014001 0.132097 0.275282
v -0.016669 0.113203 0.262659
v -0.017075 0.131390 0.260254
v -0.016906 0.132476 0.197902
v -0.016906 0.132476 0.197902
v -0.017245 0.130585 0.202448
v 0.005918 0.123694 0.191917
v 0.002402 0.130149 0.188522
v 0.002270 0.130429 0.193239
v -0.006114 0.134513 0.190987
v -0.005281 0.134295 0.195168
v -0.004515 0.135558 0.194987
v -0.010642 0.133775 0.195596
v -0.010642 0.133775 0.195596
v -0.010642 0.133775 0.193870
v -0.010642 0.133775 0.193870
v 0.005803 0.118161 0.187481
v 0.001310 0.111027 0.340722
v 0.000191 0.122944 0.329365
v -0.015130 0.111027 0.340722
v -0.012111 0.137256 -0.007128
v -0.006910 0.143562 0.073199
v -0.006910 0.143562 0.073199
v -0.012111 0.145972 0.077384
v -0.006910 0.139811 0.074407
v -0.006910 0.139811 0.074407
v -0.025073 0.125860 0.204925
v -0.025073 0.127907 0.204896
v -0.035956 0.135638 0.271838
v -0.019650 0.109666 0.261697
v -0.019650 0.109666 0.271978
v -0.019510 0.109806 0.271838
v -0.019327 0.129701 0.290840
v -0.026994 0.115015 0.290840
v -0.037965 0.115294 0.282934
v -0.037685 0.115015 0.282795
v -0.037685 0.115015 0.278507
v -0.037965 0.127628 0.282934
v -0.037965 0.127628 0.282934
v -0.019424 0.128826 0.213368
v -0.021135 0.131790 0.290840
v -0.015527 0.167428 0.238880
v -0.015527 0.167428 0.254380
v -0.023995 0.167428 0.238880
v -0.004788 0.180222 0.238880
v -0.014012 0.122944 0.329365
v -0.015527 0.167428 0.216576
v -0.006910 0.091184 -0.041574
v -0.006910 0.091184 -0.041574
v -0.006910 0.091184 -0.052589
v -0.006910 0.091184 -0.052589
v -0.031167 0.120329 0.287435
v -0.031693 0.116744 0.290037
v -0.005870 0.145413 0.081285
v -0.005870 0.145413 0.081285
v -0.035527 0.116107 0.288737
v 0.003399 0.130990 0.192875
v 0.000300 0.165252 0.199197
v -0.003237 0.161716 0.199197
v -0.006910 0.160929 0.199197
v -0.006910 0.160929 0.199197
v -0.010584 0.161716 0.199197
v -0.014120 0.165252 0.199197
v -0.013380 0.173626 0.199197
v -0.010584 0.176135 0.199197
v -0.006910 0.176923 0.199197
v -0.003237 0.176135 0.199197
v -0.000440 0.173626 0.199197
v -0.014819 0.163180 0.199197
v -0.016207 0.171946 0.199197
v -0.014819 0.174672 0.199197
v -0.012656 0.176834 0.199197
v -0.009931 0.178223 0.199197
v 0.000998 0.174672 0.199197
v 0.004504 0.167451 0.332149
v 0.002292 0.176201 0.332149
v -0.007387 0.180646 0.332149
v -0.016672 0.175429 0.332149
v -0.017373 0.162973 0.332149
v -0.006955 0.157275 0.332149
v 0.000365 0.159724 0.332149
v -0.003698 0.159039 0.322046
v -0.003693 0.159025 0.331500
v -0.006910 0.158530 0.322046
v -0.006910 0.158530 0.322046
v -0.006910 0.158515 0.331500
v -0.006910 0.158515 0.331500
v -0.010123 0.159039 0.322046
v -0.010127 0.159025 0.331500
v -0.013021 0.160516 0.322046
v -0.015333 0.162807 0.331500
v -0.016811 0.165709 0.331500
v -0.016811 0.172143 0.331500
v -0.015320 0.175036 0.322046
v -0.015333 0.175045 0.331500
v -0.013021 0.177336 0.322046
v -0.013029 0.177348 0.331500
v -0.010127 0.178827 0.331500
v -0.006910 0.179337 0.331500
v -0.000800 0.177336 0.322046
v 0.001512 0.175045 0.331500
v 0.002977 0.172138 0.322046
v 0.002991 0.172143 0.331500
v 0.003485 0.168926 0.322046
v 0.003501 0.168926 0.331500
v 0.002977 0.165713 0.322046
v 0.001512 0.162807 0.331500
v 0.001382 0.162902 0.255834
v 0.001382 0.162902 0.276116
v -0.000886 0.160634 0.255834
v -0.000886 0.160634 0.276116
v -0.003743 0.159178 0.255834
v -0.003743 0.159178 0.276116
v -0.006910 0.158677 0.255834
v -0.006910 0.158677 0.255834
v -0.006910 0.158677 0.276116
v -0.006910 0.158677 0.276116
v -0.010077 0.159178 0.255834
v -0.010077 0.159178 0.276116
v -0.015202 0.162902 0.255834
v -0.015202 0.162902 0.276116
v -0.016658 0.165759 0.255834
v -0.016658 0.165759 0.276116
v -0.017159 0.168926 0.255834
v -0.017159 0.168926 0.276116
v -0.016658 0.172093 0.255834
v -0.016658 0.172093 0.276116
v -0.015202 0.174950 0.255834
v -0.015202 0.174950 0.276116
v -0.000886 0.177217 0.255834
v -0.000886 0.177217 0.276116
v 0.001382 0.174950 0.255834
v 0.001382 0.174950 0.276116
v 0.003339 0.168926 0.255834
v 0.003339 0.168926 0.276116
v 0.001023 0.176159 0.202187
v 0.002900 0.165292 0.202187
v 0.000518 0.163529 0.276116
v 0.001297 0.164748 0.321356
v 0.000518 0.163529 0.255834
v -0.000163 0.162554 0.202962
v -0.006770 0.157984 0.202187
v -0.001513 0.161498 0.276116
v -0.002726 0.160721 0.321356
v -0.001513 0.161498 0.255834
v -0.004073 0.160193 0.276116
v -0.004073 0.160193 0.255834
v -0.006852 0.159398 0.202962
v -0.006910 0.159744 0.276116
v -0.006910 0.159744 0.276116
v -0.006910 0.159744 0.321236
v -0.006910 0.159744 0.321236
v -0.006910 0.159744 0.255834
v -0.006910 0.159744 0.255834
v -0.007036 0.159033 0.202962
v -0.007097 0.157738 0.202187
v -0.009748 0.160193 0.276116
v -0.011088 0.160718 0.321356
v -0.009748 0.160193 0.255834
v -0.014338 0.163529 0.276116
v -0.014338 0.163529 0.321236
v -0.014338 0.163529 0.255834
v -0.015643 0.171763 0.276116
v -0.015118 0.173104 0.321356
v -0.015643 0.171763 0.255834
v -0.013186 0.176732 0.202962
v -0.014338 0.174323 0.276116
v -0.014338 0.174323 0.255834
v -0.009736 0.178998 0.202187
v -0.009748 0.177658 0.276116
v -0.008354 0.178022 0.321356
v -0.009748 0.177658 0.255834
v -0.006910 0.178108 0.276116
v -0.006910 0.178108 0.255834
v -0.014821 0.187537 0.266290
v -0.031246 0.122506 0.287375
v 0.000399 0.187537 0.269318
v 0.000399 0.187537 0.263263
v -0.012934 0.177217 0.255834
v -0.012934 0.177217 0.276116
v -0.017731 0.113163 0.259627
v -0.010077 0.178673 0.255834
v -0.010077 0.178673 0.276116
v 0.001822 0.166088 0.276116
v 0.001822 0.166088 0.255834
v -0.001802 0.131346 -0.502430
v 0.003942 0.118372 0.258593
v -0.012307 0.176354 0.276116
v -0.012307 0.176354 0.321236
v -0.012307 0.176354 0.255834
v 0.002837 0.172093 0.255834
v 0.002837 0.172093 0.276116
v 0.001082 0.170192 0.199197
v -0.003309 0.122189 0.202053
v -0.012838 0.075317 0.221550
v -0.007950 0.145413 0.081285
v -0.007950 0.145413 0.081285
v 0.000841 0.142412 0.059998
v -0.007503 0.141348 0.078348
v -0.012456 0.142667 -0.004597
v -0.017611 0.074989 -0.242757
v 0.003790 0.087105 -0.257903
v 0.012499 0.041322 0.473974
v 0.012499 0.041322 0.473974
v 0.012499 0.041322 0.473974
v 0.012499 0.041322 0.473974
v 0.012499 0.041322 0.473974
v 0.012499 0.041322 0.473974
v 0.012499 0.041322 0.473974
v 0.012499 0.041322 0.473974
v 0.012499 0.041322 0.473974
v 0.012499 0.041322 0.473974
v 0.012499 0.041322 0.473974
v 0.012499 0.041322 0.473974
v 0.012499 0.041322 0.473974
v -0.015919 0.173845 0.202187
v -0.014003 0.129238 0.322516
v -0.006910 0.178701 0.199197
v -0.014514 0.054334 0.270916
v -0.014425 0.054245 0.270563
v -0.014421 0.054232 0.270570
v -0.014514 0.054025 0.272280
v -0.014425 0.054245 0.271991
v -0.014421 0.054232 0.271985
v -0.017611 0.087267 -0.254992
v -0.019582 0.173786 0.251667
v -0.019340 0.173689 0.251348
v -0.019354 0.173685 0.251341
v -0.019242 0.173786 0.250164
v -0.019340 0.173689 0.249776
v -0.019354 0.173685 0.249783
v -0.019479 0.173612 0.243469
v -0.019340 0.173689 0.243541
v -0.019354 0.173685 0.243534
v -0.019586 0.173786 0.241646
v -0.019340 0.173689 0.241969
v -0.019354 0.173685 0.241976
v -0.019582 0.173787 0.211959
v -0.019340 0.173689 0.211640
v -0.019354 0.173685 0.211633
v -0.019242 0.173786 0.210456
v -0.019340 0.173689 0.210067
v -0.019354 0.173685 0.210074
v 0.001001 0.187537 0.266290
v -0.012953 0.044602 0.251010
v -0.001164 0.176834 0.199197
v -0.028255 0.037610 0.483929
v -0.028255 0.037615 0.487154
v 0.003790 -0.000306 0.488706
v 0.003790 -0.000306 0.488706
v 0.003790 -0.136041 0.239856
v -0.013998 0.130846 0.321870
v -0.003263 0.131701 0.201601
v -0.003263 0.131701 0.198133
v 0.003790 -0.182656 0.083358
v 0.003790 -0.003556 0.493538
v -0.019650 0.115155 0.271978
v 0.005184 0.100924 -0.056703
v 0.000339 0.137399 0.061154
v -0.024665 0.095872 -0.044783
v -0.024950 0.095856 -0.044763
v -0.024672 0.095856 -0.044763
v -0.024828 0.095439 -0.048802
v -0.024672 0.095856 -0.049302
v -0.024665 0.095872 -0.049281
v -0.020936 0.109973 -0.257528
v -0.020778 0.110041 -0.282207
v 0.014735 0.036130 0.486255
v 0.014731 0.036143 0.486249
v 0.014731 0.036143 0.484834
v 0.014735 0.036130 0.484827
v -0.001365 0.140955 -0.007047
v 0.007156 0.113027 -0.282925
v 0.007152 0.113014 -0.282918
v 0.007156 0.113027 -0.281497
v 0.007152 0.113014 -0.281503
v 0.007156 0.113027 -0.258604
v 0.007152 0.113014 -0.258597
v 0.007156 0.113027 -0.257176
v 0.007152 0.113014 -0.257182
v -0.021336 0.173611 0.252177
v -0.020608 0.173612 0.248947
v -0.021336 0.173611 0.244370
v -0.020975 0.173786 0.240979
v -0.020970 0.173786 0.212629
v -0.020608 0.173612 0.209238
v 0.003790 -0.155165 0.012494
v -0.011443 0.133072 -0.613842
v -0.011443 0.133072 -0.613842
v -0.009264 0.135812 -0.612710
v -0.008971 0.137029 -0.604441
v -0.000276 0.144353 -0.613842
v -0.002377 0.133072 -0.603308
v -0.002377 0.133072 -0.603308
v -0.006910 0.130933 -0.612710
v -0.006910 0.130933 -0.603308
v -0.006910 0.130933 -0.604441
v -0.003451 0.110830 0.347580
v -0.011443 0.133072 -0.603308
v -0.011387 0.136893 -0.613842
v -0.011387 0.136893 -0.603308
v -0.011387 0.136893 -0.603308
v 0.003790 -0.168880 0.074842
v 0.003790 -0.159929 0.153005
v -0.027406 0.137122 0.266340
v -0.027434 0.137216 0.267293
v -0.027452 0.137210 0.267285
v -0.027434 0.137216 0.265398
v -0.027452 0.137210 0.265407
v -0.023900 0.111205 -0.269012
v -0.023905 0.111192 -0.269006
v -0.023905 0.111192 -0.270433
v -0.023900 0.111205 -0.270427
v 0.003753 -0.038748 0.447358
v 0.003923 -0.038435 0.447198
v -0.022362 0.173786 0.249457
v -0.022605 0.173689 0.249776
v -0.022590 0.173685 0.249783
v -0.022590 0.173685 0.251341
v -0.022703 0.173786 0.250960
v -0.022605 0.173689 0.251348
v -0.022362 0.173786 0.241650
v -0.022605 0.173689 0.241969
v -0.022590 0.173685 0.241976
v -0.022590 0.173685 0.243534
v -0.022703 0.173786 0.243153
v -0.022605 0.173689 0.243541
v -0.022362 0.173786 0.209748
v -0.022605 0.173689 0.210067
v -0.022590 0.173685 0.210074
v -0.022590 0.173685 0.211633
v -0.022462 0.173612 0.211576
v -0.022605 0.173689 0.211640
v 0.005480 -0.041764 0.448888
v -0.028053 0.108887 0.268038
v -0.028040 0.108881 0.268053
v -0.028040 0.108881 0.264638
v -0.028053 0.108887 0.264654
v -0.018127 -0.037748 0.467384
v -0.030650 0.108975 0.267903
v -0.030764 0.108881 0.268053
v -0.030751 0.108887 0.268038
v -0.031197 0.108975 0.265475
v -0.030764 0.108881 0.264638
v -0.030751 0.108887 0.264654
v -0.008704 0.070710 0.148538
v -0.008720 0.070703 0.144020
v -0.020504 -0.045488 0.450776
v -0.020603 -0.045674 0.450870
v -0.000395 -0.030211 0.463015
v 0.001529 0.140490 -0.002427
v 0.001525 0.140476 -0.002420
v 0.001529 0.140490 -0.000999
v 0.001525 0.140476 -0.001005
v 0.002837 0.165759 0.255834
v 0.002837 0.165759 0.276116
v -0.015439 0.168926 0.238880
v -0.020848 0.113027 -0.258604
v -0.020844 0.113014 -0.258597
v -0.020848 0.113027 -0.257176
v -0.020844 0.113014 -0.257182
v -0.020848 0.113027 -0.282925
v -0.020844 0.113014 -0.282918
v -0.020848 0.113027 -0.281497
v -0.020844 0.113014 -0.281503
v -0.017611 -0.172433 0.092629
v -0.017611 -0.185616 0.080385
v 0.000550 0.051280 0.271991
v 0.000546 0.051294 0.271985
v 0.000546 0.051294 0.270570
v 0.000550 0.051280 0.270563
v -0.026457 0.040620 0.472522
v -0.026456 0.041325 0.475586
v 0.000181 0.126484 0.324842
v -0.017611 -0.176417 0.068877
v 0.003790 -0.174350 0.071047
v -0.017611 -0.167513 0.072525
v -0.000791 0.177348 0.331500
v -0.003743 0.178673 0.255834
v -0.003743 0.178673 0.276116
v -0.017611 -0.163149 0.102488
v 0.003790 -0.157153 0.158001
v 0.003790 -0.134752 0.239449
v 0.003790 -0.007518 0.480697
v -0.015455 0.137525 -0.002427
v -0.015451 0.137538 -0.002420
v -0.015451 0.137538 -0.001005
v -0.015455 0.137525 -0.000999
v 0.003790 -0.088024 0.357363
v -0.017611 -0.053956 0.423169
v -0.017202 0.110896 -0.533833
v -0.017207 0.110880 -0.533826
v -0.017207 0.110880 -0.535539
v -0.017202 0.110896 -0.535531
v 0.003790 -0.023073 0.477162
v -0.024245 0.152760 0.216576
v -0.024245 0.152760 0.238880
v -0.017611 -0.000399 0.479955
v 0.003790 -0.000954 0.482500
v -0.012456 0.137399 0.061154
v -0.012456 0.137399 0.061154
v -0.017611 -0.062634 0.417967
v 0.003790 -0.073017 0.393621
v 0.003790 -0.030364 0.470835
v 0.003790 -0.172728 0.096279
v -0.017611 -0.187504 0.084219
v 0.003790 -0.186088 0.079302
v 0.003790 -0.186088 0.079302
v -0.015543 0.137745 -0.002716
v -0.015455 0.137981 -0.002999
v -0.015451 0.137990 -0.002988
v -0.015451 0.137990 -0.000438
v -0.015543 0.138310 -0.000259
v -0.015455 0.137981 -0.000426
v 0.003790 -0.184421 0.072229
v -0.017611 -0.169531 0.056175
v -0.000395 -0.039762 0.447872
v 0.003790 -0.138015 -0.021114
v 0.007086 0.110188 -0.281562
v 0.007156 0.110062 -0.281497
v 0.007152 0.110075 -0.281503
v 0.007152 0.110075 -0.282918
v 0.007244 0.110285 -0.283218
v 0.007156 0.110062 -0.282925
v 0.007244 0.109972 -0.257533
v 0.007156 0.110062 -0.257176
v 0.007152 0.110075 -0.257182
v 0.007152 0.110075 -0.258597
v 0.007244 0.110285 -0.258897
v 0.007156 0.110062 -0.258604
v -0.017611 -0.139957 -0.021913
v -0.017611 -0.113630 -0.053355
v 0.000178 0.130846 0.321870
v 0.003790 -0.101928 -0.063083
v -0.008859 0.137058 -0.612710
v 0.001500 0.175036 0.322046
v -0.017321 0.168926 0.331500
v 0.003790 -0.061593 -0.097181
v 0.004307 0.123701 0.187748
v 0.004532 0.123682 0.192403
v 0.003790 -0.005856 -0.133034
v -0.014159 0.137399 0.061154
v 0.000550 0.051737 0.272563
v 0.000546 0.051746 0.272552
v 0.000546 0.051746 0.270002
v 0.000550 0.051737 0.269991
v -0.017611 0.016290 -0.152353
v 0.018569 -0.026844 0.481753
v -0.017611 0.029077 -0.164671
v 0.012880 0.033899 0.498721
v 0.012876 0.033912 0.498714
v 0.012876 0.033912 0.497299
v 0.012880 0.033899 0.497293
v 0.003790 0.061946 -0.210193
v 0.003790 -0.011046 0.492750
v -0.010123 0.178813 0.322046
v -0.017611 -0.166080 0.041472
v 0.003790 0.071411 -0.239623
v -0.001715 0.037513 0.280084
v -0.014355 0.053093 0.269810
v -0.014514 0.052765 0.272890
v 0.003790 0.031388 -0.163030
v -0.019463 0.102274 -0.057660
v -0.016092 0.168926 0.276116
v -0.016006 0.167482 0.321356
v -0.016092 0.168926 0.255834
v -0.015780 0.165640 0.202962
v 0.003790 0.071695 -0.271452
v -0.003698 0.178813 0.322046
v 0.003790 0.081344 -0.275432
v -0.017611 0.088359 -0.272808
v 0.005343 0.101014 -0.055044
v 0.005255 0.100794 -0.055333
v 0.005251 0.100807 -0.055340
v 0.005251 0.100807 -0.056755
v 0.005255 0.100794 -0.056761
v 0.003790 0.087809 -0.269946
v -0.027452 0.108887 0.267285
v -0.027434 0.108881 0.267293
v -0.027434 0.108881 0.265398
v -0.027452 0.108887 0.265407
v 0.003790 0.074279 -0.246722
v -0.002377 0.133072 -0.613842
v -0.002377 0.133072 -0.613842
v 0.003790 0.066740 -0.221721
v 0.003790 -0.163384 0.118781
v -0.017611 -0.165868 0.119106
v -0.017611 0.068788 -0.221153
v 0.000181 0.123665 0.189239
v 0.000181 0.123665 0.258593
v 0.015391 -0.052183 0.485065
v -0.014001 0.126484 0.324842
v -0.016391 0.094260 -0.041574
v -0.017171 0.095325 -0.052589
v -0.004073 0.177658 0.276116
v -0.002732 0.177133 0.321356
v -0.004073 0.177658 0.255834
v -0.002935 0.177312 0.202962
v -0.017611 -0.001028 0.494236
v -0.008720 0.070425 0.148558
v -0.008720 0.070425 0.144020
v 0.012880 0.036864 0.498721
v 0.012876 0.036850 0.498714
v 0.012880 0.036863 0.497293
v 0.012876 0.036850 0.497299
v -0.003407 0.128325 0.336266
v -0.003407 0.128325 0.318040
v -0.010413 0.128325 0.336266
v -0.004961 0.137058 -0.604441
v -0.004186 0.137061 -0.613842
v -0.009484 0.133072 -0.613842
v -0.024828 0.100440 -0.046404
v -0.024672 0.100281 -0.045773
v -0.024665 0.100257 -0.045784
v -0.024828 0.099887 -0.048809
v -0.024672 0.100281 -0.048292
v -0.024665 0.100257 -0.048281
v -0.009484 0.133072 -0.612710
v -0.009484 0.133072 -0.612710
v -0.009484 0.133072 -0.603308
v -0.009484 0.133072 -0.604441
v -0.009484 0.133072 -0.604441
v 0.026980 -0.073375 0.490330
v -0.012971 0.075459 0.259397
v -0.012071 0.045721 0.258763
v -0.001996 0.041883 0.277264
v 0.001500 0.162815 0.322046
v 0.010803 0.099475 -0.049302
v 0.010796 0.099459 -0.049281
v 0.010803 0.099475 -0.044763
v 0.010796 0.099459 -0.044783
v -0.017611 -0.188166 0.079063
v 0.010021 0.111101 -0.269363
v 0.009933 0.111192 -0.269006
v 0.009928 0.111205 -0.269012
v 0.009928 0.111205 -0.270427
v 0.010021 0.111415 -0.270727
v 0.009933 0.111192 -0.270433
v -0.014425 0.051737 0.269991
v -0.014421 0.051746 0.270002
v -0.014421 0.051746 0.272552
v -0.014425 0.051737 0.272563
v -0.015543 0.137436 -0.001351
v -0.026234 0.036640 0.497000
v -0.026145 0.036407 0.496720
v -0.026141 0.036398 0.496732
v -0.026145 0.036407 0.499293
v -0.026141 0.036398 0.499282
v -0.017611 0.079562 -0.277421
v -0.026234 0.035379 0.496394
v -0.026075 0.035719 0.499472
v -0.023747 0.112674 -0.269720
v -0.023747 0.112674 -0.269720
v -0.023747 0.112674 -0.269720
v -0.023747 0.112674 -0.269720
v -0.023747 0.112674 -0.269720
v -0.023747 0.112674 -0.269720
v -0.023747 0.112674 -0.269720
v -0.023747 0.112674 -0.269720
v -0.023747 0.112674 -0.269720
v -0.023747 0.112674 -0.269720
v -0.023747 0.112674 -0.269720
v -0.023747 0.112674 -0.269720
v -0.023747 0.112674 -0.269720
v -0.023747 0.112674 -0.269720
v -0.026145 0.036863 0.497293
v -0.026141 0.036850 0.497299
v -0.026145 0.036864 0.498721
v -0.026141 0.036850 0.498714
v -0.026456 0.042894 0.473612
v -0.026368 0.042348 0.472687
v -0.026364 0.042339 0.472699
v -0.026368 0.042348 0.475260
v -0.026364 0.042339 0.475249
v 0.003790 -0.169452 0.091754
v 0.003790 -0.184840 0.085213
v 0.003474 0.114544 -0.534249
v -0.028255 0.036350 0.484538
v -0.028167 0.036587 0.484255
v -0.028163 0.036596 0.484266
v -0.028163 0.036596 0.486816
v -0.028097 0.036260 0.486197
v -0.028167 0.036587 0.486828
v -0.028167 0.036130 0.484827
v -0.028163 0.036143 0.484834
v -0.028163 0.036143 0.486249
v -0.028167 0.036130 0.486255
v 0.012653 0.039853 0.473266
v 0.012745 0.039751 0.473612
v 0.012657 0.039840 0.473260
v 0.012745 0.040060 0.474977
v 0.012657 0.039840 0.474688
v 0.012653 0.039853 0.474681
v 0.005343 0.103849 -0.056404
v 0.012657 0.042348 0.475260
v 0.012653 0.042339 0.475249
v 0.012657 0.042348 0.472687
v 0.012653 0.042339 0.472699
v 0.012745 0.042581 0.474981
v 0.012745 0.042024 0.472522
v 0.012745 0.041320 0.475586
v -0.026810 0.127880 0.277770
v 0.012657 0.040296 0.475260
v 0.012653 0.040306 0.475249
v 0.012653 0.040306 0.472699
v 0.012745 0.040625 0.472520
v 0.012657 0.040296 0.472687
v 0.014735 0.038639 0.486828
v 0.014731 0.038629 0.486816
v 0.014735 0.038639 0.484255
v 0.014731 0.038629 0.484266
v -0.014057 0.112094 0.318023
v -0.014057 0.112094 0.318023
v 0.012880 0.036407 0.499293
v 0.012876 0.036398 0.499282
v 0.012880 0.036407 0.496720
v 0.012876 0.036398 0.496732
v -0.010558 0.131701 0.198133
v -0.010558 0.131701 0.201601
v -0.006089 0.144632 0.076137
v 0.014824 0.038872 0.486548
v 0.014824 0.038315 0.484089
v 0.014824 0.037610 0.487154
v 0.014578 0.037613 0.485541
v 0.014578 0.037613 0.485541
v 0.014578 0.037613 0.485541
v 0.014578 0.037613 0.485541
v 0.014578 0.037613 0.485541
v 0.014578 0.037613 0.485541
v 0.014578 0.037613 0.485541
v 0.014578 0.037613 0.485541
v 0.014578 0.037613 0.485541
v 0.014578 0.037613 0.485541
v 0.014578 0.037613 0.485541
v 0.014578 0.037613 0.485541
v 0.014578 0.037613 0.485541
v 0.014578 0.037613 0.485541
v 0.003790 -0.182176 0.074394
v -0.026456 0.042020 0.472520
v -0.026456 0.042584 0.474977
v 0.014735 0.036587 0.486828
v 0.014731 0.036596 0.486816
v 0.014731 0.036596 0.484266
v 0.014735 0.036587 0.484255
v 0.009775 0.112674 -0.269720
v 0.009775 0.112674 -0.269720
v 0.009775 0.112674 -0.269720
v 0.009775 0.112674 -0.269720
v 0.009775 0.112674 -0.269720
v 0.009775 0.112674 -0.269720
v 0.009775 0.112674 -0.269720
v 0.009775 0.112674 -0.269720
v 0.009775 0.112674 -0.269720
v 0.009775 0.112674 -0.269720
v 0.009775 0.112674 -0.269720
v 0.009775 0.112674 -0.269720
v 0.009775 0.112674 -0.269720
v 0.009775 0.112674 -0.269720
v -0.028096 0.038966 0.484885
v -0.028167 0.039095 0.484827
v -0.028163 0.039082 0.484834
v -0.028255 0.038875 0.486545
v -0.028167 0.039095 0.486255
v -0.028163 0.039082 0.486249
v 0.003368 0.114438 -0.535539
v 0.003363 0.114422 -0.535531
v 0.003368 0.114438 -0.533826
v 0.003363 0.114422 -0.533833
v -0.025988 0.035381 0.498007
v -0.025988 0.035381 0.498007
v -0.025988 0.035381 0.498007
v -0.025988 0.035381 0.498007
v -0.025988 0.035381 0.498007
v -0.025988 0.035381 0.498007
v -0.025988 0.035381 0.498007
v -0.025988 0.035381 0.498007
v -0.025988 0.035381 0.498007
v -0.025988 0.035381 0.498007
v -0.025988 0.035381 0.498007
v -0.025988 0.035381 0.498007
v -0.025988 0.035381 0.498007
v -0.019217 0.102277 -0.056047
v -0.019217 0.102277 -0.056047
v -0.019217 0.102277 -0.056047
v -0.019217 0.102277 -0.056047
v -0.019217 0.102277 -0.056047
v -0.019217 0.102277 -0.056047
v -0.019217 0.102277 -0.056047
v -0.019217 0.102277 -0.056047
v -0.019217 0.102277 -0.056047
v -0.019217 0.102277 -0.056047
v -0.019217 0.102277 -0.056047
v -0.019217 0.102277 -0.056047
v -0.019217 0.102277 -0.056047
v 0.010796 0.095074 -0.048281
v 0.010803 0.095051 -0.048292
v 0.010803 0.095051 -0.045773
v 0.010796 0.095074 -0.045784
v 0.014735 0.039095 0.486255
v 0.014731 0.039082 0.486249
v 0.014735 0.039095 0.484827
v 0.014731 0.039082 0.484834
v 0.012968 0.036953 0.498368
v 0.012968 0.036078 0.499461
v 0.012968 0.036643 0.497003
v 0.012968 0.035384 0.496394
v 0.012809 0.034440 0.499180
v 0.012722 0.035381 0.498007
v 0.012722 0.035381 0.498007
v 0.012722 0.035381 0.498007
v 0.012722 0.035381 0.498007
v 0.012722 0.035381 0.498007
v 0.012722 0.035381 0.498007
v 0.012722 0.035381 0.498007
v 0.012722 0.035381 0.498007
v 0.012722 0.035381 0.498007
v 0.012722 0.035381 0.498007
v 0.012722 0.035381 0.498007
v 0.012722 0.035381 0.498007
v 0.012722 0.035381 0.498007
v 0.012722 0.035381 0.498007
v 0.012722 0.035381 0.498007
v -0.017611 0.001712 0.489671
v -0.005100 0.070425 0.148558
v -0.005117 0.070710 0.148538
v -0.005100 0.070425 0.144020
v -0.005117 0.070710 0.144040
v 0.002845 0.125817 -0.041574
v -0.028167 0.038639 0.484255
v -0.028163 0.038629 0.484266
v -0.028167 0.038639 0.486828
v -0.028163 0.038629 0.486816
v -0.031369 0.108881 0.267293
v -0.031352 0.108887 0.267285
v -0.031369 0.108881 0.265398
v -0.031352 0.108887 0.265407
v 0.005251 0.101260 -0.057322
v 0.005255 0.101251 -0.057334
v 0.005255 0.101251 -0.054761
v 0.005251 0.101260 -0.054772
v -0.021892 0.122525 0.275081
v 0.003790 -0.169772 0.062262
v -0.023993 0.114246 -0.269363
v -0.023905 0.114156 -0.269006
v -0.023900 0.114143 -0.269012
v -0.023993 0.113933 -0.270727
v -0.023905 0.114156 -0.270433
v -0.023900 0.114143 -0.270427
v 0.000639 0.051191 0.270916
v 0.000480 0.051822 0.272450
v 0.000480 0.054266 0.271281
v 0.000550 0.053789 0.272563
v 0.000546 0.053780 0.272552
v 0.000550 0.053789 0.269991
v 0.000546 0.053780 0.270002
v 0.000638 0.052066 0.269823
v 0.000393 0.052763 0.271277
v 0.000393 0.052763 0.271277
v 0.000393 0.052763 0.271277
v 0.000393 0.052763 0.271277
v 0.000393 0.052763 0.271277
v 0.000393 0.052763 0.271277
v 0.000393 0.052763 0.271277
v 0.000393 0.052763 0.271277
v 0.000393 0.052763 0.271277
v 0.000393 0.052763 0.271277
v 0.000393 0.052763 0.271277
v 0.000393 0.052763 0.271277
v 0.000393 0.052763 0.271277
v 0.010803 0.100281 -0.048292
v 0.010796 0.100257 -0.048281
v 0.010803 0.100281 -0.045773
v 0.010796 0.100257 -0.045784
v -0.014355 0.051406 0.270628
v -0.014514 0.051504 0.272284
v -0.020530 0.115153 0.187860
v -0.014268 0.052763 0.271277
v -0.014268 0.052763 0.271277
v -0.014268 0.052763 0.271277
v -0.014268 0.052763 0.271277
v -0.014268 0.052763 0.271277
v -0.014268 0.052763 0.271277
v -0.014268 0.052763 0.271277
v -0.014268 0.052763 0.271277
v -0.014268 0.052763 0.271277
v -0.014268 0.052763 0.271277
v -0.014268 0.052763 0.271277
v -0.014268 0.052763 0.271277
v 0.000638 0.053460 0.272731
v 0.000638 0.053465 0.269825
v -0.006915 0.070547 0.149133
v -0.006906 0.070547 0.143445
v -0.025073 0.115015 0.259246
v -0.025073 0.115015 0.277948
v -0.025073 0.115015 0.277948
v -0.024793 0.131790 0.290840
v -0.017611 0.090498 -0.267209
v -0.026368 0.039840 0.473260
v -0.026364 0.039853 0.473266
v -0.026364 0.039853 0.474681
v -0.026368 0.039840 0.474688
v 0.003790 -0.043734 0.447377
v -0.019370 0.101260 -0.054772
v -0.019375 0.101251 -0.054761
v -0.019375 0.101251 -0.057334
v -0.019370 0.101260 -0.057322
v -0.020936 0.111542 -0.259502
v -0.020936 0.112246 -0.256438
v -0.020778 0.111206 -0.283676
v -0.020936 0.112246 -0.280759
v -0.015543 0.140580 -0.001356
v -0.015543 0.140266 -0.002720
v -0.015455 0.140490 -0.002427
v -0.015451 0.140476 -0.002420
v -0.015455 0.140490 -0.000999
v -0.015451 0.140476 -0.001005
v -0.015455 0.140033 -0.002999
v -0.015451 0.140024 -0.002988
v -0.015455 0.140033 -0.000426
v -0.015451 0.140024 -0.000438
v -0.015543 0.139709 -0.000261
v -0.026234 0.036954 0.498363
v -0.015297 0.139007 -0.001713
v -0.015297 0.139007 -0.001713
v -0.015297 0.139007 -0.001713
v -0.015297 0.139007 -0.001713
v -0.015297 0.139007 -0.001713
v -0.015297 0.139007 -0.001713
v -0.015297 0.139007 -0.001713
v -0.015297 0.139007 -0.001713
v -0.015297 0.139007 -0.001713
v -0.015297 0.139007 -0.001713
v -0.015297 0.139007 -0.001713
v -0.015297 0.139007 -0.001713
v -0.015297 0.139007 -0.001713
v -0.015297 0.139007 -0.001713
v -0.026145 0.033899 0.497293
v -0.026141 0.033912 0.497299
v -0.026141 0.033912 0.498714
v -0.026145 0.033899 0.498721
v 0.005255 0.103759 -0.056761
v 0.005251 0.103746 -0.056755
v 0.005343 0.103536 -0.055040
v 0.005255 0.103759 -0.055333
v 0.005251 0.103746 -0.055340
v -0.014425 0.053789 0.269991
v -0.014421 0.053780 0.270002
v -0.014425 0.053789 0.272563
v -0.014421 0.053780 0.272552
v -0.028836 0.136209 0.226817
v -0.017611 -0.113323 0.289004
v -0.001365 0.136159 0.061154
v -0.006910 0.136749 -0.604441
v -0.006910 0.136749 -0.612710
v -0.017122 0.114463 -0.534687
v -0.017207 0.114438 -0.533826
v -0.017202 0.114422 -0.533833
v -0.017207 0.114438 -0.535539
v -0.017202 0.114422 -0.535531
v -0.024245 0.165412 0.238931
v -0.024245 0.165412 0.238931
v -0.024298 0.165306 0.216725
v -0.029402 0.109090 0.266346
v -0.029402 0.109090 0.266346
v -0.029402 0.109090 0.266346
v -0.029402 0.109090 0.266346
v -0.029402 0.109090 0.266346
v -0.029402 0.109090 0.266346
v -0.029402 0.109090 0.266346
v -0.029402 0.109090 0.266346
v -0.029402 0.109090 0.266346
v -0.029402 0.109090 0.266346
v -0.029402 0.109090 0.266346
v -0.029402 0.109090 0.266346
v -0.029402 0.109090 0.266346
v -0.029402 0.109090 0.266346
v -0.030642 0.137122 0.267909
v -0.030333 0.137333 0.264419
v 0.003474 0.114173 -0.535886
v 0.003179 0.112659 -0.534682
v 0.003179 0.112659 -0.534682
v 0.003179 0.112659 -0.534682
v 0.003179 0.112659 -0.534682
v 0.003179 0.112659 -0.534682
v 0.003179 0.112659 -0.534682
v 0.003179 0.112659 -0.534682
v 0.003179 0.112659 -0.534682
v 0.003179 0.112659 -0.534682
v 0.003179 0.112659 -0.534682
v 0.003179 0.112659 -0.534682
v 0.003179 0.112659 -0.534682
v 0.003179 0.112659 -0.534682
v 0.003179 0.112659 -0.534682
v -0.020936 0.110847 -0.256436
v -0.020936 0.110847 -0.280757
v -0.020936 0.110282 -0.258893
v -0.020848 0.110519 -0.259176
v -0.020844 0.110528 -0.259165
v -0.020844 0.110528 -0.256615
v -0.020848 0.110519 -0.256603
v -0.020848 0.110519 -0.283497
v -0.020844 0.110528 -0.283486
v -0.020844 0.110528 -0.280936
v -0.020848 0.110519 -0.280924
v -0.016242 0.139109 0.066104
v 0.005184 0.102615 -0.057512
v 0.005343 0.102274 -0.054435
v -0.028836 0.134141 0.238631
v -0.017611 -0.092148 0.341635
v 0.010021 0.114246 -0.270076
v -0.026075 0.034028 0.498663
v -0.026234 0.034119 0.497003
v -0.020848 0.112571 -0.259176
v -0.020844 0.112561 -0.259165
v -0.020848 0.112570 -0.256603
v -0.020844 0.112561 -0.256615
v -0.020848 0.112570 -0.283497
v -0.020844 0.112561 -0.283486
v -0.020848 0.112570 -0.280924
v -0.020844 0.112561 -0.280936
v -0.023995 0.167428 0.216576
v -0.020848 0.110062 -0.258604
v -0.020844 0.110075 -0.258597
v -0.020844 0.110075 -0.257182
v -0.020848 0.110062 -0.257176
v -0.020848 0.110062 -0.282925
v -0.020844 0.110075 -0.282918
v -0.020844 0.110075 -0.281503
v -0.020848 0.110062 -0.281497
v 0.003368 0.113890 -0.536226
v 0.003363 0.113879 -0.536212
v 0.003284 0.113055 -0.532922
v 0.003368 0.113890 -0.533138
v 0.003363 0.113879 -0.533152
v -0.013553 -0.030728 0.457792
v 0.001459 0.140511 -0.001709
v 0.003363 0.111439 -0.536212
v 0.003368 0.111428 -0.536226
v 0.003368 0.111428 -0.533138
v 0.003363 0.111439 -0.533152
v 0.003363 0.110896 -0.535531
v 0.003368 0.110880 -0.535539
v 0.003368 0.110880 -0.533826
v 0.003363 0.110896 -0.533833
v 0.010959 0.094892 -0.046404
v 0.010959 0.095445 -0.048809
v -0.024828 0.097670 -0.044188
v -0.024828 0.097661 -0.049877
v -0.017611 -0.006125 0.496168
v 0.009928 0.111657 -0.270994
v 0.009933 0.111648 -0.271006
v 0.009933 0.111648 -0.268433
v 0.009928 0.111657 -0.268445
v 0.001529 0.140033 -0.002999
v 0.001525 0.140024 -0.002988
v 0.001529 0.140033 -0.000426
v 0.001525 0.140024 -0.000438
v 0.003474 0.112662 -0.536617
v -0.017313 0.113501 -0.532940
v -0.017122 0.113055 -0.536442
v 0.009862 0.113012 -0.271184
v 0.010021 0.111972 -0.268268
v 0.007156 0.112570 -0.283497
v 0.007152 0.112561 -0.283486
v 0.007244 0.112804 -0.281203
v 0.007156 0.112570 -0.280924
v 0.007152 0.112561 -0.280936
v 0.007156 0.112571 -0.259176
v 0.007152 0.112561 -0.259165
v 0.007244 0.112242 -0.256436
v 0.007156 0.112570 -0.256603
v 0.007152 0.112561 -0.256615
v 0.001525 0.137990 -0.002988
v 0.001529 0.137981 -0.002999
v 0.001529 0.137981 -0.000426
v 0.001525 0.137990 -0.000438
v -0.017018 0.112659 -0.534682
v -0.017018 0.112659 -0.534682
v -0.017018 0.112659 -0.534682
v -0.017018 0.112659 -0.534682
v -0.017018 0.112659 -0.534682
v -0.017018 0.112659 -0.534682
v -0.017018 0.112659 -0.534682
v -0.017018 0.112659 -0.534682
v -0.017018 0.112659 -0.534682
v -0.017018 0.112659 -0.534682
v -0.017018 0.112659 -0.534682
v -0.017018 0.112659 -0.534682
v -0.017018 0.112659 -0.534682
v -0.026211 0.041322 0.473974
v -0.026211 0.041322 0.473974
v -0.026211 0.041322 0.473974
v -0.026211 0.041322 0.473974
v -0.026211 0.041322 0.473974
v -0.026211 0.041322 0.473974
v -0.026211 0.041322 0.473974
v -0.026211 0.041322 0.473974
v -0.026211 0.041322 0.473974
v -0.026211 0.041322 0.473974
v -0.026211 0.041322 0.473974
v -0.026211 0.041322 0.473974
v -0.026211 0.041322 0.473974
v -0.026211 0.041322 0.473974
v 0.001617 0.139709 -0.003164
v 0.001459 0.139338 -0.000246
v -0.012893 0.043189 0.250080
v -0.020690 0.111545 -0.257890
v -0.020690 0.111545 -0.257890
v -0.020690 0.111545 -0.257890
v -0.020690 0.111545 -0.257890
v -0.020690 0.111545 -0.257890
v -0.020690 0.111545 -0.257890
v -0.020690 0.111545 -0.257890
v -0.020690 0.111545 -0.257890
v -0.020690 0.111545 -0.257890
v -0.020690 0.111545 -0.257890
v -0.020690 0.111545 -0.257890
v -0.020690 0.111545 -0.257890
v -0.020690 0.111545 -0.257890
v -0.020690 0.111545 -0.257890
v -0.020690 0.111545 -0.282211
v -0.020690 0.111545 -0.282211
v -0.020690 0.111545 -0.282211
v -0.020690 0.111545 -0.282211
v -0.020690 0.111545 -0.282211
v -0.020690 0.111545 -0.282211
v -0.020690 0.111545 -0.282211
v -0.020690 0.111545 -0.282211
v -0.020690 0.111545 -0.282211
v -0.020690 0.111545 -0.282211
v -0.020690 0.111545 -0.282211
v -0.020690 0.111545 -0.282211
v -0.020690 0.111545 -0.282211
v -0.020690 0.111545 -0.282211
v 0.003284 0.111031 -0.533904
v 0.003474 0.111148 -0.535891
v -0.023900 0.111657 -0.268445
v -0.023905 0.111648 -0.268433
v -0.023905 0.111648 -0.271006
v -0.023900 0.111657 -0.270994
v -0.017122 0.111031 -0.535461
v -0.017122 0.111538 -0.533268
v -0.014425 0.051280 0.270563
v -0.014421 0.051294 0.270570
v -0.014421 0.051294 0.271985
v -0.014425 0.051280 0.271991
v -0.017202 0.111439 -0.533152
v -0.017207 0.111428 -0.533138
v -0.017207 0.111428 -0.536226
v -0.017202 0.111439 -0.536212
v 0.007086 0.111883 -0.283676
v 0.007244 0.111542 -0.280598
v 0.007086 0.111883 -0.259355
v 0.007244 0.110843 -0.256438
v 0.007152 0.110528 -0.283486
v 0.007156 0.110519 -0.283497
v 0.007156 0.110519 -0.280924
v 0.007152 0.110528 -0.280936
v 0.007152 0.110528 -0.259165
v 0.007156 0.110519 -0.259176
v 0.007156 0.110519 -0.256603
v 0.007152 0.110528 -0.256615
v 0.005097 0.102277 -0.056047
v 0.005097 0.102277 -0.056047
v 0.005097 0.102277 -0.056047
v 0.005097 0.102277 -0.056047
v 0.005097 0.102277 -0.056047
v 0.005097 0.102277 -0.056047
v 0.005097 0.102277 -0.056047
v 0.005097 0.102277 -0.056047
v 0.005097 0.102277 -0.056047
v 0.005097 0.102277 -0.056047
v 0.005097 0.102277 -0.056047
v 0.005097 0.102277 -0.056047
v -0.004363 0.115925 0.348015
v 0.014824 0.039185 0.485185
v -0.015320 0.162815 0.322046
v 0.010959 0.100438 -0.046395
v -0.025073 0.135342 0.261558
v 0.001461 0.127080 -0.510389
v -0.023834 0.113012 -0.268255
v -0.023993 0.112671 -0.271332
v 0.010525 0.097666 -0.047032
v 0.010525 0.097666 -0.047032
v 0.010525 0.097666 -0.047032
v 0.010525 0.097666 -0.047032
v 0.010525 0.097666 -0.047032
v 0.010525 0.097666 -0.047032
v 0.010525 0.097666 -0.047032
v 0.010525 0.097666 -0.047032
v 0.010525 0.097666 -0.047032
v 0.010525 0.097666 -0.047032
v 0.010525 0.097666 -0.047032
v 0.010525 0.097666 -0.047032
v 0.010525 0.097666 -0.047032
v 0.010525 0.097666 -0.047032
v -0.023905 0.113700 -0.268433
v -0.023900 0.113691 -0.268445
v -0.023905 0.113700 -0.271006
v -0.023900 0.113691 -0.270994
v -0.019463 0.101014 -0.057051
v -0.019375 0.100794 -0.056761
v -0.019370 0.100807 -0.056755
v -0.019370 0.100807 -0.055340
v -0.019463 0.100705 -0.055686
v -0.019375 0.100794 -0.055333
v 0.009933 0.114156 -0.270433
v 0.009928 0.114143 -0.270427
v 0.009933 0.114156 -0.269006
v 0.009928 0.114143 -0.269012
v 0.014824 0.036350 0.486545
v 0.014824 0.036915 0.484087
v -0.024665 0.095074 -0.045784
v -0.024672 0.095051 -0.045773
v -0.024672 0.095051 -0.048292
v -0.024665 0.095074 -0.048281
v 0.007244 0.113117 -0.282567
v 0.007086 0.113048 -0.257886
v -0.016797 0.172138 0.322046
v 0.009862 0.113608 -0.268541
v 0.014824 0.036041 0.485180
v -0.016983 0.166100 0.202187
v 0.011081 0.097020 -0.049862
v 0.010959 0.097661 -0.044188
v -0.020936 0.112804 -0.258897
v -0.020936 0.113117 -0.257533
v -0.020936 0.112804 -0.283218
v -0.020936 0.113117 -0.281854
v -0.028009 0.037613 0.485541
v -0.028009 0.037613 0.485541
v -0.028009 0.037613 0.485541
v -0.028009 0.037613 0.485541
v -0.028009 0.037613 0.485541
v -0.028009 0.037613 0.485541
v -0.028009 0.037613 0.485541
v -0.028009 0.037613 0.485541
v -0.028009 0.037613 0.485541
v -0.028009 0.037613 0.485541
v -0.028009 0.037613 0.485541
v -0.028009 0.037613 0.485541
v -0.028009 0.037613 0.485541
v -0.028009 0.037613 0.485541
v 0.001371 0.139007 -0.001713
v 0.001371 0.139007 -0.001713
v 0.001371 0.139007 -0.001713
v 0.001371 0.139007 -0.001713
v 0.001371 0.139007 -0.001713
v 0.001371 0.139007 -0.001713
v 0.001371 0.139007 -0.001713
v 0.001371 0.139007 -0.001713
v 0.001371 0.139007 -0.001713
v 0.001371 0.139007 -0.001713
v 0.001371 0.139007 -0.001713
v 0.001371 0.139007 -0.001713
v 0.001371 0.139007 -0.001713
v 0.001617 0.138310 -0.003167
v 0.001687 0.137981 -0.000426
v 0.001529 0.137525 -0.000999
v 0.001525 0.137538 -0.001005
v 0.001525 0.137538 -0.002420
v 0.001459 0.137503 -0.001717
v 0.001529 0.137525 -0.002427
v -0.019304 0.101946 -0.054581
v -0.017611 -0.017755 0.477134
v -0.019375 0.103302 -0.054761
v -0.019370 0.103293 -0.054772
v -0.019375 0.103302 -0.057334
v -0.019370 0.103293 -0.057322
v -0.024828 0.094894 -0.046395
v -0.006910 0.157539 0.332149
v -0.026368 0.040296 0.472687
v -0.026364 0.040306 0.472699
v -0.026364 0.040306 0.475249
v -0.026368 0.040296 0.475260
v -0.026219 0.120329 0.271833
v 0.009933 0.113700 -0.271006
v 0.009928 0.113691 -0.270994
v 0.009933 0.113700 -0.268433
v 0.009928 0.113691 -0.268445
v -0.017611 -0.012471 0.478351
v -0.026368 0.042805 0.473260
v -0.026364 0.042792 0.473266
v -0.026368 0.042805 0.474688
v -0.026364 0.042792 0.474681
v -0.022092 0.173685 0.251966
v -0.022102 0.173689 0.251979
v -0.022102 0.173689 0.249145
v -0.022092 0.173685 0.249158
v -0.022092 0.173685 0.244159
v -0.022102 0.173689 0.244172
v -0.022102 0.173689 0.241338
v -0.022092 0.173685 0.241351
v -0.022092 0.173685 0.212258
v -0.022102 0.173689 0.212270
v -0.022102 0.173689 0.209437
v -0.022092 0.173685 0.209449
v -0.019843 0.173689 0.251979
v -0.019853 0.173685 0.251966
v -0.019843 0.173689 0.249145
v -0.019853 0.173685 0.249158
v -0.019843 0.173689 0.244172
v -0.019853 0.173685 0.244159
v -0.019843 0.173689 0.241338
v -0.019853 0.173685 0.241351
v -0.019843 0.173689 0.212270
v -0.019853 0.173685 0.212258
v -0.019843 0.173689 0.209437
v -0.019853 0.173685 0.209449
v -0.011443 0.133072 -0.603308
v -0.031352 0.137210 0.267285
v -0.031369 0.137216 0.267293
v -0.031369 0.137216 0.265398
v -0.031352 0.137210 0.265407
v -0.030751 0.137210 0.268038
v -0.030763 0.137216 0.268053
v -0.030763 0.137216 0.264638
v -0.030751 0.137210 0.264654
v -0.015543 0.139005 -0.003325
v -0.021972 0.120347 0.275022
v -0.028470 0.137333 0.268273
v -0.028476 0.137333 0.264416
v -0.028040 0.137216 0.268053
v -0.028053 0.137210 0.268038
v -0.028040 0.137216 0.264638
v -0.028053 0.137210 0.264654
v -0.031489 0.137333 0.265873
v -0.017611 -0.187164 0.073610
v -0.028476 0.108764 0.268275
v -0.028953 0.108975 0.264401
v -0.027406 0.108975 0.266351
v -0.014662 0.142412 0.059998
v -0.013500 0.128825 -0.510536
v -0.026457 0.040063 0.474981
v 0.001822 0.171763 0.276116
v 0.001294 0.173110 0.321356
v 0.001822 0.171763 0.255834
v 0.002597 0.170884 0.202962
v -0.017207 0.113890 -0.533138
v -0.017202 0.113879 -0.533152
v -0.017207 0.113890 -0.536226
v -0.017202 0.113879 -0.536212
v -0.015643 0.166088 0.276116
v -0.015643 0.166088 0.255834
v -0.024244 0.115284 0.277760
v -0.024244 0.115284 0.208139
v -0.028836 0.115284 0.252854
v -0.024227 0.172215 0.208139
v -0.024227 0.172215 0.238880
v 0.012657 0.042805 0.474688
v 0.012653 0.042792 0.474681
v 0.012657 0.042805 0.473260
v 0.012653 0.042792 0.473266
v -0.026810 0.115035 0.277770
v -0.017611 -0.172719 0.102263
v -0.019304 0.103633 -0.055399
v -0.019463 0.103536 -0.057055
v -0.014902 0.170192 0.199197
v -0.018807 0.120422 -0.041574
v -0.025342 0.116760 0.188508
v -0.025487 0.128343 0.278159
v -0.001078 0.075317 0.221455
v -0.017611 -0.156338 0.148914
v -0.026145 0.034355 0.496720
v -0.026141 0.034364 0.496732
v -0.026141 0.034364 0.499282
v -0.026145 0.034355 0.499293
v -0.017724 0.112094 0.318023
v 0.002571 0.094260 -0.052589
v 0.003351 0.095325 -0.041574
v -0.006910 0.111552 0.349039
v -0.006910 0.111552 0.349039
v -0.010369 0.110830 0.347580
v -0.009457 0.115925 0.348015
v 0.000183 0.129238 0.322516
v 0.000237 0.112094 0.317451
v 0.000237 0.112094 0.317451
v -0.001513 0.176354 0.276116
v -0.001513 0.176354 0.255834
v -0.000791 0.160503 0.331500
v 0.010796 0.095872 -0.049281
v 0.010803 0.095856 -0.049302
v 0.010803 0.095856 -0.044763
v 0.010796 0.095872 -0.044783
v 0.011081 0.100281 -0.048292
v 0.005808 0.123683 0.187312
v 0.005808 0.123683 0.187312
v 0.004317 0.123678 0.187822
v -0.017937 0.172441 0.254629
v 0.005009 0.123665 0.258593
v -0.011955 0.041807 0.277227
v -0.012070 0.045631 0.258665
v -0.020972 0.173516 0.250562
v -0.020972 0.173516 0.250562
v -0.020972 0.173516 0.250562
v -0.020972 0.173516 0.250562
v -0.020972 0.173516 0.250562
v -0.020972 0.173516 0.250562
v -0.020972 0.173516 0.250562
v -0.020972 0.173516 0.250562
v -0.020972 0.173516 0.250562
v -0.020972 0.173516 0.250562
v -0.020972 0.173516 0.250562
v -0.020972 0.173516 0.250562
v -0.020972 0.173516 0.250562
v -0.020972 0.173516 0.250562
v -0.020972 0.173516 0.242755
v -0.020972 0.173516 0.242755
v -0.020972 0.173516 0.242755
v -0.020972 0.173516 0.242755
v -0.020972 0.173516 0.242755
v -0.020972 0.173516 0.242755
v -0.020972 0.173516 0.242755
v -0.020972 0.173516 0.242755
v -0.020972 0.173516 0.242755
v -0.020972 0.173516 0.242755
v -0.020972 0.173516 0.242755
v -0.020972 0.173516 0.242755
v -0.020972 0.173516 0.242755
v -0.020972 0.173516 0.242755
v -0.020972 0.173516 0.210853
v -0.020972 0.173516 0.210853
v -0.020972 0.173516 0.210853
v -0.020972 0.173516 0.210853
v -0.020972 0.173516 0.210853
v -0.020972 0.173516 0.210853
v -0.020972 0.173516 0.210853
v -0.020972 0.173516 0.210853
v -0.020972 0.173516 0.210853
v -0.020972 0.173516 0.210853
v -0.020972 0.173516 0.210853
v -0.020972 0.173516 0.210853
v -0.020972 0.173516 0.210853
v -0.017817 -0.045663 0.450316
v -0.026456 0.039750 0.473617
v -0.017611 -0.033221 -0.118161
v -0.003889 0.178223 0.199197
v -0.004336 0.133072 -0.613842
v -0.024546 0.165412 0.216825
v -0.017611 0.077398 -0.247016
v 0.011081 0.095856 -0.044763
v 0.015668 -0.018762 0.483230
v 0.004987 0.120422 -0.052589
v -0.016666 0.125817 -0.052589
v 0.002510 0.131100 -0.041574
v -0.000136 0.132600 -0.052589
v 0.016603 -0.035696 0.487016
v -0.014662 0.143684 0.068159
v -0.014662 0.143684 0.068159
v -0.009727 0.071132 0.143041
v -0.009303 0.071132 0.149227
v -0.004648 0.071132 0.143452
v 0.004351 0.123833 0.246460
v 0.010959 0.098904 -0.049593
v -0.029402 0.137007 0.266346
v -0.029402 0.137007 0.266346
v -0.029402 0.137007 0.266346
v -0.029402 0.137007 0.266346
v -0.029402 0.137007 0.266346
v -0.029402 0.137007 0.266346
v -0.029402 0.137007 0.266346
v -0.029402 0.137007 0.266346
v -0.029402 0.137007 0.266346
v -0.029402 0.137007 0.266346
v -0.029402 0.137007 0.266346
v -0.029402 0.137007 0.266346
v -0.029402 0.137007 0.266346
v 0.012745 0.042895 0.473617
v 0.000518 0.174323 0.276116
v 0.000518 0.174323 0.255834
v 0.005255 0.103302 -0.057334
v 0.005251 0.103293 -0.057322
v 0.005255 0.103302 -0.054761
v 0.005251 0.103293 -0.054772
v -0.024672 0.099475 -0.044763
v -0.024665 0.099459 -0.044783
v -0.024672 0.099475 -0.049302
v -0.024665 0.099459 -0.049281
v -0.019375 0.103759 -0.055333
v -0.019370 0.103746 -0.055340
v -0.019375 0.103759 -0.056761
v -0.019370 0.103746 -0.056755
v -0.016797 0.165713 0.322046
v 0.006999 0.111545 -0.282211
v 0.006999 0.111545 -0.282211
v 0.006999 0.111545 -0.282211
v 0.006999 0.111545 -0.282211
v 0.006999 0.111545 -0.282211
v 0.006999 0.111545 -0.282211
v 0.006999 0.111545 -0.282211
v 0.006999 0.111545 -0.282211
v 0.006999 0.111545 -0.282211
v 0.006999 0.111545 -0.282211
v 0.006999 0.111545 -0.282211
v 0.006999 0.111545 -0.282211
v 0.006999 0.111545 -0.282211
v 0.006999 0.111545 -0.282211
v 0.006999 0.111545 -0.282211
v 0.006999 0.111545 -0.257890
v 0.006999 0.111545 -0.257890
v 0.006999 0.111545 -0.257890
v 0.006999 0.111545 -0.257890
v 0.006999 0.111545 -0.257890
v 0.006999 0.111545 -0.257890
v 0.006999 0.111545 -0.257890
v 0.006999 0.111545 -0.257890
v 0.006999 0.111545 -0.257890
v 0.006999 0.111545 -0.257890
v 0.006999 0.111545 -0.257890
v 0.006999 0.111545 -0.257890
v 0.006999 0.111545 -0.257890
v 0.006999 0.111545 -0.257890
v -0.017306 0.168926 0.322046
v -0.017611 0.055786 -0.203104
v -0.024950 0.099475 -0.044763
v 0.003790 -0.165868 0.119106
v -0.013019 0.045632 0.258660
v 0.012880 0.034355 0.499293
v 0.012876 0.034364 0.499282
v 0.012876 0.034364 0.496732
v 0.012809 0.034028 0.497351
v 0.012880 0.034355 0.496720
v 0.000841 0.143684 0.068159
v 0.000841 0.143684 0.068159
v -0.001738 0.122189 0.202053
v 0.014206 -0.027636 0.484757
v -0.017611 -0.163448 0.118791
v -0.017611 -0.032335 0.471849
v 0.015907 -0.026958 0.484490
v -0.017611 -0.184198 0.084928
v 0.011081 0.099475 -0.044763
v -0.012307 0.161498 0.276116
v -0.012307 0.161498 0.255834
v -0.014662 0.143538 0.057938
v -0.014662 0.143538 0.057938
v -0.012934 0.160634 0.255834
v -0.012934 0.160634 0.276116
v -0.006910 0.115431 0.349256
v -0.006910 0.115431 0.349256
v -0.000800 0.160516 0.322046
v 0.000550 0.054245 0.271991
v 0.000546 0.054232 0.271985
v 0.000550 0.054245 0.270563
v 0.000546 0.054232 0.270570
v -0.022462 0.099813 -0.041574
v -0.023993 0.111415 -0.268712
v -0.023834 0.111318 -0.270368
v -0.017611 -0.180390 0.087667
v -0.005068 0.130366 0.268020
v -0.005068 0.130366 0.318040
v 0.017791 -0.051266 0.487033
v -0.014219 0.187537 0.269318
v -0.014219 0.187537 0.263263
v 0.006297 0.093634 -0.041574
v -0.003693 0.178827 0.331500
v -0.020504 -0.037429 0.466673
v -0.004336 0.133072 -0.612710
v -0.004336 0.133072 -0.612710
v -0.004336 0.133072 -0.604441
v -0.002433 0.136893 -0.613842
v -0.002433 0.136893 -0.603308
v -0.002433 0.136893 -0.603308
v 0.000841 0.142499 0.066131
v 0.028195 -0.072542 0.490558
v -0.006910 0.179321 0.322046
v -0.011041 0.135005 0.195861
v -0.011041 0.135005 0.195861
v -0.011041 0.135005 0.194135
v -0.011041 0.135005 0.194135
v 0.002991 0.165709 0.331500
v -0.001979 0.041774 0.277201
v 0.026501 -0.070025 0.485511
v 0.026501 -0.070025 0.485511
v -0.024227 0.169166 0.238880
v -0.013029 0.160503 0.331500
v -0.011789 0.131794 0.318040
v -0.006910 0.179175 0.255834
v -0.006910 0.179175 0.276116
v 0.002272 0.168926 0.276116
v 0.002272 0.168926 0.321236
v 0.002272 0.168926 0.255834
v -0.024394 0.097666 -0.047032
v -0.024394 0.097666 -0.047032
v -0.024394 0.097666 -0.047032
v -0.024394 0.097666 -0.047032
v -0.024394 0.097666 -0.047032
v -0.024394 0.097666 -0.047032
v -0.024394 0.097666 -0.047032
v -0.024394 0.097666 -0.047032
v -0.024394 0.097666 -0.047032
v -0.024394 0.097666 -0.047032
v -0.024394 0.097666 -0.047032
v -0.024394 0.097666 -0.047032
v -0.024394 0.097666 -0.047032
v -0.024394 0.097666 -0.047032
v -0.026140 0.122506 0.271892
vn 0.5390 0.8376 0.0889
vn -0.0170 -0.3333 0.9427
vn 0.1761 0.9657 0.1906
vn 0.8213 -0.5667 -0.0653
vn -0.5297 -0.0677 -0.8455
vn 0.2872 0.0763 -0.9548
vn 0.1152 0.9683 -0.2218
vn -0.1608 0.9806 -0.1120
vn -0.2197 0.7489 -0.6252
vn -0.0659 0.9974 0.0275
vn 0.1238 0.9918 -0.0301
vn 0.1263 0.9592 0.2528
vn -0.0420 0.9979 0.0503
vn -0.1288 0.9912 -0.0314
vn 1.0000 -0.0000 -0.0000
vn 0.9733 0.0115 0.2293
vn 0.9734 -0.0000 0.2293
vn 0.9733 -0.0115 0.2293
vn 0.9677 -0.2412 -0.0735
vn 0.9733 -0.0115 -0.2293
vn 0.9734 -0.0000 -0.2293
vn 0.9733 0.0115 -0.2293
vn 0.9677 0.2412 -0.0735
vn -1.0000 -0.0000 -0.0000
vn -0.9733 0.0115 -0.2293
vn -0.9734 -0.0000 -0.2293
vn -0.9733 -0.0115 -0.2293
vn -0.9677 -0.2412 0.0735
vn -0.9733 -0.0115 0.2293
vn -0.9734 -0.0000 0.2293
vn -0.9733 0.0115 0.2293
vn -0.9677 0.2412 0.0735
vn -0.9733 -0.0000 -0.2293
vn -0.9733 -0.0116 0.2293
vn -0.9733 0.0116 0.2293
vn -0.9677 -0.2412 -0.0735
vn -0.9677 0.2412 -0.0735
vn -0.9866 0.0408 0.1580
vn -0.9902 -0.0113 0.1393
vn -1.0000 0.0003 -0.0000
vn -0.9825 -0.0540 0.1784
vn -0.9818 -0.1757 0.0715
vn -0.9847 -0.1657 -0.0534
vn -0.9874 -0.1290 -0.0920
vn -0.9884 -0.1039 -0.1104
vn -0.9877 -0.0839 -0.1320
vn -0.9853 -0.0481 -0.1636
vn -0.9822 0.0542 -0.1798
vn -0.9819 0.1760 -0.0700
vn -0.9856 0.1585 0.0592
vn -0.9909 0.0826 0.1066
vn 0.9909 0.0825 -0.1066
vn 0.9856 0.0008 0.1689
vn 1.0000 0.0003 -0.0000
vn 0.9819 -0.0997 0.1608
vn 0.9820 0.1008 0.1595
vn 0.9852 -0.0064 0.1714
vn 0.9874 -0.0358 0.1539
vn 0.9878 -0.0071 0.1555
vn 0.9871 -0.0375 -0.1554
vn 0.9846 -0.0082 -0.1746
vn 0.9817 0.1000 -0.1622
vn 0.9823 -0.1006 -0.1581
vn 0.9862 -0.0009 -0.1658
vn 0.9902 -0.0113 -0.1393
vn 0.1563 0.9589 0.2366
vn -0.1002 0.9939 0.0460
vn 0.2688 0.9197 0.2862
vn -0.1670 0.8246 -0.5404
vn -0.0056 0.8891 -0.4577
vn 0.6082 0.7322 0.3064
vn 0.0692 0.8568 -0.5110
vn 0.1274 0.9095 -0.3957
vn -0.2442 0.9696 -0.0130
vn -0.1264 0.8681 0.4800
vn -0.5054 0.8442 0.1786
vn -0.6918 0.7034 -0.1632
vn -0.9733 -0.0000 0.2293
vn 0.9733 -0.0000 0.2293
vn 0.9677 -0.2412 0.0735
vn 0.9733 -0.0000 -0.2293
vn 0.9677 0.2412 0.0735
vn 0.9677 0.2412 0.0736
vn 0.9812 -0.1880 0.0429
vn 0.9821 -0.1882 -0.0000
vn 0.9812 -0.1880 -0.0429
vn 0.9812 0.1880 -0.0429
vn 0.9821 0.1882 -0.0000
vn 0.9812 0.1880 0.0429
vn -0.9677 -0.2411 0.0735
vn -0.9677 0.2412 0.0736
vn -0.9812 -0.1880 -0.0429
vn -0.9821 -0.1882 -0.0000
vn -0.9812 -0.1880 0.0429
vn -0.9812 0.1880 0.0429
vn -0.9821 0.1881 -0.0000
vn -0.9812 0.1880 -0.0429
vn -0.9677 -0.2411 -0.0735
vn -0.9279 0.2268 0.2959
vn -0.9449 0.2225 -0.2401
vn -0.9439 -0.3004 0.1370
vn -0.0000 1.0000 -0.0000
vn -0.0000 -1.0000 -0.0000
vn 0.0115 -0.9733 0.2293
vn -0.0000 -0.9734 0.2293
vn -0.0115 -0.9733 0.2293
vn -0.1880 -0.9812 0.0429
vn -0.1882 -0.9821 -0.0000
vn -0.1880 -0.9812 -0.0429
vn -0.0115 -0.9733 -0.2293
vn -0.0000 -0.9734 -0.2293
vn 0.0115 -0.9733 -0.2293
vn 0.1880 -0.9812 -0.0429
vn 0.1882 -0.9821 -0.0000
vn 0.1880 -0.9812 0.0429
vn 0.9996 -0.0147 -0.0250
vn 0.9995 -0.0251 0.0179
vn 0.9977 -0.0680 -0.0051
vn 0.9677 0.2411 0.0735
vn -0.9776 0.0018 0.2103
vn -0.9837 -0.0618 0.1686
vn -1.0000 0.0004 0.0001
vn -0.9707 -0.1223 0.2067
vn -0.9696 -0.2419 0.0357
vn -0.9743 -0.1916 -0.1183
vn -0.9788 -0.1332 -0.1554
vn -0.9807 -0.0957 -0.1702
vn -0.9794 -0.0642 -0.1915
vn -0.9754 -0.0097 -0.2203
vn -0.9703 0.1231 -0.2084
vn -0.9697 0.2418 -0.0337
vn -0.9758 0.1801 0.1237
vn -0.9850 0.0655 0.1595
vn 0.9788 0.1902 -0.0756
vn 0.9741 -0.0431 0.2219
vn 1.0000 -0.0004 -0.0001
vn 0.9693 -0.1750 0.1725
vn 0.9704 0.0768 0.2289
vn 0.9769 -0.0500 0.2080
vn 0.9837 -0.0237 0.1780
vn 0.9834 0.0601 -0.1712
vn 0.9759 0.0511 -0.2120
vn 0.9698 0.1742 -0.1707
vn 0.9700 -0.0766 -0.2309
vn 0.9751 0.0617 -0.2130
vn 0.9789 0.0929 -0.1818
vn 0.9796 0.0566 -0.1927
vn 0.9677 -0.2411 0.0735
vn -0.9733 0.0116 -0.2293
vn -0.9733 -0.0116 -0.2293
vn -0.9733 -0.0000 -0.2294
vn 0.2291 -0.7335 -0.6400
vn -0.2229 -0.9707 -0.0900
vn 0.0379 -0.9905 -0.1325
vn -0.0611 -0.9939 0.0915
vn 0.3990 -0.9029 0.1599
vn -0.1107 -0.5720 -0.8127
vn 0.3116 -0.9456 0.0934
vn 0.2204 -0.9752 -0.0180
vn 0.1512 -0.9858 -0.0737
vn 0.4050 -0.9131 0.0471
vn 0.2614 -0.9640 0.0487
vn -0.0000 -1.0000 -0.0081
vn -0.2610 -0.9642 0.0466
vn -0.4077 -0.9120 0.0449
vn -0.1525 -0.9855 -0.0745
vn -0.2232 -0.9746 -0.0184
vn -0.2636 0.9646 0.0038
vn -0.1082 0.9763 -0.1877
vn 0.1411 0.9863 0.0854
vn -0.1601 0.9865 -0.0357
vn -0.2066 0.9570 0.2035
vn 0.0278 0.9958 -0.0871
vn -0.1351 0.9883 -0.0707
vn -0.0942 0.9891 0.1128
vn 0.0695 0.9923 -0.1025
vn 0.1745 0.9828 0.0598
vn 0.1542 0.9880 0.0007
vn 0.8074 0.2164 -0.5488
vn 0.9862 -0.1486 -0.0724
vn 0.9972 -0.0000 -0.0742
vn 0.8074 -0.2164 -0.5488
vn 0.9862 0.1486 -0.0724
vn 0.9872 0.1589 -0.0132
vn 0.9241 0.3591 0.1305
vn 0.9821 0.1726 0.0753
vn 0.9821 -0.1726 0.0753
vn 0.9242 -0.3590 0.1305
vn 0.9872 -0.1589 -0.0132
vn -0.9869 -0.0944 -0.1309
vn -0.9838 -0.1537 -0.0924
vn -0.9972 -0.0743 0.0083
vn -0.9785 -0.1162 0.1707
vn -0.9818 0.0599 0.1805
vn -0.9833 0.1629 0.0815
vn -0.9836 0.1701 -0.0606
vn -0.9837 0.0772 -0.1623
vn -0.0000 -0.0000 1.0000
vn -0.0000 -0.0000 -1.0000
vn -0.9976 0.0383 -0.0582
vn -0.9944 -0.1046 -0.0129
vn -0.9998 -0.0146 0.0146
vn -0.9903 -0.0272 0.1362
vn -0.9956 0.0906 0.0245
vn 0.6004 -0.0000 -0.7997
vn 0.0115 0.9733 -0.2293
vn -0.0000 0.9734 -0.2293
vn -0.0115 0.9733 -0.2293
vn -0.2412 0.9677 0.0735
vn -0.0115 0.9733 0.2293
vn -0.0000 0.9734 0.2293
vn 0.0115 0.9733 0.2293
vn 0.2412 0.9677 0.0736
vn 0.2412 0.9677 -0.0736
vn -0.0000 0.9733 -0.2293
vn 0.2412 0.9677 0.0735
vn 0.2412 -0.9677 0.0735
vn -0.2412 -0.9677 0.0735
vn 0.9463 0.0354 -0.3213
vn 0.9993 0.0242 -0.0293
vn 1.0000 0.0011 -0.0022
vn -0.9962 -0.0870 -0.0053
vn -0.9999 -0.0041 -0.0122
vn -0.9982 0.0230 -0.0554
vn -0.9999 -0.0049 -0.0158
vn -0.9999 -0.0101 -0.0096
vn -0.9984 -0.0570 0.0060
vn -0.9988 -0.0480 -0.0000
vn 1.0000 -0.0047 0.0040
vn 1.0000 0.0015 0.0032
vn 0.9999 -0.0123 0.0030
vn 0.9999 -0.0112 0.0025
vn 1.0000 -0.0020 0.0048
vn -0.9691 -0.2468 -0.0042
vn -0.9714 -0.2178 0.0950
vn 1.0000 -0.0004 0.0025
vn 1.0000 -0.0001 0.0075
vn 1.0000 -0.0012 0.0042
vn -0.9928 0.1065 -0.0550
vn -0.9944 -0.0945 -0.0471
vn 0.6531 -0.7573 0.0045
vn 0.5126 -0.8345 -0.2021
vn 0.6016 -0.7985 -0.0210
vn 0.2089 -0.9576 0.1986
vn 0.2569 -0.9659 -0.0327
vn 0.0655 -0.8637 0.4997
vn 0.0107 -0.0616 0.9980
vn -0.0011 1.0000 0.0058
vn 0.0239 0.9993 -0.0305
vn -0.0049 1.0000 0.0048
vn -0.0005 1.0000 -0.0087
vn -0.0059 1.0000 -0.0068
vn -0.0108 0.9998 -0.0173
vn 0.0606 0.9695 0.2374
vn -0.2652 0.9385 -0.2213
vn 0.2226 0.9658 0.1330
vn -0.1124 0.9936 0.0150
vn -0.0099 -0.9999 -0.0101
vn -0.0208 -0.9998 0.0059
vn -0.0667 -0.9978 0.0059
vn -0.1491 0.0961 -0.9841
vn -0.6106 0.1955 -0.7675
vn -0.1377 0.0363 -0.9898
vn -0.0526 -0.0615 -0.9967
vn -0.0196 -0.0243 -0.9995
vn -0.0000 -0.1580 -0.9874
vn -0.0062 0.0066 1.0000
vn 0.0167 0.0892 0.9959
vn -0.1269 0.0624 0.9899
vn -0.1063 0.0164 -0.9942
vn 0.0090 -0.9998 -0.0177
vn 0.0138 -0.9999 -0.0100
vn 0.0051 0.9745 0.2242
vn -0.0403 0.9984 -0.0390
vn 0.4421 0.8947 -0.0641
vn -0.0200 -0.9998 0.0096
vn -0.0850 -0.9841 -0.1557
vn 0.1754 -0.9807 -0.0862
vn -0.5262 -0.8503 -0.0000
vn -0.0636 -0.9911 0.1167
vn -0.2507 -0.9681 -0.0047
vn -0.0390 -0.9931 -0.1105
vn -0.1228 -0.9840 -0.1292
vn -0.2621 -0.9428 -0.2061
vn -0.1007 0.9887 -0.1107
vn -0.0754 0.9776 -0.1965
vn -0.2024 0.9318 -0.3012
vn -0.9995 -0.0054 0.0319
vn -1.0000 0.0014 0.0015
vn -0.9774 -0.2017 0.0633
vn -0.1377 0.0129 -0.9904
vn 0.0027 -0.9379 0.3469
vn -0.0050 -0.9948 0.1021
vn -0.8214 0.2311 0.5215
vn -1.0000 -0.0042 0.0065
vn -0.9875 -0.0002 -0.1574
vn -0.9996 0.0290 -0.0003
vn -0.9556 -0.2826 -0.0832
vn -0.9978 0.0663 -0.0000
vn -0.9858 -0.0869 0.1434
vn -0.9867 -0.1620 -0.0153
vn -0.9961 -0.0876 -0.0051
vn 0.9985 -0.0547 0.0045
vn 0.9698 -0.2288 -0.0849
vn 0.9582 -0.2853 0.0218
vn -0.0000 -0.9701 -0.2427
vn 0.0608 -0.9945 -0.0848
vn -0.0000 -0.9929 -0.1191
vn 0.0349 -0.9994 -0.0026
vn 0.8274 -0.1850 -0.5303
vn 0.1353 -0.0520 -0.9894
vn 0.6310 -0.0618 -0.7733
vn -0.0000 0.0559 -0.9984
vn 0.9768 -0.1491 0.1537
vn 0.9961 -0.0875 -0.0055
vn 0.9956 -0.0908 -0.0237
vn -0.9987 -0.0482 0.0191
vn -0.9581 -0.2854 0.0228
vn -0.9698 -0.2290 -0.0845
vn -0.0608 -0.9945 -0.0848
vn -0.0349 -0.9994 -0.0026
vn -0.8274 -0.1849 -0.5303
vn -0.6310 -0.0618 -0.7733
vn -0.1354 -0.0520 -0.9894
vn 0.7514 -0.1237 0.6481
vn 0.9061 0.0434 0.4208
vn 0.6224 0.0275 0.7822
vn 0.2470 0.0757 0.9660
vn 0.3520 0.0640 0.9338
vn 0.4811 -0.0021 0.8767
vn 0.2831 -0.0277 0.9587
vn 0.3190 -0.0035 0.9477
vn 0.4236 0.0069 0.9058
vn 0.6392 0.0137 0.7689
vn 0.6339 0.0232 0.7731
vn 0.4577 -0.0029 0.8891
vn 0.3051 0.0079 0.9523
vn 0.2812 0.0109 0.9596
vn 0.2929 0.0049 0.9561
vn 0.3453 -0.1044 0.9327
vn 1.0000 0.0090 0.0018
vn 1.0000 0.0012 -0.0019
vn 0.9985 -0.0508 0.0186
vn -0.0000 -0.0001 -1.0000
vn -0.0031 1.0000 0.0002
vn -0.0025 1.0000 0.0007
vn -0.0016 1.0000 0.0001
vn -0.1801 -0.0780 -0.9805
vn -0.1567 -0.0326 -0.9871
vn -0.0000 -0.0839 -0.9965
vn -0.1032 0.0127 -0.9946
vn 0.0036 -0.0918 -0.9958
vn 0.0151 -0.0898 -0.9958
vn 0.0151 -0.0036 -0.9999
vn -0.0102 0.0578 -0.9983
vn -0.0000 0.0839 0.9965
vn -0.1612 0.1268 0.9787
vn -0.1529 0.0809 0.9849
vn -0.1327 0.1708 0.9763
vn -0.0834 0.2051 0.9752
vn -0.0177 0.1977 0.9801
vn 0.4758 0.8216 -0.3141
vn -0.1673 0.9794 -0.1131
vn 0.1454 0.9491 -0.2796
vn 0.2739 0.8040 0.5278
vn 0.0468 0.9899 0.1341
vn 0.4370 0.7698 0.4652
vn 0.0014 0.0026 1.0000
vn -0.8440 0.0799 0.5303
vn -0.4779 -0.2392 0.8452
vn -0.0400 -0.1278 -0.9910
vn -0.1284 0.0754 -0.9889
vn 0.0503 0.0714 -0.9962
vn 0.6067 0.2706 -0.7475
vn -0.0048 0.1549 -0.9879
vn 0.0702 0.0038 -0.9975
vn -0.0351 0.0982 -0.9945
vn -0.1571 -0.0339 -0.9870
vn 0.3986 0.2958 0.8681
vn 0.0955 0.0145 0.9953
vn -0.0122 0.2917 0.9564
vn 0.0043 0.0024 1.0000
vn -0.1517 -0.5101 0.8467
vn -0.0637 0.0559 0.9964
vn 0.0501 -0.0322 0.9982
vn -0.0547 0.0807 0.9952
vn -0.1981 0.7617 0.6169
vn 0.0074 -0.0588 0.9982
vn 0.1239 0.0826 0.9889
vn 0.2842 -0.1410 0.9483
vn 0.0008 0.0011 1.0000
vn 0.3217 -0.0753 0.9438
vn -0.0000 -0.1001 0.9950
vn -0.0045 -0.1094 0.9940
vn 0.0855 0.0624 0.9944
vn 0.1992 -0.0974 0.9751
vn -0.0016 -0.9749 -0.2226
vn 0.0084 -0.9730 -0.2308
vn -0.0358 -0.9980 -0.0527
vn 0.1864 -0.9448 -0.2695
vn -0.0241 -0.1422 0.9895
vn -0.9994 -0.0284 0.0174
vn -0.9998 -0.0199 0.0042
vn -0.9995 -0.0290 0.0109
vn 0.2045 -0.9787 0.0203
vn -0.1030 -0.9933 0.0528
vn 0.5010 -0.7162 0.4859
vn 0.9575 0.1063 0.2682
vn 0.9815 -0.1818 0.0603
vn 0.9741 -0.1138 0.1954
vn 0.5748 -0.8057 -0.1427
vn -0.0175 -0.9646 -0.2630
vn 0.0175 -0.9980 0.0602
vn 0.9995 -0.0280 0.0174
vn 0.9995 -0.0286 0.0109
vn 0.9996 -0.0239 0.0168
vn -0.9952 -0.0493 0.0851
vn 0.9945 -0.0495 0.0918
vn 0.0275 -0.9619 -0.2722
vn -0.0307 -0.9711 -0.2366
vn -0.1587 -0.9866 0.0365
vn -0.9357 0.2526 -0.2461
vn -0.9843 0.1594 -0.0762
vn -0.9999 -0.0154 -0.0006
vn -0.9764 -0.1254 0.1756
vn 0.9999 -0.0161 -0.0022
vn 0.9883 0.0488 -0.1446
vn 0.9852 -0.0791 0.1523
vn 0.9917 -0.0882 -0.0931
vn -0.9798 0.1943 -0.0477
vn -0.9881 -0.0310 -0.1508
vn -0.9993 -0.0097 -0.0357
vn -0.9998 -0.0183 -0.0018
vn -0.9855 -0.1644 0.0413
vn -0.9915 0.1025 0.0800
vn -0.9919 0.1221 0.0340
vn 0.9838 0.0790 -0.1610
vn 0.9638 0.2514 -0.0890
vn 0.9925 0.1217 0.0118
vn -0.0164 0.3331 0.9428
vn -0.3614 -0.1141 0.9254
vn 0.0297 -0.2505 0.9677
vn 0.3824 -0.0232 0.9237
vn 0.1858 0.9304 0.3161
vn 0.9649 0.2620 -0.0185
vn 0.9619 0.2310 0.1465
vn 0.9794 0.1157 -0.1653
vn 0.5701 0.8185 -0.0711
vn 0.9398 0.3257 -0.1035
vn 0.9395 0.2594 0.2236
vn 0.3679 0.9222 -0.1190
vn 0.1358 0.9907 -0.0096
vn 0.0521 0.9965 -0.0649
vn 0.2057 0.9622 0.1786
vn 0.1736 0.9843 0.0317
vn 0.1314 0.9912 0.0139
vn -0.0282 -0.0057 -0.9996
vn 0.1400 0.0517 -0.9888
vn -0.1668 0.0761 -0.9830
vn -0.1419 0.0524 0.9885
vn 0.1693 0.0771 0.9825
vn 0.0285 -0.0063 0.9996
vn 0.7823 0.6136 0.1072
vn 0.9936 0.1024 0.0467
vn 0.9556 0.2947 -0.0054
vn 0.9983 0.0313 -0.0501
vn -0.9590 0.2775 0.0573
vn -0.7743 0.6324 -0.0240
vn -0.9927 0.1100 0.0501
vn -0.9515 0.2411 -0.1909
vn -0.0680 0.0917 -0.9935
vn 0.1735 0.0225 -0.9846
vn -0.0026 -0.0083 -1.0000
vn 0.0070 -0.1502 -0.9886
vn 0.0139 -0.1497 -0.9886
vn -0.0769 -0.1238 -0.9893
vn -0.1514 -0.0363 -0.9878
vn -0.1375 0.0970 -0.9857
vn -0.0429 0.1629 -0.9857
vn -0.0536 0.9976 0.0441
vn 0.0116 0.9916 0.1287
vn 0.0342 0.9897 0.1393
vn -0.0000 0.4553 -0.8903
vn 0.0683 -0.9863 -0.1504
vn -0.0195 -0.9994 -0.0275
vn -0.0405 -0.9990 -0.0180
vn 0.0070 -0.9201 0.3917
vn 1.0000 -0.0043 -0.0054
vn 1.0000 0.0007 -0.0080
vn 0.9998 -0.0058 0.0200
vn 0.9996 -0.0280 0.0018
vn 0.0298 0.9953 -0.0924
vn 0.0052 0.9650 0.2623
vn 0.9997 0.0223 -0.0072
vn -0.0371 -0.9087 -0.4159
vn 0.0225 -0.9772 0.2113
vn 0.9880 0.1085 0.1100
vn 0.0190 0.9954 -0.0938
vn -0.0201 0.9658 0.2586
vn 0.9982 0.0518 -0.0287
vn 0.9790 0.0262 -0.2020
vn -0.0064 -0.8542 -0.5200
vn 0.0095 -0.8694 0.4940
vn 0.9794 0.1132 0.1675
vn 0.9722 0.0711 0.2231
vn 0.0129 0.9948 -0.1009
vn -0.0078 0.9639 0.2663
vn 0.9547 -0.0127 -0.2973
vn -0.0138 -0.7806 -0.6248
vn -0.0190 0.9955 -0.0929
vn -0.0129 0.9948 -0.1009
vn 0.0092 0.9632 0.2686
vn 0.0138 -0.7806 -0.6248
vn 0.0397 -0.9989 -0.0250
vn -0.0529 -0.9902 -0.1293
vn -0.0000 -0.0819 0.9966
vn -0.0368 0.9900 0.1363
vn -0.0000 0.3038 0.9527
vn 0.0730 0.9968 0.0312
vn -0.0265 0.9891 0.1450
vn 0.0196 -0.9994 -0.0293
vn 0.0172 -0.9154 0.4022
vn -1.0000 -0.0043 -0.0054
vn -0.9996 -0.0280 0.0018
vn -1.0000 0.0098 0.0004
vn -1.0000 0.0007 -0.0080
vn -0.0013 0.9956 -0.0932
vn -0.0067 0.9655 0.2604
vn -0.9997 0.0223 -0.0072
vn 0.0232 -0.8961 -0.4433
vn -0.0286 -0.9769 0.2118
vn -0.9880 0.1085 0.1100
vn 0.0251 0.9655 0.2591
vn -0.9790 0.0262 -0.2020
vn -0.9982 0.0518 -0.0287
vn 0.0220 -0.8834 -0.4682
vn -0.0112 -0.8679 0.4966
vn -0.9722 0.0711 0.2231
vn -0.9794 0.1132 0.1675
vn -0.9547 -0.0127 -0.2973
vn -0.0000 -0.3038 -0.9527
vn -0.0000 -0.4553 0.8903
vn -0.0000 0.0819 -0.9966
vn -0.0000 -0.2672 0.9636
vn -0.0000 0.1290 0.9916
vn -0.0000 0.1291 0.9916
vn 0.0017 0.9583 0.2858
vn -0.0000 0.9587 0.2845
vn 0.0028 0.8391 0.5439
vn 0.0036 0.8073 0.5901
vn 0.0027 -0.9582 -0.2860
vn -0.0000 -0.9589 -0.2838
vn -0.0166 -0.8426 -0.5383
vn -0.0005 -0.7985 -0.6020
vn -0.0122 0.8272 0.5618
vn 0.0204 -0.8871 -0.4612
vn -0.0370 -0.9035 -0.4270
vn 0.0277 0.8462 0.5322
vn -0.0404 0.9906 -0.1306
vn 0.0514 0.9577 -0.2831
vn 0.0132 -0.9544 0.2982
vn 0.0039 -0.8863 0.4632
vn -0.1507 0.4233 -0.8934
vn 0.0636 0.1058 -0.9923
vn 0.0337 -0.1045 0.9940
vn -0.0133 -0.1122 0.9936
vn -0.0507 -0.8707 -0.4892
vn 0.0253 -0.9003 -0.4345
vn -0.0269 0.8734 0.4863
vn 0.0205 0.9067 0.4214
vn 0.0235 -0.9911 -0.1310
vn -0.0146 0.9915 0.1289
vn -0.0093 -0.9848 -0.1732
vn -0.0094 0.9849 0.1730
vn -0.0190 -0.9028 -0.4297
vn -0.0097 0.8968 0.4424
vn -0.0163 -0.8697 -0.4934
vn 0.0214 0.8699 0.4928
vn -0.0143 -0.7896 -0.6134
vn -0.0054 0.7218 0.6921
vn -0.0107 -0.6625 -0.7490
vn 0.0145 -0.6408 -0.7676
vn -0.0161 0.7080 0.7061
vn 0.0077 0.5857 0.8105
vn -0.0029 0.5706 0.8212
vn 0.0004 -0.6019 -0.7986
vn -0.0006 0.5979 0.8016
vn 0.0021 -0.5834 -0.8122
vn 0.0024 0.5800 0.8146
vn -0.0010 -0.6815 -0.7319
vn 0.0010 -0.7250 -0.6887
vn -0.0010 0.6809 0.7324
vn 0.0009 0.7231 0.6907
vn 0.0024 -0.8069 -0.5907
vn -0.0000 -0.8499 -0.5270
vn 0.0024 0.8061 0.5917
vn -0.0000 0.8491 0.5282
vn -0.0000 -0.9151 -0.4031
vn -0.0002 -0.9374 -0.3484
vn -0.0000 0.9145 0.4045
vn -0.0000 0.9368 0.3498
vn -0.0476 -0.8034 -0.5936
vn -0.0076 -0.7877 -0.6160
vn 0.0308 0.8019 0.5966
vn -0.0431 0.7935 0.6071
vn 0.0279 -0.8157 -0.5778
vn -0.0022 -0.8568 -0.5156
vn -0.0009 0.7893 0.6140
vn -0.0029 0.8568 0.5157
vn 0.0118 -0.9842 -0.1766
vn -0.0000 -0.9990 -0.0439
vn 0.0114 0.9847 0.1739
vn -0.0000 0.9992 0.0411
vn -0.0072 -0.9957 0.0927
vn -0.0000 -0.9995 -0.0324
vn -0.0583 -0.8790 0.4733
vn -0.0049 -0.8288 0.5595
vn -0.0059 0.9953 -0.0965
vn -0.0000 0.9997 0.0250
vn 0.0371 0.8796 -0.4743
vn -0.0031 0.8305 -0.5571
vn 0.0108 -0.8740 0.4858
vn 0.0119 0.8758 -0.4824
vn 0.0008 -0.8758 0.4826
vn 0.0009 0.8763 -0.4817
vn 0.0029 -0.9737 0.2280
vn -0.0455 0.9726 -0.2278
vn -0.0371 -0.9708 0.2368
vn -0.0377 0.9708 -0.2369
vn -0.0090 -0.9545 0.2981
vn 0.0022 -0.9393 0.3430
vn -0.0091 0.9544 -0.2984
vn 0.0022 0.9394 -0.3429
vn -0.0087 -0.9159 0.4013
vn 0.0035 -0.8920 0.4519
vn -0.0087 0.9157 -0.4018
vn 0.0035 0.8920 -0.4521
vn 0.0019 -0.8560 0.5170
vn -0.0006 -0.8250 0.5652
vn 0.0019 0.8556 -0.5177
vn 0.0024 0.8266 -0.5627
vn -0.0000 -0.5296 0.8483
vn 0.0133 -0.4350 0.9003
vn 0.0494 0.2792 -0.9590
vn -0.0158 0.4639 -0.8858
vn 0.1106 0.4006 0.9096
vn -0.0105 0.5288 0.8487
vn -0.0221 -0.5097 -0.8601
vn 0.1790 -0.5705 -0.8015
vn 0.0192 0.8641 0.5030
vn -0.0000 0.9533 0.3021
vn -0.0447 -0.9521 -0.3024
vn 0.0154 -0.9985 -0.0523
vn -0.0000 -0.9870 -0.1605
vn -0.0541 -0.7090 0.7031
vn -0.0248 -0.7300 0.6830
vn -0.0110 0.8910 -0.4538
vn -0.0617 0.9437 -0.3249
vn 0.0130 0.7045 -0.7096
vn -0.0053 0.4725 -0.8813
vn -0.0733 -0.2396 0.9681
vn -0.0356 0.4340 -0.9002
vn -0.0000 0.5785 -0.8157
vn 0.0165 -0.5245 0.8512
vn 0.0339 -0.6573 0.7529
vn 0.0005 0.8442 -0.5360
vn -0.0025 0.8730 -0.4877
vn -0.0436 -0.8689 0.4930
vn 0.0197 -0.8869 0.4616
vn 0.0111 0.9168 -0.3992
vn 0.0065 0.9127 -0.4087
vn 0.0156 -0.9169 0.3988
vn 0.0066 -0.9126 0.4089
vn -0.0128 0.9450 -0.3267
vn -0.0125 -0.9450 0.3268
vn 0.0103 0.9540 -0.2995
vn 0.0195 -0.9585 0.2843
vn -0.0071 0.9797 -0.2001
vn -0.0069 -0.9797 0.2003
vn -0.0014 0.9798 -0.2001
vn -0.0016 -0.9795 0.2013
vn 0.0103 0.8641 -0.5032
vn 0.0668 0.8217 -0.5660
vn 0.0073 -0.8902 0.4556
vn -0.0473 -0.8398 0.5409
vn 0.0356 -0.1499 -0.9881
vn -0.0153 0.0093 -0.9998
vn 0.0111 -0.2535 0.9673
vn -0.0120 -0.0067 0.9999
vn -0.0372 -0.8700 -0.4916
vn 0.0141 0.7136 0.7004
vn -0.0115 0.8726 0.4883
vn 0.0465 -0.9084 -0.4155
vn -0.1034 -0.9083 0.4053
vn 0.0105 0.9285 -0.3711
vn -0.0034 0.8693 -0.4942
vn 0.0031 -0.7911 0.6117
vn 0.0112 -0.8249 0.5652
vn 0.0073 0.8312 -0.5559
vn 0.0100 0.8346 -0.5508
vn -0.0102 -0.8200 0.5723
vn 0.0061 -0.9791 0.2035
vn -0.0010 0.9772 -0.2124
vn -0.0031 -0.9797 0.2004
vn -0.0030 0.9782 -0.2076
vn 0.0144 -0.0146 0.9998
vn -0.0034 -0.0403 0.9992
vn 0.1511 -0.0329 0.9880
vn 0.0394 -0.1137 0.9927
vn 0.3601 -0.6402 0.6786
vn -0.0058 0.9488 0.3157
vn -0.0056 0.9504 0.3110
vn -0.1464 0.5634 0.8131
vn -0.1293 0.7978 0.5889
vn -0.0005 0.0115 -0.9999
vn -0.0180 0.0496 -0.9986
vn -0.1592 -0.2711 -0.9493
vn -0.0639 0.6874 -0.7235
vn 0.0270 -0.9578 -0.2861
vn 0.0261 -0.9967 -0.0768
vn 0.0551 -0.8713 -0.4877
vn 0.6410 -0.7319 0.2311
vn 0.6027 -0.5177 0.6072
vn 0.8759 -0.4100 0.2543
vn 0.5803 -0.6702 -0.4627
vn 0.5494 0.1167 0.8274
vn -0.8603 0.5073 -0.0509
vn -0.5745 0.6729 0.4660
vn 0.8895 -0.2403 0.3885
vn 0.5712 0.2704 0.7750
vn -0.0661 0.4812 0.8741
vn -0.8126 0.5004 -0.2988
vn -0.9815 0.1504 0.1189
vn -0.4165 0.6710 0.6135
vn -0.7709 0.6056 -0.1974
vn -0.0775 -0.3002 -0.9507
vn -0.8746 0.0608 -0.4811
vn 0.9951 -0.0322 -0.0936
vn -0.5022 -0.0085 0.8647
vn -0.3109 0.1978 0.9296
vn -0.1987 -0.6311 -0.7498
vn -0.3973 -0.8367 -0.3771
vn 0.1759 -0.1663 -0.9703
vn 0.5070 0.7552 -0.4155
vn 0.1062 0.0237 -0.9941
vn 0.0582 -0.1077 -0.9925
vn -0.2049 0.1213 0.9712
vn -0.4566 -0.1486 0.8772
vn 0.1240 -0.5665 0.8147
vn -0.1154 -0.2813 0.9527
vn -0.3796 -0.8447 -0.3773
vn -0.2488 -0.6752 -0.6944
vn -0.0445 -0.7323 -0.6796
vn -0.4081 -0.8737 -0.2647
vn 0.0085 -0.2726 0.9621
vn 0.1477 0.3661 -0.9188
vn -0.0882 0.7915 -0.6048
vn 0.0245 0.9087 0.4167
vn -0.4180 0.8781 0.2328
vn 0.0957 -0.8489 0.5199
vn 0.0666 -0.7351 -0.6747
vn 0.0319 -0.8510 -0.5241
vn -0.1480 -0.0658 -0.9868
vn 0.4429 -0.8653 0.2347
vn -0.5636 -0.1679 -0.8088
vn -0.2999 0.6231 0.7224
vn -0.6330 0.5836 0.5087
vn 0.2473 -0.5871 -0.7708
vn 0.7991 -0.5476 0.2484
vn -0.3087 -0.3544 -0.8827
vn -0.6042 -0.0106 -0.7968
vn -0.6911 -0.3623 -0.6254
vn -0.3110 -0.4875 -0.8159
vn -0.9930 0.1151 -0.0250
vn -0.4554 0.5410 0.7070
vn 0.0486 0.4018 0.9144
vn -0.5574 -0.7019 -0.4435
vn -0.2454 -0.6425 -0.7260
vn -0.9831 -0.0828 -0.1631
vn -0.2009 -0.6712 -0.7135
vn -0.5063 -0.7493 -0.4269
vn -0.1955 -0.9216 -0.3353
vn -0.0950 -0.9415 -0.3234
vn -0.1990 0.0092 0.9800
vn -0.1041 -0.0445 0.9936
vn -0.2438 -0.6173 0.7480
vn 0.6831 0.6428 -0.3468
vn 0.2549 -0.1911 -0.9479
vn 0.4863 0.2532 -0.8363
vn 0.1947 0.8608 -0.4701
vn -0.1802 -0.9615 0.2076
vn -0.1176 -0.7762 -0.6194
vn 0.0485 -0.0374 -0.9981
vn -0.1814 -0.9823 0.0457
vn -0.4311 0.2263 0.8734
vn 0.4645 0.8031 -0.3733
vn -0.0045 0.9984 -0.0570
vn -0.3312 0.6917 0.6418
vn -0.2074 -0.6531 -0.7283
vn -0.3364 -0.4965 -0.8002
vn -0.0405 -0.8551 0.5168
vn 0.0166 -0.8787 0.4770
vn -0.3407 0.0212 0.9399
vn -0.4722 -0.1313 0.8716
vn -0.6411 -0.5750 0.5083
vn -0.5674 0.8224 0.0425
vn -0.5535 0.5570 0.6192
vn -0.5084 0.0073 -0.8611
vn -0.6860 0.5334 -0.4948
vn -0.9542 0.0085 -0.2992
vn -0.7473 -0.3534 0.5627
vn -0.9434 -0.1104 0.3129
vn -0.7902 0.2975 -0.5358
vn -0.0100 0.8909 -0.4540
vn -0.0119 0.8919 -0.4521
vn -0.0221 0.8930 -0.4496
vn 0.0191 -0.8880 0.4595
vn 0.0109 -0.8919 0.4522
vn 0.0193 -0.8879 0.4597
vn 0.0275 -0.8838 0.4670
vn -0.0077 0.5856 0.8106
vn -0.0079 0.8898 -0.4563
vn -0.1106 -0.3117 -0.9437
vn 0.1190 -0.5829 -0.8038
vn 0.2526 -0.8896 0.3806
vn 0.3329 -0.8414 0.4258
vn 0.9134 -0.2820 0.2936
vn 0.6212 0.0385 0.7827
vn -0.7674 0.5828 -0.2672
vn -0.6577 0.6601 -0.3629
vn -0.5210 -0.1468 -0.8408
vn -0.6523 0.0081 -0.7579
vn 0.8134 0.5816 0.0042
vn 0.1408 0.4727 0.8699
vn 0.3311 0.5881 0.7380
vn -0.4674 -0.4040 -0.7863
vn 0.2743 -0.2984 -0.9142
vn 0.6585 0.7510 0.0487
vn -0.2209 0.1368 0.9657
vn 0.2219 0.6541 0.7232
vn -0.6775 -0.6562 0.3323
vn -0.5606 -0.7385 0.3746
vn 0.1778 -0.1616 -0.9707
vn -0.2656 -0.6610 -0.7018
vn -0.0388 0.8634 -0.5030
vn 0.4458 0.5419 -0.7125
vn 0.0019 0.4507 0.8927
vn -0.0702 0.5154 0.8541
vn 0.0270 -0.4576 -0.8888
vn -0.0689 -0.7305 -0.6794
vn 0.0123 -0.9145 0.4044
vn -0.3527 -0.8492 0.3929
vn -0.1232 -0.6745 0.7279
vn 0.1522 0.5138 0.8443
vn -0.0189 0.8763 -0.4814
vn 0.0078 0.3045 0.9525
vn 0.0282 -0.8909 0.4534
vn 0.0569 -0.8888 0.4548
vn 0.0232 0.6648 0.7467
vn -0.6956 0.6454 -0.3155
vn -0.6738 0.6695 -0.3128
vn -0.9996 0.0269 -0.0008
vn 0.5794 0.0099 0.8150
vn 0.2375 0.1641 0.9574
vn 0.8156 -0.5048 0.2829
vn 0.7160 -0.6340 0.2922
vn 0.8188 -0.4288 0.3816
vn 0.8700 -0.4890 0.0627
vn -0.0600 -0.2631 -0.9629
vn -0.3155 -0.4356 -0.8430
vn 0.4918 0.3575 0.7940
vn -0.3657 0.3815 0.8489
vn 0.9583 0.0079 0.2855
vn 0.9479 -0.1712 -0.2687
vn -0.4141 -0.4681 -0.7806
vn 0.0003 -0.4522 -0.8919
vn 0.3062 0.5753 0.7585
vn 0.3221 -0.3034 -0.8968
vn -0.6489 -0.6706 0.3595
vn -0.4872 -0.0721 0.8703
vn 0.7199 0.6887 -0.0861
vn 0.5987 0.6325 -0.4914
vn -0.1906 -0.6793 -0.7087
vn 0.2689 -0.1955 -0.9431
vn 0.5400 0.6248 -0.5639
vn 0.2333 0.8832 -0.4069
vn -0.2466 -0.3285 -0.9117
vn -0.1318 -0.8250 0.5495
vn -0.1822 -0.8597 0.4772
vn -0.0687 -0.8760 0.4774
vn 0.0685 0.8755 -0.4784
vn 0.0153 -0.8804 0.4741
vn -0.0309 0.8907 -0.4535
vn -0.0113 -0.9061 0.4228
vn -0.3988 -0.0242 0.9167
vn -0.4146 0.6983 0.5835
vn -0.0128 0.8912 -0.4534
vn -0.0156 0.8918 -0.4521
vn -0.4242 -0.0139 -0.9054
vn -0.3941 -0.7282 -0.5608
vn -0.0568 0.9979 -0.0301
vn -0.6006 0.7995 0.0100
vn 0.1569 0.9845 -0.0789
vn -0.7850 0.6195 0.0088
vn -0.9952 0.0970 0.0153
vn -0.9931 -0.1156 0.0187
vn -0.9179 -0.3968 0.0028
vn 0.9669 -0.2533 -0.0300
vn 0.9883 0.1464 0.0424
vn 0.9533 -0.2983 -0.0466
vn -0.0001 -0.0000 -1.0000
vn 0.0001 -0.0000 -1.0000
vn -0.9824 -0.1855 -0.0212
vn -0.4523 0.8814 0.1360
vn -0.7409 0.6641 -0.0999
vn -0.9723 -0.2263 -0.0589
vn 0.8186 0.5571 0.1397
vn 0.3616 0.8451 0.3938
vn -0.1183 0.9925 0.0298
vn 0.8412 -0.5339 0.0861
vn -0.2634 -0.9638 0.0401
vn -0.0819 -0.9964 -0.0239
vn 0.7345 -0.6776 -0.0380
vn 0.9671 0.2396 -0.0852
vn 0.3201 0.9423 -0.0982
vn -0.1553 0.9873 0.0318
vn -0.3503 0.8907 -0.2896
vn 0.5426 0.8382 -0.0552
vn 0.6414 0.7597 -0.1067
vn -0.8755 -0.4822 0.0318
vn 0.9350 -0.3484 -0.0657
vn 0.8917 0.4308 0.1386
vn -0.1852 -0.9527 0.2411
vn -0.2096 -0.9375 0.2777
vn -0.1953 -0.9052 -0.3775
vn -0.2851 -0.9295 -0.2341
vn 0.1953 -0.9052 0.3775
vn 0.2851 -0.9295 0.2341
vn 0.1852 -0.9527 -0.2411
vn 0.2097 -0.9375 -0.2777
vn 0.8609 -0.5071 -0.0424
vn 0.9999 0.0147 -0.0000
vn 0.9889 -0.1287 0.0736
vn 0.9906 -0.1368 -0.0084
vn 0.9910 -0.1336 -0.0039
vn 0.9921 -0.1258 -0.0000
vn -0.9999 0.0147 -0.0000
vn -0.9889 -0.1287 -0.0736
vn -0.9906 -0.1368 0.0084
vn -0.9910 -0.1336 0.0039
vn -0.9921 -0.1258 -0.0000
vn -0.1615 -0.9690 0.1872
vn 0.2797 -0.8908 -0.3581
vn -0.2796 -0.8909 0.3581
vn 0.1614 -0.9690 -0.1871
vn 0.0338 0.7684 -0.6391
vn -0.1191 0.8534 -0.5075
vn -0.1512 0.9132 -0.3785
vn 0.1150 0.8913 -0.4387
vn 0.0982 0.0207 0.9949
vn -0.1239 0.0463 0.9912
vn -0.0044 -0.1548 0.9879
vn 0.0112 -0.0969 0.9952
vn 0.9795 -0.0593 0.1925
vn 0.9783 0.1072 -0.1774
vn 0.9590 0.1288 0.2524
vn 0.9710 0.1510 0.1854
vn -0.1322 0.0704 -0.9887
vn 0.0269 0.1461 -0.9889
vn 0.1451 -0.0096 -0.9894
vn -0.1225 -0.0042 -0.9925
vn -0.9464 0.3221 0.0232
vn -0.9900 0.0646 -0.1256
vn -0.9831 -0.1594 -0.0904
vn -0.9684 0.1467 0.2017
vn -0.9937 -0.1116 0.0064
vn 0.9750 0.0010 -0.2223
vn 0.3342 0.9413 0.0470
vn 0.0805 0.9910 0.1065
vn -0.0288 0.9959 0.0863
vn 0.2637 0.9641 -0.0310
vn 0.0389 0.9794 0.1980
vn -0.0698 0.9852 0.1568
vn 0.0025 0.0073 1.0000
vn 0.0558 0.0856 0.9948
vn -0.1579 0.0651 0.9853
vn -0.2578 0.0898 0.9620
vn 0.9963 -0.0626 -0.0592
vn 0.9886 0.1309 -0.0748
vn 0.9360 0.3421 0.0835
vn 0.9653 0.0386 0.2581
vn -0.0238 0.1560 -0.9875
vn 0.0525 0.1462 -0.9879
vn -0.0150 0.0151 -0.9998
vn -0.9337 0.3554 0.0424
vn -0.9874 0.1441 -0.0661
vn -0.9961 0.0887 -0.0033
vn -0.9561 0.0465 0.2893
vn 0.1042 0.0715 -0.9920
vn -0.0437 -0.8007 0.5975
vn 0.0707 -0.3485 0.9346
vn -0.0526 -0.6432 -0.7639
vn 0.0320 -0.1362 0.9902
vn 0.0001 0.0060 1.0000
vn -0.1305 -0.0103 0.9914
vn -0.0326 -0.1673 0.9854
vn -0.0036 0.0003 -1.0000
vn 0.0878 -0.1133 -0.9897
vn -0.1176 -0.1203 -0.9857
vn -0.1265 -0.0152 -0.9918
vn 0.9864 -0.1644 -0.0005
vn 1.0000 0.0039 -0.0008
vn 0.9708 0.0039 0.2398
vn 0.9639 -0.2583 0.0643
vn -0.9629 -0.1747 0.2055
vn -0.9721 0.0032 0.2346
vn -1.0000 0.0040 -0.0012
vn -0.9863 -0.0592 -0.1539
vn 0.1124 -0.0268 -0.9933
vn 0.1189 -0.0281 0.9925
vn -0.2311 0.9510 0.2053
vn -0.0272 0.9996 -0.0073
vn -0.0545 0.9985 0.0037
vn 0.1975 0.9781 0.0654
vn 0.0780 0.9951 0.0613
vn 0.2191 0.9699 -0.1059
vn 0.0444 0.9943 -0.0970
vn -0.2182 0.9502 -0.2226
vn 0.1448 -0.8458 -0.5135
vn 0.7023 -0.5762 -0.4181
vn 0.8036 -0.4873 0.3417
vn 0.4333 -0.8361 0.3364
vn 0.3543 -0.2840 -0.8910
vn 0.6996 0.0678 -0.7113
vn 0.0551 0.7755 -0.6289
vn 0.6482 0.6871 -0.3282
vn -0.2544 0.8806 0.3997
vn 0.2649 0.9486 0.1730
vn 0.3493 0.2401 0.9057
vn 0.0955 -0.0969 0.9907
vn 0.1428 -0.2774 -0.9501
vn 0.3906 0.4556 -0.7999
vn 0.1856 -0.8097 -0.5566
vn 0.0024 0.9833 -0.1818
vn -0.0133 0.1719 0.9850
vn 0.2195 0.5605 0.7986
vn 0.0370 -0.5394 0.8413
vn 0.1760 -0.5258 0.8322
vn -0.1413 -0.9229 -0.3583
vn -0.4791 -0.7532 0.4507
vn -0.8865 -0.2313 0.4008
vn -0.8342 -0.4463 -0.3239
vn -0.4333 -0.8362 -0.3363
vn -0.7341 -0.3033 0.6075
vn -0.7085 0.3660 0.6034
vn -0.2132 0.7728 0.5978
vn -0.6085 0.7841 -0.1218
vn -0.0841 0.9010 -0.4257
vn -0.4068 0.2418 -0.8809
vn -0.0953 -0.0969 -0.9907
vn 0.0605 -0.6337 0.7712
vn -0.0402 0.1174 0.9923
vn -0.1762 -0.7009 0.6912
vn -0.3079 0.6578 0.6874
vn 0.1092 0.6753 -0.7294
vn -0.1672 0.1211 -0.9784
vn 0.0893 -0.5725 -0.8151
vn -0.2166 -0.6834 -0.6972
vn -0.8899 -0.4538 0.0469
vn -0.4850 -0.8631 0.1409
vn -0.1451 -0.5392 0.8296
vn -0.7025 -0.3377 0.6265
vn -0.6975 0.2651 0.6657
vn -0.6996 0.3698 0.6115
vn -0.0787 0.9489 0.3057
vn -0.6997 0.7085 0.0920
vn -0.0787 0.8306 -0.5513
vn -0.7408 0.4763 -0.4737
vn -0.8707 0.0350 -0.4906
vn -0.8878 -0.2155 -0.4066
vn -0.5168 -0.6128 -0.5978
vn -0.0543 -0.1892 0.9804
vn -0.0444 -0.0186 0.9988
vn -0.0503 -0.8787 0.4748
vn -0.0088 0.9025 0.4307
vn -0.1193 0.9695 0.2139
vn -0.0022 0.2855 -0.9584
vn -0.1120 -0.1951 -0.9744
vn 0.0500 -0.7340 -0.6773
vn -0.2921 -0.8923 -0.3442
vn 0.1413 -0.9229 0.3582
vn -0.3586 -0.8753 0.3244
vn 0.3204 -0.9416 -0.1035
vn -0.2740 -0.6953 0.6644
vn -0.6997 -0.2473 0.6702
vn -0.6976 0.3484 0.6261
vn -0.6480 0.4767 0.5940
vn 0.3008 0.9487 0.0970
vn -0.2323 0.9210 0.3127
vn -0.3617 0.7624 -0.5366
vn -0.0004 0.5564 -0.8309
vn -0.6251 -0.0649 -0.7778
vn -0.0038 -0.3996 -0.9167
vn -0.3531 -0.8335 -0.4249
vn 0.0238 -0.6745 0.7379
vn 0.1521 0.2563 0.9545
vn -0.1528 -0.1751 0.9726
vn -0.0463 -0.8424 0.5369
vn 0.2519 0.6262 -0.7379
vn -0.1868 0.9793 0.0783
vn -0.0018 -0.2250 -0.9743
vn 0.1572 -0.6582 -0.7363
vn 0.1257 -0.9915 0.0334
vn 0.0052 -0.9570 -0.2900
vn -0.0047 -0.8469 -0.5318
vn 0.1616 -0.7701 -0.6172
vn -0.1563 -0.8030 -0.5751
vn 0.1628 0.0074 -0.9866
vn 0.1616 0.0086 -0.9868
vn -0.1628 -0.0074 -0.9866
vn -0.1615 -0.0086 -0.9868
vn 0.1563 0.8030 -0.5751
vn 0.0216 0.8480 -0.5296
vn 0.0059 0.7930 -0.6092
vn -0.1616 0.7701 -0.6172
vn 0.0012 0.9628 -0.2701
vn -0.0002 0.9953 -0.0964
vn -0.1613 0.8874 0.4319
vn 0.0052 0.9570 0.2899
vn 0.1616 0.7701 0.6172
vn -0.1563 0.8030 0.5751
vn 0.1629 -0.0074 0.9866
vn 0.1616 -0.0086 0.9868
vn -0.1629 0.0074 0.9866
vn -0.1616 0.0086 0.9868
vn 0.1564 -0.8030 0.5751
vn 0.0216 -0.8480 0.5296
vn 0.0059 -0.7930 0.6092
vn -0.1616 -0.7701 0.6172
vn 0.0012 -0.9628 0.2702
vn -0.9985 -0.0330 0.0426
vn -0.6164 -0.4046 -0.6755
vn -1.0000 0.0024 -0.0093
vn -0.5350 0.8437 0.0450
vn -0.3883 0.6417 -0.6614
vn -0.2022 0.9772 -0.0639
vn -0.2330 -0.3059 -0.9231
vn 0.1394 -0.4244 -0.8947
vn -0.8980 -0.0113 -0.4398
vn -0.0680 -0.1588 -0.9850
vn -0.4836 -0.0652 -0.8729
vn -0.3102 0.0287 -0.9502
vn 0.2559 -0.4659 -0.8470
vn -0.0244 0.1209 -0.9924
vn -0.1461 0.3048 -0.9411
vn 0.0893 0.8824 -0.4620
vn 0.3078 -0.5727 -0.7597
vn 0.1221 0.1374 -0.9830
vn 0.4699 -0.2150 -0.8562
vn 0.4898 -0.2516 -0.8347
vn 0.3064 -0.6008 -0.7383
vn 0.6169 -0.7869 -0.0130
vn 0.2783 -0.9598 -0.0380
vn 0.1485 -0.5946 -0.7902
vn -0.0611 -0.9869 -0.1493
vn 0.6883 -0.3674 -0.6255
vn 0.9964 0.0171 -0.0826
vn 0.9933 -0.0966 0.0629
vn -0.0960 -0.9949 0.0309
vn 0.9952 -0.0970 0.0123
vn 0.9635 -0.2487 0.0992
vn 0.9629 -0.2529 0.0943
vn 0.8518 -0.5058 0.1365
vn 0.8543 -0.5021 0.1345
vn 0.6672 -0.6891 0.2828
vn 0.6466 -0.7622 0.0329
vn 0.8888 -0.0749 0.4522
vn 0.4882 -0.5596 0.6697
vn 0.2832 -0.6450 0.7098
vn 0.3741 0.0521 0.9259
vn -0.1489 -0.2791 0.9486
vn -0.1187 0.2016 0.9723
vn 0.8440 0.0349 0.5351
vn 0.4093 -0.1093 0.9058
vn -0.1896 0.4941 0.8485
vn -0.2047 0.4199 0.8842
vn -0.0277 0.3662 0.9301
vn 0.0226 0.1033 0.9944
vn 0.0840 0.5949 0.7994
vn -0.3562 0.4227 0.8333
vn -0.6951 0.0986 0.7121
vn -0.3579 0.2600 0.8968
vn 0.0710 -0.0962 0.9928
vn -0.2628 0.6797 0.6848
vn -0.2877 0.9393 0.1870
vn -0.6866 -0.1460 0.7122
vn -0.9957 0.0895 -0.0225
vn 0.2346 0.9708 0.0495
vn -0.8990 0.4278 -0.0938
vn -0.9781 0.2078 -0.0137
vn -0.8265 0.5401 -0.1589
vn -0.6594 0.7513 -0.0266
vn -0.6305 0.7194 -0.2914
vn -0.8460 -0.2362 -0.4780
vn -0.0185 -0.8506 -0.5256
vn 0.8484 -0.0728 -0.5243
vn 0.1239 -0.6771 0.7254
vn -0.8488 0.1109 0.5170
vn -0.6965 0.1670 -0.6979
vn -0.3041 -0.4247 -0.8527
vn -0.3340 -0.1559 -0.9296
vn 0.1066 0.1203 -0.9870
vn 0.2758 -0.3711 -0.8867
vn 0.3528 -0.1103 -0.9292
vn 0.9263 0.3280 -0.1854
vn 0.6927 0.4175 0.5881
vn 0.2418 -0.0976 0.9654
vn 0.3028 0.1805 0.9358
vn -0.0447 0.4279 0.9027
vn -0.2759 -0.0454 0.9601
vn -0.3528 0.2142 0.9109
vn -0.9319 0.3594 0.0500
vn -0.4585 0.1146 -0.8813
vn 0.8329 0.0303 -0.5527
vn -0.8329 0.2175 0.5089
vn 0.6086 0.2279 0.7600
vn -0.0022 0.3784 -0.9256
vn 0.1825 0.4071 -0.8950
vn 0.0023 0.6722 0.7404
vn -0.6811 0.2784 0.6772
vn -0.6328 0.3611 0.6850
vn -0.3497 0.8642 0.3617
vn -0.1825 0.6886 0.7018
vn 0.5090 0.7493 -0.4236
vn 0.0342 0.4340 -0.9002
vn -0.3062 0.3985 -0.8646
vn 0.3760 0.4209 -0.8255
vn -0.1545 0.8945 -0.4195
vn -0.5128 0.8469 0.1409
vn 0.3718 0.5432 0.7528
vn 0.1509 0.9842 0.0923
vn 0.9999 0.0158 0.0002
vn 0.9935 0.1052 -0.0434
vn 0.6164 -0.4046 -0.6755
vn 0.5529 0.8329 0.0241
vn 0.4133 0.6252 -0.6620
vn 0.2331 -0.3059 -0.9231
vn 0.8981 -0.0112 -0.4397
vn -0.1264 -0.3740 -0.9188
vn 0.4836 -0.0651 -0.8729
vn 0.0686 -0.0985 -0.9928
vn 0.3176 0.0448 -0.9472
vn 0.2937 0.2441 -0.9242
vn -0.0609 -0.1686 -0.9838
vn 0.1622 0.9682 -0.1905
vn -0.0090 -0.3806 -0.9247
vn -0.0610 -0.4448 -0.8935
vn -0.4698 -0.2149 -0.8562
vn -0.1221 0.1374 -0.9830
vn -0.4898 -0.2516 -0.8348
vn -0.3797 -0.7176 -0.5838
vn -0.3064 -0.6008 -0.7383
vn -0.1485 -0.5946 -0.7902
vn -0.2782 -0.9598 -0.0380
vn -0.6169 -0.7869 -0.0131
vn -0.6882 -0.3675 -0.6255
vn -0.9933 -0.0966 0.0629
vn -0.9993 -0.0127 -0.0348
vn -0.9950 0.0070 0.0991
vn -0.9629 -0.2529 0.0943
vn -0.9635 -0.2487 0.0992
vn -0.8543 -0.5021 0.1345
vn -0.8518 -0.5058 0.1365
vn -0.6466 -0.7621 0.0329
vn -0.6672 -0.6891 0.2828
vn -0.9069 0.2207 0.3589
vn -0.2831 -0.6450 0.7098
vn -0.4882 -0.5597 0.6697
vn -0.3741 0.0521 0.9259
vn -0.8441 0.0349 0.5351
vn 0.1121 0.2089 0.9715
vn 0.0125 -0.1877 0.9821
vn -0.3339 -0.0726 0.9398
vn -0.2798 -0.1471 0.9487
vn -0.0215 -0.1295 0.9913
vn -0.1569 -0.3837 0.9100
vn -0.0189 -0.2545 0.9669
vn 0.3890 0.5614 -0.7304
vn 0.6952 0.0986 0.7120
vn 0.3562 0.4226 0.8333
vn 0.3579 0.2600 0.8968
vn -0.0711 -0.0962 0.9928
vn 0.2330 0.6976 0.6775
vn 0.2898 0.9524 0.0946
vn 0.0083 -0.3940 0.9191
vn 0.6866 -0.1459 0.7122
vn 0.9957 0.0895 -0.0225
vn 0.9781 0.2078 -0.0137
vn 0.9047 0.4161 -0.0919
vn 0.8265 0.5401 -0.1589
vn 0.6305 0.7194 -0.2914
vn 0.6594 0.7513 -0.0266
vn 0.8325 -0.0924 -0.5462
vn 0.0185 -0.8506 -0.5255
vn -0.8782 -0.1765 -0.4446
vn -0.1240 -0.6771 0.7254
vn 0.8786 -0.0137 0.4774
vn 0.8194 0.2256 -0.5270
vn 0.3041 -0.4247 -0.8527
vn 0.3340 -0.1558 -0.9296
vn -0.1065 0.1203 -0.9870
vn -0.3528 -0.1103 -0.9292
vn -0.2758 -0.3711 -0.8867
vn -0.9335 0.3206 -0.1607
vn -0.8064 0.4190 0.4173
vn -0.2417 -0.0976 0.9654
vn -0.3028 0.1806 0.9358
vn 0.0447 0.4279 0.9027
vn 0.3527 0.2142 0.9109
vn 0.2759 -0.0454 0.9601
vn 0.9344 0.3550 0.0296
vn 0.4586 0.1146 -0.8812
vn -0.7681 0.0322 -0.6395
vn 0.7681 0.2490 0.5899
vn -0.6086 0.2279 0.7600
vn 0.0023 0.3784 -0.9256
vn -0.1825 0.4070 -0.8950
vn -0.0023 0.6722 0.7403
vn 0.6811 0.2784 0.6772
vn 0.3497 0.8642 0.3617
vn 0.6328 0.3610 0.6850
vn 0.1825 0.6886 0.7018
vn -0.5090 0.7494 -0.4235
vn -0.0342 0.4341 -0.9002
vn 0.3061 0.3985 -0.8646
vn -0.3761 0.4210 -0.8254
vn 0.1546 0.8945 -0.4195
vn 0.5128 0.8469 0.1409
vn -0.3718 0.5432 0.7528
vn -0.1508 0.9842 0.0923
vn 0.1836 -0.9416 0.2822
vn -0.4550 -0.6468 0.6121
vn -0.7461 -0.6653 -0.0268
vn -0.8413 -0.0787 0.5348
vn -0.8649 0.2181 0.4521
vn -0.5247 0.3979 0.7526
vn -0.6673 0.7339 0.1267
vn -0.0038 0.9826 -0.1855
vn -0.3530 0.5998 -0.7180
vn 0.3205 0.3105 -0.8949
vn -0.4135 -0.1296 -0.9012
vn -0.2325 -0.7102 -0.6645
vn -0.1428 -0.2774 0.9501
vn -0.2633 0.4444 0.8563
vn -0.1856 -0.8097 0.5567
vn -0.0024 0.9833 0.1819
vn 0.0133 0.1719 -0.9850
vn -0.3523 0.5082 -0.7859
vn -0.0370 -0.5394 -0.8412
vn -0.1760 -0.5259 -0.8322
vn 0.1450 -0.8458 -0.5134
vn 0.7459 -0.5367 -0.3945
vn 0.8685 -0.4677 0.1639
vn 0.4852 -0.8386 0.2476
vn 0.6097 -0.2710 -0.7449
vn 0.8648 0.2182 -0.4522
vn 0.5246 0.3979 -0.7527
vn 0.6673 0.7339 -0.1267
vn 0.0902 0.9864 0.1372
vn 0.6252 0.5677 0.5356
vn 0.0903 0.5077 0.8568
vn 0.6675 -0.0934 0.7387
vn 0.5574 -0.1483 0.8169
vn 0.0543 -0.1891 -0.9805
vn 0.0444 -0.0186 -0.9988
vn 0.0503 -0.8787 -0.4747
vn 0.0089 0.9024 -0.4307
vn 0.1193 0.9696 -0.2138
vn 0.0022 0.2855 0.9584
vn 0.1871 -0.2268 0.9558
vn -0.0501 -0.7340 0.6773
vn 0.2921 -0.8923 0.3443
vn -0.1413 -0.9229 -0.3582
vn 0.0785 -0.8306 -0.5512
vn 0.7407 -0.4763 -0.4737
vn 0.6996 -0.7086 0.0920
vn 0.0785 -0.9489 0.3057
vn 0.8878 0.2155 -0.4067
vn 0.7126 0.3311 -0.6186
vn 0.8899 0.4538 0.0468
vn 0.4851 0.8630 0.1409
vn 0.1450 0.5392 0.8296
vn 0.7024 0.3377 0.6266
vn 0.5992 -0.1120 0.7927
vn 0.6994 -0.3699 0.6115
vn 0.2001 -0.2305 -0.9523
vn 0.4092 0.6040 -0.6839
vn 0.2382 -0.7753 -0.5850
vn 0.0871 0.9896 0.1141
vn -0.0439 -0.0546 0.9975
vn 0.3250 0.0434 0.9447
vn 0.0561 -0.7862 0.6154
vn 0.1971 -0.8730 0.4462
vn 0.0038 -0.9826 -0.1856
vn 0.4032 -0.5652 -0.7197
vn 0.6253 -0.7726 0.1098
vn 0.5235 -0.4017 -0.7514
vn 0.5666 0.2186 -0.7945
vn 0.3988 0.4352 -0.8072
vn 0.4579 0.8889 -0.0128
vn -0.0314 0.9302 0.3657
vn 0.5665 0.4849 0.6663
vn 0.2019 0.1947 0.9598
vn 0.6673 -0.3586 0.6528
vn 0.0902 -0.7223 0.6857
vn -0.0163 -0.4530 -0.8913
vn -0.1682 0.5457 -0.8209
vn 0.0641 0.1407 -0.9880
vn 0.0546 -0.6625 -0.7471
vn -0.2124 0.4700 0.8567
vn 0.1882 0.9655 0.1802
vn 0.0534 -0.2743 0.9602
vn -0.1014 -0.6999 0.7070
vn 0.2920 -0.8923 0.3442
vn 0.9042 -0.3704 -0.2126
vn 0.8067 -0.5669 -0.1669
vn 0.2261 -0.7048 0.6724
vn 0.9148 -0.0868 -0.3945
vn 0.8867 0.1690 -0.4304
vn 0.5247 0.3978 -0.7526
vn 0.0039 0.9826 0.1856
vn 0.3531 0.5997 0.7181
vn -0.3840 0.2655 0.8843
vn 0.2161 -0.2385 0.9468
vn 0.2650 -0.7266 0.6338
vn 0.0688 -0.2864 -0.9556
vn 0.2509 0.2710 -0.9293
vn 0.0501 -0.7340 -0.6773
vn 0.0307 0.9678 -0.2498
vn 0.3958 0.6563 0.6423
vn 0.0063 0.1013 0.9948
vn 0.2371 -0.4944 0.8363
vn 0.1494 -0.7980 -0.5838
vn 0.6654 -0.5434 -0.5118
vn 0.7556 -0.6496 0.0843
vn 0.3436 -0.9386 0.0302
vn 0.6110 -0.0503 -0.7901
vn 0.4363 -0.2923 -0.8510
vn 0.5551 0.4154 -0.7207
vn 0.2567 0.4907 -0.8326
vn 0.6606 0.6921 -0.2909
vn 0.1588 0.9853 -0.0637
vn 0.7291 0.6253 0.2782
vn 0.0072 0.8164 0.5774
vn 0.5520 0.4162 0.7226
vn 0.3168 0.2488 0.9153
vn 0.6596 -0.1389 0.7387
vn 0.0216 -0.6969 0.7169
vn 0.4364 -0.4831 0.7591
vn -0.1683 0.5458 -0.8209
vn -0.2124 0.4699 0.8568
vn 0.1881 0.9655 0.1802
vn 0.0535 -0.2743 0.9602
vn -0.1013 -0.6999 0.7070
vn 0.2938 -0.8247 -0.4833
vn 0.8461 -0.5128 -0.1455
vn 0.2915 -0.9214 0.2570
vn 0.6673 -0.2868 -0.6874
vn 0.6060 -0.2406 -0.7582
vn 0.6673 0.4046 -0.6253
vn 0.5575 0.4880 -0.6716
vn 0.8920 0.4492 0.0511
vn 0.4851 0.8630 0.1408
vn 0.6760 0.5729 0.4634
vn 0.8676 0.0505 0.4946
vn 0.3403 -0.0482 0.9391
vn 0.6441 -0.5432 0.5386
vn 0.2001 -0.2306 -0.9523
vn 0.3226 0.5765 -0.7507
vn 0.2382 -0.7752 -0.5850
vn -0.0107 0.9994 0.0324
vn -0.0179 0.0100 0.9998
vn 0.2694 0.3881 0.8814
vn 0.0346 -0.6092 0.7923
vn 0.1683 -0.5957 0.7854
vn -0.8295 -0.4220 0.3658
vn -0.6675 -0.6995 0.2553
vn -0.6588 -0.7039 -0.2656
vn -0.8920 -0.0501 0.4493
vn -0.9174 -0.0039 0.3980
vn -0.8364 0.2534 0.4860
vn -0.7808 0.6223 0.0554
vn 0.2480 0.9112 -0.3290
vn -0.2543 0.6245 -0.7385
vn -0.0681 0.1381 -0.9881
vn -0.2322 0.0999 -0.9675
vn -0.3616 -0.6928 -0.6240
vn -0.0371 -0.3959 0.9175
vn 0.0523 0.5304 0.8461
vn -0.0934 0.4234 0.9011
vn 0.0398 -0.4577 0.8882
vn 0.0025 0.4612 -0.8873
vn -0.1378 0.5545 -0.8207
vn -0.0398 -0.4577 -0.8882
vn 0.0371 -0.3959 -0.9176
vn -0.6653 -0.7118 0.2254
vn -0.0785 -0.9876 0.1362
vn -0.3850 -0.6418 0.6632
vn -0.4364 -0.6325 0.6399
vn -0.5552 0.0616 0.8295
vn -0.5941 0.2801 0.7540
vn -0.5520 0.6118 0.5665
vn -0.0315 0.9597 0.2792
vn -0.6930 0.7207 0.0161
vn -0.0786 0.8306 -0.5512
vn -0.6996 0.5137 -0.4966
vn -0.3544 0.2839 -0.8910
vn -0.6996 -0.0679 -0.7113
vn -0.0786 -0.7222 -0.6872
vn -0.6996 -0.5985 -0.3904
vn -0.0387 -0.4804 0.8762
vn 0.0310 0.2313 0.9724
vn -0.1382 0.1529 0.9785
vn -0.0546 -0.6625 0.7471
vn 0.0244 0.9940 -0.1068
vn -0.2968 0.9112 -0.2858
vn 0.0861 0.0694 -0.9939
vn -0.1722 -0.2719 -0.9468
vn 0.0035 -0.7616 -0.6481
vn 0.3204 -0.9416 -0.1036
vn -0.2739 -0.6954 0.6643
vn -0.6996 -0.2474 0.6703
vn -0.6976 0.2651 0.6656
vn -0.6997 0.3698 0.6113
vn -0.0549 0.9716 0.2302
vn -0.6481 0.7616 -0.0024
vn 0.3009 0.6673 -0.6813
vn -0.2322 0.8187 -0.5251
vn -0.3616 0.0558 -0.9307
vn 0.0888 -0.3470 -0.9336
vn 0.0346 0.0433 0.9985
vn 0.0533 0.9905 -0.1270
vn -0.2345 0.9491 0.2102
vn -0.1550 -0.3619 0.9193
vn 0.0254 -0.1826 -0.9829
vn -0.2351 0.1701 -0.9570
vn -0.0440 -0.7485 -0.6617
vn -0.1835 -0.7275 -0.6612
vn 0.0459 -0.9118 0.4081
vn -0.1549 -0.9602 0.2325
vn -0.0680 0.4651 0.8826
vn -0.6006 0.7604 0.2472
vn -0.0388 0.7068 0.7064
vn -0.3329 0.3497 0.8757
vn -0.4146 0.7888 -0.4538
vn -0.1773 0.3763 -0.9094
vn -0.2913 0.4238 -0.8576
vn -0.1645 0.6205 -0.7667
vn -0.1691 0.1884 -0.9674
vn -0.4117 -0.0445 -0.9102
vn -0.4684 0.3202 -0.8235
vn -0.5466 -0.6955 0.4663
vn -0.4767 -0.4781 0.7376
vn -0.4608 -0.8702 0.1746
vn -0.1176 -0.4828 0.8678
vn -0.2262 -0.2339 0.9456
vn -0.4653 0.0909 0.8805
vn -0.5507 0.0220 0.8344
vn -0.4830 -0.2574 0.8370
vn -0.6011 0.3883 0.6985
vn -0.3415 0.6573 0.6718
vn -0.6379 0.5280 0.5606
vn -0.6642 0.6111 0.4306
vn -0.4146 0.9020 -0.1203
vn -0.6375 0.5600 -0.5291
vn -0.3972 0.5891 -0.7037
vn -0.4259 0.1086 -0.8982
vn -0.5895 0.5006 -0.6340
vn -0.6074 -0.2351 -0.7588
vn -0.3988 -0.7027 -0.5892
vn -0.3032 -0.7813 -0.5455
vn -0.6277 -0.3744 -0.6825
vn -0.4483 -0.8746 -0.1846
vn -0.8159 0.3504 0.4599
vn -0.8761 0.4693 0.1101
vn -0.8448 -0.4325 0.3149
vn -0.8665 -0.1456 0.4775
vn -0.8826 0.4451 -0.1514
vn -0.8613 0.2177 -0.4590
vn -0.8468 -0.0778 -0.5262
vn -0.9196 -0.2260 -0.3213
vn -0.8109 -0.4808 -0.3337
vn -0.8484 -0.5292 -0.0141
vn -0.5318 -0.8238 -0.1964
vn -0.6246 -0.7701 -0.1299
vn -0.5643 -0.8009 0.2004
vn -0.4944 -0.7669 -0.4093
vn -0.5033 -0.7106 -0.4916
vn -0.2636 -0.6995 -0.6642
vn -0.3542 -0.7099 -0.6087
vn -0.0466 -0.6960 -0.7166
vn 0.0630 -0.6967 -0.7146
vn 0.2773 -0.7009 -0.6571
vn 0.3673 -0.7106 -0.6001
vn 0.5163 -0.7389 -0.4330
vn 0.4543 -0.7129 -0.5342
vn 0.8922 -0.4097 -0.1902
vn 0.5358 -0.8442 0.0124
vn 0.9042 -0.2861 0.3171
vn 0.2637 -0.6995 0.6642
vn 0.5665 -0.1486 0.8106
vn 0.0466 -0.6959 0.7166
vn -0.0630 -0.6967 0.7146
vn -0.2774 -0.7009 0.6571
vn -0.3673 -0.7106 0.6001
vn -0.6225 -0.7367 0.2642
vn -0.4347 -0.7948 0.4234
vn -0.2467 0.1400 -0.9589
vn 0.0121 -0.0953 -0.9954
vn -0.0121 0.0953 -0.9954
vn 0.2467 -0.1399 -0.9589
vn 0.9574 0.2263 -0.1794
vn 0.6225 -0.1796 -0.7617
vn 0.9615 -0.0147 0.2743
vn 0.2467 0.1400 0.9589
vn -0.0121 -0.0953 0.9954
vn 0.0121 0.0953 0.9954
vn -0.2467 -0.1400 0.9589
vn -0.9999 -0.0043 -0.0138
vn -0.9989 -0.0350 0.0321
vn -0.9931 0.0146 0.1160
vn -0.9965 0.0455 0.0695
vn -0.8018 -0.4159 0.4291
vn -0.8430 -0.1510 0.5163
vn 0.4563 -0.8827 0.1127
vn -0.4782 0.0165 0.8781
vn -0.5915 0.1846 0.7849
vn -0.4188 -0.1501 0.8956
vn -0.8485 0.5137 0.1269
vn 0.5723 0.7798 -0.2538
vn -0.8966 0.2645 0.3551
vn -0.3464 0.7189 -0.6027
vn -0.5846 0.4881 -0.6480
vn -0.4776 -0.0163 -0.8784
vn -0.5910 -0.1845 -0.7853
vn -0.4183 0.1503 -0.8958
vn -0.9169 -0.3809 -0.1195
vn -0.9308 -0.1893 -0.3128
vn -0.8266 -0.5149 0.2274
vn -0.8275 -0.3030 0.4727
vn -0.8325 -0.3241 0.4494
vn -0.8384 -0.5402 0.0728
vn -0.8184 0.0713 0.5702
vn -0.8211 0.0159 0.5705
vn -0.7970 0.4287 0.4255
vn -0.7925 0.4178 0.4442
vn -0.8275 0.5527 0.0990
vn -0.8151 0.5671 0.1183
vn -0.8278 0.4717 -0.3038
vn -0.8245 0.4916 -0.2802
vn -0.8112 0.1434 -0.5669
vn -0.8211 0.2036 -0.5332
vn -0.7867 -0.3420 -0.5139
vn -0.7880 -0.1764 -0.5899
vn -0.8026 -0.4868 -0.3447
vn -0.8225 -0.5529 -0.1337
vn -0.9671 -0.1872 0.1720
vn -0.9575 0.0076 0.2883
vn -0.9994 0.0025 0.0336
vn -0.9675 0.2094 0.1418
vn -0.9639 0.2524 -0.0854
vn -0.9660 0.1463 -0.2131
vn -0.9708 0.0313 -0.2380
vn -0.9815 -0.1088 -0.1575
vn -0.9660 -0.2582 0.0156
vn -0.8850 -0.4592 -0.0773
vn 0.6591 -0.3543 0.6634
vn 0.2369 -0.9403 0.2443
vn -0.7747 0.5591 0.2954
vn -0.6408 0.7156 0.2780
vn 0.5984 0.7988 -0.0616
vn 0.9138 0.3833 -0.1344
vn -0.8235 -0.2134 -0.5257
vn -0.1450 -0.8458 0.5134
vn -0.7024 -0.5761 0.4180
vn -0.8035 -0.4873 -0.3418
vn -0.4333 -0.8361 -0.3364
vn -0.6975 -0.0500 0.7148
vn -0.6996 0.0679 0.7113
vn -0.0549 0.7755 0.6289
vn -0.6481 0.6872 0.3283
vn 0.2543 0.8807 -0.3997
vn -0.2651 0.9486 -0.1730
vn -0.3494 0.2400 -0.9057
vn -0.6374 0.0992 -0.7641
vn -0.2001 -0.2306 0.9523
vn -0.4093 0.6039 0.6839
vn -0.2382 -0.7753 0.5850
vn -0.0871 0.9896 -0.1141
vn 0.0439 -0.0546 -0.9975
vn -0.3250 0.0434 -0.9447
vn -0.0561 -0.7862 -0.6154
vn -0.1970 -0.8730 -0.4462
vn 0.7023 -0.7005 -0.1267
vn 0.1449 -0.9848 -0.0956
vn 0.3543 -0.6424 -0.6795
vn 0.6996 -0.2474 -0.6704
vn 0.5995 0.1120 -0.7925
vn 0.7407 0.3558 -0.5698
vn 0.3800 0.8812 -0.2812
vn 0.8649 0.4893 0.1121
vn 0.2937 0.8247 0.4833
vn 0.7085 0.2436 0.6623
vn 0.7620 0.1702 0.6248
vn 0.8685 -0.3504 0.3506
vn 0.7900 -0.2879 0.5413
vn -0.0238 -0.6745 -0.7379
vn -0.1522 0.2564 -0.9545
vn 0.2262 -0.1388 -0.9642
vn 0.0463 -0.8424 -0.5369
vn -0.2520 0.6261 0.7379
vn 0.1868 0.9793 -0.0783
vn -0.0794 -0.1902 0.9785
vn -0.1572 -0.6582 0.7363
vn 0.2921 -0.8923 0.3442
vn 0.5168 -0.5905 -0.6199
vn 0.6435 -0.2769 -0.7136
vn -0.2632 -0.9391 -0.2209
vn 0.4783 0.0165 -0.8780
vn 0.5917 0.1847 -0.7847
vn 0.4190 -0.1500 -0.8955
vn -0.5204 0.5621 -0.6428
vn 0.7610 0.6332 0.1408
vn -0.1474 0.8313 -0.5359
vn -0.2957 0.7700 0.5654
vn -0.4632 0.7677 0.4428
vn 0.4780 -0.0165 0.8782
vn 0.5914 -0.1846 0.7849
vn 0.4186 0.1501 0.8957
vn -0.3171 -0.5692 0.7585
vn 0.6317 -0.7668 0.1138
vn -0.0219 -0.7300 0.6831
vn 0.8376 -0.5156 -0.1806
vn 0.8035 -0.3217 -0.5009
vn 0.8197 -0.5154 -0.2500
vn 0.7429 -0.2114 -0.6352
vn 0.8112 0.0844 -0.5786
vn 0.8034 0.0290 -0.5947
vn 0.7867 0.5126 -0.3439
vn 0.7880 0.3887 -0.4775
vn 0.8027 0.5816 -0.1322
vn 0.8163 0.5683 0.1031
vn 0.8187 0.4980 0.2858
vn 0.8225 0.3351 0.4596
vn 0.8384 0.1395 0.5269
vn 0.8242 -0.0055 0.5663
vn 0.8274 -0.3208 0.4609
vn 0.8324 -0.2912 0.4714
vn 0.8354 -0.5351 0.1254
vn 0.8245 -0.5458 0.1495
vn 0.9700 -0.2033 -0.1335
vn 0.9649 -0.0188 -0.2619
vn 1.0000 -0.0086 0.0025
vn 0.9650 0.1813 -0.1897
vn 0.9598 0.2805 0.0092
vn 0.9700 0.1367 0.2011
vn 0.9644 -0.1055 0.2424
vn 0.9598 -0.2627 0.0989
vn 0.7130 -0.5782 -0.3965
vn 0.8390 -0.1061 -0.5337
vn -0.3732 -0.9187 0.1290
vn -0.9494 0.2967 -0.1025
vn 0.9545 0.2726 0.1212
vn -0.6719 0.6696 -0.3166
vn 0.9358 -0.0399 0.3504
vn 0.2497 -0.9043 0.3463
vn 0.5301 -0.5963 0.6029
vn -0.0827 0.5159 -0.8527
vn 0.6890 0.6111 -0.3895
vn 0.1680 0.5275 -0.8328
vn -0.0279 0.9783 -0.2051
vn 0.5390 0.8080 0.2381
vn -0.2761 0.7848 0.5549
vn 0.3670 0.5912 0.7182
vn 0.5795 0.3393 0.7410
vn 0.4951 -0.8511 -0.1748
vn 0.3963 -0.6447 -0.6537
vn 0.3153 -0.7804 -0.5399
vn 0.6326 -0.3985 -0.6641
vn 0.2995 -0.2067 -0.9314
vn 0.4960 -0.0490 -0.8670
vn 0.4983 -0.1515 -0.8536
vn 0.6467 0.1015 -0.7560
vn 0.3003 0.3798 -0.8750
vn 0.8464 0.4343 -0.3081
vn 0.7515 0.3962 -0.5276
vn 0.8722 0.4014 0.2793
vn 0.3067 0.3828 0.8714
vn 0.7777 0.3338 0.5327
vn 0.3151 0.1821 0.9314
vn 0.4983 0.0094 0.8670
vn 0.5089 0.1113 0.8536
vn 0.6365 -0.1527 0.7560
vn 0.2970 -0.4762 0.8277
vn 0.6178 -0.6444 0.4506
vn 0.5646 -0.4698 0.6786
vn 0.4811 -0.8576 0.1818
vn 0.8541 -0.4467 -0.2664
vn 0.8654 -0.3446 -0.3639
vn 0.8958 -0.3666 -0.2515
vn 0.9112 -0.0581 -0.4079
vn 0.8988 0.2451 -0.3633
vn 0.8768 0.4736 -0.0828
vn 0.8653 0.5012 -0.0057
vn 0.8653 0.4077 0.2916
vn 0.8896 0.1421 0.4341
vn 0.9236 0.0550 0.3794
vn 0.9040 -0.1647 0.3945
vn 0.8611 -0.4246 0.2798
vn 0.9047 -0.3282 0.2716
vn 0.8932 -0.4492 0.0188
vn 0.9238 -0.1401 -0.3564
vn 0.9272 -0.0948 0.3623
vn 0.9182 -0.3921 0.0565
vn 0.9724 -0.1506 -0.1783
vn 0.9859 -0.0994 -0.1348
vn 0.9980 0.0622 -0.0057
vn 0.9993 0.0365 -0.0098
vn 0.9890 -0.0916 0.1161
vn 0.9727 -0.1587 0.1694
vn -0.0244 0.9789 0.2026
vn 0.0194 0.4871 0.8731
vn 0.0646 0.6151 0.7858
vn 0.0731 0.9957 0.0569
vn -0.0631 0.1773 0.9821
vn 0.0155 -0.0831 0.9964
vn -0.0155 0.0831 0.9964
vn 0.0631 -0.1773 0.9821
vn -0.0797 -0.9966 -0.0192
vn -0.0846 -0.9901 -0.1123
vn -0.0001 -0.9991 -0.0414
vn 0.0050 -0.9986 0.0523
vn -0.0770 -0.1717 -0.9821
vn 0.0221 0.0816 -0.9964
vn -0.0221 -0.0816 -0.9964
vn 0.0770 0.1717 -0.9821
vn -0.0417 0.8621 -0.5050
vn 0.0738 0.8109 -0.5805
vn 0.5994 -0.6823 -0.4187
vn 0.6981 -0.6470 -0.3066
vn 0.3645 0.0604 -0.9293
vn 0.1602 -0.2009 -0.9664
vn 0.3616 0.6928 -0.6239
vn 0.0004 0.9339 -0.3576
vn 0.6253 0.7438 0.2363
vn 0.0904 0.8292 0.5516
vn 0.6675 0.2364 0.7061
vn 0.8295 -0.0229 0.5581
vn 0.8877 -0.3628 0.2835
vn 0.9323 -0.3266 0.1553
vn -0.0069 -0.2432 -0.9699
vn 0.0610 0.1113 -0.9919
vn -0.1131 0.9866 -0.1172
vn 0.2637 0.9591 0.1026
vn -0.0849 0.0735 0.9937
vn 0.0198 -0.0959 0.9952
vn 0.0258 -0.6944 0.7191
vn 0.0636 -0.7023 0.7091
vn 0.0955 -0.9666 -0.2377
vn 0.0074 -0.8367 -0.5477
vn -0.0166 -0.7263 -0.6872
vn 0.1239 -0.6025 -0.7885
vn -0.1196 -0.6461 -0.7539
vn 0.1245 0.2455 -0.9614
vn 0.1238 0.2464 -0.9612
vn -0.1244 0.2298 -0.9652
vn -0.1239 0.2289 -0.9655
vn 0.1195 0.9226 -0.3668
vn 0.0261 0.9629 -0.2684
vn 0.0012 0.9955 -0.0950
vn -0.1238 0.9001 -0.4177
vn 0.0126 0.9998 0.0137
vn 0.0015 0.9818 0.1898
vn -0.0109 0.7257 0.6880
vn 0.0073 0.8367 0.5476
vn 0.1239 0.6025 0.7885
vn -0.1195 0.6461 0.7539
vn 0.1245 -0.2455 0.9614
vn 0.1239 -0.2464 0.9612
vn -0.1245 -0.2298 0.9652
vn -0.1238 -0.2289 0.9655
vn 0.1195 -0.9226 0.3668
vn 0.0261 -0.9630 0.2684
vn 0.0012 -0.9955 0.0950
vn -0.1239 -0.9001 0.4177
vn 0.0126 -0.9998 -0.0136
vn -0.0888 -0.8330 -0.5461
vn 0.3616 -0.9197 -0.1527
vn -0.3009 -0.8127 0.4990
vn 0.3531 -0.2288 -0.9072
vn 0.2637 -0.0591 -0.9628
vn 0.3586 0.5110 -0.7812
vn -0.0183 0.9363 -0.3507
vn 0.6996 0.7086 -0.0920
vn 0.0787 0.8306 0.5512
vn 0.6998 0.5136 0.4965
vn 0.0549 0.0083 0.9985
vn 0.6481 -0.1718 0.7420
vn 0.2322 -0.6942 0.6813
vn -0.0164 -0.4531 -0.8913
vn -0.0003 0.6301 -0.7765
vn 0.2474 0.2901 -0.9245
vn 0.0545 -0.6624 -0.7471
vn -0.0478 0.5038 0.8625
vn 0.2369 0.5673 0.7887
vn 0.0762 -0.4984 0.8636
vn 0.2080 -0.5255 0.8250
vn 0.3296 -0.0931 -0.9395
vn 0.6537 -0.0391 -0.7557
vn 0.4813 -0.0885 -0.8721
vn -0.1316 0.0088 -0.9913
vn -0.2600 -0.0519 -0.9642
vn -0.5515 -0.0326 -0.8336
vn -0.5982 -0.0407 -0.8003
vn -0.9004 0.0484 0.4323
vn -0.9589 -0.1936 -0.2073
vn -0.9918 0.1199 -0.0451
vn -0.9925 0.0933 -0.0788
vn -0.3461 0.0462 0.9371
vn -0.6495 0.0654 0.7576
vn -0.5209 0.1397 0.8421
vn -0.0689 0.0536 0.9962
vn 0.2450 0.0878 0.9655
vn 0.5725 0.1180 0.8114
vn 0.9009 -0.0049 -0.4341
vn 0.9586 -0.1722 0.2269
vn 0.9951 -0.0861 0.0486
vn 0.9913 -0.1148 0.0644
vn -0.0829 0.0359 -0.9959
vn 0.1944 -0.7601 -0.6201
vn 0.0331 -0.1298 -0.9910
vn 0.0644 0.0406 -0.9971
vn -0.3736 0.0482 -0.9264
vn -0.2183 0.2420 -0.9454
vn -0.0638 0.6264 -0.7769
vn 0.0091 0.4629 -0.8864
vn -0.8851 0.4653 -0.0057
vn -0.8935 0.4202 -0.1581
vn -0.6490 0.7591 0.0495
vn -0.6294 0.7351 -0.2520
vn -0.7081 0.6437 0.2903
vn -0.4668 0.8816 -0.0706
vn -0.1325 0.9391 -0.3170
vn -0.3882 0.8461 0.3653
vn 0.0517 0.9944 -0.0920
vn -0.0482 0.9942 -0.0959
vn 0.0617 -0.0499 0.9968
vn -0.3156 0.1673 0.9340
vn -0.0902 0.1457 0.9852
vn -0.2151 0.6242 -0.7510
vn -0.0545 0.6377 0.7683
vn -0.0248 0.1090 0.9937
vn -0.0073 0.5727 0.8197
vn 0.0333 0.1987 0.9795
vn 0.7041 -0.0194 0.7098
vn 0.0536 -0.3481 0.9359
vn -0.0037 -0.4881 0.8728
vn 0.9267 -0.3685 0.0738
vn 0.8979 -0.4328 0.0808
vn 0.7005 -0.6740 0.2347
vn 0.6806 -0.7284 -0.0787
vn 0.5538 -0.8305 -0.0587
vn 0.5094 -0.8303 0.2259
vn 0.2378 -0.9641 0.1181
vn 0.3563 -0.9228 0.1465
vn 0.0633 -0.9718 0.2271
vn 0.0224 -0.9956 0.0913
vn 0.1269 -0.6107 -0.7816
vn 0.9823 0.0522 -0.1798
vn -0.1119 -0.1433 -0.9833
vn -0.2312 -0.1928 -0.9536
vn -0.2256 -0.5450 -0.8075
vn -0.8751 -0.1159 -0.4699
vn -0.9587 0.1007 -0.2660
vn -0.9835 0.0702 0.1667
vn -0.1065 -0.5071 0.8553
vn 0.5566 -0.2566 0.7902
vn 0.5270 -0.1011 0.8438
vn 0.2274 -0.4512 0.8630
vn 0.9214 -0.0176 0.3882
vn 0.9570 0.1185 0.2648
vn -0.0391 0.0156 0.9991
vn 0.9623 0.0909 -0.2562
vn 0.8725 -0.0034 -0.4886
vn 0.0530 -0.0662 -0.9964
vn 0.0402 -0.0360 -0.9985
vn -0.8071 0.0229 -0.5900
vn -0.9663 0.1085 0.2336
vn -0.8527 0.0772 0.5166
vn -0.0572 0.0327 0.9978
vn 0.2907 0.5950 -0.7493
vn -0.0987 0.5782 -0.8099
vn -0.2567 0.6967 0.6699
vn 0.0269 0.9744 0.2232
vn -0.0014 0.9506 0.3104
vn 0.1399 0.7652 0.6284
vn -0.1216 0.7966 0.5921
vn 0.8096 0.1429 0.5694
vn 0.1611 0.6752 0.7199
vn 0.3107 0.4723 -0.8248
vn -0.2382 0.3976 -0.8861
vn -0.5498 0.7299 -0.4061
vn -0.4108 0.7925 -0.4507
vn -0.7324 0.6804 -0.0256
vn -0.6845 0.7244 -0.0821
vn 0.0870 0.8838 0.4597
vn -0.0814 0.9157 0.3934
vn 0.7448 0.6639 -0.0667
vn 0.6906 0.7230 -0.0186
vn -0.3296 -0.0932 -0.9395
vn 0.0646 -0.0312 -0.9974
vn -0.4766 -0.0888 -0.8746
vn -0.6537 -0.0391 -0.7557
vn 0.2600 -0.0521 -0.9642
vn 0.5512 -0.0330 -0.8337
vn 0.5870 -0.0423 -0.8085
vn 0.9734 0.0836 0.2131
vn 0.9906 0.1106 -0.0802
vn 0.9935 0.1063 -0.0419
vn 0.9768 -0.0556 -0.2069
vn -0.0441 -0.0520 0.9977
vn 0.1405 0.1223 0.9825
vn 0.5905 0.0779 0.8033
vn 0.6493 0.0654 0.7577
vn -0.2563 0.0762 0.9636
vn -0.5682 0.0727 0.8197
vn -0.4977 0.0400 0.8664
vn -0.9735 0.0593 -0.2207
vn -0.9919 -0.1037 0.0732
vn -0.9946 -0.0945 0.0427
vn -0.9781 -0.0355 0.2051
vn -0.5812 -0.7992 -0.1531
vn -0.2542 -0.7252 -0.6399
vn -0.2399 -0.9684 -0.0675
vn -0.0148 -0.9377 -0.3473
vn -0.0196 -0.5885 -0.8083
vn 0.6095 0.0833 -0.7884
vn 0.0918 0.0432 -0.9948
vn 0.1592 0.2199 -0.9624
vn 0.8669 0.4766 -0.1458
vn 0.9107 0.4128 -0.0121
vn 0.6294 0.7351 -0.2520
vn 0.6490 0.7591 0.0495
vn 0.7081 0.6437 0.2904
vn 0.3964 0.8360 0.3795
vn 0.1102 0.9419 -0.3173
vn 0.4668 0.8815 -0.0706
vn -0.0617 -0.0499 0.9968
vn 0.3450 0.1794 0.9213
vn 0.1271 0.1780 0.9758
vn 0.1781 0.4400 0.8802
vn -0.9024 -0.4195 0.0990
vn -0.9229 -0.3820 0.0488
vn -0.6806 -0.7284 -0.0787
vn -0.7005 -0.6740 0.2347
vn -0.4013 -0.8798 0.2547
vn -0.5382 -0.8121 0.2254
vn -0.9852 -0.0524 -0.1634
vn -0.1268 -0.6107 -0.7816
vn -0.0475 -0.0273 -0.9985
vn -0.0195 -0.1477 -0.9888
vn 0.2256 -0.5450 -0.8075
vn 0.8806 -0.0680 -0.4689
vn 0.9700 0.1298 -0.2058
vn 0.9819 -0.0499 0.1824
vn 0.1065 -0.5071 0.8553
vn -0.2804 0.0666 0.9576
vn -0.5565 -0.2566 0.7902
vn -0.2273 -0.4512 0.8630
vn -0.9214 -0.0176 0.3881
vn -0.9782 0.1772 0.1087
vn 0.0136 -0.0091 0.9999
vn -0.9643 0.0838 -0.2512
vn -0.8725 -0.0034 -0.4886
vn -0.0402 -0.0359 -0.9985
vn -0.0529 -0.0662 -0.9964
vn 0.8070 0.0229 -0.5900
vn 0.9663 0.1085 0.2336
vn 0.8527 0.0772 0.5166
vn 0.0571 0.0325 0.9978
vn -0.2907 0.5950 -0.7493
vn 0.0986 0.5782 -0.8099
vn 0.2567 0.6967 0.6699
vn -0.0268 0.9744 0.2232
vn 0.1218 0.7966 0.5921
vn -0.1399 0.7652 0.6284
vn 0.0014 0.9506 0.3105
vn -0.8096 0.1429 0.5694
vn -0.1611 0.6751 0.7199
vn -0.3108 0.4723 -0.8248
vn 0.5660 0.7614 -0.3161
vn 0.2382 0.3976 -0.8861
vn 0.3491 0.7700 -0.5341
vn 0.6843 0.7246 -0.0822
vn 0.7323 0.6805 -0.0256
vn -0.1918 0.9066 0.3758
vn 0.1131 0.8721 0.4761
vn -0.6906 0.7230 -0.0187
vn -0.7447 0.6640 -0.0667
vn 0.3585 -0.8753 -0.3244
vn -0.3205 -0.9416 0.1036
vn 0.2741 -0.6955 -0.6642
vn 0.6997 -0.2474 -0.6702
vn 0.5992 0.1121 -0.7927
vn 0.6995 0.3698 -0.6114
vn 0.0548 0.9716 -0.2302
vn 0.6480 0.7617 0.0024
vn 0.1601 0.8280 0.5374
vn 0.2320 0.8188 0.5251
vn 0.3614 0.0559 0.9307
vn 0.2200 -0.1277 0.9671
vn 0.3531 -0.8335 0.4249
vn -0.1415 -0.6038 -0.7845
vn -0.1885 0.6282 -0.7548
vn 0.2125 -0.2180 -0.9525
vn 0.1973 0.9455 0.2592
vn 0.1608 0.0514 0.9857
vn 0.2824 -0.4166 0.8641
vn -0.1355 -0.6812 0.7194
vn -0.3602 0.8489 -0.3867
vn 0.2082 0.6091 -0.7653
vn 0.0694 0.7681 -0.6366
vn -0.1172 0.9636 -0.2404
vn -0.4691 0.8473 0.2491
vn -0.5280 0.7991 0.2874
vn 0.0856 0.7234 0.6851
vn 0.0604 0.7396 0.6703
vn 0.1266 0.2189 0.9675
vn 0.5313 0.3312 0.7798
vn 0.1455 -0.1467 0.9784
vn -0.1692 0.4182 0.8924
vn 0.3858 -0.0699 0.9199
vn 0.0008 -0.4055 0.9141
vn 0.9973 -0.0682 0.0260
vn 0.2769 -0.4923 0.8252
vn 0.9738 0.0770 0.2139
vn 0.2028 -0.9553 -0.2149
vn 0.7605 -0.6308 -0.1543
vn 0.9223 -0.2960 -0.2484
vn 0.1604 -0.3591 -0.9194
vn 0.1982 -0.8418 -0.5021
vn 0.5849 -0.6099 -0.5346
vn 0.1112 -0.3843 -0.9165
vn -0.1559 0.1389 -0.9780
vn 0.2968 0.5917 -0.7495
vn 0.8876 0.4377 0.1436
vn 0.2938 0.7949 0.5309
vn -0.2522 0.7608 0.5979
vn 0.1377 -0.3582 -0.9234
vn 0.5265 -0.3046 -0.7937
vn 0.9074 0.2292 -0.3524
vn 0.2980 0.7166 -0.6306
vn 0.2028 0.6485 -0.7337
vn 0.9524 0.3049 -0.0047
vn 0.9944 0.0762 -0.0732
vn 0.0282 0.9996 -0.0039
vn 0.9803 0.0821 -0.1798
vn 0.8804 0.1861 -0.4361
vn 0.9284 0.2984 0.2215
vn 0.9615 0.2559 0.1006
vn 0.9990 0.0173 0.0411
vn 0.9618 0.1250 -0.2437
vn 0.3796 0.0513 -0.9237
vn 0.8911 -0.1829 0.4153
vn 0.9570 -0.2113 0.1987
vn 0.9431 -0.2370 -0.2332
vn 0.9133 -0.2894 -0.2867
vn 0.8671 0.0769 -0.4921
vn 0.6817 0.2875 -0.6728
vn 0.6360 0.7244 -0.2660
vn 0.7612 0.6388 0.1117
vn 0.8985 0.4322 0.0770
vn 0.9092 0.3440 0.2346
vn 0.0528 -0.3765 -0.9249
vn 0.1099 0.5047 -0.8563
vn -0.0828 -0.0282 -0.9962
vn -0.2702 0.3979 -0.8767
vn 0.2680 0.8276 0.4932
vn 0.2444 -0.4040 0.8815
vn 0.1800 -0.9303 -0.3196
vn 0.2165 -0.2696 -0.9383
vn 0.4302 -0.3922 -0.8131
vn 0.0509 -0.6077 -0.7925
vn -0.0282 -0.3955 -0.9180
vn -0.2934 0.7072 -0.6433
vn 0.1353 0.5862 -0.7988
vn -0.2779 0.4405 -0.8537
vn -0.2369 0.9041 -0.3557
vn -0.3642 0.9313 0.0015
vn -0.5239 0.7610 0.3825
vn -0.5858 0.7133 0.3846
vn 0.0236 0.8613 0.5075
vn -0.0829 0.8110 0.5791
vn 0.3533 0.6768 0.6459
vn -0.0245 0.5584 0.8292
vn 0.3020 0.1275 0.9448
vn -0.0212 0.3700 0.9288
vn 0.0960 0.0169 0.9952
vn 0.4351 -0.3653 0.8230
vn 0.0628 -0.4506 0.8905
vn 0.2350 -0.8999 0.3674
vn 0.1162 -0.5414 0.8327
vn 0.2494 -0.7222 0.6452
vn 0.4648 -0.8841 -0.0476
vn 0.6194 -0.7086 -0.3380
vn 0.5236 -0.7763 -0.3511
vn 0.0862 -0.7692 -0.6331
vn -0.1415 -0.8205 -0.5539
vn 0.0231 -0.5581 -0.8295
vn -0.3632 -0.6628 -0.6548
vn -0.3123 -0.1076 -0.9439
vn -0.6235 0.6091 -0.4902
vn -0.2637 0.4376 -0.8596
vn -0.8782 0.1079 -0.4660
vn -0.9976 0.0540 -0.0427
vn -0.9474 0.3187 0.0302
vn -0.1722 0.9346 0.3111
vn -0.8433 0.4638 0.2716
vn -0.0496 0.6074 0.7928
vn -0.4203 0.3797 0.8241
vn -0.1736 0.2608 0.9497
vn -0.2960 -0.5616 0.7727
vn -0.8583 -0.5112 -0.0447
vn 0.0194 -0.7574 -0.6527
vn -0.8986 -0.4380 -0.0237
vn -0.0883 0.3404 0.9361
vn -0.9093 -0.0632 0.4114
vn -0.9112 -0.1101 0.3970
vn -0.6402 -0.7304 0.2381
vn -0.9978 -0.0615 -0.0243
vn -0.9518 -0.0490 0.3027
vn -0.9100 -0.3759 -0.1750
vn -0.9644 -0.2633 -0.0239
vn -0.9668 -0.0663 0.2468
vn -0.7211 -0.3358 0.6060
vn -0.9617 -0.2675 0.0605
vn -0.6906 0.1608 -0.7052
vn -0.9955 0.0491 -0.0809
vn -0.8185 0.5312 -0.2188
vn -0.9171 0.1752 0.3580
vn -0.9265 -0.1238 0.3553
vn -0.1890 0.1859 0.9642
vn -0.3838 -0.0700 0.9208
vn -0.5600 -0.5195 0.6453
vn -0.6564 -0.6283 0.4176
vn -0.1861 -0.9105 0.3692
vn -0.3537 -0.9046 -0.2380
vn 0.3790 -0.6992 -0.6062
vn -0.8872 -0.4563 -0.0684
vn -0.6067 -0.3320 -0.7223
vn -0.3593 0.2356 0.9030
vn -0.1445 -0.4143 0.8986
vn -0.2896 -0.8017 -0.5229
vn -0.2661 0.4905 -0.8298
vn -0.2141 0.9536 0.2116
vn -0.1249 0.3778 0.9174
vn -0.5910 0.6093 0.5287
vn -0.1938 0.8404 0.5062
vn -0.0725 -0.7756 0.6270
vn 0.1482 -0.5439 0.8260
vn 0.1681 -0.4897 0.8555
vn 0.3612 -0.8654 0.3473
vn -0.1799 -0.9747 0.1325
vn 0.5165 -0.8432 -0.1490
vn 0.5020 -0.8538 -0.1379
vn -0.0262 -0.6689 -0.7429
vn -0.1618 -0.6794 -0.7157
vn -0.5248 -0.3364 -0.7819
vn -0.1311 -0.2148 -0.9678
vn -0.3858 0.0563 -0.9208
vn -0.4374 0.3332 -0.8353
vn -0.3273 0.3214 -0.8886
vn -0.0796 -0.6164 0.7834
vn -0.5073 -0.7815 0.3632
vn 0.0177 -0.4197 0.9075
vn -0.7237 -0.6168 -0.3095
vn -0.8481 -0.0779 -0.5241
vn -0.6720 -0.7359 -0.0829
vn -0.8381 0.3998 -0.3713
vn -0.8128 0.4844 0.3237
vn -0.2120 0.9772 -0.0109
vn -0.1307 0.7591 0.6377
vn -0.0568 0.0633 0.9964
vn 0.4804 0.3987 0.7812
vn -0.3178 0.4245 -0.8478
vn 0.3530 0.8495 -0.3921
vn 0.9035 0.1413 0.4047
vn 0.5943 0.7777 0.2049
vn 0.1455 0.3605 -0.9213
vn 0.7802 -0.3468 0.5206
vn 0.5179 -0.8549 -0.0302
vn 0.6081 -0.7627 0.2202
vn 0.3632 -0.7996 -0.4782
vn -0.0866 -0.2832 -0.9551
vn -0.0153 -0.5156 -0.8567
vn 0.0936 0.2512 0.9634
vn 0.1403 0.2940 0.9455
vn -0.6726 0.4671 -0.5740
vn -0.7471 0.4668 -0.4733
vn -0.8762 -0.1450 -0.4596
vn -0.3752 -0.0421 0.9260
vn 0.0118 -0.6609 0.7504
vn -0.3881 -0.5264 -0.7565
vn 0.5731 -0.4402 0.6912
vn 0.1216 -0.1112 -0.9863
vn 0.7345 0.2716 0.6218
vn 0.8127 0.2399 0.5310
vn -0.0285 0.4080 -0.9126
vn -0.0795 0.4317 -0.8985
vn -0.1162 0.7449 0.6569
vn -0.0174 0.7444 0.6675
vn -0.3897 0.8741 -0.2901
vn -0.6248 0.7674 -0.1437
vn -0.0963 0.9926 0.0737
vn -0.0651 0.9757 0.2094
vn -0.4006 -0.8627 -0.3086
vn -0.5049 -0.6531 0.5643
vn -0.2074 -0.9741 0.0905
vn 0.0273 -0.9720 -0.2333
vn -0.2727 -0.9602 -0.0601
vn 0.2285 -0.9412 0.2489
vn 0.1092 -0.9918 -0.0663
vn 0.0506 -0.8028 -0.5941
vn 0.5261 0.7529 0.3955
vn 0.7411 0.6277 0.2382
vn 0.2403 0.7934 -0.5593
vn 0.1477 0.8105 -0.5668
vn 0.2282 0.9700 -0.0834
vn 0.2604 0.9641 0.0530
vn -0.7298 -0.6828 0.0362
vn -0.2852 -0.8983 -0.3344
vn -0.8502 -0.5117 0.1236
vn 0.3317 -0.6103 -0.7194
vn 0.4661 -0.1008 -0.8790
vn 0.2505 -0.7700 -0.5869
vn 0.6574 0.4909 -0.5717
vn -0.4470 0.3820 -0.8088
vn -0.0925 0.9436 -0.3180
vn -0.6721 0.6999 0.2417
vn 0.7278 0.5097 -0.4587
vn -0.8042 0.1776 0.5672
vn -0.8414 0.1942 0.5044
vn -0.5451 0.7321 0.4086
vn 0.3065 0.9234 0.2312
vn -0.4711 -0.3713 0.8001
vn 0.1518 -0.7804 0.6066
vn -0.2590 -0.6110 0.7481
vn 0.5543 -0.7933 0.2519
vn 0.9898 -0.1279 -0.0631
vn 0.8454 -0.5330 0.0331
vn -0.9758 0.1534 0.1558
vn -0.9594 0.2014 0.1977
vn 0.4651 0.4702 -0.7501
vn 0.3597 0.4535 -0.8155
vn -0.8775 -0.2636 -0.4007
vn -0.6785 -0.7249 0.1189
vn 0.7797 -0.4639 -0.4205
vn 0.4132 -0.1618 -0.8961
vn -0.6452 -0.4374 0.6265
vn 0.9896 -0.0576 0.1316
vn -0.6011 0.2648 0.7541
vn -0.4918 0.2461 0.8352
vn 0.8652 0.4860 -0.1239
vn 0.8459 0.4993 -0.1876
vn -0.7438 0.6587 -0.1135
vn -0.7467 0.6650 -0.0143
vn 0.1592 0.8660 -0.4741
vn 0.0085 0.7258 -0.6879
vn -0.1925 0.9681 -0.1605
vn -0.3225 0.9394 -0.1167
vn 0.3730 -0.8541 -0.3625
vn -0.5231 -0.7484 -0.4077
vn 0.0048 -0.9916 -0.1291
vn 0.3431 -0.9362 0.0768
vn 0.1475 -0.9670 -0.2076
vn -0.1230 -0.9411 0.3150
vn 0.1859 -0.9671 0.1736
vn 0.6831 -0.7280 0.0576
vn -0.4372 0.7460 0.5023
vn -0.2510 0.6560 0.7118
vn 0.4826 0.8653 0.1353
vn 0.4810 0.8758 0.0415
vn -0.0099 0.9885 0.1506
vn -0.1417 0.9706 0.1945
vn -0.7397 -0.6728 0.0111
vn -0.4918 -0.8597 -0.1378
vn -0.9240 -0.2039 0.3234
vn -0.1544 -0.5685 -0.8081
vn 0.2868 -0.1890 -0.9392
vn -0.2912 -0.5435 -0.7873
vn -0.1022 0.4771 -0.8729
vn -0.2077 0.9243 -0.3202
vn 0.4319 0.9017 -0.0205
vn 0.5557 0.3810 -0.7390
vn -0.6509 0.7099 0.2690
vn -0.7574 0.1430 0.6372
vn -0.3020 0.6852 0.6628
vn -0.2839 -0.0481 0.9577
vn 0.2463 0.5304 0.8112
vn 0.9086 0.3584 0.2144
vn 0.8900 0.2937 -0.3488
vn -0.0384 -0.3052 0.9515
vn 0.0431 -0.8396 0.5414
vn 0.1802 -0.7146 0.6760
vn 0.7265 -0.6571 -0.2012
vn 0.5946 -0.2079 -0.7767
vn 0.6321 -0.6587 -0.4081
vn 0.5769 -0.8006 0.1620
vn -0.8194 0.2856 0.4971
vn -0.6416 0.6950 0.3246
vn 0.1463 0.0680 -0.9869
vn 0.2872 0.0347 -0.9572
vn 0.0119 0.5787 -0.8155
vn 0.0953 0.3512 -0.9314
vn 0.3384 -0.3745 -0.8633
vn -0.5634 -0.0490 0.8247
vn -0.4965 -0.3435 0.7972
vn -0.5230 -0.3850 0.7604
vn 0.5421 -0.3142 -0.7794
vn -0.5107 0.0547 0.8580
vn 0.0928 0.4417 0.8924
vn -0.0542 0.1959 0.9791
vn 0.7827 -0.0273 -0.6218
vn 0.8081 -0.0600 -0.5860
vn 0.8162 0.3056 -0.4902
vn 0.7113 0.6617 -0.2373
vn -0.4173 0.9087 -0.0045
vn -0.2389 0.8432 -0.4817
vn 0.2308 -0.9587 -0.1665
vn -0.3513 -0.8178 -0.4559
vn -0.4337 -0.8149 0.3845
vn -0.2640 -0.8312 0.4894
vn 0.8388 -0.4978 0.2203
vn 0.3603 0.7222 0.5905
vn 0.5616 0.8198 0.1118
vn 0.2576 -0.5085 0.8216
vn -0.1839 -0.8274 0.5306
vn 0.3550 -0.3125 0.8811
vn -0.7212 -0.6924 -0.0216
vn -0.9496 -0.2297 -0.2134
vn -0.5607 -0.8261 0.0560
vn -0.7368 0.3257 -0.5924
vn -0.4977 0.8670 0.0227
vn -0.0460 0.8758 -0.4804
vn 0.2998 0.8967 0.3258
vn -0.6349 0.2678 -0.7247
vn 0.6868 0.4010 0.6062
vn 0.6519 0.4284 0.6257
vn 0.4508 0.8502 0.2719
vn 0.5123 0.3029 -0.8036
vn 0.9385 -0.2200 0.2662
vn 0.5816 -0.8135 0.0003
vn 0.7595 -0.6461 0.0753
vn 0.2122 -0.8566 -0.4704
vn -0.3448 -0.3950 -0.8515
vn -0.2263 -0.5865 -0.7777
vn 0.3582 0.3648 0.8595
vn 0.3910 0.4096 0.8242
vn -0.8726 0.3327 -0.3577
vn -0.9111 0.3363 -0.2385
vn 0.1177 -0.1986 0.9730
vn 0.6276 -0.5142 0.5845
vn -0.5444 -0.6351 -0.5479
vn -0.9492 -0.2786 -0.1467
vn 0.9630 -0.2113 0.1674
vn -0.1639 -0.2277 -0.9598
vn 0.8514 0.4095 0.3279
vn 0.9006 0.3755 0.2191
vn -0.3653 0.2991 -0.8815
vn -0.4118 0.3193 -0.8535
vn 0.0015 0.7985 0.6019
vn 0.0978 0.8089 0.5798
vn -0.5694 0.7942 -0.2120
vn -0.7312 0.6821 0.0104
vn -0.1945 0.9805 0.0272
vn -0.1204 0.9819 0.1461
vn -0.3634 -0.9266 -0.0970
vn 0.0880 -0.8099 0.5800
vn -0.0208 -0.9717 0.2353
vn 0.0768 -0.9846 -0.1568
vn -0.1526 -0.9829 0.1031
vn 0.2087 -0.9777 -0.0243
vn 0.4183 -0.8918 0.1723
vn -0.0362 -0.8552 -0.5170
vn 0.5227 0.8399 0.1463
vn 0.6918 0.7194 -0.0625
vn -0.0509 0.7458 -0.6642
vn -0.1425 0.7529 -0.6425
vn 0.0645 0.9723 -0.2245
vn 0.1383 0.9847 -0.1061
vn -0.4147 0.6614 -0.6249
vn -0.8096 -0.5803 -0.0885
vn -0.8304 -0.5525 -0.0717
vn -0.8924 -0.4274 0.1445
vn -0.8892 -0.3008 0.3447
vn -0.6962 0.2458 0.6745
vn -0.5601 0.3576 0.7473
vn 0.8523 0.5035 0.1417
vn 0.8885 0.4404 0.1287
vn 0.9769 0.2134 0.0100
vn 0.8440 -0.1005 -0.5268
vn 0.5388 -0.5624 -0.6272
vn 0.7606 0.6435 -0.0860
vn 0.7677 0.6395 -0.0402
vn 0.9042 0.3154 -0.2882
vn 0.6875 0.1110 -0.7177
vn -0.0807 -0.6380 -0.7658
vn -0.3037 -0.6941 -0.6527
vn 0.7244 0.6587 0.2032
vn 0.3037 0.7390 0.6014
vn 0.6987 0.6878 0.1970
vn 0.2497 0.7233 0.6438
vn 0.4146 -0.6608 0.6257
vn -0.6085 -0.7929 -0.0319
vn -0.4656 -0.7407 -0.4842
vn -0.5611 -0.8277 -0.0067
vn 0.0868 -0.8807 -0.4656
vn -0.7273 -0.5720 -0.3793
vn -0.7708 -0.5216 -0.3659
vn 0.0614 -0.3595 0.9311
vn 0.0050 0.3543 0.9351
vn 0.5778 0.4495 0.6812
vn -0.4303 0.8041 0.4101
vn 0.3963 0.6591 0.6391
vn -0.6018 0.7557 0.2585
vn -0.0222 0.9954 -0.0931
vn 0.4357 0.8997 0.0259
vn -0.7641 0.5889 0.2631
vn 0.5266 -0.2054 -0.8249
vn 0.5018 -0.1267 -0.8556
vn 0.6694 -0.0541 -0.7409
vn 0.3457 -0.7017 -0.6229
vn 0.4925 0.0958 -0.8650
vn 0.4194 0.3015 -0.8563
vn 0.8489 0.4931 -0.1903
vn 0.3725 0.9038 -0.2107
vn -0.5601 0.7288 0.3938
vn 0.9443 -0.3292 0.0064
vn 0.9201 -0.3113 -0.2378
vn 0.8890 -0.2021 -0.4108
vn -0.2111 0.8647 -0.4558
vn 0.8493 -0.1659 -0.5012
vn 0.8351 -0.4519 0.3137
vn 0.0939 0.8734 -0.4778
vn 0.6345 -0.7571 0.1556
vn 0.6097 -0.7925 0.0164
vn 0.7270 0.1301 -0.6743
vn 0.6354 0.1378 -0.7598
vn 0.9507 0.1522 0.2704
vn 0.1015 0.2437 0.9645
vn 0.3938 0.1635 0.9046
vn 0.6472 -0.2492 0.7204
vn 0.8614 -0.0313 0.5069
vn 0.8677 0.3970 0.2992
vn 0.3657 -0.0378 -0.9300
vn -0.0559 -0.2796 -0.9585
vn 0.4795 0.5384 -0.6929
vn -0.2762 0.4711 -0.8377
vn 0.2955 0.0668 -0.9530
vn 0.4142 0.0352 -0.9095
vn 0.7425 -0.2188 0.6332
vn -0.7375 0.6654 -0.1152
vn -0.4789 0.8778 0.0123
vn 0.3275 0.8197 -0.4700
vn 0.4662 0.7271 -0.5039
vn 0.7053 0.2161 -0.6752
vn 0.4305 0.1875 -0.8829
vn -0.7702 0.0796 -0.6328
vn -0.1821 -0.4098 -0.8938
vn -0.8547 -0.3129 -0.4143
vn 0.0947 -0.9117 -0.3998
vn 0.2059 -0.5815 -0.7871
vn 0.0168 -0.8214 -0.5701
vn -0.9239 -0.2520 -0.2878
vn -0.2672 -0.7328 -0.6258
vn -0.1151 -0.9449 -0.3065
vn 0.1420 -0.5710 0.8086
vn 0.0372 -0.1282 0.9910
vn 0.3972 -0.2149 0.8922
vn 0.6947 -0.0209 0.7190
vn 0.0397 0.2917 0.9557
vn 0.4286 0.5317 0.7305
vn -0.3726 0.7783 0.5053
vn 0.1763 0.8520 0.4930
vn -0.1146 0.9881 0.1026
vn 0.1596 0.9867 -0.0305
vn 0.4668 0.6755 -0.5708
vn 0.6929 0.6348 -0.3419
vn 0.8546 0.0793 -0.5132
vn 0.9102 -0.1962 -0.3649
vn 0.9052 -0.3599 -0.2259
vn -0.9677 -0.0528 -0.2466
vn -0.2655 -0.9186 -0.2926
vn 0.3827 -0.9235 -0.0254
vn 0.8107 -0.3871 -0.4392
vn 0.8663 -0.3702 -0.3354
vn 0.6445 0.7526 0.1350
vn 0.7875 0.5652 0.2458
vn 0.8269 -0.4552 -0.3302
vn 0.2674 -0.2075 -0.9410
vn 0.6587 0.5135 0.5500
vn 0.9195 -0.3452 0.1878
vn -0.2328 0.5327 0.8136
vn -0.1097 -0.5203 0.8469
vn 0.2698 -0.4039 0.8741
vn -0.5214 0.0005 0.8533
vn 0.8657 0.4915 0.0944
vn 0.9242 -0.3038 -0.2314
vn 0.5327 -0.5536 -0.6401
vn -0.2781 -0.0509 0.9592
vn 0.5614 -0.4806 0.6737
vn -0.1882 0.8275 0.5290
vn 0.0754 -0.3498 0.9338
vn -0.7556 -0.5182 0.4006
vn -0.5573 -0.0310 0.8298
vn -0.6170 0.6763 0.4025
vn -0.8629 -0.2387 0.4455
vn -0.8655 0.1571 -0.4756
vn 0.2293 -0.4157 -0.8801
vn 0.0097 -0.5048 -0.8632
vn 0.1889 -0.4199 -0.8877
vn 0.6851 -0.4711 -0.5556
vn -0.1994 -0.1227 -0.9722
vn -0.0637 -0.1817 -0.9813
vn -0.6605 -0.5363 -0.5254
vn -0.8974 0.0564 -0.4375
vn -0.5885 0.7169 0.3737
vn -0.0123 -0.9849 -0.1727
vn -0.0067 -0.8192 -0.5734
vn 0.0385 -0.8971 -0.4402
vn -0.6090 0.6127 -0.5037
vn 0.0074 -0.8544 -0.5196
vn -0.7076 0.3243 -0.6278
vn 0.0649 -0.9789 0.1940
vn 0.4046 -0.9074 0.1134
vn 0.5260 -0.8503 -0.0137
vn -0.2804 -0.5694 -0.7727
vn -0.5246 -0.8514 -0.0007
vn -0.5682 -0.0815 0.8188
vn -0.5440 -0.4137 0.7300
vn -0.2344 -0.6835 0.6913
vn -0.3625 -0.8700 0.3342
vn -0.4723 -0.8805 -0.0407
vn -0.5608 -0.1866 -0.8067
vn 0.0793 -0.0814 -0.9935
vn 0.0579 -0.2089 -0.9762
vn -0.8889 -0.3795 -0.2567
vn -0.4945 -0.4133 -0.7646
vn -0.1647 -0.6386 0.7517
vn -0.8198 0.5715 0.0372
vn -0.6399 -0.0408 -0.7674
vn -0.2461 -0.4519 -0.8574
vn 0.4250 0.8299 -0.3615
vn -0.0910 -0.2268 -0.9697
vn 0.6849 0.1665 -0.7093
vn 0.6564 0.7372 -0.1604
vn 0.9023 -0.3546 -0.2452
vn 0.6537 -0.2665 -0.7083
vn 0.8844 -0.2452 -0.3972
vn 0.6051 0.7961 -0.0015
vn 0.9112 0.0749 -0.4050
vn 0.9683 -0.2103 -0.1349
vn 0.2719 -0.4818 0.8330
vn 0.1134 -0.7465 0.6557
vn -0.3930 -0.7563 0.5230
vn -0.7995 -0.4002 0.4479
vn -0.8206 0.0092 0.5714
vn -0.8108 0.4008 0.4266
vn -0.9796 -0.1634 0.1172
vn -0.9514 0.2241 -0.2111
vn -0.6306 -0.0773 -0.7723
vn -0.9443 -0.1400 -0.2977
vn -0.0351 -0.8429 -0.5368
vn -0.2255 -0.6611 -0.7156
vn 0.0882 -0.9207 -0.3803
vn 0.4277 0.9038 0.0150
vn 0.9970 -0.0666 -0.0388
vn 0.7209 -0.6919 0.0392
vn 0.1955 -0.8051 -0.5601
vn -0.0054 -0.8015 -0.5979
vn 0.2260 -0.8695 -0.4391
vn 0.2967 -0.1711 -0.9395
vn -0.9156 -0.4022 -0.0027
vn -0.7411 -0.6012 0.2988
vn -0.0308 -0.9995 0.0097
vn -0.6620 -0.6737 -0.3284
vn -0.4968 -0.8677 0.0173
vn -0.8235 0.3921 0.4100
vn -0.8648 -0.3923 0.3134
vn -0.3798 -0.9160 0.1290
vn -0.7342 -0.5368 0.4158
vn -0.6674 0.0398 0.7436
vn -0.7028 0.2642 0.6605
vn -0.6674 0.6358 0.3877
vn -0.3025 0.9207 0.2466
vn -0.8685 0.4197 -0.2636
vn -0.4851 0.7165 -0.5013
vn -0.1450 0.1259 -0.9814
vn -0.7023 0.0324 -0.7111
vn -0.0787 -0.7223 -0.6871
vn -0.7408 -0.5678 -0.3589
vn 0.1522 0.2564 0.9545
vn 0.2520 0.6262 -0.7379
vn -0.0017 -0.2250 -0.9743
vn -0.3536 -0.8420 0.4073
vn -0.6477 -0.4730 0.5972
vn -0.6996 -0.7086 -0.0920
vn -0.0786 -0.9489 -0.3057
vn -0.0904 -0.0575 0.9942
vn -0.2321 -0.0998 0.9676
vn -0.0302 0.8209 0.5702
vn 0.4131 0.9018 0.1265
vn -0.3585 0.8753 -0.3244
vn 0.0179 0.5502 -0.8349
vn -0.6998 0.2473 -0.6702
vn -0.5993 -0.1120 -0.7926
vn -0.6995 -0.3699 -0.6114
vn -0.0405 -0.2594 0.9649
vn -0.1895 0.2315 0.9542
vn -0.0372 -0.7952 0.6051
vn 0.0979 0.9908 0.0930
vn -0.2840 0.9046 -0.3180
vn 0.1174 0.0889 -0.9891
vn -0.1721 -0.2719 -0.9468
vn -0.2920 -0.8923 -0.3442
vn -0.8877 -0.3486 0.3007
vn -0.3798 -0.9160 0.1289
vn -0.8500 -0.3892 0.3549
vn -0.6102 0.2550 0.7501
vn -0.2537 0.3267 0.9104
vn -0.4153 0.8673 0.2746
vn 0.0886 0.9875 -0.1306
vn -0.3532 0.5997 -0.7180
vn 0.0211 0.5132 -0.8580
vn -0.3586 -0.1215 -0.9256
vn 0.0182 -0.6915 -0.7222
vn 0.1354 0.2145 0.9673
vn -0.1433 -0.2124 0.9666
vn 0.3259 0.7494 -0.5763
vn -0.1882 0.9480 0.2565
vn 0.1287 0.1226 -0.9841
vn 0.0941 -0.5187 -0.8498
vn -0.3099 -0.6639 -0.6806
vn 0.9412 0.0914 -0.3252
vn 0.6393 0.0313 -0.7683
vn 0.7869 0.2219 -0.5757
vn 0.9544 0.0154 0.2981
vn 0.3184 -0.0905 -0.9436
vn 0.1746 -0.0572 -0.9830
vn -0.0056 0.0704 -0.9975
vn 0.0056 -0.0704 -0.9975
vn -0.1746 0.0572 -0.9830
vn -0.5421 0.1241 -0.8311
vn -0.8605 -0.0047 -0.5094
vn -0.9642 -0.0768 -0.2537
vn -0.4875 -0.0000 -0.8731
vn -0.8307 0.0334 0.5557
vn -0.7560 0.2500 0.6049
vn -0.1102 -0.0872 0.9901
vn -0.1746 -0.0572 0.9830
vn 0.0056 0.0705 0.9975
vn -0.0056 -0.0705 0.9975
vn 0.1746 0.0572 0.9830
vn 0.5695 0.0773 0.8184
vn 0.8149 -0.0164 0.5793
vn 0.4876 -0.0000 0.8731
vn 0.1746 -0.0696 -0.9822
vn -0.0109 0.0803 -0.9967
vn 0.0109 -0.0803 -0.9967
vn -0.1746 0.0696 -0.9822
vn -0.9564 0.0178 -0.2914
vn -0.9158 -0.0360 0.4000
vn -0.9950 -0.0204 0.0982
vn -0.9305 -0.0012 -0.3663
vn -0.4250 -0.0000 0.9052
vn -0.5580 0.0329 0.8292
vn -0.1746 -0.0696 0.9822
vn 0.0109 0.0803 0.9967
vn -0.0109 -0.0803 0.9967
vn 0.1746 0.0696 0.9822
vn 0.5580 -0.0329 0.8292
vn 0.9950 0.0204 0.0982
vn 0.9158 0.0360 0.4000
vn 0.4250 -0.0000 0.9052
vn 0.9305 0.0012 -0.3663
vn 0.9564 -0.0178 -0.2914
vn 0.9796 0.1996 -0.0214
vn 0.6960 -0.0067 -0.7181
vn 0.8302 -0.3724 -0.4148
vn 0.5171 0.1354 -0.8452
vn 0.1743 -0.1352 -0.9754
vn -0.0248 0.1408 -0.9897
vn 0.0248 -0.1408 -0.9897
vn -0.1743 0.1352 -0.9754
vn -0.8886 0.0303 -0.4576
vn -0.9298 0.0210 0.3674
vn -0.9904 -0.0819 -0.1112
vn -0.8524 0.0187 -0.5226
vn -0.4875 -0.0000 0.8731
vn -0.6053 0.0426 0.7948
vn -0.1743 -0.1352 0.9754
vn 0.0248 0.1408 0.9897
vn -0.0248 -0.1407 0.9897
vn 0.1743 0.1352 0.9754
vn 0.5592 -0.0841 0.8247
vn 0.7981 -0.1228 0.5899
vn 0.5119 0.8427 -0.1668
vn 0.0722 0.9536 -0.2924
vn 0.2030 0.8843 0.4205
vn -0.5085 0.8430 -0.1754
vn -0.5369 0.8430 0.0325
vn -0.1158 0.9932 -0.0084
vn -0.1038 0.9932 -0.0520
vn -0.4836 0.8430 0.2355
vn -0.1102 0.9932 0.0365
vn -0.1136 0.9272 0.3569
vn 0.1535 0.9640 0.2169
vn 0.2421 0.9372 0.2512
vn 0.5309 0.8257 0.1906
vn 0.5085 0.8430 0.1754
vn 0.5369 0.8430 -0.0325
vn 0.1158 0.9932 0.0084
vn 0.1038 0.9932 0.0520
vn 0.4836 0.8430 -0.2355
vn 0.1102 0.9932 -0.0366
vn 0.3170 0.5390 0.7804
vn 0.5448 0.2729 0.7929
vn 0.5268 0.3403 0.7789
vn 0.2541 0.5526 0.7937
vn -0.0785 0.6242 0.7773
vn 0.0300 0.4661 0.8842
vn -0.3202 0.5534 0.7689
vn -0.5585 0.6087 0.5635
vn -0.5372 0.3544 0.7654
vn -0.5583 0.2842 0.7794
vn -0.6215 0.0362 0.7826
vn -0.6219 -0.0316 0.7825
vn -0.5578 -0.2833 0.7801
vn -0.5267 -0.3403 0.7789
vn -0.3482 -0.5220 0.7786
vn -0.2842 -0.5583 0.7794
vn -0.1025 -0.6204 0.7776
vn -0.0368 -0.6240 0.7805
vn 0.2516 -0.5738 0.7794
vn 0.0324 -0.6242 0.7806
vn 0.0981 -0.6210 0.7777
vn 0.3284 -0.5536 0.7653
vn 0.5499 -0.5249 0.6497
vn 0.5910 -0.2573 0.7645
vn 0.6108 -0.1599 0.7755
vn 0.5198 0.0627 0.8520
vn 0.6770 0.7359 0.0125
vn 0.9163 -0.3993 0.0315
vn 0.9680 0.2500 -0.0221
vn 0.3235 0.9462 -0.0065
vn -0.6770 0.7359 -0.0125
vn -0.3235 0.9462 0.0065
vn -0.9680 0.2500 0.0221
vn -0.9163 -0.3993 -0.0315
vn -0.7826 -0.6224 0.0123
vn -0.5881 -0.8082 0.0308
vn -0.4715 -0.8819 0.0068
vn 0.5881 -0.8082 -0.0308
vn 0.4715 -0.8819 -0.0068
vn 0.7826 -0.6224 -0.0123
vn 0.9484 -0.3161 0.0243
vn 0.9592 -0.2826 -0.0098
vn 0.7499 0.6611 -0.0247
vn 0.6991 0.7144 0.0297
vn -0.1344 0.9905 -0.0275
vn -0.1018 0.9948 0.0065
vn -0.8625 0.5061 0.0063
vn -0.9443 0.3285 -0.0201
vn -0.8231 -0.5677 0.0170
vn -0.6916 -0.7222 -0.0126
vn -0.2331 -0.9723 0.0158
vn -0.0882 -0.9961 -0.0000
vn 0.6451 -0.7631 -0.0392
vn 0.6832 -0.7302 0.0108
vn 0.6753 0.7374 0.0144
vn 0.9158 -0.4000 0.0363
vn 0.9680 0.2498 -0.0250
vn 0.3214 0.9469 -0.0075
vn -0.6753 0.7374 -0.0144
vn -0.3214 0.9469 0.0075
vn -0.9680 0.2498 0.0250
vn -0.9158 -0.4000 -0.0363
vn -0.7822 -0.6229 0.0139
vn -0.5857 -0.8100 0.0280
vn -0.4715 -0.8819 0.0080
vn 0.5857 -0.8100 -0.0280
vn 0.4715 -0.8819 -0.0080
vn 0.7822 -0.6229 -0.0139
vn 0.9977 0.0671 -0.0096
vn 0.6824 -0.7309 0.0104
vn 0.7040 -0.7102 -0.0003
vn 0.9939 0.1060 -0.0299
vn 0.3721 0.9282 0.0062
vn 0.4080 0.9126 0.0264
vn -0.4815 0.8764 -0.0126
vn -0.5159 0.8564 -0.0174
vn -0.9985 0.0432 -0.0332
vn -0.9692 0.2419 0.0471
vn -0.7928 -0.6095 0.0056
vn -0.5431 -0.8384 -0.0449
vn -0.2054 -0.9778 0.0425
vn -0.0349 -0.9994 -0.0016
vn 0.3466 -0.9375 -0.0321
vn 0.1863 -0.9821 -0.0273
vn 0.4459 -0.1943 -0.8737
vn 0.4220 -0.1331 -0.8968
vn 0.3236 -0.3056 -0.8955
vn 0.5383 0.0062 -0.8427
vn 0.5372 -0.0486 -0.8420
vn 0.4097 0.2586 -0.8748
vn 0.4765 0.1241 -0.8703
vn 0.3558 0.2632 -0.8967
vn 0.1843 0.4329 -0.8824
vn 0.3056 0.3236 -0.8955
vn 0.1331 0.4220 -0.8968
vn -0.1049 0.4750 -0.8737
vn 0.0571 0.4415 -0.8955
vn -0.1404 0.4197 -0.8968
vn -0.3214 0.4319 -0.8427
vn -0.2765 0.4632 -0.8420
vn -0.4499 0.1794 -0.8749
vn -0.3805 0.3125 -0.8704
vn -0.4220 0.1331 -0.8968
vn -0.4750 -0.1049 -0.8737
vn -0.4414 0.0571 -0.8955
vn -0.4196 -0.1404 -0.8968
vn -0.4319 -0.3214 -0.8427
vn -0.4632 -0.2765 -0.8420
vn -0.1895 -0.4632 -0.8657
vn -0.3126 -0.3805 -0.8703
vn -0.1331 -0.4221 -0.8967
vn -0.0325 -0.5560 -0.8306
vn -0.0712 -0.5196 -0.8514
vn 0.0423 -0.5247 -0.8502
vn 0.2586 -0.4096 -0.8748
vn 0.1241 -0.4765 -0.8704
vn -0.0269 -0.5545 -0.8317
vn 0.2632 -0.3557 -0.8968
vn 0.4662 -0.3004 -0.8321
vn 0.5362 -0.1416 -0.8321
vn 0.5181 -0.1973 -0.8322
vn 0.4318 -0.3477 -0.8322
vn 0.3505 -0.4297 -0.8321
vn 0.3032 -0.4642 -0.8322
vn 0.2006 -0.5170 -0.8321
vn 0.1450 -0.5351 -0.8322
vn 0.0310 -0.5537 -0.8321
vn -0.0275 -0.5537 -0.8322
vn -0.1416 -0.5362 -0.8321
vn 0.0310 -0.5537 -0.8322
vn -0.0276 -0.5537 -0.8322
vn -0.1973 -0.5181 -0.8322
vn -0.3004 -0.4662 -0.8321
vn -0.3477 -0.4318 -0.8322
vn -0.4297 -0.3505 -0.8321
vn -0.4642 -0.3032 -0.8322
vn -0.5170 -0.2006 -0.8321
vn -0.5351 -0.1449 -0.8322
vn -0.5537 -0.0310 -0.8321
vn -0.5537 0.0275 -0.8322
vn -0.5362 0.1416 -0.8321
vn -0.5181 0.1973 -0.8322
vn -0.4662 0.3004 -0.8322
vn -0.4318 0.3477 -0.8322
vn -0.3505 0.4297 -0.8321
vn -0.3032 0.4642 -0.8322
vn -0.2006 0.5170 -0.8321
vn -0.1450 0.5351 -0.8322
vn -0.0310 0.5537 -0.8322
vn 0.0275 0.5537 -0.8322
vn 0.1416 0.5362 -0.8322
vn 0.1973 0.5181 -0.8322
vn 0.3004 0.4662 -0.8321
vn 0.3477 0.4318 -0.8322
vn 0.4297 0.3505 -0.8321
vn 0.4641 0.3032 -0.8322
vn 0.5170 0.2006 -0.8321
vn 0.5351 0.1449 -0.8322
vn 0.5537 0.0310 -0.8321
vn 0.5537 -0.0275 -0.8322
vn 0.8393 0.5330 -0.1068
vn 0.7089 0.7014 0.0741
vn 0.3970 0.6018 -0.6930
vn 0.4323 0.8965 -0.0969
vn 0.5013 0.4757 -0.7228
vn 0.0392 0.7011 -0.7120
vn -0.0549 0.9931 -0.1039
vn -0.3139 0.6292 -0.7111
vn -0.5186 0.8448 -0.1314
vn -0.7767 0.3806 -0.5019
vn -0.6809 0.4895 -0.5448
vn -0.9608 0.1040 -0.2572
vn -0.6587 -0.0546 0.7504
vn -0.6415 -0.6372 -0.4271
vn -0.7440 -0.6582 -0.1150
vn -0.6367 -0.2939 -0.7129
vn -0.2797 -0.2586 -0.9246
vn 0.8075 -0.3192 0.4960
vn -0.1632 -0.1540 0.9745
vn -0.0428 0.2139 0.9759
vn 0.4329 -0.7055 0.5612
vn 0.0906 0.2022 0.9752
vn -0.7329 -0.4657 0.4959
vn 0.2238 0.0488 0.9734
vn 0.2041 -0.0922 0.9746
vn -0.8252 0.0645 0.5612
vn 0.1016 -0.1975 0.9750
vn -0.4658 0.7329 0.4960
vn 0.0488 -0.2239 0.9734
vn -0.0922 -0.2041 0.9746
vn 0.0644 0.8251 0.5612
vn -0.1974 -0.1024 0.9750
vn 0.7055 0.4329 0.5612
vn -0.2227 -0.0446 0.9739
vn -0.1920 0.1045 0.9758
vn -0.3591 -0.4087 -0.8390
vn -0.8964 -0.4202 -0.1414
vn -0.4844 -0.8634 -0.1408
vn -0.6795 -0.1753 -0.7125
vn -0.1004 -0.6912 -0.7157
vn 0.1415 -0.9792 -0.1457
vn 0.2585 -0.6789 -0.6872
vn 0.3387 -0.6449 -0.6851
vn 0.6684 -0.6650 -0.3330
vn 0.6528 -0.2575 -0.7124
vn 0.9722 -0.1869 -0.1412
vn 0.5309 0.1196 -0.8390
vn 0.8944 0.4157 -0.1652
vn 0.3513 0.3920 -0.8502
vn 0.4537 0.6745 -0.5824
vn 0.1105 0.5071 -0.8547
vn 0.0343 0.4734 -0.8802
vn -0.1059 0.6999 -0.7064
vn -0.3232 0.6324 -0.7040
vn -0.3879 0.5981 -0.7013
vn -0.5965 0.3904 -0.7013
vn -0.6535 0.3228 -0.6847
vn -0.9317 0.1451 -0.3331
vn 0.8423 -0.5348 0.0680
vn 0.6659 -0.7458 -0.0210
vn 0.9984 -0.0518 -0.0227
vn 0.4226 -0.9063 -0.0046
vn 0.1863 -0.9824 -0.0108
vn -0.1863 -0.9821 0.0279
vn -0.6654 -0.7454 0.0396
vn -0.4430 -0.8965 0.0085
vn -0.8430 -0.5357 -0.0487
vn -0.9978 -0.0517 0.0411
vn -0.7297 0.6831 0.0311
vn -0.8731 0.4866 -0.0305
vn 0.1000 0.9945 0.0325
vn -0.1001 0.9949 -0.0135
vn 0.8724 0.4863 0.0495
vn 0.7300 0.6834 -0.0123
vn 0.0734 -0.1328 -0.9884
vn 0.1077 -0.0868 -0.9904
vn -0.0900 -0.1267 -0.9878
vn -0.1243 -0.0444 -0.9912
vn 0.0338 -0.1496 -0.9882
vn -0.0703 0.0408 -0.9967
vn -0.0031 -0.0379 -0.9993
vn -0.0280 -0.1308 -0.9910
vn 0.0843 0.1081 -0.9906
vn -0.0141 0.1864 -0.9824
vn -0.0020 -0.0021 -1.0000
vn 0.0071 -0.0024 -1.0000
vn 0.2081 -0.0124 -0.9780
vn -0.0026 -0.0013 -1.0000
vn -0.0009 -0.0006 -1.0000
vn 0.0047 0.0001 -1.0000
vn 0.0262 -0.0015 -0.9997
vn -0.1585 -0.0810 -0.9840
vn 0.7741 0.6252 -0.0999
vn 0.9242 0.3805 -0.0312
vn 0.1790 0.9794 0.0939
vn -0.1780 0.9555 -0.2354
vn -0.7779 0.6265 -0.0493
vn -0.9208 0.3755 -0.1051
vn -0.9810 -0.1907 -0.0341
vn -0.8589 -0.5121 -0.0121
vn -0.6472 -0.7607 -0.0505
vn -0.6008 -0.7985 -0.0365
vn 0.8714 -0.4901 -0.0236
vn 0.6008 -0.7985 0.0365
vn 0.5863 -0.8066 -0.0756
vn 0.9756 -0.1901 -0.1097
vn 0.1709 -0.0714 0.9827
vn 0.1853 0.0200 0.9825
vn 0.1715 -0.0760 0.9822
vn 0.0176 -0.1751 0.9844
vn -0.0890 0.2251 0.9703
vn -0.0192 -0.2009 0.9794
vn 0.0779 -0.1828 0.9801
vn 0.2048 0.1074 0.9729
vn 0.1093 0.1964 0.9744
vn -0.0049 -0.1804 0.9836
vn -0.1027 -0.1596 0.9818
vn -0.1795 -0.0832 0.9802
vn -0.1803 0.0049 0.9836
vn -0.1596 0.1026 0.9818
vn -0.0819 0.1833 0.9796
vn 0.0483 0.1899 0.9806
vn -0.7079 0.7063 0.0066
vn -0.9776 -0.2104 0.0043
vn -0.7032 0.7110 0.0094
vn -0.1826 0.9831 0.0084
vn -0.0842 0.9964 0.0056
vn 0.6704 0.7420 0.0048
vn 0.0921 0.9957 0.0082
vn 0.3072 0.9516 0.0099
vn 0.8959 0.4441 0.0151
vn 0.9972 -0.0753 0.0025
vn 0.7028 -0.7112 0.0148
vn 0.5245 -0.8514 0.0038
vn -0.2444 -0.9696 0.0106
vn -0.3789 -0.9254 0.0038
vn -0.9477 -0.3190 0.0119
vn 0.8918 -0.4525 0.0052
vn 0.4250 -0.9052 -0.0000
vn 0.6496 -0.7603 -0.0060
vn 0.9998 -0.0169 -0.0106
vn 0.1747 -0.9846 0.0021
vn 0.0427 -0.9973 -0.0603
vn -0.0427 -0.9973 0.0603
vn -0.1747 -0.9846 -0.0021
vn -0.6507 -0.7593 0.0037
vn -0.9999 -0.0145 0.0032
vn -0.9712 -0.2383 -0.0030
vn -0.4875 -0.8731 -0.0000
vn -0.8521 0.5199 -0.0610
vn -0.9161 0.4010 -0.0045
vn -0.1747 0.9846 0.0021
vn -0.0427 0.9973 -0.0603
vn 0.0427 0.9973 0.0603
vn 0.1747 0.9846 -0.0021
vn 0.5229 0.8524 0.0022
vn 0.9143 0.4050 0.0060
vn 0.8483 0.5269 0.0522
vn 0.1472 -0.1464 0.9782
vn 0.1947 -0.0762 0.9779
vn -0.0201 0.0083 0.9998
vn 0.0800 -0.1916 0.9782
vn 0.0006 -0.2076 0.9782
vn -0.0789 -0.1920 0.9782
vn -0.1464 -0.1472 0.9782
vn -0.1916 -0.0800 0.9782
vn -0.2076 -0.0006 0.9782
vn -0.1920 0.0789 0.9782
vn -0.1472 0.1463 0.9782
vn -0.0800 0.1916 0.9782
vn -0.0006 0.2076 0.9782
vn 0.0789 0.1920 0.9782
vn 0.1464 0.1472 0.9782
vn 0.1916 0.0800 0.9782
vn 0.2076 0.0006 0.9782
vn 0.1946 -0.0762 -0.9779
vn 0.1534 -0.1452 -0.9774
vn -0.0199 -0.0089 -0.9998
vn 0.0862 -0.1929 -0.9774
vn 0.0058 -0.2112 -0.9774
vn -0.0754 -0.1973 -0.9774
vn -0.1452 -0.1534 -0.9774
vn -0.1929 -0.0862 -0.9774
vn -0.2112 -0.0058 -0.9774
vn -0.1973 0.0754 -0.9774
vn -0.1534 0.1452 -0.9774
vn -0.0862 0.1929 -0.9774
vn -0.0058 0.2112 -0.9774
vn 0.0754 0.1973 -0.9774
vn 0.1452 0.1534 -0.9774
vn 0.1929 0.0862 -0.9774
vn 0.2112 0.0058 -0.9774
vn -0.1096 0.9152 -0.3879
vn -0.0833 0.7070 -0.7023
vn -0.2063 0.8049 -0.5564
vn -0.0591 0.9568 0.2847
vn 0.0831 0.3188 -0.9442
vn 0.0525 0.1747 -0.9832
vn -0.0670 -0.0032 -0.9977
vn 0.0670 0.0032 -0.9977
vn -0.0525 -0.1747 -0.9832
vn -0.1000 -0.5400 -0.8357
vn -0.1395 -0.6986 -0.7018
vn -0.0591 -0.9568 -0.2847
vn -0.0000 -0.4875 -0.8731
vn 0.1038 -0.9585 -0.2657
vn -0.1096 -0.9152 0.3879
vn -0.0833 -0.7070 0.7023
vn -0.2063 -0.8049 0.5564
vn 0.0831 -0.3188 0.9442
vn 0.0525 -0.1747 0.9832
vn -0.0670 0.0032 0.9977
vn 0.0670 -0.0032 0.9977
vn -0.0525 0.1747 0.9832
vn -0.1000 0.5400 0.8357
vn -0.1395 0.6986 0.7018
vn -0.0000 0.4875 0.8731
vn 0.1038 0.9585 0.2657
vn -0.0586 0.8420 -0.5363
vn -0.1086 0.8391 -0.5329
vn 0.0338 0.9940 -0.1038
vn 0.0696 0.1746 -0.9822
vn -0.0803 -0.0109 -0.9967
vn 0.0803 0.0109 -0.9967
vn -0.0696 -0.1746 -0.9822
vn 0.1086 -0.8391 -0.5329
vn -0.1134 -0.9859 -0.1232
vn 0.0199 -0.8539 -0.5201
vn 0.0721 -0.9743 0.2135
vn -0.0709 -0.7805 0.6212
vn -0.2228 -0.5725 0.7890
vn 0.0696 -0.1746 0.9822
vn -0.0803 0.0109 0.9967
vn 0.0803 -0.0109 0.9967
vn -0.0696 0.1746 0.9822
vn 0.1086 0.8391 0.5329
vn -0.0338 0.9940 0.1038
vn 0.0586 0.8420 0.5363
vn -0.1996 0.9796 -0.0214
vn 0.0067 0.6960 -0.7181
vn 0.3724 0.8302 -0.4148
vn -0.1354 0.5171 -0.8452
vn 0.1352 0.1743 -0.9754
vn -0.1408 -0.0248 -0.9897
vn 0.1408 0.0248 -0.9897
vn -0.1352 -0.1743 -0.9754
vn -0.0303 -0.8886 -0.4576
vn -0.0210 -0.9298 0.3674
vn 0.0819 -0.9904 -0.1112
vn -0.0187 -0.8524 -0.5226
vn -0.0000 -0.4875 0.8731
vn -0.0426 -0.6053 0.7948
vn 0.1352 -0.1743 0.9754
vn -0.1408 0.0248 0.9897
vn 0.1408 -0.0248 0.9897
vn -0.1352 0.1743 0.9754
vn 0.0841 0.5592 0.8247
vn 0.1228 0.7981 0.5898
vn -0.0000 0.4250 0.9052
vn -0.9272 0.2415 -0.2863
vn -0.9641 -0.0570 -0.2593
vn -0.9179 -0.1072 -0.3821
vn -0.8575 -0.5014 -0.1152
vn -0.9272 -0.2415 0.2863
vn -0.9272 0.0317 0.3731
vn -0.9272 0.2863 0.2415
vn -0.9272 0.3732 -0.0317
vn -0.1104 0.9939 -0.0000
vn 0.1104 0.9939 -0.0000
vn -0.7071 0.7071 -0.0000
vn 0.7071 0.7071 -0.0000
vn -0.1188 -0.1338 0.9839
vn -0.1730 0.1441 0.9743
vn -0.1415 0.0993 0.9849
vn 0.1022 0.9366 0.3350
vn -0.1104 0.9250 -0.3636
vn -0.1279 0.9523 0.2770
vn -0.1188 0.1338 -0.9839
vn -0.1730 -0.1440 -0.9743
vn -0.1415 -0.0993 -0.9849
vn -0.6586 0.5678 0.4939
vn -0.7577 -0.6403 -0.1259
vn -0.2275 -0.8710 0.4355
vn 0.0465 -0.5086 0.8598
vn -0.4525 -0.8682 0.2037
vn -0.3018 0.2370 0.9235
vn -0.3325 0.4442 0.8319
vn -0.3741 0.7873 -0.4901
vn 0.0434 0.5092 -0.8596
vn -0.3019 -0.2369 -0.9234
vn 0.0183 -0.5660 -0.8242
vn -0.2595 -0.9179 -0.3002
vn -0.3301 -0.8792 -0.3435
vn -0.6866 -0.7171 -0.1198
vn -0.7424 -0.6639 -0.0901
vn -0.3021 -0.9199 0.2499
vn -0.3909 -0.6994 0.5983
vn -0.8141 -0.5398 0.2142
vn -0.9561 -0.2540 0.1464
vn -0.6596 0.0834 0.7469
vn -0.8337 0.2040 0.5132
vn -0.4145 0.0655 0.9077
vn -0.2491 0.9426 -0.2224
vn -0.5598 0.3394 0.7559
vn -0.6592 0.2152 0.7205
vn -0.0453 0.8396 0.5412
vn -0.2655 0.5252 0.8085
vn -0.2317 0.4164 0.8792
vn 0.2594 0.5878 0.7663
vn -0.0133 0.0531 0.9985
vn -0.0637 0.0233 0.9977
vn 0.2698 -0.2932 0.9172
vn 0.3270 -0.4971 0.8037
vn 0.3131 -0.9462 -0.0822
vn -0.1484 -0.8626 0.4835
vn -0.2257 -0.7570 0.6132
vn -0.0242 -0.9981 0.0562
vn 0.0360 0.9975 0.0608
vn 0.3620 -0.4068 0.8387
vn 0.3160 -0.4938 0.8101
vn 0.5044 -0.7717 0.3873
vn -0.3621 -0.9313 -0.0399
vn 0.0007 -0.9884 -0.1522
vn 0.5343 -0.7982 0.2780
vn 0.7892 -0.1796 0.5873
vn 0.7680 -0.0453 0.6388
vn 0.6258 0.7220 0.2950
vn 0.6219 0.4059 0.6697
vn 0.7255 0.5667 0.3905
vn -0.3661 0.8181 -0.4435
vn -0.4787 0.8010 -0.3594
vn -0.6056 -0.1084 -0.7884
vn -0.8733 0.2441 -0.4216
vn -0.7981 0.1011 -0.5940
vn -0.6960 -0.3094 -0.6480
vn -0.7471 -0.5781 -0.3280
vn -0.5997 -0.0158 0.8001
vn -0.5699 0.0647 0.8192
vn -0.4821 0.1386 0.8651
vn 0.6577 0.6322 0.4094
vn -0.6004 -0.0000 0.7997
vn -0.8461 -0.5163 -0.1323
vn -0.8297 -0.5463 -0.1150
vn -0.8431 -0.4953 -0.2093
vn -0.8257 -0.5245 -0.2075
vn 0.3632 0.5163 0.7756
vn 0.3419 0.5463 0.7646
vn 0.4363 0.4953 0.7512
vn 0.4297 0.5245 0.7351
vn -0.6063 0.0400 0.7943
vn -0.5866 0.0935 0.8044
vn -0.4790 0.0140 0.8777
vn 0.6004 -0.0001 -0.7997
vn -0.7913 -0.1748 -0.5859
vn -0.7636 -0.0374 -0.6446
vn -0.8321 0.0374 -0.5534
vn -0.7835 0.1747 -0.5963
vn 0.0288 0.9993 0.0243
vn 0.0193 0.9981 -0.0581
vn -0.0769 0.9952 -0.0604
vn -0.0674 0.9975 0.0219
vn 0.7835 0.1747 0.5963
vn 0.8321 0.0374 0.5533
vn 0.7636 -0.0374 0.6446
vn 0.7913 -0.1747 0.5859
vn -0.0313 -0.9993 -0.0209
vn 0.0504 -0.9981 -0.0347
vn 0.0795 -0.9952 0.0569
vn -0.0022 -0.9975 0.0709
vn -0.8092 0.1317 0.5725
vn -0.8931 0.4137 0.1768
vn -0.8052 -0.2760 -0.5248
vn -0.0936 0.5662 0.8189
vn 0.1180 -0.0345 0.9924
vn 0.6623 0.4150 0.6238
vn 0.9339 0.0004 0.3576
vn 0.6995 0.6674 -0.2554
vn 0.7669 0.3025 -0.5660
vn -0.0020 0.8637 -0.5040
vn -0.0421 0.5105 -0.8588
vn -0.6302 0.1602 -0.7597
vn -0.1892 0.0543 0.9804
vn -0.0186 0.0444 0.9988
vn -0.8787 0.0503 0.4748
vn 0.9024 0.0088 0.4307
vn 0.9571 0.2331 0.1724
vn 0.2855 0.0022 -0.9584
vn -0.2268 0.1871 -0.9558
vn -0.7340 -0.0501 -0.6773
vn -0.8923 0.2921 -0.3442
vn -0.9229 -0.1413 0.3582
vn -0.8092 0.1317 0.5726
vn -0.8931 0.4137 0.1769
vn -0.8127 -0.3008 -0.4990
vn -0.0557 0.6085 0.7916
vn 0.1643 0.1822 0.9694
vn 0.4874 0.8035 0.3419
vn 0.8361 0.4333 0.3364
vn 0.8458 0.1448 -0.5134
vn 0.5763 0.7022 -0.4182
vn 0.0083 0.0546 -0.9985
vn -0.1718 0.6479 -0.7421
vn -0.6941 0.2323 -0.6814
vn 0.0486 -0.1061 0.9932
vn 0.1957 0.1897 0.9622
vn -0.8408 0.0486 0.5392
vn 0.6410 -0.3039 -0.7048
vn 0.9931 0.0770 0.0884
vn -0.2251 0.0018 -0.9743
vn -0.6582 -0.1572 -0.7363
vn -0.8818 -0.1382 0.4508
vn -0.3922 0.8649 0.3133
vn -0.9159 0.3801 0.1290
vn -0.5367 0.7342 0.4159
vn 0.0398 0.6674 0.7437
vn 0.1315 0.3637 0.9222
vn 0.6486 0.6251 0.4343
vn 0.9483 0.0902 0.3044
vn 0.6995 0.6675 -0.2554
vn 0.7668 0.3026 -0.5661
vn 0.0556 0.8685 -0.4925
vn 0.0548 0.4851 -0.8728
vn -0.6888 0.1450 -0.7103
vn -0.5039 0.7459 -0.4355
vn 0.0178 -0.0346 0.9992
vn 0.2854 0.0022 -0.9584
vn -0.7512 0.6099 0.2525
vn -0.2174 0.8649 0.4524
vn -0.6674 0.7407 -0.0771
vn -0.6894 0.5994 -0.4066
vn -0.1157 0.8247 0.5536
vn 0.3659 0.7085 0.6034
vn 0.4506 0.8295 0.3301
vn 0.4925 0.8685 -0.0554
vn 0.3889 0.9174 -0.0848
vn 0.3810 0.7419 -0.5518
vn 0.3378 0.7024 -0.6266
vn -0.2651 0.6976 -0.6657
vn -0.3698 0.6996 -0.6114
vn -0.5543 -0.0566 0.8304
vn 0.2680 0.0290 0.9630
vn -0.5303 0.0414 0.8468
vn 0.6739 0.2146 0.7069
vn 0.6737 -0.0871 -0.7338
vn 0.1599 -0.0606 -0.9853
vn -0.5520 -0.0366 -0.8330
vn -0.6264 0.1561 -0.7637
vn 0.4995 -0.8413 0.2064
vn 0.4573 -0.8866 0.0690
vn 0.3653 -0.9148 -0.1725
vn 0.2113 -0.8443 0.4924
vn 0.0958 -0.8505 0.5172
vn -0.1469 -0.8989 0.4129
vn -0.2643 -0.9346 0.2379
vn -0.1726 -0.9818 0.0786
vn -0.3684 -0.9293 -0.0251
vn -0.3382 -0.9077 -0.2484
vn -0.1978 -0.9304 -0.3086
vn 0.1330 -0.9107 -0.3911
vn 0.1692 -0.9174 -0.3603
vn 0.1101 0.0743 0.9911
vn -0.8632 0.4051 -0.3012
vn 0.2251 0.1297 0.9657
vn -0.9223 0.0320 0.3851
vn -0.0894 0.3484 -0.9331
vn 0.4796 0.1557 -0.8636
vn 0.6265 -0.1561 -0.7636
vn 0.9280 -0.0087 0.3724
vn 0.9723 -0.0000 0.2337
vn -0.9908 0.1354 -0.0029
vn -0.9285 -0.2868 -0.2360
vn -0.9997 0.0253 -0.0023
vn -0.9832 -0.1259 -0.1318
vn -0.9960 -0.0896 0.0038
vn -0.9994 -0.0337 -0.0023
vn -0.9983 0.0166 -0.0559
vn -0.0216 0.9643 0.2640
vn 0.0386 0.6203 0.7834
vn -0.0008 1.0000 -0.0053
vn -0.0568 0.1746 0.9830
vn 0.0080 -0.0766 0.9970
vn -0.0080 0.0766 0.9970
vn 0.9999 -0.0138 0.0068
vn -0.9886 -0.1478 0.0287
vn 0.0568 -0.1746 0.9830
vn -0.0386 -0.6203 0.7834
vn 0.0008 -1.0000 -0.0053
vn 0.0216 -0.9643 0.2640
vn -0.0826 0.8613 -0.5013
vn 0.0335 0.8136 -0.5805
vn 0.0231 0.0557 -0.9982
vn 0.0080 0.0766 -0.9970
vn 0.0568 0.1746 -0.9830
vn -0.0080 -0.0766 -0.9970
vn 0.0614 -0.0028 -0.9981
vn -0.0568 -0.1746 -0.9830
vn -0.0335 -0.8136 -0.5805
vn 0.0826 -0.8613 -0.5013
vn -0.0289 0.0519 0.9982
vn -0.9985 0.0540 -0.0009
vn -1.0000 -0.0010 -0.0010
vn -0.9859 -0.1665 0.0146
vn 0.8233 -0.2043 -0.5295
vn 0.6192 -0.2251 -0.7523
vn 0.6579 -0.7452 0.1089
vn -0.4121 -0.8553 -0.3141
vn -0.8572 -0.5137 0.0353
vn 0.0462 -0.5833 0.8110
vn -0.0775 -0.9967 -0.0247
vn -0.4267 0.2606 -0.8660
vn -0.0035 0.7062 -0.7081
vn -0.0045 0.7044 -0.7098
vn 0.4956 0.3026 -0.8141
vn -0.0912 0.9913 0.0953
vn -0.8652 0.4874 0.1176
vn -0.6428 0.7431 -0.1862
vn -0.4454 0.8386 0.3135
vn -0.8773 0.3184 0.3591
vn -0.9971 0.0754 0.0047
vn -0.9717 -0.2068 0.1139
vn -0.9785 0.1909 -0.0775
vn -0.3227 0.9253 0.1994
vn -0.7526 0.2373 -0.6142
vn -0.8623 0.0829 -0.4996
vn -0.6205 0.7234 -0.3028
vn -0.9589 -0.2179 0.1819
vn -0.0003 0.7062 0.7080
vn -0.4102 0.2819 0.8673
vn 0.6152 0.5462 0.5685
vn -0.0000 0.7044 0.7098
vn -0.6723 0.7266 0.1417
vn 0.3432 0.8765 0.3375
vn 0.5112 0.8588 0.0333
vn -0.6687 0.7348 -0.1140
vn -0.9227 0.2989 0.2433
vn -0.3871 0.4644 0.7965
vn -0.5322 0.8298 0.1676
vn 0.3316 0.6941 0.6389
vn 0.0152 0.2684 0.9632
vn 0.2454 0.9474 -0.2057
vn -0.2014 0.7990 0.5666
vn -0.4349 0.2499 -0.8651
vn -0.0000 0.7070 -0.7072
vn -0.0000 0.7071 -0.7072
vn 0.4942 0.3022 -0.8151
vn 0.5501 0.8040 0.2257
vn -0.2937 -0.7718 -0.5639
vn -0.5805 -0.4965 -0.6454
vn -0.7479 0.5405 -0.3854
vn -0.1240 0.9261 -0.3564
vn -0.5839 0.8118 -0.0028
vn -0.6799 0.7264 0.1005
vn 0.5275 0.8487 -0.0364
vn -0.6406 0.7475 -0.1755
vn -0.2104 -0.8808 0.4242
vn -0.0000 0.7071 0.7071
vn -0.4329 0.2378 0.8695
vn -0.9454 0.1782 0.2727
vn 0.7540 -0.3623 0.5480
vn 0.4910 -0.3576 0.7944
vn 0.9855 0.1206 -0.1190
vn 0.0810 -0.9967 0.0085
vn -0.0186 -0.9993 -0.0314
vn 0.0653 -0.9965 -0.0518
vn 0.5315 -0.8420 -0.0924
vn 0.5184 -0.8519 -0.0737
vn 0.6502 -0.7597 -0.0017
vn 0.3017 -0.9501 0.0792
vn 0.0310 -0.9917 -0.1244
vn 0.4223 -0.9036 0.0714
vn 0.6684 -0.7436 0.0197
vn 0.9550 -0.1482 -0.2570
vn 0.9998 0.0173 0.0014
vn 0.3355 -0.8080 -0.4844
vn -0.9943 0.1024 -0.0306
vn -0.9977 -0.0677 0.0030
vn 0.1042 0.9942 -0.0279
vn 0.0035 0.0214 0.9998
vn 0.0624 0.0246 0.9977
vn 0.1429 -0.0267 0.9894
vn 0.1368 -0.0178 0.9904
vn 0.0257 -0.1119 -0.9934
vn -0.9989 0.0476 -0.0001
vn -0.0001 1.0000 -0.0000
vn 0.1215 -0.9892 -0.0819
vn -0.0214 -0.9997 0.0134
vn -0.1684 -0.9854 -0.0266
vn -0.9572 -0.0498 -0.2850
vn 0.2971 -0.9497 0.0991
vn 0.0142 -0.9739 -0.2267
vn -0.1067 -0.9492 -0.2960
vn -0.0984 0.0720 0.9925
vn 0.0509 -0.0798 -0.9955
vn 0.0292 0.2200 0.9751
vn -0.0680 0.2015 0.9771
vn -0.0184 0.8563 0.5162
vn 0.0686 0.9581 0.2782
vn 0.0292 -0.0974 0.9948
vn 0.6651 -0.7399 -0.1005
vn 0.6481 -0.7400 0.1798
vn 0.2538 0.8841 0.3924
vn 0.2560 0.4559 -0.8524
vn -0.1358 0.9907 0.0047
vn -0.1521 0.9585 -0.2410
vn 0.0735 -0.0597 -0.9955
vn -0.0515 0.0795 -0.9955
vn 0.8096 -0.5864 0.0266
vn 0.7048 -0.7009 0.1100
vn 0.5817 -0.7821 0.2236
vn -0.8359 0.5487 0.0166
vn -0.7056 0.6999 0.1104
vn -0.5819 0.7819 0.2236
vn -0.7507 0.6491 -0.1229
vn 0.0883 -0.0340 -0.9955
vn -0.0244 0.0915 -0.9955
vn 0.0548 0.0962 0.9938
vn -0.0000 -0.0240 0.9997
vn -0.0574 -0.0061 0.9983
vn -0.0680 0.1038 0.9923
vn -0.2117 0.9771 0.0218
vn -0.0810 0.9638 0.2539
vn -0.6078 0.7780 0.1593
vn 0.7331 -0.6685 -0.1249
vn 0.0592 -0.0739 0.9955
vn 0.0945 -0.0051 -0.9955
vn 0.0051 0.0945 -0.9955
vn 0.1031 0.9938 0.0417
vn 0.0340 0.0883 -0.9955
vn 0.0795 -0.0515 0.9955
vn 0.8269 -0.5153 -0.2251
vn 0.9508 -0.3082 0.0312
vn -0.9621 0.0962 -0.2553
vn -0.9660 -0.1818 -0.1840
vn 0.3205 -0.9334 0.1612
vn -0.0795 -0.9968 0.0061
vn 0.0915 -0.0244 0.9955
vn -0.0340 0.0884 0.9955
vn 0.5276 0.8448 -0.0885
vn 0.9501 -0.2234 -0.2175
vn 0.9995 0.0007 0.0312
vn 0.6807 0.7270 0.0903
vn 0.8204 0.5603 0.1141
vn 0.4894 0.8557 0.1681
vn 0.0269 -0.1158 -0.9929
vn -0.0051 0.0945 0.9955
vn 0.9711 0.1028 -0.2155
vn 0.9481 0.3155 0.0398
vn 0.7731 0.6147 -0.1564
vn 0.0244 0.0915 0.9955
vn 0.0515 0.0795 0.9955
vn -0.1764 0.0992 0.9793
vn -0.0515 0.0794 -0.9955
vn -0.7927 0.6080 0.0442
vn -0.7970 0.5909 0.1249
vn 0.0294 -0.0962 0.9949
vn -0.5959 0.8014 0.0521
vn -0.6150 0.7784 -0.1258
vn 0.0591 -0.0739 0.9955
vn -0.4867 0.8698 0.0813
vn -0.0774 0.9970 -0.0039
vn -0.2872 0.9510 0.1144
vn 0.1151 0.9716 -0.2068
vn 0.1651 0.9862 0.0139
vn 0.5104 0.8470 0.1483
vn 0.5767 0.7763 -0.2546
vn 0.8179 0.5750 -0.0195
vn 0.6443 0.7588 -0.0954
vn -0.0682 0.9975 0.0173
vn -0.0190 0.9998 0.0100
vn -1.0000 -0.0013 -0.0000
vn -0.9939 0.1077 0.0255
vn -0.0409 -0.9992 -0.0032
vn 0.0250 -0.9997 0.0045
vn -0.7489 0.3401 0.5687
vn -0.7691 -0.3180 0.5544
vn 0.0755 -0.9956 -0.0547
vn 0.9372 -0.3416 -0.0705
vn -0.9664 -0.2395 0.0936
vn -0.9944 0.1051 0.0062
vn -0.9979 0.0644 0.0007
vn -0.9816 -0.0218 -0.1897
vn 0.5516 -0.8337 -0.0250
vn -0.0112 -0.9709 0.2393
vn 0.1789 -0.9835 -0.0258
vn 0.3994 -0.9133 -0.0800
vn 0.3361 -0.8035 0.4913
vn 0.0368 -0.9698 0.2413
vn 0.2515 -0.9677 -0.0168
vn 0.5173 -0.8511 0.0894
vn 0.6380 -0.7324 0.2378
vn 0.7972 -0.6033 -0.0218
vn 0.6027 -0.7879 0.1264
vn 0.5826 -0.7610 0.2855
vn 0.6501 -0.7194 0.2447
vn 0.9446 -0.3274 -0.0222
vn 0.8398 -0.4843 0.2453
vn 0.9996 -0.0194 -0.0222
vn 0.9484 -0.2010 0.2453
vn 0.9567 0.2904 -0.0222
vn 0.9641 0.1018 0.2453
vn 0.8879 0.3875 0.2480
vn 0.5485 0.8357 -0.0264
vn -0.6129 0.7527 0.2404
vn -0.0204 0.9996 0.0174
vn -0.0309 0.9995 -0.0082
vn 0.2923 0.9036 -0.3131
vn -0.3414 0.9392 0.0362
vn -0.9993 -0.0367 0.0077
vn -0.9991 -0.0419 0.0067
vn -0.9999 -0.0052 0.0138
vn -0.9999 -0.0000 0.0148
vn 0.2873 -0.9490 0.1301
vn -0.0062 -1.0000 -0.0003
vn -0.0244 -0.9995 0.0216
vn -0.0228 -0.9997 0.0088
vn -0.0243 0.1879 -0.9819
vn -0.0591 -0.6182 0.7838
vn 0.0030 0.0721 0.9974
vn -0.0296 0.2025 -0.9788
vn -0.9999 -0.0118 -0.0031
vn 0.9772 0.2070 -0.0472
vn 0.9994 -0.0219 -0.0276
vn 0.9984 0.0464 -0.0313
vn -0.9950 0.0407 -0.0917
vn 0.9996 -0.0224 0.0156
vn 0.8160 0.5689 0.1025
vn 1.0000 -0.0019 0.0059
vn 0.9518 0.3065 0.0135
vn 0.9086 0.3643 0.2041
vn 0.0462 0.9788 -0.1995
vn -0.0435 0.0001 -0.9991
vn 1.0000 -0.0093 0.0002
vn 1.0000 -0.0094 0.0003
vn 1.0000 -0.0089 0.0001
vn 1.0000 -0.0087 -0.0000
vn 1.0000 -0.0000 -0.0057
vn 1.0000 0.0037 -0.0075
vn 0.9999 0.0063 -0.0088
vn -0.3467 -0.9380 -0.0000
vn 0.0001 -0.0000 1.0000
vn 0.0001 0.0001 1.0000
vn 0.9729 0.2307 0.0136
vn 0.8964 0.3761 0.2345
vn 0.9530 0.1519 0.2622
vn 1.0000 -0.0026 -0.0044
vn -0.1448 -0.9894 0.0072
vn -0.1422 -0.9898 0.0112
vn -0.1195 -0.9928 0.0040
vn -0.1219 -0.9925 -0.0000
vn -0.0000 0.0128 0.9999
vn -0.0429 0.0249 -0.9988
vn -0.7071 -0.0000 -0.7071
vn -0.0683 0.3207 -0.9447
vn -0.7070 -0.0000 -0.7072
vn -0.6571 -0.7270 0.1992
vn -0.2317 -0.6547 0.7195
vn -0.3964 -0.1408 0.9072
vn 0.5275 -0.5029 0.6847
vn 0.5936 -0.6895 0.4150
vn 0.8534 0.0748 0.5158
vn 0.2377 0.0685 0.9689
vn 0.6990 0.2202 0.6803
vn -0.5892 0.6930 0.4154
vn -0.5830 -0.5163 -0.6273
vn -0.8926 -0.3442 -0.2913
vn -0.9891 -0.1201 0.0854
vn -0.9538 0.2335 0.1890
vn -0.4291 0.6486 0.6286
vn -0.9451 0.1862 0.2687
vn -0.7950 0.0647 -0.6031
vn -0.7905 0.1620 -0.5907
vn -0.8697 -0.2502 -0.4255
vn -0.6249 -0.3282 -0.7084
vn -0.9711 -0.1901 0.1442
vn -0.8394 -0.4767 -0.2611
vn -0.8254 -0.0440 -0.5628
vn 0.7043 -0.7099 -0.0001
vn -0.3480 -0.7068 0.6159
vn -0.3739 0.0785 0.9241
vn 0.2391 0.0521 0.9696
vn -0.8753 0.2170 0.4322
vn -0.8343 -0.3258 0.4447
vn -0.6850 -0.7099 -0.1635
vn -0.5341 -0.7778 -0.3314
vn -0.8039 0.1548 -0.5742
vn -0.6624 -0.1298 -0.7378
vn -0.7442 -0.0009 0.6680
vn -0.6220 0.7804 0.0637
vn -0.8052 -0.1122 0.5823
vn -0.5325 0.0241 0.8461
vn -0.0000 0.0249 -0.9997
vn -0.0094 0.0094 -0.9999
vn 0.0059 -0.9999 -0.0151
vn 0.9995 -0.0300 0.0028
vn 0.9500 0.3099 0.0377
vn -0.9999 -0.0118 -0.0008
vn -0.9999 -0.0126 -0.0029
vn -0.9999 -0.0115 -0.0000
vn 0.0928 0.9701 -0.2241
vn -0.1554 0.9288 -0.3365
vn -0.0775 0.9965 0.0318
vn -0.0496 0.9096 0.4126
vn -0.6009 0.0001 0.7993
vn -0.5604 -0.0519 0.8266
vn -0.5326 0.0240 0.8460
vn -0.6008 -0.0000 0.7994
vn -0.2311 0.9702 0.0726
vn -0.0727 0.9971 0.0211
vn 0.0344 -0.0348 0.9988
vn 0.0625 0.0321 0.9975
vn -0.9987 0.0504 0.0019
vn -0.9964 -0.0849 0.0071
vn -0.9842 -0.1768 -0.0071
vn -0.9990 0.0450 -0.0000
vn -1.0000 -0.0000 0.0026
vn -0.5314 0.8471 0.0045
vn 0.7566 0.6539 0.0086
vn 0.0419 -0.9991 -0.0091
vn -0.0348 -0.9988 0.0335
vn -0.0036 1.0000 -0.0069
vn 0.0727 0.9973 -0.0105
vn -0.8443 0.5239 -0.1127
vn -0.7735 0.6336 -0.0171
vn -0.0098 0.0785 0.9969
vn -0.0000 0.0253 0.9997
vn 0.0089 0.9995 -0.0287
vn 0.0174 0.9384 0.3450
vn -0.0000 0.0486 -0.9988
vn -0.0198 0.0536 -0.9984
vn -0.0007 -0.2664 -0.9639
vn -0.2158 0.0705 -0.9739
vn -0.9999 -0.0000 -0.0105
vn -0.9936 0.1127 -0.0050
vn 0.1762 -0.9627 -0.2053
vn -0.1402 -0.0445 0.9891
vn -0.0516 0.0151 0.9986
vn 0.0511 0.0351 0.9981
vn 0.2274 0.9699 -0.0870
vn -0.6411 0.7422 0.1952
vn -0.5841 -0.8035 0.1147
vn -0.8727 -0.4042 -0.2737
vn -0.0061 0.0504 0.9987
vn -0.0255 -0.0211 0.9995
vn -0.0303 -0.2802 0.9595
vn -0.9880 0.1165 0.1015
vn -0.0365 0.0133 0.9992
vn 0.3317 0.9295 0.1610
vn -0.2253 0.9674 0.1158
vn 0.3044 0.9077 0.2889
vn -0.7190 -0.1046 -0.6871
vn -0.9725 -0.1308 0.1926
vn -0.9956 -0.0099 -0.0934
vn -0.9902 -0.0856 -0.1104
vn -0.9964 0.0011 -0.0852
vn -0.9537 0.2909 0.0766
vn -0.9960 0.0081 -0.0891
vn -0.9846 0.1424 -0.1018
vn 0.7050 -0.7092 -0.0075
vn 0.7040 -0.7101 -0.0075
vn 0.9941 -0.1045 -0.0274
vn 0.9657 -0.2561 -0.0438
vn 0.9042 -0.3866 0.1815
vn -0.0215 -0.6646 -0.7469
vn -0.0332 -0.0413 -0.9986
vn -0.0619 -0.2556 -0.9648
vn -0.0219 0.0434 -0.9988
vn 0.0299 0.2770 -0.9604
vn -0.0163 0.6153 -0.7881
vn 0.0094 -0.9999 -0.0081
vn 0.0952 -0.0000 0.9955
vn 0.9997 0.0228 -0.0130
vn 0.9406 0.0160 0.3391
vn -0.0229 0.9222 -0.3862
vn -0.0000 -0.9997 0.0242
vn 0.0016 -0.9997 0.0244
vn -0.0257 -0.9587 0.2832
vn 0.1222 0.9817 -0.1458
vn -0.5292 0.8484 -0.0108
vn -0.3185 0.6495 0.6905
vn 0.9235 0.3827 -0.0274
vn 0.9198 0.3699 0.1308
vn 0.9076 0.3978 0.1345
vn 0.9452 0.3152 -0.0853
vn -0.7276 0.6849 -0.0388
vn -0.9640 0.2654 0.0185
vn -0.9256 0.3401 0.1663
vn -0.9519 0.2427 -0.1870
vn -0.0807 0.9889 0.1249
vn -0.4987 0.8647 -0.0602
vn 0.5550 0.8284 0.0751
vn -0.0766 0.2546 0.9640
vn 0.1077 -0.0602 0.9924
vn 0.2119 0.1197 0.9699
vn -0.2110 0.1189 0.9702
vn 0.9653 0.1802 -0.1892
vn -0.9641 0.2277 -0.1365
vn -0.1147 0.0098 0.9934
vn 0.0923 0.0319 0.9952
vn 0.1713 0.0400 0.9844
vn -0.1760 0.0362 0.9837
vn 0.4293 0.9031 0.0064
vn 0.1650 0.1734 0.9709
vn -0.1263 -0.0377 0.9913
vn 0.2466 -0.9677 -0.0526
vn 0.2062 -0.9682 0.1417
vn -0.0464 -0.9698 0.2393
vn -0.2010 -0.9696 -0.1398
vn 0.1710 0.0560 -0.9837
vn 0.0971 0.0654 -0.9931
vn -0.1385 0.0197 -0.9902
vn -0.1713 0.1051 -0.9796
vn 0.1126 0.2363 -0.9651
vn -0.1481 -0.0043 -0.9890
vn -0.1762 0.1543 -0.9722
vn 0.1785 0.1287 -0.9755
vn 0.1992 0.1160 -0.9731
vn 0.0597 0.1946 -0.9791
vn 0.3736 0.1789 -0.9102
vn 0.3654 0.6281 -0.6870
vn -0.0474 0.2605 0.9643
vn -0.3533 0.6312 0.6905
vn 0.3270 0.6492 -0.6868
vn -0.5065 -0.8622 0.0128
vn -0.3510 -0.6406 -0.6829
vn -0.0213 -0.9855 0.1683
vn 0.0450 -0.0197 -0.9988
vn -0.5774 -0.0965 -0.8108
vn 0.2461 -0.0922 -0.9648
vn -0.0420 -0.0588 -0.9974
vn 0.5646 -0.1079 -0.8183
vn -0.0661 0.1012 -0.9927
vn 0.1434 -0.9887 -0.0443
vn 0.5056 -0.8624 -0.0261
vn 0.4916 -0.7809 0.3855
vn 0.1693 0.9829 -0.0725
vn -0.1336 0.9775 0.1633
vn 0.1218 0.9744 0.1890
vn -0.0011 -0.0614 -0.9981
vn 0.0158 0.0327 -0.9993
vn 0.1151 -0.1140 -0.9868
vn -0.3529 -0.9353 -0.0268
vn 0.3562 -0.9343 0.0125
vn 0.8915 -0.4414 -0.1020
vn 0.6877 -0.7115 -0.1443
vn 0.9720 -0.2229 0.0750
vn 0.9783 -0.1194 -0.1696
vn 0.9064 -0.3970 -0.1446
vn 0.9756 -0.1601 0.1500
vn -0.9852 -0.1228 0.1195
vn -0.9746 -0.1595 -0.1569
vn -0.9783 -0.1210 -0.1682
vn -0.9720 -0.2204 0.0820
vn -0.8274 -0.5509 -0.1092
vn -0.7001 -0.7006 0.1377
vn 0.0402 0.0075 0.9992
vn -0.0601 0.0358 0.9976
vn 0.0650 -0.1301 0.9894
vn 0.0960 -0.1253 0.9875
vn 0.1021 -0.0767 0.9918
vn -0.0533 -0.1051 0.9930
vn -0.0874 -0.1049 0.9906
vn 0.0560 -0.0861 0.9947
vn -0.2523 0.0174 0.9675
vn -0.0333 0.9771 -0.2101
vn -0.1021 -0.0608 -0.9929
vn -0.3157 -0.6581 -0.6835
vn -0.0107 -0.5447 -0.8385
vn 0.2895 -0.6419 -0.7100
vn 0.2539 -0.6569 -0.7099
vn -0.3085 -0.8687 0.3876
vn -0.3492 -0.8528 0.3884
vn 0.4529 -0.8031 0.3872
vn 0.5696 -0.0516 0.8203
vn -0.1522 0.0107 0.9883
vn -0.2734 0.7633 0.5854
vn -0.2310 0.7852 0.5746
vn 0.0927 0.9249 0.3688
vn -0.1305 0.6919 0.7101
vn 0.2478 0.4684 0.8481
vn 0.1903 0.9163 0.3523
vn -0.9531 0.3003 -0.0372
vn -0.9950 -0.0988 -0.0177
vn -0.9970 -0.0736 -0.0255
vn 1.0000 -0.0046 0.0024
vn 1.0000 -0.0007 0.0005
vn 0.9993 0.0248 -0.0266
vn -0.8490 0.5252 -0.0582
vn 1.0000 -0.0052 -0.0021
vn 1.0000 0.0006 -0.0000
vn -0.8400 0.5383 -0.0675
vn -0.6347 0.7720 -0.0348
vn 1.0000 -0.0026 -0.0002
vn -0.0478 -0.9988 0.0074
vn -0.0000 -0.9999 0.0119
vn 0.0015 -1.0000 0.0092
vn 0.0303 -0.9928 -0.1155
vn 0.0576 0.9496 0.3083
vn -0.0039 0.9555 0.2948
vn -0.9584 -0.1422 0.2475
vn 0.0209 -0.9929 -0.1173
vn 0.8940 -0.1814 -0.4096
vn -0.0341 0.9412 0.3362
vn -0.7577 0.0075 0.6525
vn -0.7925 0.0004 0.6099
vn -0.0227 -0.9992 -0.0344
vn -0.0348 -0.9993 -0.0170
vn -0.0218 0.9442 0.3286
vn -0.0077 0.9423 0.3346
vn -0.4681 -0.2152 0.8571
vn -0.0000 0.9378 0.3472
vn -0.0000 0.9360 0.3521
vn -0.0549 -0.3073 0.9500
vn 0.2734 0.7633 0.5854
vn 0.1305 0.6919 0.7101
vn -0.0905 0.9147 0.3939
vn 0.2317 0.8098 0.5390
vn -0.2478 0.4684 0.8481
vn -0.1903 0.9163 0.3523
vn 0.9608 0.2634 -0.0860
vn 0.8479 0.5256 -0.0695
vn 0.9971 -0.0720 0.0245
vn -0.9992 0.0278 -0.0278
vn -1.0000 -0.0014 0.0001
vn -1.0000 -0.0013 -0.0003
vn -1.0000 0.0006 -0.0000
vn 0.8985 0.4318 -0.0793
vn 0.6397 0.7675 -0.0418
vn -1.0000 -0.0027 -0.0001
vn 0.0494 -0.9987 0.0086
vn 0.0182 -0.9885 -0.1504
vn 0.0096 -0.9998 -0.0181
vn -0.0000 -0.9998 -0.0217
vn 0.0315 0.9433 0.3304
vn -0.0576 0.9496 0.3083
vn 0.9584 -0.1421 0.2475
vn -0.0205 -0.9929 -0.1170
vn -0.9095 -0.2695 -0.3166
vn 0.0341 0.9411 0.3363
vn 0.7925 0.0004 0.6099
vn 0.7577 0.0075 0.6525
vn 0.0348 -0.9993 -0.0170
vn 0.0228 -0.9992 -0.0343
vn 0.0077 0.9423 0.3346
vn 0.0218 0.9442 0.3286
vn 0.4681 -0.2152 0.8571
vn 0.0549 -0.3073 0.9500
vn 0.1601 0.0685 0.9847
vn 0.7054 0.0527 0.7069
vn 0.7096 -0.0163 0.7044
vn 0.1330 -0.0566 0.9895
vn 0.1482 -0.1620 0.9756
vn 0.1110 -0.0864 0.9901
vn 0.1375 0.0188 0.9903
vn 0.2060 0.0253 0.9782
vn 0.2388 0.0327 0.9705
vn 0.2793 0.0153 0.9601
vn 0.2858 0.0101 0.9582
vn 0.2927 0.0043 0.9562
vn 0.2926 0.0044 0.9562
vn 0.2977 -0.0118 0.9546
vn 0.3077 -0.0305 0.9510
vn 0.3175 -0.0542 0.9467
vn 0.3238 -0.0505 0.9448
vn 0.6734 -0.7105 -0.2042
vn 0.9447 0.2388 -0.2249
vn 0.7509 -0.6603 -0.0098
vn 0.4310 -0.8809 -0.1956
vn 0.2161 -0.9764 -0.0005
vn -0.7833 -0.5907 -0.1938
vn -0.1885 -0.9649 -0.1829
vn -0.5103 -0.8598 0.0193
vn -0.7940 -0.6079 -0.0033
vn -0.8456 0.4792 -0.2351
vn -0.9784 0.2060 -0.0183
vn -0.4292 0.9032 0.0098
vn 0.2076 0.9496 -0.2350
vn 0.4408 0.8976 -0.0035
vn 0.9784 0.2066 0.0048
vn 0.9999 -0.0112 0.0047
vn 0.9999 0.0011 0.0157
vn 1.0000 0.0002 0.0003
vn -0.9977 -0.0277 0.0612
vn -0.9552 -0.2950 0.0241
vn -0.9483 -0.2091 0.2387
vn -0.9488 0.3084 0.0688
vn -0.9572 -0.2894 -0.0100
vn -0.9086 0.3984 0.1253
vn 1.0000 -0.0008 0.0002
vn -0.8988 0.4381 0.0122
vn -0.9201 0.3908 0.0269
vn -0.9507 -0.3089 0.0258
vn -0.7026 -0.7091 -0.0597
vn -0.4255 -0.8987 0.1064
vn -0.4004 -0.9163 -0.0061
vn -0.4298 -0.9014 0.0529
vn -0.3567 -0.9329 0.0500
vn 0.9995 -0.0235 0.0214
vn 0.9990 0.0065 0.0448
vn 0.9996 0.0247 0.0105
vn -0.9271 0.3697 -0.0618
vn -0.9990 0.0445 -0.0003
vn -0.9990 0.0452 -0.0004
vn 0.0050 0.9880 -0.1544
vn -0.1808 0.9801 -0.0824
vn -0.1040 0.9806 0.1660
vn -0.0726 0.9553 0.2867
vn 0.1359 0.9772 -0.1629
vn 0.0473 0.9939 -0.0997
vn -0.9693 -0.2173 -0.1147
vn -0.9065 0.3687 0.2058
vn -0.3606 -0.9307 -0.0618
vn -0.9432 0.3280 0.0538
vn -0.9259 0.3774 0.0151
vn -0.9680 -0.2200 0.1207
vn 0.4398 0.8981 -0.0003
vn -0.9731 -0.2285 -0.0302
vn -0.9080 0.4179 0.0297
vn 0.1892 0.9786 0.0815
vn 0.1328 0.9911 -0.0087
vn 1.0000 -0.0001 -0.0000
vn 1.0000 0.0001 -0.0000
vn -0.9235 0.3827 0.0263
vn -0.9273 0.3734 0.0249
vn -0.9729 -0.2306 -0.0166
vn 0.0835 -0.9965 0.0061
vn 0.1824 -0.9820 -0.0491
vn -0.9107 0.4130 0.0067
vn -0.9931 -0.1173 0.0044
vn -0.9982 0.0592 0.0044
vn -0.8213 -0.5691 -0.0407
vn -0.9025 0.4260 0.0628
vn -0.2108 0.9771 0.0284
vn 1.0000 0.0003 -0.0002
vn 1.0000 -0.0040 0.0006
vn -0.8249 0.5653 0.0030
vn -0.9866 -0.1627 -0.0123
vn 0.0185 -0.9998 0.0051
vn -0.0000 -1.0000 0.0067
vn -0.6682 0.7433 0.0303
vn 0.9060 -0.4115 -0.0989
vn 0.4755 -0.8685 -0.1399
vn 0.0909 -0.9929 -0.0772
vn -0.3837 -0.8996 -0.2083
vn -0.7188 -0.6658 -0.2002
vn -0.9808 -0.0904 -0.1728
vn -0.8421 0.5030 -0.1945
vn -0.2420 0.9533 -0.1807
vn 0.3925 0.9064 -0.1558
vn 0.8050 0.5921 -0.0369
vn 0.9910 0.0212 -0.1319
vn 0.8979 -0.4328 -0.0803
vn 0.4704 -0.8798 -0.0687
vn -0.0442 -0.9915 -0.1221
vn -0.4775 -0.8740 -0.0903
vn -0.8150 -0.5749 -0.0731
vn -0.9835 -0.1580 -0.0878
vn -0.9633 0.2512 -0.0947
vn -0.6761 0.7331 -0.0738
vn -0.1348 0.9886 -0.0665
vn 0.4382 0.8964 -0.0664
vn 0.9857 0.1549 -0.0665
vn 0.8953 -0.4244 -0.1357
vn 0.4953 -0.8571 -0.1415
vn 0.2028 -0.9537 0.2221
vn -0.2732 -0.9516 0.1405
vn -0.4472 -0.8847 -0.1318
vn -0.9182 -0.3697 -0.1425
vn -0.8135 -0.5813 -0.0180
vn -0.9590 0.2545 -0.1244
vn -0.6534 0.7482 -0.1151
vn -0.1743 0.9753 -0.1359
vn 0.4032 0.9041 -0.1416
vn 0.7808 0.6089 -0.1397
vn 0.9785 0.1556 -0.1351
vn 0.9991 -0.0005 -0.0418
vn 0.9674 -0.2523 0.0205
vn 0.5678 -0.8232 0.0057
vn 0.5555 -0.8311 -0.0275
vn 0.0024 -0.9999 0.0117
vn -0.2460 -0.9691 -0.0206
vn -0.3910 -0.9204 0.0050
vn -0.7009 -0.7132 0.0103
vn -0.8027 -0.5962 -0.0125
vn -0.9187 -0.3949 0.0032
vn -0.9919 -0.1264 -0.0114
vn -0.9998 0.0188 0.0005
vn -0.9302 0.3666 0.0191
vn -0.9988 0.0490 0.0060
vn -0.9267 0.3759 -0.0011
vn -0.8789 0.4764 -0.0226
vn -0.9116 0.4111 -0.0019
vn -0.3396 0.9363 0.0896
vn -0.4640 0.8858 0.0014
vn -0.2551 0.9669 -0.0107
vn 0.3476 0.9360 -0.0554
vn 0.1351 0.9908 -0.0089
vn 0.7634 0.6459 0.0108
vn 0.9820 0.1889 0.0026
vn -0.2369 0.9715 0.0035
vn -0.9924 -0.1230 -0.0049
vn -0.0001 -0.0001 -1.0000
vn 0.9129 0.4032 -0.0634
vn 0.6398 0.7375 0.2163
vn 0.2199 0.9713 0.0907
vn -0.9999 0.0127 -0.0002
vn -1.0000 0.0066 -0.0002
vn -0.9983 0.0522 0.0246
vn 0.9873 0.1585 0.0031
vn 0.9920 0.1253 -0.0174
vn -0.9989 0.0342 0.0314
vn 0.9934 -0.1129 -0.0186
vn 0.9903 -0.1381 -0.0181
vn 0.0046 -0.9995 -0.0326
vn 0.0020 -0.9996 -0.0267
vn 0.0658 -0.9978 0.0097
vn 0.0652 -0.9978 0.0079
vn -0.9895 0.1410 0.0331
vn -1.0000 0.0045 0.0006
vn 0.9699 -0.2428 -0.0181
vn -0.9915 0.1290 0.0188
vn -1.0000 0.0064 0.0001
vn 0.8398 0.5409 0.0474
vn 0.9829 0.1828 0.0203
vn 0.9739 -0.2265 -0.0134
vn 0.0068 -0.9993 -0.0371
vn -0.0000 -0.9994 -0.0360
vn -0.9954 0.0954 0.0003
vn 0.9958 -0.0894 0.0174
vn 0.9793 -0.2013 0.0225
vn 0.9838 -0.1791 0.0104
vn 0.9995 -0.0300 0.0099
vn -0.4394 -0.8983 -0.0038
vn -0.5027 -0.8645 0.0011
vn -0.4393 -0.8983 -0.0038
vn -0.3900 -0.9208 -0.0075
vn -0.9865 0.1637 -0.0009
vn -0.9816 0.1910 -0.0000
vn -0.9848 0.1739 -0.0011
vn -0.9888 0.1489 -0.0021
vn 0.3017 -0.0062 0.9534
vn 0.3236 -0.0420 0.9453
vn 0.1720 0.9848 -0.0255
vn -0.2612 0.9653 -0.0012
vn -0.1123 0.9932 0.0305
vn 0.2877 0.9576 -0.0117
vn -0.9511 -0.3090 -0.0000
vn -0.9510 -0.3090 -0.0000
vn 0.1032 -0.9943 -0.0279
vn -0.2343 -0.9721 -0.0051
vn -0.1655 -0.9862 -0.0075
vn 0.0965 -0.9953 -0.0000
vn 0.7881 0.6156 -0.0038
vn 0.8018 0.5968 0.0316
vn -0.8176 -0.5751 0.0268
vn -0.6953 -0.7184 0.0230
vn 0.9339 0.3563 0.0277
vn 0.9484 0.3170 0.0001
vn -0.9623 -0.2684 0.0433
vn -0.9452 -0.2976 -0.1341
vn 0.0032 -1.0000 -0.0000
vn 0.7191 -0.6949 0.0008
vn 0.9488 0.3160 -0.0018
vn 0.1868 -0.9824 0.0012
vn -0.6788 -0.7343 0.0009
vn -0.0876 -0.9962 0.0017
vn -0.9715 0.2371 -0.0020
vn -0.0794 0.9968 -0.0042
vn -0.0000 0.0001 -1.0000
vn -0.0004 -0.0000 -1.0000
vn -0.0002 -0.0000 -1.0000
vn -0.0001 0.0001 -1.0000
vn 0.0002 -0.0002 -1.0000
vn 0.0001 -0.0003 -1.0000
vn 0.0001 -0.0001 -1.0000
vn -0.0003 -0.0001 -1.0000
vn -0.9910 0.1334 0.0089
vn -0.6959 0.7180 0.0129
vn -0.6396 0.7679 0.0344
vn -0.9930 -0.1183 -0.0019
vn -0.1869 0.9823 -0.0113
vn 0.2455 0.9694 -0.0012
vn 0.7597 0.6503 0.0012
vn 0.8071 0.5904 -0.0058
vn 0.1454 0.9894 -0.0010
vn 0.8311 -0.5561 0.0061
vn 0.7863 -0.6178 -0.0084
vn -0.2850 -0.9585 0.0054
vn -0.3499 -0.9368 -0.0032
vn -0.9405 0.3357 -0.0525
vn -0.7752 0.6307 -0.0365
vn -0.8213 0.5572 -0.1221
vn -0.9769 0.2122 -0.0249
vn -0.1810 0.9823 -0.0475
vn 0.0595 0.9951 -0.0794
vn -0.0595 0.9943 -0.0880
vn 0.1810 0.9765 -0.1173
vn 0.8214 0.5698 0.0273
vn 0.9464 0.3204 0.0420
vn 0.9400 0.3341 -0.0691
vn 0.7752 0.6279 -0.0695
vn 0.9357 -0.3449 0.0744
vn 0.9420 -0.3318 -0.0505
vn 0.7471 -0.6606 0.0733
vn 0.7988 -0.6012 -0.0239
vn 0.1779 -0.9771 0.1165
vn -0.0607 -0.9942 0.0893
vn 0.0607 -0.9951 0.0781
vn -0.1779 -0.9829 0.0485
vn -0.7988 -0.5887 0.1241
vn -0.9420 -0.3186 0.1053
vn -0.9357 -0.3524 -0.0157
vn -0.7472 -0.6636 0.0382
vn 0.4188 -0.2129 -0.8828
vn 0.1030 -0.1040 -0.9892
vn 0.1334 -0.0737 -0.9883
vn 0.7017 0.0266 -0.7120
vn 0.6439 -0.2367 -0.7276
vn 0.2058 -0.2254 -0.9523
vn 0.9157 -0.2581 -0.3081
vn 0.7925 -0.6031 0.0905
vn 0.0191 -0.5483 -0.8361
vn 0.1071 -0.2052 -0.9728
vn 0.4819 -0.5728 -0.6631
vn 0.4434 -0.8960 -0.0238
vn 0.0446 -0.3690 -0.9284
vn -0.1063 -0.9707 -0.2157
vn -0.0202 -0.1816 -0.9832
vn -0.2032 -0.7327 -0.6495
vn -0.0582 -0.2238 -0.9729
vn -0.4156 -0.6302 -0.6559
vn -0.0746 -0.1964 -0.9777
vn -0.0564 -0.4082 -0.9111
vn -0.5244 -0.6255 -0.5778
vn -0.7148 -0.4749 -0.5134
vn -0.5122 -0.2004 -0.8352
vn -0.9560 -0.2094 -0.2054
vn -0.3004 -0.1723 -0.9381
vn -0.6942 0.0414 -0.7186
vn -0.1671 -0.0452 -0.9849
vn -0.6202 0.2047 -0.7573
vn -0.0288 0.3532 -0.9351
vn -0.2219 0.1157 -0.9682
vn -0.6164 0.4534 -0.6438
vn -0.6296 0.7707 -0.0980
vn -0.3829 0.5328 -0.7547
vn -0.4057 0.4944 -0.7687
vn -0.6498 0.7479 -0.1352
vn -0.4272 0.8891 -0.1644
vn -0.0419 0.1899 -0.9809
vn 0.1466 0.8812 -0.4493
vn 0.0159 0.0136 -0.9998
vn 0.2025 0.6130 -0.7637
vn 0.0562 0.0576 -0.9968
vn 0.3946 0.5255 -0.7537
vn 0.0693 0.0272 -0.9972
vn 0.1926 0.0799 -0.9780
vn 0.5023 0.5872 -0.6347
vn 0.7723 0.6311 -0.0727
vn 0.5952 0.3233 -0.7356
vn 0.7009 0.7122 -0.0404
vn 0.9026 0.0081 -0.4305
vn 0.4623 0.8461 -0.2652
vn 0.1760 0.0866 0.9806
vn 0.7038 0.0803 0.7058
vn 0.8029 0.3274 0.4982
vn 0.5669 0.5463 0.6166
vn 0.8036 0.5787 -0.1389
vn 0.0885 0.1846 0.9788
vn 0.7626 0.6466 0.0168
vn 0.3961 0.6385 0.6598
vn 0.0640 0.2020 0.9773
vn 0.3234 0.8943 0.3092
vn 0.0840 0.2502 0.9645
vn -0.0942 0.6861 0.7214
vn -0.3010 0.9532 0.0289
vn -0.1832 0.2996 0.9363
vn -0.7084 0.7048 -0.0372
vn -0.1473 0.2238 0.9634
vn -0.5781 0.8141 -0.0547
vn -0.9386 0.2406 0.2472
vn -0.1625 0.2823 0.9455
vn -0.6558 0.1493 0.7400
vn -0.2113 0.0470 0.9763
vn -0.6971 -0.0298 0.7163
vn -0.2018 0.0469 0.9783
vn -0.6496 -0.2105 0.7305
vn -0.1562 0.0043 0.9877
vn -0.5634 -0.2991 0.7701
vn 0.0476 -0.3547 0.9337
vn -0.1092 -0.0267 0.9937
vn -0.6976 -0.7043 0.1317
vn -0.5026 -0.8388 0.2094
vn -0.0335 -0.0771 0.9965
vn -0.1106 -0.5941 0.7968
vn 0.0433 -0.2127 0.9762
vn 0.1992 -0.6263 0.7537
vn 0.0570 -0.0576 0.9967
vn 0.4112 -0.5147 0.7523
vn 0.0731 -0.0296 0.9969
vn 0.1275 -0.4422 0.8878
vn 0.6350 -0.7557 0.1606
vn 0.7232 -0.6906 -0.0086
vn 0.9185 0.1280 0.3742
vn 0.2640 0.0178 0.9644
vn 0.7917 0.6107 -0.0182
vn 0.7307 0.6814 -0.0423
vn 0.2850 0.9535 -0.0980
vn 0.2532 0.9549 -0.1553
vn -0.7657 0.6361 -0.0955
vn -0.9537 0.2990 0.0320
vn -0.7968 0.5999 -0.0725
vn -0.9599 -0.2790 0.0273
vn -0.6814 -0.7301 0.0517
vn -0.7150 -0.6852 0.1389
vn -0.4637 -0.8713 0.1605
vn -0.2851 -0.9555 0.0754
vn -0.0945 -0.9867 0.1320
vn 0.0697 -0.9711 0.2284
vn 0.5016 -0.8651 0.0016
vn 0.4365 -0.8965 0.0754
vn 0.9517 -0.0292 0.3057
vn 0.1495 -0.0732 -0.9860
vn 0.1662 -0.1099 -0.9800
vn -0.1554 -0.1023 -0.9825
vn -0.2119 0.0485 0.9761
vn 0.1543 0.0637 0.9860
vn 0.1970 0.1038 0.9749
vn 0.0521 -0.1383 -0.9890
vn -0.0063 -0.1004 -0.9949
vn 0.0659 -0.0759 -0.9949
vn -0.0129 -0.0904 -0.9958
vn 0.0330 0.0474 -0.9983
vn -0.1620 -0.1474 -0.9757
vn -0.1196 -0.1885 -0.9748
vn -0.0535 -0.2084 -0.9766
vn -0.0045 -0.2038 -0.9790
vn 0.0446 -0.2203 -0.9744
vn 0.1088 -0.1959 -0.9746
vn 0.1991 -0.1777 -0.9637
vn 0.1602 0.0164 0.9870
vn 0.1178 -0.0233 0.9928
vn 0.0526 -0.0420 0.9977
vn 0.0041 -0.0371 0.9993
vn 0.1453 0.1550 0.9772
vn 0.1018 0.1955 0.9754
vn 0.0409 0.2197 0.9747
vn -0.0454 -0.0547 0.9975
vn -0.1107 -0.0302 0.9934
vn -0.1569 0.0091 0.9876
vn 0.9963 -0.0849 -0.0116
vn 0.9066 -0.4218 0.0138
vn 0.9267 -0.3743 -0.0343
vn 0.7120 -0.7018 -0.0221
vn 0.7196 -0.6933 -0.0384
vn 0.3321 -0.9408 -0.0678
vn 0.4388 -0.8983 -0.0210
vn -0.0254 -0.9995 -0.0201
vn 0.0030 -0.9966 -0.0821
vn 0.0852 0.9718 0.2197
vn 0.2570 0.9619 0.0934
vn -0.0738 0.9964 0.0407
vn 0.9039 -0.4156 -0.1007
vn 0.5035 -0.8511 -0.1490
vn 0.0922 -0.9716 -0.2180
vn -0.0119 -0.9928 -0.1195
vn 0.9866 0.0432 -0.1570
vn 0.9256 0.3164 -0.2078
vn 0.9931 -0.1116 -0.0354
vn 0.8214 -0.5461 -0.1646
vn 0.9046 -0.4222 -0.0581
vn -0.0069 -0.9493 -0.3142
vn 0.4210 -0.8605 -0.2870
vn 0.3511 -0.9010 -0.2548
vn -0.0177 -0.9448 -0.3271
vn 0.6701 -0.7125 -0.2081
vn 0.2271 0.9211 0.3161
vn -0.0579 0.9381 0.3414
vn -0.2684 0.9229 0.2762
vn 0.8795 -0.4687 0.0820
vn 0.9053 0.4082 -0.1177
vn 0.9467 0.1122 0.3020
vn 0.9844 0.1625 0.0670
vn 0.9998 -0.0170 -0.0084
vn 0.2709 0.9624 0.0218
vn 0.0861 0.9694 0.2301
vn -0.2319 0.9301 -0.2847
vn 0.4268 -0.8636 -0.2685
vn -0.0036 -0.9645 -0.2640
vn 0.8677 -0.4868 -0.1003
vn 0.8667 0.4956 -0.0562
vn 0.8507 0.5231 0.0508
vn 0.2803 0.9598 0.0113
vn 0.2203 0.9584 -0.1818
vn -0.1333 0.9910 0.0103
vn 0.9370 -0.0652 0.3432
vn -0.7221 -0.6883 -0.0698
vn -0.6784 -0.7333 -0.0461
vn -0.9345 -0.3559 -0.0083
vn -0.4208 -0.9045 -0.0692
vn -0.4077 -0.9080 -0.0968
vn 0.0193 -0.9982 -0.0564
vn -0.9976 -0.0680 -0.0090
vn -0.9182 -0.3909 -0.0639
vn -0.9149 -0.3949 -0.0839
vn -0.4948 -0.8431 -0.2106
vn 0.0044 -0.9917 -0.1283
vn -0.0428 -0.9757 -0.2147
vn -0.9952 0.0411 -0.0889
vn -0.9701 0.2091 -0.1230
vn -0.9934 -0.1096 -0.0341
vn -0.8072 -0.5682 -0.1600
vn -0.8996 -0.4340 -0.0488
vn 0.0059 -0.9506 -0.3105
vn 0.0056 -0.9450 -0.3272
vn -0.3545 -0.9041 -0.2385
vn -0.4316 -0.8488 -0.3053
vn -0.6702 -0.7152 -0.1984
vn -0.8927 -0.4367 0.1111
vn -0.8830 0.4606 0.0904
vn -0.9204 0.3844 -0.0717
vn -0.9064 -0.4131 -0.0880
vn -0.8361 0.5333 0.1287
vn -0.0177 -0.9645 -0.2633
vn -0.4406 -0.8533 -0.2789
vn -0.8765 -0.4731 -0.0887
vn -0.9213 0.3850 0.0544
vn -0.8387 0.5437 -0.0309
vn -0.9373 -0.0445 0.3455
vn 0.0140 0.9945 0.1036
vn -0.6660 0.7452 0.0332
vn -0.4680 0.8672 0.1700
vn -0.2476 0.9445 -0.2158
vn -0.2377 0.9493 0.2058
vn -0.3216 0.9419 0.0967
vn -0.2899 0.9570 0.0126
vn -0.1145 0.9927 -0.0367
vn -0.3326 0.9385 0.0924
vn 0.0813 0.9965 0.0185
vn 0.1848 0.9613 0.2042
vn 0.5663 0.6072 0.5573
vn 0.3781 0.9257 0.0120
vn 0.9833 -0.0741 0.1664
vn 0.9502 -0.3009 0.0813
vn 0.9916 0.0670 0.1108
vn 0.8873 0.4267 0.1748
vn 0.8708 0.4906 -0.0304
vn -0.9989 -0.0025 0.0472
vn -0.9625 -0.2558 0.0903
vn -0.9853 -0.0601 -0.1599
vn -0.7681 0.6395 -0.0328
vn -0.8695 0.4928 0.0319
vn -0.8939 0.4174 0.1633
vn -0.7836 0.6212 0.0050
vn 0.7690 0.6327 0.0912
vn 0.7052 0.5385 -0.4611
vn 0.7922 0.6098 0.0232
vn 0.5331 -0.6327 -0.5616
vn 0.8981 -0.4232 -0.1196
vn 0.9140 0.3953 0.0911
vn 0.9826 0.1699 0.0755
vn 0.9725 -0.2214 0.0721
vn -0.9969 0.0570 0.0539
vn -0.9889 -0.1229 0.0833
vn 0.9927 -0.1126 -0.0431
vn 0.9854 -0.1081 0.1313
vn 0.9478 -0.0253 -0.3180
vn -0.9927 -0.0285 0.1171
vn -0.9613 0.0103 0.2753
vn -0.9535 -0.0604 -0.2953
vn 0.5335 -0.8189 0.2117
vn 0.2805 -0.5246 0.8038
vn -0.1629 -0.9851 0.0556
vn -0.1182 0.5585 0.8211
vn -0.0037 0.0171 0.9998
vn -0.0581 -0.1412 0.9883
vn 0.1372 0.3820 0.9139
vn 0.0937 0.4462 0.8900
vn 0.2931 0.4439 0.8468
vn 0.2217 0.8719 0.4366
vn 0.0205 0.4768 0.8788
vn 0.7369 0.3966 0.5474
vn 0.8362 -0.4138 0.3599
vn -0.2607 0.8355 0.4837
vn -0.7656 0.4806 0.4276
vn -0.8696 -0.3031 0.3898
vn 0.0993 -0.9941 -0.0429
vn -0.3742 -0.8939 0.2467
vn 0.5504 0.8250 0.1284
vn -0.0151 -0.0382 0.9992
vn 0.0671 -0.0730 0.9951
vn 0.0756 -0.0070 0.9971
vn -0.0554 -0.0710 0.9959
vn 0.0199 -0.2040 0.9788
vn 0.0022 -0.1025 0.9947
vn -0.0317 -0.2180 0.9754
vn 0.6232 -0.1225 0.7724
vn 0.3517 0.1031 0.9304
vn 0.5350 -0.1622 0.8291
vn 0.8875 -0.0702 0.4554
vn 0.5024 -0.0814 0.8608
vn 0.5699 -0.0637 0.8192
vn 0.5523 -0.1831 0.8133
vn 0.0182 0.0308 0.9994
vn 0.4154 -0.4429 0.7945
vn 0.5131 -0.4396 0.7372
vn 0.0018 -0.5294 0.8484
vn -0.0397 -0.0402 0.9984
vn -0.2273 -0.5302 0.8168
vn 0.0388 -0.2561 0.9659
vn -0.6833 -0.0995 0.7233
vn -0.3143 -0.0148 0.9492
vn -0.5324 -0.1571 0.8318
vn -0.7953 -0.0777 0.6012
vn -0.5452 -0.0790 0.8346
vn -0.5417 -0.0699 0.8376
vn -0.4828 -0.2446 0.8409
vn -0.5551 -0.4867 0.6746
vn -0.2351 0.4010 0.8854
vn 0.0030 0.4284 0.9036
vn 0.0366 -0.0575 -0.9977
vn 0.1110 0.3137 -0.9430
vn 0.0230 -0.0760 -0.9968
vn 0.8277 -0.5593 -0.0463
vn -0.0232 -0.9996 -0.0152
vn 0.2384 -0.9673 -0.0868
vn 0.8209 -0.5683 -0.0563
vn -0.8431 -0.5362 -0.0415
vn -0.2982 -0.9541 0.0295
vn 0.0232 -0.9996 -0.0168
vn -0.6107 -0.7914 0.0252
vn -0.0066 -0.5741 -0.8188
vn -0.0285 0.0158 -0.9995
vn -0.0254 0.0136 -0.9996
vn 0.5729 -0.0641 -0.8171
vn -0.0204 -0.0275 -0.9994
vn 0.6280 0.0304 -0.7776
vn -0.4321 -0.4201 -0.7980
vn 0.0025 0.0263 -0.9997
vn -0.0161 0.6425 -0.7661
vn 0.0353 0.0188 -0.9992
vn -0.0682 0.6088 -0.7903
vn -0.0102 -0.0132 -0.9999
vn -0.1211 -0.0230 -0.9924
vn -0.2896 -0.0096 -0.9571
vn -0.1640 0.9106 0.3793
vn -0.1377 -0.0085 -0.9904
vn -0.7418 0.6666 0.0727
vn -0.1001 0.9950 -0.0000
vn -0.2436 0.9693 -0.0333
vn -0.8116 0.5773 -0.0897
vn 0.2436 0.9693 0.0333
vn 0.8665 0.4981 0.0331
vn 0.7418 0.6666 -0.0727
vn 0.1001 0.9950 -0.0000
vn 0.7866 -0.6092 0.1007
vn 0.9611 -0.2728 -0.0437
vn 0.3866 -0.9214 -0.0397
vn -0.3866 -0.9214 0.0398
vn -0.7370 -0.6603 -0.1442
vn -0.9894 -0.1413 -0.0327
vn 0.0395 0.0912 -0.9951
vn 0.1809 -0.1119 -0.9771
vn 0.1655 -0.1024 -0.9809
vn -0.0899 0.0597 -0.9942
vn 0.0142 0.0673 -0.9976
vn -0.0266 -0.2670 -0.9633
vn -0.1225 0.1013 -0.9873
vn -0.3670 -0.2108 -0.9060
vn 0.0703 0.0257 -0.9972
vn -0.7791 0.2967 -0.5522
vn -0.1938 0.0948 -0.9765
vn 0.0685 0.9373 -0.3418
vn 0.1176 0.1774 -0.9771
vn 0.4476 0.8929 -0.0491
vn 0.4102 0.4139 -0.8127
vn 0.5095 0.6489 -0.5651
vn 0.3802 0.1773 -0.9078
vn 0.3159 0.1380 0.9387
vn 0.7893 0.4651 0.4009
vn 0.3616 0.7092 0.6052
vn 0.4053 0.9033 -0.1409
vn -0.1099 0.9266 0.3596
vn -0.3339 0.7430 0.5801
vn -0.6066 0.4957 0.6216
vn -0.8559 0.0605 -0.5135
vn -0.9861 -0.1414 0.0876
vn -0.7351 -0.1833 0.6528
vn -0.8448 -0.3996 0.3557
vn -0.8272 -0.3740 0.4193
vn -0.3214 -0.9329 0.1623
vn 0.3544 -0.0302 0.9346
vn 0.3006 -0.3759 0.8765
vn 0.8724 -0.4840 0.0681
vn 0.5769 -0.1429 0.8042
vn 0.9846 -0.1443 0.0986
vn 0.8844 0.4667 -0.0022
vn 0.5901 0.8058 0.0502
vn 0.9822 0.1752 0.0684
vn 0.1269 0.9804 -0.1508
vn -0.1236 0.9906 0.0586
vn -0.6757 0.7360 -0.0415
vn -0.5468 0.8365 0.0361
vn -0.9910 0.1276 -0.0406
vn -0.9527 0.3004 0.0459
vn -0.9292 -0.3692 0.0148
vn -0.9515 -0.2858 0.1140
vn -0.4486 -0.8937 -0.0082
vn -0.5946 -0.8031 0.0373
vn -0.0518 -0.9987 -0.0000
vn -0.1285 -0.9853 0.1122
vn 0.1258 -0.9919 -0.0172
vn 0.5713 -0.8207 -0.0111
vn 0.4274 -0.9017 0.0656
vn 0.0481 -0.9944 0.0941
vn 0.9637 -0.2555 -0.0770
vn 0.9219 -0.3697 0.1160
vn 0.1150 -0.0177 -0.9932
vn 0.1076 0.0198 -0.9940
vn -0.1028 0.0148 -0.9946
vn -0.1207 -0.0155 -0.9926
vn -0.0104 0.0021 0.9999
vn 0.1180 0.0281 0.9926
vn 0.0025 -0.0002 1.0000
vn -0.0913 0.0822 -0.9924
vn 0.0024 0.0025 -1.0000
vn 0.0012 -0.0013 -1.0000
vn -0.0287 0.0768 -0.9966
vn -0.1329 -0.0789 -0.9880
vn -0.0943 -0.0726 -0.9929
vn -0.0354 -0.1323 -0.9906
vn -0.0268 -0.1426 -0.9894
vn 0.0402 -0.1006 -0.9941
vn -0.0506 0.1026 -0.9934
vn 0.0195 -0.1211 -0.9924
vn 0.1581 -0.1177 -0.9804
vn 0.1330 -0.0872 -0.9873
vn -0.0705 0.0828 0.9941
vn -0.0006 0.0085 1.0000
vn 0.0504 -0.1078 0.9929
vn 0.0057 -0.1251 0.9921
vn -0.0520 0.0813 0.9953
vn -0.0090 -0.0044 0.9999
vn 0.0040 0.0080 1.0000
vn 0.0221 -0.0485 0.9986
vn -0.0196 -0.1215 0.9924
vn 0.0036 0.0029 1.0000
vn -0.0857 -0.1156 -0.9896
vn -0.9498 0.0741 -0.3039
vn -0.6845 0.1342 -0.7166
vn 0.0687 0.0009 -0.9976
vn 0.7827 0.3847 -0.4893
vn 0.2329 -0.2243 -0.9463
vn 0.2761 0.0068 -0.9611
vn 0.8725 0.0133 -0.4883
vn 0.0132 -0.1764 0.9842
vn -0.9996 -0.0282 -0.0030
vn -0.9479 0.0111 -0.3184
vn 0.3130 -0.1065 0.9438
vn -0.1594 0.3322 0.9296
vn 0.9431 0.0101 -0.3323
vn 0.9995 -0.0300 -0.0006
vn 0.3564 -0.4458 -0.8211
vn 0.3938 -0.5616 -0.7277
vn 0.4939 -0.8371 -0.2352
vn -0.6864 -0.2037 -0.6981
vn -0.9043 -0.4211 -0.0710
vn -0.3646 -0.5681 -0.7378
vn -0.9521 0.0441 -0.3027
vn -0.9967 -0.0809 0.0101
vn 0.6333 0.2653 -0.7271
vn -0.5563 0.2874 -0.7797
vn -0.4095 -0.8712 0.2708
vn 0.8448 -0.5120 -0.1553
vn 0.9185 0.3702 0.1391
vn 0.2765 0.6247 -0.7303
vn 0.5652 0.8149 0.1286
vn 0.9394 0.1795 0.2921
vn 0.9324 0.1252 0.3389
vn 1.0000 -0.0040 -0.0020
vn -0.9372 0.1353 0.3215
vn -0.9396 0.3333 0.0780
vn -1.0000 -0.0014 -0.0017
vn 0.0167 -0.9125 -0.4088
vn -0.0170 -0.9142 -0.4049
vn 0.8938 -0.4479 -0.0238
vn 0.8965 0.4353 -0.0822
vn -0.9065 0.4144 -0.0803
vn -0.8867 -0.4616 -0.0251
vn 0.9184 0.1677 0.3584
vn 0.9480 -0.0076 0.3183
vn 0.9024 0.1593 -0.4005
vn 0.0707 0.0368 -0.9968
vn 0.0166 0.0361 -0.9992
vn 0.0003 0.0406 -0.9992
vn -0.0000 0.0406 -0.9992
vn -0.1425 0.0722 -0.9872
vn -0.1430 0.0633 -0.9877
vn 0.1913 0.1333 -0.9724
vn 0.0045 0.0214 -0.9998
vn -0.1875 0.0317 -0.9817
vn -0.1721 -0.4339 -0.8844
vn 0.4072 0.5048 -0.7612
vn -0.0470 -0.1007 -0.9938
vn 0.6285 0.7489 -0.2102
vn -0.3580 0.6694 -0.6510
vn -0.7223 0.3457 -0.5990
vn -0.4481 0.7732 -0.4487
vn -0.7169 0.6955 -0.0477
vn 0.9645 0.2633 -0.0226
vn 0.9996 -0.0169 -0.0228
vn 0.0011 0.9987 -0.0502
vn 0.1045 0.9925 -0.0635
vn -0.9997 -0.0172 -0.0147
vn -0.9663 0.0256 0.2561
vn 0.3534 0.8564 -0.3764
vn 0.9317 0.2654 -0.2481
vn -0.9918 0.0770 -0.1016
vn 0.2207 0.9008 -0.3739
vn -0.8622 -0.0151 0.5064
vn -0.9998 -0.0149 0.0090
vn -0.9142 0.3797 0.1415
vn 0.5747 -0.7995 0.1746
vn -0.5939 0.5200 0.6139
vn -0.1458 -0.3341 0.9312
vn 0.9615 -0.2729 0.0334
vn 0.9240 -0.3567 0.1379
vn -0.9976 -0.0190 0.0662
vn -0.9927 -0.0289 0.1172
vn -0.0397 -0.9049 -0.4237
vn 0.9833 -0.1722 0.0587
vn 0.9998 0.0154 0.0128
vn -0.3858 0.8461 0.3678
vn -0.9540 0.2940 0.0593
vn 0.2561 0.6210 0.7408
vn 0.2466 0.5475 0.7997
vn 0.1365 0.6409 0.7554
vn 0.1306 0.5400 0.8315
vn -0.2174 -0.9099 0.3532
vn -0.9943 -0.0399 -0.0986
vn -0.9858 -0.0496 -0.1604
vn -0.9961 -0.0343 -0.0810
vn 0.2170 -0.8653 0.4518
vn -0.0070 -0.7405 0.6720
vn 0.9657 0.0930 -0.2425
vn 0.9469 0.0795 0.3114
vn -0.0246 -0.9277 -0.3725
vn -0.0009 -0.9117 -0.4109
vn -0.9513 0.0882 0.2953
vn 0.9547 0.1473 0.2585
vn -0.9371 0.2354 0.2577
vn 0.0015 -0.9892 -0.1468
vn -0.0016 -0.9917 -0.1287
vn -0.0052 -0.9998 -0.0214
vn 0.0113 -0.9996 -0.0255
vn -0.9842 -0.0201 0.1757
vn -0.8491 -0.1096 0.5167
vn -0.9745 0.0086 -0.2240
vn -0.9896 0.0130 -0.1433
vn 0.9832 -0.0194 -0.1813
vn 0.9848 -0.1159 -0.1295
vn 0.9704 0.2262 0.0847
vn 0.9616 0.0869 -0.2604
vn 0.9861 0.1463 0.0785
vn 0.9130 -0.1996 -0.3557
vn 0.9903 -0.1092 0.0857
vn 0.1076 -0.0206 0.9940
vn -0.1400 -0.0640 0.9881
vn -0.1034 -0.1441 0.9841
vn 0.1565 -0.0564 0.9861
vn 0.1823 -0.2919 -0.9389
vn -0.2131 -0.3398 -0.9160
vn -0.1055 0.0152 -0.9943
vn 0.1117 0.0044 -0.9937
vn -0.9883 0.1359 0.0693
vn -0.9906 0.0899 0.1028
vn -0.0318 0.2217 -0.9746
vn 0.0662 0.2087 -0.9757
vn 0.9886 0.1439 -0.0436
vn 0.9950 0.0644 0.0760
vn 0.0152 0.1259 0.9919
vn -0.0637 0.1085 0.9920
vn 0.9949 0.0471 0.0886
vn -0.9913 0.1219 -0.0491
vn -0.9940 0.0668 0.0872
vn 0.2192 0.6450 -0.7321
vn -0.3104 0.5508 -0.7748
vn -0.0508 0.9276 -0.3701
vn 0.1047 0.9100 -0.4013
vn 0.9874 0.1346 0.0835
vn 0.9855 0.1166 -0.1233
vn -0.1117 -0.4750 0.8728
vn -0.0225 -0.3563 0.9341
vn 0.0207 -0.7184 0.6953
vn -0.1656 -0.7067 0.6878
vn -0.9839 0.1353 -0.1164
vn -0.9921 0.1033 0.0705
vn -0.1343 -0.9402 0.3130
vn -0.0493 0.9974 0.0529
vn 0.1060 0.9940 0.0266
vn 0.9958 0.0715 0.0574
vn 0.9898 0.0174 0.1416
vn 0.0481 -0.9682 0.2454
vn -0.9809 -0.1695 -0.0950
vn -0.9946 0.0870 0.0557
vn 0.9859 0.1663 -0.0162
vn -0.1272 -0.9917 0.0179
vn -0.9967 -0.0578 0.0568
vn -0.9854 0.0213 0.1687
vn -0.9970 -0.0613 0.0468
vn -0.1096 0.8940 0.4344
vn 0.1162 0.9071 0.4046
vn 0.9988 -0.0288 0.0387
vn 0.0305 -0.9990 0.0328
vn -0.0641 -0.9978 0.0158
vn -0.9921 0.0083 0.1250
vn -0.0534 0.6567 0.7523
vn 0.0977 0.6442 0.7586
vn 0.9926 -0.1200 0.0176
vn -0.9962 -0.0848 0.0220
vn -0.2005 0.5615 0.8028
vn 0.2813 0.4668 0.8384
vn 0.9927 -0.1155 -0.0359
vn -0.9923 -0.1151 -0.0449
vn 0.2993 0.1812 0.9368
vn -0.4041 0.2845 0.8693
vn -0.0451 -0.2641 0.9634
vn 0.1140 -0.2260 0.9674
vn -0.9908 -0.1096 -0.0797
vn 0.9915 -0.0687 -0.1109
vn -0.1572 0.0729 -0.9849
vn 0.1675 0.0253 -0.9856
vn 0.0348 0.0331 -0.9988
vn -0.1422 0.0998 -0.9848
vn -0.9891 -0.1106 0.0975
vn -0.0295 -0.3989 0.9165
vn 0.0656 -0.3864 0.9200
vn 0.9869 -0.1575 0.0364
vn -0.9908 -0.0937 -0.0972
vn 0.9906 -0.0264 -0.1341
vn -0.9909 -0.0626 -0.1189
vn -0.9859 -0.1488 0.0761
vn 0.2019 -0.7277 0.6555
vn -0.2598 -0.6718 0.6937
vn -0.0515 -0.9891 0.1379
vn 0.0981 -0.9802 0.1720
vn 0.1898 0.3848 -0.9033
vn -0.1803 0.3853 -0.9050
vn -0.1935 0.3265 0.9252
vn 0.1751 0.3329 0.9266
vn -0.2563 -0.5283 -0.8094
vn 0.3221 -0.4679 -0.8230
vn 0.0127 -0.8235 -0.5671
vn -0.0983 -0.8041 -0.5863
vn 0.0838 -0.9415 -0.3266
vn -0.1611 -0.8724 -0.4614
vn -0.0781 -0.9577 -0.2768
vn 0.1150 -0.9602 -0.2544
vn 0.9995 -0.0262 0.0177
vn 0.9959 0.0704 -0.0574
vn -0.9923 0.0753 -0.0984
vn -0.9978 -0.0669 0.0028
vn 0.9878 0.1479 -0.0483
vn -0.9889 0.0794 -0.1259
vn -0.9933 0.0811 -0.0829
vn 0.9936 0.0967 -0.0587
vn 0.8875 0.4589 0.0406
vn -0.8452 -0.5220 -0.1151
vn -0.9485 0.0219 -0.3160
vn 0.0135 -0.0076 -0.9999
vn -0.0166 0.1128 -0.9935
vn -0.2980 0.5089 -0.8076
vn 0.2305 0.4542 -0.8606
vn -0.1640 -0.1099 -0.9803
vn -0.0011 0.9992 0.0403
vn -0.0000 0.9992 0.0404
vn -0.0550 0.9972 0.0508
vn -0.0561 0.9973 0.0471
vn 0.0005 0.9901 0.1401
vn 0.0002 0.9860 0.1668
vn 0.0007 0.9598 0.2807
vn -0.2176 0.9635 0.1559
vn 0.2027 0.9099 -0.3619
vn 0.0336 0.9488 0.3140
vn 0.0540 0.9327 0.3566
vn 0.0702 0.9645 0.2544
vn 0.0514 0.9553 0.2911
vn 0.0173 0.9771 -0.2120
vn 0.0088 0.9331 -0.3595
vn -0.0071 0.9604 0.2784
vn -0.0000 0.0143 0.9999
vn -0.0000 0.9999 -0.0143
vn -0.0000 -0.0143 -0.9999
vn -0.0000 -0.9999 0.0143
vn 0.9886 0.0252 -0.1481
vn 0.9921 0.0233 0.1233
vn 0.9887 -0.0057 0.1499
vn 0.9923 -0.1222 -0.0203
vn -0.9877 0.1380 0.0736
vn -0.9892 0.0186 -0.1456
vn -0.9835 0.0080 -0.1808
vn -0.9969 -0.0684 -0.0378
vn 0.0600 -0.9981 0.0170
vn 0.0505 -0.9986 0.0142
vn -0.0287 -0.9995 0.0108
vn -0.0155 -0.9996 0.0216
vn 0.0610 0.0613 -0.9963
vn 0.2353 -0.0139 -0.9718
vn 0.2578 0.0086 -0.9662
vn 0.0860 0.0859 -0.9926
vn 0.0599 0.9981 -0.0170
vn 0.0505 0.9986 -0.0142
vn -0.0287 0.9995 -0.0108
vn -0.0156 0.9996 -0.0215
vn 0.1917 0.0912 0.9772
vn 0.1500 0.0391 0.9879
vn 0.3347 0.1118 0.9357
vn -0.0600 -0.9981 0.0115
vn -0.0505 -0.9986 0.0142
vn 0.0287 -0.9994 0.0178
vn 0.0156 -0.9999 0.0070
vn -0.0610 0.0897 0.9941
vn -0.2353 0.0139 0.9718
vn -0.2578 0.0361 0.9655
vn -0.0860 0.1141 0.9897
vn -0.0600 0.9981 -0.0115
vn -0.0505 0.9986 -0.0142
vn 0.0287 0.9994 -0.0177
vn 0.0155 0.9999 -0.0070
vn 0.0439 -0.0319 -0.9985
vn -0.0674 -0.0216 -0.9975
vn -0.0273 -0.0406 -0.9988
vn -0.0190 0.9872 -0.1581
vn -0.0034 0.9997 -0.0223
vn -0.0000 0.9998 -0.0218
vn 0.0606 0.9147 -0.3996
vn 0.0029 0.9371 -0.3490
vn -0.0170 0.8936 -0.4486
vn 0.0328 -0.9552 0.2942
vn -0.0045 -0.8907 0.4546
vn -0.1497 0.8394 -0.5226
vn -0.0000 0.9899 0.1417
vn -0.0714 -0.6643 0.7440
vn -0.1004 -0.7583 0.6441
vn 0.1448 -0.3383 0.9298
vn 0.0922 -0.7561 0.6479
vn 0.0660 -0.6587 0.7495
vn -0.1448 -0.3383 0.9298
vn 0.1363 0.8302 -0.5406
vn 0.0190 0.8107 -0.5851
vn 0.9910 0.1123 0.0732
vn 0.9885 0.1289 0.0792
vn 0.9738 0.1244 0.1903
vn 0.9582 0.0876 0.2722
vn 0.9963 0.0692 0.0516
vn 0.9972 0.0544 0.0517
vn -0.9790 0.0742 0.1899
vn -0.9792 0.0622 0.1931
vn -0.9875 0.0664 0.1430
vn -0.9900 0.0661 0.1245
vn -0.9995 -0.0200 0.0255
vn -0.9983 0.0231 0.0539
vn -0.9995 -0.0114 0.0289
vn 1.0000 -0.0022 0.0057
vn 0.7064 -0.7077 0.0064
vn 0.1007 -0.9949 -0.0000
vn 0.3643 -0.9313 -0.0059
vn 0.9591 -0.2826 -0.0128
vn -0.1740 -0.9847 -0.0002
vn -0.7109 -0.7033 0.0014
vn -0.7187 -0.6953 -0.0046
vn -0.9626 0.2708 0.0069
vn -0.8688 0.4950 -0.0122
vn -0.0571 0.9983 0.0109
vn 0.3823 0.9239 -0.0154
vn 0.9311 0.3646 0.0120
vn 0.6236 -0.7816 0.0134
vn 0.9786 0.2003 0.0476
vn 0.9866 0.1628 -0.0092
vn 0.8127 -0.5826 -0.0115
vn 0.4138 -0.9096 0.0380
vn 0.0666 -0.9976 0.0184
vn -0.6628 -0.7487 0.0077
vn -0.1733 -0.9849 -0.0037
vn -0.2741 -0.9587 0.0762
vn -0.7222 -0.6888 0.0629
vn -0.9656 0.2599 0.0086
vn -0.9984 0.0477 0.0299
vn -0.7673 0.6371 -0.0731
vn -0.0310 0.8589 0.5112
vn -0.2678 0.9452 0.1869
vn 0.0220 0.9973 0.0695
vn 0.1035 0.9256 0.3641
vn 0.4118 0.9105 -0.0370
vn 0.7880 0.6112 0.0735
vn 0.7865 0.6148 0.0586
vn 0.7472 -0.1277 -0.6522
vn 0.5091 -0.5547 -0.6581
vn 0.5305 -0.6787 -0.5078
vn -0.5276 -0.6682 -0.5246
vn -0.5266 -0.5084 -0.6813
vn -0.6938 -0.1694 -0.7000
vn -0.7356 0.3235 -0.5952
vn -0.5616 0.6361 -0.5291
vn -0.0518 0.9974 -0.0510
vn 0.0856 0.7604 -0.6438
vn 0.3890 0.6604 -0.6423
vn 0.5043 0.5812 -0.6387
vn 0.6795 0.3403 -0.6500
vn 0.4826 -0.5251 -0.7010
vn 0.6960 -0.2066 -0.6876
vn 0.4925 -0.2782 -0.8247
vn 0.2331 -0.4716 -0.8504
vn 0.2221 -0.2801 -0.9339
vn 0.0401 -0.5241 -0.8507
vn -0.3223 -0.5594 -0.7637
vn -0.0784 -0.5004 -0.8623
vn -0.2624 -0.4450 -0.8562
vn -0.4793 -0.5132 -0.7120
vn -0.4996 -0.2295 -0.8353
vn -0.7044 -0.1380 -0.6962
vn -0.5455 0.1163 -0.8300
vn -0.7005 0.2703 -0.6605
vn -0.5325 0.4895 -0.6905
vn -0.3793 0.3950 -0.8367
vn -0.2419 0.6845 -0.6876
vn -0.0843 0.5487 -0.8317
vn 0.1173 0.6813 -0.7225
vn 0.1870 0.4854 -0.8541
vn 0.5078 0.4848 -0.7121
vn 0.4143 0.3409 -0.8439
vn 0.6961 0.1542 -0.7012
vn 0.5425 0.0747 -0.8367
vn 0.5867 -0.7892 0.1815
vn 0.9713 0.1430 0.1903
vn 0.7883 -0.5104 -0.3437
vn 0.5065 -0.8205 0.2651
vn -0.7883 -0.5104 0.3437
vn -0.5064 -0.8205 -0.2651
vn -0.5867 -0.7892 -0.1815
vn -0.9713 0.1430 -0.1903
vn -0.5221 0.8504 0.0647
vn -0.5876 0.8055 0.0764
vn 0.5221 0.8504 -0.0647
vn 0.5876 0.8055 -0.0764
vn 0.2761 -0.4284 0.8603
vn 0.4880 -0.2436 0.8382
vn 0.0770 -0.5115 0.8558
vn -0.2373 -0.4568 0.8574
vn -0.0345 -0.5133 0.8575
vn -0.4823 -0.2889 0.8270
vn -0.5139 0.0899 0.8531
vn -0.3774 0.2930 0.8785
vn -0.2072 0.4970 0.8426
vn 0.1057 0.5614 0.8207
vn 0.3405 0.3243 0.8825
vn 0.4802 0.1393 0.8661
vn 0.6940 -0.7192 0.0330
vn 0.9955 0.0946 -0.0040
vn 0.0909 -0.9959 -0.0044
vn -0.8673 -0.4963 -0.0379
vn -0.2981 -0.9545 -0.0000
vn -0.9722 0.2328 -0.0248
vn 0.1120 0.9512 0.2876
vn 0.4106 0.8886 0.2045
vn 0.2467 0.9691 0.0055
vn 0.7357 0.6774 -0.0000
vn 0.1513 0.0545 -0.9870
vn -0.1150 -0.0000 -0.9934
vn -0.1166 -0.0185 -0.9930
vn -0.0532 -0.0334 -0.9980
vn 0.2411 0.0576 -0.9688
vn -0.2002 0.8809 0.4289
vn -0.2158 0.9738 0.0715
vn 0.9733 -0.2243 0.0495
vn 0.8292 -0.5590 -0.0000
vn 0.9885 0.1515 0.0049
vn 0.9827 0.1526 0.1046
vn -0.9249 -0.3800 -0.0141
vn -0.9997 -0.0188 -0.0169
vn -0.9998 0.0046 -0.0200
vn 0.9687 -0.2287 0.0967
vn 0.2304 -0.0488 -0.9719
vn 0.1698 -0.1748 -0.9699
vn -0.9673 -0.1431 -0.2094
vn -0.8950 -0.4347 0.1001
vn -0.9346 -0.3538 -0.0353
vn -0.9284 -0.3706 -0.0275
vn -0.9997 -0.0025 0.0245
vn -0.9997 -0.0000 0.0245
vn -0.1973 0.9803 -0.0106
vn -0.0232 0.9995 -0.0227
vn -0.2373 0.9714 -0.0000
vn 0.2366 0.9716 0.0004
vn 0.9998 0.0100 0.0151
vn 0.9999 0.0002 0.0155
vn -0.7074 0.5037 -0.4959
vn -0.7210 0.6662 0.1905
vn -0.7516 0.6595 -0.0048
vn -0.7210 0.5552 -0.4147
vn -0.5994 -0.6822 -0.4188
vn -0.5977 -0.4059 -0.6914
vn -0.5190 -0.4102 -0.7499
vn -0.5141 -0.7334 -0.4447
vn -0.6122 0.1217 -0.7813
vn -0.5274 0.0203 -0.8494
vn -0.5547 0.4122 -0.7228
vn -0.5979 0.6620 0.4521
vn -0.5735 0.2352 0.7847
vn -0.5830 0.4189 0.6962
vn -0.5669 -0.0421 0.8227
vn -0.5819 -0.2724 0.7663
vn -0.5493 -0.4141 0.7258
vn -0.5952 -0.7006 0.3936
vn -0.5183 -0.7479 0.4149
vn -0.5925 -0.8056 -0.0071
vn -0.5135 -0.8579 -0.0169
vn -0.0609 -0.9569 -0.2838
vn -0.2176 -0.6382 -0.7385
vn 0.0917 -0.6062 -0.7900
vn -0.0574 -0.8538 -0.5175
vn -0.1928 -0.3815 -0.9041
vn -0.0333 0.0498 -0.9982
vn -0.0100 -0.0301 -0.9995
vn -0.2177 0.4224 -0.8799
vn 0.1384 0.4186 -0.8976
vn -0.2206 0.6326 -0.7424
vn -0.0538 0.9750 -0.2155
vn -0.0011 0.8431 -0.5377
vn -0.0572 0.9982 0.0201
vn -0.0347 0.8864 0.4616
vn -0.0595 0.8800 0.4713
vn -0.2177 0.5508 0.8057
vn 0.1383 0.5680 0.8113
vn -0.1928 0.3815 0.9040
vn -0.0333 -0.0498 0.9982
vn -0.0100 0.0301 0.9995
vn -0.2177 -0.4224 0.8799
vn 0.1383 -0.4186 0.8976
vn -0.1928 -0.5922 0.7824
vn -0.0521 -0.9058 0.4205
vn -0.0101 -0.8499 0.5268
vn -0.0295 -0.9992 0.0264
vn 0.2154 -0.5030 -0.8370
vn 0.2154 0.4734 -0.8541
vn 0.2154 0.5030 0.8370
vn 0.2154 -0.4734 0.8541
vn 0.9000 -0.1437 -0.4114
vn 0.5634 -0.0720 -0.8231
vn 0.8912 0.1403 -0.4314
vn 0.9000 0.4114 -0.1437
vn 0.5633 0.8231 -0.0720
vn 0.9026 0.3926 0.1763
vn 0.4703 0.4897 0.7342
vn 0.8989 0.0356 0.4367
vn 0.4703 -0.3910 0.7912
vn 0.8989 -0.3604 0.2492
vn 0.4702 -0.8807 0.0569
vn 0.8895 -0.4309 -0.1519
vn 0.9986 0.0457 -0.0252
vn -0.1454 -0.2820 -0.9483
vn -0.1658 -0.0655 -0.9840
vn -0.2268 -0.1092 -0.9678
vn -0.2547 -0.0272 -0.9667
vn -0.2509 0.0731 -0.9652
vn -0.1643 0.2922 -0.9422
vn -0.0101 0.0309 0.9995
vn -0.0450 0.0760 0.9961
vn -0.0234 -0.0069 0.9997
vn 0.0264 0.2640 0.9642
vn 0.0276 -0.1047 0.9941
vn 1.0000 0.0020 0.0096
vn 0.9644 0.2418 -0.1074
vn 0.3870 0.9220 -0.0133
vn 0.5127 0.8583 -0.0223
vn 0.9997 0.0246 0.0031
vn 0.9953 0.0944 0.0200
vn 0.0935 0.9947 -0.0421
vn 0.2520 0.9409 -0.2263
vn 0.6146 0.7884 -0.0260
vn 0.3028 0.9230 0.2374
vn 0.1517 0.2417 -0.9584
vn 0.3356 0.1489 -0.9302
vn -0.1385 0.0290 -0.9899
vn -0.1246 -0.9464 0.2979
vn -0.5047 -0.8627 0.0322
vn 0.5373 -0.5929 0.5998
vn 0.1197 0.9820 -0.1463
vn -0.0270 0.9718 0.2344
vn -0.0291 0.9171 -0.3977
vn 0.1550 0.9481 -0.2776
vn 0.0508 0.8828 0.4670
vn 0.1746 -0.0370 0.9839
vn -0.0964 0.1429 0.9850
vn 0.3850 0.1576 0.9094
vn -0.4587 -0.0625 -0.8864
vn 0.2094 -0.9398 -0.2702
vn 0.0121 -0.9858 -0.1676
vn -0.3656 0.5662 -0.7387
vn -0.3478 -0.2713 0.8974
vn 0.3131 0.6868 0.6560
vn -0.2745 0.5567 0.7841
vn -0.7299 -0.6762 -0.1004
vn -0.6595 -0.2073 -0.7226
vn -0.7936 -0.4077 -0.4517
vn -0.7403 -0.6274 -0.2416
vn -0.7863 0.1027 -0.6092
vn -0.4077 0.6008 -0.6876
vn -0.7104 -0.5618 0.4239
vn -0.7426 -0.6137 0.2682
vn -0.6846 0.6740 -0.2777
vn -0.7084 -0.0383 0.7047
vn -0.7425 -0.1975 0.6400
vn -0.4837 0.8727 0.0668
vn -0.6890 0.5252 0.4994
vn -0.7390 0.4816 0.4712
vn 0.0476 -0.9124 -0.4065
vn 0.2374 -0.7650 -0.5987
vn -0.1194 -0.9656 -0.2310
vn 0.0120 -0.9988 0.0485
vn -0.0445 -0.2500 -0.9672
vn 0.0023 -0.1397 -0.9902
vn -0.0633 0.1381 -0.9884
vn 0.2372 0.0465 -0.9703
vn -0.0194 -0.9456 0.3249
vn -0.0461 0.9617 -0.2701
vn -0.1074 0.9878 -0.1126
vn 0.3881 0.6314 -0.6714
vn -0.0445 -0.6454 0.7625
vn -0.0005 0.9983 0.0577
vn 0.0987 0.0475 0.9940
vn 0.2371 -0.0466 0.9704
vn -0.0713 -0.1330 0.9886
vn -0.0445 0.2500 0.9672
vn 0.0128 0.9661 0.2578
vn -0.1723 0.5164 0.8389
vn -0.6764 -0.7353 0.0420
vn -0.6941 -0.5194 -0.4985
vn -0.7955 -0.3860 -0.4670
vn -0.7336 -0.6745 0.0830
vn -0.6563 0.1389 -0.7416
vn -0.7814 0.0632 -0.6208
vn -0.6694 -0.4255 0.6089
vn -0.5165 0.6257 -0.5847
vn -0.7394 0.6106 -0.2836
vn -0.7725 -0.2541 0.5820
vn -0.5988 0.7797 0.1829
vn -0.6924 0.2932 0.6593
vn -0.8039 0.3957 0.4441
vn 0.0733 -0.9281 -0.3650
vn 0.2197 -0.8826 -0.4157
vn -0.2681 -0.9165 -0.2968
vn 0.0162 -0.9993 0.0337
vn -0.0799 -0.3053 -0.9489
vn -0.0662 -0.1186 -0.9907
vn 0.0254 -0.2529 -0.9671
vn 0.4068 -0.4234 -0.8095
vn -0.0197 0.7487 -0.6627
vn -0.2805 -0.8788 0.3860
vn -0.0374 0.6430 -0.7649
vn 0.0380 0.9584 -0.2828
vn -0.0029 0.9995 -0.0303
vn -0.0209 -0.6363 0.7711
vn 0.3949 -0.7633 0.5113
vn 0.1115 0.0721 0.9911
vn -0.0099 -0.2352 0.9719
vn -0.0684 -0.0517 0.9963
vn -0.0066 0.2530 0.9674
vn 0.0126 0.9711 0.2384
vn 0.0591 0.9982 0.0139
vn 0.9422 0.3339 -0.0272
vn 0.9964 0.0803 0.0283
vn 0.9837 0.1775 0.0287
vn 0.9545 0.2980 0.0113
vn -0.9999 -0.0008 -0.0106
vn -0.9356 -0.3529 -0.0107
vn -0.9122 -0.0499 0.4068
vn -0.9999 0.0005 -0.0106
vn -0.9999 0.0005 -0.0107
vn -0.1031 0.0314 -0.9942
vn -0.0795 -0.3292 0.9409
vn -0.9464 -0.2320 -0.2247
vn -0.4252 0.6934 0.5818
vn -0.8906 0.4423 0.1057
vn -0.0483 -0.9575 -0.2844
vn -0.7333 0.6742 -0.0880
vn -0.4140 0.7086 0.5713
vn -0.3186 0.9444 -0.0805
vn -0.6123 0.7906 -0.0075
vn -0.6122 -0.7907 -0.0065
vn -0.0240 0.5630 -0.8261
vn -0.0610 0.7940 -0.6048
vn -0.3742 0.8778 -0.2991
vn 0.0237 0.9995 0.0194
vn -0.0059 -1.0000 -0.0019
vn -0.0065 -1.0000 0.0073
vn -0.0016 -0.9999 0.0155
vn -0.0089 -0.9949 -0.1006
vn -0.0325 -0.9405 -0.3383
vn -0.0507 0.9981 0.0359
vn -0.9791 0.0800 0.1869
vn -0.9950 -0.0386 -0.0916
vn -0.9817 -0.1900 -0.0153
vn -0.9985 0.0089 -0.0542
vn -0.9837 0.0589 0.1697
vn -0.4806 -0.3675 -0.7962
vn 0.1543 -0.1648 -0.9742
vn 0.5420 -0.3676 -0.7557
vn 0.6122 -0.1880 -0.7680
vn 0.0472 -0.9252 -0.3765
vn -0.1744 -0.8412 -0.5118
vn -0.1902 -0.9815 0.0243
vn 0.0456 -0.9944 -0.0958
vn 0.9853 -0.0406 -0.1662
vn -0.9858 -0.0436 -0.1622
vn -0.9856 0.0267 0.1667
vn 0.6377 -0.5224 -0.5660
vn 0.9876 0.1486 -0.0514
vn 0.9875 0.1553 0.0259
vn -0.1539 0.0104 0.9880
vn 0.1577 0.0651 0.9853
vn 0.0306 0.1413 0.9895
vn -0.1217 0.0947 0.9880
vn -0.9863 -0.1627 -0.0256
vn -0.9908 0.1048 -0.0858
vn -0.7524 -0.3231 -0.5740
vn 0.7629 0.1215 -0.6350
vn 0.5652 0.1140 -0.8170
vn 0.9873 0.1582 0.0170
vn 0.0207 -0.2597 0.9655
vn -0.1380 -0.3207 0.9371
vn -0.9905 0.1098 -0.0824
vn -0.7155 0.4288 -0.5516
vn -0.0298 0.5268 -0.8494
vn 0.9831 0.0373 -0.1794
vn -0.9786 0.2043 0.0229
vn -0.0115 0.7563 -0.6541
vn 0.0544 0.7447 -0.6651
vn 0.9972 0.0469 0.0582
vn 0.9967 0.0666 0.0470
vn -0.9887 0.1139 0.0973
vn -0.9897 0.1328 0.0535
vn -0.9455 -0.0275 -0.3245
vn 0.9954 0.0385 -0.0883
vn -0.8922 -0.3259 0.3126
vn -0.8735 -0.4495 -0.1867
vn -0.9801 -0.0866 -0.1788
vn -0.9737 -0.1606 0.1619
vn -0.8176 -0.5755 0.0165
vn 0.9738 -0.1586 -0.1630
vn 0.9782 -0.2079 -0.0013
vn 0.9787 -0.1148 0.1703
vn 0.9441 -0.3294 -0.0098
vn 0.3516 -0.9248 -0.1451
vn 0.0050 -0.9995 -0.0300
vn 0.2009 -0.9663 0.1608
vn -0.3508 -0.9296 0.1128
vn -0.7943 -0.6072 -0.0194
vn 0.2304 0.9720 0.0468
vn 0.0475 0.9722 -0.2293
vn -0.0473 0.9722 -0.2292
vn -0.1955 0.9718 0.1320
vn -0.1661 -0.0796 -0.9829
vn 0.1900 -0.0076 -0.9817
vn 0.1144 -0.1308 -0.9848
vn -0.0201 -0.1676 -0.9857
vn -0.1848 -0.0380 -0.9820
vn -0.0066 0.1888 -0.9820
vn -0.1684 -0.0588 0.9840
vn 0.0226 -0.1716 0.9849
vn 0.1230 -0.1309 0.9837
vn -0.1869 0.0040 0.9824
vn 0.1424 -0.1335 0.9808
vn -0.1844 -0.0442 0.9819
vn 0.1887 0.0104 0.9820
vn 0.0665 -0.0031 0.9978
vn -0.0003 -0.0002 1.0000
vn 0.0026 0.0045 1.0000
vn -0.0665 0.0186 0.9976
vn -0.0519 -0.0631 -0.9967
vn 0.0057 -0.0037 -1.0000
vn 0.0003 -0.0014 -1.0000
vn 0.0305 0.0192 -0.9994
vn -0.0044 0.0021 -1.0000
vn -0.0021 0.0018 -1.0000
vn 0.8460 -0.5002 0.1848
vn 0.7984 -0.6020 -0.0108
vn 0.3175 -0.9482 -0.0136
vn 0.4049 -0.9138 0.0305
vn 0.1062 -0.0788 -0.9912
vn 0.1534 0.0920 -0.9839
vn 0.0841 -0.1383 -0.9868
vn -0.0870 -0.0525 -0.9948
vn 0.0830 -0.1300 -0.9880
vn 0.2800 -0.0865 -0.9561
vn -0.1306 0.0426 -0.9905
vn -0.2023 -0.0476 -0.9782
vn 0.1464 -0.0971 -0.9844
vn 0.9936 -0.1125 -0.0075
vn 0.9936 -0.1084 -0.0316
vn -0.2422 -0.9667 -0.0823
vn -0.4960 -0.8664 0.0571
vn -0.8272 -0.5317 -0.1816
vn -0.9041 -0.4266 0.0253
vn -0.0266 0.0553 0.9981
vn -0.1576 -0.0379 0.9868
vn 0.1086 0.0734 0.9914
vn -0.1450 -0.0950 0.9849
vn 0.2230 -0.0565 0.9732
vn 0.1346 0.0434 0.9899
vn -0.0867 -0.1266 0.9882
vn 0.0824 -0.0528 0.9952
vn 0.1726 0.0167 0.9848
vn -0.2619 -0.0750 0.9622
vn -0.9523 -0.3050 -0.0030
vn -0.9921 -0.1247 0.0125
vn 0.9780 -0.1289 -0.1643
vn 0.1044 0.9787 0.1765
vn 0.1170 0.9833 -0.1393
vn -0.1402 0.9887 0.0540
vn -0.1880 0.9806 -0.0556
vn 0.1272 0.9907 -0.0489
vn -0.1928 0.9801 -0.0465
vn -0.1391 0.9886 0.0576
vn 0.1915 0.9803 0.0479
vn 0.3833 0.9042 -0.1883
vn 0.3318 0.9370 0.1091
vn -0.1937 0.9806 -0.0309
vn -0.1621 0.9804 0.1121
vn -0.3742 0.9177 0.1337
vn -0.3276 0.9446 -0.0198
vn -0.0907 -0.0916 0.9917
vn -0.0023 -0.0261 0.9997
vn -0.0032 -0.0030 1.0000
vn -0.0038 -0.0139 -0.9999
vn 0.1494 0.0567 -0.9871
vn 0.1322 -0.0068 0.9912
vn 0.9870 -0.1473 -0.0639
vn 0.3574 -0.9339 -0.0009
vn 0.7776 -0.6218 0.0934
vn 0.0819 -0.9966 0.0001
vn -0.0571 -0.9962 -0.0661
vn -0.3174 -0.9482 0.0112
vn -0.3092 -0.9423 0.1282
vn -0.9941 0.0101 0.1075
vn -0.9779 0.2071 0.0284
vn -0.6416 -0.7663 0.0340
vn -0.9979 0.0184 -0.0614
vn -0.7395 0.6610 0.1272
vn -0.1318 0.9913 0.0006
vn 0.0078 0.9978 -0.0657
vn 0.3353 0.9421 0.0085
vn 0.3278 0.9362 0.1269
vn 0.9780 -0.2086 0.0024
vn 0.9850 -0.1711 0.0203
vn -0.2371 -0.9712 -0.0225
vn -0.5708 -0.8171 0.0809
vn -0.7931 -0.6056 -0.0658
vn -0.9922 0.0030 0.1248
vn -0.8505 0.5233 -0.0525
vn 0.0708 0.9920 0.1041
vn 0.2514 0.9653 -0.0706
vn 0.7129 -0.7012 0.0086
vn 0.6219 -0.7809 -0.0591
vn 0.9847 -0.1661 -0.0522
vn 0.9964 0.0176 0.0831
vn 0.9812 0.1580 -0.1107
vn 0.6980 0.6953 0.1716
vn 0.8425 -0.5072 0.1816
vn 0.7146 -0.6943 -0.0859
vn -0.2245 -0.9620 0.1556
vn -0.0675 -0.9938 -0.0887
vn 0.6044 0.7886 -0.1128
vn 0.1337 0.9708 -0.1994
vn 0.2476 0.9387 0.2398
vn -0.9463 0.3219 -0.0286
vn -0.8888 -0.4473 0.0998
vn -0.7549 0.6271 0.1919
vn -0.8348 -0.5503 -0.0158
vn -0.3831 0.9237 0.0026
vn -0.2480 0.9391 0.2378
vn -0.1339 0.9704 -0.2011
vn 0.0278 0.1415 -0.9895
vn 0.1325 0.0340 -0.9906
vn 0.0045 -0.0105 -0.9999
vn -0.0058 -0.0043 -1.0000
vn 0.1292 -0.0488 -0.9904
vn -0.0077 -0.0000 -1.0000
vn 0.0759 -0.1157 -0.9904
vn -0.0064 0.0043 -1.0000
vn -0.0036 -0.1286 -0.9917
vn 0.0020 0.0290 -0.9996
vn -0.0920 -0.0607 -0.9939
vn 0.0061 0.0426 -0.9991
vn -0.1123 0.0373 0.9930
vn -0.0273 -0.0959 0.9950
vn -0.0818 -0.0985 0.9918
vn 0.0563 -0.0680 0.9961
vn -0.0707 -0.0122 0.9974
vn -0.0705 0.0268 0.9971
vn -0.0347 -0.0928 0.9951
vn -0.0276 0.0687 0.9973
vn 0.0774 -0.0568 0.9954
vn 0.0437 0.0768 0.9961
vn 0.0587 0.1163 -0.9915
vn -0.0018 -0.0301 -0.9995
vn 0.0038 -0.0103 -0.9999
vn -0.1399 0.0049 -0.9902
vn 0.0082 -0.0022 -1.0000
vn -0.1094 -0.0803 -0.9907
vn 0.0118 0.0056 -0.9999
vn -0.0799 -0.0882 -0.9929
vn -0.0166 0.0685 0.9975
vn -0.0976 -0.0327 0.9947
vn 0.0132 -0.0748 0.9971
vn 0.0555 -0.0449 0.9974
vn -0.0218 -0.0878 0.9959
vn 0.0817 -0.0213 0.9964
vn 0.0762 0.0692 0.9947
vn 0.0473 0.0180 -0.9987
vn -0.1999 -0.2480 -0.9479
vn 0.0803 -0.0085 -0.9967
vn 0.0427 -0.0136 -0.9990
vn -0.2277 0.2292 -0.9464
vn 0.0173 -0.0480 -0.9987
vn 0.0235 -0.1008 -0.9946
vn 0.0579 0.2636 -0.9629
vn -0.0190 -0.1013 -0.9947
vn -0.0000 -0.0212 -0.9998
vt 0.622623 0.483987
vt 0.621368 0.482669
vt 0.621904 0.483622
vt 0.606885 0.508940
vt 0.608139 0.510258
vt 0.608617 0.509817
vt 0.218509 0.055821
vt 0.203122 0.053568
vt 0.209086 0.055872
vt 0.208735 0.088609
vt 0.227577 0.092514
vt 0.218657 0.088284
vt 0.202451 0.091943
vt 0.227785 0.051408
vt 0.952042 0.366181
vt 0.949574 0.368628
vt 0.957493 0.375353
vt 0.947912 0.368781
vt 0.946147 0.375512
vt 0.948380 0.382088
vt 0.949883 0.382259
vt 0.952767 0.384260
vt 0.953172 0.385917
vt 0.961941 0.385866
vt 0.962918 0.384341
vt 0.965392 0.381873
vt 0.967083 0.381791
vt 0.968895 0.375011
vt 0.966659 0.368353
vt 0.965169 0.368151
vt 0.962249 0.366249
vt 0.957493 0.375352
vt 0.961364 0.364514
vt 0.952611 0.364816
vt 0.732446 0.281950
vt 0.729977 0.284396
vt 0.737897 0.291122
vt 0.728316 0.284550
vt 0.726550 0.291281
vt 0.728784 0.297857
vt 0.730286 0.298028
vt 0.733171 0.300028
vt 0.737896 0.291122
vt 0.733575 0.301686
vt 0.742345 0.301635
vt 0.743322 0.300110
vt 0.745796 0.297642
vt 0.747486 0.297560
vt 0.749299 0.290780
vt 0.747062 0.284122
vt 0.745573 0.283920
vt 0.742652 0.282018
vt 0.737897 0.291121
vt 0.741768 0.280283
vt 0.733015 0.280585
vt 0.241348 0.044224
vt 0.238880 0.046670
vt 0.246799 0.053396
vt 0.237218 0.046824
vt 0.235453 0.053556
vt 0.237686 0.060131
vt 0.239189 0.060302
vt 0.242073 0.062302
vt 0.242478 0.063960
vt 0.251247 0.063909
vt 0.252224 0.062384
vt 0.254698 0.059916
vt 0.256389 0.059834
vt 0.258202 0.053054
vt 0.255965 0.046396
vt 0.254476 0.046194
vt 0.251555 0.044292
vt 0.246799 0.053395
vt 0.250670 0.042557
vt 0.241917 0.042859
vt 0.456952 0.052919
vt 0.454484 0.055366
vt 0.462403 0.062091
vt 0.452822 0.055520
vt 0.451056 0.062251
vt 0.453290 0.068826
vt 0.454793 0.068998
vt 0.457677 0.070998
vt 0.458543 0.072755
vt 0.467309 0.072487
vt 0.467828 0.071079
vt 0.470302 0.068611
vt 0.462403 0.062092
vt 0.471993 0.068529
vt 0.473805 0.061750
vt 0.471569 0.055091
vt 0.470079 0.054890
vt 0.467159 0.052988
vt 0.466734 0.051347
vt 0.457977 0.051439
vt 0.723409 0.742567
vt 0.719928 0.753958
vt 0.718681 0.768218
vt 0.728339 0.736367
vt 0.733645 0.736367
vt 0.738575 0.742567
vt 0.742056 0.753958
vt 0.743304 0.768218
vt 0.742056 0.782477
vt 0.738575 0.793869
vt 0.733645 0.800068
vt 0.728339 0.800068
vt 0.723409 0.793869
vt 0.719928 0.782477
vt 0.707950 0.105889
vt 0.711431 0.117280
vt 0.706703 0.091629
vt 0.716361 0.123480
vt 0.721668 0.123480
vt 0.726597 0.117280
vt 0.730078 0.105889
vt 0.731326 0.091629
vt 0.730078 0.077370
vt 0.726597 0.065978
vt 0.721668 0.059779
vt 0.716361 0.059779
vt 0.711431 0.065978
vt 0.707950 0.077370
vt 0.886909 0.884850
vt 0.882496 0.884850
vt 0.883252 0.886261
vt 0.883163 0.882441
vt 0.886222 0.882410
vt 0.886643 0.887810
vt 0.878258 0.862984
vt 0.875198 0.862954
vt 0.878924 0.865394
vt 0.874511 0.865394
vt 0.874777 0.868354
vt 0.878169 0.866805
vt 0.528820 0.035336
vt 0.526352 0.037783
vt 0.534271 0.044508
vt 0.524690 0.037937
vt 0.522925 0.044668
vt 0.525158 0.051243
vt 0.526661 0.051415
vt 0.529545 0.053415
vt 0.529949 0.055072
vt 0.538720 0.055021
vt 0.539696 0.053496
vt 0.542170 0.051028
vt 0.534271 0.044509
vt 0.543860 0.050947
vt 0.545673 0.044167
vt 0.543437 0.037508
vt 0.541947 0.037307
vt 0.539027 0.035405
vt 0.538142 0.033669
vt 0.529389 0.033972
vt 0.880174 0.038393
vt 0.877706 0.040840
vt 0.885625 0.047565
vt 0.876044 0.040993
vt 0.874279 0.047725
vt 0.876512 0.054300
vt 0.878015 0.054472
vt 0.880899 0.056472
vt 0.881304 0.058129
vt 0.890073 0.058078
vt 0.891050 0.056553
vt 0.893524 0.054085
vt 0.895215 0.054003
vt 0.897028 0.047223
vt 0.894791 0.040565
vt 0.893302 0.040364
vt 0.890381 0.038461
vt 0.889496 0.036726
vt 0.880744 0.037029
vt 0.540798 0.369227
vt 0.538330 0.371674
vt 0.546249 0.378399
vt 0.536668 0.371827
vt 0.534903 0.378559
vt 0.537136 0.385134
vt 0.538639 0.385305
vt 0.541523 0.387305
vt 0.541927 0.388963
vt 0.550697 0.388912
vt 0.551674 0.387387
vt 0.554148 0.384919
vt 0.555838 0.384837
vt 0.557652 0.378057
vt 0.555414 0.371399
vt 0.553925 0.371198
vt 0.551005 0.369295
vt 0.546249 0.378398
vt 0.550120 0.367560
vt 0.541367 0.367862
vt 0.952042 0.335310
vt 0.949574 0.337756
vt 0.957493 0.344482
vt 0.947912 0.337910
vt 0.946147 0.344642
vt 0.948380 0.351217
vt 0.949883 0.351388
vt 0.952767 0.353388
vt 0.953633 0.355146
vt 0.962399 0.354878
vt 0.962918 0.353470
vt 0.965392 0.351002
vt 0.967083 0.350920
vt 0.968895 0.344140
vt 0.966659 0.337482
vt 0.965169 0.337280
vt 0.962249 0.335378
vt 0.957493 0.344481
vt 0.961824 0.333738
vt 0.953067 0.333829
vt 0.912115 0.052806
vt 0.909647 0.055253
vt 0.917566 0.061978
vt 0.907986 0.055407
vt 0.906220 0.062138
vt 0.908454 0.068713
vt 0.909956 0.068885
vt 0.912840 0.070885
vt 0.917566 0.061979
vt 0.913706 0.072642
vt 0.922473 0.072374
vt 0.922991 0.070967
vt 0.925466 0.068499
vt 0.917567 0.061979
vt 0.927156 0.068417
vt 0.928969 0.061637
vt 0.926732 0.054978
vt 0.925243 0.054777
vt 0.922322 0.052875
vt 0.917567 0.061978
vt 0.921898 0.051234
vt 0.913142 0.051326
vt 0.952042 0.273567
vt 0.949574 0.276014
vt 0.957493 0.282739
vt 0.947912 0.276168
vt 0.946147 0.282899
vt 0.948380 0.289474
vt 0.949883 0.289646
vt 0.952767 0.291646
vt 0.957493 0.282740
vt 0.953172 0.293304
vt 0.957801 0.294310
vt 0.962399 0.293135
vt 0.962918 0.291728
vt 0.965392 0.289260
vt 0.967083 0.289178
vt 0.968895 0.282398
vt 0.966659 0.275739
vt 0.965169 0.275538
vt 0.962249 0.273636
vt 0.961824 0.271995
vt 0.957198 0.271037
vt 0.952611 0.272203
vt 0.672556 0.033301
vt 0.670087 0.035747
vt 0.678007 0.042473
vt 0.668426 0.035901
vt 0.666660 0.042633
vt 0.668894 0.049208
vt 0.670396 0.049379
vt 0.673281 0.051379
vt 0.678006 0.042473
vt 0.673685 0.053037
vt 0.682455 0.052986
vt 0.683432 0.051461
vt 0.685906 0.048993
vt 0.687596 0.048911
vt 0.689409 0.042131
vt 0.687172 0.035473
vt 0.685683 0.035272
vt 0.682762 0.033369
vt 0.678007 0.042472
vt 0.681878 0.031634
vt 0.673125 0.031936
vt 0.664570 0.165989
vt 0.662102 0.168435
vt 0.670021 0.175161
vt 0.660441 0.168589
vt 0.658675 0.175320
vt 0.660909 0.181896
vt 0.662411 0.182067
vt 0.665295 0.184067
vt 0.665700 0.185725
vt 0.674470 0.185674
vt 0.675446 0.184149
vt 0.677920 0.181681
vt 0.670022 0.175161
vt 0.679611 0.181599
vt 0.681424 0.174819
vt 0.679187 0.168161
vt 0.677698 0.167960
vt 0.674777 0.166057
vt 0.670021 0.175160
vt 0.673892 0.164322
vt 0.665140 0.164624
vt 0.952042 0.304438
vt 0.949574 0.306885
vt 0.957493 0.313610
vt 0.947912 0.307039
vt 0.946146 0.313770
vt 0.948380 0.320345
vt 0.949883 0.320517
vt 0.952767 0.322517
vt 0.957493 0.313611
vt 0.953171 0.324175
vt 0.957801 0.325181
vt 0.962399 0.324006
vt 0.962918 0.322599
vt 0.965392 0.320131
vt 0.967083 0.320049
vt 0.968895 0.313269
vt 0.966659 0.306611
vt 0.965169 0.306409
vt 0.962249 0.304507
vt 0.961824 0.302867
vt 0.957198 0.301908
vt 0.952611 0.303074
vt 0.349150 0.036964
vt 0.346682 0.039411
vt 0.354601 0.046136
vt 0.345020 0.039564
vt 0.343255 0.046296
vt 0.345488 0.052871
vt 0.346991 0.053043
vt 0.349875 0.055043
vt 0.350741 0.056800
vt 0.359507 0.056532
vt 0.360026 0.055124
vt 0.362500 0.052656
vt 0.354601 0.046137
vt 0.364191 0.052575
vt 0.366004 0.045795
vt 0.363767 0.039136
vt 0.362278 0.038935
vt 0.359357 0.037033
vt 0.358932 0.035392
vt 0.350175 0.035484
vt 0.511112 0.258177
vt 0.510938 0.225075
vt 0.480130 0.248226
vt 0.051666 0.152258
vt 0.051666 0.128677
vt 0.033226 0.113971
vt 0.033226 0.166963
vt 0.010233 0.161716
vt 0.000000 0.140467
vt 0.010233 0.119219
vt 0.279261 0.400070
vt 0.271501 0.406258
vt 0.288938 0.420163
vt 0.648568 0.309290
vt 0.644262 0.323195
vt 0.666005 0.323195
vt 0.648568 0.337101
vt 0.475127 0.381994
vt 0.482887 0.388182
vt 0.492563 0.368088
vt 0.447178 0.284990
vt 0.456855 0.287199
vt 0.456855 0.264896
vt 0.466532 0.284990
vt 0.009676 0.367802
vt 0.017437 0.361614
vt 0.000000 0.347709
vt 0.177143 0.160837
vt 0.181449 0.146931
vt 0.159707 0.146931
vt 0.177143 0.133026
vt 0.732123 0.986095
vt 0.724363 0.979906
vt 0.714687 1.000000
vt 0.250928 0.365758
vt 0.241251 0.363549
vt 0.241251 0.385851
vt 0.231574 0.365758
vt 0.816292 0.055781
vt 0.813823 0.058228
vt 0.821742 0.064953
vt 0.812162 0.058382
vt 0.810396 0.065113
vt 0.812630 0.071688
vt 0.814132 0.071860
vt 0.817017 0.073860
vt 0.821742 0.064954
vt 0.817421 0.075518
vt 0.826191 0.075466
vt 0.827168 0.073942
vt 0.829642 0.071474
vt 0.821743 0.064954
vt 0.831332 0.071392
vt 0.833145 0.064612
vt 0.830908 0.057953
vt 0.829419 0.057752
vt 0.826498 0.055850
vt 0.821743 0.064953
vt 0.825613 0.054114
vt 0.816861 0.054417
vt 0.249334 0.298561
vt 0.246865 0.301008
vt 0.254784 0.307733
vt 0.245204 0.301162
vt 0.243438 0.307893
vt 0.245672 0.314468
vt 0.247174 0.314640
vt 0.250059 0.316640
vt 0.250924 0.318397
vt 0.259691 0.318129
vt 0.260210 0.316721
vt 0.262684 0.314253
vt 0.254785 0.307734
vt 0.264374 0.314171
vt 0.266187 0.307392
vt 0.263950 0.300733
vt 0.262461 0.300532
vt 0.259540 0.298630
vt 0.254785 0.307733
vt 0.259116 0.296989
vt 0.250360 0.297081
vt 0.384674 0.328876
vt 0.387668 0.297005
vt 0.359353 0.311941
vt 0.952042 0.397052
vt 0.949574 0.399499
vt 0.957493 0.406224
vt 0.947912 0.399652
vt 0.946146 0.406384
vt 0.948380 0.412959
vt 0.949883 0.413131
vt 0.952767 0.415131
vt 0.953632 0.416888
vt 0.962399 0.416620
vt 0.962918 0.415212
vt 0.965392 0.412744
vt 0.967083 0.412662
vt 0.968896 0.405882
vt 0.966659 0.399224
vt 0.965169 0.399023
vt 0.962249 0.397120
vt 0.961824 0.395480
vt 0.953067 0.395571
vt 0.151716 0.068061
vt 0.146065 0.077521
vt 0.141787 0.090054
vt 0.157518 0.063582
vt 0.162285 0.064759
vt 0.165338 0.071422
vt 0.165940 0.082426
vt 0.163901 0.095511
vt 0.159620 0.108042
vt 0.153968 0.117502
vt 0.148167 0.121981
vt 0.143399 0.120804
vt 0.140346 0.114141
vt 0.139744 0.103137
vt 0.006322 0.338769
vt 0.011973 0.348229
vt 0.024155 0.320781
vt 0.017775 0.352708
vt 0.022543 0.351531
vt 0.025595 0.344868
vt 0.026197 0.333865
vt 0.019877 0.308248
vt 0.014226 0.298788
vt 0.008424 0.294310
vt 0.003656 0.295487
vt 0.000603 0.302149
vt 0.000001 0.313153
vt 0.002041 0.326237
vt 0.405047 0.050891
vt 0.402579 0.053338
vt 0.410498 0.060063
vt 0.400918 0.053491
vt 0.399152 0.060223
vt 0.401386 0.066798
vt 0.402888 0.066970
vt 0.405772 0.068970
vt 0.406638 0.070727
vt 0.415404 0.070459
vt 0.415923 0.069051
vt 0.418397 0.066583
vt 0.410499 0.060063
vt 0.420088 0.066501
vt 0.421901 0.059722
vt 0.419664 0.053063
vt 0.418175 0.052862
vt 0.415254 0.050959
vt 0.414830 0.049319
vt 0.406073 0.049411
vt 0.720468 0.036045
vt 0.717999 0.038492
vt 0.725919 0.045217
vt 0.716338 0.038646
vt 0.714572 0.045377
vt 0.716806 0.051952
vt 0.718309 0.052124
vt 0.721193 0.054124
vt 0.725918 0.045218
vt 0.721597 0.055782
vt 0.730368 0.055730
vt 0.731344 0.054206
vt 0.733818 0.051738
vt 0.725919 0.045218
vt 0.735508 0.051656
vt 0.737321 0.044876
vt 0.735084 0.038217
vt 0.733595 0.038016
vt 0.730674 0.036114
vt 0.730250 0.034474
vt 0.721493 0.034565
vt 0.848233 0.035146
vt 0.845765 0.037592
vt 0.853684 0.044318
vt 0.844103 0.037746
vt 0.842337 0.044478
vt 0.844571 0.051053
vt 0.846074 0.051224
vt 0.848958 0.053224
vt 0.849362 0.054882
vt 0.858132 0.054831
vt 0.859109 0.053306
vt 0.861583 0.050838
vt 0.863273 0.050756
vt 0.865087 0.043976
vt 0.862849 0.037318
vt 0.861360 0.037116
vt 0.858440 0.035214
vt 0.853684 0.044317
vt 0.857555 0.033479
vt 0.848802 0.033781
vt 0.952042 0.427923
vt 0.949574 0.430370
vt 0.957493 0.437095
vt 0.947912 0.430524
vt 0.946147 0.437255
vt 0.948380 0.443830
vt 0.949883 0.444002
vt 0.952767 0.446002
vt 0.953172 0.447659
vt 0.961942 0.447608
vt 0.962918 0.446083
vt 0.965392 0.443615
vt 0.957493 0.437096
vt 0.967083 0.443534
vt 0.968896 0.436754
vt 0.966659 0.430095
vt 0.965169 0.429894
vt 0.962249 0.427992
vt 0.961364 0.426256
vt 0.952611 0.426559
vt 0.009774 0.033584
vt 0.007306 0.036031
vt 0.015225 0.042756
vt 0.005644 0.036184
vt 0.003879 0.042916
vt 0.006112 0.049491
vt 0.007615 0.049663
vt 0.010499 0.051663
vt 0.015224 0.042756
vt 0.010903 0.053320
vt 0.019674 0.053269
vt 0.020650 0.051744
vt 0.023124 0.049276
vt 0.015225 0.042757
vt 0.024814 0.049195
vt 0.026627 0.042415
vt 0.024390 0.035756
vt 0.022901 0.035555
vt 0.019980 0.033653
vt 0.019096 0.031917
vt 0.010343 0.032220
vt 0.139643 0.267565
vt 0.148757 0.253925
vt 0.109916 0.279813
vt 0.126004 0.276678
vt 0.080189 0.267565
vt 0.093828 0.276678
vt 0.071075 0.253925
vt 0.067875 0.237838
vt 0.071075 0.221750
vt 0.080189 0.208110
vt 0.093828 0.198997
vt 0.109916 0.195796
vt 0.126004 0.198997
vt 0.139643 0.208110
vt 0.148757 0.221750
vt 0.151957 0.237838
vt 0.603545 0.294170
vt 0.598283 0.275164
vt 0.603521 0.328421
vt 0.562244 0.260200
vt 0.542671 0.264162
vt 0.515774 0.292030
vt 0.517541 0.311278
vt 0.515774 0.330526
vt 0.526204 0.347392
vt 0.562297 0.362298
vt 0.606947 0.311278
vt 0.307273 0.265167
vt 0.316378 0.251539
vt 0.277571 0.277394
vt 0.293646 0.274272
vt 0.247870 0.265167
vt 0.261497 0.274272
vt 0.238764 0.251539
vt 0.235567 0.235465
vt 0.238764 0.219391
vt 0.247870 0.205763
vt 0.261497 0.196658
vt 0.277571 0.193460
vt 0.293646 0.196658
vt 0.307273 0.205763
vt 0.316378 0.219391
vt 0.319577 0.235465
vt 0.493385 0.317318
vt 0.465767 0.289758
vt 0.410897 0.301192
vt 0.395276 0.336874
vt 0.399232 0.356431
vt 0.426849 0.383990
vt 0.465864 0.383950
vt 0.493425 0.356334
vt 0.176297 0.442484
vt 0.091831 0.456452
vt 0.162330 0.456452
vt 0.608871 0.340571
vt 0.594907 0.354542
vt 0.679372 0.340571
vt 0.091831 0.316770
vt 0.176297 0.330737
vt 0.162330 0.316770
vt 0.679372 0.480254
vt 0.594907 0.466283
vt 0.608871 0.480254
vt 0.225985 0.309874
vt 0.239542 0.269781
vt 0.153283 0.261631
vt 0.186383 0.233859
vt 0.157068 0.304137
vt 0.024660 0.363596
vt 0.032655 0.367800
vt 0.039724 0.357553
vt 0.767152 0.031814
vt 0.780729 0.031881
vt 0.773660 0.042127
vt 0.046793 0.367800
vt 0.054787 0.363596
vt 0.058195 0.357553
vt 0.054788 0.351511
vt 0.043258 0.346886
vt 0.029658 0.348510
vt 0.021955 0.355432
vt 0.153409 0.034437
vt 0.150966 0.036859
vt 0.158804 0.043515
vt 0.149322 0.037011
vt 0.147574 0.043673
vt 0.149785 0.050181
vt 0.151272 0.050351
vt 0.154127 0.052330
vt 0.154527 0.053971
vt 0.163207 0.053920
vt 0.164173 0.052411
vt 0.166622 0.049968
vt 0.158804 0.043516
vt 0.168295 0.049887
vt 0.170089 0.043177
vt 0.167875 0.036587
vt 0.166401 0.036388
vt 0.163511 0.034505
vt 0.162635 0.032787
vt 0.153973 0.033087
vt 0.608573 0.032573
vt 0.606130 0.034995
vt 0.613967 0.041651
vt 0.604485 0.035147
vt 0.602738 0.041809
vt 0.604948 0.048317
vt 0.606436 0.048486
vt 0.609290 0.050466
vt 0.609690 0.052106
vt 0.618370 0.052056
vt 0.619337 0.050547
vt 0.621785 0.048104
vt 0.613968 0.041651
vt 0.623458 0.048023
vt 0.625252 0.041313
vt 0.623039 0.034723
vt 0.621565 0.034524
vt 0.618674 0.032641
vt 0.618254 0.031018
vt 0.609588 0.031108
vt 0.221284 0.173038
vt 0.218841 0.175460
vt 0.226679 0.182116
vt 0.217197 0.175612
vt 0.215450 0.182274
vt 0.217660 0.188781
vt 0.219147 0.188951
vt 0.222002 0.190931
vt 0.222402 0.192571
vt 0.231082 0.192521
vt 0.232048 0.191011
vt 0.234497 0.188569
vt 0.226680 0.182116
vt 0.236170 0.188488
vt 0.237964 0.181777
vt 0.235751 0.175188
vt 0.234277 0.174989
vt 0.231386 0.173106
vt 0.226679 0.182115
vt 0.230510 0.171388
vt 0.221848 0.171688
vt 0.951941 0.044731
vt 0.949499 0.047153
vt 0.957336 0.053809
vt 0.947854 0.047305
vt 0.946107 0.053967
vt 0.948318 0.060474
vt 0.949805 0.060644
vt 0.952659 0.062624
vt 0.953059 0.064264
vt 0.961739 0.064214
vt 0.962706 0.062704
vt 0.965154 0.060262
vt 0.957337 0.053809
vt 0.966827 0.060181
vt 0.968621 0.053471
vt 0.966408 0.046881
vt 0.964934 0.046682
vt 0.962043 0.044799
vt 0.957337 0.053808
vt 0.961167 0.043081
vt 0.952505 0.043381
vt 0.951942 0.191443
vt 0.949499 0.193865
vt 0.957336 0.200521
vt 0.947854 0.194017
vt 0.946107 0.200679
vt 0.948317 0.207187
vt 0.949805 0.207357
vt 0.952659 0.209336
vt 0.953059 0.210976
vt 0.961739 0.210926
vt 0.962706 0.209417
vt 0.965154 0.206974
vt 0.957337 0.200521
vt 0.966827 0.206893
vt 0.968621 0.200183
vt 0.966408 0.193593
vt 0.964934 0.193394
vt 0.962043 0.191511
vt 0.961167 0.189794
vt 0.952505 0.190093
vt 0.514189 0.081728
vt 0.523438 0.103395
vt 0.532590 0.094208
vt 0.753772 0.867652
vt 0.753772 0.889039
vt 0.755637 0.878345
vt 0.526536 0.473610
vt 0.566883 0.474015
vt 0.567117 0.453393
vt 0.067708 0.388862
vt 0.060457 0.399038
vt 0.063352 0.403370
vt 0.544987 0.445908
vt 0.550097 0.446925
vt 0.034291 0.427998
vt 0.041572 0.417923
vt 0.038677 0.413591
vt 0.064368 0.408480
vt 0.051015 0.395127
vt 0.034256 0.388862
vt 0.045904 0.396143
vt 0.056125 0.396143
vt 0.041572 0.399038
vt 0.038677 0.403370
vt 0.037660 0.408480
vt 0.051015 0.421834
vt 0.045904 0.420818
vt 0.067708 0.427998
vt 0.060457 0.417923
vt 0.056125 0.420818
vt 0.063352 0.413591
vt 0.537760 0.438681
vt 0.540655 0.443013
vt 0.540655 0.424128
vt 0.533375 0.393760
vt 0.537760 0.428460
vt 0.536743 0.433571
vt 0.544987 0.421233
vt 0.833625 0.274830
vt 0.833625 0.296217
vt 0.835490 0.285524
vt 0.067708 0.443285
vt 0.067761 0.448224
vt 0.223252 0.454646
vt 0.223252 0.476033
vt 0.225180 0.465340
vt 0.199296 0.898448
vt 0.199296 0.919835
vt 0.201224 0.909142
vt 0.555208 0.445908
vt 0.567130 0.413858
vt 0.563451 0.433571
vt 0.562434 0.428460
vt 0.566822 0.393513
vt 0.550097 0.420217
vt 0.802148 0.747491
vt 0.806231 0.741780
vt 0.790835 0.747235
vt 0.790835 0.741763
vt 0.034606 0.443285
vt 0.034250 0.448168
vt 0.805323 0.753062
vt 0.809084 0.750329
vt 0.806910 0.746063
vt 0.122412 0.094742
vt 0.122154 0.083428
vt 0.116699 0.098824
vt 0.116683 0.083428
vt 0.127982 0.097916
vt 0.125249 0.101678
vt 0.120982 0.099503
vt 0.566791 0.413606
vt 0.570839 0.385783
vt 0.566872 0.393428
vt 0.284222 0.069735
vt 0.284241 0.065307
vt 0.276030 0.065240
vt 0.504893 0.093072
vt 0.510606 0.097155
vt 0.505151 0.081760
vt 0.510623 0.081760
vt 0.049388 0.095874
vt 0.064169 0.075154
vt 0.043883 0.082783
vt 0.499324 0.096247
vt 0.502057 0.100009
vt 0.506323 0.097835
vt 0.077273 0.083428
vt 0.071355 0.083427
vt 0.077094 0.095068
vt 0.071371 0.098823
vt 0.075654 0.099502
vt 0.986230 0.999786
vt 0.985684 0.971382
vt 0.978202 0.999992
vt 0.986230 0.911296
vt 0.978202 0.911090
vt 0.985725 0.931959
vt 0.796734 0.429925
vt 0.796734 0.401721
vt 0.789283 0.424420
vt 0.789009 0.403503
vt 0.351701 0.399666
vt 0.351701 0.362292
vt 0.341155 0.399666
vt 0.341082 0.386938
vt 0.029103 0.555416
vt 0.020099 0.533400
vt 0.020250 0.535787
vt 0.029586 0.562319
vt 0.020132 0.554751
vt 0.020800 0.562323
vt 0.986770 0.455386
vt 0.993842 0.447634
vt 0.986770 0.447634
vt 0.030962 0.557257
vt 0.940836 0.161027
vt 0.930290 0.161027
vt 0.930795 0.166136
vt 0.978187 0.640425
vt 0.993969 0.652898
vt 0.994246 0.620019
vt 0.784151 0.342196
vt 0.784132 0.309982
vt 0.768522 0.322965
vt 0.939081 0.308419
vt 0.939082 0.257779
vt 0.938096 0.308396
vt 0.199991 0.825884
vt 0.218059 0.847438
vt 0.216271 0.822788
vt 0.777053 0.378785
vt 0.759018 0.400353
vt 0.775264 0.403449
vt 0.714697 0.935569
vt 0.730839 0.827919
vt 0.718296 0.827701
vt 0.020284 0.551961
vt 0.941205 0.172171
vt 0.937874 0.172170
vt 0.755600 0.961753
vt 0.740422 0.962068
vt 0.748725 0.973214
vt 0.740422 0.973708
vt 0.747854 0.999682
vt 0.740422 0.999443
vt 0.198928 0.419892
vt 0.182178 0.426174
vt 0.195684 0.424916
vt 0.226563 0.400463
vt 0.226081 0.378160
vt 0.220272 0.383862
vt 0.211611 0.366420
vt 0.211651 0.370995
vt 0.215148 0.367812
vt 0.215477 0.371557
vt 0.221566 0.371769
vt 0.218397 0.366882
vt 0.341051 0.435634
vt 0.344538 0.440690
vt 0.358883 0.441589
vt 0.400626 0.278565
vt 0.406179 0.260304
vt 0.399760 0.254769
vt 0.413993 0.241581
vt 0.410411 0.243269
vt 0.414264 0.246339
vt 0.410325 0.247185
vt 0.404009 0.247821
vt 0.406970 0.242525
vt 0.521638 0.615904
vt 0.521046 0.609459
vt 0.516517 0.608209
vt 0.389618 0.430947
vt 0.388012 0.426952
vt 0.382164 0.441545
vt 0.384626 0.424293
vt 0.380450 0.423244
vt 0.376308 0.424421
vt 0.373005 0.427182
vt 0.371522 0.431224
vt 0.372493 0.436802
vt 0.376558 0.440745
vt 0.387169 0.438898
vt 0.389457 0.435250
vt 0.501111 0.615556
vt 0.506018 0.621200
vt 0.513667 0.621274
vt 0.503636 0.612158
vt 0.507224 0.609653
vt 0.511479 0.608314
vt 0.523061 0.625521
vt 0.519004 0.633130
vt 0.514748 0.632389
vt 0.511345 0.632282
vt 0.508230 0.631677
vt 0.505363 0.630366
vt 0.506388 0.624228
vt 0.821499 0.843837
vt 0.821173 0.836057
vt 0.820781 0.874724
vt 0.735765 0.404730
vt 0.732275 0.401350
vt 0.732451 0.408354
vt 0.801134 0.260532
vt 0.802575 0.264535
vt 0.852123 0.260309
vt 0.852177 0.263762
vt 0.874393 0.976279
vt 0.875711 0.983605
vt 0.880116 0.977694
vt 0.880623 0.993109
vt 0.881752 0.983722
vt 0.884933 0.988539
vt 0.885381 0.997198
vt 0.889298 0.991733
vt 0.892769 0.999725
vt 0.880116 0.885855
vt 0.875711 0.879943
vt 0.874393 0.887269
vt 0.881752 0.879826
vt 0.879465 0.872077
vt 0.884933 0.875009
vt 0.885380 0.866350
vt 0.889299 0.871816
vt 0.892769 0.863823
vt 0.109494 0.692593
vt 0.096493 0.694595
vt 0.106350 0.695546
vt 0.103713 0.633239
vt 0.097059 0.633987
vt 0.102688 0.635669
vt 0.814881 0.563444
vt 0.808743 0.543949
vt 0.809810 0.565674
vt 0.836895 0.523398
vt 0.829907 0.533714
vt 0.837529 0.541292
vt 0.834883 0.501303
vt 0.836270 0.486452
vt 0.828999 0.495056
vt 0.829793 0.521543
vt 0.837163 0.518482
vt 0.807652 0.504077
vt 0.813171 0.495299
vt 0.805585 0.489027
vt 0.815041 0.569807
vt 0.809086 0.579681
vt 0.814148 0.534253
vt 0.807245 0.530123
vt 0.813840 0.521969
vt 0.807609 0.511368
vt 0.812126 0.453651
vt 0.803088 0.446443
vt 0.807151 0.457066
vt 0.812276 0.459623
vt 0.807266 0.462281
vt 0.929229 0.538330
vt 0.936964 0.538838
vt 0.929440 0.534577
vt 0.937077 0.534934
vt 0.936375 0.559157
vt 0.928662 0.559030
vt 0.935883 0.581929
vt 0.928516 0.581926
vt 0.928557 0.511530
vt 0.556533 0.108579
vt 0.535064 0.109457
vt 0.557153 0.112259
vt 0.936577 0.581950
vt 0.927821 0.581918
vt 0.287575 0.100805
vt 0.289958 0.122020
vt 0.291229 0.101818
vt 0.292684 0.115580
vt 0.929184 0.538394
vt 0.928049 0.558961
vt 0.928067 0.538572
vt 0.293126 0.116352
vt 0.292630 0.120049
vt 0.314614 0.116506
vt 0.558457 0.114242
vt 0.291396 0.122072
vt 0.936989 0.559108
vt 0.936996 0.538929
vt 0.938335 0.539125
vt 0.561667 0.092843
vt 0.557937 0.093981
vt 0.560157 0.107287
vt 0.556948 0.107792
vt 0.697081 0.196477
vt 0.691455 0.200254
vt 0.696597 0.209031
vt 0.690503 0.204553
vt 0.240834 0.196625
vt 0.243798 0.206156
vt 0.247398 0.199414
vt 0.253895 0.153583
vt 0.253409 0.141026
vt 0.248266 0.149809
vt 0.247318 0.145507
vt 0.686981 0.143902
vt 0.684064 0.153495
vt 0.690628 0.150856
vt 0.124577 0.302231
vt 0.117012 0.295754
vt 0.113769 0.302118
vt 0.117577 0.308914
vt 0.906286 0.212559
vt 0.904435 0.208243
vt 0.892288 0.223569
vt 0.900677 0.205427
vt 0.896096 0.204387
vt 0.891609 0.205773
vt 0.888075 0.208867
vt 0.886559 0.213312
vt 0.887757 0.219371
vt 0.896868 0.224609
vt 0.901355 0.223223
vt 0.905553 0.218692
vt 0.955197 0.906805
vt 0.952807 0.890720
vt 0.952935 0.905306
vt 0.955919 0.934626
vt 0.955191 0.910395
vt 0.952638 0.911963
vt 0.950557 0.905633
vt 0.949760 0.450095
vt 0.945888 0.469731
vt 0.949173 0.501662
vt 0.945221 0.472213
vt 0.943870 0.451841
vt 0.945717 0.463496
vt 0.405828 0.697357
vt 0.405470 0.695021
vt 0.405484 0.699695
vt 0.267859 0.295804
vt 0.267859 0.291130
vt 0.267508 0.293467
vt 0.970218 0.227968
vt 0.970222 0.229176
vt 0.991085 0.227968
vt 0.991077 0.229183
vt 0.970217 0.211553
vt 0.991085 0.211553
vt 0.970226 0.210350
vt 0.991080 0.210353
vt 0.098519 0.997610
vt 0.097469 0.997004
vt 0.096552 0.997166
vt 0.095952 0.997880
vt 0.095824 0.998802
vt 0.096316 0.999592
vt 0.097469 0.999967
vt 0.098519 0.999361
vt 0.098836 0.998485
vt 0.668993 0.116957
vt 0.675173 0.107574
vt 0.668993 0.108165
vt 0.031941 0.652582
vt 0.031941 0.688982
vt 0.035864 0.688982
vt 0.035864 0.652582
vt 0.349580 0.123415
vt 0.355760 0.113290
vt 0.349580 0.114626
vt 0.349580 0.092766
vt 0.128127 0.173311
vt 0.135837 0.172677
vt 0.135489 0.158995
vt 0.127772 0.158226
vt 0.675173 0.135736
vt 0.482836 0.021806
vt 0.475127 0.021172
vt 0.475134 0.031856
vt 0.482838 0.030988
vt 0.668993 0.089818
vt 0.130241 0.188250
vt 0.137699 0.186135
vt 0.355760 0.144694
vt 0.543002 0.444265
vt 0.550712 0.444899
vt 0.552212 0.435841
vt 0.544754 0.433726
vt 0.355760 0.092815
vt 0.129290 0.147099
vt 0.668993 0.135773
vt 0.476652 0.042983
vt 0.484084 0.040613
vt 0.675173 0.089814
vt 0.133555 0.198980
vt 0.142634 0.203493
vt 0.349580 0.144696
vt 0.555014 0.426548
vt 0.548068 0.422996
vt 0.353790 0.085514
vt 0.137513 0.141137
vt 0.133316 0.139798
vt 0.673203 0.144105
vt 0.673203 0.081723
vt 0.138719 0.205525
vt 0.353790 0.151241
vt 0.641013 0.135773
vt 0.636803 0.144105
vt 0.636803 0.081723
vt 0.317390 0.151241
vt 0.321600 0.114626
vt 0.321600 0.123416
vt 0.399266 0.927624
vt 0.406976 0.927624
vt 0.406976 0.899644
vt 0.399266 0.899644
vt 0.641013 0.108165
vt 0.399266 0.045339
vt 0.403464 0.008939
vt 0.399266 0.008939
vt 0.641013 0.116956
vt 0.634833 0.107574
vt 0.315420 0.113290
vt 0.321600 0.092756
vt 0.128127 0.067154
vt 0.127773 0.082238
vt 0.135489 0.081469
vt 0.135837 0.067787
vt 0.634833 0.135736
vt 0.402983 0.871032
vt 0.402984 0.861850
vt 0.395281 0.860983
vt 0.395274 0.871666
vt 0.641013 0.089820
vt 0.137699 0.054329
vt 0.130241 0.052215
vt 0.315420 0.144694
vt 0.339376 0.064246
vt 0.341128 0.074785
vt 0.348587 0.072671
vt 0.347086 0.063613
vt 0.315420 0.092815
vt 0.129290 0.093366
vt 0.404231 0.852225
vt 0.396798 0.849855
vt 0.634833 0.089814
vt 0.142634 0.036972
vt 0.133555 0.041484
vt 0.321600 0.144696
vt 0.344443 0.085516
vt 0.351389 0.081963
vt 0.317390 0.085514
vt 0.133316 0.100666
vt 0.137513 0.099328
vt 0.138719 0.034939
vt 0.403259 0.664114
vt 0.403259 0.692094
vt 0.410692 0.692094
vt 0.410692 0.664114
vt 0.403464 0.045339
vt 0.383296 0.445903
vt 0.383296 0.473882
vt 0.390242 0.473882
vt 0.390242 0.445903
vt 0.395274 0.871665
vt 0.395274 0.899644
vt 0.402983 0.899644
vt 0.402983 0.871665
vt 0.866559 0.430923
vt 0.854430 0.430924
vt 0.866559 0.432021
vt 0.854430 0.432020
vt 0.863549 0.724421
vt 0.874369 0.724421
vt 0.862415 0.723295
vt 0.874370 0.723295
vt 0.854430 0.430924
vt 0.854430 0.419060
vt 0.854430 0.432020
vt 0.851936 0.279137
vt 0.851936 0.266030
vt 0.850739 0.266030
vt 0.850739 0.266030
vt 0.838459 0.266030
vt 0.838459 0.280515
vt 0.850740 0.280517
vt 0.850740 0.278705
vt 0.854430 0.418841
vt 0.866559 0.417231
vt 0.854430 0.416854
vt 0.851936 0.274496
vt 0.854430 0.415823
vt 0.850740 0.281541
vt 0.850740 0.288617
vt 0.850740 0.288606
vt 0.851936 0.288654
vt 0.854430 0.408996
vt 0.866559 0.408184
vt 0.854430 0.407890
vt 0.851936 0.281541
vt 0.838459 0.289857
vt 0.854430 0.409044
vt 0.854430 0.405944
vt 0.850740 0.294596
vt 0.850740 0.292194
vt 0.851936 0.292194
vt 0.838459 0.297291
vt 0.854430 0.402859
vt 0.850740 0.295827
vt 0.851937 0.295827
vt 0.866559 0.401647
vt 0.854430 0.401144
vt 0.850740 0.302592
vt 0.854430 0.400224
vt 0.850740 0.299155
vt 0.851936 0.299155
vt 0.838459 0.304903
vt 0.854430 0.397708
vt 0.850740 0.302407
vt 0.866559 0.395810
vt 0.854430 0.396536
vt 0.851936 0.302407
vt 0.854430 0.395586
vt 0.850740 0.305150
vt 0.851936 0.305150
vt 0.850740 0.311375
vt 0.838459 0.313011
vt 0.854430 0.393238
vt 0.854430 0.390472
vt 0.854430 0.390829
vt 0.866559 0.389491
vt 0.851936 0.308241
vt 0.850739 0.308241
vt 0.850740 0.311808
vt 0.851936 0.311808
vt 0.854430 0.387217
vt 0.850740 0.315765
vt 0.851936 0.315765
vt 0.850740 0.330015
vt 0.854430 0.377945
vt 0.854430 0.377928
vt 0.854430 0.374430
vt 0.850740 0.326141
vt 0.851936 0.326123
vt 0.838459 0.331551
vt 0.854430 0.373545
vt 0.866559 0.372897
vt 0.850740 0.330821
vt 0.851936 0.330821
vt 0.850739 0.347408
vt 0.854430 0.365891
vt 0.854430 0.357977
vt 0.850740 0.338995
vt 0.851936 0.338995
vt 0.838459 0.358909
vt 0.854430 0.353024
vt 0.850739 0.352772
vt 0.851936 0.352772
vt 0.854430 0.365890
vt 0.866559 0.347370
vt 0.850740 0.367899
vt 0.854430 0.338813
vt 0.854430 0.327559
vt 0.851936 0.367899
vt 0.838459 0.391224
vt 0.850740 0.391755
vt 0.850740 0.380281
vt 0.851936 0.380281
vt 0.854430 0.327222
vt 0.866559 0.324234
vt 0.854430 0.316959
vt 0.854430 0.317865
vt 0.850740 0.390434
vt 0.851936 0.391934
vt 0.854430 0.301696
vt 0.850740 0.407310
vt 0.866559 0.302144
vt 0.851936 0.407310
vt 0.850740 0.445511
vt 0.854430 0.284861
vt 0.854430 0.265765
vt 0.851936 0.425172
vt 0.838459 0.446621
vt 0.854430 0.264752
vt 0.850739 0.425172
vt 0.850740 0.446621
vt 0.866559 0.264752
vt 0.851936 0.446621
vt 0.838459 0.473232
vt 0.850740 0.476583
vt 0.854430 0.246568
vt 0.866559 0.240134
vt 0.854430 0.237033
vt 0.850740 0.466142
vt 0.851936 0.466142
vt 0.854430 0.228881
vt 0.850740 0.485189
vt 0.851936 0.485189
vt 0.838459 0.509060
vt 0.850739 0.509060
vt 0.854430 0.206852
vt 0.851936 0.509060
vt 0.866559 0.206852
vt 0.838459 0.531191
vt 0.850740 0.531191
vt 0.854430 0.186643
vt 0.854430 0.186643
vt 0.866559 0.186643
vt 0.851936 0.531191
vt 0.838459 0.560220
vt 0.850740 0.560563
vt 0.854430 0.170465
vt 0.866559 0.159839
vt 0.854430 0.159473
vt 0.851936 0.548904
vt 0.854430 0.162273
vt 0.850739 0.548904
vt 0.850740 0.557681
vt 0.851936 0.557681
vt 0.854430 0.157402
vt 0.850740 0.562565
vt 0.851936 0.562565
vt 0.838459 0.570390
vt 0.850739 0.570816
vt 0.854430 0.153340
vt 0.854430 0.151051
vt 0.850739 0.569402
vt 0.851936 0.566420
vt 0.866559 0.150356
vt 0.854430 0.149955
vt 0.854430 0.150771
vt 0.851936 0.569767
vt 0.854430 0.148611
vt 0.850740 0.572410
vt 0.851936 0.572410
vt 0.838459 0.575425
vt 0.850739 0.575426
vt 0.854430 0.145915
vt 0.851936 0.575426
vt 0.866559 0.145915
vt 0.855662 0.707588
vt 0.867971 0.707588
vt 0.867971 0.703811
vt 0.855662 0.703642
vt 0.901487 0.412761
vt 0.901487 0.417030
vt 0.901487 0.414988
vt 0.900497 0.412761
vt 0.900497 0.414988
vt 0.890364 0.412761
vt 0.890364 0.415765
vt 0.900497 0.415913
vt 0.854430 0.707588
vt 0.854430 0.704804
vt 0.855662 0.704804
vt 0.855662 0.702082
vt 0.900497 0.417030
vt 0.854430 0.702082
vt 0.855662 0.694115
vt 0.900497 0.419956
vt 0.901487 0.422654
vt 0.900497 0.423599
vt 0.855662 0.695229
vt 0.854430 0.698457
vt 0.867971 0.692814
vt 0.900497 0.422991
vt 0.890364 0.424762
vt 0.854430 0.694826
vt 0.901487 0.426331
vt 0.855662 0.691048
vt 0.900497 0.426331
vt 0.855662 0.660722
vt 0.855662 0.678851
vt 0.900497 0.436479
vt 0.901487 0.436479
vt 0.900497 0.451237
vt 0.854430 0.691048
vt 0.854430 0.678851
vt 0.867971 0.655610
vt 0.900497 0.455437
vt 0.901487 0.455437
vt 0.890364 0.455437
vt 0.855662 0.655610
vt 0.854430 0.655610
vt 0.867971 0.613636
vt 0.855662 0.608557
vt 0.900497 0.483656
vt 0.901487 0.483656
vt 0.890364 0.489916
vt 0.900497 0.494093
vt 0.855662 0.621244
vt 0.854430 0.621244
vt 0.901487 0.514848
vt 0.900497 0.514848
vt 0.855662 0.583264
vt 0.854430 0.583264
vt 0.867971 0.518394
vt 0.855662 0.512157
vt 0.900497 0.556865
vt 0.901487 0.556865
vt 0.890364 0.568184
vt 0.900497 0.573298
vt 0.855662 0.532206
vt 0.854430 0.532206
vt 0.855662 0.496857
vt 0.854430 0.496857
vt 0.900497 0.585852
vt 0.901487 0.585852
vt 0.867971 0.461086
vt 0.855662 0.461086
vt 0.854430 0.461086
vt 0.900497 0.615114
vt 0.901487 0.615114
vt 0.890364 0.615114
vt 0.867971 0.444977
vt 0.855662 0.444906
vt 0.855662 0.444941
vt 0.900497 0.629583
vt 0.901487 0.629457
vt 0.890364 0.630753
vt 0.900497 0.629584
vt 0.854430 0.444814
vt 0.867971 0.439038
vt 0.855662 0.438113
vt 0.901487 0.632966
vt 0.855662 0.441005
vt 0.854430 0.441005
vt 0.900497 0.632966
vt 0.900497 0.634519
vt 0.855662 0.436571
vt 0.854430 0.436571
vt 0.900497 0.635324
vt 0.901487 0.635324
vt 0.890364 0.637377
vt 0.867971 0.432021
vt 0.855662 0.432021
vt 0.900497 0.637390
vt 0.901488 0.638116
vt 0.854430 0.433217
vt 0.862415 0.999169
vt 0.863549 1.000000
vt 0.863549 0.997433
vt 0.859719 0.708603
vt 0.858425 0.707588
vt 0.858425 0.709549
vt 0.859719 0.709549
vt 0.846445 0.707588
vt 0.846445 0.711927
vt 0.858425 0.711181
vt 0.862415 0.997433
vt 0.863549 0.999991
vt 0.874369 0.999995
vt 0.874369 0.994111
vt 0.863549 0.993684
vt 0.858425 0.711836
vt 0.859719 0.711836
vt 0.862415 0.994838
vt 0.863549 0.994838
vt 0.863549 0.992731
vt 0.858425 0.713631
vt 0.859719 0.713631
vt 0.858425 0.715012
vt 0.862415 0.992731
vt 0.874369 0.985493
vt 0.863548 0.984752
vt 0.863549 0.989055
vt 0.862415 0.990751
vt 0.858425 0.715338
vt 0.859719 0.718139
vt 0.858425 0.718253
vt 0.862415 0.988608
vt 0.846445 0.722641
vt 0.859719 0.720968
vt 0.863549 0.984956
vt 0.863548 0.982418
vt 0.858425 0.723295
vt 0.862415 0.984956
vt 0.859719 0.723962
vt 0.858425 0.720968
vt 0.858425 0.723962
vt 0.862415 0.982418
vt 0.874369 0.968388
vt 0.863549 0.965095
vt 0.858425 0.733741
vt 0.859719 0.733741
vt 0.858425 0.743301
vt 0.863549 0.973670
vt 0.862415 0.973670
vt 0.858425 0.757889
vt 0.859719 0.757889
vt 0.863549 0.951663
vt 0.862415 0.951663
vt 0.846445 0.757889
vt 0.874369 0.908991
vt 0.863549 0.913881
vt 0.858425 0.783984
vt 0.859719 0.783984
vt 0.863549 0.927760
vt 0.846445 0.804436
vt 0.858425 0.799124
vt 0.862415 0.927760
vt 0.859719 0.808027
vt 0.863549 0.905699
vt 0.863549 0.848962
vt 0.858425 0.873820
vt 0.859719 0.839575
vt 0.863549 0.876668
vt 0.862415 0.876668
vt 0.858425 0.808027
vt 0.858425 0.839575
vt 0.858425 0.869692
vt 0.862415 0.905699
vt 0.874369 0.840084
vt 0.859719 0.873820
vt 0.863549 0.845166
vt 0.846445 0.879151
vt 0.862415 0.845166
vt 0.863549 0.806042
vt 0.858425 0.896961
vt 0.859719 0.896961
vt 0.858425 0.916524
vt 0.863549 0.823761
vt 0.862415 0.823761
vt 0.874370 0.801475
vt 0.858425 0.921301
vt 0.859719 0.921301
vt 0.863549 0.801475
vt 0.862415 0.801475
vt 0.846445 0.921301
vt 0.874369 0.762888
vt 0.863549 0.762714
vt 0.858425 0.946873
vt 0.859719 0.947307
vt 0.863549 0.777426
vt 0.862415 0.777829
vt 0.846445 0.962478
vt 0.858425 0.962620
vt 0.858425 0.960851
vt 0.859719 0.960848
vt 0.863549 0.764552
vt 0.862415 0.764550
vt 0.859719 0.963195
vt 0.858425 0.963195
vt 0.862415 0.762014
vt 0.874369 0.757129
vt 0.863549 0.757807
vt 0.858425 0.965341
vt 0.859719 0.965340
vt 0.863549 0.762014
vt 0.863549 0.759465
vt 0.846445 0.966186
vt 0.858425 0.966581
vt 0.862415 0.759465
vt 0.859719 0.967336
vt 0.863549 0.756585
vt 0.862415 0.756585
vt 0.858425 0.967336
vt 0.863548 0.752089
vt 0.863548 0.753788
vt 0.858425 0.969933
vt 0.859719 0.969933
vt 0.846444 0.970977
vt 0.858425 0.971404
vt 0.862415 0.753788
vt 0.874369 0.750392
vt 0.858425 0.972098
vt 0.859719 0.972098
vt 0.863548 0.751220
vt 0.862415 0.751220
vt 0.863549 0.746215
vt 0.863549 0.748293
vt 0.862415 0.748293
vt 0.858425 0.974692
vt 0.846444 0.976229
vt 0.858425 0.976467
vt 0.874369 0.745277
vt 0.859719 0.974692
vt 0.859719 0.976646
vt 0.863549 0.745497
vt 0.862415 0.745282
vt 0.858425 0.976646
vt 0.863548 0.737952
vt 0.859719 0.981267
vt 0.859719 0.979806
vt 0.863549 0.743122
vt 0.863549 0.740904
vt 0.858425 0.978088
vt 0.858425 0.981267
vt 0.846445 0.984850
vt 0.858425 0.984769
vt 0.862415 0.740904
vt 0.874369 0.737272
vt 0.858425 0.984153
vt 0.859719 0.984153
vt 0.863548 0.738335
vt 0.862415 0.738335
vt 0.858425 0.986960
vt 0.859719 0.986960
vt 0.863549 0.736036
vt 0.862415 0.736036
vt 0.858425 0.990663
vt 0.859719 0.990679
vt 0.863549 0.732665
vt 0.862415 0.732681
vt 0.858425 1.000000
vt 0.874369 0.724421
vt 0.859719 1.000000
vt 0.846445 1.000000
vt 0.937352 0.039097
vt 0.939448 0.039097
vt 0.938477 0.008180
vt 0.936852 0.010489
vt 0.621891 0.483615
vt 0.309282 0.085514
vt 0.310366 0.085514
vt 0.309864 0.054441
vt 0.308968 0.056175
vt 0.956693 0.173880
vt 0.958788 0.173880
vt 0.957748 0.142611
vt 0.956709 0.147103
vt 0.802533 0.049447
vt 0.803609 0.023127
vt 0.802809 0.020539
vt 0.803617 0.049447
vt 0.804010 0.019614
vt 0.804984 0.017393
vt 0.804084 0.016648
vt 0.934728 0.006969
vt 0.308347 0.050609
vt 0.307435 0.051336
vt 0.127196 0.043465
vt 0.128028 0.042982
vt 0.124371 0.041128
vt 0.280700 0.054877
vt 0.275743 0.056554
vt 0.276728 0.056959
vt 0.266744 0.027348
vt 0.262733 0.029314
vt 0.262534 0.030320
vt 0.121821 0.039867
vt 0.272804 0.058044
vt 0.273743 0.058472
vt 0.259733 0.030836
vt 0.259523 0.031846
vt 0.968069 0.142852
vt 0.967097 0.143324
vt 0.967786 0.145571
vt 0.968871 0.145498
vt 0.928854 0.006479
vt 0.927915 0.005961
vt 0.926414 0.009930
vt 0.927499 0.009881
vt 0.170149 0.055197
vt 0.169139 0.055715
vt 0.169827 0.059345
vt 0.170907 0.058945
vt 0.928300 0.047680
vt 0.966260 0.179738
vt 0.079865 0.047797
vt 0.080655 0.082436
vt 0.081784 0.082918
vt 0.927380 0.042929
vt 0.169021 0.095143
vt 0.170419 0.092173
vt 0.968719 0.177682
vt 0.169938 0.096810
vt 0.964496 0.182624
vt 0.081727 0.085638
vt 0.082642 0.084924
vt 0.167692 0.099187
vt 0.168609 0.099896
vt 0.132694 0.287373
vt 0.133445 0.287896
vt 0.136091 0.286555
vt 0.135804 0.285796
vt 0.146778 0.314068
vt 0.146705 0.315009
vt 0.149810 0.313435
vt 0.140393 0.284374
vt 0.140580 0.283375
vt 0.154549 0.310991
vt 0.951137 0.103774
vt 0.952136 0.103208
vt 0.951369 0.099831
vt 0.950286 0.100026
vt 0.939110 0.045987
vt 0.942556 0.042807
vt 0.940554 0.040818
vt 0.955601 0.182808
vt 0.956530 0.182266
vt 0.954676 0.178005
vt 0.953590 0.177950
vt 0.951373 0.094434
vt 0.950254 0.094504
vt 0.954674 0.177901
vt 0.952719 0.083544
vt 0.940353 0.026371
vt 0.424176 0.047046
vt 0.427349 0.030616
vt 0.426320 0.030241
vt 0.954689 0.161047
vt 0.952678 0.161262
vt 0.957698 0.074576
vt 0.737250 0.992590
vt 0.738295 0.992239
vt 0.735726 0.983268
vt 0.734650 0.983509
vt 0.432280 0.021447
vt 0.431196 0.021273
vt 0.951359 0.152024
vt 0.950254 0.152199
vt 0.896527 0.878069
vt 0.902704 0.890342
vt 0.904748 0.889353
vt 0.898577 0.877095
vt 0.336564 0.085514
vt 0.336036 0.054209
vt 0.829815 0.049447
vt 0.830207 0.019618
vt 0.804008 0.019628
vt 0.939437 0.012422
vt 0.958778 0.147482
vt 0.959637 0.143641
vt 0.115948 0.070693
vt 0.129230 0.044495
vt 0.114019 0.070551
vt 0.935809 0.004919
vt 0.283654 0.052543
vt 0.270373 0.026346
vt 0.962474 0.140951
vt 0.960749 0.139046
vt 0.110329 0.068729
vt 0.931829 0.004515
vt 0.931685 0.006139
vt 0.965401 0.139297
vt 0.966279 0.141056
vt 0.107833 0.067454
vt 0.929161 0.008069
vt 0.968376 0.141262
vt 0.107485 0.045694
vt 0.080294 0.045233
vt 0.927499 0.009879
vt 0.928358 0.010646
vt 0.968874 0.145170
vt 0.969735 0.144891
vt 0.196346 0.055196
vt 0.170150 0.055202
vt 0.170968 0.065874
vt 0.107985 0.082950
vt 0.929389 0.042162
vt 0.169940 0.096795
vt 0.196136 0.096811
vt 0.930098 0.046201
vt 0.131758 0.288752
vt 0.145042 0.314948
vt 0.135471 0.286869
vt 0.931021 0.050595
vt 0.932053 0.048489
vt 0.069179 0.035145
vt 0.055897 0.061342
vt 0.058542 0.063521
vt 0.072498 0.035991
vt 0.967890 0.181947
vt 0.965524 0.184734
vt 0.934450 0.050887
vt 0.935134 0.049165
vt 0.062225 0.065443
vt 0.076222 0.037823
vt 0.962097 0.183948
vt 0.962780 0.185669
vt 0.937802 0.049743
vt 0.959428 0.184525
vt 0.940700 0.047484
vt 0.067575 0.068131
vt 0.081555 0.040549
vt 0.957291 0.181281
vt 0.423262 0.051537
vt 0.450426 0.052051
vt 0.955609 0.177272
vt 0.952134 0.103200
vt 0.978333 0.103203
vt 0.977529 0.094546
vt 0.451504 0.041158
vt 0.975493 0.083895
vt 0.449099 0.030511
vt 0.970584 0.074814
vt 0.906061 0.895477
vt 0.907078 0.894961
vt 0.444098 0.021447
vt 0.895373 0.871874
vt 0.894356 0.872390
vt 0.683321 0.378120
vt 0.684284 0.362654
vt 0.682973 0.362654
vt 0.684578 0.378120
vt 0.685582 0.362654
vt 0.685776 0.378120
vt 0.687259 0.362654
vt 0.691371 0.378120
vt 0.691373 0.362654
vt 0.690455 0.362654
vt 0.691887 0.387430
vt 0.692502 0.383555
vt 0.691423 0.383770
vt 0.691293 0.386237
vt 0.690720 0.380059
vt 0.689948 0.380875
vt 0.688217 0.378435
vt 0.687876 0.379530
vt 0.685238 0.378278
vt 0.685409 0.379400
vt 0.681742 0.380059
vt 0.682514 0.380875
vt 0.679960 0.383555
vt 0.681039 0.383770
vt 0.680574 0.387430
vt 0.681169 0.386237
vt 0.682514 0.388310
vt 0.682453 0.389748
vt 0.685238 0.390818
vt 0.685408 0.389785
vt 0.689113 0.390205
vt 0.687876 0.389654
vt 0.689948 0.388310
vt 0.689948 0.352591
vt 0.691887 0.353382
vt 0.689113 0.350607
vt 0.687876 0.351247
vt 0.685409 0.351117
vt 0.685238 0.349994
vt 0.682514 0.352591
vt 0.682453 0.351064
vt 0.680575 0.353382
vt 0.681169 0.354664
vt 0.681039 0.357132
vt 0.679960 0.357258
vt 0.682514 0.360026
vt 0.681742 0.360754
vt 0.685409 0.361501
vt 0.685238 0.362535
vt 0.687876 0.361371
vt 0.688217 0.362378
vt 0.689948 0.360026
vt 0.690720 0.360754
vt 0.691423 0.357132
vt 0.692502 0.357258
vt 0.691293 0.354664
vt 0.691090 0.385566
vt 0.688315 0.380004
vt 0.689721 0.360149
vt 0.691202 0.355637
vt 0.682348 0.381420
vt 0.684586 0.377578
vt 0.687894 0.377580
vt 0.681801 0.386947
vt 0.687666 0.389460
vt 0.686321 0.351277
vt 0.682480 0.352626
vt 0.681381 0.357729
vt 0.684515 0.361138
vt 0.684568 0.363321
vt 0.687876 0.363323
vt 0.681089 0.378120
vt 0.681883 0.362654
vt 0.687260 0.378120
vt 0.689316 0.378120
vt 0.681089 0.362654
vt 0.687261 0.378120
vt 0.687774 0.376457
vt 0.687774 0.364317
vt 0.687261 0.362654
vt 0.688802 0.376457
vt 0.689315 0.378120
vt 0.689315 0.362654
vt 0.688802 0.364317
vt 0.689317 0.362654
vt 0.686231 0.377374
vt 0.687920 0.377525
vt 0.684736 0.363370
vt 0.686231 0.363527
vt 0.688031 0.362654
vt 0.687260 0.362654
vt 0.687774 0.362654
vt 0.688802 0.362654
vt 0.689316 0.362654
vt 0.687260 0.378120
vt 0.688031 0.378120
vt 0.687774 0.378120
vt 0.688288 0.378120
vt 0.688802 0.378120
vt 0.689316 0.378120
vt 0.684588 0.377577
vt 0.684587 0.363323
vt 0.687877 0.363324
vt 0.687876 0.377578
vt 0.688288 0.364317
vt 0.688288 0.362654
vt 0.688149 0.364317
vt 0.688427 0.362654
vt 0.688288 0.376457
vt 0.688149 0.378120
vt 0.688427 0.376457
vt 0.031933 0.605557
vt 0.039779 0.606332
vt 0.039794 0.575779
vt 0.032019 0.575787
vt 0.718701 0.817469
vt 0.727441 0.817519
vt 0.727020 0.801164
vt 0.719172 0.801132
vt 0.991591 0.664548
vt 0.974195 0.652242
vt 0.974189 0.685717
vt 0.987233 0.684435
vt 0.403850 0.375516
vt 0.395282 0.375518
vt 0.395701 0.387597
vt 0.403441 0.387596
vt 0.970195 0.684484
vt 0.970348 0.718088
vt 0.987599 0.705656
vt 0.983245 0.685784
vt 0.987578 0.716771
vt 0.991520 0.653542
vt 0.199662 0.051564
vt 0.199635 0.085032
vt 0.202404 0.084553
vt 0.199651 0.092482
vt 0.758870 0.029805
vt 0.742659 0.029196
vt 0.742661 0.058036
vt 0.758518 0.057762
vt 0.472205 0.004874
vt 0.455150 0.003704
vt 0.455144 0.047366
vt 0.472180 0.046185
vt 0.990675 0.385400
vt 0.990675 0.356560
vt 0.974489 0.385022
vt 0.031919 0.032536
vt 0.031929 0.076175
vt 0.049263 0.074607
vt 0.049313 0.034219
vt 0.974322 0.357366
vt 0.758996 0.039748
vt 0.758992 0.057313
vt 0.974353 0.367146
vt 0.635386 0.301999
vt 0.615812 0.316732
vt 0.610877 0.340559
vt 0.635385 0.340455
vt 0.510682 0.057442
vt 0.491109 0.042706
vt 0.491109 0.081162
vt 0.515617 0.081269
vt 0.739206 0.566255
vt 0.714687 0.566126
vt 0.714687 0.622829
vt 0.739205 0.622713
vt 0.759168 0.058162
vt 0.734650 0.058039
vt 0.734650 0.114742
vt 0.759168 0.114625
vt 0.515617 0.042614
vt 0.610877 0.301904
vt 0.004476 0.562498
vt 0.000158 0.569209
vt 0.038659 0.569176
vt 0.034352 0.562495
vt 0.038630 0.512976
vt 0.034232 0.519760
vt 0.000188 0.512946
vt 0.004548 0.519754
vt 0.947729 0.364073
vt 0.950245 0.366812
vt 0.961819 0.365497
vt 0.960188 0.360505
vt 0.942445 0.375845
vt 0.946148 0.375528
vt 0.948643 0.387071
vt 0.950792 0.384016
vt 0.964263 0.387888
vt 0.960115 0.386332
vt 0.968307 0.377199
vt 0.971461 0.371609
vt 0.845752 0.945880
vt 0.838461 0.938795
vt 0.838459 0.954508
vt 0.845753 0.934693
vt 0.845755 0.923274
vt 0.838462 0.924319
vt 0.845756 0.909232
vt 0.838464 0.909166
vt 0.845751 0.954477
vt 0.728132 0.279842
vt 0.729209 0.284746
vt 0.742222 0.281266
vt 0.740591 0.276274
vt 0.722849 0.291613
vt 0.727718 0.295772
vt 0.729046 0.302840
vt 0.738267 0.301966
vt 0.744667 0.303656
vt 0.748711 0.292968
vt 0.751864 0.287377
vt 0.853737 0.707580
vt 0.853738 0.695762
vt 0.846444 0.707619
vt 0.846446 0.690361
vt 0.853740 0.679555
vt 0.846448 0.674200
vt 0.853741 0.662343
vt 0.846449 0.662382
vt 0.246537 0.042396
vt 0.243031 0.038822
vt 0.232895 0.047549
vt 0.236286 0.049016
vt 0.233507 0.059996
vt 0.236620 0.058046
vt 0.244110 0.068078
vt 0.244808 0.064466
vt 0.256576 0.064543
vt 0.254063 0.061799
vt 0.261900 0.052713
vt 0.257466 0.050853
vt 0.255651 0.041444
vt 0.841760 0.855453
vt 0.834467 0.853059
vt 0.834466 0.864081
vt 0.841761 0.844170
vt 0.834469 0.842103
vt 0.841762 0.832847
vt 0.834470 0.827433
vt 0.841763 0.818805
vt 0.834471 0.818837
vt 0.841759 0.864050
vt 0.459799 0.050976
vt 0.461833 0.047640
vt 0.448499 0.056244
vt 0.451890 0.057712
vt 0.449111 0.068692
vt 0.452224 0.066741
vt 0.462853 0.076386
vt 0.460412 0.073162
vt 0.469667 0.070495
vt 0.476335 0.067803
vt 0.473805 0.061734
vt 0.475727 0.055234
vt 0.469135 0.053206
vt 0.166999 0.539036
vt 0.167000 0.527218
vt 0.159707 0.528263
vt 0.159707 0.539038
vt 0.167002 0.510727
vt 0.159709 0.515345
vt 0.159710 0.502426
vt 0.167003 0.493799
vt 0.159711 0.493830
vt 0.455166 0.170797
vt 0.455167 0.188283
vt 0.503051 0.184899
vt 0.455192 0.194489
vt 0.503024 0.194489
vt 0.847925 0.204817
vt 0.842611 0.204816
vt 0.842611 0.252648
vt 0.847925 0.252649
vt 0.698745 0.123806
vt 0.698718 0.133396
vt 0.746602 0.130012
vt 0.746577 0.123806
vt 0.746603 0.147498
vt 0.698718 0.163831
vt 0.746603 0.177932
vt 0.698719 0.181315
vt 0.698744 0.187523
vt 0.746576 0.187523
vt 0.995654 0.028210
vt 0.990339 0.028209
vt 0.990339 0.076042
vt 0.995654 0.076043
vt 0.455193 0.130772
vt 0.455166 0.140362
vt 0.503050 0.136978
vt 0.503025 0.130772
vt 0.503051 0.154464
vt 0.945500 0.222768
vt 0.942263 0.223773
vt 0.945369 0.242059
vt 0.826517 0.301424
vt 0.829456 0.302011
vt 0.828815 0.291198
vt 0.670702 0.540150
vt 0.673320 0.539941
vt 0.670581 0.519598
vt 0.669277 0.497738
vt 0.668926 0.507330
vt 0.665747 0.499564
vt 0.660536 0.494084
vt 0.654274 0.488117
vt 0.653292 0.490883
vt 0.644803 0.489860
vt 0.663060 0.491237
vt 0.674672 0.540192
vt 0.674389 0.518567
vt 0.672711 0.506586
vt 0.990180 0.422962
vt 0.993389 0.424406
vt 0.993842 0.415654
vt 0.990852 0.414899
vt 0.991060 0.405399
vt 0.013574 0.877413
vt 0.011446 0.876703
vt 0.010040 0.898088
vt 0.997316 0.405399
vt 0.005271 0.894944
vt 0.002742 0.908389
vt 0.008086 0.909328
vt 0.001202 0.917135
vt 0.006544 0.918069
vt 0.000012 0.923921
vt 0.005327 0.924848
vt 0.007352 0.874534
vt 0.996334 0.423832
vt 0.997057 0.415380
vt 0.207531 0.178599
vt 0.204862 0.178366
vt 0.204991 0.212836
vt 0.207287 0.199700
vt 0.202123 0.221364
vt 0.196095 0.228141
vt 0.193571 0.225294
vt 0.186631 0.229467
vt 0.187586 0.232227
vt 0.177662 0.230588
vt 0.203560 0.178581
vt 0.203407 0.200531
vt 0.201786 0.211876
vt 0.198607 0.219642
vt 0.823302 0.302881
vt 0.822754 0.295049
vt 0.947721 0.222786
vt 0.950932 0.243288
vt 0.828538 0.278506
vt 0.948560 0.260147
vt 0.952982 0.253987
vt 0.954351 0.261756
vt 0.949979 0.268162
vt 0.955301 0.267235
vt 0.940671 0.221972
vt 0.671977 0.540123
vt 0.015149 0.875634
vt 0.206255 0.178277
vt 0.948591 0.220583
vt 0.939903 0.214851
vt 0.939689 0.222139
vt 0.938488 0.219537
vt 0.673396 0.547207
vt 0.016136 0.875794
vt 0.017357 0.872917
vt 0.013150 0.867135
vt 0.008946 0.867277
vt 0.006252 0.874051
vt 0.006013 0.871196
vt 0.204836 0.172844
vt 0.949572 0.220396
vt 0.949736 0.217275
vt 0.943805 0.213281
vt 0.671977 0.547186
vt 0.015915 0.868592
vt 0.946901 0.213704
vt 0.206255 0.172856
vt 0.939045 0.215092
vt 0.016780 0.868748
vt 0.008057 0.867210
vt 0.883993 0.889766
vt 0.885412 0.889960
vt 0.885412 0.888825
vt 0.947767 0.213555
vt 0.941276 0.213676
vt 0.884728 0.880103
vt 0.882715 0.880967
vt 0.886691 0.880967
vt 0.014566 0.867334
vt 0.010639 0.866641
vt 0.882715 0.887962
vt 0.945203 0.212983
vt 0.209426 0.899423
vt 0.209557 0.918714
vt 0.212663 0.900428
vt 0.826517 0.271136
vt 0.829456 0.270549
vt 0.618904 0.540150
vt 0.619025 0.519599
vt 0.616287 0.539941
vt 0.620681 0.507330
vt 0.620328 0.497738
vt 0.623859 0.499564
vt 0.629072 0.494086
vt 0.627239 0.491920
vt 0.636315 0.490883
vt 0.644803 0.486882
vt 0.635302 0.488111
vt 0.615218 0.518567
vt 0.614934 0.540192
vt 0.616895 0.506586
vt 0.626371 0.491064
vt 0.990180 0.387835
vt 0.990852 0.395898
vt 0.993842 0.395142
vt 0.993389 0.386391
vt 0.523022 0.153375
vt 0.526555 0.174050
vt 0.525149 0.152665
vt 0.531324 0.170906
vt 0.528509 0.185290
vt 0.533853 0.184352
vt 0.530051 0.194031
vt 0.535393 0.193097
vt 0.531268 0.200811
vt 0.536583 0.199883
vt 0.529243 0.150496
vt 0.997057 0.395417
vt 0.996334 0.386965
vt 0.147793 0.178600
vt 0.148038 0.199700
vt 0.150333 0.212836
vt 0.150462 0.178366
vt 0.153202 0.221364
vt 0.159228 0.228143
vt 0.168503 0.229429
vt 0.167681 0.232238
vt 0.177662 0.233565
vt 0.161753 0.225294
vt 0.151917 0.200531
vt 0.151764 0.178581
vt 0.153538 0.211876
vt 0.156717 0.219642
vt 0.823302 0.269679
vt 0.822668 0.277303
vt 0.822488 0.286280
vt 0.207206 0.899441
vt 0.203994 0.919942
vt 0.201944 0.930642
vt 0.206367 0.936802
vt 0.200575 0.938411
vt 0.199625 0.943890
vt 0.204948 0.944817
vt 0.214255 0.898627
vt 0.617629 0.540122
vt 0.521446 0.151596
vt 0.149069 0.178277
vt 0.206336 0.897238
vt 0.215024 0.891506
vt 0.215238 0.898794
vt 0.216439 0.896192
vt 0.616210 0.547207
vt 0.519238 0.148879
vt 0.520459 0.151756
vt 0.523444 0.143097
vt 0.527649 0.143239
vt 0.530343 0.150014
vt 0.530582 0.147158
vt 0.150488 0.172844
vt 0.205191 0.893930
vt 0.205354 0.897051
vt 0.211121 0.889936
vt 0.617629 0.547186
vt 0.520680 0.144555
vt 0.208025 0.890359
vt 0.149069 0.172856
vt 0.215882 0.891747
vt 0.519815 0.144710
vt 0.528538 0.143172
vt 0.877427 0.870310
vt 0.876008 0.869370
vt 0.876008 0.870504
vt 0.207159 0.890210
vt 0.213650 0.890331
vt 0.876692 0.860647
vt 0.878706 0.861511
vt 0.874729 0.861511
vt 0.522029 0.143296
vt 0.525956 0.142603
vt 0.878706 0.868506
vt 0.209723 0.889638
vt 0.527517 0.031838
vt 0.527024 0.035968
vt 0.538596 0.034652
vt 0.519223 0.045000
vt 0.523685 0.046931
vt 0.525420 0.056226
vt 0.532279 0.055579
vt 0.538062 0.058940
vt 0.541534 0.052912
vt 0.548523 0.047064
vt 0.545673 0.044151
vt 0.543124 0.032556
vt 0.997474 0.325675
vt 0.990182 0.318589
vt 0.990180 0.334303
vt 0.997475 0.314487
vt 0.997476 0.303068
vt 0.990183 0.304113
vt 0.997477 0.289026
vt 0.990185 0.288961
vt 0.997472 0.334271
vt 0.875861 0.036286
vt 0.878378 0.039025
vt 0.889950 0.037709
vt 0.888319 0.032716
vt 0.870577 0.048056
vt 0.875039 0.049987
vt 0.876775 0.059283
vt 0.883634 0.058635
vt 0.889417 0.061997
vt 0.892889 0.055968
vt 0.899558 0.053276
vt 0.897027 0.047207
vt 0.898949 0.040709
vt 0.997473 0.715386
vt 0.990181 0.712992
vt 0.990180 0.724014
vt 0.997475 0.704198
vt 0.990183 0.702097
vt 0.997476 0.692780
vt 0.990184 0.687366
vt 0.997477 0.678738
vt 0.990185 0.678769
vt 0.997472 0.723983
vt 0.536484 0.367119
vt 0.539001 0.369858
vt 0.548251 0.367173
vt 0.548943 0.363550
vt 0.531201 0.378890
vt 0.535663 0.380822
vt 0.537398 0.390116
vt 0.546620 0.389243
vt 0.550041 0.392830
vt 0.560181 0.384110
vt 0.556794 0.382634
vt 0.559573 0.371542
vt 0.556482 0.373511
vt 0.358647 0.315051
vt 0.351356 0.306198
vt 0.351354 0.323679
vt 0.358649 0.302133
vt 0.358650 0.289215
vt 0.351358 0.288531
vt 0.358651 0.278440
vt 0.351359 0.278434
vt 0.358646 0.323648
vt 0.953725 0.329907
vt 0.950246 0.335941
vt 0.959496 0.333255
vt 0.943250 0.341885
vt 0.946907 0.346905
vt 0.948642 0.356199
vt 0.955502 0.355552
vt 0.964263 0.357016
vt 0.966210 0.350715
vt 0.972594 0.343798
vt 0.967727 0.339595
vt 0.966346 0.332530
vt 0.039233 0.652041
vt 0.039235 0.636889
vt 0.031943 0.637933
vt 0.031941 0.651975
vt 0.039237 0.622413
vt 0.031944 0.626515
vt 0.031945 0.615326
vt 0.039238 0.606699
vt 0.031946 0.606730
vt 0.907801 0.050699
vt 0.912574 0.052413
vt 0.923226 0.048811
vt 0.902519 0.062470
vt 0.906981 0.064401
vt 0.908715 0.073695
vt 0.915576 0.073049
vt 0.921358 0.076410
vt 0.924831 0.070382
vt 0.931845 0.064407
vt 0.928968 0.061620
vt 0.924299 0.053093
vt 0.989488 0.268246
vt 0.982196 0.262832
vt 0.982195 0.276874
vt 0.989489 0.256962
vt 0.982198 0.248185
vt 0.989491 0.245639
vt 0.989492 0.231597
vt 0.982199 0.231532
vt 0.989487 0.276842
vt 0.947728 0.271460
vt 0.950245 0.274199
vt 0.959495 0.271513
vt 0.956880 0.267232
vt 0.942445 0.283231
vt 0.946060 0.280523
vt 0.947314 0.287388
vt 0.948642 0.294457
vt 0.958129 0.298104
vt 0.960116 0.293718
vt 0.967270 0.293886
vt 0.972593 0.282056
vt 0.968895 0.282382
vt 0.966345 0.270787
vt 0.989487 0.210412
vt 0.989489 0.195260
vt 0.982196 0.196305
vt 0.982195 0.210346
vt 0.989490 0.180784
vt 0.982197 0.184886
vt 0.982198 0.173698
vt 0.989492 0.165070
vt 0.982199 0.165101
vt 0.668243 0.031193
vt 0.677744 0.031473
vt 0.680701 0.027624
vt 0.667494 0.038094
vt 0.662959 0.042964
vt 0.667828 0.047122
vt 0.669156 0.054191
vt 0.678378 0.053317
vt 0.681799 0.056905
vt 0.691939 0.048184
vt 0.688821 0.044319
vt 0.691331 0.035617
vt 0.997473 0.280461
vt 0.990182 0.271608
vt 0.990180 0.289089
vt 0.997475 0.267544
vt 0.997476 0.256356
vt 0.990184 0.257266
vt 0.997477 0.243813
vt 0.990185 0.243747
vt 0.997472 0.289058
vt 0.660257 0.163881
vt 0.667418 0.164045
vt 0.672716 0.160313
vt 0.659248 0.173148
vt 0.654974 0.175652
vt 0.661170 0.186878
vt 0.665721 0.184825
vt 0.676792 0.187695
vt 0.677285 0.183564
vt 0.684022 0.171542
vt 0.681423 0.174803
vt 0.676754 0.166276
vt 0.849744 0.662471
vt 0.849746 0.647319
vt 0.842454 0.646692
vt 0.842452 0.662405
vt 0.849747 0.632843
vt 0.842455 0.632216
vt 0.849749 0.617129
vt 0.842456 0.617064
vt 0.954889 0.302495
vt 0.953725 0.299036
vt 0.943589 0.307763
vt 0.946147 0.313786
vt 0.944201 0.320211
vt 0.954804 0.328293
vt 0.955502 0.324681
vt 0.967270 0.324757
vt 0.964757 0.322014
vt 0.972594 0.312927
vt 0.968895 0.313253
vt 0.966345 0.301658
vt 0.964225 0.304726
vt 0.837766 0.348178
vt 0.837767 0.334756
vt 0.830475 0.334071
vt 0.830474 0.348113
vt 0.837768 0.325067
vt 0.830476 0.322652
vt 0.837769 0.315379
vt 0.830477 0.311464
vt 0.837771 0.302836
vt 0.830478 0.302868
vt 0.351997 0.035021
vt 0.354032 0.031685
vt 0.340697 0.040289
vt 0.344088 0.041757
vt 0.341309 0.052737
vt 0.344422 0.050785
vt 0.351912 0.060819
vt 0.352610 0.057206
vt 0.366250 0.054405
vt 0.361865 0.054540
vt 0.366003 0.045779
vt 0.367925 0.039279
vt 0.361333 0.037251
vt 0.997474 0.862160
vt 0.997475 0.849243
vt 0.990183 0.850153
vt 0.990181 0.863288
vt 0.997476 0.837824
vt 0.990184 0.838869
vt 0.997477 0.827049
vt 0.990185 0.827051
vt 0.997472 0.872257
vt 0.990180 0.872256
vt 0.965733 0.832645
vt 0.965034 0.803296
vt 0.959830 0.821455
vt 0.960260 0.831782
vt 0.965128 0.762343
vt 0.965733 0.742891
vt 0.960260 0.743753
vt 0.959830 0.754081
vt 0.993316 0.811533
vt 0.994337 0.774413
vt 0.987843 0.811023
vt 0.490496 0.059011
vt 0.479126 0.044278
vt 0.479844 0.077107
vt 0.489902 0.040693
vt 0.990343 0.878065
vt 0.989329 0.841113
vt 0.978850 0.851325
vt 0.979563 0.876951
vt 0.983850 0.841413
vt 0.983420 0.825963
vt 0.978202 0.828064
vt 0.954608 0.819258
vt 0.954293 0.779305
vt 0.954612 0.756035
vt 0.987413 0.826472
vt 0.982836 0.801360
vt 0.982195 0.824373
vt 0.983556 0.775486
vt 0.489899 0.130444
vt 0.479659 0.110127
vt 0.479119 0.127028
vt 0.490696 0.094757
vt 0.520410 0.276336
vt 0.539189 0.248271
vt 0.459451 0.264158
vt 0.487337 0.282862
vt 0.537512 0.222505
vt 0.520467 0.203087
vt 0.487436 0.196523
vt 0.480858 0.220855
vt 0.459440 0.215246
vt 0.451134 0.239693
vt 0.364774 0.068815
vt 0.359340 0.076039
vt 0.364774 0.087000
vt 0.364774 0.059114
vt 0.359340 0.063473
vt 0.644209 0.305814
vt 0.638826 0.323153
vt 0.644262 0.323229
vt 0.644209 0.340576
vt 0.878386 0.115776
vt 0.883820 0.120134
vt 0.883820 0.103132
vt 0.878386 0.103144
vt 0.878555 0.081112
vt 0.181501 0.164312
vt 0.186884 0.146974
vt 0.181449 0.146898
vt 0.181501 0.129550
vt 0.359340 0.097950
vt 0.364774 0.102705
vt 0.574943 0.054570
vt 0.574943 0.089445
vt 0.602958 0.054455
vt 0.602958 0.089330
vt 0.911834 0.120454
vt 0.911834 0.076558
vt 0.571017 0.091282
vt 0.571017 0.056405
vt 0.543002 0.091397
vt 0.543002 0.056520
vt 0.392789 0.102681
vt 0.392789 0.059010
vt 0.364774 0.058794
vt 0.364774 0.102691
vt 0.846069 0.807992
vt 0.844260 0.794290
vt 0.842452 0.823092
vt 0.822113 0.727193
vt 0.818496 0.727414
vt 0.819370 0.755918
vt 0.846069 0.764928
vt 0.842452 0.752999
vt 0.843327 0.793423
vt 0.846069 0.723889
vt 0.842452 0.724531
vt 0.806142 0.555558
vt 0.802525 0.555781
vt 0.803400 0.584285
vt 0.846069 0.842348
vt 0.843328 0.863519
vt 0.243106 0.410906
vt 0.259211 0.396810
vt 0.250725 0.391135
vt 0.233975 0.402313
vt 0.264680 0.369402
vt 0.254665 0.371386
vt 0.255187 0.350175
vt 0.247826 0.357536
vt 0.236002 0.340691
vt 0.234004 0.350703
vt 0.208584 0.346128
vt 0.214251 0.354621
vt 0.193043 0.369361
vt 0.203055 0.371358
vt 0.198481 0.396778
vt 0.204073 0.386771
vt 0.214227 0.398373
vt 0.221711 0.412320
vt 0.787834 0.161020
vt 0.798863 0.139265
vt 0.775263 0.137228
vt 0.788482 0.117793
vt 0.768550 0.113385
vt 0.751788 0.124391
vt 0.746914 0.139489
vt 0.751113 0.153703
vt 0.768137 0.164774
vt 0.956635 0.869306
vt 0.955433 0.841308
vt 0.954246 0.861924
vt 0.911528 0.870851
vt 0.912715 0.850235
vt 0.910327 0.842852
vt 0.912197 0.821249
vt 0.954765 0.890910
vt 0.811978 0.053674
vt 0.814496 0.056413
vt 0.826068 0.055097
vt 0.824437 0.050104
vt 0.806695 0.065445
vt 0.810397 0.065129
vt 0.812892 0.076671
vt 0.815042 0.073616
vt 0.828391 0.077551
vt 0.824366 0.075932
vt 0.832557 0.066800
vt 0.835743 0.061335
vt 0.829782 0.339484
vt 0.822490 0.330631
vt 0.822488 0.348112
vt 0.829783 0.326566
vt 0.829784 0.313648
vt 0.822492 0.312964
vt 0.829785 0.302873
vt 0.822493 0.302867
vt 0.829780 0.348081
vt 0.252180 0.296618
vt 0.251016 0.293159
vt 0.240881 0.301886
vt 0.244271 0.303355
vt 0.241493 0.314334
vt 0.244606 0.312383
vt 0.252095 0.322416
vt 0.255063 0.318582
vt 0.264562 0.318880
vt 0.265330 0.311968
vt 0.269885 0.307050
vt 0.263077 0.300920
vt 0.263637 0.295781
vt 0.841758 0.818829
vt 0.841760 0.807011
vt 0.834467 0.808056
vt 0.834466 0.818831
vt 0.841761 0.791074
vt 0.834469 0.795138
vt 0.834470 0.782220
vt 0.841763 0.773592
vt 0.834471 0.773623
vt 0.798532 0.342867
vt 0.800341 0.356570
vt 0.802150 0.334948
vt 0.790547 0.921218
vt 0.794165 0.920997
vt 0.793292 0.892494
vt 0.792356 0.643345
vt 0.790547 0.672037
vt 0.794165 0.663891
vt 0.794165 0.712343
vt 0.790547 0.713076
vt 0.790547 0.892184
vt 0.794165 0.891962
vt 0.793291 0.863458
vt 0.800341 0.287142
vt 0.798532 0.308508
vt 0.802150 0.301248
vt 0.354901 0.413774
vt 0.371006 0.399679
vt 0.355258 0.401257
vt 0.365436 0.389639
vt 0.376474 0.372269
vt 0.366460 0.374254
vt 0.360958 0.349019
vt 0.359621 0.360404
vt 0.345798 0.353571
vt 0.333548 0.343551
vt 0.326046 0.357489
vt 0.310298 0.359066
vt 0.314849 0.374226
vt 0.303416 0.379373
vt 0.310275 0.399645
vt 0.318766 0.393979
vt 0.333506 0.415188
vt 0.335505 0.405175
vt 0.404113 0.151574
vt 0.415812 0.134847
vt 0.390284 0.129218
vt 0.412058 0.115149
vt 0.390303 0.104119
vt 0.368830 0.114501
vt 0.364423 0.134433
vt 0.380302 0.152949
vt 0.938276 0.849864
vt 0.940121 0.863515
vt 0.940664 0.842898
vt 0.914863 0.828346
vt 0.914320 0.859375
vt 0.916708 0.841997
vt 0.916377 0.878052
vt 0.938276 0.813786
vt 0.940664 0.813900
vt 0.966224 0.575627
vt 0.967063 0.594264
vt 0.971136 0.576514
vt 0.972214 0.610361
vt 0.967326 0.629632
vt 0.971956 0.645050
vt 0.966226 0.664139
vt 0.971135 0.663326
vt 0.954322 0.629165
vt 0.955436 0.664151
vt 0.964373 0.643934
vt 0.965138 0.660806
vt 0.894371 0.945255
vt 0.895827 0.981863
vt 0.904083 0.946587
vt 0.905420 0.980123
vt 0.686597 0.239988
vt 0.668830 0.219651
vt 0.684085 0.241217
vt 0.617572 0.219614
vt 0.599749 0.239988
vt 0.602265 0.241218
vt 0.009461 0.525676
vt 0.007998 0.562283
vt 0.019035 0.527776
vt 0.017699 0.561314
vt 0.955440 0.575629
vt 0.954598 0.593869
vt 0.965127 0.579180
vt 0.964117 0.611321
vt 0.660118 0.299026
vt 0.679288 0.282250
vt 0.653393 0.273588
vt 0.687557 0.258103
vt 0.658082 0.248481
vt 0.646701 0.240993
vt 0.643173 0.210961
vt 0.632954 0.243797
vt 0.626235 0.251683
vt 0.598895 0.258150
vt 0.602185 0.275159
vt 0.619055 0.294235
vt 0.630209 0.271648
vt 0.643218 0.302495
vt 0.660814 0.262204
vt 0.625533 0.262198
vt 0.639662 0.276321
vt 0.362721 0.321935
vt 0.374158 0.329582
vt 0.392608 0.321933
vt 0.395290 0.308431
vt 0.374157 0.294300
vt 0.362720 0.301948
vt 0.512318 0.175005
vt 0.512679 0.162336
vt 0.503527 0.162336
vt 0.503149 0.177076
vt 0.751787 0.754890
vt 0.752347 0.740872
vt 0.742635 0.754516
vt 0.743194 0.740499
vt 0.508213 0.344115
vt 0.508233 0.309453
vt 0.499078 0.309375
vt 0.499077 0.343548
vt 0.756339 0.768867
vt 0.755780 0.754849
vt 0.747187 0.769225
vt 0.746628 0.755207
vt 0.512679 0.196215
vt 0.503527 0.196217
vt 0.952594 0.396603
vt 0.950738 0.393554
vt 0.943565 0.409747
vt 0.946147 0.406400
vt 0.950792 0.414887
vt 0.954804 0.420907
vt 0.960117 0.417203
vt 0.967270 0.417371
vt 0.968039 0.410458
vt 0.972594 0.405540
vt 0.965785 0.399410
vt 0.966345 0.394271
vt 0.997474 0.611399
vt 0.990182 0.607484
vt 0.990180 0.620026
vt 0.997475 0.598480
vt 0.990183 0.596296
vt 0.997476 0.587293
vt 0.990184 0.584878
vt 0.997477 0.574750
vt 0.990185 0.574790
vt 0.997472 0.619995
vt 0.335022 0.151242
vt 0.320236 0.151243
vt 0.323063 0.213021
vt 0.315757 0.151261
vt 0.315757 0.213002
vt 0.987183 0.058592
vt 0.982415 0.058591
vt 0.982415 0.120332
vt 0.987183 0.120333
vt 0.125434 0.134036
vt 0.115482 0.134017
vt 0.118771 0.195796
vt 0.125434 0.195778
vt 0.102206 0.195797
vt 0.087477 0.134016
vt 0.075518 0.195796
vt 0.072691 0.134017
vt 0.068212 0.134035
vt 0.068212 0.195777
vt 0.979197 0.019788
vt 0.974430 0.019787
vt 0.974430 0.081529
vt 0.979197 0.081530
vt 0.372979 0.151262
vt 0.363027 0.151243
vt 0.366316 0.213021
vt 0.372979 0.213003
vt 0.349751 0.213022
vt 0.400734 0.048783
vt 0.407894 0.048948
vt 0.416281 0.046958
vt 0.399985 0.055683
vt 0.396571 0.063586
vt 0.400320 0.064713
vt 0.407809 0.074746
vt 0.408508 0.071133
vt 0.420275 0.071210
vt 0.417761 0.068467
vt 0.425599 0.059380
vt 0.421900 0.059705
vt 0.417230 0.051178
vt 0.833773 0.393391
vt 0.833775 0.378239
vt 0.826483 0.379284
vt 0.826481 0.393325
vt 0.833776 0.363763
vt 0.826484 0.363149
vt 0.833778 0.348049
vt 0.826486 0.348089
vt 0.192689 0.167305
vt 0.193667 0.167311
vt 0.193369 0.139782
vt 0.191423 0.129134
vt 0.191615 0.167303
vt 0.190637 0.167311
vt 0.190336 0.139765
vt 0.993719 0.959063
vt 0.989644 0.959295
vt 0.991543 0.986861
vt 0.995501 0.986613
vt 0.566926 0.158397
vt 0.565947 0.158457
vt 0.565649 0.185939
vt 0.569179 0.174837
vt 0.567999 0.158395
vt 0.568977 0.158457
vt 0.973267 0.763340
vt 0.969198 0.763011
vt 0.967267 0.790692
vt 0.971367 0.790860
vt 0.188023 0.124511
vt 0.182640 0.122105
vt 0.176316 0.120930
vt 0.150727 0.122038
vt 0.188469 0.129980
vt 0.185630 0.126660
vt 0.179158 0.124720
vt 0.160595 0.123999
vt 0.992219 0.996678
vt 0.996326 0.996400
vt 0.992451 0.999993
vt 0.996548 0.999723
vt 0.413047 0.113135
vt 0.415502 0.113731
vt 0.415350 0.107021
vt 0.411451 0.113717
vt 0.415337 0.094943
vt 0.411234 0.094943
vt 0.411311 0.107268
vt 0.563779 0.195789
vt 0.566722 0.196572
vt 0.560940 0.199109
vt 0.554398 0.201062
vt 0.563338 0.201209
vt 0.535909 0.201770
vt 0.526154 0.203669
vt 0.568567 0.188396
vt 0.555903 0.204055
vt 0.535547 0.205001
vt 0.966550 0.801180
vt 0.970657 0.801459
vt 0.966235 0.805843
vt 0.970326 0.806115
vt 0.399386 0.203244
vt 0.403336 0.203213
vt 0.403550 0.195774
vt 0.399414 0.197899
vt 0.399970 0.190707
vt 0.403617 0.175549
vt 0.973779 0.763379
vt 0.975881 0.756315
vt 0.191622 0.174224
vt 0.192667 0.174180
vt 0.989127 0.959397
vt 0.986955 0.952269
vt 0.987993 0.945580
vt 0.995355 0.951760
vt 0.994234 0.959032
vt 0.567859 0.152582
vt 0.566927 0.151170
vt 0.968671 0.763044
vt 0.967563 0.755732
vt 0.969450 0.749188
vt 0.568184 0.145978
vt 0.974888 0.749602
vt 0.976601 0.751634
vt 0.191436 0.180854
vt 0.192873 0.180850
vt 0.986279 0.947688
vt 0.993496 0.945233
vt 0.995445 0.947015
vt 0.566747 0.145972
vt 0.975979 0.749808
vt 0.986909 0.945815
vt 0.994575 0.945289
vt 0.204493 0.981226
vt 0.205930 0.981204
vt 0.206671 0.979430
vt 0.203754 0.979498
vt 0.967474 0.751050
vt 0.968349 0.749285
vt 0.206766 0.973925
vt 0.205146 0.972797
vt 0.206183 0.974877
vt 0.203696 0.974007
vt 0.992400 0.944524
vt 0.988970 0.944760
vt 0.204204 0.978262
vt 0.206176 0.978265
vt 0.973925 0.748756
vt 0.970536 0.748523
vt 0.140950 0.167305
vt 0.142237 0.129086
vt 0.140270 0.139782
vt 0.139972 0.167311
vt 0.142024 0.167303
vt 0.143002 0.167311
vt 0.143303 0.139765
vt 0.705526 0.016936
vt 0.703744 0.044485
vt 0.707701 0.044734
vt 0.709600 0.017168
vt 0.517334 0.158397
vt 0.517544 0.196549
vt 0.518610 0.185939
vt 0.518312 0.158457
vt 0.516260 0.158395
vt 0.515282 0.158457
vt 0.515583 0.186055
vt 0.977639 0.731760
vt 0.979539 0.759281
vt 0.983639 0.759112
vt 0.981708 0.731431
vt 0.399386 0.160922
vt 0.399433 0.166263
vt 0.401001 0.168022
vt 0.399525 0.175501
vt 0.160242 0.120767
vt 0.145170 0.129980
vt 0.145708 0.124511
vt 0.148721 0.126397
vt 0.702918 0.054273
vt 0.707026 0.054551
vt 0.702697 0.057595
vt 0.706793 0.057865
vt 0.413047 0.076751
vt 0.411451 0.076169
vt 0.415350 0.082865
vt 0.415501 0.076155
vt 0.411311 0.082618
vt 0.520480 0.195789
vt 0.520968 0.201244
vt 0.524013 0.199365
vt 0.980248 0.769879
vt 0.984356 0.769601
vt 0.980580 0.774535
vt 0.984670 0.774263
vt 0.403522 0.166261
vt 0.403336 0.160953
vt 0.975025 0.724734
vt 0.977126 0.731799
vt 0.140971 0.174180
vt 0.142017 0.174223
vt 0.710117 0.017270
vt 0.712289 0.010142
vt 0.711251 0.003453
vt 0.703890 0.009633
vt 0.705011 0.016904
vt 0.517333 0.151169
vt 0.516401 0.152582
vt 0.982234 0.731464
vt 0.983343 0.724152
vt 0.981456 0.717609
vt 0.516076 0.145978
vt 0.976017 0.718023
vt 0.974305 0.720054
vt 0.140765 0.180850
vt 0.142203 0.180854
vt 0.712966 0.005560
vt 0.705749 0.003106
vt 0.703800 0.004887
vt 0.517513 0.145972
vt 0.974927 0.718228
vt 0.712335 0.003687
vt 0.704670 0.003162
vt 0.205899 0.972790
vt 0.206638 0.971062
vt 0.203721 0.970994
vt 0.204462 0.972768
vt 0.983432 0.719470
vt 0.982557 0.717705
vt 0.203626 0.965489
vt 0.204209 0.966440
vt 0.205246 0.964361
vt 0.206696 0.965571
vt 0.710275 0.002632
vt 0.706845 0.002398
vt 0.206188 0.969826
vt 0.204217 0.969828
vt 0.980369 0.716943
vt 0.976980 0.717175
vt 0.723315 0.034102
vt 0.725350 0.030766
vt 0.712015 0.039370
vt 0.715406 0.040838
vt 0.712627 0.051817
vt 0.715740 0.049867
vt 0.723230 0.059900
vt 0.723928 0.056288
vt 0.737567 0.053486
vt 0.733182 0.053621
vt 0.737320 0.044860
vt 0.739243 0.038361
vt 0.732650 0.036332
vt 0.981502 0.210307
vt 0.981503 0.195470
vt 0.974210 0.199534
vt 0.974210 0.210309
vt 0.974212 0.184887
vt 0.981505 0.177554
vt 0.974214 0.164666
vt 0.981506 0.165107
vt 0.286454 0.037181
vt 0.285375 0.049029
vt 0.290417 0.042000
vt 0.289784 0.031557
vt 0.282443 0.021801
vt 0.287185 0.020409
vt 0.278594 0.012627
vt 0.282878 0.010952
vt 0.275494 0.006693
vt 0.277153 0.005916
vt 0.885628 0.974889
vt 0.894519 0.983112
vt 0.890626 0.973055
vt 0.887460 0.963115
vt 0.418700 0.271743
vt 0.410877 0.278956
vt 0.411701 0.279703
vt 0.423087 0.251512
vt 0.423055 0.261956
vt 0.424121 0.251779
vt 0.893433 0.914568
vt 0.890364 0.922809
vt 0.891993 0.923771
vt 0.897643 0.916606
vt 0.902330 0.906347
vt 0.288967 0.049673
vt 0.391775 0.281411
vt 0.383785 0.275466
vt 0.383445 0.276572
vt 0.411701 0.236627
vt 0.419688 0.242576
vt 0.412679 0.235905
vt 0.383445 0.245328
vt 0.391819 0.237657
vt 0.396408 0.233856
vt 0.379059 0.250204
vt 0.378798 0.255773
vt 0.378828 0.266910
vt 0.389625 0.287578
vt 0.401737 0.282924
vt 0.414802 0.285484
vt 0.424966 0.276195
vt 0.430543 0.250157
vt 0.402262 0.234279
vt 0.388659 0.231871
vt 0.377184 0.240839
vt 0.371286 0.254097
vt 0.372355 0.268524
vt 0.378173 0.280607
vt 0.402261 0.289561
vt 0.430567 0.263632
vt 0.424961 0.238541
vt 0.414814 0.229627
vt 0.401737 0.227642
vt 0.388661 0.288412
vt 0.160847 0.492904
vt 0.164799 0.480312
vt 0.155766 0.491577
vt 0.425301 0.237435
vt 0.387837 0.231126
vt 0.371318 0.268256
vt 0.169871 0.467534
vt 0.174594 0.456220
vt 0.172964 0.455259
vt 0.165663 0.465495
vt 0.287160 0.372774
vt 0.288911 0.363514
vt 0.285332 0.362878
vt 0.283900 0.379563
vt 0.287923 0.385378
vt 0.291061 0.398832
vt 0.286324 0.400225
vt 0.295693 0.410664
vt 0.291407 0.412337
vt 0.300349 0.419380
vt 0.298690 0.420157
vt 0.174498 0.215417
vt 0.168643 0.202433
vt 0.169501 0.217251
vt 0.178586 0.228493
vt 0.173511 0.229837
vt 0.555498 0.222793
vt 0.554019 0.206762
vt 0.552199 0.216658
vt 0.551435 0.229262
vt 0.553039 0.244109
vt 0.548297 0.242716
vt 0.547946 0.256220
vt 0.543662 0.254545
vt 0.540669 0.264041
vt 0.539009 0.263264
vt 0.159801 0.478477
vt 0.760055 0.266383
vt 0.749431 0.256651
vt 0.748607 0.257399
vt 0.756845 0.268599
vt 0.765983 0.279623
vt 0.765951 0.293781
vt 0.764916 0.294050
vt 0.161336 0.192198
vt 0.159707 0.193160
vt 0.164432 0.204471
vt 0.550427 0.207406
vt 0.722454 0.255152
vt 0.711967 0.262961
vt 0.712386 0.264051
vt 0.748607 0.313937
vt 0.759096 0.306132
vt 0.747648 0.313100
vt 0.706701 0.289157
vt 0.712340 0.301774
vt 0.706712 0.275742
vt 0.735531 0.253167
vt 0.740091 0.259133
vt 0.760601 0.286846
vt 0.735007 0.315087
vt 0.722407 0.311012
vt 0.725570 0.305227
vt 0.718568 0.297269
vt 0.714213 0.287481
vt 0.713144 0.277305
vt 0.717580 0.268101
vt 0.724564 0.261390
vt 0.735007 0.259805
vt 0.745449 0.263182
vt 0.753823 0.270853
vt 0.758471 0.281299
vt 0.758471 0.292450
vt 0.753823 0.302097
vt 0.745493 0.306937
vt 0.735531 0.308449
vt 0.725568 0.262153
vt 0.882378 0.964442
vt 0.753483 0.300991
vt 0.726392 0.304481
vt 0.714181 0.277037
vt 0.890312 0.985151
vt 0.895966 0.992313
vt 0.897595 0.991352
vt 0.279496 0.186179
vt 0.280967 0.193844
vt 0.284546 0.193209
vt 0.283488 0.180875
vt 0.280129 0.175737
vt 0.282729 0.164589
vt 0.287466 0.165981
vt 0.287040 0.155134
vt 0.291326 0.156807
vt 0.292760 0.150096
vt 0.294420 0.150873
vt 0.897333 0.904512
vt 0.900447 0.894549
vt 0.905522 0.895893
vt 0.887240 0.908705
vt 0.886084 0.907636
vt 0.886110 0.909220
vt 0.887237 0.905963
vt 0.886100 0.905081
vt 0.886107 0.906263
vt 0.886108 0.909219
vt 0.886086 0.907613
vt 0.885290 0.907620
vt 0.886090 0.906240
vt 0.886101 0.905074
vt 0.885021 0.905273
vt 0.884847 0.909313
vt 0.883861 0.907635
vt 0.883838 0.905114
vt 0.883863 0.906262
vt 0.883845 0.909259
vt 0.883846 0.909252
vt 0.883839 0.908070
vt 0.882709 0.908369
vt 0.883862 0.906697
vt 0.883836 0.905113
vt 0.882707 0.905627
vt 0.886198 0.913637
vt 0.887349 0.913601
vt 0.887125 0.900655
vt 0.885977 0.900643
vt 0.886201 0.913630
vt 0.885977 0.900650
vt 0.885365 0.900125
vt 0.885120 0.913887
vt 0.883745 0.900700
vt 0.883972 0.913688
vt 0.882822 0.913678
vt 0.883969 0.913689
vt 0.883748 0.900696
vt 0.882598 0.900732
vt 0.886248 0.914833
vt 0.887567 0.915213
vt 0.887242 0.899006
vt 0.885953 0.899454
vt 0.886111 0.898532
vt 0.886429 0.915783
vt 0.886252 0.914832
vt 0.885953 0.899455
vt 0.886072 0.898519
vt 0.883875 0.915814
vt 0.886439 0.915777
vt 0.883694 0.899502
vt 0.883507 0.898555
vt 0.883994 0.914878
vt 0.882704 0.915327
vt 0.883994 0.914878
vt 0.883698 0.899500
vt 0.882379 0.899119
vt 0.883517 0.898548
vt 0.883836 0.915801
vt 0.751022 0.824238
vt 0.752423 0.825603
vt 0.752406 0.823608
vt 0.751025 0.827596
vt 0.752418 0.828677
vt 0.752436 0.827258
vt 0.752411 0.823604
vt 0.752436 0.825577
vt 0.753410 0.825568
vt 0.752362 0.827257
vt 0.755166 0.823558
vt 0.752430 0.828688
vt 0.755186 0.828643
vt 0.755163 0.827231
vt 0.755160 0.825549
vt 0.755178 0.823569
vt 0.755186 0.825016
vt 0.756580 0.824159
vt 0.755159 0.826698
vt 0.755191 0.828639
vt 0.756568 0.827512
vt 0.752298 0.818199
vt 0.750890 0.818242
vt 0.751164 0.834097
vt 0.752569 0.834112
vt 0.752569 0.834104
vt 0.753319 0.834746
vt 0.753619 0.817893
vt 0.752295 0.818207
vt 0.755303 0.834041
vt 0.755025 0.818135
vt 0.756433 0.818149
vt 0.755028 0.818134
vt 0.755299 0.834047
vt 0.756707 0.834004
vt 0.752237 0.816734
vt 0.750622 0.816267
vt 0.751020 0.836118
vt 0.752599 0.835568
vt 0.752405 0.836697
vt 0.752015 0.815569
vt 0.752231 0.816736
vt 0.752599 0.835568
vt 0.752452 0.836713
vt 0.755145 0.815533
vt 0.752003 0.815577
vt 0.755366 0.835510
vt 0.755594 0.836669
vt 0.754997 0.816678
vt 0.756578 0.816129
vt 0.754997 0.816678
vt 0.755360 0.835512
vt 0.756975 0.835979
vt 0.755582 0.836677
vt 0.755192 0.815549
vt 0.886728 0.957746
vt 0.887845 0.958478
vt 0.887850 0.955714
vt 0.886697 0.962266
vt 0.887840 0.962745
vt 0.887974 0.961365
vt 0.887851 0.955716
vt 0.887856 0.958405
vt 0.889350 0.958350
vt 0.889104 0.955723
vt 0.887985 0.961336
vt 0.887830 0.962739
vt 0.889097 0.961383
vt 0.890395 0.962730
vt 0.890216 0.961301
vt 0.890179 0.958350
vt 0.890084 0.955683
vt 0.890084 0.955690
vt 0.890148 0.956832
vt 0.891273 0.956932
vt 0.890216 0.961316
vt 0.890434 0.962716
vt 0.891559 0.962147
vt 0.890228 0.959901
vt 0.887856 0.953435
vt 0.886695 0.952660
vt 0.887512 0.945486
vt 0.886371 0.946053
vt 0.886577 0.947603
vt 0.887729 0.947148
vt 0.887853 0.953440
vt 0.887427 0.945520
vt 0.887742 0.947140
vt 0.889948 0.947092
vt 0.890067 0.953419
vt 0.890117 0.945476
vt 0.891222 0.953090
vt 0.890081 0.953413
vt 0.891236 0.945939
vt 0.890100 0.945468
vt 0.889945 0.947096
vt 0.891169 0.948652
vt 0.887816 0.951854
vt 0.887704 0.948409
vt 0.889280 0.951750
vt 0.887815 0.951832
vt 0.887720 0.948332
vt 0.890092 0.948275
vt 0.890103 0.951795
vt 0.890103 0.952236
vt 0.890075 0.949734
vt 0.993950 0.821267
vt 0.993062 0.820403
vt 0.993073 0.821666
vt 0.993948 0.819141
vt 0.993066 0.818457
vt 0.993054 0.819355
vt 0.993070 0.821669
vt 0.993053 0.820420
vt 0.991871 0.820558
vt 0.993035 0.819365
vt 0.991326 0.821697
vt 0.993058 0.818450
vt 0.991314 0.818479
vt 0.991328 0.819372
vt 0.991328 0.820437
vt 0.991318 0.821690
vt 0.991330 0.820792
vt 0.990436 0.821007
vt 0.991322 0.819744
vt 0.991311 0.818482
vt 0.990434 0.818880
vt 0.993142 0.825090
vt 0.994034 0.825063
vt 0.993860 0.815025
vt 0.992971 0.815016
vt 0.992969 0.815017
vt 0.992078 0.814863
vt 0.992306 0.825284
vt 0.993144 0.825086
vt 0.991241 0.815062
vt 0.991416 0.825131
vt 0.990524 0.825122
vt 0.991414 0.825131
vt 0.991242 0.815057
vt 0.990350 0.815085
vt 0.993180 0.826017
vt 0.994203 0.826313
vt 0.993951 0.813747
vt 0.992951 0.814095
vt 0.993074 0.813379
vt 0.993322 0.826755
vt 0.993184 0.826017
vt 0.992951 0.814095
vt 0.993045 0.813369
vt 0.991340 0.826778
vt 0.993329 0.826750
vt 0.991056 0.813397
vt 0.991200 0.814130
vt 0.991433 0.826053
vt 0.990433 0.826401
vt 0.991433 0.826053
vt 0.991204 0.814130
vt 0.990181 0.813834
vt 0.991063 0.813392
vt 0.991311 0.826768
vt 0.493159 0.289791
vt 0.495739 0.290002
vt 0.498728 0.289809
vt 0.479286 0.289868
vt 0.479153 0.295534
vt 0.489340 0.290068
vt 0.491041 0.295414
vt 0.494608 0.289951
vt 0.495776 0.295429
vt 0.479129 0.295864
vt 0.479334 0.298609
vt 0.490225 0.295781
vt 0.493270 0.298528
vt 0.495753 0.295827
vt 0.479307 0.286770
vt 0.479307 0.289538
vt 0.490731 0.286925
vt 0.492789 0.289639
vt 0.500811 0.286901
vt 0.501790 0.289603
vt 0.514686 0.289870
vt 0.502333 0.290011
vt 0.514818 0.295535
vt 0.501888 0.295416
vt 0.498234 0.295428
vt 0.495243 0.295622
vt 0.500817 0.295640
vt 0.514828 0.295864
vt 0.503653 0.298499
vt 0.514637 0.298611
vt 0.501221 0.295776
vt 0.514665 0.286772
vt 0.514665 0.289539
vt 0.201702 0.098712
vt 0.199072 0.096826
vt 0.204993 0.107732
vt 0.216460 0.094193
vt 0.209762 0.104189
vt 0.220971 0.097687
vt 0.601196 0.116650
vt 0.604651 0.115280
vt 0.603062 0.110029
vt 0.914447 0.224809
vt 0.923827 0.217970
vt 0.907490 0.222045
vt 0.920182 0.225957
vt 0.919725 0.209905
vt 0.917456 0.214567
vt 0.210574 0.114466
vt 0.212292 0.106256
vt 0.214039 0.101599
vt 0.905978 0.260990
vt 0.912167 0.257495
vt 0.907803 0.253172
vt 0.216220 0.105872
vt 0.925772 0.266780
vt 0.922316 0.270025
vt 0.923165 0.269286
vt 0.917324 0.269654
vt 0.916838 0.260786
vt 0.217582 0.127205
vt 0.217836 0.121187
vt 0.205806 0.121942
vt 0.193566 0.105101
vt 0.198283 0.110268
vt 0.193301 0.120323
vt 0.206304 0.131319
vt 0.211626 0.135894
vt 0.221677 0.136479
vt 0.225820 0.119583
vt 0.216837 0.115318
vt 0.222649 0.111825
vt 0.922982 0.205727
vt 0.919471 0.206120
vt 0.203981 0.136475
vt 0.599533 0.108703
vt 0.592723 0.112363
vt 0.604259 0.122342
vt 0.606933 0.116458
vt 0.910715 0.226973
vt 0.913144 0.228044
vt 0.918342 0.229072
vt 0.919477 0.225899
vt 0.924275 0.237126
vt 0.926596 0.249975
vt 0.919545 0.243898
vt 0.926300 0.254965
vt 0.924596 0.254426
vt 0.921311 0.257647
vt 0.923145 0.273289
vt 0.569661 0.112863
vt 0.563657 0.116965
vt 0.570083 0.123161
vt 0.575161 0.115449
vt 0.577041 0.122497
vt 0.585912 0.113828
vt 0.584960 0.119924
vt 0.591020 0.116985
vt 0.592531 0.122599
vt 0.597941 0.125911
vt 0.592041 0.131051
vt 0.900425 0.231499
vt 0.904230 0.238670
vt 0.910705 0.236259
vt 0.922745 0.229978
vt 0.920614 0.236547
vt 0.916667 0.239709
vt 0.912393 0.246022
vt 0.898515 0.243224
vt 0.586756 0.128319
vt 0.582239 0.131855
vt 0.900825 0.253744
vt 0.916873 0.250284
vt 0.574362 0.129567
vt 0.568831 0.126134
vt 0.581317 0.114102
vt 0.566734 0.106837
vt 0.563114 0.110886
vt 0.576220 0.106977
vt 0.003235 0.502718
vt 0.006902 0.505877
vt 0.008003 0.498803
vt 0.009074 0.512082
vt 0.008627 0.510037
vt 0.000046 0.505664
vt 0.240099 0.095878
vt 0.238168 0.105284
vt 0.242423 0.093626
vt 0.226375 0.093842
vt 0.232929 0.102479
vt 0.602826 0.104086
vt 0.200154 0.842691
vt 0.207143 0.840011
vt 0.190858 0.835741
vt 0.194408 0.843771
vt 0.197267 0.832416
vt 0.195054 0.827726
vt 0.233635 0.112765
vt 0.230730 0.104895
vt 0.228319 0.100546
vt 0.208193 0.878966
vt 0.206462 0.871128
vt 0.202046 0.875399
vt 0.226395 0.104499
vt 0.188333 0.884520
vt 0.190910 0.887057
vt 0.191749 0.887806
vt 0.196745 0.887495
vt 0.197337 0.878633
vt 0.230336 0.126245
vt 0.239449 0.119460
vt 0.249083 0.101003
vt 0.245177 0.106808
vt 0.251580 0.116023
vt 0.240334 0.128808
vt 0.235324 0.134228
vt 0.227565 0.114527
vt 0.191847 0.823511
vt 0.195353 0.823946
vt 0.607028 0.105423
vt 0.606255 0.103072
vt 0.243387 0.133567
vt 0.590996 0.106920
vt 0.604273 0.099368
vt 0.203860 0.844898
vt 0.201419 0.845941
vt 0.196210 0.846907
vt 0.195113 0.843722
vt 0.190181 0.854890
vt 0.187708 0.867710
vt 0.194831 0.861716
vt 0.187946 0.872702
vt 0.189656 0.872183
vt 0.192902 0.875441
vt 0.190883 0.891060
vt 0.563693 0.104655
vt 0.570097 0.098510
vt 0.576511 0.097550
vt 0.580406 0.103267
vt 0.585624 0.106331
vt 0.583925 0.096971
vt 0.592545 0.099097
vt 0.597958 0.095792
vt 0.591546 0.090964
vt 0.210205 0.856672
vt 0.214094 0.849546
vt 0.203760 0.854184
vt 0.191796 0.847761
vt 0.193849 0.854354
vt 0.197759 0.857562
vt 0.201956 0.863925
vt 0.215866 0.861290
vt 0.213432 0.871782
vt 0.197427 0.868133
vt 0.582265 0.089831
vt 0.574385 0.092108
vt 0.568849 0.095535
vt 0.013206 0.501767
vt 0.010983 0.508341
vt 0.016895 0.504056
vt 0.848691 0.034752
vt 0.849915 0.029744
vt 0.839780 0.038470
vt 0.842338 0.044494
vt 0.840392 0.050918
vt 0.846984 0.052981
vt 0.850994 0.059000
vt 0.858691 0.053749
vt 0.863461 0.055465
vt 0.868784 0.043634
vt 0.865086 0.043960
vt 0.862535 0.032365
vt 0.860415 0.035433
vt 0.845751 0.909256
vt 0.845753 0.897438
vt 0.838460 0.898483
vt 0.838459 0.909258
vt 0.845754 0.881500
vt 0.838461 0.885565
vt 0.838463 0.872647
vt 0.845756 0.864019
vt 0.838464 0.864050
vt 0.947729 0.425816
vt 0.950244 0.428556
vt 0.959495 0.425869
vt 0.960187 0.422246
vt 0.943565 0.440618
vt 0.946148 0.437271
vt 0.950792 0.445757
vt 0.958074 0.451388
vt 0.960116 0.448074
vt 0.971426 0.442806
vt 0.968039 0.441330
vt 0.970817 0.430239
vt 0.967727 0.432208
vt 0.813811 0.419198
vt 0.806519 0.413785
vt 0.806518 0.427826
vt 0.813812 0.406281
vt 0.806520 0.402366
vt 0.813813 0.395093
vt 0.806522 0.391178
vt 0.813815 0.382550
vt 0.806522 0.382581
vt 0.813810 0.427795
vt 0.010232 0.033190
vt 0.011456 0.028182
vt 0.001321 0.036909
vt 0.004639 0.045179
vt 0.004307 0.051760
vt 0.013233 0.053827
vt 0.019017 0.057188
vt 0.022488 0.051160
vt 0.029503 0.045185
vt 0.026626 0.042399
vt 0.024077 0.030804
vt 0.021957 0.033871
vt 0.833773 0.438499
vt 0.833775 0.426682
vt 0.826483 0.427726
vt 0.826481 0.438502
vt 0.833776 0.411951
vt 0.826483 0.416308
vt 0.826484 0.405120
vt 0.833778 0.392895
vt 0.826486 0.393302
vt 0.874393 0.841238
vt 0.884060 0.854435
vt 0.910120 0.863531
vt 0.910120 0.814909
vt 0.884060 0.863548
vt 0.976314 0.487577
vt 0.976314 0.455419
vt 0.950254 0.487559
vt 0.950254 0.455401
vt 0.892046 0.120134
vt 0.882378 0.128837
vt 0.918105 0.149176
vt 0.918105 0.120134
vt 0.882378 0.189097
vt 0.918105 0.197798
vt 0.892046 0.197815
vt 0.954246 0.229209
vt 0.954246 0.261367
vt 0.980305 0.229227
vt 0.980305 0.261385
vt 0.884060 0.785867
vt 0.874393 0.794980
vt 0.910120 0.785867
vt 0.775583 0.290855
vt 0.766470 0.304494
vt 0.769277 0.307302
vt 0.779251 0.292375
vt 0.752830 0.313608
vt 0.754350 0.317275
vt 0.736742 0.316808
vt 0.736742 0.320778
vt 0.720654 0.313608
vt 0.719134 0.317275
vt 0.707015 0.304494
vt 0.704207 0.307302
vt 0.697902 0.290855
vt 0.694233 0.292375
vt 0.694701 0.274767
vt 0.690731 0.274767
vt 0.697902 0.258679
vt 0.694233 0.257159
vt 0.707015 0.245039
vt 0.704207 0.242232
vt 0.720654 0.235926
vt 0.719134 0.232258
vt 0.736742 0.232725
vt 0.736742 0.228755
vt 0.752830 0.235926
vt 0.754350 0.232258
vt 0.766470 0.245039
vt 0.769277 0.242232
vt 0.775583 0.258679
vt 0.779251 0.257159
vt 0.778783 0.274767
vt 0.782754 0.274767
vt 0.574417 0.056520
vt 0.574417 0.021324
vt 0.550987 0.056500
vt 0.550987 0.021304
vt 0.902342 0.487529
vt 0.902342 0.549409
vt 0.925773 0.545049
vt 0.925773 0.487726
vt 0.902342 0.572836
vt 0.925773 0.572836
vt 0.950254 0.103771
vt 0.950254 0.138967
vt 0.973685 0.103791
vt 0.973685 0.138987
vt 0.902342 0.402800
vt 0.902342 0.430587
vt 0.925773 0.426228
vt 0.925773 0.402800
vt 0.902342 0.487910
vt 0.925773 0.488107
vt 0.273258 0.387641
vt 0.263283 0.402569
vt 0.266867 0.406151
vt 0.277939 0.389580
vt 0.248356 0.412542
vt 0.250295 0.417224
vt 0.230749 0.416045
vt 0.230749 0.421112
vt 0.213141 0.412542
vt 0.211201 0.417223
vt 0.198213 0.402569
vt 0.194630 0.406151
vt 0.188239 0.387641
vt 0.183558 0.389580
vt 0.184737 0.370034
vt 0.179670 0.370034
vt 0.188239 0.352425
vt 0.183558 0.350486
vt 0.198213 0.337499
vt 0.194630 0.333916
vt 0.213141 0.327524
vt 0.211201 0.322842
vt 0.230749 0.324021
vt 0.230749 0.318954
vt 0.248356 0.327525
vt 0.250295 0.322842
vt 0.263283 0.337499
vt 0.266867 0.333916
vt 0.273258 0.352425
vt 0.277939 0.350486
vt 0.276760 0.370034
vt 0.281827 0.370034
vt 0.922305 0.774420
vt 0.922305 0.827734
vt 0.935609 0.806818
vt 0.935609 0.827747
vt 0.987514 0.625197
vt 0.987514 0.586125
vt 0.974210 0.625175
vt 0.974210 0.586103
vt 0.922305 0.308440
vt 0.922305 0.367514
vt 0.935609 0.361745
vt 0.935609 0.308432
vt 0.922305 0.402800
vt 0.935609 0.402800
vt 0.974210 0.547009
vt 0.974210 0.586081
vt 0.987513 0.547031
vt 0.987513 0.586103
vt 0.922305 0.733366
vt 0.935609 0.759373
vt 0.935609 0.733366
vt 0.609435 0.291731
vt 0.581791 0.264087
vt 0.526126 0.275160
vt 0.935609 0.336062
vt 0.935609 0.355609
vt 0.939669 0.355609
vt 0.939669 0.338502
vt 0.935609 0.375156
vt 0.939669 0.372716
vt 0.542697 0.358469
vt 0.581791 0.358468
vt 0.598362 0.347396
vt 0.609435 0.330825
vt 0.935609 0.761009
vt 0.935609 0.780556
vt 0.939670 0.780556
vt 0.939670 0.763449
vt 0.935609 0.800103
vt 0.939670 0.797664
vt 0.318866 0.556295
vt 0.335447 0.556301
vt 0.335404 0.552796
vt 0.318816 0.552790
vt 0.302281 0.556293
vt 0.306389 0.552789
vt 0.293936 0.552789
vt 0.289830 0.556294
vt 0.277411 0.556298
vt 0.277353 0.552792
vt 0.264972 0.556314
vt 0.264926 0.552803
vt 0.252575 0.556365
vt 0.252460 0.552845
vt 0.236076 0.556583
vt 0.235762 0.553077
vt 0.223781 0.557066
vt 0.222871 0.553797
vt 0.376816 0.556634
vt 0.389124 0.557166
vt 0.390038 0.553807
vt 0.377042 0.553104
vt 0.364421 0.556409
vt 0.360315 0.552856
vt 0.352019 0.556334
vt 0.347864 0.552808
vt 0.324237 0.706802
vt 0.357852 0.706806
vt 0.342464 0.556315
vt 0.318086 0.556295
vt 0.288712 0.556296
vt 0.294495 0.706788
vt 0.269800 0.706764
vt 0.255536 0.556354
vt 0.244124 0.706717
vt 0.223736 0.557068
vt 0.222578 0.706251
vt 0.390006 0.706400
vt 0.389114 0.557165
vt 0.367788 0.556456
vt 0.353958 0.767377
vt 0.355700 0.709795
vt 0.330484 0.709792
vt 0.324165 0.767443
vt 0.305288 0.709783
vt 0.302788 0.767453
vt 0.277972 0.767407
vt 0.275664 0.709759
vt 0.244127 0.767304
vt 0.241883 0.709681
vt 0.221134 0.767691
vt 0.221378 0.709235
vt 0.391582 0.767734
vt 0.391267 0.709291
vt 0.324873 0.899101
vt 0.359710 0.898538
vt 0.342965 0.770392
vt 0.318135 0.770443
vt 0.288233 0.770422
vt 0.293827 0.899219
vt 0.268138 0.898971
vt 0.254452 0.770315
vt 0.241721 0.898411
vt 0.222201 0.770577
vt 0.220002 0.897365
vt 0.392296 0.897269
vt 0.390391 0.770710
vt 0.368774 0.770328
vt 0.349060 0.929857
vt 0.376490 0.928899
vt 0.375217 0.902161
vt 0.349085 0.902914
vt 0.318097 0.903312
vt 0.316576 0.930391
vt 0.289040 0.930403
vt 0.292165 0.903360
vt 0.265274 0.903072
vt 0.265700 0.930121
vt 0.238223 0.929273
vt 0.234808 0.902274
vt 0.213283 0.927650
vt 0.218303 0.901168
vt 0.399100 0.927178
vt 0.393963 0.900907
vt 0.348467 0.770378
vt 0.356907 0.770352
vt 0.356896 0.767368
vt 0.348441 0.767392
vt 0.356676 0.706808
vt 0.348285 0.706808
vt 0.348336 0.709795
vt 0.356746 0.709796
vt 0.340023 0.770402
vt 0.339994 0.767414
vt 0.339892 0.706807
vt 0.339933 0.709794
vt 0.331580 0.770423
vt 0.331551 0.767432
vt 0.331498 0.706805
vt 0.331534 0.709793
vt 0.323137 0.770438
vt 0.323109 0.767446
vt 0.323103 0.706803
vt 0.323135 0.709791
vt 0.314694 0.770447
vt 0.314668 0.767454
vt 0.314708 0.706799
vt 0.314737 0.709788
vt 0.306252 0.770449
vt 0.306228 0.767455
vt 0.306313 0.706795
vt 0.306338 0.709785
vt 0.297811 0.770443
vt 0.297788 0.767450
vt 0.297917 0.706790
vt 0.297939 0.709779
vt 0.289371 0.770431
vt 0.289350 0.767438
vt 0.289521 0.706784
vt 0.289540 0.709773
vt 0.280933 0.770412
vt 0.280912 0.767419
vt 0.281124 0.706777
vt 0.281140 0.709765
vt 0.272497 0.770386
vt 0.272475 0.767394
vt 0.272727 0.706769
vt 0.272737 0.709757
vt 0.264063 0.770354
vt 0.264037 0.767363
vt 0.264329 0.706759
vt 0.264331 0.709746
vt 0.255633 0.770319
vt 0.255592 0.767329
vt 0.255932 0.706747
vt 0.255914 0.709734
vt 0.247212 0.770285
vt 0.247130 0.767293
vt 0.247539 0.706731
vt 0.247475 0.709718
vt 0.238812 0.770263
vt 0.238621 0.767271
vt 0.239160 0.706698
vt 0.238977 0.709691
vt 0.230464 0.770296
vt 0.229994 0.767324
vt 0.230818 0.706599
vt 0.230338 0.709609
vt 0.222246 0.770576
vt 0.222568 0.706251
vt 0.382134 0.770388
vt 0.390401 0.770710
vt 0.391533 0.767733
vt 0.382563 0.767387
vt 0.389961 0.706401
vt 0.381750 0.706715
vt 0.382270 0.709692
vt 0.391123 0.709296
vt 0.373761 0.770324
vt 0.373901 0.767338
vt 0.373427 0.706787
vt 0.373661 0.709779
vt 0.365343 0.770330
vt 0.365372 0.767347
vt 0.365060 0.706804
vt 0.365177 0.709794
vt 0.362804 0.898468
vt 0.358918 0.902705
vt 0.367615 0.902464
vt 0.349872 0.898769
vt 0.350188 0.902903
vt 0.336806 0.898988
vt 0.341428 0.903064
vt 0.332645 0.903192
vt 0.319314 0.899173
vt 0.323843 0.903287
vt 0.315029 0.903350
vt 0.301775 0.899233
vt 0.306209 0.903381
vt 0.297388 0.903380
vt 0.288634 0.899199
vt 0.288571 0.903347
vt 0.275506 0.899085
vt 0.279765 0.903281
vt 0.270974 0.903180
vt 0.258113 0.898816
vt 0.262204 0.903044
vt 0.253463 0.902869
vt 0.245195 0.898519
vt 0.244750 0.902648
vt 0.232454 0.898081
vt 0.236051 0.902365
vt 0.227301 0.901961
vt 0.219992 0.897364
vt 0.392251 0.897271
vt 0.379810 0.897926
vt 0.385007 0.901714
vt 0.376292 0.902157
vt 0.370910 0.929165
vt 0.361557 0.929522
vt 0.361859 0.932806
vt 0.371284 0.932436
vt 0.380330 0.928716
vt 0.380808 0.931970
vt 0.389789 0.928124
vt 0.390477 0.931352
vt 0.399107 0.927177
vt 0.400365 0.930400
vt 0.222626 0.928521
vt 0.212041 0.930982
vt 0.221995 0.931824
vt 0.232104 0.929071
vt 0.231693 0.932352
vt 0.241541 0.929470
vt 0.241236 0.932753
vt 0.250909 0.929776
vt 0.250674 0.933068
vt 0.260216 0.930014
vt 0.260037 0.933313
vt 0.269474 0.930194
vt 0.269344 0.933499
vt 0.278697 0.930324
vt 0.278611 0.933634
vt 0.287896 0.930409
vt 0.287851 0.933721
vt 0.297079 0.930451
vt 0.297072 0.933765
vt 0.306253 0.930452
vt 0.306285 0.933766
vt 0.315426 0.930412
vt 0.315496 0.933725
vt 0.324606 0.930330
vt 0.324715 0.933641
vt 0.333799 0.930205
vt 0.333949 0.933512
vt 0.343014 0.930032
vt 0.343210 0.933333
vt 0.352263 0.929807
vt 0.352508 0.933101
vt 0.688870 0.706870
vt 0.685183 0.717653
vt 0.685184 0.750101
vt 0.688869 0.750201
vt 0.687784 0.678381
vt 0.685186 0.782651
vt 0.688870 0.782651
vt 0.685187 0.815101
vt 0.688872 0.815200
vt 0.685190 0.858432
vt 0.688874 0.847648
vt 0.688875 0.880198
vt 0.685192 0.901813
vt 0.688878 0.923530
vt 0.685193 0.934313
vt 0.688009 0.973814
vt 0.688883 0.955981
vt 0.690826 0.652596
vt 0.690942 0.673941
vt 0.690947 0.630590
vt 0.690829 0.609240
vt 0.690795 0.587521
vt 0.690782 0.934373
vt 0.690899 0.955723
vt 0.690908 0.912371
vt 0.690790 0.891023
vt 0.690809 0.869361
vt 0.690800 0.825995
vt 0.690917 0.847343
vt 0.690925 0.803994
vt 0.690807 0.782645
vt 0.690822 0.760971
vt 0.690816 0.717622
vt 0.690934 0.738970
vt 0.690831 0.695945
vt 0.671492 0.728546
vt 0.666784 0.706776
vt 0.666797 0.750112
vt 0.671488 0.685202
vt 0.671504 0.771872
vt 0.666801 0.782649
vt 0.666800 0.815097
vt 0.671503 0.815199
vt 0.666798 0.847643
vt 0.671498 0.858529
vt 0.666787 0.880101
vt 0.671496 0.901886
vt 0.666827 0.923504
vt 0.671669 0.945236
vt 0.667377 0.966460
vt 0.672015 0.977066
vt 0.669037 0.996635
vt 0.669038 0.568705
vt 0.667379 0.598755
vt 0.671889 0.598838
vt 0.666817 0.641694
vt 0.671521 0.641821
vt 0.666775 0.674310
vt 0.372011 0.998573
vt 0.379654 0.931990
vt 0.356320 0.932981
vt 0.405646 0.996944
vt 0.207618 0.997676
vt 0.228968 0.998532
vt 0.212048 0.930983
vt 0.244478 0.932822
vt 0.253534 0.999356
vt 0.278608 0.999841
vt 0.277446 0.933605
vt 0.307796 0.999980
vt 0.304990 0.933754
vt 0.337149 0.999641
vt 0.332659 0.933516
vt 0.671890 0.598789
vt 0.671521 0.641770
vt 0.688801 0.641833
vt 0.688827 0.598489
vt 0.671179 0.568387
vt 0.688880 0.565353
vt 0.671893 0.966524
vt 0.671180 0.996955
vt 0.688894 0.999997
vt 0.671532 0.923530
vt 0.671494 0.880149
vt 0.685190 0.869315
vt 0.671501 0.847644
vt 0.685189 0.847649
vt 0.671503 0.815149
vt 0.685188 0.825983
vt 0.685187 0.804317
vt 0.671503 0.782650
vt 0.671500 0.750159
vt 0.685185 0.760985
vt 0.685184 0.739319
vt 0.671488 0.717658
vt 0.671487 0.685151
vt 0.328380 0.552793
vt 0.334668 0.545357
vt 0.313654 0.545352
vt 0.299133 0.552789
vt 0.284400 0.545353
vt 0.278132 0.552792
vt 0.257663 0.552827
vt 0.255364 0.545393
vt 0.222729 0.553805
vt 0.222069 0.546408
vt 0.357342 0.552846
vt 0.390085 0.553810
vt 0.390833 0.546443
vt 0.355218 0.545387
vt 0.712541 0.663288
vt 0.712300 0.619903
vt 0.711848 0.588281
vt 0.712572 0.568983
vt 0.690827 0.565242
vt 0.712478 0.996274
vt 0.711999 0.966690
vt 0.690743 0.977749
vt 0.690756 0.999999
vt 0.712264 0.935040
vt 0.712503 0.901789
vt 0.712680 0.858661
vt 0.712362 0.826529
vt 0.712481 0.793377
vt 0.712491 0.750027
vt 0.712516 0.706683
vt 0.420264 0.999647
vt 0.441862 0.999886
vt 0.426649 0.641813
vt 0.407252 0.999438
vt 0.413795 0.641612
vt 0.515362 0.999669
vt 0.529747 0.999445
vt 0.523246 0.641618
vt 0.506092 0.641871
vt 0.496626 0.999882
vt 0.481375 0.642081
vt 0.478613 0.999978
vt 0.465280 0.642111
vt 0.459876 0.999987
vt 0.448538 0.642040
vt 0.766799 0.734578
vt 0.758606 0.734578
vt 0.758606 1.000000
vt 0.771538 1.000000
vt 0.882715 0.457873
vt 0.870407 0.457873
vt 0.882708 0.723295
vt 0.870400 0.723295
vt 0.000000 0.834920
vt 0.012932 0.834920
vt 0.011115 0.569498
vt 0.000000 0.569498
vt 0.029727 0.834920
vt 0.029724 0.569498
vt 0.870400 0.457873
vt 0.882708 0.457873
vt 0.870407 0.192451
vt 0.882715 0.192451
vt 0.788337 0.734578
vt 0.781744 0.734578
vt 0.788333 1.000000
vt 0.350873 0.241810
vt 0.354361 0.236590
vt 0.338497 0.230344
vt 0.345653 0.245298
vt 0.339496 0.246523
vt 0.333338 0.245298
vt 0.328118 0.241810
vt 0.324630 0.236590
vt 0.323406 0.230433
vt 0.324630 0.224275
vt 0.328118 0.219055
vt 0.333338 0.215567
vt 0.339496 0.214343
vt 0.345653 0.215567
vt 0.350873 0.219055
vt 0.354361 0.224275
vt 0.355586 0.230433
vt 0.370332 0.523136
vt 0.366844 0.517916
vt 0.356471 0.529384
vt 0.361624 0.514428
vt 0.355467 0.513203
vt 0.349309 0.514428
vt 0.344089 0.517916
vt 0.340601 0.523136
vt 0.339376 0.529293
vt 0.340601 0.535451
vt 0.344089 0.540671
vt 0.349309 0.544159
vt 0.355467 0.545383
vt 0.361624 0.544159
vt 0.366844 0.540671
vt 0.370332 0.535451
vt 0.371557 0.529293
vt 0.922067 0.730890
vt 0.914748 0.717359
vt 0.886371 0.708270
vt 0.886371 0.756851
vt 0.914748 0.708253
vt 0.331819 0.050627
vt 0.331819 0.018497
vt 0.303442 0.050609
vt 0.303442 0.018479
vt 0.447606 0.149690
vt 0.447606 0.140584
vt 0.419230 0.120672
vt 0.419230 0.149690
vt 0.454926 0.126956
vt 0.454926 0.094712
vt 0.447606 0.081180
vt 0.419230 0.072092
vt 0.447606 0.072075
vt 0.204054 0.051127
vt 0.204054 0.018996
vt 0.175677 0.051109
vt 0.175677 0.018978
vt 0.914748 0.785867
vt 0.914748 0.776762
vt 0.886371 0.785867
vt 0.922067 0.763135
vt 0.440126 0.265937
vt 0.431020 0.279565
vt 0.433827 0.282370
vt 0.443791 0.267456
vt 0.417393 0.288670
vt 0.418911 0.292334
vt 0.401319 0.291867
vt 0.401319 0.295834
vt 0.385244 0.288670
vt 0.383725 0.292334
vt 0.371618 0.279565
vt 0.368812 0.282370
vt 0.362511 0.265937
vt 0.358847 0.267456
vt 0.359314 0.249862
vt 0.355347 0.249862
vt 0.362511 0.233788
vt 0.358847 0.232270
vt 0.371618 0.220161
vt 0.368812 0.217356
vt 0.385244 0.211056
vt 0.383725 0.207390
vt 0.401319 0.207857
vt 0.401319 0.203890
vt 0.417393 0.211056
vt 0.418911 0.207390
vt 0.431020 0.220161
vt 0.433827 0.217356
vt 0.440126 0.233788
vt 0.443791 0.232270
vt 0.443324 0.249862
vt 0.447290 0.249862
vt 0.909782 0.265719
vt 0.886371 0.265830
vt 0.886371 0.301154
vt 0.598355 0.054570
vt 0.598355 0.019404
vt 0.574943 0.054550
vt 0.574943 0.019384
vt 0.278941 0.193442
vt 0.278941 0.158118
vt 0.255530 0.193553
vt 0.255530 0.136279
vt 0.278941 0.108424
vt 0.255530 0.108516
vt 0.654252 0.048699
vt 0.654252 0.013534
vt 0.630841 0.048679
vt 0.630841 0.013514
vt 0.909782 0.350737
vt 0.909782 0.315412
vt 0.886371 0.350848
vt 0.384971 0.390511
vt 0.375006 0.405425
vt 0.378586 0.409004
vt 0.389649 0.392448
vt 0.360091 0.415390
vt 0.362029 0.420068
vt 0.342498 0.418890
vt 0.342498 0.423953
vt 0.324905 0.415390
vt 0.322969 0.420067
vt 0.309991 0.405425
vt 0.306411 0.409004
vt 0.300026 0.390511
vt 0.295348 0.392448
vt 0.296527 0.372918
vt 0.291464 0.372918
vt 0.300026 0.355325
vt 0.295348 0.353387
vt 0.309991 0.340411
vt 0.306411 0.336831
vt 0.324905 0.330445
vt 0.322969 0.325767
vt 0.342498 0.326945
vt 0.342498 0.321882
vt 0.360091 0.330445
vt 0.362029 0.325768
vt 0.375006 0.340411
vt 0.378586 0.336831
vt 0.384971 0.355325
vt 0.389649 0.353387
vt 0.388470 0.372918
vt 0.393533 0.372918
vt 0.951568 0.610384
vt 0.951568 0.557115
vt 0.938276 0.578014
vt 0.938276 0.557102
vt 0.995488 0.547009
vt 0.995488 0.507972
vt 0.982195 0.546987
vt 0.982195 0.507950
vt 0.947576 0.161006
vt 0.947576 0.101984
vt 0.934283 0.107747
vt 0.934283 0.161014
vt 0.947576 0.066728
vt 0.934283 0.066728
vt 0.979517 0.547009
vt 0.979517 0.507971
vt 0.966224 0.546987
vt 0.966224 0.507949
vt 0.951568 0.651402
vt 0.938276 0.625417
vt 0.938276 0.651402
vt 0.482396 0.300788
vt 0.446308 0.285839
vt 0.426778 0.289725
vt 0.399158 0.317344
vt 0.410221 0.372960
vt 0.446308 0.387909
vt 0.482396 0.372960
vt 0.497343 0.336874
vt 0.781090 0.622831
vt 0.714687 0.622831
vt 0.714687 0.734578
vt 0.781090 0.734578
vt 0.682745 0.425558
vt 0.682745 0.565240
vt 0.749149 0.565240
vt 0.749149 0.425558
vt 0.774576 0.250186
vt 0.840980 0.250186
vt 0.840980 0.179688
vt 0.774576 0.179688
vt 0.000000 0.252809
vt 0.066404 0.252809
vt 0.066404 0.182311
vt 0.000000 0.182311
vt 0.066404 0.168343
vt 0.000000 0.168343
vt 0.774576 0.165720
vt 0.840980 0.165720
vt 0.790546 1.000027
vt 0.839804 1.000048
vt 0.797325 0.874885
vt 0.219562 0.545382
vt 0.296499 0.538129
vt 0.261020 0.420962
vt 0.794539 0.716720
vt 0.843793 0.716741
vt 0.801318 0.591578
vt 0.220159 0.240306
vt 0.185583 0.323568
vt 0.575988 0.592235
vt 0.618058 0.599504
vt 0.601554 0.474256
vt 0.833124 0.874800
vt 0.235796 0.420151
vt 0.322421 0.420151
vt 0.338571 0.545399
vt 0.837113 0.591493
vt 0.499081 0.599484
vt 0.529076 0.588201
vt 0.515326 0.474256
vt 0.438870 0.206189
vt 0.433415 0.210148
vt 0.446434 0.217503
vt 0.450267 0.212617
vt 0.430943 0.191111
vt 0.424400 0.192980
vt 0.430881 0.190197
vt 0.423497 0.170134
vt 0.429629 0.149724
vt 0.082618 0.304512
vt 0.074118 0.300469
vt 0.062135 0.316430
vt 0.063103 0.323123
vt 0.060819 0.326165
vt 0.051325 0.330830
vt 0.053082 0.336470
vt 0.769554 0.341376
vt 0.757028 0.380869
vt 0.769553 0.371440
vt 0.762667 0.384327
vt 0.181514 0.188012
vt 0.187770 0.180978
vt 0.179766 0.170316
vt 0.175933 0.173193
vt 0.082372 0.329390
vt 0.197967 0.202543
vt 0.192797 0.195657
vt 0.189194 0.198362
vt 0.159080 0.150745
vt 0.143534 0.161972
vt 0.182682 0.214118
vt 0.781064 0.371440
vt 0.781067 0.341053
vt 0.053082 0.336470
vt 0.047912 0.343356
vt 0.063245 0.354867
vt 0.090414 0.294249
vt 0.102143 0.303054
vt 0.423437 0.184922
vt 0.429563 0.149708
vt 0.414333 0.149354
vt 0.414231 0.205853
vt 0.429570 0.205868
vt 0.458271 0.209965
vt 0.747987 0.324052
vt 0.762376 0.328327
vt 0.750373 0.389091
vt 0.742635 0.397702
vt 0.768626 0.462492
vt 0.776364 0.453880
vt 0.171762 0.159655
vt 0.163989 0.163151
vt 0.190021 0.197741
vt 0.194555 0.190016
vt 0.886371 0.408246
vt 0.891898 0.412761
vt 0.917848 0.347972
vt 0.909164 0.351427
vt 0.726665 0.324052
vt 0.737326 0.321401
vt 0.003023 0.285786
vt 0.011635 0.293523
vt 0.024660 0.282702
vt 0.024522 0.298693
vt 0.032655 0.286904
vt 0.646622 0.276308
vt 0.648437 0.261106
vt 0.634900 0.254598
vt 0.634833 0.268175
vt 0.646622 0.245904
vt 0.054925 0.298693
vt 0.067813 0.293523
vt 0.054787 0.282702
vt 0.046793 0.286904
vt 0.076424 0.285786
vt 0.079448 0.276659
vt 0.058195 0.276659
vt 0.076424 0.267532
vt 0.054788 0.270616
vt 0.067813 0.259794
vt 0.054925 0.254624
vt 0.043258 0.265991
vt 0.039724 0.252809
vt 0.024522 0.254624
vt 0.032655 0.266414
vt 0.011635 0.259794
vt 0.024660 0.270616
vt 0.003023 0.267532
vt 0.000000 0.276659
vt 0.021252 0.276659
vt 0.766591 0.112776
vt 0.780721 0.112775
vt 0.766599 0.031880
vt 0.263423 0.328633
vt 0.290949 0.349295
vt 0.351834 0.268517
vt 0.324216 0.247784
vt 0.046793 0.266414
vt 0.032663 0.266413
vt 0.046785 0.347307
vt 0.032655 0.347308
vt 0.686178 0.288120
vt 0.658651 0.308785
vt 0.719228 0.389796
vt 0.746846 0.369063
vt 0.149140 0.032352
vt 0.156227 0.032514
vt 0.164527 0.030545
vt 0.148142 0.041523
vt 0.145019 0.047002
vt 0.152172 0.052089
vt 0.156142 0.058047
vt 0.161400 0.054381
vt 0.168480 0.054548
vt 0.169507 0.045342
vt 0.173749 0.042839
vt 0.165467 0.034722
vt 0.997398 0.201807
vt 0.990181 0.199437
vt 0.990180 0.210347
vt 0.997400 0.190734
vt 0.990183 0.188654
vt 0.997401 0.179433
vt 0.990184 0.174075
vt 0.997402 0.165536
vt 0.990185 0.165567
vt 0.997397 0.210315
vt 0.604303 0.030487
vt 0.611390 0.030650
vt 0.619691 0.028680
vt 0.603305 0.039659
vt 0.600183 0.045137
vt 0.609711 0.051216
vt 0.611306 0.056183
vt 0.623644 0.052683
vt 0.621156 0.049968
vt 0.628913 0.040974
vt 0.625252 0.041297
vt 0.620630 0.032858
vt 0.997398 0.110826
vt 0.990182 0.108437
vt 0.990180 0.120850
vt 0.997400 0.093341
vt 0.990183 0.097364
vt 0.990184 0.084579
vt 0.997402 0.076039
vt 0.990185 0.076071
vt 0.997397 0.120819
vt 0.221738 0.172649
vt 0.222950 0.167692
vt 0.212919 0.176329
vt 0.215451 0.182290
vt 0.213525 0.188648
vt 0.220047 0.190689
vt 0.224018 0.196647
vt 0.229275 0.192982
vt 0.236355 0.193148
vt 0.237382 0.183943
vt 0.241625 0.181439
vt 0.235440 0.170286
vt 0.233342 0.173322
vt 0.997398 0.157059
vt 0.990181 0.154689
vt 0.990180 0.165599
vt 0.997400 0.145891
vt 0.990182 0.143846
vt 0.997401 0.134685
vt 0.990184 0.129327
vt 0.997402 0.120788
vt 0.990185 0.120819
vt 0.997397 0.165567
vt 0.947672 0.042646
vt 0.948739 0.047499
vt 0.959318 0.042698
vt 0.960004 0.039113
vt 0.942443 0.054295
vt 0.947263 0.058410
vt 0.948577 0.065406
vt 0.957704 0.064542
vt 0.961089 0.068092
vt 0.971125 0.059461
vt 0.967773 0.058000
vt 0.970523 0.047022
vt 0.967465 0.048972
vt 0.989412 0.165094
vt 0.989414 0.151603
vt 0.982195 0.165133
vt 0.982197 0.147831
vt 0.989415 0.137416
vt 0.982199 0.132058
vt 0.989417 0.119958
vt 0.982199 0.120361
vt 0.947672 0.189358
vt 0.957077 0.189635
vt 0.960003 0.185825
vt 0.946931 0.196187
vt 0.942268 0.197794
vt 0.944182 0.207053
vt 0.949169 0.207048
vt 0.951428 0.214387
vt 0.961090 0.214804
vt 0.962200 0.209909
vt 0.971125 0.206173
vt 0.967893 0.198004
vt 0.970523 0.193735
vt 0.981428 0.156594
vt 0.981430 0.140273
vt 0.974211 0.156226
vt 0.974212 0.143130
vt 0.974213 0.132058
vt 0.981431 0.119958
vt 0.974214 0.120361
vt 0.981427 0.165102
vt 0.974210 0.165101
vt 0.034291 0.373273
vt 0.000447 0.368242
vt 0.029063 0.451752
vt 0.023926 0.461584
vt 0.067934 0.373273
vt 0.053736 0.388862
vt 0.034562 0.427998
vt 0.998422 0.559332
vt 0.998422 0.550107
vt 0.990180 0.550107
vt 0.990180 0.560840
vt 0.335640 0.456379
vt 0.335640 0.446165
vt 0.327398 0.456373
vt 0.527031 0.387934
vt 0.090251 0.368084
vt 0.327398 0.446159
vt 0.803283 0.719797
vt 0.782562 0.734578
vt 0.790803 0.734578
vt 0.511317 0.125303
vt 0.511317 0.114570
vt 0.503075 0.116078
vt 0.503075 0.125303
vt 0.998422 0.574777
vt 0.990180 0.574779
vt 0.790803 0.738197
vt 0.335640 0.426025
vt 0.327398 0.426019
vt 0.327398 0.436233
vt 0.091675 0.087217
vt 0.109484 0.083005
vt 0.087839 0.082949
vt 0.812471 0.728949
vt 0.809084 0.732335
vt 0.806195 0.738209
vt 0.816738 0.726774
vt 0.335640 0.436239
vt 0.094716 0.095876
vt 0.511317 0.100632
vt 0.503075 0.100634
vt 0.103868 0.105064
vt 0.107255 0.101678
vt 0.111643 0.098557
vt 0.101694 0.109331
vt 0.588958 0.453189
vt 0.589117 0.414053
vt 0.517546 0.081559
vt 0.525612 0.107662
vt 0.520051 0.100009
vt 0.514180 0.097122
vt 0.058540 0.105063
vt 0.064169 0.083395
vt 0.061926 0.101677
vt 0.067800 0.098788
vt 0.056366 0.109330
vt 0.559539 0.424128
vt 0.555208 0.421233
vt 0.830474 0.302901
vt 0.830474 0.269483
vt 0.045820 0.373273
vt 0.054283 0.443285
vt 0.056261 0.427998
vt 0.195641 0.893101
vt 0.195640 0.926519
vt 0.219596 0.447963
vt 0.219597 0.481380
vt 0.750621 0.860968
vt 0.750621 0.894385
vt 0.562434 0.438681
vt 0.559539 0.443013
vt 0.499530 0.473809
vt 0.499306 0.474033
vt 0.499530 0.467898
vt 0.000224 0.368019
vt 0.000447 0.484112
vt 0.499234 0.343673
vt 0.000000 0.484259
vt 0.159707 0.007404
vt 0.159707 0.007851
vt 0.174905 0.007852
vt 0.175104 0.007404
vt 0.023054 0.465320
vt 0.022827 0.484184
vt 0.027977 0.454114
vt 0.746527 0.593844
vt 0.746439 0.573238
vt 0.743098 0.593867
vt 0.389491 0.402862
vt 0.389216 0.403033
vt 0.389405 0.423398
vt 0.383743 0.402556
vt 0.159707 0.028024
vt 0.159707 0.028471
vt 0.175079 0.028415
vt 0.168995 0.028024
vt 0.670931 0.480695
vt 0.670767 0.481082
vt 0.670767 0.501241
vt 0.670917 0.501663
vt 0.000224 0.835426
vt 0.000000 0.840024
vt 0.000447 0.839758
vt 0.000224 0.845517
vt 0.000000 0.854823
vt 0.000447 0.852343
vt 0.974210 0.305557
vt 0.974210 0.306004
vt 0.989408 0.306004
vt 0.989607 0.305557
vt 0.000149 0.863572
vt 0.223760 0.422280
vt 0.224036 0.422451
vt 0.229509 0.422452
vt 0.229732 0.422229
vt 0.229843 0.450607
vt 0.551278 0.168524
vt 0.551126 0.168948
vt 0.551195 0.197110
vt 0.223845 0.450461
vt 0.974210 0.333824
vt 0.974210 0.334271
vt 0.989458 0.333936
vt 0.000018 0.489008
vt 0.499530 0.343824
vt 0.521882 0.343633
vt 0.499530 0.468779
vt 0.953116 0.733091
vt 0.945770 0.863514
vt 0.953116 0.863517
vt 0.789909 0.712517
vt 0.789909 0.645057
vt 0.782562 0.645057
vt 0.794624 0.716755
vt 0.570842 0.473809
vt 0.570842 0.453636
vt 0.566791 0.473809
vt 0.375314 0.169603
vt 0.396372 0.169616
vt 0.375459 0.161037
vt 0.566791 0.453636
vt 0.522136 0.376731
vt 0.396233 0.161034
vt 0.383552 0.423395
vt 0.389215 0.408063
vt 0.164080 0.028024
vt 0.174905 0.007852
vt 0.159707 0.007851
vt 0.787151 0.622897
vt 0.782563 0.622908
vt 0.782564 0.645046
vt 0.787151 0.645057
vt 0.821468 0.726025
vt 0.826656 0.722198
vt 0.742849 0.573263
vt 0.323406 0.144249
vt 0.338732 0.144249
vt 0.338800 0.123637
vt 0.826198 0.726774
vt 0.375318 0.192988
vt 0.396374 0.192995
vt 0.323406 0.123631
vt 0.113117 0.083396
vt 0.830465 0.728949
vt 0.833198 0.725187
vt 0.997036 0.723983
vt 0.989689 0.723983
vt 0.989689 0.732983
vt 0.997036 0.734964
vt 0.097117 0.119249
vt 0.174905 0.028024
vt 0.396228 0.199620
vt 0.375317 0.199535
vt 0.666079 0.856456
vt 0.666028 0.836293
vt 0.654797 0.835851
vt 0.654797 0.856906
vt 0.833851 0.732335
vt 0.837613 0.729602
vt 0.809738 0.757478
vt 0.812471 0.753716
vt 0.100945 0.114061
vt 0.987283 0.906306
vt 0.966672 0.911082
vt 0.987282 0.910723
vt 0.676195 0.480640
vt 0.680971 0.501250
vt 0.680611 0.480639
vt 0.676206 0.501669
vt 0.101694 0.118791
vt 0.535631 0.085549
vt 0.539467 0.081281
vt 0.836025 0.736602
vt 0.840448 0.735165
vt 0.815301 0.760312
vt 0.816738 0.755890
vt 0.849836 0.617161
vt 0.849859 0.584167
vt 0.842452 0.584154
vt 0.842489 0.617161
vt 0.000447 0.839770
vt 0.020943 0.845548
vt 0.021060 0.840020
vt 0.966258 0.906321
vt 0.103868 0.123058
vt 0.100107 0.125791
vt 0.836775 0.741333
vt 0.841424 0.741333
vt 0.821468 0.761289
vt 0.821468 0.756639
vt 0.020620 0.854723
vt 0.836025 0.746063
vt 0.840448 0.747499
vt 0.827635 0.760312
vt 0.826198 0.755890
vt 0.107255 0.126445
vt 0.104522 0.130206
vt 0.128635 0.105064
vt 0.132397 0.102331
vt 0.966228 0.900738
vt 0.987283 0.900739
vt 0.069503 0.456504
vt 0.090164 0.456515
vt 0.833851 0.750329
vt 0.837613 0.753062
vt 0.833198 0.757478
vt 0.830465 0.753716
vt 0.275822 0.057577
vt 0.284243 0.057577
vt 0.111522 0.128619
vt 0.110085 0.133041
vt 0.130810 0.109331
vt 0.135232 0.107894
vt 0.020620 0.863750
vt 0.966228 0.894570
vt 0.987283 0.894570
vt 0.966672 0.878059
vt 0.987283 0.882835
vt 0.987284 0.878419
vt 0.530189 0.117580
vt 0.116252 0.129368
vt 0.116252 0.134017
vt 0.131559 0.114061
vt 0.136208 0.114061
vt 0.966228 0.888403
vt 0.987283 0.888402
vt 0.526361 0.112393
vt 0.966258 0.882820
vt 0.043933 0.075117
vt 0.120982 0.128619
vt 0.122419 0.133041
vt 0.130810 0.118791
vt 0.135232 0.120228
vt 0.125249 0.126445
vt 0.127982 0.130206
vt 0.128635 0.123058
vt 0.132397 0.125791
vt 0.525612 0.117123
vt 0.523438 0.121390
vt 0.527199 0.124123
vt 0.067788 0.083395
vt 0.520051 0.124776
vt 0.522784 0.128538
vt 0.494908 0.100663
vt 0.498670 0.103395
vt 0.556814 0.196759
vt 0.556554 0.168501
vt 0.515784 0.126951
vt 0.517220 0.131373
vt 0.492074 0.106226
vt 0.496496 0.107662
vt 0.055616 0.114060
vt 0.051789 0.119248
vt 0.056366 0.118790
vt 0.561329 0.196759
vt 0.560976 0.168507
vt 0.511054 0.127700
vt 0.511054 0.132349
vt 0.491097 0.112393
vt 0.495747 0.112393
vt 0.506323 0.126951
vt 0.504887 0.131373
vt 0.492074 0.118559
vt 0.496496 0.117123
vt 0.058540 0.123057
vt 0.054778 0.125790
vt 0.079921 0.101677
vt 0.082654 0.097915
vt 0.088361 0.045243
vt 0.098603 0.045243
vt 0.094148 0.017112
vt 0.502057 0.124776
vt 0.499324 0.128538
vt 0.494908 0.124123
vt 0.498670 0.121390
vt 0.061926 0.126444
vt 0.059193 0.130205
vt 0.083307 0.105063
vt 0.087069 0.102330
vt 0.066193 0.128618
vt 0.064757 0.133040
vt 0.085481 0.109330
vt 0.089903 0.107893
vt 0.106563 0.045566
vt 0.104094 0.017423
vt 0.112097 0.045675
vt 0.630850 0.049059
vt 0.630849 0.053476
vt 0.659540 0.049054
vt 0.070923 0.129367
vt 0.070923 0.134017
vt 0.086230 0.114060
vt 0.090880 0.114060
vt 0.075654 0.128618
vt 0.077090 0.133040
vt 0.085481 0.118790
vt 0.089903 0.120227
vt 0.079921 0.126444
vt 0.082654 0.130205
vt 0.083307 0.123057
vt 0.087069 0.125790
vt 0.989689 0.759954
vt 0.997036 0.773922
vt 0.000447 0.453525
vt 0.022728 0.488642
vt 0.945770 0.747060
vt 0.986188 0.764703
vt 0.942268 0.742310
vt 0.992879 0.773940
vt 0.000025 0.498252
vt 0.023029 0.498252
vt 0.948960 0.733074
vt 0.989408 0.333824
vt 0.746457 0.594373
vt 0.743082 0.594656
vt 0.742849 0.622617
vt 0.746490 0.622591
vt 0.570842 0.413606
vt 0.255533 0.078304
vt 0.284238 0.078361
vt 0.255675 0.069753
vt 0.255534 0.101693
vt 0.284237 0.101719
vt 0.284229 0.108259
vt 0.255537 0.108254
vt 0.630849 0.076946
vt 0.630856 0.081368
vt 0.659546 0.081363
vt 0.659551 0.076943
vt 0.630849 0.071381
vt 0.659551 0.071379
vt 0.630849 0.065211
vt 0.659551 0.065211
vt 0.630849 0.059041
vt 0.659551 0.059043
vt 0.659551 0.053479
vt 0.112354 0.017423
vt 0.088623 0.016983
vt 0.287472 0.195433
vt 0.298313 0.195433
vt 0.298742 0.167175
vt 0.287472 0.166721
vt 0.229743 0.450505
vt 0.974210 0.305110
vt 0.989604 0.276854
vt 0.974210 0.276849
vt 0.989535 0.305110
vt 0.666514 0.835841
vt 0.067548 0.448495
vt 0.666512 0.856908
vt 0.299192 0.166718
vt 0.740422 0.940989
vt 0.375917 0.511936
vt 0.346450 0.479630
vt 0.346356 0.500581
vt 0.748513 0.931462
vt 0.346528 0.511563
vt 0.380490 0.468585
vt 0.376419 0.475348
vt 0.387507 0.479519
vt 0.387335 0.500809
vt 0.379765 0.511931
vt 0.003448 0.955639
vt 0.000000 0.926706
vt 0.000087 0.959575
vt 0.835951 0.080318
vt 0.802791 0.080027
vt 0.802791 0.165470
vt 0.835951 0.165179
vt 0.205402 0.426174
vt 0.179859 0.477182
vt 0.205536 0.477136
vt 0.974210 0.356554
vt 0.995289 0.356554
vt 0.995289 0.334271
vt 0.000086 0.868479
vt 0.000000 0.901349
vt 0.001577 0.901356
vt 0.001643 0.876179
vt 0.001802 0.868484
vt 0.003503 0.874335
vt 0.003514 0.870204
vt 0.207245 0.426174
vt 0.211161 0.477339
vt 0.213094 0.426174
vt 0.180225 0.426174
vt 0.402741 0.690029
vt 0.402741 0.668949
vt 0.395274 0.668949
vt 0.395274 0.690029
vt 0.974210 0.447634
vt 0.995289 0.447634
vt 0.995289 0.424646
vt 0.974210 0.424646
vt 0.031941 0.080147
vt 0.042897 0.103136
vt 0.039409 0.080147
vt 0.491097 0.042585
vt 0.512177 0.042586
vt 0.512177 0.009054
vt 0.491097 0.009054
vt 0.055897 0.157797
vt 0.066853 0.168343
vt 0.066853 0.134808
vt 0.059385 0.134808
vt 0.739864 0.974265
vt 0.715244 0.974265
vt 0.714687 0.973708
vt 0.315699 0.378213
vt 0.337320 0.362292
vt 0.337138 0.361734
vt 0.351701 0.362013
vt 0.346685 0.441786
vt 0.374698 0.442145
vt 0.374708 0.441587
vt 0.376633 0.441866
vt 0.755854 0.962068
vt 0.755856 0.941422
vt 0.748590 0.930490
vt 0.747864 0.793901
vt 0.740414 0.795186
vt 0.740183 0.827075
vt 0.740530 0.827700
vt 0.740421 0.793597
vt 0.226148 0.017397
vt 0.225280 0.039464
vt 0.228559 0.038326
vt 0.714948 0.793923
vt 0.718163 0.795156
vt 0.718161 0.793597
vt 0.179947 0.477093
vt 0.180225 0.426174
vt 0.179670 0.426732
vt 0.718459 0.827118
vt 0.210636 0.050579
vt 0.210963 0.051122
vt 0.215067 0.051122
vt 0.222593 0.042436
vt 0.210461 0.017357
vt 0.208667 0.017672
vt 0.207977 0.038126
vt 0.212428 0.041119
vt 0.216212 0.050565
vt 0.225587 0.051087
vt 0.221154 0.050570
vt 0.982218 0.455386
vt 0.982195 0.480006
vt 0.115787 0.009767
vt 0.115787 0.034945
vt 0.140407 0.034945
vt 0.140407 0.009767
vt 0.346303 0.442145
vt 0.375581 0.442145
vt 0.051905 0.010536
vt 0.061074 0.035607
vt 0.061300 0.010536
vt 0.080258 0.341588
vt 0.063880 0.363258
vt 0.089457 0.366868
vt 0.089431 0.341705
vt 0.061300 0.035156
vt 0.077639 0.035156
vt 0.077639 0.010536
vt 0.789431 0.436744
vt 0.789431 0.461922
vt 0.796734 0.461922
vt 0.996758 0.480006
vt 0.996910 0.451325
vt 0.363332 0.441587
vt 0.370341 0.441217
vt 0.370340 0.420877
vt 0.363332 0.420508
vt 0.755264 0.940989
vt 0.789431 0.393185
vt 0.379826 0.442145
vt 0.930848 0.308611
vt 0.937506 0.257778
vt 0.796734 0.307274
vt 0.789431 0.256634
vt 0.228732 0.038218
vt 0.229251 0.050575
vt 0.143736 0.150731
vt 0.158582 0.150731
vt 0.158611 0.128449
vt 0.151973 0.128449
vt 0.767149 0.423990
vt 0.766779 0.403656
vt 0.331391 0.299602
vt 0.331423 0.321885
vt 0.346266 0.321885
vt 0.338029 0.299602
vt 0.030972 0.560927
vt 0.003329 0.926707
vt 0.020800 0.530013
vt 0.028620 0.529584
vt 0.052274 0.035526
vt 0.770210 0.310278
vt 0.224086 0.149097
vt 0.241575 0.145901
vt 0.227401 0.145663
vt 0.979719 0.652898
vt 0.207618 0.050568
vt 0.241575 0.167041
vt 0.224570 0.163950
vt 0.227976 0.167072
vt 0.217658 0.044041
vt 0.223728 0.159807
vt 0.212586 0.477326
vt 0.798449 0.256633
vt 0.798449 0.307274
vt 0.229026 0.017672
vt 0.226101 0.017365
vt 0.222593 0.042580
vt 0.217646 0.044026
vt 0.213476 0.042580
vt 0.211250 0.039464
vt 0.207245 0.426174
vt 0.205402 0.476814
vt 0.207245 0.476814
vt 0.207398 0.477180
vt 0.199633 0.822768
vt 0.742611 0.945431
vt 0.742635 0.962068
vt 0.751780 0.962068
vt 0.751752 0.945411
vt 0.758606 0.403468
vt 0.315978 0.386912
vt 0.315978 0.378352
vt 0.055897 0.168343
vt 0.031941 0.113681
vt 0.042897 0.113681
vt 0.335941 0.480076
vt 0.335571 0.500411
vt 0.064070 0.367624
vt 0.960811 0.841841
vt 0.964142 0.840676
vt 0.959520 0.837113
vt 0.964139 0.991412
vt 0.959517 0.994974
vt 0.962292 0.997233
vt 0.962296 0.834855
vt 0.958266 0.996504
vt 0.960568 0.999267
vt 0.960571 0.832821
vt 0.958270 0.835583
vt 0.958812 1.000000
vt 0.958817 0.832088
vt 0.960808 0.990246
vt 0.405789 0.704806
vt 0.397018 0.704750
vt 0.405590 0.771186
vt 0.182081 0.822034
vt 0.178127 0.822326
vt 0.178127 0.822034
vt 0.195283 0.822431
vt 0.199156 0.477380
vt 0.191390 0.477373
vt 0.191654 0.822431
vt 0.175101 0.822606
vt 0.175391 0.477869
vt 0.167625 0.477864
vt 0.171466 0.822606
vt 0.185196 0.478270
vt 0.178126 0.477684
vt 0.188645 0.822326
vt 0.070145 0.126958
vt 0.070164 0.102723
vt 0.063936 0.102271
vt 0.063936 0.127405
vt 0.199092 0.822427
vt 0.167697 0.822597
vt 0.079492 0.116529
vt 0.079322 0.111451
vt 0.078153 0.107693
vt 0.078144 0.122001
vt 0.188646 0.477684
vt 0.074948 0.104596
vt 0.074935 0.125090
vt 0.216699 0.822427
vt 0.216698 0.477382
vt 0.199102 0.477384
vt 0.199103 0.822428
vt 0.177509 0.102489
vt 0.175926 0.107075
vt 0.176017 0.113779
vt 0.177488 0.117225
vt 0.185386 0.097761
vt 0.180135 0.119885
vt 0.189793 0.122440
vt 0.180158 0.099840
vt 0.189832 0.097310
vt 0.178127 0.477870
vt 0.185357 0.121977
vt 0.188646 0.477372
vt 0.188646 0.822431
vt 0.178127 0.822605
vt 0.188646 0.478271
vt 0.585170 0.600162
vt 0.585170 0.600305
vt 0.581793 0.600305
vt 0.890869 0.888664
vt 0.890542 0.890239
vt 0.890399 0.893701
vt 0.897021 0.893700
vt 0.896872 0.890238
vt 0.896545 0.888662
vt 0.581793 0.999851
vt 0.578421 0.999083
vt 0.578421 0.999853
vt 0.531063 0.999975
vt 0.552010 0.599753
vt 0.531053 0.599753
vt 0.895828 0.887495
vt 0.892676 0.886631
vt 0.891585 0.887495
vt 0.585170 0.999083
vt 0.578421 0.600162
vt 0.573969 0.599745
vt 0.573969 0.999997
vt 0.552099 0.599752
vt 0.552082 0.999977
vt 0.568001 0.999998
vt 0.567764 0.599753
vt 0.595764 0.599525
vt 0.595604 0.999469
vt 0.611405 0.999462
vt 0.611429 0.599507
vt 0.589616 0.999469
vt 0.589616 0.599457
vt 0.885731 0.898179
vt 0.888569 0.895980
vt 0.882409 0.890011
vt 0.882891 0.895983
vt 0.883608 0.897149
vt 0.884698 0.898003
vt 0.887852 0.897148
vt 0.886762 0.898003
vt 0.889041 0.889998
vt 0.552026 0.999973
vt 0.894739 0.886629
vt 0.585170 0.599456
vt 0.893707 0.886454
vt 0.578421 0.600305
vt 0.578421 0.599743
vt 0.585170 0.999470
vt 0.585170 0.999853
vt 0.578421 1.000000
vt 0.888859 0.894695
vt 0.882600 0.894697
vt 0.240043 0.386725
vt 0.237456 0.383923
vt 0.227689 0.380258
vt 0.242884 0.392096
vt 0.242225 0.390185
vt 0.231042 0.377450
vt 0.180481 0.417630
vt 0.180957 0.422470
vt 0.189792 0.417034
vt 0.232886 0.399570
vt 0.242909 0.397007
vt 0.233132 0.386483
vt 0.186207 0.414831
vt 0.237846 0.390029
vt 0.241152 0.391669
vt 0.179673 0.411425
vt 0.183588 0.410936
vt 0.242842 0.392083
vt 0.218170 0.384808
vt 0.223173 0.401501
vt 0.219280 0.382093
vt 0.227699 0.373393
vt 0.222324 0.372983
vt 0.199974 0.425208
vt 0.215888 0.380236
vt 0.218019 0.379695
vt 0.225068 0.369336
vt 0.206503 0.424940
vt 0.204940 0.421492
vt 0.216606 0.376455
vt 0.213493 0.375867
vt 0.222755 0.365453
vt 0.220030 0.369218
vt 0.212300 0.422479
vt 0.219548 0.362604
vt 0.212166 0.424948
vt 0.385820 0.264643
vt 0.383254 0.270462
vt 0.398228 0.257068
vt 0.388324 0.261549
vt 0.383796 0.268420
vt 0.394549 0.254379
vt 0.359457 0.433032
vt 0.353953 0.430041
vt 0.350344 0.432412
vt 0.392999 0.263913
vt 0.388340 0.267917
vt 0.383698 0.274952
vt 0.385019 0.269887
vt 0.360134 0.426318
vt 0.356530 0.425964
vt 0.383296 0.270445
vt 0.408429 0.261142
vt 0.407100 0.258377
vt 0.400620 0.278563
vt 0.404219 0.279410
vt 0.403305 0.249136
vt 0.397745 0.249931
vt 0.340143 0.441123
vt 0.410490 0.256236
vt 0.408238 0.255819
vt 0.400203 0.245533
vt 0.334929 0.437464
vt 0.333432 0.441053
vt 0.412682 0.251530
vt 0.409486 0.252354
vt 0.405431 0.245065
vt 0.402341 0.241337
vt 0.327404 0.438708
vt 0.405481 0.238156
vt 0.327619 0.441237
vt 0.499760 0.619525
vt 0.519598 0.634879
vt 0.523850 0.632039
vt 0.515748 0.636451
vt 0.518122 0.634987
vt 0.518091 0.634201
vt 0.515401 0.635338
vt 0.511876 0.637412
vt 0.511826 0.636228
vt 0.507728 0.637189
vt 0.507955 0.635956
vt 0.503651 0.635922
vt 0.504109 0.634702
vt 0.499904 0.633942
vt 0.500491 0.632662
vt 0.497705 0.632347
vt 0.498622 0.630956
vt 0.652116 0.860227
vt 0.647019 0.860346
vt 0.654675 0.867217
vt 0.656047 0.859710
vt 0.660068 0.867244
vt 0.626268 0.859836
vt 0.622313 0.859037
vt 0.617796 0.866975
vt 0.624181 0.866966
vt 0.633069 0.860219
vt 0.630520 0.867043
vt 0.635783 0.867103
vt 0.640051 0.860324
vt 0.642038 0.867156
vt 0.648337 0.867193
vt 0.814756 0.764838
vt 0.802216 0.769197
vt 0.803948 0.819400
vt 0.833600 0.817672
vt 0.828039 0.766337
vt 0.824912 0.821304
vt 0.794195 0.767383
vt 0.792675 0.818682
vt 0.793259 0.823139
vt 0.821259 0.817721
vt 0.799269 0.769172
vt 0.800957 0.818595
vt 0.824198 0.766055
vt 0.824805 0.817705
vt 0.819885 0.765185
vt 0.821273 0.820530
vt 0.824897 0.821283
vt 0.819884 0.765123
vt 0.806188 0.764870
vt 0.801468 0.764330
vt 0.799310 0.765456
vt 0.790547 0.767851
vt 0.831836 0.766142
vt 0.801450 0.764342
vt 0.799300 0.769982
vt 0.802170 0.768811
vt 0.803810 0.822511
vt 0.801273 0.822691
vt 0.834176 0.824491
vt 0.821230 0.823950
vt 0.801334 0.823228
vt 0.823787 0.824143
vt 0.793936 0.825256
vt 0.802034 0.825084
vt 0.823820 0.824062
vt 0.833662 0.843572
vt 0.834352 0.835801
vt 0.802295 0.838062
vt 0.804031 0.839874
vt 0.803673 0.825024
vt 0.803843 0.835818
vt 0.794359 0.836557
vt 0.802226 0.835873
vt 0.823725 0.843593
vt 0.821339 0.839930
vt 0.823714 0.842755
vt 0.804194 0.843375
vt 0.802464 0.843435
vt 0.828763 0.873812
vt 0.832537 0.873845
vt 0.794239 0.844164
vt 0.795201 0.874046
vt 0.804845 0.873522
vt 0.804846 0.873522
vt 0.814773 0.873643
vt 0.803104 0.873567
vt 0.824124 0.874800
vt 0.653893 0.960150
vt 0.658368 0.960413
vt 0.662465 0.963073
vt 0.616466 0.960734
vt 0.622015 0.960389
vt 0.626522 0.960119
vt 0.631068 0.959919
vt 0.636768 0.959787
vt 0.642509 0.959778
vt 0.646030 0.961840
vt 0.649359 0.959944
vt 0.654520 0.964324
vt 0.659406 0.964782
vt 0.614945 0.965283
vt 0.618636 0.964914
vt 0.622294 0.964550
vt 0.625892 0.964268
vt 0.629479 0.964040
vt 0.633045 0.963879
vt 0.637791 0.963764
vt 0.642544 0.963770
vt 0.649702 0.964007
vt 0.653707 0.998279
vt 0.658366 0.999057
vt 0.661877 0.999993
vt 0.616177 0.999998
vt 0.619817 0.999171
vt 0.624430 0.998435
vt 0.627742 0.997151
vt 0.628137 0.998205
vt 0.633859 0.997474
vt 0.638041 0.997318
vt 0.642449 0.997316
vt 0.645726 0.997452
vt 0.649145 0.997729
vt 0.735549 0.188264
vt 0.739152 0.225626
vt 0.745688 0.226355
vt 0.746325 0.187863
vt 0.753137 0.228318
vt 0.755193 0.187533
vt 0.757137 0.230623
vt 0.760231 0.233126
vt 0.763837 0.187219
vt 0.767050 0.234152
vt 0.769726 0.187007
vt 0.771425 0.234087
vt 0.698719 0.189589
vt 0.699995 0.236682
vt 0.703549 0.236539
vt 0.707068 0.189377
vt 0.709171 0.235658
vt 0.707078 0.189377
vt 0.711626 0.234976
vt 0.714572 0.232233
vt 0.721264 0.188813
vt 0.718788 0.229477
vt 0.727798 0.226717
vt 0.733438 0.225762
vt 0.627767 0.998175
vt 0.733817 0.408140
vt 0.736315 0.401288
vt 0.732175 0.399017
vt 0.735871 0.397159
vt 0.735079 0.393892
vt 0.732022 0.393715
vt 0.683545 0.408966
vt 0.715175 0.409939
vt 0.716501 0.408527
vt 0.683545 0.408980
vt 0.711816 0.408532
vt 0.732353 0.401585
vt 0.683481 0.417170
vt 0.715495 0.415575
vt 0.682886 0.394338
vt 0.683345 0.425556
vt 0.711351 0.425558
vt 0.682745 0.391266
vt 0.682885 0.394315
vt 0.711786 0.393793
vt 0.712726 0.390803
vt 0.710818 0.393734
vt 0.718274 0.408526
vt 0.717785 0.424790
vt 0.717360 0.394133
vt 0.732451 0.408354
vt 0.732451 0.408345
vt 0.732452 0.415821
vt 0.732326 0.425067
vt 0.731956 0.390683
vt 0.852122 0.256447
vt 0.801238 0.256582
vt 0.852201 0.252867
vt 0.801923 0.251888
vt 0.852208 0.265789
vt 0.801928 0.266673
vt 0.502865 0.628372
vt 0.501682 0.626527
vt 0.515189 0.640516
vt 0.513553 0.636996
vt 0.514020 0.632366
vt 0.513879 0.635717
vt 0.502937 0.640375
vt 0.504573 0.636209
vt 0.506011 0.630662
vt 0.505274 0.635082
vt 0.495100 0.636326
vt 0.497712 0.632352
vt 0.501692 0.626543
vt 0.498643 0.630975
vt 0.801516 0.261593
vt 0.798532 0.262617
vt 0.798914 0.263677
vt 0.652821 0.502113
vt 0.647523 0.502232
vt 0.656015 0.502010
vt 0.629488 0.502100
vt 0.625959 0.501978
vt 0.634765 0.502226
vt 0.640702 0.502278
vt 0.734232 0.998776
vt 0.734273 0.997910
vt 0.732805 0.998991
vt 0.735603 0.996365
vt 0.735004 0.996242
vt 0.735590 0.994255
vt 0.734992 0.994419
vt 0.734524 0.992433
vt 0.734071 0.992846
vt 0.732112 0.991060
vt 0.732590 0.991784
vt 0.730777 0.991605
vt 0.729354 0.991368
vt 0.728593 0.992593
vt 0.727655 0.992620
vt 0.726809 0.994552
vt 0.727408 0.994676
vt 0.726822 0.996663
vt 0.727673 0.997058
vt 0.727888 0.998484
vt 0.728754 0.998525
vt 0.730299 0.999856
vt 0.730424 0.999257
vt 0.732410 0.999842
vt 0.417506 0.387766
vt 0.391912 0.387668
vt 0.402232 0.641375
vt 0.417692 0.641441
vt 0.391281 0.641338
vt 0.496832 0.388339
vt 0.482940 0.388210
vt 0.479865 0.641864
vt 0.494348 0.641998
vt 0.461982 0.388038
vt 0.456479 0.641675
vt 0.438206 0.387878
vt 0.435866 0.641538
vt 0.290974 0.091615
vt 0.291820 0.101666
vt 0.307500 0.100344
vt 0.306564 0.089234
vt 0.404145 0.648421
vt 0.391287 0.648421
vt 0.404139 0.664101
vt 0.391281 0.664101
vt 0.470843 0.130437
vt 0.471778 0.119327
vt 0.456010 0.119068
vt 0.455164 0.129119
vt 0.474336 0.088944
vt 0.458564 0.088719
vt 0.475191 0.078778
vt 0.459512 0.077461
vt 0.383296 0.228448
vt 0.395314 0.228448
vt 0.383302 0.212768
vt 0.395320 0.212768
vt 0.287472 0.050007
vt 0.288420 0.061266
vt 0.304007 0.058851
vt 0.303151 0.048686
vt 0.798566 0.095407
vt 0.799623 0.095618
vt 0.801826 0.069450
vt 0.800770 0.069230
vt 0.798027 0.101816
vt 0.798945 0.103670
vt 0.797864 0.103756
vt 0.797107 0.112750
vt 0.798243 0.112010
vt 0.215613 0.236571
vt 0.216747 0.237276
vt 0.216935 0.234069
vt 0.215851 0.231707
vt 0.217089 0.225464
vt 0.215942 0.225019
vt 0.216998 0.217907
vt 0.215847 0.218265
vt 0.216738 0.212653
vt 0.215604 0.213365
vt 0.615707 0.129231
vt 0.616843 0.129968
vt 0.616393 0.124627
vt 0.614986 0.120669
vt 0.615200 0.110454
vt 0.614320 0.112755
vt 0.612953 0.083751
vt 0.611902 0.084027
vt 0.611887 0.071099
vt 0.610879 0.071880
vt 0.880681 0.993191
vt 0.879861 0.993974
vt 0.882981 0.997026
vt 0.883651 0.996097
vt 0.994142 0.480667
vt 0.993146 0.479997
vt 0.993332 0.483475
vt 0.994375 0.485851
vt 0.993488 0.492039
vt 0.994470 0.492325
vt 0.993391 0.499230
vt 0.994372 0.498887
vt 0.993137 0.504804
vt 0.994133 0.504128
vt 0.907112 0.995991
vt 0.907788 0.996915
vt 0.910945 0.993785
vt 0.910121 0.993008
vt 0.802989 0.054651
vt 0.801339 0.062461
vt 0.802595 0.060304
vt 0.786147 0.068115
vt 0.787222 0.068105
vt 0.787733 0.062033
vt 0.786917 0.058972
vt 0.787477 0.053342
vt 0.978202 0.507137
vt 0.979326 0.507961
vt 0.979691 0.502949
vt 0.978549 0.502366
vt 0.979907 0.496027
vt 0.978746 0.497151
vt 0.978768 0.489777
vt 0.979784 0.483431
vt 0.978554 0.482390
vt 0.979342 0.476877
vt 0.978218 0.477696
vt 0.626471 0.070487
vt 0.626148 0.078426
vt 0.627181 0.077953
vt 0.626717 0.085199
vt 0.627980 0.087445
vt 0.628946 0.111682
vt 0.630000 0.111443
vt 0.629634 0.119857
vt 0.630667 0.119360
vt 0.630387 0.128803
vt 0.631386 0.127911
vt 0.231283 0.213365
vt 0.230285 0.212653
vt 0.230477 0.215888
vt 0.231527 0.218278
vt 0.230616 0.221569
vt 0.231621 0.225019
vt 0.230548 0.232073
vt 0.231529 0.231720
vt 0.230294 0.237276
vt 0.231292 0.236571
vt 0.782564 0.110690
vt 0.783560 0.111611
vt 0.783287 0.102357
vt 0.785197 0.092155
vt 0.783944 0.094287
vt 0.802512 0.048531
vt 0.788965 0.047390
vt 0.993328 0.501282
vt 0.979781 0.501280
vt 0.611442 0.065805
vt 0.612614 0.079729
vt 0.624989 0.064665
vt 0.629481 0.118033
vt 0.617035 0.132256
vt 0.630389 0.128828
vt 0.630582 0.131117
vt 0.216930 0.215888
vt 0.230478 0.215911
vt 0.230482 0.234066
vt 0.796919 0.114983
vt 0.783372 0.113843
vt 0.915955 0.978276
vt 0.914998 0.952106
vt 0.910210 0.954233
vt 0.910505 0.977694
vt 0.875613 0.952286
vt 0.880411 0.954233
vt 0.875613 0.911263
vt 0.880411 0.909315
vt 0.914998 0.911442
vt 0.915955 0.885271
vt 0.910505 0.885855
vt 0.910211 0.909315
vt 0.908870 0.983722
vt 0.913527 0.987421
vt 0.905689 0.988539
vt 0.907208 0.995896
vt 0.901323 0.991733
vt 0.901864 0.998839
vt 0.895311 0.992889
vt 0.881920 0.948181
vt 0.877772 0.944371
vt 0.884853 0.943312
vt 0.882458 0.937095
vt 0.888879 0.940066
vt 0.888565 0.932893
vt 0.895311 0.938886
vt 0.895312 0.931774
vt 0.901743 0.940066
vt 0.902004 0.932865
vt 0.905769 0.943312
vt 0.908052 0.936956
vt 0.908702 0.948181
vt 0.912733 0.944054
vt 0.895311 0.870659
vt 0.908702 0.915367
vt 0.912733 0.919494
vt 0.905769 0.920236
vt 0.908052 0.926592
vt 0.901743 0.923482
vt 0.902004 0.930684
vt 0.895311 0.924662
vt 0.913527 0.876127
vt 0.908869 0.879826
vt 0.908475 0.868908
vt 0.905689 0.875009
vt 0.901864 0.864710
vt 0.901323 0.871816
vt 0.888879 0.923482
vt 0.888565 0.930655
vt 0.884853 0.920236
vt 0.882458 0.926453
vt 0.881920 0.915367
vt 0.877772 0.919177
vt 0.137397 0.723802
vt 0.146721 0.697787
vt 0.144720 0.530186
vt 0.149327 0.528649
vt 0.151376 0.698620
vt 0.154590 0.526804
vt 0.156823 0.698788
vt 0.160263 0.608113
vt 0.158677 0.522488
vt 0.098960 0.736935
vt 0.106593 0.712018
vt 0.097693 0.711836
vt 0.145796 0.753146
vt 0.155803 0.744641
vt 0.161892 0.744944
vt 0.161166 0.704569
vt 0.131558 0.618003
vt 0.136632 0.611961
vt 0.142398 0.829166
vt 0.150360 0.790534
vt 0.154770 0.829010
vt 0.162427 0.792537
vt 0.158087 0.791791
vt 0.164748 0.828098
vt 0.169152 0.828164
vt 0.159162 0.827953
vt 0.108409 0.787277
vt 0.101557 0.750297
vt 0.091775 0.788070
vt 0.126169 0.530338
vt 0.133733 0.611414
vt 0.131043 0.528461
vt 0.114543 0.738443
vt 0.115835 0.634436
vt 0.110643 0.825283
vt 0.104551 0.822158
vt 0.094997 0.828518
vt 0.188522 0.913949
vt 0.193316 0.916347
vt 0.179070 0.912109
vt 0.115045 0.841952
vt 0.115340 0.909958
vt 0.108456 0.896415
vt 0.108124 0.842243
vt 0.098844 0.896439
vt 0.141769 0.994066
vt 0.052227 0.528424
vt 0.048982 0.698349
vt 0.057018 0.529637
vt 0.047070 0.526107
vt 0.043537 0.698675
vt 0.042803 0.527209
vt 0.064058 0.733831
vt 0.054109 0.703572
vt 0.055184 0.752887
vt 0.045028 0.745420
vt 0.039210 0.705436
vt 0.039162 0.745575
vt 0.068886 0.617980
vt 0.063902 0.611809
vt 0.059818 0.829752
vt 0.052349 0.792144
vt 0.047597 0.830185
vt 0.039438 0.792829
vt 0.033276 0.829310
vt 0.037684 0.829162
vt 0.043698 0.793054
vt 0.043253 0.828923
vt 0.075391 0.530014
vt 0.068655 0.530318
vt 0.066859 0.611152
vt 0.074478 0.611890
vt 0.088154 0.736799
vt 0.010665 0.917938
vt 0.015416 0.915458
vt 0.024837 0.913614
vt 0.087851 0.928212
vt 0.087640 0.842559
vt 0.065125 0.995392
vt 0.101833 0.935630
vt 0.091350 0.901223
vt 0.091580 0.945010
vt 0.095718 0.840276
vt 0.092275 0.737008
vt 0.091623 0.711896
vt 0.094181 0.456941
vt 0.096308 0.634079
vt 0.092436 0.822337
vt 0.104119 0.456999
vt 0.108675 0.736781
vt 0.113052 0.633451
vt 0.110647 0.457079
vt 0.115804 0.634251
vt 0.123719 0.527947
vt 0.117664 0.457254
vt 0.115823 0.784721
vt 0.117555 0.825803
vt 0.085083 0.456996
vt 0.077860 0.527643
vt 0.076220 0.614976
vt 0.087290 0.711645
vt 0.084791 0.825747
vt 0.085925 0.784986
vt 0.087589 0.456949
vt 0.112687 0.737154
vt 0.113701 0.695477
vt 0.115154 0.457160
vt 0.116352 0.692565
vt 0.126074 0.611687
vt 0.133598 0.532836
vt 0.134378 0.527567
vt 0.130590 0.457199
vt 0.067173 0.527211
vt 0.074103 0.456742
vt 0.124408 0.615015
vt 0.127979 0.523946
vt 0.129546 0.614799
vt 0.073668 0.523607
vt 0.072154 0.527165
vt 0.070975 0.614752
vt 0.199491 0.996015
vt 0.201130 0.997971
vt 0.204779 0.998201
vt 0.934389 0.724852
vt 0.938419 0.723643
vt 0.930285 0.725232
vt 0.922085 0.723971
vt 0.926158 0.725023
vt 0.112165 0.996825
vt 0.110002 0.994866
vt 0.107358 0.996859
vt 0.116890 0.994860
vt 0.190619 0.995552
vt 0.097181 0.995014
vt 0.088352 0.995083
vt 0.014751 0.997142
vt 0.000618 0.999982
vt 0.005936 0.997707
vt 0.112839 0.937464
vt 0.919372 0.651850
vt 0.938321 0.651435
vt 0.935898 0.648488
vt 0.918325 0.685871
vt 0.940837 0.698087
vt 0.918643 0.703584
vt 0.919090 0.722138
vt 0.918594 0.720908
vt 0.117035 0.996750
vt 0.136564 0.996408
vt 0.918541 0.665451
vt 0.152133 0.996407
vt 0.177180 0.997260
vt 0.191593 0.997567
vt 0.925301 0.645993
vt 0.921585 0.648757
vt 0.195986 0.997814
vt 0.928677 0.645395
vt 0.932073 0.645859
vt 0.004264 0.999701
vt 0.941337 0.721690
vt 0.941789 0.720448
vt 0.088322 0.996997
vt 0.068821 0.996998
vt 0.939854 0.669464
vt 0.053269 0.997277
vt 0.028221 0.998569
vt 0.013800 0.999094
vt 0.009399 0.999464
vt 0.093222 0.996988
vt 0.099729 0.996925
vt 0.388440 0.052593
vt 0.392707 0.051442
vt 0.396168 0.049147
vt 0.137302 0.457270
vt 0.151541 0.456452
vt 0.147378 0.456961
vt 0.141948 0.457188
vt 0.065932 0.456716
vt 0.055377 0.456246
vt 0.051224 0.455669
vt 0.060802 0.456561
vt 0.384075 0.021211
vt 0.380132 0.021887
vt 0.388024 0.021879
vt 0.396126 0.034698
vt 0.394787 0.028519
vt 0.396860 0.046978
vt 0.375967 0.024954
vt 0.373367 0.028513
vt 0.384094 0.052930
vt 0.375482 0.051452
vt 0.379781 0.052632
vt 0.372027 0.049147
vt 0.372038 0.034710
vt 0.371320 0.046993
vt 0.115432 0.636291
vt 0.392189 0.024943
vt 0.828515 0.454226
vt 0.828634 0.439555
vt 0.811753 0.438789
vt 0.812196 0.456418
vt 0.832072 0.588830
vt 0.831223 0.572499
vt 0.815166 0.574814
vt 0.815554 0.590264
vt 0.829862 0.529172
vt 0.814238 0.537822
vt 0.813859 0.522729
vt 0.829408 0.506508
vt 0.813287 0.499908
vt 0.828847 0.491472
vt 0.834786 0.464095
vt 0.834750 0.458465
vt 0.835773 0.452291
vt 0.836898 0.445757
vt 0.840028 0.589902
vt 0.840043 0.582508
vt 0.838549 0.576134
vt 0.837404 0.569677
vt 0.837196 0.563913
vt 0.836867 0.535860
vt 0.836678 0.529594
vt 0.837036 0.511913
vt 0.835312 0.506820
vt 0.836555 0.505125
vt 0.835309 0.506782
vt 0.836020 0.498663
vt 0.835926 0.492216
vt 0.806237 0.496171
vt 0.806333 0.502760
vt 0.807649 0.504304
vt 0.806158 0.509079
vt 0.806241 0.517263
vt 0.806706 0.523970
vt 0.807207 0.536662
vt 0.806659 0.542471
vt 0.808144 0.564729
vt 0.809804 0.565580
vt 0.808716 0.570881
vt 0.808251 0.576834
vt 0.806731 0.583337
vt 0.806708 0.591494
vt 0.805020 0.452870
vt 0.805927 0.458639
vt 0.807156 0.457101
vt 0.805621 0.464819
vt 0.929657 0.938808
vt 0.918322 0.925410
vt 0.918320 0.942195
vt 0.929660 0.917879
vt 0.918324 0.911612
vt 0.929662 0.898396
vt 0.918326 0.899589
vt 0.929665 0.883444
vt 0.918328 0.884632
vt 0.929669 0.853792
vt 0.918332 0.854722
vt 0.929671 0.838006
vt 0.918334 0.839124
vt 0.929672 0.827748
vt 0.918336 0.827746
vt 0.929649 1.000000
vt 0.929650 0.988734
vt 0.918314 0.989835
vt 0.918312 0.999999
vt 0.929652 0.973187
vt 0.918316 0.974176
vt 0.828171 0.465720
vt 0.828727 0.488627
vt 0.829957 0.540122
vt 0.830520 0.562949
vt 0.814309 0.540656
vt 0.813009 0.488843
vt 0.812435 0.465951
vt 0.829847 0.527602
vt 0.829233 0.501195
vt 0.829461 0.507268
vt 0.829628 0.514408
vt 0.830946 0.569217
vt 0.831426 0.575188
vt 0.831879 0.581073
vt 0.828756 0.447455
vt 0.836693 0.438162
vt 0.828534 0.453413
vt 0.828306 0.459422
vt 0.813993 0.528069
vt 0.813660 0.514785
vt 0.811984 0.448000
vt 0.802533 0.438031
vt 0.813327 0.501508
vt 0.813480 0.507623
vt 0.815330 0.581357
vt 0.815190 0.575767
vt 0.544286 0.201231
vt 0.542748 0.196216
vt 0.541062 0.197206
vt 0.542521 0.201900
vt 0.309769 0.203502
vt 0.309210 0.205612
vt 0.311094 0.206035
vt 0.311652 0.203703
vt 0.938801 0.511499
vt 0.535018 0.108585
vt 0.535698 0.093839
vt 0.937899 0.534581
vt 0.928415 0.534265
vt 0.313443 0.100918
vt 0.314625 0.115631
vt 0.289931 0.122106
vt 0.287481 0.101077
vt 0.559891 0.114138
vt 0.559918 0.114220
vt 0.561652 0.093058
vt 0.558739 0.091977
vt 0.558084 0.092820
vt 0.290732 0.121623
vt 0.559105 0.113769
vt 0.288050 0.099388
vt 0.556861 0.107939
vt 0.556542 0.108505
vt 0.557198 0.112231
vt 0.299550 0.167277
vt 0.302944 0.183455
vt 0.313880 0.168427
vt 0.548911 0.176001
vt 0.551785 0.159715
vt 0.537501 0.161392
vt 0.928851 0.621244
vt 0.936109 0.621350
vt 0.314433 0.144726
vt 0.295928 0.145010
vt 0.554690 0.137338
vt 0.536174 0.137653
vt 0.295967 0.144395
vt 0.314425 0.144121
vt 0.290129 0.122809
vt 0.295982 0.144407
vt 0.295975 0.144991
vt 0.314433 0.144725
vt 0.314425 0.144121
vt 0.536171 0.137543
vt 0.554639 0.137316
vt 0.554651 0.136705
vt 0.535045 0.109332
vt 0.556545 0.108484
vt 0.556816 0.107857
vt 0.535017 0.108680
vt 0.314625 0.115632
vt 0.292733 0.115638
vt 0.293123 0.116336
vt 0.314624 0.116477
vt 0.558652 0.113208
vt 0.559760 0.114833
vt 0.559860 0.114230
vt 0.293109 0.116330
vt 0.292704 0.115756
vt 0.292610 0.120037
vt 0.291904 0.119702
vt 0.556933 0.107960
vt 0.556595 0.108534
vt 0.557868 0.111888
vt 0.290171 0.122655
vt 0.290825 0.121425
vt 0.558980 0.113547
vt 0.290000 0.122104
vt 0.559691 0.114851
vt 0.536157 0.136948
vt 0.554710 0.136664
vt 0.927123 0.537145
vt 0.927341 0.535921
vt 0.926419 0.536911
vt 0.929452 0.534592
vt 0.928613 0.534849
vt 0.938072 0.535548
vt 0.937001 0.535005
vt 0.937009 0.538829
vt 0.290821 0.100411
vt 0.927337 0.535925
vt 0.561414 0.091948
vt 0.937980 0.534617
vt 0.937151 0.534930
vt 0.939319 0.537766
vt 0.939985 0.537940
vt 0.939156 0.537805
vt 0.560863 0.091385
vt 0.559616 0.091380
vt 0.939213 0.536694
vt 0.939986 0.537961
vt 0.939316 0.537747
vt 0.289493 0.099195
vt 0.307808 0.191341
vt 0.936197 0.633697
vt 0.928939 0.633487
vt 0.544311 0.184039
vt 0.309255 0.195764
vt 0.543008 0.188508
vt 0.929017 0.644242
vt 0.936266 0.644202
vt 0.930538 0.645369
vt 0.934759 0.645342
vt 0.221073 0.201278
vt 0.230624 0.205863
vt 0.238503 0.207873
vt 0.675403 0.144039
vt 0.670497 0.144699
vt 0.681688 0.142188
vt 0.681773 0.151237
vt 0.673810 0.149203
vt 0.656249 0.210430
vt 0.657306 0.213261
vt 0.682264 0.213280
vt 0.375440 0.531738
vt 0.387425 0.531840
vt 0.387424 0.523911
vt 0.375441 0.523911
vt 0.499087 0.504832
vt 0.511067 0.504832
vt 0.511069 0.496923
vt 0.499084 0.496820
vt 0.230629 0.200857
vt 0.238588 0.198822
vt 0.511065 0.482965
vt 0.499088 0.482962
vt 0.660466 0.145077
vt 0.664230 0.148794
vt 0.375445 0.545548
vt 0.387421 0.545547
vt 0.659901 0.149874
vt 0.217280 0.204985
vt 0.216716 0.200187
vt 0.031946 0.512717
vt 0.043924 0.512717
vt 0.043928 0.508461
vt 0.031942 0.508398
vt 0.656106 0.148334
vt 0.652775 0.154708
vt 0.978206 0.931776
vt 0.966229 0.931776
vt 0.966225 0.936406
vt 0.978211 0.934986
vt 0.209613 0.195377
vt 0.212921 0.201727
vt 0.978211 0.946446
vt 0.043928 0.498606
vt 0.031942 0.498510
vt 0.650804 0.161942
vt 0.652905 0.162141
vt 0.966225 0.950665
vt 0.209719 0.187919
vt 0.207618 0.188119
vt 0.651457 0.174092
vt 0.978211 0.960663
vt 0.210142 0.177913
vt 0.208321 0.176029
vt 0.213218 0.153805
vt 0.043928 0.465999
vt 0.031942 0.465999
vt 0.656451 0.196592
vt 0.966313 0.999995
vt 0.978123 0.999995
vt 0.214247 0.136894
vt 0.043928 0.459891
vt 0.031942 0.459891
vt 0.659509 0.202700
vt 0.216324 0.147360
vt 0.043922 0.453027
vt 0.031948 0.453027
vt 0.668222 0.209567
vt 0.225038 0.140494
vt 0.658796 0.568453
vt 0.670770 0.568453
vt 0.670776 0.559218
vt 0.658790 0.559070
vt 0.234347 0.140581
vt 0.684750 0.208520
vt 0.986252 0.385316
vt 0.974433 0.385312
vt 0.974350 0.415356
vt 0.986335 0.415412
vt 0.239082 0.136785
vt 0.670773 0.548460
vt 0.658793 0.548457
vt 0.690600 0.211958
vt 0.241579 0.141548
vt 0.688222 0.206927
vt 0.245036 0.143133
vt 0.247418 0.138102
vt 0.634837 0.211005
vt 0.646817 0.211005
vt 0.646819 0.206754
vt 0.634835 0.206676
vt 0.974289 0.424555
vt 0.986314 0.424471
vt 0.387444 0.518574
vt 0.375415 0.518573
vt 0.646816 0.155318
vt 0.634836 0.155317
vt 0.634851 0.156777
vt 0.646802 0.156777
vt 0.635545 0.158949
vt 0.646114 0.159063
vt 0.646821 0.182844
vt 0.634835 0.182844
vt 0.695217 0.177711
vt 0.689928 0.178767
vt 0.246747 0.171294
vt 0.252032 0.172350
vt 0.686720 0.160210
vt 0.243535 0.189851
vt 0.212902 0.195898
vt 0.656087 0.154163
vt 0.653588 0.174397
vt 0.212919 0.139890
vt 0.677534 0.209479
vt 0.817400 0.428403
vt 0.817425 0.438915
vt 0.820204 0.428508
vt 0.818540 0.345762
vt 0.817649 0.356680
vt 0.820874 0.356392
vt 0.803043 0.356506
vt 0.805297 0.357293
vt 0.804313 0.345371
vt 0.803892 0.437206
vt 0.806014 0.427766
vt 0.803235 0.427396
vt 0.823436 0.368805
vt 0.818313 0.362843
vt 0.821105 0.372594
vt 0.818567 0.428005
vt 0.804921 0.427133
vt 0.803222 0.373215
vt 0.806355 0.363454
vt 0.801090 0.369247
vt 0.803224 0.373192
vt 0.801409 0.373426
vt 0.802516 0.380847
vt 0.966698 0.670949
vt 0.954255 0.670966
vt 0.954246 0.742893
vt 0.966689 0.742895
vt 0.821566 0.380331
vt 0.822868 0.373176
vt 0.821104 0.372585
vt 0.857367 0.145916
vt 0.841654 0.087346
vt 0.844067 0.145801
vt 0.874657 0.087473
vt 0.858479 0.145915
vt 0.871780 0.145906
vt 0.843069 0.078534
vt 0.805214 0.273866
vt 0.820092 0.274117
vt 0.873313 0.078649
vt 0.823570 0.361488
vt 0.817629 0.356832
vt 0.954256 0.664172
vt 0.800664 0.362222
vt 0.805327 0.357437
vt 0.858109 0.059748
vt 0.858422 0.059745
vt 0.838760 0.065585
vt 0.838580 0.070168
vt 0.824241 0.365248
vt 0.800310 0.365795
vt 0.877724 0.065736
vt 0.876009 0.061966
vt 0.877868 0.070320
vt 0.839798 0.074419
vt 0.825522 0.362893
vt 0.822805 0.360964
vt 0.821095 0.372610
vt 0.822867 0.373202
vt 0.801416 0.373451
vt 0.803224 0.373219
vt 0.801203 0.361889
vt 0.799806 0.360844
vt 0.876617 0.074561
vt 0.821457 0.358611
vt 0.966699 0.664175
vt 0.802168 0.359389
vt 0.840506 0.061829
vt 0.843323 0.059621
vt 0.818796 0.356998
vt 0.804283 0.357637
vt 0.873209 0.059735
vt 0.000000 0.065616
vt 0.000002 0.085726
vt 0.007495 0.085726
vt 0.007494 0.065615
vt 0.020756 0.085725
vt 0.020754 0.065614
vt 0.028250 0.085724
vt 0.028248 0.065614
vt 0.020758 0.113329
vt 0.020756 0.093218
vt 0.007496 0.093219
vt 0.007498 0.113330
vt 0.018104 0.091720
vt 0.010148 0.091721
vt 0.018104 0.087224
vt 0.010148 0.087224
vt 0.020753 0.058120
vt 0.007493 0.058121
vt 0.010145 0.059620
vt 0.018101 0.059619
vt 0.010146 0.064116
vt 0.018102 0.064116
vt 0.732639 0.820112
vt 0.724243 0.820089
vt 0.724208 0.824804
vt 0.732604 0.824827
vt 0.645109 0.494533
vt 0.636405 0.494867
vt 0.636370 0.499583
vt 0.645158 0.500015
vt 0.733060 0.817555
vt 0.723792 0.817550
vt 0.724187 0.820031
vt 0.732687 0.820055
vt 0.718681 0.827364
vt 0.723783 0.827361
vt 0.723774 0.825307
vt 0.718679 0.825310
vt 0.733061 0.827365
vt 0.732660 0.824885
vt 0.724160 0.824861
vt 0.738163 0.827363
vt 0.738163 0.825309
vt 0.733068 0.825311
vt 0.645221 0.492334
vt 0.635954 0.492329
vt 0.636349 0.494809
vt 0.644849 0.494834
vt 0.630843 0.502142
vt 0.635945 0.502140
vt 0.635936 0.500085
vt 0.630841 0.500088
vt 0.645222 0.502144
vt 0.644822 0.499664
vt 0.636322 0.499640
vt 0.650325 0.502141
vt 0.650324 0.500087
vt 0.645230 0.500090
vt 0.405011 0.784351
vt 0.396138 0.848751
vt 0.404834 0.848807
vt 0.400924 0.779965
vt 0.396129 0.782936
vt 0.407557 0.781895
vt 0.396364 0.771489
vt 0.400958 0.774667
vt 0.405537 0.779288
vt 0.410253 0.780606
vt 0.408399 0.777927
vt 0.405631 0.779287
vt 0.407472 0.781914
vt 0.410631 0.775668
vt 0.406373 0.776735
vt 0.395517 0.776666
vt 0.391274 0.775545
vt 0.393477 0.777832
vt 0.396228 0.779227
vt 0.391588 0.780487
vt 0.394353 0.781831
vt 0.396322 0.779230
vt 0.394353 0.781831
vt 0.403967 0.779253
vt 0.404602 0.776107
vt 0.405603 0.779285
vt 0.406980 0.776951
vt 0.397265 0.776070
vt 0.397886 0.779214
vt 0.396254 0.779225
vt 0.394908 0.776874
vt 0.755874 0.462485
vt 0.750621 0.462486
vt 0.750643 0.622831
vt 0.758831 0.622829
vt 0.795357 0.462479
vt 0.790604 0.462480
vt 0.790126 0.622825
vt 0.795380 0.622824
vt 0.782716 0.462481
vt 0.780024 0.622827
vt 0.773769 0.462483
vt 0.769995 0.622828
vt 0.764821 0.462484
vt 0.905930 0.697369
vt 0.897814 0.696998
vt 0.898249 0.703244
vt 0.903234 0.704030
vt 0.908124 0.704382
vt 0.910617 0.697838
vt 0.896913 0.662191
vt 0.892201 0.662726
vt 0.894564 0.668898
vt 0.899100 0.668227
vt 0.904976 0.661741
vt 0.904340 0.668627
vt 0.909190 0.667518
vt 0.928184 0.500468
vt 0.929620 0.506808
vt 0.933286 0.506888
vt 0.938386 0.500610
vt 0.936715 0.507317
vt 0.891842 0.697053
vt 0.893630 0.703485
vt 0.899734 0.708072
vt 0.903594 0.708221
vt 0.908423 0.708101
vt 0.894121 0.672715
vt 0.899082 0.672934
vt 0.902934 0.672752
vt 0.906746 0.672488
vt 0.909619 0.672064
vt 0.929011 0.511233
vt 0.934197 0.511499
vt 0.937270 0.511240
vt 0.892801 0.707271
vt 0.895811 0.707807
vt 0.996648 0.937128
vt 0.996648 0.932594
vt 0.992423 0.934113
vt 0.992423 0.940121
vt 0.996648 0.944422
vt 0.992423 0.944527
vt 0.996648 0.883833
vt 0.992423 0.883729
vt 0.992423 0.888145
vt 0.996648 0.891131
vt 0.992423 0.894171
vt 0.996648 0.897209
vt 0.992423 0.900257
vt 0.996648 0.901779
vt 0.996648 0.906391
vt 0.992423 0.906397
vt 0.996648 0.911042
vt 0.992423 0.912583
vt 0.996648 0.915653
vt 0.992423 0.917194
vt 0.996648 0.921814
vt 0.992423 0.921821
vt 0.996648 0.927983
vt 0.992423 0.927990
vt 0.992423 0.944576
vt 0.992423 0.930585
vt 0.990180 0.932978
vt 0.990180 0.944525
vt 0.992423 0.895285
vt 0.992423 0.883731
vt 0.990180 0.883680
vt 0.990180 0.897672
vt 0.992423 0.909020
vt 0.990180 0.908328
vt 0.990180 0.919203
vt 0.992423 0.919891
vt 0.106713 0.310741
vt 0.113434 0.315768
vt 0.103919 0.305115
vt 0.106307 0.294358
vt 0.103809 0.300169
vt 0.112833 0.288978
vt 0.121305 0.288125
vt 0.128806 0.292203
vt 0.132319 0.297667
vt 0.132773 0.304136
vt 0.129200 0.311890
vt 0.121890 0.316256
vt 0.906831 0.673425
vt 0.898134 0.673080
vt 0.912049 0.673679
vt 0.898360 0.638339
vt 0.890364 0.638835
vt 0.909875 0.637781
vt 0.934444 0.490410
vt 0.938372 0.489308
vt 0.940198 0.473095
vt 0.892345 0.672920
vt 0.732252 0.978997
vt 0.722850 0.977023
vt 0.722672 0.977868
vt 0.729209 0.980753
vt 0.736327 0.980736
vt 0.928224 0.493587
vt 0.927989 0.487240
vt 0.889113 0.672768
vt 0.887865 0.691874
vt 0.924322 0.733373
vt 0.927960 0.731884
vt 0.926620 0.730423
vt 0.922305 0.730517
vt 0.931889 0.732006
vt 0.934275 0.733157
vt 0.934212 0.730259
vt 0.909893 0.637780
vt 0.910812 0.661720
vt 0.913453 0.658490
vt 0.886583 0.687185
vt 0.736920 0.977917
vt 0.732660 0.977022
vt 0.926575 0.728394
vt 0.936122 0.728187
vt 0.915032 0.655655
vt 0.915108 0.637458
vt 0.966224 0.806616
vt 0.966226 0.876935
vt 0.973032 0.878042
vt 0.915032 0.655572
vt 0.915674 0.651871
vt 0.915528 0.572836
vt 0.914728 0.572840
vt 0.926300 0.473097
vt 0.933242 0.403527
vt 0.926298 0.404596
vt 0.975773 0.806616
vt 0.975774 0.877690
vt 0.940186 0.404595
vt 0.930290 0.999998
vt 0.938577 0.999999
vt 0.938602 0.863523
vt 0.930315 0.864973
vt 0.942474 1.000000
vt 0.942499 0.863524
vt 0.889488 0.607598
vt 0.886801 0.607583
vt 0.576341 0.460917
vt 0.581904 0.459483
vt 0.580442 0.455270
vt 0.575695 0.456543
vt 0.577080 0.470682
vt 0.574643 0.468247
vt 0.572222 0.469512
vt 0.575697 0.472986
vt 0.573746 0.464917
vt 0.570951 0.464766
vt 0.572222 0.460020
vt 0.585188 0.456546
vt 0.585940 0.463468
vt 0.588662 0.460020
vt 0.589934 0.464766
vt 0.586176 0.468248
vt 0.588662 0.469512
vt 0.583737 0.470682
vt 0.585188 0.472986
vt 0.580409 0.471574
vt 0.580442 0.474258
vt 0.670774 0.559417
vt 0.670782 0.565249
vt 0.681688 0.565255
vt 0.681730 0.561769
vt 0.734689 0.415327
vt 0.734657 0.420079
vt 0.745613 0.420079
vt 0.734665 0.424828
vt 0.745571 0.424831
vt 0.539048 0.212761
vt 0.539016 0.218637
vt 0.549972 0.216246
vt 0.549972 0.220992
vt 0.539016 0.225739
vt 0.549972 0.225738
vt 0.539024 0.229217
vt 0.549930 0.229222
vt 0.734689 0.383210
vt 0.734657 0.387962
vt 0.745613 0.387962
vt 0.734665 0.392711
vt 0.745571 0.392714
vt 0.670806 0.548793
vt 0.670774 0.552278
vt 0.681730 0.552279
vt 0.681730 0.557024
vt 0.745595 0.415330
vt 0.549954 0.212767
vt 0.745595 0.383213
vt 0.681712 0.548799
vt 0.017739 0.023189
vt 0.018983 0.018428
vt 0.017669 0.013749
vt 0.014253 0.010181
vt 0.009492 0.008936
vt 0.004813 0.010251
vt 0.001272 0.013682
vt 0.000071 0.018391
vt 0.001272 0.023174
vt 0.004750 0.026569
vt 0.009492 0.027920
vt 0.014171 0.026605
vt 0.009126 0.018463
vt 0.340246 0.456379
vt 0.331484 0.456401
vt 0.340116 0.460967
vt 0.331431 0.467133
vt 0.339417 0.464585
vt 0.337613 0.466459
vt 0.757897 0.461809
vt 0.761414 0.449567
vt 0.750626 0.449567
vt 0.760780 0.459395
vt 0.750621 0.462485
vt 0.931231 0.099064
vt 0.918582 0.120416
vt 0.931887 0.142042
vt 0.949478 0.910566
vt 0.946261 0.935472
vt 0.953209 0.514108
vt 0.953220 0.541378
vt 0.949121 0.907308
vt 0.946313 0.891621
vt 0.952552 0.557103
vt 0.955716 0.908314
vt 0.956340 0.891634
vt 0.918312 0.099219
vt 0.955729 0.908631
vt 0.878387 0.999979
vt 0.880657 1.000000
vt 0.880657 0.996549
vt 0.207641 0.931721
vt 0.209361 0.933841
vt 0.209360 0.931714
vt 0.203632 0.951516
vt 0.207394 0.952385
vt 0.207393 0.948529
vt 0.204297 0.949689
vt 0.204256 0.953327
vt 0.874394 0.996564
vt 0.876742 0.999993
vt 0.876742 0.996543
vt 0.879000 0.996535
vt 0.209360 0.937697
vt 0.207704 0.937752
vt 0.205127 0.948509
vt 0.875013 0.999948
vt 0.207393 0.954511
vt 0.205045 0.954529
vt 0.793855 0.764806
vt 0.791497 0.762441
vt 0.791107 0.763670
vt 0.793685 0.765481
vt 0.790825 0.760543
vt 0.792367 0.759217
vt 0.796453 0.764576
vt 0.796813 0.765199
vt 0.793675 0.757686
vt 0.797948 0.762451
vt 0.798623 0.762621
vt 0.794724 0.758125
vt 0.797089 0.759224
vt 0.797574 0.758725
vt 0.890444 0.893750
vt 0.890364 0.901309
vt 0.893029 0.901310
vt 0.895066 0.893749
vt 0.878613 0.853086
vt 0.874444 0.853086
vt 0.878649 0.860646
vt 0.874393 0.860646
vt 0.897741 0.901309
vt 0.881696 0.929637
vt 0.879190 0.937198
vt 0.881777 0.937197
vt 0.897673 0.893750
vt 0.877007 0.929636
vt 0.874444 0.779907
vt 0.874393 0.787467
vt 0.878649 0.787467
vt 0.878613 0.779907
vt 0.874400 0.937197
vt 0.874467 0.929637
vt 0.752577 0.792439
vt 0.749661 0.791083
vt 0.748518 0.792244
vt 0.754071 0.793725
vt 0.748601 0.787104
vt 0.747024 0.786696
vt 0.755484 0.791092
vt 0.750445 0.784484
vt 0.751083 0.782627
vt 0.758129 0.789657
vt 0.753648 0.784200
vt 0.756556 0.787116
vt 0.756635 0.784107
vt 0.571537 0.140026
vt 0.570979 0.164846
vt 0.575079 0.164891
vt 0.578120 0.140025
vt 0.756592 0.975129
vt 0.750654 0.975129
vt 0.753489 0.999849
vt 0.756793 0.999997
vt 0.750621 0.998998
vt 0.580039 0.164890
vt 0.513418 0.138466
vt 0.509706 0.138465
vt 0.513486 0.162336
vt 0.581832 0.140026
vt 0.582437 0.164830
vt 0.750655 0.837131
vt 0.750621 0.861001
vt 0.756608 0.861001
vt 0.756592 0.837131
vt 0.503123 0.138466
vt 0.503082 0.162336
vt 0.927850 0.154378
vt 0.955974 0.946965
vt 0.946261 0.998658
vt 0.950843 0.999873
vt 0.956279 0.998680
vt 0.964555 0.487577
vt 0.954731 0.487577
vt 0.954732 0.543192
vt 0.964554 0.574429
vt 0.194129 0.897286
vt 0.191648 0.907110
vt 0.194133 0.907078
vt 0.966709 0.931133
vt 0.972728 0.931133
vt 0.972728 0.921340
vt 0.966709 0.921339
vt 0.203626 0.954529
vt 0.206109 0.964353
vt 0.206115 0.954559
vt 0.191652 0.897286
vt 0.203631 0.964353
vt 0.574381 0.465069
vt 0.585565 0.468066
vt 0.959003 0.575733
vt 0.965064 0.574771
vt 0.954248 0.574753
vt 0.954246 0.488132
vt 0.965041 0.574727
vt 0.965041 0.488133
vt 0.943027 0.469894
vt 0.945823 0.469731
vt 0.942268 0.556913
vt 0.919396 0.185934
vt 0.921870 0.185934
vt 0.928437 0.206054
vt 0.919749 0.204318
vt 0.921620 0.192602
vt 0.919142 0.192601
vt 0.943421 0.463227
vt 0.750960 0.769333
vt 0.757164 0.781999
vt 0.757430 0.770515
vt 0.747113 0.782228
vt 0.746752 0.770478
vt 0.573655 0.256010
vt 0.572947 0.261779
vt 0.584020 0.261332
vt 0.583122 0.254672
vt 0.572971 0.215110
vt 0.582823 0.214900
vt 0.582961 0.211029
vt 0.572684 0.211251
vt 0.597681 0.254317
vt 0.558974 0.254961
vt 0.572943 0.261778
vt 0.583937 0.244812
vt 0.590446 0.238007
vt 0.583837 0.247545
vt 0.582507 0.164897
vt 0.571664 0.165053
vt 0.571943 0.183816
vt 0.582777 0.183661
vt 0.571706 0.240446
vt 0.565778 0.238202
vt 0.572205 0.241154
vt 0.583753 0.234447
vt 0.572410 0.235016
vt 0.588960 0.226125
vt 0.572208 0.199757
vt 0.583021 0.199539
vt 0.567109 0.229149
vt 0.572365 0.223232
vt 0.583664 0.224059
vt 0.588121 0.218377
vt 0.567259 0.222722
vt 0.582966 0.215239
vt 0.572972 0.215143
vt 0.586110 0.214468
vt 0.582846 0.214933
vt 0.572951 0.215213
vt 0.569683 0.214733
vt 0.572365 0.236972
vt 0.583663 0.224007
vt 0.568182 0.217291
vt 0.678754 0.110620
vt 0.678759 0.123491
vt 0.706489 0.123486
vt 0.706493 0.110483
vt 0.678759 0.076670
vt 0.678753 0.089551
vt 0.706488 0.076638
vt 0.706493 0.090932
vt 0.678754 0.095752
vt 0.678754 0.102008
vt 0.706493 0.098202
vt 0.706493 0.104431
vt 0.678753 0.106757
vt 0.706487 0.057805
vt 0.678759 0.057806
vt 0.678760 0.076677
vt 0.706489 0.076676
vt 0.401752 0.703757
vt 0.401714 0.690980
vt 0.391347 0.689901
vt 0.391423 0.704903
vt 0.403886 0.702155
vt 0.403858 0.692571
vt 0.282287 0.300967
vt 0.282264 0.285990
vt 0.274068 0.286484
vt 0.271325 0.299792
vt 0.271325 0.287145
vt 0.269463 0.298260
vt 0.269465 0.288675
vt 0.274063 0.300455
vt 0.331627 0.474304
vt 0.332705 0.476147
vt 0.337523 0.470035
vt 0.230677 0.365566
vt 0.232125 0.364356
vt 0.233202 0.362513
vt 0.227309 0.363321
vt 0.232117 0.357168
vt 0.227821 0.360736
vt 0.586922 0.188582
vt 0.631809 0.187120
vt 0.631846 0.177622
vt 0.586921 0.175790
vt 0.227303 0.358248
vt 0.230667 0.355961
vt 0.226266 0.355156
vt 0.223687 0.366606
vt 0.225303 0.365165
vt 0.223608 0.365704
vt 0.225294 0.356331
vt 0.223598 0.355852
vt 0.223636 0.354930
vt 0.586931 0.210030
vt 0.631812 0.196104
vt 0.631801 0.169345
vt 0.586879 0.164969
vt 0.631780 0.156980
vt 0.586889 0.155590
vt 0.334154 0.477356
vt 0.338556 0.478168
vt 0.337521 0.475107
vt 0.341187 0.478391
vt 0.341225 0.477488
vt 0.339528 0.476949
vt 0.339530 0.468116
vt 0.341149 0.466718
vt 0.334157 0.467751
vt 0.341227 0.467638
vt 0.631770 0.134898
vt 0.586927 0.134902
vt 0.631760 0.209992
vt 0.586931 0.134965
vt 0.631762 0.134965
vt 0.586942 0.132261
vt 0.631775 0.132263
vt 0.631761 0.212651
vt 0.631773 0.210004
vt 0.586932 0.210009
vt 0.586931 0.212650
vt 0.991084 0.223149
vt 0.970218 0.223149
vt 0.991085 0.219793
vt 0.970217 0.219793
vt 0.970218 0.216314
vt 0.991084 0.216314
vt 0.337007 0.472524
vt 0.331391 0.472552
vt 0.331628 0.470800
vt 0.233437 0.360761
vt 0.233198 0.359009
vt 0.332708 0.468958
vt 0.798477 0.462940
vt 0.798532 0.591384
vt 0.798930 0.591471
vt 0.999435 0.742894
vt 0.998167 0.742894
vt 0.999404 0.871348
vt 0.998189 0.871446
vt 0.031928 0.817535
vt 0.033294 0.688982
vt 0.031981 0.688983
vt 0.034663 0.817535
vt 0.034619 0.688983
vt 0.998166 1.000000
vt 1.000005 1.000000
vt 0.998202 0.871448
vt 0.999969 0.871448
vt 0.801190 0.462940
vt 0.801154 0.591492
vt 0.589379 0.361314
vt 0.570961 0.361314
vt 0.589378 0.369170
vt 0.570958 0.373775
vt 0.589376 0.379443
vt 0.570956 0.388060
vt 0.589374 0.389965
vt 0.570951 0.414269
vt 0.589369 0.414050
vt 0.589371 0.403030
vt 0.570953 0.399946
vt 0.025753 0.005886
vt 0.023632 0.027958
vt 0.029245 0.027987
vt 0.029977 0.005889
vt 0.034882 0.027992
vt 0.034186 0.005890
vt 0.022170 0.005934
vt 0.019961 0.006081
vt 0.020064 0.027785
vt 0.041931 0.005900
vt 0.039818 0.027998
vt 0.044724 0.027978
vt 0.037685 0.005913
vt 0.046170 0.005955
vt 0.048298 0.027800
vt 0.048398 0.006107
vt 0.706725 0.252806
vt 0.711178 0.252808
vt 0.708797 0.247009
vt 0.714475 0.247419
vt 0.716981 0.252801
vt 0.719896 0.247239
vt 0.722764 0.252799
vt 0.725618 0.247102
vt 0.728544 0.252797
vt 0.731415 0.247046
vt 0.735784 0.252797
vt 0.738696 0.247041
vt 0.922799 0.032054
vt 0.920621 0.025743
vt 0.914818 0.026129
vt 0.909255 0.031990
vt 0.909224 0.025905
vt 0.903273 0.025731
vt 0.900220 0.031994
vt 0.897212 0.025651
vt 0.891134 0.031994
vt 0.889575 0.025644
vt 0.764789 0.252794
vt 0.762718 0.247002
vt 0.757052 0.247414
vt 0.757448 0.252792
vt 0.751635 0.247236
vt 0.751661 0.252793
vt 0.745919 0.247101
vt 0.744448 0.252794
vt 0.862416 0.032047
vt 0.868497 0.032014
vt 0.864554 0.025680
vt 0.870420 0.026079
vt 0.879062 0.031988
vt 0.876059 0.025876
vt 0.882017 0.025721
vt 0.021811 0.028108
vt 0.023613 0.028313
vt 0.026100 0.028245
vt 0.028549 0.028237
vt 0.030659 0.028334
vt 0.032606 0.028296
vt 0.032765 0.028240
vt 0.034876 0.028338
vt 0.036656 0.028178
vt 0.964439 0.920701
vt 0.960911 0.920701
vt 0.964439 0.911387
vt 0.960910 0.911387
s 1
usemtl Mosin
f 3/1/1 2/2/2 4/3/3
f 7/4/4 5/5/5 6/6/6
f 12/7/7 13/8/8 15/9/9
f 13/8/8 14/10/10 15/9/9
f 2113/11/11 16/12/12 17/13/13
f 16/12/12 14/10/10 17/13/13
f 18/14/14 13/8/8 12/7/7
f 21/15/15 22/16/15 23/17/15
f 24/18/16 25/19/17 7735/17/17
f 25/19/17 26/20/18 7735/17/17
f 27/21/15 28/22/15 7736/17/15
f 29/23/19 30/24/19 7737/17/19
f 31/25/15 32/26/15 7738/17/15
f 33/27/20 34/28/21 7739/17/21
f 34/28/21 35/29/22 7739/17/21
f 36/30/15 37/31/15 38/32/15
f 39/33/23 40/34/23 7740/17/23
f 41/35/24 42/36/24 43/37/24
f 44/38/25 45/39/26 7832/37/26
f 45/39/26 46/40/27 7832/37/26
f 47/41/24 48/42/24 49/43/24
f 50/44/28 51/45/28 7833/37/28
f 52/46/24 53/47/24 7834/37/24
f 54/48/29 55/49/30 7835/37/30
f 55/49/30 56/50/31 7835/37/30
f 57/51/24 58/52/24 59/53/24
f 60/54/32 61/55/32 7836/37/32
f 62/56/24 63/57/24 64/58/24
f 65/59/25 66/60/33 7876/58/33
f 66/60/33 67/61/27 7876/58/33
f 68/62/24 69/63/24 7877/58/24
f 70/64/28 71/65/28 7878/58/28
f 72/66/24 73/67/24 7879/58/24
f 74/68/34 75/69/30 7880/58/30
f 75/69/30 76/70/35 7880/58/30
f 77/71/24 78/72/24 79/73/24
f 80/74/32 81/75/32 7881/58/32
f 82/76/24 83/77/24 84/78/24
f 85/79/25 86/80/33 7862/78/33
f 86/80/33 87/81/27 7862/78/33
f 88/82/24 89/83/24 7863/78/24
f 90/84/36 91/85/36 7864/78/36
f 92/86/24 93/87/24 94/88/24
f 95/89/29 96/90/30 7865/78/30
f 96/90/30 97/91/31 7865/78/30
f 98/92/24 99/93/24 7866/78/24
f 100/94/37 101/95/37 7867/78/37
f 102/96/38 103/97/39 104/98/40
f 105/99/41 102/96/38 104/98/40
f 106/100/42 105/99/41 104/98/40
f 107/101/43 106/100/42 104/98/40
f 108/102/44 107/101/43 104/98/40
f 109/103/45 108/102/44 104/98/40
f 110/104/46 109/103/45 104/98/40
f 111/105/47 110/104/46 104/98/40
f 112/106/48 111/105/47 104/98/40
f 113/107/49 112/106/48 104/98/40
f 114/108/50 113/107/49 104/98/40
f 115/109/51 114/108/50 104/98/40
f 116/110/52 117/111/53 118/112/54
f 117/111/53 119/113/55 118/112/54
f 119/113/55 120/114/56 118/112/54
f 120/114/56 121/115/57 118/112/54
f 121/115/57 122/116/58 118/112/54
f 122/116/58 123/117/59 118/112/54
f 123/117/59 124/118/60 118/112/54
f 124/118/60 125/119/61 118/112/54
f 125/119/61 126/120/62 118/112/54
f 126/120/62 127/121/63 118/112/54
f 127/121/63 128/122/64 118/112/54
f 128/122/64 129/123/65 118/112/54
f 130/124/66 131/125/67 132/126/68
f 130/124/66 133/127/69 131/125/67
f 133/127/69 130/124/66 134/128/70
f 135/129/71 130/124/66 132/126/68
f 138/130/72 139/131/73 136/132/74
f 139/131/73 140/133/75 136/132/74
f 141/134/76 137/135/77 136/132/74
f 140/133/75 141/134/76 136/132/74
f 142/136/24 143/137/24 144/138/24
f 145/139/25 146/140/33 7407/138/33
f 146/140/33 147/141/27 7407/138/33
f 148/142/24 149/143/24 7408/138/24
f 150/144/28 151/145/28 7409/138/28
f 152/146/24 153/147/24 154/148/24
f 155/149/29 156/150/78 7410/138/78
f 156/150/78 157/151/31 7410/138/78
f 158/152/24 159/153/24 7411/138/24
f 160/154/32 161/155/32 7412/138/32
f 162/156/15 163/157/15 164/158/15
f 165/159/16 166/160/79 8238/158/79
f 166/160/79 167/161/18 8238/158/79
f 168/162/15 169/163/15 8239/158/15
f 170/164/19 171/165/19 8240/158/19
f 172/166/15 173/167/15 8241/158/15
f 174/168/20 175/169/21 8242/158/21
f 175/169/21 176/170/22 8242/158/21
f 177/171/15 178/172/15 8243/158/15
f 179/173/23 180/174/23 8244/158/23
f 181/175/15 182/176/15 183/177/15
f 184/178/16 185/179/79 8253/177/79
f 185/179/79 186/180/18 8253/177/79
f 187/181/15 188/182/15 8254/177/15
f 189/183/19 190/184/19 8255/177/19
f 191/185/15 192/186/15 8256/177/15
f 193/187/20 194/188/21 8257/177/21
f 194/188/21 195/189/22 8257/177/21
f 196/190/15 197/191/15 198/192/15
f 199/193/23 200/194/23 8258/177/23
f 201/195/15 202/196/15 203/197/15
f 204/198/16 205/199/79 7500/197/79
f 205/199/79 206/200/18 7500/197/79
f 207/201/15 208/202/15 7501/197/15
f 209/203/80 210/204/80 7502/197/80
f 211/205/15 212/206/15 7503/197/15
f 213/207/20 214/208/81 7504/197/81
f 214/208/81 215/209/22 7504/197/81
f 216/210/15 217/211/15 218/212/15
f 219/213/82 220/214/82 7505/197/82
f 221/215/15 222/216/15 223/217/15
f 224/218/16 225/219/79 7918/217/79
f 225/219/79 226/220/18 7918/217/79
f 227/221/15 228/222/15 229/223/15
f 230/224/80 231/225/80 7919/217/80
f 232/226/15 233/227/15 234/228/15
f 235/229/20 236/230/21 7920/217/21
f 236/230/21 237/231/22 7920/217/21
f 238/232/15 239/233/15 240/234/15
f 241/235/83 242/236/83 7921/217/83
f 243/237/15 244/238/15 245/239/15
f 246/240/16 247/241/79 7938/239/79
f 247/241/79 248/242/18 7938/239/79
f 249/243/15 250/244/15 251/245/15
f 252/246/84 253/247/85 7939/239/85
f 253/247/85 254/248/86 7939/239/85
f 255/249/15 256/250/15 7940/245/15
f 257/251/20 258/252/21 7941/239/21
f 258/252/21 259/253/22 7941/239/21
f 260/254/15 261/255/15 7942/239/15
f 262/256/87 263/257/88 7943/239/88
f 263/257/88 264/258/89 7943/239/88
f 265/259/15 266/260/15 267/261/15
f 268/262/16 269/263/79 7998/261/79
f 269/263/79 270/264/18 7998/261/79
f 271/265/15 272/266/15 273/267/15
f 274/268/19 275/269/19 7999/261/19
f 276/270/15 277/271/15 8000/261/15
f 278/272/20 279/273/21 8001/261/21
f 279/273/21 280/274/22 8001/261/21
f 281/275/15 282/276/15 283/277/15
f 284/278/23 285/279/23 8002/261/23
f 286/280/24 287/281/24 288/282/24
f 289/283/25 290/284/26 7537/282/26
f 290/284/26 291/285/27 7537/282/26
f 292/286/24 293/287/24 7538/282/24
f 294/288/90 295/289/90 7539/282/90
f 296/290/24 297/291/24 298/292/24
f 299/293/29 300/294/30 7540/282/30
f 300/294/30 301/295/31 7540/282/30
f 302/296/24 303/297/24 304/298/24
f 305/299/91 306/300/91 7541/282/91
f 307/301/24 308/302/24 309/303/24
f 310/304/25 311/305/26 8336/303/26
f 311/305/26 312/306/27 8336/303/26
f 313/307/24 314/308/24 315/309/24
f 316/310/92 317/311/93 8337/303/93
f 317/311/93 318/312/94 8337/303/93
f 319/313/24 320/314/24 8338/309/24
f 321/315/29 322/316/30 8339/303/30
f 322/316/30 323/317/31 8339/303/30
f 324/318/24 325/319/24 8340/303/24
f 326/320/95 327/321/96 8341/303/96
f 327/321/96 328/322/97 8341/303/96
f 329/323/24 330/324/24 331/325/24
f 332/326/25 333/327/26 7678/325/26
f 333/327/26 334/328/27 7678/325/26
f 335/329/24 336/330/24 7679/325/24
f 337/331/98 338/332/98 7680/325/98
f 339/333/24 340/334/24 341/335/24
f 342/336/29 343/337/30 7681/325/30
f 343/337/30 344/338/31 7681/325/30
f 345/339/24 346/340/24 7682/325/24
f 347/341/37 348/342/37 7683/325/37
f 2675/343/99 2676/344/100 2674/345/101
f 351/346/102 349/347/102 350/348/102
f 352/349/102 351/346/102 350/348/102
f 353/350/102 352/349/102 350/348/102
f 354/351/102 353/350/102 350/348/102
f 355/352/102 354/351/102 350/348/102
f 356/353/103 357/354/103 358/355/103
f 359/356/104 360/357/105 361/358/105
f 360/357/105 362/359/106 361/358/105
f 363/360/103 364/361/103 365/362/103
f 366/363/107 367/364/108 368/365/108
f 367/364/108 369/366/109 368/365/108
f 370/367/103 371/368/103 372/369/103
f 373/370/110 374/371/111 375/372/111
f 374/371/111 376/373/112 375/372/111
f 377/374/103 378/375/103 379/376/103
f 380/377/113 381/378/114 382/379/114
f 381/378/114 383/380/115 382/379/114
f 389/381/24 390/382/24 391/383/24
f 392/384/25 393/385/33 7632/383/33
f 393/385/33 394/386/27 7632/383/33
f 395/387/24 396/388/24 397/389/24
f 398/390/28 399/391/28 7633/383/28
f 400/392/24 401/393/24 402/394/24
f 403/395/29 404/396/78 7634/383/78
f 404/396/78 405/397/31 7634/383/78
f 406/398/24 407/399/24 408/400/24
f 409/401/32 410/402/32 7635/383/32
f 411/403/15 412/404/15 413/405/15
f 414/406/16 415/407/79 7612/405/79
f 415/407/79 416/408/18 7612/405/79
f 417/409/15 418/410/15 7613/405/15
f 419/411/80 420/412/80 7614/405/80
f 421/413/15 422/414/15 423/415/15
f 424/416/20 425/417/21 7615/405/21
f 425/417/21 426/418/22 7615/405/21
f 427/419/15 428/420/15 429/421/15
f 430/422/82 431/423/82 7616/405/82
f 434/424/116 435/425/117 433/426/118
f 436/427/15 437/428/15 438/429/15
f 439/430/16 440/431/17 7563/429/17
f 440/431/17 441/432/18 7563/429/17
f 442/433/15 443/434/15 7564/429/15
f 444/435/80 445/436/80 7565/429/80
f 446/437/15 447/438/15 7566/429/15
f 448/439/20 449/440/21 7567/429/21
f 449/440/21 450/441/22 7567/429/21
f 451/442/15 452/443/15 7568/429/15
f 453/444/119 454/445/119 7569/429/119
f 455/446/120 456/447/121 457/448/122
f 458/449/123 455/446/120 457/448/122
f 459/450/124 458/449/123 457/448/122
f 460/451/125 459/450/124 457/448/122
f 461/452/126 460/451/125 457/448/122
f 462/453/127 461/452/126 457/448/122
f 463/454/128 462/453/127 457/448/122
f 464/455/129 463/454/128 457/448/122
f 465/456/130 464/455/129 457/448/122
f 466/457/131 465/456/130 457/448/122
f 467/458/132 466/457/131 457/448/122
f 468/459/133 467/458/132 457/448/122
f 469/460/134 470/461/135 471/462/136
f 470/461/135 472/463/137 471/462/136
f 472/463/137 473/464/138 471/462/136
f 473/464/138 474/465/139 471/462/136
f 474/465/139 475/466/140 471/462/136
f 476/467/141 477/468/142 471/462/136
f 477/468/142 478/469/143 471/462/136
f 478/469/143 479/470/144 471/462/136
f 479/470/144 480/471/145 471/462/136
f 480/471/145 481/472/146 471/462/136
f 481/472/146 482/473/147 471/462/136
f 482/473/147 469/460/134 471/462/136
f 483/474/15 484/475/15 485/476/15
f 486/477/16 487/478/17 7479/476/17
f 487/478/17 488/479/18 7479/476/17
f 489/480/15 490/481/15 7480/476/15
f 491/482/148 492/483/148 7481/476/148
f 493/484/15 494/485/15 495/486/15
f 496/487/20 497/488/21 7482/476/21
f 497/488/21 498/489/22 7482/476/21
f 499/490/15 500/491/15 7483/486/15
f 501/492/82 502/493/82 7484/476/82
f 503/494/15 504/495/15 505/496/15
f 506/497/16 507/498/79 7058/496/79
f 507/498/79 508/499/18 7058/496/79
f 509/500/15 510/501/15 511/502/15
f 512/503/19 513/504/19 7059/496/19
f 514/505/15 515/506/15 516/507/15
f 517/508/20 518/509/81 7060/496/81
f 518/509/81 519/510/22 7060/496/81
f 520/511/15 521/512/15 7061/496/15
f 522/513/82 523/514/82 7062/496/82
f 524/515/24 525/516/24 526/517/24
f 527/518/25 528/519/33 7984/517/33
f 528/519/33 529/520/27 7984/517/33
f 530/521/24 531/522/24 7985/517/24
f 532/523/28 533/524/28 7986/517/28
f 534/525/24 535/526/24 7987/517/24
f 536/527/29 537/528/78 7988/517/78
f 537/528/78 538/529/31 7988/517/78
f 539/530/24 540/531/24 541/532/24
f 542/533/32 543/534/32 7989/517/32
f 544/535/24 545/536/24 546/537/24
f 547/538/149 548/539/26 7845/537/26
f 548/539/26 549/540/150 7845/537/26
f 550/541/24 551/542/24 7846/537/24
f 552/543/28 553/544/28 7847/537/28
f 554/545/24 555/546/24 556/547/24
f 557/548/29 558/549/78 7848/537/78
f 558/549/78 559/550/31 7848/537/78
f 560/551/24 561/552/24 7849/537/24
f 562/553/32 563/554/32 7850/537/32
f 564/555/24 565/556/24 566/557/24
f 567/558/25 568/559/151 7524/557/151
f 568/559/151 569/560/27 7524/557/151
f 570/561/24 571/562/24 572/563/24
f 573/564/28 574/565/28 7525/557/28
f 575/566/24 576/567/24 577/568/24
f 578/569/29 579/570/78 7526/557/78
f 579/570/78 580/571/31 7526/557/78
f 581/572/24 582/573/24 7527/557/24
f 583/574/32 584/575/32 7528/557/32
f 585/576/152 586/577/153 587/578/154
f 588/579/155 585/576/152 587/578/154
f 590/580/156 589/581/157 587/578/154
f 591/582/158 590/580/156 587/578/154
f 592/583/159 591/582/158 587/578/154
f 593/584/160 592/583/159 587/578/154
f 594/585/161 593/584/160 587/578/154
f 595/586/162 594/585/161 587/578/154
f 596/587/163 595/586/162 587/578/154
f 597/588/164 596/587/163 587/578/154
f 598/589/165 597/588/164 587/578/154
f 599/590/166 598/589/165 587/578/154
f 600/591/167 599/590/166 587/578/154
f 586/577/153 600/591/167 587/578/154
f 601/592/168 602/593/169 603/594/170
f 602/593/169 604/595/171 603/594/170
f 604/595/171 605/596/172 603/594/170
f 605/596/172 606/597/173 603/594/170
f 606/597/173 607/598/174 603/594/170
f 607/598/174 608/599/175 603/594/170
f 608/599/175 609/600/176 603/594/170
f 609/600/176 610/601/177 603/594/170
f 611/602/178 601/592/168 603/594/170
f 614/603/179 615/604/180 616/605/181
f 617/606/15 614/603/179 616/605/181
f 619/607/182 618/608/15 616/605/181
f 620/609/183 619/607/182 616/605/181
f 621/610/184 620/609/183 616/605/181
f 622/611/185 621/610/184 616/605/181
f 623/612/186 622/611/185 616/605/181
f 624/613/15 623/612/186 616/605/181
f 625/614/15 624/613/15 616/605/181
f 626/615/15 625/614/15 616/605/181
f 627/616/187 626/615/15 616/605/181
f 628/617/188 627/616/187 616/605/181
f 629/618/189 628/617/188 616/605/181
f 615/604/180 629/618/189 616/605/181
f 630/619/190 632/620/191 631/621/192
f 633/622/193 634/623/194 631/621/192
f 634/623/194 635/624/195 631/621/192
f 635/624/195 636/625/196 631/621/192
f 636/625/196 637/626/197 631/621/192
f 637/626/197 630/619/190 631/621/192
f 638/627/198 639/628/198 640/629/198
f 641/630/199 642/631/199 643/632/199
f 644/633/198 645/634/198 646/635/198
f 647/636/199 648/637/199 649/638/199
f 650/639/200 652/640/201 651/641/202
f 652/640/201 653/642/203 651/641/202
f 654/643/204 650/639/200 651/641/202
f 655/644/205 657/645/205 656/646/205
f 658/647/205 660/648/205 659/649/205
f 661/650/205 662/651/205 656/646/205
f 662/651/205 663/652/205 656/646/205
f 663/652/205 664/653/205 656/646/205
f 664/653/205 665/654/205 656/646/205
f 665/654/205 666/655/205 656/646/205
f 666/655/205 667/656/205 656/646/205
f 667/656/205 655/644/205 656/646/205
f 668/657/102 669/658/102 670/659/102
f 671/660/206 672/661/207 8147/659/207
f 672/661/207 673/662/208 8147/659/207
f 674/663/102 675/664/102 8148/659/102
f 676/665/209 677/666/209 8149/659/209
f 678/667/102 679/668/102 680/669/102
f 681/670/210 682/671/211 8150/659/211
f 682/671/211 683/672/212 8150/659/211
f 684/673/102 685/674/102 8151/659/102
f 686/675/213 687/676/213 8152/659/213
f 688/677/102 689/678/102 690/679/102
f 691/680/206 692/681/207 8161/679/207
f 692/681/207 693/682/208 8161/679/207
f 694/683/102 695/684/102 8162/679/102
f 696/685/209 697/686/209 8163/679/209
f 698/687/102 699/688/102 700/689/102
f 701/690/210 702/691/211 8164/679/211
f 702/691/211 703/692/212 8164/679/211
f 704/693/102 705/694/102 8165/689/102
f 706/695/214 707/696/214 8166/679/214
f 708/697/102 709/698/102 710/699/102
f 711/700/206 712/701/215 8175/699/215
f 712/701/215 713/702/208 8175/699/215
f 714/703/102 715/704/102 8176/699/102
f 716/705/209 717/706/209 8177/699/209
f 718/707/102 719/708/102 720/709/102
f 721/710/210 722/711/211 8178/699/211
f 722/711/211 723/712/212 8178/699/211
f 724/713/102 725/714/102 726/715/102
f 727/716/213 728/717/213 8179/699/213
f 729/718/102 730/719/102 731/720/102
f 732/721/206 733/722/207 8209/720/207
f 733/722/207 734/723/208 8209/720/207
f 735/724/102 736/725/102 8210/720/102
f 737/726/209 738/727/209 8211/720/209
f 739/728/102 740/729/102 741/730/102
f 742/731/210 743/732/211 8212/720/211
f 743/732/211 744/733/212 8212/720/211
f 745/734/102 746/735/102 747/736/102
f 748/737/216 749/738/216 8213/720/216
f 750/739/103 751/740/103 752/741/103
f 753/742/110 754/743/111 7718/741/111
f 754/743/111 755/744/112 7718/741/111
f 756/745/103 757/746/103 7719/741/103
f 758/747/217 759/748/217 7720/741/217
f 760/749/103 761/750/103 762/751/103
f 763/752/104 764/753/105 7721/741/105
f 764/753/105 765/754/106 7721/741/105
f 766/755/103 767/756/103 7722/741/103
f 768/757/218 769/758/218 7723/741/218
f 773/759/199 774/760/199 775/761/199
f 779/762/198 780/763/198 781/764/198
f 4586/765/219 4653/766/220 783/767/221
f 787/768/222 788/769/24 789/770/24
f 790/771/15 4586/765/219 791/772/15
f 792/773/24 793/774/24 794/775/24
f 787/768/222 789/770/24 795/776/24
f 796/777/223 797/778/224 798/779/225
f 787/768/222 799/780/24 788/769/24
f 800/781/226 797/778/224 801/782/227
f 798/779/225 797/778/224 800/781/226
f 792/773/24 794/775/24 802/783/24
f 792/773/24 803/784/24 804/785/24
f 792/773/24 804/785/24 793/774/24
f 805/786/228 806/787/24 807/788/24
f 805/786/228 795/776/24 808/789/24
f 805/786/228 808/789/24 806/787/24
f 805/786/228 787/768/222 795/776/24
f 809/790/15 4586/765/219 810/791/15
f 810/791/15 4586/765/219 790/771/15
f 811/792/229 812/793/230 813/794/231
f 813/794/231 812/793/230 814/795/232
f 815/796/233 812/793/230 811/792/229
f 816/797/199 817/798/199 818/799/199
f 805/786/228 820/800/234 819/801/235
f 821/802/198 822/803/198 823/804/198
f 824/805/199 825/806/199 826/807/199
f 4586/765/219 783/767/221 791/772/15
f 783/767/221 827/808/15 791/772/15
f 783/767/221 782/809/236 828/810/15
f 782/809/236 829/811/15 828/810/15
f 4683/812/237 812/793/230 782/809/236
f 782/809/236 812/793/230 830/813/238
f 812/793/230 815/796/233 830/813/238
f 831/814/199 832/815/199 833/816/199
f 832/815/199 834/817/199 833/816/199
f 820/800/234 835/818/239 819/801/235
f 835/818/239 836/819/240 819/801/235
f 838/820/199 839/821/199 831/814/199
f 837/822/199 831/814/199 839/821/199
f 840/823/198 842/824/198 841/825/198
f 841/825/198 842/824/198 843/826/198
f 845/827/198 840/823/198 846/828/198
f 844/829/198 846/828/198 840/823/198
f 7252/830/241 847/831/242 848/832/243
f 849/833/244 850/834/245 851/835/246
f 852/836/199 853/837/199 854/838/199
f 853/837/199 855/839/199 854/838/199
f 856/840/198 857/841/198 858/842/247
f 860/843/199 861/844/199 852/836/199
f 859/845/199 852/836/199 861/844/199
f 862/846/198 863/847/198 864/848/198
f 865/849/198 864/848/198 863/847/198
f 865/849/198 866/850/198 864/848/198
f 4728/851/248 868/852/249 867/853/250
f 869/854/251 4659/855/252 870/856/253
f 903/857/254 904/858/255 905/859/256
f 905/859/256 904/858/255 906/860/257
f 908/861/103 907/862/258 909/863/259
f 4994/864/260 909/863/259 907/862/258
f 910/865/261 911/866/262 912/867/263
f 915/868/264 916/869/265 917/870/266
f 913/871/267 918/872/268 919/873/269
f 915/868/264 920/874/270 916/869/265
f 921/875/271 922/876/103 923/877/272
f 920/874/270 910/865/261 916/869/265
f 925/878/273 926/879/274 927/880/275
f 928/881/276 929/882/277 930/883/278
f 933/884/279 932/885/280 931/886/281
f 934/887/282 935/888/283 936/889/284
f 937/890/285 938/891/286 939/892/287
f 900/893/288 940/894/289 5026/895/290
f 910/865/261 941/896/291 916/869/265
f 921/875/271 923/877/272 942/897/292
f 923/877/272 924/898/293 942/897/292
f 943/899/294 944/900/295 945/901/296
f 945/901/296 944/900/295 946/902/297
f 945/901/296 946/902/297 948/903/298
f 946/902/297 947/904/299 948/903/298
f 974/905/300 975/906/301 976/907/302
f 977/908/303 978/909/304 979/910/305
f 980/911/306 981/912/307 982/913/308
f 981/912/307 983/914/309 982/913/308
f 984/915/310 985/916/311 8127/914/312
f 8127/914/312 985/916/311 8125/913/313
f 991/917/314 992/918/315 993/919/316
f 994/920/317 995/921/318 996/922/319
f 997/923/306 998/924/308 999/925/320
f 999/925/320 998/924/308 1000/926/321
f 1001/927/322 7153/926/323 1002/928/324
f 7153/926/323 8126/924/313 1002/928/324
f 1003/929/325 1004/930/326 1005/931/327
f 1006/932/199 1007/933/199 1008/934/199
f 1007/933/199 1009/935/199 1008/934/199
f 1009/935/199 1010/936/199 1008/934/199
f 1010/936/199 1011/937/199 1008/934/199
f 1011/937/199 1012/938/199 1008/934/199
f 1012/938/199 1013/939/199 1008/934/199
f 1013/939/199 1014/940/199 1008/934/199
f 1014/940/199 1015/941/199 1008/934/199
f 1016/942/199 1017/943/199 1008/934/199
f 1017/943/199 1006/932/199 1008/934/199
f 1018/944/328 1019/945/329 1020/946/330
f 1021/947/331 1018/944/328 1020/946/330
f 1022/948/332 1021/947/331 1020/946/330
f 1023/949/333 1022/948/332 1020/946/330
f 1005/931/327 1023/949/333 1020/946/330
f 1003/929/325 1005/931/327 1020/946/330
f 1024/950/334 1003/929/325 1020/946/330
f 1025/951/335 1024/950/334 1020/946/330
f 1026/952/336 1025/951/335 1020/946/330
f 1027/953/337 1026/952/336 1020/946/330
f 1028/954/338 1027/953/337 1020/946/330
f 1029/955/339 1028/954/338 1020/946/330
f 1030/956/340 1029/955/339 1020/946/330
f 1019/945/329 1030/956/340 1020/946/330
f 1031/957/341 1032/958/342 1033/959/343
f 1035/960/199 1036/961/199 1037/962/344
f 1039/963/345 1040/964/346 1041/965/347
f 1042/966/102 1041/965/347 1040/964/346
f 1045/967/348 1046/968/349 1047/969/350
f 1056/970/351 1057/971/352 1046/968/349
f 1060/972/353 1056/970/351 1061/973/354
f 1064/974/350 1061/973/354 1065/975/355
f 1094/976/356 1095/977/357 1096/978/358
f 1095/977/357 1097/979/356 1098/980/359
f 1098/980/359 1099/981/356 1100/982/360
f 1100/982/360 1101/983/356 1102/984/361
f 1128/985/362 1113/986/363 5701/987/364
f 1129/988/365 1130/989/366 1131/990/367
f 1148/991/368 1149/992/369 1150/993/370
f 1151/994/371 1152/995/372 1140/996/373
f 1156/997/374 1144/998/375 1153/999/376
f 1157/1000/377 1151/994/371 1158/1001/378
f 1172/1002/379 1171/1003/380 1146/1004/381
f 1176/1005/382 1150/993/370 1177/1006/383
f 1149/992/369 1181/1007/384 1182/1008/385
f 1182/1008/385 1184/1009/386 1174/1010/387
f 1187/1011/388 1186/1012/389 1188/1013/390
f 1189/1014/391 1188/1013/390 1190/1015/392
f 1192/1016/393 1193/1017/394 1194/1018/395
f 1194/1018/395 1193/1017/394 1195/1019/396
f 1215/1020/397 1206/1021/398 1196/1022/399
f 1206/1021/398 1197/1023/400 1196/1022/399
f 5868/1024/401 1194/1018/395 1195/1019/396
f 1198/1025/402 1199/1026/403 1200/1027/404
f 1196/1022/399 1201/1028/405 1215/1020/397
f 1202/1029/406 1197/1023/400 1206/1021/398
f 5889/1030/407 1203/1031/408 1204/1032/409
f 1204/1032/409 1203/1031/408 1205/1033/410
f 1206/1021/398 1207/1034/411 1208/1035/412
f 1209/1036/413 1208/1035/412 1207/1034/411
f 1210/1037/414 1211/1038/415 1212/1039/416
f 1213/1040/417 1200/1027/404 1199/1026/403
f 1214/1041/418 1212/1039/416 1211/1038/415
f 1215/1020/397 1216/1042/419 1217/1043/420
f 1218/1044/421 1217/1043/420 1216/1042/419
f 1219/1045/422 1220/1046/423 1221/1047/424
f 1220/1046/423 1222/1048/425 1221/1047/424
f 1233/1049/426 1234/1050/427 1235/1051/428
f 1236/1052/429 1235/1051/428 1234/1050/427
f 1237/1053/430 1239/1054/431 1238/1055/432
f 1240/1056/433 1241/1057/434 1242/1058/435
f 1241/1057/434 1243/1059/436 1242/1058/435
f 1246/1060/437 1244/1061/438 1245/1062/439
f 1255/1063/440 1254/1064/441 1253/1065/442
f 1252/1066/443 1255/1063/440 1253/1065/442
f 1256/1067/199 1257/1068/199 1258/1069/199
f 1257/1068/199 1259/1070/199 1258/1069/199
f 1259/1070/199 1260/1071/199 1258/1069/199
f 1260/1071/199 1261/1072/199 1258/1069/199
f 1261/1072/199 1262/1073/199 1258/1069/199
f 1262/1073/199 1263/1074/199 1258/1069/199
f 1263/1074/199 1264/1075/199 1258/1069/199
f 1265/1076/199 1266/1077/199 1258/1069/199
f 1266/1077/199 1267/1078/199 1258/1069/199
f 1267/1078/199 1256/1067/199 1258/1069/199
f 1274/1079/444 1275/1080/445 1276/1081/446
f 1278/1082/447 1279/1083/448 1273/1084/449
f 1276/1081/446 1275/1080/445 1282/1085/450
f 1283/1086/451 1284/1087/452 1285/1088/453
f 1284/1087/452 1286/1089/454 1285/1088/453
f 1288/1090/455 1287/1091/456 1283/1086/451
f 1291/1092/457 1292/1093/458 1293/1094/459
f 1294/1095/460 1295/1096/461 1296/1097/462
f 1303/1098/463 1302/1099/464 1304/1100/465
f 1304/1100/465 1302/1099/464 1305/1101/466
f 1306/1102/467 1307/1103/468 1308/1104/469
f 1307/1103/468 1309/1105/470 1308/1104/469
f 1313/1106/471 1315/1107/472 1314/1108/473
f 1316/1109/474 1317/1110/475 1314/1108/473
f 1317/1110/475 1318/1111/476 1314/1108/473
f 1318/1111/476 1319/1112/477 1314/1108/473
f 1319/1112/477 1320/1113/478 1314/1108/473
f 1320/1113/478 1321/1114/479 1314/1108/473
f 1321/1114/479 1313/1106/471 1314/1108/473
f 1324/1115/480 1325/1116/481 1326/1117/482
f 1327/1118/483 1328/1119/483 1329/1120/483
f 1327/1118/483 1329/1120/483 1330/1121/483
f 1331/1122/484 1332/1123/485 1333/1124/486
f 1333/1124/486 1332/1123/485 1336/1125/487
f 1334/1126/488 1335/1127/489 1337/1128/490
f 1334/1126/488 1337/1128/490 1338/1129/491
f 1325/1116/481 1324/1115/480 1339/1130/492
f 1340/1131/24 1341/1132/24 1342/1133/24
f 1340/1131/24 1342/1133/24 1343/1134/24
f 1326/1117/482 1325/1116/481 1344/1135/493
f 1335/1127/489 1334/1126/488 1345/1136/15
f 1335/1127/489 1345/1136/15 1346/1137/494
f 1332/1123/485 1331/1122/484 1347/1138/495
f 1348/1139/24 1349/1140/24 1350/1141/24
f 1348/1139/24 1350/1141/24 1351/1142/24
f 1336/1125/487 1332/1123/485 1352/1143/496
f 1338/1129/491 1337/1128/490 1353/1144/497
f 1339/1130/492 1324/1115/480 1354/1145/498
f 1343/1134/24 1342/1133/24 1355/1146/24
f 1343/1134/24 1355/1146/24 1356/1147/24
f 1344/1135/493 1325/1116/481 1357/1148/499
f 1346/1137/494 1345/1136/15 1358/1149/500
f 1346/1137/494 1358/1149/500 1359/1150/501
f 1347/1138/495 1331/1122/484 1360/1151/502
f 1351/1142/24 1350/1141/24 1361/1152/24
f 1351/1142/24 1361/1152/24 1362/1153/24
f 1336/1125/487 1352/1143/496 1363/1154/503
f 1353/1144/497 1337/1128/490 1364/1155/504
f 1353/1144/497 1364/1155/504 1365/1156/505
f 1339/1130/492 1354/1145/498 1366/1157/506
f 1344/1135/493 1357/1148/499 1367/1158/507
f 1359/1150/501 1358/1149/500 1368/1159/508
f 1347/1138/495 1360/1151/502 1369/1160/509
f 1366/1157/506 1354/1145/498 1372/1161/510
f 1366/1157/506 1372/1161/510 1373/1162/511
f 1344/1135/493 1367/1158/507 1376/1163/512
f 1369/1160/509 1360/1151/502 1377/1164/513
f 1331/1122/484 1333/1124/486 1378/1165/514
f 1331/1122/484 1378/1165/514 1379/1166/515
f 1380/1167/516 1381/1168/516 1382/1169/516
f 1380/1167/516 1382/1169/516 1383/1170/516
f 1324/1115/480 1326/1117/482 1384/1171/517
f 1322/1172/518 1387/1173/518 1388/1174/518
f 1389/1175/519 1384/1171/517 1390/1176/520
f 1379/1166/515 1378/1165/514 1391/1177/521
f 1378/1165/514 1394/1178/522 1391/1177/521
f 1392/1179/523 1395/1180/524 1396/1181/525
f 1392/1179/523 1396/1181/525 1393/1182/526
f 1390/1176/520 1397/1183/527 1389/1175/519
f 1398/1184/15 1399/1185/15 1400/1186/15
f 1398/1184/15 1400/1186/15 1401/1187/15
f 1384/1171/517 1402/1188/528 1390/1176/520
f 1393/1182/526 1403/1189/529 1404/1190/24
f 1393/1182/526 1404/1190/24 1392/1179/523
f 1391/1177/521 1405/1191/530 1379/1166/515
f 1406/1192/15 1407/1193/15 1408/1194/15
f 1406/1192/15 1408/1194/15 1409/1195/15
f 1394/1178/522 1410/1196/531 1391/1177/521
f 1395/1180/524 1411/1197/532 1396/1181/525
f 1397/1183/527 1372/1161/510 1389/1175/519
f 1399/1185/15 1412/1198/15 1413/1199/15
f 1399/1185/15 1413/1199/15 1400/1186/15
f 1402/1188/528 1414/1200/533 1390/1176/520
f 1403/1189/529 1415/1201/534 1416/1202/535
f 1403/1189/529 1416/1202/535 1404/1190/24
f 1405/1191/530 1417/1203/536 1379/1166/515
f 1407/1193/15 1418/1204/15 1419/1205/15
f 1407/1193/15 1419/1205/15 1408/1194/15
f 1394/1178/522 1420/1206/537 1410/1196/531
f 1411/1197/532 1421/1207/538 1422/1208/539
f 1411/1197/532 1422/1208/539 1396/1181/525
f 1397/1183/527 1373/1162/511 1372/1161/510
f 1402/1188/528 1376/1163/512 1414/1200/533
f 1415/1201/534 1423/1209/540 1416/1202/535
f 1405/1191/530 1377/1164/513 1417/1203/536
f 1424/1210/541 1370/1211/541 1371/1212/541
f 1424/1210/541 1371/1212/541 1425/1213/541
f 1394/1178/522 1336/1125/487 1363/1154/503
f 1394/1178/522 1363/1154/503 1420/1206/537
f 1322/1172/518 1323/1214/518 1387/1173/518
f 1426/1215/542 1374/1216/542 1375/1217/542
f 1426/1215/542 1375/1217/542 1427/1218/542
f 1402/1188/528 1344/1135/493 1376/1163/512
f 1377/1164/513 1360/1151/502 1417/1203/536
f 1389/1175/519 1324/1115/480 1384/1171/517
f 1428/1219/543 1385/1220/543 1386/1221/543
f 1428/1219/543 1386/1221/543 1429/1222/543
f 1430/1223/544 1431/1224/544 1432/1225/544
f 1432/1225/544 1431/1224/544 1433/1226/544
f 1436/1227/545 1437/1228/546 1438/1229/545
f 1438/1229/545 1437/1228/546 1439/1230/546
f 7340/1231/15 1442/1232/15 1443/1233/15
f 1445/1234/24 1444/1235/24 7343/1236/24
f 1434/1237/547 1435/1238/548 1446/1239/549
f 1434/1237/547 1446/1239/549 1447/1240/550
f 1445/1234/24 7343/1236/24 7056/1241/24
f 1442/1232/15 7340/1231/15 1448/1242/15
f 1441/1231/551 1440/1223/552 1449/1243/553
f 1441/1231/551 1449/1243/553 7337/1244/554
f 1444/1235/24 1445/1234/24 1450/1245/24
f 1442/1232/15 1448/1242/15 1451/1246/15
f 1445/1234/24 7056/1241/24 8194/1247/24
f 1447/1240/550 1446/1239/549 1454/1248/555
f 1445/1234/24 8194/1247/24 7080/1249/24
f 1445/1234/24 7080/1249/24 1456/1250/24
f 1448/1242/15 1452/1246/15 1457/1251/15
f 1448/1242/15 1457/1251/15 1451/1246/15
f 7337/1244/554 1449/1243/553 1458/1252/556
f 7337/1244/554 1458/1252/556 7057/1253/557
f 1453/1254/24 1445/1234/24 1456/1250/24
f 1454/1248/555 1446/1239/549 1459/1255/558
f 1455/1256/15 1451/1246/15 1460/1257/15
f 1451/1246/15 1457/1251/15 1460/1257/15
f 1454/1248/555 1459/1255/558 1461/1258/559
f 1460/1257/15 1457/1251/15 1463/1257/15
f 1456/1250/24 7080/1249/24 1462/1259/24
f 1456/1250/24 1462/1259/24 1464/1260/24
f 1461/1258/559 1459/1255/558 1465/1261/560
f 1460/1257/15 1466/1262/15 1467/1262/15
f 1462/1259/24 7652/1263/24 1468/1264/24
f 1460/1257/15 1463/1257/15 1466/1262/15
f 7057/1253/557 1458/1252/556 1469/1265/561
f 7057/1253/557 1469/1265/561 7332/1266/562
f 1464/1260/24 1462/1259/24 1468/1264/24
f 1461/1258/559 1465/1261/560 1470/1267/563
f 1467/1262/15 1466/1262/15 1471/1268/15
f 1467/1262/15 1471/1268/15 1472/1268/15
f 1468/1264/24 7652/1263/24 7326/1269/24
f 1468/1264/24 7326/1269/24 1473/1270/24
f 1470/1267/563 1465/1261/560 1474/1271/564
f 1472/1268/15 1471/1268/15 1475/1272/15
f 1472/1268/15 1475/1272/15 1476/1272/15
f 1473/1270/24 7326/1269/24 1477/1273/24
f 7332/1266/562 1469/1265/561 1478/1274/565
f 7332/1266/562 1478/1274/565 7325/1275/566
f 1473/1270/24 1477/1273/24 1479/1276/24
f 1476/1272/15 1475/1272/15 1480/1277/15
f 1477/1273/24 7404/1278/24 1481/1279/24
f 1475/1272/15 1482/1277/15 1480/1277/15
f 1479/1276/24 1477/1273/24 1481/1279/24
f 1483/1280/567 1474/1271/564 1484/1281/568
f 1485/1282/15 1486/1283/15 1487/1283/15
f 1485/1282/15 1490/1282/15 1486/1283/15
f 7323/1284/569 1478/1274/565 1491/1285/570
f 1492/1286/24 1488/1287/24 1489/1288/24
f 1492/1286/24 1489/1288/24 1493/1289/24
f 1487/1283/15 1486/1283/15 1494/1290/15
f 1486/1283/15 1496/1290/15 1494/1290/15
f 1493/1289/24 1489/1288/24 1495/1291/24
f 1493/1289/24 1495/1291/24 1497/1292/24
f 1483/1280/567 1484/1281/568 1498/1293/571
f 1494/1290/15 1496/1290/15 1501/1294/15
f 1494/1290/15 1501/1294/15 1499/1295/15
f 7323/1284/569 1491/1285/570 7313/1296/572
f 1497/1292/24 1495/1291/24 1500/1297/24
f 1497/1292/24 1500/1297/24 1502/1298/24
f 1498/1293/571 1484/1281/568 1503/1299/573
f 1499/1295/15 1501/1294/15 1504/1300/15
f 7313/1296/572 1491/1285/570 1505/1301/574
f 1499/1295/15 1504/1300/15 1506/1300/15
f 1502/1298/24 1500/1297/24 1507/1302/24
f 1502/1298/24 1507/1302/24 1508/1303/24
f 1498/1293/571 1503/1299/573 1509/1304/575
f 1506/1300/15 1504/1300/15 1510/1305/15
f 7313/1296/572 1505/1301/574 7309/1306/576
f 1508/1303/24 1507/1302/24 1511/1307/24
f 1508/1303/24 1511/1307/24 1513/1308/24
f 1509/1304/575 1503/1299/573 1514/1309/577
f 1510/1305/15 1504/1300/15 1515/1310/15
f 1511/1307/24 8268/1311/24 1516/1312/24
f 1504/1300/15 1512/1313/15 1517/1310/15
f 1504/1300/15 1517/1310/15 1515/1310/15
f 7309/1306/576 1505/1301/574 1518/1314/578
f 1513/1308/24 1511/1307/24 1516/1312/24
f 1509/1304/575 1514/1309/577 1519/1315/579
f 1516/1312/24 8268/1311/24 1521/1315/24
f 1515/1310/15 1517/1310/15 1522/1316/15
f 1515/1310/15 1522/1316/15 1520/1316/15
f 7309/1306/576 1518/1314/578 7317/1317/580
f 1516/1312/24 1521/1315/24 1523/1318/24
f 1519/1315/579 1514/1309/577 1524/1319/581
f 1519/1315/579 1524/1319/581 1525/1320/582
f 1521/1315/24 7304/1321/24 1527/1322/24
f 1520/1316/15 1522/1316/15 1528/1323/15
f 1520/1316/15 1528/1323/15 1526/1323/15
f 7317/1317/580 1518/1314/578 1529/1324/583
f 1523/1318/24 1521/1315/24 1527/1322/24
f 1526/1323/15 1530/1325/15 1531/1326/15
f 1527/1322/24 7304/1321/24 7302/1327/24
f 1527/1322/24 7302/1327/24 1532/1328/24
f 1526/1323/15 1528/1323/15 1530/1325/15
f 1531/1326/15 1530/1325/15 1533/1329/15
f 1531/1326/15 1533/1329/15 1534/1329/15
f 1532/1328/24 7302/1327/24 1535/1330/24
f 7317/1317/580 1529/1324/583 1536/1331/584
f 7317/1317/580 1536/1331/584 7296/1329/585
f 1532/1328/24 1535/1330/24 1537/1332/24
f 1525/1320/582 1524/1319/581 1538/1333/586
f 1534/1329/15 1533/1329/15 1539/1334/15
f 1533/1329/15 1540/1334/15 1539/1334/15
f 7296/1329/585 1536/1331/584 7293/1335/587
f 1537/1332/24 1535/1330/24 1541/1336/24
f 1538/1333/586 1524/1319/581 1542/1337/588
f 1539/1334/15 1543/1338/15 1544/1338/15
f 1535/1330/24 8190/1339/24 1545/1340/24
f 1539/1334/15 1540/1334/15 1543/1338/15
f 7293/1335/587 1536/1331/584 1546/1341/589
f 1541/1336/24 1535/1330/24 1545/1340/24
f 1541/1336/24 1545/1340/24 1547/1342/24
f 1538/1333/586 1542/1337/588 1548/1343/590
f 1538/1333/586 1548/1343/590 1549/1344/591
f 1544/1338/15 1543/1338/15 1550/1345/15
f 1544/1338/15 1550/1345/15 1551/1345/15
f 7293/1335/587 1546/1341/589 1553/1346/592
f 7293/1335/587 1553/1346/592 7289/1347/593
f 1547/1342/24 1545/1340/24 1552/1348/24
f 1547/1342/24 1552/1348/24 1554/1349/24
f 1551/1345/15 1550/1345/15 1555/1350/15
f 1551/1345/15 1555/1350/15 1556/1350/15
f 1552/1348/24 7287/1351/24 1557/1352/24
f 1554/1349/24 1552/1348/24 1557/1352/24
f 1549/1344/591 1548/1343/590 1558/1353/594
f 1549/1344/591 1558/1353/594 1559/1354/595
f 1556/1350/15 1555/1350/15 1560/1355/15
f 1556/1350/15 1560/1355/15 1561/1355/15
f 1557/1352/24 7287/1351/24 7286/1354/24
f 1557/1352/24 7286/1354/24 1562/1356/24
f 7289/1347/593 1553/1346/592 1563/1357/596
f 7289/1347/593 1563/1357/596 7273/1355/597
f 1559/1354/595 1558/1353/594 1564/1358/598
f 1559/1354/595 1564/1358/598 1565/1359/599
f 1561/1355/15 1560/1355/15 1566/1360/15
f 1562/1356/24 7286/1354/24 1567/1359/24
f 1560/1355/15 1568/1361/15 1566/1360/15
f 7273/1355/597 1563/1357/596 1569/1362/600
f 7273/1355/597 1569/1362/600 7142/1361/601
f 1562/1356/24 1567/1359/24 1570/1363/24
f 1565/1359/599 1564/1358/598 1571/1364/602
f 1565/1359/599 1571/1364/602 1572/1365/603
f 1566/1360/15 1568/1361/15 1574/1366/15
f 7142/1361/601 1569/1362/600 1575/1367/604
f 7142/1361/601 1575/1367/604 7597/1368/605
f 1570/1363/24 1567/1359/24 1576/1369/24
f 1573/1366/15 1566/1360/15 1577/1370/15
f 1573/1366/15 1577/1370/15 1578/1370/15
f 1567/1359/24 7312/1371/24 7271/1372/24
f 1567/1359/24 7271/1372/24 1579/1373/24
f 1566/1360/15 1574/1366/15 1577/1370/15
f 1576/1369/24 1567/1359/24 1579/1373/24
f 1578/1370/15 1577/1370/15 1580/1374/15
f 1579/1373/24 7271/1372/24 1581/1375/24
f 1577/1370/15 1582/1374/15 1580/1374/15
f 1579/1373/24 1581/1375/24 1583/1376/24
f 1572/1365/603 1571/1364/602 1584/1377/606
f 1572/1365/603 1584/1377/606 1585/1378/607
f 1580/1374/15 1586/1379/15 1587/1380/15
f 1581/1375/24 1590/1381/24 1588/1382/24
f 1580/1374/15 1582/1374/15 1586/1379/15
f 7597/1368/605 1575/1367/604 1589/1383/608
f 7597/1368/605 1589/1383/608 7270/1384/609
f 1583/1376/24 1581/1375/24 1588/1382/24
f 1586/1379/15 1591/1385/15 1587/1380/15
f 1588/1382/24 1590/1381/24 1592/1386/24
f 1587/1380/15 1593/1387/15 1594/1387/15
f 1590/1381/24 8082/1388/24 1595/1389/24
f 1587/1380/15 1591/1385/15 1593/1387/15
f 1592/1386/24 1590/1381/24 1595/1389/24
f 1585/1378/607 1584/1377/606 1596/1390/610
f 1585/1378/607 1596/1390/610 1597/1391/611
f 1594/1387/15 1593/1387/15 1598/1392/15
f 1594/1387/15 1598/1392/15 1599/1392/15
f 1595/1389/24 8082/1388/24 7387/1391/24
f 1595/1389/24 7387/1391/24 1600/1393/24
f 7270/1384/609 1589/1383/608 1601/1394/612
f 7270/1384/609 1601/1394/612 7262/1392/613
f 1602/1395/614 1603/1396/615 1604/1397/616
f 1602/1395/614 1604/1397/616 1605/1398/617
f 1606/1399/15 1607/1400/15 1608/1401/15
f 1606/1399/15 1610/1402/15 1611/1403/15
f 1606/1399/15 1611/1403/15 1607/1400/15
f 7263/1402/618 1612/1404/619 1613/1405/620
f 7263/1402/618 1613/1405/620 7431/1406/621
f 1614/1407/24 1609/1395/24 1615/1408/24
f 1609/1395/24 7261/1409/24 1616/1410/24
f 1607/1400/15 1611/1403/15 1617/1411/15
f 1615/1408/24 1609/1395/24 1616/1410/24
f 1615/1408/24 1616/1410/24 1618/1412/24
f 1605/1398/617 1604/1397/616 1619/1413/622
f 1607/1400/15 1617/1411/15 1622/1414/15
f 1607/1400/15 1622/1414/15 1620/1415/15
f 7431/1406/621 1613/1405/620 7260/1416/623
f 1618/1412/24 1616/1410/24 1621/1417/24
f 1618/1412/24 1621/1417/24 1623/1418/24
f 1619/1413/622 1604/1397/616 1624/1419/624
f 1620/1415/15 1622/1414/15 1625/1420/15
f 7260/1416/623 1613/1405/620 1626/1421/625
f 1623/1418/24 1621/1417/24 1627/1422/24
f 1620/1415/15 1625/1420/15 1628/1423/15
f 1621/1417/24 8109/1424/24 1627/1422/24
f 1625/1420/15 1629/1425/15 1628/1423/15
f 1619/1413/622 1624/1419/624 1631/1426/626
f 1627/1422/24 8109/1424/24 1633/1427/24
f 1628/1423/15 1629/1425/15 1634/1428/15
f 1628/1423/15 1634/1428/15 1632/1429/15
f 7260/1416/623 1626/1421/625 7159/1430/627
f 1630/1431/24 1627/1422/24 1633/1427/24
f 1630/1431/24 1633/1427/24 1635/1432/24
f 1631/1426/626 1624/1419/624 1636/1433/628
f 1632/1429/15 1637/1434/15 1638/1435/15
f 1632/1429/15 1634/1428/15 1637/1434/15
f 7159/1430/627 1626/1421/625 1640/1436/629
f 1635/1432/24 1633/1427/24 1639/1437/24
f 1635/1432/24 1639/1437/24 1641/1438/24
f 1631/1426/626 1636/1433/628 1642/1439/630
f 1631/1426/626 1642/1439/630 1643/1440/631
f 1638/1435/15 1637/1434/15 1644/1441/15
f 1638/1435/15 1644/1441/15 1645/1442/15
f 7159/1430/627 1640/1436/629 1647/1443/632
f 7159/1430/627 1647/1443/632 7106/1444/633
f 1641/1438/24 1639/1437/24 1646/1445/24
f 1641/1438/24 1646/1445/24 1648/1446/24
f 1645/1442/15 1644/1441/15 1649/1447/15
f 1644/1441/15 1651/1448/15 1649/1447/15
f 1648/1446/24 1646/1445/24 1650/1449/24
f 1648/1446/24 1650/1449/24 1652/1450/24
f 1643/1440/631 1642/1439/630 1653/1451/634
f 1643/1440/631 1653/1451/634 1654/1452/635
f 1649/1447/15 1651/1448/15 1657/1453/15
f 1649/1447/15 1657/1453/15 1655/1454/15
f 7106/1444/633 1647/1443/632 1658/1455/636
f 7106/1444/633 1658/1455/636 7258/1456/637
f 1652/1450/24 1650/1449/24 1656/1457/24
f 1652/1450/24 1656/1457/24 1659/1458/24
f 1656/1457/24 7257/1459/24 1661/1460/24
f 1655/1454/15 1657/1453/15 1662/1461/15
f 1655/1454/15 1662/1461/15 1660/1462/15
f 1659/1458/24 1656/1457/24 1661/1460/24
f 1654/1452/635 1653/1451/634 1663/1463/638
f 1654/1452/635 1663/1463/638 1664/1464/639
f 1661/1460/24 7257/1459/24 8282/1464/24
f 1661/1460/24 8282/1464/24 1666/1465/24
f 1660/1462/15 1662/1461/15 1667/1466/15
f 1660/1462/15 1667/1466/15 1665/1467/15
f 7258/1456/637 1658/1455/636 1668/1468/640
f 7258/1456/637 1668/1468/640 7259/1466/641
f 1664/1464/639 1663/1463/638 1669/1469/642
f 1664/1464/639 1669/1469/642 1670/1470/643
f 1666/1465/24 8282/1464/24 1672/1471/24
f 1665/1467/15 1667/1466/15 1673/1472/15
f 1665/1467/15 1673/1472/15 1671/1473/15
f 7259/1466/641 1668/1468/640 1674/1474/644
f 7259/1466/641 1674/1474/644 7310/1475/645
f 1666/1465/24 1672/1471/24 1675/1476/24
f 1670/1470/643 1669/1469/642 1676/1477/646
f 1670/1470/643 1676/1477/646 1677/1478/647
f 1671/1473/15 1673/1472/15 1678/1479/15
f 1675/1476/24 1672/1471/24 7804/1480/24
f 1675/1476/24 7804/1480/24 1679/1481/24
f 1673/1472/15 1680/1482/15 1678/1479/15
f 7310/1475/645 1674/1474/644 7111/1483/648
f 1679/1481/24 7804/1480/24 7354/1484/24
f 1679/1481/24 7354/1484/24 1682/1485/24
f 1678/1479/15 1680/1482/15 1683/1486/15
f 1678/1479/15 1683/1486/15 1681/1487/15
f 7111/1483/648 1674/1474/644 1684/1488/649
f 1677/1478/647 1676/1477/646 1685/1489/650
f 1677/1478/647 1685/1489/650 1686/1490/651
f 1682/1485/24 7354/1484/24 1688/1490/24
f 1681/1487/15 1683/1486/15 1689/1491/15
f 1681/1487/15 1689/1491/15 1687/1492/15
f 7111/1483/648 1684/1488/649 7104/1491/652
f 1682/1485/24 1688/1490/24 1690/1493/24
f 1695/1494/24 7578/1495/24 1696/1496/24
f 1693/1497/15 1697/1498/15 1698/1499/15
f 1693/1497/15 1698/1499/15 1694/1500/15
f 7105/1498/653 1699/1501/654 1700/1502/655
f 7105/1498/653 1700/1502/655 7254/1503/656
f 1695/1494/24 1696/1496/24 1701/1504/24
f 1691/1505/657 1692/1506/658 1702/1507/659
f 1691/1505/657 1702/1507/659 1703/1508/660
f 1694/1500/15 1698/1499/15 1705/1509/15
f 1694/1500/15 1705/1509/15 1704/1510/15
f 1701/1504/24 1696/1496/24 1706/1511/24
f 1696/1496/24 7253/1512/24 1708/1513/24
f 1704/1510/15 1705/1509/15 1709/1514/15
f 1704/1510/15 1709/1514/15 1707/1515/15
f 7254/1503/656 1700/1502/655 7239/1516/661
f 1706/1511/24 1696/1496/24 1708/1513/24
f 1706/1511/24 1708/1513/24 1710/1517/24
f 1703/1508/660 1702/1507/659 1711/1518/662
f 1703/1508/660 1711/1518/662 1712/1519/663
f 1708/1513/24 8035/1520/24 1714/1521/24
f 1707/1515/15 1709/1514/15 1715/1522/15
f 1710/1517/24 1708/1513/24 1714/1521/24
f 1713/1523/15 1707/1515/15 1716/1524/15
f 1714/1521/24 8035/1520/24 1717/1525/24
f 1707/1515/15 1715/1522/15 1716/1524/15
f 7239/1516/661 1700/1502/655 1718/1526/664
f 1713/1523/15 1716/1524/15 1719/1527/15
f 1717/1525/24 8035/1520/24 8019/1528/24
f 1717/1525/24 8019/1528/24 1720/1529/24
f 7239/1516/661 1718/1526/664 7250/1530/665
f 1717/1525/24 1720/1529/24 1722/1531/24
f 1719/1527/15 1716/1524/15 1723/1532/15
f 1716/1524/15 1721/1533/15 1724/1534/15
f 1716/1524/15 1724/1534/15 1723/1532/15
f 1722/1531/24 1720/1529/24 1725/1535/24
f 1712/1519/663 1711/1518/662 1726/1536/666
f 1712/1519/663 1726/1536/666 1727/1537/667
f 1723/1532/15 1728/1538/15 1729/1539/15
f 1723/1532/15 1724/1534/15 1728/1538/15
f 7250/1530/665 1718/1526/664 7657/1540/668
f 1725/1535/24 1720/1529/24 1730/1541/24
f 1725/1535/24 1730/1541/24 1731/1542/24
f 1729/1539/15 1728/1538/15 1732/1543/15
f 1729/1539/15 1732/1543/15 1733/1544/15
f 1730/1541/24 7245/1545/24 1734/1546/24
f 7657/1540/668 1718/1526/664 1735/1547/669
f 1731/1542/24 1730/1541/24 1734/1546/24
f 1727/1537/667 1726/1536/666 1736/1548/670
f 1727/1537/667 1736/1548/670 1737/1549/671
f 1733/1544/15 1732/1543/15 1738/1550/15
f 1733/1544/15 1738/1550/15 1739/1551/15
f 1734/1546/24 7245/1545/24 1740/1552/24
f 7657/1540/668 1735/1547/669 1741/1553/672
f 7657/1540/668 1741/1553/672 7244/1554/673
f 1734/1546/24 1740/1552/24 1742/1555/24
f 1739/1551/15 1738/1550/15 1743/1556/15
f 1740/1552/24 7764/1557/24 1742/1555/24
f 1737/1549/671 1736/1548/670 1746/1558/674
f 1743/1556/15 1738/1550/15 1747/1559/15
f 1743/1556/15 1747/1559/15 1748/1560/15
f 1742/1555/24 7764/1557/24 7706/1561/24
f 1742/1555/24 7706/1561/24 1749/1562/24
f 1738/1550/15 1744/1563/15 1750/1564/15
f 1738/1550/15 1750/1564/15 1747/1559/15
f 7244/1554/673 1741/1553/672 7238/1565/675
f 1745/1566/24 1742/1555/24 1749/1562/24
f 1746/1558/674 1736/1548/670 1751/1567/676
f 1748/1560/15 1747/1559/15 1752/1568/15
f 1749/1562/24 7706/1561/24 1753/1569/24
f 7238/1565/675 1741/1553/672 1754/1570/677
f 1749/1562/24 1753/1569/24 1755/1571/24
f 1746/1558/674 1751/1567/676 1756/1572/678
f 1752/1568/15 1747/1559/15 1757/1573/15
f 1752/1568/15 1757/1573/15 1758/1574/15
f 7238/1565/675 1754/1570/677 7237/1575/679
f 1755/1571/24 1753/1569/24 1759/1576/24
f 1755/1571/24 1759/1576/24 1760/1577/24
f 1756/1572/678 1751/1567/676 1761/1578/680
f 1758/1574/15 1757/1573/15 1762/1579/15
f 1758/1574/15 1762/1579/15 1763/1580/15
f 1759/1576/24 8117/1581/24 1764/1582/24
f 7237/1575/679 1754/1570/677 1765/1583/681
f 1760/1577/24 1759/1576/24 1764/1582/24
f 1756/1572/678 1761/1578/680 1766/1584/682
f 1756/1572/678 1766/1584/682 1767/1585/683
f 1763/1580/15 1762/1579/15 1768/1586/15
f 1763/1580/15 1768/1586/15 1769/1587/15
f 1764/1582/24 8117/1581/24 7236/1588/24
f 1764/1582/24 7236/1588/24 1770/1589/24
f 7237/1575/679 1765/1583/681 1771/1590/684
f 7237/1575/679 1771/1590/684 7158/1591/685
f 1769/1587/15 1772/1592/15 1773/1593/15
f 1769/1587/15 1768/1586/15 1772/1592/15
f 1770/1589/24 7236/1588/24 1774/1594/24
f 1770/1589/24 1774/1594/24 1775/1595/24
f 1773/1593/15 1772/1592/15 1776/1596/15
f 1772/1592/15 1777/1597/15 1776/1596/15
f 1775/1595/24 1774/1594/24 1778/1598/24
f 1767/1585/683 1766/1584/682 1779/1599/686
f 1767/1585/683 1779/1599/686 1780/1600/687
f 1776/1596/15 1781/1601/15 1782/1602/15
f 1774/1594/24 7232/1603/24 1783/1604/24
f 1776/1596/15 1777/1597/15 1781/1601/15
f 7158/1591/685 1771/1590/684 1784/1605/688
f 7158/1591/685 1784/1605/688 7231/1606/689
f 1778/1598/24 1774/1594/24 1783/1604/24
f 1778/1598/24 1783/1604/24 1785/1607/24
f 1782/1602/15 1781/1601/15 1786/1608/15
f 1783/1604/24 7230/1609/24 1787/1610/24
f 1781/1601/15 1788/1611/15 1786/1608/15
f 1785/1607/24 1783/1604/24 1787/1610/24
f 1780/1600/687 1779/1599/686 1789/1612/690
f 1787/1610/24 7230/1609/24 1791/1613/24
f 1786/1608/15 1788/1611/15 1792/1614/15
f 1786/1608/15 1792/1614/15 1790/1615/15
f 7231/1606/689 1784/1605/688 1793/1616/691
f 7231/1606/689 1793/1616/691 7493/1617/692
f 1787/1610/24 1791/1613/24 1794/1618/24
f 1789/1612/690 1779/1599/686 1795/1619/693
f 1790/1615/15 1792/1614/15 1798/1620/15
f 1790/1615/15 1798/1620/15 1796/1621/15
f 1794/1618/24 1791/1613/24 1797/1622/24
f 1794/1618/24 1797/1622/24 1799/1623/24
f 1789/1612/690 1795/1619/693 1800/1624/694
f 1797/1622/24 7222/1625/24 1802/1626/24
f 1796/1621/15 1798/1620/15 1803/1627/15
f 7493/1617/692 1793/1616/691 1804/1628/695
f 7493/1617/692 1804/1628/695 7110/1629/696
f 1799/1623/24 1797/1622/24 1802/1626/24
f 1800/1624/694 1795/1619/693 1805/1630/697
f 1801/1631/15 1796/1621/15 1806/1632/15
f 1802/1626/24 7222/1625/24 8284/1633/24
f 1802/1626/24 8284/1633/24 1807/1634/24
f 1796/1621/15 1803/1627/15 1808/1635/15
f 1796/1621/15 1808/1635/15 1806/1632/15
f 1800/1624/694 1805/1630/697 1809/1636/698
f 1806/1632/15 1810/1637/15 1811/1638/15
f 1807/1634/24 8284/1633/24 8302/1639/24
f 1807/1634/24 8302/1639/24 1812/1640/24
f 1806/1632/15 1808/1635/15 1813/1641/15
f 1806/1632/15 1813/1641/15 1810/1637/15
f 1810/1637/15 1813/1641/15 1814/1642/15
f 7110/1629/696 1804/1628/695 1815/1643/699
f 7110/1629/696 1815/1643/699 7430/1644/700
f 1807/1634/24 1812/1640/24 1816/1645/24
f 1809/1636/698 1805/1630/697 1817/1646/701
f 1810/1637/15 1818/1647/15 1819/1648/15
f 1812/1640/24 7221/1649/24 1820/1650/24
f 1810/1637/15 1814/1642/15 1818/1647/15
f 1816/1645/24 1812/1640/24 1820/1650/24
f 1819/1648/15 1818/1647/15 1821/1651/15
f 1819/1648/15 1821/1651/15 1822/1652/15
f 1820/1650/24 7221/1649/24 1823/1653/24
f 1820/1650/24 1823/1653/24 1824/1654/24
f 1822/1652/15 1821/1651/15 1825/1655/15
f 1822/1652/15 1825/1655/15 1826/1656/15
f 1823/1653/24 1829/1657/24 1827/1658/24
f 1824/1654/24 1823/1653/24 1827/1658/24
f 1809/1636/698 1817/1646/701 1828/1227/702
f 7430/1644/700 1815/1643/699 7341/1659/703
f 1828/1227/702 1817/1646/701 8270/1660/704
f 1826/1656/15 1825/1655/15 1831/1659/15
f 1826/1656/15 1831/1659/15 1830/1661/15
f 7341/1659/703 1815/1643/699 1832/1662/705
f 1827/1658/24 1829/1657/24 7342/1227/24
f 1827/1658/24 7342/1227/24 8281/1229/24
f 1470/1267/563 1474/1271/564 1483/1280/567
f 1481/1279/24 7404/1278/24 1488/1287/24
f 1481/1279/24 1488/1287/24 1492/1286/24
f 7325/1275/566 1478/1274/565 7323/1284/569
f 1480/1277/15 1482/1277/15 1490/1282/15
f 1480/1277/15 1490/1282/15 1485/1282/15
f 1833/1663/706 1834/1664/707 1835/1665/708
f 1833/1663/706 1835/1665/708 1836/1666/709
f 1/1667/710 2/2/2 7/4/4
f 1/1667/710 7/4/4 6/6/6
f 2/2/2 1/1667/710 4/3/3
f 1837/1668/711 1838/1669/712 1839/1670/713
f 1837/1668/711 1839/1670/713 1840/1671/714
f 3/1/1 4/3/3 6/6/6
f 3/1/1 6/6/6 5/5/5
f 1841/1672/715 1842/1673/716 1843/1674/717
f 1841/1672/715 1843/1674/717 1844/1675/718
f 1845/1676/719 1846/1677/720 1847/1678/721
f 1846/1677/720 1845/1676/719 1848/1679/722
f 1847/1678/721 1846/1677/720 1849/1680/723
f 1847/1678/721 1849/1680/723 1850/1681/724
f 1847/1678/721 1850/1681/724 1851/1682/725
f 1836/1666/709 1835/1665/708 1852/1683/726
f 1840/1671/714 1839/1670/713 1853/1684/727
f 1840/1671/714 1853/1684/727 1854/1685/728
f 1858/1686/729 1859/1687/730 1860/1688/731
f 1861/1689/732 1862/1690/733 1863/1691/734
f 1864/1692/735 1865/1693/736 1866/1694/737
f 1858/1686/729 1860/1688/731 1868/1695/738
f 1863/1691/734 1862/1690/733 1869/1696/739
f 1863/1691/734 1869/1696/739 1870/1697/740
f 1866/1694/737 1865/1693/736 1871/1698/741
f 1866/1694/737 1871/1698/741 1872/1699/742
f 1873/1700/743 1874/1701/744 1875/1702/745
f 1873/1700/743 1875/1702/745 1876/1703/746
f 1879/1704/747 1880/1705/748 1881/1706/749
f 1879/1704/747 1881/1706/749 1882/1707/750
f 1883/1708/751 1884/1709/752 1885/1710/753
f 1883/1708/751 1885/1710/753 1886/1711/754
f 1882/1707/750 1881/1706/749 1887/1712/755
f 1876/1703/746 1875/1702/745 1888/1713/756
f 1878/1714/757 1889/1715/758 1890/1716/759
f 1887/1712/755 1881/1706/749 1891/1717/760
f 1886/1711/754 1885/1710/753 1892/1718/761
f 1886/1711/754 1892/1718/761 1893/1719/762
f 1876/1703/746 1888/1713/756 1894/1720/763
f 1893/1719/762 1892/1718/761 1895/1721/764
f 1894/1720/763 1888/1713/756 1896/1722/765
f 1890/1716/759 1889/1715/758 1897/1723/766
f 1890/1716/759 1897/1723/766 1898/1724/767
f 1895/1721/764 1892/1718/761 1900/1725/768
f 1895/1721/764 1900/1725/768 1901/1726/769
f 1902/1727/770 1903/1728/771 1904/1729/772
f 1902/1727/770 1904/1729/772 1905/1730/773
f 1906/1731/774 1907/1732/775 1908/1733/776
f 1905/1730/773 1904/1729/772 1913/1734/777
f 1905/1730/773 1913/1734/777 1914/1735/778
f 1906/1731/774 1908/1733/776 1915/1736/779
f 1918/1737/780 1919/1738/781 1920/1739/782
f 1918/1737/780 1920/1739/782 1921/1740/783
f 1922/1741/784 1923/1742/785 1924/1743/786
f 1927/1744/787 1928/1745/788 1929/1746/789
f 1927/1744/787 1929/1746/789 1930/1747/790
f 1921/1740/783 1920/1739/782 1931/1748/791
f 1921/1740/783 1931/1748/791 1932/1749/792
f 1930/1747/790 1929/1746/789 1934/1750/793
f 1932/1749/792 1931/1748/791 1935/1751/794
f 1924/1743/786 1923/1742/785 1936/1752/795
f 1926/1753/796 1933/1754/797 1937/1755/798
f 1930/1747/790 1934/1750/793 1938/1756/799
f 1930/1747/790 1938/1756/799 1939/1757/800
f 1935/1751/794 1931/1748/791 1940/1758/801
f 1941/1759/802 1942/1760/803 1943/1761/804
f 1941/1759/802 1943/1761/804 1944/1762/805
f 1937/1755/798 1933/1754/797 1945/1763/806
f 1937/1755/798 1945/1763/806 1946/1764/807
f 1939/1757/800 1938/1756/799 1947/1765/808
f 1939/1757/800 1947/1765/808 1948/1766/809
f 8/1767/810 10/1768/811 9/1769/812
f 9/1769/812 11/1770/813 8/1767/810
f 7205/1669/814 1949/1771/815 1950/1772/816
f 7272/1679/817 1951/1773/818 1952/1774/819
f 7272/1679/817 1952/1774/819 1849/1775/820
f 1834/1664/707 1953/1776/821 1835/1665/708
f 7205/1669/814 1950/1772/816 1839/1670/822
f 1842/1673/716 1954/1777/823 1843/1674/717
f 1843/1674/717 1954/1777/823 1955/1778/824
f 1956/1779/825 1957/1780/826 1858/1686/729
f 1956/1779/825 1858/1686/729 1856/1781/827
f 1835/1665/708 1958/1782/828 1852/1683/726
f 1959/1783/829 1960/1784/830 1864/1692/735
f 1959/1783/829 1864/1692/735 1861/1689/732
f 1843/1674/717 1955/1778/824 1961/1785/831
f 1843/1674/717 1961/1785/831 1855/1786/832
f 1856/1781/827 1858/1686/729 1857/1787/833
f 1852/1683/726 1958/1782/828 1962/1788/834
f 1852/1683/726 1962/1788/834 1963/1789/835
f 1861/1689/732 1864/1692/735 1866/1694/737
f 1861/1689/732 1866/1694/737 1862/1690/733
f 1855/1786/832 1961/1785/831 1964/1790/836
f 1964/1790/836 1961/1785/831 1965/1791/837
f 1857/1787/833 1858/1686/729 1868/1695/738
f 1857/1787/833 1868/1695/738 1867/1792/838
f 1963/1789/835 1962/1788/834 1879/1704/839
f 1963/1789/835 1879/1704/839 1966/1793/840
f 1862/1690/733 1866/1694/737 7203/1699/841
f 1862/1690/733 7203/1699/841 8310/1696/842
f 1964/1790/836 1965/1791/837 1873/1700/843
f 1964/1790/836 1873/1700/843 1967/1794/844
f 1968/1795/845 1877/1796/846 1878/1714/757
f 1966/1793/840 1879/1704/839 7194/1797/847
f 1966/1793/840 7194/1797/847 1969/1798/848
f 1967/1794/844 1873/1700/843 8188/1799/849
f 1967/1794/844 8188/1799/849 1971/1800/850
f 1970/1801/851 7204/1802/852 1886/1803/853
f 1971/1800/850 8188/1799/849 1876/1703/746
f 1969/1798/848 7194/1797/847 1887/1712/854
f 1968/1795/845 1878/1714/757 1890/1716/759
f 1968/1795/845 1890/1716/759 1972/1804/855
f 1969/1798/848 1887/1712/854 1973/1805/856
f 1970/1801/851 1886/1803/853 1895/1806/857
f 1970/1801/851 1895/1806/857 1974/1807/858
f 1971/1800/850 1876/1703/746 1894/1720/763
f 1973/1805/856 1887/1712/854 1975/1808/859
f 1977/1809/860 1978/1810/861 7189/1811/862
f 1975/1808/859 1887/1712/854 1899/1812/863
f 1975/1808/859 1899/1812/863 1979/1813/864
f 1980/1814/865 1981/1815/866 1911/1816/867
f 1980/1814/865 1911/1816/867 1909/1817/868
f 1976/1818/869 1894/1720/763 1896/1722/765
f 1976/1818/869 1896/1722/765 1982/1819/870
f 7189/1811/862 1978/1810/861 1906/1731/774
f 1979/1813/864 1899/1812/863 1983/1820/871
f 1979/1813/864 1983/1820/871 1984/1821/872
f 1909/1817/868 1911/1816/867 1912/1822/873
f 1909/1817/868 1912/1822/873 1910/1823/874
f 1982/1819/870 1896/1722/765 1985/1824/875
f 1982/1819/870 1985/1824/875 1986/1825/876
f 1984/1821/872 1983/1820/871 1987/1826/877
f 1986/1825/876 1985/1824/875 1988/1827/878
f 7189/1811/862 1906/1731/774 1915/1736/779
f 7189/1811/862 1915/1736/779 7169/1734/879
f 1984/1821/872 1987/1826/877 1989/1828/880
f 1984/1821/872 1989/1828/880 1922/1741/784
f 1910/1823/874 1912/1822/873 1917/1829/881
f 1910/1823/874 1917/1829/881 1916/1830/882
f 1988/1827/878 1985/1824/875 1990/1831/883
f 1988/1827/878 1990/1831/883 1928/1745/884
f 1922/1741/784 1989/1828/880 1923/1742/785
f 1925/1832/885 1992/1833/886 1926/1753/796
f 1928/1745/884 1990/1831/883 1993/1834/887
f 1928/1745/884 1993/1834/887 1934/1750/793
f 7170/1835/888 1991/1836/889 1994/1837/890
f 7170/1835/888 1994/1837/890 1931/1748/791
f 1926/1753/796 1992/1833/886 1995/1838/891
f 1926/1753/796 1995/1838/891 1933/1754/797
f 1931/1748/791 1994/1837/890 1996/1839/892
f 1933/1754/797 1995/1838/891 1997/1840/893
f 1934/1750/793 1993/1834/887 1938/1756/799
f 1931/1748/791 1996/1839/892 1998/1841/894
f 1931/1748/791 1998/1841/894 1940/1758/801
f 1999/1842/895 2000/1843/896 9/1769/812
f 1999/1842/895 9/1769/812 10/1768/811
f 1933/1754/797 1997/1840/893 2001/1844/897
f 1933/1754/797 2001/1844/897 7790/1763/898
f 2002/1845/899 2003/1846/900 8/1767/810
f 2002/1845/899 8/1767/810 11/1770/813
f 2080/1847/901 2007/1848/902 2006/1849/903
f 2081/1850/904 2008/1851/905 2007/1848/902
f 2009/1852/906 2010/1853/907 2008/1851/905
f 2092/1854/908 2019/1855/909 2018/1856/910
f 2020/1857/199 2021/1858/199 2022/1859/199
f 2020/1857/199 2022/1859/199 2023/1860/911
f 2021/1858/199 2024/1861/199 2025/1862/199
f 2021/1858/199 2025/1862/199 2022/1859/199
f 2024/1861/199 2026/1863/199 2027/1864/199
f 2024/1861/199 2027/1864/199 2025/1862/199
f 2026/1863/199 2028/1865/199 2029/1866/199
f 2026/1863/199 2029/1866/199 2027/1864/199
f 2028/1865/199 2030/1867/199 2031/1868/199
f 2028/1865/199 2031/1868/199 2029/1866/199
f 2030/1867/199 2032/1869/199 2033/1870/199
f 2030/1867/199 2033/1870/199 2031/1868/199
f 2032/1869/199 2034/1871/199 2035/1872/912
f 2032/1869/199 2035/1872/912 2033/1870/199
f 2034/1871/199 2036/1873/199 2035/1872/912
f 2034/1871/199 2037/1874/199 2036/1873/199
f 2037/1874/199 2038/1875/199 2039/1876/199
f 2037/1874/199 2039/1876/199 2036/1873/199
f 2038/1875/199 2040/1877/199 2041/1878/199
f 2038/1875/199 2041/1878/199 2039/1876/199
f 2040/1877/199 2042/1879/199 2041/1878/199
f 2040/1877/199 2020/1857/199 2042/1879/199
f 2020/1857/199 2023/1860/911 2042/1879/199
f 2043/1880/198 2044/1881/198 2045/1882/198
f 2046/1883/198 2043/1880/198 2045/1882/198
f 2047/1884/198 2046/1883/198 2045/1882/198
f 2047/1884/198 2045/1882/198 2048/1885/198
f 2049/1886/198 2047/1884/198 2048/1885/198
f 2049/1886/198 2048/1885/198 2050/1887/198
f 2049/1886/198 2050/1887/198 2051/1888/198
f 2052/1889/198 2049/1886/198 2051/1888/198
f 2053/1890/198 2052/1889/198 2051/1888/198
f 2053/1890/198 2051/1888/198 2054/1891/198
f 2055/1892/198 2053/1890/198 2054/1891/198
f 2055/1892/198 2054/1891/198 2056/1893/198
f 2057/1894/198 2055/1892/198 2056/1893/198
f 2057/1894/198 2056/1893/198 2058/1895/198
f 2059/1896/198 2057/1894/198 2058/1895/198
f 2059/1896/198 2058/1895/198 2060/1897/198
f 2061/1898/198 2059/1896/198 2060/1897/198
f 2061/1898/198 2060/1897/198 2062/1899/198
f 2063/1900/198 2061/1898/198 2062/1899/198
f 2063/1900/198 2062/1899/198 2064/1901/198
f 2044/1881/198 2065/1902/198 2063/1900/198
f 2044/1881/198 2063/1900/198 2064/1901/198
f 2043/1880/198 2065/1902/198 2044/1881/198
f 7147/1903/913 7365/1904/914 2067/1905/915
f 7147/1903/913 2067/1905/915 2066/1906/916
f 7365/1904/914 2070/1907/917 2069/1908/918
f 7365/1904/914 2069/1908/918 2068/1909/919
f 2071/1910/920 2073/1911/921 2072/1912/922
f 2073/1911/921 7147/1903/913 2066/1906/916
f 2071/1910/920 2072/1912/922 2074/1913/923
f 2070/1907/917 2071/1910/920 2075/1914/924
f 2070/1907/917 2075/1914/924 2076/1915/925
f 2069/1908/918 2070/1907/917 2076/1915/925
f 2069/1908/918 2076/1915/925 2077/1916/926
f 7365/1904/914 2068/1909/919 2078/1917/927
f 7365/1904/914 2078/1917/927 2067/1905/915
f 2073/1911/921 2066/1906/916 2072/1912/922
f 2071/1910/920 2074/1913/923 2075/1914/924
f 2078/1917/927 2077/1916/926 2076/1915/925
f 2078/1917/927 2076/1915/925 2067/1905/915
f 2079/1918/928 2080/1847/901 2006/1849/903
f 2079/1918/928 2006/1849/903 2005/1919/929
f 2080/1847/901 2081/1850/904 2007/1848/902
f 2009/1852/906 2082/1920/930 2010/1853/907
f 2091/1921/931 2092/1854/908 2018/1856/910
f 2004/1922/932 2079/1918/928 2005/1919/929
f 2081/1850/904 2009/1852/906 2008/1851/905
f 2084/1923/933 2085/1924/934 2012/1925/935
f 2084/1923/933 2012/1925/935 2011/1926/936
f 2089/1927/937 2088/1928/938 2016/1929/939
f 2089/1927/937 2016/1929/939 2015/1930/940
f 2091/1921/931 2018/1856/910 2017/1931/941
f 7709/1932/198 7290/1908/198 7145/1924/198
f 7709/1932/198 7145/1924/198 2097/1933/198
f 7146/1934/199 7708/1935/199 2098/1930/199
f 7708/1935/199 7364/1917/199 2098/1930/199
f 2099/1936/198 7156/1937/198 8064/1937/198
f 2099/1936/198 8064/1937/198 7375/1938/198
f 7146/1934/199 2098/1930/199 2100/1930/199
f 7146/1934/199 2100/1930/199 7376/1925/199
f 2099/1936/198 7375/1938/198 2101/1939/198
f 2102/1939/198 2099/1936/198 2101/1939/198
f 8315/1940/198 2102/1939/198 2101/1939/198
f 8315/1940/198 2101/1939/198 7149/1940/198
f 2083/1941/199 2103/1942/199 7366/1943/199
f 2083/1941/199 7366/1943/199 7144/1941/199
f 2103/1942/199 2104/1944/199 7366/1943/199
f 2097/1933/198 7145/1924/198 7373/1924/198
f 2103/1942/199 2105/1945/199 8192/1945/199
f 2103/1942/199 8192/1945/199 2104/1944/199
f 2105/1945/199 2090/1946/199 7339/1946/199
f 2105/1945/199 7339/1946/199 8192/1945/199
f 8314/1946/942 8316/1940/942 7338/1946/942
f 2094/1947/943 2093/1948/944 7377/1925/945
f 2094/1947/943 7377/1925/945 7374/1924/946
f 7157/1937/947 7155/1941/947 7143/1941/947
f 7157/1937/947 7143/1941/947 7154/1937/947
f 8316/1940/942 7148/1940/942 7338/1946/942
f 2096/1949/948 2095/1950/949 8312/1927/950
f 2096/1949/948 8312/1927/950 8313/1930/951
f 7376/1925/199 2100/1930/199 7152/1951/199
f 2101/1939/198 7375/1938/198 7151/1952/198
f 2011/1926/936 2012/1925/935 2013/1953/952
f 2011/1926/936 2013/1953/952 2014/1954/953
f 2015/1930/940 2016/1929/939 2014/1954/953
f 2015/1930/940 2014/1954/953 2013/1953/952
f 2097/1933/198 7373/1924/198 7150/1955/198
f 2085/1924/934 2084/1923/933 2086/1956/954
f 2085/1924/934 2086/1956/954 2087/1957/955
f 2088/1928/938 2089/1927/937 2087/1957/955
f 2088/1928/938 2087/1957/955 2086/1956/954
f 8311/1927/198 2097/1933/198 7150/1955/198
f 13/8/8 17/13/13 14/10/10
f 2125/1958/956 2118/1959/957 2121/1960/958
f 2125/1958/956 2121/1960/958 2122/1961/959
f 16/12/12 2113/11/11 18/14/14
f 16/12/12 18/14/14 12/7/7
f 2141/1962/960 2128/1963/961 2142/1964/962
f 2141/1962/960 2142/1964/962 2143/1965/963
f 2120/1966/964 2129/1967/965 2130/1968/966
f 2120/1966/964 2130/1968/966 2144/1969/967
f 2131/1970/968 2140/1971/969 2124/1972/970
f 2131/1970/968 2124/1972/970 2123/1973/971
f 2132/1974/972 2106/1975/973 2127/1976/974
f 2132/1974/972 2127/1976/974 2126/1977/975
f 2127/1976/974 2106/1975/973 2145/1978/976
f 2129/1967/965 2120/1966/964 2119/1979/977
f 19/1980/978 2112/1981/979 2146/1982/980
f 19/1980/978 2146/1982/980 13/8/981
f 20/1983/982 17/13/983 2146/1982/980
f 20/1983/982 2146/1982/980 2112/1981/979
f 2109/1984/984 2135/1985/985 2136/1986/986
f 2109/1984/984 2136/1986/986 2150/1987/987
f 2114/1988/988 2137/1989/989 2151/1990/990
f 2114/1988/988 2151/1990/990 2152/1991/991
f 2153/1992/992 2149/1993/993 2115/1994/994
f 2154/1995/995 2134/1996/996 2111/1997/997
f 2154/1995/995 2111/1997/997 2133/1998/998
f 2115/1994/994 2149/1993/993 2155/1999/999
f 2110/2000/1000 2109/1984/984 2150/1987/987
f 2110/2000/1000 2150/1987/987 2158/2001/1001
f 2155/1999/999 2116/2002/1002 2115/1994/994
f 2164/2003/1003 2183/2004/1004 2174/2005/1005
f 2164/2003/1003 2174/2005/1005 2175/2006/1006
f 2184/2007/1007 2178/2008/1008 2170/2009/1009
f 2184/2007/1007 2170/2009/1009 2180/2010/1010
f 2166/2011/1011 2176/2012/1012 2182/2013/1013
f 2166/2011/1011 2182/2013/1013 2181/2014/1014
f 2168/2015/1015 2177/2016/1016 2171/2017/1017
f 2168/2015/1015 2171/2017/1017 2172/2018/1018
f 2178/2008/1008 2184/2007/1007 2179/2019/1019
f 2164/2003/1003 2173/2020/1020 2183/2004/1004
f 2147/2021/1021 2163/2022/1022 2165/2023/1023
f 2147/2021/1021 2165/2023/1023 2148/2024/1024
f 2148/2024/1024 2165/2023/1023 2169/2025/1025
f 2148/2024/1024 2169/2025/1025 2138/2026/1026
f 2169/2025/1025 2167/2027/1027 2139/2028/1028
f 2169/2025/1025 2139/2028/1028 2138/2026/1026
f 2167/2027/1027 2163/2022/1022 2147/2021/1021
f 2167/2027/1027 2147/2021/1021 2139/2028/1028
f 2185/2029/1029 7891/2030/1030 7890/2031/1031
f 2185/2029/1029 7890/2031/1031 2186/2032/1032
f 7891/2030/1030 2185/2029/1029 2187/2033/1033
f 7891/2030/1030 2187/2033/1033 7813/2034/1034
f 7813/2034/1034 2187/2033/1033 2188/2035/1035
f 7813/2034/1034 2188/2035/1035 7734/2036/1036
f 7734/2036/1036 2188/2035/1035 2189/2037/1037
f 7734/2036/1036 2189/2037/1037 7432/2038/1038
f 7432/2038/1038 2189/2037/1037 7787/2039/1039
f 7787/2039/1039 2189/2037/1037 2190/2040/1040
f 7787/2039/1039 2190/2040/1040 7890/2031/1031
f 7890/2031/1031 2190/2040/1040 2186/2032/1032
f 2191/2041/1041 2193/2042/1042 2192/2043/1043
f 2191/2041/1041 2194/2044/1044 2193/2042/1042
f 2194/2044/1044 2195/2045/1045 2196/2046/1046
f 2194/2044/1044 2196/2046/1046 2193/2042/1042
f 2195/2045/1045 2197/2047/1047 2198/2048/1048
f 2195/2045/1045 2198/2048/1048 2196/2046/1046
f 2199/2049/1049 2191/2041/1041 2192/2043/1043
f 2200/2050/1050 7897/2051/1051 7896/2052/1052
f 2200/2050/1050 7896/2052/1052 2201/2053/1053
f 7897/2051/1051 2200/2050/1050 2202/2054/1054
f 7897/2051/1051 2202/2054/1054 7814/2055/1055
f 7814/2055/1055 2202/2054/1054 2203/2056/1056
f 7814/2055/1055 2203/2056/1056 7710/2057/1057
f 7710/2057/1057 2203/2056/1056 2204/2058/1058
f 7710/2057/1057 2204/2058/1058 7815/2059/1059
f 7815/2059/1059 2204/2058/1058 2205/2060/1060
f 7815/2059/1059 2205/2060/1060 7896/2052/1052
f 7896/2052/1052 2205/2060/1060 2201/2053/1053
f 2206/2061/1061 2207/2062/1062 2208/2063/1063
f 2207/2062/1062 2209/2064/1064 2208/2063/1063
f 2207/2062/1062 2210/2065/1065 2209/2064/1064
f 2210/2065/1065 2211/2066/1066 2209/2064/1064
f 2210/2065/1065 2212/2067/1067 2211/2066/1066
f 2212/2067/1067 2213/2068/1068 2211/2066/1066
f 7122/2069/1069 2214/2070/1070 2215/2071/1071
f 7122/2069/1069 2215/2071/1071 7750/2072/1072
f 7750/2072/1072 2215/2071/1071 2216/2073/1073
f 7750/2072/1072 2216/2073/1073 7665/2074/1074
f 7665/2074/1074 2216/2073/1073 2217/2075/1075
f 7665/2074/1074 2217/2075/1075 7983/2076/1076
f 7983/2076/1076 2217/2075/1075 2218/2077/1077
f 7983/2076/1076 2218/2077/1077 7982/2078/1078
f 7982/2078/1078 2218/2077/1077 2219/2079/1079
f 7982/2078/1078 2219/2079/1079 7664/2080/1080
f 7664/2080/1080 2219/2079/1079 2220/2081/1081
f 7664/2080/1080 2220/2081/1081 7122/2069/1069
f 7122/2069/1069 2220/2081/1081 2214/2070/1070
f 2221/2082/1082 2223/2083/1083 2222/2084/1084
f 2221/2082/1082 2224/2085/1085 2225/2086/1086
f 2221/2082/1082 2225/2086/1086 2223/2083/1083
f 2224/2085/1085 2226/2087/1087 2225/2086/1086
f 2226/2087/1087 2227/2088/1088 2225/2086/1086
f 2226/2087/1087 2228/2089/1089 2227/2088/1088
f 2228/2089/1089 2229/2090/1090 2227/2088/1088
f 2230/2091/1091 2221/2082/1082 2222/2084/1084
f 7121/2092/1092 2231/2093/1093 2232/2094/1094
f 7121/2092/1092 2232/2094/1094 7749/2095/1095
f 7749/2095/1095 2232/2094/1094 2233/2096/1096
f 7749/2095/1095 2233/2096/1096 7663/2097/1097
f 7663/2097/1097 2233/2096/1096 2234/2098/1098
f 7663/2097/1097 2234/2098/1098 7981/2099/1099
f 7981/2099/1099 2234/2098/1098 7980/2100/1100
f 7980/2100/1100 2234/2098/1098 2235/2101/1101
f 7980/2100/1100 2235/2101/1101 7662/2102/1102
f 7662/2102/1102 2235/2101/1101 2236/2103/1103
f 7662/2102/1102 2236/2103/1103 7751/2104/1104
f 7751/2104/1104 2236/2103/1103 2231/2093/1093
f 7751/2104/1104 2231/2093/1093 7121/2092/1092
f 2237/2105/1105 2238/2106/1106 2239/2107/1107
f 2237/2105/1105 2239/2107/1107 2240/2108/1108
f 2238/2106/1106 2241/2109/1109 2242/2110/1110
f 2238/2106/1106 2242/2110/1110 2239/2107/1107
f 2241/2109/1109 2243/2111/1111 2242/2110/1110
f 2241/2109/1109 2244/2112/1112 2243/2111/1111
f 2244/2112/1112 2245/2113/1090 2243/2111/1111
f 2246/2114/1113 2247/2115/1114 2248/2116/1115
f 2247/2115/1114 2249/2117/1116 2250/2118/1117
f 2247/2115/1114 2250/2118/1117 2248/2116/1115
f 2251/2119/1118 2252/2120/1119 2253/2121/1120
f 2251/2119/1118 2253/2121/1120 2254/2122/1121
f 2255/2123/1122 2256/2124/1123 2257/2125/1124
f 2255/2123/1122 2257/2125/1124 2258/2126/1125
f 2256/2124/1123 2259/2127/1126 2257/2125/1124
f 2256/2124/1123 2260/2128/1127 2259/2127/1126
f 2260/2128/1127 2261/2129/1128 2259/2127/1126
f 2260/2128/1127 2262/2130/1129 2261/2129/1128
f 2262/2130/1129 2263/2131/1130 2264/2132/1131
f 2262/2130/1129 2264/2132/1131 2261/2129/1128
f 2265/2133/1132 2266/2134/1133 2267/2135/1134
f 2265/2133/1132 2267/2135/1134 2268/2136/1135
f 2269/2137/1136 2270/2138/1137 2271/2139/1138
f 2269/2137/1136 2271/2139/1138 2272/2140/1139
f 2270/2138/1137 2273/2141/1140 2271/2139/1138
f 2270/2138/1137 2246/2114/1113 2273/2141/1140
f 2246/2114/1113 2248/2116/1115 2273/2141/1140
f 2274/2142/1141 2275/2143/1142 2276/2144/1143
f 2332/2145/1144 2279/2146/1145 2280/2147/1146
f 2282/2148/1147 2283/2149/1148 2284/2150/1149
f 2284/2150/1149 2283/2149/1148 2285/2151/1150
f 2284/2150/1149 2285/2151/1150 2286/2152/1151
f 2286/2152/1151 2285/2151/1150 2287/2153/1152
f 2287/2153/1152 2285/2151/1150 2288/2154/1153
f 2288/2154/1153 2289/2155/1154 2290/2156/1155
f 2290/2156/1155 2289/2155/1154 2291/2157/1156
f 2285/2151/1150 2292/2158/1157 2288/2154/1153
f 2288/2154/1153 2292/2158/1157 2289/2155/1154
f 2283/2149/1148 2294/2159/1158 2295/2160/1159
f 2283/2149/1148 2295/2160/1159 2296/2161/1160
f 2283/2149/1148 2296/2161/1160 2285/2151/1150
f 2297/2162/1161 2298/2163/1162 2299/2164/1163
f 2297/2162/1161 2299/2164/1163 2300/2165/1164
f 2300/2165/1164 2299/2164/1163 2301/2166/1165
f 2302/2167/1166 2303/2168/1167 2304/2169/1168
f 2299/2164/1163 2308/2170/1169 2301/2166/1165
f 2303/2168/1167 2309/2171/1170 2304/2169/1168
f 2304/2169/1168 2309/2171/1170 2310/2172/1171
f 2304/2169/1168 2310/2172/1171 2305/2173/1172
f 2305/2173/1172 2310/2172/1171 2311/2174/1173
f 2305/2173/1172 2311/2174/1173 2306/2175/1174
f 2306/2175/1174 2311/2174/1173 2312/2176/1175
f 2306/2175/1174 2312/2176/1175 2307/2177/1176
f 2303/2168/1167 2313/2178/1177 2309/2171/1170
f 2298/2163/1162 2314/2179/1178 2315/2180/1179
f 2298/2163/1162 2315/2180/1179 2299/2164/1163
f 2299/2164/1163 2315/2180/1179 2308/2170/1169
f 2316/2181/1180 2317/2182/1181 2318/2183/1182
f 2316/2181/1180 2318/2183/1182 2319/2184/1183
f 2320/2185/1184 2318/2183/1182 2321/2186/1185
f 2318/2183/1182 2324/2187/1186 2321/2186/1185
f 2321/2186/1185 2324/2187/1186 2325/2188/1187
f 2321/2186/1185 2325/2188/1187 2322/2189/1188
f 2322/2189/1188 2325/2188/1187 2326/2190/1189
f 2317/2182/1181 2327/2191/1190 2328/2192/1191
f 2317/2182/1181 2328/2192/1191 2318/2183/1182
f 2318/2183/1182 2328/2192/1191 2329/2193/1192
f 2318/2183/1182 2329/2193/1192 2330/2194/1193
f 2318/2183/1182 2330/2194/1193 2324/2187/1186
f 2331/2195/1194 2332/2145/1144 2333/2196/1195
f 2335/2197/1196 2274/2142/1141 2336/2198/1197
f 2332/2145/1144 2280/2147/1146 2333/2196/1195
f 2333/2196/1195 2280/2147/1146 2281/2199/1198
f 2274/2142/1141 2276/2144/1143 2336/2198/1197
f 2336/2198/1197 2276/2144/1143 2277/2200/1199
f 2336/2198/1197 2277/2200/1199 2337/2201/1200
f 2337/2201/1200 2277/2200/1199 2338/2202/1201
f 2338/2202/1201 2277/2200/1199 2278/2203/1202
f 2338/2202/1201 2278/2203/1202 2339/2204/1203
f 2275/2143/1142 2274/2142/1141 2340/2205/1204
f 2283/2149/1148 2282/2148/1147 2341/2206/1205
f 2303/2168/1167 2302/2167/1166 2342/2207/1206
f 2317/2182/1181 2316/2181/1180 2343/2208/1207
f 2274/2142/1141 2335/2197/1196 2344/2209/1208
f 2340/2205/1204 2274/2142/1141 2345/2210/1209
f 2346/2211/1210 2340/2205/1204 2347/2212/1211
f 2283/2149/1148 2341/2206/1205 2348/2213/1212
f 2342/2207/1206 2349/2214/1213 2350/2215/1214
f 2303/2168/1167 2342/2207/1206 2351/2216/1215
f 2313/2178/1177 2303/2168/1167 2352/2217/1216
f 2353/2218/1217 2313/2178/1177 2354/2219/1218
f 2317/2182/1181 2343/2208/1207 2355/2220/1219
f 2344/2209/1208 2356/2221/1220 2357/2222/1221
f 2274/2142/1141 2344/2209/1208 2358/2223/1222
f 2347/2212/1211 2340/2205/1204 2345/2210/1209
f 2348/2213/1212 2341/2206/1205 2359/2224/1223
f 2342/2207/1206 2350/2215/1214 2360/2225/1224
f 2351/2216/1215 2342/2207/1206 2360/2225/1224
f 2354/2219/1218 2313/2178/1177 2352/2217/1216
f 2344/2209/1208 2357/2222/1221 2361/2226/1225
f 2358/2223/1222 2344/2209/1208 2361/2226/1225
f 2352/2217/1216 2303/2168/1167 2351/2216/1215
f 2355/2220/1219 2343/2208/1207 2362/2227/1226
f 2345/2210/1209 2274/2142/1141 2358/2223/1222
f 2347/2212/1211 2345/2210/1209 2363/2228/1227
f 2360/2225/1224 2350/2215/1214 2364/2229/1228
f 2354/2219/1218 2352/2217/1216 2365/2230/1229
f 2366/2231/1230 2367/2232/1231 2368/2233/1232
f 2361/2226/1225 2357/2222/1221 2369/2234/1233
f 2345/2210/1209 2358/2223/1222 2370/2235/1234
f 2371/2236/1235 2372/2237/1236 133/127/69
f 2371/2236/1235 133/127/69 134/128/70
f 2373/2238/1237 2371/2236/1235 134/128/70
f 2351/2216/1215 2360/2225/1224 2374/2239/1238
f 2352/2217/1216 2351/2216/1215 2375/2240/1239
f 2368/2233/1232 135/129/71 132/126/68
f 2366/2231/1230 2368/2233/1232 132/126/68
f 2376/2241/1240 2366/2231/1230 132/126/68
f 2358/2223/1222 2361/2226/1225 2377/2242/1241
f 2378/2243/1242 2379/2244/1243 2380/2245/1244
f 2430/2246/1245 2281/2199/1198 2383/2247/1246
f 2384/2248/1247 2385/2249/1248 2386/2250/1249
f 2385/2249/1248 2387/2251/1250 2388/2252/1251
f 2385/2249/1248 2388/2252/1251 2386/2250/1249
f 2387/2251/1250 2389/2253/1252 2388/2252/1251
f 2389/2253/1252 2390/2254/1253 2391/2255/1254
f 2389/2253/1252 2391/2255/1254 2388/2252/1251
f 2390/2254/1253 2392/2256/1255 2391/2255/1254
f 2392/2256/1255 2291/2157/1156 2289/2155/1154
f 2392/2256/1255 2289/2155/1154 2391/2255/1254
f 2391/2255/1254 2289/2155/1154 2293/2257/1256
f 2391/2255/1254 2293/2257/1256 2393/2258/1257
f 2386/2250/1249 2394/2259/1258 2395/2260/1259
f 2386/2250/1249 2388/2252/1251 2396/2261/1260
f 2386/2250/1249 2396/2261/1260 2394/2259/1258
f 2388/2252/1251 2391/2255/1254 2397/2262/1261
f 2398/2263/1262 2399/2264/1263 2400/2265/1264
f 2398/2263/1262 2400/2265/1264 2401/2266/1265
f 2399/2264/1263 2301/2166/1165 2400/2265/1264
f 2402/2267/1266 2403/2268/1267 2404/2269/1268
f 2400/2265/1264 2301/2166/1165 2308/2170/1169
f 2404/2269/1268 2403/2268/1267 2408/2270/1269
f 2403/2268/1267 2405/2271/1270 2409/2272/1271
f 2403/2268/1267 2409/2272/1271 2408/2270/1269
f 2405/2271/1270 2406/2273/1272 2410/2274/1273
f 2405/2271/1270 2410/2274/1273 2409/2272/1271
f 2406/2273/1272 2407/2275/1274 2411/2276/1275
f 2406/2273/1272 2411/2276/1275 2410/2274/1273
f 2404/2269/1268 2408/2270/1269 2412/2277/1276
f 2401/2266/1265 2400/2265/1264 2413/2278/1277
f 2401/2266/1265 2413/2278/1277 2414/2279/1278
f 2400/2265/1264 2308/2170/1169 2413/2278/1277
f 2415/2280/1279 2416/2281/1280 2418/2282/1281
f 2415/2280/1279 2418/2282/1281 2417/2283/1282
f 2419/2284/1283 2420/2285/1284 2421/2286/1285
f 2419/2284/1283 2421/2286/1285 2418/2282/1281
f 2420/2285/1284 2422/2287/1286 2421/2286/1285
f 2422/2287/1286 2323/2288/1287 2322/2189/1188
f 2422/2287/1286 2322/2189/1188 2421/2286/1285
f 2418/2282/1281 2421/2286/1285 2423/2289/1288
f 2421/2286/1285 2322/2189/1188 2326/2190/1189
f 2417/2283/1282 2418/2282/1281 2424/2290/1289
f 2417/2283/1282 2424/2290/1289 2425/2291/1290
f 2418/2282/1281 2426/2292/1291 2424/2290/1289
f 2418/2282/1281 2427/2293/1292 2426/2292/1291
f 2418/2282/1281 2423/2289/1288 2427/2293/1292
f 2428/2294/1293 2429/2295/1294 2430/2246/1245
f 2429/2295/1294 2334/2296/1295 2333/2196/1195
f 2431/2297/1296 2432/2298/1297 2378/2243/1242
f 2430/2246/1245 2429/2295/1294 2281/2199/1198
f 2429/2295/1294 2333/2196/1195 2281/2199/1198
f 2378/2243/1242 2432/2298/1297 2379/2244/1243
f 2432/2298/1297 2433/2299/1298 2381/2300/1299
f 2432/2298/1297 2381/2300/1299 2379/2244/1243
f 2433/2299/1298 2434/2301/1300 2381/2300/1299
f 2434/2301/1300 2435/2302/1301 2382/2303/1302
f 2434/2301/1300 2382/2303/1302 2381/2300/1299
f 2380/2245/1244 2436/2304/1303 2378/2243/1242
f 2386/2250/1249 2437/2305/1304 2384/2248/1247
f 2404/2269/1268 2438/2306/1305 2402/2267/1266
f 2417/2283/1282 2439/2307/1306 2415/2280/1279
f 2378/2243/1242 2440/2308/1307 2431/2297/1296
f 2436/2304/1303 2454/2309/1308 2378/2243/1242
f 2441/2310/1309 2442/2311/1310 2436/2304/1303
f 2386/2250/1249 2443/2312/1311 2437/2305/1304
f 2438/2306/1305 2444/2313/1312 2445/2314/1313
f 2404/2269/1268 2446/2315/1314 2438/2306/1305
f 2412/2277/1276 2447/2316/1315 2404/2269/1268
f 2448/2317/1316 2449/2318/1317 2412/2277/1276
f 2417/2283/1282 2450/2319/1318 2439/2307/1306
f 2440/2308/1307 2451/2320/1319 2452/2321/1320
f 2378/2243/1242 2453/2322/1321 2440/2308/1307
f 2442/2311/1310 2454/2309/1308 2436/2304/1303
f 2443/2312/1311 2455/2323/1322 2437/2305/1304
f 2438/2306/1305 2456/2324/1323 2444/2313/1312
f 2446/2315/1314 2456/2324/1323 2438/2306/1305
f 2449/2318/1317 2447/2316/1315 2412/2277/1276
f 2440/2308/1307 2457/2325/1324 2451/2320/1319
f 2453/2322/1321 2457/2325/1324 2440/2308/1307
f 2447/2316/1315 2446/2315/1314 2404/2269/1268
f 2450/2319/1318 2458/2326/1325 2439/2307/1306
f 2454/2309/1308 2453/2322/1321 2378/2243/1242
f 2442/2311/1310 2459/2327/1326 2454/2309/1308
f 2456/2324/1323 2460/2328/1327 2444/2313/1312
f 2449/2318/1317 2461/2329/1328 2447/2316/1315
f 2462/2330/1329 2463/2331/1330 2464/2332/1331
f 2457/2325/1324 2465/2333/1332 2451/2320/1319
f 2454/2309/1308 2466/2334/1333 2453/2322/1321
f 2467/2335/1334 139/131/73 138/130/72
f 2467/2335/1334 138/130/72 2468/2336/1335
f 2469/2337/1336 139/131/73 2467/2335/1334
f 2446/2315/1314 2470/2338/1337 2456/2324/1323
f 2447/2316/1315 2471/2339/1338 2446/2315/1314
f 2463/2331/1330 137/135/77 141/134/76
f 2462/2330/1329 137/135/77 2463/2331/1330
f 2472/2340/1339 137/135/77 2462/2330/1329
f 2453/2322/1321 2473/2341/1340 2457/2325/1324
f 2474/2342/1341 8300/2343/1342 8301/2344/1343
f 8300/2343/1342 2474/2342/1341 2475/2345/1344
f 8300/2343/1342 2475/2345/1344 7936/2346/1345
f 7936/2346/1345 2475/2345/1344 2476/2347/1346
f 7936/2346/1345 2476/2347/1346 7598/2348/1347
f 7598/2348/1347 2476/2347/1346 2477/2349/1348
f 7598/2348/1347 2477/2349/1348 7601/2350/1349
f 7601/2350/1349 2477/2349/1348 2478/2351/1350
f 7601/2350/1349 2478/2351/1350 7937/2352/1351
f 7937/2352/1351 2478/2351/1350 2479/2353/1352
f 7937/2352/1351 2479/2353/1352 8301/2344/1343
f 8301/2344/1343 2479/2353/1352 2474/2342/1341
f 2480/2354/1353 2482/2355/1354 2481/2356/1355
f 2480/2354/1353 2483/2357/1356 2482/2355/1354
f 2483/2357/1356 2484/2358/1357 2485/2359/1358
f 2483/2357/1356 2485/2359/1358 2482/2355/1354
f 2484/2358/1357 2486/2360/1359 2487/2361/1360
f 2484/2358/1357 2487/2361/1360 2485/2359/1358
f 2488/2362/1091 2480/2354/1353 2481/2356/1355
f 2489/2363/1361 7278/2364/1362 7274/2365/1363
f 2489/2363/1361 7274/2365/1363 2490/2366/1364
f 7278/2364/1362 2489/2363/1361 2491/2367/1365
f 7278/2364/1362 2491/2367/1365 7906/2368/1366
f 7906/2368/1366 2491/2367/1365 2492/2369/1367
f 7906/2368/1366 2492/2369/1367 7972/2370/1368
f 7972/2370/1368 2492/2369/1367 2493/2371/1369
f 7972/2370/1368 2493/2371/1369 7820/2372/1370
f 7820/2372/1370 2493/2371/1369 2494/2373/1371
f 7820/2372/1370 2494/2373/1371 7907/2374/1372
f 7907/2374/1372 2494/2373/1371 2495/2375/1373
f 7907/2374/1372 2495/2375/1373 7274/2365/1363
f 7274/2365/1363 2495/2375/1373 2490/2366/1364
f 2496/2376/1374 2498/2377/1375 2497/2378/1376
f 2496/2376/1374 2499/2379/1377 2500/2380/1378
f 2496/2376/1374 2500/2380/1378 2498/2377/1375
f 2499/2379/1377 2501/2381/1379 2500/2380/1378
f 2501/2381/1379 2502/2382/1380 2500/2380/1378
f 2501/2381/1379 2503/2383/1381 2502/2382/1380
f 2503/2383/1381 2504/2384/1382 2502/2382/1380
f 2505/2385/1383 2496/2376/1374 2497/2378/1376
f 2506/2386/1384 7284/2387/1385 7280/2388/1386
f 2506/2386/1384 7280/2388/1386 2507/2389/1387
f 7284/2387/1385 2506/2386/1384 2508/2390/1365
f 7284/2387/1385 2508/2390/1365 7908/2391/1388
f 7908/2391/1388 2508/2390/1365 2509/2392/1389
f 7908/2391/1388 2509/2392/1389 7973/2393/1390
f 7973/2393/1390 2509/2392/1389 2510/2394/1391
f 7973/2393/1390 2510/2394/1391 2511/2395/1392
f 7973/2393/1390 2511/2395/1392 7825/2396/1393
f 7825/2396/1393 2511/2395/1392 2512/2397/1394
f 7825/2396/1393 2512/2397/1394 7909/2398/1395
f 7909/2398/1395 2512/2397/1394 2507/2389/1387
f 7909/2398/1395 2507/2389/1387 7280/2388/1386
f 2513/2399/1396 2515/2400/1397 2514/2401/1398
f 2513/2399/1396 2516/2402/1399 2515/2400/1397
f 2516/2402/1399 2517/2403/1400 2518/2404/1401
f 2516/2402/1399 2518/2404/1401 2515/2400/1397
f 2517/2403/1400 2519/2405/1402 2518/2404/1401
f 2519/2405/1402 2520/2406/1403 2518/2404/1401
f 2521/2407/1383 2513/2399/1396 2514/2401/1398
f 2522/2408/1404 7392/2409/1405 7388/2410/1406
f 7392/2409/1405 2522/2408/1404 2523/2411/1407
f 7392/2409/1405 2523/2411/1407 7816/2412/1408
f 7816/2412/1408 2523/2411/1407 2524/2413/1409
f 7816/2412/1408 2524/2413/1409 7765/2414/1410
f 7765/2414/1410 2524/2413/1409 2525/2415/1411
f 7765/2414/1410 2525/2415/1411 7975/2416/1412
f 7975/2416/1412 2525/2415/1411 2526/2417/1413
f 7975/2416/1412 2526/2417/1413 7817/2418/1414
f 7817/2418/1414 2526/2417/1413 2527/2419/1415
f 7817/2418/1414 2527/2419/1415 7388/2410/1406
f 7388/2410/1406 2527/2419/1415 2522/2408/1404
f 2528/2420/1416 2530/2421/1417 2531/2422/1418
f 2528/2420/1416 2531/2422/1418 2529/2423/1419
f 2530/2421/1417 2532/2424/1420 2533/2425/1421
f 2530/2421/1417 2533/2425/1421 2531/2422/1418
f 2532/2424/1420 2534/2426/1422 2533/2425/1421
f 2532/2424/1420 2535/2427/1423 2534/2426/1422
f 2535/2427/1423 2536/2428/1424 2534/2426/1422
f 2537/2429/1425 7113/2430/1426 2542/2431/1427
f 7113/2430/1426 2537/2429/1425 2538/2432/1428
f 7113/2430/1426 2538/2432/1428 7761/2433/1429
f 7761/2433/1429 2538/2432/1428 2539/2434/1430
f 7761/2433/1429 2539/2434/1430 7449/2435/1368
f 7449/2435/1368 2539/2434/1430 2540/2436/1431
f 7449/2435/1368 2540/2436/1431 7698/2437/1432
f 7698/2437/1432 2540/2436/1431 2541/2438/1433
f 7698/2437/1432 2541/2438/1433 7762/2439/1434
f 7762/2439/1434 2541/2438/1433 2542/2431/1427
f 7762/2439/1434 2542/2431/1427 7327/2440/1435
f 7327/2440/1435 2542/2431/1427 7113/2430/1426
f 2543/2441/1436 2545/2442/1437 2544/2443/1438
f 2543/2441/1436 2546/2444/1439 2545/2442/1437
f 2546/2444/1439 2547/2445/1440 2545/2442/1437
f 2546/2444/1439 2548/2446/1441 2547/2445/1440
f 2548/2446/1441 2549/2447/1047 2550/2448/1442
f 2548/2446/1441 2550/2448/1442 2547/2445/1440
f 2551/2449/1383 2543/2441/1436 2544/2443/1438
f 2552/2450/1443 7801/2451/1444 7800/2452/1445
f 2552/2450/1443 7800/2452/1445 2553/2453/1446
f 7801/2451/1444 2552/2450/1443 2554/2454/1447
f 7801/2451/1444 2554/2454/1447 7978/2455/1448
f 7978/2455/1448 2554/2454/1447 8208/2456/1449
f 8208/2456/1449 2554/2454/1447 2555/2457/1450
f 8208/2456/1449 2555/2457/1450 8139/246/1451
f 8139/246/1451 2555/2457/1450 2556/2458/1452
f 8139/246/1451 2556/2458/1452 7933/2459/1453
f 7933/2459/1453 2556/2458/1452 2557/2460/1454
f 7933/2459/1453 2557/2460/1454 8285/251/1455
f 8285/251/1455 2557/2460/1454 2558/2461/1456
f 8285/251/1455 2558/2461/1456 7979/2462/1457
f 7979/2462/1457 2558/2461/1456 2559/2463/1458
f 7979/2462/1457 2559/2463/1458 8195/253/1459
f 8195/253/1459 2559/2463/1458 7800/2452/1445
f 7800/2452/1445 2559/2463/1458 2553/2453/1446
f 2560/2464/1416 2562/2465/1460 2563/2466/1418
f 2560/2464/1416 2563/2466/1418 2561/2467/1419
f 2562/2465/1460 2564/2468/1461 2565/2469/1462
f 2562/2465/1460 2565/2469/1462 2563/2466/1418
f 2564/2468/1461 2566/2470/1463 2565/2469/1462
f 2564/2468/1461 2567/2471/1464 2566/2470/1463
f 2567/2471/1464 2568/2472/1424 2566/2470/1463
f 2569/2473/1465 8016/2474/1466 2570/2475/1467
f 8016/2474/1466 2569/2473/1465 8011/2476/1468
f 8011/2476/1468 2569/2473/1465 2571/2477/1469
f 8011/2476/1468 2571/2477/1469 7859/2478/1470
f 7859/2478/1470 2571/2477/1469 2572/2479/1471
f 7859/2478/1470 2572/2479/1471 7791/2480/1472
f 7791/2480/1472 2572/2479/1471 2573/2481/1473
f 7791/2480/1472 2573/2481/1473 2574/2482/1474
f 7791/2480/1472 2574/2482/1474 7860/2483/1475
f 7860/2483/1475 2574/2482/1474 2575/2484/1476
f 7860/2483/1475 2575/2484/1476 8012/274/1477
f 8012/274/1477 2575/2484/1476 2570/2475/1467
f 8012/274/1477 2570/2475/1467 8016/2474/1466
f 2576/2485/1478 2578/2486/1479 2577/2487/1480
f 2576/2485/1478 2579/2488/1481 2578/2486/1479
f 2579/2488/1481 2580/2489/1482 2581/2490/1483
f 2579/2488/1481 2581/2490/1483 2578/2486/1479
f 2580/2489/1482 2582/2491/1484 2583/2492/1485
f 2580/2489/1482 2583/2492/1485 2581/2490/1483
f 2584/2493/1383 2576/2485/1478 2577/2487/1480
f 2585/2494/1486 7960/2495/1487 2586/2496/1488
f 7960/2495/1487 2585/2494/1486 8018/2497/1489
f 8018/2497/1489 2585/2494/1486 2587/2498/1490
f 8018/2497/1489 2587/2498/1490 2588/2499/1491
f 8018/2497/1489 2588/2499/1491 8110/2500/1492
f 8110/2500/1492 2588/2499/1491 2589/2501/1493
f 8110/2500/1492 2589/2501/1493 8111/2502/1494
f 8111/2502/1494 2589/2501/1493 2590/2503/1495
f 8111/2502/1494 2590/2503/1495 7318/2504/1496
f 7318/2504/1496 2590/2503/1495 7956/2505/1497
f 7956/2505/1497 2590/2503/1495 2586/2496/1488
f 7956/2505/1497 2586/2496/1488 7960/2495/1487
f 2591/2506/1498 2593/2507/1499 2594/2508/1500
f 2591/2506/1498 2594/2508/1500 2592/2509/1501
f 2593/2507/1499 2595/2510/1502 2594/2508/1500
f 2595/2510/1502 2596/2511/1503 2594/2508/1500
f 2595/2510/1502 2597/2512/1504 2598/2513/1505
f 2595/2510/1502 2598/2513/1505 2596/2511/1503
f 8024/2514/1506 2599/2515/1507 2600/2516/1508
f 8024/2514/1506 2600/2516/1508 7116/304/1509
f 7116/304/1509 2600/2516/1508 7802/2517/1510
f 7802/2517/1510 2600/2516/1508 2601/2518/1511
f 7802/2517/1510 2601/2518/1511 8269/306/1512
f 8269/306/1512 2601/2518/1511 2602/2519/1513
f 8269/306/1512 2602/2519/1513 7367/2520/1514
f 7367/2520/1514 2602/2519/1513 2603/2521/1515
f 7367/2520/1514 2603/2521/1515 7370/2522/1516
f 7370/2522/1516 2603/2521/1515 2604/2523/1517
f 7370/2522/1516 2604/2523/1517 7803/2524/1518
f 7803/2524/1518 2604/2523/1517 2605/2525/1519
f 7803/2524/1518 2605/2525/1519 7118/2526/1520
f 7118/2526/1520 2605/2525/1519 2599/2515/1507
f 7118/2526/1520 2599/2515/1507 8024/2514/1506
f 2606/2527/1521 2608/2528/1522 2609/2529/1523
f 2606/2527/1521 2609/2529/1523 2607/2530/1524
f 2608/2528/1522 2610/2531/1525 2609/2529/1523
f 2610/2531/1525 2611/2532/1526 2609/2529/1523
f 2610/2531/1525 2612/2533/1527 2611/2532/1526
f 2612/2533/1527 2613/2534/1528 2611/2532/1526
f 2612/2533/1527 2614/2535/1529 2613/2534/1528
f 2614/2535/1529 2615/2536/1090 2613/2534/1528
f 7398/2537/1092 2616/2538/1530 2617/2539/1531
f 7398/2537/1092 2617/2539/1531 7268/2540/1532
f 7268/2540/1532 2617/2539/1531 2618/2541/1533
f 7268/2540/1532 2618/2541/1533 7676/2542/1534
f 7676/2542/1534 2618/2541/1533 2619/2543/1535
f 7676/2542/1534 2619/2543/1535 7666/2544/1536
f 7666/2544/1536 2619/2543/1535 2620/2545/1537
f 7666/2544/1536 2620/2545/1537 7667/2546/1538
f 7667/2546/1538 2620/2545/1537 8073/2547/1539
f 8073/2547/1539 2620/2545/1537 2621/2548/1540
f 8073/2547/1539 2621/2548/1540 7264/2549/1104
f 7264/2549/1104 2621/2548/1540 2616/2538/1530
f 7264/2549/1104 2616/2538/1530 7398/2537/1092
f 2622/2550/1541 2624/2551/1542 2625/2552/1543
f 2622/2550/1541 2625/2552/1543 2623/2553/1544
f 2624/2551/1542 2626/2554/1545 2627/2555/1546
f 2624/2551/1542 2627/2555/1546 2625/2552/1543
f 2626/2554/1545 2628/2556/1547 2629/2557/1548
f 2626/2554/1545 2629/2557/1548 2627/2555/1546
f 2630/2558/1549 2622/2550/1541 2623/2553/1544
f 2630/2558/1549 2623/2553/1544 2631/2559/1550
f 2637/2560/1551 2638/2561/1552 2639/2562/1553
f 2637/2560/1551 2639/2562/1553 2640/2563/1554
f 2641/2564/1555 2643/2565/1556 2644/2566/1557
f 2641/2564/1555 2644/2566/1557 2642/2567/1558
f 2645/2568/1559 2646/2569/1560 2647/2570/1561
f 2632/2571/1562 2650/2572/1563 2651/2573/1564
f 2632/2571/1562 2633/2574/1565 2650/2572/1563
f 2634/2575/1566 2635/2576/1567 2652/2577/1568
f 2634/2575/1566 2652/2577/1568 2653/2578/1569
f 2635/2576/1567 2636/2579/1570 2652/2577/1568
f 2636/2579/1570 2654/2580/1571 2655/2581/1572
f 2636/2579/1570 2655/2581/1572 2652/2577/1568
f 2639/2562/1553 2638/2561/1552 2656/2582/1573
f 2638/2561/1552 2657/2583/1574 2656/2582/1573
f 2638/2561/1552 2641/2564/1555 2657/2583/1574
f 2641/2564/1555 2642/2567/1558 2658/2584/1575
f 2641/2564/1555 2658/2584/1575 2657/2583/1574
f 2659/2585/1576 2647/2570/1561 2660/2586/1577
f 2659/2585/1576 2660/2586/1577 2661/2587/1578
f 2647/2570/1561 2646/2569/1560 2660/2586/1577
f 2646/2569/1560 2662/2588/1579 2660/2586/1577
f 2648/2589/1580 2663/2590/1581 2664/2591/1582
f 2648/2589/1580 2649/2592/1583 2663/2590/1581
f 2649/2592/1583 2651/2573/1564 2663/2590/1581
f 2649/2592/1583 2632/2571/1562 2651/2573/1564
f 2667/2593/1584 2668/2594/1585 2675/343/99
f 2665/2595/1586 2666/2596/1587 2674/345/101
f 2666/2596/1587 2667/2593/1584 2675/343/99
f 2668/2594/1585 2669/2597/1588 2675/343/99
f 2669/2597/1588 2670/2598/1589 2676/344/100
f 2670/2598/1589 2671/2599/1590 2677/2600/1591
f 2670/2598/1589 2677/2600/1591 2676/344/100
f 2671/2599/1590 2672/2601/1592 2677/2600/1591
f 2672/2601/1592 2673/2602/1593 2677/2600/1591
f 2673/2602/1593 2665/2595/1586 2674/345/101
f 2674/345/101 2666/2596/1587 2675/343/99
f 2675/343/99 2669/2597/1588 2676/344/100
f 2673/2602/1593 2674/345/101 2677/2600/1591
f 2677/2600/1591 2674/345/101 2676/344/100
f 2678/2603/1594 2679/2604/1595 2680/2605/1596
f 2679/2604/1595 2678/2603/1594 2681/2606/1597
f 2679/2604/1595 2681/2606/1597 2682/2607/1598
f 7356/356/1599 2683/2608/1600 2684/2609/1601
f 7356/356/1599 2684/2609/1601 7647/2610/1602
f 7647/2610/1602 2684/2609/1601 2685/2611/1603
f 7647/2610/1602 2685/2611/1603 7581/359/1604
f 2686/2612/1605 2687/2613/1606 2688/2614/1607
f 2686/2612/1605 2688/2614/1607 2689/2615/1608
f 2689/2615/1608 2688/2614/1607 2690/2616/1609
f 7579/370/1610 2691/2617/1611 2692/2618/1612
f 7579/370/1610 2692/2618/1612 7646/2619/1613
f 7646/2619/1613 2692/2618/1612 2693/2620/1614
f 7646/2619/1613 2693/2620/1614 7355/373/1615
f 2694/2621/1616 2695/2622/1617 2680/2605/1596
f 2694/2621/1616 2680/2605/1596 2679/2604/1595
f 2697/2623/1618 2698/2624/1619 2699/2625/1620
f 2698/2624/1619 2700/2626/1621 2699/2625/1620
f 2701/2627/1622 2688/2614/1607 8206/2613/1623
f 2701/2627/1622 2702/2628/1624 2688/2614/1607
f 2702/2628/1624 2690/2616/1609 2688/2614/1607
f 2703/2629/1625 2704/2630/1626 2705/2631/1627
f 2704/2630/1626 2706/2632/1628 2705/2631/1627
f 2707/2633/1629 2696/2634/1630 8204/2635/1631
f 2707/2633/1629 8204/2635/1631 8205/2636/1632
f 2724/2637/1633 2726/2638/1634 2725/2639/1635
f 2728/2640/1636 2729/2641/1637 2727/2642/1638
f 2731/2643/1639 2732/2644/1640 2730/2645/1641
f 2731/2643/1639 2733/2646/1642 2732/2644/1640
f 2733/2646/1642 2734/2647/1643 2732/2644/1640
f 2736/2648/1644 2737/2649/1645 2735/2650/1646
f 2739/2651/1647 2725/2639/1635 2738/2652/1648
f 2739/2651/1647 2724/2637/1633 2725/2639/1635
f 2740/2653/1649 2741/2654/1650 2749/2655/1651
f 2740/2653/1649 2749/2655/1651 2750/2656/1652
f 2741/2654/1650 2742/2657/1653 2751/2658/1654
f 2741/2654/1650 2751/2658/1654 2749/2655/1651
f 2742/2657/1653 2743/2659/1655 2752/2660/1656
f 2742/2657/1653 2752/2660/1656 2751/2658/1654
f 2743/2659/1655 2744/2661/1657 2753/2662/1658
f 2743/2659/1655 2753/2662/1658 2752/2660/1656
f 2744/2661/1657 2745/2663/1659 2754/2664/1660
f 2744/2661/1657 2754/2664/1660 2753/2662/1658
f 2745/2663/1659 2746/2665/1661 2755/2666/1662
f 2745/2663/1659 2755/2666/1662 2754/2664/1660
f 2746/2665/1661 2747/2667/1663 2756/2668/1664
f 2746/2665/1661 2756/2668/1664 2755/2666/1662
f 2747/2667/1663 2757/2669/1665 2756/2668/1664
f 2747/2667/1663 2748/2670/1666 2757/2669/1665
f 2748/2670/1666 2750/2656/1652 2757/2669/1665
f 2748/2670/1666 2740/2653/1649 2750/2656/1652
f 2759/2671/1667 2761/2672/1668 388/2673/1669
f 2761/2672/1668 2758/2674/1670 388/2673/1669
f 2758/2674/1670 2762/2675/1671 388/2673/1669
f 2762/2675/1671 2763/2676/1672 388/2673/1669
f 2763/2676/1672 2764/2677/1673 388/2673/1669
f 2764/2677/1673 2765/2678/1674 388/2673/1669
f 2760/2679/1675 388/2673/1669 2765/2678/1674
f 2760/2679/1675 2759/2671/1667 388/2673/1669
f 2777/2680/1676 2766/2681/1677 2767/2682/1678
f 2770/2683/1679 2771/2684/1680 2772/2685/1681
f 2771/2684/1680 2773/2686/1682 2772/2685/1681
f 2777/2680/1676 2767/2682/1678 2776/2687/1683
f 2778/2688/1684 7630/2689/1685 7629/2690/1686
f 2778/2688/1684 7629/2690/1686 2779/2691/1687
f 7630/2689/1685 2778/2688/1684 2780/2692/1688
f 7630/2689/1685 2780/2692/1688 7316/2693/1689
f 7316/2693/1689 2780/2692/1688 2781/2694/1690
f 7316/2693/1689 2781/2694/1690 7077/2695/1691
f 7077/2695/1691 2781/2694/1690 2782/2696/1692
f 7077/2695/1691 2782/2696/1692 7074/2697/1693
f 7074/2697/1693 2782/2696/1692 7315/2698/1694
f 7315/2698/1694 2782/2696/1692 2783/2699/1695
f 7315/2698/1694 2783/2699/1695 7629/2690/1686
f 7629/2690/1686 2783/2699/1695 2779/2691/1687
f 2784/2700/1696 2786/2701/1697 2785/2702/1698
f 2784/2700/1696 2787/2703/1699 2786/2701/1697
f 2787/2703/1699 2788/2704/1700 2789/2705/1701
f 2787/2703/1699 2789/2705/1701 2786/2701/1697
f 2788/2704/1700 2790/2706/1702 2789/2705/1701
f 2790/2706/1702 2791/2707/1703 2789/2705/1701
f 2792/2708/1091 2784/2700/1696 2785/2702/1698
f 7604/2709/1704 2793/2710/1705 2794/2711/1706
f 7604/2709/1704 2794/2711/1706 7611/2712/1707
f 7611/2712/1707 2794/2711/1706 2795/2713/1708
f 7611/2712/1707 2795/2713/1708 7645/2714/1709
f 7645/2714/1709 2795/2713/1708 2796/2715/1710
f 7645/2714/1709 2796/2715/1710 7606/2716/1711
f 7606/2716/1711 2796/2715/1710 2797/2717/1712
f 7606/2716/1711 2797/2717/1712 7644/2718/1713
f 7644/2718/1713 2797/2717/1712 2798/2719/1714
f 7644/2718/1713 2798/2719/1714 7605/2720/1715
f 7605/2720/1715 2798/2719/1714 2799/2721/1716
f 7605/2720/1715 2799/2721/1716 2793/2710/1705
f 7605/2720/1715 2793/2710/1705 7604/2709/1704
f 2800/2722/1717 2801/2723/1718 2802/2724/1719
f 2800/2722/1717 2802/2724/1719 2803/2725/1720
f 2801/2723/1718 2804/2726/1721 2805/2727/1722
f 2801/2723/1718 2805/2727/1722 2802/2724/1719
f 2804/2726/1721 2806/2728/1723 2805/2727/1722
f 2804/2726/1721 2807/2729/1724 2806/2728/1723
f 2807/2729/1724 2808/2730/1725 2806/2728/1723
f 2809/2731/1726 2811/2732/1727 2810/2733/1728
f 2813/2734/1729 2814/2735/1730 2812/2736/1731
f 2815/2737/1732 2816/2738/1733 2817/2739/1734
f 2816/2738/1733 2818/2740/1735 2817/2739/1734
f 2816/2738/1733 2819/2741/1736 2818/2740/1735
f 2821/2742/1737 2822/2743/1738 2820/2744/1739
f 2823/2745/1740 2824/2746/1741 2825/2747/1742
f 2824/2746/1741 2810/2733/1728 2825/2747/1742
f 2824/2746/1741 2809/2731/1726 2810/2733/1728
f 2826/2748/1743 2827/2749/1744 2835/2750/1745
f 2827/2749/1744 2836/2751/1746 2835/2750/1745
f 2827/2749/1744 2828/2752/1747 2837/2753/1748
f 2827/2749/1744 2837/2753/1748 2836/2751/1746
f 2828/2752/1747 2829/2754/1749 2838/2755/1750
f 2828/2752/1747 2838/2755/1750 2837/2753/1748
f 2829/2754/1749 2839/2756/1751 2838/2755/1750
f 2829/2754/1749 2830/2757/1752 2839/2756/1751
f 2830/2757/1752 2840/2758/1753 2839/2756/1751
f 2830/2757/1752 2831/2759/1754 2840/2758/1753
f 2831/2759/1754 2841/2760/1755 2840/2758/1753
f 2831/2759/1754 2832/2761/1756 2841/2760/1755
f 2832/2761/1756 2833/2762/1757 2842/2763/1758
f 2832/2761/1756 2842/2763/1758 2841/2760/1755
f 2833/2762/1757 2834/2764/1759 2843/2765/1760
f 2833/2762/1757 2843/2765/1760 2842/2763/1758
f 2834/2764/1759 2826/2748/1743 2835/2750/1745
f 2834/2764/1759 2835/2750/1745 2843/2765/1760
f 2845/2766/1761 2847/2767/1762 432/2768/1763
f 2847/2767/1762 2848/2769/1764 432/2768/1763
f 2848/2769/1764 2849/2770/1765 432/2768/1763
f 2849/2770/1765 2844/2771/1766 432/2768/1763
f 2844/2771/1766 2850/2772/1767 432/2768/1763
f 2850/2772/1767 2846/2773/1768 432/2768/1763
f 2846/2773/1768 2845/2766/1761 432/2768/1763
f 2851/2774/1769 2853/2775/1770 2852/2776/1771
f 2856/2777/1772 2858/2778/1773 2857/2779/1774
f 2858/2778/1773 2859/2780/1775 2857/2779/1774
f 2862/2781/1776 2851/2774/1769 2852/2776/1771
f 2862/2781/1776 2852/2776/1771 2863/2782/1777
f 2868/2783/1778 2869/2784/1779 2870/2785/1780
f 2869/2784/1779 2871/2786/1781 2870/2785/1780
f 2869/2784/1779 2872/2787/1782 2871/2786/1781
f 2872/2787/1782 2873/2788/1783 2871/2786/1781
f 2872/2787/1782 2874/2789/1784 2873/2788/1783
f 2874/2789/1784 2875/2790/1785 2873/2788/1783
f 2864/2791/1786 2865/2792/1787 2880/2793/1788
f 2865/2792/1787 2881/2794/1789 2880/2793/1788
f 2866/2795/1790 2867/2796/1791 2882/2797/1792
f 2867/2796/1791 2883/2798/1793 2882/2797/1792
f 2884/2799/1794 2885/2800/1795 2886/2801/1796
f 2888/2802/1797 2889/2803/1798 2890/2804/1799
f 2876/2805/1800 2877/2806/1801 2891/2807/1802
f 2877/2806/1801 2892/2808/1803 2891/2807/1802
f 2878/2809/1804 2879/2810/1805 2893/2811/1806
f 2879/2810/1805 2894/2812/1807 2893/2811/1806
f 2879/2810/1805 2864/2791/1786 2894/2812/1807
f 2864/2791/1786 2880/2793/1788 2894/2812/1807
f 2895/2813/1808 2896/2814/1809 2902/2815/1810
f 2896/2814/1809 2897/2816/1811 2902/2815/1810
f 2897/2816/1811 2886/2801/1796 2903/2817/1812
f 2886/2801/1796 2885/2800/1795 2903/2817/1812
f 2885/2800/1795 2904/2818/1813 2903/2817/1812
f 2885/2800/1795 2887/2819/1814 2904/2818/1813
f 2887/2819/1814 2888/2802/1797 2905/2820/1815
f 2887/2819/1814 2905/2820/1815 2904/2818/1813
f 2888/2802/1797 2890/2804/1799 2906/2821/1816
f 2888/2802/1797 2906/2821/1816 2905/2820/1815
f 2890/2804/1799 2898/2822/1817 2899/2823/1818
f 2890/2804/1799 2899/2823/1818 2906/2821/1816
f 2899/2823/1818 2900/2824/1819 2907/2825/1820
f 2900/2824/1819 2901/2826/1821 2907/2825/1820
f 2901/2826/1821 2895/2813/1808 2902/2815/1810
f 2902/2815/1810 2897/2816/1811 2908/2827/1822
f 2897/2816/1811 2903/2817/1812 2908/2827/1822
f 2906/2821/1816 2899/2823/1818 2909/2828/1823
f 2899/2823/1818 2907/2825/1820 2909/2828/1823
f 2907/2825/1820 2901/2826/1821 2910/2829/1824
f 2901/2826/1821 2902/2815/1810 2910/2829/1824
f 2911/2830/1825 2912/2831/1826 433/426/118
f 2912/2831/1826 434/424/116 433/426/118
f 2913/2832/1827 2914/2833/1828 435/425/117
f 2913/2832/1827 435/425/117 434/424/116
f 2915/2834/1829 433/426/118 435/425/117
f 2915/2834/1829 2916/2835/1830 433/426/118
f 2917/2836/1831 2919/2837/1832 2920/2838/1833
f 2917/2836/1831 2920/2838/1833 2918/2839/1834
f 2921/2840/1835 2922/2841/1836 2923/2842/1837
f 2922/2841/1836 2924/2843/1838 2923/2842/1837
f 2925/2844/1839 2927/2845/1840 2928/2846/1841
f 2925/2844/1839 2928/2846/1841 2926/2847/1842
f 2929/2848/1843 2930/2849/1844 2931/2850/1845
f 2930/2849/1844 2932/2851/1846 2931/2850/1845
f 2933/2852/1847 2917/2836/1831 2918/2839/1834
f 2933/2852/1847 2918/2839/1834 2934/2853/1848
f 8275/2854/1849 2935/2855/1850 2936/2856/1851
f 8275/2854/1849 2936/2856/1851 7561/2857/1852
f 7561/2857/1852 2936/2856/1851 7560/2858/1853
f 7560/2858/1853 2936/2856/1851 2937/2859/1854
f 7560/2858/1853 2937/2859/1854 7558/2860/1855
f 7558/2860/1855 2937/2859/1854 2938/2861/1856
f 7558/2860/1855 2938/2861/1856 7559/2862/1857
f 7559/2862/1857 2938/2861/1856 2939/2863/1858
f 7559/2862/1857 2939/2863/1858 7562/2864/1859
f 7562/2864/1859 2939/2863/1858 2940/2865/1860
f 7562/2864/1859 2940/2865/1860 2935/2855/1850
f 7562/2864/1859 2935/2855/1850 8275/2854/1849
f 2941/2866/1861 2943/2867/1862 2942/2868/1529
f 2941/2866/1861 2944/2869/1863 2943/2867/1862
f 2944/2869/1863 2945/2870/1864 2943/2867/1862
f 2944/2869/1863 2946/2871/1865 2945/2870/1864
f 2946/2871/1865 2947/2872/1866 2945/2870/1864
f 2946/2871/1865 2948/2873/1867 2947/2872/1866
f 2948/2873/1867 2949/2874/1868 2947/2872/1866
f 2950/2875/1383 2941/2866/1861 2942/2868/1529
f 2951/2876/1869 2952/2877/1870 2953/2878/1871
f 2952/2877/1870 2954/2879/1872 2955/2880/1873
f 2952/2877/1870 2955/2880/1873 2953/2878/1871
f 2956/2881/1874 2957/2882/1875 2958/2883/1876
f 2956/2881/1874 2958/2883/1876 2959/2884/1877
f 2960/2885/1878 2961/2886/1879 2962/2887/1880
f 2960/2885/1878 2962/2887/1880 2963/2888/1881
f 2961/2886/1879 2964/2889/1882 2962/2887/1880
f 2961/2886/1879 2965/2890/1883 2964/2889/1882
f 2965/2890/1883 2966/2891/1884 2964/2889/1882
f 2965/2890/1883 2967/2892/1885 2966/2891/1884
f 2967/2892/1885 2968/2893/1886 2969/2894/1887
f 2967/2892/1885 2969/2894/1887 2966/2891/1884
f 2970/2895/1888 2971/2896/1889 2972/2897/1890
f 2970/2895/1888 2972/2897/1890 2973/2898/1891
f 2974/2899/1892 2975/2900/1893 2976/2901/1894
f 2974/2899/1892 2976/2901/1894 2977/2902/1895
f 2975/2900/1893 2978/2903/1896 2976/2901/1894
f 2975/2900/1893 2951/2876/1869 2978/2903/1896
f 2951/2876/1869 2953/2878/1871 2978/2903/1896
f 2979/2904/1897 7976/2905/1898 2980/2906/1899
f 7976/2905/1898 2979/2904/1897 7967/2907/1900
f 7967/2907/1900 2979/2904/1897 2981/2908/1901
f 7967/2907/1900 2981/2908/1901 7477/2909/1902
f 7477/2909/1902 2981/2908/1901 2982/2910/1903
f 7477/2909/1902 2982/2910/1903 7931/2911/1904
f 7931/2911/1904 2982/2910/1903 2983/2912/1905
f 7931/2911/1904 2983/2912/1905 7476/2913/1906
f 7476/2913/1906 2983/2912/1905 2984/2914/1907
f 7476/2913/1906 2984/2914/1907 7478/2915/1908
f 7478/2915/1908 2984/2914/1907 2980/2906/1899
f 7478/2915/1908 2980/2906/1899 7966/2916/1909
f 7966/2916/1909 2980/2906/1899 7976/2905/1898
f 2985/2917/1910 2987/2918/1911 2988/2919/1912
f 2985/2917/1910 2988/2919/1912 2986/2920/1913
f 2987/2918/1911 2989/2921/1914 2990/2922/1915
f 2987/2918/1911 2990/2922/1915 2988/2919/1912
f 2989/2921/1914 2991/2923/1916 2990/2922/1915
f 2991/2923/1916 2992/2924/1917 2990/2922/1915
f 2995/2925/1918 2996/2926/1919 2997/2927/1920
f 2995/2925/1918 2997/2927/1920 2998/2928/1921
f 2999/2929/1922 2995/2925/1918 2998/2928/1921
f 3000/2930/1923 2999/2929/1922 2998/2928/1921
f 3000/2930/1923 2998/2928/1921 3001/2931/1924
f 3004/2932/1925 3002/2933/1926 3003/2934/1927
f 3004/2932/1925 3003/2934/1927 3005/2935/1928
f 3006/2936/1929 3007/2937/1930 3008/2938/1931
f 3006/2936/1929 3008/2938/1931 3009/2939/1932
f 3010/2940/1933 3006/2936/1929 3009/2939/1932
f 3011/2941/1934 3010/2940/1933 3009/2939/1932
f 2993/2942/1935 3012/2943/1936 3013/2944/1937
f 2993/2942/1935 3013/2944/1937 2994/2945/1938
f 3020/2946/1939 3021/2947/1940 3022/2948/1941
f 3020/2946/1939 3022/2948/1941 3124/2949/1942
f 3001/2931/1924 2998/2928/1921 3024/2950/1943
f 3024/2950/1943 2998/2928/1921 3020/2946/1939
f 3024/2950/1943 3020/2946/1939 3025/2951/1944
f 3025/2951/1944 3020/2946/1939 3026/2952/1945
f 3026/2952/1945 3020/2946/1939 3124/2949/1942
f 3026/2952/1945 3124/2949/1942 3027/2953/1946
f 3005/2935/1928 3003/2934/1927 3028/2954/1947
f 3005/2935/1928 3028/2954/1947 3033/2955/1948
f 3033/2955/1948 3028/2954/1947 3029/2956/1949
f 3033/2955/1948 3029/2956/1949 3034/2957/1950
f 3035/2958/1951 3030/2959/1952 3031/2960/1953
f 3035/2958/1951 3031/2960/1953 3036/2961/1954
f 3036/2961/1954 3031/2960/1953 3032/2962/1955
f 3036/2961/1954 3032/2962/1955 3037/2963/1956
f 3038/2964/1957 3036/2961/1954 3037/2963/1956
f 3009/2939/1932 3008/2938/1931 3039/2965/1958
f 3009/2939/1932 3039/2965/1958 3040/2966/1959
f 3040/2966/1959 3039/2965/1958 3041/2967/1960
f 3040/2966/1959 3041/2967/1960 3042/2968/1961
f 3040/2966/1959 3042/2968/1961 3043/2969/1962
f 3043/2969/1962 3042/2968/1961 3044/2970/1963
f 3043/2969/1962 3044/2970/1963 3045/2971/1964
f 3046/2972/1965 3009/2939/1932 3040/2966/1959
f 3047/2973/1966 3043/2969/1962 3045/2971/1964
f 3047/2973/1966 3045/2971/1964 3048/2974/1967
f 2994/2945/1938 3013/2944/1937 3049/2975/1968
f 2994/2945/1938 3049/2975/1968 3014/2976/1969
f 3014/2976/1969 3049/2975/1968 3050/2977/1970
f 3014/2976/1969 3050/2977/1970 3015/2978/1971
f 3016/2979/1972 3051/2980/1973 3052/2981/1974
f 3016/2979/1972 3052/2981/1974 3017/2982/1975
f 3017/2982/1975 3052/2981/1974 3018/2983/1976
f 3018/2983/1976 3052/2981/1974 3053/2984/1977
f 2993/2942/1935 3054/2985/1978 3058/2986/1979
f 2995/2925/1918 2999/2929/1922 3059/2987/1980
f 2995/2925/1918 3059/2987/1980 3060/2988/1981
f 3055/2989/1982 3002/2933/1926 3061/2990/1983
f 3002/2933/1926 3067/2991/1984 3061/2990/1983
f 3002/2933/1926 3004/2932/1925 3067/2991/1984
f 3004/2932/1925 3062/2992/1985 3067/2991/1984
f 3004/2932/1925 3056/2993/1986 3062/2992/1985
f 3006/2936/1929 3010/2940/1933 3063/2994/1987
f 3006/2936/1929 3063/2994/1987 3064/2995/1988
f 3057/2996/1989 3012/2943/1936 3065/2997/1990
f 3012/2943/1936 3066/2998/1991 3065/2997/1990
f 3012/2943/1936 2993/2942/1935 3066/2998/1991
f 2993/2942/1935 3058/2986/1979 3066/2998/1991
f 3064/2995/1988 3063/2994/1987 3068/2999/1992
f 3066/2998/1991 3058/2986/1979 3069/3000/1993
f 3058/2986/1979 3070/3001/1994 3069/3000/1993
f 3060/2988/1981 3059/2987/1980 3071/3002/1995
f 3060/2988/1981 3071/3002/1995 3072/3003/1996
f 3061/2990/1983 3067/2991/1984 3073/3004/1997
f 3067/2991/1984 3062/2992/1985 3077/3005/1998
f 3062/2992/1985 3074/3006/1999 3077/3005/1998
f 3064/2995/1988 3068/2999/1992 3075/3007/2000
f 3069/3000/1993 3070/3001/1994 3078/3008/2001
f 3073/3004/1997 3067/2991/1984 3079/3009/2002
f 3077/3005/1998 3074/3006/1999 3080/3010/2003
f 3081/3011/2004 3082/3012/2005 3083/3013/2006
f 3081/3011/2004 3083/3013/2006 3084/3014/2007
f 3076/3015/2008 3065/2997/1990 3066/2998/1991
f 3076/3015/2008 3066/2998/1991 3085/3016/2009
f 3087/3017/2010 3088/3018/2011 3089/3019/2012
f 3088/3018/2011 3090/3020/2013 3089/3019/2012
f 3067/2991/1984 3077/3005/1998 3092/3021/2014
f 3067/2991/1984 3092/3021/2014 3091/3022/2015
f 3084/3014/2007 3083/3013/2006 3093/3023/2016
f 3083/3013/2006 3094/3024/2017 3093/3023/2016
f 3066/2998/1991 3086/3025/2018 3095/3026/2019
f 3066/2998/1991 3069/3000/1993 3086/3025/2018
f 3094/3024/2017 3090/3020/2013 3093/3023/2016
f 3089/3019/2012 3090/3020/2013 3094/3024/2017
f 3098/3027/2020 3099/3028/2021 3100/3029/2022
f 3098/3027/2020 3100/3029/2022 3101/3030/2023
f 3102/3031/2024 3099/3028/2021 3098/3027/2020
f 3103/3032/2025 3104/3033/2026 3099/3028/2021
f 3103/3032/2025 3099/3028/2021 3102/3031/2024
f 3107/3034/2027 3108/3035/2028 3106/3036/2029
f 3107/3034/2027 3106/3036/2029 3105/3037/2030
f 3109/3038/2031 3110/3039/2032 3111/3040/2033
f 3109/3038/2031 3111/3040/2033 3112/3041/2034
f 3113/3042/2035 3110/3039/2032 3109/3038/2031
f 3114/3043/2036 3115/3044/2037 3110/3039/2032
f 3114/3043/2036 3110/3039/2032 3113/3042/2035
f 3096/3045/2038 3097/3046/2039 3117/3047/2040
f 3096/3045/2038 3117/3047/2040 3116/3048/2041
f 3120/3049/2042 3121/3050/2043 3122/3051/2044
f 3121/3050/2043 3019/3052/2045 3122/3051/2044
f 3019/3052/2045 3018/2983/1976 3122/3051/2044
f 3124/2949/1942 3022/2948/1941 3023/3053/2046
f 3104/3033/2026 3125/3054/2047 3123/3055/2048
f 3104/3033/2026 3123/3055/2048 3099/3028/2021
f 3125/3054/2047 3126/3056/2049 3123/3055/2048
f 3126/3056/2049 3124/2949/1942 3123/3055/2048
f 3126/3056/2049 3027/2953/1946 3124/2949/1942
f 3108/3035/2028 3131/3057/2050 3127/3058/2051
f 3108/3035/2028 3127/3058/2051 3106/3036/2029
f 3131/3057/2050 3132/3059/2052 3128/3060/2053
f 3131/3057/2050 3128/3060/2053 3127/3058/2051
f 3133/3061/2054 3134/3062/2055 3130/3063/2056
f 3133/3061/2054 3130/3063/2056 3129/3064/2057
f 3134/3062/2055 3037/2963/1956 3032/2962/1955
f 3134/3062/2055 3032/2962/1955 3130/3063/2056
f 3135/3065/2058 3037/2963/1956 3134/3062/2055
f 3110/3039/2032 3136/3066/2059 3111/3040/2033
f 3110/3039/2032 3137/3067/2060 3138/3068/2061
f 3110/3039/2032 3138/3068/2061 3136/3066/2059
f 3137/3067/2060 3045/2971/1964 3044/2970/1963
f 3137/3067/2060 3044/2970/1963 3138/3068/2061
f 3097/3046/2039 3118/3069/2062 3139/3070/2063
f 3097/3046/2039 3139/3070/2063 3117/3047/2040
f 3118/3069/2062 3119/3071/2064 3140/3072/2065
f 3118/3069/2062 3140/3072/2065 3139/3070/2063
f 3120/3049/2042 3122/3051/2044 3142/3073/2066
f 3120/3049/2042 3142/3073/2066 3141/3074/2067
f 3122/3051/2044 3053/2984/1977 3142/3073/2066
f 3122/3051/2044 3018/2983/1976 3053/2984/1977
f 3096/3045/2038 3147/3075/2068 3143/3076/2069
f 3098/3027/2020 3148/3077/2070 3149/3078/2071
f 3098/3027/2020 3149/3078/2071 3102/3031/2024
f 3144/3079/2072 3150/3080/2073 3105/3037/2030
f 3105/3037/2030 3150/3080/2073 3156/3081/2074
f 3105/3037/2030 3156/3081/2074 3107/3034/2027
f 3107/3034/2027 3156/3081/2074 3151/3082/2075
f 3107/3034/2027 3151/3082/2075 3145/3083/2076
f 3109/3038/2031 3152/3084/2077 3153/3085/2078
f 3109/3038/2031 3153/3085/2078 3113/3042/2035
f 3146/3086/2079 3154/3087/2080 3116/3048/2041
f 3116/3048/2041 3154/3087/2080 3155/3088/2081
f 3116/3048/2041 3155/3088/2081 3096/3045/2038
f 3096/3045/2038 3155/3088/2081 3147/3075/2068
f 3152/3084/2077 3157/3089/2082 3153/3085/2078
f 3155/3088/2081 3158/3090/2083 3147/3075/2068
f 3147/3075/2068 3158/3090/2083 3159/3091/2084
f 3148/3077/2070 3160/3092/2085 3161/3093/2086
f 3148/3077/2070 3161/3093/2086 3149/3078/2071
f 3150/3080/2073 3162/3094/2087 3156/3081/2074
f 3156/3081/2074 3166/3095/2088 3151/3082/2075
f 3151/3082/2075 3166/3095/2088 3163/3096/2089
f 3152/3084/2077 3164/3097/2090 3157/3089/2082
f 3158/3090/2083 3167/3098/2091 3159/3091/2084
f 3162/3094/2087 3168/3099/2092 3156/3081/2074
f 3166/3095/2088 3169/3100/2093 3163/3096/2089
f 3170/3101/2094 3171/3102/2095 3172/3103/2096
f 3170/3101/2094 3172/3103/2096 3173/3104/2097
f 3165/3105/2098 3174/3106/2099 3155/3088/2081
f 3165/3105/2098 3155/3088/2081 3154/3087/2080
f 3176/3107/2100 3177/3108/2101 3178/3109/2102
f 3178/3109/2102 3177/3108/2101 3179/3110/2103
f 3156/3081/2074 3180/3111/2104 3181/3112/2105
f 3156/3081/2074 3181/3112/2105 3166/3095/2088
f 3171/3102/2095 3182/3113/2106 3172/3103/2096
f 3172/3103/2096 3182/3113/2106 3183/3114/2107
f 3155/3088/2081 3184/3115/2108 3175/3116/2109
f 3155/3088/2081 3175/3116/2109 3158/3090/2083
f 3183/3114/2107 3182/3113/2106 3179/3110/2103
f 3177/3108/2101 3183/3114/2107 3179/3110/2103
f 7444/3117/2110 3185/3118/2111 3186/3119/2112
f 7444/3117/2110 3186/3119/2112 7461/3120/2113
f 7461/3120/2113 3186/3119/2112 3187/3121/2114
f 7461/3120/2113 3187/3121/2114 7455/3122/2115
f 7455/3122/2115 3187/3121/2114 3188/3123/2116
f 7455/3122/2115 3188/3123/2116 8222/3124/2117
f 8222/3124/2117 3188/3123/2116 3189/3125/2118
f 8222/3124/2117 3189/3125/2118 7454/3126/2119
f 7454/3126/2119 3189/3125/2118 7456/3127/2120
f 7456/3127/2120 3189/3125/2118 3190/3128/2121
f 7456/3127/2120 3190/3128/2121 7446/3129/2122
f 7446/3129/2122 3190/3128/2121 3185/3118/2111
f 7446/3129/2122 3185/3118/2111 7444/3117/2110
f 3191/3130/2123 3192/3131/2124 3193/3132/2125
f 3191/3130/2123 3193/3132/2125 3194/3133/1720
f 3192/3131/2124 3195/3134/2126 3193/3132/2125
f 3192/3131/2124 3196/3135/2127 3195/3134/2126
f 3196/3135/2127 3197/3136/2128 3195/3134/2126
f 3196/3135/2127 3198/3137/2129 3197/3136/2128
f 3199/3138/2130 3200/3139/2131 3201/3140/2132
f 3199/3138/2130 3201/3140/2132 3202/3141/2133
f 3203/3142/2134 3199/3138/2130 3202/3141/2133
f 3203/3142/2134 3202/3141/2133 3204/3143/2135
f 3205/3144/2136 3203/3142/2134 3204/3143/2135
f 3205/3144/2136 3204/3143/2135 3206/3145/2137
f 3207/3146/2138 3205/3144/2136 3206/3145/2137
f 3207/3146/2138 3206/3145/2137 3208/3147/2139
f 3333/3148/2140 3209/3149/2141 3210/3150/2142
f 3211/3151/2143 3333/3148/2140 3210/3150/2142
f 3212/3152/2144 3213/3153/2145 3214/3154/2146
f 3216/3155/2147 3215/3156/2148 3217/3157/2149
f 3220/3158/2150 3221/3159/2151 3222/3160/2152
f 3220/3158/2150 3222/3160/2152 3223/3161/2153
f 3224/3162/2154 3220/3158/2150 3223/3161/2153
f 3201/3140/2132 3200/3139/2131 3226/3163/2155
f 3227/3164/2156 3228/3165/2157 3229/3166/2158
f 3232/3167/2159 3231/3168/2160 3233/3169/2161
f 3234/3170/2162 3235/3171/2163 3236/3172/2164
f 3234/3170/2162 3236/3172/2164 3237/3173/2165
f 3238/3174/2166 3234/3170/2162 3237/3173/2165
f 3239/3175/2167 3238/3174/2166 3237/3173/2165
f 3229/3166/2158 3239/3175/2167 3240/3176/2168
f 3227/3164/2156 3229/3166/2158 3240/3176/2168
f 3230/3177/2169 3227/3164/2156 3240/3176/2168
f 3230/3177/2169 3240/3176/2168 3241/3178/2170
f 3214/3154/2146 3230/3177/2169 3241/3178/2170
f 3212/3152/2144 3214/3154/2146 3241/3178/2170
f 3212/3152/2144 3241/3178/2170 3242/3179/2171
f 3215/3156/2148 3212/3152/2144 3242/3179/2171
f 3217/3157/2149 3215/3156/2148 3242/3179/2171
f 3217/3157/2149 3242/3179/2171 3243/3180/2172
f 3231/3168/2160 3217/3157/2149 3243/3180/2172
f 3233/3169/2161 3231/3168/2160 3243/3180/2172
f 3244/3181/2173 3233/3169/2161 3236/3172/2164
f 3235/3171/2163 3244/3181/2173 3236/3172/2164
f 3237/3173/2165 3236/3172/2164 3245/3182/2174
f 3237/3173/2165 3245/3182/2174 3246/3183/2175
f 3237/3173/2165 3246/3183/2175 3247/3184/2176
f 3239/3175/2167 3237/3173/2165 3247/3184/2176
f 3239/3175/2167 3247/3184/2176 3248/3185/2177
f 3240/3176/2168 3239/3175/2167 3248/3185/2177
f 3240/3176/2168 3248/3185/2177 3249/3186/2178
f 3241/3178/2170 3240/3176/2168 3250/3187/2179
f 3243/3180/2172 3242/3179/2171 3251/3188/2180
f 3233/3169/2161 3243/3180/2172 3252/3189/2181
f 3233/3169/2161 3252/3189/2181 3253/3190/2182
f 3236/3172/2164 3233/3169/2161 3253/3190/2182
f 3236/3172/2164 3253/3190/2182 3254/3191/2183
f 3236/3172/2164 3254/3191/2183 3245/3182/2174
f 3240/3176/2168 3249/3186/2178 3255/3192/2184
f 3258/3193/2185 3256/3194/2186 3259/3195/2187
f 3253/3190/2182 3252/3189/2181 3265/3196/2188
f 3246/3183/2175 3245/3182/2174 3266/3197/2189
f 3248/3185/2177 3247/3184/2176 3267/3198/2190
f 3257/3199/2191 3270/3200/2192 3271/3201/2193
f 3257/3199/2191 3271/3201/2193 3272/3202/2194
f 3256/3194/2186 3257/3199/2191 3272/3202/2194
f 3260/3203/2195 3261/3204/2196 3273/3205/2197
f 3260/3203/2195 3273/3205/2197 3274/3206/2198
f 3262/3207/2199 3260/3203/2195 3274/3206/2198
f 3263/3208/2200 3262/3207/2199 3274/3206/2198
f 3263/3208/2200 3274/3206/2198 3275/3209/2201
f 3264/3210/2202 3263/3208/2200 3275/3209/2201
f 3264/3210/2202 3275/3209/2201 3276/3211/2203
f 3277/3212/2204 3264/3210/2202 3276/3211/2203
f 3277/3212/2204 3276/3211/2203 3278/3213/2205
f 3279/3214/2206 3280/3215/2207 3281/3216/2208
f 3282/3217/2209 3279/3214/2206 3281/3216/2208
f 3282/3217/2209 3281/3216/2208 3283/3218/2210
f 3284/3219/2211 3285/3220/2212 3286/3221/2213
f 3284/3219/2211 3286/3221/2213 3287/3222/2214
f 3269/3223/2215 3284/3219/2211 3287/3222/2214
f 3269/3223/2215 3287/3222/2214 3288/3224/2216
f 3268/3225/2217 3269/3223/2215 3288/3224/2216
f 3268/3225/2217 3288/3224/2216 3289/3226/2218
f 3290/3227/2219 3268/3225/2217 3289/3226/2218
f 3290/3227/2219 3289/3226/2218 3291/3228/2220
f 3256/3194/2186 3272/3202/2194 3292/3229/2221
f 3259/3195/2187 3256/3194/2186 3292/3229/2221
f 3293/3230/2222 3294/3231/2223 3295/3232/2224
f 3293/3230/2222 3295/3232/2224 3296/3233/2225
f 3297/3234/2226 3293/3230/2222 3296/3233/2225
f 3298/3235/2227 3297/3234/2226 3299/3236/2228
f 3280/3215/2207 3300/3237/2229 3301/3238/2230
f 3280/3215/2207 3301/3238/2230 3302/3239/2231
f 3281/3216/2208 3280/3215/2207 3302/3239/2231
f 3286/3221/2213 3285/3220/2212 3303/3240/2232
f 3304/3241/2233 3305/3242/2234 3306/3243/2235
f 3309/3244/2236 3308/3245/2237 3310/3246/2238
f 3313/3247/2239 3311/3248/2240 3314/3249/2241
f 3307/3250/2242 3304/3241/2233 3306/3243/2235
f 3307/3250/2242 3306/3243/2235 3315/3251/2243
f 3295/3232/2224 3307/3250/2242 3315/3251/2243
f 3296/3233/2225 3295/3232/2224 3315/3251/2243
f 3297/3234/2226 3296/3233/2225 3316/3252/2244
f 3299/3236/2228 3297/3234/2226 3316/3252/2244
f 3308/3245/2237 3299/3236/2228 3316/3252/2244
f 3308/3245/2237 3316/3252/2244 3310/3246/2238
f 3317/3253/2245 3310/3246/2238 3312/3254/2246
f 3311/3248/2240 3318/3255/2247 3319/3256/2248
f 3314/3249/2241 3311/3248/2240 3319/3256/2248
f 3314/3249/2241 3319/3256/2248 3320/3257/2249
f 3314/3249/2241 3320/3257/2249 3321/3258/2250
f 3306/3243/2235 3314/3249/2241 3321/3258/2250
f 3306/3243/2235 3321/3258/2250 3322/3259/2251
f 3306/3243/2235 3322/3259/2251 3323/3260/2252
f 3315/3251/2243 3306/3243/2235 3323/3260/2252
f 3315/3251/2243 3323/3260/2252 3324/3261/2253
f 3315/3251/2243 3324/3261/2253 3325/3262/2254
f 3296/3233/2225 3315/3251/2243 3325/3262/2254
f 3296/3233/2225 3325/3262/2254 3326/3263/2255
f 3316/3252/2244 3296/3233/2225 3326/3263/2255
f 3316/3252/2244 3326/3263/2255 3327/3264/2256
f 3316/3252/2244 3327/3264/2256 3328/3265/2257
f 3310/3246/2238 3316/3252/2244 3328/3265/2257
f 3310/3246/2238 3328/3265/2257 3329/3266/2258
f 3310/3246/2238 3329/3266/2258 3330/3267/2259
f 3312/3254/2246 3310/3246/2238 3330/3267/2259
f 3312/3254/2246 3330/3267/2259 3331/3268/2260
f 3311/3248/2240 3312/3254/2246 3331/3268/2260
f 3311/3248/2240 3331/3268/2260 3318/3255/2247
f 3323/3260/2252 3322/3259/2251 3332/3269/2261
f 3335/3270/2262 3333/3148/2140 3211/3151/2143
f 3330/3267/2259 3329/3266/2258 3341/3271/2263
f 3319/3256/2248 3318/3255/2247 3342/3272/2264
f 3321/3258/2250 3320/3257/2249 3343/3273/2265
f 3334/3274/2266 3344/3275/2267 3345/3276/2268
f 3334/3274/2266 3345/3276/2268 3209/3149/2141
f 3333/3148/2140 3334/3274/2266 3209/3149/2141
f 3336/3277/2269 3337/3278/2270 3346/3279/2271
f 3336/3277/2269 3346/3279/2271 3347/3280/2272
f 3338/3281/2273 3336/3277/2269 3347/3280/2272
f 3339/3282/2274 3338/3281/2273 3347/3280/2272
f 3339/3282/2274 3347/3280/2272 3219/3283/2275
f 3340/3284/2276 3339/3282/2274 3219/3283/2275
f 3340/3284/2276 3219/3283/2275 3218/3285/2277
f 3348/3286/2278 3340/3284/2276 3218/3285/2277
f 3348/3286/2278 3218/3285/2277 3349/3287/2279
f 3350/3288/2280 3220/3158/2150 3224/3162/2154
f 3351/3289/2281 3350/3288/2280 3224/3162/2154
f 3351/3289/2281 3224/3162/2154 3225/3290/2282
f 3352/3291/2283 3353/3292/2284 3354/3293/2285
f 3355/3294/2286 3356/3295/2287 3357/3296/2288
f 3352/3291/2283 3355/3294/2286 3357/3296/2288
f 3352/3291/2283 3357/3296/2288 3353/3292/2284
f 3359/3297/2289 8283/3298/2290 3358/3299/2291
f 3363/3300/2292 3361/3301/2293 3362/3302/2294
f 8283/3298/2290 3363/3300/2292 3358/3299/2291
f 3359/3297/2289 3358/3299/2291 3360/3303/2295
f 3358/3299/2291 3363/3300/2292 3362/3302/2294
f 3360/3303/2295 3358/3299/2291 3364/3304/2296
f 3362/3302/2294 3366/3305/2297 3367/3306/2298
f 3358/3299/2291 3362/3302/2294 3367/3306/2298
f 3358/3299/2291 3367/3306/2298 3364/3304/2296
f 3360/3303/2295 3364/3304/2296 3365/3307/2299
f 3369/3308/2300 3368/3309/2301 3372/3310/2302
f 3371/3311/2303 3370/3312/2304 3373/3313/2305
f 3368/3309/2301 3371/3311/2303 3373/3313/2305
f 3368/3309/2301 3373/3313/2305 3372/3310/2302
f 3352/3291/2283 3354/3293/2285 3374/3314/2306
f 3352/3291/2283 3374/3314/2306 3375/3315/2307
f 3356/3295/2287 3355/3294/2286 3376/3316/2308
f 3356/3295/2287 3376/3316/2308 3377/3317/2309
f 3359/3297/2289 3360/3303/2295 3378/3318/2310
f 3361/3301/2293 8201/3319/2311 3379/3320/2312
f 3360/3303/2295 3380/3321/2313 3378/3318/2310
f 3362/3302/2294 3361/3301/2293 3379/3320/2312
f 3362/3302/2294 3379/3320/2312 3381/3322/2314
f 3360/3303/2295 3365/3307/2299 3380/3321/2313
f 3365/3307/2299 3382/3323/2315 3380/3321/2313
f 3366/3305/2297 3362/3302/2294 3381/3322/2314
f 3369/3308/2300 3372/3310/2302 3385/3324/2316
f 3369/3308/2300 3385/3324/2316 3383/3325/2317
f 3373/3313/2305 3370/3312/2304 3384/3326/2318
f 3373/3313/2305 3384/3326/2318 3386/3327/2319
f 3375/3315/2307 3374/3314/2306 3387/3328/2320
f 3375/3315/2307 3387/3328/2320 3388/3329/2321
f 3389/3330/2322 3390/3331/2323 3377/3317/2309
f 3389/3330/2322 3377/3317/2309 3376/3316/2308
f 3389/3330/2322 3391/3332/2324 3390/3331/2323
f 3388/3329/2321 3387/3328/2320 3392/3333/2325
f 3378/3318/2310 3380/3321/2313 3393/3334/2326
f 3394/3335/2327 3379/3320/2312 8201/3319/2311
f 3395/3336/2328 3379/3320/2312 3394/3335/2327
f 3393/3334/2326 3380/3321/2313 3397/3337/2329
f 3393/3334/2326 3397/3337/2329 3396/3338/2330
f 3379/3320/2312 3398/3339/2331 3381/3322/2314
f 3395/3336/2328 3399/3340/2332 3398/3339/2331
f 3395/3336/2328 3398/3339/2331 3379/3320/2312
f 3380/3321/2313 3382/3323/2315 3400/3341/2333
f 3380/3321/2313 3400/3341/2333 3397/3337/2329
f 3383/3325/2317 3385/3324/2316 3405/3342/2334
f 3383/3325/2317 3405/3342/2334 3401/3343/2335
f 3402/3344/2336 3406/3345/2337 3386/3327/2319
f 3402/3344/2336 3386/3327/2319 3384/3326/2318
f 3403/3346/2338 3406/3345/2337 3402/3344/2336
f 3401/3343/2335 3405/3342/2334 3404/3347/2339
f 3407/3348/2340 3408/3349/2341 3409/3350/2342
f 3410/3351/2343 3411/3352/2344 3412/3353/2345
f 3410/3351/2343 3412/3353/2345 3408/3349/2341
f 3407/3348/2340 3410/3351/2343 3408/3349/2341
f 3414/3354/2346 8196/3355/2347 3413/3356/2348
f 8196/3355/2347 3416/3357/2349 3413/3356/2348
f 3414/3354/2346 3413/3356/2348 3417/3358/2350
f 3416/3357/2349 3415/3359/2351 3418/3360/2352
f 3416/3357/2349 3418/3360/2352 3419/3361/2353
f 3413/3356/2348 3416/3357/2349 3419/3361/2353
f 3417/3358/2350 3413/3356/2348 3420/3362/2354
f 3413/3356/2348 3419/3361/2353 3420/3362/2354
f 3422/3363/2355 3421/3364/2356 3425/3365/2357
f 3424/3366/2358 3423/3367/2359 3426/3368/2360
f 3421/3364/2356 3424/3366/2358 3426/3368/2360
f 3421/3364/2356 3426/3368/2360 3425/3365/2357
f 3407/3348/2340 3409/3350/2342 3427/3369/2361
f 3407/3348/2340 3427/3369/2361 3428/3370/2362
f 3411/3352/2344 3410/3351/2343 3429/3371/2363
f 3411/3352/2344 3429/3371/2363 3430/3372/2364
f 3415/3359/2351 8280/3373/2365 3431/3374/2366
f 3414/3354/2346 3432/3375/2367 7303/3376/2368
f 3414/3354/2346 3417/3358/2350 3432/3375/2367
f 3415/3359/2351 3431/3374/2366 3433/3377/2369
f 3418/3360/2352 3415/3359/2351 3433/3377/2369
f 3417/3358/2350 3434/3378/2370 3432/3375/2367
f 3422/3363/2355 3425/3365/2357 3437/3379/2371
f 3422/3363/2355 3437/3379/2371 3435/3380/2372
f 3426/3368/2360 3423/3367/2359 3436/3381/2373
f 3426/3368/2360 3436/3381/2373 3438/3382/2374
f 3428/3370/2362 3427/3369/2361 3439/3383/2375
f 3428/3370/2362 3439/3383/2375 3440/3384/2376
f 3441/3385/2377 3442/3386/2378 3430/3372/2364
f 3441/3385/2377 3430/3372/2364 3429/3371/2363
f 3441/3385/2377 3443/3387/2379 3442/3386/2378
f 3440/3384/2376 3439/3383/2375 3444/3388/2380
f 7303/3376/2368 3432/3375/2367 3445/3389/2381
f 3446/3390/2382 3431/3374/2366 8280/3373/2365
f 3447/3391/2383 3431/3374/2366 3446/3390/2382
f 3445/3389/2381 3432/3375/2367 3449/3392/2384
f 3445/3389/2381 3449/3392/2384 3448/3393/2385
f 3431/3374/2366 3450/3394/2386 3433/3377/2369
f 3447/3391/2383 3451/3395/2387 3450/3394/2386
f 3447/3391/2383 3450/3394/2386 3431/3374/2366
f 3432/3375/2367 3434/3378/2370 3452/3396/2388
f 3432/3375/2367 3452/3396/2388 3449/3392/2384
f 3435/3380/2372 3437/3379/2371 3457/3397/2389
f 3435/3380/2372 3457/3397/2389 3453/3398/2390
f 3454/3399/2391 3458/3400/2392 3438/3382/2374
f 3454/3399/2391 3438/3382/2374 3436/3381/2373
f 3455/3401/2393 3458/3400/2392 3454/3399/2391
f 3453/3398/2390 3457/3397/2389 3456/3402/2394
f 3459/3403/2395 3460/3404/2396 3461/3405/2397
f 3462/3406/2398 3463/3407/2399 3464/3408/2400
f 3459/3403/2395 3462/3406/2398 3464/3408/2400
f 3459/3403/2395 3464/3408/2400 3460/3404/2396
f 3466/3409/2401 3465/3410/2402 3470/3411/2403
f 3466/3409/2401 3470/3411/2403 3467/3412/2404
f 3469/3413/2405 3468/3414/2406 3471/3415/2407
f 3465/3410/2402 3469/3413/2405 3470/3411/2403
f 3471/3415/2407 3468/3414/2406 3472/3416/2408
f 3470/3411/2403 3469/3413/2405 3471/3415/2407
f 3471/3415/2407 3472/3416/2408 3473/3417/2409
f 3470/3411/2403 3471/3415/2407 3473/3417/2409
f 3467/3412/2404 3470/3411/2403 3475/3418/2410
f 3467/3412/2404 3475/3418/2410 3474/3419/2411
f 3470/3411/2403 3473/3417/2409 3475/3418/2410
f 3477/3420/2412 3476/3421/2413 3481/3422/2414
f 3479/3423/2415 3478/3424/2416 3482/3425/2417
f 3480/3426/2418 3479/3423/2415 3482/3425/2417
f 3480/3426/2418 3482/3425/2417 3481/3422/2414
f 3476/3421/2413 3480/3426/2418 3481/3422/2414
f 3459/3403/2395 3461/3405/2397 3483/3427/2419
f 3459/3403/2395 3483/3427/2419 3484/3428/2420
f 3485/3429/2421 3486/3430/2422 3487/3431/2423
f 3485/3429/2421 3487/3431/2423 3488/3432/2424
f 3466/3409/2401 3467/3412/2404 3489/3433/2425
f 3490/3434/2426 3491/3435/2427 3492/3436/2428
f 3467/3412/2404 3493/3437/2429 3489/3433/2425
f 3494/3438/2430 3490/3434/2426 3492/3436/2428
f 3467/3412/2404 3474/3419/2411 3493/3437/2429
f 3477/3420/2412 3481/3422/2414 3498/3439/2431
f 3477/3420/2412 3498/3439/2431 3495/3440/2432
f 3499/3441/2433 3496/3442/2434 3497/3443/2435
f 3499/3441/2433 3497/3443/2435 3500/3444/2436
f 3484/3428/2420 3483/3427/2419 3501/3445/2437
f 3487/3431/2423 3502/3446/2438 3488/3432/2424
f 3484/3428/2420 3502/3446/2438 3487/3431/2423
f 3484/3428/2420 3501/3445/2437 3502/3446/2438
f 3489/3433/2425 3505/3447/2439 3503/3448/2440
f 3503/3448/2440 3505/3447/2439 3504/3449/2441
f 3504/3449/2441 3506/3450/2442 3492/3436/2428
f 3504/3449/2441 3492/3436/2428 3491/3435/2427
f 3505/3447/2439 3506/3450/2442 3504/3449/2441
f 3489/3433/2425 3493/3437/2429 3505/3447/2439
f 3493/3437/2429 3507/3451/2443 3505/3447/2439
f 3505/3447/2439 3507/3451/2443 3506/3450/2442
f 3495/3440/2432 3498/3439/2431 3508/3452/2444
f 3509/3453/2445 3500/3444/2436 3497/3443/2435
f 3508/3452/2444 3500/3444/2436 3509/3453/2445
f 3508/3452/2444 3498/3439/2431 3500/3444/2436
f 3510/3454/2446 3511/3455/2447 3512/3456/2448
f 3513/3457/2449 3514/3458/2450 3515/3459/2451
f 3513/3457/2449 3515/3459/2451 3511/3455/2447
f 3510/3454/2446 3513/3457/2449 3511/3455/2447
f 3517/3460/2452 3516/3461/2453 3520/3462/2454
f 3516/3461/2453 3519/3463/2455 3520/3462/2454
f 3517/3460/2452 3520/3462/2454 3521/3464/2456
f 3519/3463/2455 3518/3465/2457 3522/3466/2458
f 3519/3463/2455 3522/3466/2458 3523/3467/2459
f 3519/3463/2455 3523/3467/2459 3520/3462/2454
f 3521/3464/2456 3520/3462/2454 3524/3468/2460
f 3520/3462/2454 3523/3467/2459 3524/3468/2460
f 3526/3469/2461 3525/3470/2462 3529/3471/2463
f 3528/3472/2464 3527/3473/2465 3530/3474/2466
f 3528/3472/2464 3530/3474/2466 3529/3471/2463
f 3525/3470/2462 3528/3472/2464 3529/3471/2463
f 3510/3454/2446 3512/3456/2448 3531/3475/2467
f 3510/3454/2446 3531/3475/2467 3532/3476/2468
f 3514/3458/2450 3513/3457/2449 3533/3477/2469
f 3514/3458/2450 3533/3477/2469 3534/3478/2470
f 3518/3465/2457 8305/3479/2471 3536/3480/2472
f 3517/3460/2452 3537/3481/2473 3535/3482/2474
f 3517/3460/2452 3521/3464/2456 3537/3481/2473
f 3522/3466/2458 3518/3465/2457 3536/3480/2472
f 3522/3466/2458 3536/3480/2472 3538/3483/2475
f 3521/3464/2456 3539/3484/2476 3537/3481/2473
f 3526/3469/2461 3529/3471/2463 3542/3485/2477
f 3526/3469/2461 3542/3485/2477 3540/3486/2478
f 3530/3474/2466 3527/3473/2465 3541/3487/2479
f 3530/3474/2466 3541/3487/2479 3543/3488/2480
f 3532/3476/2468 3531/3475/2467 3544/3489/2481
f 3532/3476/2468 3544/3489/2481 3545/3490/2482
f 3546/3491/2483 3547/3492/2484 3534/3478/2470
f 3546/3491/2483 3534/3478/2470 3533/3477/2469
f 3546/3491/2483 3548/3493/2485 3547/3492/2484
f 3545/3490/2482 3544/3489/2481 3549/3494/2486
f 3535/3482/2474 3537/3481/2473 3550/3495/2487
f 3551/3496/2488 3536/3480/2472 8305/3479/2471
f 3552/3497/2489 3536/3480/2472 3551/3496/2488
f 3550/3495/2487 3537/3481/2473 3554/3498/2490
f 3550/3495/2487 3554/3498/2490 3553/3499/2491
f 3552/3497/2489 3556/3500/2492 3555/3501/2493
f 3552/3497/2489 3555/3501/2493 3536/3480/2472
f 3537/3481/2473 3539/3484/2476 3557/3502/2494
f 3537/3481/2473 3557/3502/2494 3554/3498/2490
f 3555/3501/2493 3538/3483/2475 3536/3480/2472
f 3540/3486/2478 3542/3485/2477 3562/3503/2495
f 3540/3486/2478 3562/3503/2495 3558/3504/2496
f 3559/3505/2497 3563/3506/2498 3543/3488/2480
f 3559/3505/2497 3543/3488/2480 3541/3487/2479
f 3560/3507/2499 3563/3506/2498 3559/3505/2497
f 3558/3504/2496 3562/3503/2495 3561/3508/2500
f 3569/3509/2501 3570/3510/2501 3595/3511/2501
f 3571/3512/2502 3574/3513/2503 3572/3514/2504
f 3574/3513/2503 3575/3515/2505 3572/3514/2504
f 3572/3514/2504 3575/3515/2505 3573/3516/2506
f 3573/3516/2506 3575/3515/2505 3576/3517/2507
f 3582/3518/2508 3585/3519/2509 3583/3520/2510
f 3583/3520/2510 3585/3519/2509 3586/3521/2511
f 3583/3520/2510 3586/3521/2511 3584/3522/2512
f 3587/3523/2513 3564/3524/2514 3588/3525/2515
f 3588/3525/2515 3564/3524/2514 3565/3526/2516
f 3588/3525/2515 3565/3526/2516 3609/3527/2517
f 3609/3527/2517 3565/3526/2516 3590/3528/2518
f 3597/3529/2519 3596/3530/2520 3598/3531/2521
f 3598/3531/2521 3596/3530/2520 3599/3532/2522
f 3596/3530/2520 3573/3516/2506 3576/3517/2507
f 3596/3530/2520 3576/3517/2507 3599/3532/2522
f 7346/3533/2523 3581/3534/2523 3603/3535/2523
f 3604/3536/2524 3607/3537/2525 3606/3538/2526
f 3604/3536/2524 3605/3539/2527 3607/3537/2525
f 3605/3539/2527 3586/3521/2511 3607/3537/2525
f 3605/3539/2527 3584/3522/2512 3586/3521/2511
f 3608/3540/2528 3609/3527/2517 3589/3541/2529
f 3609/3527/2517 3590/3528/2518 3589/3541/2529
f 3614/3542/2530 3615/3543/2531 3628/3544/2532
f 3616/3545/2533 3640/3546/2534 3617/3547/2535
f 3618/3548/2536 3657/3549/2537 3619/3550/2538
f 3623/3551/2539 3624/3552/2540 3663/3553/2541
f 3623/3551/2539 3666/3554/2542 3624/3552/2540
f 3624/3552/2540 3626/3555/2543 3625/3556/2544
f 3627/3557/2545 3630/3558/2546 3628/3544/2532
f 3629/3559/2547 3640/3546/2534 3630/3558/2546
f 3638/3560/2548 3636/3561/2549 3639/3562/2550
f 3641/3563/2551 3629/3559/2547 3630/3558/2546
f 3642/3564/2552 3635/3565/2553 3633/3566/2554
f 3643/3567/2555 3637/3568/2556 3638/3560/2548
f 3620/3569/2557 3621/3570/2558 3647/3571/2559
f 3647/3571/2559 3627/3557/2545 3628/3544/2532
f 3628/3544/2532 3640/3546/2534 3616/3545/2533
f 3640/3546/2534 3629/3559/2547 3617/3547/2535
f 3629/3559/2547 3641/3563/2551 3617/3547/2535
f 3646/3572/2560 3645/3573/2561 3628/3544/2532
f 3646/3572/2560 3628/3544/2532 3615/3543/2531
f 3645/3573/2561 3659/3574/2562 3647/3571/2559
f 3647/3571/2559 3628/3544/2532 3645/3573/2561
f 3647/3571/2559 3648/3575/2563 3620/3569/2557
f 3620/3569/2557 3648/3575/2563 3649/3576/2564
f 3620/3569/2557 3649/3576/2564 3650/3577/2565
f 3621/3570/2558 3620/3569/2557 3653/3578/2566
f 3621/3570/2558 3627/3557/2545 3647/3571/2559
f 3627/3557/2545 3621/3570/2558 3651/3579/2567
f 3651/3579/2567 3641/3563/2551 3627/3557/2545
f 3641/3563/2551 3630/3558/2546 3627/3557/2545
f 3652/3580/2568 3651/3579/2567 3653/3578/2566
f 3653/3578/2566 3651/3579/2567 3621/3570/2558
f 3652/3580/2568 3641/3563/2551 3651/3579/2567
f 3654/3581/2569 3655/3582/2570 3626/3555/2543
f 3654/3581/2569 3626/3555/2543 3624/3552/2540
f 3648/3575/2563 3659/3574/2562 3658/3583/2571
f 3659/3574/2562 3645/3573/2561 3646/3572/2560
f 3647/3571/2559 3659/3574/2562 3648/3575/2563
f 3648/3575/2563 3658/3583/2571 3649/3576/2564
f 3619/3550/2538 3708/3584/2572 3618/3548/2536
f 3708/3584/2572 3660/3585/2573 3618/3548/2536
f 3618/3548/2536 3662/3586/2574 3657/3549/2537
f 3657/3549/2537 3662/3586/2574 3656/3587/2575
f 3625/3556/2544 3663/3553/2541 3624/3552/2540
f 3663/3553/2541 3664/3588/2576 3623/3551/2539
f 3664/3588/2576 3610/3589/2577 3666/3554/2578
f 3666/3554/2578 3610/3589/2577 3622/3590/2579
f 3666/3554/2578 3622/3590/2579 3665/3591/2580
f 3624/3552/2540 3666/3554/2542 3679/3592/2581
f 3624/3552/2540 3679/3592/2581 3667/3593/2582
f 3667/3593/2582 3679/3592/2581 3611/3594/2583
f 3669/3595/2584 3668/3596/2585 3642/3564/2552
f 3668/3596/2585 3643/3567/2555 3642/3564/2552
f 3668/3596/2585 3670/3597/2586 3643/3567/2555
f 3643/3567/2555 3635/3565/2553 3642/3564/2552
f 3643/3567/2555 3672/3598/2587 3635/3565/2553
f 3674/3599/2588 3673/3600/2589 3689/3601/2590
f 3689/3601/2590 3692/3602/2591 3674/3599/2588
f 3689/3601/2590 3675/3603/2592 3692/3602/2591
f 3691/3604/2593 3644/3605/2594 3661/3606/2595
f 3661/3606/2595 3660/3585/2573 3691/3604/2593
f 3661/3606/2595 3685/3607/2596 3660/3585/2573
f 3685/3607/2596 3618/3548/2536 3660/3585/2573
f 3618/3548/2536 3685/3607/2596 3676/3608/2597
f 3676/3608/2597 3683/3609/2598 3662/3586/2574
f 3663/3553/2541 3677/3610/2599 3612/3611/2600
f 3663/3553/2541 3612/3611/2600 3664/3588/2576
f 3664/3588/2576 3631/3612/2601 3610/3589/2577
f 3622/3590/2579 3678/3613/2602 3665/3591/2580
f 3666/3554/2542 3678/3613/2602 3679/3592/2581
f 3678/3613/2602 3680/3614/2603 3679/3592/2581
f 3680/3614/2603 3678/3613/2602 3622/3590/2579
f 3622/3590/2579 3681/3615/2604 3680/3614/2603
f 3681/3615/2604 3622/3590/2579 3631/3612/2601
f 3631/3612/2601 3622/3590/2579 3610/3589/2577
f 3611/3594/2583 3680/3614/2603 3681/3615/2604
f 3611/3594/2583 3679/3592/2581 3680/3614/2603
f 3613/3616/2605 3631/3612/2601 3612/3611/2600
f 3631/3612/2601 3613/3616/2605 3681/3615/2604
f 3612/3611/2600 3677/3610/2599 3682/3617/2606
f 3684/3618/2607 3683/3609/2598 3676/3608/2597
f 3644/3605/2594 3685/3607/2596 3661/3606/2595
f 3684/3618/2607 3676/3608/2597 3685/3607/2596
f 3686/3619/2608 3683/3609/2598 3684/3618/2607
f 3612/3611/2600 3682/3617/2606 3687/3620/2609
f 3612/3611/2600 3639/3562/2550 3613/3616/2605
f 3637/3568/2556 3632/3621/2610 3636/3561/2549
f 3639/3562/2550 3687/3620/2609 3638/3560/2548
f 3687/3620/2609 3639/3562/2550 3612/3611/2600
f 3686/3619/2608 3684/3618/2607 3688/3622/2611
f 3685/3607/2596 3644/3605/2594 3684/3618/2607
f 3675/3603/2592 3688/3622/2611 3684/3618/2607
f 3689/3601/2590 3690/3623/2612 3688/3622/2611
f 3689/3601/2590 3673/3600/2589 3690/3623/2612
f 3675/3603/2592 3684/3618/2607 3644/3605/2594
f 3675/3603/2592 3689/3601/2590 3688/3622/2611
f 3613/3616/2605 3632/3621/2610 3611/3594/2583
f 3611/3594/2583 3632/3621/2610 3668/3596/2585
f 3632/3621/2610 3670/3597/2586 3668/3596/2585
f 3632/3621/2610 3637/3568/2556 3670/3597/2586
f 3632/3621/2610 3613/3616/2605 3639/3562/2550
f 3632/3621/2610 3639/3562/2550 3636/3561/2549
f 3668/3596/2585 3667/3593/2582 3611/3594/2583
f 3612/3611/2600 3631/3612/2601 3664/3588/2576
f 3613/3616/2605 3611/3594/2583 3681/3615/2604
f 3644/3605/2594 3691/3604/2593 3693/3624/2613
f 3693/3624/2613 3692/3602/2591 3675/3603/2592
f 3674/3599/2588 3757/3625/2614 3673/3600/2589
f 3757/3625/2614 3671/3626/2615 3673/3600/2589
f 3674/3599/2588 3692/3602/2591 3775/3627/2616
f 3775/3627/2616 3692/3602/2591 3693/3624/2613
f 3675/3603/2592 3644/3605/2594 3693/3624/2613
f 3694/3628/2617 3698/3629/2618 3695/3630/2619
f 3694/3628/2617 3705/3631/2620 3696/3632/2621
f 3694/3628/2617 3697/3633/2622 3705/3631/2620
f 3698/3629/2618 3694/3628/2617 3696/3632/2621
f 3643/3567/2555 3670/3597/2586 3637/3568/2556
f 3662/3586/2574 3618/3548/2536 3676/3608/2597
f 3628/3544/2532 3630/3558/2546 3640/3546/2534
f 3637/3568/2556 3636/3561/2549 3638/3560/2548
f 3702/3634/2623 3719/3635/2624 3703/3636/2625
f 3704/3637/2626 3617/3547/2535 3729/3638/2627
f 3619/3550/2538 3707/3639/2628 3708/3584/2572
f 3711/3640/2629 3712/3641/2630 3715/3642/2631
f 3711/3640/2629 3715/3642/2631 3713/3643/2632
f 3715/3642/2631 3716/3644/2633 3717/3645/2634
f 3718/3646/2635 3719/3635/2624 3721/3647/2636
f 3720/3648/2637 3721/3647/2636 3729/3638/2627
f 3728/3649/2638 3769/3650/2639 3726/3651/2640
f 3730/3652/2641 3721/3647/2636 3720/3648/2637
f 3731/3653/2642 3724/3654/2643 3723/3655/2644
f 3733/3656/2645 3728/3649/2638 3727/3657/2646
f 3709/3658/2647 3736/3659/2648 3653/3578/2566
f 3736/3659/2648 3719/3635/2624 3718/3646/2635
f 3719/3635/2624 3704/3637/2626 3729/3638/2627
f 3729/3638/2627 3617/3547/2535 3720/3648/2637
f 3720/3648/2637 3617/3547/2535 3730/3652/2641
f 3616/3545/2533 3617/3547/2535 3704/3637/2626
f 3735/3660/2649 3719/3635/2624 3734/3661/2650
f 3735/3660/2649 3703/3636/2625 3719/3635/2624
f 3734/3661/2650 3736/3659/2648 3745/3662/2651
f 3736/3659/2648 3734/3661/2650 3719/3635/2624
f 3736/3659/2648 3709/3658/2647 3737/3663/2652
f 3709/3658/2647 3743/3664/2653 3737/3663/2652
f 3709/3658/2647 3620/3569/2557 3650/3577/2565
f 3620/3569/2557 3709/3658/2647 3653/3578/2566
f 3653/3578/2566 3736/3659/2648 3718/3646/2635
f 3718/3646/2635 3738/3665/2654 3653/3578/2566
f 3738/3665/2654 3730/3652/2641 3652/3580/2568
f 3738/3665/2654 3718/3646/2635 3730/3652/2641
f 3730/3652/2641 3718/3646/2635 3721/3647/2636
f 3730/3652/2641 3617/3547/2535 3641/3563/2551
f 3641/3563/2551 3652/3580/2568 3730/3652/2641
f 3652/3580/2568 3653/3578/2566 3738/3665/2654
f 3739/3666/2655 3717/3645/2634 3740/3667/2656
f 3739/3666/2655 3715/3642/2631 3717/3645/2634
f 3741/3668/2657 3742/3669/2658 3707/3639/2628
f 3743/3664/2653 3709/3658/2647 3650/3577/2565
f 3741/3668/2657 3707/3639/2628 3619/3550/2538
f 3737/3663/2652 3744/3670/2659 3745/3662/2651
f 3745/3662/2651 3735/3660/2649 3734/3661/2650
f 3736/3659/2648 3737/3663/2652 3745/3662/2651
f 3737/3663/2652 3743/3664/2653 3744/3670/2659
f 3708/3584/2572 3746/3671/2660 3660/3585/2573
f 3707/3639/2628 3742/3669/2658 3747/3672/2661
f 3716/3644/2633 3715/3642/2631 3712/3641/2630
f 3712/3641/2630 3711/3640/2629 3749/3673/2662
f 3749/3673/2662 3713/3643/2663 3750/3674/2664
f 3713/3643/2663 3710/3675/2665 3750/3674/2664
f 3713/3643/2663 3751/3676/2666 3710/3675/2665
f 3715/3642/2631 3752/3677/2667 3713/3643/2632
f 3715/3642/2631 3753/3678/2668 3752/3677/2667
f 3753/3678/2668 3699/3679/2669 3752/3677/2667
f 3754/3680/2670 3731/3653/2642 3732/3681/2671
f 3732/3681/2671 3731/3653/2642 3733/3656/2645
f 3732/3681/2671 3733/3656/2645 3714/3682/2672
f 3733/3656/2645 3731/3653/2642 3723/3655/2644
f 3733/3656/2645 3723/3655/2644 3755/3683/2673
f 3671/3626/2615 3757/3625/2614 3756/3684/2674
f 3757/3625/2614 3772/3685/2675 3756/3684/2674
f 3772/3685/2675 3757/3625/2614 3775/3627/2616
f 3772/3685/2675 3775/3627/2616 3758/3686/2676
f 3758/3686/2676 3775/3627/2616 3759/3687/2677
f 3759/3687/2677 3774/3688/2678 3771/3689/2679
f 3746/3671/2660 3708/3584/2572 3766/3690/2680
f 3766/3690/2680 3708/3584/2572 3707/3639/2628
f 3707/3639/2628 3748/3691/2681 3766/3690/2680
f 3748/3691/2681 3747/3672/2661 3765/3692/2682
f 3712/3641/2630 3700/3693/2683 3760/3694/2684
f 3712/3641/2630 3749/3673/2662 3700/3693/2683
f 3749/3673/2662 3750/3674/2664 3722/3695/2685
f 3710/3675/2665 3751/3676/2666 3761/3696/2686
f 3713/3643/2632 3752/3677/2667 3761/3696/2686
f 3761/3696/2686 3752/3677/2667 3762/3697/2687
f 3762/3697/2687 3710/3675/2665 3761/3696/2686
f 3710/3675/2665 3762/3697/2687 3763/3698/2688
f 3763/3698/2688 3722/3695/2685 3710/3675/2665
f 3722/3695/2685 3750/3674/2664 3710/3675/2665
f 3699/3679/2669 3763/3698/2688 3762/3697/2687
f 3699/3679/2669 3762/3697/2687 3752/3677/2667
f 3701/3699/2689 3700/3693/2683 3722/3695/2685
f 3722/3695/2685 3763/3698/2688 3701/3699/2689
f 3700/3693/2683 3764/3700/2690 3760/3694/2684
f 3774/3688/2678 3746/3671/2660 3766/3690/2680
f 3765/3692/2682 3766/3690/2680 3748/3691/2681
f 3700/3693/2683 3768/3701/2691 3764/3700/2690
f 3700/3693/2683 3701/3699/2689 3769/3650/2639
f 3727/3657/2646 3726/3651/2640 3706/3702/2692
f 3769/3650/2639 3728/3649/2638 3768/3701/2691
f 3768/3701/2691 3700/3693/2683 3769/3650/2639
f 3767/3703/2693 3770/3704/2694 3771/3689/2679
f 3771/3689/2679 3766/3690/2680 3765/3692/2682
f 3758/3686/2676 3771/3689/2679 3770/3704/2694
f 3772/3685/2675 3770/3704/2694 3773/3705/2695
f 3772/3685/2675 3773/3705/2695 3756/3684/2674
f 3758/3686/2676 3759/3687/2677 3771/3689/2679
f 3758/3686/2676 3770/3704/2694 3772/3685/2675
f 3771/3689/2679 3774/3688/2678 3766/3690/2680
f 3771/3689/2679 3765/3692/2682 3767/3703/2693
f 3701/3699/2689 3699/3679/2669 3706/3702/2692
f 3699/3679/2669 3732/3681/2671 3706/3702/2692
f 3706/3702/2692 3732/3681/2671 3714/3682/2672
f 3706/3702/2692 3714/3682/2672 3727/3657/2646
f 3706/3702/2692 3726/3651/2640 3769/3650/2639
f 3706/3702/2692 3769/3650/2639 3701/3699/2689
f 3732/3681/2671 3699/3679/2669 3753/3678/2668
f 3700/3693/2683 3749/3673/2662 3722/3695/2685
f 3701/3699/2689 3763/3698/2688 3699/3679/2669
f 3757/3625/2614 3674/3599/2588 3775/3627/2616
f 3693/3624/2613 3774/3688/2678 3775/3627/2616
f 3693/3624/2613 3691/3604/2593 3774/3688/2678
f 3691/3604/2593 3660/3585/2573 3746/3671/2660
f 3691/3604/2593 3746/3671/2660 3774/3688/2678
f 3759/3687/2677 3775/3627/2616 3774/3688/2678
f 3776/3706/2696 3695/3630/2619 3777/3707/2697
f 3776/3706/2696 3777/3707/2697 3705/3631/2620
f 3776/3706/2696 3705/3631/2620 3778/3708/2698
f 3695/3630/2619 3698/3629/2618 3777/3707/2697
f 3698/3629/2618 3696/3632/2621 3777/3707/2697
f 3777/3707/2697 3696/3632/2621 3705/3631/2620
f 3733/3656/2645 3727/3657/2646 3714/3682/2672
f 3747/3672/2661 3748/3691/2681 3707/3639/2628
f 3719/3635/2624 3729/3638/2627 3721/3647/2636
f 3727/3657/2646 3728/3649/2638 3726/3651/2640
f 7437/3709/2699 3779/3710/2700 3780/3711/2701
f 7437/3709/2699 3780/3711/2701 7103/3712/2702
f 7103/3712/2702 3780/3711/2701 3781/3713/2703
f 7103/3712/2702 3781/3713/2703 7517/3714/2704
f 7517/3714/2704 3781/3713/2703 3782/3715/2705
f 7517/3714/2704 3782/3715/2705 7514/3716/2706
f 7514/3716/2706 3782/3715/2705 3783/3717/2707
f 7514/3716/2706 3783/3717/2707 3784/3718/2708
f 7514/3716/2706 3784/3718/2708 7102/3719/2709
f 7102/3719/2709 3784/3718/2708 3785/3720/2710
f 7102/3719/2709 3785/3720/2710 7433/3721/2711
f 7433/3721/2711 3785/3720/2710 3779/3710/2700
f 7433/3721/2711 3779/3710/2700 7437/3709/2699
f 3786/3722/1105 3787/3723/2712 3788/3724/1107
f 3786/3722/1105 3788/3724/1107 3789/3725/1108
f 3787/3723/2712 3790/3726/2713 3791/3727/1110
f 3787/3723/2712 3791/3727/1110 3788/3724/1107
f 3790/3726/2713 3792/3728/2714 3791/3727/1110
f 3790/3726/2713 3793/3729/1112 3792/3728/2714
f 3793/3729/1112 3794/3730/1090 3792/3728/2714
f 3795/3731/2715 8088/3732/2716 8189/3733/2717
f 3795/3731/2715 8189/3733/2717 3796/3734/2718
f 8088/3732/2716 3795/3731/2715 3797/3735/2719
f 8088/3732/2716 3797/3735/2719 7228/3736/2720
f 7228/3736/2720 3797/3735/2719 7495/3737/2721
f 7495/3737/2721 3797/3735/2719 3798/3738/2722
f 7495/3737/2721 3798/3738/2722 7425/3739/2723
f 7425/3739/2723 3798/3738/2722 3799/3740/2724
f 7425/3739/2723 3799/3740/2724 7494/3741/2725
f 7494/3741/2725 3799/3740/2724 3800/3742/2726
f 7494/3741/2725 3800/3742/2726 7227/3743/2727
f 7227/3743/2727 3800/3742/2726 3796/3734/2718
f 7227/3743/2727 3796/3734/2718 8189/3733/2717
f 3801/3744/2728 3803/3745/2729 3802/3746/2730
f 3801/3744/2728 3804/3747/2731 3803/3745/2729
f 3804/3747/2731 3805/3748/2732 3803/3745/2729
f 3804/3747/2731 3806/3749/2733 3805/3748/2732
f 3806/3749/2733 3807/3750/2734 3805/3748/2732
f 3806/3749/2733 3808/3751/1529 3807/3750/2734
f 3808/3751/1529 3809/3752/2735 3807/3750/2734
f 3810/3753/1091 3801/3744/2728 3802/3746/2730
f 7766/3754/2736 3811/3755/2737 3812/3756/2738
f 7766/3754/2736 3812/3756/2738 7406/3757/2739
f 7406/3757/2739 3812/3756/2738 3813/3758/2740
f 7406/3757/2739 3813/3758/2740 7677/3759/2741
f 7677/3759/2741 3813/3758/2740 3814/3760/2742
f 7677/3759/2741 3814/3760/2742 7399/3761/2743
f 7399/3761/2743 3814/3760/2742 3815/3762/2744
f 7399/3761/2743 3815/3762/2744 7405/3763/2745
f 7405/3763/2745 3815/3762/2744 3816/3764/2746
f 7405/3763/2745 3816/3764/2746 7767/3765/2711
f 7767/3765/2711 3816/3764/2746 3811/3755/2737
f 7767/3765/2711 3811/3755/2737 7766/3754/2736
f 3817/3766/1105 3818/3767/2747 3819/3768/2748
f 3817/3766/1105 3819/3768/2748 3820/3769/1108
f 3818/3767/2747 3821/3770/2749 3822/3771/2750
f 3818/3767/2747 3822/3771/2750 3819/3768/2748
f 3821/3770/2749 3823/3772/2751 3822/3771/2750
f 3821/3770/2749 3824/3773/2752 3823/3772/2751
f 3824/3773/2752 3825/3774/2753 3823/3772/2751
f 3826/3775/2754 3827/3776/2755 3828/3777/2756
f 3826/3775/2754 3828/3777/2756 3847/3778/2757
f 3827/3776/2755 3829/3779/2758 3828/3777/2756
f 3830/3780/2759 3831/3781/2760 3832/3782/2761
f 3831/3781/2760 3833/3783/2762 3832/3782/2761
f 3834/3784/2763 3835/3785/2764 3836/3786/2765
f 3834/3784/2763 3836/3786/2765 3837/3787/2766
f 3835/3785/2764 3838/3788/2767 3836/3786/2765
f 3838/3788/2767 3839/3789/2768 3836/3786/2765
f 3838/3788/2767 3840/3790/2769 3839/3789/2768
f 3841/3791/2770 3842/3792/2771 3843/3793/2772
f 3842/3792/2771 3844/3794/2773 3843/3793/2772
f 3845/3795/2774 3846/3796/2775 3847/3778/2757
f 3845/3795/2774 3847/3778/2757 3848/3797/2776
f 3846/3796/2775 3826/3775/2754 3847/3778/2757
f 3849/3798/103 3850/3799/103 3851/3800/103
f 3849/3798/103 3851/3800/103 3852/3801/103
f 3850/3799/103 3853/3802/103 3854/3803/103
f 3850/3799/103 3854/3803/103 3851/3800/103
f 3853/3802/103 3855/3804/103 3856/3805/103
f 3853/3802/103 3856/3805/103 3854/3803/103
f 3855/3804/103 3857/3806/103 3858/3807/103
f 3855/3804/103 3858/3807/103 3856/3805/103
f 3857/3806/103 3859/3808/103 3860/3809/103
f 3857/3806/103 3860/3809/103 3858/3807/103
f 3859/3808/103 3861/3810/103 3862/3811/103
f 3859/3808/103 3862/3811/103 3860/3809/103
f 3861/3810/103 3863/3812/103 3864/3813/103
f 3861/3810/103 3864/3813/103 3862/3811/103
f 3863/3812/103 3865/3814/103 3866/3815/103
f 3863/3812/103 3866/3815/103 3864/3813/103
f 3865/3814/103 3867/3816/103 3868/3817/103
f 3865/3814/103 3868/3817/103 3866/3815/103
f 3867/3816/103 3869/3818/103 3870/3819/103
f 3867/3816/103 3870/3819/103 3868/3817/103
f 3869/3818/103 3871/3820/103 3872/3821/103
f 3869/3818/103 3872/3821/103 3870/3819/103
f 3871/3820/103 3873/3822/103 3874/3823/103
f 3871/3820/103 3874/3823/103 3872/3821/103
f 3873/3822/103 3875/3824/103 3876/3825/103
f 3873/3822/103 3876/3825/103 3874/3823/103
f 3875/3824/103 3877/3826/103 3878/3827/103
f 3875/3824/103 3878/3827/103 3876/3825/103
f 3877/3826/103 3879/3828/103 3880/3829/103
f 3877/3826/103 3880/3829/103 3878/3827/103
f 3879/3828/103 3849/3798/103 3852/3801/103
f 3879/3828/103 3852/3801/103 3880/3829/103
f 3883/3830/2777 3884/3831/2778 3885/3832/2779
f 3884/3831/2778 3886/3833/2780 3885/3832/2779
f 3887/3834/2781 3889/3835/2782 3890/3836/2783
f 3887/3834/2781 3890/3836/2783 3888/3837/2784
f 3889/3835/2782 3891/3838/2785 3892/3839/2786
f 3889/3835/2782 3892/3839/2786 3890/3836/2783
f 3893/3840/2787 3894/3841/2788 3895/3842/2789
f 3894/3841/2788 3896/3843/2790 3895/3842/2789
f 3897/3844/2791 3898/3845/2792 3899/3846/2793
f 3897/3844/2791 3899/3846/2793 3900/3847/2794
f 3898/3845/2792 3881/3848/2795 3882/3849/2796
f 3898/3845/2792 3882/3849/2796 3899/3846/2793
f 3901/3850/103 3902/3851/103 3903/3852/103
f 3901/3850/103 3903/3852/103 3904/3853/103
f 3902/3851/103 3905/3854/103 3906/3855/103
f 3902/3851/103 3906/3855/103 3903/3852/103
f 3905/3854/103 3907/3856/103 3908/3857/103
f 3905/3854/103 3908/3857/103 3906/3855/103
f 3907/3856/103 3909/3858/103 3910/3859/103
f 3907/3856/103 3910/3859/103 3908/3857/103
f 3909/3858/103 3911/3860/103 3912/3861/103
f 3909/3858/103 3912/3861/103 3910/3859/103
f 3911/3860/103 3913/3862/103 3914/3863/103
f 3911/3860/103 3914/3863/103 3912/3861/103
f 3913/3862/103 3915/3864/103 3916/3865/103
f 3913/3862/103 3916/3865/103 3914/3863/103
f 3915/3864/103 3917/3866/103 3918/3867/103
f 3915/3864/103 3918/3867/103 3916/3865/103
f 3917/3866/103 3919/3868/103 3920/3869/103
f 3917/3866/103 3920/3869/103 3918/3867/103
f 3919/3868/103 3921/3870/103 3922/3871/103
f 3919/3868/103 3922/3871/103 3920/3869/103
f 3921/3870/103 3923/3872/103 3924/3873/103
f 3921/3870/103 3924/3873/103 3922/3871/103
f 3923/3872/103 3925/3874/103 3926/3875/103
f 3923/3872/103 3926/3875/103 3924/3873/103
f 3925/3874/103 3927/3876/103 3928/3877/103
f 3925/3874/103 3928/3877/103 3926/3875/103
f 3927/3876/103 3929/3878/103 3930/3879/103
f 3927/3876/103 3930/3879/103 3928/3877/103
f 3929/3878/103 3931/3880/103 3932/3881/103
f 3929/3878/103 3932/3881/103 3930/3879/103
f 3931/3880/103 3901/3850/103 3904/3853/103
f 3931/3880/103 3904/3853/103 3932/3881/103
f 3951/3882/2797 3933/3883/2798 3934/3884/2799
f 3933/3883/2798 3935/3885/2800 3934/3884/2799
f 3936/3886/2801 3937/3887/2802 3938/3888/2803
f 3937/3887/2802 3939/3889/2804 3938/3888/2803
f 3940/3890/2805 3942/3891/2806 3943/3892/2807
f 3940/3890/2805 3943/3892/2807 3941/3893/2808
f 3942/3891/2806 3944/3894/2809 3945/3895/2810
f 3942/3891/2806 3945/3895/2810 3943/3892/2807
f 3946/3896/2811 3947/3897/2812 3948/3898/2813
f 3947/3897/2812 3949/3899/2814 3948/3898/2813
f 3950/3900/2815 3951/3882/2797 3952/3901/2816
f 3950/3900/2815 3952/3901/2816 3953/3902/2794
f 3951/3882/2797 3934/3884/2799 3952/3901/2816
f 3954/3903/2817 602/593/169 601/592/168
f 3955/3904/2818 604/595/171 602/593/169
f 3956/3905/2819 606/597/173 605/596/172
f 8307/3906/2820 7030/3907/2821 3957/3908/2822
f 8307/3906/2820 3957/3908/2822 3958/3909/2823
f 7030/3907/2821 8306/3910/2824 3959/3911/2825
f 7030/3907/2821 3959/3911/2825 3957/3908/2822
f 3960/3912/2826 610/601/177 609/600/176
f 3961/3913/2827 3962/3914/2828 603/594/170
f 3961/3913/2827 603/594/170 610/601/177
f 3962/3914/2828 3963/3915/2829 603/594/170
f 7032/3916/2830 7099/3917/2831 3964/3918/2832
f 7032/3916/2830 3964/3918/2832 3965/3919/2833
f 7099/3917/2831 7033/3920/2834 3966/3921/2835
f 7099/3917/2831 3966/3921/2835 3964/3918/2832
f 3967/3922/2836 3968/3923/2837 3969/3924/2838
f 3967/3922/2836 3969/3924/2838 3970/3925/2839
f 3971/3926/2840 3967/3922/2836 3970/3925/2839
f 3971/3926/2840 3970/3925/2839 3972/3927/2841
f 3971/3926/2840 3972/3927/2841 3973/3928/2842
f 3974/3929/2843 3971/3926/2840 3973/3928/2842
f 3975/3930/2844 3974/3929/2843 3973/3928/2842
f 3975/3930/2844 3973/3928/2842 3976/3931/2845
f 3977/3932/2846 3975/3930/2844 3976/3931/2845
f 3977/3932/2846 3976/3931/2845 3978/3933/2847
f 3979/3934/2848 3977/3932/2846 3978/3933/2847
f 3979/3934/2848 3978/3933/2847 3980/3935/2849
f 3981/3936/2850 3979/3934/2848 3980/3935/2849
f 3981/3936/2850 3980/3935/2849 3982/3937/2851
f 3983/3938/2852 3981/3936/2850 3982/3937/2851
f 3983/3938/2852 3982/3937/2851 3984/3939/2853
f 3985/3940/2854 3986/3941/2855 3987/3942/2856
f 3985/3940/2854 3987/3942/2856 3988/3943/2857
f 3989/3944/2858 3985/3940/2854 3988/3943/2857
f 3989/3944/2858 3988/3943/2857 3990/3945/2859
f 3991/3946/2860 3989/3944/2858 3990/3945/2859
f 3991/3946/2860 3990/3945/2859 3992/3947/2861
f 3968/3923/2837 3991/3946/2860 3992/3947/2861
f 3968/3923/2837 3992/3947/2861 3969/3924/2838
f 3994/3948/2862 3993/3949/2863 8092/3950/2864
f 3994/3948/2862 8092/3950/2864 7353/3951/2865
f 3994/3948/2862 7353/3951/2865 7021/3952/2866
f 3995/3953/2867 3994/3948/2862 7021/3952/2866
f 3996/3954/2868 3995/3953/2867 7021/3952/2866
f 3996/3954/2868 7021/3952/2866 7322/3955/2869
f 3997/3956/2870 3996/3954/2868 7322/3955/2869
f 3997/3956/2870 7322/3955/2869 7010/3957/2871
f 3998/3958/2872 3997/3956/2870 7010/3957/2871
f 3999/3959/2873 7003/3960/2874 6996/3961/2875
f 3993/3949/2863 3999/3959/2873 6996/3961/2875
f 3993/3949/2863 6996/3961/2875 8092/3950/2864
f 4000/3962/2876 4001/3963/2877 4002/3964/2878
f 4003/3965/2879 4000/3962/2876 4002/3964/2878
f 4003/3965/2879 4002/3964/2878 4004/3966/2880
f 4005/3967/2881 4003/3965/2879 4004/3966/2880
f 4006/3968/2882 4005/3967/2881 4004/3966/2880
f 4006/3968/2882 4004/3966/2880 4007/3969/2883
f 4008/3970/2884 4006/3968/2882 4007/3969/2883
f 4008/3970/2884 4007/3969/2883 4009/3971/2885
f 4010/3972/2886 4008/3970/2884 4009/3971/2885
f 4010/3972/2886 4009/3971/2885 4011/3973/2887
f 4000/3962/2876 4012/3974/2888 4013/3975/2889
f 4000/3962/2876 4013/3975/2889 4001/3963/2877
f 4016/3976/2890 4014/3977/2891 4015/3978/2892
f 4016/3976/2890 4015/3978/2892 4017/3979/2893
f 4016/3976/2890 4017/3979/2893 4018/3980/2894
f 4019/3981/2895 4016/3976/2890 4018/3980/2894
f 4020/3982/2896 4019/3981/2895 4018/3980/2894
f 4020/3982/2896 4018/3980/2894 4021/3983/2897
f 4022/3984/2898 4020/3982/2896 4021/3983/2897
f 4022/3984/2898 4021/3983/2897 4023/3985/2899
f 4024/3986/2900 4022/3984/2898 4023/3985/2899
f 4025/3987/2901 4026/3988/2902 4027/3989/2903
f 4014/3977/2891 4025/3987/2901 4027/3989/2903
f 4014/3977/2891 4027/3989/2903 4015/3978/2892
f 4028/3990/2904 4029/3991/2905 4030/3992/2906
f 4028/3990/2904 4030/3992/2906 4031/3993/2907
f 4028/3990/2904 4031/3993/2907 4032/3994/2908
f 4033/3995/2909 4028/3990/2904 4032/3994/2908
f 4034/3996/2910 4033/3995/2909 4032/3994/2908
f 4034/3996/2910 4032/3994/2908 4035/3997/2911
f 4034/3996/2910 4035/3997/2911 4036/3998/2912
f 4037/3999/2913 4034/3996/2910 4036/3998/2912
f 4038/4000/2914 4037/3999/2913 4036/3998/2912
f 4038/4000/2914 4036/3998/2912 4039/4001/2915
f 4040/4002/2916 4038/4000/2914 4039/4001/2915
f 4040/4002/2916 4039/4001/2915 4041/4003/2917
f 4042/4004/2918 4043/4005/2919 4030/3992/2906
f 4029/3991/2905 4042/4004/2918 4030/3992/2906
f 8333/4006/198 7039/4007/198 7211/4008/198
f 8333/4006/198 7211/4008/198 6990/4009/198
f 7040/4010/199 8335/4011/199 6989/4012/199
f 7040/4010/199 6989/4012/199 7210/4013/199
f 8089/4014/198 8333/4006/198 6990/4009/198
f 8089/4014/198 6990/4009/198 7047/4015/198
f 8335/4011/199 8091/4016/199 7046/4017/199
f 8335/4011/199 7046/4017/199 6989/4012/199
f 8223/4018/198 8089/4014/198 7047/4015/198
f 8223/4018/198 7047/4015/198 6988/4019/198
f 8091/4016/199 8224/4020/199 6987/4021/199
f 8091/4016/199 6987/4021/199 7046/4017/199
f 8132/4022/198 8223/4018/198 6988/4019/198
f 8132/4022/198 6988/4019/198 6986/4023/198
f 8224/4020/199 8133/4024/199 6985/4025/199
f 8224/4020/199 6985/4025/199 6987/4021/199
f 7350/4026/198 8132/4022/198 6986/4023/198
f 7350/4026/198 6986/4023/198 7235/4027/198
f 8133/4024/199 7352/4028/199 7234/4029/199
f 8133/4024/199 7234/4029/199 6985/4025/199
f 7028/4030/198 7350/4026/198 7235/4027/198
f 7028/4030/198 7235/4027/198 8332/4031/198
f 7352/4028/199 7029/4032/199 8331/4033/199
f 7352/4028/199 8331/4033/199 7234/4029/199
f 7025/4034/198 7028/4030/198 8332/4031/198
f 7025/4034/198 8332/4031/198 7038/4035/198
f 7029/4032/199 7027/4036/199 7037/4037/199
f 7029/4032/199 7037/4037/199 8331/4033/199
f 7043/4038/198 7025/4034/198 7038/4035/198
f 7043/4038/198 7038/4035/198 7035/4039/198
f 7027/4036/199 7045/4040/199 7034/4041/199
f 7027/4036/199 7034/4041/199 7037/4037/199
f 7022/4042/198 7043/4038/198 7035/4039/198
f 7022/4042/198 7035/4039/198 6984/4043/198
f 7045/4040/199 7023/4044/199 6983/4045/199
f 7045/4040/199 6983/4045/199 7034/4041/199
f 7018/4046/198 7022/4042/198 6984/4043/198
f 7018/4046/198 6984/4043/198 6982/4047/198
f 7023/4044/199 7020/4048/199 6981/4049/199
f 7023/4044/199 6981/4049/199 6983/4045/199
f 7319/4050/198 7018/4046/198 6982/4047/198
f 7319/4050/198 6982/4047/198 6980/4051/198
f 7020/4048/199 7321/4052/199 6979/4053/199
f 7020/4048/199 6979/4053/199 6981/4049/199
f 8097/4054/198 7319/4050/198 6980/4051/198
f 8097/4054/198 6980/4051/198 6978/4055/198
f 7321/4052/199 8098/4056/199 6977/4057/199
f 7321/4052/199 6977/4057/199 6979/4053/199
f 7015/4058/198 8097/4054/198 6978/4055/198
f 7015/4058/198 6978/4055/198 6976/4059/198
f 8098/4056/199 7017/4060/199 6975/4061/199
f 8098/4056/199 6975/4061/199 6977/4057/199
f 8286/4062/198 7015/4058/198 6976/4059/198
f 8286/4062/198 6976/4059/198 8291/4063/198
f 7017/4060/199 8287/4064/199 8290/4065/199
f 7017/4060/199 8290/4065/199 6975/4061/199
f 7012/4066/198 8286/4062/198 8291/4063/198
f 7012/4066/198 8291/4063/198 6974/4067/198
f 8287/4064/199 7014/4068/199 6973/4069/199
f 8287/4064/199 6973/4069/199 8290/4065/199
f 7004/4070/198 7012/4066/198 6974/4067/198
f 7004/4070/198 6974/4067/198 6971/3972/198
f 7014/4068/199 7008/4071/199 6969/3973/199
f 7014/4068/199 6969/3973/199 6973/4069/199
f 7001/4072/198 7005/4073/198 6972/4074/198
f 7001/4072/198 6972/4074/198 6968/4075/198
f 7009/4076/199 7002/4077/199 6967/4078/199
f 7009/4076/199 6967/4078/199 6970/4079/199
f 6998/4080/198 7001/4072/198 6968/4075/198
f 6998/4080/198 6968/4075/198 6966/4081/198
f 7002/4077/199 7000/4082/199 6965/4083/199
f 7002/4077/199 6965/4083/199 6967/4078/199
f 6993/4084/198 6998/4080/198 6966/4081/198
f 6993/4084/198 6966/4081/198 6964/4085/198
f 7000/4082/199 6995/4086/199 6963/4087/199
f 7000/4082/199 6963/4087/199 6965/4083/199
f 7039/4007/198 6993/4084/198 6964/4085/198
f 7039/4007/198 6964/4085/198 7211/4008/198
f 6995/4086/199 7040/4010/199 7210/4013/199
f 6995/4086/199 7210/4013/199 6963/4087/199
f 6994/4088/2920 6961/4089/2921 7382/4090/2922
f 6994/4088/2920 8334/4091/2923 6959/4092/2924
f 6994/4088/2920 6959/4092/2924 6961/4089/2921
f 8334/4091/2923 8090/4093/2925 6957/4094/2926
f 8334/4091/2923 6957/4094/2926 6959/4092/2924
f 8090/4093/2925 7291/4095/2927 6957/4094/2926
f 8090/4093/2925 7351/4096/2928 6955/4097/2929
f 8090/4093/2925 6955/4097/2929 7291/4095/2927
f 7351/4096/2928 7324/4098/2930 6955/4097/2929
f 7351/4096/2928 7026/4099/2931 8319/4100/2932
f 7351/4096/2928 8319/4100/2932 7324/4098/2930
f 7026/4099/2931 7311/4101/2933 8319/4100/2932
f 7026/4099/2931 7044/4102/2934 6951/4103/2935
f 7026/4099/2931 6951/4103/2935 7311/4101/2933
f 7044/4102/2934 7019/4104/2936 6949/4105/2937
f 7044/4102/2934 6949/4105/2937 6951/4103/2935
f 7019/4104/2936 7974/4106/2938 6949/4105/2937
f 7019/4104/2936 7320/4107/2939 8267/4108/2940
f 7019/4104/2936 8267/4108/2940 7974/4106/2938
f 7320/4107/2939 8237/4109/2941 8267/4108/2940
f 7320/4107/2939 7016/4110/2942 7932/4111/2943
f 7320/4107/2939 7932/4111/2943 8237/4109/2941
f 7016/4110/2942 7013/4112/2944 6945/4113/2945
f 7016/4110/2942 6945/4113/2945 7932/4111/2943
f 7013/4112/2944 6943/4114/2946 6945/4113/2945
f 7013/4112/2944 7006/4115/2947 6939/4003/2948
f 7013/4112/2944 6939/4003/2948 6943/4114/2946
f 7007/4116/2949 6999/4117/2950 6937/4118/2951
f 7007/4116/2949 6937/4118/2951 6940/4005/2952
f 6999/4117/2950 8294/4119/2953 6937/4118/2951
f 6999/4117/2950 6994/4088/2920 7382/4090/2922
f 6999/4117/2950 7382/4090/2922 8294/4119/2953
f 6962/4120/2954 8324/4121/2955 4044/4122/2956
f 6962/4120/2954 4044/4122/2956 4045/4123/2957
f 8134/4124/2958 6962/4120/2954 4045/4123/2957
f 8134/4124/2958 4045/4123/2957 4046/4125/2959
f 6938/4126/2960 8134/4124/2958 4046/4125/2959
f 6938/4126/2960 4046/4125/2959 4047/4127/2961
f 6942/4128/2962 6938/4126/2960 4047/4127/2961
f 6942/4128/2962 4047/4127/2961 4048/4129/2963
f 6944/4130/2964 6941/4002/2965 4049/4131/2966
f 6944/4130/2964 4049/4131/2966 4050/4132/2967
f 8329/4133/2968 6944/4130/2964 4050/4132/2967
f 8329/4133/2968 4050/4132/2967 4051/4134/2969
f 6946/4135/2970 8329/4133/2968 4051/4134/2969
f 6946/4135/2970 4051/4134/2969 4052/4136/2971
f 6947/4137/2972 6946/4135/2970 4052/4136/2971
f 6947/4137/2972 4052/4136/2971 4053/4138/2973
f 7292/4139/2974 6947/4137/2972 4053/4138/2973
f 7292/4139/2974 4053/4138/2973 4054/4140/2975
f 6948/4141/2976 7292/4139/2974 4054/4140/2975
f 6948/4141/2976 4054/4140/2975 4055/4142/2977
f 6950/4143/2978 6948/4141/2976 4055/4142/2977
f 6950/4143/2978 4055/4142/2977 4056/4144/2979
f 6952/4145/2980 6950/4143/2978 4056/4144/2979
f 6952/4145/2980 4056/4144/2979 4057/4146/2981
f 6953/4147/2982 6952/4145/2980 4057/4146/2981
f 6953/4147/2982 4057/4146/2981 4058/4148/2983
f 6954/4149/2984 6953/4147/2982 4058/4148/2983
f 6954/4149/2984 4058/4148/2983 4059/4150/2985
f 8309/4151/2986 6954/4149/2984 4059/4150/2985
f 8309/4151/2986 4059/4150/2985 4060/4152/2987
f 7233/4153/2988 8309/4151/2986 4060/4152/2987
f 7233/4153/2988 4060/4152/2987 4061/4154/2989
f 6956/4155/2990 7233/4153/2988 4061/4154/2989
f 6956/4155/2990 4061/4154/2989 4062/4156/2991
f 6958/4157/2992 6956/4155/2990 4062/4156/2991
f 6958/4157/2992 4062/4156/2991 4063/4158/2993
f 6960/4159/2994 6958/4157/2992 4063/4158/2993
f 6960/4159/2994 4063/4158/2993 4064/4160/2995
f 8324/4121/2955 6960/4159/2994 4064/4160/2995
f 8324/4121/2955 4064/4160/2995 4044/4122/2956
f 4065/4161/2996 4066/4162/2997 4067/4163/2998
f 4065/4161/2996 4067/4163/2998 4068/4164/2999
f 4066/4162/2997 4065/4161/2996 4069/4165/3000
f 4068/4164/2999 4067/4163/2998 4070/4166/3001
f 4068/4164/2999 4070/4166/3001 4071/4167/3002
f 4071/4167/3002 4070/4166/3001 4072/4168/3003
f 4071/4167/3002 4072/4168/3003 4073/4169/3004
f 4073/4169/3004 4072/4168/3003 4074/4170/3005
f 4073/4169/3004 4074/4170/3005 4075/4171/3006
f 4075/4171/3006 4074/4170/3005 4076/4172/3007
f 4076/4172/3007 4074/4170/3005 4077/4173/3008
f 4076/4172/3007 4077/4173/3008 4078/4174/3009
f 4078/4174/3009 4077/4173/3008 4079/4175/3010
f 4078/4174/3009 4079/4175/3010 4080/4176/3011
f 4078/4174/3009 4080/4176/3011 4081/4177/3012
f 4086/4178/3013 4087/4179/3014 4088/4180/3015
f 4089/4181/3016 4088/4180/3015 4090/4182/3017
f 4095/4183/3018 4094/4184/3019 4096/4185/3020
f 4097/4186/3021 4096/4185/3020 4098/4187/3022
f 4100/4188/3023 4099/4189/3024 4101/4190/3025
f 4102/4191/3026 4101/4190/3025 4103/4192/3027
f 4105/4193/3028 4104/4194/3029 4106/4195/3030
f 4120/4196/3031 4121/4197/3032 4122/4198/3033
f 4121/4197/3032 4120/4196/3031 4123/4199/3034
f 4120/4196/3031 4122/4198/3033 4124/4200/3035
f 4124/4200/3035 4122/4198/3033 4125/4201/3036
f 4124/4200/3035 4125/4201/3036 4126/4202/3037
f 4124/4200/3035 4126/4202/3037 4127/4203/3038
f 4127/4203/3038 4126/4202/3037 4128/4204/3039
f 4127/4203/3038 4128/4204/3039 4129/4205/3040
f 4129/4205/3040 4128/4204/3039 4130/4206/3041
f 4129/4205/3040 4130/4206/3041 4131/4207/3042
f 4131/4207/3042 4130/4206/3041 4132/4208/3043
f 4131/4207/3042 4132/4208/3043 4133/4209/3044
f 4133/4209/3044 4132/4208/3043 4134/4210/3045
f 4133/4209/3044 4134/4210/3045 4135/4211/3046
f 4135/4211/3046 4134/4210/3045 4136/4212/3047
f 4137/4213/3048 4138/4214/3049 4139/4215/3050
f 4139/4215/3050 4138/4214/3049 4140/4216/3051
f 4139/4215/3050 4140/4216/3051 4141/4217/3052
f 4141/4217/3052 4140/4216/3051 4142/4218/3053
f 4141/4217/3052 4142/4218/3053 4123/4199/3034
f 4123/4199/3034 4142/4218/3053 4121/4197/3032
f 4143/4219/3054 6936/4220/3055 6930/4221/3056
f 4143/4219/3054 4144/4222/3057 6936/4220/3055
f 4144/4222/3057 8025/4129/3058 6936/4220/3055
f 4145/4223/3059 4146/4224/3060 6935/4225/3061
f 4146/4224/3060 6934/4226/3062 6935/4225/3061
f 4146/4224/3060 4147/4227/3063 6934/4226/3062
f 4147/4227/3063 4148/4228/3064 6933/4229/3065
f 4147/4227/3063 6933/4229/3065 6934/4226/3062
f 4148/4228/3064 4149/4230/3066 6932/4231/3067
f 4148/4228/3064 6932/4231/3067 6933/4229/3065
f 4149/4230/3066 4150/4232/3068 6931/4233/3069
f 4149/4230/3066 6931/4233/3069 6932/4231/3067
f 4150/4232/3068 4143/4219/3054 6930/4221/3056
f 4150/4232/3068 6930/4221/3056 6931/4233/3069
f 6914/4234/3070 6913/4235/3071 4085/4236/3072
f 6914/4234/3070 4085/4236/3072 4084/4237/3073
f 6916/4238/3074 6914/4234/3070 4084/4237/3073
f 6916/4238/3074 4084/4237/3073 4083/4239/3075
f 6917/4240/3076 6915/4241/3077 4082/4242/3078
f 6917/4240/3076 4082/4242/3078 4080/4176/3079
f 6918/4243/3080 6917/4240/3076 4080/4176/3079
f 6918/4243/3080 4080/4176/3079 6924/4175/3081
f 6918/4243/3080 6924/4175/3081 4077/4173/3082
f 8112/4244/3083 6918/4243/3080 4077/4173/3082
f 8112/4244/3083 4077/4173/3082 6925/4245/3084
f 6919/4246/199 8112/4244/3083 6925/4245/3084
f 6919/4246/199 6925/4245/3084 6926/4247/199
f 6920/4248/199 6919/4246/199 6926/4247/199
f 6920/4248/199 6926/4247/199 6927/4249/199
f 6920/4248/199 6927/4249/199 6928/4250/199
f 6921/4251/199 6920/4248/199 6928/4250/199
f 6921/4251/199 6928/4250/199 7073/4166/199
f 6922/4252/199 6921/4251/199 7073/4166/199
f 6922/4252/199 7073/4166/199 8191/4253/199
f 6922/4252/199 8191/4253/199 7101/4254/199
f 6923/4255/199 6922/4252/199 7101/4254/199
f 6923/4255/199 7101/4254/199 6929/4162/3085
f 7048/4256/3086 6923/4255/199 6929/4162/3085
f 7048/4256/3086 6929/4162/3085 4069/4165/3087
f 6913/4235/3071 7048/4256/3086 4069/4165/3087
f 6913/4235/3071 4069/4165/3087 4085/4236/3072
f 6991/4257/3088 4151/4258/3089 4152/4259/3090
f 7024/4260/3091 6991/4257/3088 4152/4259/3090
f 7024/4260/3091 4152/4259/3090 4153/4261/3092
f 7071/4262/3093 7024/4260/3091 4153/4261/3092
f 7977/4263/3094 7071/4262/3093 4153/4261/3092
f 7977/4263/3094 4153/4261/3092 4154/4264/3095
f 7011/4265/3096 7977/4263/3094 4154/4264/3095
f 7011/4265/3096 4154/4264/3095 4155/4266/3097
f 6992/4267/3098 6997/4268/3099 4156/4269/3100
f 6992/4267/3098 4156/4269/3100 4157/4270/3101
f 6991/4257/3088 6992/4267/3098 4157/4270/3101
f 6991/4257/3088 4157/4270/3101 4151/4258/3089
f 4107/4271/3102 4108/4272/3103 4088/4180/3015
f 4107/4271/3102 4088/4180/3015 4087/4179/3014
f 4108/4272/3103 4109/4273/3104 4090/4182/3017
f 4108/4272/3103 4090/4182/3017 4088/4180/3015
f 4109/4273/3104 4110/4274/3105 4091/4275/3106
f 4109/4273/3104 4091/4275/3106 4090/4182/3017
f 4111/4276/3107 4112/4277/3108 4093/4278/3109
f 4111/4276/3107 4093/4278/3109 4092/4279/3110
f 4112/4277/3108 4113/4280/3111 4094/4184/3019
f 4112/4277/3108 4094/4184/3019 4093/4278/3109
f 4113/4280/3111 4114/4281/3112 4096/4185/3020
f 4113/4280/3111 4096/4185/3020 4094/4184/3019
f 4114/4281/3112 4115/4282/3113 4098/4187/3022
f 4114/4281/3112 4098/4187/3022 4096/4185/3020
f 4115/4282/3113 4116/4283/3114 4099/4189/3024
f 4115/4282/3113 4099/4189/3024 4098/4187/3022
f 4116/4283/3114 4117/4284/3115 4101/4190/3025
f 4116/4283/3114 4101/4190/3025 4099/4189/3024
f 4117/4284/3115 4118/4285/3116 4103/4192/3027
f 4117/4284/3115 4103/4192/3027 4101/4190/3025
f 4118/4285/3116 4104/4194/3029 4103/4192/3027
f 4118/4285/3116 4119/4286/3117 4104/4194/3029
f 4119/4286/3117 4106/4195/3030 4104/4194/3029
f 4119/4286/3117 4107/4271/3102 4087/4179/3014
f 4119/4286/3117 4087/4179/3014 4106/4195/3030
f 4158/4287/3118 4172/4288/3119 4159/4289/3120
f 4160/4290/3121 4158/4287/3118 4159/4289/3120
f 4160/4290/3121 4159/4289/3120 4161/4291/3122
f 4162/4292/3123 4163/4293/3124 4164/4294/3125
f 4162/4292/3123 4164/4294/3125 4165/4295/3126
f 4166/4296/3127 4162/4292/3123 4165/4295/3126
f 4166/4296/3127 4165/4295/3126 4167/4297/3128
f 4168/4298/3129 4166/4296/3127 4167/4297/3128
f 4168/4298/3129 4167/4297/3128 4169/4299/3130
f 4170/4300/3131 4168/4298/3129 4169/4299/3130
f 4170/4300/3131 4169/4299/3130 4171/4301/3132
f 4172/4288/3119 4170/4300/3131 4171/4301/3132
f 4172/4288/3119 4171/4301/3132 4159/4289/3120
f 4173/4302/3133 4175/4303/3134 4176/4304/3135
f 4173/4302/3133 4176/4304/3135 4174/4305/3136
f 4177/4306/3137 4178/4307/3138 4179/4308/3139
f 4178/4307/3138 4180/4309/3140 4179/4308/3139
f 4181/4310/3141 4182/4311/3142 4183/4312/3143
f 4181/4310/3141 4183/4312/3143 4184/4313/3144
f 4182/4311/3142 4185/4314/3145 4186/4315/3146
f 4182/4311/3142 4186/4315/3146 4183/4312/3143
f 4187/4316/3147 4188/4317/3148 4189/4318/3149
f 4188/4317/3148 4190/4319/3150 4189/4318/3149
f 4191/4320/3151 4192/4321/3152 4193/4322/3153
f 4192/4321/3152 4174/4305/3136 4193/4322/3153
f 4192/4321/3152 4173/4302/3133 4174/4305/3136
f 4194/4323/3154 4195/4324/3155 613/4325/3156
f 4196/4326/3157 4194/4323/3154 613/4325/3156
f 4197/4327/3158 4196/4326/3157 613/4325/3156
f 4198/4328/3159 4197/4327/3158 613/4325/3156
f 4199/4329/3160 4198/4328/3159 613/4325/3156
f 4200/4330/3161 4199/4329/3160 613/4325/3156
f 4201/4331/3162 4200/4330/3161 613/4325/3156
f 4202/4332/3163 4201/4331/3162 613/4325/3156
f 4203/4333/3164 4202/4332/3163 613/4325/3156
f 4204/4334/3165 4203/4333/3164 613/4325/3156
f 4205/4335/3166 4204/4334/3165 613/4325/3156
f 4206/4336/3167 4205/4335/3166 613/4325/3156
f 4207/4337/3168 4206/4336/3167 613/4325/3156
f 4208/4338/3169 4207/4337/3168 613/4325/3156
f 4209/4339/3170 4208/4338/3169 613/4325/3156
f 4195/4324/3155 4209/4339/3170 613/4325/3156
f 4210/4340/3171 4211/4341/3172 612/4342/3173
f 4211/4341/3172 4212/4343/3174 612/4342/3173
f 4212/4343/3174 4213/4344/3175 612/4342/3173
f 4213/4344/3175 4214/4345/3176 612/4342/3173
f 4214/4345/3176 4215/4346/3177 612/4342/3173
f 4215/4346/3177 4216/4347/3178 612/4342/3173
f 4216/4347/3178 4217/4348/3179 612/4342/3173
f 4217/4348/3179 4218/4349/3180 612/4342/3173
f 4218/4349/3180 4219/4350/3181 612/4342/3173
f 4219/4350/3181 4220/4351/3182 612/4342/3173
f 4220/4351/3182 4221/4352/3183 612/4342/3173
f 4221/4352/3183 4222/4353/3184 612/4342/3173
f 4222/4353/3184 4223/4354/3185 612/4342/3173
f 4223/4354/3185 4224/4355/3186 612/4342/3173
f 4224/4355/3186 4225/4356/3187 612/4342/3173
f 4225/4356/3187 4210/4340/3171 612/4342/3173
f 4226/4357/3188 4227/4358/3189 4228/4359/3190
f 4226/4357/3188 4228/4359/3190 4249/4360/3191
f 4227/4358/3189 4229/4361/3192 4228/4359/3190
f 4230/4362/3193 4231/4363/3194 4232/4364/3195
f 4231/4363/3194 4233/4365/3196 4232/4364/3195
f 4234/4366/3197 4235/4367/3198 4236/4368/3199
f 4234/4366/3197 4236/4368/3199 4237/4369/3200
f 4235/4367/3198 4238/4370/3201 4236/4368/3199
f 4238/4370/3201 4239/4371/3202 4236/4368/3199
f 4239/4371/3202 4240/4372/3203 4241/4373/3204
f 4239/4371/3202 4241/4373/3204 4236/4368/3199
f 4240/4372/3203 4242/4374/3205 4241/4373/3204
f 4243/4375/3206 4244/4376/3207 4245/4377/3208
f 4244/4376/3207 4246/4378/3209 4245/4377/3208
f 4247/4379/3210 4248/4380/3211 4249/4360/3191
f 4247/4379/3210 4249/4360/3191 4250/4381/3212
f 4248/4380/3211 4251/4382/3213 4249/4360/3191
f 4251/4382/3213 4226/4357/3188 4249/4360/3191
f 4252/4383/15 4253/4384/15 4254/4385/15
f 4252/4383/15 4254/4385/15 4255/4386/15
f 4253/4384/15 4256/4387/15 4257/4388/15
f 4253/4384/15 4257/4388/15 4254/4385/15
f 4256/4387/15 4258/4389/15 4259/4390/15
f 4256/4387/15 4259/4390/15 4257/4388/15
f 4258/4389/15 4260/4391/15 4261/4392/15
f 4258/4389/15 4261/4392/15 4259/4390/15
f 4260/4391/15 4262/4393/15 4263/4394/15
f 4260/4391/15 4263/4394/15 4261/4392/15
f 4262/4393/15 4264/4395/15 4265/4396/15
f 4262/4393/15 4265/4396/15 4263/4394/15
f 4264/4395/15 4266/4397/15 4267/4398/15
f 4264/4395/15 4267/4398/15 4265/4396/15
f 4266/4397/15 4268/4399/15 4269/4400/15
f 4266/4397/15 4269/4400/15 4267/4398/15
f 4268/4399/15 4270/4401/15 4271/4402/15
f 4268/4399/15 4271/4402/15 4269/4400/15
f 4270/4401/15 4272/4403/15 4273/4404/15
f 4270/4401/15 4273/4404/15 4271/4402/15
f 4272/4403/15 4274/4405/15 4275/4406/15
f 4272/4403/15 4275/4406/15 4273/4404/15
f 4274/4405/15 4276/4407/15 4277/4408/15
f 4274/4405/15 4277/4408/15 4275/4406/15
f 4276/4407/15 4278/4409/15 4279/4410/15
f 4276/4407/15 4279/4410/15 4277/4408/15
f 4278/4409/15 4280/4411/15 4281/4412/15
f 4278/4409/15 4281/4412/15 4279/4410/15
f 4280/4411/15 4282/4413/15 4283/4414/15
f 4280/4411/15 4283/4414/15 4281/4412/15
f 4282/4413/15 4252/4383/15 4255/4386/15
f 4282/4413/15 4255/4386/15 4283/4414/15
f 4284/4415/3214 4285/4416/3215 4286/4417/3216
f 4287/4418/3217 4288/4419/3218 4289/4420/3219
f 4288/4419/3218 4290/4421/3220 4289/4420/3219
f 4291/4422/3221 4293/4423/3222 4292/4424/3223
f 4293/4423/3222 4294/4425/3224 4292/4424/3223
f 4293/4423/3222 4295/4426/3225 4294/4425/3224
f 4295/4426/3225 4296/4427/3226 4294/4425/3224
f 4297/4428/3227 4298/4429/3228 4299/4430/3229
f 4298/4429/3228 4300/4431/3230 4299/4430/3229
f 4301/4432/3231 4303/4433/3232 4302/4434/3233
f 4303/4433/3232 4286/4417/3216 4302/4434/3233
f 4303/4433/3232 4284/4415/3214 4286/4417/3216
f 4304/4435/15 4305/4436/15 4306/4437/15
f 4304/4435/15 4306/4437/15 4307/4438/15
f 4305/4436/15 4308/4439/15 4309/4440/15
f 4305/4436/15 4309/4440/15 4306/4437/15
f 4308/4439/15 4310/4441/15 4311/4442/15
f 4308/4439/15 4311/4442/15 4309/4440/15
f 4310/4441/15 4312/4443/15 4313/4444/15
f 4310/4441/15 4313/4444/15 4311/4442/15
f 4312/4443/15 4314/4445/15 4315/4446/15
f 4312/4443/15 4315/4446/15 4313/4444/15
f 4314/4445/15 4316/4447/15 4317/4448/15
f 4314/4445/15 4317/4448/15 4315/4446/15
f 4316/4447/15 4318/4449/15 4319/4450/15
f 4316/4447/15 4319/4450/15 4317/4448/15
f 4318/4449/15 4320/4451/15 4321/4452/15
f 4318/4449/15 4321/4452/15 4319/4450/15
f 4320/4451/15 4322/4453/15 4323/4454/15
f 4320/4451/15 4323/4454/15 4321/4452/15
f 4322/4453/15 4324/4455/15 4325/4456/15
f 4322/4453/15 4325/4456/15 4323/4454/15
f 4324/4455/15 4326/4457/15 4327/4458/15
f 4324/4455/15 4327/4458/15 4325/4456/15
f 4326/4457/15 4328/4459/15 4329/4460/15
f 4326/4457/15 4329/4460/15 4327/4458/15
f 4328/4459/15 4330/4461/15 4331/4462/15
f 4328/4459/15 4331/4462/15 4329/4460/15
f 4330/4461/15 4332/4463/15 4333/4464/15
f 4330/4461/15 4333/4464/15 4331/4462/15
f 4332/4463/15 4334/4465/15 4335/4466/15
f 4332/4463/15 4335/4466/15 4333/4464/15
f 4334/4465/15 4304/4435/15 4307/4438/15
f 4334/4465/15 4307/4438/15 4335/4466/15
f 4354/4467/3234 4336/4468/3235 4337/4469/3236
f 4336/4468/3235 4338/4470/3237 4337/4469/3236
f 4339/4471/3238 4340/4472/3239 4341/4473/3240
f 4340/4472/3239 4342/4474/3241 4341/4473/3240
f 4343/4475/3242 4345/4476/3243 4346/4477/3244
f 4343/4475/3242 4346/4477/3244 4344/4478/3245
f 4345/4476/3243 4347/4479/3246 4348/4480/3247
f 4345/4476/3243 4348/4480/3247 4346/4477/3244
f 4349/4481/3248 4350/4482/3249 4351/4483/3250
f 4350/4482/3249 4352/4484/3251 4351/4483/3250
f 4353/4485/3252 4354/4467/3234 4355/4486/3253
f 4353/4485/3252 4355/4486/3253 4356/4487/3254
f 4354/4467/3234 4337/4469/3236 4355/4486/3253
f 4357/4488/3255 632/620/191 630/619/190
f 4358/4489/3256 4359/4490/3257 631/621/192
f 4358/4489/3256 631/621/192 632/620/191
f 4360/4491/3258 633/622/193 631/621/192
f 4361/4492/3259 635/624/195 634/623/194
f 4362/4493/3260 636/625/196 635/624/195
f 4363/4494/3261 637/626/197 636/625/196
f 4364/4495/3262 630/619/190 637/626/197
f 4365/4496/3263 4366/4497/3263 4367/4498/3264
f 4365/4496/3263 4367/4498/3264 4368/4499/3264
f 4369/4500/103 4370/4501/103 4371/4502/103
f 4369/4500/103 4371/4502/103 4372/4503/103
f 4373/4504/15 4374/4505/15 4375/4506/15
f 4373/4504/15 4375/4506/15 4376/4507/15
f 4377/4508/24 4378/4509/24 4379/4510/24
f 4377/4508/24 4379/4510/24 4380/4511/24
f 7474/4510/3265 4381/4512/3263 4382/4513/3263
f 7474/4510/3265 4382/4513/3263 7473/4511/3265
f 4383/4514/3264 7108/4507/3266 7109/4506/3266
f 4383/4514/3264 7109/4506/3266 4384/4515/3264
f 644/633/198 639/628/198 638/627/198
f 644/633/198 638/627/198 645/634/198
f 643/632/199 642/631/199 648/637/199
f 643/632/199 648/637/199 647/636/199
f 4387/4516/3267 4388/4517/3268 4389/4518/3269
f 4390/4519/3270 4392/4520/3271 4391/4521/3272
f 4394/4522/3273 4395/4523/3274 4396/4524/3275
f 652/640/201 4400/4525/3276 653/642/203
f 654/643/204 4399/4526/3277 650/639/200
f 4385/4527/3278 4386/4528/3279 4401/4529/3280
f 4389/4518/3269 4388/4517/3268 4402/4530/3281
f 4390/4519/3270 4391/4521/3272 4403/4531/3282
f 4391/4521/3272 4392/4520/3271 4404/4532/3283
f 4392/4520/3271 4393/4533/3284 4404/4532/3283
f 4396/4524/3275 4395/4523/3274 4405/4534/3285
f 4397/4535/3286 4398/4536/3287 4406/4537/3288
f 4398/4536/3287 4401/4529/3280 4406/4537/3288
f 4398/4536/3287 4385/4527/3278 4401/4529/3280
f 4408/4538/3289 4407/4539/3290 4409/4540/3291
f 4408/4538/3289 4409/4540/3291 4410/4541/3292
f 4407/4539/3290 4408/4538/3289 4411/4542/3293
f 4407/4539/3290 4411/4542/3293 4412/4543/3294
f 4412/4543/3294 4411/4542/3293 4413/4544/3295
f 4412/4543/3294 4413/4544/3295 4414/4545/3296
f 4414/4545/3296 4413/4544/3295 4415/4546/3297
f 4416/4547/3298 4417/4548/3299 4418/4549/3300
f 4416/4547/3298 4418/4549/3300 4419/4550/3301
f 4419/4550/3301 4418/4549/3300 4420/4551/3302
f 4420/4551/3302 4418/4549/3300 4421/4552/3303
f 4420/4551/3302 4421/4552/3303 4422/4553/3304
f 4424/4554/3305 4425/4555/3306 4426/4556/3307
f 4426/4556/3307 4425/4555/3306 4427/4557/3308
f 4428/4558/3309 4429/4559/3310 4430/4560/3311
f 4428/4558/3309 4430/4560/3311 4431/4561/3312
f 4416/4547/3298 4419/4550/3301 4436/4562/3313
f 4438/4563/3314 4439/4564/3315 4440/4565/3316
f 4431/4561/3312 4432/4566/3317 4441/4567/3318
f 4428/4558/3309 4431/4561/3312 4441/4567/3318
f 4428/4558/3309 4441/4567/3318 4442/4568/3319
f 4440/4565/3316 4428/4558/3309 4442/4568/3319
f 4438/4563/3314 4440/4565/3316 4442/4568/3319
f 4424/4554/3305 4426/4556/3307 4443/4569/3320
f 4424/4554/3305 4443/4569/3320 4444/4570/3321
f 4422/4571/3322 4437/4572/3323 4445/4573/3324
f 4422/4571/3322 4445/4573/3324 4436/4562/3313
f 4419/4550/3301 4422/4571/3322 4436/4562/3313
f 4446/4574/3325 4416/4547/3298 4436/4562/3313
f 4446/4574/3325 4436/4562/3313 4447/4575/3326
f 4433/4576/3327 4435/4577/3328 4448/4578/3329
f 4433/4576/3327 4448/4578/3329 4449/4579/3330
f 4434/4580/3331 4433/4576/3327 4449/4579/3330
f 4413/4544/3295 6911/4541/3332 4450/4581/3333
f 4413/4544/3295 4450/4581/3333 4415/4546/3297
f 4451/4582/3334 4424/4554/3305 4423/4583/3335
f 4452/4584/3336 4453/4585/3336 4454/4586/3336
f 4452/4584/3336 4454/4586/3336 4455/4587/3336
f 4456/4588/3337 4457/4589/3338 6908/4590/3339
f 4456/4588/3337 6908/4590/3339 4458/4591/3340
f 4461/4592/3341 4460/4593/3342 4459/4594/3343
f 4461/4592/3341 4459/4594/3343 4462/4595/3344
f 4463/4596/3345 4425/4555/3306 4464/4597/3346
f 4464/4597/3346 4425/4555/3306 4424/4554/3305
f 4464/4597/3346 4424/4554/3305 4451/4582/3334
f 4413/4544/3295 4408/4538/3347 6911/4541/3332
f 4465/4598/205 4466/4599/205 4467/4600/205
f 4466/4599/205 4468/4601/205 4469/4602/205
f 4466/4599/205 4469/4602/205 4467/4600/205
f 4470/4603/205 4471/4604/205 4472/4605/205
f 4470/4603/205 4472/4605/205 4473/4606/205
f 4471/4604/205 4474/4607/205 4472/4605/205
f 4475/4608/205 4476/4609/205 4477/4610/205
f 4475/4608/205 4477/4610/205 4478/4611/3348
f 4476/4609/205 4479/4612/205 4477/4610/205
f 4479/4612/205 4480/4613/205 4481/4614/205
f 4479/4612/205 4481/4614/205 4477/4610/205
f 4480/4613/205 4482/4615/205 4483/4616/205
f 4480/4613/205 4483/4616/205 4481/4614/205
f 4482/4615/205 4484/4617/205 4483/4616/205
f 4484/4617/205 4485/4618/205 4486/4619/205
f 4484/4617/205 4486/4619/205 4483/4616/205
f 4485/4618/205 4487/4620/205 4486/4619/205
f 4487/4620/205 4488/4621/205 4489/4622/205
f 4487/4620/205 4489/4622/205 4486/4619/205
f 4488/4621/205 4490/4623/205 4491/4624/205
f 4488/4621/205 4491/4624/205 4489/4622/205
f 4490/4623/205 4492/4625/205 4491/4624/205
f 4492/4625/205 4493/4626/205 4494/4627/205
f 4492/4625/205 4494/4627/205 4491/4624/205
f 4493/4626/205 4465/4598/205 4467/4600/205
f 4493/4626/205 4467/4600/205 4494/4627/205
f 4497/4628/3349 4498/4629/3350 8030/4630/3351
f 4498/4629/3350 8350/648/3352 8030/4630/3351
f 4499/4631/3353 4501/4632/3354 4502/4633/3355
f 4499/4631/3353 4502/4633/3355 4500/4634/3356
f 7031/4635/3357 6907/4636/3358 7596/4637/3359
f 6907/4636/3358 8074/4638/3360 7596/4637/3359
f 4503/4639/3361 4495/4640/3362 4496/4641/3363
f 4503/4639/3361 4496/4641/3363 4504/4642/3364
f 4505/4643/3365 7175/4644/3366 4506/4645/3367
f 7175/4644/3366 4505/4643/3365 7136/4646/3368
f 7136/4646/3368 4505/4643/3365 4507/4647/3369
f 7136/4646/3368 4507/4647/3369 7081/4648/3370
f 7081/4648/3370 4507/4647/3369 4508/4649/3371
f 7081/4648/3370 4508/4649/3371 7084/4650/3372
f 7084/4650/3372 4508/4649/3371 4509/4651/3373
f 7084/4650/3372 4509/4651/3373 7137/4652/3374
f 7137/4652/3374 4509/4651/3373 4510/4653/3375
f 7137/4652/3374 4510/4653/3375 4506/4645/3367
f 7137/4652/3374 4506/4645/3367 7171/4654/3376
f 7171/4654/3376 4506/4645/3367 7175/4644/3366
f 4511/4655/3377 4513/4656/3378 4512/4657/3379
f 4511/4655/3377 4514/4658/3380 4515/4659/3381
f 4511/4655/3377 4515/4659/3381 4513/4656/3378
f 4514/4658/3380 4516/4660/3382 4515/4659/3381
f 4516/4660/3382 4517/4661/3383 4515/4659/3381
f 4516/4660/3382 4518/4662/3384 4517/4661/3383
f 4518/4662/3384 4519/4663/3385 4517/4661/3383
f 4520/4664/3386 4511/4655/3377 4512/4657/3379
f 4521/4665/3387 7181/4666/3388 4522/4667/3389
f 7181/4666/3388 4521/4665/3387 7138/4668/3390
f 7138/4668/3390 4521/4665/3387 4523/4669/3391
f 7138/4668/3390 4523/4669/3391 7087/4670/3392
f 7087/4670/3392 4523/4669/3391 4524/4671/3393
f 7087/4670/3392 4524/4671/3393 4525/4672/3394
f 7087/4670/3392 4525/4672/3394 7090/4673/3395
f 7090/4673/3395 4525/4672/3394 4526/4674/3396
f 7090/4673/3395 4526/4674/3396 7139/4675/3397
f 7139/4675/3397 4526/4674/3396 4522/4667/3389
f 7139/4675/3397 4522/4667/3389 7177/4676/3398
f 7177/4676/3398 4522/4667/3389 7181/4666/3388
f 4527/4677/3399 4529/4678/3400 4528/4679/3401
f 4527/4677/3399 4530/4680/3402 4531/4681/3403
f 4527/4677/3399 4531/4681/3403 4529/4678/3400
f 4530/4680/3402 4532/4682/3404 4531/4681/3403
f 4530/4680/3402 4533/4683/3405 4532/4682/3404
f 4533/4683/3405 4534/4684/3385 4532/4682/3404
f 4535/4685/3406 4527/4677/3399 4528/4679/3401
f 7187/4686/3407 4536/4687/3408 4537/4688/3409
f 7187/4686/3407 4537/4688/3409 7140/4689/3410
f 7140/4689/3410 4537/4688/3409 4538/4690/3411
f 7140/4689/3410 4538/4690/3411 7093/4691/3412
f 7093/4691/3412 4538/4690/3411 4539/4692/3413
f 7093/4691/3412 4539/4692/3413 7096/4693/3414
f 7096/4693/3414 4539/4692/3413 4540/4694/3415
f 7096/4693/3414 4540/4694/3415 7141/4695/3416
f 7141/4695/3416 4540/4694/3415 4541/4696/3417
f 7141/4695/3416 4541/4696/3417 4542/4697/3418
f 7141/4695/3416 4542/4697/3418 7183/4698/3419
f 7183/4698/3419 4542/4697/3418 4536/4687/3408
f 7183/4698/3419 4536/4687/3408 7187/4686/3407
f 4543/4699/3377 4545/4700/3420 4544/4701/3379
f 4543/4699/3377 4546/4702/3380 4547/4703/3381
f 4543/4699/3377 4547/4703/3381 4545/4700/3420
f 4546/4702/3380 4548/4704/3421 4547/4703/3381
f 4548/4704/3421 4549/4705/3383 4547/4703/3381
f 4548/4704/3421 4550/4706/3384 4549/4705/3383
f 4550/4706/3384 4551/4707/3385 4549/4705/3383
f 4552/4708/3386 4543/4699/3377 4544/4701/3379
f 4553/4709/3422 7732/4710/3423 8081/4711/3424
f 4553/4709/3422 8081/4711/3424 4554/4712/3425
f 7732/4710/3423 4553/4709/3422 4555/4713/3426
f 7732/4710/3423 4555/4713/3426 8075/4714/3427
f 8075/4714/3427 4555/4713/3426 4556/4715/3428
f 8075/4714/3427 4556/4715/3428 7160/4716/3429
f 7160/4716/3429 4556/4715/3428 4557/4717/3430
f 7160/4716/3429 4557/4717/3430 4558/4718/3431
f 7160/4716/3429 4558/4718/3431 8076/4719/3432
f 8076/4719/3432 4558/4718/3431 4559/4720/3433
f 8076/4719/3432 4559/4720/3433 7733/4721/3434
f 7733/4721/3434 4559/4720/3433 4554/4712/3425
f 7733/4721/3434 4554/4712/3425 8081/4711/3424
f 4560/4722/3435 4561/4723/3436 4562/4724/3437
f 4561/4723/3436 4563/4725/3438 4562/4724/3437
f 4561/4723/3436 4564/4726/3439 4563/4725/3438
f 4564/4726/3439 4565/4727/3440 4563/4725/3438
f 4564/4726/3439 4566/4728/3441 4565/4727/3440
f 4566/4728/3441 4567/4729/3442 4565/4727/3440
f 4568/4730/3443 8085/4731/3444 4569/4732/3445
f 8085/4731/3444 4568/4730/3443 8083/4733/3446
f 8083/4733/3446 4568/4730/3443 4570/4734/3447
f 8083/4733/3446 4570/4734/3447 4571/4735/3448
f 8083/4733/3446 4571/4735/3448 7195/4736/3449
f 7195/4736/3449 4571/4735/3448 4572/4737/3450
f 7195/4736/3449 4572/4737/3450 4573/4738/3451
f 7195/4736/3449 4573/4738/3451 7198/4739/3452
f 7198/4739/3452 4573/4738/3451 4574/4740/3453
f 7198/4739/3452 4574/4740/3453 8084/4741/3454
f 8084/4741/3454 4574/4740/3453 4575/4742/3455
f 8084/4741/3454 4575/4742/3455 4569/4732/3445
f 8084/4741/3454 4569/4732/3445 8085/4731/3444
f 4576/4743/3456 4578/4744/3457 4577/4745/3458
f 4578/4744/3457 4579/4746/3459 4577/4745/3458
f 4578/4744/3457 4580/4747/3460 4579/4746/3459
f 4578/4744/3457 4581/4748/3461 4580/4747/3460
f 4581/4748/3461 4582/4749/3462 4580/4747/3460
f 4583/4750/3463 4576/4743/3456 4577/4745/3458
f 4583/4750/3463 4577/4745/3458 4584/4751/3464
f 797/778/224 4585/4752/3465 874/4753/3466
f 4588/4754/3467 874/4753/3466 4587/4755/3468
f 787/768/222 4589/4756/3469 4590/4757/3470
f 4637/4758/3471 797/778/224 874/4753/3466
f 4637/4758/3471 874/4753/3466 4588/4754/3467
f 4592/4759/3472 4593/4760/3212 4594/4761/3473
f 4592/4759/3472 4594/4761/3473 4595/4762/3474
f 4596/4763/3475 4597/4764/3476 4598/4765/3477
f 4586/765/219 812/793/230 4591/4766/3478
f 787/768/222 4652/4767/3479 4589/4756/3469
f 4597/4764/3476 4601/4768/3480 4598/4765/3477
f 770/4769/199 4600/4770/199 4599/4771/199
f 4602/4772/3481 4603/4773/3482 4604/4774/3483
f 4602/4772/3481 4604/4774/3483 4605/4775/3246
f 4606/4776/3484 4592/4759/3472 4595/4762/3474
f 4606/4776/3484 4595/4762/3474 4607/4777/3485
f 770/4769/199 4599/4771/199 4608/4778/3486
f 4609/4779/3487 4610/4780/3488 4611/4781/3489
f 4612/4782/198 784/4783/198 4613/4784/198
f 4614/4785/199 770/4769/199 4615/4786/199
f 805/786/228 819/801/235 4652/4767/3479
f 805/786/228 4652/4767/3479 787/768/222
f 4615/4786/199 770/4769/199 4616/4787/3490
f 4617/4788/199 770/4769/199 4614/4785/199
f 4618/4789/3491 4609/4779/3487 4611/4781/3489
f 4619/4790/198 784/4783/198 4612/4782/198
f 4603/4773/3482 4620/4791/3492 4621/4792/3493
f 4603/4773/3482 4621/4792/3493 4604/4774/3483
f 4619/4790/198 771/4793/198 784/4783/198
f 771/4793/198 772/4794/198 784/4783/198
f 772/4794/198 785/4795/198 784/4783/198
f 4622/4796/198 771/4793/198 4619/4790/198
f 782/809/236 783/767/221 4623/4797/15
f 4623/4797/15 4624/4798/15 782/809/236
f 773/759/199 775/761/199 776/4799/199
f 774/760/199 4625/4800/199 775/761/199
f 774/760/199 773/759/199 4626/4801/199
f 4626/4801/199 773/759/199 4627/4802/199
f 856/840/198 777/4803/198 857/841/198
f 777/4803/198 778/4804/198 857/841/198
f 4629/4805/198 4630/4806/3494 778/4804/198
f 4629/4805/198 778/4804/198 777/4803/198
f 4631/4807/198 777/4803/198 856/840/198
f 829/811/15 782/809/236 4632/4808/15
f 787/768/222 797/778/224 796/777/223
f 787/768/222 796/777/223 799/780/24
f 801/782/227 797/778/224 4637/4758/3471
f 4633/4809/15 782/809/236 830/813/238
f 4632/4808/15 782/809/236 4633/4809/15
f 814/795/232 812/793/230 4586/765/219
f 814/795/232 4586/765/219 809/790/15
f 4634/4810/199 817/798/199 816/797/199
f 4634/4810/199 816/797/199 4635/4811/199
f 4590/4757/3470 4589/4756/3469 4636/4812/3495
f 797/778/224 4636/4812/3495 4585/4752/3465
f 4590/4757/3470 4636/4812/3495 797/778/224
f 792/773/24 805/786/228 807/788/24
f 792/773/24 807/788/24 803/784/24
f 4637/4758/3471 835/818/239 4638/4813/3496
f 4637/4758/3471 4638/4813/3496 4639/4814/3497
f 4588/4754/3467 835/818/239 4637/4758/3471
f 4640/4815/199 4641/4816/199 825/806/199
f 4640/4815/199 825/806/199 824/805/199
f 4639/4814/3497 4638/4813/3496 820/800/234
f 4639/4814/3497 820/800/234 805/786/228
f 4642/4817/198 4643/4818/198 822/803/198
f 4642/4817/198 822/803/198 821/802/198
f 4644/4819/198 4645/4820/198 780/763/198
f 4644/4819/198 780/763/198 779/762/198
f 783/767/221 4646/4821/15 4647/4822/15
f 783/767/221 828/810/15 4646/4821/15
f 783/767/221 4647/4822/15 827/808/15
f 871/4823/3498 872/4824/3499 4586/765/219
f 872/4824/3499 871/4823/3498 4650/4825/3500
f 874/4753/3466 873/4826/3501 4651/4827/3502
f 873/4826/3501 874/4753/3466 4652/4767/3479
f 4586/765/219 872/4824/3499 4653/766/220
f 872/4824/3499 4650/4825/3500 898/4828/3503
f 4657/4829/3504 4651/4827/3502 873/4826/3501
f 4665/4830/3505 4666/4831/3506 4667/4832/3507
f 4665/4830/3505 4667/4832/3507 4668/4833/3508
f 4669/4834/3509 4587/4755/3510 4670/4835/3511
f 4587/4755/3510 4669/4834/3509 4671/4836/3512
f 4587/4755/3510 4671/4836/3512 4672/4754/3513
f 880/4837/3514 875/4838/3515 881/4839/3516
f 4672/4754/3513 4671/4836/3512 836/819/3517
f 876/4840/3518 877/4841/3519 883/4842/3520
f 877/4841/3519 876/4840/3518 879/4843/3521
f 4681/4844/3522 4682/4845/3523 4684/4846/3524
f 4681/4844/3522 4684/4846/3524 4685/4847/3525
f 4677/4848/3526 4678/4849/3527 4686/4850/3528
f 4677/4848/3526 4686/4850/3528 4687/4851/3529
f 4702/4852/3530 4703/4853/3531 4704/4854/3532
f 4704/4854/3532 4703/4853/3531 4713/4855/3533
f 4713/4855/3534 4719/4856/3535 4720/4857/3536
f 4724/4858/3537 4725/4859/3538 4726/4860/3539
f 4724/4858/3537 4726/4860/3539 4727/4861/3540
f 4720/4857/3536 4719/4856/3535 4732/4862/3541
f 887/4863/3542 886/4864/3543 889/4865/3544
f 887/4863/3542 889/4865/3544 888/4866/3545
f 888/4866/3545 889/4865/3544 4736/4867/3546
f 4737/4868/3547 4738/4869/3548 4739/4870/3549
f 891/4871/3550 886/4864/3543 887/4863/3542
f 4741/4872/3551 4742/4873/3552 4747/4874/3551
f 4651/4827/3502 4657/4829/3504 894/4875/3553
f 898/4828/3503 4650/4825/3500 899/4876/3554
f 895/4877/3555 898/4828/3503 899/4876/3554
f 4586/765/219 8100/4878/15 871/4823/3498
f 8100/4878/15 4586/765/219 4650/4825/3556
f 4783/4879/3557 4649/4880/3558 4648/4881/3559
f 4585/4752/3465 4589/4756/3469 4652/4767/3479
f 4585/4752/3465 4652/4767/3479 874/4753/3466
f 4600/4770/199 4786/4882/199 4785/4883/199
f 4600/4770/199 4785/4883/199 4784/4884/199
f 4586/765/219 4591/4766/3478 4650/4825/3556
f 4600/4770/199 4787/4885/199 4786/4882/199
f 4788/4886/3560 4789/4887/3561 4653/4888/3562
f 770/4769/199 4787/4885/199 4600/4770/199
f 4656/4889/3563 4663/4890/3564 4655/4891/3565
f 4653/4888/3562 4789/4887/3561 7251/4892/3566
f 4650/4825/3556 4591/4766/3478 4676/4893/3567
f 4650/4825/3556 4676/4893/3567 8099/4876/3568
f 4655/4891/3565 4663/4890/3564 4662/4894/3569
f 770/4769/199 4608/4778/3486 4616/4787/3490
f 836/819/240 835/818/239 4588/4754/3467
f 882/4895/3570 8102/4896/3571 877/4841/3519
f 882/4895/3570 877/4841/3519 879/4843/3521
f 4685/4897/3572 4667/4898/102 4791/4899/102
f 4792/4900/3573 4781/4901/3574 4782/4902/3575
f 4792/4900/3573 4782/4902/3575 4793/4903/3576
f 4794/4904/199 4790/4905/3577 770/4769/199
f 4794/4904/199 770/4769/199 4617/4788/199
f 875/4838/3515 4660/4906/3578 881/4839/3516
f 4685/4897/3572 4791/4899/102 7776/4844/3579
f 4673/4907/3580 4797/4908/3581 4690/4909/3582
f 832/815/199 831/814/199 837/822/199
f 4798/4910/199 4790/4905/3577 4794/4904/199
f 882/4895/3570 883/4842/3583 8102/4896/3571
f 4656/4889/3563 4664/4911/3584 4675/4912/3585
f 4656/4889/3563 4675/4912/3585 4663/4890/3564
f 4673/4907/3580 4690/4909/3582 4689/4913/3586
f 4799/4914/3587 784/4783/198 785/4795/198
f 4802/4915/199 4803/4916/3588 4790/4905/3577
f 4802/4915/199 4790/4905/3577 4798/4910/199
f 4804/4917/3589 4805/4918/3590 4801/4919/3591
f 4804/4917/3589 4801/4919/3591 4800/4920/3592
f 4806/4921/3593 4622/4796/198 4619/4790/198
f 4667/4898/102 4685/4897/3572 6902/4922/102
f 4696/4923/3594 4664/4911/3584 4688/4924/3595
f 4808/4925/3596 4796/4926/3597 4795/4927/3598
f 4808/4925/3596 4795/4927/3598 4809/4928/3599
f 4810/4929/199 4811/4930/3600 4803/4916/3588
f 4810/4929/199 4803/4916/3588 4802/4915/199
f 839/821/199 838/820/199 4812/4931/3601
f 839/821/199 4812/4931/3601 4813/4932/199
f 4814/4933/198 4622/4796/198 4806/4921/3593
f 867/853/250 868/852/249 870/856/253
f 867/853/250 870/856/253 4659/855/252
f 4693/4934/3602 4815/4935/3603 4692/4936/3604
f 4694/4937/3605 4816/4938/3606 4695/4939/3607
f 4696/4923/3594 4675/4912/3585 4664/4911/3584
f 4687/4851/3529 4817/4940/3608 4694/4937/3605
f 4687/4851/3529 4694/4937/3605 4677/4848/3526
f 841/825/198 844/829/198 840/823/198
f 4818/4941/198 4814/4933/198 4806/4921/3593
f 776/4799/199 4819/4942/199 786/4943/199
f 4820/4944/199 4821/4945/3609 4811/4930/3600
f 4820/4944/199 4811/4930/3600 4810/4929/199
f 4813/4932/199 4812/4931/3601 4822/4946/3610
f 4813/4932/199 4822/4946/3610 4823/4947/199
f 4824/4948/3611 4825/4949/3612 4826/4950/3613
f 4824/4948/3611 4826/4950/3613 4827/4951/3614
f 4704/4952/3615 4699/4953/3616 4698/4954/3617
f 4711/4955/3618 4815/4935/3603 4693/4934/3602
f 4817/4940/3608 4816/4938/3606 4694/4937/3605
f 4828/4956/198 4818/4941/198 4806/4921/3593
f 4828/4956/198 4806/4921/3593 4829/4957/3619
f 775/761/199 4819/4942/199 776/4799/199
f 4830/4958/199 4831/4959/3620 4821/4945/3609
f 4830/4958/199 4821/4945/3609 4820/4944/199
f 4823/4947/199 4822/4946/3610 4832/4960/3621
f 4823/4947/199 4832/4960/3621 4833/4961/199
f 4704/4952/3615 4834/4962/3622 4699/4953/3616
f 4835/4963/199 4836/4964/199 4831/4959/3620
f 4835/4963/199 4831/4959/3620 4830/4958/199
f 4833/4961/199 4832/4960/3621 4837/4965/3623
f 4833/4961/199 4837/4965/3623 4838/4966/199
f 4839/4967/198 4828/4956/198 4829/4957/3619
f 4839/4967/198 4829/4957/3619 4840/4968/3624
f 846/828/198 4841/4969/198 4842/4970/198
f 846/828/198 4842/4970/198 845/827/198
f 4712/4971/3625 4711/4955/3618 4693/4934/3602
f 4712/4971/3625 4693/4934/3602 4697/4972/3626
f 884/4973/3627 4658/4974/3628 819/801/235
f 4843/4975/199 4844/4976/199 4836/4964/199
f 4843/4975/199 4836/4964/199 4835/4963/199
f 4838/4966/199 4837/4965/3623 4845/4977/199
f 4838/4966/199 4845/4977/199 4846/4978/199
f 4846/4978/199 4845/4977/199 4844/4976/199
f 4846/4978/199 4844/4976/199 4843/4975/199
f 4691/4979/3629 851/835/246 850/834/245
f 4691/4979/3629 850/834/245 4710/4980/3630
f 4847/4981/198 4839/4967/198 4840/4968/3624
f 4847/4981/198 4840/4968/3624 4848/4982/3631
f 4841/4969/198 4849/4983/198 4850/4984/3632
f 4841/4969/198 4850/4984/3632 4842/4970/198
f 4834/4962/3622 4732/4862/3541 4717/4985/3633
f 4718/4986/3634 4712/4971/3625 4697/4972/3626
f 4718/4986/3634 4697/4972/3626 4708/4987/3635
f 4704/4952/3615 4720/4857/3536 4834/4962/3622
f 4851/4988/3636 4716/4989/3637 4722/4990/3638
f 4625/4800/199 4852/4991/3639 775/761/199
f 4853/4992/198 4847/4981/198 4848/4982/3631
f 4853/4992/198 4848/4982/3631 4854/4993/198
f 4849/4983/198 4855/4994/198 4856/4995/3640
f 4849/4983/198 4856/4995/3640 4850/4984/3632
f 4729/4996/3641 4718/4986/3634 4708/4987/3635
f 4729/4996/3641 4708/4987/3635 4714/4997/3642
f 4857/4998/199 4852/4991/3639 4625/4800/199
f 4731/4999/3643 4729/4996/3641 4714/4997/3642
f 4731/4999/3643 4714/4997/3642 4716/4989/3637
f 4720/4857/3536 4732/4862/3541 4834/4962/3622
f 858/842/247 857/841/198 4628/5000/198
f 4858/5001/198 4853/4992/198 4854/4993/198
f 4858/5001/198 4854/4993/198 4859/5002/198
f 4855/4994/198 4860/5003/198 4861/5004/3644
f 4855/4994/198 4861/5004/3644 4856/4995/3640
f 4851/4988/3636 4731/4999/3643 4716/4989/3637
f 4862/5005/198 4858/5001/198 4859/5002/198
f 4862/5005/198 4859/5002/198 4863/5006/198
f 4860/5003/198 4864/5007/198 4865/5008/3645
f 4860/5003/198 4865/5008/3645 4861/5004/3644
f 853/837/199 852/836/199 859/845/199
f 4867/5009/199 4852/4991/3639 4857/4998/199
f 4864/5007/198 4862/5005/198 4863/5006/198
f 4864/5007/198 4863/5006/198 4865/5008/3645
f 4868/5010/199 4869/5011/3588 4852/4991/3639
f 4868/5010/199 4852/4991/3639 4867/5009/199
f 778/4804/198 4630/4806/3494 4872/5012/3646
f 4873/5013/199 4874/5014/3600 4869/5011/3588
f 4873/5013/199 4869/5011/3588 4868/5010/199
f 861/844/199 860/843/199 4875/5015/3647
f 861/844/199 4875/5015/3647 4876/5016/199
f 4739/4870/3549 4753/5017/3648 4750/5018/3649
f 4878/5019/199 4879/5020/3609 4874/5014/3600
f 4878/5019/199 4874/5014/3600 4873/5013/199
f 4876/5016/199 4875/5015/3647 4880/5021/3610
f 4876/5016/199 4880/5021/3610 4881/5022/199
f 4882/5023/198 4631/4807/198 856/840/198
f 4882/5023/198 856/840/198 4877/5024/3650
f 4883/5025/198 4882/5023/198 4877/5024/3650
f 4753/5017/3648 4884/5026/3651 4751/5027/3652
f 4753/5017/3648 4751/5027/3652 4750/5018/3649
f 4885/5028/199 4886/5029/3620 4879/5020/3609
f 4885/5028/199 4879/5020/3609 4878/5019/199
f 4881/5022/199 4880/5021/3610 4887/5030/3621
f 4881/5022/199 4887/5030/3621 4888/5031/199
f 4889/5032/199 4890/5033/199 4886/5029/3620
f 4889/5032/199 4886/5029/3620 4885/5028/199
f 4888/5031/199 4887/5030/3621 4891/5034/3623
f 4888/5031/199 4891/5034/3623 4892/5035/199
f 4893/5036/198 4883/5025/198 4877/5024/3650
f 4893/5036/198 4877/5024/3650 4894/5037/3653
f 866/850/198 4895/5038/198 4896/5039/198
f 866/850/198 4896/5039/198 864/848/198
f 4761/5040/3654 4905/5041/3655 4757/5042/3656
f 4897/5043/199 4898/5044/199 4890/5033/199
f 4897/5043/199 4890/5033/199 4889/5032/199
f 4892/5035/199 4891/5034/3623 4899/5045/199
f 4892/5035/199 4899/5045/199 4900/5046/199
f 4900/5046/199 4899/5045/199 4898/5044/199
f 4900/5046/199 4898/5044/199 4897/5043/199
f 4901/5047/198 4893/5036/198 4894/5037/3653
f 4901/5047/198 4894/5037/3653 4902/5048/3624
f 4895/5038/198 4903/5049/198 4904/5050/198
f 4895/5038/198 4904/5050/198 4896/5039/198
f 4906/5051/198 4901/5047/198 4902/5048/3624
f 4906/5051/198 4902/5048/3624 4907/5052/3631
f 4903/5049/198 4908/5053/198 4909/5054/3632
f 4903/5049/198 4909/5054/3632 4904/5050/198
f 4905/5041/3655 4774/5055/3657 6900/5056/3658
f 4774/5055/3657 4776/5057/3659 6900/5056/3658
f 4777/5058/3660 4775/5059/3661 4772/5060/3662
f 4910/5061/198 4906/5051/198 4907/5052/3631
f 4910/5061/198 4907/5052/3631 4911/5062/198
f 4908/5053/198 4912/5063/198 4913/5064/3640
f 4908/5053/198 4913/5064/3640 4909/5054/3632
f 4914/5065/198 4910/5061/198 4911/5062/198
f 4914/5065/198 4911/5062/198 4915/5066/198
f 4912/5063/198 4916/5067/198 4917/5068/3644
f 4912/5063/198 4917/5068/3644 4913/5064/3640
f 4918/5069/198 4914/5065/198 4915/5066/198
f 4918/5069/198 4915/5066/198 4919/5070/198
f 4916/5067/198 4920/5071/198 4921/5072/3645
f 4916/5067/198 4921/5072/3645 4917/5068/3644
f 4920/5071/198 4918/5069/198 4919/5070/198
f 4920/5071/198 4919/5070/198 4921/5072/3645
f 4800/4920/3592 4801/4919/3591 4922/5073/3663
f 4800/4920/3592 4922/5073/3663 4923/5074/3664
f 4587/4755/3468 8101/5075/3665 4651/4827/3502
f 4587/4755/3468 4651/4827/3502 893/5076/3666
f 4649/4880/3558 4783/4879/3557 4924/5077/3667
f 4923/5074/3664 4922/5073/3663 4925/5078/102
f 893/5076/3666 4651/4827/3502 894/4875/3553
f 4924/5077/3667 4783/4879/3557 4926/5079/3668
f 4923/5074/3664 4925/5078/102 7457/5080/102
f 893/5076/3666 894/4875/3553 4779/5081/3669
f 893/5076/3666 4779/5081/3669 4778/5082/3670
f 4926/5079/3668 4783/4879/3557 8108/5083/3671
f 8099/4876/3568 4676/4893/3567 895/4877/3672
f 6897/4860/102 4866/4872/102 6898/5084/102
f 4866/4872/102 6897/4860/102 6899/4859/102
f 885/5085/3673 7715/5086/3674 4730/5087/3675
f 885/5085/3673 4730/5087/3675 890/5088/3676
f 819/801/235 4658/4974/3628 4652/4767/3479
f 8101/5075/3665 4587/4755/3468 874/4753/3466
f 4927/5089/3677 847/831/242 7252/830/241
f 4707/5090/3678 4723/5091/3679 849/833/3680
f 4707/5090/3678 849/833/3680 4706/5092/3681
f 4721/5093/3682 4733/5094/3683 4723/5091/3679
f 4721/5093/3682 4723/5091/3679 4707/5090/3678
f 4754/5095/3684 4733/5094/3683 4721/5093/3682
f 4754/5095/3684 4721/5093/3682 4743/5096/3685
f 4759/5097/3686 4758/5098/3687 4748/5099/3688
f 4759/5097/3686 4748/5099/3688 4749/5100/3689
f 4764/5101/3690 4759/5097/3686 4749/5100/3689
f 4764/5101/3690 4749/5100/3689 4755/5102/3691
f 4770/5103/3692 4764/5101/3690 4755/5102/3691
f 4770/5103/3692 4755/5102/3691 4762/5104/3693
f 4773/5105/3694 4770/5103/3692 4762/5104/3693
f 4773/5105/3694 4762/5104/3693 4766/5106/3695
f 4775/5059/3661 4773/5105/3694 4766/5106/3695
f 4775/5059/3661 4766/5106/3695 4768/5107/3696
f 4772/5060/3662 4775/5059/3661 4768/5107/3696
f 6900/5056/3658 4776/5057/3659 4769/5108/3697
f 4757/5042/3656 4905/5041/3655 6900/5056/3658
f 4761/5040/3654 4757/5042/3656 4756/5109/3698
f 4739/4870/3549 4750/5018/3649 4737/4868/3547
f 4871/5110/3699 4870/5111/3700 4928/5112/3701
f 4871/5110/3699 4928/5112/3701 4929/5113/3702
f 891/4871/3703 4746/5114/3704 8103/4865/3705
f 891/4871/3703 8103/4865/3705 8328/4864/3706
f 4735/5115/3707 4745/5116/3708 4744/5117/3709
f 4735/5115/3707 7212/5118/3710 4745/5116/3708
f 4795/4927/3598 4796/4926/3597 4934/5119/3711
f 4935/5120/3712 884/4973/3627 819/801/235
f 836/819/240 4935/5120/3712 819/801/235
f 4809/4928/3599 4936/5121/3713 4808/4925/3596
f 4929/5113/3702 4928/5112/3701 4937/5122/3714
f 900/893/288 946/902/297 944/900/295
f 900/893/288 944/900/295 4939/5123/3715
f 4938/5124/3716 5006/5125/3717 5015/5126/3718
f 900/893/288 4939/5123/3715 5020/5127/3719
f 4938/5124/3716 5015/5126/3718 5017/5128/3720
f 4941/5129/3721 4940/5130/3722 4942/5131/3723
f 4942/5131/3723 4940/5130/3722 4938/5124/3716
f 4942/5131/3723 4938/5124/3716 4943/5132/3724
f 4943/5132/3724 4938/5124/3716 4944/5133/3725
f 4945/5134/199 4947/5135/3726 4946/5136/199
f 4948/5137/3727 4949/5138/3728 5022/5139/3729
f 4948/5137/3727 5022/5139/3729 4950/5140/3730
f 4951/5141/3731 4952/5142/3732 5041/5143/3733
f 4955/5144/3734 4956/5145/3734 4957/5146/3734
f 4955/5144/3734 4957/5146/3734 4958/4873/3734
f 901/5147/3735 4959/5148/198 4960/5149/198
f 901/5147/3735 4960/5149/198 4961/5150/198
f 902/5151/3736 901/5147/3735 4962/5152/198
f 902/5151/3736 4962/5152/198 4963/5153/3735
f 901/5147/3735 4961/5150/198 4962/5152/198
f 4953/5154/3737 4954/5155/3738 4966/5156/3739
f 4951/5141/3731 4968/5157/3740 4952/5142/3732
f 4969/5158/24 4970/5159/24 4971/5160/24
f 4969/5158/24 4971/5160/24 4972/5161/24
f 4973/5162/102 4974/5163/102 4975/5164/102
f 4973/5162/102 4975/5164/102 4976/5165/102
f 4977/5166/199 4978/5167/199 4979/5168/199
f 4980/5169/3741 4981/5170/3742 4982/5171/3743
f 4980/5169/3741 4982/5171/3743 4983/5172/3744
f 4984/5173/198 4985/5174/3745 4986/5175/198
f 4984/5173/198 4986/5175/198 4987/5176/198
f 950/5177/3746 4992/902/3747 952/5178/3748
f 7649/5179/3749 952/5178/3748 4992/902/3747
f 4997/5180/3750 4998/5181/3751 4999/5182/3752
f 4999/5182/3752 4998/5181/3751 5000/5183/3753
f 953/5184/3754 5005/5185/3755 5007/5186/3756
f 5007/5186/3756 5005/5185/3755 5010/5187/3757
f 943/899/294 945/901/296 954/5188/3758
f 955/5189/3759 5019/5190/3760 5020/5127/3719
f 5020/5127/3719 5019/5190/3760 960/5191/3761
f 5027/5192/3762 5048/5193/3763 5028/5194/3764
f 5029/5195/3765 5027/5192/3762 960/5191/3761
f 956/5196/3766 5030/5197/3767 5031/5198/3768
f 957/5199/3769 5032/5200/3770 5033/5201/3771
f 7631/5202/3772 5039/5203/3772 5040/5204/3772
f 5032/5200/3770 5026/895/290 5046/5205/3773
f 5053/5206/3774 5054/5207/3775 5055/5208/3776
f 5031/5198/3768 5030/5197/3767 5058/5209/3777
f 964/5210/3778 963/5211/3779 5059/5212/3780
f 964/5210/3778 5059/5212/3780 5060/5213/3781
f 5053/5206/3774 5055/5208/3776 5061/5214/3782
f 5046/5205/3773 5026/895/290 5048/5193/3763
f 5056/5215/3783 5057/5216/3784 5055/5208/3776
f 5028/5194/3764 5048/5193/3763 5026/895/290
f 5061/5214/3782 5055/5208/3776 5057/5216/3784
f 5063/5217/3785 5064/5218/198 913/871/267
f 5065/5219/3786 5066/5220/3746 5067/5221/3787
f 5065/5219/3786 5067/5221/3787 5068/5222/199
f 6889/5181/3788 4994/864/260 907/862/258
f 953/5223/3789 5006/5125/3717 4938/5124/3716
f 953/5223/3789 4938/5124/3716 6888/5224/3790
f 5069/5225/3791 4996/5226/3792 6893/5227/3793
f 5001/5228/3794 5002/5229/3795 4991/5230/3796
f 5001/5228/3794 4991/5230/3796 4990/5231/3797
f 6890/5232/3798 5070/5233/3799 5071/5234/3800
f 6890/5232/3798 5071/5234/3800 6894/5227/3801
f 5072/5235/3802 7651/5236/102 6896/5237/3803
f 5072/5235/3802 6896/5237/3803 903/857/254
f 913/871/267 5064/5218/198 5073/5238/3804
f 913/871/267 5073/5238/3804 914/5239/3805
f 5072/5235/3802 903/857/254 905/859/256
f 5074/5240/3806 5037/5241/3807 5038/5242/3808
f 5074/5240/3806 5038/5242/3808 5075/5243/3809
f 4939/5123/3715 7934/5244/3810 5020/5127/3719
f 5076/5245/3811 906/860/257 904/858/255
f 6888/5224/3790 4938/5124/3716 4940/5130/3722
f 5077/5246/3812 6888/5224/3790 4940/5130/3722
f 5077/5246/3812 4940/5130/3722 4941/5129/3721
f 913/871/267 914/5239/3805 918/872/268
f 924/898/293 923/877/272 5034/5247/3813
f 924/898/293 5034/5247/3813 5024/5248/3814
f 5076/5245/3811 904/858/255 4965/5249/3815
f 5076/5245/3811 4965/5249/3815 5078/5250/3816
f 5079/5251/3817 5056/5215/3783 5080/5252/3818
f 5024/5248/3814 5034/5247/3813 931/886/281
f 5081/5253/198 5082/5254/3819 5083/5255/3820
f 5081/5253/198 5083/5255/3820 5084/5256/198
f 6884/5257/3821 905/859/256 906/860/257
f 6884/5257/3821 906/860/257 5018/5258/3822
f 5085/5259/3823 5086/5260/3824 5087/5261/199
f 5085/5259/3823 5087/5261/199 5088/5262/199
f 932/885/280 5024/5248/3814 931/886/281
f 920/874/270 915/868/264 5089/5263/199
f 4947/5135/3726 4945/5134/199 5090/5264/3825
f 5091/5265/3826 911/866/262 910/865/261
f 5091/5265/3826 910/865/261 949/5266/199
f 900/893/288 5026/895/290 957/5199/3769
f 7650/5179/3827 946/902/297 900/893/288
f 4995/5267/3828 4996/5226/3792 5069/5225/3791
f 5020/5127/3719 960/5191/3761 5028/5194/3764
f 5028/5194/3764 940/894/289 5020/5127/3719
f 930/883/278 929/882/277 961/5268/3829
f 5052/5269/3830 5092/5270/3831 5051/5271/3832
f 926/879/274 925/878/273 962/5272/3833
f 5079/5251/3817 5058/5209/3834 5057/5216/3784
f 5079/5251/3817 5057/5216/3784 5056/5215/3783
f 5059/5212/3780 5093/5273/3835 5053/5206/3836
f 5094/5274/3837 5095/5275/3838 5096/5276/3839
f 5062/5277/3840 5060/5213/3781 5053/5206/3836
f 5062/5277/3840 5053/5206/3836 5057/5216/3784
f 5097/5278/3841 5094/5274/3837 5092/5270/3831
f 5060/5213/3781 5059/5212/3780 5053/5206/3836
f 5095/5275/3838 5094/5274/3837 5097/5278/3841
f 5097/5278/3841 5092/5270/3831 5052/5269/3830
f 5058/5209/3834 5062/5277/3840 5057/5216/3784
f 4966/5156/3739 4954/5155/3738 5044/5279/3842
f 5036/5280/3843 4965/5249/3815 4964/5281/3844
f 5078/5250/3816 4965/5249/3815 5036/5280/3843
f 5028/5194/3764 960/5191/3761 5027/5192/3762
f 956/5196/3766 5031/5198/3768 5098/5282/3845
f 956/5283/3846 5099/5284/3847 5100/5197/3848
f 956/5283/3846 5101/5285/3849 5099/5284/3847
f 964/5210/3850 5101/5285/3849 956/5283/3846
f 964/5210/3850 5102/5286/3851 5101/5285/3849
f 964/5210/3850 5103/5287/3852 5102/5286/3851
f 957/5199/3769 5026/895/290 5032/5200/3770
f 6895/5288/3853 4967/5141/3854 5041/5289/3855
f 6895/5288/3853 5041/5289/3855 5045/5290/3856
f 4954/5155/3738 4953/5154/3737 5045/5291/3857
f 5104/5292/3858 934/887/282 936/889/284
f 5105/5293/3859 5106/5294/3860 5107/5295/3861
f 5108/5296/3862 5105/5293/3859 5107/5295/3861
f 938/891/286 5109/5297/3863 939/892/287
f 5020/5127/3719 940/894/289 900/893/288
f 910/865/261 912/867/263 941/896/291
f 6892/5298/3864 4994/864/260 6889/5181/3788
f 6892/5298/3864 6889/5181/3788 6891/5299/103
f 4985/5174/3745 4984/5173/198 5110/5300/3865
f 4977/5166/199 5111/5301/199 5112/5302/199
f 4977/5166/199 5112/5302/199 4978/5167/199
f 5015/5126/3718 5006/5125/3717 6887/5303/3866
f 5015/5126/3718 6887/5303/3866 5016/5304/3867
f 4991/5230/3796 5002/5229/3795 5004/5305/3868
f 5122/5306/24 5123/5307/24 5124/5308/24
f 5117/5309/15 5125/5310/15 5126/5311/15
f 5124/5308/24 5123/5307/24 5127/5312/24
f 5126/5311/15 5125/5310/15 5128/5313/15
f 5126/5311/15 5128/5313/15 5129/5314/15
f 5124/5308/24 5127/5312/24 5130/5315/24
f 5124/5308/24 5130/5315/24 5131/5316/24
f 5129/5314/15 5128/5313/15 5132/5317/15
f 5131/5316/24 5130/5315/24 5133/5318/24
f 5117/5309/15 5118/5319/15 5125/5310/15
f 5135/5320/3869 5136/5321/3870 5120/5322/3871
f 5138/5323/3872 5152/5324/3873 5153/5325/3874
f 5162/5326/3875 5146/5327/3876 5161/5328/3877
f 5162/5326/3875 5161/5328/3877 5140/5329/3878
f 5163/5330/3879 5164/5331/3880 5159/5332/3881
f 5163/5330/3879 5159/5332/3881 5149/5333/3882
f 5138/5323/3872 5154/5334/3883 5155/5335/3884
f 5137/5336/3885 5154/5334/3883 5138/5323/3872
f 5165/5337/3886 5150/5338/3887 5144/5339/3888
f 5165/5337/3886 5144/5339/3888 5143/5340/3889
f 5146/5327/3876 5162/5326/3875 5145/5341/3890
f 5159/5332/3881 5148/5342/3891 5149/5333/3882
f 967/5343/3892 968/5344/3893 5151/5345/3894
f 967/5343/3892 5151/5345/3894 5166/5346/3895
f 5138/5323/3872 5155/5335/3884 5152/5324/3873
f 5167/5347/3896 5154/5334/3883 5137/5336/3885
f 5166/5346/3895 5151/5345/3894 5168/5348/3897
f 5166/5346/3895 5168/5348/3897 5139/5349/3898
f 5152/5324/3873 5155/5335/3884 5164/5331/3880
f 5152/5324/3873 5164/5331/3880 5163/5330/3879
f 5161/5328/3877 5167/5347/3896 5137/5336/3885
f 5161/5328/3877 5137/5336/3885 5140/5329/3878
f 5139/5349/3898 5168/5348/3897 5150/5338/3887
f 5139/5349/3898 5150/5338/3887 5165/5337/3886
f 5142/5350/3899 5156/5351/3900 5147/5352/3901
f 5142/5350/3899 5147/5352/3901 5141/5353/3902
f 5169/5354/3903 966/5355/3904 965/5356/3905
f 5169/5354/3903 965/5356/3905 5170/5357/3906
f 5171/5358/3907 5172/5359/3908 5158/5360/3909
f 5169/5354/3903 5170/5357/3906 5172/5359/3908
f 5169/5354/3903 5172/5359/3908 5173/5361/3910
f 5173/5361/3910 5172/5359/3908 5171/5358/3907
f 5171/5358/3907 5158/5360/3909 5157/5362/3911
f 5155/5335/3884 5176/5363/3912 5164/5331/3880
f 5160/5364/3913 5158/5360/3909 5172/5359/3908
f 5161/5328/3877 5177/5365/3914 5167/5347/3896
f 5137/5336/3885 5178/5366/3915 5140/5329/3878
f 5163/5330/3879 5179/5367/3916 5152/5324/3873
f 5154/5334/3883 5167/5347/3896 5180/5368/3917
f 5181/5369/3918 5182/5370/3919 5183/5371/3920
f 5187/5372/3921 5186/5373/3922 5188/5374/3923
f 5198/5375/3924 5194/5376/3925 5195/5377/3926
f 5204/5378/3927 5205/5379/3928 5206/5380/3929
f 5188/5374/3923 5198/5375/3924 5187/5372/3921
f 5191/5381/3930 5197/5382/3931 5190/5383/3932
f 5209/5384/3933 5184/5385/3934 5210/5386/3935
f 5187/5372/3921 5209/5384/3933 5210/5386/3935
f 5183/5371/3920 5204/5378/3927 5211/5387/3936
f 5183/5371/3920 5211/5387/3936 5181/5369/3918
f 5212/5388/3937 5205/5379/3928 5204/5378/3927
f 5212/5388/3937 5204/5378/3927 5183/5371/3920
f 5213/5389/3938 5214/5390/3939 5205/5379/3928
f 5213/5389/3938 5205/5379/3928 5212/5388/3937
f 5199/5391/3940 5200/5392/3941 5215/5393/3942
f 5199/5391/3940 5215/5393/3942 5196/5394/3943
f 5189/5395/3944 5216/5396/3945 5193/5397/3946
f 5189/5395/3944 5193/5397/3946 5192/5398/3947
f 5196/5394/3943 5215/5393/3942 5214/5390/3939
f 5196/5394/3943 5214/5390/3939 5213/5389/3938
f 5181/5369/3918 5211/5387/3936 5217/5399/3948
f 5181/5369/3918 5217/5399/3948 5218/5400/3949
f 5218/5400/3949 5217/5399/3948 5216/5396/3945
f 5218/5400/3949 5216/5396/3945 5189/5395/3944
f 5202/5401/3950 5223/5402/3951 5208/5403/3952
f 5202/5401/3950 5208/5403/3952 5219/5404/3953
f 5202/5401/3950 5219/5404/3953 5220/5405/3954
f 5202/5401/3950 5220/5405/3954 5221/5406/3955
f 5222/5407/3956 5202/5401/3950 5203/5408/3957
f 5223/5402/3951 5202/5401/3950 5222/5407/3956
f 5208/5403/3952 5223/5402/3951 5207/5409/3958
f 5197/5382/3931 5191/5381/3930 5201/5410/3959
f 5198/5375/3924 5195/5377/3926 5187/5372/3921
f 5209/5384/3933 5187/5372/3921 5195/5377/3926
f 5224/5411/3960 5184/5385/3934 5209/5384/3933
f 5225/5412/3961 5181/5369/3918 5218/5400/3949
f 5224/5411/3960 5185/5413/3962 5184/5385/3934
f 5226/5414/3963 5212/5388/3937 5183/5371/3920
f 5212/5388/3937 5227/5415/3964 5213/5389/3938
f 5211/5387/3936 5228/5416/3965 5217/5399/3948
f 5229/5417/3966 5211/5387/3936 5204/5378/3927
f 5230/5418/3967 5205/5379/3928 5214/5390/3939
f 5223/5402/3951 5231/5419/3968 5207/5409/3958
f 5208/5403/3952 5232/5420/3969 5219/5404/3953
f 5235/5421/3970 5233/5422/3971 5234/5423/3972
f 5235/5421/3970 5234/5423/3972 969/5424/3973
f 969/5424/3973 970/5425/3974 5235/5421/3970
f 5234/5423/3972 5233/5422/3971 5236/5426/3975
f 5237/5427/3976 5238/5428/3977 5239/5429/3978
f 5240/5430/3979 973/5431/3980 6901/5432/3981
f 5237/5427/3976 5239/5429/3978 5241/5433/3982
f 973/5431/3980 7347/5434/3983 6901/5432/3981
f 973/5431/3980 7072/5435/3984 7347/5434/3983
f 971/5436/3985 5237/5427/3976 5241/5433/3982
f 971/5436/3985 5241/5433/3982 972/5437/3986
f 5238/5428/3977 975/906/301 974/905/300
f 5238/5428/3977 974/905/300 5239/5429/3978
f 977/908/303 5240/5430/3979 6901/5432/3981
f 977/908/303 6901/5432/3981 978/909/304
f 973/5431/3980 7107/5438/3987 7072/5435/3984
f 5242/5439/3988 5243/5440/3989 7467/908/3990
f 5242/5439/3988 7467/908/3990 5247/5441/3991
f 5234/5423/3972 5236/5426/3975 5244/5442/3992
f 5234/5423/3972 5244/5442/3992 5245/5443/3993
f 974/905/300 976/907/302 5246/5444/3994
f 5242/5439/3988 5247/5441/3991 5248/5445/3995
f 979/910/305 978/909/304 6875/5446/3996
f 5245/5443/3993 5244/5442/3992 5249/5447/3997
f 974/905/300 5246/5444/3994 5250/5448/3998
f 974/905/300 5250/5448/3998 5251/5449/3999
f 5248/5445/3995 5247/5441/3991 5252/5450/4000
f 5248/5445/3995 5252/5450/4000 5253/5451/4001
f 6875/5446/3996 978/909/304 984/915/310
f 5245/5443/3993 5249/5447/3997 5254/5452/4002
f 5245/5443/3993 5254/5452/4002 8128/5453/4003
f 5251/5449/3999 5250/5448/3998 5255/5454/4004
f 5253/5451/4001 5252/5450/4000 983/914/309
f 5253/5451/4001 983/914/309 981/912/307
f 6875/5446/3996 984/915/310 8127/914/312
f 8128/5453/4003 5254/5452/4002 5256/5455/4005
f 8128/5453/4003 5256/5455/4005 8292/916/4006
f 5255/5454/4004 5250/5448/3998 5257/5456/4007
f 5260/5457/4008 986/5458/4009 5259/5459/4010
f 5260/5457/4008 5259/5459/4010 5258/5460/4011
f 986/5458/4009 5260/5457/4008 987/5461/4012
f 5259/5459/4010 5261/5462/4013 5258/5460/4011
f 5262/5463/4014 5264/5464/4015 5263/5465/4016
f 994/920/317 6874/5466/4017 7229/5467/4018
f 994/920/317 7229/5467/4018 990/5468/4019
f 990/5468/4019 7229/5467/4018 8129/5469/4020
f 988/5470/4021 989/5471/4022 5264/5464/4015
f 988/5470/4021 5264/5464/4015 5262/5463/4014
f 5262/5463/4014 5263/5465/4016 991/917/314
f 5262/5463/4014 991/917/314 993/919/316
f 994/920/317 996/922/319 6874/5466/4017
f 990/5468/4019 8129/5469/4020 7288/5472/4023
f 5265/5473/4024 5271/5474/4025 8130/5475/4026
f 5265/5473/4024 8130/5475/4026 5266/5476/4027
f 5259/5459/4010 5267/5477/4028 5268/5478/4029
f 5259/5459/4010 5268/5478/4029 5261/5462/4013
f 991/917/314 5269/5479/4030 992/918/315
f 5265/5473/4024 5270/5480/4031 5271/5474/4025
f 995/921/318 6873/5481/4032 996/922/319
f 5267/5477/4028 5272/5482/4033 5268/5478/4029
f 991/917/314 5273/5483/4034 5274/5484/4035
f 991/917/314 5274/5484/4035 5269/5479/4030
f 5270/5480/4031 5275/5485/4036 5276/5486/4037
f 5270/5480/4031 5276/5486/4037 5271/5474/4025
f 6873/5481/4032 1001/927/322 996/922/319
f 5267/5477/4028 7930/5487/4038 5277/5488/4039
f 5267/5477/4028 5277/5488/4039 5272/5482/4033
f 5273/5483/4034 5278/5489/4040 5274/5484/4035
f 5275/5485/4036 999/925/320 1000/926/321
f 5275/5485/4036 1000/926/321 5276/5486/4037
f 6873/5481/4032 7153/926/323 1001/927/322
f 7930/5487/4038 8293/928/4006 5279/5490/4005
f 7930/5487/4038 5279/5490/4005 5277/5488/4039
f 5278/5489/4040 5280/5491/4041 5274/5484/4035
f 1018/944/328 5281/5492/4042 1019/945/329
f 5282/5493/4043 1043/5494/4044 1025/951/335
f 5283/5495/4045 5284/5496/4046 5285/5497/4047
f 5283/5495/4045 5285/5497/4047 5286/5498/4048
f 5287/5499/4049 5283/5495/4045 5286/5498/4048
f 5287/5499/4049 5286/5498/4048 5288/5500/4050
f 5289/5501/4051 5287/5499/4049 5288/5500/4050
f 5289/5501/4051 5288/5500/4050 5290/5502/4052
f 5291/5503/4053 5289/5501/4051 5290/5502/4052
f 5291/5503/4053 5290/5502/4052 5292/5504/4054
f 5293/5505/4055 5291/5503/4053 5292/5504/4054
f 5293/5505/4055 5292/5504/4054 5294/5506/4056
f 5295/5507/4057 5293/5505/4055 5294/5506/4056
f 5295/5507/4057 5294/5506/4056 5296/5508/4058
f 5297/5509/4059 5310/5510/4060 5298/5511/4061
f 5299/5512/4062 5297/5509/4059 5298/5511/4061
f 5299/5512/4062 5298/5511/4061 5300/5513/4063
f 5301/5514/4064 5302/5515/4065 5303/5516/4066
f 5301/5514/4064 5303/5516/4066 5304/5517/4067
f 5305/5518/4068 5301/5514/4064 5304/5517/4067
f 5305/5518/4068 5304/5517/4067 5306/5519/4069
f 5305/5518/4068 5306/5519/4069 5307/5520/4070
f 5308/5521/4071 5305/5518/4068 5307/5520/4070
f 5308/5521/4071 5307/5520/4070 5309/5522/4072
f 5310/5510/4060 5308/5521/4071 5309/5522/4072
f 5310/5510/4060 5309/5522/4072 5311/5523/4073
f 5310/5510/4060 5311/5523/4073 5298/5511/4061
f 5314/5524/4074 1044/5525/4075 1038/5526/4076
f 5312/5527/4077 5313/5528/4078 5322/5529/4079
f 5315/5530/4080 5316/5531/4081 5324/5532/4082
f 5314/5524/4074 1038/5526/4076 5323/5533/4083
f 5319/5534/4084 5315/5530/4080 5324/5532/4082
f 5319/5534/4084 5324/5532/4082 5326/5535/4085
f 5313/5528/4078 5320/5536/4086 5327/5537/4087
f 5313/5528/4078 5327/5537/4087 5322/5529/4079
f 5320/5536/4088 5321/5538/4089 5328/5539/4090
f 5320/5536/4088 5328/5539/4090 7036/5540/4091
f 5329/5541/4092 5314/5524/4074 5323/5533/4083
f 5330/5542/4093 1044/5525/4075 5314/5524/4074
f 5330/5542/4093 5331/5543/4094 1044/5525/4075
f 5332/5544/4095 5315/5530/4080 5319/5534/4084
f 5315/5530/4080 5333/5545/4096 5316/5531/4081
f 5334/5546/4097 5313/5528/4078 5312/5527/4077
f 5317/5547/4098 6859/5544/4099 6861/5548/4100
f 5317/5547/4098 6861/5548/4100 5318/5549/4101
f 5325/5550/4102 5318/5549/4101 6861/5548/4100
f 5325/5550/4102 6861/5548/4100 6858/5551/4103
f 5312/5527/4077 5322/5529/4079 5335/5552/4104
f 5323/5533/4083 1038/5526/4076 5336/5553/15
f 5326/5535/4085 5324/5532/4082 5337/5554/4105
f 7036/5540/4091 5328/5539/4090 6857/5555/4106
f 5337/5554/4105 5324/5532/4082 5340/5556/4107
f 5337/5554/4105 5340/5556/4107 5342/5557/4108
f 5322/5529/4079 5339/5558/4109 5335/5552/4104
f 5325/5550/4102 6858/5551/4103 5341/5557/4110
f 5335/5552/4104 5343/5559/4111 5344/5560/4112
f 5325/5550/4102 5341/5557/4110 5346/5561/4113
f 5325/5550/4102 5346/5561/4113 5347/5562/4114
f 5338/5563/4115 6856/5564/4116 1038/5526/4076
f 5342/5557/4108 5340/5556/4107 5345/5565/4117
f 5342/5557/4108 5345/5565/4117 5348/5566/4118
f 5335/5552/4104 5339/5558/4109 5349/5567/4119
f 5335/5552/4104 5349/5567/4119 5343/5559/4111
f 6857/5555/4106 5328/5539/4090 5350/5568/4120
f 6857/5555/4106 5350/5568/4120 6854/5569/4121
f 5336/5553/15 1038/5526/4076 1032/958/342
f 1038/5526/4076 6856/5564/4116 6855/5570/4115
f 5348/5566/4118 5345/5565/4117 5352/5571/4122
f 5343/5559/4111 5353/5572/4123 5354/5573/4124
f 5345/5565/4117 5351/5574/4125 5356/5575/4126
f 5347/5562/4114 5346/5561/4113 5357/5576/4127
f 1038/5526/4076 6855/5570/4115 5358/5577/4128
f 1038/5526/4076 5358/5577/4128 5355/5578/4129
f 5352/5571/4122 5345/5565/4117 5356/5575/4126
f 5352/5571/4122 5356/5575/4126 5359/5579/4130
f 5360/5580/4131 5353/5572/4123 5343/5559/4111
f 5360/5580/4131 5343/5559/4111 5349/5567/4119
f 1032/958/342 1038/5526/4076 5355/5578/4129
f 1032/958/342 5355/5578/4129 1033/959/343
f 6854/5569/4121 5350/5568/4120 7468/959/4132
f 6854/5569/4121 7468/959/4132 8122/5580/4133
f 5346/5561/4113 5359/5579/4134 5357/5576/4127
f 5298/5511/4061 5361/5581/4135 5362/5582/4136
f 5300/5513/4063 5298/5511/4061 5362/5582/4136
f 5300/5513/4063 5362/5582/4136 5363/5583/4137
f 5304/5517/4067 5303/5516/4066 5364/5584/4138
f 5304/5517/4067 5364/5584/4138 5365/5585/4139
f 5304/5517/4067 5365/5585/4139 5366/5586/4140
f 5306/5519/4069 5304/5517/4067 5366/5586/4140
f 5306/5519/4069 5366/5586/4140 5367/5587/4141
f 5307/5520/4070 5306/5519/4069 5367/5587/4141
f 5307/5520/4070 5367/5587/4141 5368/5588/4142
f 5309/5522/4072 5307/5520/4070 5368/5588/4142
f 5309/5522/4072 5368/5588/4142 5369/5589/4143
f 5309/5522/4072 5369/5589/4143 5370/5590/4144
f 5311/5523/4073 5309/5522/4072 5370/5590/4144
f 5311/5523/4073 5370/5590/4144 5371/5591/4145
f 5298/5511/4061 5311/5523/4073 5371/5591/4145
f 5298/5511/4061 5371/5591/4145 5361/5581/4135
f 5362/5582/4136 5361/5581/4135 5372/5592/4146
f 5362/5582/4136 5372/5592/4146 5373/5593/4147
f 5363/5583/4137 5362/5582/4136 5373/5593/4147
f 5364/5584/4138 5374/5594/4148 5375/5595/4149
f 5365/5585/4139 5364/5584/4138 5375/5595/4149
f 5365/5585/4139 5375/5595/4149 5376/5596/4150
f 5366/5586/4140 5365/5585/4139 5376/5596/4150
f 5366/5586/4140 5376/5596/4150 5377/5597/4151
f 5367/5587/4141 5366/5586/4140 5377/5597/4151
f 5367/5587/4141 5377/5597/4151 5378/5598/4152
f 5367/5587/4141 5378/5598/4152 5379/5599/4153
f 5368/5588/4142 5367/5587/4141 5379/5599/4153
f 5368/5588/4142 5379/5599/4153 5380/5600/4154
f 5369/5589/4143 5368/5588/4142 5380/5600/4154
f 5369/5589/4143 5380/5600/4154 5381/5601/4155
f 5370/5590/4144 5369/5589/4143 5381/5601/4155
f 5371/5591/4145 5370/5590/4144 5382/5602/4156
f 5361/5581/4135 5371/5591/4145 5382/5602/4156
f 5361/5581/4135 5382/5602/4156 5372/5592/4146
f 5373/5593/4147 5372/5592/4146 5383/5603/4157
f 5373/5593/4147 5383/5603/4157 5384/5604/4158
f 5363/5583/4137 5373/5593/4147 5384/5604/4158
f 5363/5583/4137 5384/5604/4158 5385/5605/4159
f 5375/5595/4149 5374/5594/4148 5386/5606/4160
f 5375/5595/4149 5386/5606/4160 5387/5607/4161
f 5376/5596/4150 5375/5595/4149 5387/5607/4161
f 5376/5596/4150 5387/5607/4161 5388/5608/4162
f 5377/5597/4151 5376/5596/4150 5388/5608/4162
f 5377/5597/4151 5388/5608/4162 5389/5609/4163
f 5378/5598/4152 5377/5597/4151 5389/5609/4163
f 5378/5598/4152 5389/5609/4163 5390/5610/4164
f 5379/5599/4153 5378/5598/4152 5390/5610/4164
f 5379/5599/4153 5390/5610/4164 1034/5611/4165
f 5380/5600/4154 5379/5599/4153 1034/5611/4165
f 5380/5600/4154 1034/5611/4165 5391/5612/4166
f 5381/5601/4155 5380/5600/4154 5391/5612/4166
f 5381/5601/4155 5391/5612/4166 5392/5613/4167
f 5370/5590/4144 5381/5601/4155 5392/5613/4167
f 5370/5590/4144 5392/5613/4167 5393/5614/4168
f 5382/5602/4156 5370/5590/4144 5393/5614/4168
f 5382/5602/4156 5393/5614/4168 5394/5615/4169
f 5372/5592/4146 5382/5602/4156 5394/5615/4169
f 5372/5592/4146 5394/5615/4169 5383/5603/4157
f 5395/5616/4170 5396/5617/4171 5397/5618/4172
f 5398/5619/4173 5395/5616/4170 5397/5618/4172
f 5398/5619/4173 5397/5618/4172 5399/5620/4174
f 5400/5621/4175 5398/5619/4173 5399/5620/4174
f 5400/5621/4175 5399/5620/4174 5401/5622/4176
f 5400/5621/4175 5401/5622/4176 5402/5623/4177
f 5403/5624/4178 5400/5621/4175 5402/5623/4177
f 5403/5624/4178 5402/5623/4177 5404/5625/4179
f 5405/5626/4180 5403/5624/4178 5404/5625/4179
f 5405/5626/4180 5404/5625/4179 5406/5627/4181
f 5407/5628/4182 5408/5629/4183 5409/5630/4184
f 5411/5631/4185 5407/5628/4182 5409/5630/4184
f 5411/5631/4185 5409/5630/4184 5410/5632/4186
f 5411/5633/4187 5412/5634/4188 5413/5635/4189
f 5414/5636/4190 5411/5633/4187 5413/5635/4189
f 5414/5636/4190 5413/5635/4189 5415/5637/4191
f 5414/5636/4190 5415/5637/4191 5416/5638/4192
f 5395/5616/4170 5414/5636/4190 5416/5638/4192
f 5395/5616/4170 5416/5638/4192 5417/5639/4193
f 5395/5616/4170 5417/5639/4193 5396/5617/4171
f 5412/5634/4188 5411/5633/4187 6860/5632/4194
f 5389/5609/4163 5388/5608/4162 5418/5640/4195
f 1035/960/199 1037/962/344 5419/5641/4196
f 5420/5642/199 1036/961/199 1035/960/199
f 5421/5643/199 5422/5644/199 5423/5645/199
f 5421/5643/199 5423/5645/199 5424/5646/199
f 5426/5647/4197 5428/5648/4198 6850/5649/4199
f 5425/5650/4200 5427/5651/4201 5429/5652/4202
f 5426/5647/4197 5430/5653/4203 5431/5654/4204
f 5426/5647/4197 5431/5654/4204 5428/5648/4198
f 5432/5655/4205 5425/5650/4200 5429/5652/4202
f 5430/5653/4203 5433/5656/4206 5434/5657/4207
f 5430/5653/4203 5434/5657/4207 5431/5654/4204
f 5435/5658/4208 8131/5659/4209 5436/5660/4210
f 5435/5658/4208 5436/5660/4210 5437/5661/4211
f 5432/5655/4205 5429/5652/4202 6851/5662/4212
f 5429/5652/4202 5427/5651/4201 5438/5663/4213
f 5431/5654/4204 5434/5657/4207 5439/5664/4214
f 6851/5662/4212 5429/5652/4202 6849/5665/4215
f 5438/5663/4213 5440/5666/4216 5429/5652/4202
f 6850/5649/4199 5428/5648/4198 5441/5667/4217
f 5428/5648/4198 5431/5654/4204 5442/5668/4218
f 5428/5648/4198 5442/5668/4218 5441/5667/4217
f 5431/5654/4204 5439/5664/4214 5443/5669/4219
f 5437/5661/4211 5436/5660/4210 5444/5646/4220
f 5437/5661/4211 5444/5646/4220 5445/5670/4221
f 6849/5665/4215 5429/5652/4202 6852/5646/4222
f 5431/5654/4204 5443/5669/4219 5442/5668/4218
f 8144/965/4223 5446/5671/4224 5447/5672/4225
f 8144/965/4223 5447/5672/4225 8140/963/4226
f 7042/5671/4227 5448/5673/4228 5449/5674/4229
f 7042/5671/4227 5449/5674/4229 6872/5672/4230
f 5450/5675/4231 7345/966/4232 7344/964/4233
f 5450/5675/4231 7344/964/4233 5451/5676/4234
f 1025/951/335 1043/5494/4044 1024/950/334
f 5452/5677/4235 1029/955/339 1030/956/340
f 5453/5678/4236 5452/5677/4235 1030/956/340
f 5454/5679/4237 8322/5493/4238 8320/5496/4239
f 5454/5679/4237 8320/5496/4239 6867/5680/4240
f 8323/5493/4241 6870/951/4241 6868/5497/4241
f 8323/5493/4241 6868/5497/4241 8321/5496/4242
f 6871/951/4243 6865/5681/4244 6866/5682/4245
f 6871/951/4243 6866/5682/4245 6869/5497/4246
f 5455/5683/4247 5454/5679/4237 6867/5680/4240
f 5455/5683/4247 6867/5680/4240 6912/5684/4248
f 6865/5681/4244 6863/5685/4249 6864/5686/4250
f 6865/5681/4244 6864/5686/4250 6866/5682/4245
f 5456/5687/4251 5455/5683/4247 6912/5684/4248
f 5456/5687/4251 6912/5684/4248 6862/5688/4252
f 6863/5685/4249 7294/5689/4253 7295/5690/4254
f 6863/5685/4249 7295/5690/4254 6864/5686/4250
f 8142/5691/4255 8141/963/4255 5457/5692/4255
f 8142/5691/4255 5457/5692/4255 5458/5693/4255
f 5310/5510/4060 5297/5509/4059 5459/5694/4256
f 5310/5510/4060 5459/5694/4256 5465/5695/4257
f 5297/5509/4059 5299/5512/4062 5459/5694/4256
f 5299/5512/4062 5460/5696/4258 5459/5694/4256
f 5302/5515/4065 5301/5514/4064 5461/5697/4259
f 5302/5515/4065 5461/5697/4259 5462/5698/4260
f 5301/5514/4064 5305/5518/4068 5463/5699/4261
f 5301/5514/4064 5463/5699/4261 5461/5697/4259
f 5305/5518/4068 5464/5700/4262 5463/5699/4261
f 5305/5518/4068 5308/5521/4071 5464/5700/4262
f 5308/5521/4071 5310/5510/4060 5465/5695/4257
f 5308/5521/4071 5465/5695/4257 5464/5700/4262
f 5466/5701/4263 5467/5702/912 5468/5703/4264
f 5466/5701/4263 5469/5704/344 5470/5705/344
f 5466/5701/4263 5470/5705/344 5467/5702/912
f 5469/5704/344 5471/5706/344 5472/5707/344
f 5469/5704/344 5472/5707/344 5470/5705/344
f 5471/5706/344 5473/5708/344 5474/5709/344
f 5471/5706/344 5474/5709/344 5472/5707/344
f 5473/5708/344 5475/5710/911 5476/5711/344
f 5473/5708/344 5476/5711/344 5474/5709/344
f 5475/5710/911 5477/5712/4265 5476/5711/344
f 5475/5710/911 5478/5713/4266 5477/5712/4265
f 5478/5713/4266 5479/5714/4267 5477/5712/4265
f 5478/5713/4266 5480/5715/4268 5479/5714/4267
f 5480/5715/4268 5481/5716/344 5482/5717/344
f 5480/5715/4268 5482/5717/344 5479/5714/4267
f 5481/5716/344 5483/5718/199 5484/5719/199
f 5481/5716/344 5484/5719/199 5482/5717/344
f 5483/5718/199 5485/5720/344 5484/5719/199
f 5485/5720/344 5486/5721/4269 5484/5719/199
f 5485/5720/344 5487/5722/4196 5488/5723/4196
f 5485/5720/344 5488/5723/4196 5486/5721/4269
f 5487/5722/4196 5489/5724/4270 5468/5703/4264
f 5487/5722/4196 5468/5703/4264 5488/5723/4196
f 5489/5724/4270 5466/5701/4263 5468/5703/4264
f 5501/5725/4271 5490/5726/4272 5491/5727/4273
f 5501/5725/4271 5491/5727/4273 5502/5728/4274
f 5490/5726/4272 5492/5729/4275 5491/5727/4273
f 5493/5730/4276 5494/5731/4277 5495/5732/4278
f 5493/5730/4276 5495/5732/4278 5496/5733/4279
f 5494/5731/4277 5497/5734/4280 5495/5732/4278
f 5497/5734/4280 5498/5735/4281 5495/5732/4278
f 5497/5734/4280 5499/5736/4282 5498/5735/4281
f 5499/5736/4282 5500/5737/4283 5498/5735/4281
f 5499/5736/4282 5501/5725/4271 5502/5728/4274
f 5499/5736/4282 5502/5728/4274 5500/5737/4283
f 5503/5738/4284 5504/5739/4285 5505/5740/4286
f 5503/5738/4284 5505/5740/4286 5506/5741/4287
f 5507/5742/4288 5508/5743/4289 5509/5744/4290
f 5508/5743/4289 5510/5745/4291 5509/5744/4290
f 5511/5746/4292 5513/5747/4293 5514/5748/4294
f 5511/5746/4292 5514/5748/4294 5512/5749/4295
f 5513/5747/4293 5515/5750/4296 5516/5751/4297
f 5513/5747/4293 5516/5751/4297 5514/5748/4294
f 5515/5750/4296 5517/5752/4298 5518/5753/4299
f 5515/5750/4296 5518/5753/4299 5516/5751/4297
f 5519/5754/4300 5520/5755/4301 5521/5756/4302
f 5520/5755/4301 5522/5757/4303 5521/5756/4302
f 5523/5758/4304 5525/5759/4305 5526/5760/4306
f 5523/5758/4304 5526/5760/4306 5524/5761/4307
f 5525/5759/4305 5503/5738/4284 5506/5741/4287
f 5525/5759/4305 5506/5741/4287 5526/5760/4306
f 5527/5762/4308 5528/5763/4309 5529/5764/4310
f 5527/5762/4308 5529/5764/4310 5530/5765/4311
f 5528/5763/4309 5527/5762/4308 5531/5766/4312
f 5528/5763/4309 5531/5766/4312 5532/5767/4313
f 5532/5767/4313 5531/5766/4312 5533/5768/4314
f 5532/5767/4313 5533/5768/4314 5534/5769/4315
f 5532/5767/4313 5534/5769/4315 5535/5770/4316
f 5536/5771/4317 5537/5772/4318 5538/5773/4319
f 5536/5771/4317 5538/5773/4319 5539/5774/4320
f 5539/5774/4320 5538/5773/4319 5540/5775/4321
f 5539/5774/4320 5540/5775/4321 5541/5776/4322
f 5541/5776/4322 5540/5775/4321 5542/5777/4323
f 5541/5776/4322 5542/5777/4323 5543/5778/4324
f 5543/5778/4324 5542/5777/4323 5544/5779/4325
f 5543/5778/4324 5544/5779/4325 5545/5780/4326
f 5546/5781/4327 5547/5782/4328 5548/5783/4329
f 5546/5781/4327 5548/5783/4329 5549/5784/4330
f 5549/5784/4330 5548/5783/4329 5550/5785/4331
f 5549/5784/4330 5550/5785/4331 5551/5786/4332
f 5551/5786/4332 5550/5785/4331 5552/5787/4333
f 5551/5786/4332 5552/5787/4333 5553/5788/4334
f 5553/5788/4334 5552/5787/4333 5554/5789/4335
f 5553/5788/4334 5554/5789/4335 5555/5790/4336
f 1056/5791/4337 5556/5792/4338 5557/5793/4339
f 1056/5791/4337 5557/5793/4339 8087/5794/4340
f 5558/5795/4341 5559/5796/4342 5560/5797/4343
f 5558/5795/4341 5560/5797/4343 5561/5798/4344
f 5561/5798/4344 5560/5797/4343 5562/5799/4345
f 5561/5798/4344 5562/5799/4345 5563/5800/4346
f 5563/5800/4346 5562/5799/4345 5564/5801/4347
f 5563/5800/4346 5564/5801/4347 5565/5802/4348
f 5565/5802/4348 5564/5801/4347 5566/5803/4349
f 5565/5802/4348 5566/5803/4349 5567/5804/4350
f 1063/5805/4351 5568/5806/4352 5569/5807/4353
f 1063/5805/4351 5569/5807/4353 7935/5808/4354
f 5570/5809/4355 5571/5810/4356 5572/5811/4357
f 5572/5811/4357 5571/5810/4356 5530/5765/4311
f 5572/5811/4357 5530/5765/4311 5529/5764/4310
f 5574/5812/4358 5573/5813/4359 5575/5814/4360
f 5574/5812/4358 5575/5814/4360 5576/5815/4361
f 5576/5815/4361 5575/5814/4360 5577/5816/4362
f 5578/5817/4363 5579/5818/4364 5580/5819/4365
f 5578/5817/4363 5580/5819/4365 5581/5820/4366
f 5581/5820/4366 5580/5819/4365 5582/5821/4367
f 5581/5820/4366 5582/5821/4367 5583/5822/4368
f 5583/5822/4368 5582/5821/4367 5584/5823/4369
f 5584/5823/4369 5582/5821/4367 5585/5824/4370
f 5584/5823/4369 5585/5824/4370 5586/5825/4371
f 5586/5825/4371 5585/5824/4370 5587/5826/4372
f 5586/5825/4371 5587/5826/4372 5588/5827/4373
f 5589/5828/4374 5590/5829/4375 5591/5830/4376
f 5591/5830/4376 5590/5829/4375 5592/5831/4377
f 5591/5830/4376 5592/5831/4377 5593/5832/4378
f 5593/5832/4378 5592/5831/4377 5594/5833/4379
f 5593/5832/4378 5594/5833/4379 5595/5834/4380
f 5595/5834/4380 5594/5833/4379 5596/5835/4381
f 5595/5834/4380 5596/5835/4381 5597/5836/4382
f 5597/5836/4382 5596/5835/4381 5598/5837/4383
f 5597/5836/4382 5598/5837/4383 5599/5838/4384
f 5600/5839/4385 5601/5840/4386 5602/5841/4387
f 5600/5839/4385 5602/5841/4387 5603/5842/4388
f 5603/5842/4388 5602/5841/4387 5604/5843/4389
f 5603/5842/4388 5604/5843/4389 5605/5844/4390
f 5605/5844/4390 5604/5843/4389 5606/5845/4391
f 5605/5844/4390 5606/5845/4391 5607/5846/4392
f 5607/5846/4392 5606/5845/4391 5608/5847/4393
f 5607/5846/4392 5608/5847/4393 5609/5848/4394
f 5610/5849/4395 5611/5850/4396 5612/5851/4397
f 5612/5851/4397 5613/5852/4398 5614/5853/4399
f 5614/5853/4399 5613/5852/4398 5573/5813/4359
f 5614/5853/4399 5573/5813/4359 5574/5812/4358
f 5571/5810/4356 5570/5809/4355 5577/5816/4362
f 5571/5810/4356 5577/5816/4362 5575/5814/4360
f 5570/5809/4355 5615/5854/4400 5577/5816/4362
f 5615/5854/4400 5616/5855/4401 5577/5816/4362
f 6846/5856/4402 5562/5799/4345 7041/5857/4403
f 5562/5799/4345 5582/5821/4367 7041/5857/4403
f 5562/5799/4345 5560/5797/4343 5585/5824/4370
f 5562/5799/4345 5585/5824/4370 5582/5821/4367
f 5617/5858/4404 6847/5859/4405 5589/5828/4374
f 5617/5858/4404 5589/5828/4374 5618/5860/4406
f 6847/5859/4405 5590/5829/4375 5589/5828/4374
f 6847/5859/4405 5550/5785/4331 6845/5861/4407
f 6847/5859/4405 6845/5861/4407 5590/5829/4375
f 5550/5785/4331 5548/5783/4329 6845/5861/4407
f 5548/5783/4329 5619/5862/4408 5598/5863/4409
f 5548/5783/4329 5598/5863/4409 6845/5861/4407
f 5619/5862/4408 5620/5864/4410 5598/5863/4409
f 6848/5865/4411 5540/5775/4321 5602/5866/4412
f 5540/5775/4321 6844/5867/4413 5602/5866/4412
f 5540/5775/4321 5538/5773/4319 6844/5867/4413
f 5621/5868/4414 5534/5769/4315 5611/5850/4396
f 5621/5868/4414 5611/5850/4396 5622/5869/4415
f 5534/5769/4315 5533/5768/4314 5612/5851/4397
f 5534/5769/4315 5612/5851/4397 5611/5850/4396
f 5533/5768/4314 5527/5762/4416 5613/5852/4398
f 5533/5768/4314 5613/5852/4398 5612/5851/4397
f 5527/5762/4416 5571/5810/4356 5575/5814/4360
f 5527/5762/4416 5575/5814/4360 5613/5852/4398
f 1050/5870/4417 1048/5871/4418 1049/5872/350
f 1050/5870/4417 1049/5872/350 1051/5873/350
f 1080/5874/4419 1045/967/348 1047/969/350
f 1080/5874/4419 1047/969/350 1081/5875/350
f 1096/978/358 1055/5876/4420 1054/5877/356
f 1096/978/358 1054/5877/356 1094/976/356
f 1110/5878/4421 1052/5879/4422 1053/5880/356
f 1110/5878/4421 1053/5880/356 1109/5881/356
f 1057/971/352 1047/969/350 1046/968/349
f 1059/5882/350 1058/5883/4423 1050/5870/4417
f 1059/5882/350 1050/5870/4417 1051/5873/350
f 1060/972/353 1057/971/352 1056/970/351
f 1062/5884/4424 1063/5885/4425 1058/5883/4423
f 1062/5884/4424 1058/5883/4423 1059/5882/350
f 1060/972/353 1061/973/354 1064/974/350
f 1066/5886/4426 1067/5887/4427 1063/5885/4425
f 1066/5886/4426 1063/5885/4425 1062/5884/4424
f 1064/974/350 1065/975/355 5623/5888/350
f 5623/5888/350 1065/975/355 1067/5887/4427
f 5623/5888/350 1067/5887/4427 1066/5886/4426
f 1078/5889/350 1079/5890/4428 1080/5874/4419
f 1078/5889/350 1080/5874/4419 1081/5875/350
f 1076/5891/350 1077/5892/4429 1079/5890/4428
f 1076/5891/350 1079/5890/4428 1078/5889/350
f 1074/5893/350 1075/5894/4430 1077/5892/4429
f 1074/5893/350 1077/5892/4429 1076/5891/350
f 5624/5895/350 5625/5896/4431 1075/5894/4430
f 5624/5895/350 1075/5894/4430 1074/5893/350
f 1072/5897/350 1073/5898/4432 5625/5896/4431
f 1072/5897/350 5625/5896/4431 5624/5895/350
f 1070/5899/350 1071/5900/4433 1073/5898/4432
f 1070/5899/350 1073/5898/4432 1072/5897/350
f 1068/5901/350 1069/5902/4434 1071/5900/4433
f 1068/5901/350 1071/5900/4433 1070/5899/350
f 1068/5901/350 1049/5872/350 1048/5871/4418
f 1068/5901/350 1048/5871/4418 1069/5902/4434
f 1094/976/356 1097/979/356 1095/977/357
f 1098/980/359 1097/979/356 1099/981/356
f 1100/982/360 1099/981/356 1101/983/356
f 1102/984/361 1101/983/356 5626/5903/356
f 1107/5904/356 1108/5905/4435 1110/5878/4421
f 1107/5904/356 1110/5878/4421 1109/5881/356
f 1105/5906/356 1106/5907/4436 1108/5905/4435
f 1105/5906/356 1108/5905/4435 1107/5904/356
f 1103/5908/356 1104/5909/4437 1106/5907/4436
f 1103/5908/356 1106/5907/4436 1105/5906/356
f 5627/5910/356 5628/5896/4438 1104/5909/4437
f 5627/5910/356 1104/5909/4437 1103/5908/356
f 1082/5911/4439 1083/5912/356 1053/5880/356
f 1082/5911/4439 1053/5880/356 1052/5879/4422
f 1084/5913/4440 1085/5914/356 1083/5912/356
f 1084/5913/4440 1083/5912/356 1082/5911/4439
f 1086/5915/4441 1087/5916/356 1085/5914/356
f 1086/5915/4441 1085/5914/356 1084/5913/4440
f 1102/984/361 5626/5903/356 1087/5916/356
f 1102/984/361 1087/5916/356 1086/5915/4441
f 1092/5917/356 1093/5918/4442 5628/5896/4438
f 1092/5917/356 5628/5896/4438 5627/5910/356
f 1090/5919/356 1091/5920/4443 1093/5918/4442
f 1090/5919/356 1093/5918/4442 1092/5917/356
f 1088/5921/356 1089/5922/4444 1091/5920/4443
f 1088/5921/356 1091/5920/4443 1090/5919/356
f 1054/5877/356 1055/5876/4420 1089/5922/4444
f 1054/5877/356 1089/5922/4444 1088/5921/356
f 5633/5923/4445 5637/5924/4446 5629/5925/4447
f 5630/5926/4448 5629/5925/4447 5637/5924/4446
f 5630/5926/4448 5637/5924/4446 5634/5927/4449
f 5631/5928/4450 5630/5926/4448 5634/5927/4449
f 5631/5928/4450 5634/5927/4449 1111/5929/4451
f 1111/5929/4451 1112/5930/4452 5631/5928/4450
f 5631/5928/4450 1112/5930/4452 5632/5931/4453
f 5696/5932/4454 5635/5933/4455 5636/5934/4456
f 5639/5935/4457 5637/5924/4446 5633/5923/4445
f 5634/5927/4449 5637/5924/4446 5639/5935/4457
f 5634/5927/4449 5639/5935/4457 5640/5936/4458
f 1111/5929/4451 5634/5927/4449 5640/5936/4458
f 5640/5936/4458 5641/5937/4459 5638/5938/4460
f 5640/5936/4458 5638/5938/4460 1111/5929/4451
f 5722/5939/4461 5633/5923/4445 1120/5940/4462
f 1111/5929/4451 5638/5938/4460 1112/5930/4452
f 5639/5935/4457 5633/5923/4445 5643/5941/4463
f 5644/5942/4464 5639/5935/4457 5643/5941/4463
f 5644/5942/4464 5643/5941/4463 5645/5943/4465
f 5646/5944/4466 5647/5945/4467 5648/5946/4468
f 5646/5944/4466 5648/5946/4468 5649/5947/4469
f 5647/5945/4467 5644/5942/4464 5650/5948/4470
f 5647/5945/4467 5650/5948/4470 5648/5946/4468
f 5644/5942/4464 5645/5943/4465 5650/5948/4470
f 5647/5945/4467 5646/5944/4466 5641/5937/4459
f 5647/5945/4467 5641/5937/4459 5640/5936/4458
f 5644/5942/4464 5647/5945/4467 5640/5936/4458
f 5644/5942/4464 5640/5936/4458 5639/5935/4457
f 5651/5949/4471 5642/5950/4472 5652/5951/4473
f 1116/5952/4474 5653/5953/4475 5718/5954/4476
f 5722/5939/4461 1126/5955/4477 5633/5923/4445
f 1126/5955/4477 5722/5939/4461 1127/5956/4478
f 5654/5957/4479 5655/5958/4480 5695/5959/4481
f 5649/5947/4469 5648/5946/4468 5658/5960/4482
f 5649/5947/4469 5658/5960/4482 5659/5961/4483
f 5648/5946/4468 5650/5948/4470 5660/5962/4484
f 5648/5946/4468 5660/5962/4484 5658/5960/4482
f 5650/5948/4470 5645/5943/4465 5660/5962/4484
f 5645/5943/4465 5643/5941/4463 5660/5962/4484
f 5643/5941/4463 5656/5963/4485 5661/5964/4486
f 5662/5965/4487 5657/5966/4488 5663/5967/4489
f 5643/5941/4463 5661/5964/4486 5748/5968/4490
f 5652/5951/4473 5655/5958/4480 5651/5949/4471
f 5667/5969/4491 5671/5970/4492 5665/5971/4493
f 5668/5972/4494 5672/5973/4495 5671/5970/4492
f 5668/5972/4494 5671/5970/4492 5667/5969/4491
f 5672/5973/4495 5668/5972/4494 5666/5974/4496
f 5669/5975/4497 5670/5976/4498 5674/5977/4499
f 5671/5970/4492 5675/5978/4500 5674/5977/4499
f 5671/5970/4492 5674/5977/4499 5670/5976/4498
f 5672/5973/4495 5675/5978/4500 5671/5970/4492
f 5675/5978/4500 5672/5973/4495 5673/5979/4501
f 5675/5978/4500 5673/5979/4501 5676/5980/4502
f 5721/5981/4503 1132/5982/4504 5669/5975/4497
f 5669/5975/4497 1132/5982/4504 5665/5971/4493
f 5669/5975/4497 5665/5971/4493 5670/5976/4498
f 5671/5970/4492 5670/5976/4498 5665/5971/4493
f 5672/5973/4495 5666/5974/4496 5673/5979/4501
f 5674/5977/4499 5677/5983/4505 5669/5975/4497
f 5678/5984/4506 5679/5985/4507 5677/5983/4505
f 5678/5984/4506 5677/5983/4505 5674/5977/4499
f 5680/5986/4508 5681/5987/4509 5682/5988/4510
f 5680/5986/4508 5682/5988/4510 5683/5989/4511
f 5683/5989/4511 5682/5988/4510 5684/5990/4512
f 5683/5989/4511 5684/5990/4512 5678/5984/4506
f 5678/5984/4506 5684/5990/4512 5679/5985/4507
f 5680/5986/4508 5683/5989/4511 5675/5978/4500
f 5680/5986/4508 5675/5978/4500 5676/5980/4502
f 5683/5989/4511 5678/5984/4506 5675/5978/4500
f 5678/5984/4506 5674/5977/4499 5675/5978/4500
f 5717/5991/4513 1133/5992/4514 5685/5993/4515
f 5717/5991/4513 5685/5993/4515 1117/5994/4516
f 5677/5983/4505 5703/5995/4517 5669/5975/4497
f 5681/5987/4509 5687/5996/4518 5688/5997/4519
f 5681/5987/4509 5688/5997/4519 5682/5988/4510
f 5682/5988/4510 5688/5997/4519 5689/5998/4520
f 5682/5988/4510 5689/5998/4520 5684/5990/4512
f 5684/5990/4512 5689/5998/4520 5679/5985/4507
f 5679/5985/4507 5689/5998/4520 5677/5983/4505
f 5677/5983/4505 5690/5999/4521 5686/6000/4522
f 5690/5999/4521 5677/5983/4505 5752/6001/4523
f 5664/6002/4524 5691/6003/4525 5692/6004/4526
f 5693/6005/4527 5691/6003/4525 5663/5967/4489
f 5652/5951/4473 5696/5932/4454 5697/6006/4528
f 1114/6007/4529 5697/6006/4528 5696/5932/4454
f 1114/6007/4529 5696/5932/4454 5636/5934/4456
f 1114/6007/4529 5636/5934/4456 1113/986/363
f 5698/6008/4530 1114/6007/4529 1115/6009/4531
f 5693/6005/4527 5663/5967/4489 5657/5966/4488
f 5655/5958/4480 5694/6010/4532 5695/5959/4481
f 5652/5951/4473 5694/6010/4532 5655/5958/4480
f 5696/5932/4454 5652/5951/4473 5642/5950/4472
f 5698/6008/4530 1115/6009/4531 1129/988/365
f 5698/6008/4530 1129/988/365 5779/6011/4533
f 5651/5949/4471 5655/5958/4480 5654/5957/4479
f 5651/5949/4471 5700/6012/4534 5642/5950/4472
f 5700/6012/4534 5696/5932/4454 5642/5950/4472
f 5700/6012/4534 5635/5933/4455 5696/5932/4454
f 5801/6013/4535 5785/6014/4536 1129/988/365
f 5802/6015/4537 1127/5956/4478 5705/6016/4538
f 5802/6015/4537 5705/6016/4538 5706/6017/4539
f 5643/5941/4463 5707/6018/4540 5708/6019/4541
f 5707/6018/4540 5643/5941/4463 1126/5955/4477
f 5703/5995/4517 5781/6020/4542 5709/6021/4543
f 5703/5995/4517 5709/6021/4543 5727/6022/4544
f 5703/5995/4517 5697/6006/4528 1114/6007/4529
f 5703/5995/4517 1114/6007/4529 5702/6023/4545
f 5677/5983/4505 5704/6024/4546 5710/6025/4547
f 5677/5983/4505 5710/6025/4547 5703/5995/4517
f 5710/6025/4547 5652/5951/4473 5697/6006/4528
f 5710/6025/4547 5697/6006/4528 5703/5995/4517
f 5702/6023/4545 1114/6007/4529 5698/6008/4530
f 5702/6023/4545 5698/6008/4530 5711/6026/4548
f 5694/6010/4532 5704/6024/4546 5695/5959/4481
f 5686/6000/4522 5691/6003/4525 5693/6005/4527
f 5694/6010/4532 5652/5951/4473 5710/6025/4547
f 5694/6010/4532 5710/6025/4547 5704/6024/4546
f 5656/5963/4485 5657/5966/4488 5662/5965/4487
f 5656/5963/4485 5662/5965/4487 5661/5964/4486
f 5651/5949/4471 5654/5957/4479 5708/6019/4541
f 5651/5949/4471 5708/6019/4541 5707/6018/4540
f 5651/5949/4471 5707/6018/4540 5712/6027/4549
f 5651/5949/4471 5712/6027/4549 5700/6012/4534
f 5712/6027/4549 5713/6028/4550 5635/5933/4455
f 5712/6027/4549 5635/5933/4455 5700/6012/4534
f 5713/6028/4550 5701/987/364 5635/5933/4455
f 5801/6013/4535 5775/6029/4551 5785/6014/4536
f 5712/6027/4549 1126/5955/4477 1125/6030/4552
f 5712/6027/4549 1125/6030/4552 5713/6028/4550
f 5706/6017/4539 5775/6029/4551 5801/6013/4535
f 5706/6017/4539 5801/6013/4535 5802/6015/4537
f 5707/6018/4540 1126/5955/4477 5712/6027/4549
f 5711/6026/4548 5781/6020/4542 5703/5995/4517
f 5711/6026/4548 5703/5995/4517 5702/6023/4545
f 5686/6000/4522 5690/5999/4521 5691/6003/4525
f 5690/5999/4521 5692/6004/4526 5691/6003/4525
f 5714/6031/4553 5653/5953/4475 1116/5952/4474
f 5643/5941/4463 5633/5923/4445 1126/5955/4477
f 5703/5995/4517 5721/5981/4503 5669/5975/4497
f 5718/5954/4476 5653/5953/4475 5715/6032/4554
f 1118/6033/4555 1120/5940/4462 5633/5923/4445
f 1118/6033/4555 5633/5923/4445 5629/5925/4447
f 1118/6033/4555 5629/5925/4447 1119/6034/4556
f 1132/5982/4504 5725/6035/4557 5665/5971/4493
f 5665/5971/4493 5725/6035/4557 5782/6036/4558
f 5727/6022/4544 5721/5981/4503 5703/5995/4517
f 1127/5956/4478 5724/6037/4559 5705/6016/4538
f 5724/6037/4559 1127/5956/4478 5722/5939/4461
f 1120/5940/4462 1118/6033/4555 5715/6032/4554
f 1120/5940/4462 5715/6032/4554 5653/5953/4475
f 1118/6033/4555 5723/6038/4560 5718/5954/4476
f 5716/6039/4561 5722/5939/4461 5653/5953/4475
f 5723/6038/4560 5705/6016/4538 1116/5952/4474
f 5705/6016/4538 5724/6037/4559 5714/6031/4553
f 5705/6016/4538 5714/6031/4553 1116/5952/4474
f 5725/6035/4557 1132/5982/4504 5685/5993/4515
f 5725/6035/4557 5685/5993/4515 1133/5992/4514
f 5726/6040/4562 5720/6041/4563 5717/5991/4513
f 5727/6022/4544 5709/6021/4543 5717/5991/4513
f 5727/6022/4544 5717/5991/4513 1117/5994/4516
f 5719/6042/4564 5721/5981/4503 5727/6022/4544
f 5719/6042/4564 5727/6022/4544 1117/5994/4516
f 5685/5993/4515 1132/5982/4504 5721/5981/4503
f 5718/5954/4476 5723/6038/4560 1116/5952/4474
f 5724/6037/4559 5722/5939/4461 5716/6039/4561
f 5724/6037/4559 5716/6039/4561 5714/6031/4553
f 5720/6041/4563 5726/6040/4562 5725/6035/4557
f 5720/6041/4563 5725/6035/4557 1133/5992/4514
f 5721/5981/4503 5719/6042/4564 5685/5993/4515
f 5730/6043/4565 5732/6044/4566 5731/6045/4567
f 5737/6046/4568 5738/6047/4569 5739/6048/4570
f 5739/6048/4570 5740/6049/4571 5741/6050/4572
f 5742/6051/4573 5743/6052/4574 5744/6053/4575
f 5748/5968/4490 5661/5964/4486 5729/6054/4576
f 5660/5962/4484 5643/5941/4463 5747/6055/4577
f 5659/5961/4483 5658/5960/4482 5730/6043/4565
f 5659/5961/4483 5730/6043/4565 5731/6045/4567
f 5658/5960/4482 5660/5962/4484 5730/6043/4565
f 5660/5962/4484 5747/6055/4577 5730/6043/4565
f 5743/6052/4574 5664/6002/4524 5735/6056/4578
f 5643/5941/4463 5748/5968/4490 5747/6055/4577
f 5752/6001/4523 5745/6057/4579 5690/5999/4521
f 5689/5998/4520 5749/6058/4580 5677/5983/4505
f 5687/5996/4518 5750/6059/4581 5751/6060/4582
f 5687/5996/4518 5751/6060/4582 5688/5997/4519
f 5688/5997/4519 5751/6060/4582 5689/5998/4520
f 5689/5998/4520 5751/6060/4582 5749/6058/4580
f 5677/5983/4505 5749/6058/4580 5752/6001/4523
f 5692/6004/4526 5735/6056/4578 5664/6002/4524
f 5743/6052/4574 5699/6061/4583 5664/6002/4524
f 5745/6057/4579 5692/6004/4526 5690/5999/4521
f 5692/6004/4526 5745/6057/4579 5735/6056/4578
f 5699/6061/4583 5743/6052/4574 5729/6054/4576
f 5661/5964/4486 5699/6061/4583 5729/6054/4576
f 5756/6062/4584 5757/6063/4585 5755/6064/4586
f 5756/6062/4584 5758/6065/4587 5757/6063/4585
f 5758/6065/4587 5754/6066/4588 5757/6063/4585
f 5758/6065/4587 5753/6067/4589 5754/6066/4588
f 5753/6067/4589 1123/6068/4590 5754/6066/4588
f 1124/6069/4591 1123/6068/4590 5753/6067/4589
f 5729/6054/4576 5728/6070/4592 5759/6071/4593
f 5729/6054/4576 5759/6071/4593 5748/5968/4490
f 5758/6065/4587 5756/6062/4584 5760/6072/4594
f 5747/6055/4577 5761/6073/4595 5762/6074/4596
f 5747/6055/4577 5762/6074/4596 5763/6075/4597
f 5733/6076/4598 5764/6077/4599 5756/6062/4584
f 5732/6044/4566 5730/6043/4565 5765/6078/4600
f 5734/6079/4601 5733/6076/4598 5766/6080/4602
f 5750/6059/4581 5767/6081/4603 5751/6060/4582
f 5747/6055/4577 5763/6075/4597 5765/6078/4600
f 5747/6055/4577 5765/6078/4600 5730/6043/4565
f 5761/6073/4595 5747/6055/4577 5748/5968/4490
f 5761/6073/4595 5748/5968/4490 5759/6071/4593
f 1122/6082/4604 1121/6083/4605 5754/6066/4588
f 5746/6084/4606 5745/6057/4579 5752/6001/4523
f 5746/6084/4606 5752/6001/4523 5768/6085/4607
f 5769/6086/4608 5757/6063/4585 5754/6066/4588
f 5749/6058/4580 5770/6087/4609 5752/6001/4523
f 5770/6087/4609 5749/6058/4580 5771/6088/4610
f 5771/6088/4610 5749/6058/4580 5772/6089/4611
f 5751/6060/4582 5767/6081/4603 5773/6090/4612
f 5772/6089/4611 5749/6058/4580 5751/6060/4582
f 5772/6089/4611 5751/6060/4582 5773/6090/4612
f 5752/6001/4523 5770/6087/4609 5768/6085/4607
f 5774/6091/4613 5735/6056/4578 5745/6057/4579
f 5774/6091/4613 5745/6057/4579 5746/6084/4606
f 5735/6056/4578 5774/6091/4613 5736/6092/4614
f 5740/6049/4571 5739/6048/4570 1123/6068/4590
f 5743/6052/4574 5742/6051/4573 5728/6070/4592
f 5743/6052/4574 5728/6070/4592 5729/6054/4576
f 5735/6056/4578 5736/6092/4614 5744/6053/4575
f 5735/6056/4578 5744/6053/4575 5743/6052/4574
f 5755/6064/4586 5766/6080/4602 5733/6076/4598
f 5755/6064/4586 5733/6076/4598 5756/6062/4584
f 1122/6082/4604 5754/6066/4588 5739/6048/4570
f 1123/6068/4590 5739/6048/4570 5754/6066/4588
f 1122/6082/4604 5739/6048/4570 5738/6047/4569
f 5643/5941/4463 5708/6019/4541 5656/5963/4485
f 5708/6019/4541 5654/5957/4479 5657/5966/4488
f 5708/6019/4541 5657/5966/4488 5656/5963/4485
f 5693/6005/4527 5657/5966/4488 5654/5957/4479
f 5693/6005/4527 5654/5957/4479 5695/5959/4481
f 5704/6024/4546 5686/6000/4522 5693/6005/4527
f 5704/6024/4546 5693/6005/4527 5695/5959/4481
f 5677/5983/4505 5686/6000/4522 5704/6024/4546
f 5777/6093/4615 5783/6094/4616 5784/6095/4617
f 5629/5925/4447 5786/6096/4618 1119/6034/4556
f 5631/5928/4450 5632/5931/4453 5787/6097/4619
f 5631/5928/4450 5787/6097/4619 5788/6098/4620
f 5789/6099/4621 5630/5926/4448 5631/5928/4450
f 5789/6099/4621 5631/5928/4450 5788/6098/4620
f 5786/6096/4618 5629/5925/4447 5630/5926/4448
f 5786/6096/4618 5630/5926/4448 5789/6099/4621
f 5706/6017/4539 5723/6038/4560 1118/6033/4555
f 5706/6017/4539 1118/6033/4555 1119/6034/4556
f 5705/6016/4538 5723/6038/4560 5706/6017/4539
f 5782/6036/4558 5790/6100/4622 5665/5971/4493
f 5668/5972/4494 5791/6101/4623 5792/6102/4624
f 5668/5972/4494 5792/6102/4624 5666/5974/4496
f 5793/6103/4625 5791/6101/4623 5668/5972/4494
f 5793/6103/4625 5668/5972/4494 5667/5969/4491
f 5790/6100/4622 5793/6103/4625 5667/5969/4491
f 5790/6100/4622 5667/5969/4491 5665/5971/4493
f 5781/6020/4542 5782/6036/4558 5726/6040/4562
f 5709/6021/4543 5781/6020/4542 5726/6040/4562
f 5726/6040/4562 5782/6036/4558 5725/6035/4557
f 5795/6104/4626 1138/6105/4627 1135/6106/4628
f 5796/6107/4629 1134/6108/4630 5784/6095/4617
f 5796/6107/4629 5784/6095/4617 5776/6109/4631
f 1138/6105/4627 5797/6110/4632 1137/6111/4633
f 5778/6112/4634 5777/6093/4615 5798/6113/4635
f 5778/6112/4634 5798/6113/4635 5799/6114/4636
f 5794/6115/4637 1139/6116/4638 5780/6117/4639
f 1115/6009/4531 1130/989/366 1129/988/365
f 5635/5933/4455 5701/987/364 5636/5934/4456
f 1128/985/362 1131/990/367 1115/6009/4531
f 5701/987/364 1113/986/363 5636/5934/4456
f 1115/6009/4531 1113/986/363 1128/985/362
f 1128/985/362 5800/6118/4640 1131/990/367
f 1129/988/365 1131/990/367 5800/6118/4640
f 1129/988/365 5800/6118/4640 5801/6013/4535
f 5713/6028/4550 1128/985/362 5701/987/364
f 5713/6028/4550 1125/6030/4552 1128/985/362
f 1128/985/362 1125/6030/4552 5800/6118/4640
f 1125/6030/4552 1127/5956/4478 5800/6118/4640
f 5800/6118/4640 5802/6015/4537 5801/6013/4535
f 1125/6030/4552 1126/5955/4477 1127/5956/4478
f 1114/6007/4529 1113/986/363 1115/6009/4531
f 1117/5994/4516 5685/5993/4515 5719/6042/4564
f 5653/5953/4475 5714/6031/4553 5716/6039/4561
f 5722/5939/4461 1120/5940/4462 5653/5953/4475
f 5785/6014/4536 5779/6011/4533 1129/988/365
f 5717/5991/4513 5709/6021/4543 5726/6040/4562
f 5717/5991/4513 5720/6041/4563 1133/5992/4514
f 1118/6033/4555 5718/5954/4476 5715/6032/4554
f 5661/5964/4486 5662/5965/4487 5699/6061/4583
f 5664/6002/4524 5699/6061/4583 5662/5965/4487
f 5664/6002/4524 5662/5965/4487 5663/5967/4489
f 5691/6003/4525 5664/6002/4524 5663/5967/4489
f 5777/6093/4615 5784/6095/4617 5798/6113/4635
f 1138/6105/4627 5794/6115/4637 5798/6113/4635
f 5798/6113/4635 5784/6095/4617 1134/6108/4630
f 1137/6111/4633 1139/6116/4638 5794/6115/4637
f 5798/6113/4635 1134/6108/4630 1136/6119/4641
f 5798/6113/4635 1136/6119/4641 1135/6106/4628
f 1138/6105/4627 5798/6113/4635 1135/6106/4628
f 1138/6105/4627 1137/6111/4633 5794/6115/4637
f 8123/6120/4642 5803/6121/4643 5804/6122/4644
f 8123/6120/4642 5804/6122/4644 8124/6123/4645
f 5805/6124/4646 7349/6125/4647 7348/6126/4648
f 5805/6124/4646 7348/6126/4648 5806/6127/4649
f 7349/6125/4647 8198/6128/4650 8113/6129/4651
f 7349/6125/4647 8113/6129/4651 7348/6126/4648
f 8198/6128/4650 5808/6130/4652 8113/6129/4651
f 8198/6128/4650 5807/6131/4653 5808/6130/4652
f 5807/6131/4653 7583/6132/4654 5808/6130/4652
f 5807/6131/4653 8197/6133/4655 7583/6132/4654
f 8197/6133/4655 8123/6120/4642 8124/6123/4645
f 8197/6133/4655 8124/6123/4645 7583/6132/4654
f 1142/6134/4656 5810/6135/4657 5811/6136/4658
f 1142/6134/4656 5811/6136/4658 1163/6137/4659
f 5813/6138/4660 5814/6139/4661 1166/6140/4662
f 1166/6140/4662 5815/6141/4663 1169/6142/4664
f 1140/996/373 5816/6143/4665 5817/6144/4666
f 1140/996/373 5817/6144/4666 1151/994/371
f 1158/1001/378 5818/6145/4667 1160/6146/4668
f 1160/6146/4668 5818/6145/4667 5819/6147/4669
f 1160/6146/4668 5819/6147/4669 8200/6148/4670
f 8200/6148/4670 5819/6147/4669 1156/997/374
f 1156/997/374 5819/6147/4669 5820/6149/4671
f 1156/997/374 5820/6149/4671 5809/6150/4672
f 1156/997/374 5809/6150/4672 1144/998/375
f 1146/1004/381 5821/6151/4673 1172/1002/379
f 1172/1002/379 5821/6151/4673 5822/6152/4674
f 1172/1002/379 5822/6152/4674 8199/6153/4675
f 8199/6153/4675 5822/6152/4674 5823/6154/4676
f 8199/6153/4675 5823/6154/4676 1174/1010/387
f 1174/1010/387 5823/6154/4676 5824/6155/4677
f 1174/1010/387 5824/6155/4677 5825/6156/4678
f 1174/1010/387 5825/6156/4678 1182/1008/385
f 1182/1008/385 5826/6157/4679 1149/992/369
f 1149/992/369 5826/6157/4679 5827/6158/4680
f 1149/992/369 5827/6158/4680 5828/6159/4681
f 1149/992/369 5828/6159/4681 8299/6160/4682
f 8299/6160/4682 5828/6159/4681 5829/6161/4683
f 8299/6160/4682 5829/6161/4683 1150/993/370
f 1150/993/370 5829/6161/4683 1177/1006/383
f 1177/1006/383 5829/6161/4683 5830/6162/4684
f 1177/1006/383 5830/6162/4684 5831/6163/4685
f 1177/1006/383 5831/6163/4685 5832/6164/4686
f 1186/1012/389 5834/6165/4687 1188/1013/390
f 1188/1013/390 5834/6165/4687 5835/6166/4688
f 1188/1013/390 5835/6166/4688 8308/6167/4689
f 8308/6167/4689 5835/6166/4688 1190/1015/392
f 1190/1015/392 5835/6166/4688 5836/6168/4690
f 1190/1015/392 5836/6168/4690 1146/1004/381
f 5837/6169/4691 5839/6170/4692 5838/6171/4693
f 5837/6169/4691 5840/6172/4694 5839/6170/4692
f 5840/6172/4694 5841/6173/4695 5839/6170/4692
f 5840/6172/4694 5842/6174/4696 5843/6175/4697
f 5840/6172/4694 5843/6175/4697 5841/6173/4695
f 5842/6174/4696 5844/6176/4698 5845/6177/4699
f 5842/6174/4696 5845/6177/4699 5843/6175/4697
f 5844/6176/4698 5846/6178/4700 5847/6179/4701
f 5844/6176/4698 5847/6179/4701 5845/6177/4699
f 5846/6178/4700 5848/6180/4702 5849/6181/4703
f 5846/6178/4700 5849/6181/4703 5847/6179/4701
f 5848/6180/4702 5850/6182/4704 5851/6183/4705
f 5848/6180/4702 5851/6183/4705 5849/6181/4703
f 5852/6184/4706 5853/6185/4707 5854/6186/4708
f 5852/6184/4706 5854/6186/4708 5855/6187/4709
f 5853/6185/4707 5856/6188/4710 5857/6189/4711
f 5853/6185/4707 5857/6189/4711 5854/6186/4708
f 5856/6188/4710 5837/6169/4691 5838/6171/4693
f 5856/6188/4710 5838/6171/4693 5857/6189/4711
f 1144/998/375 1142/6134/4656 1143/6190/4712
f 1144/998/375 1143/6190/4712 1145/6191/4713
f 1169/6142/4664 1140/996/373 1141/6192/4714
f 1169/6142/4664 1141/6192/4714 1170/6193/4715
f 1149/992/369 1148/991/368 1180/6194/4716
f 1190/1015/392 1146/1004/381 1147/6195/4717
f 1190/1015/392 1147/6195/4717 1191/6196/4718
f 1152/995/372 1141/6192/4714 1140/996/373
f 1153/999/376 1144/998/375 1145/6191/4713
f 1154/6197/4719 1152/995/372 1151/994/371
f 1155/6198/4720 1156/997/374 1153/999/376
f 1154/6197/4719 1151/994/371 1157/1000/377
f 1159/6199/4721 1160/6146/4668 1156/997/374
f 1159/6199/4721 1156/997/374 1155/6198/4720
f 1157/1000/377 1158/1001/378 6840/6200/4722
f 6840/6200/4722 1158/1001/378 1160/6146/4668
f 6840/6200/4722 1160/6146/4668 1159/6199/4721
f 1168/6201/4723 1169/6142/4664 1170/6193/4715
f 1167/6202/4724 1166/6140/4662 1169/6142/4664
f 1167/6202/4724 1169/6142/4664 1168/6201/4723
f 1165/6203/4725 1166/6140/4662 1167/6202/4724
f 6906/6124/4726 5813/6138/4660 1166/6140/4662
f 6906/6124/4726 1166/6140/4662 1165/6203/4725
f 1164/6204/4727 1163/6137/4659 5812/6205/4728
f 1164/6204/4727 5812/6205/4728 6905/6121/4729
f 1162/6206/4730 1163/6137/4659 1164/6204/4727
f 1161/6207/4731 1142/6134/4656 1163/6137/4659
f 1161/6207/4731 1163/6137/4659 1162/6206/4730
f 1161/6207/4731 1143/6190/4712 1142/6134/4656
f 1180/6194/4716 1181/1007/384 1149/992/369
f 1182/1008/385 1181/1007/384 1183/6208/4732
f 1182/1008/385 1183/6208/4732 1184/1009/386
f 1174/1010/387 1184/1009/386 6839/6209/4733
f 1189/1014/391 1190/1015/392 1191/6196/4718
f 1187/1011/388 1188/1013/390 1189/1014/391
f 1185/6210/4734 1186/1012/389 1187/1011/388
f 6903/6122/4735 5833/6211/4736 1186/1012/389
f 6903/6122/4735 1186/1012/389 1185/6210/4734
f 1146/1004/381 1171/1003/380 1147/6195/4717
f 1172/1002/379 1173/6212/4737 1171/1003/380
f 1174/1010/387 1175/6213/4738 1173/6212/4737
f 1174/1010/387 1173/6212/4737 1172/1002/379
f 1174/1010/387 6839/6209/4733 1175/6213/4738
f 1179/6214/4739 1177/1006/383 5832/6164/4686
f 1179/6214/4739 5832/6164/4686 6904/6127/4740
f 1178/6215/4741 1177/1006/383 1179/6214/4739
f 1176/1005/382 1177/1006/383 1178/6215/4741
f 1148/991/368 1150/993/370 1176/1005/382
f 5858/6216/4742 5919/6217/4743 5937/6218/4744
f 5858/6216/4742 5937/6218/4744 5859/6219/4745
f 5860/6220/4746 5861/6221/4747 5862/6222/4748
f 5860/6220/4746 5862/6222/4748 5863/6223/4749
f 5868/1024/401 1195/1019/396 5864/6224/4750
f 1206/1021/398 1215/1020/397 1217/1043/420
f 1206/1021/398 1217/1043/420 1207/1034/411
f 5865/6225/4751 1222/1048/425 1220/1046/423
f 5865/6225/4751 1220/1046/423 5866/6226/4752
f 5864/6224/4750 1195/1019/396 5867/6227/4753
f 5868/1024/401 5869/6228/4754 1194/1018/395
f 5870/6229/4755 1204/1032/409 1205/1033/410
f 5870/6229/4755 1205/1033/410 5871/6230/4756
f 1225/6231/4757 1203/1031/4758 5888/6232/4759
f 1227/6233/4760 1226/6234/4761 1219/6235/4762
f 1220/1046/423 5897/6236/4763 5898/6237/4764
f 5901/6238/4765 1203/1031/4758 1225/6231/4757
f 5902/6239/4766 1226/6234/4761 1227/6233/4760
f 5888/6232/4767 5889/1030/407 5911/6240/4768
f 1229/6241/4769 1230/6242/4770 5924/6243/4771
f 5875/6244/4772 5877/6245/4773 5928/6246/4774
f 5874/6247/4775 5872/6248/4776 5929/6249/4777
f 5926/6250/4778 5927/6251/4779 1196/1022/399
f 5926/6250/4778 1196/1022/399 1197/1023/400
f 5875/6244/4772 5928/6246/4774 5882/6252/4780
f 5875/6244/4772 5882/6252/4780 5876/6253/4781
f 5929/6249/4777 5872/6248/4776 5873/6254/4782
f 5929/6249/4777 5873/6254/4782 5880/6255/4783
f 1223/6256/4784 5883/6257/4785 1212/1039/416
f 1223/6256/4784 1212/1039/416 5920/6258/4786
f 1223/6259/4787 5881/6260/4788 6835/6261/4789
f 1223/6259/4787 6835/6261/4789 8116/6262/4790
f 5884/6263/4791 5879/6264/4792 1224/6265/4793
f 7379/6266/4794 7380/6267/4794 6831/6268/4794
f 7379/6266/4794 6831/6268/4794 6832/6269/4794
f 5890/6270/4795 1205/6271/4796 1228/6272/4797
f 5890/6270/4795 1228/6272/4797 1232/6273/4798
f 6830/6274/4799 6819/6275/4800 7861/6276/4801
f 1228/6277/4802 6834/6278/4803 5922/6279/4804
f 6833/6280/4805 1205/1033/410 1203/1031/408
f 6830/6274/4799 8271/6281/4806 8146/6282/4807
f 6830/6274/4799 8146/6282/4807 6819/6275/4800
f 1221/1047/424 1222/1048/425 6829/6283/4808
f 1221/1047/424 6829/6283/4808 1227/6233/4809
f 5922/6279/4804 6834/6278/4803 6820/6284/4810
f 6833/6280/4805 1203/1031/408 6828/6285/4811
f 1227/6233/4809 6829/6283/4808 7100/6286/4812
f 6820/6284/4810 6834/6278/4803 6827/6287/4813
f 1199/1026/403 5942/6288/4814 1213/1040/417
f 5920/6258/4786 1212/1039/416 1214/1041/418
f 7050/6289/4815 1224/6290/4816 5942/6288/4814
f 7050/6289/4815 5942/6288/4814 1199/1026/403
f 5905/6291/4817 5906/6292/4818 5930/6293/4819
f 1207/1034/411 8145/6294/4820 5903/6295/4821
f 5897/6236/4763 1220/1046/423 1219/1045/422
f 6826/6296/4822 8325/6297/4823 5887/6298/4824
f 5887/6298/4824 1217/1043/420 1218/1044/421
f 5889/1030/407 1204/1032/409 5893/6299/4825
f 1207/1034/411 5903/6295/4821 6824/6300/4826
f 1207/1034/411 6824/6300/4826 5905/6291/4817
f 5903/6295/4827 5869/6228/4754 5906/6292/4818
f 5897/6236/4763 1219/1045/422 5907/6301/4828
f 1209/1036/413 1207/1034/411 5905/6291/4817
f 1209/1036/413 5905/6291/4817 5930/6293/4819
f 5894/6302/4829 6825/6303/4830 6821/6304/4831
f 5894/6302/4829 6821/6304/4831 5931/6305/4832
f 6826/6296/4822 5887/6298/4824 5910/6306/4833
f 5887/6298/4824 1218/1044/421 5910/6306/4833
f 5906/6292/4818 5869/6228/4754 5930/6293/4819
f 5897/6236/4763 5907/6301/4828 6823/6307/4834
f 5897/6236/4763 6823/6307/4834 6843/6308/4835
f 6826/6296/4822 5910/6306/4833 6822/6309/4836
f 5910/6306/4833 1218/1044/421 5932/6310/4837
f 5910/6306/4833 5932/6310/4837 7314/6311/4838
f 5889/1030/407 5893/6299/4825 5915/6312/4839
f 5889/1030/407 5915/6312/4839 5911/6240/4768
f 5928/6246/4774 5877/6245/4773 5878/6313/4840
f 5927/6251/4779 5926/6250/4778 5933/6314/4841
f 5933/6314/4841 5926/6250/4778 5934/6315/4842
f 5874/6247/4775 5929/6249/4777 5916/6316/4843
f 5928/6246/4774 5878/6313/4840 5917/6317/4844
f 5928/6246/4774 5917/6317/4844 5863/6223/4749
f 5916/6316/4843 5929/6249/4777 5918/6318/4845
f 5863/6223/4749 5917/6317/4844 5860/6220/4746
f 5933/6314/4841 5934/6315/4842 5935/6319/4846
f 5933/6314/4841 5935/6319/4846 5936/6320/4847
f 5918/6318/4845 5929/6249/4777 5937/6218/4744
f 5918/6318/4845 5937/6218/4744 5919/6217/4743
f 5936/6320/4847 5935/6319/4846 5938/6321/4848
f 5936/6320/4847 5938/6321/4848 5939/6322/4849
f 5903/6295/4827 1194/1018/395 5869/6228/4754
f 5943/6323/4850 5944/6324/4851 5945/6325/4852
f 5950/6326/4853 5951/6327/4854 5952/6328/4855
f 5959/6329/4856 5951/6327/4854 5960/6330/4857
f 5965/6331/4858 5966/6332/4859 5967/6333/4860
f 5946/6334/4861 5948/6335/4862 5949/6336/4863
f 5946/6334/4861 5949/6336/4863 5947/6337/4864
f 5955/6338/4865 5957/6339/4866 5958/6340/4867
f 5955/6338/4865 5958/6340/4867 5956/6341/4868
f 5951/6327/4854 5959/6329/4856 5952/6328/4855
f 5954/6342/4869 5943/6323/4850 5945/6325/4852
f 5954/6342/4869 5945/6325/4852 5953/6343/4870
f 5956/6341/4868 5958/6340/4867 5969/6344/4871
f 5956/6341/4868 5969/6344/4871 5970/6345/4872
f 5951/6327/4854 5971/6346/4873 5972/6347/4874
f 5948/6335/4862 5946/6334/4861 5973/6348/4875
f 5948/6335/4862 5973/6348/4875 5974/6349/4876
f 5972/6347/4874 5971/6346/4873 5976/6350/4877
f 5975/6351/4878 5943/6323/4850 5977/6352/4879
f 5978/6353/4880 5979/6354/4881 5980/6355/4882
f 5978/6353/4880 5980/6355/4882 5981/6356/4883
f 5976/6350/4877 5971/6346/4873 5982/6357/4884
f 5976/6350/4877 5982/6357/4884 5983/6358/4885
f 5984/6359/4886 5985/6360/4887 5986/6361/4888
f 5984/6359/4886 5986/6361/4888 5987/6362/4889
f 5975/6351/4878 5977/6352/4879 5988/6363/4890
f 5975/6351/4878 5988/6363/4890 5989/6364/4891
f 5987/6362/4889 5986/6361/4888 5990/6365/4892
f 5981/6356/4883 5980/6355/4882 5991/6366/4893
f 5981/6356/4883 5991/6366/4893 5992/6367/4894
f 5983/6358/4885 5993/6368/4895 5994/6369/4896
f 5990/6365/4892 5986/6361/4888 5995/6370/4897
f 5988/6363/4890 5996/6371/4898 5997/6372/4899
f 5994/6369/4896 5993/6368/4895 5998/6373/4900
f 5990/6365/4892 5995/6370/4897 5999/6374/4901
f 5997/6372/4899 5996/6371/4898 6000/6375/4902
f 5997/6372/4899 6000/6375/4902 6001/6376/4903
f 6001/6376/4903 6000/6375/4902 6002/6377/4904
f 5992/6367/4894 5991/6366/4893 6003/6378/4905
f 5992/6367/4894 6003/6378/4905 6004/6379/4906
f 5998/6373/4900 5965/6331/4858 6005/6380/4907
f 5999/6374/4901 5995/6370/4897 5964/6381/4908
f 5999/6374/4901 5964/6381/4908 5963/6382/4909
f 6001/6376/4903 6002/6377/4904 5968/6383/4910
f 6004/6379/4906 6003/6378/4905 6006/6384/4911
f 6004/6379/4906 6006/6384/4911 6007/6385/4912
f 6005/6380/4907 5965/6331/4858 6008/6386/4913
f 5968/6383/4910 6002/6377/4904 6009/6387/4914
f 6007/6385/4912 6006/6384/4911 6010/6388/4915
f 6007/6385/4912 6010/6388/4915 6011/6389/4916
f 6008/6386/4913 5965/6331/4858 6012/6390/4917
f 5968/6383/4910 6009/6387/4914 6013/6391/4918
f 6012/6390/4917 5965/6331/4858 5967/6333/4860
f 6014/6392/4919 6015/6393/4920 6016/6394/4921
f 6014/6392/4919 6016/6394/4921 6017/6395/4922
f 5968/6383/4910 6013/6391/4918 6018/6396/4923
f 6012/6390/4917 5967/6333/4860 6019/6397/4924
f 5961/6398/4925 5962/6399/4926 6020/6400/4927
f 5961/6398/4925 6020/6400/4927 6021/6401/4928
f 5968/6383/4910 6018/6396/4923 6022/6402/4929
f 6017/6395/4922 6016/6394/4921 6023/6403/4930
f 6017/6395/4922 6023/6403/4930 6024/6404/4931
f 6019/6397/4924 5967/6333/4860 6025/6405/4932
f 6022/6402/4929 6018/6396/4923 6026/6406/4933
f 6019/6397/4924 6025/6405/4932 6027/6407/4934
f 6022/6402/4929 6026/6406/4933 6028/6408/4935
f 6022/6402/4929 6028/6408/4935 6029/6409/4936
f 6030/6410/4937 6031/6411/4938 6032/6412/4939
f 6030/6410/4937 6032/6412/4939 6033/6413/4940
f 6027/6407/4934 6025/6405/4932 1235/1051/428
f 6027/6407/4934 1235/1051/428 1236/1052/429
f 6021/6401/4928 6020/6400/4927 1249/6414/4941
f 6021/6401/4928 1249/6414/4941 1248/6415/4942
f 6029/6409/4936 6028/6408/4935 1243/1059/436
f 6029/6409/4936 1243/1059/436 1241/1057/434
f 5947/6337/4864 5949/6336/4863 1251/6416/4943
f 5947/6337/4864 1251/6416/4943 1250/6417/4944
f 5952/6328/4855 5959/6329/4856 1244/1061/438
f 5952/6328/4855 1244/1061/438 1246/1060/437
f 6034/6418/4945 6035/6419/4946 6036/6420/4947
f 6034/6418/4945 6036/6420/4947 6037/6421/4948
f 5953/6343/4870 5945/6325/4852 1239/1054/431
f 5953/6343/4870 1239/1054/431 1237/1053/430
f 6037/6421/4948 6036/6420/4947 6038/6422/4949
f 6037/6421/4948 6038/6422/4949 6039/6423/4950
f 6033/6413/4940 6032/6412/4939 6040/6424/4951
f 6033/6413/4940 6040/6424/4951 6041/6425/4952
f 1234/1050/427 1233/1049/426 6042/6426/4953
f 1234/1050/427 6042/6426/4953 6043/6427/4954
f 1240/1056/433 1242/1058/435 6044/6428/4955
f 1240/1056/433 6044/6428/4955 6045/6429/4956
f 6041/6425/4952 6040/6424/4951 6039/6423/4950
f 6041/6425/4952 6039/6423/4950 6038/6422/4949
f 6043/6427/4954 6042/6426/4953 1245/1062/439
f 6043/6427/4954 1245/1062/439 6046/6430/4957
f 6045/6429/4956 6044/6428/4955 6047/6431/4958
f 6045/6429/4956 6047/6431/4958 1238/1055/432
f 1245/1062/439 1244/1061/438 6046/6430/4957
f 1237/1053/430 1238/1055/432 6047/6431/4958
f 5960/6330/4857 5951/6327/4854 5972/6347/4874
f 5944/6324/4851 5943/6323/4850 5975/6351/4878
f 5977/6352/4879 6048/6432/4959 5988/6363/4890
f 5976/6350/4877 5983/6358/4885 6049/6433/4960
f 5988/6363/4890 6048/6432/4959 5996/6371/4898
f 6049/6433/4960 5983/6358/4885 5994/6369/4896
f 5994/6369/4896 5998/6373/4900 6050/6434/4961
f 6050/6434/4961 5998/6373/4900 6005/6380/4907
f 6001/6376/4903 5968/6383/4910 6051/6435/4962
f 6052/6436/4963 6012/6390/4917 6019/6397/4924
f 6053/6437/198 6054/6438/198 6055/6439/198
f 6058/6440/4964 6059/6441/4965 6060/6442/4966
f 6064/6443/4967 6065/6444/4968 6058/6440/4964
f 6064/6443/4967 6058/6440/4964 6066/6445/199
f 6069/6446/198 6070/6447/198 6071/6448/198
f 6058/6440/4964 6065/6444/4968 6059/6441/4965
f 6070/6447/198 6069/6446/198 6054/6438/198
f 6070/6447/198 6054/6438/198 6053/6437/198
f 6811/6449/24 6105/6450/24 6836/6451/24
f 6053/6437/198 6055/6439/198 6072/6452/198
f 6071/6448/198 6070/6447/198 6074/6453/198
f 6853/6454/15 6112/6455/15 6114/6456/15
f 7297/6448/4969 7255/6453/4970 6078/6457/4971
f 7297/6448/4969 6078/6457/4971 6079/6458/4972
f 6080/6447/15 6814/6459/15 7256/6453/15
f 6106/6460/4973 6107/6461/4974 6081/6462/102
f 6106/6460/4973 6081/6462/102 6082/6463/102
f 6083/6464/24 6105/6450/24 7707/6437/24
f 6083/6464/24 7707/6437/24 6817/6452/24
f 6084/6465/4971 6837/6466/4972 6818/6452/4969
f 6084/6465/4971 6818/6452/4969 7114/6439/4970
f 6087/6467/15 6086/6468/15 6085/6469/15
f 6076/6470/24 6063/6471/24 6077/6472/24
f 6814/6459/15 6080/6447/15 6112/6455/15
f 6814/6459/15 6112/6455/15 6853/6454/15
f 6836/6451/24 6105/6450/24 6083/6464/24
f 6086/6468/15 6087/6467/15 6061/6473/15
f 6089/6474/103 6090/6445/103 6088/6475/103
f 6062/6476/24 6063/6471/24 6076/6470/24
f 6813/6477/24 6096/6478/24 6105/6450/24
f 6106/6460/4973 6098/6479/4975 6107/6461/4974
f 6108/6480/15 6112/6455/15 6100/6481/15
f 6088/6475/103 6090/6445/103 6091/6440/103
f 6061/6473/15 6087/6467/15 6093/6482/15
f 6062/6476/24 6103/6483/24 6063/6471/24
f 6061/6473/15 6093/6482/15 6092/6484/15
f 6110/6485/15 6061/6473/15 6092/6484/15
f 6813/6477/24 6105/6450/24 6812/6486/24
f 6111/6487/15 6112/6455/15 6108/6480/15
f 6109/6488/24 6102/6489/24 6062/6476/24
f 6109/6488/24 6062/6476/24 6113/6490/24
f 6102/6489/24 6103/6483/24 6062/6476/24
f 6073/6491/15 6061/6473/15 6110/6485/15
f 6104/6492/4976 6095/6493/4977 6057/6494/4978
f 6104/6492/4976 6057/6494/4978 6056/6495/4979
f 6812/6486/24 6105/6450/24 6811/6449/24
f 6114/6456/15 6112/6455/15 6111/6487/15
f 6067/6496/4980 6068/6497/4981 7055/6498/4982
f 6067/6496/4980 7055/6498/4982 6101/6499/4983
f 6113/6490/24 6062/6476/24 6075/6500/24
f 6060/6442/4966 6095/6493/4977 6104/6492/4976
f 7127/6501/24 6096/6478/24 6813/6477/24
f 6097/6502/4984 6098/6479/4975 6106/6460/4973
f 6108/6480/15 6100/6481/15 6099/6503/15
f 6094/6504/15 6092/6484/15 6093/6482/15
f 6094/6504/15 6093/6482/15 6115/6505/15
f 6059/6441/4965 6095/6493/4977 6060/6442/4966
f 6096/6478/24 7127/6501/24 6816/6506/24
f 6099/6503/15 6100/6481/15 6815/6507/15
f 6101/6499/4983 7055/6498/4982 6065/6444/4968
f 6101/6499/4983 6065/6444/4968 6064/6443/4967
f 6103/6483/24 6102/6489/24 6116/6508/24
f 6117/6509/4985 6118/6510/4985 6119/6511/4985
f 6117/6509/4985 6119/6511/4985 6120/6512/4985
f 8202/6512/4986 8277/6511/4986 6121/6513/4986
f 8202/6512/4986 6121/6513/4986 6122/6514/4986
f 8288/6514/4987 6809/6513/4987 6123/6515/4987
f 8288/6514/4987 6123/6515/4987 6124/6516/4987
f 6125/6517/4988 6126/6518/4988 6127/6519/4988
f 6125/6517/4988 6127/6519/4988 6128/6520/4988
f 6838/6519/15 6808/6518/15 6129/6521/15
f 6838/6519/15 6129/6521/15 6130/6522/15
f 6808/6518/15 6810/6513/15 6131/6523/15
f 6808/6518/15 6131/6523/15 6129/6521/15
f 6810/6513/15 8278/6511/15 6132/6524/15
f 6810/6513/15 6132/6524/15 6131/6523/15
f 8278/6511/15 6838/6519/15 6130/6522/15
f 8278/6511/15 6130/6522/15 6132/6524/15
f 6133/6525/24 6134/6526/24 6135/6527/24
f 6133/6525/24 6135/6527/24 6136/6528/24
f 6134/6526/24 8203/6512/24 6137/6529/24
f 6134/6526/24 6137/6529/24 6135/6527/24
f 8203/6512/24 8289/6514/24 6138/6530/24
f 8203/6512/24 6138/6530/24 6137/6529/24
f 8289/6514/24 6133/6525/24 6136/6528/24
f 8289/6514/24 6136/6528/24 6138/6530/24
f 6142/6531/4989 6141/6532/4990 6147/6533/4991
f 6142/6531/4989 6147/6533/4991 6148/6534/4992
f 6143/6535/4993 6144/6536/4994 6149/6537/4995
f 6143/6535/4993 6149/6537/4995 6150/6538/4996
f 6151/6539/4997 6152/6540/4998 6139/6541/4999
f 6151/6539/4997 6139/6541/4999 6140/6542/5000
f 6153/6543/5001 6154/6544/5002 6155/6545/5003
f 6153/6543/5001 6155/6545/5003 6156/6546/5004
f 7053/6544/5005 6157/6547/5006 6158/6548/5007
f 7053/6544/5005 6158/6548/5007 6804/6549/5008
f 8317/6547/5009 6159/6550/4985 6160/6551/5010
f 8317/6547/5009 6160/6551/5010 6842/6552/5011
f 6161/6553/5012 6162/6554/5013 6146/6555/5014
f 6161/6553/5012 6146/6555/5014 6145/6556/5015
f 6163/6557/5016 6164/6558/5017 6165/6559/5018
f 6163/6557/5016 6165/6559/5018 6166/6560/5019
f 6807/6558/5020 6167/6561/5021 6168/6562/5022
f 6807/6558/5020 6168/6562/5022 6805/6563/5023
f 8086/6561/5024 6169/6564/4987 6170/6565/5025
f 8086/6561/5024 6170/6565/5025 6150/6566/5026
f 5116/6567/5027 6171/6568/5028 6172/6569/5029
f 5134/6570/5030 5115/6571/5031 5116/6567/5027
f 5134/6570/5030 5116/6567/5027 6173/6572/5032
f 5120/5322/3871 5119/6573/5033 5121/6574/5034
f 6174/6575/5035 5134/6570/5030 6173/6572/5032
f 6175/6576/5036 6176/6577/5036 6801/6578/5036
f 6175/6576/5036 6801/6578/5036 6879/6579/5036
f 6177/6580/5037 6178/6581/5038 7051/6577/5039
f 5120/5322/3871 6178/6581/5038 6177/6580/5037
f 5120/5322/3871 5121/6574/5034 6178/6581/5038
f 6179/6582/5040 5121/6574/5034 5119/6573/5033
f 6179/6582/5040 5119/6573/5033 6180/6583/5041
f 6181/6584/5042 6179/6582/5040 6180/6583/5041
f 6182/6585/5036 6909/6584/5036 6183/6586/5036
f 6182/6585/5036 6183/6586/5036 6184/6587/5036
f 5115/6571/5031 6186/6588/5043 6185/6589/5044
f 5115/6571/5031 5134/6570/5030 6186/6588/5043
f 6803/6590/5045 7054/6591/5046 6880/6574/5047
f 6803/6590/5045 6880/6574/5047 6877/6570/5048
f 7054/6591/5046 6803/6590/5045 6802/6592/5049
f 7054/6591/5046 6802/6592/5049 6800/6593/5050
f 6878/6570/5051 6881/6574/5052 6799/6594/5053
f 6878/6570/5051 6799/6594/5053 7475/6595/5054
f 6797/6596/5055 6798/6597/5056 6910/6584/5057
f 6800/6593/5050 6802/6592/5049 7052/6577/5058
f 7475/6595/5054 6799/6594/5053 6798/6597/5056
f 7475/6595/5054 6798/6597/5056 6797/6596/5055
f 6171/6568/5028 5116/6567/5027 5115/6571/5031
f 6187/6598/5059 6189/6599/5060 6190/6600/5061
f 6187/6598/5059 6190/6600/5061 6188/6601/5062
f 6191/6602/5063 6192/6603/5064 6193/6604/5065
f 6191/6602/5063 6193/6604/5065 6194/6605/2887
f 6192/6603/5064 6195/6606/5066 6193/6604/5065
f 6195/6606/5066 6196/6607/5067 6193/6604/5065
f 6195/6606/5066 6197/6608/5068 6196/6607/5067
f 6197/6608/5068 6198/6609/5069 6196/6607/5067
f 6197/6608/5068 6199/6610/5070 6198/6609/5069
f 6199/6610/5070 6188/6601/5062 6198/6609/5069
f 6199/6610/5070 6187/6598/5059 6188/6601/5062
f 6200/6611/5071 6216/6612/5072 6219/6613/5073
f 6200/6611/5071 6219/6613/5073 6201/6614/5074
f 6200/6611/5071 6201/6614/5074 6202/6615/5075
f 6203/6616/5076 6200/6611/5071 6202/6615/5075
f 6204/6617/5077 6205/6618/5078 6206/6619/5079
f 6204/6617/5077 6206/6619/5079 6207/6620/5080
f 6208/6621/5081 6204/6617/5077 6207/6620/5080
f 6208/6621/5081 6207/6620/5080 6209/6622/5082
f 6208/6621/5081 6209/6622/5082 6210/6623/5083
f 6211/6624/5084 6212/6625/5085 6213/6626/5086
f 6214/6627/5087 6211/6624/5084 6213/6626/5086
f 6214/6627/5087 6213/6626/5086 6215/6628/5088
f 6216/6612/5072 6217/6629/5089 6218/6630/5090
f 6216/6612/5072 6218/6630/5090 6219/6613/5073
f 6201/6614/5074 6220/6631/5091 6221/6632/5092
f 6202/6615/5075 6201/6614/5074 6221/6632/5092
f 6202/6615/5075 6221/6632/5092 6222/6633/5093
f 6207/6620/5080 6206/6619/5079 6223/6634/5094
f 6207/6620/5080 6223/6634/5094 6224/6635/5095
f 6209/6622/5082 6207/6620/5080 6224/6635/5095
f 6209/6622/5082 6224/6635/5095 6225/6636/5096
f 6209/6622/5082 6225/6636/5096 6226/6637/5097
f 6210/6623/5083 6209/6622/5082 6226/6637/5097
f 6210/6623/5083 6226/6637/5097 6227/6638/5098
f 6213/6626/5086 6212/6625/5085 6228/6639/5099
f 6213/6626/5086 6228/6639/5099 6229/6640/5100
f 6215/6628/5088 6213/6626/5086 6229/6640/5100
f 6215/6628/5088 6229/6640/5100 6230/6641/5101
f 6218/6630/5090 6231/6642/5102 6232/6643/5103
f 6219/6613/5073 6218/6630/5090 6232/6643/5103
f 6219/6613/5073 6232/6643/5103 6220/6631/5091
f 6201/6614/5074 6219/6613/5073 6220/6631/5091
f 6233/6644/5104 6234/6645/5105 6235/6646/5106
f 6233/6644/5104 6235/6646/5106 6236/6647/5107
f 6237/6648/5108 6233/6644/5104 6236/6647/5107
f 6237/6648/5108 6236/6647/5107 6238/6649/5109
f 6239/6650/5110 6240/6651/5111 6241/6652/5112
f 6242/6653/5113 6239/6650/5110 6241/6652/5112
f 6242/6653/5113 6241/6652/5112 6243/6654/5114
f 6244/6655/5115 6242/6653/5113 6243/6654/5114
f 6244/6655/5115 6243/6654/5114 6245/6656/5116
f 6246/6657/5117 6244/6655/5115 6245/6656/5116
f 6247/6658/5118 6246/6657/5117 6245/6656/5116
f 6247/6658/5118 6245/6656/5116 6248/6659/5119
f 6249/6660/5120 6247/6658/5118 6248/6659/5119
f 6249/6660/5120 6248/6659/5119 6250/6661/5121
f 6251/6662/5122 6249/6660/5120 6250/6661/5121
f 6251/6662/5122 6250/6661/5121 6252/6663/5123
f 6253/6664/5124 6251/6662/5122 6252/6663/5123
f 6253/6664/5124 6252/6663/5123 6254/6665/5125
f 6255/6666/5126 6253/6664/5124 6254/6665/5125
f 6255/6666/5126 6254/6665/5125 6256/6667/5127
f 6234/6645/5105 6255/6666/5126 6256/6667/5127
f 6234/6645/5105 6256/6667/5127 6235/6646/5106
f 6795/6668/5128 6790/6669/5129 6257/6670/5130
f 6795/6668/5128 6257/6670/5130 6258/6671/5131
f 6793/6672/5132 6794/6673/5133 6259/6674/5134
f 6793/6672/5132 6259/6674/5134 6260/6675/5135
f 6792/6676/5136 6793/6672/5132 6260/6675/5135
f 6792/6676/5136 6260/6675/5135 6261/6677/5137
f 6792/6676/5136 6261/6677/5137 6262/6678/5138
f 6791/6679/5139 6792/6676/5136 6262/6678/5138
f 6790/6669/5129 6791/6679/5139 6262/6678/5138
f 6790/6669/5129 6262/6678/5138 6257/6670/5130
f 6264/6680/5140 6263/6681/5141 1252/1066/443
f 6264/6680/5140 1252/1066/443 1253/1065/442
f 6265/6682/5142 6264/6680/5140 1253/1065/442
f 6266/6683/5143 6267/6684/5144 1253/1065/442
f 6266/6683/5143 1253/1065/442 1254/1064/441
f 6268/6685/5145 6266/6683/5143 1254/1064/441
f 6269/6686/5146 6268/6685/5145 1254/1064/441
f 6270/6687/5147 6269/6686/5146 1254/1064/441
f 6270/6687/5147 1254/1064/441 1255/1063/440
f 6271/6688/5148 6270/6687/5147 1255/1063/440
f 6272/6689/5149 6271/6688/5148 1255/1063/440
f 6273/6690/5150 6272/6689/5149 1255/1063/440
f 6274/6691/5151 6273/6690/5150 1255/1063/440
f 6274/6691/5151 1255/1063/440 1252/1066/443
f 6263/6681/5141 6274/6691/5151 1252/1066/443
f 6216/6612/5072 6200/6611/5071 6275/6692/5152
f 6216/6612/5072 6275/6692/5152 6284/6693/5153
f 6200/6611/5071 6203/6616/5076 6276/6694/5154
f 6200/6611/5071 6276/6694/5154 6275/6692/5152
f 6205/6618/5078 6204/6617/5077 6277/6695/5155
f 6205/6618/5078 6277/6695/5155 6278/6696/5156
f 6204/6617/5077 6208/6621/5081 6277/6695/5155
f 6208/6621/5081 6279/6697/5157 6277/6695/5155
f 6208/6621/5081 6210/6623/5083 6279/6697/5157
f 6294/6698/5158 6282/6699/5159 6283/6700/5160
f 6217/6629/5089 6216/6612/5072 6284/6693/5153
f 6217/6629/5089 6284/6693/5153 6285/6701/5161
f 6286/6702/5162 6287/6703/5163 6288/6704/5164
f 6286/6702/5162 6288/6704/5164 6289/6705/5165
f 6292/6706/5166 6286/6702/5162 6289/6705/5165
f 6211/6624/5084 6294/6698/5158 6293/6707/5167
f 6211/6624/5084 6214/6627/5087 6294/6698/5158
f 6214/6627/5087 6282/6699/5159 6294/6698/5158
f 6293/6707/5167 6294/6698/5158 6280/6708/5168
f 7361/6629/5169 7362/6701/5170 6295/6709/5171
f 7361/6629/5169 6295/6709/5171 1270/6710/5172
f 6296/6711/199 6297/6712/199 6298/6713/199
f 6296/6711/199 6298/6713/199 6299/6714/199
f 6300/6715/199 6301/6716/199 6302/6717/199
f 6303/6718/5173 7363/6719/5174 1269/6720/5175
f 1270/6710/5172 6295/6709/5171 6291/6721/5176
f 6304/6722/5177 6305/6723/5178 6286/6702/5162
f 6304/6722/5177 6286/6702/5162 6292/6706/5166
f 6298/6713/199 6297/6712/199 6306/6724/199
f 6297/6712/199 6300/6715/199 6306/6724/199
f 6300/6715/199 6302/6717/199 6307/6725/199
f 6300/6715/199 6307/6725/199 6306/6724/199
f 6303/6718/5173 1269/6720/5175 1268/6726/5179
f 6303/6718/5173 1268/6726/5179 8330/6727/5180
f 6308/6728/103 6309/6729/103 6310/6730/103
f 1268/6731/5181 6290/6732/5182 6311/6733/5183
f 1268/6731/5181 6311/6733/5183 6312/6734/5184
f 6281/6735/5185 6280/6708/5168 6313/6736/5186
f 6281/6735/5185 6313/6736/5186 6314/6737/5187
f 6315/6738/103 6308/6728/103 6310/6730/103
f 6280/6708/5168 6294/6698/5158 6313/6736/5186
f 6315/6738/103 6310/6730/103 6316/6739/103
f 6294/6698/5158 6283/6700/5160 6317/6740/5188
f 6294/6698/5158 6317/6740/5188 6313/6736/5186
f 6319/6741/103 6320/6742/103 6321/6743/103
f 6319/6741/103 6321/6743/103 6322/6744/103
f 8304/6742/24 6323/6745/24 6324/6746/24
f 8304/6742/24 6324/6746/24 8303/6743/24
f 6291/6721/5176 6295/6709/5171 6325/6747/5189
f 6291/6721/5176 6325/6747/5189 6318/6748/5190
f 6329/6749/5191 6331/6750/5192 6332/6751/5193
f 6329/6749/5191 6332/6751/5193 6330/6752/5194
f 6326/6753/5195 6327/6754/5196 6337/6755/5197
f 6326/6753/5195 6337/6755/5197 6338/6756/5198
f 6327/6754/5196 6328/6757/5199 6339/6758/5200
f 6327/6754/5196 6339/6758/5200 6337/6755/5197
f 6328/6757/5199 6329/6749/5191 6340/6759/5201
f 6328/6757/5199 6340/6759/5201 6339/6758/5200
f 6329/6749/5191 6330/6752/5194 6340/6759/5201
f 6332/6751/5193 6331/6750/5192 6341/6760/5202
f 6331/6750/5192 6333/6761/5203 6342/6762/5204
f 6331/6750/5192 6342/6762/5204 6341/6760/5202
f 6333/6761/5203 6343/6763/5205 6342/6762/5204
f 6333/6761/5203 6334/6764/5206 6344/6765/5207
f 6333/6761/5203 6344/6765/5207 6343/6763/5205
f 6334/6764/5206 6335/6766/5208 6345/6767/5209
f 6334/6764/5206 6345/6767/5209 6344/6765/5207
f 6335/6766/5208 6336/6768/5210 6346/6769/5211
f 6335/6766/5208 6346/6769/5211 6345/6767/5209
f 6336/6768/5210 6326/6753/5195 6338/6756/5198
f 6336/6768/5210 6338/6756/5198 6346/6769/5211
f 6347/6770/5212 6348/6771/5213 6361/6772/5214
f 6347/6770/5212 6361/6772/5214 6362/6773/5215
f 6349/6774/5216 6350/6775/5217 6363/6776/5218
f 6350/6775/5217 6351/6777/5219 6364/6778/5220
f 6350/6775/5217 6364/6778/5220 6363/6776/5218
f 6352/6779/5221 6353/6780/5222 6365/6781/5223
f 6353/6780/5222 6366/6782/5224 6365/6781/5223
f 6353/6780/5222 6354/6783/5225 6367/6784/5226
f 6353/6780/5222 6367/6784/5226 6366/6782/5224
f 6354/6783/5225 6355/6785/5227 6368/6786/5228
f 6354/6783/5225 6368/6786/5228 6367/6784/5226
f 6356/6787/5229 6357/6788/5230 6369/6789/5231
f 6357/6788/5230 6358/6790/5232 6370/6791/5233
f 6357/6788/5230 6370/6791/5233 6369/6789/5231
f 6359/6792/5234 6360/6793/5235 6371/6794/5236
f 6360/6793/5235 6347/6770/5212 6372/6795/5237
f 6360/6793/5235 6372/6795/5237 6371/6794/5236
f 6347/6770/5212 6362/6773/5215 6372/6795/5237
f 6349/6774/5216 6363/6776/5218 6373/6796/5238
f 6352/6779/5221 6365/6781/5223 6374/6797/5239
f 6356/6787/5229 6369/6789/5231 6375/6798/5240
f 6359/6792/5234 6371/6794/5236 6376/6799/5241
f 6378/6800/5242 6379/6801/5243 6380/6802/5244
f 6381/6803/5245 6382/6804/5246 6383/6805/5247
f 6383/6805/5247 6384/6806/5248 6385/6807/5249
f 6385/6807/5249 6386/6808/5250 6387/6809/5251
f 6387/6809/5251 6388/6810/5252 6377/6811/5253
f 6377/6811/5253 6378/6800/5242 1271/6812/5254
f 6378/6800/5242 6380/6802/5244 1271/6812/5254
f 6380/6802/5244 6381/6803/5245 1271/6812/5254
f 6381/6803/5245 6383/6805/5247 1271/6812/5254
f 6383/6805/5247 6385/6807/5249 1271/6812/5254
f 6385/6807/5249 6387/6809/5251 1271/6812/5254
f 6387/6809/5251 6377/6811/5253 1271/6812/5254
f 6389/6813/5255 6390/6814/5256 6391/6815/5257
f 6390/6814/5256 6392/6816/5258 6391/6815/5257
f 6392/6816/5258 6393/6817/5259 6391/6815/5257
f 6392/6816/5258 6394/6818/5260 6393/6817/5259
f 6395/6819/5261 6397/6820/5262 6396/6821/5263
f 6398/6822/5264 6397/6820/5262 6395/6819/5261
f 6396/6821/5263 6402/6823/5265 6395/6819/5261
f 6400/6824/103 6401/6825/103 6403/6826/103
f 1272/6827/5266 6404/6828/5267 1278/1082/447
f 6405/6829/5268 1285/1088/453 1277/6830/5269
f 1280/6831/5270 1281/6832/5271 6404/6828/5267
f 1277/6830/5269 1285/1088/453 6407/6833/5272
f 1275/1080/445 6408/6834/5273 6409/6835/5274
f 6410/6836/103 6401/6825/103 6400/6824/103
f 1273/1084/449 1272/6827/5266 1278/1082/447
f 6408/6837/5275 1279/1083/448 1278/1082/447
f 6408/6834/5273 1275/1080/445 1274/1079/444
f 1282/1085/450 1275/1080/445 1281/6832/5271
f 1282/1085/450 1281/6832/5271 1280/6831/5270
f 1280/6831/5270 6404/6828/5267 1272/6827/5266
f 6415/6838/5276 6427/6839/5277 6428/6840/5278
f 6418/6841/5279 6429/6842/5280 6430/6843/5281
f 6421/6844/5282 6431/6845/5283 6432/6846/5284
f 6421/6844/5282 6432/6846/5284 6417/6847/5285
f 6422/6848/5286 6431/6845/5283 6421/6844/5282
f 6425/6849/5287 6433/6850/5288 6434/6851/5289
f 6428/6840/5278 6414/6852/5290 6415/6838/5276
f 6426/6853/5291 6429/6842/5280 6413/6854/5292
f 6429/6842/5280 6418/6841/5279 6413/6854/5292
f 6432/6846/5284 6416/6855/5293 6417/6847/5285
f 6433/6850/5288 6425/6849/5287 6424/6856/5294
f 6435/6857/5295 6431/6845/5283 6422/6848/5286
f 6435/6857/5295 6422/6848/5286 6423/6858/5296
f 6436/6859/5297 6437/6860/5298 6438/6861/5299
f 6436/6859/5297 6438/6861/5299 6439/6862/5300
f 6437/6860/5298 6440/6863/5301 6438/6861/5299
f 6437/6860/5298 6441/6864/5302 6440/6863/5301
f 6442/6865/5303 6436/6859/5297 6439/6862/5300
f 6442/6865/5303 6439/6862/5300 6443/6866/5304
f 6441/6864/5302 6444/6867/5305 6440/6863/5301
f 6445/6868/5306 6442/6865/5303 6443/6866/5304
f 6445/6868/5306 6443/6866/5304 6446/6869/5307
f 6441/6864/5302 6447/6870/5308 6444/6867/5305
f 6448/6871/5309 6445/6868/5306 6446/6869/5307
f 6448/6871/5309 6446/6869/5307 6449/6872/5310
f 6447/6870/5308 6448/6871/5309 6449/6872/5310
f 6447/6870/5308 6449/6872/5310 6444/6867/5305
f 6450/6873/5311 6451/6874/5312 6452/6875/5313
f 6453/6876/5314 6450/6873/5311 6452/6875/5313
f 6454/6877/5315 6455/6878/5316 6456/6879/5317
f 6455/6878/5316 6457/6880/5318 6456/6879/5317
f 6453/6876/5314 6452/6875/5313 6458/6881/5319
f 6459/6882/5320 6460/6883/5321 6461/6884/5322
f 6462/6885/5323 6453/6876/5314 6458/6881/5319
f 6459/6882/5320 6463/6886/5324 6460/6883/5321
f 6464/6887/5325 6465/6888/5326 6466/6889/5327
f 6467/6890/5328 6464/6887/5325 6466/6889/5327
f 6463/6886/5324 6468/6891/5329 6460/6883/5321
f 6463/6886/5324 6469/6892/5330 6468/6891/5329
f 6472/6893/5331 6470/6894/5332 6471/6895/5333
f 6472/6893/5331 6471/6895/5333 6473/6896/5334
f 6470/6894/5332 6474/6897/5335 6475/6898/5336
f 6470/6894/5332 6475/6898/5336 6471/6895/5333
f 6476/6899/5337 6472/6893/5331 6473/6896/5334
f 6474/6897/5335 6477/6900/5338 6478/6901/5339
f 6474/6897/5335 6478/6901/5339 6475/6898/5336
f 6476/6899/5337 6473/6896/5334 6479/6902/5340
f 6477/6900/5338 6480/6903/5341 6478/6901/5339
f 6481/6904/5342 6476/6899/5337 6479/6902/5340
f 6481/6904/5342 6479/6902/5340 6482/6905/5343
f 6480/6903/5341 6482/6905/5343 6478/6901/5339
f 6480/6903/5341 6481/6904/5342 6482/6905/5343
f 6483/6906/5344 6484/6907/5345 6485/6908/5346
f 6486/6909/5347 6483/6906/5344 6485/6908/5346
f 6487/6910/5348 6488/6911/5349 6489/6912/5350
f 6487/6910/5348 6489/6912/5350 6490/6913/5351
f 6488/6911/5349 6491/6914/5352 6489/6912/5350
f 6486/6909/5347 6485/6908/5346 6492/6915/5353
f 6493/6916/5354 6494/6917/5355 6495/6918/5356
f 6496/6919/5357 6486/6909/5347 6492/6915/5353
f 6496/6919/5357 6492/6915/5353 6497/6920/5358
f 6498/6921/5359 6499/6922/5360 6500/6923/5361
f 6501/6924/5362 6498/6921/5359 6500/6923/5361
f 6494/6917/5355 6502/6925/5363 6503/6926/5364
f 6494/6917/5355 6503/6926/5364 6495/6918/5356
f 6403/6826/103 6401/6825/103 6504/6927/103
f 1278/1082/447 6404/6828/5267 6505/6928/5365
f 6505/6928/5365 6404/6828/5267 6506/6929/5366
f 6505/6928/5365 6506/6929/5366 6507/6930/5367
f 6505/6928/5365 6507/6930/5367 6508/6931/5368
f 6509/6932/5369 6510/6933/3827 6406/6934/5370
f 6509/6932/5369 6406/6934/5370 6399/6935/5371
f 1283/1086/451 1287/1091/456 1284/1087/452
f 6515/6936/199 6516/6937/199 6517/6938/199
f 6518/6939/5372 6519/6940/5372 6512/6941/5373
f 6518/6939/5372 6512/6941/5373 6511/6942/5373
f 6520/6943/198 6521/6944/198 6522/6945/198
f 6515/6936/199 6523/6946/199 6516/6937/199
f 6524/6947/198 6521/6944/198 6520/6943/198
f 6525/6948/5374 6329/6749/5191 6328/6757/5199
f 6333/6761/5203 6526/6949/5375 6334/6764/5206
f 6535/6950/5376 6536/6951/5377 6399/6935/5371
f 6534/6952/5378 6406/6934/5370 6538/6953/5379
f 6399/6935/5380 6537/6954/5381 6539/6955/5382
f 6399/6935/5380 6539/6955/5382 6540/6932/5383
f 6538/6953/5379 6406/6934/5370 6541/6933/5384
f 6542/6956/5385 1286/1089/5386 1290/6957/5387
f 6549/6958/5388 1285/1088/453 1286/1089/454
f 6399/6935/5371 6406/6934/5370 6535/6950/5376
f 6549/6958/5388 6407/6833/5272 1285/1088/453
f 6406/6934/5370 6534/6952/5378 6535/6950/5376
f 7049/6959/103 8279/6960/5389 6401/6825/103
f 6504/6927/103 6401/6825/103 8279/6960/5389
f 6504/6927/103 8279/6960/5389 6550/6961/5390
f 6551/6962/5391 6533/6963/5392 6532/6964/5393
f 6550/6961/5390 6533/6963/5392 6551/6962/5391
f 6547/6965/5394 1287/1091/456 1288/1090/455
f 6527/6966/5395 6531/6967/5396 6530/6968/5397
f 6527/6966/5395 6552/6969/5398 6531/6967/5396
f 6528/6970/5399 6552/6969/5398 6527/6966/5395
f 6550/6961/5390 8279/6960/5389 6533/6963/5392
f 6558/6971/5400 6559/6972/5401 6560/6973/5402
f 6558/6971/5400 6560/6973/5402 6561/6974/5403
f 6564/6975/5404 6566/6976/5405 6568/6977/5406
f 6564/6975/5404 6568/6977/5406 6565/6978/5407
f 6556/6979/5408 6561/6974/5403 6560/6973/5402
f 6558/6971/5400 6553/6980/5409 6557/6981/5410
f 6558/6971/5400 6561/6974/5403 6571/6982/5411
f 6561/6974/5403 6556/6979/5408 6572/6983/5412
f 6561/6974/5403 6572/6983/5412 6573/6984/5413
f 6555/6985/5414 6554/6986/5415 6574/6987/5416
f 6555/6985/5414 6574/6987/5416 6575/6988/5417
f 6553/6980/5409 6558/6971/5400 6576/6989/5418
f 6553/6980/5409 6576/6989/5418 6577/6990/5419
f 6558/6971/5400 6571/6982/5411 6578/6991/5420
f 6573/6984/5413 6572/6983/5412 6571/6982/5411
f 6578/6991/5420 6571/6982/5411 6580/6992/5421
f 6578/6991/5420 6580/6992/5421 6579/6993/5422
f 6571/6982/5411 6572/6983/5412 6580/6992/5421
f 6580/6992/5421 6572/6983/5412 6581/6994/5423
f 6575/6988/5417 6574/6987/5416 6582/6995/5424
f 6575/6988/5417 6582/6995/5424 6583/6996/5425
f 6577/6990/5419 6576/6989/5418 6584/6997/5426
f 6584/6997/5426 6576/6989/5418 6585/6998/5427
f 6579/6993/5422 6580/6992/5421 6586/6999/5428
f 6579/6993/5422 6586/6999/5428 6585/6998/5427
f 6580/6992/5421 6581/6994/5423 6587/7000/5429
f 6584/6997/5426 6585/6998/5427 6588/7001/5430
f 6585/6998/5427 6586/6999/5428 6569/7002/5431
f 6585/6998/5427 6569/7002/5431 6567/7003/5432
f 6587/7000/5429 6570/7004/5433 6569/7005/5434
f 6583/6996/5425 6582/6995/5424 6565/6978/5407
f 6583/6996/5425 6565/6978/5407 6568/6977/5406
f 6588/7001/5430 6585/6998/5427 6562/7006/5435
f 6588/7001/5430 6562/7006/5435 6563/7007/5436
f 6576/6989/5418 6558/6971/5400 6578/6991/5420
f 6576/6989/5418 6578/6991/5420 6589/7008/5437
f 6576/6989/5418 6589/7008/5437 6579/6993/5422
f 6576/6989/5418 6579/6993/5422 6585/6998/5427
f 6580/6992/5421 6587/7000/5429 6789/7009/5438
f 6789/7009/5438 6587/7000/5429 6569/7005/5434
f 6588/7001/5430 6563/7007/5436 6590/7010/5439
f 6605/7011/5440 6601/7012/5441 6599/7013/5442
f 6605/7011/5440 6599/7013/5442 6604/7014/5443
f 6597/7015/5444 6606/7016/5445 6596/7017/5446
f 6606/7016/5445 6607/7018/5447 6596/7017/5446
f 6608/7019/5448 6609/7020/5449 6591/7021/5450
f 6609/7020/5449 6610/7022/5451 6591/7021/5450
f 6607/7018/5447 6608/7019/5448 6591/7021/5450
f 6609/7020/5449 6611/7023/5452 6610/7022/5451
f 6607/7018/5447 6606/7016/5445 6608/7019/5448
f 6610/7022/5451 6611/7023/5452 6605/7011/5440
f 6610/7022/5451 6605/7011/5440 6604/7014/5443
f 6593/7024/5453 6600/7025/5454 6598/7026/5455
f 6593/7024/5453 6598/7026/5455 6592/7027/5456
f 6612/7028/5457 6613/7029/5458 6595/7030/5459
f 6612/7028/5457 6595/7030/5459 6594/7031/5460
f 6614/7032/5461 6615/7033/5462 6613/7029/5458
f 6614/7032/5461 6613/7029/5458 6612/7028/5457
f 1293/1094/459 1292/1093/458 6615/7033/5462
f 1293/1094/459 6615/7033/5462 6614/7032/5461
f 6603/7034/5463 6602/7035/5464 6616/7036/5465
f 6617/7037/5466 6616/7036/5465 6618/7038/5467
f 6603/7034/5463 6616/7036/5465 6617/7037/5466
f 6619/7039/5468 6620/7040/5469 1295/1096/461
f 6619/7039/5468 1295/1096/461 1294/1095/460
f 6617/7037/5466 6618/7038/5467 6620/7040/5469
f 6617/7037/5466 6620/7040/5469 6619/7039/5468
f 6621/7041/5470 6603/7034/5463 6617/7037/5466
f 1301/7042/5471 6622/7043/5472 6623/7044/5473
f 6664/7045/5474 1311/7046/5475 6624/7047/5476
f 6664/7045/5474 6624/7047/5476 6625/7048/5477
f 6625/7048/5477 6624/7047/5476 1299/7049/5478
f 6625/7048/5477 1299/7049/5478 6626/7050/5479
f 6628/7051/5480 6647/7052/5481 6660/7053/5482
f 6628/7051/5480 6660/7053/5482 6661/7054/5483
f 6663/7055/5484 6626/7050/5479 6643/7056/5485
f 6663/7055/5484 6643/7056/5485 6642/7057/5486
f 6626/7050/5479 1299/7049/5478 6643/7056/5485
f 6630/7058/5487 6646/7059/5488 6634/7060/5489
f 6664/7045/5474 6625/7048/5477 6646/7059/5488
f 6664/7045/5474 6646/7059/5488 6630/7058/5487
f 6644/7061/5490 6663/7055/5484 6642/7057/5486
f 6639/7062/5491 6644/7061/5490 6642/7057/5486
f 6639/7062/5491 6642/7057/5486 6638/7063/5492
f 6629/7064/5493 6648/7065/5494 6628/7051/5480
f 6648/7065/5494 6647/7052/5481 6628/7051/5480
f 6660/7053/5482 6665/7066/5495 6661/7054/5483
f 6665/7066/5495 6662/7067/5496 6661/7054/5483
f 6666/7068/5497 6641/7069/5498 6662/7067/5496
f 6627/7070/5499 6667/7071/5500 6668/7072/5501
f 6667/7071/5500 6653/7073/5502 6654/7074/5503
f 6667/7071/5500 6654/7074/5503 6657/7075/5504
f 6667/7071/5500 6657/7075/5504 6668/7072/5501
f 6659/7076/5505 6649/7077/5506 6669/7078/5507
f 6659/7076/5505 6669/7078/5507 6623/7044/5473
f 6652/7079/5508 6649/7077/5506 6659/7076/5505
f 6641/7069/5498 6666/7068/5497 6650/7080/5509
f 6641/7069/5498 6650/7080/5509 6637/7081/5510
f 6631/7082/5511 6648/7065/5494 6629/7064/5493
f 6662/7067/5496 6665/7066/5495 6666/7068/5497
f 6635/7083/5512 6636/7084/5513 6640/7085/5514
f 6636/7084/5513 6651/7086/5515 6640/7085/5514
f 6656/7087/5516 6655/7088/5517 6632/7089/5518
f 6633/7090/5519 6656/7087/5516 6632/7089/5518
f 6658/7091/5520 6670/7092/5521 1303/1098/463
f 6658/7091/5520 1303/1098/463 1304/1100/465
f 6671/7093/5522 6672/7094/5523 6670/7092/5521
f 6671/7093/5522 6670/7092/5521 6658/7091/5520
f 1306/1102/467 6645/7095/5524 6673/7096/5525
f 1306/1102/467 6673/7096/5525 1307/1103/468
f 6673/7096/5525 6645/7095/5524 6672/7094/5523
f 6673/7096/5525 6672/7094/5523 6671/7093/5522
f 6622/7043/5472 6674/7097/5526 6623/7044/5473
f 1300/7098/5527 1301/7042/5471 1310/7099/5528
f 6624/7047/5476 1297/7100/5529 1298/7101/5530
f 6624/7047/5476 1298/7101/5530 1299/7049/5478
f 6627/7070/5499 6668/7072/5501 6674/7097/5526
f 6627/7070/5499 6674/7097/5526 6622/7043/5472
f 1301/7042/5471 6623/7044/5473 6669/7078/5507
f 1310/7099/5528 1301/7042/5471 6669/7078/5507
f 1310/7099/5528 6669/7078/5507 1312/7102/5531
f 6675/7103/5532 6677/7104/5533 6676/7105/5534
f 6678/7106/5535 6679/7107/5536 6680/7108/5537
f 6679/7107/5536 6681/7109/5538 6680/7108/5537
f 6682/7110/5539 6683/7111/5540 6684/7112/5541
f 6682/7110/5539 6685/7113/5542 6683/7111/5540
f 6685/7113/5542 6686/7114/5543 6683/7111/5540
f 6687/7115/5544 6688/7116/5545 6689/7117/5546
f 6688/7116/5545 6690/7118/5547 6689/7117/5546
f 6691/7119/5548 6675/7103/5532 6676/7105/5534
f 6691/7119/5548 6676/7105/5534 6692/7120/5549
f 6695/7121/5550 6696/7122/5551 6697/7123/5552
f 6696/7122/5551 6698/7124/5553 6697/7123/5552
f 6698/7124/5553 6699/7125/5554 6697/7123/5552
f 6698/7124/5553 6700/7126/5555 6699/7125/5554
f 6700/7126/5555 6701/7127/5556 6699/7125/5554
f 6702/7128/5557 6703/7129/5558 6704/7130/5559
f 6705/7131/5560 6702/7128/5557 6704/7130/5559
f 6705/7131/5560 6704/7130/5559 6701/7127/5556
f 6700/7126/5555 6705/7131/5560 6701/7127/5556
f 6776/7132/5561 6739/7133/5562 6733/7134/5563
f 6776/7132/5561 6733/7134/5563 6734/7135/5564
f 6734/7135/5564 6733/7134/5563 6735/7136/5565
f 6734/7135/5564 6735/7136/5565 6736/7137/5566
f 6737/7138/5567 6775/7139/5568 6738/7140/5569
f 6737/7138/5567 6738/7140/5569 6739/7133/5562
f 6737/7138/5567 6739/7133/5562 6776/7132/5561
f 6740/7141/5570 6741/7142/5571 6744/7143/5572
f 6740/7141/5570 6742/7144/5573 6741/7142/5571
f 6742/7144/5573 6735/7136/5565 6741/7142/5571
f 6742/7144/5573 6736/7137/5566 6735/7136/5565
f 6743/7145/5574 6744/7143/5572 6745/7146/5575
f 6743/7145/5574 6745/7146/5575 6746/7147/5576
f 6743/7145/5574 6740/7141/5570 6744/7143/5572
f 6706/7148/5577 6707/7149/5578 6747/7150/5579
f 6707/7149/5578 6748/7151/5580 6747/7150/5579
f 6707/7149/5578 6710/7152/5581 6748/7151/5580
f 6710/7152/5581 6749/7153/5582 6748/7151/5580
f 6710/7152/5581 6712/7154/5583 6749/7153/5582
f 6712/7154/5583 6750/7155/5584 6749/7153/5582
f 6712/7154/5583 6714/7156/5585 6750/7155/5584
f 6714/7156/5585 6751/7157/5586 6750/7155/5584
f 6714/7156/5585 6716/7158/5587 6751/7157/5586
f 6716/7158/5587 6752/7159/5588 6751/7157/5586
f 6720/7160/5589 6753/7161/5590 6754/7162/5591
f 6720/7160/5589 6754/7162/5591 6721/7163/5592
f 6721/7163/5592 6754/7162/5591 6755/7164/5593
f 6721/7163/5592 6755/7164/5593 6756/7165/5594
f 6721/7163/5592 6756/7165/5594 6722/7166/5595
f 6722/7166/5595 6756/7165/5594 6757/7167/5596
f 6722/7166/5595 6757/7167/5596 6694/7168/5597
f 6694/7168/5597 6757/7167/5596 6758/7169/5598
f 6724/7170/5599 6759/7171/5600 6760/7172/5601
f 6724/7170/5599 6760/7172/5601 6726/7173/5602
f 6726/7173/5602 6760/7172/5601 6761/7174/5603
f 6726/7173/5602 6761/7174/5603 6728/7175/5604
f 6728/7175/5604 6761/7174/5603 6762/7176/5605
f 6728/7175/5604 6762/7176/5605 6730/7177/5606
f 6730/7177/5606 6762/7176/5605 6752/7159/5588
f 6730/7177/5606 6752/7159/5588 6716/7158/5587
f 6718/7178/5607 6719/7179/5608 6763/7180/5609
f 6719/7179/5608 6764/7181/5610 6763/7180/5609
f 6719/7179/5608 6732/7182/5611 6765/7183/5612
f 6719/7179/5608 6765/7183/5612 6764/7181/5610
f 6732/7182/5611 6766/7184/5613 6765/7183/5612
f 6732/7182/5611 6694/7168/5597 6758/7169/5598
f 6732/7182/5611 6758/7169/5598 6766/7184/5613
f 6768/7185/5614 6769/7186/5615 6770/7187/5616
f 6771/7188/5617 6772/7189/5618 6773/7190/5619
f 6773/7191/5620 6774/7192/5621 6782/7193/5622
f 5117/5309/15 6783/7194/15 6784/7195/15
f 5117/5309/15 6784/7195/15 5118/5319/15
f 6785/7196/24 5123/5307/24 5122/5306/24
f 6785/7196/24 5122/5306/24 6786/7197/24
f 5120/5322/3871 5136/5321/3870 5119/6573/5033
f 6787/7197/5623 6788/7194/5623 6876/7196/5623
f 6788/7194/5623 6787/7197/5623 6796/7195/5623
l 7783 7883
l 7550 7945
l 7828 8003
l 7542 7658
l 7267 7684
l 7396 7636
l 7637 7900
l 7063 7460
l 7655 7852
l 7174 8154
l 8044 8167
l 2158 2160
l 7744 7786
l 7523 7746
l 7755 7780
l 7771 7871
l 7213 7768
l 7168 7419
l 7128 7818
l 7276 8251
l 7508 7963
l 7807 7389
l 8225 7696
l 7626 7946
l 7384 7947
l 7208 7811
l 7957 7660
l 7369 8344
l 7668 7672
l 2711 2712
l 2716 7580
l 2721 2722
l 7075 7701
l 7306 7576
l 3567 3568
l 3578 3579
l 3594 3595
l 3602 3603
l 3669 8326
l 7515 7584
l 7427 7855
l 7403 7532
l 7535 7693
l 8052 7082
l 7083 8155
l 7182 8045
l 7091 8058
l 8060 7094
l 7162 8216
l 8072 8221
l 7197 7727
l 7336 7730
l 4732 4740
l 893 4670
l 896 4780
l 4932 7716
l 4993 4994
l 962 5049
l 5886 5925
l 6411 6412
l 6711 6713
l 6780 6781
l 7910 8245
l 7277 8246
l 7543 7959
l 7115 8342
l 386 387
l 7307 7571
l 7064 7443
l 8065 8215
l 7190 7724
l 878 879
l 1247 1248
l 18 2117
l 7793 7797
l 7745 7789
l 7840 8094
l 7784 7759
l 7214 7873
l 7420 7895
l 7129 8247
l 7819 8248
l 7285 7915
l 7826 7134
l 7962 8031
l 7509 8032
l 7699 8227
l 7328 7594
l 7551 8136
l 7385 7627
l 7829 8017
l 7209 8008
l 7830 8013
l 8022 8235
l 7669 7689
l 2717 2718
l 7397 7901
l 7076 7641
l 7619 8298
l 7470 7574
l 7463 7554
l 7447 7458
l 7516 7995
l 7656 8029
l 7856 8037
l 7692 8118
l 7536 8119
l 8053 8156
l 7092 8172
l 8061 8183
l 8080 8218
l 7589 7726
l 882 878
l 4696 4701
l 4705 4706
l 4709 4715
l 4715 4717
l 4763 4767
l 4767 4769
l 4771 4774
l 5893 5909
l 5909 5915
l 5921 5923
l 1196 5941
l 6806 6842
l 6727 6729
l 6778 6779
l 7246 7838
l 7413 7892
l 7529 8120
l 7794 7798
l 7247 7903
l 7711 8093
l 7712 7839
l 7841 8096
l 7773 7886
l 7756 7781
l 7215 7770
l 7602 7954
l 7130 7821
l 7827 8263
l 7510 8034
l 7390 7512
l 7700 7927
l 7329 7928
l 7386 7948
l 7628 7949
l 7552 8137
l 7544 8234
l 7371 8231
l 7673 7688
l 7240 7265
l 2708 7202
l 2768 2769
l 7639 7704
l 2854 2855
l 7308 8276
l 7577 8273
l 7464 7489
l 7490 7555
l 7065 8107
l 3568 3569
l 3579 3580
l 7440 7996
l 7428 8038
l 7429 7854
l 7176 8041
l 7085 8054
l 7184 8050
l 8066 8070
l 7163 8079
l 7191 7334
l 7199 7590
l 4752 4753
l 868 4933
l 5035 5036
l 930 5047
l 5137 5174
l 1222 5895
l 5922 5923
l 1225 5920
l 6419 8207
l 1282 6420
l 6545 6546
l 6709 6711
l 6717 6731
l 7391 7507
l 7330 7923
l 7968 8343
l 7570 8274
l 7441 7991
l 7530 7694
l 950 8115
l 2107 2108
l 20 2159
l 7747 7799
l 7757 7889
l 7216 7870
l 7778 7874
l 7279 7911
l 7131 8250
l 7964 8033
l 7511 7965
l 7595 7929
l 7553 7950
l 7810 8006
l 8009 8014
l 7831 8010
l 7545 8021
l 7117 7969
l 7372 8347
l 7241 7690
l 2713 7582
l 2723 7201
l 7640 7702
l 7223 7298
l 7472 7573
l 7465 7556
l 7123 7496
l 7066 7453
l 3580 3581
l 3591 3592
l 3754 8327
l 7518 7586
l 7585 7994
l 7858 8027
l 7422 7534
l 8055 8157
l 7086 8158
l 8047 8174
l 8063 8184
l 7185 8186
l 7164 8219
l 8067 8071
l 7200 7728
l 7192 7335
l 4654 4655
l 4760 4761
l 897 4783
l 5012 7112
l 5155 5175
l 1222 5896
l 5900 5902
l 5897 5912
l 1197 5940
l 6693 6680
l 6708 6709
l 6725 6727
l 6781 6782
l 7758 7882
l 7779 7869
l 7242 7685
l 7851 8028
l 8040 8153
l 8048 8180
l 7186 8181
l 951 952
l 958 959
l 7748 7795
l 7713 8095
l 7248 7904
l 7775 7885
l 7217 7772
l 7752 7777
l 7599 7952
l 7415 7600
l 7822 8249
l 7132 7823
l 7917 8266
l 7925 8226
l 7951 8138
l 7546 8023
l 7671 7686
l 7675 7687
l 2709 2710
l 2714 2715
l 2719 2720
l 7079 7638
l 7607 8295
l 7622 8296
l 7224 7623
l 7357 7469
l 7466 7488
l 7124 7491
l 7492 7497
l 7067 7451
l 3600 3601
l 3634 8318
l 7442 7438
l 7519 7992
l 7434 7439
l 7695 8121
l 7400 7421
l 8056 7088
l 7178 8046
l 7095 8182
l 8068 8220
l 7591 7729
l 7193 7731
l 4673 4674
l 4734 4735
l 948 5003
l 5023 5025
l 5114 8114
l 5887 1207
l 1228 5891
l 5892 5899
l 5912 5913
l 5924 5925
l 6528 6529
l 6715 6717
l 6723 6725
l 6779 6780
l 7741 7792
l 7165 7414
l 7944 8135
l 7225 7618
l 7485 7498
l 7125 7486
l 8069 8214
l 7333 7725
l 7520 7785
l 7714 7842
l 7249 7843
l 7844 7905
l 7218 7887
l 7753 7875
l 7416 7953
l 7133 8261
l 7281 7916
l 7393 7806
l 7513 7808
l 7331 7593
l 7926 8228
l 7812 8007
l 7547 8236
l 8230 8345
l 7119 7970
l 7243 7269
l 7642 7899
l 7608 7621
l 7358 7575
l 7450 8104
l 7068 8105
l 3591 3593
l 3725 7378
l 7435 7997
l 7424 7531
l 7401 7533
l 7172 8042
l 8057 8170
l 7179 8173
l 885 4700
l 4757 4763
l 4761 4765
l 4765 4771
l 785 4807
l 4930 4931
l 5008 5009
l 5013 5014
l 6882 6883
l 5904 7381
l 5904 5908
l 5907 5913
l 1230 1231
l 1226 5942
l 6155 6841
l 1289 6548
l 6767 6768
l 6777 6778
l 7742 7796
l 7837 7902
l 7754 7868
l 7506 7805
l 7592 7922
l 8004 8015
l 384 385
l 7436 7990
l 7180 8168
l 892 8143
l 2156 2157
l 2161 2162
l 7521 7743
l 7219 7774
l 7769 7872
l 7166 7893
l 7417 7955
l 7913 8252
l 7282 8265
l 7206 7809
l 7659 7961
l 7548 7958
l 7971 8348
l 7120 8349
l 2774 2775
l 7394 7898
l 7226 7301
l 7609 8297
l 7299 7624
l 2860 2861
l 7359 7471
l 7126 7499
l 7069 7448
l 3566 3567
l 3577 3578
l 3600 3602
l 7587 7993
l 7853 8039
l 7653 8026
l 7089 8169
l 7188 8049
l 7097 8062
l 8078 8217
l 4679 4680
l 4988 4989
l 5042 5043
l 6885 6886
l 5885 5886
l 1205 5892
l 6543 6544
l 6713 6715
l 6770 6771
l 7914 8259
l 7283 8260
l 7300 7617
l 7522 7788
l 7220 7884
l 7782 7888
l 7418 7603
l 7167 7894
l 7275 7912
l 7824 8262
l 7135 8264
l 7697 7924
l 7383 7625
l 7207 8005
l 8020 8233
l 7549 7661
l 7368 8229
l 8232 8346
l 7670 7674
l 7266 7691
l 7078 7703
l 7395 7643
l 7610 7620
l 7360 7572
l 7305 8272
l 7487 7557
l 7445 7462
l 7452 8106
l 7070 7459
l 3593 3594
l 7426 8036
l 7654 7857
l 7402 7423
l 7173 8159
l 8043 8160
l 8059 8171
l 7098 8185
l 8051 8187
l 7161 8077
l 7196 7588
l 7705 7763
l 4661 4662
l 4699 4709
l 7717 8193
l 5009 5011
l 961 5050
l 5021 7648
l 5027 5113
l 5896 5900
l 5899 5901
l 5908 5914
l 5914 5910
l 5920 5921
l 6165 7760
l 6513 6514
l 6729 6731
