# Blender 5.1.0
# www.blender.org
mtllib umbrella.mtl
o Patio_Umbrella_Patio_Umbrella_0
v 0.263958 -0.000000 0.000000
v 0.258886 -0.000000 -0.051496
v 0.258886 0.040180 -0.051496
v 0.263958 0.040180 0.000000
v 0.243866 -0.000000 -0.101012
v 0.243866 0.040180 -0.101012
v 0.219473 -0.000000 -0.146647
v 0.219473 0.040180 -0.146647
v 0.186647 -0.000000 -0.186647
v 0.186647 0.040180 -0.186647
v 0.146647 -0.000000 -0.219473
v 0.146647 0.040180 -0.219473
v 0.101012 -0.000000 -0.243866
v 0.101012 0.040180 -0.243866
v 0.051496 -0.000000 -0.258886
v 0.051496 0.040180 -0.258886
v 0.000000 -0.000000 -0.263958
v 0.000000 0.040180 -0.263958
v 0.000000 -0.000000 -0.263958
v -0.051496 -0.000000 -0.258886
v -0.051496 0.040180 -0.258886
v 0.000000 0.040180 -0.263958
v -0.101012 -0.000000 -0.243866
v -0.101012 0.040180 -0.243866
v -0.146647 -0.000000 -0.219473
v -0.146647 0.040180 -0.219473
v -0.186647 -0.000000 -0.186647
v -0.186647 0.040180 -0.186647
v -0.219473 -0.000000 -0.146647
v -0.219473 0.040180 -0.146647
v -0.243866 -0.000000 -0.101012
v -0.243866 0.040180 -0.101012
v -0.258886 -0.000000 -0.051496
v -0.258886 0.040180 -0.051496
v -0.263958 -0.000000 0.000000
v -0.263958 0.040180 0.000000
v -0.258886 -0.000000 0.051496
v -0.258886 0.040180 0.051496
v -0.243866 -0.000000 0.101013
v -0.243866 0.040180 0.101013
v -0.219473 -0.000000 0.146647
v -0.219473 0.040180 0.146647
v -0.186647 -0.000000 0.186647
v -0.186647 0.040180 0.186647
v -0.146647 -0.000000 0.219473
v -0.146647 0.040180 0.219473
v -0.101012 -0.000000 0.243866
v -0.101012 0.040180 0.243866
v -0.051495 -0.000000 0.258886
v -0.051495 0.040180 0.258886
v 0.000000 -0.000000 0.263958
v 0.000000 0.040180 0.263958
v 0.051496 -0.000000 0.258886
v 0.051496 0.040180 0.258886
v 0.101013 -0.000000 0.243866
v 0.101013 0.040180 0.243866
v 0.146648 -0.000000 0.219473
v 0.146648 0.040180 0.219473
v 0.186647 -0.000000 0.186646
v 0.186647 0.040180 0.186646
v 0.219473 -0.000000 0.146647
v 0.219473 0.040180 0.146647
v 0.243866 -0.000000 0.101012
v 0.243866 0.040180 0.101012
v 0.258886 -0.000000 0.051495
v 0.258886 0.040180 0.051495
v 0.243866 -0.000000 0.101012
v 0.219473 -0.000000 0.146647
v 0.186647 -0.000000 0.186646
v 0.146648 -0.000000 0.219473
v 0.101013 -0.000000 0.243866
v 0.051496 -0.000000 0.258886
v 0.000000 -0.000000 0.263958
v -0.051495 -0.000000 0.258886
v -0.101012 -0.000000 0.243866
v -0.146647 -0.000000 0.219473
v -0.186647 -0.000000 0.186647
v -0.219473 -0.000000 0.146647
v -0.243866 -0.000000 0.101013
v -0.258886 -0.000000 0.051496
v -0.263958 -0.000000 0.000000
v -0.258886 -0.000000 -0.051496
v -0.243866 -0.000000 -0.101012
v -0.219473 -0.000000 -0.146647
v -0.186647 -0.000000 -0.186647
v -0.146647 -0.000000 -0.219473
v -0.101012 -0.000000 -0.243866
v -0.051496 -0.000000 -0.258886
v 0.000000 -0.000000 -0.263958
v 0.051496 -0.000000 -0.258886
v 0.101012 -0.000000 -0.243866
v 0.146647 -0.000000 -0.219473
v 0.186647 -0.000000 -0.186647
v 0.219473 -0.000000 -0.146647
v 0.243866 -0.000000 -0.101012
v 0.258886 -0.000000 -0.051496
v 0.263958 -0.000000 0.000000
v 0.258886 -0.000000 0.051495
v 0.263958 0.040180 0.000000
v 0.258886 0.040180 -0.051496
v 0.248638 0.040180 -0.049457
v 0.253509 0.040180 0.000000
v 0.243866 0.040180 -0.101012
v 0.234212 0.040180 -0.097014
v 0.219473 0.040180 -0.146647
v 0.210785 0.040180 -0.140842
v 0.186647 0.040180 -0.186647
v 0.179258 0.040180 -0.179258
v 0.146647 0.040180 -0.219473
v 0.140842 0.040180 -0.210785
v 0.101012 0.040180 -0.243866
v 0.097014 0.040180 -0.234212
v 0.051496 0.040180 -0.258886
v 0.049457 0.040180 -0.248638
v 0.000000 0.040180 -0.263958
v 0.000000 0.040180 -0.253509
v -0.051496 0.040180 -0.258886
v -0.049457 0.040180 -0.248638
v -0.101012 0.040180 -0.243866
v -0.097014 0.040180 -0.234212
v -0.146647 0.040180 -0.219473
v -0.140842 0.040180 -0.210785
v -0.186647 0.040180 -0.186647
v -0.179258 0.040180 -0.179258
v -0.219473 0.040180 -0.146647
v -0.210785 0.040180 -0.140842
v -0.243866 0.040180 -0.101012
v -0.234212 0.040180 -0.097014
v -0.258886 0.040180 -0.051496
v -0.248638 0.040180 -0.049457
v -0.263958 0.040180 0.000000
v -0.253509 0.040180 0.000000
v -0.258886 0.040180 0.051496
v -0.248638 0.040180 0.049457
v -0.243866 0.040180 0.101013
v -0.234212 0.040180 0.097014
v -0.219473 0.040180 0.146647
v -0.210785 0.040180 0.140842
v -0.186647 0.040180 0.186647
v -0.179258 0.040180 0.179258
v -0.146647 0.040180 0.219473
v -0.140842 0.040180 0.210785
v -0.101012 0.040180 0.243866
v -0.097014 0.040180 0.234212
v -0.051495 0.040180 0.258886
v -0.049457 0.040180 0.248638
v 0.000000 0.040180 0.263958
v 0.000000 0.040180 0.253509
v 0.051496 0.040180 0.258886
v 0.049457 0.040180 0.248638
v 0.101013 0.040180 0.243866
v 0.097014 0.040180 0.234212
v 0.146648 0.040180 0.219473
v 0.140842 0.040180 0.210785
v 0.186647 0.040180 0.186646
v 0.179258 0.040180 0.179258
v 0.219473 0.040180 0.146647
v 0.210785 0.040180 0.140842
v 0.243866 0.040180 0.101012
v 0.234212 0.040180 0.097013
v 0.258886 0.040180 0.051495
v 0.248638 0.040180 0.049457
v 0.110876 0.085335 -0.022054
v 0.113048 0.085335 0.000000
v 0.104442 0.085335 -0.043261
v 0.093996 0.085335 -0.062806
v 0.079937 0.085335 -0.079937
v 0.062806 0.085335 -0.093996
v 0.043261 0.085335 -0.104442
v 0.022055 0.085335 -0.110876
v 0.000000 0.085335 -0.113048
v -0.022055 0.085335 -0.110876
v -0.043261 0.085335 -0.104442
v -0.062806 0.085335 -0.093996
v -0.079937 0.085335 -0.079937
v -0.093996 0.085335 -0.062806
v -0.104442 0.085335 -0.043261
v -0.110876 0.085335 -0.022054
v -0.113048 0.085335 0.000000
v -0.110876 0.085335 0.022055
v -0.104442 0.085335 0.043262
v -0.093996 0.085335 0.062806
v -0.079937 0.085335 0.079937
v -0.062806 0.085335 0.093996
v -0.043261 0.085335 0.104442
v -0.022054 0.085335 0.110876
v 0.000000 0.085335 0.113048
v 0.022055 0.085335 0.110876
v 0.043262 0.085335 0.104442
v 0.062806 0.085335 0.093996
v 0.079937 0.085335 0.079937
v 0.093996 0.085335 0.062806
v 0.104443 0.085335 0.043261
v 0.110876 0.085335 0.022054
v 0.054273 0.097343 0.000000
v 0.053230 0.097343 -0.010588
v 0.000000 0.097343 -0.000000
v 0.050142 0.097343 -0.020769
v 0.045126 0.097343 -0.030153
v 0.038377 0.097343 -0.038377
v 0.030153 0.097343 -0.045126
v 0.020769 0.097343 -0.050142
v 0.010588 0.097343 -0.053230
v 0.000000 0.097343 -0.054273
v -0.010588 0.097343 -0.053230
v -0.020769 0.097343 -0.050142
v -0.030153 0.097343 -0.045126
v -0.038377 0.097343 -0.038377
v -0.045126 0.097343 -0.030153
v -0.050142 0.097343 -0.020769
v -0.053230 0.097343 -0.010588
v -0.054273 0.097343 0.000000
v -0.053230 0.097343 0.010588
v -0.050142 0.097343 0.020769
v -0.045126 0.097343 0.030153
v -0.038377 0.097343 0.038377
v -0.030152 0.097343 0.045126
v -0.020769 0.097343 0.050142
v -0.010588 0.097343 0.053230
v 0.000000 0.097343 0.054273
v 0.010588 0.097343 0.053230
v 0.020769 0.097343 0.050142
v 0.030153 0.097343 0.045126
v 0.038377 0.097343 0.038377
v 0.045126 0.097343 0.030152
v 0.050142 0.097343 0.020769
v 0.053230 0.097343 0.010588
v 0.034019 0.097343 -0.014091
v 0.034019 0.100326 -0.014091
v 0.036822 0.100326 -0.000000
v 0.036822 0.097343 -0.000000
v 0.026037 0.097343 -0.026037
v 0.026037 0.100326 -0.026037
v 0.014091 0.097343 -0.034019
v 0.014091 0.100326 -0.034019
v 0.000000 0.097343 -0.036822
v 0.000000 0.100326 -0.036822
v -0.014091 0.097343 -0.034019
v -0.014091 0.100326 -0.034019
v -0.026037 0.097343 -0.026037
v -0.026037 0.100326 -0.026037
v -0.034019 0.097343 -0.014091
v -0.034019 0.100326 -0.014091
v -0.036822 0.097343 -0.000000
v -0.036822 0.100326 -0.000000
v -0.034019 0.097343 0.014091
v -0.034019 0.100326 0.014091
v -0.026037 0.097343 0.026037
v -0.026037 0.100326 0.026037
v -0.014091 0.097343 0.034019
v -0.014091 0.100326 0.034019
v 0.000000 0.097343 0.036822
v 0.000000 0.100326 0.036822
v 0.014091 0.097343 0.034019
v 0.014091 0.100326 0.034019
v 0.026037 0.097343 0.026037
v 0.026037 0.100326 0.026037
v 0.034019 0.097343 0.014091
v 0.034019 0.100326 0.014091
v 0.036822 0.100326 -0.000000
v 0.034019 0.100326 -0.014091
v 0.024229 0.100326 -0.010036
v 0.026225 0.100326 -0.000000
v 0.026037 0.100326 -0.026037
v 0.018544 0.100326 -0.018544
v 0.014091 0.100326 -0.034019
v 0.010036 0.100326 -0.024229
v 0.000000 0.100326 -0.036822
v 0.000000 0.100326 -0.026225
v -0.014091 0.100326 -0.034019
v -0.010036 0.100326 -0.024229
v -0.026037 0.100326 -0.026037
v -0.018544 0.100326 -0.018544
v -0.034019 0.100326 -0.014091
v -0.024229 0.100326 -0.010036
v -0.036822 0.100326 -0.000000
v -0.026225 0.100326 -0.000000
v -0.034019 0.100326 0.014091
v -0.024229 0.100326 0.010036
v -0.026037 0.100326 0.026037
v -0.018544 0.100326 0.018544
v -0.014091 0.100326 0.034019
v -0.010036 0.100326 0.024229
v 0.000000 0.100326 0.036822
v 0.000000 0.100326 0.026225
v 0.014091 0.100326 0.034019
v 0.010036 0.100326 0.024229
v 0.026037 0.100326 0.026037
v 0.018544 0.100326 0.018544
v 0.034019 0.100326 0.014091
v 0.024229 0.100326 0.010036
v 0.026225 0.100326 -0.000000
v 0.024229 0.100326 -0.010036
v 0.024229 0.357691 -0.010036
v 0.026225 0.357691 -0.000000
v 0.018544 0.100326 -0.018544
v 0.018544 0.357691 -0.018544
v 0.010036 0.100326 -0.024229
v 0.010036 0.357691 -0.024229
v 0.000000 0.100326 -0.026225
v 0.000000 0.357691 -0.026225
v 0.000000 0.100326 -0.026225
v -0.010036 0.100326 -0.024229
v -0.010036 0.357691 -0.024229
v 0.000000 0.357691 -0.026225
v -0.018544 0.100326 -0.018544
v -0.018544 0.357691 -0.018544
v -0.024229 0.100326 -0.010036
v -0.024229 0.357691 -0.010036
v -0.026225 0.100326 -0.000000
v -0.026225 0.357691 0.000000
v -0.024229 0.100326 0.010036
v -0.024229 0.357691 0.010036
v -0.018544 0.100326 0.018544
v -0.018544 0.357691 0.018544
v -0.010036 0.100326 0.024229
v -0.010036 0.357691 0.024229
v 0.000000 0.100326 0.026225
v 0.000000 0.357691 0.026225
v 0.010036 0.100326 0.024229
v 0.010036 0.357691 0.024229
v 0.018544 0.100326 0.018544
v 0.018544 0.357691 0.018544
v 0.024229 0.100326 0.010036
v 0.024229 0.357691 0.010036
v 0.025764 0.367792 -0.010672
v 0.027886 0.367792 -0.000000
v 0.027886 0.357691 -0.000000
v 0.025764 0.357691 -0.010672
v 0.019719 0.357691 -0.019719
v 0.019719 0.367792 -0.019719
v 0.010672 0.357691 -0.025764
v 0.010672 0.367792 -0.025764
v 0.000000 0.357691 -0.027886
v 0.000000 0.367792 -0.027886
v -0.010672 0.357691 -0.025764
v -0.010672 0.367792 -0.025764
v 0.000000 0.367792 -0.027886
v 0.000000 0.357691 -0.027886
v -0.019719 0.357691 -0.019719
v -0.019719 0.367792 -0.019719
v -0.025764 0.357691 -0.010672
v -0.025764 0.367792 -0.010672
v -0.027886 0.357691 0.000000
v -0.027886 0.367792 0.000000
v -0.025764 0.357691 0.010672
v -0.025764 0.367792 0.010672
v -0.019719 0.357691 0.019719
v -0.019719 0.367792 0.019719
v -0.010672 0.357691 0.025764
v -0.010672 0.367792 0.025764
v 0.000000 0.357691 0.027886
v 0.000000 0.367792 0.027886
v 0.010672 0.357691 0.025764
v 0.010672 0.367792 0.025764
v 0.019719 0.357691 0.019719
v 0.019719 0.367792 0.019719
v 0.025764 0.357691 0.010672
v 0.025764 0.367792 0.010672
v 0.000000 0.368748 -0.000000
v 0.025764 0.367792 0.010672
v 0.027886 0.367792 -0.000000
v 0.019719 0.367792 0.019719
v 0.010672 0.367792 0.025764
v 0.000000 0.367792 0.027886
v -0.010672 0.367792 0.025764
v -0.019719 0.367792 0.019719
v -0.025764 0.367792 0.010672
v -0.027886 0.367792 0.000000
v -0.025764 0.367792 -0.010672
v -0.019719 0.367792 -0.019719
v -0.010672 0.367792 -0.025764
v 0.000000 0.367792 -0.027886
v 0.010672 0.367792 -0.025764
v 0.019719 0.367792 -0.019719
v 0.025764 0.367792 -0.010672
v 0.026225 0.357691 -0.000000
v 0.024229 0.357691 -0.010036
v 0.025764 0.357691 -0.010672
v 0.027886 0.357691 -0.000000
v 0.018544 0.357691 -0.018544
v 0.019719 0.357691 -0.019719
v 0.010036 0.357691 -0.024229
v 0.010672 0.357691 -0.025764
v 0.000000 0.357691 -0.026225
v 0.000000 0.357691 -0.027886
v 0.000000 0.357691 -0.026225
v -0.010036 0.357691 -0.024229
v -0.010672 0.357691 -0.025764
v 0.000000 0.357691 -0.027886
v -0.018544 0.357691 -0.018544
v -0.019719 0.357691 -0.019719
v -0.024229 0.357691 -0.010036
v -0.025764 0.357691 -0.010672
v -0.026225 0.357691 0.000000
v -0.027886 0.357691 0.000000
v -0.024229 0.357691 0.010036
v -0.025764 0.357691 0.010672
v -0.018544 0.357691 0.018544
v -0.019719 0.357691 0.019719
v -0.010036 0.357691 0.024229
v -0.010672 0.357691 0.025764
v 0.000000 0.357691 0.026225
v 0.000000 0.357691 0.027886
v 0.010036 0.357691 0.024229
v 0.010672 0.357691 0.025764
v 0.018544 0.357691 0.018544
v 0.019719 0.357691 0.019719
v 0.024229 0.357691 0.010036
v 0.025764 0.357691 0.010672
v 0.016499 0.368018 -0.011024
v 0.016499 2.647651 -0.011024
v 0.019461 2.647651 0.003871
v 0.019461 0.368018 0.003871
v 0.003871 0.368018 -0.019461
v 0.003871 2.647651 -0.019461
v -0.011024 0.368018 -0.016499
v -0.011024 2.647651 -0.016498
v 0.003871 2.647651 -0.019461
v 0.003871 0.368018 -0.019461
v -0.019461 0.368018 -0.003871
v -0.019461 2.647651 -0.003871
v -0.016499 0.368018 0.011024
v -0.016499 2.647651 0.011024
v -0.003871 0.368018 0.019462
v -0.003871 2.647651 0.019462
v 0.011024 0.368018 0.016499
v 0.011024 2.647651 0.016499
v 0.006832 2.303101 0.031963
v -0.006547 2.303101 0.031963
v 0.008403 2.463926 0.680428
v 0.021782 2.463926 0.680428
v 0.006832 2.279943 0.031963
v 0.021782 2.442125 0.688374
v 0.008403 2.442125 0.688374
v -0.006547 2.279943 0.031963
v -0.006547 2.233611 1.469769
v -0.006547 2.645720 0.031963
v -0.006547 2.622499 0.031963
v -0.006547 2.210516 1.469769
v 0.006832 2.645720 0.031963
v 0.006832 2.233611 1.469769
v 0.006832 2.210516 1.469769
v 0.006832 2.622499 0.031963
v 0.006832 2.622499 0.031963
v 0.006832 2.210516 1.469769
v -0.006547 2.210516 1.469769
v -0.006547 2.622499 0.031963
v -0.475194 2.463926 0.487077
v -0.027230 2.303101 0.017972
v -0.027230 2.279943 0.017972
v -0.480813 2.442125 0.492695
v -0.017770 2.303101 0.027432
v -0.465734 2.463926 0.496537
v -0.471352 2.442125 0.502155
v -0.017770 2.279943 0.027432
v -0.465734 2.463926 0.496537
v -0.475194 2.463926 0.487077
v -0.480813 2.442125 0.492695
v -0.471352 2.442125 0.502155
v -0.017770 2.303101 0.027432
v -0.027230 2.303101 0.017972
v -0.475194 2.463926 0.487077
v -0.465734 2.463926 0.496537
v -0.017770 2.279943 0.027432
v -0.471352 2.442125 0.502155
v -0.480813 2.442125 0.492695
v -0.027230 2.279943 0.017972
v -1.043914 2.233611 1.034654
v -0.027230 2.645720 0.017972
v -0.027230 2.622499 0.017972
v -1.043914 2.210516 1.034654
v -0.017770 2.645720 0.027432
v -1.034453 2.233611 1.044114
v -1.034453 2.210516 1.044114
v -0.017770 2.622499 0.027432
v -0.017770 2.622499 0.027432
v -1.034453 2.210516 1.044114
v -1.043914 2.210516 1.034654
v -0.027230 2.622499 0.017972
v -0.680428 2.463926 0.008403
v -0.031962 2.303101 -0.006546
v -0.031962 2.279943 -0.006546
v -0.688374 2.442125 0.008403
v -0.031962 2.303101 0.006832
v -0.680428 2.463926 0.021781
v -0.688374 2.442125 0.021781
v -0.031962 2.279943 0.006832
v -0.680428 2.463926 0.021781
v -0.680428 2.463926 0.008403
v -0.688374 2.442125 0.008403
v -0.688374 2.442125 0.021781
v -0.021562 2.704643 -0.066333
v -0.043873 2.704643 -0.051028
v -0.014043 2.711047 -0.023368
v -0.004687 2.711047 -0.029786
v 0.004906 2.704643 -0.071935
v 0.006414 2.711047 -0.032135
v 0.031504 2.704643 -0.066981
v 0.017568 2.711047 -0.030058
v 0.054182 2.704643 -0.052226
v 0.027078 2.711047 -0.023870
v 0.069487 2.704643 -0.029916
v 0.033497 2.711047 -0.014514
v 0.075089 2.704643 -0.003447
v 0.035846 2.711047 -0.003414
v 0.033769 2.711047 0.007741
v 0.070135 2.704643 0.023151
v 0.027581 2.711047 0.017251
v 0.055380 2.704643 0.045829
v 0.018225 2.711047 0.023669
v 0.033070 2.704643 0.061134
v 0.007124 2.711047 0.026019
v 0.006601 2.704643 0.066736
v -0.004030 2.711047 0.023941
v -0.019997 2.704643 0.061782
v -0.013540 2.711047 0.017754
v -0.042675 2.704643 0.047027
v -0.057980 2.704643 0.024717
v -0.019959 2.711047 0.008397
v -0.063582 2.704643 -0.001752
v -0.022308 2.711047 -0.002703
v -0.058628 2.704643 -0.028350
v -0.020231 2.711047 -0.013857
v 0.005379 2.722119 -0.005512
v -0.124927 2.624397 -0.291477
v -0.226961 2.624397 -0.221482
v -0.003874 2.624397 -0.317097
v 0.117768 2.624397 -0.294442
v 0.221482 2.624397 -0.226961
v 0.291477 2.624397 -0.124927
v 0.317097 2.624397 -0.003874
v 0.294442 2.624397 0.117768
v 0.226961 2.624397 0.221482
v 0.124927 2.624397 0.291477
v 0.003874 2.624398 0.317097
v -0.117768 2.624397 0.294442
v -0.221482 2.624397 0.226961
v -0.291477 2.624397 0.124927
v -0.317097 2.624397 0.003874
v -0.294442 2.624397 -0.117768
v -0.226961 2.624397 -0.221482
v -0.124927 2.624397 -0.291477
v -0.123303 2.614744 -0.287687
v -0.224010 2.614744 -0.218602
v -0.003874 2.624397 -0.317097
v -0.003824 2.614744 -0.312975
v 0.117768 2.624397 -0.294442
v 0.116237 2.614744 -0.290614
v 0.221482 2.624397 -0.226961
v 0.218603 2.614744 -0.224010
v 0.291477 2.624397 -0.124927
v 0.287688 2.614744 -0.123303
v 0.317097 2.624397 -0.003874
v 0.312975 2.614744 -0.003824
v 0.294442 2.624397 0.117768
v 0.290614 2.614744 0.116237
v 0.226961 2.624397 0.221482
v 0.224010 2.614744 0.218603
v 0.124927 2.624397 0.291477
v 0.123303 2.614744 0.287688
v 0.003874 2.624398 0.317097
v 0.003824 2.614744 0.312975
v -0.117768 2.624397 0.294442
v -0.116237 2.614744 0.290614
v -0.221482 2.624397 0.226961
v -0.218603 2.614744 0.224010
v -0.291477 2.624397 0.124927
v -0.287687 2.614744 0.123303
v -0.317097 2.624397 0.003874
v -0.312975 2.614744 0.003824
v -0.294442 2.624397 -0.117768
v -0.290614 2.614744 -0.116237
v 0.017504 2.274689 -0.017504
v 0.022870 2.274689 -0.009473
v 0.020829 2.274216 -0.008627
v 0.015942 2.274216 -0.015942
v 0.009473 2.274689 -0.022870
v 0.008628 2.274216 -0.020829
v 0.000000 2.274689 -0.024755
v 0.000000 2.274216 -0.022545
v -0.009473 2.274689 -0.022870
v -0.008628 2.274216 -0.020829
v -0.017504 2.274689 -0.017504
v -0.015942 2.274216 -0.015942
v -0.022870 2.274689 -0.009473
v -0.020829 2.274216 -0.008627
v -0.024755 2.274689 0.000000
v -0.022545 2.274216 0.000000
v -0.022870 2.274689 0.009473
v -0.020829 2.274216 0.008628
v -0.017504 2.274689 0.017505
v -0.015942 2.274216 0.015942
v -0.009473 2.274689 0.022871
v -0.008628 2.274216 0.020829
v 0.000000 2.274689 0.024755
v 0.000000 2.274216 0.022545
v 0.009473 2.274689 0.022871
v 0.008628 2.274216 0.020829
v 0.017504 2.274689 0.017505
v 0.015942 2.274216 0.015942
v 0.022870 2.274689 0.009473
v 0.020829 2.274216 0.008628
v 0.024755 2.274689 0.000000
v 0.022545 2.274216 0.000000
v 0.015942 2.238161 -0.015942
v 0.015942 2.274216 -0.015942
v 0.020829 2.274216 -0.008627
v 0.020829 2.238161 -0.008627
v 0.008628 2.238161 -0.020829
v 0.008628 2.274216 -0.020829
v 0.000000 2.238161 -0.022545
v 0.000000 2.274216 -0.022545
v -0.008628 2.238161 -0.020829
v -0.008628 2.274216 -0.020829
v 0.000000 2.274216 -0.022545
v 0.000000 2.238161 -0.022545
v -0.015942 2.238161 -0.015942
v -0.015942 2.274216 -0.015942
v -0.020829 2.238161 -0.008627
v -0.020829 2.274216 -0.008627
v -0.022545 2.238161 0.000000
v -0.022545 2.274216 0.000000
v -0.020829 2.238161 0.008628
v -0.020829 2.274216 0.008628
v -0.021462 2.305089 -0.051814
v 0.000000 2.305089 -0.056084
v 0.000000 2.286412 -0.056084
v -0.021462 2.286412 -0.051814
v 0.021462 2.305089 -0.051814
v 0.021462 2.286412 -0.051814
v 0.039657 2.305089 -0.039657
v 0.039657 2.286412 -0.039657
v 0.051815 2.305089 -0.021462
v 0.051815 2.286412 -0.021462
v 0.056084 2.305089 0.000000
v 0.056084 2.286412 0.000000
v 0.487077 2.463926 0.475194
v 0.017972 2.303101 0.027230
v 0.017972 2.279943 0.027230
v 0.492695 2.442125 0.480812
v 0.027432 2.303101 0.017770
v 0.496537 2.463926 0.465734
v 0.502155 2.442125 0.471352
v 0.027432 2.279943 0.017770
v 0.496537 2.463926 0.465734
v 0.487077 2.463926 0.475194
v 0.492695 2.442125 0.480812
v 0.502155 2.442125 0.471352
v 0.027432 2.303101 0.017770
v 0.017972 2.303101 0.027230
v 0.487077 2.463926 0.475194
v 0.496537 2.463926 0.465734
v 0.027432 2.279943 0.017770
v 0.502155 2.442125 0.471352
v 0.492695 2.442125 0.480812
v 0.017972 2.279943 0.027230
v 1.034654 2.233611 1.043913
v 0.017972 2.645720 0.027230
v 0.017972 2.622499 0.027230
v 1.034654 2.210516 1.043913
v 0.027432 2.645720 0.017770
v 1.044115 2.233611 1.034453
v 1.044115 2.210516 1.034453
v 0.027432 2.622499 0.017770
v 0.027432 2.622499 0.017770
v 1.044115 2.210516 1.034453
v 1.034654 2.210516 1.043913
v 0.017972 2.622499 0.027230
v 0.008403 2.463926 0.680428
v -0.006547 2.303101 0.031963
v -0.006547 2.279943 0.031963
v 0.008403 2.442125 0.688374
v 0.006832 2.303101 0.031963
v 0.021782 2.463926 0.680428
v 0.021782 2.442125 0.688374
v 0.006832 2.279943 0.031963
v 0.021782 2.463926 0.680428
v 0.008403 2.463926 0.680428
v 0.008403 2.442125 0.688374
v 0.021782 2.442125 0.688374
v -0.015942 2.238161 0.015942
v -0.015942 2.274216 0.015942
v -0.008628 2.238161 0.020829
v -0.008628 2.274216 0.020829
v 0.000000 2.238161 0.022545
v 0.000000 2.274216 0.022545
v 0.008628 2.238161 0.020829
v 0.008628 2.274216 0.020829
v 0.015942 2.238161 0.015942
v 0.015942 2.274216 0.015942
v 0.020829 2.238161 0.008628
v 0.020829 2.274216 0.008628
v 0.022545 2.238161 0.000000
v 0.022545 2.274216 0.000000
v 0.028962 2.278158 -0.028962
v 0.037841 2.278158 -0.015674
v 0.015674 2.278158 -0.037840
v 0.000000 2.278158 -0.040958
v -0.015674 2.278158 -0.037840
v -0.028962 2.278158 -0.028962
v -0.037841 2.278158 -0.015674
v -0.040958 2.278158 0.000000
v -0.037841 2.278158 0.015674
v -0.028962 2.278158 0.028962
v -0.015674 2.278158 0.037841
v 0.000000 2.278158 0.040959
v 0.015674 2.278158 0.037841
v 0.028962 2.278158 0.028962
v 0.037841 2.278158 0.015674
v 0.040958 2.278158 0.000000
v -0.039657 2.286412 -0.039657
v -0.051815 2.286412 -0.021462
v -0.056084 2.286412 0.000000
v -0.051815 2.286412 0.021463
v -0.039657 2.286412 0.039657
v -0.021462 2.286412 0.051815
v 0.000000 2.286412 0.056084
v 0.021462 2.286412 0.051815
v 0.039657 2.286412 0.039657
v 0.051815 2.286412 0.021463
v 0.056084 2.305089 0.000000
v 0.051815 2.305089 -0.021462
v 0.051815 2.305089 0.021463
v 0.021462 2.305089 -0.051814
v -0.051815 2.305089 -0.021462
v -0.021462 2.305089 0.051815
v 0.021462 2.305089 0.051815
v 0.039657 2.305089 0.039657
v 0.000000 2.305089 0.056084
v -0.051815 2.305089 0.021463
v -0.039657 2.305089 0.039657
v -0.056084 2.305089 0.000000
v -0.021462 2.305089 -0.051814
v -0.039657 2.305089 -0.039657
v 0.000000 2.305089 -0.056084
v 0.039657 2.305089 -0.039657
v 0.020829 2.238161 0.008628
v 0.015942 2.238161 0.015942
v 0.022545 2.238161 0.000000
v 0.000000 2.238161 0.022545
v -0.022545 2.238161 0.000000
v 0.000000 2.238161 -0.022545
v 0.015942 2.238161 -0.015942
v 0.020829 2.238161 -0.008627
v 0.008628 2.238161 -0.020829
v -0.015942 2.238161 -0.015942
v -0.008628 2.238161 -0.020829
v -0.020829 2.238161 -0.008627
v -0.015942 2.238161 0.015942
v -0.020829 2.238161 0.008628
v -0.008628 2.238161 0.020829
v 0.008628 2.238161 0.020829
v 0.051815 2.305089 0.021463
v 0.039657 2.305089 0.039657
v 0.021462 2.305089 0.051815
v 0.000000 2.305089 0.056084
v -0.021462 2.305089 0.051815
v -0.039657 2.305089 0.039657
v -0.051815 2.305089 0.021463
v -0.056084 2.305089 0.000000
v -0.051815 2.305089 -0.021462
v -0.039657 2.305089 -0.039657
v 0.018724 0.299163 -0.034419
v 0.018724 0.299163 -0.042928
v 0.020735 0.302513 -0.040334
v 0.020735 0.302513 -0.035109
v 0.015512 0.289903 -0.040336
v 0.016489 0.293769 -0.042928
v 0.016489 0.293769 -0.034420
v 0.015512 0.289903 -0.035124
v 0.009991 0.287270 -0.034420
v 0.009991 0.287270 -0.042928
v 0.013850 0.288242 -0.040336
v 0.013850 0.288242 -0.035122
v 0.001241 0.283018 -0.040334
v 0.004597 0.285036 -0.042928
v 0.004597 0.285036 -0.034420
v 0.001241 0.283018 -0.035111
v -0.004594 0.285036 -0.034420
v -0.004594 0.285036 -0.042928
v -0.001109 0.283018 -0.040337
v -0.001109 0.283018 -0.035131
v -0.013718 0.288242 -0.040332
v -0.009988 0.287270 -0.042928
v -0.009988 0.287270 -0.034419
v -0.013718 0.288242 -0.035100
v -0.016487 0.293769 -0.034420
v -0.016487 0.293769 -0.042928
v -0.015380 0.289903 -0.040336
v -0.015380 0.289903 -0.035130
v -0.020603 0.302513 -0.040331
v -0.018721 0.299163 -0.042928
v -0.018721 0.299163 -0.034419
v -0.020603 0.302513 -0.035098
v -0.018721 0.308354 -0.034419
v -0.018721 0.308354 -0.042928
v -0.020603 0.304862 -0.040335
v -0.020603 0.304862 -0.035121
v -0.015380 0.317472 -0.040332
v -0.016487 0.313748 -0.042928
v -0.016487 0.313748 -0.034419
v -0.015380 0.317472 -0.035106
v -0.009988 0.320247 -0.034419
v -0.009988 0.320247 -0.042928
v -0.013718 0.319133 -0.040333
v -0.013718 0.319133 -0.035107
v -0.001109 0.324356 -0.040334
v -0.004594 0.322481 -0.042928
v -0.004594 0.322481 -0.034419
v -0.001109 0.324356 -0.035119
v 0.004597 0.322481 -0.034419
v 0.004597 0.322481 -0.042928
v 0.001241 0.324356 -0.040331
v 0.001241 0.324356 -0.035098
v 0.013850 0.319133 -0.040336
v 0.009991 0.320247 -0.042928
v 0.009991 0.320247 -0.034420
v 0.013850 0.319133 -0.035129
v 0.016489 0.313748 -0.034419
v 0.016489 0.313748 -0.042928
v 0.015512 0.317472 -0.040332
v 0.015512 0.317472 -0.035099
v 0.020735 0.304862 -0.035131
v 0.020735 0.304862 -0.040337
v 0.018724 0.308354 -0.042928
v 0.018724 0.308354 -0.034420
v 0.016673 0.297815 -0.034190
v 0.016673 0.297815 -0.043374
v 0.016673 0.309705 -0.043374
v 0.016673 0.309705 -0.034190
v 0.007586 0.287766 -0.034190
v 0.007586 0.287766 -0.043374
v 0.015994 0.296174 -0.043374
v 0.015994 0.296174 -0.034190
v -0.005945 0.287086 -0.034190
v -0.005945 0.287086 -0.043374
v 0.005945 0.287086 -0.043374
v 0.005945 0.287086 -0.034190
v -0.015994 0.296174 -0.034190
v -0.015994 0.296174 -0.043374
v -0.007586 0.287766 -0.043374
v -0.007586 0.287766 -0.034190
v -0.016673 0.309705 -0.034190
v -0.016673 0.309705 -0.043374
v -0.016673 0.297815 -0.043374
v -0.016673 0.297815 -0.034190
v -0.007586 0.319754 -0.034190
v -0.007586 0.319754 -0.043374
v -0.015994 0.311346 -0.043374
v -0.015994 0.311346 -0.034190
v 0.005945 0.320433 -0.034190
v 0.005945 0.320433 -0.043374
v -0.005945 0.320433 -0.043374
v -0.005945 0.320433 -0.034190
v 0.015994 0.311346 -0.034190
v 0.015994 0.311346 -0.043374
v 0.007586 0.319754 -0.043374
v 0.007586 0.319754 -0.034190
v 0.005945 0.320433 -0.034190
v 0.004597 0.322481 -0.034419
v 0.001241 0.324356 -0.035098
v -0.001109 0.324356 -0.035119
v -0.004594 0.322481 -0.034419
v -0.005945 0.320433 -0.034190
v 0.016673 0.309705 -0.034190
v 0.015994 0.311346 -0.034190
v 0.007586 0.319754 -0.034190
v -0.007586 0.319754 -0.034190
v -0.015994 0.311346 -0.034190
v -0.016673 0.309705 -0.034190
v -0.016673 0.297815 -0.034190
v -0.015994 0.296174 -0.034190
v -0.007586 0.287766 -0.034190
v -0.005945 0.287086 -0.034190
v 0.005945 0.287086 -0.034190
v 0.007586 0.287766 -0.034190
v 0.015994 0.296174 -0.034190
v 0.016673 0.297815 -0.034190
v 0.009694 0.299744 -0.024040
v 0.005501 0.301481 -0.037304
v 0.005501 0.306038 -0.037304
v 0.009694 0.307775 -0.024040
v 0.004016 0.294065 -0.024040
v 0.002278 0.298259 -0.037304
v -0.004016 0.294065 -0.024040
v -0.002278 0.298259 -0.037304
v -0.009694 0.299744 -0.024040
v -0.005501 0.301481 -0.037304
v -0.002278 0.298259 -0.037304
v -0.004016 0.294065 -0.024040
v -0.009694 0.307775 -0.024040
v -0.005501 0.306038 -0.037304
v -0.004016 0.313454 -0.024040
v -0.002278 0.309261 -0.037304
v 0.004016 0.313454 -0.024040
v 0.002278 0.309261 -0.037304
v 0.013975 0.297523 -0.043374
v 0.006237 0.289785 -0.043374
v 0.005472 0.289468 -0.043374
v -0.005472 0.289468 -0.043374
v -0.006237 0.289785 -0.043374
v -0.013975 0.297523 -0.043374
v -0.014292 0.298288 -0.043374
v -0.014292 0.309231 -0.043374
v -0.009317 0.311822 -0.043713
v -0.006237 0.317735 -0.043374
v -0.005472 0.318052 -0.043374
v 0.005472 0.318052 -0.043374
v 0.006237 0.317735 -0.043374
v 0.013975 0.309997 -0.043374
v 0.014292 0.309231 -0.043374
v 0.014292 0.298288 -0.043374
v -0.016487 0.313748 -0.034419
v -0.009988 0.320247 -0.034419
v -0.013718 0.319133 -0.035107
v -0.015380 0.317472 -0.035106
v 0.009991 0.320247 -0.034420
v 0.016489 0.313748 -0.034419
v 0.015512 0.317472 -0.035099
v 0.013850 0.319133 -0.035129
v 0.018724 0.308354 -0.034420
v 0.018724 0.299163 -0.034419
v 0.020735 0.302513 -0.035109
v 0.020735 0.304862 -0.035131
v 0.016489 0.293769 -0.034420
v 0.009991 0.287270 -0.034420
v 0.013850 0.288242 -0.035122
v 0.015512 0.289903 -0.035124
v 0.004597 0.285036 -0.034420
v -0.004594 0.285036 -0.034420
v -0.001109 0.283018 -0.035131
v 0.001241 0.283018 -0.035111
v -0.009988 0.287270 -0.034419
v -0.016487 0.293769 -0.034420
v -0.015380 0.289903 -0.035130
v -0.013718 0.288242 -0.035100
v -0.018721 0.299163 -0.034419
v -0.018721 0.308354 -0.034419
v -0.020603 0.304862 -0.035121
v -0.020603 0.302513 -0.035098
v 1.253471 2.203251 -0.519204
v 0.000000 2.654327 0.000000
v 1.047284 2.236339 -1.047284
v 0.519205 2.203251 -1.253471
v 0.000000 2.236339 -1.481083
v -0.519205 2.203251 -1.253471
v -1.047284 2.236339 -1.047284
v -1.253471 2.203251 -0.519204
v -1.481083 2.236339 0.000000
v -1.253471 2.203251 0.519205
v -1.047284 2.236339 1.047284
v -0.519205 2.203251 1.253471
v 0.000000 2.236339 1.481083
v 0.519205 2.203251 1.253471
v 1.047284 2.236339 1.047284
v 1.253471 2.203251 0.519205
v 1.481083 2.236339 0.000000
v 1.253471 2.203251 -0.519204
v 1.047284 2.236339 -1.047284
v 0.000000 2.715536 0.000000
v 0.519205 2.203251 -1.253471
v 0.000000 2.236339 -1.481083
v -0.519205 2.203251 -1.253471
v -1.047284 2.236339 -1.047284
v -1.253471 2.203251 -0.519204
v -1.481083 2.236339 0.000000
v -1.253471 2.203251 0.519205
v -1.047284 2.236339 1.047284
v -0.519205 2.203251 1.253471
v 0.000000 2.236339 1.481083
v 0.519205 2.203251 1.253471
v 1.047284 2.236339 1.047284
v 1.253471 2.203251 0.519205
v 1.481083 2.236339 0.000000
v -0.012669 2.254227 1.403691
v -0.010722 2.233558 1.477363
v -0.008273 2.232910 1.479661
v 0.008004 2.232910 1.479661
v 0.010453 2.233558 1.477363
v 0.012400 2.254227 1.403691
v -0.007176 2.227429 1.400567
v 0.006908 2.227429 1.400567
v 0.004613 2.209231 1.469076
v -0.004881 2.209231 1.469076
v -0.009835 2.229786 1.400840
v -0.007551 2.211475 1.469873
v -0.008273 2.232910 1.479661
v -0.005115 2.210894 1.472202
v 0.004846 2.210894 1.472202
v 0.008004 2.232910 1.479661
v 0.010453 2.233558 1.477363
v 0.007282 2.211475 1.469873
v 0.009567 2.229786 1.400840
v 0.012400 2.254227 1.403691
v 0.012400 2.254227 1.403691
v 0.009567 2.229786 1.400840
v -0.009835 2.229786 1.400840
v -0.012669 2.254227 1.403691
v -0.010722 2.233558 1.477363
v 0.010453 2.233558 1.477363
v 0.983602 2.254227 1.001517
v 1.037073 2.233558 1.052235
v 1.040429 2.232910 1.052128
v 1.051938 2.232910 1.040619
v 1.052045 2.233558 1.037262
v 1.001328 2.254227 0.983792
v 0.985276 2.227429 0.995425
v 0.995235 2.227429 0.985466
v 1.042055 2.209231 1.035532
v 1.035342 2.209231 1.042245
v 0.983588 2.229786 0.997498
v 1.034018 2.211475 1.044697
v 1.040429 2.232910 1.052128
v 1.037387 2.210894 1.044621
v 1.044430 2.210894 1.037577
v 1.051938 2.232910 1.040619
v 1.052045 2.233558 1.037262
v 1.044507 2.211475 1.034208
v 0.997308 2.229786 0.983779
v 1.001328 2.254227 0.983792
v 1.001328 2.254227 0.983792
v 0.997308 2.229786 0.983779
v 0.983588 2.229786 0.997498
v 0.983602 2.254227 1.001517
v 1.037073 2.233558 1.052235
v 1.052045 2.233558 1.037262
v 1.403691 2.254227 0.012669
v 1.477363 2.233558 0.010722
v 1.479661 2.232910 0.008273
v 1.479661 2.232910 -0.008004
v 1.477363 2.233558 -0.010452
v 1.403691 2.254227 -0.012399
v 1.400567 2.227429 0.007177
v 1.400567 2.227429 -0.006907
v 1.469076 2.209231 -0.004612
v 1.469076 2.209231 0.004881
v 1.400840 2.229786 0.009836
v 1.469873 2.211475 0.007552
v 1.479661 2.232910 0.008273
v 1.472202 2.210894 0.005115
v 1.472202 2.210894 -0.004846
v 1.479661 2.232910 -0.008004
v 1.477363 2.233558 -0.010452
v 1.469873 2.211475 -0.007282
v 1.400840 2.229786 -0.009566
v 1.403691 2.254227 -0.012399
v 1.403691 2.254227 -0.012399
v 1.400840 2.229786 -0.009566
v 1.400840 2.229786 0.009836
v 1.403691 2.254227 0.012669
v 1.477363 2.233558 0.010722
v 1.477363 2.233558 -0.010452
v 1.001517 2.254227 -0.983601
v 1.052234 2.233558 -1.037072
v 1.052127 2.232910 -1.040428
v 1.040618 2.232910 -1.051937
v 1.037262 2.233558 -1.052044
v 0.983791 2.254227 -1.001327
v 0.995425 2.227429 -0.985276
v 0.985466 2.227429 -0.995234
v 1.035532 2.209231 -1.042055
v 1.042245 2.209231 -1.035342
v 0.997498 2.229786 -0.983588
v 1.044696 2.211475 -1.034018
v 1.052127 2.232910 -1.040428
v 1.044621 2.210894 -1.037387
v 1.037577 2.210894 -1.044430
v 1.040618 2.232910 -1.051937
v 1.037262 2.233558 -1.052044
v 1.034208 2.211475 -1.044507
v 0.983779 2.229786 -0.997308
v 0.983791 2.254227 -1.001327
v 0.983791 2.254227 -1.001327
v 0.983779 2.229786 -0.997308
v 0.997498 2.229786 -0.983588
v 1.001517 2.254227 -0.983601
v 1.052234 2.233558 -1.037072
v 1.037262 2.233558 -1.052044
v 0.012669 2.254227 -1.403690
v 0.010722 2.233558 -1.477363
v 0.008273 2.232910 -1.479660
v -0.008004 2.232910 -1.479660
v -0.010452 2.233558 -1.477363
v -0.012400 2.254227 -1.403690
v 0.007177 2.227429 -1.400566
v -0.006907 2.227429 -1.400566
v -0.004612 2.209231 -1.469076
v 0.004882 2.209231 -1.469076
v 0.009836 2.229786 -1.400839
v 0.007551 2.211475 -1.469873
v 0.008273 2.232910 -1.479660
v 0.005115 2.210894 -1.472201
v -0.004846 2.210894 -1.472201
v -0.008004 2.232910 -1.479660
v -0.010452 2.233558 -1.477363
v -0.007282 2.211475 -1.469873
v -0.009566 2.229786 -1.400839
v -0.012400 2.254227 -1.403690
v -0.012400 2.254227 -1.403690
v -0.009566 2.229786 -1.400839
v 0.009836 2.229786 -1.400839
v 0.012669 2.254227 -1.403690
v 0.010722 2.233558 -1.477363
v -0.010452 2.233558 -1.477363
v -0.983601 2.254227 -1.001517
v -1.037072 2.233558 -1.052235
v -1.040428 2.232910 -1.052128
v -1.051937 2.232910 -1.040619
v -1.052044 2.233558 -1.037262
v -1.001327 2.254227 -0.983792
v -0.985276 2.227429 -0.995425
v -0.995234 2.227429 -0.985466
v -1.042055 2.209231 -1.035532
v -1.035342 2.209231 -1.042245
v -0.983588 2.229786 -0.997498
v -1.034018 2.211475 -1.044697
v -1.040428 2.232910 -1.052128
v -1.037387 2.210894 -1.044620
v -1.044430 2.210894 -1.037577
v -1.051937 2.232910 -1.040619
v -1.052044 2.233558 -1.037262
v -1.044506 2.211475 -1.034208
v -0.997307 2.229786 -0.983779
v -1.001327 2.254227 -0.983792
v -1.001327 2.254227 -0.983792
v -0.997307 2.229786 -0.983779
v -0.983588 2.229786 -0.997498
v -0.983601 2.254227 -1.001517
v -1.037072 2.233558 -1.052235
v -1.052044 2.233558 -1.037262
v -1.403691 2.254227 -0.012669
v -1.477363 2.233558 -0.010722
v -1.479661 2.232910 -0.008273
v -1.479661 2.232910 0.008003
v -1.477363 2.233558 0.010452
v -1.403691 2.254227 0.012399
v -1.400567 2.227429 -0.007177
v -1.400567 2.227429 0.006907
v -1.469076 2.209231 0.004612
v -1.469076 2.209231 -0.004882
v -1.400840 2.229786 -0.009836
v -1.469873 2.211475 -0.007552
v -1.479661 2.232910 -0.008273
v -1.472202 2.210894 -0.005115
v -1.472202 2.210894 0.004845
v -1.479661 2.232910 0.008003
v -1.477363 2.233558 0.010452
v -1.469873 2.211475 0.007282
v -1.400840 2.229786 0.009566
v -1.403691 2.254227 0.012399
v -1.403691 2.254227 0.012399
v -1.400840 2.229786 0.009566
v -1.400840 2.229786 -0.009836
v -1.403691 2.254227 -0.012669
v -1.477363 2.233558 -0.010722
v -1.477363 2.233558 0.010452
v -1.001518 2.254227 0.983601
v -1.052235 2.233558 1.037072
v -1.052129 2.232910 1.040428
v -1.040619 2.232910 1.051937
v -1.037263 2.233558 1.052044
v -0.983792 2.254227 1.001327
v -0.995425 2.227429 0.985275
v -0.985467 2.227429 0.995234
v -1.035533 2.209231 1.042055
v -1.042246 2.209231 1.035342
v -0.997498 2.229786 0.983588
v -1.044698 2.211475 1.034017
v -1.052129 2.232910 1.040428
v -1.044621 2.210894 1.037387
v -1.037578 2.210894 1.044430
v -1.040619 2.232910 1.051937
v -1.037263 2.233558 1.052044
v -1.034209 2.211475 1.044506
v -0.983779 2.229786 0.997308
v -0.983792 2.254227 1.001327
v -0.983792 2.254227 1.001327
v -0.983779 2.229786 0.997308
v -0.997498 2.229786 0.983588
v -1.001518 2.254227 0.983601
v -1.052235 2.233558 1.037072
v -1.037263 2.233558 1.052044
v 0.035064 2.708358 -0.014524
v 0.035064 2.715519 -0.014524
v 0.037953 2.715519 0.000000
v 0.037953 2.708358 0.000000
v 0.026837 2.708358 -0.026837
v 0.026837 2.715519 -0.026837
v 0.014524 2.708358 -0.035064
v 0.014524 2.715519 -0.035064
v 0.000000 2.708358 -0.037953
v 0.000000 2.715519 -0.037953
v -0.014524 2.708358 -0.035064
v -0.014524 2.715519 -0.035064
v 0.000000 2.715519 -0.037953
v 0.000000 2.708358 -0.037953
v -0.026837 2.708358 -0.026837
v -0.026837 2.715519 -0.026837
v -0.035064 2.708358 -0.014524
v -0.035064 2.715519 -0.014524
v -0.037953 2.708358 0.000000
v -0.037953 2.715519 0.000000
v -0.035064 2.708358 0.014524
v -0.035064 2.715519 0.014524
v -0.026837 2.708358 0.026837
v -0.026837 2.715519 0.026837
v -0.014524 2.708358 0.035064
v -0.014524 2.715519 0.035064
v 0.000000 2.708358 0.037953
v 0.000000 2.715519 0.037953
v 0.014524 2.708358 0.035064
v 0.014524 2.715519 0.035064
v 0.026837 2.708358 0.026837
v 0.026837 2.715519 0.026837
v 0.035064 2.708358 0.014524
v 0.035064 2.715519 0.014524
v 0.020933 2.775733 -0.008671
v 0.016021 2.775733 -0.016021
v 0.008671 2.775733 -0.020933
v 0.000000 2.775733 -0.022658
v -0.008671 2.775733 -0.020933
v -0.016021 2.775733 -0.016021
v -0.020933 2.775733 -0.008671
v -0.022658 2.775733 0.000000
v -0.020933 2.775733 0.008671
v -0.016021 2.775733 0.016022
v -0.008671 2.775733 0.020933
v 0.000000 2.775733 0.022658
v 0.008671 2.775733 0.020933
v 0.016021 2.775733 0.016022
v 0.020933 2.775733 0.008671
v 0.022658 2.775733 0.000000
v 0.025525 2.736798 -0.010572
v 0.027628 2.736798 0.000000
v 0.019536 2.736798 -0.019536
v 0.010573 2.736798 -0.025525
v 0.000000 2.736798 -0.027628
v -0.010573 2.736798 -0.025525
v 0.000000 2.736798 -0.027628
v -0.019536 2.736798 -0.019536
v -0.025525 2.736798 -0.010572
v -0.027628 2.736798 0.000000
v -0.025525 2.736798 0.010573
v -0.019536 2.736798 0.019536
v -0.010573 2.736798 0.025525
v 0.000000 2.736798 0.027628
v 0.010573 2.736798 0.025525
v 0.019536 2.736798 0.019536
v 0.025525 2.736798 0.010573
v 0.020933 2.775733 -0.008671
v 0.022658 2.775733 0.000000
v 0.016021 2.775733 -0.016021
v 0.008671 2.775733 -0.020933
v 0.000000 2.775733 -0.022658
v -0.008671 2.775733 -0.020933
v 0.000000 2.775733 -0.022658
v -0.016021 2.775733 -0.016021
v -0.020933 2.775733 -0.008671
v -0.022658 2.775733 0.000000
v -0.020933 2.775733 0.008671
v -0.016021 2.775733 0.016022
v -0.008671 2.775733 0.020933
v 0.000000 2.775733 0.022658
v 0.008671 2.775733 0.020933
v 0.016021 2.775733 0.016022
v 0.020933 2.775733 0.008671
v 0.056084 2.629469 0.000000
v 0.051815 2.629469 -0.021462
v 0.051815 2.647806 -0.021462
v 0.056084 2.647806 0.000000
v 0.039657 2.629469 -0.039657
v 0.039657 2.647806 -0.039657
v 0.021462 2.629469 -0.051814
v 0.021462 2.647806 -0.051814
v 0.000000 2.629469 -0.056084
v 0.000000 2.647806 -0.056084
v -0.021462 2.629469 -0.051814
v -0.021462 2.647806 -0.051814
v -0.039657 2.629469 -0.039657
v -0.039657 2.647806 -0.039657
v -0.051815 2.629469 -0.021462
v -0.051815 2.647806 -0.021462
v -0.056084 2.629469 0.000000
v -0.056084 2.647806 0.000000
v -0.051815 2.629469 0.021463
v -0.051815 2.647806 0.021463
v -0.039657 2.629469 0.039657
v -0.039657 2.647806 0.039657
v -0.021462 2.629469 0.051815
v -0.021462 2.647806 0.051815
v 0.000000 2.629469 0.056084
v 0.000000 2.647806 0.056084
v 0.021462 2.629469 0.051815
v 0.021462 2.647806 0.051815
v 0.039657 2.629469 0.039657
v 0.039657 2.647806 0.039657
v 0.051815 2.629469 0.021463
v 0.051815 2.647806 0.021463
v 0.018282 2.617285 0.018282
v 0.009894 2.617285 0.023887
v 0.000000 2.617285 0.025855
v -0.009894 2.617285 0.023887
v -0.018282 2.617285 0.018282
v -0.023886 2.617285 0.009894
v -0.025854 2.617285 0.000000
v -0.023886 2.617285 -0.009894
v -0.018282 2.617285 -0.018282
v -0.009894 2.617285 -0.023886
v 0.000000 2.617285 -0.025854
v 0.009894 2.617285 -0.023886
v 0.018282 2.617285 -0.018282
v 0.023886 2.617285 -0.009894
v 0.025854 2.617285 0.000000
v 0.023886 2.617285 0.009894
v 0.044861 2.623224 0.000000
v 0.041446 2.623224 -0.017167
v 0.041446 2.623224 0.017168
v 0.031722 2.623224 0.031722
v 0.017168 2.623224 0.041447
v 0.000000 2.623224 0.044862
v -0.017168 2.623224 0.041447
v -0.031722 2.623224 0.031722
v -0.041446 2.623224 0.017168
v -0.044861 2.623224 0.000000
v -0.041446 2.623224 -0.017167
v -0.031722 2.623224 -0.031721
v -0.017168 2.623224 -0.041446
v 0.000000 2.623224 -0.044861
v 0.017168 2.623224 -0.041446
v 0.031722 2.623224 -0.031721
v 1.469769 2.210516 0.006547
v 0.031962 2.622499 0.006547
v 0.031962 2.622499 -0.006832
v 1.469769 2.210516 -0.006832
v 1.469769 2.210516 -0.006832
v 0.031962 2.622499 -0.006832
v 0.031962 2.645720 -0.006832
v 1.469769 2.233611 -0.006832
v 0.031962 2.622499 0.006547
v 1.469769 2.210516 0.006547
v 1.469769 2.233611 0.006547
v 0.031962 2.645720 0.006547
v 0.688374 2.442125 -0.008402
v 0.031962 2.279943 0.006547
v 0.031962 2.279943 -0.006832
v 0.688374 2.442125 -0.021781
v 0.680428 2.463926 -0.008402
v 0.680428 2.463926 -0.021781
v 0.031962 2.303101 -0.006832
v 0.031962 2.303101 0.006547
v 0.688374 2.442125 -0.008402
v 0.688374 2.442125 -0.021781
v 0.680428 2.463926 -0.021781
v 0.680428 2.463926 -0.008402
v 0.688374 2.442125 -0.021781
v 0.031962 2.279943 -0.006832
v 0.031962 2.303101 -0.006832
v 0.680428 2.463926 -0.021781
v 0.031962 2.279943 0.006547
v 0.688374 2.442125 -0.008402
v 0.680428 2.463926 -0.008402
v 0.031962 2.303101 0.006547
v 1.043913 2.210516 -1.034654
v 0.027230 2.622499 -0.017971
v 0.017770 2.622499 -0.027432
v 1.034452 2.210516 -1.044115
v 1.034452 2.210516 -1.044115
v 0.017770 2.622499 -0.027432
v 0.017770 2.645720 -0.027432
v 1.034452 2.233611 -1.044115
v 0.027230 2.622499 -0.017971
v 1.043913 2.210516 -1.034654
v 1.043913 2.233611 -1.034654
v 0.027230 2.645720 -0.017971
v 0.480812 2.442125 -0.492695
v 0.027230 2.279943 -0.017971
v 0.017770 2.279943 -0.027432
v 0.471352 2.442125 -0.502155
v 0.475194 2.463926 -0.487077
v 0.465734 2.463926 -0.496537
v 0.017770 2.303101 -0.027432
v 0.027230 2.303101 -0.017971
v 0.480812 2.442125 -0.492695
v 0.471352 2.442125 -0.502155
v 0.465734 2.463926 -0.496537
v 0.475194 2.463926 -0.487077
v 0.471352 2.442125 -0.502155
v 0.017770 2.279943 -0.027432
v 0.017770 2.303101 -0.027432
v 0.465734 2.463926 -0.496537
v 0.027230 2.279943 -0.017971
v 0.480812 2.442125 -0.492695
v 0.475194 2.463926 -0.487077
v 0.027230 2.303101 -0.017971
v 0.006547 2.210516 -1.469769
v 0.006547 2.622499 -0.031962
v -0.006832 2.622499 -0.031962
v -0.006832 2.210516 -1.469769
v -0.006832 2.210516 -1.469769
v -0.006832 2.622499 -0.031962
v -0.006832 2.645720 -0.031962
v -0.006832 2.233611 -1.469769
v 0.006547 2.622499 -0.031962
v 0.006547 2.210516 -1.469769
v 0.006547 2.233611 -1.469769
v 0.006547 2.645720 -0.031962
v -0.008402 2.442125 -0.688373
v 0.006547 2.279943 -0.031962
v -0.006832 2.279943 -0.031962
v -0.021781 2.442125 -0.688373
v -0.008402 2.463926 -0.680428
v -0.021781 2.463926 -0.680428
v -0.006832 2.303101 -0.031962
v 0.006547 2.303101 -0.031962
v -0.008402 2.442125 -0.688373
v -0.021781 2.442125 -0.688373
v -0.021781 2.463926 -0.680428
v -0.008402 2.463926 -0.680428
v -0.021781 2.442125 -0.688373
v -0.006832 2.279943 -0.031962
v -0.006832 2.303101 -0.031962
v -0.021781 2.463926 -0.680428
v 0.006547 2.279943 -0.031962
v -0.008402 2.442125 -0.688373
v -0.008402 2.463926 -0.680428
v 0.006547 2.303101 -0.031962
v -1.034654 2.210516 -1.043913
v -0.017972 2.622499 -0.027230
v -0.027432 2.622499 -0.017769
v -1.044115 2.210516 -1.034453
v -1.044115 2.210516 -1.034453
v -0.027432 2.622499 -0.017769
v -0.027432 2.645720 -0.017769
v -1.044115 2.233611 -1.034453
v -0.017972 2.622499 -0.027230
v -1.034654 2.210516 -1.043913
v -1.034654 2.233611 -1.043913
v -0.017972 2.645720 -0.027230
v -0.492695 2.442125 -0.480812
v -0.017972 2.279943 -0.027230
v -0.027432 2.279943 -0.017769
v -0.502155 2.442125 -0.471352
v -0.487077 2.463926 -0.475194
v -0.496537 2.463926 -0.465733
v -0.027432 2.303101 -0.017769
v -0.017972 2.303101 -0.027230
v -0.492695 2.442125 -0.480812
v -0.502155 2.442125 -0.471352
v -0.496537 2.463926 -0.465733
v -0.487077 2.463926 -0.475194
v -0.502155 2.442125 -0.471352
v -0.027432 2.279943 -0.017769
v -0.027432 2.303101 -0.017769
v -0.496537 2.463926 -0.465733
v -0.017972 2.279943 -0.027230
v -0.492695 2.442125 -0.480812
v -0.487077 2.463926 -0.475194
v -0.017972 2.303101 -0.027230
v -1.469769 2.210516 -0.006547
v -0.031962 2.622499 -0.006546
v -0.031962 2.622499 0.006832
v -1.469769 2.210516 0.006832
v -1.469769 2.210516 0.006832
v -0.031962 2.622499 0.006832
v -0.031962 2.645720 0.006832
v -1.469769 2.233611 0.006832
v -0.031962 2.622499 -0.006546
v -1.469769 2.210516 -0.006547
v -1.469769 2.233611 -0.006547
v -0.031962 2.645720 -0.006546
v -0.688374 2.442125 0.008403
v -0.031962 2.279943 -0.006546
v -0.031962 2.279943 0.006832
v -0.688374 2.442125 0.021781
v -0.680428 2.463926 0.008403
v -0.680428 2.463926 0.021781
v -0.031962 2.303101 0.006832
v -0.031962 2.303101 -0.006546
vn 0.9995 -0.0000 -0.0328
vn 0.9739 -0.0000 -0.2272
vn 0.9867 -0.0000 -0.1628
vn 0.9995 -0.0000 0.0328
vn 0.9108 -0.0000 -0.4128
vn 0.9359 -0.0000 -0.3522
vn 0.8128 -0.0000 -0.5826
vn 0.8493 -0.0000 -0.5280
vn 0.6835 -0.0000 -0.7299
vn 0.7299 -0.0000 -0.6835
vn 0.5280 -0.0000 -0.8493
vn 0.5826 -0.0000 -0.8128
vn 0.3522 -0.0000 -0.9359
vn 0.4128 -0.0000 -0.9108
vn 0.1628 -0.0000 -0.9867
vn 0.2272 -0.0000 -0.9739
vn -0.0328 -0.0000 -0.9995
vn 0.0328 -0.0000 -0.9995
vn -0.2272 -0.0000 -0.9739
vn -0.1628 -0.0000 -0.9867
vn -0.4128 -0.0000 -0.9108
vn -0.3522 -0.0000 -0.9359
vn -0.5826 -0.0000 -0.8128
vn -0.5280 -0.0000 -0.8493
vn -0.7299 -0.0000 -0.6835
vn -0.6835 -0.0000 -0.7299
vn -0.8493 -0.0000 -0.5280
vn -0.8128 -0.0000 -0.5826
vn -0.9359 -0.0000 -0.3522
vn -0.9108 -0.0000 -0.4128
vn -0.9867 -0.0000 -0.1628
vn -0.9739 -0.0000 -0.2272
vn -0.9995 -0.0000 0.0328
vn -0.9995 -0.0000 -0.0328
vn -0.9739 -0.0000 0.2272
vn -0.9867 -0.0000 0.1628
vn -0.9108 -0.0000 0.4128
vn -0.9359 -0.0000 0.3522
vn -0.8128 -0.0000 0.5826
vn -0.8493 -0.0000 0.5280
vn -0.6835 -0.0000 0.7299
vn -0.7299 -0.0000 0.6835
vn -0.5280 -0.0000 0.8493
vn -0.5826 -0.0000 0.8128
vn -0.3522 -0.0000 0.9359
vn -0.4128 -0.0000 0.9108
vn -0.1628 -0.0000 0.9867
vn -0.2272 -0.0000 0.9739
vn 0.0328 -0.0000 0.9995
vn -0.0328 -0.0000 0.9995
vn 0.2272 -0.0000 0.9739
vn 0.1628 -0.0000 0.9867
vn 0.4128 -0.0000 0.9108
vn 0.3522 -0.0000 0.9359
vn 0.5826 -0.0000 0.8128
vn 0.5280 -0.0000 0.8493
vn 0.7299 -0.0000 0.6835
vn 0.6835 -0.0000 0.7299
vn 0.8493 -0.0000 0.5280
vn 0.8128 -0.0000 0.5826
vn 0.9359 -0.0000 0.3522
vn 0.9108 -0.0000 0.4128
vn 0.9867 -0.0000 0.1628
vn 0.9739 -0.0000 0.2272
vn -0.0000 -1.0000 -0.0000
vn -0.0000 1.0000 -0.0000
vn 0.1529 0.9879 -0.0252
vn 0.1549 0.9879 0.0051
vn 0.1450 0.9879 -0.0546
vn 0.1316 0.9879 -0.0818
vn 0.1131 0.9879 -0.1059
vn 0.0903 0.9879 -0.1259
vn 0.0640 0.9879 -0.1411
vn 0.0352 0.9879 -0.1509
vn 0.0051 0.9879 -0.1549
vn -0.0252 0.9879 -0.1529
vn -0.0546 0.9879 -0.1450
vn -0.0818 0.9879 -0.1316
vn -0.1059 0.9879 -0.1131
vn -0.1259 0.9879 -0.0903
vn -0.1411 0.9879 -0.0640
vn -0.1509 0.9879 -0.0352
vn -0.1549 0.9879 -0.0051
vn -0.1529 0.9879 0.0252
vn -0.1450 0.9879 0.0546
vn -0.1316 0.9879 0.0818
vn -0.1131 0.9879 0.1059
vn -0.0903 0.9879 0.1259
vn -0.0640 0.9879 0.1411
vn -0.0352 0.9879 0.1509
vn -0.0051 0.9879 0.1549
vn 0.0252 0.9879 0.1529
vn 0.0546 0.9879 0.1450
vn 0.0818 0.9879 0.1316
vn 0.1059 0.9879 0.1131
vn 0.1259 0.9879 0.0903
vn 0.1411 0.9879 0.0640
vn 0.1509 0.9879 0.0352
vn 0.2470 0.9673 -0.0576
vn 0.2535 0.9673 -0.0083
vn 0.2310 0.9673 -0.1047
vn 0.2061 0.9673 -0.1477
vn 0.1734 0.9673 -0.1851
vn 0.1339 0.9673 -0.2154
vn 0.0893 0.9673 -0.2374
vn 0.0413 0.9673 -0.2502
vn -0.0083 0.9673 -0.2535
vn -0.0576 0.9673 -0.2470
vn -0.1047 0.9673 -0.2310
vn -0.1477 0.9673 -0.2061
vn -0.1851 0.9673 -0.1734
vn -0.2154 0.9673 -0.1339
vn -0.2374 0.9673 -0.0893
vn -0.2502 0.9673 -0.0413
vn -0.2535 0.9673 0.0083
vn -0.2470 0.9673 0.0576
vn -0.2310 0.9673 0.1047
vn -0.2061 0.9673 0.1477
vn -0.1733 0.9673 0.1851
vn -0.1339 0.9673 0.2154
vn -0.0893 0.9673 0.2374
vn -0.0413 0.9673 0.2502
vn 0.0083 0.9673 0.2535
vn 0.0576 0.9673 0.2470
vn 0.1047 0.9673 0.2310
vn 0.1478 0.9673 0.2061
vn 0.1851 0.9673 0.1733
vn 0.2154 0.9673 0.1339
vn 0.2374 0.9673 0.0893
vn 0.2502 0.9673 0.0413
vn 0.1207 0.9927 0.0040
vn 0.1191 0.9927 -0.0197
vn 0.1130 0.9927 -0.0425
vn 0.1025 0.9927 -0.0637
vn 0.0881 0.9927 -0.0825
vn 0.0703 0.9927 -0.0981
vn 0.0498 0.9927 -0.1100
vn 0.0274 0.9927 -0.1176
vn 0.0040 0.9927 -0.1207
vn -0.0197 0.9927 -0.1191
vn -0.0425 0.9927 -0.1130
vn -0.0637 0.9927 -0.1025
vn -0.0825 0.9927 -0.0881
vn -0.0981 0.9927 -0.0703
vn -0.1100 0.9927 -0.0498
vn -0.1176 0.9927 -0.0274
vn -0.1207 0.9927 -0.0040
vn -0.1191 0.9927 0.0197
vn -0.1130 0.9927 0.0425
vn -0.1025 0.9927 0.0637
vn -0.0881 0.9927 0.0825
vn -0.0703 0.9927 0.0981
vn -0.0498 0.9927 0.1100
vn -0.0274 0.9927 0.1176
vn -0.0040 0.9927 0.1207
vn 0.0197 0.9927 0.1191
vn 0.0425 0.9927 0.1130
vn 0.0637 0.9927 0.1025
vn 0.0825 0.9927 0.0881
vn 0.0981 0.9927 0.0703
vn 0.1100 0.9927 0.0498
vn 0.1176 0.9927 0.0274
vn 0.9472 -0.0000 -0.3207
vn 0.8966 -0.0000 -0.4429
vn 0.9978 -0.0000 -0.0661
vn 0.9978 -0.0000 0.0661
vn 0.7523 -0.0000 -0.6588
vn 0.6588 -0.0000 -0.7523
vn 0.4429 -0.0000 -0.8965
vn 0.3207 -0.0000 -0.9472
vn 0.0661 -0.0000 -0.9978
vn -0.0661 -0.0000 -0.9978
vn -0.3207 -0.0000 -0.9472
vn -0.4429 -0.0000 -0.8966
vn -0.6588 -0.0000 -0.7523
vn -0.7523 -0.0000 -0.6588
vn -0.8965 -0.0000 -0.4429
vn -0.9472 -0.0000 -0.3207
vn -0.9978 -0.0000 -0.0661
vn -0.9978 -0.0000 0.0661
vn -0.9472 -0.0000 0.3207
vn -0.8965 -0.0000 0.4429
vn -0.7523 -0.0000 0.6588
vn -0.6588 -0.0000 0.7523
vn -0.4429 -0.0000 0.8966
vn -0.3207 -0.0000 0.9472
vn -0.0661 -0.0000 0.9978
vn 0.0661 -0.0000 0.9978
vn 0.3207 -0.0000 0.9472
vn 0.4429 -0.0000 0.8965
vn 0.6588 -0.0000 0.7523
vn 0.7523 -0.0000 0.6588
vn 0.8966 -0.0000 0.4429
vn 0.9472 -0.0000 0.3207
vn 0.8965 -0.0000 -0.4430
vn 0.4430 -0.0000 -0.8965
vn 0.0662 -0.0000 -0.9978
vn -0.0662 -0.0000 -0.9978
vn -0.4430 -0.0000 -0.8965
vn -0.8965 -0.0000 -0.4430
vn -0.8965 -0.0000 0.4430
vn -0.4430 -0.0000 0.8965
vn 0.4430 -0.0000 0.8965
vn 0.8965 -0.0000 0.4430
vn 0.9239 -0.0000 -0.3827
vn 1.0000 -0.0000 -0.0000
vn -0.4429 -0.0000 -0.8965
vn -0.4429 -0.0000 0.8965
vn 0.8965 -0.0000 0.4429
vn 0.0316 0.9994 0.0131
vn 0.0343 0.9994 -0.0000
vn 0.0242 0.9994 0.0242
vn 0.0131 0.9994 0.0317
vn -0.0000 0.9994 0.0343
vn -0.0131 0.9994 0.0317
vn -0.0242 0.9994 0.0242
vn -0.0316 0.9994 0.0131
vn -0.0343 0.9994 -0.0000
vn -0.0317 0.9994 -0.0131
vn -0.0242 0.9994 -0.0242
vn -0.0131 0.9994 -0.0317
vn -0.0000 0.9994 -0.0343
vn 0.0131 0.9994 -0.0317
vn 0.0242 0.9994 -0.0242
vn 0.0317 0.9994 -0.0131
vn 0.8996 -0.0000 -0.4367
vn 0.7477 -0.0000 -0.6641
vn 0.9983 -0.0000 0.0591
vn 0.9449 -0.0000 0.3273
vn 0.3274 -0.0000 -0.9449
vn 0.0591 -0.0000 -0.9983
vn -0.4366 -0.0000 -0.8996
vn -0.6640 -0.0000 -0.7477
vn 0.3274 0.0002 -0.9449
vn -0.9449 -0.0000 -0.3274
vn -0.9982 -0.0000 -0.0592
vn -0.8996 -0.0000 0.4367
vn -0.7477 -0.0000 0.6641
vn -0.3273 -0.0001 0.9449
vn -0.0592 -0.0000 0.9982
vn 0.4366 -0.0000 0.8996
vn 0.6641 -0.0000 0.7477
vn -0.0000 0.9706 -0.2407
vn -0.0000 -0.9708 0.2399
vn -1.0000 -0.0000 -0.0000
vn -0.0000 -0.9613 -0.2755
vn -0.7225 0.0038 -0.6914
vn -0.7232 -0.0000 -0.6906
vn -0.7217 0.0076 -0.6922
vn 0.7225 -0.0039 0.6914
vn 0.7219 -0.0077 0.6920
vn 0.7230 -0.0000 0.6908
vn -0.6644 0.3424 0.6644
vn 0.1702 0.9706 -0.1702
vn -0.1696 -0.9708 0.1696
vn -0.7071 -0.0000 -0.7071
vn 0.7071 -0.0000 0.7071
vn 0.1948 -0.9613 -0.1948
vn -0.0220 0.0038 -0.9998
vn -0.0230 -0.0000 -0.9997
vn -0.0209 0.0076 -0.9998
vn 0.0220 -0.0039 0.9998
vn 0.0211 -0.0077 0.9997
vn 0.0220 -0.0038 0.9998
vn 0.0228 -0.0000 0.9997
vn -0.9396 0.3424 -0.0000
vn -0.0872 0.9724 -0.2166
vn -0.1619 0.9729 -0.1652
vn -0.1744 0.9682 -0.1792
vn -0.0932 0.9679 -0.2336
vn 0.0024 0.9718 -0.2357
vn 0.0031 0.9681 -0.2507
vn 0.0931 0.9714 -0.2186
vn 0.0977 0.9688 -0.2279
vn 0.1513 0.9748 -0.1642
vn 0.1745 0.9698 -0.1703
vn 0.2135 0.9709 -0.1088
vn 0.2220 0.9710 -0.0886
vn 0.2275 0.9737 -0.0118
vn 0.2525 0.9676 -0.0036
vn 0.2165 0.9731 0.0793
vn 0.2223 0.9714 0.0833
vn 0.1675 0.9737 0.1543
vn 0.1722 0.9719 0.1607
vn 0.0950 0.9740 0.2056
vn 0.0967 0.9724 0.2124
vn 0.0089 0.9740 0.2266
vn 0.0080 0.9729 0.2310
vn -0.0794 0.9735 0.2145
vn -0.0804 0.9733 0.2148
vn -0.1532 0.9757 0.1565
vn -0.1610 0.9700 0.1824
vn -0.2033 0.9736 0.1035
vn -0.2201 0.9716 0.0872
vn -0.2386 0.9711 0.0072
vn -0.2419 0.9703 -0.0037
vn -0.2111 0.9733 -0.0899
vn -0.2265 0.9691 -0.0977
vn -0.0083 0.9999 -0.0146
vn -0.1397 0.9513 -0.2749
vn -0.2323 0.9521 -0.1987
vn -0.0241 0.9504 -0.3102
vn 0.0971 0.9496 -0.2982
vn 0.2200 0.9491 -0.2252
vn 0.2980 0.9488 -0.1050
vn 0.3147 0.9490 0.0169
vn 0.2827 0.9496 0.1352
vn 0.2078 0.9505 0.2312
vn 0.1026 0.9514 0.2905
vn -0.0162 0.9522 0.3050
vn -0.1309 0.9529 0.2737
vn -0.2247 0.9533 0.2018
vn -0.2846 0.9534 0.1003
vn -0.3017 0.9534 0.0036
vn -0.2886 0.9528 -0.0940
vn -0.6145 -0.3920 -0.6847
vn -0.3057 -0.3920 -0.8677
vn -0.4175 -0.3920 -0.8197
vn -0.6995 -0.3920 -0.5976
vn 0.0496 -0.3920 -0.9186
vn -0.0720 -0.3920 -0.9171
vn 0.3974 -0.3920 -0.8297
vn 0.2844 -0.3920 -0.8749
vn 0.6847 -0.3920 -0.6145
vn 0.5976 -0.3920 -0.6995
vn 0.8677 -0.3920 -0.3057
vn 0.8198 -0.3920 -0.4175
vn 0.9186 -0.3920 0.0496
vn 0.9171 -0.3920 -0.0720
vn 0.8297 -0.3920 0.3974
vn 0.8749 -0.3920 0.2844
vn 0.6145 -0.3920 0.6847
vn 0.6995 -0.3920 0.5976
vn 0.3057 -0.3920 0.8677
vn 0.4175 -0.3920 0.8197
vn -0.0496 -0.3920 0.9186
vn 0.0720 -0.3920 0.9171
vn -0.3974 -0.3920 0.8297
vn -0.2844 -0.3920 0.8749
vn -0.6847 -0.3920 0.6145
vn -0.5976 -0.3920 0.6995
vn -0.8677 -0.3920 0.3057
vn -0.8198 -0.3920 0.4175
vn -0.9186 -0.3920 -0.0496
vn -0.9171 -0.3920 0.0720
vn -0.8297 -0.3920 -0.3974
vn -0.8749 -0.3920 -0.2844
vn 0.1481 -0.9778 -0.1481
vn 0.1935 -0.9778 -0.0801
vn 0.6935 -0.6337 -0.3427
vn 0.5096 -0.6337 -0.5820
vn 0.0801 -0.9778 -0.1934
vn 0.2481 -0.6337 -0.7327
vn -0.0000 -0.9778 -0.2094
vn -0.0512 -0.6337 -0.7719
vn -0.0801 -0.9778 -0.1934
vn -0.3427 -0.6337 -0.6936
vn -0.1481 -0.9778 -0.1481
vn -0.5820 -0.6337 -0.5096
vn -0.1935 -0.9778 -0.0801
vn -0.7327 -0.6337 -0.2481
vn -0.2094 -0.9778 -0.0000
vn -0.7719 -0.6337 0.0512
vn -0.1935 -0.9778 0.0801
vn -0.6935 -0.6337 0.3427
vn -0.1480 -0.9778 0.1481
vn -0.5096 -0.6337 0.5820
vn -0.0801 -0.9778 0.1934
vn -0.2481 -0.6337 0.7327
vn -0.0000 -0.9778 0.2094
vn 0.0512 -0.6337 0.7719
vn 0.0801 -0.9778 0.1934
vn 0.3427 -0.6337 0.6935
vn 0.1481 -0.9778 0.1481
vn 0.5820 -0.6337 0.5096
vn 0.1934 -0.9778 0.0801
vn 0.7328 -0.6337 0.2481
vn 0.2094 -0.9778 -0.0000
vn 0.7719 -0.6337 -0.0512
vn -0.3427 -0.6337 -0.6935
vn -0.0512 -0.6337 -0.7718
vn -0.8966 -0.0000 -0.4429
vn -0.9978 -0.0000 -0.0662
vn -0.2248 0.7132 -0.6639
vn 0.0626 0.3211 -0.9450
vn -0.0568 -0.5133 -0.8563
vn -0.3801 -0.5133 -0.7694
vn 0.2250 0.8614 -0.4554
vn 0.2753 -0.5133 -0.8128
vn 0.7125 0.3211 -0.6239
vn 0.5654 -0.5133 -0.6456
vn 0.6639 0.7132 -0.2249
vn 0.7694 -0.5133 -0.3801
vn 0.9450 0.3211 0.0626
vn 0.8563 -0.5133 -0.0568
vn -0.6914 0.0038 0.7225
vn -0.6906 -0.0000 0.7232
vn -0.6922 0.0076 0.7217
vn 0.6914 -0.0038 -0.7225
vn 0.6920 -0.0077 -0.7219
vn 0.6908 -0.0000 -0.7230
vn 0.6644 0.3424 0.6644
vn -0.1702 0.9706 -0.1702
vn 0.1696 -0.9708 0.1696
vn -0.7071 -0.0000 0.7071
vn 0.7071 -0.0000 -0.7071
vn -0.1948 -0.9613 -0.1948
vn -0.9998 0.0038 0.0220
vn -0.9997 -0.0000 0.0230
vn -0.9998 0.0076 0.0209
vn 0.9998 -0.0039 -0.0220
vn 0.9997 -0.0077 -0.0211
vn 0.9998 -0.0038 -0.0220
vn 0.9997 -0.0000 -0.0228
vn -0.0000 0.3424 0.9395
vn -0.0662 -0.0000 0.9978
vn 0.7327 -0.6337 0.2482
vn 0.9978 -0.0000 0.0662
vn 0.2620 -0.9374 -0.2294
vn 0.3298 -0.9374 -0.1117
vn 0.1543 -0.9374 -0.3122
vn 0.0230 -0.9374 -0.3475
vn -0.1117 -0.9374 -0.3298
vn -0.2294 -0.9374 -0.2620
vn -0.3122 -0.9374 -0.1543
vn -0.3475 -0.9374 -0.0230
vn -0.3298 -0.9374 0.1117
vn -0.2620 -0.9374 0.2294
vn -0.1543 -0.9374 0.3122
vn -0.0230 -0.9374 0.3475
vn 0.1117 -0.9374 0.3298
vn 0.2294 -0.9374 0.2620
vn 0.3122 -0.9374 0.1543
vn 0.3475 -0.9374 0.0230
vn -0.6456 -0.5133 -0.5654
vn -0.8128 -0.5133 -0.2753
vn -0.8563 -0.5133 0.0568
vn -0.7694 -0.5133 0.3801
vn -0.5654 -0.5133 0.6456
vn -0.2753 -0.5133 0.8128
vn 0.0568 -0.5133 0.8563
vn 0.3801 -0.5133 0.7694
vn 0.6456 -0.5133 0.5654
vn 0.8128 -0.5133 0.2753
vn 0.9449 0.3212 0.0627
vn 0.6640 0.7131 -0.2248
vn 0.3954 0.8975 0.1954
vn 0.2251 0.8613 -0.4554
vn -0.3954 0.8975 -0.1954
vn -0.2251 0.8613 0.4554
vn 0.2248 0.7131 0.6640
vn 0.6238 0.3212 0.7125
vn -0.0627 0.3212 0.9449
vn -0.6640 0.7131 0.2248
vn -0.7125 0.3212 0.6238
vn -0.9449 0.3212 -0.0627
vn -0.2248 0.7131 -0.6640
vn -0.6238 0.3212 -0.7125
vn 0.0627 0.3212 -0.9449
vn 0.7125 0.3212 -0.6238
vn -0.0001 -1.0000 -0.0000
vn -0.0002 -1.0000 -0.0000
vn 0.3955 0.8975 0.1954
vn 0.6239 0.3211 0.7125
vn 0.2249 0.7132 0.6639
vn -0.0626 0.3211 0.9450
vn -0.2250 0.8614 0.4554
vn -0.7125 0.3211 0.6239
vn -0.6639 0.7132 0.2248
vn -0.9450 0.3211 -0.0627
vn -0.3955 0.8975 -0.1954
vn -0.6239 0.3211 -0.7125
vn 0.7718 -0.6358 -0.0000
vn 0.7384 -0.5453 -0.3968
vn 0.9571 -0.1863 -0.2217
vn 0.9637 -0.2671 -0.0000
vn 0.8648 -0.4735 -0.1672
vn 0.6917 -0.2994 -0.6572
vn 0.9998 -0.0222 -0.0000
vn 0.8207 -0.5713 0.0001
vn 0.0975 -0.9952 -0.0000
vn 0.1362 -0.9070 -0.3984
vn 0.5452 -0.8078 -0.2240
vn 0.4933 -0.8698 -0.0000
vn 0.2784 -0.9461 -0.1656
vn 0.2783 -0.7023 -0.6553
vn 0.6926 -0.7213 -0.0000
vn 0.1775 -0.9841 -0.0010
vn -0.6272 -0.7788 -0.0000
vn -0.5418 -0.7407 -0.3973
vn -0.1807 -0.9582 -0.2216
vn -0.2594 -0.9658 -0.0000
vn -0.4779 -0.8635 -0.1614
vn -0.3049 -0.6961 -0.6500
vn -0.0256 -0.9997 -0.0000
vn -0.5732 -0.8194 -0.0014
vn -0.9928 -0.1196 -0.0000
vn -0.9073 -0.1469 -0.3940
vn -0.8025 -0.5562 -0.2159
vn -0.8617 -0.5074 -0.0000
vn -0.9520 -0.2626 -0.1570
vn -0.7143 -0.2732 -0.6444
vn -0.7316 -0.6817 -0.0000
vn -0.9858 -0.1682 -0.0010
vn -0.7917 0.6109 -0.0000
vn -0.7494 0.5348 -0.3903
vn -0.9629 0.1697 -0.2100
vn -0.9696 0.2446 -0.0000
vn -0.8549 0.4950 -0.1551
vn -0.6986 0.3165 -0.6418
vn -0.9991 0.0432 -0.0000
vn -0.8130 0.5822 -0.0001
vn -0.1270 0.9919 -0.0000
vn -0.1522 0.9088 -0.3886
vn -0.5610 0.8014 -0.2076
vn -0.5122 0.8589 -0.0000
vn -0.2531 0.9546 -0.1568
vn -0.2694 0.7161 -0.6439
vn -0.6748 0.7380 -0.0000
vn -0.1623 0.9867 0.0009
vn 0.6193 0.7852 -0.0000
vn 0.5382 0.7473 -0.3897
vn 0.1750 0.9619 -0.2101
vn 0.2521 0.9677 -0.0000
vn 0.4903 0.8566 -0.1611
vn 0.3107 0.6942 -0.6493
vn 0.0393 0.9992 -0.0000
vn 0.5801 0.8146 0.0013
vn 0.9945 0.1043 -0.0000
vn 0.9085 0.1413 -0.3932
vn 0.8069 0.5497 -0.2160
vn 0.8673 0.4978 -0.0000
vn 0.9660 0.2584 0.0001
vn 0.9584 0.1798 -0.2215
vn 0.7596 0.3246 -0.5635
vn 0.6718 0.7407 -0.0000
vn 0.7018 -0.7124 -0.0000
vn 0.4766 -0.2703 -0.8365
vn 0.4471 0.4102 -0.7949
vn 0.8318 0.5551 -0.0000
vn -0.0073 -1.0000 -0.0000
vn 0.1459 -0.5281 -0.8365
vn 0.6062 -0.0259 -0.7949
vn 0.9807 -0.1955 -0.0000
vn -0.7120 -0.7022 -0.0000
vn -0.2703 -0.4767 -0.8365
vn 0.4104 -0.4468 -0.7949
vn 0.5553 -0.8316 -0.0000
vn -1.0000 0.0066 -0.0000
vn -0.5282 -0.1461 -0.8365
vn -0.0258 -0.6062 -0.7949
vn -0.1954 -0.9807 -0.0000
vn -0.7025 0.7117 -0.0000
vn -0.4880 0.2575 -0.8340
vn -0.4470 -0.4103 -0.7949
vn -0.8317 -0.5552 -0.0000
vn 0.0067 1.0000 -0.0000
vn -0.1461 0.5282 -0.8364
vn -0.6200 0.0472 -0.7832
vn -0.9807 0.1957 -0.0000
vn 0.7121 0.7021 -0.0000
vn 0.2703 0.4767 -0.8365
vn -0.4101 0.4473 -0.7948
vn -0.5550 0.8319 -0.0000
vn 1.0000 -0.0074 -0.0000
vn 0.5282 0.1459 -0.8365
vn 0.0262 0.6062 -0.7948
vn 0.1958 0.9806 -0.0000
vn -0.0472 0.0854 0.9952
vn -0.2157 -0.0326 0.9759
vn -0.0662 0.2004 0.9775
vn -0.0082 0.3630 0.9318
vn 0.0070 0.2458 0.9693
vn -0.0000 0.0279 0.9996
vn 0.0279 -0.0000 0.9996
vn 0.0246 0.0932 0.9953
vn 0.0132 0.0132 0.9998
vn -0.0943 0.0290 0.9951
vn -0.0113 0.0113 0.9999
vn -0.0880 -0.0456 0.9951
vn -0.0280 -0.0000 0.9996
vn -0.0282 -0.0944 0.9951
vn -0.0132 -0.0132 0.9998
vn 0.0480 -0.0846 0.9953
vn -0.0000 -0.0279 0.9996
vn 0.0933 -0.0238 0.9954
vn 0.0113 -0.0113 0.9999
vn 0.0823 0.0494 0.9954
vn 0.9163 -0.2394 -0.3211
vn 0.8172 -0.4787 -0.3210
vn 0.9163 0.2394 -0.3211
vn 0.8172 0.4787 -0.3211
vn 0.4787 -0.8172 -0.3211
vn 0.2394 -0.9163 -0.3211
vn -0.2393 -0.9163 -0.3211
vn -0.4787 -0.8172 -0.3210
vn -0.8172 -0.4787 -0.3211
vn -0.9163 -0.2394 -0.3211
vn -0.4787 -0.8172 -0.3211
vn -0.2394 -0.9163 -0.3210
vn -0.9163 0.2394 -0.3211
vn -0.8172 0.4787 -0.3211
vn -0.4787 0.8172 -0.3211
vn -0.2394 0.9163 -0.3211
vn 0.2394 0.9163 -0.3211
vn 0.4787 0.8172 -0.3211
vn -0.0000 -0.0000 -1.0000
vn 0.0260 -0.0150 -0.9995
vn -0.0217 -0.0236 -0.9995
vn 0.0127 -0.0080 -0.9999
vn -0.0218 0.0400 -0.9990
vn 0.0341 -0.0077 -0.9994
vn -0.1638 0.1785 0.9702
vn -0.1287 -0.1722 0.9766
vn -0.1832 0.0958 0.9784
vn -0.2449 0.2457 0.9379
vn 0.1762 0.1686 0.9698
vn -0.1807 0.1305 0.9748
vn 0.0906 0.1887 0.9779
vn 0.2477 0.2647 0.9320
vn 0.2377 -0.0064 0.9713
vn -0.0375 0.2231 0.9741
vn 0.1907 0.0694 0.9792
vn 0.3470 0.0088 0.9378
vn 0.1571 -0.1701 0.9728
vn 0.1311 0.1836 0.9742
vn 0.1772 -0.0835 0.9806
vn 0.2313 -0.2306 0.9452
vn -0.0124 -0.2281 0.9736
vn 0.2191 0.0349 0.9751
vn 0.0618 -0.1817 0.9814
vn -0.0081 -0.3120 0.9500
vn -0.1723 -0.1522 0.9732
vn 0.1749 -0.1293 0.9761
vn -0.0886 -0.1715 0.9812
vn -0.2284 -0.2111 0.9504
vn -0.2351 0.0133 0.9719
vn 0.0307 -0.2126 0.9767
vn -0.1902 -0.0587 0.9800
vn -0.3247 0.0092 0.9458
vn -0.2915 -0.9489 0.1207
vn -0.1921 -0.9624 0.1921
vn -0.1207 -0.9489 0.2915
vn -0.0000 -0.9624 0.2716
vn 0.1207 -0.9489 0.2915
vn 0.1921 -0.9624 0.1921
vn 0.2915 -0.9489 0.1207
vn 0.2716 -0.9624 -0.0000
vn 0.2915 -0.9489 -0.1207
vn 0.1921 -0.9624 -0.1921
vn 0.1207 -0.9489 -0.2915
vn -0.0000 -0.9624 -0.2716
vn -0.1207 -0.9489 -0.2915
vn -0.1921 -0.9624 -0.1921
vn -0.2915 -0.9489 -0.1207
vn -0.2716 -0.9624 -0.0000
vn 0.3264 0.9355 -0.1352
vn 0.2177 0.9514 -0.2177
vn 0.1352 0.9355 -0.3264
vn -0.0000 0.9514 -0.3078
vn -0.1352 0.9355 -0.3264
vn -0.2177 0.9514 -0.2177
vn -0.3264 0.9355 -0.1352
vn -0.3078 0.9514 -0.0000
vn -0.3264 0.9355 0.1352
vn -0.2177 0.9514 0.2177
vn -0.1352 0.9355 0.3264
vn -0.0000 0.9514 0.3078
vn 0.1352 0.9355 0.3264
vn 0.2177 0.9514 0.2177
vn 0.3264 0.9355 0.1352
vn 0.3078 0.9514 -0.0000
vn -0.5838 0.8099 -0.0569
vn -0.8511 0.2561 0.4583
vn -0.3057 0.3553 0.8833
vn 0.3432 0.1602 0.9255
vn 0.7586 0.4494 0.4718
vn 0.3173 0.3822 -0.8679
vn -0.2125 -0.8159 -0.5377
vn 0.3051 -0.4780 -0.8237
vn 0.2229 -0.9679 0.1159
vn -0.4148 -0.9084 0.0529
vn -0.5481 -0.2897 -0.7846
vn -0.8520 -0.4448 0.2760
vn -0.3057 0.3554 0.8833
vn -0.2744 -0.7094 0.6492
vn 0.3596 -0.5487 0.7548
vn 0.7887 -0.5967 0.1482
vn 0.8755 -0.2871 -0.3887
vn 0.3173 0.3821 -0.8679
vn 0.8755 -0.2870 -0.3888
vn -0.5482 -0.2897 -0.7846
vn -0.5837 0.8100 -0.0568
vn 0.7586 0.4494 0.4717
vn -0.4530 0.8099 0.3726
vn -0.2777 0.2561 0.9259
vn 0.4084 0.3553 0.8408
vn 0.8971 0.1602 0.4118
vn 0.8700 0.4494 -0.2027
vn -0.3893 0.3822 -0.8381
vn -0.5305 -0.8159 -0.2300
vn -0.3667 -0.4779 -0.7982
vn 0.2395 -0.9679 -0.0757
vn -0.2559 -0.9084 0.3307
vn -0.9424 -0.2896 -0.1672
vn -0.4073 -0.4448 0.7977
vn 0.4084 0.3554 0.8408
vn 0.2651 -0.7094 0.6531
vn 0.7880 -0.5486 0.2794
vn 0.8971 0.1602 0.4117
vn 0.8700 0.4494 -0.2028
vn 0.6625 -0.5967 -0.4529
vn 0.3442 -0.2871 -0.8939
vn -0.3894 0.3821 -0.8381
vn -0.3893 0.3822 -0.8380
vn 0.3441 -0.2870 -0.8940
vn -0.9424 -0.2897 -0.1672
vn -0.4529 0.8100 0.3725
vn -0.2778 0.2561 0.9259
vn -0.0569 0.8099 0.5838
vn 0.4583 0.2561 0.8511
vn 0.8833 0.3553 0.3058
vn 0.9255 0.1602 -0.3432
vn 0.4718 0.4494 -0.7586
vn -0.8679 0.3822 -0.3173
vn -0.5377 -0.8159 0.2125
vn -0.8237 -0.4780 -0.3051
vn 0.1158 -0.9679 -0.2229
vn 0.0529 -0.9084 0.4148
vn -0.7846 -0.2896 0.5481
vn 0.2760 -0.4448 0.8521
vn 0.8833 0.3554 0.3058
vn 0.6492 -0.7094 0.2744
vn 0.7547 -0.5487 -0.3596
vn 0.4717 0.4495 -0.7586
vn 0.1482 -0.5967 -0.7887
vn -0.3887 -0.2871 -0.8755
vn -0.8679 0.3821 -0.3173
vn -0.3888 -0.2870 -0.8755
vn -0.7846 -0.2897 0.5482
vn -0.0568 0.8099 0.5838
vn 0.4582 0.2561 0.8511
vn 0.3726 0.8099 0.4530
vn 0.9259 0.2561 0.2778
vn 0.8408 0.3553 -0.4083
vn 0.4118 0.1602 -0.8971
vn -0.2028 0.4494 -0.8700
vn -0.8381 0.3822 0.3893
vn -0.2299 -0.8159 0.5305
vn -0.7982 -0.4780 0.3667
vn -0.0757 -0.9679 -0.2395
vn 0.3307 -0.9084 0.2559
vn -0.1672 -0.2896 0.9424
vn 0.7977 -0.4448 0.4073
vn 0.8408 0.3554 -0.4083
vn 0.6531 -0.7094 -0.2650
vn 0.2794 -0.5487 -0.7880
vn 0.4117 0.1602 -0.8971
vn -0.4529 -0.5967 -0.6625
vn -0.8939 -0.2871 -0.3442
vn -0.8381 0.3821 0.3894
vn -0.8380 0.3822 0.3894
vn -0.8940 -0.2870 -0.3441
vn -0.1672 -0.2897 0.9424
vn 0.3725 0.8100 0.4529
vn 0.9259 0.2562 0.2778
vn 0.5838 0.8099 0.0569
vn 0.8511 0.2561 -0.4583
vn 0.3057 0.3553 -0.8833
vn -0.3432 0.1602 -0.9255
vn -0.7586 0.4494 -0.4718
vn -0.3173 0.3822 0.8679
vn 0.2125 -0.8159 0.5377
vn -0.3051 -0.4780 0.8237
vn -0.2229 -0.9679 -0.1158
vn 0.4148 -0.9084 -0.0529
vn 0.5482 -0.2896 0.7846
vn 0.8520 -0.4448 -0.2760
vn 0.2744 -0.7094 -0.6492
vn -0.3596 -0.5487 -0.7547
vn -0.3433 0.1602 -0.9255
vn -0.7887 -0.5967 -0.1482
vn -0.8755 -0.2871 0.3887
vn -0.3173 0.3821 0.8679
vn -0.8755 -0.2870 0.3888
vn 0.5482 -0.2897 0.7846
vn 0.5838 0.8099 0.0568
vn -0.7586 0.4494 -0.4717
vn 0.4530 0.8099 -0.3726
vn 0.2778 0.2561 -0.9259
vn -0.4084 0.3553 -0.8408
vn -0.8971 0.1602 -0.4118
vn -0.8700 0.4494 0.2028
vn 0.3893 0.3822 0.8381
vn 0.5305 -0.8159 0.2300
vn 0.3667 -0.4780 0.7982
vn -0.2395 -0.9679 0.0757
vn 0.2559 -0.9084 -0.3307
vn 0.9424 -0.2896 0.1672
vn 0.4073 -0.4448 -0.7977
vn -0.4084 0.3554 -0.8408
vn -0.2651 -0.7094 -0.6531
vn -0.7880 -0.5486 -0.2794
vn -0.8971 0.1602 -0.4117
vn -0.6625 -0.5966 0.4529
vn -0.3442 -0.2871 0.8939
vn 0.3894 0.3821 0.8381
vn 0.3894 0.3822 0.8380
vn -0.3441 -0.2870 0.8940
vn 0.9424 -0.2897 0.1672
vn 0.4529 0.8100 -0.3725
vn 0.2778 0.2562 -0.9259
vn -0.8700 0.4494 0.2029
vn 0.0569 0.8099 -0.5838
vn -0.4583 0.2561 -0.8511
vn -0.8833 0.3553 -0.3058
vn -0.9255 0.1602 0.3432
vn -0.4718 0.4494 0.7586
vn 0.8679 0.3822 0.3173
vn 0.5377 -0.8159 -0.2125
vn 0.8237 -0.4780 0.3051
vn -0.1158 -0.9679 0.2229
vn -0.0529 -0.9084 -0.4148
vn 0.7846 -0.2896 -0.5481
vn -0.2760 -0.4448 -0.8521
vn -0.8833 0.3554 -0.3058
vn -0.6492 -0.7094 -0.2744
vn -0.7547 -0.5487 0.3596
vn -0.4717 0.4495 0.7586
vn -0.1482 -0.5966 0.7887
vn 0.3887 -0.2871 0.8755
vn 0.8679 0.3821 0.3173
vn 0.3888 -0.2870 0.8755
vn 0.7846 -0.2897 -0.5482
vn 0.0568 0.8099 -0.5838
vn -0.4582 0.2561 -0.8511
vn -0.4717 0.4494 0.7586
vn -0.3726 0.8099 -0.4530
vn -0.9259 0.2561 -0.2778
vn -0.8408 0.3553 0.4084
vn -0.4118 0.1602 0.8971
vn 0.2028 0.4494 0.8700
vn 0.8381 0.3822 -0.3893
vn 0.2300 -0.8159 -0.5305
vn 0.7982 -0.4780 -0.3667
vn 0.0757 -0.9679 0.2395
vn -0.3307 -0.9084 -0.2559
vn 0.1672 -0.2896 -0.9424
vn -0.7977 -0.4448 -0.4073
vn -0.8408 0.3554 0.4083
vn -0.6531 -0.7094 0.2651
vn -0.2794 -0.5487 0.7880
vn -0.4117 0.1602 0.8971
vn 0.4529 -0.5967 0.6625
vn 0.8939 -0.2871 0.3442
vn 0.8381 0.3821 -0.3894
vn 0.8380 0.3822 -0.3894
vn 0.8940 -0.2871 0.3441
vn 0.1672 -0.2897 -0.9424
vn -0.9258 0.2561 -0.2779
vn 0.8738 0.2239 -0.4317
vn 0.9725 0.2239 -0.0645
vn 0.6421 0.2239 -0.7332
vn 0.3126 0.2239 -0.9231
vn -0.0645 0.2239 -0.9725
vn -0.3208 -0.0000 -0.9472
vn -0.4317 0.2239 -0.8738
vn -0.7332 0.2239 -0.6421
vn -0.9231 0.2239 -0.3126
vn -0.9725 0.2239 0.0645
vn -0.8738 0.2239 0.4317
vn -0.6421 0.2239 0.7332
vn -0.3126 0.2239 0.9231
vn 0.0645 0.2239 0.9725
vn 0.3208 -0.0000 0.9472
vn 0.4317 0.2239 0.8738
vn 0.7332 0.2239 0.6420
vn 0.9231 0.2239 0.3126
vn -0.0001 1.0000 -0.0000
vn 0.0001 1.0000 -0.0000
vn 0.8843 0.2856 -0.3695
vn 0.9583 0.2856 -0.0030
vn 0.6755 0.2856 -0.6798
vn 0.3640 0.2856 -0.8866
vn -0.0030 0.2856 -0.9583
vn -0.3695 0.2856 -0.8842
vn -0.6798 0.2856 -0.6755
vn -0.8865 0.2856 -0.3640
vn -0.9583 0.2856 0.0030
vn -0.8842 0.2856 0.3695
vn -0.6755 0.2856 0.6797
vn -0.3640 0.2856 0.8865
vn 0.0030 0.2856 0.9583
vn 0.3695 0.2856 0.8842
vn 0.6798 0.2856 0.6755
vn 0.8865 0.2856 0.3640
vn 0.9396 0.1263 -0.3182
vn 0.9898 0.1263 0.0656
vn 0.7463 0.1264 -0.6535
vn 0.4394 0.1263 -0.8894
vn 0.0657 0.1263 -0.9898
vn -0.3182 0.1264 -0.9396
vn 0.0656 0.1264 -0.9898
vn -0.6535 0.1264 -0.7463
vn -0.8894 0.1263 -0.4394
vn -0.9898 0.1263 -0.0656
vn -0.9396 0.1263 0.3182
vn -0.7463 0.1264 0.6535
vn -0.4394 0.1264 0.8894
vn -0.0656 0.1264 0.9898
vn 0.3182 0.1263 0.9396
vn 0.6535 0.1263 0.7463
vn 0.8894 0.1263 0.4394
vn 0.8584 -0.5097 -0.0569
vn 0.7713 -0.5097 -0.3811
vn 0.5668 -0.5097 -0.6472
vn 0.2760 -0.5097 -0.8149
vn -0.0569 -0.5097 -0.8584
vn -0.3811 -0.5097 -0.7713
vn -0.6472 -0.5097 -0.5668
vn -0.8149 -0.5097 -0.2760
vn -0.8585 -0.5097 0.0569
vn -0.7713 -0.5097 0.3811
vn -0.5668 -0.5097 0.6472
vn -0.2760 -0.5097 0.8149
vn 0.0569 -0.5097 0.8584
vn 0.3811 -0.5097 0.7713
vn 0.6472 -0.5097 0.5668
vn 0.8149 -0.5097 0.2760
vn 0.1136 -0.9885 0.0995
vn 0.1001 -0.9741 0.2026
vn 0.0075 -0.9936 0.1129
vn -0.0725 -0.9741 0.2141
vn -0.0995 -0.9885 0.1136
vn -0.2026 -0.9741 0.1001
vn -0.1004 -0.9949 0.0067
vn -0.2140 -0.9741 -0.0725
vn -0.1136 -0.9885 -0.0995
vn -0.1001 -0.9741 -0.2026
vn -0.0075 -0.9936 -0.1129
vn 0.0725 -0.9741 -0.2140
vn 0.0995 -0.9885 -0.1136
vn 0.2026 -0.9741 -0.1001
vn 0.1004 -0.9949 -0.0067
vn 0.2140 -0.9741 0.0725
vn 0.3940 -0.9187 0.0261
vn 0.3740 -0.9187 -0.1267
vn 0.3540 -0.9187 0.1749
vn 0.2602 -0.9187 0.2971
vn 0.1267 -0.9187 0.3740
vn -0.0261 -0.9187 0.3940
vn -0.1749 -0.9187 0.3540
vn -0.2971 -0.9187 0.2602
vn -0.3740 -0.9187 0.1267
vn -0.3940 -0.9187 -0.0261
vn -0.3540 -0.9187 -0.1749
vn -0.2602 -0.9187 -0.2971
vn -0.1267 -0.9187 -0.3740
vn 0.0261 -0.9187 -0.3940
vn 0.1749 -0.9187 -0.3540
vn 0.2971 -0.9187 -0.2602
vn -0.2755 -0.9613 -0.0000
vn -0.0000 -0.0000 1.0000
vn 0.2399 -0.9708 -0.0000
vn -0.2407 0.9706 -0.0000
vn 0.9395 0.3424 -0.0000
vn -0.0219 -0.0039 -0.9998
vn -0.0228 -0.0000 -0.9997
vn -0.0220 -0.0039 -0.9998
vn -0.0211 -0.0077 -0.9997
vn 0.0220 0.0038 0.9998
vn 0.0209 0.0076 0.9998
vn 0.0230 -0.0000 0.9997
vn -0.1948 -0.9613 0.1948
vn 0.1696 -0.9708 -0.1696
vn -0.1702 0.9706 0.1702
vn 0.6644 0.3424 -0.6644
vn -0.7225 -0.0039 -0.6914
vn -0.7230 -0.0000 -0.6908
vn -0.7219 -0.0077 -0.6920
vn 0.7225 0.0038 0.6914
vn 0.7217 0.0076 0.6922
vn 0.7232 -0.0000 0.6906
vn -0.0000 -0.9613 0.2755
vn -0.0000 -0.9708 -0.2399
vn -0.0000 0.9706 0.2407
vn -0.0000 0.3424 -0.9395
vn -0.9998 -0.0038 0.0220
vn -0.9997 -0.0000 0.0228
vn -0.9998 -0.0039 0.0220
vn -0.9997 -0.0077 0.0211
vn 0.9998 0.0038 -0.0220
vn 0.9998 0.0076 -0.0209
vn 0.9997 -0.0000 -0.0230
vn 0.1948 -0.9613 0.1948
vn -0.1696 -0.9708 -0.1696
vn 0.1702 0.9706 0.1702
vn -0.6644 0.3424 -0.6644
vn -0.6914 -0.0039 0.7225
vn -0.6908 -0.0000 0.7230
vn -0.6914 -0.0038 0.7225
vn -0.6920 -0.0077 0.7219
vn 0.6914 0.0038 -0.7225
vn 0.6922 0.0076 -0.7217
vn 0.6906 -0.0000 -0.7232
vn 0.2755 -0.9613 -0.0000
vn -0.2399 -0.9708 -0.0000
vn 0.2407 0.9706 -0.0000
vt 0.236008 0.975196
vt 0.206726 0.975196
vt 0.206726 0.997935
vt 0.236008 0.997935
vt 0.177445 0.975196
vt 0.177445 0.997935
vt 0.148164 0.975196
vt 0.148164 0.997935
vt 0.118882 0.975196
vt 0.118882 0.997935
vt 0.089601 0.975196
vt 0.089601 0.997935
vt 0.060321 0.975196
vt 0.060321 0.997935
vt 0.031040 0.975196
vt 0.031040 0.997935
vt 0.001758 0.975196
vt 0.001758 0.997935
vt 0.938834 0.975196
vt 0.909547 0.975196
vt 0.909547 0.997935
vt 0.938834 0.997935
vt 0.880261 0.975196
vt 0.880261 0.997935
vt 0.850975 0.975196
vt 0.850975 0.997935
vt 0.821688 0.975196
vt 0.821688 0.997935
vt 0.792402 0.975196
vt 0.792402 0.997935
vt 0.763116 0.975196
vt 0.763116 0.997935
vt 0.733831 0.975196
vt 0.733831 0.997935
vt 0.704545 0.975196
vt 0.704545 0.997935
vt 0.675260 0.975196
vt 0.675260 0.997935
vt 0.645974 0.975196
vt 0.645974 0.997935
vt 0.616689 0.975196
vt 0.616689 0.997935
vt 0.587404 0.975196
vt 0.587404 0.997935
vt 0.558119 0.975196
vt 0.558119 0.997935
vt 0.528835 0.975196
vt 0.528835 0.997935
vt 0.499551 0.975196
vt 0.499551 0.997935
vt 0.470267 0.975196
vt 0.470267 0.997935
vt 0.440984 0.975196
vt 0.440984 0.997935
vt 0.411701 0.975196
vt 0.411701 0.997935
vt 0.382418 0.975196
vt 0.382418 0.997935
vt 0.353135 0.975196
vt 0.353135 0.997935
vt 0.323853 0.975196
vt 0.323853 0.997935
vt 0.294571 0.975196
vt 0.294571 0.997935
vt 0.265289 0.975196
vt 0.265289 0.997935
vt 0.313558 0.901352
vt 0.324031 0.920946
vt 0.338125 0.938120
vt 0.355299 0.952214
vt 0.374893 0.962687
vt 0.396153 0.969137
vt 0.418264 0.971314
vt 0.440374 0.969137
vt 0.461634 0.962687
vt 0.481228 0.952214
vt 0.498402 0.938120
vt 0.512497 0.920946
vt 0.522969 0.901352
vt 0.529419 0.880092
vt 0.531596 0.857981
vt 0.529419 0.835871
vt 0.522969 0.814610
vt 0.512497 0.795017
vt 0.498402 0.777843
vt 0.481228 0.763748
vt 0.461634 0.753275
vt 0.440374 0.746826
vt 0.418264 0.744648
vt 0.396153 0.746826
vt 0.374893 0.753275
vt 0.355299 0.763749
vt 0.338125 0.777843
vt 0.324031 0.795017
vt 0.313558 0.814611
vt 0.307108 0.835871
vt 0.304931 0.857981
vt 0.307108 0.880091
vt 0.001989 0.817733
vt 0.004853 0.847067
vt 0.010581 0.845892
vt 0.007840 0.817733
vt 0.013353 0.875343
vt 0.018722 0.873054
vt 0.027216 0.901518
vt 0.032009 0.898224
vt 0.045973 0.924593
vt 0.050009 0.920439
vt 0.068969 0.943650
vt 0.072105 0.938812
vt 0.095356 0.957894
vt 0.097493 0.952565
vt 0.124121 0.966706
vt 0.125200 0.961083
vt 0.154115 0.969689
vt 0.154114 0.963970
vt 0.184107 0.966705
vt 0.183028 0.961083
vt 0.212871 0.957893
vt 0.210734 0.952564
vt 0.239258 0.943648
vt 0.236122 0.938811
vt 0.262252 0.924592
vt 0.258216 0.920438
vt 0.281008 0.901516
vt 0.276215 0.898222
vt 0.294868 0.875340
vt 0.289500 0.873052
vt 0.303367 0.847064
vt 0.297640 0.845889
vt 0.306231 0.817730
vt 0.300380 0.817730
vt 0.303367 0.788396
vt 0.297639 0.789571
vt 0.294867 0.760121
vt 0.289499 0.762409
vt 0.281006 0.733946
vt 0.276213 0.737240
vt 0.262250 0.710871
vt 0.258214 0.715025
vt 0.239254 0.691815
vt 0.236118 0.696652
vt 0.212867 0.677572
vt 0.210730 0.682900
vt 0.184102 0.668760
vt 0.183023 0.674382
vt 0.154109 0.665777
vt 0.154109 0.671496
vt 0.124117 0.668761
vt 0.125196 0.674383
vt 0.095352 0.677573
vt 0.097489 0.682902
vt 0.068965 0.691817
vt 0.072101 0.696654
vt 0.045971 0.710874
vt 0.050006 0.715028
vt 0.027213 0.733949
vt 0.032006 0.737243
vt 0.013352 0.760124
vt 0.018720 0.762412
vt 0.004852 0.788400
vt 0.010580 0.789575
vt 0.091028 0.830454
vt 0.089765 0.817733
vt 0.094793 0.842687
vt 0.100866 0.853889
vt 0.108969 0.863624
vt 0.118750 0.871540
vt 0.129808 0.877369
vt 0.141724 0.880934
vt 0.154114 0.882147
vt 0.166504 0.880934
vt 0.178419 0.877368
vt 0.189477 0.871538
vt 0.199257 0.863622
vt 0.207358 0.853887
vt 0.213430 0.842685
vt 0.217194 0.830452
vt 0.218457 0.817730
vt 0.217194 0.805009
vt 0.213429 0.792776
vt 0.207356 0.781575
vt 0.199254 0.771840
vt 0.189474 0.763925
vt 0.178415 0.758095
vt 0.166500 0.754530
vt 0.154110 0.753318
vt 0.141720 0.754531
vt 0.129805 0.758096
vt 0.118746 0.763927
vt 0.108966 0.771842
vt 0.100864 0.781578
vt 0.094791 0.792779
vt 0.091027 0.805012
vt 0.124045 0.817733
vt 0.124690 0.823994
vt 0.154112 0.817732
vt 0.126624 0.829980
vt 0.129679 0.835337
vt 0.133641 0.839850
vt 0.138268 0.843390
vt 0.143330 0.845905
vt 0.148638 0.847397
vt 0.154114 0.847909
vt 0.159589 0.847396
vt 0.164897 0.845904
vt 0.169959 0.843389
vt 0.174585 0.839849
vt 0.178546 0.835335
vt 0.181600 0.829978
vt 0.183533 0.823992
vt 0.184177 0.817730
vt 0.183532 0.811468
vt 0.181598 0.805483
vt 0.178544 0.800126
vt 0.174583 0.795614
vt 0.169956 0.792074
vt 0.164893 0.789559
vt 0.159586 0.788067
vt 0.154110 0.787555
vt 0.148634 0.788068
vt 0.143327 0.789561
vt 0.138265 0.792076
vt 0.133638 0.795616
vt 0.129677 0.800129
vt 0.126622 0.805486
vt 0.124689 0.811472
vt 0.298918 0.761581
vt 0.300443 0.760949
vt 0.298864 0.753014
vt 0.297213 0.753014
vt 0.303771 0.768843
vt 0.304938 0.767675
vt 0.311035 0.773694
vt 0.311667 0.772170
vt 0.319603 0.775398
vt 0.319603 0.773748
vt 0.328171 0.773694
vt 0.327539 0.772169
vt 0.335434 0.768842
vt 0.334268 0.767675
vt 0.340288 0.761580
vt 0.338764 0.760949
vt 0.341993 0.753014
vt 0.340343 0.753014
vt 0.340289 0.744447
vt 0.338764 0.745078
vt 0.335435 0.737184
vt 0.334268 0.738352
vt 0.328171 0.732332
vt 0.327540 0.733857
vt 0.319604 0.730629
vt 0.319604 0.732279
vt 0.311036 0.732333
vt 0.311667 0.733857
vt 0.303772 0.737185
vt 0.304939 0.738352
vt 0.298918 0.744447
vt 0.300443 0.745079
vt 0.306040 0.758631
vt 0.304922 0.753014
vt 0.309222 0.763392
vt 0.313985 0.766573
vt 0.319603 0.767690
vt 0.325221 0.766573
vt 0.329984 0.763391
vt 0.333166 0.758630
vt 0.334284 0.753014
vt 0.333167 0.747397
vt 0.329984 0.742635
vt 0.325222 0.739454
vt 0.319604 0.738337
vt 0.313985 0.739454
vt 0.309222 0.742635
vt 0.306040 0.747397
vt 0.028048 0.516960
vt 0.022256 0.516960
vt 0.022256 0.662583
vt 0.028048 0.662583
vt 0.016465 0.516960
vt 0.016465 0.662583
vt 0.010675 0.516960
vt 0.010675 0.662583
vt 0.004885 0.516960
vt 0.004885 0.662583
vt 0.097554 0.516960
vt 0.091764 0.516960
vt 0.091764 0.662583
vt 0.097554 0.662583
vt 0.085973 0.516960
vt 0.085973 0.662583
vt 0.080182 0.516960
vt 0.080182 0.662583
vt 0.074390 0.516960
vt 0.074390 0.662583
vt 0.068599 0.516960
vt 0.068599 0.662583
vt 0.062806 0.516960
vt 0.062806 0.662583
vt 0.057013 0.516960
vt 0.057013 0.662583
vt 0.051219 0.516960
vt 0.051219 0.662583
vt 0.045426 0.516960
vt 0.045426 0.662583
vt 0.039633 0.516960
vt 0.039633 0.662583
vt 0.033840 0.516960
vt 0.033840 0.662583
vt 0.082746 0.664436
vt 0.076515 0.664436
vt 0.076515 0.670293
vt 0.082746 0.670293
vt 0.088949 0.670293
vt 0.088949 0.664436
vt 0.095119 0.670293
vt 0.095119 0.664436
vt 0.101232 0.670293
vt 0.101232 0.664436
vt 0.007696 0.670293
vt 0.007696 0.664436
vt 0.001576 0.664436
vt 0.001576 0.670293
vt 0.013872 0.670293
vt 0.013872 0.664436
vt 0.020080 0.670293
vt 0.020080 0.664436
vt 0.026315 0.670293
vt 0.026315 0.664436
vt 0.032572 0.670293
vt 0.032572 0.664436
vt 0.038845 0.670293
vt 0.038845 0.664436
vt 0.045129 0.670293
vt 0.045129 0.664436
vt 0.051419 0.670293
vt 0.051419 0.664436
vt 0.057708 0.670293
vt 0.057708 0.664436
vt 0.063991 0.670293
vt 0.063991 0.664436
vt 0.070261 0.670293
vt 0.070261 0.664436
vt 0.026359 0.692243
vt 0.011482 0.686080
vt 0.010256 0.692243
vt 0.014972 0.680857
vt 0.020196 0.677365
vt 0.026359 0.676140
vt 0.032521 0.677365
vt 0.037745 0.680857
vt 0.041236 0.686080
vt 0.042461 0.692243
vt 0.041236 0.698405
vt 0.037745 0.703629
vt 0.032521 0.707120
vt 0.026359 0.708346
vt 0.020196 0.707120
vt 0.014972 0.703629
vt 0.011482 0.698405
vt 0.076515 0.671236
vt 0.082746 0.671236
vt 0.088949 0.671236
vt 0.095119 0.671236
vt 0.101232 0.671236
vt 0.001576 0.671236
vt 0.007696 0.671236
vt 0.013872 0.671236
vt 0.020080 0.671236
vt 0.026315 0.671236
vt 0.032572 0.671236
vt 0.038845 0.671236
vt 0.045129 0.671236
vt 0.051419 0.671236
vt 0.057708 0.671236
vt 0.063991 0.671236
vt 0.070261 0.671236
vt 0.991876 0.998571
vt 0.991876 0.001500
vt 0.985234 0.001500
vt 0.985234 0.998571
vt 0.998519 0.998571
vt 0.998519 0.001500
vt 0.952020 0.998572
vt 0.952020 0.001501
vt 0.945377 0.001501
vt 0.945378 0.998572
vt 0.958663 0.998572
vt 0.958663 0.001501
vt 0.965305 0.998572
vt 0.965305 0.001501
vt 0.971948 0.998571
vt 0.971948 0.001500
vt 0.978591 0.998571
vt 0.978591 0.001500
vt 0.857320 0.970728
vt 0.862368 0.970728
vt 0.862368 0.717172
vt 0.857320 0.717172
vt 0.876990 0.970728
vt 0.876990 0.717172
vt 0.871937 0.717172
vt 0.871937 0.970728
vt 0.612503 0.406181
vt 0.612503 0.970728
vt 0.620906 0.970728
vt 0.620906 0.406181
vt 0.634358 0.970728
vt 0.634358 0.406181
vt 0.625955 0.406181
vt 0.625955 0.970728
vt 0.799305 0.717171
vt 0.799305 0.970728
vt 0.808874 0.970728
vt 0.808874 0.717171
vt 0.821558 0.970728
vt 0.821558 0.717171
vt 0.813927 0.717171
vt 0.813927 0.970728
vt 0.813927 0.707929
vt 0.808874 0.707929
vt 0.794257 0.970728
vt 0.794257 0.717171
vt 0.705905 0.406181
vt 0.705905 0.970728
vt 0.714307 0.970728
vt 0.714307 0.406181
vt 0.727759 0.970728
vt 0.727759 0.406181
vt 0.719357 0.406181
vt 0.719357 0.970728
vt 0.893899 0.717172
vt 0.893899 0.970728
vt 0.903468 0.970728
vt 0.903468 0.717172
vt 0.916153 0.970728
vt 0.916153 0.717172
vt 0.908521 0.717172
vt 0.908521 0.970728
vt 0.908521 0.707930
vt 0.903468 0.707930
vt 0.263052 0.277548
vt 0.261910 0.282442
vt 0.268876 0.282534
vt 0.269433 0.280146
vt 0.265975 0.272911
vt 0.270859 0.277885
vt 0.270482 0.270654
vt 0.273057 0.276784
vt 0.275608 0.269253
vt 0.275558 0.276100
vt 0.280827 0.270460
vt 0.278104 0.276689
vt 0.285001 0.273151
vt 0.280140 0.278002
vt 0.281469 0.280323
vt 0.287727 0.277909
vt 0.282166 0.282701
vt 0.289155 0.282784
vt 0.281487 0.285217
vt 0.287763 0.287942
vt 0.280230 0.287195
vt 0.285186 0.291997
vt 0.277918 0.288734
vt 0.280446 0.295151
vt 0.275571 0.289122
vt 0.275636 0.295947
vt 0.270406 0.294590
vt 0.273020 0.288460
vt 0.266030 0.291828
vt 0.270886 0.287112
vt 0.263103 0.287760
vt 0.269458 0.285128
vt 0.275510 0.282622
vt 0.226892 0.262820
vt 0.222437 0.281922
vt 0.238299 0.244727
vt 0.255888 0.235918
vt 0.275893 0.230450
vt 0.296260 0.235161
vt 0.312549 0.245663
vt 0.323186 0.264231
vt 0.328758 0.283255
vt 0.323325 0.303383
vt 0.313269 0.319210
vt 0.294774 0.331518
vt 0.276002 0.334624
vt 0.255591 0.329326
vt 0.238516 0.318548
vt 0.227093 0.302675
vt 0.226253 0.262498
vt 0.221727 0.281915
vt 0.237812 0.244102
vt 0.255633 0.235147
vt 0.275903 0.229585
vt 0.296542 0.234373
vt 0.313046 0.245047
vt 0.323825 0.263929
vt 0.329469 0.283270
vt 0.323965 0.303734
vt 0.313771 0.319820
vt 0.295037 0.332342
vt 0.276013 0.335488
vt 0.255332 0.330112
vt 0.238032 0.319146
vt 0.226441 0.303007
vt 0.460965 0.671756
vt 0.456675 0.678390
vt 0.458423 0.679085
vt 0.462314 0.673073
vt 0.467457 0.667271
vt 0.468205 0.669009
vt 0.475196 0.665666
vt 0.475230 0.667572
vt 0.482988 0.666969
vt 0.482302 0.668721
vt 0.489612 0.671240
vt 0.488305 0.672598
vt 0.494104 0.677730
vt 0.492374 0.678485
vt 0.495847 0.685415
vt 0.493979 0.685448
vt 0.494367 0.693159
vt 0.492619 0.692464
vt 0.490076 0.699793
vt 0.488727 0.698476
vt 0.483584 0.704278
vt 0.482836 0.702540
vt 0.475845 0.705883
vt 0.475810 0.703977
vt 0.468053 0.704581
vt 0.468739 0.702828
vt 0.461428 0.700310
vt 0.462736 0.698952
vt 0.456937 0.693820
vt 0.458667 0.693064
vt 0.455195 0.686134
vt 0.457063 0.686101
vt 0.388584 0.688359
vt 0.388584 0.656189
vt 0.380734 0.656189
vt 0.380734 0.688360
vt 0.396434 0.688359
vt 0.396433 0.656189
vt 0.404283 0.688359
vt 0.404283 0.656188
vt 0.286544 0.688360
vt 0.286544 0.656190
vt 0.278695 0.656190
vt 0.278694 0.688360
vt 0.294393 0.688360
vt 0.294393 0.656190
vt 0.302243 0.688361
vt 0.302243 0.656190
vt 0.310092 0.688361
vt 0.310092 0.656190
vt 0.317941 0.688361
vt 0.317941 0.656191
vt 0.499673 0.624588
vt 0.474403 0.620017
vt 0.474678 0.636175
vt 0.493748 0.639630
vt 0.449334 0.625481
vt 0.455779 0.640339
vt 0.428236 0.640064
vt 0.439860 0.651311
vt 0.414306 0.661627
vt 0.429330 0.667567
vt 0.409731 0.686888
vt 0.425910 0.686619
vt 0.830836 0.450145
vt 0.830836 0.703701
vt 0.840405 0.703701
vt 0.840405 0.450145
vt 0.853090 0.703701
vt 0.853090 0.450145
vt 0.845458 0.450145
vt 0.845458 0.703701
vt 0.845458 0.440903
vt 0.840405 0.440903
vt 0.825788 0.703701
vt 0.825788 0.450145
vt 0.737039 0.406180
vt 0.737039 0.970728
vt 0.745441 0.970728
vt 0.745441 0.406180
vt 0.758893 0.970728
vt 0.758893 0.406180
vt 0.750491 0.406180
vt 0.750491 0.970728
vt 0.884621 0.970728
vt 0.884621 0.717172
vt 0.876990 0.707930
vt 0.871937 0.707930
vt 0.325790 0.688361
vt 0.325790 0.656191
vt 0.333640 0.688361
vt 0.333639 0.656191
vt 0.341489 0.688361
vt 0.341488 0.656191
vt 0.349338 0.688361
vt 0.349337 0.656190
vt 0.357186 0.688361
vt 0.357186 0.656190
vt 0.365036 0.688360
vt 0.365036 0.656190
vt 0.372885 0.688360
vt 0.372885 0.656189
vt 0.450545 0.661588
vt 0.443154 0.672941
vt 0.461766 0.653893
vt 0.475021 0.651034
vt 0.488338 0.653429
vt 0.499746 0.660787
vt 0.507466 0.671951
vt 0.510346 0.685251
vt 0.507888 0.698608
vt 0.500497 0.709961
vt 0.489276 0.717656
vt 0.476020 0.720515
vt 0.462703 0.718120
vt 0.451295 0.710762
vt 0.443576 0.699598
vt 0.440696 0.686298
vt 0.510029 0.650115
vt 0.521049 0.666026
vt 0.525133 0.684930
vt 0.521712 0.703982
vt 0.511182 0.720238
vt 0.495263 0.731209
vt 0.476363 0.735374
vt 0.457293 0.731919
vt 0.441012 0.721435
vt 0.429992 0.705523
vt 0.386148 0.602392
vt 0.382338 0.583241
vt 0.382338 0.621542
vt 0.355256 0.556158
vt 0.289872 0.583241
vt 0.316954 0.648625
vt 0.355256 0.648625
vt 0.371490 0.637777
vt 0.336105 0.652434
vt 0.289872 0.621542
vt 0.300720 0.637777
vt 0.286062 0.602392
vt 0.316954 0.556158
vt 0.300720 0.567006
vt 0.336105 0.552349
vt 0.371490 0.567006
vt 0.395528 0.626409
vt 0.399889 0.632935
vt 0.393996 0.618710
vt 0.414113 0.638827
vt 0.434230 0.618710
vt 0.414113 0.598593
vt 0.399889 0.604486
vt 0.395528 0.611012
vt 0.406415 0.600125
vt 0.428338 0.604486
vt 0.421811 0.600125
vt 0.432698 0.611012
vt 0.428338 0.632935
vt 0.432698 0.626409
vt 0.421811 0.637296
vt 0.406415 0.637296
vt 0.415159 0.711969
vt 0.429779 0.733066
vt 0.451369 0.746962
vt 0.476639 0.751531
vt 0.501708 0.746068
vt 0.522805 0.731485
vt 0.536736 0.709922
vt 0.541311 0.684661
vt 0.535883 0.659581
vt 0.521263 0.638483
vt 0.102306 0.618885
vt 0.118860 0.615401
vt 0.112533 0.608739
vt 0.102065 0.609471
vt 0.123337 0.635207
vt 0.123137 0.625895
vt 0.108833 0.634930
vt 0.115344 0.641965
vt 0.126641 0.652942
vt 0.135842 0.638745
vt 0.126543 0.638450
vt 0.119692 0.646366
vt 0.152888 0.649552
vt 0.146295 0.643138
vt 0.142591 0.659644
vt 0.152014 0.660006
vt 0.167858 0.659776
vt 0.164364 0.643227
vt 0.157456 0.649574
vt 0.158191 0.660006
vt 0.183960 0.638833
vt 0.174850 0.638949
vt 0.183941 0.653205
vt 0.190766 0.646851
vt 0.201821 0.635468
vt 0.187665 0.626231
vt 0.187218 0.635601
vt 0.195129 0.642458
vt 0.198364 0.609246
vt 0.192052 0.615800
vt 0.208564 0.619395
vt 0.208860 0.610088
vt 0.208665 0.594319
vt 0.192125 0.597759
vt 0.198384 0.604635
vt 0.208852 0.603891
vt 0.187597 0.578124
vt 0.187857 0.587291
vt 0.202062 0.578149
vt 0.195609 0.571305
vt 0.184471 0.560362
vt 0.175174 0.574466
vt 0.184348 0.574839
vt 0.191254 0.566904
vt 0.157961 0.563753
vt 0.164761 0.570078
vt 0.168360 0.553572
vt 0.158804 0.553290
vt 0.143290 0.553419
vt 0.146723 0.569963
vt 0.153349 0.563723
vt 0.152605 0.553218
vt 0.126879 0.574576
vt 0.136246 0.574230
vt 0.127158 0.559979
vt 0.120108 0.566588
vt 0.109243 0.577636
vt 0.123387 0.586900
vt 0.123610 0.577799
vt 0.115669 0.570898
vt 0.102142 0.603292
vt 0.112564 0.604169
vt 0.118994 0.597334
vt 0.102494 0.593624
vt 0.103952 0.624964
vt 0.121785 0.618599
vt 0.121946 0.594179
vt 0.104211 0.587554
vt 0.132102 0.656065
vt 0.140170 0.638935
vt 0.122996 0.621569
vt 0.105770 0.629429
vt 0.173955 0.658126
vt 0.167552 0.640308
vt 0.143130 0.640179
vt 0.136540 0.657929
vt 0.204987 0.629982
vt 0.187861 0.621916
vt 0.170518 0.639099
vt 0.178436 0.656295
vt 0.207036 0.588185
vt 0.189217 0.594566
vt 0.189101 0.618971
vt 0.206869 0.625498
vt 0.178982 0.557166
vt 0.170858 0.574261
vt 0.188014 0.591613
vt 0.205193 0.583669
vt 0.137175 0.555044
vt 0.143519 0.572877
vt 0.167922 0.573023
vt 0.174482 0.555270
vt 0.106090 0.583100
vt 0.123187 0.591229
vt 0.140562 0.574081
vt 0.132674 0.556874
vt 0.238487 0.613788
vt 0.240901 0.617462
vt 0.246906 0.620990
vt 0.251111 0.620997
vt 0.257348 0.617461
vt 0.259766 0.613786
vt 0.219287 0.594590
vt 0.220503 0.597526
vt 0.235551 0.612572
vt 0.262702 0.612570
vt 0.277747 0.597522
vt 0.278963 0.594586
vt 0.278962 0.573307
vt 0.277745 0.570372
vt 0.262698 0.555326
vt 0.259762 0.554110
vt 0.238483 0.554111
vt 0.235547 0.555328
vt 0.220501 0.570375
vt 0.219285 0.573311
vt 0.359105 0.721382
vt 0.359105 0.693305
vt 0.346374 0.693305
vt 0.346374 0.721382
vt 0.371837 0.721382
vt 0.371837 0.693305
vt 0.384569 0.721382
vt 0.384569 0.693305
vt 0.295447 0.721382
vt 0.295447 0.693305
vt 0.282715 0.693305
vt 0.282715 0.721382
vt 0.308178 0.721382
vt 0.308178 0.693305
vt 0.320910 0.721382
vt 0.320910 0.693305
vt 0.333642 0.721382
vt 0.333642 0.693305
vt 0.127140 0.619047
vt 0.142742 0.634824
vt 0.144265 0.635465
vt 0.166454 0.635587
vt 0.167980 0.634965
vt 0.183751 0.619359
vt 0.184389 0.617842
vt 0.184507 0.595659
vt 0.183886 0.594137
vt 0.168290 0.578363
vt 0.166777 0.577726
vt 0.144594 0.577598
vt 0.143071 0.578218
vt 0.127290 0.593811
vt 0.126650 0.595330
vt 0.126517 0.617518
vt 0.278637 0.601829
vt 0.267008 0.613459
vt 0.273808 0.611591
vt 0.276781 0.608617
vt 0.231240 0.613462
vt 0.219609 0.601833
vt 0.221240 0.608617
vt 0.224206 0.611597
vt 0.215607 0.592172
vt 0.215605 0.575725
vt 0.211837 0.581720
vt 0.211830 0.585924
vt 0.219606 0.566064
vt 0.231236 0.554433
vt 0.224206 0.556049
vt 0.221233 0.559023
vt 0.240896 0.550431
vt 0.257344 0.550430
vt 0.251106 0.546643
vt 0.246902 0.546650
vt 0.267005 0.554431
vt 0.278635 0.566061
vt 0.276781 0.559015
vt 0.273800 0.556050
vt 0.282637 0.575720
vt 0.282638 0.592168
vt 0.286184 0.585919
vt 0.286176 0.581714
vt 0.740912 0.012234
vt 0.739439 0.201861
vt 0.821606 0.007198
vt 0.874567 0.068816
vt 0.935187 0.122314
vt 0.929065 0.203334
vt 0.934102 0.284028
vt 0.872484 0.336988
vt 0.818986 0.397609
vt 0.737966 0.391487
vt 0.657272 0.396523
vt 0.604312 0.334905
vt 0.543691 0.281407
vt 0.549813 0.200388
vt 0.544777 0.119694
vt 0.606395 0.066733
vt 0.659893 0.006113
vt 0.460447 0.102302
vt 0.387728 0.018920
vt 0.275166 0.283609
vt 0.277976 0.024392
vt 0.167596 0.016852
vt 0.093859 0.098329
vt 0.010477 0.171047
vt 0.015950 0.280799
vt 0.008409 0.391179
vt 0.089886 0.464916
vt 0.162604 0.548299
vt 0.272357 0.542826
vt 0.382737 0.550366
vt 0.456473 0.468890
vt 0.539856 0.396171
vt 0.534383 0.286419
vt 0.541923 0.176039
vt 0.863754 0.388228
vt 0.865376 0.366938
vt 0.864765 0.366206
vt 0.860247 0.365746
vt 0.859500 0.366340
vt 0.856798 0.387519
vt 0.871633 0.387746
vt 0.875569 0.387855
vt 0.875458 0.368171
vt 0.872826 0.368097
vt 0.870637 0.387703
vt 0.871891 0.367711
vt 0.872058 0.360896
vt 0.872782 0.367301
vt 0.875547 0.367380
vt 0.876636 0.361026
vt 0.882960 0.367425
vt 0.876412 0.367839
vt 0.876566 0.387869
vt 0.883409 0.388772
vt 0.876886 0.395421
vt 0.876287 0.388537
vt 0.870877 0.388386
vt 0.869896 0.395226
vt 0.871084 0.361003
vt 0.877602 0.361189
vt 0.891388 0.388248
vt 0.893010 0.366958
vt 0.892398 0.366227
vt 0.887881 0.365767
vt 0.887134 0.366360
vt 0.884432 0.387539
vt 0.899267 0.387766
vt 0.903203 0.387876
vt 0.903091 0.368191
vt 0.900460 0.368117
vt 0.898271 0.387723
vt 0.899526 0.367731
vt 0.899691 0.360916
vt 0.900416 0.367322
vt 0.903181 0.367400
vt 0.904270 0.361046
vt 0.910594 0.367446
vt 0.904046 0.367859
vt 0.904200 0.387889
vt 0.911043 0.388792
vt 0.904520 0.395441
vt 0.903921 0.388558
vt 0.898511 0.388407
vt 0.897530 0.395246
vt 0.898718 0.361023
vt 0.905236 0.361209
vt 0.917797 0.426388
vt 0.919419 0.405099
vt 0.918807 0.404367
vt 0.914290 0.403907
vt 0.913543 0.404500
vt 0.910841 0.425679
vt 0.925676 0.425906
vt 0.929611 0.426015
vt 0.929500 0.406331
vt 0.926868 0.406257
vt 0.924679 0.425863
vt 0.925934 0.405871
vt 0.926100 0.399056
vt 0.926825 0.405462
vt 0.929589 0.405540
vt 0.930679 0.399186
vt 0.937002 0.405586
vt 0.930455 0.405999
vt 0.930609 0.426029
vt 0.937452 0.426932
vt 0.930929 0.433581
vt 0.930330 0.426698
vt 0.924920 0.426547
vt 0.923939 0.433386
vt 0.925127 0.399163
vt 0.931645 0.399349
vt 0.891622 0.350946
vt 0.893244 0.329657
vt 0.892632 0.328925
vt 0.888115 0.328465
vt 0.887368 0.329058
vt 0.884666 0.350237
vt 0.899501 0.350464
vt 0.903436 0.350574
vt 0.903326 0.330889
vt 0.900694 0.330815
vt 0.898504 0.350421
vt 0.899759 0.330429
vt 0.899925 0.323614
vt 0.900650 0.330020
vt 0.903414 0.330098
vt 0.904504 0.323744
vt 0.910827 0.330144
vt 0.904280 0.330557
vt 0.904434 0.350588
vt 0.911277 0.351490
vt 0.904753 0.358139
vt 0.904155 0.351256
vt 0.898745 0.351105
vt 0.897764 0.357944
vt 0.898952 0.323721
vt 0.905470 0.323907
vt 0.918882 0.389573
vt 0.920504 0.368283
vt 0.919892 0.367552
vt 0.915375 0.367092
vt 0.914628 0.367685
vt 0.911926 0.388864
vt 0.926761 0.389091
vt 0.930696 0.389201
vt 0.930585 0.369516
vt 0.927954 0.369442
vt 0.925764 0.389048
vt 0.927019 0.369056
vt 0.927185 0.362241
vt 0.927909 0.368647
vt 0.930674 0.368725
vt 0.931764 0.362371
vt 0.938087 0.368771
vt 0.931540 0.369184
vt 0.931694 0.389214
vt 0.938537 0.390117
vt 0.932013 0.396766
vt 0.931415 0.389883
vt 0.926005 0.389732
vt 0.925024 0.396571
vt 0.926212 0.362348
vt 0.932730 0.362534
vt 0.862091 0.424393
vt 0.863712 0.403104
vt 0.863100 0.402372
vt 0.858583 0.401912
vt 0.857836 0.402505
vt 0.855134 0.423684
vt 0.869969 0.423911
vt 0.873904 0.424021
vt 0.873793 0.404336
vt 0.871162 0.404262
vt 0.868972 0.423869
vt 0.870227 0.403877
vt 0.870393 0.397061
vt 0.871118 0.403467
vt 0.873882 0.403546
vt 0.874972 0.397191
vt 0.881295 0.403591
vt 0.874748 0.404004
vt 0.874902 0.424034
vt 0.881745 0.424937
vt 0.875222 0.431586
vt 0.874623 0.424703
vt 0.869213 0.424552
vt 0.868232 0.431391
vt 0.869420 0.397168
vt 0.875938 0.397354
vt 0.919420 0.350915
vt 0.921042 0.329625
vt 0.920430 0.328893
vt 0.915913 0.328434
vt 0.915166 0.329027
vt 0.912463 0.350206
vt 0.927298 0.350433
vt 0.931234 0.350542
vt 0.931123 0.330858
vt 0.928491 0.330784
vt 0.926302 0.350390
vt 0.927557 0.330398
vt 0.927723 0.323583
vt 0.928447 0.329989
vt 0.931212 0.330067
vt 0.932301 0.323713
vt 0.938625 0.330112
vt 0.932077 0.330526
vt 0.932232 0.350556
vt 0.939074 0.351459
vt 0.932551 0.358108
vt 0.931952 0.351224
vt 0.926543 0.351073
vt 0.925561 0.357913
vt 0.926749 0.323690
vt 0.933267 0.323876
vt 0.890703 0.425195
vt 0.892325 0.403906
vt 0.891713 0.403175
vt 0.887196 0.402714
vt 0.886449 0.403308
vt 0.883747 0.424487
vt 0.898582 0.424713
vt 0.902517 0.424823
vt 0.902406 0.405139
vt 0.899774 0.405065
vt 0.897585 0.424671
vt 0.898840 0.404679
vt 0.899006 0.397863
vt 0.899730 0.404269
vt 0.902495 0.404348
vt 0.903584 0.397994
vt 0.909908 0.404393
vt 0.903361 0.404807
vt 0.903515 0.424837
vt 0.910358 0.425739
vt 0.903834 0.432388
vt 0.903236 0.425505
vt 0.897826 0.425354
vt 0.896845 0.432193
vt 0.898033 0.397971
vt 0.904550 0.398156
vt 0.561840 0.083826
vt 0.561840 0.078944
vt 0.553521 0.078944
vt 0.553521 0.083826
vt 0.569695 0.083826
vt 0.569695 0.078944
vt 0.576985 0.083826
vt 0.576985 0.078944
vt 0.583601 0.083826
vt 0.583601 0.078944
vt 0.455438 0.083826
vt 0.455438 0.078944
vt 0.448198 0.078944
vt 0.448198 0.083826
vt 0.463277 0.083826
vt 0.463277 0.078944
vt 0.471598 0.083826
vt 0.471598 0.078944
vt 0.480302 0.083826
vt 0.480302 0.078944
vt 0.489304 0.083826
vt 0.489304 0.078944
vt 0.498521 0.083826
vt 0.498521 0.078944
vt 0.507868 0.083826
vt 0.507868 0.078944
vt 0.517259 0.083826
vt 0.517259 0.078944
vt 0.526605 0.083826
vt 0.526605 0.078944
vt 0.535819 0.083826
vt 0.535819 0.078944
vt 0.544816 0.083826
vt 0.544816 0.078944
vt 0.527130 0.009128
vt 0.522339 0.004309
vt 0.516068 0.001689
vt 0.509272 0.001669
vt 0.502986 0.004250
vt 0.498167 0.009041
vt 0.495547 0.015312
vt 0.495527 0.022107
vt 0.498108 0.028393
vt 0.502899 0.033213
vt 0.507868 0.035844
vt 0.517259 0.035844
vt 0.522252 0.033271
vt 0.527071 0.028481
vt 0.529691 0.022210
vt 0.529711 0.015415
vt 0.561840 0.063092
vt 0.553521 0.063092
vt 0.569695 0.063092
vt 0.576985 0.063092
vt 0.583601 0.063092
vt 0.455438 0.063092
vt 0.448198 0.063092
vt 0.463277 0.063092
vt 0.471598 0.063092
vt 0.480302 0.063092
vt 0.489304 0.063092
vt 0.498521 0.063092
vt 0.507868 0.063092
vt 0.517259 0.063092
vt 0.526605 0.063092
vt 0.535819 0.063092
vt 0.544816 0.063092
vt 0.561840 0.035844
vt 0.553521 0.035844
vt 0.569695 0.035844
vt 0.576985 0.035844
vt 0.583601 0.035844
vt 0.455438 0.035844
vt 0.448198 0.035844
vt 0.463277 0.035844
vt 0.471598 0.035844
vt 0.480302 0.035844
vt 0.489304 0.035844
vt 0.498521 0.035844
vt 0.526605 0.035844
vt 0.535819 0.035844
vt 0.544816 0.035844
vt 0.424338 0.551208
vt 0.428215 0.532010
vt 0.413659 0.525948
vt 0.408594 0.551193
vt 0.439094 0.515696
vt 0.427988 0.504538
vt 0.455447 0.504791
vt 0.449454 0.490243
vt 0.474741 0.501039
vt 0.474752 0.485269
vt 0.494036 0.504806
vt 0.500049 0.490276
vt 0.510350 0.515765
vt 0.521480 0.504619
vt 0.521199 0.532083
vt 0.535768 0.526045
vt 0.525049 0.551280
vt 0.540794 0.551294
vt 0.521173 0.570477
vt 0.535728 0.576540
vt 0.510294 0.586791
vt 0.521400 0.597950
vt 0.493941 0.597697
vt 0.499934 0.612245
vt 0.474647 0.601449
vt 0.474635 0.617219
vt 0.455352 0.597682
vt 0.449339 0.612212
vt 0.439037 0.586723
vt 0.427908 0.597868
vt 0.428189 0.570405
vt 0.413619 0.576442
vt 0.458782 0.567274
vt 0.466080 0.572167
vt 0.474675 0.573874
vt 0.483303 0.572125
vt 0.490644 0.567287
vt 0.495497 0.559948
vt 0.497223 0.551257
vt 0.495499 0.542567
vt 0.490605 0.535213
vt 0.483307 0.530320
vt 0.474712 0.528614
vt 0.466085 0.530362
vt 0.458744 0.535200
vt 0.453890 0.542539
vt 0.452165 0.551231
vt 0.453888 0.559921
vt 0.434993 0.551219
vt 0.437994 0.536156
vt 0.437983 0.566280
vt 0.446469 0.579181
vt 0.459319 0.587908
vt 0.474657 0.590935
vt 0.489965 0.587903
vt 0.502884 0.579266
vt 0.511394 0.566332
vt 0.514395 0.551268
vt 0.511405 0.536208
vt 0.502919 0.523307
vt 0.490069 0.514580
vt 0.474731 0.511553
vt 0.459423 0.514584
vt 0.446503 0.523222
vt 0.683174 0.406181
vt 0.683174 0.970728
vt 0.688223 0.970728
vt 0.688223 0.406181
vt 0.696625 0.970728
vt 0.696625 0.406181
vt 0.674771 0.406181
vt 0.674771 0.970728
vt 0.840405 0.717172
vt 0.840405 0.970728
vt 0.845458 0.970728
vt 0.845458 0.717172
vt 0.830836 0.717172
vt 0.825788 0.717172
vt 0.825788 0.970728
vt 0.830836 0.970728
vt 0.845458 0.707931
vt 0.840405 0.707931
vt 0.853090 0.970728
vt 0.853090 0.717172
vt 0.558638 0.406181
vt 0.558638 0.970728
vt 0.563688 0.970728
vt 0.563688 0.406181
vt 0.572090 0.970728
vt 0.572090 0.406181
vt 0.550235 0.406181
vt 0.550235 0.970728
vt 0.903468 0.450144
vt 0.903468 0.703700
vt 0.908521 0.703700
vt 0.908521 0.450144
vt 0.893899 0.450144
vt 0.888851 0.450144
vt 0.888851 0.703700
vt 0.893899 0.703700
vt 0.908521 0.440903
vt 0.903468 0.440903
vt 0.916153 0.703700
vt 0.916153 0.450144
vt 0.776575 0.406183
vt 0.776575 0.970728
vt 0.781624 0.970728
vt 0.781625 0.406183
vt 0.790027 0.970728
vt 0.790027 0.406183
vt 0.768173 0.406183
vt 0.768172 0.970728
vt 0.808874 0.450143
vt 0.808874 0.703700
vt 0.813927 0.703700
vt 0.813927 0.450143
vt 0.799305 0.450143
vt 0.794257 0.450143
vt 0.794257 0.703700
vt 0.799305 0.703700
vt 0.813927 0.440901
vt 0.808874 0.440901
vt 0.821558 0.703700
vt 0.821558 0.450143
vt 0.589772 0.406181
vt 0.589772 0.970728
vt 0.594821 0.970728
vt 0.594821 0.406181
vt 0.603224 0.970728
vt 0.603224 0.406181
vt 0.581369 0.406181
vt 0.581369 0.970728
vt 0.871937 0.450144
vt 0.871937 0.703700
vt 0.876990 0.703700
vt 0.876990 0.450144
vt 0.862368 0.450144
vt 0.857320 0.450144
vt 0.857320 0.703700
vt 0.862368 0.703700
vt 0.876990 0.440902
vt 0.871937 0.440902
vt 0.884621 0.703700
vt 0.884621 0.450144
vt 0.652040 0.406181
vt 0.652040 0.970728
vt 0.657089 0.970728
vt 0.657089 0.406181
vt 0.665491 0.970728
vt 0.665491 0.406181
vt 0.643637 0.406181
vt 0.643637 0.970728
vt 0.888851 0.717172
vt 0.888851 0.970728
s 1
usemtl Patio_Umbrella
f 1/1/1 2/2/2 3/3/3
f 3/3/3 4/4/4 1/1/1
f 2/2/2 5/5/5 6/6/6
f 6/6/6 3/3/3 2/2/2
f 5/5/5 7/7/7 8/8/8
f 8/8/8 6/6/6 5/5/5
f 7/7/7 9/9/9 10/10/10
f 10/10/10 8/8/8 7/7/7
f 9/9/9 11/11/11 12/12/12
f 12/12/12 10/10/10 9/9/9
f 11/11/11 13/13/13 14/14/14
f 14/14/14 12/12/12 11/11/11
f 13/13/13 15/15/15 16/16/16
f 16/16/16 14/14/14 13/13/13
f 15/15/15 17/17/17 18/18/18
f 18/18/18 16/16/16 15/15/15
f 19/19/17 20/20/19 21/21/20
f 21/21/20 22/22/18 19/19/17
f 20/20/19 23/23/21 24/24/22
f 24/24/22 21/21/20 20/20/19
f 23/23/21 25/25/23 26/26/24
f 26/26/24 24/24/22 23/23/21
f 25/25/23 27/27/25 28/28/26
f 28/28/26 26/26/24 25/25/23
f 27/27/25 29/29/27 30/30/28
f 30/30/28 28/28/26 27/27/25
f 29/29/27 31/31/29 32/32/30
f 32/32/30 30/30/28 29/29/27
f 31/31/29 33/33/31 34/34/32
f 34/34/32 32/32/30 31/31/29
f 33/33/31 35/35/33 36/36/34
f 36/36/34 34/34/32 33/33/31
f 35/35/33 37/37/35 38/38/36
f 38/38/36 36/36/34 35/35/33
f 37/37/35 39/39/37 40/40/38
f 40/40/38 38/38/36 37/37/35
f 39/39/37 41/41/39 42/42/40
f 42/42/40 40/40/38 39/39/37
f 41/41/39 43/43/41 44/44/42
f 44/44/42 42/42/40 41/41/39
f 43/43/41 45/45/43 46/46/44
f 46/46/44 44/44/42 43/43/41
f 45/45/43 47/47/45 48/48/46
f 48/48/46 46/46/44 45/45/43
f 47/47/45 49/49/47 50/50/48
f 50/50/48 48/48/46 47/47/45
f 49/49/47 51/51/49 52/52/50
f 52/52/50 50/50/48 49/49/47
f 51/51/49 53/53/51 54/54/52
f 54/54/52 52/52/50 51/51/49
f 53/53/51 55/55/53 56/56/54
f 56/56/54 54/54/52 53/53/51
f 55/55/53 57/57/55 58/58/56
f 58/58/56 56/56/54 55/55/53
f 57/57/55 59/59/57 60/60/58
f 60/60/58 58/58/56 57/57/55
f 59/59/57 61/61/59 62/62/60
f 62/62/60 60/60/58 59/59/57
f 61/61/59 63/63/61 64/64/62
f 64/64/62 62/62/60 61/61/59
f 63/63/61 65/65/63 66/66/64
f 66/66/64 64/64/62 63/63/61
f 65/65/63 1/1/1 4/4/4
f 4/4/4 66/66/64 65/65/63
f 67/67/65 68/68/65 69/69/65
f 69/69/65 70/70/65 71/71/65
f 71/71/65 72/72/65 73/73/65
f 69/69/65 71/71/65 73/73/65
f 73/73/65 74/74/65 75/75/65
f 75/75/65 76/76/65 77/77/65
f 73/73/65 75/75/65 77/77/65
f 77/77/65 78/78/65 79/79/65
f 79/79/65 80/80/65 81/81/65
f 77/77/65 79/79/65 81/81/65
f 73/73/65 77/77/65 81/81/65
f 81/81/65 82/82/65 83/83/65
f 83/83/65 84/84/65 85/85/65
f 81/81/65 83/83/65 85/85/65
f 85/85/65 86/86/65 87/87/65
f 87/87/65 88/88/65 89/89/65
f 85/85/65 87/87/65 89/89/65
f 81/81/65 85/85/65 89/89/65
f 89/89/65 90/90/65 91/91/65
f 91/91/65 92/92/65 93/93/65
f 89/89/65 91/91/65 93/93/65
f 93/93/65 94/94/65 95/95/65
f 95/95/65 96/96/65 97/97/65
f 93/93/65 95/95/65 97/97/65
f 89/89/65 93/93/65 97/97/65
f 81/81/65 89/89/65 97/97/65
f 73/73/65 81/81/65 97/97/65
f 69/69/65 73/73/65 97/97/65
f 67/67/65 69/69/65 97/97/65
f 98/98/65 67/67/65 97/97/65
f 99/99/66 100/100/66 101/101/67
f 101/101/67 102/102/68 99/99/66
f 100/100/66 103/103/66 104/104/69
f 104/104/69 101/101/67 100/100/66
f 103/103/66 105/105/66 106/106/70
f 106/106/70 104/104/69 103/103/66
f 105/105/66 107/107/66 108/108/71
f 108/108/71 106/106/70 105/105/66
f 107/107/66 109/109/66 110/110/72
f 110/110/72 108/108/71 107/107/66
f 109/109/66 111/111/66 112/112/73
f 112/112/73 110/110/72 109/109/66
f 111/111/66 113/113/66 114/114/74
f 114/114/74 112/112/73 111/111/66
f 113/113/66 115/115/66 116/116/75
f 116/116/75 114/114/74 113/113/66
f 115/115/66 117/117/66 118/118/76
f 118/118/76 116/116/75 115/115/66
f 117/117/66 119/119/66 120/120/77
f 120/120/77 118/118/76 117/117/66
f 119/119/66 121/121/66 122/122/78
f 122/122/78 120/120/77 119/119/66
f 121/121/66 123/123/66 124/124/79
f 124/124/79 122/122/78 121/121/66
f 123/123/66 125/125/66 126/126/80
f 126/126/80 124/124/79 123/123/66
f 125/125/66 127/127/66 128/128/81
f 128/128/81 126/126/80 125/125/66
f 127/127/66 129/129/66 130/130/82
f 130/130/82 128/128/81 127/127/66
f 129/129/66 131/131/66 132/132/83
f 132/132/83 130/130/82 129/129/66
f 131/131/66 133/133/66 134/134/84
f 134/134/84 132/132/83 131/131/66
f 133/133/66 135/135/66 136/136/85
f 136/136/85 134/134/84 133/133/66
f 135/135/66 137/137/66 138/138/86
f 138/138/86 136/136/85 135/135/66
f 137/137/66 139/139/66 140/140/87
f 140/140/87 138/138/86 137/137/66
f 139/139/66 141/141/66 142/142/88
f 142/142/88 140/140/87 139/139/66
f 141/141/66 143/143/66 144/144/89
f 144/144/89 142/142/88 141/141/66
f 143/143/66 145/145/66 146/146/90
f 146/146/90 144/144/89 143/143/66
f 145/145/66 147/147/66 148/148/91
f 148/148/91 146/146/90 145/145/66
f 147/147/66 149/149/66 150/150/92
f 150/150/92 148/148/91 147/147/66
f 149/149/66 151/151/66 152/152/93
f 152/152/93 150/150/92 149/149/66
f 151/151/66 153/153/66 154/154/94
f 154/154/94 152/152/93 151/151/66
f 153/153/66 155/155/66 156/156/95
f 156/156/95 154/154/94 153/153/66
f 155/155/66 157/157/66 158/158/96
f 158/158/96 156/156/95 155/155/66
f 157/157/66 159/159/66 160/160/97
f 160/160/97 158/158/96 157/157/66
f 159/159/66 161/161/66 162/162/98
f 162/162/98 160/160/97 159/159/66
f 161/161/66 99/99/66 102/102/68
f 102/102/68 162/162/98 161/161/66
f 101/101/67 163/163/99 164/164/100
f 164/164/100 102/102/68 101/101/67
f 104/104/69 165/165/101 163/163/99
f 163/163/99 101/101/67 104/104/69
f 106/106/70 166/166/102 165/165/101
f 165/165/101 104/104/69 106/106/70
f 108/108/71 167/167/103 166/166/102
f 166/166/102 106/106/70 108/108/71
f 110/110/72 168/168/104 167/167/103
f 167/167/103 108/108/71 110/110/72
f 112/112/73 169/169/105 168/168/104
f 168/168/104 110/110/72 112/112/73
f 114/114/74 170/170/106 169/169/105
f 169/169/105 112/112/73 114/114/74
f 116/116/75 171/171/107 170/170/106
f 170/170/106 114/114/74 116/116/75
f 118/118/76 172/172/108 171/171/107
f 171/171/107 116/116/75 118/118/76
f 120/120/77 173/173/109 172/172/108
f 172/172/108 118/118/76 120/120/77
f 122/122/78 174/174/110 173/173/109
f 173/173/109 120/120/77 122/122/78
f 124/124/79 175/175/111 174/174/110
f 174/174/110 122/122/78 124/124/79
f 126/126/80 176/176/112 175/175/111
f 175/175/111 124/124/79 126/126/80
f 128/128/81 177/177/113 176/176/112
f 176/176/112 126/126/80 128/128/81
f 130/130/82 178/178/114 177/177/113
f 177/177/113 128/128/81 130/130/82
f 132/132/83 179/179/115 178/178/114
f 178/178/114 130/130/82 132/132/83
f 134/134/84 180/180/116 179/179/115
f 179/179/115 132/132/83 134/134/84
f 136/136/85 181/181/117 180/180/116
f 180/180/116 134/134/84 136/136/85
f 138/138/86 182/182/118 181/181/117
f 181/181/117 136/136/85 138/138/86
f 140/140/87 183/183/119 182/182/118
f 182/182/118 138/138/86 140/140/87
f 142/142/88 184/184/120 183/183/119
f 183/183/119 140/140/87 142/142/88
f 144/144/89 185/185/121 184/184/120
f 184/184/120 142/142/88 144/144/89
f 146/146/90 186/186/122 185/185/121
f 185/185/121 144/144/89 146/146/90
f 148/148/91 187/187/123 186/186/122
f 186/186/122 146/146/90 148/148/91
f 150/150/92 188/188/124 187/187/123
f 187/187/123 148/148/91 150/150/92
f 152/152/93 189/189/125 188/188/124
f 188/188/124 150/150/92 152/152/93
f 154/154/94 190/190/126 189/189/125
f 189/189/125 152/152/93 154/154/94
f 156/156/95 191/191/127 190/190/126
f 190/190/126 154/154/94 156/156/95
f 158/158/96 192/192/128 191/191/127
f 191/191/127 156/156/95 158/158/96
f 160/160/97 193/193/129 192/192/128
f 192/192/128 158/158/96 160/160/97
f 162/162/98 194/194/130 193/193/129
f 193/193/129 160/160/97 162/162/98
f 102/102/68 164/164/100 194/194/130
f 194/194/130 162/162/98 102/102/68
f 195/195/131 196/196/132 197/197/66
f 196/196/132 198/198/133 197/197/66
f 198/198/133 199/199/134 197/197/66
f 199/199/134 200/200/135 197/197/66
f 200/200/135 201/201/136 197/197/66
f 201/201/136 202/202/137 197/197/66
f 202/202/137 203/203/138 197/197/66
f 203/203/138 204/204/139 197/197/66
f 204/204/139 205/205/140 197/197/66
f 205/205/140 206/206/141 197/197/66
f 206/206/141 207/207/142 197/197/66
f 207/207/142 208/208/143 197/197/66
f 208/208/143 209/209/144 197/197/66
f 209/209/144 210/210/145 197/197/66
f 210/210/145 211/211/146 197/197/66
f 211/211/146 212/212/147 197/197/66
f 212/212/147 213/213/148 197/197/66
f 213/213/148 214/214/149 197/197/66
f 214/214/149 215/215/150 197/197/66
f 215/215/150 216/216/151 197/197/66
f 216/216/151 217/217/152 197/197/66
f 217/217/152 218/218/153 197/197/66
f 218/218/153 219/219/154 197/197/66
f 219/219/154 220/220/155 197/197/66
f 220/220/155 221/221/156 197/197/66
f 221/221/156 222/222/157 197/197/66
f 222/222/157 223/223/158 197/197/66
f 223/223/158 224/224/159 197/197/66
f 224/224/159 225/225/160 197/197/66
f 225/225/160 226/226/161 197/197/66
f 226/226/161 227/227/162 197/197/66
f 227/227/162 195/195/131 197/197/66
f 228/228/163 229/229/164 230/230/165
f 230/230/165 231/231/166 228/228/163
f 232/232/167 233/233/168 229/229/164
f 229/229/164 228/228/163 232/232/167
f 234/234/169 235/235/170 233/233/168
f 233/233/168 232/232/167 234/234/169
f 236/236/171 237/237/172 235/235/170
f 235/235/170 234/234/169 236/236/171
f 238/238/173 239/239/174 237/237/172
f 237/237/172 236/236/171 238/238/173
f 240/240/175 241/241/176 239/239/174
f 239/239/174 238/238/173 240/240/175
f 242/242/177 243/243/178 241/241/176
f 241/241/176 240/240/175 242/242/177
f 244/244/179 245/245/180 243/243/178
f 243/243/178 242/242/177 244/244/179
f 246/246/181 247/247/182 245/245/180
f 245/245/180 244/244/179 246/246/181
f 248/248/183 249/249/184 247/247/182
f 247/247/182 246/246/181 248/248/183
f 250/250/185 251/251/186 249/249/184
f 249/249/184 248/248/183 250/250/185
f 252/252/187 253/253/188 251/251/186
f 251/251/186 250/250/185 252/252/187
f 254/254/189 255/255/190 253/253/188
f 253/253/188 252/252/187 254/254/189
f 256/256/191 257/257/192 255/255/190
f 255/255/190 254/254/189 256/256/191
f 258/258/193 259/259/194 257/257/192
f 257/257/192 256/256/191 258/258/193
f 231/231/166 230/230/165 259/259/194
f 259/259/194 258/258/193 231/231/166
f 260/230/66 261/229/66 262/260/66
f 262/260/66 263/261/66 260/230/66
f 261/229/66 264/233/66 265/262/66
f 265/262/66 262/260/66 261/229/66
f 264/233/66 266/235/66 267/263/66
f 267/263/66 265/262/66 264/233/66
f 266/235/66 268/237/66 269/264/66
f 269/264/66 267/263/66 266/235/66
f 268/237/66 270/239/66 271/265/66
f 271/265/66 269/264/66 268/237/66
f 270/239/66 272/241/66 273/266/66
f 273/266/66 271/265/66 270/239/66
f 272/241/66 274/243/66 275/267/66
f 275/267/66 273/266/66 272/241/66
f 274/243/66 276/245/66 277/268/66
f 277/268/66 275/267/66 274/243/66
f 276/245/66 278/247/66 279/269/66
f 279/269/66 277/268/66 276/245/66
f 278/247/66 280/249/66 281/270/66
f 281/270/66 279/269/66 278/247/66
f 280/249/66 282/251/66 283/271/66
f 283/271/66 281/270/66 280/249/66
f 282/251/66 284/253/66 285/272/66
f 285/272/66 283/271/66 282/251/66
f 284/253/66 286/255/66 287/273/66
f 287/273/66 285/272/66 284/253/66
f 286/255/66 288/257/66 289/274/66
f 289/274/66 287/273/66 286/255/66
f 288/257/66 290/259/66 291/275/66
f 291/275/66 289/274/66 288/257/66
f 290/259/66 260/230/66 263/261/66
f 263/261/66 291/275/66 290/259/66
f 292/276/165 293/277/195 294/278/163
f 294/278/163 295/279/166 292/276/165
f 293/277/195 296/280/168 297/281/167
f 297/281/167 294/278/163 293/277/195
f 296/280/168 298/282/170 299/283/196
f 299/283/196 297/281/167 296/280/168
f 298/282/170 300/284/172 301/285/197
f 301/285/197 299/283/196 298/282/170
f 302/286/198 303/287/199 304/288/173
f 304/288/173 305/289/171 302/286/198
f 303/287/199 306/290/176 307/291/175
f 307/291/175 304/288/173 303/287/199
f 306/290/176 308/292/178 309/293/200
f 309/293/200 307/291/175 306/290/176
f 308/292/178 310/294/180 311/295/179
f 311/295/179 309/293/200 308/292/178
f 310/294/180 312/296/201 313/297/181
f 313/297/181 311/295/179 310/294/180
f 312/296/201 314/298/184 315/299/183
f 315/299/183 313/297/181 312/296/201
f 314/298/184 316/300/186 317/301/202
f 317/301/202 315/299/183 314/298/184
f 316/300/186 318/302/188 319/303/187
f 319/303/187 317/301/202 316/300/186
f 318/302/188 320/304/203 321/305/189
f 321/305/189 319/303/187 318/302/188
f 320/304/203 322/306/192 323/307/191
f 323/307/191 321/305/189 320/304/203
f 322/306/192 324/308/194 325/309/204
f 325/309/204 323/307/191 322/306/192
f 324/308/194 292/276/165 295/279/166
f 295/279/166 325/309/204 324/308/194
f 326/310/205 327/311/206 328/312/206
f 328/312/206 329/313/205 326/310/205
f 330/314/167 331/315/168 326/310/205
f 326/310/205 329/313/205 330/314/167
f 332/316/169 333/317/170 331/315/168
f 331/315/168 330/314/167 332/316/169
f 334/318/197 335/319/172 333/317/170
f 333/317/170 332/316/169 334/318/197
f 336/320/173 337/321/207 338/322/198
f 338/322/198 339/323/171 336/320/173
f 340/324/175 341/325/176 337/321/207
f 337/321/207 336/320/173 340/324/175
f 342/326/177 343/327/178 341/325/176
f 341/325/176 340/324/175 342/326/177
f 344/328/179 345/329/180 343/327/178
f 343/327/178 342/326/177 344/328/179
f 346/330/181 347/331/182 345/329/180
f 345/329/180 344/328/179 346/330/181
f 348/332/183 349/333/184 347/331/182
f 347/331/182 346/330/181 348/332/183
f 350/334/208 351/335/186 349/333/184
f 349/333/184 348/332/183 350/334/208
f 352/336/187 353/337/188 351/335/186
f 351/335/186 350/334/208 352/336/187
f 354/338/189 355/339/203 353/337/188
f 353/337/188 352/336/187 354/338/189
f 356/340/191 357/341/192 355/339/203
f 355/339/203 354/338/189 356/340/191
f 358/342/209 359/343/194 357/341/192
f 357/341/192 356/340/191 358/342/209
f 328/312/206 327/311/206 359/343/194
f 359/343/194 358/342/209 328/312/206
f 360/344/66 361/345/210 362/346/211
f 360/344/66 363/347/212 361/345/210
f 360/344/66 364/348/213 363/347/212
f 360/344/66 365/349/214 364/348/213
f 360/344/66 366/350/215 365/349/214
f 360/344/66 367/351/216 366/350/215
f 360/344/66 368/352/217 367/351/216
f 360/344/66 369/353/218 368/352/217
f 360/344/66 370/354/219 369/353/218
f 360/344/66 371/355/220 370/354/219
f 360/344/66 372/356/221 371/355/220
f 360/344/66 373/357/222 372/356/221
f 360/344/66 374/358/223 373/357/222
f 360/344/66 375/359/224 374/358/223
f 360/344/66 376/360/225 375/359/224
f 360/344/66 362/346/211 376/360/225
f 377/361/65 378/362/65 379/313/65
f 379/313/65 380/312/65 377/361/65
f 378/362/65 381/363/65 382/314/65
f 382/314/65 379/313/65 378/362/65
f 381/363/65 383/364/65 384/316/65
f 384/316/65 382/314/65 381/363/65
f 383/364/65 385/365/65 386/318/65
f 386/318/65 384/316/65 383/364/65
f 387/366/65 388/367/65 389/320/65
f 389/320/65 390/323/65 387/366/65
f 388/367/65 391/368/65 392/324/65
f 392/324/65 389/320/65 388/367/65
f 391/368/65 393/369/65 394/326/65
f 394/326/65 392/324/65 391/368/65
f 393/369/65 395/370/65 396/328/65
f 396/328/65 394/326/65 393/369/65
f 395/370/65 397/371/65 398/330/65
f 398/330/65 396/328/65 395/370/65
f 397/371/65 399/372/65 400/332/65
f 400/332/65 398/330/65 397/371/65
f 399/372/65 401/373/65 402/334/65
f 402/334/65 400/332/65 399/372/65
f 401/373/65 403/374/65 404/336/65
f 404/336/65 402/334/65 401/373/65
f 403/374/65 405/375/65 406/338/65
f 406/338/65 404/336/65 403/374/65
f 405/375/65 407/376/65 408/340/65
f 408/340/65 406/338/65 405/375/65
f 407/376/65 409/377/65 410/342/65
f 410/342/65 408/340/65 407/376/65
f 409/377/65 377/361/65 380/312/65
f 380/312/65 410/342/65 409/377/65
f 411/378/226 412/379/227 413/380/228
f 413/380/228 414/381/229 411/378/226
f 415/382/230 416/383/231 412/379/227
f 412/379/227 411/378/226 415/382/230
f 417/384/232 418/385/233 419/386/231
f 419/386/231 420/387/234 417/384/232
f 421/388/235 422/389/236 418/385/233
f 418/385/233 417/384/232 421/388/235
f 423/390/237 424/391/238 422/389/236
f 422/389/236 421/388/235 423/390/237
f 425/392/239 426/393/240 424/391/238
f 424/391/238 423/390/237 425/392/239
f 427/394/241 428/395/242 426/393/240
f 426/393/240 425/392/239 427/394/241
f 414/381/229 413/380/228 428/395/242
f 428/395/242 427/394/241 414/381/229
f 429/396/243 430/397/243 431/398/243
f 431/398/243 432/399/243 429/396/243
f 433/400/244 434/401/244 435/402/244
f 435/402/244 436/403/244 433/400/244
f 437/404/245 438/405/245 439/406/245
f 439/406/245 440/407/245 437/404/245
f 441/408/206 442/409/206 443/410/206
f 443/410/206 444/411/206 441/408/206
f 445/411/246 446/410/246 447/407/246
f 447/407/246 448/406/246 445/411/246
f 449/412/247 450/413/248 451/414/247
f 451/414/247 452/415/249 449/412/247
f 453/416/250 454/417/251 455/418/250
f 455/418/250 456/419/252 453/416/250
f 457/420/253 458/421/253 459/415/253
f 459/415/253 460/418/253 457/420/253
f 461/422/254 462/413/254 463/412/254
f 463/412/254 464/423/254 461/422/254
f 465/419/255 466/418/255 467/415/255
f 467/415/255 468/414/255 465/419/255
f 469/424/256 470/425/256 471/426/256
f 471/426/256 472/427/256 469/424/256
f 473/428/257 474/429/257 475/430/257
f 475/430/257 476/431/257 473/428/257
f 477/431/258 478/430/258 479/427/258
f 479/427/258 480/426/258 477/431/258
f 481/432/259 482/433/260 483/434/259
f 483/434/259 484/435/261 481/432/259
f 485/436/262 486/437/263 487/438/264
f 487/438/264 488/439/265 485/436/262
f 489/440/266 490/441/266 491/435/266
f 491/435/266 492/438/266 489/440/266
f 493/442/267 494/443/268 495/444/269
f 495/444/269 496/445/270 493/442/267
f 497/446/271 493/442/267 496/445/270
f 496/445/270 498/447/272 497/446/271
f 499/448/273 497/446/271 498/447/272
f 498/447/272 500/449/274 499/448/273
f 501/450/275 499/448/273 500/449/274
f 500/449/274 502/451/276 501/450/275
f 503/452/277 501/450/275 502/451/276
f 502/451/276 504/453/278 503/452/277
f 505/454/279 503/452/277 504/453/278
f 504/453/278 506/455/280 505/454/279
f 507/456/281 508/457/282 505/454/279
f 505/454/279 506/455/280 507/456/281
f 509/458/283 510/459/284 508/457/282
f 508/457/282 507/456/281 509/458/283
f 511/460/285 512/461/286 510/459/284
f 510/459/284 509/458/283 511/460/285
f 513/462/287 514/463/288 512/461/286
f 512/461/286 511/460/285 513/462/287
f 515/464/289 516/465/290 514/463/288
f 514/463/288 513/462/287 515/464/289
f 517/466/291 518/467/292 516/465/290
f 516/465/290 515/464/289 517/466/291
f 519/468/293 518/467/292 517/466/291
f 517/466/291 520/469/294 519/468/293
f 521/470/295 519/468/293 520/469/294
f 520/469/294 522/471/296 521/470/295
f 523/472/297 521/470/295 522/471/296
f 522/471/296 524/473/298 523/472/297
f 494/443/268 523/472/297 524/473/298
f 524/473/298 495/444/269 494/443/268
f 495/444/269 525/474/299 496/445/270
f 496/445/270 525/474/299 498/447/272
f 498/447/272 525/474/299 500/449/274
f 500/449/274 525/474/299 502/451/276
f 502/451/276 525/474/299 504/453/278
f 504/453/278 525/474/299 506/455/280
f 506/455/280 525/474/299 507/456/281
f 507/456/281 525/474/299 509/458/283
f 509/458/283 525/474/299 511/460/285
f 511/460/285 525/474/299 513/462/287
f 513/462/287 525/474/299 515/464/289
f 515/464/289 525/474/299 517/466/291
f 517/466/291 525/474/299 520/469/294
f 520/469/294 525/474/299 522/471/296
f 522/471/296 525/474/299 524/473/298
f 524/473/298 525/474/299 495/444/269
f 494/443/268 493/442/267 526/475/300
f 526/475/300 527/476/301 494/443/268
f 493/442/267 497/446/271 528/477/302
f 528/477/302 526/475/300 493/442/267
f 497/446/271 499/448/273 529/478/303
f 529/478/303 528/477/302 497/446/271
f 499/448/273 501/450/275 530/479/304
f 530/479/304 529/478/303 499/448/273
f 503/452/277 531/480/305 530/479/304
f 530/479/304 501/450/275 503/452/277
f 505/454/279 532/481/306 531/480/305
f 531/480/305 503/452/277 505/454/279
f 508/457/282 533/482/307 532/481/306
f 532/481/306 505/454/279 508/457/282
f 510/459/284 534/483/308 533/482/307
f 533/482/307 508/457/282 510/459/284
f 512/461/286 535/484/309 534/483/308
f 534/483/308 510/459/284 512/461/286
f 514/463/288 536/485/310 535/484/309
f 535/484/309 512/461/286 514/463/288
f 516/465/290 537/486/311 536/485/310
f 536/485/310 514/463/288 516/465/290
f 518/467/292 538/487/312 537/486/311
f 537/486/311 516/465/290 518/467/292
f 519/468/293 539/488/313 538/487/312
f 538/487/312 518/467/292 519/468/293
f 521/470/295 540/489/314 539/488/313
f 539/488/313 519/468/293 521/470/295
f 521/470/295 523/472/297 541/490/315
f 541/490/315 540/489/314 521/470/295
f 523/472/297 494/443/268 527/476/301
f 527/476/301 541/490/315 523/472/297
f 542/476/316 543/475/317 544/491/318
f 544/491/318 545/492/319 542/476/316
f 543/475/317 546/477/320 547/493/321
f 547/493/321 544/491/318 543/475/317
f 546/477/320 548/478/322 549/494/323
f 549/494/323 547/493/321 546/477/320
f 548/478/322 550/479/324 551/495/325
f 551/495/325 549/494/323 548/478/322
f 550/479/324 552/480/326 553/496/327
f 553/496/327 551/495/325 550/479/324
f 552/480/326 554/481/328 555/497/329
f 555/497/329 553/496/327 552/480/326
f 554/481/328 556/482/330 557/498/331
f 557/498/331 555/497/329 554/481/328
f 556/482/330 558/483/332 559/499/333
f 559/499/333 557/498/331 556/482/330
f 558/483/332 560/484/334 561/500/335
f 561/500/335 559/499/333 558/483/332
f 560/484/334 562/485/336 563/501/337
f 563/501/337 561/500/335 560/484/334
f 562/485/336 564/486/338 565/502/339
f 565/502/339 563/501/337 562/485/336
f 564/486/338 566/487/340 567/503/341
f 567/503/341 565/502/339 564/486/338
f 566/487/340 568/488/342 569/504/343
f 569/504/343 567/503/341 566/487/340
f 568/488/342 570/489/344 571/505/345
f 571/505/345 569/504/343 568/488/342
f 570/489/344 572/490/346 573/506/347
f 573/506/347 571/505/345 570/489/344
f 572/490/346 542/476/316 545/492/319
f 545/492/319 573/506/347 572/490/346
f 574/507/348 575/508/349 576/509/350
f 576/509/350 577/510/351 574/507/348
f 578/511/352 574/507/348 577/510/351
f 577/510/351 579/512/353 578/511/352
f 580/513/354 578/511/352 579/512/353
f 579/512/353 581/514/355 580/513/354
f 582/515/356 580/513/354 581/514/355
f 581/514/355 583/516/357 582/515/356
f 584/517/358 582/515/356 583/516/357
f 583/516/357 585/518/359 584/517/358
f 586/519/360 584/517/358 585/518/359
f 585/518/359 587/520/361 586/519/360
f 588/521/362 586/519/360 587/520/361
f 587/520/361 589/522/363 588/521/362
f 590/523/364 588/521/362 589/522/363
f 589/522/363 591/524/365 590/523/364
f 592/525/366 590/523/364 591/524/365
f 591/524/365 593/526/367 592/525/366
f 594/527/368 592/525/366 593/526/367
f 593/526/367 595/528/369 594/527/368
f 596/529/370 594/527/368 595/528/369
f 595/528/369 597/530/371 596/529/370
f 598/531/372 596/529/370 597/530/371
f 597/530/371 599/532/373 598/531/372
f 600/533/374 598/531/372 599/532/373
f 599/532/373 601/534/375 600/533/374
f 602/535/376 600/533/374 601/534/375
f 601/534/375 603/536/377 602/535/376
f 604/537/378 602/535/376 603/536/377
f 603/536/377 605/538/379 604/537/378
f 575/508/349 604/537/378 605/538/379
f 605/538/379 576/509/350 575/508/349
f 606/539/167 607/540/351 608/541/350
f 608/541/350 609/542/163 606/539/167
f 610/543/196 611/544/353 607/540/351
f 607/540/351 606/539/167 610/543/196
f 612/545/197 613/546/355 611/544/353
f 611/544/353 610/543/196 612/545/197
f 614/547/173 615/548/380 616/549/381
f 616/549/381 617/550/171 614/547/173
f 618/551/175 619/552/359 615/548/380
f 615/548/380 614/547/173 618/551/175
f 620/553/382 621/554/361 619/552/359
f 619/552/359 618/551/175 620/553/382
f 622/555/383 623/556/363 621/554/361
f 621/554/361 620/553/382 622/555/383
f 624/557/181 625/558/365 623/556/363
f 623/556/363 622/555/383 624/557/181
f 626/559/384 627/560/385 628/561/386
f 628/561/386 629/562/387 626/559/384
f 627/560/385 630/563/388 631/564/389
f 631/564/389 628/561/386 627/560/385
f 630/563/388 632/565/390 633/566/391
f 633/566/391 631/564/389 630/563/388
f 632/565/390 634/567/392 635/568/393
f 635/568/393 633/566/391 632/565/390
f 634/567/392 636/569/394 637/570/395
f 637/570/395 635/568/393 634/567/392
f 638/571/396 639/572/397 640/573/396
f 640/573/396 641/574/398 638/571/396
f 642/575/399 643/576/400 644/577/399
f 644/577/399 645/578/401 642/575/399
f 646/579/402 647/580/402 648/574/402
f 648/574/402 649/577/402 646/579/402
f 650/581/403 651/572/403 652/571/403
f 652/571/403 653/582/403 650/581/403
f 654/578/404 655/577/404 656/574/404
f 656/574/404 657/573/404 654/578/404
f 658/583/405 659/584/405 660/585/405
f 660/585/405 661/586/405 658/583/405
f 662/587/406 663/588/406 664/589/406
f 664/589/406 665/590/406 662/587/406
f 666/590/407 667/589/407 668/586/407
f 668/586/407 669/585/407 666/590/407
f 670/398/408 671/397/409 672/403/408
f 672/403/408 673/402/410 670/398/408
f 674/591/411 675/592/412 676/401/413
f 676/401/413 677/400/414 674/591/411
f 678/593/415 679/594/415 680/402/415
f 680/402/415 681/401/415 678/593/415
f 682/595/183 683/596/367 625/558/365
f 625/558/365 624/557/181 682/595/183
f 684/597/202 685/598/369 683/596/367
f 683/596/367 682/595/183 684/597/202
f 686/599/416 687/600/371 685/598/369
f 685/598/369 684/597/202 686/599/416
f 688/601/189 689/602/373 687/600/371
f 687/600/371 686/599/416 688/601/189
f 690/603/191 691/604/375 689/602/373
f 689/602/373 688/601/189 690/603/191
f 692/605/204 693/606/417 691/604/375
f 691/604/375 690/603/191 692/605/204
f 694/607/418 695/608/379 693/606/417
f 693/606/417 692/605/204 694/607/418
f 609/542/163 608/541/350 695/608/379
f 695/608/379 694/607/418 609/542/163
f 696/609/419 697/610/420 575/508/349
f 575/508/349 574/507/348 696/609/419
f 698/611/421 696/609/419 574/507/348
f 574/507/348 578/511/352 698/611/421
f 699/612/422 698/611/421 578/511/352
f 578/511/352 580/513/354 699/612/422
f 700/613/423 699/612/422 580/513/354
f 580/513/354 582/515/356 700/613/423
f 701/614/424 700/613/423 582/515/356
f 582/515/356 584/517/358 701/614/424
f 702/615/425 701/614/424 584/517/358
f 584/517/358 586/519/360 702/615/425
f 703/616/426 702/615/425 586/519/360
f 586/519/360 588/521/362 703/616/426
f 704/617/427 703/616/426 588/521/362
f 588/521/362 590/523/364 704/617/427
f 705/618/428 704/617/427 590/523/364
f 590/523/364 592/525/366 705/618/428
f 706/619/429 705/618/428 592/525/366
f 592/525/366 594/527/368 706/619/429
f 707/620/430 706/619/429 594/527/368
f 594/527/368 596/529/370 707/620/430
f 708/621/431 707/620/430 596/529/370
f 596/529/370 598/531/372 708/621/431
f 709/622/432 708/621/431 598/531/372
f 598/531/372 600/533/374 709/622/432
f 710/623/433 709/622/432 600/533/374
f 600/533/374 602/535/376 710/623/433
f 711/624/434 710/623/433 602/535/376
f 602/535/376 604/537/378 711/624/434
f 697/610/420 711/624/434 604/537/378
f 604/537/378 575/508/349 697/610/420
f 696/609/419 633/566/391 635/568/393
f 635/568/393 697/610/420 696/609/419
f 698/611/421 631/564/389 633/566/391
f 633/566/391 696/609/419 698/611/421
f 699/612/422 628/561/386 631/564/389
f 631/564/389 698/611/421 699/612/422
f 700/613/423 629/562/387 628/561/386
f 628/561/386 699/612/422 700/613/423
f 701/614/424 712/625/435 629/562/387
f 629/562/387 700/613/423 701/614/424
f 702/615/425 713/626/436 712/625/435
f 712/625/435 701/614/424 702/615/425
f 703/616/426 714/627/437 713/626/436
f 713/626/436 702/615/425 703/616/426
f 704/617/427 715/628/438 714/627/437
f 714/627/437 703/616/426 704/617/427
f 705/618/428 716/629/439 715/628/438
f 715/628/438 704/617/427 705/618/428
f 706/619/429 717/630/440 716/629/439
f 716/629/439 705/618/428 706/619/429
f 707/620/430 718/631/441 717/630/440
f 717/630/440 706/619/429 707/620/430
f 708/621/431 719/632/442 718/631/441
f 718/631/441 707/620/430 708/621/431
f 709/622/432 720/633/443 719/632/442
f 719/632/442 708/621/431 709/622/432
f 710/623/433 721/634/444 720/633/443
f 720/633/443 709/622/432 710/623/433
f 711/624/434 637/570/395 721/634/444
f 721/634/444 710/623/433 711/624/434
f 697/610/420 635/568/393 637/570/395
f 637/570/395 711/624/434 697/610/420
f 722/635/445 723/636/446 724/637/447
f 723/636/446 725/638/448 724/637/447
f 725/638/448 726/639/449 724/637/447
f 726/639/449 727/640/450 724/637/447
f 727/640/450 728/641/451 724/637/447
f 728/641/451 729/642/452 724/637/447
f 727/640/450 730/643/453 728/641/451
f 726/639/449 731/644/454 727/640/450
f 731/644/454 732/645/455 727/640/450
f 726/639/449 733/646/456 731/644/454
f 725/638/448 734/647/457 726/639/449
f 734/647/457 735/648/458 726/639/449
f 725/638/448 736/649/459 734/647/457
f 723/636/446 737/650/460 725/638/448
f 738/651/65 739/652/65 740/653/65
f 739/652/65 741/654/65 740/653/65
f 741/654/65 742/655/65 740/653/65
f 742/655/65 743/656/65 740/653/65
f 743/656/65 744/657/65 740/653/65
f 744/657/65 745/658/461 740/653/65
f 743/656/65 746/659/65 744/657/65
f 742/655/65 747/660/65 743/656/65
f 747/660/65 748/661/65 743/656/65
f 742/655/65 749/662/461 747/660/65
f 741/654/65 750/663/65 742/655/65
f 750/663/65 751/664/462 742/655/65
f 741/654/65 752/665/65 750/663/65
f 739/652/65 753/666/65 741/654/65
f 636/569/394 754/667/463 721/634/444
f 721/634/444 637/570/395 636/569/394
f 754/667/463 755/668/464 720/633/443
f 720/633/443 721/634/444 754/667/463
f 755/668/464 756/669/465 719/632/442
f 719/632/442 720/633/443 755/668/464
f 756/669/465 757/670/466 718/631/441
f 718/631/441 719/632/442 756/669/465
f 757/670/466 758/671/467 717/630/440
f 717/630/440 718/631/441 757/670/466
f 758/671/467 759/672/468 716/629/439
f 716/629/439 717/630/440 758/671/467
f 759/672/468 760/673/469 715/628/438
f 715/628/438 716/629/439 759/672/468
f 760/673/469 761/674/470 714/627/437
f 714/627/437 715/628/438 760/673/469
f 761/674/470 762/675/471 713/626/436
f 713/626/436 714/627/437 761/674/470
f 762/675/471 763/676/472 712/625/435
f 712/625/435 713/626/436 762/675/471
f 763/676/472 626/559/384 629/562/387
f 629/562/387 712/625/435 763/676/472
f 196/196/132 195/195/131 164/164/100
f 164/164/100 163/163/99 196/196/132
f 198/198/133 196/196/132 163/163/99
f 163/163/99 165/165/101 198/198/133
f 199/199/134 198/198/133 165/165/101
f 165/165/101 166/166/102 199/199/134
f 200/200/135 199/199/134 166/166/102
f 166/166/102 167/167/103 200/200/135
f 201/201/136 200/200/135 167/167/103
f 167/167/103 168/168/104 201/201/136
f 202/202/137 201/201/136 168/168/104
f 168/168/104 169/169/105 202/202/137
f 203/203/138 202/202/137 169/169/105
f 169/169/105 170/170/106 203/203/138
f 204/204/139 203/203/138 170/170/106
f 170/170/106 171/171/107 204/204/139
f 205/205/140 204/204/139 171/171/107
f 171/171/107 172/172/108 205/205/140
f 206/206/141 205/205/140 172/172/108
f 172/172/108 173/173/109 206/206/141
f 207/207/142 206/206/141 173/173/109
f 173/173/109 174/174/110 207/207/142
f 208/208/143 207/207/142 174/174/110
f 174/174/110 175/175/111 208/208/143
f 209/209/144 208/208/143 175/175/111
f 175/175/111 176/176/112 209/209/144
f 210/210/145 209/209/144 176/176/112
f 176/176/112 177/177/113 210/210/145
f 211/211/146 210/210/145 177/177/113
f 177/177/113 178/178/114 211/211/146
f 212/212/147 211/211/146 178/178/114
f 178/178/114 179/179/115 212/212/147
f 213/213/148 212/212/147 179/179/115
f 179/179/115 180/180/116 213/213/148
f 214/214/149 213/213/148 180/180/116
f 180/180/116 181/181/117 214/214/149
f 215/215/150 214/214/149 181/181/117
f 181/181/117 182/182/118 215/215/150
f 216/216/151 215/215/150 182/182/118
f 182/182/118 183/183/119 216/216/151
f 217/217/152 216/216/151 183/183/119
f 183/183/119 184/184/120 217/217/152
f 218/218/153 217/217/152 184/184/120
f 184/184/120 185/185/121 218/218/153
f 219/219/154 218/218/153 185/185/121
f 185/185/121 186/186/122 219/219/154
f 220/220/155 219/219/154 186/186/122
f 186/186/122 187/187/123 220/220/155
f 221/221/156 220/220/155 187/187/123
f 187/187/123 188/188/124 221/221/156
f 222/222/157 221/221/156 188/188/124
f 188/188/124 189/189/125 222/222/157
f 223/223/158 222/222/157 189/189/125
f 189/189/125 190/190/126 223/223/158
f 224/224/159 223/223/158 190/190/126
f 190/190/126 191/191/127 224/224/159
f 225/225/160 224/224/159 191/191/127
f 191/191/127 192/192/128 225/225/160
f 226/226/161 225/225/160 192/192/128
f 192/192/128 193/193/129 226/226/161
f 227/227/162 226/226/161 193/193/129
f 193/193/129 194/194/130 227/227/162
f 195/195/131 227/227/162 194/194/130
f 194/194/130 164/164/100 195/195/131
f 764/677/473 765/678/474 766/679/475
f 766/679/475 767/680/476 764/677/473
f 768/681/477 769/682/478 770/683/479
f 770/683/479 771/684/480 768/681/477
f 772/685/481 773/686/482 774/687/483
f 774/687/483 775/688/484 772/685/481
f 776/689/485 777/690/486 778/691/487
f 778/691/487 779/692/488 776/689/485
f 780/693/489 781/694/490 782/695/491
f 782/695/491 783/696/492 780/693/489
f 784/697/493 785/698/494 786/699/495
f 786/699/495 787/700/496 784/697/493
f 788/701/497 789/702/498 790/703/499
f 790/703/499 791/704/500 788/701/497
f 792/705/501 793/706/502 794/707/503
f 794/707/503 795/708/504 792/705/501
f 796/709/505 797/710/506 798/711/507
f 798/711/507 799/712/508 796/709/505
f 800/713/509 801/714/510 802/715/511
f 802/715/511 803/716/512 800/713/509
f 804/717/513 805/718/514 806/719/515
f 806/719/515 807/720/516 804/717/513
f 808/721/517 809/722/518 810/723/519
f 810/723/519 811/724/520 808/721/517
f 812/725/521 813/726/522 814/727/523
f 814/727/523 815/728/524 812/725/521
f 816/729/525 817/730/526 818/731/527
f 818/731/527 819/732/528 816/729/525
f 820/733/529 821/734/530 822/735/531
f 822/735/531 823/736/532 820/733/529
f 824/737/533 825/738/534 826/739/535
f 826/739/535 827/740/536 824/737/533
f 766/679/475 825/738/534 824/737/533
f 824/737/533 767/680/476 766/679/475
f 771/684/480 775/688/484 774/687/483
f 774/687/483 768/681/477 771/684/480
f 779/692/488 783/696/492 782/695/491
f 782/695/491 776/689/485 779/692/488
f 787/700/496 791/704/500 790/703/499
f 790/703/499 784/697/493 787/700/496
f 795/708/504 799/712/508 798/711/507
f 798/711/507 792/705/501 795/708/504
f 803/716/512 807/720/516 806/719/515
f 806/719/515 800/713/509 803/716/512
f 811/724/520 815/728/524 814/727/523
f 814/727/523 808/721/517 811/724/520
f 819/732/528 823/736/532 822/735/531
f 822/735/531 816/729/525 819/732/528
f 766/679/475 765/678/474 826/739/535
f 826/739/535 825/738/534 766/679/475
f 806/719/515 805/718/514 801/714/510
f 801/714/510 800/713/509 806/719/515
f 798/711/507 797/710/506 793/706/502
f 793/706/502 792/705/501 798/711/507
f 790/703/499 789/702/498 785/698/494
f 785/698/494 784/697/493 790/703/499
f 782/695/491 781/694/490 777/690/486
f 777/690/486 776/689/485 782/695/491
f 774/687/483 773/686/482 769/682/478
f 769/682/478 768/681/477 774/687/483
f 822/735/531 821/734/530 817/730/526
f 817/730/526 816/729/525 822/735/531
f 814/727/523 813/726/522 809/722/518
f 809/722/518 808/721/517 814/727/523
f 828/741/537 829/742/538 765/678/474
f 765/678/474 764/677/473 828/741/537
f 826/739/535 765/678/474 829/742/538
f 829/742/538 830/743/539 826/739/535
f 830/743/539 831/744/540 827/740/536
f 827/740/536 826/739/535 830/743/539
f 832/745/541 833/746/542 773/686/482
f 773/686/482 772/685/481 832/745/541
f 769/682/478 773/686/482 833/746/542
f 833/746/542 834/747/543 769/682/478
f 834/747/543 835/748/544 770/683/479
f 770/683/479 769/682/478 834/747/543
f 836/749/545 837/750/546 781/694/490
f 781/694/490 780/693/489 836/749/545
f 777/690/486 781/694/490 837/750/546
f 837/750/546 838/751/547 777/690/486
f 838/751/547 839/752/548 778/691/487
f 778/691/487 777/690/486 838/751/547
f 840/753/549 841/754/550 789/702/498
f 789/702/498 788/701/497 840/753/549
f 785/698/494 789/702/498 841/754/550
f 841/754/550 842/755/551 785/698/494
f 842/755/551 843/756/552 786/699/495
f 786/699/495 785/698/494 842/755/551
f 844/757/553 845/758/554 797/710/506
f 797/710/506 796/709/505 844/757/553
f 793/706/502 797/710/506 845/758/554
f 845/758/554 846/759/555 793/706/502
f 846/759/555 847/760/556 794/707/503
f 794/707/503 793/706/502 846/759/555
f 848/761/557 849/762/558 805/718/514
f 805/718/514 804/717/513 848/761/557
f 801/714/510 805/718/514 849/762/558
f 849/762/558 850/763/559 801/714/510
f 850/763/559 851/764/560 802/715/511
f 802/715/511 801/714/510 850/763/559
f 852/765/561 853/766/562 813/726/522
f 813/726/522 812/725/521 852/765/561
f 809/722/518 813/726/522 853/766/562
f 853/766/562 854/767/563 809/722/518
f 854/767/563 855/768/564 810/723/519
f 810/723/519 809/722/518 854/767/563
f 856/769/565 857/770/566 821/734/530
f 821/734/530 820/733/529 856/769/565
f 817/730/526 821/734/530 857/770/566
f 857/770/566 858/771/567 817/730/526
f 858/771/567 859/772/568 818/731/527
f 818/731/527 817/730/526 858/771/567
f 835/748/544 834/747/543 829/742/538
f 829/742/538 828/741/537 835/748/544
f 839/752/548 838/751/547 833/746/542
f 833/746/542 832/745/541 839/752/548
f 843/756/552 842/755/551 837/750/546
f 837/750/546 836/749/545 843/756/552
f 847/760/556 846/759/555 841/754/550
f 841/754/550 840/753/549 847/760/556
f 851/764/560 850/763/559 845/758/554
f 845/758/554 844/757/553 851/764/560
f 855/768/564 854/767/563 849/762/558
f 849/762/558 848/761/557 855/768/564
f 859/772/568 858/771/567 853/766/562
f 853/766/562 852/765/561 859/772/568
f 831/744/540 830/743/539 857/770/566
f 857/770/566 856/769/565 831/744/540
f 860/773/569 861/774/570 862/775/571
f 862/775/571 863/776/572 864/777/573
f 860/773/569 862/775/571 864/777/573
f 860/773/569 864/777/573 865/778/574
f 866/779/575 867/780/576 868/781/577
f 868/781/577 860/773/569 865/778/574
f 865/778/574 869/782/578 870/783/579
f 868/781/577 865/778/574 870/783/579
f 870/783/579 871/784/580 872/785/581
f 872/785/581 873/786/582 874/787/583
f 870/783/579 872/785/581 874/787/583
f 874/787/583 875/788/584 876/789/585
f 876/789/585 877/790/586 878/791/587
f 874/787/583 876/789/585 878/791/587
f 870/783/579 874/787/583 878/791/587
f 868/781/577 870/783/579 878/791/587
f 866/779/575 868/781/577 878/791/587
f 866/779/575 878/791/587 879/792/588
f 880/793/589 881/794/590 882/795/591
f 882/795/591 883/796/592 880/793/589
f 884/797/593 885/798/594 881/794/590
f 881/794/590 880/793/589 884/797/593
f 886/799/595 887/800/596 885/798/594
f 885/798/594 884/797/593 886/799/595
f 888/801/597 889/802/598 890/803/599
f 890/803/599 891/804/600 888/801/597
f 892/805/601 893/806/602 889/802/598
f 889/802/598 888/801/597 892/805/601
f 894/807/603 895/808/604 893/806/602
f 893/806/602 892/805/601 894/807/603
f 896/809/605 897/810/606 895/808/604
f 895/808/604 894/807/603 896/809/605
f 883/796/592 882/795/591 897/810/606
f 897/810/606 896/809/605 883/796/592
f 898/811/607 899/812/607 900/813/607
f 900/813/607 901/814/607 902/815/607
f 902/815/607 903/816/607 904/817/608
f 900/813/607 902/815/607 904/817/608
f 904/817/608 905/818/609 906/819/610
f 906/819/610 907/820/611 908/821/612
f 904/817/608 906/819/610 908/821/612
f 908/821/612 909/822/607 910/823/607
f 910/823/607 911/824/607 912/825/607
f 908/821/612 910/823/607 912/825/607
f 904/817/608 908/821/612 912/825/607
f 900/813/607 904/817/608 912/825/607
f 898/811/607 900/813/607 912/825/607
f 913/826/607 898/811/607 912/825/607
f 914/827/613 870/783/579 869/782/578
f 869/782/578 915/828/614 916/829/615
f 914/827/613 869/782/578 916/829/615
f 917/830/616 914/827/613 916/829/615
f 918/831/617 868/781/577 867/780/576
f 867/780/576 919/832/618 920/833/619
f 918/831/617 867/780/576 920/833/619
f 921/834/620 918/831/617 920/833/619
f 922/835/621 866/779/575 879/792/588
f 879/792/588 923/836/622 924/837/623
f 922/835/621 879/792/588 924/837/623
f 925/838/624 922/835/621 924/837/623
f 926/839/625 878/791/587 877/790/586
f 877/790/586 927/840/626 928/841/627
f 926/839/625 877/790/586 928/841/627
f 929/842/628 926/839/625 928/841/627
f 930/843/629 876/789/585 875/788/584
f 875/788/584 931/844/630 932/845/631
f 930/843/629 875/788/584 932/845/631
f 933/846/632 930/843/629 932/845/631
f 934/847/633 874/787/583 873/786/582
f 873/786/582 935/848/634 936/849/635
f 934/847/633 873/786/582 936/849/635
f 937/850/636 934/847/633 936/849/635
f 938/851/637 872/785/581 871/784/580
f 871/784/580 939/852/638 940/853/639
f 938/851/637 871/784/580 940/853/639
f 941/854/640 938/851/637 940/853/639
f 830/743/539 829/742/538 913/826/607
f 913/826/607 912/825/607 830/743/539
f 829/742/538 834/747/543 898/811/607
f 898/811/607 913/826/607 829/742/538
f 834/747/543 833/746/542 899/812/607
f 899/812/607 898/811/607 834/747/543
f 833/746/542 838/751/547 900/813/607
f 900/813/607 899/812/607 833/746/542
f 838/751/547 837/750/546 901/814/607
f 901/814/607 900/813/607 838/751/547
f 837/750/546 842/755/551 902/815/607
f 902/815/607 901/814/607 837/750/546
f 842/755/551 841/754/550 903/816/607
f 903/816/607 902/815/607 842/755/551
f 841/754/550 846/759/555 904/817/608
f 904/817/608 903/816/607 841/754/550
f 846/759/555 845/758/554 905/818/609
f 905/818/609 904/817/608 846/759/555
f 845/758/554 850/763/559 906/819/610
f 906/819/610 905/818/609 845/758/554
f 850/763/559 849/762/558 907/820/611
f 907/820/611 906/819/610 850/763/559
f 849/762/558 854/767/563 908/821/612
f 908/821/612 907/820/611 849/762/558
f 854/767/563 853/766/562 909/822/607
f 909/822/607 908/821/612 854/767/563
f 853/766/562 858/771/567 910/823/607
f 910/823/607 909/822/607 853/766/562
f 858/771/567 857/770/566 911/824/607
f 911/824/607 910/823/607 858/771/567
f 857/770/566 830/743/539 912/825/607
f 912/825/607 911/824/607 857/770/566
f 942/855/641 943/856/65 944/857/642
f 945/858/643 943/856/65 946/859/644
f 947/860/645 943/856/65 948/861/646
f 949/862/647 943/856/65 950/863/648
f 951/864/649 943/856/65 952/865/650
f 953/866/651 943/856/65 954/867/652
f 955/868/653 943/856/65 956/869/654
f 957/870/655 943/856/65 958/871/656
f 958/871/656 943/856/65 942/855/641
f 944/857/642 943/856/65 945/858/643
f 946/859/644 943/856/65 947/860/645
f 948/861/646 943/856/65 949/862/647
f 950/863/648 943/856/65 951/864/649
f 952/865/650 943/856/65 953/866/651
f 954/867/652 943/856/65 955/868/653
f 956/869/654 943/856/65 957/870/655
f 959/872/657 960/873/658 961/874/66
f 962/875/659 963/876/660 961/874/66
f 964/877/661 965/878/662 961/874/66
f 966/879/663 967/880/664 961/874/66
f 968/881/665 969/882/666 961/874/66
f 970/883/667 971/884/668 961/874/66
f 972/885/669 973/886/670 961/874/66
f 974/887/671 975/888/672 961/874/66
f 975/888/672 959/872/657 961/874/66
f 960/873/658 962/875/659 961/874/66
f 963/876/660 964/877/661 961/874/66
f 965/878/662 966/879/663 961/874/66
f 967/880/664 968/881/665 961/874/66
f 969/882/666 970/883/667 961/874/66
f 971/884/668 972/885/669 961/874/66
f 973/886/670 974/887/671 961/874/66
f 976/889/673 977/890/674 978/891/675
f 978/891/675 979/892/676 980/893/677
f 976/889/673 978/891/675 980/893/677
f 976/889/673 980/893/677 981/894/678
f 982/895/679 983/896/680 984/897/681
f 984/897/681 985/898/682 982/895/679
f 976/889/673 986/899/683 987/900/684
f 987/900/684 977/890/674 976/889/673
f 988/901/685 989/902/686 990/903/687
f 990/903/687 991/904/676 988/901/685
f 992/905/677 993/906/688 994/907/689
f 994/907/689 995/908/690 992/905/677
f 996/909/678 997/910/691 983/896/680
f 983/896/680 982/895/679 998/911/692
f 996/909/678 983/896/680 998/911/692
f 996/909/678 998/911/692 999/912/693
f 987/900/684 985/898/682 989/902/686
f 990/903/687 984/897/681 993/906/688
f 983/896/680 994/907/689 993/906/688
f 993/906/688 984/897/681 983/896/680
f 984/897/681 990/903/687 989/902/686
f 989/902/686 985/898/682 984/897/681
f 985/898/682 987/900/684 986/899/683
f 986/899/683 982/895/679 985/898/682
f 987/900/684 989/902/686 988/901/685
f 988/901/685 1000/913/674 987/900/684
f 990/903/687 993/906/688 1001/914/694
f 1001/914/694 991/904/676 990/903/687
f 1002/915/695 1003/916/696 1004/917/697
f 1004/917/697 1005/918/698 1006/919/699
f 1002/915/695 1004/917/697 1006/919/699
f 1002/915/695 1006/919/699 1007/920/700
f 1008/921/701 1009/922/702 1010/923/703
f 1010/923/703 1011/924/704 1008/921/701
f 1002/915/695 1012/925/705 1013/926/706
f 1013/926/706 1003/916/696 1002/915/695
f 1014/927/707 1015/928/708 1016/929/709
f 1016/929/709 1017/930/710 1014/927/707
f 1018/931/711 1019/932/712 1020/933/713
f 1020/933/713 1021/934/714 1018/931/711
f 1022/935/715 1023/936/716 1009/922/702
f 1009/922/702 1008/921/701 1024/937/717
f 1022/935/715 1009/922/702 1024/937/717
f 1022/935/715 1024/937/717 1025/938/718
f 1013/926/706 1011/924/704 1015/928/708
f 1016/929/709 1010/923/703 1019/932/712
f 1009/922/702 1020/933/713 1019/932/712
f 1019/932/712 1010/923/703 1009/922/702
f 1010/923/703 1016/929/709 1015/928/708
f 1015/928/708 1011/924/704 1010/923/703
f 1011/924/704 1013/926/706 1012/925/705
f 1012/925/705 1008/921/701 1011/924/704
f 1013/926/706 1015/928/708 1014/927/707
f 1014/927/707 1026/939/719 1013/926/706
f 1016/929/709 1019/932/712 1027/940/711
f 1027/940/711 1017/930/710 1016/929/709
f 1028/941/720 1029/942/721 1030/943/722
f 1030/943/722 1031/944/723 1032/945/724
f 1028/941/720 1030/943/722 1032/945/724
f 1028/941/720 1032/945/724 1033/946/725
f 1034/947/726 1035/948/727 1036/949/728
f 1036/949/728 1037/950/729 1034/947/726
f 1028/941/720 1038/951/730 1039/952/731
f 1039/952/731 1029/942/721 1028/941/720
f 1040/953/732 1041/954/733 1042/955/734
f 1042/955/734 1043/956/723 1040/953/732
f 1044/957/735 1045/958/736 1046/959/737
f 1046/959/737 1047/960/738 1044/957/735
f 1048/961/725 1049/962/739 1035/948/727
f 1035/948/727 1034/947/726 1050/963/740
f 1048/961/725 1035/948/727 1050/963/740
f 1048/961/725 1050/963/740 1051/964/741
f 1039/952/731 1037/950/729 1041/954/733
f 1042/955/734 1036/949/728 1045/958/736
f 1035/948/727 1046/959/737 1045/958/736
f 1045/958/736 1036/949/728 1035/948/727
f 1036/949/728 1042/955/734 1041/954/733
f 1041/954/733 1037/950/729 1036/949/728
f 1037/950/729 1039/952/731 1038/951/730
f 1038/951/730 1034/947/726 1037/950/729
f 1039/952/731 1041/954/733 1040/953/732
f 1040/953/732 1052/965/742 1039/952/731
f 1042/955/734 1045/958/736 1053/966/735
f 1053/966/735 1043/956/723 1042/955/734
f 1054/967/743 1055/968/744 1056/969/745
f 1056/969/745 1057/970/746 1058/971/747
f 1054/967/743 1056/969/745 1058/971/747
f 1054/967/743 1058/971/747 1059/972/748
f 1060/973/749 1061/974/750 1062/975/751
f 1062/975/751 1063/976/752 1060/973/749
f 1054/967/743 1064/977/753 1065/978/754
f 1065/978/754 1055/968/744 1054/967/743
f 1066/979/755 1067/980/756 1068/981/757
f 1068/981/757 1069/982/758 1066/979/755
f 1070/983/747 1071/984/759 1072/985/760
f 1072/985/760 1073/986/761 1070/983/747
f 1074/987/762 1075/988/763 1061/974/750
f 1061/974/750 1060/973/749 1076/989/764
f 1074/987/762 1061/974/750 1076/989/764
f 1074/987/762 1076/989/764 1077/990/765
f 1065/978/754 1063/976/752 1067/980/756
f 1068/981/757 1062/975/751 1071/984/759
f 1061/974/750 1072/985/760 1071/984/759
f 1071/984/759 1062/975/751 1061/974/750
f 1062/975/751 1068/981/757 1067/980/756
f 1067/980/756 1063/976/752 1062/975/751
f 1063/976/752 1065/978/754 1064/977/753
f 1064/977/753 1060/973/749 1063/976/752
f 1065/978/754 1067/980/756 1066/979/755
f 1066/979/755 1078/991/766 1065/978/754
f 1068/981/757 1071/984/759 1079/992/747
f 1079/992/747 1069/982/758 1068/981/757
f 1080/993/767 1081/994/768 1082/995/769
f 1082/995/769 1083/996/770 1084/997/771
f 1080/993/767 1082/995/769 1084/997/771
f 1080/993/767 1084/997/771 1085/998/772
f 1086/999/773 1087/1000/774 1088/1001/775
f 1088/1001/775 1089/1002/776 1086/999/773
f 1080/993/767 1090/1003/777 1091/1004/778
f 1091/1004/778 1081/994/768 1080/993/767
f 1092/1005/769 1093/1006/779 1094/1007/780
f 1094/1007/780 1095/1008/781 1092/1005/769
f 1096/1009/771 1097/1010/782 1098/1011/783
f 1098/1011/783 1099/1012/784 1096/1009/771
f 1100/1013/772 1101/1014/785 1087/1000/774
f 1087/1000/774 1086/999/773 1102/1015/786
f 1100/1013/772 1087/1000/774 1102/1015/786
f 1100/1013/772 1102/1015/786 1103/1016/787
f 1091/1004/778 1089/1002/776 1093/1006/779
f 1094/1007/780 1088/1001/775 1097/1010/782
f 1087/1000/774 1098/1011/783 1097/1010/782
f 1097/1010/782 1088/1001/775 1087/1000/774
f 1088/1001/775 1094/1007/780 1093/1006/779
f 1093/1006/779 1089/1002/776 1088/1001/775
f 1089/1002/776 1091/1004/778 1090/1003/777
f 1090/1003/777 1086/999/773 1089/1002/776
f 1091/1004/778 1093/1006/779 1092/1005/769
f 1092/1005/769 1104/1017/768 1091/1004/778
f 1094/1007/780 1097/1010/782 1105/1018/788
f 1105/1018/788 1095/1008/781 1094/1007/780
f 1106/1019/789 1107/1020/790 1108/1021/791
f 1108/1021/791 1109/1022/792 1110/1023/793
f 1106/1019/789 1108/1021/791 1110/1023/793
f 1106/1019/789 1110/1023/793 1111/1024/794
f 1112/1025/795 1113/1026/796 1114/1027/797
f 1114/1027/797 1115/1028/798 1112/1025/795
f 1106/1019/789 1116/1029/799 1117/1030/800
f 1117/1030/800 1107/1020/790 1106/1019/789
f 1118/1031/801 1119/1032/802 1120/1033/803
f 1120/1033/803 1121/1034/804 1118/1031/801
f 1122/1035/793 1123/1036/805 1124/1037/806
f 1124/1037/806 1125/1038/807 1122/1035/793
f 1126/1039/808 1127/1040/809 1113/1026/796
f 1113/1026/796 1112/1025/795 1128/1041/810
f 1126/1039/808 1113/1026/796 1128/1041/810
f 1126/1039/808 1128/1041/810 1129/1042/811
f 1117/1030/800 1115/1028/798 1119/1032/802
f 1120/1033/803 1114/1027/797 1123/1036/805
f 1113/1026/796 1124/1037/806 1123/1036/805
f 1123/1036/805 1114/1027/797 1113/1026/796
f 1114/1027/797 1120/1033/803 1119/1032/802
f 1119/1032/802 1115/1028/798 1114/1027/797
f 1115/1028/798 1117/1030/800 1116/1029/799
f 1116/1029/799 1112/1025/795 1115/1028/798
f 1117/1030/800 1119/1032/802 1118/1031/801
f 1118/1031/801 1130/1043/812 1117/1030/800
f 1120/1033/803 1123/1036/805 1131/1044/813
f 1131/1044/813 1121/1034/804 1120/1033/803
f 1132/1045/814 1133/1046/815 1134/1047/816
f 1134/1047/816 1135/1048/817 1136/1049/818
f 1132/1045/814 1134/1047/816 1136/1049/818
f 1132/1045/814 1136/1049/818 1137/1050/819
f 1138/1051/820 1139/1052/821 1140/1053/822
f 1140/1053/822 1141/1054/823 1138/1051/820
f 1132/1045/814 1142/1055/824 1143/1056/825
f 1143/1056/825 1133/1046/815 1132/1045/814
f 1144/1057/826 1145/1058/827 1146/1059/828
f 1146/1059/828 1147/1060/817 1144/1057/826
f 1148/1061/829 1149/1062/830 1150/1063/831
f 1150/1063/831 1151/1064/832 1148/1061/829
f 1152/1065/819 1153/1066/833 1139/1052/821
f 1139/1052/821 1138/1051/820 1154/1067/834
f 1152/1065/819 1139/1052/821 1154/1067/834
f 1152/1065/819 1154/1067/834 1155/1068/835
f 1143/1056/825 1141/1054/823 1145/1058/827
f 1146/1059/828 1140/1053/822 1149/1062/830
f 1139/1052/821 1150/1063/831 1149/1062/830
f 1149/1062/830 1140/1053/822 1139/1052/821
f 1140/1053/822 1146/1059/828 1145/1058/827
f 1145/1058/827 1141/1054/823 1140/1053/822
f 1141/1054/823 1143/1056/825 1142/1055/824
f 1142/1055/824 1138/1051/820 1141/1054/823
f 1143/1056/825 1145/1058/827 1144/1057/826
f 1144/1057/826 1156/1069/836 1143/1056/825
f 1146/1059/828 1149/1062/830 1157/1070/837
f 1157/1070/837 1147/1060/817 1146/1059/828
f 1158/1071/838 1159/1072/839 1160/1073/840
f 1160/1073/840 1161/1074/841 1162/1075/842
f 1158/1071/838 1160/1073/840 1162/1075/842
f 1158/1071/838 1162/1075/842 1163/1076/843
f 1164/1077/844 1165/1078/845 1166/1079/846
f 1166/1079/846 1167/1080/847 1164/1077/844
f 1158/1071/838 1168/1081/848 1169/1082/849
f 1169/1082/849 1159/1072/839 1158/1071/838
f 1170/1083/850 1171/1084/851 1172/1085/852
f 1172/1085/852 1173/1086/853 1170/1083/850
f 1174/1087/842 1175/1088/854 1176/1089/855
f 1176/1089/855 1177/1090/856 1174/1087/842
f 1178/1091/857 1179/1092/858 1165/1078/845
f 1165/1078/845 1164/1077/844 1180/1093/859
f 1178/1091/857 1165/1078/845 1180/1093/859
f 1178/1091/857 1180/1093/859 1181/1094/838
f 1169/1082/849 1167/1080/847 1171/1084/851
f 1172/1085/852 1166/1079/846 1175/1088/854
f 1165/1078/845 1176/1089/855 1175/1088/854
f 1175/1088/854 1166/1079/846 1165/1078/845
f 1166/1079/846 1172/1085/852 1171/1084/851
f 1171/1084/851 1167/1080/847 1166/1079/846
f 1167/1080/847 1169/1082/849 1168/1081/848
f 1168/1081/848 1164/1077/844 1167/1080/847
f 1169/1082/849 1171/1084/851 1170/1083/850
f 1170/1083/850 1182/1095/860 1169/1082/849
f 1172/1085/852 1175/1088/854 1183/1096/842
f 1183/1096/842 1173/1086/853 1172/1085/852
f 1184/1097/163 1185/1098/861 1186/1099/862
f 1186/1099/862 1187/1100/166 1184/1097/163
f 1188/1101/167 1189/1102/863 1185/1098/861
f 1185/1098/861 1184/1097/163 1188/1101/167
f 1190/1103/169 1191/1104/864 1189/1102/863
f 1189/1102/863 1188/1101/167 1190/1103/169
f 1192/1105/197 1193/1106/865 1191/1104/864
f 1191/1104/864 1190/1103/169 1192/1105/197
f 1194/1107/866 1195/1108/867 1196/1109/865
f 1196/1109/865 1197/1110/171 1194/1107/866
f 1198/1111/175 1199/1112/868 1195/1108/867
f 1195/1108/867 1194/1107/866 1198/1111/175
f 1200/1113/177 1201/1114/869 1199/1112/868
f 1199/1112/868 1198/1111/175 1200/1113/177
f 1202/1115/179 1203/1116/870 1201/1114/869
f 1201/1114/869 1200/1113/177 1202/1115/179
f 1204/1117/181 1205/1118/871 1203/1116/870
f 1203/1116/870 1202/1115/179 1204/1117/181
f 1206/1119/183 1207/1120/872 1205/1118/871
f 1205/1118/871 1204/1117/181 1206/1119/183
f 1208/1121/202 1209/1122/873 1207/1120/872
f 1207/1120/872 1206/1119/183 1208/1121/202
f 1210/1123/187 1211/1124/874 1209/1122/873
f 1209/1122/873 1208/1121/202 1210/1123/187
f 1212/1125/875 1213/1126/876 1211/1124/874
f 1211/1124/874 1210/1123/187 1212/1125/875
f 1214/1127/191 1215/1128/877 1213/1126/876
f 1213/1126/876 1212/1125/875 1214/1127/191
f 1216/1129/209 1217/1130/878 1215/1128/877
f 1215/1128/877 1214/1127/191 1216/1129/209
f 1187/1100/166 1186/1099/862 1217/1130/878
f 1217/1130/878 1216/1129/209 1187/1100/166
f 1218/1131/66 1219/1132/879 1220/1133/66
f 1220/1133/66 1221/1134/66 1222/1135/66
f 1222/1135/66 1223/1136/880 1224/1137/66
f 1220/1133/66 1222/1135/66 1224/1137/66
f 1224/1137/66 1225/1138/66 1226/1139/66
f 1226/1139/66 1227/1140/880 1228/1141/66
f 1224/1137/66 1226/1139/66 1228/1141/66
f 1228/1141/66 1229/1142/66 1230/1143/66
f 1230/1143/66 1231/1144/879 1232/1145/66
f 1228/1141/66 1230/1143/66 1232/1145/66
f 1224/1137/66 1228/1141/66 1232/1145/66
f 1220/1133/66 1224/1137/66 1232/1145/66
f 1218/1131/66 1220/1133/66 1232/1145/66
f 1233/1146/66 1218/1131/66 1232/1145/66
f 1234/1147/881 1235/1148/882 1186/1099/862
f 1186/1099/862 1185/1098/861 1234/1147/881
f 1236/1149/883 1234/1147/881 1185/1098/861
f 1185/1098/861 1189/1102/863 1236/1149/883
f 1237/1150/884 1236/1149/883 1189/1102/863
f 1189/1102/863 1191/1104/864 1237/1150/884
f 1238/1151/885 1237/1150/884 1191/1104/864
f 1191/1104/864 1193/1106/865 1238/1151/885
f 1239/1152/886 1240/1153/885 1196/1109/865
f 1196/1109/865 1195/1108/867 1239/1152/886
f 1241/1154/887 1239/1152/886 1195/1108/867
f 1195/1108/867 1199/1112/868 1241/1154/887
f 1242/1155/888 1241/1154/887 1199/1112/868
f 1199/1112/868 1201/1114/869 1242/1155/888
f 1243/1156/889 1242/1155/888 1201/1114/869
f 1201/1114/869 1203/1116/870 1243/1156/889
f 1244/1157/890 1243/1156/889 1203/1116/870
f 1203/1116/870 1205/1118/871 1244/1157/890
f 1245/1158/891 1244/1157/890 1205/1118/871
f 1205/1118/871 1207/1120/872 1245/1158/891
f 1246/1159/892 1245/1158/891 1207/1120/872
f 1207/1120/872 1209/1122/873 1246/1159/892
f 1247/1160/893 1246/1159/892 1209/1122/873
f 1209/1122/873 1211/1124/874 1247/1160/893
f 1248/1161/894 1247/1160/893 1211/1124/874
f 1211/1124/874 1213/1126/876 1248/1161/894
f 1249/1162/895 1248/1161/894 1213/1126/876
f 1213/1126/876 1215/1128/877 1249/1162/895
f 1250/1163/896 1249/1162/895 1215/1128/877
f 1215/1128/877 1217/1130/878 1250/1163/896
f 1235/1148/882 1250/1163/896 1217/1130/878
f 1217/1130/878 1186/1099/862 1235/1148/882
f 1251/1164/897 1252/1165/898 1235/1148/882
f 1235/1148/882 1234/1147/881 1251/1164/897
f 1253/1166/899 1251/1164/897 1234/1147/881
f 1234/1147/881 1236/1149/883 1253/1166/899
f 1254/1167/900 1253/1166/899 1236/1149/883
f 1236/1149/883 1237/1150/884 1254/1167/900
f 1255/1168/901 1254/1167/900 1237/1150/884
f 1237/1150/884 1238/1151/885 1255/1168/901
f 1256/1169/902 1257/1170/903 1240/1153/885
f 1240/1153/885 1239/1152/886 1256/1169/902
f 1258/1171/904 1256/1169/902 1239/1152/886
f 1239/1152/886 1241/1154/887 1258/1171/904
f 1259/1172/905 1258/1171/904 1241/1154/887
f 1241/1154/887 1242/1155/888 1259/1172/905
f 1260/1173/906 1259/1172/905 1242/1155/888
f 1242/1155/888 1243/1156/889 1260/1173/906
f 1261/1174/907 1260/1173/906 1243/1156/889
f 1243/1156/889 1244/1157/890 1261/1174/907
f 1262/1175/908 1261/1174/907 1244/1157/890
f 1244/1157/890 1245/1158/891 1262/1175/908
f 1263/1141/909 1262/1175/908 1245/1158/891
f 1245/1158/891 1246/1159/892 1263/1141/909
f 1264/1142/910 1263/1141/909 1246/1159/892
f 1246/1159/892 1247/1160/893 1264/1142/910
f 1265/1176/911 1264/1142/910 1247/1160/893
f 1247/1160/893 1248/1161/894 1265/1176/911
f 1266/1177/912 1265/1176/911 1248/1161/894
f 1248/1161/894 1249/1162/895 1266/1177/912
f 1267/1178/913 1266/1177/912 1249/1162/895
f 1249/1162/895 1250/1163/896 1267/1178/913
f 1252/1165/898 1267/1178/913 1250/1163/896
f 1250/1163/896 1235/1148/882 1252/1165/898
f 1268/1179/914 1269/1180/915 1270/1181/163
f 1270/1181/163 1271/1182/418 1268/1179/914
f 1269/1180/915 1272/1183/916 1273/1184/167
f 1273/1184/167 1270/1181/163 1269/1180/915
f 1272/1183/916 1274/1185/917 1275/1186/196
f 1275/1186/196 1273/1184/167 1272/1183/916
f 1274/1185/917 1276/1187/918 1277/1188/171
f 1277/1188/171 1275/1186/196 1274/1185/917
f 1276/1187/918 1278/1189/919 1279/1190/173
f 1279/1190/173 1277/1188/171 1276/1187/918
f 1278/1189/919 1280/1191/920 1281/1192/175
f 1281/1192/175 1279/1190/173 1278/1189/919
f 1280/1191/920 1282/1193/921 1283/1194/200
f 1283/1194/200 1281/1192/175 1280/1191/920
f 1282/1193/921 1284/1195/922 1285/1196/383
f 1285/1196/383 1283/1194/200 1282/1193/921
f 1284/1195/922 1286/1197/923 1287/1198/181
f 1287/1198/181 1285/1196/383 1284/1195/922
f 1286/1197/923 1288/1199/924 1289/1200/183
f 1289/1200/183 1287/1198/181 1286/1197/923
f 1288/1199/924 1290/1201/925 1291/1202/202
f 1291/1202/202 1289/1200/183 1288/1199/924
f 1290/1201/925 1292/1203/926 1293/1204/187
f 1293/1204/187 1291/1202/202 1290/1201/925
f 1292/1203/926 1294/1205/927 1295/1206/189
f 1295/1206/189 1293/1204/187 1292/1203/926
f 1294/1205/927 1296/1207/928 1297/1208/191
f 1297/1208/191 1295/1206/189 1294/1205/927
f 1296/1207/928 1298/1209/929 1299/1210/204
f 1299/1210/204 1297/1208/191 1296/1207/928
f 1298/1209/929 1268/1179/914 1271/1182/418
f 1271/1182/418 1299/1210/204 1298/1209/929
f 1300/1211/930 1301/1212/931 1302/1213/932
f 1302/1213/932 1303/1214/933 1304/1215/934
f 1304/1215/934 1305/1216/935 1306/1217/936
f 1302/1213/932 1304/1215/934 1306/1217/936
f 1306/1217/936 1307/1218/937 1308/1219/938
f 1308/1219/938 1309/1220/939 1310/1221/940
f 1306/1217/936 1308/1219/938 1310/1221/940
f 1310/1221/940 1311/1222/941 1312/1223/942
f 1312/1223/942 1313/1224/943 1314/1225/944
f 1310/1221/940 1312/1223/942 1314/1225/944
f 1306/1217/936 1310/1221/940 1314/1225/944
f 1302/1213/932 1306/1217/936 1314/1225/944
f 1300/1211/930 1302/1213/932 1314/1225/944
f 1315/1226/945 1300/1211/930 1314/1225/944
f 1268/1179/914 1316/1227/946 1317/1228/947
f 1317/1228/947 1269/1180/915 1268/1179/914
f 1298/1209/929 1318/1229/948 1316/1227/946
f 1316/1227/946 1268/1179/914 1298/1209/929
f 1296/1207/928 1319/1230/949 1318/1229/948
f 1318/1229/948 1298/1209/929 1296/1207/928
f 1294/1205/927 1320/1231/950 1319/1230/949
f 1319/1230/949 1296/1207/928 1294/1205/927
f 1292/1203/926 1321/1232/951 1320/1231/950
f 1320/1231/950 1294/1205/927 1292/1203/926
f 1290/1201/925 1322/1233/952 1321/1232/951
f 1321/1232/951 1292/1203/926 1290/1201/925
f 1288/1199/924 1323/1234/953 1322/1233/952
f 1322/1233/952 1290/1201/925 1288/1199/924
f 1286/1197/923 1324/1235/954 1323/1234/953
f 1323/1234/953 1288/1199/924 1286/1197/923
f 1284/1195/922 1325/1236/955 1324/1235/954
f 1324/1235/954 1286/1197/923 1284/1195/922
f 1282/1193/921 1326/1237/956 1325/1236/955
f 1325/1236/955 1284/1195/922 1282/1193/921
f 1280/1191/920 1327/1238/957 1326/1237/956
f 1326/1237/956 1282/1193/921 1280/1191/920
f 1278/1189/919 1328/1239/958 1327/1238/957
f 1327/1238/957 1280/1191/920 1278/1189/919
f 1276/1187/918 1329/1240/959 1328/1239/958
f 1328/1239/958 1278/1189/919 1276/1187/918
f 1274/1185/917 1330/1241/960 1329/1240/959
f 1329/1240/959 1276/1187/918 1274/1185/917
f 1272/1183/916 1331/1242/961 1330/1241/960
f 1330/1241/960 1274/1185/917 1272/1183/916
f 1269/1180/915 1317/1228/947 1331/1242/961
f 1331/1242/961 1272/1183/916 1269/1180/915
f 1314/1225/944 1313/1224/943 1317/1228/947
f 1317/1228/947 1316/1227/946 1314/1225/944
f 1315/1226/945 1314/1225/944 1316/1227/946
f 1316/1227/946 1318/1229/948 1315/1226/945
f 1300/1211/930 1315/1226/945 1318/1229/948
f 1318/1229/948 1319/1230/949 1300/1211/930
f 1301/1212/931 1300/1211/930 1319/1230/949
f 1319/1230/949 1320/1231/950 1301/1212/931
f 1302/1213/932 1301/1212/931 1320/1231/950
f 1320/1231/950 1321/1232/951 1302/1213/932
f 1303/1214/933 1302/1213/932 1321/1232/951
f 1321/1232/951 1322/1233/952 1303/1214/933
f 1304/1215/934 1303/1214/933 1322/1233/952
f 1322/1233/952 1323/1234/953 1304/1215/934
f 1305/1216/935 1304/1215/934 1323/1234/953
f 1323/1234/953 1324/1235/954 1305/1216/935
f 1306/1217/936 1305/1216/935 1324/1235/954
f 1324/1235/954 1325/1236/955 1306/1217/936
f 1307/1218/937 1306/1217/936 1325/1236/955
f 1325/1236/955 1326/1237/956 1307/1218/937
f 1308/1219/938 1307/1218/937 1326/1237/956
f 1326/1237/956 1327/1238/957 1308/1219/938
f 1309/1220/939 1308/1219/938 1327/1238/957
f 1327/1238/957 1328/1239/958 1309/1220/939
f 1310/1221/940 1309/1220/939 1328/1239/958
f 1328/1239/958 1329/1240/959 1310/1221/940
f 1311/1222/941 1310/1221/940 1329/1240/959
f 1329/1240/959 1330/1241/960 1311/1222/941
f 1312/1223/942 1311/1222/941 1330/1241/960
f 1330/1241/960 1331/1242/961 1312/1223/942
f 1313/1224/943 1312/1223/942 1331/1242/961
f 1331/1242/961 1317/1228/947 1313/1224/943
f 1332/1243/962 1333/1244/962 1334/1245/962
f 1334/1245/962 1335/1246/962 1332/1243/962
f 1336/1246/607 1337/1245/607 1338/1247/607
f 1338/1247/607 1339/1248/607 1336/1246/607
f 1340/1244/963 1341/1243/963 1342/1249/963
f 1342/1249/963 1343/1250/963 1340/1244/963
f 1344/1251/964 1345/1252/964 1346/1253/964
f 1346/1253/964 1347/1254/964 1344/1251/964
f 1348/1255/965 1349/1256/965 1350/1257/965
f 1350/1257/965 1351/1258/965 1348/1255/965
f 1352/1251/966 1353/1254/966 1354/1259/966
f 1354/1259/966 1355/1260/966 1352/1251/966
f 1356/1254/967 1357/1253/968 1358/1261/969
f 1358/1261/969 1359/1262/970 1356/1254/967
f 1360/1252/971 1361/1251/972 1362/1255/971
f 1362/1255/971 1363/1258/973 1360/1252/971
f 1364/1263/974 1365/1264/974 1366/1265/974
f 1366/1265/974 1367/1266/974 1364/1263/974
f 1368/1266/256 1369/1265/256 1370/1267/256
f 1370/1267/256 1371/1268/256 1368/1266/256
f 1372/1264/257 1373/1263/257 1374/1269/257
f 1374/1269/257 1375/1270/257 1372/1264/257
f 1376/1271/975 1377/1272/975 1378/1273/975
f 1378/1273/975 1379/1274/975 1376/1271/975
f 1380/1275/976 1381/1276/976 1382/1277/976
f 1382/1277/976 1383/1278/976 1380/1275/976
f 1384/1271/977 1385/1274/977 1386/1279/977
f 1386/1279/977 1387/1280/977 1384/1271/977
f 1388/1274/978 1389/1273/979 1390/1281/978
f 1390/1281/978 1391/1282/980 1388/1274/978
f 1392/1272/981 1393/1271/982 1394/1275/981
f 1394/1275/981 1395/1278/983 1392/1272/981
f 1396/1283/984 1397/1284/984 1398/1285/984
f 1398/1285/984 1399/1286/984 1396/1283/984
f 1400/1286/245 1401/1285/245 1402/1287/245
f 1402/1287/245 1403/1288/245 1400/1286/245
f 1404/1284/206 1405/1283/206 1406/1289/206
f 1406/1289/206 1407/1290/206 1404/1284/206
f 1408/1291/985 1409/1292/985 1410/1293/985
f 1410/1293/985 1411/1294/985 1408/1291/985
f 1412/1295/986 1413/1296/986 1414/1297/986
f 1414/1297/986 1415/1298/986 1412/1295/986
f 1416/1291/987 1417/1294/987 1418/1299/987
f 1418/1299/987 1419/1300/987 1416/1291/987
f 1420/1294/988 1421/1293/989 1422/1301/990
f 1422/1301/990 1423/1302/991 1420/1294/988
f 1424/1292/992 1425/1291/993 1426/1295/992
f 1426/1295/992 1427/1298/994 1424/1292/992
f 1428/1303/995 1429/1304/995 1430/1305/995
f 1430/1305/995 1431/1306/995 1428/1303/995
f 1432/1306/405 1433/1305/405 1434/1307/405
f 1434/1307/405 1435/1308/405 1432/1306/405
f 1436/1304/406 1437/1303/406 1438/1309/406
f 1438/1309/406 1439/1310/406 1436/1304/406
f 1440/1311/996 1441/1312/996 1442/1313/996
f 1442/1313/996 1443/1314/996 1440/1311/996
f 1444/1315/997 1445/1316/997 1446/1317/997
f 1446/1317/997 1447/1318/997 1444/1315/997
f 1448/1311/998 1449/1314/998 1450/1319/998
f 1450/1319/998 1451/1320/998 1448/1311/998
f 1452/1314/999 1453/1313/1000 1454/1321/1001
f 1454/1321/1001 1455/1322/1002 1452/1314/999
f 1456/1312/1003 1457/1311/1004 1458/1315/1003
f 1458/1315/1003 1459/1318/1005 1456/1312/1003
f 1460/1323/1006 1461/1324/1006 1462/1325/1006
f 1462/1325/1006 1463/1326/1006 1460/1323/1006
f 1464/1326/963 1465/1325/963 1466/1327/963
f 1466/1327/963 1467/1328/963 1464/1326/963
f 1468/1324/607 1469/1323/607 1470/1329/607
f 1470/1329/607 1471/1330/607 1468/1324/607
f 1472/435/1007 1473/434/1007 1474/439/1007
f 1474/439/1007 1475/438/1007 1472/435/1007
f 1476/432/1008 1477/1331/1008 1478/1332/1008
f 1478/1332/1008 1479/433/1008 1476/432/1008
