# Blender 5.1.0
# www.blender.org
mtllib vaz 2017 kuzov3 .mtl
o Object_2
v 0.810002 0.673083 0.028632
v 0.810017 0.673067 0.030802
v 0.809987 0.673099 0.026462
v 0.810556 0.656817 0.030683
v 0.810556 0.656817 0.030683
v 0.810527 0.656848 0.026343
v 0.810527 0.656848 0.026343
v 0.811965 0.656896 0.026333
v 0.811980 0.656880 0.028503
v 0.811995 0.656865 0.030673
v 0.811426 0.673146 0.026453
v 0.811426 0.673146 0.026453
v 0.811455 0.673115 0.030793
v 0.811455 0.673115 0.030793
v 0.810648 0.649492 0.028459
v 0.812087 0.653655 0.028479
v 0.812087 0.653655 0.028479
v 0.811998 0.655217 0.022812
v 0.811998 0.655217 0.022812
v 0.810527 0.651619 0.020740
v 0.811831 0.659401 0.018686
v 0.811831 0.659401 0.018686
v 0.810301 0.657318 0.015119
v 0.811633 0.665087 0.017207
v 0.811633 0.665087 0.017207
v 0.810030 0.665064 0.013104
v 0.811455 0.670751 0.018770
v 0.811455 0.670751 0.018770
v 0.809788 0.672780 0.015234
v 0.811345 0.674876 0.022958
v 0.811345 0.674876 0.022958
v 0.809638 0.678399 0.020938
v 0.811334 0.676356 0.028647
v 0.811334 0.676356 0.028647
v 0.809622 0.680415 0.028688
v 0.811422 0.674795 0.034314
v 0.811422 0.674795 0.034314
v 0.809743 0.678288 0.036407
v 0.811589 0.670610 0.038440
v 0.811589 0.670610 0.038440
v 0.809969 0.672588 0.042027
v 0.811787 0.664924 0.039920
v 0.811787 0.664924 0.039920
v 0.810240 0.664842 0.044043
v 0.811966 0.659260 0.038356
v 0.811966 0.659260 0.038356
v 0.810483 0.657126 0.041913
v 0.812075 0.655135 0.034169
v 0.812075 0.655135 0.034169
v 0.810632 0.651508 0.036209
v 0.654536 0.374601 2.041173
v -0.145811 0.374541 2.050645
v 0.142066 0.395535 2.042695
v -0.144830 0.394638 2.042161
v 0.654531 0.395469 2.032378
v 0.654529 0.394579 2.032379
v 0.529557 0.394631 2.035829
v 0.179233 0.394630 2.041663
v 0.178994 0.374554 2.050212
v 0.000000 0.391048 1.974431
v 0.000000 0.396603 1.978770
v 0.000000 0.396603 1.978770
v 0.654520 0.396603 1.976546
v 0.654373 0.396813 1.976888
v 0.657398 0.391151 1.970632
v 0.529896 0.390995 1.974101
v 0.529557 0.396603 1.978933
v 0.179085 0.396603 1.980450
v 0.179160 0.396593 1.980462
v 0.182300 0.390999 1.976035
v 0.366063 0.396841 1.998180
v 0.371526 0.396841 1.999644
v 0.375526 0.396841 2.003644
v 0.376990 0.396841 2.009107
v 0.375526 0.396841 2.014570
v 0.371526 0.396841 2.018570
v 0.366063 0.396841 2.020034
v 0.360599 0.396841 2.018570
v 0.356600 0.396841 2.014570
v 0.355136 0.396841 2.009107
v 0.356600 0.396841 2.003644
v 0.360599 0.396841 1.999644
v 0.366063 0.400856 2.009107
v 0.366063 0.400856 2.009107
v 0.366063 0.400856 2.009107
v 0.366063 0.400856 2.009107
v 0.366063 0.400856 2.009107
v 0.366063 0.400856 2.009107
v 0.366063 0.400856 2.009107
v 0.366063 0.400856 2.009107
v 0.366063 0.400856 2.009107
v 0.366063 0.400856 2.009107
v 0.366063 0.400856 2.009107
v 0.366063 0.400856 2.009107
v 0.740627 0.333199 1.936892
v 0.739900 0.327757 1.938249
v 0.738726 0.323783 1.942099
v 0.737422 0.322343 1.947411
v 0.736335 0.323822 1.952761
v 0.735759 0.327824 1.956716
v 0.735846 0.333277 1.958216
v 0.736573 0.338720 1.956859
v 0.737747 0.342694 1.953008
v 0.739051 0.344134 1.947697
v 0.740138 0.342655 1.942346
v 0.740714 0.338652 1.938392
v 0.742143 0.332935 1.948431
v 0.742143 0.332935 1.948431
v 0.742143 0.332935 1.948431
v 0.742143 0.332935 1.948431
v 0.742143 0.332935 1.948431
v 0.742143 0.332935 1.948431
v 0.742143 0.332935 1.948431
v 0.742143 0.332935 1.948431
v 0.742143 0.332935 1.948431
v 0.742143 0.332935 1.948431
v 0.742143 0.332935 1.948431
v 0.742143 0.332935 1.948431
v 0.644967 0.403278 -2.076891
v -0.000000 0.403222 -2.087279
v -0.000000 0.426456 -2.078020
v -0.076498 0.425415 -2.077490
v 0.644964 0.426036 -2.067564
v 0.644961 0.425386 -2.067141
v 0.000000 0.421458 -2.002685
v 0.000000 0.427584 -2.007470
v 0.000000 0.427584 -2.007470
v 0.644958 0.427584 -2.005863
v 0.644871 0.427877 -2.005905
v 0.648017 0.422146 -1.999209
v 0.148496 0.425405 -2.076419
v 0.148497 0.425404 -2.076418
v 0.475194 0.427584 -2.007586
v 0.148498 0.427584 -2.008763
v 0.148635 0.427547 -2.008806
v 0.148715 0.421464 -2.003774
v 0.744509 0.355814 -1.929474
v 0.743892 0.350371 -1.930885
v 0.743028 0.346398 -1.934816
v 0.742149 0.344957 -1.940215
v 0.741491 0.346437 -1.945634
v 0.741230 0.350439 -1.949623
v 0.741436 0.355892 -1.951111
v 0.742054 0.361334 -1.949700
v 0.742918 0.365308 -1.945769
v 0.743796 0.366748 -1.940370
v 0.744454 0.365269 -1.934951
v 0.744715 0.361267 -1.930962
v 0.746937 0.355549 -1.940856
v 0.746937 0.355549 -1.940856
v 0.746937 0.355549 -1.940856
v 0.746937 0.355549 -1.940856
v 0.746937 0.355549 -1.940856
v 0.746937 0.355549 -1.940856
v 0.746937 0.355549 -1.940856
v 0.746937 0.355549 -1.940856
v 0.746937 0.355549 -1.940856
v 0.746937 0.355549 -1.940856
v 0.746937 0.355549 -1.940856
v 0.746937 0.355549 -1.940856
v 0.365914 0.427629 -2.026778
v 0.371377 0.427629 -2.028242
v 0.375377 0.427629 -2.032242
v 0.376841 0.427629 -2.037705
v 0.375377 0.427629 -2.043169
v 0.371377 0.427629 -2.047168
v 0.365914 0.427629 -2.048632
v 0.360450 0.427629 -2.047168
v 0.356451 0.427629 -2.043169
v 0.354987 0.427629 -2.037705
v 0.356451 0.427629 -2.032242
v 0.360450 0.427629 -2.028242
v 0.365914 0.431645 -2.037705
v 0.365914 0.431645 -2.037705
v 0.365914 0.431645 -2.037705
v 0.365914 0.431645 -2.037705
v 0.365914 0.431645 -2.037705
v 0.365914 0.431645 -2.037705
v 0.365914 0.431645 -2.037705
v 0.365914 0.431645 -2.037705
v 0.365914 0.431645 -2.037705
v 0.365914 0.431645 -2.037705
v 0.365914 0.431645 -2.037705
v 0.365914 0.431645 -2.037705
v 0.307343 0.599850 1.997090
v 0.307343 0.664321 1.997252
v 0.307343 0.536311 1.989152
v 0.304871 0.494217 1.981747
v 0.304652 0.714339 1.993829
v 0.107993 0.715639 1.996148
v 0.000000 0.732826 2.017446
v 0.171777 0.732407 2.017098
v -0.158743 0.732865 2.017566
v 0.308929 0.731352 2.015120
v 0.308946 0.732080 2.015592
v -0.309098 0.470921 2.001600
v -0.309119 0.471656 2.001121
v 0.309305 0.471236 2.001431
v 0.326090 0.714222 2.017037
v 0.326892 0.713860 2.017003
v 0.321524 0.726544 2.016414
v 0.321078 0.726251 2.015971
v 0.326942 0.488658 2.003957
v 0.326234 0.488487 2.004003
v 0.309128 0.471660 2.001122
v 0.321708 0.476295 2.002201
v 0.321244 0.476650 2.001802
v 0.326193 0.521287 2.010151
v 0.326137 0.672300 2.019714
v 0.326507 0.596208 2.019800
v 0.326162 0.596260 2.019520
v 0.309358 0.618482 2.021770
v 0.308726 0.600066 2.021337
v 0.309369 0.665194 2.020837
v 0.309269 0.500025 2.007267
v 0.308926 0.501701 2.007914
v 0.307157 0.494064 2.005440
v 0.307303 0.494032 2.005379
v 0.301393 0.492106 2.004831
v 0.301394 0.492106 2.004832
v 0.307642 0.714152 2.017633
v 0.307441 0.714002 2.017853
v 0.309375 0.707065 2.017952
v 0.309375 0.707065 2.017952
v 0.301030 0.716548 2.017213
v 0.301708 0.715728 2.017410
v 0.174599 0.717174 2.018801
v 0.000000 0.717781 2.019570
v -0.079949 0.717566 2.019841
v 0.078896 0.736814 1.999644
v -0.124071 0.736822 1.999383
v 0.078054 0.732443 1.994989
v 0.175412 0.736283 1.998881
v -0.308183 0.476883 1.978776
v 0.309798 0.471473 1.983043
v 0.318266 0.472679 1.983194
v 0.328269 0.716755 1.998532
v 0.325176 0.726776 1.998072
v 0.323557 0.715208 1.993665
v 0.308066 0.731006 1.992260
v 0.309797 0.735445 1.997064
v 0.309797 0.735445 1.997064
v 0.319029 0.726365 1.993271
v 0.322859 0.729939 1.998076
v 0.308174 0.476880 1.978776
v 0.323471 0.492048 1.980995
v 0.328269 0.489800 1.985360
v 0.328269 0.489800 1.985360
v 0.318962 0.481291 1.979441
v 0.322859 0.476841 1.983722
v 0.323513 0.673134 1.996935
v 0.328269 0.675321 2.001925
v 0.328269 0.675321 2.001925
v 0.328269 0.521820 1.992205
v 0.328269 0.521820 1.992205
v 0.323470 0.525304 1.987583
v 0.323483 0.598667 1.996748
v 0.328269 0.598011 2.001727
v 0.328269 0.598011 2.001727
v 0.075606 0.703003 2.022721
v 0.075620 0.672436 2.023918
v 0.000000 0.698761 2.023676
v -0.074880 0.698764 2.022951
v -0.000001 0.676664 2.024547
v -0.074842 0.676667 2.023818
v 0.292564 0.677131 2.019803
v 0.292329 0.676933 2.019924
v 0.292563 0.698331 2.018990
v 0.292482 0.698495 2.019087
v 0.295724 0.703017 2.020454
v 0.296386 0.702732 2.018778
v 0.296959 0.701554 2.018818
v 0.296959 0.673920 2.019901
v 0.296232 0.672701 2.019946
v 0.295599 0.672448 2.020485
v 0.075618 0.704083 2.004836
v 0.075621 0.673515 2.006033
v 0.074856 0.699844 2.005067
v -0.074807 0.677746 2.005934
v 0.292621 0.678252 2.002032
v 0.292293 0.699560 2.001198
v 0.296197 0.703797 2.000889
v 0.296524 0.674019 2.002053
v -0.075615 0.660228 2.024076
v -0.027419 0.629763 2.015631
v 0.027408 0.629761 2.015610
v -0.000001 0.656004 2.024812
v 0.074827 0.656002 2.024085
v -0.027405 0.633978 2.015751
v -0.027386 0.633981 2.015726
v 0.292565 0.634448 2.019744
v 0.292388 0.634296 2.019874
v 0.292565 0.655573 2.020086
v 0.292567 0.655659 2.020200
v 0.295621 0.660243 2.020644
v 0.296470 0.659884 2.020113
v 0.296959 0.658783 2.020097
v 0.296468 0.630231 2.019518
v 0.296292 0.630079 2.019658
v -0.075606 0.661307 2.006191
v 0.000000 0.630836 2.005780
v 0.074838 0.657082 2.006201
v -0.000000 0.635053 2.005920
v 0.292704 0.635686 2.001995
v 0.292421 0.656672 2.002311
v 0.296323 0.660898 2.002225
v 0.296607 0.631468 2.001779
v -0.027408 0.617596 2.015063
v -0.027389 0.617599 2.015038
v 0.027417 0.587199 2.013452
v 0.027408 0.587198 2.013432
v -0.027413 0.613386 2.014859
v 0.027405 0.613384 2.014839
v 0.027405 0.591410 2.013659
v -0.027387 0.591413 2.013635
v 0.292570 0.591875 2.017809
v 0.292406 0.591739 2.017795
v 0.292570 0.612952 2.018941
v 0.292623 0.612990 2.018934
v 0.296473 0.617165 2.019054
v 0.296526 0.617202 2.019072
v 0.296473 0.587666 2.017467
v 0.296310 0.587528 2.017480
v 0.000000 0.618671 2.005234
v 0.000000 0.588273 2.003602
v 0.000000 0.614459 2.005008
v 0.000000 0.592485 2.003828
v 0.292719 0.593137 1.999922
v 0.292520 0.613956 2.001043
v 0.296423 0.618168 2.001181
v 0.296622 0.588926 1.999608
v -0.027408 0.575045 2.012675
v -0.027391 0.575049 2.012651
v 0.074888 0.544714 2.017940
v -0.075404 0.544715 2.017886
v 0.027411 0.570840 2.012385
v 0.027406 0.570839 2.012366
v -0.074672 0.548913 2.018346
v 0.291880 0.548973 2.015659
v 0.292583 0.549307 2.014492
v 0.293055 0.550387 2.014593
v 0.292565 0.570420 2.016306
v 0.292393 0.570552 2.016453
v 0.296468 0.574626 2.016533
v 0.296296 0.574758 2.016688
v 0.296466 0.545199 2.013784
v 0.296485 0.545109 2.013953
v 0.000004 0.576120 2.002846
v 0.075405 0.545795 2.000000
v 0.000000 0.571914 2.002535
v -0.074640 0.549993 2.000461
v 0.292447 0.550453 1.996612
v 0.292711 0.571302 1.998538
v 0.296614 0.575507 1.998774
v 0.296351 0.546255 1.996073
v 0.000000 0.532608 2.016477
v 0.000000 0.532608 2.016477
v -0.074888 0.502372 2.012022
v -0.075193 0.502376 2.011971
v 0.000000 0.528416 2.015928
v 0.000000 0.528416 2.015928
v 0.074482 0.506561 2.012653
v -0.074785 0.506574 2.012588
v 0.291815 0.506587 2.009399
v 0.292504 0.506884 2.008805
v 0.293055 0.508030 2.008970
v 0.292564 0.528007 2.011779
v 0.292335 0.528183 2.011943
v 0.296467 0.532202 2.012217
v 0.296238 0.532376 2.012416
v 0.296369 0.502568 2.008310
v 0.296408 0.502699 2.008044
v 0.000000 0.533681 1.998592
v -0.075214 0.503456 1.994086
v 0.000000 0.529489 1.998042
v 0.074496 0.507640 1.994768
v 0.292323 0.507976 1.990919
v 0.292629 0.529003 1.994023
v 0.296532 0.533196 1.994496
v 0.296227 0.503793 1.990158
v 0.133392 0.698771 2.022120
v 0.133364 0.676674 2.022987
v 0.133402 0.677747 2.005101
v 0.033732 0.629749 2.023120
v 0.134967 0.629767 2.022764
v 0.133464 0.633984 2.022918
v 0.034427 0.633980 2.024080
v 0.110888 0.631325 2.005212
v 0.108185 0.635597 2.005392
v 0.135093 0.660235 2.023226
v 0.135063 0.661308 2.005341
v 0.034529 0.587196 2.021895
v 0.134990 0.587203 2.020586
v 0.133501 0.591415 2.020830
v 0.034435 0.591413 2.021991
v 0.110889 0.588762 2.003033
v 0.108930 0.592955 2.003284
v 0.134991 0.617601 2.022218
v 0.034544 0.617595 2.023528
v 0.033529 0.613376 2.022123
v 0.133454 0.613389 2.022011
v 0.110900 0.619160 2.004665
v 0.108211 0.615004 2.004483
v 0.134991 0.575050 2.019828
v 0.034539 0.575043 2.021141
v 0.034433 0.570844 2.020704
v 0.133497 0.570844 2.019531
v 0.109986 0.576681 2.002299
v 0.108869 0.572384 2.001986
v 0.135055 0.544722 2.017032
v 0.133401 0.548920 2.017510
v 0.133374 0.549993 1.999625
v 0.135103 0.502383 2.011112
v 0.135053 0.503457 1.993228
v 0.034005 0.617599 2.022921
v 0.034005 0.613387 2.022702
v 0.034005 0.587201 2.021289
v 0.034005 0.591412 2.021521
v 0.034005 0.575048 2.020532
v 0.034005 0.570841 2.020227
v 0.034005 0.629764 2.023467
v 0.034005 0.633981 2.023613
v 0.027323 0.633981 2.015649
v 0.027323 0.633981 2.015649
v 0.027323 0.617599 2.014958
v 0.027323 0.617599 2.014958
v 0.027323 0.575048 2.012570
v 0.027323 0.575048 2.012570
v 0.027323 0.591412 2.013557
v 0.002846 0.505005 2.004771
v 0.002846 0.700437 2.015867
v 0.002846 0.700437 2.015867
v -0.002846 0.700437 2.015867
v 0.002846 0.505254 2.003501
v -0.002846 0.612747 2.019911
v 0.002846 0.553647 2.013105
v 0.002846 0.629278 2.019984
v 0.002846 0.602301 2.018502
v 0.002846 0.651239 2.019288
v 0.002846 0.700394 2.006462
v 0.002846 0.505211 1.994095
v 0.002846 0.553605 2.003699
v 0.002846 0.602258 2.009096
v 0.002846 0.651196 2.009882
v 0.062052 0.700548 2.017143
v 0.062048 0.700435 2.015465
v 0.062048 0.505252 2.003098
v 0.062048 0.505252 2.003098
v 0.062048 0.575406 2.016171
v 0.062048 0.553646 2.012702
v 0.062048 0.602299 2.018099
v 0.062048 0.651237 2.018885
v 0.062048 0.700393 2.006059
v 0.062048 0.505210 1.993692
v 0.062048 0.553603 2.003296
v 0.062048 0.602257 2.008693
v 0.062048 0.651195 2.009480
v 0.056356 0.700436 2.015537
v 0.056356 0.700436 2.015537
v 0.056359 0.504929 2.004822
v 0.056356 0.505252 2.003170
v 0.056356 0.553646 2.012774
v 0.056353 0.624813 2.019408
v 0.056356 0.602299 2.018171
v 0.056356 0.651237 2.018957
v 0.056356 0.700393 2.006131
v 0.056356 0.505210 1.993764
v 0.056356 0.553604 2.003369
v 0.056356 0.602257 2.008766
v 0.056356 0.651195 2.009552
v 0.121257 0.700543 2.016020
v 0.121251 0.700431 2.014341
v 0.121251 0.505248 2.001974
v 0.121251 0.505248 2.001974
v 0.121249 0.575525 2.015063
v 0.121251 0.553641 2.011578
v 0.121251 0.602295 2.016975
v 0.121251 0.651233 2.017761
v 0.121251 0.700388 2.004935
v 0.121251 0.505205 1.992568
v 0.121251 0.553599 2.002173
v 0.121251 0.602252 2.007570
v 0.121251 0.651190 2.008356
v 0.115558 0.700431 2.014477
v 0.115558 0.700431 2.014477
v 0.115564 0.504925 2.003762
v 0.115558 0.505248 2.002110
v 0.115558 0.553642 2.011714
v 0.115553 0.624815 2.018348
v 0.115558 0.602295 2.017111
v 0.115558 0.651233 2.017897
v 0.115558 0.700389 2.005071
v 0.115558 0.505206 1.992704
v 0.115558 0.553599 2.002308
v 0.115558 0.602253 2.007705
v 0.115558 0.651191 2.008492
v 0.180462 0.700536 2.014301
v 0.180453 0.700424 2.012622
v 0.180453 0.505241 2.000256
v 0.180453 0.505241 2.000256
v 0.180451 0.575667 2.013363
v 0.180453 0.553634 2.009860
v 0.180453 0.602288 2.015257
v 0.180453 0.651226 2.016043
v 0.180453 0.700382 2.003217
v 0.180453 0.505198 1.990850
v 0.180453 0.553592 2.000454
v 0.180453 0.602245 2.005852
v 0.180453 0.651183 2.006638
v 0.174760 0.700425 2.012810
v 0.174760 0.700425 2.012810
v 0.174769 0.504919 2.002095
v 0.174760 0.505242 2.000443
v 0.174760 0.553635 2.010047
v 0.174753 0.624818 2.016681
v 0.174760 0.602289 2.015444
v 0.174760 0.651227 2.016230
v 0.174760 0.700382 2.003404
v 0.174760 0.505199 1.991038
v 0.174760 0.553593 2.000642
v 0.174760 0.602246 2.006039
v 0.174760 0.651184 2.006825
v 0.239666 0.700527 2.012111
v 0.239655 0.700415 2.010432
v 0.239655 0.505232 1.998066
v 0.239655 0.505232 1.998066
v 0.239653 0.575798 2.011190
v 0.239655 0.553626 2.007670
v 0.239655 0.602279 2.013067
v 0.239655 0.651217 2.013853
v 0.239655 0.700373 2.001031
v 0.239655 0.505190 1.988664
v 0.239655 0.553583 1.998268
v 0.239655 0.602237 2.003665
v 0.239655 0.651175 2.004452
v 0.233963 0.700416 2.010660
v 0.233963 0.700416 2.010660
v 0.233973 0.504910 1.999945
v 0.233963 0.505233 1.998293
v 0.233963 0.553627 2.007897
v 0.233954 0.624813 2.014531
v 0.233963 0.602280 2.013294
v 0.233963 0.651218 2.014080
v 0.233963 0.700374 2.001258
v 0.233963 0.505190 1.988891
v 0.233963 0.553584 1.998495
v 0.233963 0.602238 2.003893
v 0.233963 0.651176 2.004679
v 0.018357 0.633249 2.026459
v 0.015734 0.635303 2.025656
v 0.016319 0.636177 2.026349
v 0.016319 0.636177 2.026349
v 0.019768 0.634266 2.026253
v 0.019096 0.634071 2.027114
v 0.016319 0.567413 2.022938
v 0.016319 0.567413 2.022939
v 0.019768 0.569324 2.023034
v 0.018963 0.569461 2.024086
v 0.021369 0.567770 2.022959
v 0.017636 0.565751 2.022856
v 0.019725 0.566906 2.022578
v 0.017636 0.637839 2.026431
v 0.020188 0.636532 2.026126
v 0.021369 0.635820 2.026333
v 0.022930 0.565532 2.016387
v 0.019193 0.563509 2.016287
v 0.021457 0.564557 2.016062
v 0.019193 0.640720 2.020115
v 0.021313 0.639652 2.019747
v 0.022930 0.638697 2.020016
v 0.024645 0.562709 2.016246
v 0.020911 0.560700 2.016147
v 0.024171 0.561334 2.016179
v 0.020911 0.643529 2.020255
v 0.024005 0.642707 2.020214
v 0.024645 0.641520 2.020154
v 0.024161 0.562163 2.009154
v 0.024437 0.642615 2.013144
v 0.017704 0.569912 2.023914
v -0.016319 0.636177 2.026349
v -0.019872 0.636769 2.026082
v -0.019193 0.640720 2.020116
v -0.023858 0.642991 2.020228
v -0.024137 0.643337 2.013180
v -0.015734 0.568352 2.022336
v -0.016319 0.567413 2.022938
v -0.020911 0.560700 2.016148
v -0.023822 0.561507 2.009122
v 0.002048 0.775927 -2.014932
v -0.000000 0.775933 -2.014917
v 0.001938 0.761427 -2.018775
v 0.001938 0.761427 -2.018775
v 0.001929 0.761776 -2.020053
v -0.000000 0.761773 -2.020044
v 0.002040 0.776267 -2.016215
v 0.002040 0.776267 -2.016215
v -0.002048 0.775935 -2.014923
v -0.002040 0.776276 -2.016209
v -0.002027 0.776277 -2.016206
v -0.001937 0.761434 -2.018763
v -0.001924 0.761432 -2.018767
v 0.000000 0.754859 -2.020372
v 0.000000 0.758900 -2.020805
v 0.000000 0.758900 -2.020805
v 0.000000 0.779156 -2.015436
v 0.000000 0.779156 -2.015436
v 0.000000 0.782451 -2.013058
v 0.005288 0.777770 -2.015839
v 0.005288 0.777770 -2.015839
v 0.007219 0.780564 -2.013607
v 0.009095 0.774042 -2.016853
v 0.009095 0.774042 -2.016853
v 0.012404 0.775486 -2.014988
v 0.010460 0.768971 -2.018207
v 0.010460 0.768971 -2.018207
v 0.014264 0.768577 -2.016833
v 0.009017 0.763915 -2.019538
v 0.009017 0.763915 -2.019538
v 0.012299 0.761690 -2.018646
v 0.005154 0.760229 -2.020489
v 0.005154 0.760229 -2.020489
v 0.007037 0.756669 -2.019941
v 0.494732 0.528003 1.909489
v 0.496276 0.528072 1.907921
v 0.458172 0.528070 1.911934
v 0.455224 0.528106 1.911035
v 0.530285 0.526452 1.918918
v 0.530473 0.526459 1.918331
v 0.424186 0.526646 1.926014
v 0.424186 0.526646 1.926014
v 0.393074 0.523412 1.959024
v 0.396099 0.523871 1.950351
v 0.531554 0.650237 1.934499
v 0.531554 0.650237 1.934499
v 0.496001 0.651788 1.925069
v 0.496258 0.651844 1.924782
v 0.459534 0.651936 1.927086
v 0.459441 0.651855 1.927515
v 0.425202 0.650573 1.941039
v 0.425455 0.650432 1.941595
v 0.586749 0.553028 1.957242
v 0.586749 0.553028 1.957242
v 0.587254 0.614455 1.964940
v 0.587734 0.614715 1.964380
v 0.592334 0.583508 1.962523
v 0.593321 0.583423 1.961379
v 0.376979 0.615262 1.975603
v 0.376602 0.615443 1.975261
v 0.376232 0.553848 1.967919
v 0.375852 0.553768 1.967544
v 0.371555 0.584362 1.973719
v 0.371249 0.584400 1.973450
v 0.413873 0.577323 1.933031
v 0.541452 0.600180 1.927413
v 0.593728 0.549793 1.956717
v 0.593728 0.549793 1.956717
v 0.594267 0.617598 1.964926
v 0.594267 0.617598 1.964926
v 0.599684 0.583437 1.962348
v 0.599684 0.583437 1.962348
v 0.370022 0.618489 1.976297
v 0.370022 0.618489 1.976297
v 0.369225 0.550698 1.968102
v 0.369225 0.550698 1.968102
v 0.364237 0.584380 1.974288
v 0.364237 0.584380 1.974288
v 0.593728 0.549793 1.949026
v 0.594267 0.617598 1.957235
v 0.599684 0.583437 1.954657
v 0.370022 0.618489 1.968606
v 0.369225 0.550698 1.960411
v 0.364237 0.584380 1.966597
v 0.393570 0.524094 1.959203
v 0.393570 0.524094 1.959203
v 0.385994 0.528872 1.960841
v 0.385994 0.528872 1.960841
v 0.575893 0.528093 1.951200
v 0.575893 0.528093 1.951200
v 0.568135 0.523417 1.950351
v 0.568135 0.523417 1.950351
v 0.568607 0.522760 1.950015
v 0.561353 0.523568 1.939298
v 0.569376 0.644625 1.965607
v 0.569376 0.644625 1.965607
v 0.569850 0.645325 1.965448
v 0.577031 0.639791 1.965257
v 0.577031 0.639791 1.965257
v 0.562621 0.647354 1.954879
v 0.387153 0.640501 1.974886
v 0.387153 0.640501 1.974886
v 0.394809 0.645298 1.974459
v 0.394340 0.646004 1.974457
v 0.394809 0.645298 1.974459
v 0.397368 0.647656 1.965932
v 0.387283 0.517855 1.958830
v 0.384075 0.518611 1.959210
v 0.379804 0.522683 1.960432
v 0.577913 0.518443 1.949428
v 0.581967 0.521830 1.950170
v 0.574307 0.517105 1.949345
v 0.575631 0.650898 1.965616
v 0.579797 0.649643 1.965410
v 0.583185 0.646025 1.965270
v 0.381052 0.646810 1.975519
v 0.383069 0.649460 1.975391
v 0.388607 0.651645 1.975099
v 0.385143 0.518421 1.951379
v 0.577233 0.518775 1.941728
v 0.581184 0.648647 1.957663
v 0.384482 0.650471 1.967633
v 0.602009 0.648871 1.952590
v 0.602009 0.648871 1.952590
v 0.674843 0.648336 1.950910
v 0.674843 0.648336 1.950910
v 0.673541 0.521335 1.934925
v 0.673541 0.521335 1.934925
v 0.600707 0.521870 1.936604
v 0.600707 0.521870 1.936604
v 0.601347 0.612664 1.928525
v 0.601512 0.621630 1.933155
v 0.600791 0.551286 1.924301
v 0.600791 0.551286 1.924301
v 0.601046 0.587018 1.924292
v 0.673626 0.550752 1.922621
v 0.673626 0.550752 1.922621
v 0.674103 0.606419 1.925042
v 0.674347 0.621096 1.931476
v 0.673880 0.586483 1.922612
v 0.602360 0.646871 1.968451
v 0.601058 0.519870 1.952466
v 0.578110 0.646871 1.964745
v 0.576808 0.519870 1.948759
v 0.586770 0.583370 1.956752
v 0.888801 0.931843 0.719959
v 0.892184 0.928663 0.719441
v 0.751508 0.860133 0.741550
v 0.748181 0.863254 0.742066
v 0.893609 0.866867 0.719236
v 0.883939 0.859107 0.720736
v 0.889623 0.861599 0.719843
v 0.743573 0.920719 0.742797
v 0.753051 0.930116 0.741342
v 0.746832 0.926595 0.742278
v 0.894481 0.916949 0.719080
v 0.896265 0.895681 0.718800
v 0.863321 0.933919 0.724012
v 0.818402 0.934508 0.731099
v 0.780435 0.857118 0.736941
v 0.858165 0.856945 0.724729
v 0.819289 0.855644 0.730801
v 0.743353 0.889265 0.742814
v 0.617978 1.212790 -0.692460
v 0.606772 1.254067 -0.397980
v 0.614748 1.242334 0.398321
v 0.622523 1.212973 0.576308
v 0.608874 1.238673 -0.656610
v 0.618363 1.228556 0.542958
v 0.611245 1.253834 0.077222
v 0.711942 0.819861 0.864725
v 0.712187 0.837441 -0.941360
v 0.598691 1.201727 -0.680462
v 0.588125 1.239650 -0.430342
v 0.596065 1.229354 0.388548
v 0.603732 1.200034 0.566169
v 0.592596 1.220212 -0.656863
v 0.588773 1.229436 -0.626292
v 0.599628 1.215738 0.533033
v 0.592541 1.240641 0.063458
v 0.691379 0.813691 0.849860
v 0.691400 0.831843 -0.928077
v 0.630774 1.175243 -0.703897
v 0.630774 1.175243 -0.703897
v 0.613095 1.239973 -0.458356
v 0.612539 1.240431 -0.458509
v 0.620935 1.231230 0.389007
v 0.620506 1.231546 0.389756
v 0.627591 1.206766 0.559977
v 0.627104 1.207019 0.560275
v 0.617543 1.222022 -0.658284
v 0.617057 1.222307 -0.658514
v 0.613661 1.231236 -0.627852
v 0.613210 1.231587 -0.627884
v 0.624557 1.217503 0.534551
v 0.624092 1.217860 0.534620
v 0.632256 1.187080 0.581508
v 0.632405 1.186341 0.582983
v 0.618169 1.239547 0.181200
v 0.618291 1.239289 0.191165
v 0.622236 1.207119 -0.677887
v 0.621999 1.207306 -0.677960
v 0.614372 1.243994 -0.256092
v 0.613945 1.244368 -0.254687
v 0.716655 0.814256 0.851113
v 0.715761 0.814476 0.851968
v 0.716809 0.831554 -0.927874
v 0.716002 0.831712 -0.928584
v 0.615989 1.243955 -0.037003
v 0.615985 1.243954 -0.036999
v 0.721804 0.826528 0.291397
v 0.714766 0.836320 -0.558286
v 0.717856 0.822662 0.641366
v 0.720284 0.830994 -0.063127
v 0.706707 0.821693 0.857334
v 0.708540 0.836962 -0.924899
v 0.720457 0.830146 -0.007891
v 0.717611 0.838684 0.541067
v 0.705553 0.853152 -0.924904
v 0.717051 0.846027 -0.063126
v 0.703858 0.836794 0.847086
v 0.710775 0.845639 -0.007892
v 0.705391 0.838576 0.543701
v 0.693425 0.852832 -0.924903
v 0.704834 0.846097 -0.063126
v 0.691658 0.836794 0.847086
v 0.709667 0.816940 0.858442
v 0.623456 1.202155 0.579579
v 0.610259 1.247497 0.092058
v 0.617137 1.205331 -0.689229
v 0.616200 1.225798 0.530323
v 0.605760 1.248323 -0.391658
v 0.607811 1.232215 -0.653474
v 0.709996 0.834890 -0.935563
v 0.691660 0.817017 0.858537
v 0.603187 1.206989 0.572178
v 0.591890 1.247980 0.064694
v 0.598099 1.208698 -0.686172
v 0.595447 1.236584 0.392886
v 0.599044 1.222841 0.538729
v 0.587433 1.246978 -0.433693
v 0.591946 1.227357 -0.662351
v 0.588087 1.236668 -0.631493
v 0.691679 0.835339 -0.936118
v 0.662158 1.050523 0.699913
v 0.644127 1.034337 0.692264
v 0.668760 1.035759 0.694355
v 0.696188 0.910338 0.784415
v 0.683987 0.967888 0.743484
v 0.644042 1.039423 0.699693
v 0.668919 1.010682 -0.830507
v 0.692387 0.928421 -0.867515
v 0.692387 0.928421 -0.867515
v 0.658295 1.067030 -0.776650
v 0.657862 1.067662 -0.776560
v -0.000000 1.266402 0.666823
v 0.000000 1.261735 0.669952
v 0.234290 1.255481 0.662633
v 0.226083 1.259627 0.658793
v 0.583717 1.197999 0.634948
v 0.586981 1.201288 0.629287
v 0.661158 0.873990 0.871474
v 0.657202 0.878529 0.871952
v 0.630318 0.874765 0.891889
v 0.633790 0.870126 0.892703
v 0.561364 1.229887 0.625264
v 0.526832 1.233312 0.635709
v 0.558505 1.225550 0.628943
v 0.354277 0.888445 0.956751
v 0.357241 0.892688 0.953963
v 0.189233 0.897508 0.964409
v 0.181575 0.893358 0.967442
v 0.576039 1.218900 0.624729
v 0.574062 1.215699 0.630245
v 0.670226 0.893247 0.845659
v 0.664984 0.896599 0.847723
v 0.513252 0.883336 0.924739
v 0.514186 0.878988 0.926890
v 0.421147 1.246609 0.643031
v 0.422394 1.242822 0.647221
v -0.000000 0.895589 0.971584
v 0.000000 0.899153 0.967947
v 0.606099 1.136694 0.670988
v 0.656075 0.950864 0.801637
v 0.632682 1.043527 0.734623
v 0.602495 1.137101 0.675286
v 0.652502 0.951112 0.806746
v 0.629306 1.043877 0.739873
v 0.558337 1.193767 -0.938841
v 0.562677 1.196724 -0.933758
v 0.224134 1.276229 -0.938704
v 0.229541 1.271299 -0.943819
v 0.418167 1.261010 -0.928063
v 0.419126 1.265674 -0.922646
v 0.535935 1.232726 -0.915522
v 0.532226 1.228986 -0.921453
v 0.490354 1.247351 -0.916104
v 0.493099 1.252366 -0.911074
v 0.000000 1.280323 -0.946966
v 0.000000 1.274804 -0.951226
v 0.000000 0.877969 -1.305888
v -0.000000 0.874232 -1.309693
v 0.439701 0.862412 -1.267551
v 0.582984 0.854572 -1.228125
v 0.578458 0.858767 -1.225936
v 0.461816 0.865617 -1.258919
v 0.233515 0.870205 -1.297329
v 0.352217 0.869819 -1.279056
v 0.235258 0.874093 -1.294005
v 0.273925 0.872326 -1.293832
v 0.656726 0.859729 -1.191277
v 0.651598 0.855505 -1.197630
v 0.658301 0.851251 -1.199775
v 0.663145 0.855342 -1.192369
v 0.602564 1.078244 -1.017377
v 0.640688 0.947384 -1.116983
v 0.634961 0.948614 -1.119004
v 0.596939 1.079182 -1.019463
v 0.656417 0.546714 -1.994063
v 0.665130 0.555758 -1.994176
v 0.662563 0.549318 -1.994176
v 0.665724 0.679140 -2.009012
v 0.657048 0.688114 -2.010307
v 0.663203 0.685419 -2.009810
v 0.319730 0.694561 -2.021301
v 0.310935 0.685861 -2.020566
v 0.313560 0.692080 -2.021202
v 0.309175 0.554664 -2.005025
v 0.318157 0.545919 -2.003916
v 0.311698 0.548794 -2.004767
v 0.487659 0.691360 -2.016941
v 0.438628 0.681535 -2.016668
v 0.438628 0.681535 -2.016668
v 0.438628 0.681535 -2.016668
v 0.393954 0.673447 -2.017104
v 0.402594 0.675578 -2.017152
v 0.402834 0.675578 -2.017122
v 0.410293 0.681535 -2.017441
v 0.374525 0.678879 -2.018235
v 0.385785 0.674158 -2.017414
v 0.378326 0.676644 -2.017921
v 0.372288 0.681535 -2.018608
v 0.322918 0.681535 -2.019962
v 0.322918 0.681535 -2.019962
v 0.322918 0.681535 -2.019962
v 0.322915 0.617879 -2.012368
v 0.322915 0.617879 -2.012368
v 0.322915 0.617879 -2.012368
v 0.438629 0.617879 -2.009107
v 0.438629 0.617879 -2.009107
v 0.438629 0.617879 -2.009107
v 0.322915 0.614942 -2.011907
v 0.322892 0.614951 -2.011831
v 0.322792 0.615001 -2.011638
v 0.438628 0.681535 -1.990884
v 0.398724 0.673958 -1.991250
v 0.410293 0.681535 -1.991657
v 0.376228 0.677547 -1.992325
v 0.322918 0.681535 -1.994179
v 0.348462 0.681535 -2.002287
v 0.414708 0.681535 -2.001223
v 0.381439 0.681535 -1.992582
v 0.415576 0.617879 -1.995893
v 0.392978 0.617827 -1.988075
v 0.347220 0.617879 -1.997187
v 0.347220 0.617879 -1.997187
v 0.381238 0.617879 -1.988066
v 0.490518 0.557658 -1.995470
v 0.490518 0.557658 -1.995470
v 0.490518 0.557658 -1.995470
v 0.407096 0.557658 -1.998165
v 0.407096 0.557658 -1.998165
v 0.407096 0.557658 -1.998165
v 0.404182 0.569475 -2.000668
v 0.398476 0.577329 -2.002327
v 0.399282 0.576057 -2.002034
v 0.392179 0.578898 -2.002761
v 0.331443 0.579253 -2.004501
v 0.328656 0.579224 -2.004744
v 0.325760 0.580816 -2.005188
v 0.399501 0.576879 -1.978961
v 0.407096 0.557658 -1.974916
v 0.407096 0.557658 -1.974916
v 0.320077 0.557658 -2.000300
v 0.320077 0.557658 -2.000300
v 0.491214 0.614942 -2.007164
v 0.491214 0.614942 -2.007164
v 0.491214 0.614942 -2.007164
v 0.321496 0.586029 -2.006104
v 0.321496 0.586029 -2.006104
v 0.490518 0.557658 -1.972220
v 0.428653 0.557723 -1.976676
v 0.361239 0.556522 -1.984027
v 0.449678 0.614942 -1.990897
v 0.449678 0.614942 -1.990897
v 0.405599 0.614942 -1.984510
v 0.405599 0.614942 -1.984510
v 0.361990 0.614942 -1.993685
v 0.361990 0.614942 -1.993685
v 0.329403 0.579226 -1.981432
v 0.321496 0.586029 -1.982854
v 0.494475 0.614942 -2.007072
v 0.494475 0.614942 -2.007072
v 0.494475 0.614942 -2.007072
v 0.642942 0.614942 -2.002889
v 0.642942 0.614942 -2.002889
v 0.642942 0.614942 -2.002889
v 0.494473 0.557658 -1.995459
v 0.494473 0.557658 -1.995459
v 0.494473 0.557658 -1.995459
v 0.642942 0.557658 -1.992356
v 0.642942 0.557658 -1.992356
v 0.642942 0.557658 -1.992356
v 0.543865 0.617879 -2.006141
v 0.543865 0.617879 -2.006141
v 0.543865 0.617879 -2.006141
v 0.543865 0.681535 -2.014312
v 0.543865 0.681535 -2.014312
v 0.543865 0.681535 -2.014312
v 0.645820 0.617879 -2.003267
v 0.646666 0.617519 -2.001031
v 0.645820 0.617879 -2.003267
v 0.631570 0.681535 -2.011514
v 0.631596 0.681437 -2.011473
v 0.631570 0.681535 -2.011514
v 0.642581 0.668830 -2.009473
v 0.642581 0.668830 -2.009473
v 0.656788 0.659950 -2.008007
v 0.656788 0.659950 -2.008007
v 0.655012 0.632246 -2.004797
v 0.655012 0.632246 -2.004797
v 0.565394 0.681535 -2.002457
v 0.583076 0.681496 -1.996265
v 0.621789 0.681535 -2.004939
v 0.593912 0.681535 -1.996576
v 0.625104 0.617879 -1.995085
v 0.564326 0.617879 -1.996743
v 0.587339 0.617865 -1.990058
v 0.594570 0.617879 -1.990542
v 0.531473 0.614942 -1.986943
v 0.531473 0.614942 -1.986943
v 0.610397 0.614942 -1.986076
v 0.610397 0.614942 -1.986076
v 0.570851 0.614942 -1.977842
v 0.570851 0.614942 -1.977842
v 0.611493 0.557658 -1.977586
v 0.611493 0.557658 -1.977586
v 0.530944 0.557658 -1.977917
v 0.530944 0.557658 -1.977917
v 0.571164 0.557658 -1.969822
v 0.571164 0.557658 -1.969822
v 0.703594 0.834651 -0.939556
v 0.685408 0.837211 -1.192464
v 0.706257 0.852017 -0.940351
v 0.679916 0.852018 -1.192285
v 0.686620 0.834639 -1.133732
v 0.681905 0.849694 -1.133732
v 0.670968 0.849694 -1.191796
v 0.698840 0.849694 -0.939574
v 0.675683 0.834639 -1.191796
v 0.704498 0.823035 0.594571
v 0.701015 0.835430 -0.438994
v 0.693150 0.837221 -0.924901
v 0.691658 0.821738 0.847086
v 0.704878 0.830147 -0.007891
v 0.704501 0.830855 -0.063125
v -0.810002 0.673083 0.028632
v -0.810017 0.673067 0.030802
v -0.809987 0.673099 0.026462
v -0.810556 0.656817 0.030683
v -0.810556 0.656817 0.030683
v -0.810527 0.656848 0.026343
v -0.810527 0.656848 0.026343
v -0.811980 0.656880 0.028503
v -0.811965 0.656896 0.026333
v -0.811995 0.656865 0.030673
v -0.811426 0.673146 0.026453
v -0.811426 0.673146 0.026453
v -0.811455 0.673115 0.030793
v -0.811455 0.673115 0.030793
v -0.810648 0.649492 0.028459
v -0.812087 0.653655 0.028479
v -0.812087 0.653655 0.028479
v -0.811998 0.655217 0.022812
v -0.811998 0.655217 0.022812
v -0.810527 0.651619 0.020740
v -0.811831 0.659401 0.018686
v -0.811831 0.659401 0.018686
v -0.810301 0.657318 0.015119
v -0.811633 0.665087 0.017207
v -0.811633 0.665087 0.017207
v -0.810030 0.665064 0.013104
v -0.811455 0.670751 0.018770
v -0.811455 0.670751 0.018770
v -0.809788 0.672780 0.015234
v -0.811345 0.674876 0.022958
v -0.811345 0.674876 0.022958
v -0.809638 0.678399 0.020938
v -0.811334 0.676356 0.028647
v -0.811334 0.676356 0.028647
v -0.809622 0.680415 0.028688
v -0.811422 0.674795 0.034314
v -0.811422 0.674795 0.034314
v -0.809743 0.678288 0.036407
v -0.811589 0.670610 0.038440
v -0.811589 0.670610 0.038440
v -0.809969 0.672588 0.042027
v -0.811787 0.664924 0.039920
v -0.811787 0.664924 0.039920
v -0.810240 0.664842 0.044043
v -0.811966 0.659260 0.038356
v -0.811966 0.659260 0.038356
v -0.810483 0.657126 0.041913
v -0.812075 0.655135 0.034169
v -0.812075 0.655135 0.034169
v -0.810632 0.651508 0.036209
v -0.654536 0.374601 2.041173
v -0.654531 0.395469 2.032378
v -0.654529 0.394579 2.032379
v -0.529557 0.394631 2.035829
v -0.179131 0.394625 2.041655
v -0.654520 0.396603 1.976546
v -0.654373 0.396813 1.976888
v -0.657398 0.391151 1.970632
v -0.529896 0.390995 1.974101
v -0.529557 0.396603 1.978933
v -0.179085 0.396603 1.980450
v -0.179160 0.396593 1.980462
v -0.182300 0.390998 1.976035
v -0.366063 0.396841 1.998180
v -0.371526 0.396841 1.999644
v -0.375526 0.396841 2.003644
v -0.376990 0.396841 2.009107
v -0.375526 0.396841 2.014570
v -0.371526 0.396841 2.018570
v -0.366063 0.396841 2.020034
v -0.360599 0.396841 2.018570
v -0.356600 0.396841 2.014570
v -0.355136 0.396841 2.009107
v -0.356600 0.396841 2.003644
v -0.360599 0.396841 1.999644
v -0.366063 0.400856 2.009107
v -0.366063 0.400856 2.009107
v -0.366063 0.400856 2.009107
v -0.366063 0.400856 2.009107
v -0.366063 0.400856 2.009107
v -0.366063 0.400856 2.009107
v -0.366063 0.400856 2.009107
v -0.366063 0.400856 2.009107
v -0.366063 0.400856 2.009107
v -0.366063 0.400856 2.009107
v -0.366063 0.400856 2.009107
v -0.366063 0.400856 2.009107
v -0.740627 0.333199 1.936892
v -0.739900 0.327757 1.938249
v -0.738726 0.323783 1.942099
v -0.737422 0.322343 1.947411
v -0.736335 0.323822 1.952761
v -0.735759 0.327824 1.956716
v -0.735846 0.333277 1.958216
v -0.736573 0.338720 1.956859
v -0.737747 0.342694 1.953008
v -0.739051 0.344134 1.947697
v -0.740138 0.342655 1.942346
v -0.740714 0.338652 1.938392
v -0.742143 0.332935 1.948431
v -0.742143 0.332935 1.948431
v -0.742143 0.332935 1.948431
v -0.742143 0.332935 1.948431
v -0.742143 0.332935 1.948431
v -0.742143 0.332935 1.948431
v -0.742143 0.332935 1.948431
v -0.742143 0.332935 1.948431
v -0.742143 0.332935 1.948431
v -0.742143 0.332935 1.948431
v -0.742143 0.332935 1.948431
v -0.742143 0.332935 1.948431
v -0.644967 0.403278 -2.076891
v -0.644964 0.426036 -2.067564
v -0.644961 0.425386 -2.067141
v -0.644958 0.427584 -2.005863
v -0.644871 0.427877 -2.005905
v -0.648017 0.422146 -1.999209
v -0.148496 0.425405 -2.076419
v -0.475194 0.427584 -2.007586
v -0.148498 0.427584 -2.008763
v -0.148636 0.427547 -2.008806
v -0.148716 0.421465 -2.003774
v -0.744509 0.355814 -1.929474
v -0.743892 0.350371 -1.930885
v -0.743028 0.346398 -1.934816
v -0.742149 0.344957 -1.940215
v -0.741491 0.346437 -1.945634
v -0.741230 0.350439 -1.949623
v -0.741436 0.355892 -1.951111
v -0.742054 0.361334 -1.949700
v -0.742918 0.365308 -1.945769
v -0.743796 0.366748 -1.940370
v -0.744454 0.365269 -1.934951
v -0.744715 0.361267 -1.930962
v -0.746937 0.355549 -1.940856
v -0.746937 0.355549 -1.940856
v -0.746937 0.355549 -1.940856
v -0.746937 0.355549 -1.940856
v -0.746937 0.355549 -1.940856
v -0.746937 0.355549 -1.940856
v -0.746937 0.355549 -1.940856
v -0.746937 0.355549 -1.940856
v -0.746937 0.355549 -1.940856
v -0.746937 0.355549 -1.940856
v -0.746937 0.355549 -1.940856
v -0.746937 0.355549 -1.940856
v -0.365914 0.427629 -2.026778
v -0.371377 0.427629 -2.028242
v -0.375377 0.427629 -2.032242
v -0.376841 0.427629 -2.037705
v -0.375377 0.427629 -2.043169
v -0.371377 0.427629 -2.047168
v -0.365914 0.427629 -2.048632
v -0.360450 0.427629 -2.047168
v -0.356451 0.427629 -2.043169
v -0.354987 0.427629 -2.037705
v -0.356451 0.427629 -2.032242
v -0.360450 0.427629 -2.028242
v -0.365914 0.431645 -2.037705
v -0.365914 0.431645 -2.037705
v -0.365914 0.431645 -2.037705
v -0.365914 0.431645 -2.037705
v -0.365914 0.431645 -2.037705
v -0.365914 0.431645 -2.037705
v -0.365914 0.431645 -2.037705
v -0.365914 0.431645 -2.037705
v -0.365914 0.431645 -2.037705
v -0.365914 0.431645 -2.037705
v -0.365914 0.431645 -2.037705
v -0.365914 0.431645 -2.037705
v -0.307343 0.599850 1.997090
v -0.307343 0.664321 1.997252
v -0.307343 0.536311 1.989152
v -0.305602 0.494840 1.981941
v -0.304652 0.714339 1.993829
v -0.174524 0.715158 1.995383
v -0.308929 0.731352 2.015120
v -0.308946 0.732080 2.015592
v -0.326090 0.714222 2.017037
v -0.326892 0.713860 2.017003
v -0.321524 0.726544 2.016414
v -0.321078 0.726251 2.015971
v -0.326942 0.488658 2.003957
v -0.326234 0.488487 2.004003
v -0.321708 0.476295 2.002201
v -0.321244 0.476650 2.001802
v -0.326193 0.521287 2.010151
v -0.326137 0.672300 2.019714
v -0.326507 0.596208 2.019800
v -0.326162 0.596260 2.019520
v -0.308726 0.600066 2.021337
v -0.309358 0.618482 2.021770
v -0.309369 0.665194 2.020837
v -0.309289 0.501736 2.007560
v -0.309269 0.500025 2.007267
v -0.307219 0.494143 2.005464
v -0.307303 0.494032 2.005379
v -0.301380 0.492102 2.004830
v -0.301380 0.492102 2.004830
v -0.307441 0.714002 2.017853
v -0.307642 0.714152 2.017633
v -0.309375 0.707065 2.017952
v -0.309375 0.707065 2.017952
v -0.301030 0.716548 2.017213
v -0.301664 0.715772 2.017362
v -0.175412 0.736283 1.998881
v -0.175250 0.731850 1.994201
v -0.328269 0.716755 1.998532
v -0.325176 0.726776 1.998072
v -0.323557 0.715208 1.993665
v -0.308066 0.731006 1.992260
v -0.309797 0.735445 1.997064
v -0.309797 0.735445 1.997064
v -0.319029 0.726365 1.993271
v -0.322859 0.729939 1.998076
v -0.309797 0.471473 1.983043
v -0.319110 0.473443 1.983293
v -0.323471 0.492048 1.980995
v -0.328269 0.489800 1.985360
v -0.328269 0.489800 1.985360
v -0.318962 0.481291 1.979441
v -0.322859 0.476841 1.983722
v -0.323513 0.673134 1.996935
v -0.328269 0.675321 2.001925
v -0.328269 0.675321 2.001925
v -0.328269 0.521820 1.992205
v -0.328269 0.521820 1.992205
v -0.323470 0.525304 1.987583
v -0.323483 0.598667 1.996748
v -0.328269 0.598011 2.001727
v -0.328269 0.598011 2.001727
v -0.292329 0.676933 2.019924
v -0.292564 0.677131 2.019803
v -0.292482 0.698495 2.019087
v -0.292563 0.698331 2.018990
v -0.296338 0.702880 2.019050
v -0.296386 0.702732 2.018778
v -0.296959 0.673920 2.019901
v -0.296232 0.672701 2.019946
v -0.295595 0.672450 2.021645
v -0.292621 0.678252 2.002032
v -0.292293 0.699560 2.001198
v -0.296197 0.703797 2.000889
v -0.296524 0.674019 2.002053
v -0.292388 0.634296 2.019874
v -0.292565 0.634448 2.019743
v -0.292567 0.655659 2.020200
v -0.292565 0.655573 2.020086
v -0.295646 0.660239 2.021806
v -0.296470 0.659884 2.020113
v -0.296959 0.658783 2.020097
v -0.296468 0.630231 2.019518
v -0.296292 0.630079 2.019658
v -0.292704 0.635686 2.001995
v -0.292421 0.656672 2.002311
v -0.296323 0.660898 2.002225
v -0.296607 0.631468 2.001779
v -0.292406 0.591739 2.017795
v -0.292570 0.591875 2.017809
v -0.292623 0.612990 2.018934
v -0.292570 0.612952 2.018941
v -0.296473 0.617165 2.019054
v -0.296526 0.617202 2.019072
v -0.296473 0.587666 2.017467
v -0.296310 0.587528 2.017480
v -0.292719 0.593137 1.999922
v -0.292520 0.613956 2.001043
v -0.296423 0.618168 2.001181
v -0.296622 0.588926 1.999608
v -0.292583 0.549307 2.014492
v -0.291782 0.548937 2.015097
v -0.293055 0.550387 2.014593
v -0.292393 0.570552 2.016453
v -0.292565 0.570420 2.016306
v -0.296468 0.574626 2.016533
v -0.296296 0.574758 2.016688
v -0.296354 0.544892 2.014207
v -0.296485 0.545109 2.013953
v -0.292447 0.550453 1.996612
v -0.292711 0.571302 1.998538
v -0.296614 0.575508 1.998774
v -0.296351 0.546255 1.996073
v -0.292504 0.506884 2.008805
v -0.292564 0.507038 2.008724
v -0.292335 0.528183 2.011943
v -0.292564 0.528007 2.011779
v -0.296467 0.532202 2.012217
v -0.296238 0.532376 2.012416
v -0.296465 0.502863 2.007904
v -0.296408 0.502699 2.008044
v -0.292323 0.507976 1.990919
v -0.292629 0.529003 1.994023
v -0.296532 0.533196 1.994496
v -0.296227 0.503793 1.990158
v -0.135065 0.703010 2.021872
v -0.135080 0.704083 2.003986
v -0.133398 0.699845 2.004235
v -0.135086 0.672442 2.023068
v -0.135101 0.673516 2.005183
v -0.134967 0.629767 2.022764
v -0.034533 0.629760 2.024075
v -0.133464 0.633984 2.022918
v -0.034427 0.633980 2.024080
v -0.110888 0.631325 2.005212
v -0.108185 0.635597 2.005392
v -0.133383 0.656009 2.023253
v -0.133339 0.657083 2.005369
v -0.134990 0.587203 2.020586
v -0.033694 0.587179 2.020932
v -0.133501 0.591415 2.020830
v -0.034435 0.591413 2.021991
v -0.110889 0.588762 2.003033
v -0.108930 0.592955 2.003284
v -0.134991 0.617601 2.022218
v -0.034544 0.617595 2.023528
v -0.133454 0.613389 2.022011
v -0.034424 0.613389 2.023176
v -0.110900 0.619160 2.004665
v -0.108211 0.615003 2.004483
v -0.134991 0.575050 2.019828
v -0.034539 0.575043 2.021141
v -0.133497 0.570844 2.019531
v -0.034433 0.570844 2.020704
v -0.110950 0.576610 2.002275
v -0.108869 0.572384 2.001986
v -0.135076 0.545796 1.999146
v -0.133392 0.506568 2.011813
v -0.133384 0.507641 1.993928
v -0.034005 0.617599 2.022921
v -0.034005 0.613387 2.022702
v -0.034005 0.587201 2.021289
v -0.034005 0.591412 2.021521
v -0.034005 0.575048 2.020532
v -0.034005 0.570841 2.020227
v -0.034005 0.629764 2.023467
v -0.034005 0.633981 2.023613
v -0.027323 0.629764 2.015504
v -0.027323 0.613387 2.014738
v -0.027323 0.570841 2.012263
v -0.027323 0.570841 2.012263
v -0.027323 0.587201 2.013326
v -0.027323 0.591412 2.013557
v -0.002846 0.700437 2.015867
v -0.002846 0.505254 2.003501
v -0.002846 0.505254 2.003501
v -0.002846 0.553647 2.013105
v -0.002846 0.602301 2.018502
v -0.002846 0.651239 2.019288
v -0.002846 0.700394 2.006462
v -0.002846 0.505211 1.994095
v -0.002846 0.553605 2.003699
v -0.002846 0.602258 2.009096
v -0.002846 0.651196 2.009882
v -0.062052 0.700548 2.017143
v -0.062048 0.700435 2.015465
v -0.062048 0.505252 2.003098
v -0.062048 0.505252 2.003098
v -0.062048 0.575405 2.016171
v -0.062048 0.553646 2.012702
v -0.062048 0.602299 2.018099
v -0.062048 0.651237 2.018885
v -0.062048 0.700393 2.006059
v -0.062048 0.505210 1.993692
v -0.062048 0.553603 2.003296
v -0.062048 0.602257 2.008693
v -0.062048 0.651195 2.009480
v -0.056356 0.700436 2.015537
v -0.056356 0.700436 2.015537
v -0.056356 0.505252 2.003170
v -0.056359 0.504929 2.004822
v -0.056356 0.553646 2.012774
v -0.056356 0.602299 2.018171
v -0.056353 0.624812 2.019408
v -0.056356 0.651237 2.018957
v -0.056356 0.700393 2.006131
v -0.056356 0.505210 1.993764
v -0.056356 0.553604 2.003369
v -0.056356 0.602257 2.008766
v -0.056356 0.651195 2.009552
v -0.121257 0.700543 2.016020
v -0.121251 0.700431 2.014341
v -0.121251 0.505248 2.001974
v -0.121251 0.505248 2.001974
v -0.121249 0.575526 2.015063
v -0.121251 0.553641 2.011578
v -0.121251 0.602295 2.016975
v -0.121251 0.651233 2.017761
v -0.121251 0.700388 2.004935
v -0.121251 0.505205 1.992568
v -0.121251 0.553599 2.002173
v -0.121251 0.602252 2.007570
v -0.121251 0.651190 2.008356
v -0.115558 0.700431 2.014477
v -0.115558 0.700431 2.014477
v -0.115558 0.505248 2.002110
v -0.115564 0.504925 2.003762
v -0.115558 0.553642 2.011714
v -0.115558 0.602295 2.017111
v -0.115553 0.624815 2.018348
v -0.115558 0.651233 2.017897
v -0.115558 0.700389 2.005071
v -0.115558 0.505206 1.992704
v -0.115558 0.553599 2.002308
v -0.115558 0.602253 2.007705
v -0.115558 0.651191 2.008492
v -0.180462 0.700536 2.014301
v -0.180453 0.700424 2.012622
v -0.180453 0.505241 2.000256
v -0.180453 0.505241 2.000256
v -0.180451 0.575667 2.013363
v -0.180453 0.553634 2.009860
v -0.180453 0.602288 2.015257
v -0.180453 0.651226 2.016043
v -0.180453 0.700382 2.003217
v -0.180453 0.505198 1.990850
v -0.180453 0.553592 2.000454
v -0.180453 0.602245 2.005852
v -0.180453 0.651183 2.006638
v -0.174760 0.700425 2.012810
v -0.174760 0.700425 2.012810
v -0.174760 0.505242 2.000443
v -0.174769 0.504919 2.002095
v -0.174760 0.553635 2.010047
v -0.174760 0.602289 2.015444
v -0.174753 0.624818 2.016681
v -0.174760 0.651227 2.016230
v -0.174760 0.700382 2.003404
v -0.174760 0.505199 1.991038
v -0.174760 0.553593 2.000642
v -0.174760 0.602246 2.006039
v -0.174760 0.651184 2.006825
v -0.239666 0.700527 2.012111
v -0.239655 0.700415 2.010432
v -0.239655 0.505232 1.998066
v -0.239655 0.505232 1.998066
v -0.239653 0.575798 2.011190
v -0.239655 0.553626 2.007670
v -0.239655 0.602279 2.013067
v -0.239655 0.651217 2.013853
v -0.239655 0.700373 2.001031
v -0.239655 0.505190 1.988664
v -0.239655 0.553583 1.998268
v -0.239655 0.602237 2.003665
v -0.239655 0.651175 2.004452
v -0.233963 0.700416 2.010660
v -0.233963 0.700416 2.010660
v -0.233963 0.505233 1.998293
v -0.233973 0.504910 1.999945
v -0.233963 0.553627 2.007897
v -0.233963 0.602280 2.013294
v -0.233954 0.624813 2.014531
v -0.233963 0.651218 2.014080
v -0.233963 0.700374 2.001258
v -0.233963 0.505190 1.988891
v -0.233963 0.553584 1.998495
v -0.233963 0.602238 2.003893
v -0.233963 0.651176 2.004679
v -0.017618 0.633536 2.027193
v -0.016319 0.636177 2.026349
v -0.019096 0.634071 2.027114
v -0.019768 0.634266 2.026253
v -0.018205 0.569124 2.024823
v -0.019768 0.569324 2.023034
v -0.021369 0.567770 2.022959
v -0.017636 0.565751 2.022856
v -0.020014 0.567124 2.022636
v -0.017636 0.637839 2.026431
v -0.021369 0.635820 2.026333
v -0.022930 0.565532 2.016387
v -0.019193 0.563509 2.016287
v -0.021713 0.564920 2.016090
v -0.021533 0.639294 2.019727
v -0.022930 0.638697 2.020016
v -0.024645 0.562709 2.016247
v -0.024302 0.561651 2.016195
v -0.020911 0.643529 2.020255
v -0.024645 0.641520 2.020154
v -0.018462 0.570294 2.023199
v -0.001929 0.761767 -2.020059
v -0.005288 0.777770 -2.015839
v -0.005288 0.777770 -2.015839
v -0.007219 0.780564 -2.013607
v -0.009095 0.774042 -2.016853
v -0.009095 0.774042 -2.016853
v -0.012404 0.775486 -2.014988
v -0.010460 0.768971 -2.018207
v -0.010460 0.768971 -2.018207
v -0.014264 0.768577 -2.016833
v -0.009017 0.763915 -2.019538
v -0.009017 0.763915 -2.019538
v -0.012299 0.761690 -2.018646
v -0.005154 0.760229 -2.020489
v -0.005154 0.760229 -2.020489
v -0.007037 0.756669 -2.019941
v -0.496276 0.528072 1.907921
v -0.494732 0.528003 1.909489
v -0.458172 0.528070 1.911934
v -0.455224 0.528106 1.911035
v -0.530473 0.526459 1.918331
v -0.530285 0.526452 1.918918
v -0.424186 0.526646 1.926014
v -0.424186 0.526646 1.926014
v -0.396099 0.523871 1.950351
v -0.393074 0.523412 1.959024
v -0.531554 0.650237 1.934499
v -0.531554 0.650237 1.934499
v -0.496001 0.651788 1.925069
v -0.496258 0.651844 1.924782
v -0.459441 0.651855 1.927515
v -0.459534 0.651936 1.927086
v -0.425455 0.650432 1.941595
v -0.425203 0.650573 1.941039
v -0.586749 0.553028 1.957242
v -0.586749 0.553028 1.957242
v -0.587734 0.614715 1.964380
v -0.587254 0.614455 1.964940
v -0.593321 0.583423 1.961379
v -0.592334 0.583508 1.962523
v -0.376979 0.615262 1.975603
v -0.376602 0.615443 1.975261
v -0.376232 0.553848 1.967919
v -0.375852 0.553768 1.967544
v -0.371555 0.584362 1.973719
v -0.371249 0.584400 1.973450
v -0.413873 0.577323 1.933031
v -0.541452 0.600180 1.927413
v -0.593728 0.549793 1.956717
v -0.593728 0.549793 1.956717
v -0.594267 0.617598 1.964926
v -0.594267 0.617598 1.964926
v -0.599684 0.583437 1.962348
v -0.599684 0.583437 1.962348
v -0.370022 0.618489 1.976297
v -0.370022 0.618489 1.976297
v -0.369225 0.550698 1.968102
v -0.369225 0.550698 1.968102
v -0.364237 0.584380 1.974288
v -0.364237 0.584380 1.974288
v -0.593728 0.549793 1.949026
v -0.594267 0.617598 1.957235
v -0.599684 0.583437 1.954657
v -0.370022 0.618489 1.968606
v -0.369225 0.550698 1.960411
v -0.364237 0.584380 1.966597
v -0.393570 0.524094 1.959203
v -0.393570 0.524094 1.959203
v -0.385994 0.528872 1.960841
v -0.385994 0.528872 1.960841
v -0.575893 0.528093 1.951200
v -0.575893 0.528093 1.951200
v -0.568607 0.522760 1.950015
v -0.568135 0.523417 1.950351
v -0.568135 0.523417 1.950351
v -0.561353 0.523568 1.939298
v -0.569850 0.645325 1.965448
v -0.569376 0.644625 1.965607
v -0.569376 0.644625 1.965607
v -0.577031 0.639791 1.965257
v -0.577031 0.639791 1.965257
v -0.562621 0.647354 1.954879
v -0.387153 0.640501 1.974886
v -0.387153 0.640501 1.974886
v -0.394809 0.645298 1.974459
v -0.394809 0.645298 1.974459
v -0.394340 0.646004 1.974457
v -0.397368 0.647656 1.965932
v -0.384075 0.518611 1.959210
v -0.387283 0.517855 1.958830
v -0.379804 0.522683 1.960432
v -0.581967 0.521830 1.950170
v -0.577913 0.518443 1.949428
v -0.574307 0.517105 1.949345
v -0.575631 0.650898 1.965616
v -0.579797 0.649643 1.965410
v -0.583185 0.646025 1.965270
v -0.383069 0.649460 1.975391
v -0.381052 0.646810 1.975519
v -0.388607 0.651645 1.975099
v -0.385143 0.518421 1.951379
v -0.577233 0.518775 1.941728
v -0.581184 0.648647 1.957663
v -0.384482 0.650471 1.967633
v -0.602009 0.648871 1.952590
v -0.602009 0.648871 1.952590
v -0.674843 0.648336 1.950910
v -0.674843 0.648336 1.950910
v -0.673541 0.521335 1.934925
v -0.673541 0.521335 1.934925
v -0.600707 0.521870 1.936604
v -0.600707 0.521870 1.936604
v -0.601347 0.612664 1.928525
v -0.601512 0.621630 1.933155
v -0.600791 0.551286 1.924301
v -0.600791 0.551286 1.924301
v -0.601046 0.587018 1.924292
v -0.673626 0.550752 1.922621
v -0.673626 0.550752 1.922621
v -0.674347 0.621096 1.931476
v -0.674103 0.606419 1.925042
v -0.673880 0.586483 1.922612
v -0.602360 0.646871 1.968451
v -0.601058 0.519870 1.952466
v -0.578110 0.646871 1.964745
v -0.576808 0.519870 1.948759
v -0.586770 0.583370 1.956752
v -0.888801 0.931843 0.719959
v -0.892184 0.928663 0.719441
v -0.751508 0.860133 0.741550
v -0.748181 0.863254 0.742066
v -0.893609 0.866867 0.719236
v -0.883939 0.859107 0.720736
v -0.889623 0.861599 0.719843
v -0.743573 0.920719 0.742797
v -0.753051 0.930116 0.741342
v -0.746832 0.926595 0.742278
v -0.894481 0.916949 0.719080
v -0.896265 0.895681 0.718800
v -0.863321 0.933919 0.724012
v -0.818402 0.934508 0.731099
v -0.780435 0.857118 0.736941
v -0.858165 0.856945 0.724729
v -0.819289 0.855644 0.730801
v -0.743353 0.889265 0.742814
v -0.617978 1.212790 -0.692460
v -0.606772 1.254067 -0.397980
v -0.614748 1.242334 0.398323
v -0.622523 1.212973 0.576309
v -0.608874 1.238673 -0.656609
v -0.618363 1.228556 0.542957
v -0.611245 1.253834 0.077221
v -0.711942 0.819861 0.864725
v -0.712187 0.837441 -0.941360
v -0.598691 1.201727 -0.680462
v -0.588125 1.239650 -0.430342
v -0.596065 1.229354 0.388548
v -0.603732 1.200034 0.566169
v -0.592596 1.220212 -0.656863
v -0.588773 1.229436 -0.626292
v -0.599628 1.215738 0.533033
v -0.592541 1.240641 0.063457
v -0.691379 0.813691 0.849860
v -0.691400 0.831843 -0.928077
v -0.630774 1.175243 -0.703897
v -0.630774 1.175243 -0.703897
v -0.613095 1.239973 -0.458356
v -0.612539 1.240431 -0.458509
v -0.620935 1.231230 0.389007
v -0.620506 1.231546 0.389756
v -0.627591 1.206766 0.559977
v -0.627104 1.207019 0.560275
v -0.617543 1.222022 -0.658284
v -0.617057 1.222307 -0.658514
v -0.613661 1.231236 -0.627852
v -0.613210 1.231587 -0.627884
v -0.624557 1.217503 0.534551
v -0.624092 1.217860 0.534620
v -0.632256 1.187080 0.581508
v -0.632405 1.186341 0.582983
v -0.618169 1.239547 0.181200
v -0.618291 1.239289 0.191165
v -0.622236 1.207119 -0.677887
v -0.621999 1.207306 -0.677960
v -0.614372 1.243994 -0.256092
v -0.613945 1.244368 -0.254687
v -0.716655 0.814256 0.851113
v -0.715761 0.814476 0.851968
v -0.716809 0.831554 -0.927874
v -0.716002 0.831712 -0.928584
v -0.615989 1.243955 -0.037003
v -0.615985 1.243954 -0.036999
v -0.721804 0.826528 0.291397
v -0.714766 0.836320 -0.558286
v -0.717856 0.822662 0.641366
v -0.720284 0.830994 -0.063127
v -0.706707 0.821693 0.857334
v -0.708540 0.836962 -0.924899
v -0.720457 0.830146 -0.007891
v -0.717611 0.838684 0.541068
v -0.705553 0.853152 -0.924904
v -0.717051 0.846027 -0.063126
v -0.703858 0.836794 0.847086
v -0.710775 0.845639 -0.007892
v -0.705391 0.838576 0.543701
v -0.693425 0.852832 -0.924903
v -0.704834 0.846097 -0.063126
v -0.691658 0.836794 0.847086
v -0.709667 0.816940 0.858442
v -0.623456 1.202155 0.579579
v -0.610259 1.247497 0.092058
v -0.617137 1.205331 -0.689229
v -0.616200 1.225798 0.530323
v -0.605760 1.248323 -0.391658
v -0.607811 1.232216 -0.653474
v -0.709996 0.834890 -0.935563
v -0.691660 0.817017 0.858537
v -0.603187 1.206989 0.572178
v -0.591890 1.247980 0.064694
v -0.598099 1.208698 -0.686172
v -0.595447 1.236584 0.392886
v -0.599044 1.222841 0.538729
v -0.587433 1.246978 -0.433693
v -0.591946 1.227357 -0.662351
v -0.588087 1.236668 -0.631493
v -0.691679 0.835339 -0.936118
v -0.662158 1.050522 0.699914
v -0.644127 1.034337 0.692264
v -0.668760 1.035759 0.694355
v -0.696188 0.910338 0.784415
v -0.683987 0.967888 0.743484
v -0.644042 1.039423 0.699693
v -0.668919 1.010680 -0.830508
v -0.692387 0.928421 -0.867515
v -0.692387 0.928421 -0.867515
v -0.658295 1.067030 -0.776650
v -0.657862 1.067662 -0.776560
v -0.234290 1.255481 0.662633
v -0.226083 1.259627 0.658793
v -0.583717 1.197999 0.634948
v -0.586981 1.201288 0.629287
v -0.661158 0.873990 0.871474
v -0.657202 0.878529 0.871952
v -0.630318 0.874765 0.891889
v -0.633790 0.870126 0.892703
v -0.561364 1.229887 0.625264
v -0.526832 1.233312 0.635709
v -0.558505 1.225550 0.628943
v -0.354277 0.888445 0.956751
v -0.357241 0.892688 0.953963
v -0.189233 0.897508 0.964409
v -0.181575 0.893358 0.967442
v -0.576039 1.218900 0.624729
v -0.574062 1.215699 0.630245
v -0.670226 0.893247 0.845659
v -0.664984 0.896599 0.847723
v -0.513252 0.883336 0.924739
v -0.514186 0.878988 0.926890
v -0.421147 1.246609 0.643031
v -0.422394 1.242822 0.647221
v -0.606099 1.136694 0.670988
v -0.656075 0.950864 0.801637
v -0.632682 1.043527 0.734623
v -0.602495 1.137101 0.675286
v -0.652502 0.951112 0.806746
v -0.629306 1.043877 0.739873
v -0.558337 1.193767 -0.938841
v -0.562677 1.196724 -0.933758
v -0.224134 1.276229 -0.938704
v -0.229541 1.271299 -0.943819
v -0.418167 1.261010 -0.928063
v -0.419126 1.265674 -0.922646
v -0.535935 1.232726 -0.915522
v -0.532226 1.228986 -0.921453
v -0.490354 1.247351 -0.916104
v -0.493099 1.252366 -0.911074
v -0.439701 0.862412 -1.267551
v -0.582984 0.854572 -1.228125
v -0.578458 0.858767 -1.225936
v -0.461816 0.865617 -1.258919
v -0.233515 0.870205 -1.297329
v -0.352217 0.869819 -1.279056
v -0.235258 0.874093 -1.294005
v -0.273924 0.872326 -1.293832
v -0.656726 0.859729 -1.191277
v -0.651598 0.855505 -1.197630
v -0.658301 0.851251 -1.199775
v -0.663145 0.855342 -1.192369
v -0.602564 1.078244 -1.017377
v -0.640688 0.947384 -1.116983
v -0.634961 0.948614 -1.119004
v -0.596939 1.079182 -1.019463
v -0.656417 0.546714 -1.994063
v -0.665130 0.555758 -1.994176
v -0.662563 0.549318 -1.994176
v -0.665724 0.679140 -2.009012
v -0.657048 0.688114 -2.010307
v -0.663203 0.685419 -2.009810
v -0.319730 0.694561 -2.021301
v -0.310935 0.685861 -2.020566
v -0.313560 0.692080 -2.021202
v -0.309175 0.554664 -2.005025
v -0.318157 0.545919 -2.003916
v -0.311698 0.548794 -2.004767
v -0.487659 0.691360 -2.016941
v -0.438628 0.681535 -2.016668
v -0.438628 0.681535 -2.016668
v -0.438628 0.681535 -2.016668
v -0.393954 0.673447 -2.017104
v -0.402594 0.675578 -2.017152
v -0.402834 0.675578 -2.017122
v -0.410293 0.681535 -2.017441
v -0.385785 0.674158 -2.017414
v -0.374525 0.678879 -2.018235
v -0.378326 0.676644 -2.017921
v -0.372288 0.681535 -2.018608
v -0.322918 0.681535 -2.019962
v -0.322918 0.681535 -2.019962
v -0.322918 0.681535 -2.019962
v -0.322915 0.617879 -2.012368
v -0.322915 0.617879 -2.012368
v -0.322915 0.617879 -2.012368
v -0.438629 0.617879 -2.009107
v -0.438629 0.617879 -2.009107
v -0.438629 0.617879 -2.009107
v -0.322915 0.614942 -2.011907
v -0.322892 0.614951 -2.011831
v -0.322792 0.615001 -2.011638
v -0.438628 0.681535 -1.990884
v -0.398724 0.673958 -1.991250
v -0.410293 0.681535 -1.991657
v -0.376228 0.677547 -1.992325
v -0.322918 0.681535 -1.994179
v -0.348462 0.681535 -2.002287
v -0.414708 0.681535 -2.001223
v -0.381439 0.681535 -1.992582
v -0.415576 0.617879 -1.995893
v -0.392978 0.617827 -1.988075
v -0.347220 0.617879 -1.997187
v -0.347220 0.617879 -1.997187
v -0.381238 0.617879 -1.988066
v -0.490518 0.557658 -1.995470
v -0.490518 0.557658 -1.995470
v -0.490518 0.557658 -1.995470
v -0.407096 0.557658 -1.998165
v -0.407096 0.557658 -1.998165
v -0.407096 0.557658 -1.998165
v -0.404182 0.569475 -2.000668
v -0.398476 0.577329 -2.002327
v -0.399282 0.576057 -2.002034
v -0.392179 0.578898 -2.002761
v -0.331443 0.579253 -2.004501
v -0.328656 0.579224 -2.004744
v -0.325760 0.580816 -2.005188
v -0.399501 0.576879 -1.978961
v -0.407096 0.557658 -1.974916
v -0.407096 0.557658 -1.974916
v -0.320077 0.557658 -2.000300
v -0.320077 0.557658 -2.000300
v -0.491214 0.614942 -2.007164
v -0.491214 0.614942 -2.007164
v -0.491214 0.614942 -2.007164
v -0.321496 0.586029 -2.006104
v -0.321496 0.586029 -2.006104
v -0.490518 0.557658 -1.972220
v -0.428653 0.557723 -1.976676
v -0.361239 0.556522 -1.984027
v -0.449678 0.614942 -1.990897
v -0.449678 0.614942 -1.990897
v -0.405599 0.614942 -1.984510
v -0.405599 0.614942 -1.984510
v -0.361990 0.614942 -1.993685
v -0.361990 0.614942 -1.993685
v -0.329403 0.579226 -1.981432
v -0.321496 0.586029 -1.982854
v -0.494475 0.614942 -2.007072
v -0.494475 0.614942 -2.007072
v -0.494475 0.614942 -2.007072
v -0.642942 0.614942 -2.002889
v -0.642942 0.614942 -2.002889
v -0.642942 0.614942 -2.002889
v -0.494473 0.557658 -1.995459
v -0.494473 0.557658 -1.995459
v -0.494473 0.557658 -1.995459
v -0.642942 0.557658 -1.992356
v -0.642942 0.557658 -1.992356
v -0.642942 0.557658 -1.992356
v -0.543865 0.617879 -2.006141
v -0.543865 0.617879 -2.006141
v -0.543865 0.617879 -2.006141
v -0.543865 0.681535 -2.014312
v -0.543865 0.681535 -2.014312
v -0.543865 0.681535 -2.014312
v -0.645820 0.617879 -2.003267
v -0.645820 0.617879 -2.003267
v -0.646666 0.617519 -2.001031
v -0.631570 0.681535 -2.011514
v -0.631570 0.681535 -2.011514
v -0.631596 0.681437 -2.011473
v -0.642581 0.668830 -2.009473
v -0.642581 0.668830 -2.009473
v -0.656788 0.659950 -2.008007
v -0.656788 0.659950 -2.008007
v -0.655012 0.632246 -2.004797
v -0.655012 0.632246 -2.004797
v -0.565394 0.681535 -2.002457
v -0.583076 0.681496 -1.996265
v -0.621789 0.681535 -2.004939
v -0.593912 0.681535 -1.996576
v -0.625104 0.617879 -1.995085
v -0.564326 0.617879 -1.996743
v -0.587339 0.617865 -1.990058
v -0.594570 0.617879 -1.990542
v -0.531473 0.614942 -1.986943
v -0.531473 0.614942 -1.986943
v -0.610397 0.614942 -1.986076
v -0.610397 0.614942 -1.986076
v -0.570851 0.614942 -1.977842
v -0.570851 0.614942 -1.977842
v -0.611493 0.557658 -1.977586
v -0.611493 0.557658 -1.977586
v -0.530944 0.557658 -1.977917
v -0.530944 0.557658 -1.977917
v -0.571164 0.557658 -1.969822
v -0.571164 0.557658 -1.969822
v -0.703594 0.834651 -0.939556
v -0.685408 0.837211 -1.192464
v -0.706257 0.852017 -0.940351
v -0.679916 0.852018 -1.192285
v -0.686620 0.834639 -1.133732
v -0.681905 0.849694 -1.133732
v -0.670968 0.849694 -1.191796
v -0.698840 0.849694 -0.939574
v -0.675683 0.834639 -1.191796
v -0.704498 0.823035 0.594571
v -0.701015 0.835430 -0.438995
v -0.693150 0.837221 -0.924901
v -0.691658 0.821738 0.847086
v -0.704878 0.830147 -0.007891
v -0.704501 0.830855 -0.063125
v -0.093945 1.156542 0.621205
v -0.093945 1.202598 0.610577
v 0.095188 1.156542 0.621205
v 0.095188 1.202598 0.610577
vn 0.9994 0.0331 -0.0065
vn 0.9994 0.0333 -0.0065
vn 0.9994 0.0332 -0.0065
vn 0.9994 0.0332 -0.0066
vn 0.9423 -0.2774 -0.1873
vn 0.9451 -0.3266 -0.0088
vn 0.9371 -0.1455 -0.3172
vn 0.9308 0.0336 -0.3639
vn 0.9252 0.2120 -0.3146
vn 0.9218 0.3419 -0.1827
vn 0.9218 0.3420 -0.1827
vn 0.9214 0.3886 -0.0035
vn 0.9214 0.3887 -0.0035
vn 0.9242 0.3394 0.1751
vn 0.9294 0.2076 0.3051
vn 0.9357 0.0284 0.3517
vn 0.9413 -0.1500 0.3024
vn 0.9448 -0.2799 0.1705
vn -0.7183 0.4050 -0.5657
vn 0.7107 -0.3967 -0.5810
vn -0.7650 0.6440 0.0098
vn 0.7650 -0.6440 -0.0098
vn 0.7184 -0.4049 0.5656
vn -0.7106 0.3967 0.5811
vn -0.0077 0.3895 0.9210
vn 0.0094 0.3916 0.9201
vn 0.0095 0.3919 0.9200
vn 0.0179 0.4025 0.9153
vn 0.0179 0.4028 0.9151
vn 0.0003 0.9998 0.0174
vn 0.0004 0.9997 0.0244
vn 0.0001 0.9998 0.0209
vn -0.0012 0.6197 -0.7849
vn -0.0189 0.7317 -0.6813
vn -0.0051 0.5183 -0.8552
vn -0.0000 0.6158 -0.7879
vn -0.0000 0.6156 -0.7881
vn -0.0193 0.7366 -0.6760
vn 0.0001 0.9998 0.0188
vn 0.0001 0.9999 0.0165
vn 0.1725 0.9386 -0.2987
vn -0.0000 1.0000 -0.0001
vn 0.2987 0.9386 -0.1725
vn -0.0000 1.0000 -0.0000
vn 0.3449 0.9386 -0.0000
vn 0.0001 1.0000 -0.0000
vn 0.2987 0.9386 0.1725
vn 0.1725 0.9386 0.2987
vn -0.0000 0.9386 0.3449
vn -0.1725 0.9386 0.2987
vn -0.0000 1.0000 0.0001
vn -0.2987 0.9386 0.1725
vn -0.3449 0.9386 -0.0000
vn -0.2987 0.9386 -0.1725
vn -0.0001 1.0000 -0.0000
vn -0.1725 0.9386 -0.2987
vn -0.0000 0.9386 -0.3449
vn 0.9657 -0.2440 -0.0887
vn 0.9729 -0.0756 0.2184
vn 0.9287 -0.3694 0.0328
vn 0.8875 -0.4149 0.2005
vn 0.8532 -0.3682 0.3694
vn 0.9729 -0.0757 0.2184
vn 0.8350 -0.2419 0.4943
vn 0.9729 -0.0756 0.2185
vn 0.8377 -0.0697 0.5416
vn 0.8607 0.1021 0.4988
vn 0.8977 0.2275 0.3772
vn 0.9389 0.2729 0.2096
vn 0.9732 0.2263 0.0407
vn 0.9914 0.0999 -0.0842
vn 0.9887 -0.0722 -0.1315
vn 0.0010 0.6378 0.7702
vn -0.0000 0.6163 0.7875
vn -0.0000 0.6156 0.7881
vn 0.0030 0.4078 -0.9131
vn -0.0131 0.3660 -0.9305
vn 0.0145 0.3607 -0.9326
vn 0.0170 0.4021 -0.9154
vn -0.0070 0.7572 0.6531
vn 0.0011 0.6375 0.7705
vn 0.0009 0.9997 -0.0228
vn 0.0004 0.9997 -0.0258
vn -0.0000 0.9998 -0.0207
vn 0.9751 -0.0722 0.2097
vn 0.9556 -0.2440 0.1651
vn 0.9872 -0.0756 -0.1405
vn 0.9284 -0.3694 0.0410
vn 0.9006 -0.4149 -0.1294
vn 0.8798 -0.3682 -0.3005
vn 0.8716 -0.2419 -0.4264
vn 0.8781 -0.0698 -0.4733
vn 0.9872 -0.0756 -0.1406
vn 0.8976 0.1020 -0.4288
vn 0.9249 0.2275 -0.3047
vn 0.9526 0.2729 -0.1343
vn 0.9734 0.2263 0.0368
vn 0.9816 0.0999 0.1627
vn 0.2987 0.9386 0.1724
vn -0.1404 -0.9892 0.0423
vn -0.0003 -1.0000 0.0075
vn -0.6619 -0.7415 0.1101
vn 0.0416 0.0682 0.9968
vn 0.0345 0.0470 0.9983
vn 0.1148 -0.0073 0.9934
vn 0.0113 0.1076 0.9941
vn 0.0067 -0.1827 0.9831
vn -0.0106 -0.2296 0.9732
vn -0.0130 -0.1833 0.9830
vn 0.9665 -0.2557 0.0230
vn 0.7326 -0.6795 0.0394
vn 0.4851 -0.8738 -0.0337
vn -0.9908 0.0772 0.1113
vn -0.9983 -0.0051 0.0578
vn -0.9964 0.0002 0.0845
vn 0.0179 -0.0935 0.9955
vn 0.0469 -0.1979 0.9791
vn 0.0390 -0.1855 0.9819
vn 0.0188 -0.1871 0.9822
vn -0.0021 0.1415 0.9899
vn 0.0124 0.1225 0.9924
vn -0.9981 -0.0057 0.0606
vn -0.9989 -0.0143 0.0451
vn -0.8120 -0.5558 0.1781
vn -0.6155 0.7831 0.0888
vn 0.9411 0.0050 0.3382
vn 0.9949 -0.0059 0.1005
vn 0.9876 0.1509 0.0428
vn -0.0001 -0.8053 0.5929
vn 0.0025 -0.5719 0.8203
vn -0.7268 0.0133 0.6867
vn 0.1917 0.0674 0.9791
vn -0.0000 0.1397 0.9902
vn 0.0006 0.1398 0.9902
vn 0.7947 0.5977 0.1054
vn 0.2292 0.9600 0.1610
vn 0.6861 0.7128 0.1456
vn 0.9954 -0.0054 0.0957
vn 0.9780 -0.1982 0.0652
vn -0.1391 -0.9885 -0.0595
vn 0.1392 -0.9902 -0.0100
vn -0.0017 0.7291 -0.6844
vn 0.1522 0.6979 -0.6998
vn -0.0014 0.7291 -0.6844
vn 0.0009 0.9769 0.2138
vn -0.0061 0.9795 0.2012
vn 0.6996 0.0995 -0.7076
vn 0.5014 0.4557 -0.7354
vn 0.5135 0.4401 -0.7366
vn 0.1804 0.6867 -0.7042
vn 0.1443 -0.5844 -0.7985
vn 0.4641 -0.3667 -0.8063
vn 0.4656 -0.3671 -0.8053
vn 0.6726 -0.0124 -0.7399
vn 0.6765 0.0040 -0.7364
vn 0.7279 0.1034 -0.6778
vn 0.7232 0.0448 -0.6892
vn 0.7287 0.1153 -0.6751
vn 0.7283 -0.0210 -0.6850
vn 0.7231 0.0422 -0.6895
vn 0.7016 0.0897 -0.7069
vn 0.7298 -0.0309 -0.6829
vn 0.0012 0.9946 -0.1041
vn -0.0004 -0.9981 -0.0612
vn -0.7251 -0.6873 -0.0416
vn -0.0025 -0.9985 -0.0542
vn -0.0001 0.9982 0.0599
vn 0.0002 0.9982 0.0606
vn 0.0002 0.9982 0.0602
vn 0.0965 0.1618 0.9821
vn 0.0221 0.1072 0.9940
vn 0.0935 0.1967 0.9760
vn 0.0501 -0.1714 0.9839
vn 0.0004 -0.9983 -0.0591
vn -0.6710 0.7403 0.0429
vn -0.0002 0.9982 0.0604
vn 0.7393 -0.6720 -0.0442
vn 0.7255 0.6871 0.0398
vn 0.6716 -0.7396 -0.0430
vn -0.7406 0.6703 0.0461
vn -0.0012 -0.9982 -0.0601
vn -0.7137 -0.6991 -0.0421
vn -0.0012 -0.9982 -0.0602
vn -0.0074 0.9955 0.0942
vn 0.0001 0.9937 0.1118
vn 0.0075 0.9956 0.0935
vn 0.0235 -0.0294 0.9993
vn 0.0263 -0.0854 0.9960
vn 0.0272 -0.0289 0.9992
vn -0.6813 0.7306 0.0454
vn -0.0004 0.9960 0.0891
vn -0.0000 0.9958 0.0917
vn 0.7284 -0.6835 -0.0467
vn 0.7135 0.6995 0.0403
vn 0.6822 -0.7297 -0.0452
vn -0.7290 0.6828 0.0486
vn -0.0005 -0.9962 -0.0873
vn -0.7063 -0.7066 -0.0428
vn -0.0035 -0.9962 -0.0867
vn 0.0227 -0.0478 0.9986
vn 0.0234 -0.0593 0.9980
vn 0.0230 -0.0598 0.9979
vn 0.0162 -0.9996 -0.0228
vn -0.6896 0.7228 0.0449
vn -0.0004 0.9964 0.0853
vn -0.0002 0.9961 0.0877
vn 0.7195 -0.6928 -0.0474
vn 0.7057 0.7073 0.0410
vn 0.6906 -0.7219 -0.0449
vn -0.3297 -0.2243 0.9171
vn 0.0230 -0.0492 0.9985
vn -0.7199 0.6923 0.0491
vn -0.0005 -0.9965 -0.0832
vn -0.6867 -0.7256 -0.0443
vn -0.0029 -0.9965 -0.0834
vn -0.0005 0.9982 0.0599
vn 0.0005 0.9982 0.0603
vn 0.0005 0.9982 0.0602
vn 0.0303 -0.0776 0.9965
vn 0.2450 0.0121 0.9695
vn 0.1539 -0.1897 0.9697
vn 0.0154 -0.9997 -0.0215
vn -0.7103 0.7027 0.0422
vn -0.0005 0.9982 0.0601
vn 0.7097 -0.7031 -0.0443
vn 0.7282 0.6844 0.0352
vn 0.6877 0.7246 0.0445
vn -0.3972 -0.0848 0.9138
vn 0.0254 -0.0774 0.9967
vn -0.7287 -0.6840 -0.0333
vn -0.0000 -0.1299 0.9915
vn 0.0259 -0.1278 0.9915
vn 0.0204 -0.1263 0.9918
vn 0.0817 -0.0724 0.9940
vn 0.0525 -0.1535 0.9868
vn -0.0000 -0.9982 -0.0593
vn -0.6751 -0.7363 -0.0452
vn -0.0000 -0.9982 -0.0599
vn -0.0048 -0.1340 0.9910
vn 0.1154 -0.1356 0.9840
vn -0.0044 -0.1333 0.9911
vn -0.7224 0.6903 0.0409
vn -0.0003 0.9982 0.0603
vn -0.0003 0.9982 0.0602
vn 0.7221 -0.6904 -0.0429
vn 0.7361 0.6759 0.0364
vn 0.6759 0.7356 0.0452
vn -0.0000 0.9982 0.0594
vn -0.0000 0.9982 0.0599
vn -0.7368 -0.6752 -0.0343
vn 0.0002 -0.9982 -0.0606
vn 0.0002 -0.9982 -0.0603
vn 0.0011 0.9982 0.0602
vn 0.0010 0.9982 0.0602
vn 0.0003 -0.9963 -0.0862
vn 0.0001 -0.9961 -0.0885
vn 0.0015 -0.6302 0.7764
vn 0.0018 0.9982 0.0599
vn -0.0012 0.9982 0.0602
vn -0.0012 0.9982 0.0603
vn -0.3778 0.1180 0.9183
vn -0.3531 -0.1515 0.9232
vn 0.0152 -0.9997 -0.0213
vn -0.2214 -0.4559 0.8621
vn 0.0015 0.6396 0.7687
vn 0.0959 -0.1738 0.9801
vn 0.0001 -0.9961 -0.0886
vn 0.0018 0.9982 0.0598
vn -0.0067 0.9956 0.0930
vn 0.0001 0.9938 0.1115
vn 0.0068 0.9957 0.0922
vn -0.4114 -0.0302 0.9109
vn -0.4164 -0.0298 0.9087
vn -0.1917 0.7456 0.6382
vn 0.4165 0.0016 0.9091
vn -0.4062 0.0714 0.9110
vn -0.0074 0.9955 0.0944
vn 0.0001 0.9937 0.1117
vn 0.0006 0.9964 0.0844
vn 0.0034 0.9965 0.0839
vn -0.0001 -0.9981 -0.0623
vn 0.0010 -0.9978 -0.0663
vn 0.0005 0.9961 0.0880
vn 0.0029 0.9961 0.0885
vn 0.0003 -0.9982 -0.0600
vn 0.0003 -0.9982 -0.0599
vn 0.0001 -0.9983 -0.0581
vn -0.0003 -0.9982 -0.0603
vn -0.0003 -0.9982 -0.0602
vn -0.0152 0.9997 0.0216
vn 0.0075 -0.9956 -0.0935
vn 0.0068 -0.9957 -0.0922
vn -0.4185 -0.0318 0.9077
vn -0.4208 0.0105 0.9071
vn -0.0153 0.9997 0.0215
vn -0.0160 0.9996 0.0228
vn 0.0068 -0.9957 -0.0920
vn -0.0161 0.9996 0.0230
vn 0.4190 0.0196 0.9078
vn -0.1882 0.7587 0.6237
vn 0.4228 -0.0238 0.9059
vn -0.4201 -0.0490 0.9062
vn -0.4293 -0.0822 0.8994
vn 0.1910 0.7504 0.6328
vn -0.0068 0.9957 0.0920
vn -0.0905 0.0284 0.9955
vn -0.0074 0.0572 0.9983
vn 0.2663 -0.0997 0.9587
vn 1.0000 -0.0000 -0.0000
vn -0.2368 0.0468 0.9704
vn 0.4027 -0.0099 0.9153
vn -0.3887 -0.1087 0.9149
vn -0.3803 -0.1091 0.9184
vn 0.2674 -0.1733 0.9479
vn 0.3043 -0.1744 0.9365
vn -1.0000 -0.0000 -0.0000
vn -0.2266 0.0470 0.9729
vn 0.4096 -0.0098 0.9122
vn -0.3734 -0.1095 0.9212
vn 0.2755 -0.1727 0.9457
vn 0.3121 -0.1738 0.9340
vn -0.2181 0.0471 0.9748
vn 0.4148 -0.0097 0.9099
vn -0.3680 -0.1097 0.9233
vn 0.2817 -0.1723 0.9439
vn 0.3181 -0.1733 0.9321
vn -0.2116 0.0472 0.9762
vn 0.4186 -0.0096 0.9081
vn 0.2573 -0.1738 0.9506
vn 0.2946 -0.1751 0.9395
vn 0.6126 -0.6806 0.4019
vn 0.7178 0.5653 0.4064
vn 0.6690 -0.6246 0.4030
vn 0.0004 -0.0496 0.9988
vn 0.0006 -0.0494 0.9988
vn 0.0002 -0.0496 0.9988
vn -0.0009 -0.0494 0.9988
vn -0.0002 -0.0495 0.9988
vn -0.0009 -0.0493 0.9988
vn 0.6951 -0.7151 -0.0736
vn 0.7386 0.6733 0.0339
vn 0.6834 0.7291 0.0362
vn 0.0001 -0.0496 0.9988
vn -0.0000 -0.0494 0.9988
vn 0.0005 -0.0493 0.9988
vn -0.0012 -0.0498 0.9988
vn -0.0013 -0.0500 0.9987
vn -0.0001 -0.0497 0.9988
vn 0.0324 0.2785 0.9599
vn -0.2156 -0.4958 0.8412
vn -0.3028 -0.4494 0.8404
vn -0.5728 -0.1387 0.8079
vn -0.5252 -0.1844 0.8308
vn -0.1521 -0.1909 0.9698
vn -0.0582 -0.3100 0.9489
vn -0.1816 -0.1367 0.9738
vn -0.7117 0.7004 0.0542
vn -0.6935 0.7177 0.0626
vn 0.6109 0.6669 0.4267
vn -0.6734 0.6067 0.4225
vn -0.0001 -0.0495 0.9988
vn 0.0001 -0.0495 0.9988
vn -0.0003 0.2575 -0.9663
vn -0.0054 0.2570 -0.9664
vn 0.0053 0.2563 -0.9666
vn -0.0053 0.2560 -0.9667
vn -0.0071 0.2565 -0.9665
vn -0.0070 0.2574 -0.9663
vn -0.0006 -0.4551 -0.8904
vn 0.5701 -0.2267 -0.7897
vn -0.5718 -0.2235 -0.7893
vn 0.1746 0.5380 -0.8246
vn -0.0000 0.5850 -0.8110
vn -0.0000 0.5852 -0.8109
vn 0.3051 0.4106 -0.8593
vn 0.1745 0.5380 -0.8247
vn 0.3517 0.2373 -0.9055
vn 0.3024 0.0647 -0.9510
vn 0.1713 -0.0608 -0.9834
vn 0.1710 -0.0610 -0.9834
vn -0.0000 -0.1065 -0.9943
vn -0.0000 -0.1066 -0.9943
vn -0.0065 0.2563 -0.9666
vn -0.0066 0.2563 -0.9666
vn -0.5782 0.2413 0.7794
vn 0.0029 0.4544 0.8908
vn -0.0068 0.2562 -0.9666
vn 0.0003 0.2550 -0.9670
vn -0.0026 0.2562 -0.9666
vn -0.0018 0.2560 -0.9667
vn -0.0028 0.2562 -0.9666
vn 0.5948 0.0448 0.8026
vn 0.5345 -0.0860 0.8408
vn 0.6350 0.0392 0.7715
vn 0.0879 -0.1493 0.9849
vn 0.0286 -0.1299 0.9911
vn 0.0708 -0.1306 0.9889
vn 0.5732 0.0032 0.8194
vn 0.2393 -0.1097 0.9647
vn -0.0272 -0.1891 0.9816
vn -0.0194 -0.1957 0.9805
vn -0.0132 -0.1921 0.9813
vn 0.0844 -0.0185 0.9963
vn 0.0823 -0.0365 0.9959
vn 0.0802 -0.0430 0.9959
vn -0.4274 -0.1448 0.8924
vn -0.4951 -0.2564 0.8302
vn -0.4385 -0.2104 0.8738
vn 0.5156 -0.1934 0.8347
vn 0.6306 -0.3477 0.6938
vn 0.6524 -0.2142 0.7270
vn -0.0979 -0.1145 0.9886
vn -0.0893 -0.1496 0.9847
vn -0.4381 -0.0192 0.8987
vn 0.2217 -0.1347 0.9658
vn 0.6749 -0.1060 0.7303
vn 0.0344 -0.0358 0.9988
vn 0.0588 -0.0430 0.9973
vn 0.0420 -0.0432 0.9982
vn 0.0693 -0.2330 0.9700
vn 0.1165 -0.1968 0.9735
vn 0.1249 -0.1905 0.9737
vn 0.1104 -0.1930 0.9750
vn 0.0214 -0.1235 0.9921
vn 0.0205 -0.0428 0.9989
vn 0.0224 -0.1243 0.9920
vn -0.0532 -0.1645 0.9850
vn -0.5656 -0.0702 0.8217
vn -0.5181 0.0511 0.8538
vn 0.0186 -0.0367 0.9992
vn 0.0168 -0.0185 0.9997
vn 0.0777 -0.1236 0.9893
vn 0.0766 -0.1247 0.9892
vn -0.9526 -0.3042 -0.0076
vn -0.6185 -0.7837 -0.0568
vn -0.9637 -0.2670 -0.0000
vn -0.0101 -0.9876 -0.1565
vn 0.0106 -0.9817 -0.1901
vn 0.0317 -0.9773 -0.2093
vn 0.9601 0.2795 0.0082
vn 0.6180 0.7862 -0.0004
vn 0.4698 0.8824 -0.0255
vn -0.9600 0.2800 -0.0080
vn -0.9997 0.0230 -0.0000
vn -0.9598 0.2807 -0.0000
vn -0.6185 0.7858 -0.0001
vn -1.0000 -0.0011 -0.0000
vn 1.0000 0.0041 -0.0000
vn 0.9625 0.2713 -0.0000
vn -0.4432 -0.8955 -0.0399
vn 0.5592 -0.8255 -0.0764
vn -0.4620 0.8865 0.0275
vn 0.9542 -0.2991 -0.0000
vn 0.9998 -0.0213 -0.0000
vn 0.9433 -0.3319 -0.0067
vn 0.0111 -0.1483 0.9889
vn -0.0245 -0.1853 0.9824
vn 0.1222 -0.1866 0.9748
vn 0.0665 -0.0357 0.9971
vn 0.0830 -0.0198 0.9964
vn 0.0181 -0.0198 0.9996
vn 0.0061 0.9957 0.0921
vn -0.0219 0.9982 0.0566
vn -0.0587 0.9979 0.0279
vn 0.0241 0.3857 0.9223
vn 0.0297 0.1683 0.9853
vn -0.9999 0.0092 0.0138
vn -0.9999 0.0108 0.0104
vn -0.9998 0.0083 0.0153
vn 0.0148 -0.2867 0.9579
vn 0.0247 -0.3287 0.9441
vn 0.0023 -0.5350 0.8449
vn 0.9998 -0.0077 -0.0208
vn 0.6635 -0.1143 0.7394
vn 0.6467 -0.0872 0.7578
vn -0.2196 -0.1196 0.9682
vn -0.1503 -0.1002 0.9835
vn 0.9999 -0.0084 -0.0141
vn 0.9998 -0.0076 -0.0207
vn -0.1548 0.0004 -0.9880
vn -0.1544 0.0010 -0.9880
vn -0.1559 0.0007 -0.9878
vn -0.6956 0.4077 0.5915
vn 0.0727 0.6089 0.7899
vn -0.1826 0.7904 0.5848
vn -0.6483 0.2978 -0.7007
vn -0.0850 0.5310 -0.8431
vn 0.1450 0.5515 -0.8215
vn 0.2008 0.5981 0.7759
vn -0.0113 0.8246 0.5656
vn 0.0953 -0.8680 0.4874
vn 0.0682 -0.6688 0.7403
vn 0.1037 -0.6697 0.7353
vn -0.0024 -0.5420 0.8404
vn 0.4120 -0.4508 0.7919
vn 0.0491 -0.9984 0.0263
vn 0.0631 -0.9970 0.0446
vn 0.1535 -0.9882 0.0011
vn 0.0681 0.5749 0.8154
vn 0.9404 0.3033 0.1535
vn 0.9059 0.3580 0.2262
vn 0.0814 -0.9826 0.1671
vn 0.0821 -0.9793 0.1848
vn 0.0780 -0.9947 -0.0674
vn 0.1157 -0.9927 -0.0343
vn 0.0763 -0.9947 -0.0687
vn 0.1093 -0.7835 -0.6118
vn 0.1009 -0.8433 -0.5279
vn 0.1353 -0.6146 -0.7771
vn 0.0839 -0.9625 -0.2578
vn 0.0972 -0.9568 -0.2740
vn 0.0157 -0.9998 -0.0116
vn -0.1363 0.9905 0.0175
vn 0.8570 0.5152 -0.0080
vn -0.1525 0.9874 -0.0418
vn 0.8941 0.4458 0.0424
vn -0.2351 0.9702 0.0587
vn -0.1685 0.9161 0.3638
vn 0.8904 0.4487 -0.0761
vn -0.0802 0.6899 -0.7195
vn -0.1851 0.9166 -0.3542
vn 0.0905 -0.8871 0.4526
vn 0.8882 0.4590 -0.0209
vn 0.8858 0.4639 0.0118
vn 0.9046 0.4142 0.1007
vn 0.9916 0.1292 -0.0073
vn 0.9453 0.3263 -0.0000
vn 0.6721 0.7403 0.0158
vn 0.9580 0.2834 0.0434
vn 0.8501 0.5265 -0.0038
vn 0.7076 0.7055 0.0403
vn 0.9745 0.2187 0.0513
vn 0.9833 0.1814 -0.0164
vn 0.6234 0.7819 -0.0052
vn 0.9550 0.2963 -0.0103
vn 0.6348 0.7727 -0.0004
vn 0.9776 0.2102 -0.0086
vn -0.6969 0.7170 0.0125
vn -0.0971 0.9952 -0.0091
vn -0.6896 0.7242 0.0032
vn -0.6065 0.7749 0.1780
vn -0.6526 0.3840 -0.6532
vn -0.6879 0.6482 -0.3265
vn -0.6653 0.7466 -0.0035
vn -0.6397 0.7679 0.0325
vn 0.0371 0.5598 -0.8278
vn 0.0234 0.7220 -0.6915
vn 0.0987 0.9891 -0.1090
vn 0.0308 0.9985 -0.0454
vn 0.0131 0.8671 -0.4979
vn 0.0137 0.9999 0.0076
vn 0.1888 0.9809 0.0476
vn 0.8186 -0.2032 -0.5372
vn 0.0664 -0.5748 -0.8156
vn 0.0104 0.5878 0.8090
vn 0.0503 -0.5776 -0.8148
vn -0.6608 0.3375 0.6705
vn 0.9009 0.3836 0.2032
vn 0.9246 0.3403 -0.1713
vn 0.9385 0.3165 -0.1383
vn 0.9130 0.3596 -0.1927
vn 0.9069 0.3702 -0.2011
vn 0.0598 0.5163 0.8543
vn -0.0000 0.7142 0.6999
vn -0.0000 0.7118 0.7024
vn 0.5827 0.5255 0.6199
vn 0.5645 0.5775 0.5898
vn 0.5445 0.5499 0.6333
vn 0.5667 0.6081 0.5560
vn 0.1434 0.9764 0.1615
vn 0.2802 0.5069 0.8152
vn 0.3056 0.5723 0.7610
vn 0.0571 0.7370 0.6735
vn -0.0000 0.5597 0.8287
vn 0.0913 0.7667 0.6355
vn 0.4175 0.4431 0.7933
vn 0.5790 0.4445 0.6835
vn 0.3550 0.4143 0.8381
vn 0.1074 0.4924 0.8637
vn 0.0336 0.5487 0.8354
vn 0.5948 0.4481 0.6674
vn 0.5951 0.5523 0.5838
vn 0.2339 0.4696 0.8514
vn 0.1505 0.4675 0.8711
vn 0.1197 0.7606 0.6381
vn 0.2265 0.4707 0.8528
vn 0.7378 0.5085 0.4439
vn 0.5335 0.5784 0.6171
vn 0.8153 0.4644 0.3460
vn 0.7401 0.5077 0.4410
vn 0.3616 0.6230 -0.6936
vn 0.3836 0.6172 -0.6869
vn 0.3840 0.6195 -0.6846
vn 0.3758 0.6365 -0.6736
vn 0.2850 0.6998 -0.6550
vn 0.3726 0.6355 -0.6763
vn 0.2782 0.6629 -0.6951
vn 0.2560 0.7240 -0.6406
vn 0.0774 0.7561 -0.6498
vn -0.0000 0.6109 -0.7917
vn -0.0000 0.6137 -0.7896
vn 0.3395 0.6779 -0.6520
vn 0.2166 0.6297 -0.7460
vn 0.2157 0.6414 -0.7362
vn 0.1705 0.7318 -0.6598
vn 0.0550 0.7473 -0.6622
vn 0.1582 0.7317 -0.6630
vn -0.0000 0.7142 -0.7000
vn 0.1393 0.4454 -0.8844
vn -0.0000 0.7117 -0.7025
vn 0.3339 0.6891 -0.6432
vn 0.2490 0.5078 -0.8247
vn 0.2588 0.6514 -0.7132
vn 0.1568 0.7202 -0.6758
vn 0.0575 0.4070 -0.9116
vn -0.9459 -0.2999 0.1237
vn -0.0000 -1.0000 -0.0000
vn -0.5391 0.0836 0.8381
vn -0.4252 0.0884 0.9008
vn -0.5663 0.0977 0.8184
vn -0.0223 0.1886 0.9818
vn -0.0237 0.1940 0.9807
vn -0.2007 -0.0071 0.9796
vn -0.0923 0.9946 -0.0469
vn 0.1052 0.9929 0.0553
vn -0.1778 0.9834 0.0349
vn 0.0894 0.9953 0.0381
vn 0.0577 0.9982 0.0136
vn -0.0748 0.9936 -0.0848
vn -0.2833 0.9557 -0.0800
vn -0.3795 0.0644 0.9230
vn -0.0273 0.0885 0.9957
vn 0.1211 0.0537 0.9912
vn 0.4042 0.0926 0.9099
vn 0.4510 0.0592 0.8905
vn -0.3887 0.1718 0.9052
vn -0.2634 0.1511 0.9528
vn -0.3117 0.1589 0.9368
vn -0.9238 -0.3824 0.0174
vn -0.6184 -0.7859 0.0005
vn -0.5081 -0.8612 0.0082
vn -0.0423 0.1515 0.9876
vn 0.1017 0.1313 0.9861
vn 0.2555 0.1694 0.9519
vn -0.0232 0.1959 0.9803
vn -0.0392 0.2106 0.9768
vn -0.0039 0.2074 0.9782
vn 0.3178 0.1519 0.9359
vn -0.3375 -0.9413 0.0087
vn -0.4022 -0.9155 0.0036
vn -0.6630 -0.7484 0.0158
vn -0.6889 -0.7248 -0.0000
vn -0.0143 -0.1955 0.9806
vn -0.0280 0.1505 0.9882
vn -0.0030 -0.3265 0.9452
vn 0.3269 0.1522 0.9327
vn 0.4323 0.1481 0.8895
vn 0.4530 0.1612 0.8768
vn -0.3725 0.0861 0.9240
vn -0.0642 0.1112 0.9917
vn -0.4152 0.1158 0.9023
vn 0.1138 0.1639 0.9799
vn -0.0294 0.1169 0.9927
vn 0.0095 0.1546 0.9879
vn -0.0463 0.1235 0.9913
vn 0.1923 0.1567 0.9687
vn -0.0296 -0.1113 0.9934
vn -0.3167 0.1443 0.9375
vn -0.0091 0.1480 0.9889
vn -0.3447 0.1600 0.9250
vn 0.3071 0.1420 0.9410
vn -0.4456 0.1568 0.8814
vn -0.4705 0.1753 0.8648
vn -0.0123 0.1507 0.9885
vn -0.0270 0.1449 0.9891
vn -0.0272 0.1505 0.9882
vn -0.2177 0.1791 0.9595
vn -0.0267 0.1492 0.9885
vn -0.0320 0.1421 0.9893
vn -0.0329 0.0766 0.9965
vn -0.0249 0.1215 0.9923
vn 0.0290 -0.0453 0.9986
vn -0.1287 -0.2714 0.9538
vn 0.0422 -0.0857 0.9954
vn -0.3769 0.0324 0.9257
vn -0.0173 0.1059 0.9942
vn -0.0098 0.1116 0.9937
vn -0.0176 0.1014 0.9947
vn -0.0250 0.0973 0.9949
vn -0.0307 0.1038 0.9941
vn -0.0280 0.0979 0.9948
vn -0.0240 0.1245 0.9919
vn 0.0580 0.0705 0.9958
vn 0.0221 -0.0088 0.9997
vn -0.0316 0.1387 0.9898
vn -0.1014 0.1237 0.9871
vn -0.0515 0.0721 0.9961
vn -0.0630 0.0889 0.9940
vn -0.0561 0.0900 0.9944
vn -0.1128 0.1048 0.9881
vn -0.0746 0.0974 0.9925
vn -0.3026 -0.1852 0.9350
vn 0.9656 -0.1468 0.2147
vn 0.5340 -0.8441 -0.0480
vn 0.6779 -0.3769 -0.6312
vn -0.2170 0.6722 -0.7078
vn 0.3241 0.7256 -0.6070
vn 0.5883 0.6366 0.4986
vn -0.4762 0.8779 0.0507
vn -0.1395 0.6848 0.7153
vn -0.9364 0.3509 -0.0045
vn -0.9962 -0.0767 -0.0416
vn -0.7118 0.7022 0.0169
vn -0.9997 0.0176 0.0162
vn -0.9965 -0.0823 0.0125
vn -0.9997 0.0218 0.0095
vn -0.7191 0.6941 -0.0323
vn -0.9987 -0.0000 -0.0508
vn -0.9994 0.0332 -0.0065
vn -0.9994 0.0333 -0.0065
vn -0.9994 0.0331 -0.0065
vn -0.9994 0.0332 -0.0066
vn -0.9451 -0.3266 -0.0088
vn -0.9423 -0.2774 -0.1873
vn -0.9371 -0.1455 -0.3172
vn -0.9308 0.0336 -0.3639
vn -0.9252 0.2120 -0.3146
vn -0.9218 0.3419 -0.1827
vn -0.9218 0.3420 -0.1827
vn -0.9214 0.3886 -0.0035
vn -0.9214 0.3887 -0.0035
vn -0.9242 0.3394 0.1751
vn -0.9294 0.2076 0.3051
vn -0.9357 0.0285 0.3517
vn -0.9413 -0.1500 0.3024
vn -0.9448 -0.2799 0.1705
vn -0.7107 -0.3967 -0.5810
vn 0.7183 0.4050 -0.5657
vn 0.7650 0.6440 0.0098
vn -0.7184 -0.4049 0.5656
vn -0.7650 -0.6440 -0.0098
vn 0.7106 0.3967 0.5811
vn -0.0055 0.9077 0.4195
vn -0.0034 0.9780 0.2085
vn -0.0176 0.4024 0.9153
vn -0.0176 0.4028 0.9151
vn -0.0004 0.9997 0.0244
vn -0.0003 0.9998 0.0188
vn -0.0001 0.9998 0.0209
vn 0.0012 0.6197 -0.7849
vn 0.0189 0.7318 -0.6813
vn -0.0024 0.6215 -0.7834
vn -0.9657 -0.2440 -0.0887
vn -0.9287 -0.3694 0.0328
vn -0.9729 -0.0756 0.2184
vn -0.8875 -0.4149 0.2005
vn -0.8532 -0.3682 0.3694
vn -0.8350 -0.2419 0.4943
vn -0.9729 -0.0756 0.2185
vn -0.8377 -0.0697 0.5416
vn -0.8607 0.1021 0.4988
vn -0.8977 0.2275 0.3772
vn -0.9389 0.2729 0.2096
vn -0.9729 -0.0755 0.2184
vn -0.9732 0.2263 0.0407
vn -0.9914 0.0999 -0.0842
vn -0.9887 -0.0722 -0.1315
vn -0.0000 0.9999 -0.0164
vn -0.0000 0.9999 -0.0160
vn -0.0010 0.6378 0.7702
vn -0.0166 0.4023 -0.9153
vn 0.0070 0.7572 0.6531
vn -0.0011 0.6375 0.7705
vn -0.0004 0.9997 -0.0258
vn -0.0009 0.9997 -0.0228
vn -0.9751 -0.0722 0.2097
vn -0.9872 -0.0756 -0.1405
vn -0.9556 -0.2440 0.1651
vn -0.9284 -0.3694 0.0410
vn -0.9872 -0.0756 -0.1404
vn -0.9006 -0.4149 -0.1294
vn -0.8798 -0.3682 -0.3005
vn -0.8716 -0.2419 -0.4264
vn -0.8781 -0.0698 -0.4733
vn -0.9872 -0.0756 -0.1406
vn -0.8976 0.1020 -0.4288
vn -0.9249 0.2275 -0.3047
vn -0.9526 0.2729 -0.1343
vn -0.9734 0.2263 0.0368
vn -0.9816 0.0999 0.1627
vn -0.2987 0.9386 0.1724
vn -0.0416 0.0682 0.9968
vn -0.0113 0.1076 0.9941
vn -0.0124 0.1225 0.9924
vn -0.0067 -0.1827 0.9831
vn 0.0106 -0.2296 0.9732
vn -0.0188 -0.1871 0.9822
vn -0.7320 -0.6804 0.0367
vn -0.9677 -0.2506 0.0278
vn -0.5106 -0.8581 -0.0545
vn -0.0179 -0.0935 0.9955
vn -0.1148 -0.0073 0.9934
vn 0.7548 0.5846 0.2976
vn 0.9986 0.0026 0.0530
vn 0.9978 0.0007 0.0669
vn -0.0469 -0.1979 0.9791
vn -0.0390 -0.1855 0.9819
vn 0.0021 0.1415 0.9899
vn 0.6622 -0.7410 0.1113
vn 0.1426 -0.9889 0.0427
vn 0.8142 -0.5525 0.1785
vn -0.7125 0.6728 0.1994
vn 0.9989 -0.0143 0.0451
vn 0.0030 0.7261 -0.6876
vn -0.0001 -0.2961 0.9552
vn -0.0000 -0.2967 0.9550
vn 0.7268 0.0133 0.6867
vn -0.0006 0.1398 0.9902
vn -0.7947 0.5977 0.1054
vn -0.2298 0.9599 0.1604
vn -0.2453 0.9518 0.1841
vn -0.9974 0.0076 0.0717
vn -0.9876 0.1509 0.0428
vn -0.9954 -0.0054 0.0957
vn -0.9949 -0.0059 0.1005
vn -0.9780 -0.1982 0.0652
vn -0.9967 -0.0112 0.0810
vn 0.0030 0.7262 -0.6875
vn -0.1516 0.6981 -0.6998
vn -0.1797 0.6869 -0.7042
vn -0.5014 0.4557 -0.7354
vn -0.6996 0.0995 -0.7076
vn -0.5135 0.4401 -0.7366
vn -0.4642 -0.3668 -0.8063
vn -0.1442 -0.5844 -0.7986
vn -0.4656 -0.3671 -0.8053
vn -0.6726 -0.0124 -0.7399
vn -0.1297 -0.5899 -0.7970
vn -0.7279 0.1034 -0.6778
vn -0.7232 0.0448 -0.6891
vn -0.7231 0.0422 -0.6894
vn -0.7283 -0.0210 -0.6850
vn -0.6765 0.0040 -0.7364
vn -0.7287 0.1153 -0.6751
vn -0.7298 -0.0309 -0.6829
vn -0.7016 0.0897 -0.7069
vn 0.7256 -0.6868 -0.0421
vn 0.0022 -0.9979 -0.0642
vn -0.2467 0.3695 0.8959
vn 0.0162 0.0024 0.9999
vn 0.0137 0.0067 0.9999
vn 0.6710 0.7402 0.0431
vn 0.7401 0.6709 0.0462
vn -0.7254 0.6872 0.0398
vn -0.7398 -0.6714 -0.0441
vn -0.6716 -0.7397 -0.0428
vn 0.6819 -0.7305 -0.0363
vn 0.7137 -0.6992 -0.0421
vn 0.0018 -0.9982 -0.0598
vn 0.0018 -0.9982 -0.0599
vn -0.0254 -0.0276 0.9993
vn -0.0517 -0.2236 0.9733
vn -0.2589 -0.3576 0.8973
vn 0.6813 0.7306 0.0454
vn 0.0004 0.9960 0.0891
vn 0.7290 0.6828 0.0486
vn -0.7135 0.6995 0.0402
vn -0.7284 -0.6835 -0.0467
vn -0.6822 -0.7297 -0.0452
vn 0.6967 -0.7165 -0.0349
vn 0.7063 -0.7066 -0.0428
vn 0.0005 -0.9962 -0.0873
vn 0.0035 -0.9962 -0.0867
vn 0.0067 0.9957 0.0927
vn -0.0001 0.9938 0.1114
vn 0.0004 0.9964 0.0853
vn -0.0215 -0.0617 0.9979
vn -0.0227 -0.0478 0.9986
vn -0.0210 -0.0616 0.9979
vn -0.0161 -0.9996 -0.0230
vn 0.6896 0.7228 0.0449
vn 0.7199 0.6923 0.0491
vn -0.7057 0.7073 0.0410
vn -0.7195 -0.6928 -0.0474
vn -0.6906 -0.7219 -0.0449
vn -0.0231 -0.0483 0.9986
vn 0.3990 -0.0647 0.9147
vn 0.7088 -0.7046 -0.0339
vn 0.6867 -0.7256 -0.0443
vn 0.0005 -0.9965 -0.0832
vn 0.0029 -0.9965 -0.0834
vn -0.0544 -0.1031 0.9932
vn -0.1138 -0.0868 0.9897
vn -0.0832 -0.0215 0.9963
vn -0.0208 -0.0762 0.9969
vn -0.0153 -0.9996 -0.0218
vn -0.0008 0.4993 0.8664
vn 0.7103 0.7026 0.0422
vn 0.6990 0.7133 0.0510
vn -0.7102 -0.7026 -0.0438
vn -0.7281 0.6846 0.0352
vn -0.7008 -0.7115 -0.0509
vn -0.0253 -0.0774 0.9967
vn 0.3972 -0.0848 0.9138
vn 0.7287 -0.6840 -0.0333
vn -0.0292 -0.1307 0.9910
vn -0.0290 -0.1299 0.9911
vn 0.0003 0.9982 0.0599
vn 0.0003 0.9982 0.0600
vn -0.0355 -0.1601 0.9865
vn -0.0349 -0.1615 0.9863
vn 0.6751 -0.7363 -0.0452
vn 0.7222 0.6904 0.0409
vn 0.6847 0.7270 0.0513
vn -0.7222 -0.6903 -0.0429
vn -0.7361 0.6759 0.0364
vn -0.6857 -0.7260 -0.0513
vn -0.6759 0.7356 0.0452
vn 0.7368 -0.6752 -0.0343
vn -0.0019 0.6777 0.7353
vn 0.2337 -0.4229 0.8755
vn -0.0001 -0.9982 -0.0604
vn -0.0001 -0.9982 -0.0599
vn -0.0016 0.9982 0.0599
vn -0.6835 0.7291 0.0362
vn -0.0003 -0.9963 -0.0862
vn -0.0001 -0.9961 -0.0885
vn 0.4086 -0.0116 0.9127
vn -0.0290 -0.0264 0.9992
vn -0.0152 -0.9997 -0.0216
vn -0.0001 -0.9961 -0.0886
vn -0.6975 0.7157 0.0348
vn -0.0006 0.9964 0.0844
vn 0.3818 0.1035 0.9184
vn -0.0005 0.9964 0.0843
vn -0.7097 0.7037 0.0339
vn -0.0007 -0.9984 -0.0557
vn -0.6876 0.7247 0.0443
vn -0.0015 0.9982 0.0599
vn -0.0074 -0.9955 -0.0942
vn 0.0001 -0.9937 -0.1118
vn -0.0067 -0.9956 -0.0930
vn 0.0001 -0.9938 -0.1115
vn 0.0162 0.9996 0.0228
vn 0.4285 -0.0630 0.9013
vn 0.4250 -0.0408 0.9043
vn 0.0152 0.9997 0.0213
vn -0.0067 -0.9957 -0.0927
vn 0.0001 -0.9938 -0.1114
vn 0.4294 -0.0826 0.8993
vn 0.4329 -0.0746 0.8983
vn 0.0153 0.9996 0.0218
vn 0.3887 -0.1087 0.9149
vn -0.2574 -0.1738 0.9505
vn -0.4027 -0.0099 0.9153
vn 0.3804 -0.1091 0.9184
vn -0.2673 -0.1733 0.9479
vn -0.4096 -0.0098 0.9122
vn 0.3734 -0.1095 0.9212
vn -0.2755 -0.1727 0.9457
vn -0.4148 -0.0097 0.9099
vn 0.3680 -0.1097 0.9233
vn -0.2817 -0.1723 0.9439
vn -0.4186 -0.0096 0.9081
vn -0.6785 -0.6241 0.3875
vn -0.6250 -0.6763 0.3897
vn -0.0000 -0.0498 0.9988
vn -0.0000 -0.0496 0.9988
vn -0.0006 -0.0494 0.9988
vn -0.0002 -0.0496 0.9988
vn 0.0002 -0.0495 0.9988
vn 0.0009 -0.0494 0.9988
vn 0.0010 -0.0493 0.9988
vn -0.7383 -0.6737 -0.0322
vn -0.6760 -0.7358 -0.0399
vn -0.0005 -0.0493 0.9988
vn 0.0014 -0.0498 0.9988
vn 0.0014 -0.0500 0.9987
vn 0.0001 -0.0497 0.9988
vn -0.0064 0.1452 0.9894
vn -0.0068 0.0972 0.9952
vn 0.9474 0.3096 0.0808
vn -0.6397 0.6422 0.4224
vn 0.1618 0.9798 -0.1177
vn 0.7422 0.6674 0.0608
vn 0.0054 0.2555 -0.9668
vn 0.0064 0.2564 -0.9665
vn 0.0065 0.2562 -0.9666
vn -0.1746 0.5380 -0.8246
vn -0.1745 0.5380 -0.8247
vn -0.3051 0.4106 -0.8593
vn -0.3517 0.2373 -0.9055
vn -0.3024 0.0647 -0.9510
vn -0.1713 -0.0608 -0.9834
vn -0.1710 -0.0610 -0.9834
vn 0.0072 0.2554 -0.9668
vn 0.0073 0.2560 -0.9666
vn 0.5825 0.2419 0.7760
vn 0.0068 0.2564 -0.9666
vn -0.5948 0.0448 0.8026
vn -0.5344 -0.0860 0.8408
vn -0.5732 0.0032 0.8194
vn -0.0286 -0.1299 0.9911
vn -0.0879 -0.1493 0.9849
vn -0.0708 -0.1306 0.9889
vn 0.0272 -0.1891 0.9816
vn 0.0194 -0.1957 0.9805
vn 0.0245 -0.1853 0.9824
vn -0.0844 -0.0185 0.9963
vn -0.0823 -0.0365 0.9959
vn -0.0830 -0.0198 0.9964
vn 0.4274 -0.1448 0.8924
vn 0.4951 -0.2564 0.8302
vn 0.5334 -0.2496 0.8082
vn 0.0893 -0.1496 0.9847
vn 0.4385 -0.2104 0.8738
vn -0.6306 -0.3477 0.6938
vn -0.5156 -0.1934 0.8347
vn -0.6524 -0.2142 0.7270
vn 0.5656 -0.0702 0.8217
vn 0.4381 -0.0192 0.8987
vn 0.0979 -0.1145 0.9886
vn -0.2217 -0.1347 0.9658
vn -0.2393 -0.1097 0.9647
vn -0.6749 -0.1060 0.7303
vn -0.6350 0.0392 0.7715
vn -0.0588 -0.0430 0.9973
vn -0.0344 -0.0358 0.9988
vn -0.0420 -0.0432 0.9982
vn -0.0693 -0.2330 0.9700
vn -0.1249 -0.1905 0.9737
vn -0.1165 -0.1968 0.9735
vn -0.1104 -0.1930 0.9750
vn -0.0205 -0.0428 0.9989
vn -0.0213 -0.1235 0.9921
vn -0.0224 -0.1243 0.9920
vn 0.0532 -0.1645 0.9850
vn 0.4361 -0.0281 0.8995
vn -0.0168 -0.0185 0.9997
vn -0.0186 -0.0367 0.9992
vn -0.0802 -0.0430 0.9959
vn -0.0777 -0.1236 0.9893
vn 0.6185 -0.7837 -0.0568
vn 0.9526 -0.3042 -0.0076
vn 0.9637 -0.2670 -0.0000
vn -0.0766 -0.1247 0.9892
vn 0.0422 -0.9804 -0.1925
vn 0.1777 -0.9335 -0.3115
vn 0.0789 -0.9723 -0.2201
vn 0.0132 -0.1921 0.9813
vn -0.9601 0.2795 0.0082
vn -0.6180 0.7862 -0.0004
vn -0.9625 0.2713 -0.0000
vn 0.9997 0.0230 -0.0000
vn 0.9600 0.2800 -0.0080
vn 0.9598 0.2807 -0.0000
vn 0.6185 0.7858 -0.0001
vn 0.4620 0.8865 0.0275
vn 1.0000 -0.0011 -0.0000
vn -1.0000 0.0041 -0.0000
vn -0.9998 -0.0213 -0.0000
vn -0.5592 -0.8255 -0.0764
vn 0.4432 -0.8955 -0.0399
vn -0.4698 0.8824 -0.0255
vn -0.9542 -0.2991 -0.0000
vn -0.9433 -0.3319 -0.0067
vn -0.4772 -0.8751 -0.0798
vn -0.0111 -0.1483 0.9889
vn -0.1222 -0.1866 0.9748
vn -0.0665 -0.0357 0.9971
vn -0.0181 -0.0198 0.9996
vn -0.0519 0.9979 0.0393
vn 0.0587 0.9979 0.0279
vn -0.0102 0.9956 0.0931
vn -0.0241 0.3857 0.9223
vn -0.0297 0.1683 0.9853
vn -0.0240 0.1749 0.9843
vn 0.9998 0.0083 0.0153
vn 0.9999 0.0092 0.0138
vn 0.9999 0.0078 0.0137
vn -0.9998 -0.0077 -0.0208
vn -0.9999 -0.0108 -0.0104
vn -0.9998 -0.0074 -0.0179
vn -0.0148 -0.2867 0.9579
vn -0.0247 -0.3287 0.9441
vn -0.0023 -0.5350 0.8449
vn -0.0151 -0.5537 0.8326
vn 0.2196 -0.1196 0.9682
vn -0.6635 -0.1143 0.7394
vn -0.6467 -0.0872 0.7578
vn -0.9998 -0.0076 -0.0207
vn -0.9999 -0.0084 -0.0141
vn 0.1562 -0.0004 -0.9877
vn 0.1503 0.0010 -0.9886
vn 0.1560 -0.0012 -0.9878
vn 0.0850 0.5310 -0.8431
vn 0.6483 0.2978 -0.7007
vn -0.1450 0.5515 -0.8215
vn 0.6956 0.4077 0.5915
vn -0.2008 0.5981 0.7759
vn 0.0113 0.8246 0.5656
vn -0.0953 -0.8680 0.4874
vn -0.0682 -0.6688 0.7403
vn -0.0905 -0.8871 0.4526
vn -0.1037 -0.6697 0.7353
vn 0.0024 -0.5420 0.8404
vn -0.0631 -0.9970 0.0446
vn -0.0491 -0.9984 0.0263
vn -0.1535 -0.9882 0.0011
vn -0.0814 -0.9826 0.1671
vn -0.1157 -0.9927 -0.0343
vn -0.0780 -0.9947 -0.0674
vn -0.0763 -0.9947 -0.0687
vn 0.1851 0.9166 -0.3542
vn -0.8904 0.4487 -0.0761
vn -0.8882 0.4590 -0.0209
vn -0.1010 -0.8433 -0.5279
vn -0.1093 -0.7835 -0.6118
vn -0.1353 -0.6146 -0.7771
vn -0.0839 -0.9625 -0.2578
vn -0.0972 -0.9568 -0.2740
vn -0.0157 -0.9998 -0.0116
vn 0.1363 0.9905 0.0175
vn -0.8570 0.5152 -0.0080
vn -0.8681 0.4964 -0.0069
vn 0.2351 0.9702 0.0587
vn -0.8941 0.4458 0.0424
vn 0.1685 0.9161 0.3638
vn 0.0802 0.6899 -0.7195
vn -0.0821 -0.9793 0.1848
vn 0.1525 0.9874 -0.0418
vn -0.8851 0.4650 -0.0204
vn -0.8858 0.4639 0.0118
vn -0.9046 0.4142 0.1007
vn 0.1826 0.7904 0.5848
vn -0.9009 0.3836 0.2032
vn -0.4120 -0.4508 0.7919
vn 0.0033 -0.5409 0.8411
vn -0.9916 0.1293 -0.0073
vn -0.8501 0.5265 -0.0038
vn -0.6721 0.7403 0.0158
vn 0.0971 0.9952 -0.0091
vn -0.9580 0.2834 0.0434
vn -0.7076 0.7055 0.0403
vn -0.9550 0.2963 -0.0103
vn -0.6348 0.7727 -0.0004
vn -0.6234 0.7819 -0.0052
vn 0.6969 0.7170 0.0125
vn 0.7118 0.7022 0.0169
vn 0.6896 0.7242 0.0032
vn 0.6065 0.7749 0.1780
vn 0.6526 0.3840 -0.6532
vn 0.6879 0.6482 -0.3265
vn 0.6653 0.7466 -0.0035
vn -0.0371 0.5598 -0.8278
vn -0.0987 0.9891 -0.1090
vn -0.0234 0.7220 -0.6915
vn -0.0137 0.9999 0.0076
vn 0.6397 0.7679 0.0325
vn -0.1888 0.9809 0.0476
vn -0.0664 -0.5748 -0.8156
vn -0.8186 -0.2032 -0.5372
vn -0.0104 0.5878 0.8090
vn 0.6608 0.3375 0.6705
vn -0.0727 0.6088 0.7899
vn -0.9059 0.3580 0.2262
vn -0.0503 -0.5776 -0.8148
vn -0.0681 0.5749 0.8154
vn -0.9246 0.3403 -0.1713
vn -0.9385 0.3165 -0.1383
vn -0.9130 0.3596 -0.1927
vn -0.9070 0.3702 -0.2010
vn -0.5335 0.5784 0.6171
vn -0.5951 0.5523 0.5838
vn -0.5877 0.5584 0.5855
vn -0.5645 0.5775 0.5898
vn -0.2802 0.5069 0.8152
vn -0.3056 0.5723 0.7610
vn -0.5446 0.5499 0.6333
vn -0.5827 0.5255 0.6199
vn -0.3725 0.5984 0.7094
vn -0.5667 0.6081 0.5560
vn -0.1434 0.9764 0.1615
vn -0.0913 0.7667 0.6355
vn -0.0000 0.5569 0.8306
vn -0.4175 0.4431 0.7933
vn -0.5790 0.4445 0.6834
vn -0.5948 0.4481 0.6674
vn -0.0598 0.5163 0.8543
vn -0.1074 0.4924 0.8637
vn -0.0336 0.5487 0.8354
vn -0.2339 0.4696 0.8514
vn -0.1505 0.4675 0.8711
vn -0.2265 0.4706 0.8528
vn -0.1197 0.7606 0.6381
vn -0.0571 0.7370 0.6735
vn -0.3550 0.4143 0.8381
vn -0.7378 0.5085 0.4439
vn -0.8153 0.4644 0.3460
vn -0.7401 0.5077 0.4410
vn -0.3616 0.6230 -0.6936
vn -0.3836 0.6172 -0.6869
vn -0.3613 0.6216 -0.6950
vn -0.3759 0.6364 -0.6736
vn -0.2850 0.6998 -0.6550
vn -0.4428 0.6303 -0.6377
vn -0.2560 0.7240 -0.6406
vn -0.2782 0.6629 -0.6951
vn -0.1582 0.7317 -0.6630
vn -0.2166 0.6297 -0.7460
vn -0.2157 0.6414 -0.7362
vn -0.3395 0.6779 -0.6520
vn -0.2490 0.5078 -0.8247
vn -0.1643 0.6229 -0.7649
vn -0.1393 0.4454 -0.8844
vn -0.1705 0.7318 -0.6598
vn -0.0774 0.7561 -0.6498
vn -0.3339 0.6891 -0.6432
vn -0.0550 0.7473 -0.6622
vn -0.3840 0.6195 -0.6846
vn -0.1569 0.7202 -0.6758
vn -0.0575 0.4070 -0.9116
vn 0.9460 -0.2998 0.1237
vn -0.3726 0.6355 -0.6763
vn 0.5391 0.0836 0.8381
vn 0.4252 0.0884 0.9008
vn 0.3795 0.0644 0.9230
vn 0.0223 0.1886 0.9818
vn 0.2007 -0.0071 0.9796
vn 0.0237 0.1940 0.9807
vn 0.0923 0.9946 -0.0469
vn -0.1052 0.9929 0.0553
vn -0.0894 0.9953 0.0381
vn -0.0577 0.9982 0.0136
vn -0.0514 0.9987 -0.0000
vn 0.0748 0.9936 -0.0848
vn 0.2833 0.9557 -0.0800
vn 0.0273 0.0885 0.9957
vn -0.4510 0.0592 0.8905
vn -0.4042 0.0926 0.9099
vn -0.5397 0.0993 0.8360
vn 0.3887 0.1718 0.9052
vn 0.2634 0.1511 0.9528
vn 0.3557 0.1975 0.9135
vn 0.6184 -0.7859 0.0005
vn 0.9238 -0.3824 0.0174
vn 0.5081 -0.8612 0.0082
vn 0.0423 0.1515 0.9876
vn 0.3117 0.1589 0.9368
vn 0.0232 0.1959 0.9803
vn 0.0039 0.2074 0.9782
vn 0.0392 0.2106 0.9768
vn -0.3178 0.1519 0.9359
vn -0.2555 0.1694 0.9519
vn -0.3585 0.1825 0.9155
vn 0.3375 -0.9413 0.0087
vn 0.4022 -0.9155 0.0036
vn 0.6630 -0.7484 0.0158
vn 0.6889 -0.7248 -0.0000
vn 0.0280 0.1505 0.9882
vn 0.0143 -0.1955 0.9806
vn 0.0030 -0.3265 0.9452
vn -0.4323 0.1481 0.8895
vn -0.3269 0.1522 0.9327
vn -0.4530 0.1612 0.8768
vn 0.3725 0.0861 0.9240
vn 0.0642 0.1112 0.9917
vn 0.0463 0.1235 0.9913
vn -0.0095 0.1546 0.9879
vn -0.1138 0.1639 0.9799
vn -0.1557 0.1894 0.9695
vn -0.1923 0.1567 0.9687
vn 0.0296 -0.1113 0.9934
vn 0.0091 0.1480 0.9889
vn 0.3167 0.1443 0.9375
vn 0.3447 0.1600 0.9250
vn -0.3071 0.1420 0.9410
vn 0.0035 0.1386 0.9903
vn 0.4456 0.1568 0.8814
vn 0.0270 0.1449 0.9891
vn 0.0123 0.1507 0.9885
vn 0.0272 0.1505 0.9882
vn 0.0267 0.1492 0.9885
vn 0.2177 0.1791 0.9594
vn 0.0320 0.1421 0.9893
vn 0.0249 0.1215 0.9923
vn 0.1287 -0.2714 0.9538
vn -0.0290 -0.0453 0.9986
vn -0.0422 -0.0857 0.9954
vn 0.3026 -0.1852 0.9350
vn 0.3768 0.0324 0.9257
vn 0.0173 0.1059 0.9942
vn 0.0098 0.1116 0.9937
vn 0.0176 0.1014 0.9947
vn 0.0250 0.0973 0.9949
vn 0.0240 0.1245 0.9919
vn 0.0307 0.1038 0.9941
vn 0.0306 0.0869 0.9957
vn -0.0580 0.0705 0.9958
vn -0.0221 -0.0088 0.9997
vn 0.0316 0.1387 0.9898
vn 0.1014 0.1237 0.9871
vn 0.0630 0.0889 0.9940
vn 0.0515 0.0721 0.9961
vn 0.0561 0.0900 0.9944
vn 0.1128 0.1048 0.9881
vn 0.0746 0.0974 0.9925
vn -0.3241 0.7256 -0.6070
vn 0.4762 0.8779 0.0507
vn 0.2170 0.6722 -0.7078
vn -0.6779 -0.3769 -0.6312
vn -0.1190 -0.6460 -0.7540
vn -0.5883 0.6366 0.4986
vn -0.9656 -0.1468 0.2147
vn 0.1395 0.6848 0.7153
vn 0.9364 0.3509 -0.0045
vn 0.7191 0.6941 -0.0323
vn 0.9962 -0.0767 -0.0416
vn 0.9965 -0.0823 0.0125
vn -0.0000 -0.2248 -0.9744
vn 0.0004 0.9998 0.0203
vn -0.0082 0.3892 0.9211
vn 0.0137 0.7384 0.6742
vn 0.0024 0.6215 -0.7834
vn 0.0003 0.9997 -0.0251
vn 0.0128 0.6450 -0.7641
vn 0.0171 0.4035 -0.9148
vn -0.0070 0.7581 0.6521
vn 0.9123 -0.0561 0.4057
vn -0.0000 0.1398 0.9902
vn 0.2449 0.9519 0.1841
vn 0.0024 0.9742 0.2257
vn 0.9974 0.0076 0.0717
vn 0.9967 -0.0112 0.0810
vn 0.1296 -0.5900 -0.7969
vn -0.6814 -0.7310 -0.0363
vn 0.2689 -0.3183 0.9090
vn -0.2140 0.4680 0.8574
vn 0.6830 0.7296 0.0362
vn -0.6962 -0.7170 -0.0349
vn 0.1015 -0.1424 0.9846
vn 0.6981 0.7152 0.0348
vn -0.7088 -0.7046 -0.0339
vn 0.7097 0.7037 0.0339
vn 0.2175 -0.2039 0.9545
vn -0.6995 0.7128 0.0510
vn 0.7003 -0.7120 -0.0509
vn -0.0000 -0.1300 0.9915
vn -0.6842 0.7275 0.0513
vn 0.6862 -0.7256 -0.0513
vn -0.4202 -0.0499 0.9060
vn -0.0000 0.0578 0.9983
vn -0.2033 -0.1468 0.9681
vn -0.2721 0.0492 0.9610
vn -0.2620 0.0494 0.9638
vn -0.2535 0.0495 0.9661
vn -0.2471 0.0496 0.9677
vn -0.0000 -0.0495 0.9988
vn 0.7250 -0.6839 -0.0817
vn -0.0016 0.2559 -0.9667
vn -0.5334 -0.2496 0.8082
vn -0.0007 -0.0352 0.9994
vn -0.4361 -0.0281 0.8995
vn 0.0710 -0.0149 0.9974
vn 0.1188 -0.9418 -0.3144
vn -0.0789 -0.9723 -0.2201
vn -0.1777 -0.9335 -0.3115
vn -0.0422 -0.9804 -0.1925
vn -0.0142 -0.9874 -0.1575
vn 0.4772 -0.8751 -0.0798
vn -0.1579 0.9850 -0.0700
vn 0.0519 0.9979 0.0393
vn 0.0102 0.9956 0.0931
vn 0.1386 0.9878 -0.0715
vn 0.0309 0.9978 0.0591
vn 0.0240 0.1749 0.9843
vn -0.9999 0.0071 0.0102
vn -0.9999 0.0078 0.0137
vn 0.9998 -0.0074 -0.0179
vn 0.9999 -0.0108 -0.0104
vn 0.0151 -0.5537 0.8326
vn -0.1495 -0.1435 0.9783
vn -0.1503 0.0010 -0.9886
vn -0.1562 -0.0004 -0.9877
vn -0.1560 -0.0012 -0.9878
vn -0.1534 -0.0002 -0.9882
vn -0.1574 0.0053 -0.9875
vn -0.1534 0.0001 -0.9882
vn -0.1552 0.0020 -0.9879
vn -0.1553 0.0015 -0.9879
vn -0.1559 0.0011 -0.9878
vn -0.1566 -0.0010 -0.9877
vn -0.1555 0.0007 -0.9878
vn -0.1533 -0.0000 -0.9882
vn -0.1515 -0.0003 -0.9885
vn -0.1535 0.0004 -0.9882
vn -0.1447 -0.0072 -0.9894
vn 0.9232 0.3420 -0.1754
vn -0.0033 -0.5409 0.8411
vn -0.0544 -0.5889 -0.8064
vn 0.8681 0.4964 -0.0069
vn 0.9136 0.3928 -0.1049
vn 0.8851 0.4650 -0.0204
vn 0.8694 0.4940 0.0093
vn -0.0134 0.9515 0.3073
vn 0.9718 0.0467 -0.2310
vn 0.9781 0.1868 0.0921
vn 0.5877 0.5584 0.5855
vn 0.3724 0.5984 0.7094
vn 0.1239 0.7542 0.6449
vn 0.8732 0.4191 0.2489
vn 0.3613 0.6216 -0.6950
vn 0.4428 0.6303 -0.6377
vn 0.1643 0.6229 -0.7649
vn 0.0413 0.8532 -0.5200
vn 0.0514 0.9987 -0.0000
vn 0.5397 0.0993 0.8360
vn -0.3557 0.1975 0.9135
vn -0.9300 -0.3675 -0.0000
vn 0.0326 0.1987 0.9795
vn 0.3585 0.1825 0.9155
vn 0.1557 0.1894 0.9695
vn -0.0035 0.1386 0.9903
vn -0.0236 0.1453 0.9891
vn -0.0306 0.0869 0.9957
vn -0.0361 0.0951 0.9948
vn -0.0153 0.0725 0.9973
vn -0.0431 -0.0164 0.9989
vn 0.1190 -0.6460 -0.7540
vn -0.0004 0.9998 0.0203
vn 0.0051 0.5183 -0.8552
vn 0.0193 0.7366 -0.6760
vn -0.0003 0.9997 -0.0251
vn -0.0128 0.6449 -0.7641
vn -0.0167 0.4035 -0.9148
vn 0.0070 0.7581 0.6520
vn 0.0018 -0.9993 0.0385
vn -0.0345 0.0470 0.9983
vn 0.0130 -0.1833 0.9830
vn 1.0000 0.0057 0.0071
vn 0.6447 0.7615 0.0669
vn -0.9123 -0.0561 0.4058
vn -0.9411 0.0050 0.3382
vn 0.4352 -0.1274 0.8913
vn -0.1917 0.0674 0.9791
vn -0.6861 0.7128 0.1456
vn -0.0473 0.2421 0.9691
vn -0.0000 0.9958 0.0918
vn 0.0002 0.9961 0.0877
vn 0.4193 -0.0116 0.9078
vn 0.3483 -0.1695 0.9219
vn -0.0034 0.9965 0.0839
vn 0.4069 -0.0774 0.9102
vn -0.0029 0.9964 0.0846
vn -0.2215 -0.1472 0.9640
vn 0.2368 0.0468 0.9704
vn 0.2721 0.0492 0.9610
vn -0.3042 -0.1744 0.9365
vn 0.2266 0.0470 0.9729
vn 0.2620 0.0494 0.9638
vn -0.3121 -0.1738 0.9340
vn 0.2181 0.0471 0.9748
vn 0.2535 0.0495 0.9661
vn -0.3181 -0.1733 0.9321
vn 0.2116 0.0472 0.9762
vn 0.2471 0.0496 0.9677
vn -0.2946 -0.1751 0.9394
vn 0.5181 0.0511 0.8538
vn 0.0007 -0.0352 0.9994
vn -0.0710 -0.0149 0.9974
vn -0.0317 -0.9773 -0.2093
vn 0.0101 -0.9876 -0.1565
vn -0.1188 -0.9418 -0.3144
vn -0.0106 -0.9817 -0.1901
vn 0.0142 -0.9874 -0.1575
vn 0.1579 0.9850 -0.0699
vn 0.0219 0.9982 0.0566
vn -0.0061 0.9957 0.0921
vn -0.0309 0.9978 0.0591
vn -0.1386 0.9878 -0.0715
vn 0.9999 0.0071 0.0102
vn 0.9999 0.0108 0.0104
vn 0.1495 -0.1435 0.9783
vn 0.1503 -0.1002 0.9835
vn 0.1559 0.0007 -0.9878
vn 0.1553 0.0015 -0.9879
vn 0.1544 0.0010 -0.9880
vn 0.1548 0.0004 -0.9880
vn 0.1535 0.0004 -0.9882
vn 0.1559 0.0011 -0.9878
vn 0.1447 -0.0072 -0.9894
vn 0.1514 -0.0003 -0.9885
vn 0.1555 0.0007 -0.9878
vn 0.1533 -0.0000 -0.9882
vn 0.1566 -0.0010 -0.9877
vn 0.1552 0.0020 -0.9879
vn 0.1534 0.0001 -0.9882
vn 0.1534 -0.0002 -0.9882
vn 0.1574 0.0053 -0.9875
vn -0.9232 0.3420 -0.1754
vn -0.9404 0.3033 0.1535
vn 0.0544 -0.5889 -0.8064
vn -0.9136 0.3928 -0.1048
vn -0.8694 0.4940 0.0093
vn -0.9453 0.3263 -0.0000
vn -0.9745 0.2187 0.0513
vn -0.9833 0.1814 -0.0164
vn -0.9776 0.2102 -0.0086
vn -0.0308 0.9985 -0.0454
vn -0.0131 0.8671 -0.4979
vn 0.0134 0.9515 0.3073
vn -0.9718 0.0467 -0.2310
vn -0.9781 0.1868 0.0922
vn -0.1239 0.7542 0.6448
vn -0.8732 0.4190 0.2488
vn -0.2588 0.6514 -0.7132
vn -0.0413 0.8532 -0.5200
vn 0.5663 0.0977 0.8184
vn 0.1778 0.9834 0.0349
vn -0.1211 0.0537 0.9912
vn 0.9300 -0.3675 -0.0000
vn -0.1017 0.1313 0.9861
vn -0.0326 0.1987 0.9795
vn 0.4152 0.1158 0.9023
vn 0.0294 0.1169 0.9927
vn 0.4705 0.1753 0.8648
vn 0.0236 0.1453 0.9891
vn 0.0329 0.0766 0.9965
vn 0.0153 0.0725 0.9973
vn 0.0280 0.0979 0.9948
vn 0.0361 0.0951 0.9948
vn 0.0431 -0.0164 0.9989
vn -0.5340 -0.8441 -0.0480
vn 0.9997 0.0176 0.0162
vn 0.9997 0.0218 0.0095
vn 0.9987 -0.0000 -0.0508
s 1
usemtl Aluminum
f 34//1 37//2 14//3
f 10//3 46//4 49//1
f 18//5 15//6 20//5
f 21//7 20//5 23//7
f 26//8 21//7 23//7
f 29//9 24//8 26//8
f 30//10 29//9 32//11
f 33//12 32//11 35//13
f 38//14 33//12 35//13
f 41//15 36//14 38//14
f 42//16 41//15 44//16
f 45//17 44//16 47//17
f 48//18 47//17 50//18
f 16//6 50//18 15//6
f 28//4 31//4 12//4
f 37//2 40//4 14//3
f 22//4 8//4 19//4
f 5//19 13//20 9//21
f 43//4 46//4 10//3
f 10//3 49//1 17//4
f 8//4 25//4 12//4
f 6//3 2//4 4//3
f 1//22 11//23 13//20
f 11//23 7//24 9//21
f 54//25 59//26 58//27
f 58//27 51//28 56//29
f 68//30 55//31 67//32
f 70//33 64//34 66//35
f 61//36 70//33 60//37
f 66//35 64//34 65//38
f 53//39 68//30 62//40
f 72//41 90//42 73//43
f 73//43 92//44 74//45
f 74//45 94//46 75//47
f 75//47 93//44 76//48
f 76//48 91//46 77//49
f 77//49 89//44 78//50
f 78//50 86//51 79//52
f 79//52 85//44 80//53
f 80//53 83//44 81//54
f 81//54 84//55 82//56
f 82//56 87//55 71//57
f 96//58 114//59 97//60
f 97//60 116//59 98//61
f 98//61 118//59 99//62
f 99//62 117//63 100//64
f 100//64 115//65 101//66
f 101//66 113//59 102//67
f 102//67 110//59 103//68
f 103//68 109//59 104//69
f 104//69 107//59 105//70
f 105//70 108//59 106//71
f 106//71 111//59 95//72
f 72//41 71//57 88//44
f 96//58 95//72 112//59
f 136//73 126//74 125//75
f 120//76 122//77 132//78
f 132//78 119//79 120//76
f 136//73 129//80 135//81
f 133//82 123//83 121//84
f 137//85 138//86 154//87
f 139//88 156//87 138//86
f 140//89 158//87 139//88
f 141//90 160//87 140//89
f 142//91 159//87 141//90
f 143//92 157//93 142//91
f 144//94 155//87 143//92
f 145//95 152//87 144//94
f 146//96 151//87 145//95
f 147//97 149//87 146//96
f 148//98 150//87 147//97
f 137//85 153//87 148//98
f 161//49 162//48 178//46
f 163//99 180//44 162//48
f 164//45 182//44 163//99
f 165//43 184//44 164//45
f 166//41 183//42 165//43
f 167//57 181//44 166//41
f 168//56 179//44 167//57
f 169//54 176//44 168//56
f 170//53 175//44 169//54
f 171//52 173//44 170//53
f 172//50 174//44 171//52
f 161//49 177//51 172//50
f 226//100 190//101 189//102
f 199//103 223//104 212//105
f 199//103 221//106 223//104
f 205//107 218//108 219//109
f 248//110 206//111 236//112
f 216//113 185//114 187//115
f 211//116 215//117 204//118
f 204//118 218//108 207//119
f 194//120 221//106 202//121
f 213//122 186//123 185//114
f 226//100 189//102 222//124
f 222//124 186//123 213//122
f 216//113 187//115 188//125
f 209//126 210//127 200//128
f 229//129 226//100 227//130
f 222//124 214//131 224//132
f 191//133 225//134 194//120
f 238//135 195//136 201//137
f 238//135 201//137 200//128
f 259//138 200//128 210//127
f 203//139 259//138 210//127
f 196//140 236//112 198//141
f 230//142 240//143 232//144
f 195//136 231//145 193//146
f 237//147 243//148 244//149
f 241//150 243//148 240//143
f 235//151 249//152 250//153
f 247//154 249//152 246//155
f 256//156 258//157 254//158
f 251//159 258//157 257//160
f 246//155 254//158 247//154
f 239//161 252//162 251//159
f 193//146 192//163 195//136
f 278//164 269//165 381//166
f 382//167 279//168 265//169
f 273//170 266//171 275//172
f 273//170 268//173 266//171
f 278//164 381//166 263//174
f 267//175 383//176 382//167
f 283//177 271//178 274//179
f 269//165 280//180 267//175
f 302//181 294//182 288//183
f 423//184 303//185 289//186
f 298//187 293//188 291//189
f 292//190 389//191 386//192
f 307//193 296//194 299//195
f 294//182 304//196 292//190
f 403//197 319//198 401//199
f 320//200 316//201 322//202
f 403//197 401//199 416//203
f 317//204 397//205 394//206
f 331//207 321//208 323//209
f 399//210 318//211 320//200
f 319//198 328//212 317//204
f 409//213 343//214 407//215
f 411//216 351//217 338//218
f 344//219 341//220 346//221
f 409//213 407//215 420//222
f 340//223 412//224 411//216
f 347//225 354//226 345//227
f 405//228 342//229 344//219
f 353//230 340//223 343//214
f 357//231 367//232 369//233
f 369//233 366//234 371//235
f 375//236 368//237 361//238
f 358//239 364//240 363//241
f 365//242 376//243 362//244
f 372//245 379//246 370//247
f 370//247 373//248 356//249
f 378//250 365//242 368//237
f 277//251 274//179 261//252
f 271//178 276//253 260//254
f 388//255 299//195 385//256
f 275//172 266//171 264//257
f 390//258 300//259 284//260
f 384//261 291//189 387//262
f 388//255 385//256 421//263
f 1303//264 287//265 295//266
f 396//255 323//209 393//267
f 296//194 391//268 390//258
f 425//269 324//270 308//271
f 392//272 316//201 395//273
f 396//255 393//267 417//263
f 426//274 312//275 400//276
f 427//277 348//278 332//271
f 321//208 402//279 398//280
f 349//281 347//225 410//282
f 345//227 408//283 404//284
f 414//285 372//245 413//286
f 349//281 410//282 335//287
f 374//288 413//286 359//289
f 398//280 402//279 415//290
f 313//291 403//197 416//203
f 311//292 396//255 417//263
f 392//272 429//293 310//294
f 394//206 397//205 418//295
f 404//284 408//283 419//296
f 337//297 409//213 420//222
f 286//292 388//255 421//263
f 386//192 389//191 422//298
f 285//299 424//300 290//301
f 389//191 423//184 422//298
f 426//274 400//276 399//210
f 402//279 425//269 415//290
f 428//302 406//303 405//228
f 408//283 427//277 419//296
f 310//294 429//293 315//304
f 397//205 314//305 418//295
f 437//306 433//307 435//308
f 434//309 442//309 436//309
f 444//309 432//309 439//309
f 436//309 443//309 438//309
f 438//309 444//309 439//309
f 445//310 463//311 449//312
f 475//313 486//314 473//315
f 448//309 455//309 450//309
f 457//309 446//309 452//309
f 450//309 456//309 451//309
f 451//309 457//309 452//309
f 461//316 468//316 467//316
f 459//316 470//316 465//316
f 462//316 469//316 468//316
f 464//316 470//316 469//316
f 471//317 489//318 475//313
f 501//319 512//320 499//321
f 474//309 481//309 476//309
f 483//309 472//309 478//309
f 476//309 482//309 477//309
f 477//309 483//309 478//309
f 487//316 494//316 493//316
f 485//316 496//316 491//316
f 488//316 495//316 494//316
f 490//316 496//316 495//316
f 497//322 515//323 501//319
f 527//324 538//325 525//326
f 500//309 507//309 502//309
f 509//309 498//309 504//309
f 502//309 508//309 503//309
f 503//309 509//309 504//309
f 513//316 520//316 519//316
f 511//316 522//316 517//316
f 514//316 521//316 520//316
f 516//316 522//316 521//316
f 523//327 541//328 527//324
f 526//309 533//309 528//309
f 535//309 524//309 530//309
f 528//309 534//309 529//309
f 529//309 535//309 530//309
f 539//316 546//316 545//316
f 537//316 548//316 543//316
f 540//316 547//316 546//316
f 542//316 548//316 547//316
f 449//312 460//329 447//330
f 567//331 563//332 561//333
f 571//334 570//335 565//336
f 557//337 560//338 559//339
f 573//340 578//341 575//342
f 565//336 572//343 571//334
f 574//344 570//335 576//345
f 553//346 559//339 564//347
f 562//348 553//346 564//347
f 580//349 550//350 552//351
f 552//351 549//352 554//353
f 579//354 556//355 558//356
f 554//353 579//354 558//356
f 575//342 584//357 583//358
f 563//332 569//359 581//360
f 568//361 574//344 582//362
f 605//363 595//364 598//365
f 593//366 618//367 621//368
f 590//369 599//370 596//371
f 610//372 606//373 607//374
f 613//375 608//376 610//372
f 614//377 613//375 616//377
f 617//378 616//377 619//378
f 620//379 619//378 622//380
f 604//381 622//380 602//382
f 609//383 612//384 595//364
f 592//385 596//371 594//386
f 615//387 618//367 593//366
f 603//388 593//366 621//368
f 600//389 589//390 591//391
f 631//392 653//393 650//394
f 695//395 679//396 673//397
f 629//398 626//399 653//393
f 677//400 656//401 641//402
f 689//403 661//404 647//405
f 654//406 685//407 634//408
f 639//409 692//410 648//411
f 624//412 654//406 636//413
f 624//412 628//414 654//406
f 637//415 624//412 636//413
f 639//409 626//399 637//415
f 648//411 653//393 639//409
f 650//394 653//393 652//416
f 701//417 691//418 684//419
f 650//394 676//420 631//392
f 663//421 675//422 649//423
f 659//424 643//425 645//426
f 678//427 646//428 681//429
f 657//430 686//431 643//425
f 647//405 665//432 651//433
f 671//434 696//435 664//436
f 665//432 649//423 651//433
f 635//437 633//438 683//439
f 641//402 659//424 645//426
f 658//440 709//441 702//442
f 670//443 666//444 662//445
f 705//446 670//443 662//445
f 672//447 664//436 666//444
f 660//448 668//449 658//440
f 707//450 698//451 696//435
f 702//442 710//452 705//446
f 655//453 669//454 660//448
f 698//451 667//455 655//453
f 677//400 700//456 699//457
f 695//395 675//422 697//458
f 689//403 706//459 704//460
f 701//417 686//431 703//461
f 625//462 630//463 674//464
f 715//465 721//466 717//465
f 714//467 727//468 728//469
f 721//466 726//470 719//471
f 713//472 719//471 726//470
f 712//473 729//474 730//475
f 729//474 733//476 730//475
f 730//475 733//476 732//477
f 722//478 712//473 718//479
f 745//480 749//481 746//482
f 816//483 833//484 755//485
f 822//486 839//487 760//488
f 838//489 816//483 824//490
f 779//491 761//492 789//493
f 789//493 770//494 842//495
f 762//496 773//497 791//498
f 759//499 794//500 837//501
f 773//497 766//502 781//503
f 763//504 787//505 775//506
f 764//507 777//508 785//509
f 767//510 775//506 783//511
f 768//512 791//498 787//505
f 758//513 792//514 753//515
f 784//516 754//517 757//518
f 764//507 783//511 777//508
f 780//519 752//520 756//521
f 781//503 765//522 779//491
f 753//515 782//523 756//521
f 776//524 758//513 754//517
f 778//525 757//518 755//485
f 791//498 797//526 787//505
f 799//527 806//528 801//529
f 805//530 806//528 799//527
f 801//529 809//531 803//532
f 804//533 807//534 800//535
f 800//535 808//536 802//537
f 807//534 813//538 808//536
f 810//539 811//540 806//528
f 811//540 809//531 806//528
f 758//513 819//541 754//517
f 839//487 818//542 752//520
f 753//515 821//543 820//544
f 757//518 816//483 755//485
f 754//517 819//541 757//518
f 756//521 818//542 821//543
f 758//513 820//544 817//545
f 818//542 832//546 826//547
f 820//544 831//548 829//549
f 821//543 830//550 831//548
f 819//541 824//490 816//483
f 821//543 826//547 830//550
f 820//544 825//551 817//545
f 817//545 827//552 819//541
f 835//553 793//554 785//509
f 823//555 816//483 838//489
f 759//499 837//501 833//484
f 769//556 785//509 793//554
f 759//499 816//483 815//557
f 833//484 786//558 755//485
f 760//488 841//559 796//560
f 839//487 843//561 841//559
f 772//562 839//487 752//520
f 859//563 870//564 869//565
f 849//566 862//567 848//568
f 862//567 849//566 861//569
f 855//570 856//571 854//572
f 847//573 844//574 846//575
f 853//576 851//577 852//578
f 857//579 859//563 860//580
f 850//581 863//582 851//577
f 866//583 858//584 857//579
f 867//585 855//570 854//572
f 846//575 867//585 847//573
f 866//583 852//578 865//586
f 854//572 862//567 861//569
f 863//582 876//587 875//588
f 872//589 876//587 863//582
f 873//590 849//566 876//587
f 903//591 877//592 878//593
f 904//594 901//595 905//596
f 892//597 900//598 901//595
f 880//599 888//600 887//601
f 884//602 885//603 886//604
f 882//605 880//599 879//606
f 882//605 886//604 881//607
f 889//608 898//609 890//610
f 878//593 884//602 883//611
f 894//612 893//613 892//597
f 898//609 891//614 895//615
f 901//595 900//598 899//616
f 905//596 903//591 904//594
f 951//617 955//617 953//617
f 936//618 948//619 933//620
f 964//621 965//622 972//623
f 924//624 946//625 944//626
f 927//627 947//628 946//625
f 920//629 945//630 943//44
f 954//631 950//632 948//619
f 950//632 952//633 949//634
f 938//635 949//634 952//633
f 942//636 981//637 987//638
f 961//639 969//640 963//641
f 981//637 985//642 987//638
f 985//642 980//643 983//644
f 962//645 964//621 972//623
f 966//646 968//647 972//623
f 957//648 983//644 980//643
f 963//641 988//649 967//650
f 956//44 970//44 979//44
f 967//650 989//651 978//652
f 986//44 984//44 982//44
f 997//653 976//654 958//655
f 1031//656 1001//657 994//658
f 1024//617 1027//617 1025//617
f 1004//659 1021//660 1007//661
f 1018//662 1016//663 1014//664
f 1026//665 1012//666 1021//660
f 1020//44 1023//44 1022//44
f 962//645 972//623 960//667
f 1037//668 1033//669 1029//670
f 1033//669 1035//671 1031//656
f 998//672 1029//670 992//673
f 1028//44 1030//44 993//44
f 1034//617 1038//617 1036//617
f 995//674 1003//675 991//676
f 941//677 939//678 935//679
f 1003//675 1006//680 919//681
f 1000//682 917//683 907//684
f 997//653 958//655 917//683
f 917//683 958//655 960//667
f 916//685 972//623 941//677
f 916//685 932//686 914//687
f 914//687 932//686 915//688
f 915//688 932//686 913//689
f 928//690 923//691 926//692
f 908//693 907//684 909//694
f 1010//695 908//693 1019//696
f 911//697 1015//698 912//699
f 908//693 1017//700 1019//696
f 1015//698 910//701 912//699
f 918//702 917//683 972//623
f 1040//703 1044//704 1041//705
f 1041//705 1046//706 1043//707
f 1042//708 1045//709 1047//710
f 1047//710 1040//703 1042//708
f 1042//708 1041//705 1043//707
f 811//540 1053//711 1049//712
f 812//713 1051//714 1050//715
f 813//538 1050//715 1054//716
f 814//717 1049//712 1052//718
f 1068//719 1091//720 1088//721
f 1064//719 1103//721 1100//722
f 1069//723 1072//724 1074//724
f 1074//724 1075//725 1077//725
f 1080//726 1075//725 1078//726
f 1083//727 1078//726 1081//727
f 1083//727 1084//728 1086//729
f 1086//729 1087//730 1089//731
f 1092//732 1087//730 1090//732
f 1095//733 1090//732 1093//733
f 1095//733 1096//734 1098//734
f 1098//734 1099//735 1101//735
f 1101//735 1102//736 1104//736
f 1104//736 1070//723 1069//723
f 1082//722 1066//722 1085//722
f 1091//720 1068//719 1094//722
f 1076//722 1073//722 1063//722
f 1067//737 1058//738 1062//739
f 1064//719 1100//722 1097//722
f 1071//722 1064//719 1063//722
f 1066//722 1079//722 1063//722
f 1061//719 1056//722 1057//722
f 1065//740 1055//741 1067//737
f 1062//739 1058//738 1060//742
f 1065//740 1060//742 1055//741
f 53//39 1108//743 1109//744
f 1105//745 54//25 1107//746
f 1106//747 1115//748 1114//749
f 1117//750 1111//751 1116//752
f 1117//750 61//36 60//37
f 1119//56 1120//54 1137//55
f 1120//54 1121//53 1139//44
f 1121//53 1122//52 1141//44
f 1122//52 1123//50 1140//51
f 1123//50 1124//49 1138//51
f 1124//49 1125//48 1136//46
f 1125//48 1126//47 1133//44
f 1126//47 1127//45 1132//46
f 1127//45 1128//43 1130//44
f 1128//43 1129//41 1131//42
f 1129//41 1118//57 1134//42
f 1143//753 1144//754 1161//755
f 1144//754 1145//756 1163//755
f 1145//756 1146//757 1165//755
f 1146//757 1147//758 1164//759
f 1147//758 1148//760 1162//759
f 1148//760 1149//761 1160//755
f 1149//761 1150//762 1157//755
f 1150//762 1151//763 1156//764
f 1151//763 1152//765 1154//755
f 1152//765 1153//766 1155//755
f 1153//766 1142//767 1158//755
f 1119//56 1135//44 1118//57
f 1143//753 1159//755 1142//767
f 121//84 1174//768 127//769
f 126//74 1176//770 125//75
f 1166//771 122//77 120//76
f 1170//772 1176//770 1175//773
f 1167//774 1173//775 121//84
f 1177//776 1194//777 1178//778
f 1179//779 1178//778 1196//780
f 1180//781 1179//779 1198//777
f 1181//782 1180//781 1200//777
f 1182//783 1181//782 1199//777
f 1183//784 1182//783 1197//785
f 1184//786 1183//784 1195//777
f 1185//787 1184//786 1192//777
f 1186//788 1185//787 1191//777
f 1187//789 1186//788 1189//777
f 1188//790 1187//789 1190//777
f 1177//776 1188//790 1193//777
f 1201//49 1218//51 1202//50
f 1203//791 1202//50 1220//44
f 1204//53 1203//791 1222//44
f 1205//54 1204//53 1224//55
f 1206//56 1205//54 1223//44
f 1207//57 1206//56 1221//44
f 1208//41 1207//57 1219//44
f 1209//43 1208//41 1216//42
f 1210//45 1209//43 1215//44
f 1211//47 1210//45 1213//44
f 1212//48 1211//47 1214//44
f 1201//49 1212//48 1217//46
f 1233//792 1255//793 1236//794
f 197//795 1251//796 1240//797
f 1239//798 1274//799 1271//800
f 1244//801 1246//802 1233//792
f 1250//803 1225//804 1245//805
f 1249//806 1244//801 1238//807
f 1251//796 1238//807 1240//797
f 1255//793 1231//808 1236//794
f 1229//809 1259//810 1254//811
f 188//125 1250//803 217//812
f 1226//813 1254//811 1245//805
f 1261//814 230//142 232//144
f 1259//810 190//101 226//100
f 220//815 1250//803 1253//816
f 1254//811 1247//817 1245//805
f 1258//818 191//133 1231//808
f 1263//819 1232//820 1267//821
f 1279//822 1234//823 1263//819
f 1234//823 1285//824 1243//825
f 1237//826 1285//824 1281//827
f 1237//826 1281//827 1274//799
f 1260//828 1265//829 1266//830
f 1268//831 1262//832 1269//833
f 1266//830 1268//831 1269//833
f 1275//834 1270//835 1276//836
f 1273//837 1275//834 1276//836
f 234//838 235//151 1270//835
f 1282//839 1284//840 1283//841
f 1284//840 1277//842 1283//841
f 1272//843 1280//844 1282//839
f 1278//845 1264//846 1277//842
f 1288//847 1351//848 263//174
f 1292//849 1289//850 1290//851
f 1286//852 279//168 1295//853
f 1291//854 1298//855 1293//856
f 1288//847 1295//853 1296//857
f 1301//858 1361//859 1360//860
f 1306//861 1302//862 1305//863
f 1360//860 302//181 288//183
f 1299//864 1359//865 1308//866
f 1304//867 1311//868 1307//869
f 1301//858 1308//866 1309//870
f 1314//871 1373//872 1370//873
f 1396//874 327//875 1367//876
f 1313//877 1316//878 1318//879
f 1370//873 1373//872 1384//880
f 1312//881 1367//876 1320//882
f 1317//883 1323//884 1319//885
f 1315//886 1369//887 1316//878
f 1314//871 1320//882 1321//888
f 1327//889 1379//890 1376//891
f 1331//892 1325//893 1326//894
f 1326//894 1329//895 1331//892
f 1376//891 1379//890 1388//896
f 334//897 1325//893 1331//892
f 1324//898 351//217 1333//899
f 1332//900 1335//901 1336//902
f 1328//903 1375//904 1329//895
f 1324//898 1334//905 1327//889
f 1340//906 357//231 1341//907
f 1381//908 376//243 1382//909
f 1338//910 1341//907 1343//911
f 1339//912 375//236 361//238
f 1337//913 1382//909 1345//914
f 1344//915 1347//916 1348//917
f 1342//918 373//248 1347//916
f 1337//913 1346//919 1339//912
f 262//920 270//921 1290//851
f 1293//856 1353//922 1352//923
f 1291//854 1350//924 1297//925
f 1307//869 1358//926 1354//927
f 1352//923 277//251 261//252
f 1355//928 1300//929 1306//861
f 1354//927 1358//926 1389//930
f 1319//885 1366//926 1362//931
f 1304//867 300//259 1310//932
f 308//271 324//270 1372//933
f 1363//934 1313//877 1318//879
f 1362//931 1366//926 1385//930
f 332//271 348//278 1378//935
f 1317//883 1372//933 1322//936
f 1332//900 1380//937 335//287
f 1330//938 1378//935 1335//901
f 1344//915 374//288 359//289
f 358//239 1338//910 1343//911
f 1349//939 276//253 1350//924
f 1392//940 1373//872 326//941
f 290//301 1355//928 285//299
f 1391//942 301//943 286//292
f 289//186 1359//865 1390//944
f 1392//940 326//941 313//291
f 1371//945 309//946 1369//887
f 308//271 1372//933 1383//947
f 1394//948 350//949 337//297
f 1377//950 333//951 1375//904
f 332//271 1378//935 1387//947
f 310//294 315//304 1363//934
f 1395//942 325//943 311//292
f 1396//874 1367//876 1386//952
f 1399//316 1405//316 1404//316
f 1397//316 1407//316 1402//316
f 1400//316 1406//316 1405//316
f 1401//316 1407//316 1406//316
f 1412//953 1424//954 1427//955
f 1411//316 1418//316 1417//316
f 1409//316 1420//316 1415//316
f 1413//316 1419//316 1418//316
f 1414//316 1420//316 1419//316
f 1423//309 1431//309 1425//309
f 1433//309 1421//309 1428//309
f 1425//309 1432//309 1426//309
f 1426//309 1433//309 1428//309
f 1438//956 1450//957 1453//958
f 1437//316 1444//316 1443//316
f 1435//316 1446//316 1441//316
f 1439//316 1445//316 1444//316
f 1440//316 1446//316 1445//316
f 1449//309 1457//309 1451//309
f 1459//309 1447//309 1454//309
f 1451//309 1458//309 1452//309
f 1452//309 1459//309 1454//309
f 1464//959 1476//960 1479//961
f 1463//316 1470//316 1469//316
f 1461//316 1472//316 1467//316
f 1465//316 1471//316 1470//316
f 1466//316 1472//316 1471//316
f 1475//309 1483//309 1477//309
f 1485//309 1473//309 1480//309
f 1477//309 1484//309 1478//309
f 1478//309 1485//309 1480//309
f 1490//962 1502//963 1505//964
f 1489//316 1496//316 1495//316
f 1487//316 1498//316 1493//316
f 1491//316 1497//316 1496//316
f 1492//316 1498//316 1497//316
f 1501//309 1509//309 1503//309
f 1511//309 1499//309 1506//309
f 1503//309 1510//309 1504//309
f 1504//309 1511//309 1506//309
f 1520//965 567//331 561//333
f 562//348 1513//361 551//362
f 581//360 1525//966 1520//965
f 1524//967 587//361 566//968
f 1527//969 1528//970 1523//338
f 1519//971 1517//972 1518//973
f 1529//974 588//975 573//340
f 1529//974 584//357 588//975
f 1523//338 587//361 1524//967
f 1527//969 1530//344 1531//976
f 1518//973 1515//977 1522//978
f 1521//979 1515//977 1513//361
f 580//349 1512//980 550//350
f 1514//981 1532//982 1512//980
f 581//360 569//359 1526//983
f 582//362 574//344 1530//344
f 556//355 585//984 1516//985
f 560//338 586//361 1519//971
f 1533//986 1546//987 1543//988
f 1536//989 606//373 1535//990
f 1539//991 1535//990 1538//991
f 1539//991 1541//992 1542//992
f 1542//992 1544//993 1545//993
f 1545//993 1547//994 1548//995
f 1548//995 604//381 602//382
f 1534//996 598//365 1537//997
f 599//370 601//998 594//386
f 1533//986 1543//988 1540//999
f 603//388 1533//986 593//366
f 1558//1000 1579//1001 1556//1002
f 1606//1003 1622//1004 1600//1005
f 1603//1006 1581//1007 1624//1008
f 1615//1009 1588//1010 1631//1011
f 1580//1012 1609//1013 1569//1014
f 1562//1015 1559//1016 1580//1012
f 1619//1017 1566//1018 1574//1019
f 1580//1012 1571//1020 1553//1021
f 1580//1012 1549//1022 1562//1015
f 1564//1023 1549//1022 1552//1024
f 1566//1018 1552//1024 1579//1001
f 1574//1019 1579//1001 1578//1025
f 1579//1001 1576//1026 1578//1025
f 1618//1027 1627//1028 1611//1029
f 1602//1030 1576//1026 1558//1000
f 1601//1031 1590//1032 1575//1033
f 1570//1034 1585//1035 1572//1036
f 1604//1037 1571//1020 1568//1038
f 1613//1039 1583//1040 1570//1034
f 1573//1041 1592//1042 1588//1010
f 1621//1043 1597//1044 1589//1045
f 1575//1033 1592//1042 1577//1046
f 1565//1047 1620//1048 1617//1049
f 1567//1050 1585//1035 1581//1007
f 1584//1051 1635//1052 1594//1053
f 1591//1054 1596//1055 1587//1056
f 1630//1057 1596//1055 1636//1058
f 1589//1045 1598//1059 1591//1054
f 1586//1060 1594//1053 1595//1061
f 1625//1062 1633//1063 1621//1043
f 1628//1064 1636//1058 1635//1052
f 1582//1065 1595//1061 1593//1066
f 1625//1062 1593//1066 1634//1067
f 1603//1006 1626//1068 1606//1003
f 1601//1031 1622//1004 1623//1069
f 1615//1009 1632//1070 1618//1027
f 1613//1039 1627//1028 1629//1071
f 1607//1072 1599//1073 1550//1074
f 1642//1075 1647//1076 1651//1077
f 1654//1078 1639//1079 1641//1080
f 1638//1081 1646//1082 1649//1083
f 1653//1084 1647//1076 1645//1085
f 1640//1086 1645//1085 1637//1087
f 1659//1088 1655//1089 1656//1090
f 1644//1091 1656//1090 1638//1081
f 1638//1081 1648//1092 1644//1091
f 1670//1093 1661//1094 1660//1095
f 1765//1096 1748//1097 1686//1098
f 1742//1099 1764//1100 1750//1101
f 1705//1102 1687//1103 1691//1104
f 1715//1105 1696//1106 1687//1103
f 1699//1107 1688//1108 1717//1109
f 1699//1107 1692//1110 1688//1108
f 1713//1111 1689//1112 1701//1113
f 1682//1114 1706//1115 1708//1116
f 1703//1117 1690//1118 1711//1119
f 1701//1113 1693//1120 1709//1121
f 1717//1109 1694//1122 1713//1111
f 1684//1123 1718//1124 1724//1125
f 1680//1126 1710//1127 1683//1128
f 1709//1121 1690//1118 1703//1117
f 1678//1129 1706//1115 1682//1114
f 1707//1130 1691//1104 1692//1110
f 1679//1131 1708//1116 1700//1132
f 1684//1123 1702//1133 1680//1126
f 1683//1128 1704//1134 1681//1135
f 1679//1131 1700//1132 1718//1124
f 1681//1135 1704//1134 1712//1136
f 1696//1106 1768//1137 1721//1138
f 1723//1139 1717//1109 1713//1111
f 1731//1140 1732//1141 1736//1142
f 1727//1143 1735//1144 1732//1141
f 1726//1145 1734//1146 1733//1147
f 1733//1147 1739//1148 1738//1149
f 1735//1144 1737//1150 1732//1141
f 1745//1151 1684//1123 1680//1126
f 1744//1152 1765//1096 1678//1129
f 1679//1131 1747//1153 1682//1114
f 1742//1099 1683//1128 1681//1135
f 1745//1151 1680//1126 1683//1128
f 1682//1114 1744//1152 1678//1129
f 1684//1123 1746//1154 1679//1131
f 1744//1152 1758//1155 1748//1097
f 1746//1154 1757//1156 1747//1153
f 1750//1101 1745//1151 1742//1099
f 1747//1153 1752//1157 1744//1152
f 1751//1158 1746//1154 1743//1159
f 1753//1160 1743//1159 1745//1151
f 1719//1161 1761//1162 1711//1119
f 1749//1163 1742//1099 1741//1164
f 1759//1165 1712//1136 1763//1166
f 1711//1119 1695//1167 1719//1161
f 1742//1099 1685//1168 1741//1164
f 1767//1169 1686//1098 1722//1170
f 1769//1171 1765//1096 1767//1169
f 1765//1096 1698//1172 1678//1129
f 1797//1173 1787//1174 1788//1175
f 1786//1176 1780//1177 1778//1178
f 1772//1179 1773//1180 1796//1181
f 1773//1180 1786//1176 1785//1182
f 1780//1177 1779//1183 1778//1178
f 1770//1184 845//1185 844//574
f 1777//1186 1775//1187 1774//1188
f 1783//1189 1781//1190 1784//1191
f 1790//1192 1782//1193 1789//1194
f 1779//1183 1791//1195 1778//1178
f 1791//1195 1770//1184 1771//1196
f 1790//1192 1776//1197 1777//1186
f 1786//1176 1778//1178 1785//1182
f 1784//1191 869//565 1783//1189
f 1798//1198 1787//1174 1797//1173
f 1798//1198 1794//1199 1787//1174
f 1773//1180 1795//1200 1798//1198
f 1821//1201 1799//1202 1824//1203
f 1822//1204 1819//1205 1820//1206
f 1818//1207 1810//1208 1819//1205
f 1803//1209 1807//1210 1808//1211
f 1807//1210 1806//1212 1808//1211
f 1812//1213 1814//1214 1816//1215
f 1804//1216 1802//1217 1803//1209
f 1808//1211 1806//1212 1805//1218
f 1801//1219 887//601 1802//1217
f 1816//1215 889//608 890//610
f 1806//1212 1800//1220 1805//1218
f 1809//1221 1810//1208 1812//1213
f 1809//1221 1816//1215 1813//1222
f 1818//1207 1819//1205 1817//1223
f 1823//1224 1817//1223 1819//1205
f 1821//1201 1823//1224 1822//1204
f 1871//617 1873//617 1869//617
f 1854//1225 1866//1226 1872//1227
f 1882//1228 1890//1229 1883//1230
f 1842//1231 1864//1232 1846//1233
f 1846//1233 1865//1234 1849//1235
f 1838//1236 1863//1237 1842//1231
f 1868//1238 1872//1227 1866//1226
f 1857//1239 1867//1240 1840//1241
f 1860//1242 1899//1243 1891//1244
f 1887//1245 1879//1246 1881//1247
f 1903//1248 1899//1243 1905//1249
f 1880//1250 1890//1229 1882//1228
f 1890//1229 1886//1251 1884//1252
f 1876//1253 1901//1254 1894//1255
f 1906//1256 1881//1247 1885//1257
f 1874//44 1888//44 1877//44
f 1907//1258 1885//1257 1895//1259
f 1900//44 1902//44 1904//44
f 1893//1260 1915//1261 1875//1262
f 1919//1263 1949//1264 1913//1265
f 1943//617 1942//617 1926//617
f 1922//1266 1939//1267 1944//1268
f 1933//1269 1937//1270 1928//1271
f 1931//1272 1944//1268 1939//1267
f 1940//44 1941//44 1938//44
f 1880//1250 1878//1273 1890//1229
f 1951//1274 1955//1275 1947//1276
f 1951//1274 1953//1277 1957//1278
f 1916//1279 1947//1276 1955//1275
f 1948//44 1950//44 1946//44
f 1954//617 1956//617 1952//617
f 1921//1280 1912//1281 1909//1282
f 1856//1283 1859//1284 1853//1285
f 1893//1260 1856//1283 1837//1286
f 1835//1287 1918//1288 1825//1289
f 1915//1261 1835//1287 1875//1262
f 1878//1273 1875//1262 1835//1287
f 1890//1229 1836//1290 1834//1291
f 1834//1291 1853//1285 1859//1284
f 1834//1291 1850//1292 1853//1285
f 1832//1293 1833//1294 1850//1292
f 1833//1294 1831//1295 1850//1292
f 1844//1296 1845//1297 1848//1298
f 1825//1289 1826//1299 1827//1300
f 1927//1301 1936//1302 1826//1299
f 1932//1303 1829//1304 1830//1305
f 1826//1299 1935//1306 1828//1307
f 1932//1303 1828//1307 1935//1306
f 1836//1290 1890//1229 1835//1287
f 1961//1308 1963//1309 1964//1310
f 1959//1311 1964//1310 1966//1312
f 1960//1313 1963//1309 1961//1308
f 1958//1314 1965//1315 1960//1313
f 1959//1311 1960//1313 1961//1308
f 1737//1150 1971//1316 1736//1142
f 1740//1317 1967//1318 1737//1150
f 1739//1148 1968//1319 1738//1149
f 1973//1320 1974//1320 1976//1320
f 1973//1320 1976//1320 1975//1320
f 14//3 12//4 34//1
f 12//4 31//4 34//1
f 18//5 16//6 15//6
f 21//7 18//5 20//5
f 26//8 24//8 21//7
f 29//9 27//9 24//8
f 30//10 27//9 29//9
f 33//12 30//10 32//11
f 38//14 36//14 33//12
f 41//15 39//15 36//14
f 42//16 39//15 41//15
f 45//17 42//16 44//16
f 48//18 45//17 47//17
f 16//6 48//18 50//18
f 5//19 1//22 13//20
f 10//3 14//3 43//4
f 14//3 40//4 43//4
f 17//4 19//4 8//4
f 8//4 10//3 17//4
f 22//4 25//4 8//4
f 25//4 28//4 12//4
f 6//3 3//4 2//4
f 9//21 7//24 5//19
f 11//23 1//22 7//24
f 55//31 63//1321 67//32
f 54//25 52//1322 59//26
f 57//1323 55//31 53//39
f 58//27 59//26 51//28
f 68//30 53//39 55//31
f 70//33 69//1324 64//34
f 61//36 69//1324 70//33
f 133//82 128//1325 123//83
f 121//84 127//769 134//768
f 136//73 135//81 126//74
f 123//83 131//1326 121//84
f 132//78 124//1327 119//79
f 136//73 130//1328 129//80
f 134//768 133//82 121//84
f 197//795 205//107 219//109
f 199//103 202//121 221//106
f 205//107 207//119 218//108
f 248//110 203//139 206//111
f 211//116 199//103 212//105
f 216//113 213//122 185//114
f 211//116 212//105 215//117
f 204//118 215//117 218//108
f 194//120 225//134 221//106
f 222//124 189//102 186//123
f 217//812 216//113 188//125
f 208//1329 203//139 210//127
f 222//124 213//122 214//131
f 191//133 228//1330 225//134
f 195//136 242//1331 233//1332
f 238//135 242//1331 195//136
f 253//1333 238//135 200//128
f 259//138 253//1333 200//128
f 203//139 255//1334 259//138
f 203//139 248//110 255//1334
f 236//112 206//111 198//141
f 230//142 241//150 240//143
f 195//136 233//1332 231//145
f 237//147 239//161 243//148
f 241//150 244//149 243//148
f 235//151 245//1335 249//152
f 247//154 250//153 249//152
f 235//151 234//838 245//1335
f 256//156 257//160 258//157
f 251//159 252//162 258//157
f 246//155 256//156 254//158
f 239//161 237//147 252//162
f 278//164 281//1336 269//165
f 382//167 383//176 279//168
f 272//1337 270//921 268//173
f 273//170 272//1337 268//173
f 1294//1338 275//172 264//257
f 267//175 280//180 383//176
f 283//177 282//1339 271//178
f 270//921 262//920 268//173
f 269//165 281//1336 280//180
f 302//181 305//1340 294//182
f 297//1341 295//266 293//188
f 298//187 297//1341 293//188
f 292//190 304//196 389//191
f 307//193 306//1342 296//194
f 295//266 287//265 293//188
f 294//182 305//1340 304//196
f 403//197 329//1343 319//198
f 314//305 397//205 327//875
f 320//200 318//211 316//201
f 317//204 328//212 397//205
f 331//207 330//1344 321//208
f 399//210 400//276 318//211
f 319//198 329//1343 328//212
f 409//213 353//230 343//214
f 411//216 412//224 351//217
f 346//221 341//220 339//1345
f 344//219 342//229 341//220
f 340//223 352//1346 412//224
f 347//225 355//1347 354//226
f 405//228 406//303 342//229
f 353//230 352//1346 340//223
f 357//231 360//1348 367//232
f 371//235 366//234 364//240
f 369//233 367//232 366//234
f 375//236 378//250 368//237
f 358//239 371//235 364//240
f 365//242 377//1349 376//243
f 372//245 380//1350 379//246
f 370//247 379//246 373//248
f 378//250 377//1349 365//242
f 277//251 283//177 274//179
f 271//178 282//1339 276//253
f 388//255 307//193 299//195
f 390//258 391//268 300//259
f 384//261 298//187 291//189
f 396//255 331//207 323//209
f 296//194 306//1342 391//268
f 425//269 402//279 324//270
f 392//272 322//202 316//201
f 426//274 309//946 312//275
f 321//208 330//1344 402//279
f 428//302 333//951 336//1351
f 349//281 355//1347 347//225
f 345//227 354//226 408//283
f 414//285 380//1350 372//245
f 334//897 346//221 339//1345
f 374//288 414//285 413//286
f 313//291 326//941 403//197
f 392//272 395//273 429//293
f 384//261 387//262 424//300
f 285//299 384//261 424//300
f 301//943 388//255 286//292
f 389//191 303//185 423//184
f 350//949 409//213 337//297
f 428//302 336//1351 406//303
f 408//283 348//278 427//277
f 325//943 396//255 311//292
f 437//306 431//1352 433//307
f 430//1353 437//306 435//308
f 434//309 441//309 442//309
f 444//309 440//309 432//309
f 436//309 442//309 443//309
f 438//309 443//309 444//309
f 458//1354 463//311 445//310
f 449//312 463//311 460//329
f 448//309 454//309 455//309
f 457//309 453//309 446//309
f 450//309 455//309 456//309
f 451//309 456//309 457//309
f 461//316 462//316 468//316
f 459//316 466//316 470//316
f 462//316 464//316 469//316
f 464//316 465//316 470//316
f 484//1355 489//318 471//317
f 475//313 489//318 486//314
f 474//309 480//309 481//309
f 483//309 479//309 472//309
f 476//309 481//309 482//309
f 477//309 482//309 483//309
f 487//316 488//316 494//316
f 485//316 492//316 496//316
f 488//316 490//316 495//316
f 490//316 491//316 496//316
f 510//1356 515//323 497//322
f 501//319 515//323 512//320
f 500//309 506//309 507//309
f 509//309 505//309 498//309
f 502//309 507//309 508//309
f 503//309 508//309 509//309
f 513//316 514//316 520//316
f 511//316 518//316 522//316
f 514//316 516//316 521//316
f 516//316 517//316 522//316
f 536//1357 541//328 523//327
f 527//324 541//328 538//325
f 526//309 532//309 533//309
f 535//309 531//309 524//309
f 528//309 533//309 534//309
f 529//309 534//309 535//309
f 539//316 540//316 546//316
f 537//316 544//316 548//316
f 540//316 542//316 547//316
f 542//316 543//316 548//316
f 567//331 569//359 563//332
f 587//361 572//343 566//968
f 571//334 576//345 570//335
f 557//337 555//1358 560//338
f 588//975 577//1359 573//340
f 573//340 577//1359 578//341
f 565//336 566//968 572//343
f 574//344 568//361 570//335
f 553//346 557//337 559//339
f 562//348 551//362 553//346
f 552//351 550//350 549//352
f 554//353 549//352 579//354
f 575//342 578//341 584//357
f 579//354 585//984 556//355
f 555//1358 586//361 560//338
f 605//363 609//383 595//364
f 610//372 608//376 606//373
f 613//375 611//375 608//376
f 614//377 611//375 613//375
f 617//378 614//377 616//377
f 620//379 617//378 619//378
f 604//381 620//379 622//380
f 592//385 590//369 596//371
f 593//366 595//364 615//387
f 595//364 612//384 615//387
f 600//389 597//1360 589//390
f 594//386 601//998 592//385
f 631//392 629//398 653//393
f 695//395 700//456 679//396
f 681//429 646//428 628//414
f 677//400 699//457 656//401
f 689//403 704//460 661//404
f 654//406 644//1361 685//407
f 636//413 654//406 634//408
f 654//406 646//428 644//1361
f 654//406 628//414 646//428
f 637//415 626//399 624//412
f 639//409 653//393 626//399
f 648//411 652//416 653//393
f 701//417 706//459 691//418
f 687//1362 685//407 644//1361
f 663//421 697//458 675//422
f 659//424 657//430 643//425
f 678//427 642//1363 646//428
f 657//430 703//461 686//431
f 648//411 692//410 690//1364
f 647//405 661//404 665//432
f 671//434 707//450 696//435
f 665//432 663//421 649//423
f 688//1365 683//439 633//438
f 683//439 693//1366 635//437
f 693//1366 694//1367 640//1368
f 640//1368 638//1369 693//1366
f 638//1369 635//437 693//1366
f 641//402 656//401 659//424
f 658//440 668//449 709//441
f 670//443 672//447 666//444
f 705//446 710//452 670//443
f 672//447 671//434 664//436
f 660//448 669//454 668//449
f 707//450 708//1370 698//451
f 702//442 709//441 710//452
f 655//453 667//455 669//454
f 698//451 708//1370 667//455
f 677//400 679//396 700//456
f 695//395 673//397 675//422
f 689//403 691//418 706//459
f 701//417 684//419 686//431
f 630//463 632//1371 674//464
f 674//464 680//1372 623//1373
f 680//1372 682//1374 627//1375
f 623//1373 680//1372 627//1375
f 623//1373 625//462 674//464
f 715//465 724//1376 721//466
f 728//469 725//1377 716//1378
f 716//1378 714//467 728//469
f 712//473 723//1379 720//1380
f 721//466 724//1376 726//470
f 713//472 711//1381 719//471
f 729//474 731//1382 733//476
f 718//479 712//473 730//475
f 722//478 723//1379 712//473
f 735//1383 744//1384 734//1385
f 744//1384 745//480 746//482
f 734//1385 744//1384 746//482
f 745//480 738//1386 749//481
f 738//1386 740//1387 739//1388
f 739//1388 749//481 738//1386
f 749//481 750//1389 747//1390
f 750//1389 748//1391 747//1390
f 748//1391 736//1392 751//1393
f 737//1394 751//1393 736//1392
f 751//1393 741//1395 742//1396
f 741//1395 743//1397 742//1396
f 742//1396 747//1390 748//1391
f 751//1393 742//1396 748//1391
f 747//1390 746//482 749//481
f 840//1398 842//495 795//1399
f 779//491 765//522 761//492
f 789//493 761//492 770//494
f 773//497 762//496 766//502
f 763//504 768//512 787//505
f 834//1400 764//507 785//509
f 756//521 782//523 780//519
f 767//510 763//504 775//506
f 768//512 762//496 791//498
f 758//513 798//1401 792//514
f 784//516 776//524 754//517
f 764//507 767//510 783//511
f 780//519 790//1402 752//520
f 781//503 766//502 765//522
f 753//515 774//1403 782//523
f 790//1402 772//562 752//520
f 776//524 788//1404 758//513
f 788//1404 798//1401 758//513
f 778//525 784//516 757//518
f 753//515 792//514 774//1403
f 755//485 786//558 778//525
f 770//494 795//1399 842//495
f 805//530 810//539 806//528
f 801//529 806//528 809//531
f 800//535 807//534 808//536
f 807//534 812//713 813//538
f 811//540 814//717 809//531
f 758//513 817//545 819//541
f 839//487 822//486 818//542
f 753//515 756//521 821//543
f 757//518 819//541 816//483
f 756//521 752//520 818//542
f 758//513 753//515 820//544
f 818//542 822//486 832//546
f 820//544 821//543 831//548
f 819//541 828//1405 824//490
f 819//541 827//552 828//1405
f 821//543 818//542 826//547
f 820//544 829//549 825//551
f 817//545 825//551 827//552
f 835//553 836//1406 793//554
f 823//555 815//557 816//483
f 833//484 837//501 786//558
f 769//556 834//1400 785//509
f 759//499 833//484 816//483
f 771//1407 789//493 842//495
f 760//488 839//487 841//559
f 772//562 843//561 839//487
f 875//588 864//1408 863//582
f 862//567 854//572 856//571
f 848//568 874//1409 849//566
f 863//582 864//1408 851//577
f 846//575 844//574 845//1185
f 853//576 850//581 851//577
f 857//579 858//584 859//563
f 866//583 865//586 858//584
f 867//585 868//1410 855//570
f 846//575 868//1410 867//585
f 866//583 853//576 852//578
f 860//580 859//563 869//565
f 876//587 849//566 874//1409
f 872//589 873//590 876//587
f 873//590 871//1411 849//566
f 903//591 906//1412 877//592
f 891//614 898//609 894//612
f 904//594 902//1413 901//595
f 892//597 893//613 900//598
f 881//607 886//604 885//603
f 890//610 898//609 895//615
f 894//612 898//609 896//1414
f 882//605 881//607 880//599
f 886//604 883//611 884//602
f 879//606 880//599 887//601
f 889//608 897//1415 898//609
f 878//593 877//592 884//602
f 897//1415 896//1414 898//609
f 891//614 894//612 892//597
f 905//596 901//595 899//616
f 905//596 906//1412 903//591
f 934//617 937//617 953//617
f 937//617 951//617 953//617
f 936//618 954//631 948//619
f 924//624 944//626 945//630
f 924//624 927//627 946//625
f 927//627 931//1416 947//628
f 920//629 924//624 945//630
f 954//631 952//633 950//632
f 938//635 921//1417 949//634
f 942//636 973//1418 981//637
f 961//639 971//1419 969//640
f 981//637 980//643 985//642
f 972//623 965//622 966//646
f 968//647 977//1420 972//623
f 957//648 975//1421 983//644
f 963//641 969//640 988//649
f 956//44 959//44 970//44
f 967//650 988//649 989//651
f 974//44 940//44 982//44
f 940//44 986//44 982//44
f 997//653 991//676 976//654
f 1031//656 1035//671 1001//657
f 1025//617 1002//617 1008//617
f 1008//617 1024//617 1025//617
f 1004//659 1026//665 1021//660
f 1012//666 1009//1422 1014//664
f 1014//664 1009//1422 1018//662
f 1026//665 1009//1422 1012//666
f 1022//44 1011//44 1020//44
f 1011//44 1005//44 1020//44
f 1037//668 1039//1423 1033//669
f 1033//669 1039//1423 1035//671
f 998//672 1037//668 1029//670
f 993//44 990//44 1028//44
f 1028//44 1032//44 1030//44
f 996//617 999//617 1036//617
f 999//617 1034//617 1036//617
f 995//674 1010//695 1003//675
f 941//677 976//654 939//678
f 919//681 922//1424 939//678
f 939//678 976//654 919//681
f 976//654 991//676 919//681
f 991//676 1003//675 919//681
f 1010//695 995//674 908//693
f 908//693 995//674 1000//682
f 1000//682 997//653 917//683
f 972//623 917//683 960//667
f 916//685 918//702 972//623
f 916//685 941//677 935//679
f 916//685 935//679 932//686
f 919//681 913//689 926//692
f 913//689 932//686 930//1425
f 930//1425 929//1426 928//690
f 913//689 930//1425 926//692
f 923//691 925//1427 926//692
f 926//692 922//1424 919//681
f 930//1425 928//690 926//692
f 1013//1428 911//697 1006//680
f 911//697 919//681 1006//680
f 908//693 1000//682 907//684
f 911//697 1013//1428 1015//698
f 908//693 910//701 1017//700
f 1015//698 1017//700 910//701
f 1043//707 1046//706 1045//709
f 1041//705 1048//1429 1046//706
f 1042//708 1043//707 1045//709
f 1044//704 1048//1429 1041//705
f 1042//708 1040//703 1041//705
f 811//540 810//539 1053//711
f 814//717 811//540 1049//712
f 813//538 812//713 1050//715
f 1085//722 1066//722 1088//721
f 1066//722 1068//719 1088//721
f 1069//723 1070//723 1072//724
f 1074//724 1072//724 1075//725
f 1080//726 1077//725 1075//725
f 1083//727 1080//726 1078//726
f 1083//727 1081//727 1084//728
f 1086//729 1084//728 1087//730
f 1092//732 1089//731 1087//730
f 1095//733 1092//732 1090//732
f 1095//733 1093//733 1096//734
f 1098//734 1096//734 1099//735
f 1101//735 1099//735 1102//736
f 1104//736 1102//736 1070//723
f 1067//737 1055//741 1058//738
f 1094//722 1068//719 1097//722
f 1068//719 1064//719 1097//722
f 1063//722 1073//722 1071//722
f 1071//722 1103//721 1064//719
f 1082//722 1079//722 1066//722
f 1079//722 1076//722 1063//722
f 1061//719 1059//719 1056//722
f 1065//740 1062//739 1060//742
f 1114//749 1110//1430 1106//747
f 53//39 1106//747 1108//743
f 1105//745 52//1322 54//25
f 1106//747 53//39 1115//748
f 1117//750 1113//1431 1111//751
f 1117//750 1116//752 61//36
f 1113//1431 1112//1432 1111//751
f 53//39 62//40 1115//748
f 1167//774 1169//1433 1173//775
f 126//74 1175//773 1176//770
f 121//84 1172//1434 1167//774
f 1166//771 1168//1435 122//77
f 1170//772 1171//1436 1176//770
f 121//84 1173//775 1174//768
f 1259//810 1229//809 1230//1437
f 1233//792 1246//802 1257//1438
f 197//795 219//109 1252//1439
f 1233//792 1257//1438 1255//793
f 197//795 1252//1439 1251//796
f 1239//798 1237//826 1274//799
f 1250//803 1227//1440 1225//804
f 1249//806 1246//802 1244//801
f 1251//796 1249//806 1238//807
f 1255//793 1258//818 1231//808
f 1245//805 1225//804 1226//813
f 188//125 1228//1441 1250//803
f 1226//813 1229//809 1254//811
f 1261//814 1260//828 230//142
f 1259//810 1230//1437 190//101
f 1250//803 1228//1441 1227//1440
f 1243//825 1237//826 1241//1442
f 1242//1443 1234//823 1243//825
f 1245//805 1248//1444 1250//803
f 1259//810 226//100 229//129
f 220//815 217//812 1250//803
f 1254//811 1256//1445 1247//817
f 1258//818 228//1330 191//133
f 231//145 1267//821 1232//820
f 1263//819 1235//1446 1232//820
f 1263//819 1234//823 1235//1446
f 1234//823 1279//822 1285//824
f 1237//826 1243//825 1285//824
f 196//140 1239//798 1271//800
f 1271//800 236//112 196//140
f 1260//828 1261//814 1265//829
f 1232//820 193//146 231//145
f 1268//831 1264//846 1262//832
f 1266//830 1265//829 1268//831
f 1275//834 234//838 1270//835
f 1273//837 1272//843 1275//834
f 1282//839 1280//844 1284//840
f 1284//840 1278//845 1277//842
f 1272//843 1273//837 1280//844
f 1278//845 1262//832 1264//846
f 1288//847 1296//857 1351//848
f 1292//849 1294//1338 1287//1447
f 1292//849 1287//1447 1289//850
f 263//174 1351//848 278//164
f 1286//852 265//169 279//168
f 1291//854 1297//925 1298//855
f 1289//850 262//920 1290//851
f 1288//847 1286//852 1295//853
f 1301//858 1309//870 1361//859
f 1302//862 1303//264 1305//863
f 1306//861 1300//929 1302//862
f 1360//860 1361//859 302//181
f 1299//864 1356//1448 1359//865
f 1304//867 1310//932 1311//868
f 1302//862 287//265 1303//264
f 1301//858 1299//864 1308//866
f 1314//871 1321//888 1373//872
f 1396//874 314//305 327//875
f 1313//877 1315//886 1316//878
f 1312//881 1364//1449 1367//876
f 1317//883 1322//936 1323//884
f 1315//886 1371//945 1369//887
f 1314//871 1312//881 1320//882
f 1327//889 1334//905 1379//890
f 1326//894 1328//903 1329//895
f 334//897 339//1345 1325//893
f 1324//898 338//218 351//217
f 1332//900 1330//938 1335//901
f 1328//903 1377//950 1375//904
f 1324//898 1333//899 1334//905
f 1340//906 360//1348 357//231
f 1381//908 362//244 376//243
f 1338//910 1340//906 1341//907
f 1339//912 1346//919 375//236
f 1337//913 1381//908 1382//909
f 1344//915 1342//918 1347//916
f 1342//918 356//249 373//248
f 1337//913 1345//914 1346//919
f 1293//856 1298//855 1353//922
f 1291//854 1349//939 1350//924
f 1307//869 1311//868 1358//926
f 1294//1338 264//257 1287//1447
f 1352//923 1353//922 277//251
f 1355//928 1357//1450 1300//929
f 1319//885 1323//884 1366//926
f 1304//867 284//260 300//259
f 1363//934 1365//1451 1313//877
f 1317//883 1368//1452 1372//933
f 333//951 1393//1453 336//1351
f 1332//900 1336//902 1380//937
f 1330//938 1374//1454 1378//935
f 1344//915 1348//917 374//288
f 335//287 1380//937 349//281
f 358//239 363//241 1338//910
f 1349//939 260//254 276//253
f 1368//1452 1383//947 1372//933
f 1392//940 1384//880 1373//872
f 1395//942 1385//930 1366//926
f 315//304 1365//1451 1363//934
f 1364//1449 1386//952 1367//876
f 1374//1454 1387//947 1378//935
f 1394//948 1388//896 1379//890
f 1391//942 1389//930 1358//926
f 290//301 1357//1450 1355//928
f 1356//1448 1390//944 1359//865
f 1391//942 1358//926 301//943
f 289//186 303//185 1359//865
f 1371//945 312//275 309//946
f 1394//948 1379//890 350//949
f 1377//950 1393//1453 333//951
f 1395//942 1366//926 325//943
f 430//1353 435//308 1398//1455
f 1399//316 1400//316 1405//316
f 1397//316 1403//316 1407//316
f 1400//316 1401//316 1406//316
f 1401//316 1402//316 1407//316
f 1408//1456 1412//953 1427//955
f 1408//1456 1427//955 1422//1457
f 1438//956 1436//1458 1450//957
f 1411//316 1413//316 1418//316
f 1409//316 1416//316 1420//316
f 1413//316 1414//316 1419//316
f 1414//316 1415//316 1420//316
f 1423//309 1430//309 1431//309
f 1433//309 1429//309 1421//309
f 1425//309 1431//309 1432//309
f 1426//309 1432//309 1433//309
f 1434//1459 1438//956 1453//958
f 1434//1459 1453//958 1448//1460
f 1464//959 1462//1461 1476//960
f 1437//316 1439//316 1444//316
f 1435//316 1442//316 1446//316
f 1439//316 1440//316 1445//316
f 1440//316 1441//316 1446//316
f 1449//309 1456//309 1457//309
f 1459//309 1455//309 1447//309
f 1451//309 1457//309 1458//309
f 1452//309 1458//309 1459//309
f 1460//1462 1464//959 1479//961
f 1460//1462 1479//961 1474//1463
f 1490//962 1488//1464 1502//963
f 1463//316 1465//316 1470//316
f 1461//316 1468//316 1472//316
f 1465//316 1466//316 1471//316
f 1466//316 1467//316 1472//316
f 1475//309 1482//309 1483//309
f 1485//309 1481//309 1473//309
f 1477//309 1483//309 1484//309
f 1478//309 1484//309 1485//309
f 1486//1465 1490//962 1505//964
f 1486//1465 1505//964 1500//1466
f 1489//316 1491//316 1496//316
f 1487//316 1494//316 1498//316
f 1491//316 1492//316 1497//316
f 1492//316 1493//316 1498//316
f 1501//309 1508//309 1509//309
f 1511//309 1507//309 1499//309
f 1503//309 1509//309 1510//309
f 1504//309 1510//309 1511//309
f 1412//953 1410//1467 1424//954
f 1520//965 1525//966 567//331
f 562//348 1521//979 1513//361
f 581//360 1526//983 1525//966
f 1527//969 1531//976 1528//970
f 1519//971 586//361 1517//972
f 1529//974 583//358 584//357
f 1523//338 1528//970 587//361
f 1527//969 582//362 1530//344
f 1518//973 1517//972 1515//977
f 1521//979 1522//978 1515//977
f 580//349 1514//981 1512//980
f 1516//985 585//984 1532//982
f 1514//981 1516//985 1532//982
f 598//365 1534//996 605//363
f 1536//989 607//374 606//373
f 1539//991 1536//989 1535//990
f 1539//991 1538//991 1541//992
f 1542//992 1541//992 1544//993
f 1545//993 1544//993 1547//994
f 1548//995 1547//994 604//381
f 599//370 590//369 601//998
f 1537//997 598//365 1540//999
f 598//365 1533//986 1540//999
f 603//388 1546//987 1533//986
f 1558//1000 1576//1026 1579//1001
f 1606//1003 1626//1068 1622//1004
f 1556//1002 1579//1001 1552//1024
f 1553//1021 1571//1020 1605//1468
f 1603//1006 1567//1050 1581//1007
f 1615//1009 1573//1041 1588//1010
f 1580//1012 1559//1016 1609//1013
f 1569//1014 1571//1020 1580//1012
f 1549//1022 1580//1012 1553//1021
f 1564//1023 1562//1015 1549//1022
f 1566//1018 1564//1023 1552//1024
f 1574//1019 1566//1018 1579//1001
f 1618//1027 1632//1070 1627//1028
f 1569//1014 1609//1013 1612//1469
f 1601//1031 1623//1069 1590//1032
f 1570//1034 1583//1040 1585//1035
f 1604//1037 1605//1468 1571//1020
f 1613//1039 1629//1071 1583//1040
f 1616//1470 1619//1017 1574//1019
f 1573//1041 1577//1046 1592//1042
f 1621//1043 1633//1063 1597//1044
f 1575//1033 1590//1032 1592//1042
f 1617//1049 1610//1471 1561//1472
f 1610//1471 1614//1473 1560//1474
f 1561//1472 1610//1471 1560//1474
f 1561//1472 1563//1475 1617//1049
f 1563//1475 1565//1047 1617//1049
f 1567//1050 1572//1036 1585//1035
f 1584//1051 1628//1064 1635//1052
f 1591//1054 1598//1059 1596//1055
f 1630//1057 1587//1056 1596//1055
f 1589//1045 1597//1044 1598//1059
f 1586//1060 1584//1051 1594//1053
f 1625//1062 1634//1067 1633//1063
f 1628//1064 1630//1057 1636//1058
f 1582//1065 1586//1060 1595//1061
f 1625//1062 1582//1065 1593//1066
f 1603//1006 1624//1008 1626//1068
f 1601//1031 1600//1005 1622//1004
f 1615//1009 1631//1011 1632//1070
f 1613//1039 1611//1029 1627//1028
f 1599//1073 1557//1476 1555//1477
f 1555//1477 1551//1478 1599//1073
f 1551//1478 1550//1074 1599//1073
f 1550//1074 1554//1479 1607//1072
f 1554//1479 1608//1480 1607//1072
f 1642//1075 1643//1075 1647//1076
f 1641//1080 1650//1481 1654//1078
f 1654//1078 1652//1482 1639//1079
f 1653//1084 1651//1077 1647//1076
f 1640//1086 1653//1084 1645//1085
f 1638//1081 1656//1090 1655//1089
f 1659//1088 1657//1483 1655//1089
f 1656//1090 1658//1484 1659//1088
f 1638//1081 1649//1083 1648//1092
f 1660//1095 1672//1485 1670//1093
f 1672//1485 1673//1486 1675//1487
f 1671//1488 1672//1485 1675//1487
f 1673//1486 1668//1489 1674//1490
f 1668//1489 1669//1491 1667//1492
f 1667//1492 1677//1493 1668//1489
f 1677//1493 1663//1494 1662//1495
f 1662//1495 1674//1490 1677//1493
f 1674//1490 1676//1496 1673//1486
f 1677//1493 1674//1490 1668//1489
f 1676//1496 1675//1487 1673//1486
f 1675//1487 1665//1497 1664//1498
f 1671//1488 1675//1487 1664//1498
f 1665//1497 1666//1499 1664//1498
f 1671//1488 1670//1093 1672//1485
f 1742//1099 1681//1135 1759//1165
f 1721//1138 1768//1137 1766//1500
f 1705//1102 1715//1105 1687//1103
f 1715//1105 1768//1137 1696//1106
f 1685//1168 1763//1166 1720//1501
f 1699//1107 1707//1130 1692//1110
f 1713//1111 1694//1122 1689//1112
f 1711//1119 1690//1118 1760//1502
f 1701//1113 1689//1112 1693//1120
f 1717//1109 1688//1108 1694//1122
f 1684//1123 1679//1131 1718//1124
f 1680//1126 1702//1133 1710//1127
f 1709//1121 1693//1120 1690//1118
f 1678//1129 1716//1503 1706//1115
f 1707//1130 1705//1102 1691//1104
f 1679//1131 1682//1114 1708//1116
f 1678//1129 1698//1172 1716//1503
f 1684//1123 1714//1504 1702//1133
f 1684//1123 1724//1125 1714//1504
f 1683//1128 1710//1127 1704//1134
f 1725//1505 1727//1143 1732//1141
f 1731//1140 1725//1505 1732//1141
f 1727//1143 1729//1506 1735//1144
f 1730//1507 1726//1145 1733//1147
f 1726//1145 1728//1508 1734//1146
f 1733//1147 1734//1146 1739//1148
f 1736//1142 1732//1141 1737//1150
f 1735//1144 1740//1317 1737//1150
f 1745//1151 1743//1159 1684//1123
f 1744//1152 1748//1097 1765//1096
f 1679//1131 1746//1154 1747//1153
f 1742//1099 1745//1151 1683//1128
f 1682//1114 1747//1153 1744//1152
f 1684//1123 1743//1159 1746//1154
f 1744//1152 1752//1157 1758//1155
f 1746//1154 1755//1509 1757//1156
f 1747//1153 1757//1156 1756//1510
f 1750//1101 1754//1511 1745//1151
f 1754//1511 1753//1160 1745//1151
f 1747//1153 1756//1510 1752//1157
f 1751//1158 1755//1509 1746//1154
f 1753//1160 1751//1158 1743//1159
f 1719//1161 1762//1512 1761//1162
f 1749//1163 1764//1100 1742//1099
f 1685//1168 1759//1165 1763//1166
f 1711//1119 1760//1502 1695//1167
f 1742//1099 1759//1165 1685//1168
f 1759//1165 1681//1135 1712//1136
f 1768//1137 1715//1105 1697//1513
f 1767//1169 1765//1096 1686//1098
f 1765//1096 1769//1171 1698//1172
f 1783//1189 869//565 870//564
f 1775//1187 1788//1175 1787//1174
f 1773//1180 1772//1179 1786//1176
f 1771//1196 1770//1184 844//574
f 1777//1186 1776//1197 1775//1187
f 1783//1189 1782//1193 1781//1190
f 1774//1188 1775//1187 1787//1174
f 1790//1192 1781//1190 1782//1193
f 1779//1183 1792//1514 1791//1195
f 1791//1195 1792//1514 1770//1184
f 1790//1192 1789//1194 1776//1197
f 1796//1181 1773//1180 1798//1198
f 1798//1198 1795//1200 1794//1199
f 1773//1180 1793//1515 1795//1200
f 1821//1201 1800//1220 1799//1202
f 1812//1213 1816//1215 1809//1221
f 1822//1204 1823//1224 1819//1205
f 1818//1207 1811//1516 1810//1208
f 1802//1217 887//601 888//600
f 1813//1222 1816//1215 890//610
f 1804//1216 1801//1219 1802//1217
f 1804//1216 1803//1209 1808//1211
f 1816//1215 1815//1517 889//608
f 1806//1212 1799//1202 1800//1220
f 1812//1213 1810//1208 1811//1516
f 1816//1215 1814//1214 1815//1517
f 1821//1201 1824//1203 1823//1224
f 1869//617 1855//617 1871//617
f 1855//617 1852//617 1871//617
f 1854//1225 1851//1518 1866//1226
f 1863//1237 1862//1519 1842//1231
f 1842//1231 1862//1519 1864//1232
f 1846//1233 1864//1232 1865//1234
f 1838//1236 1861//44 1863//1237
f 1868//1238 1870//1520 1872//1227
f 1868//1238 1867//1240 1870//1520
f 1857//1239 1870//1520 1867//1240
f 1860//1242 1905//1249 1899//1243
f 1887//1245 1889//1521 1879//1246
f 1903//1248 1898//1522 1899//1243
f 1903//1248 1901//1254 1898//1522
f 1884//1252 1883//1230 1890//1229
f 1890//1229 1896//1523 1886//1251
f 1876//1253 1898//1522 1901//1254
f 1906//1256 1887//1245 1881//1247
f 1874//44 1897//44 1888//44
f 1907//1258 1906//1256 1885//1257
f 1904//44 1858//44 1900//44
f 1858//44 1892//44 1900//44
f 1893//1260 1909//1282 1915//1261
f 1919//1263 1953//1277 1949//1264
f 1926//617 1920//617 1943//617
f 1943//617 1945//617 1942//617
f 1922//1266 1925//1524 1939//1267
f 1933//1269 1934//1525 1937//1270
f 1928//1271 1931//1272 1933//1269
f 1931//1272 1928//1271 1944//1268
f 1923//44 1929//44 1938//44
f 1929//44 1940//44 1938//44
f 1951//1274 1957//1278 1955//1275
f 1951//1274 1949//1264 1953//1277
f 1916//1279 1910//1526 1947//1276
f 1946//44 1908//44 1911//44
f 1911//44 1948//44 1946//44
f 1952//617 1917//617 1954//617
f 1917//617 1914//617 1954//617
f 1921//1280 1927//1301 1912//1281
f 1856//1283 1893//1260 1859//1284
f 1856//1283 1839//1527 1837//1286
f 1837//1286 1924//1528 1921//1280
f 1921//1280 1909//1282 1837//1286
f 1909//1282 1893//1260 1837//1286
f 1826//1299 1912//1281 1927//1301
f 1918//1288 1912//1281 1826//1299
f 1835//1287 1915//1261 1918//1288
f 1835//1287 1890//1229 1878//1273
f 1859//1284 1890//1229 1834//1291
f 1834//1291 1832//1293 1850//1292
f 1850//1292 1831//1295 1848//1298
f 1831//1295 1837//1286 1844//1296
f 1848//1298 1831//1295 1844//1296
f 1844//1296 1843//1529 1841//1530
f 1837//1286 1839//1527 1844//1296
f 1845//1297 1847//1531 1848//1298
f 1844//1296 1841//1530 1845//1297
f 1837//1286 1829//1304 1924//1528
f 1829//1304 1930//1532 1924//1528
f 1825//1289 1918//1288 1826//1299
f 1932//1303 1930//1532 1829//1304
f 1826//1299 1936//1302 1935//1306
f 1932//1303 1830//1305 1828//1307
f 1958//1314 1959//1311 1962//1533
f 1959//1311 1961//1308 1964//1310
f 1960//1313 1965//1315 1963//1309
f 1959//1311 1966//1312 1962//1533
f 1959//1311 1958//1314 1960//1313
f 1737//1150 1967//1318 1971//1316
f 1738//1149 1968//1319 1969//1534
f 1739//1148 1972//1535 1968//1319
f 1740//1317 1970//1536 1967//1318
