# Blender 5.1.0
# www.blender.org
mtllib vaz 2017 kuzov2 .mtl
o Object_3
v 0.748175 0.895153 0.760129
v 0.749097 0.892170 0.762870
v 0.748730 0.894279 0.762117
v 0.748730 0.894279 0.762117
v 0.743650 0.892176 0.740235
v 0.744109 0.895153 0.743232
v 0.743688 0.894281 0.741162
v 0.743688 0.894281 0.741162
v 0.751091 0.866784 0.761852
v 0.750652 0.863599 0.758862
v 0.751066 0.864532 0.760923
v 0.751066 0.864532 0.760923
v 0.746596 0.863599 0.742003
v 0.745642 0.866814 0.739218
v 0.746026 0.864540 0.739981
v 0.746026 0.864540 0.739981
v 0.706032 0.893535 0.764280
v 0.706032 0.893535 0.764280
v 0.707132 0.890494 0.767131
v 0.707132 0.890494 0.767131
v 0.706494 0.892658 0.766335
v 0.706494 0.892658 0.766335
v 0.706494 0.892658 0.766335
v 0.703947 0.890198 0.739293
v 0.703947 0.890198 0.739293
v 0.703526 0.893285 0.742340
v 0.703526 0.893285 0.742340
v 0.703510 0.892367 0.740225
v 0.703510 0.892367 0.740225
v 0.703510 0.892367 0.740225
v 0.714890 0.859243 0.766169
v 0.714890 0.859243 0.766169
v 0.715309 0.856170 0.763135
v 0.715309 0.856170 0.763135
v 0.715325 0.857084 0.765242
v 0.715325 0.857084 0.765242
v 0.715325 0.857084 0.765242
v 0.712807 0.855921 0.741230
v 0.712807 0.855921 0.741230
v 0.711707 0.858942 0.738331
v 0.711707 0.858942 0.738331
v 0.712343 0.856792 0.739141
v 0.712343 0.856792 0.739141
v 0.712343 0.856792 0.739141
v 0.706395 0.891281 0.762531
v 0.706395 0.891281 0.762531
v 0.707507 0.888200 0.765396
v 0.707507 0.888200 0.765396
v 0.706861 0.890393 0.764596
v 0.706861 0.890393 0.764596
v 0.706861 0.890393 0.764596
v 0.704701 0.887943 0.740888
v 0.704701 0.887943 0.740888
v 0.704272 0.891069 0.743947
v 0.704272 0.891069 0.743947
v 0.704258 0.890140 0.741823
v 0.704258 0.890140 0.741823
v 0.714135 0.861500 0.764574
v 0.714135 0.861500 0.764574
v 0.714563 0.858386 0.761527
v 0.714563 0.858386 0.761527
v 0.714577 0.859312 0.763642
v 0.714577 0.859312 0.763642
v 0.714577 0.859312 0.763642
v 0.712443 0.858175 0.742973
v 0.712443 0.858175 0.742973
v 0.711331 0.861239 0.740066
v 0.711331 0.861239 0.740066
v 0.711975 0.859058 0.740878
v 0.711975 0.859058 0.740878
v 0.711975 0.859058 0.740878
v 0.696642 0.890426 0.769049
v 0.695532 0.893502 0.766185
v 0.695997 0.892615 0.768250
v 0.695997 0.892615 0.768250
v 0.692768 0.893227 0.741988
v 0.693196 0.890105 0.738932
v 0.692753 0.892299 0.739866
v 0.705569 0.853079 0.764950
v 0.705142 0.856189 0.767995
v 0.705583 0.854004 0.767064
v 0.705583 0.854004 0.767064
v 0.701697 0.855864 0.737877
v 0.702808 0.852803 0.740781
v 0.702341 0.853686 0.738688
v 0.702341 0.853686 0.738688
v 0.724819 0.896421 0.762951
v 0.724819 0.896421 0.762951
v 0.722768 0.896106 0.763097
v 0.722768 0.896106 0.763097
v 0.718899 0.895512 0.763370
v 0.718899 0.895512 0.763370
v 0.716847 0.895196 0.763515
v 0.716847 0.895196 0.763515
v 0.712978 0.894602 0.763789
v 0.712978 0.894602 0.763789
v 0.710927 0.894287 0.763934
v 0.710927 0.894287 0.763934
v 0.713439 0.893727 0.765840
v 0.713439 0.893727 0.765840
v 0.713439 0.893727 0.765840
v 0.711388 0.893411 0.765987
v 0.711388 0.893411 0.765987
v 0.711388 0.893411 0.765987
v 0.719359 0.894638 0.765419
v 0.719359 0.894638 0.765419
v 0.719359 0.894638 0.765419
v 0.717307 0.894323 0.765565
v 0.717307 0.894323 0.765565
v 0.717307 0.894323 0.765565
v 0.725278 0.895550 0.764997
v 0.725278 0.895550 0.764997
v 0.725278 0.895550 0.764997
v 0.723227 0.895234 0.765143
v 0.723227 0.895234 0.765143
v 0.723227 0.895234 0.765143
v 0.712025 0.891251 0.766782
v 0.712025 0.891251 0.766782
v 0.714076 0.891568 0.766635
v 0.714076 0.891568 0.766635
v 0.717943 0.892166 0.766359
v 0.717943 0.892166 0.766359
v 0.719994 0.892483 0.766212
v 0.719994 0.892483 0.766212
v 0.723862 0.893081 0.765936
v 0.723862 0.893081 0.765936
v 0.725913 0.893398 0.765790
v 0.725913 0.893398 0.765790
v 0.720204 0.856922 0.762789
v 0.720204 0.856922 0.762789
v 0.722255 0.857238 0.762643
v 0.722255 0.857238 0.762643
v 0.726124 0.857832 0.762369
v 0.726124 0.857832 0.762369
v 0.728175 0.858147 0.762224
v 0.728175 0.858147 0.762224
v 0.732044 0.858742 0.761950
v 0.732044 0.858742 0.761950
v 0.734096 0.859057 0.761804
v 0.734096 0.859057 0.761804
v 0.732061 0.859650 0.764049
v 0.732061 0.859650 0.764049
v 0.732061 0.859650 0.764049
v 0.734113 0.859965 0.763903
v 0.734113 0.859965 0.763903
v 0.734113 0.859965 0.763903
v 0.726141 0.858743 0.764471
v 0.726141 0.858743 0.764471
v 0.726141 0.858743 0.764471
v 0.728192 0.859057 0.764325
v 0.728192 0.859057 0.764325
v 0.728192 0.859057 0.764325
v 0.720220 0.857835 0.764893
v 0.720220 0.857835 0.764893
v 0.720220 0.857835 0.764893
v 0.722272 0.858149 0.764747
v 0.722272 0.858149 0.764747
v 0.722272 0.858149 0.764747
v 0.733681 0.862110 0.764826
v 0.733681 0.862110 0.764826
v 0.731629 0.861797 0.764973
v 0.731629 0.861797 0.764973
v 0.727759 0.861207 0.765250
v 0.727759 0.861207 0.765250
v 0.725707 0.860894 0.765396
v 0.725707 0.860894 0.765396
v 0.721838 0.860303 0.765673
v 0.721838 0.860303 0.765673
v 0.719786 0.859990 0.765819
v 0.719786 0.859990 0.765819
v 0.716602 0.859689 0.737981
v 0.716602 0.859689 0.737981
v 0.718654 0.860002 0.737834
v 0.718654 0.860002 0.737834
v 0.722523 0.860592 0.737558
v 0.722523 0.860592 0.737558
v 0.724575 0.860905 0.737411
v 0.724575 0.860905 0.737411
v 0.728445 0.861496 0.737135
v 0.728445 0.861496 0.737135
v 0.730497 0.861809 0.736988
v 0.730497 0.861809 0.736988
v 0.729078 0.859358 0.737943
v 0.729078 0.859358 0.737943
v 0.729078 0.859358 0.737943
v 0.731130 0.859672 0.737797
v 0.731130 0.859672 0.737797
v 0.731130 0.859672 0.737797
v 0.723158 0.858450 0.738367
v 0.723158 0.858450 0.738367
v 0.723158 0.858450 0.738367
v 0.725209 0.858765 0.738220
v 0.725209 0.858765 0.738220
v 0.725209 0.858765 0.738220
v 0.717237 0.857542 0.738791
v 0.717237 0.857542 0.738791
v 0.717237 0.857542 0.738791
v 0.719289 0.857857 0.738644
v 0.719289 0.857857 0.738644
v 0.719289 0.857857 0.738644
v 0.731591 0.858807 0.739880
v 0.731591 0.858807 0.739880
v 0.729540 0.858492 0.740028
v 0.729540 0.858492 0.740028
v 0.725672 0.857898 0.740306
v 0.725672 0.857898 0.740306
v 0.723620 0.857583 0.740453
v 0.723620 0.857583 0.740453
v 0.719752 0.856988 0.740731
v 0.719752 0.856988 0.740731
v 0.717701 0.856673 0.740878
v 0.717701 0.856673 0.740878
v 0.708420 0.894037 0.741988
v 0.708420 0.894037 0.741988
v 0.710471 0.894352 0.741841
v 0.710471 0.894352 0.741841
v 0.714340 0.894946 0.741562
v 0.714340 0.894946 0.741562
v 0.716391 0.895262 0.741415
v 0.716391 0.895262 0.741415
v 0.720259 0.895856 0.741137
v 0.720259 0.895856 0.741137
v 0.722311 0.896171 0.740989
v 0.722311 0.896171 0.740989
v 0.720242 0.894943 0.739027
v 0.720242 0.894943 0.739027
v 0.720242 0.894943 0.739027
v 0.722293 0.895259 0.738880
v 0.722293 0.895259 0.738880
v 0.722293 0.895259 0.738880
v 0.714323 0.894031 0.739451
v 0.714323 0.894031 0.739451
v 0.714323 0.894031 0.739451
v 0.716374 0.894347 0.739304
v 0.716374 0.894347 0.739304
v 0.716374 0.894347 0.739304
v 0.708403 0.893120 0.739874
v 0.708403 0.893120 0.739874
v 0.708403 0.893120 0.739874
v 0.710455 0.893436 0.739727
v 0.710455 0.893436 0.739727
v 0.710455 0.893436 0.739727
v 0.722728 0.893103 0.737952
v 0.722728 0.893103 0.737952
v 0.720677 0.892785 0.738098
v 0.720677 0.892785 0.738098
v 0.716809 0.892187 0.738374
v 0.716809 0.892187 0.738374
v 0.714758 0.891870 0.738521
v 0.714758 0.891870 0.738521
v 0.710891 0.891272 0.738797
v 0.710891 0.891272 0.738797
v 0.708840 0.890955 0.738944
v 0.708840 0.890955 0.738944
v 0.708796 0.892130 0.740579
v 0.708796 0.892130 0.740579
v 0.708796 0.892130 0.740579
v 0.710731 0.892427 0.740441
v 0.710731 0.892427 0.740441
v 0.710731 0.892427 0.740441
v 0.711143 0.890386 0.739563
v 0.711143 0.890386 0.739563
v 0.709208 0.890087 0.739701
v 0.709208 0.890087 0.739701
v 0.714716 0.893041 0.740155
v 0.714716 0.893041 0.740155
v 0.714716 0.893041 0.740155
v 0.716651 0.893339 0.740017
v 0.716651 0.893339 0.740017
v 0.716651 0.893339 0.740017
v 0.717061 0.891301 0.739140
v 0.717061 0.891301 0.739140
v 0.715127 0.891002 0.739278
v 0.715127 0.891002 0.739278
v 0.720635 0.893952 0.739732
v 0.720635 0.893952 0.739732
v 0.720635 0.893952 0.739732
v 0.722570 0.894250 0.739593
v 0.722570 0.894250 0.739593
v 0.722570 0.894250 0.739593
v 0.722980 0.892216 0.738717
v 0.722980 0.892216 0.738717
v 0.721045 0.891917 0.738856
v 0.721045 0.891917 0.738856
v 0.708812 0.892994 0.742573
v 0.708812 0.892994 0.742573
v 0.710747 0.893292 0.742434
v 0.710747 0.893292 0.742434
v 0.714732 0.893904 0.742148
v 0.714732 0.893904 0.742148
v 0.716667 0.894201 0.742008
v 0.716667 0.894201 0.742008
v 0.720651 0.894813 0.741722
v 0.720651 0.894813 0.741722
v 0.722586 0.895111 0.741583
v 0.722586 0.895111 0.741583
v 0.717130 0.858567 0.739557
v 0.717130 0.858567 0.739557
v 0.717130 0.858567 0.739557
v 0.719065 0.858864 0.739418
v 0.719065 0.858864 0.739418
v 0.719065 0.858864 0.739418
v 0.719502 0.858044 0.741387
v 0.719502 0.858044 0.741387
v 0.717567 0.857747 0.741526
v 0.717567 0.857747 0.741526
v 0.723050 0.859475 0.739133
v 0.723050 0.859475 0.739133
v 0.723050 0.859475 0.739133
v 0.724985 0.859772 0.738995
v 0.724985 0.859772 0.738995
v 0.724985 0.859772 0.738995
v 0.725422 0.858954 0.740962
v 0.725422 0.858954 0.740962
v 0.723487 0.858657 0.741101
v 0.723487 0.858657 0.741101
v 0.728970 0.860383 0.738710
v 0.728970 0.860383 0.738710
v 0.728970 0.860383 0.738710
v 0.730906 0.860680 0.738571
v 0.730906 0.860680 0.738571
v 0.730906 0.860680 0.738571
v 0.731341 0.859864 0.740537
v 0.731341 0.859864 0.740537
v 0.729406 0.859566 0.740676
v 0.729406 0.859566 0.740676
v 0.716530 0.860592 0.738793
v 0.716530 0.860592 0.738793
v 0.718466 0.860887 0.738655
v 0.718466 0.860887 0.738655
v 0.722452 0.861496 0.738370
v 0.722452 0.861496 0.738370
v 0.724387 0.861791 0.738232
v 0.724387 0.861791 0.738232
v 0.728373 0.862400 0.737947
v 0.728373 0.862400 0.737947
v 0.730309 0.862695 0.737809
v 0.730309 0.862695 0.737809
v 0.719944 0.858843 0.764180
v 0.719944 0.858843 0.764180
v 0.719944 0.858843 0.764180
v 0.721879 0.859140 0.764042
v 0.721879 0.859140 0.764042
v 0.721879 0.859140 0.764042
v 0.721469 0.861172 0.764916
v 0.721469 0.861172 0.764916
v 0.719534 0.860877 0.765054
v 0.719534 0.860877 0.765054
v 0.725864 0.859751 0.763758
v 0.725864 0.859751 0.763758
v 0.725864 0.859751 0.763758
v 0.727799 0.860048 0.763620
v 0.727799 0.860048 0.763620
v 0.727799 0.860048 0.763620
v 0.727391 0.862076 0.764493
v 0.727391 0.862076 0.764493
v 0.725455 0.861780 0.764631
v 0.725455 0.861780 0.764631
v 0.731784 0.860659 0.763336
v 0.731784 0.860659 0.763336
v 0.731784 0.860659 0.763336
v 0.733720 0.860956 0.763198
v 0.733720 0.860956 0.763198
v 0.733720 0.860956 0.763198
v 0.733312 0.862980 0.764070
v 0.733312 0.862980 0.764070
v 0.731377 0.862684 0.764208
v 0.731377 0.862684 0.764208
v 0.719928 0.857982 0.762195
v 0.719928 0.857982 0.762195
v 0.721863 0.858280 0.762058
v 0.721863 0.858280 0.762058
v 0.725848 0.858892 0.761776
v 0.725848 0.858892 0.761776
v 0.727784 0.859189 0.761638
v 0.727784 0.859189 0.761638
v 0.731768 0.859802 0.761356
v 0.731768 0.859802 0.761356
v 0.733704 0.860099 0.761219
v 0.733704 0.860099 0.761219
v 0.725386 0.894525 0.764231
v 0.725386 0.894525 0.764231
v 0.725386 0.894525 0.764231
v 0.723451 0.894227 0.764369
v 0.723451 0.894227 0.764369
v 0.723451 0.894227 0.764369
v 0.724050 0.892196 0.765117
v 0.724050 0.892196 0.765117
v 0.725985 0.892495 0.764978
v 0.725985 0.892495 0.764978
v 0.719466 0.893613 0.764652
v 0.719466 0.893613 0.764652
v 0.719466 0.893613 0.764652
v 0.717531 0.893315 0.764790
v 0.717531 0.893315 0.764790
v 0.717531 0.893315 0.764790
v 0.718131 0.891281 0.765539
v 0.718131 0.891281 0.765539
v 0.720066 0.891580 0.765401
v 0.720066 0.891580 0.765401
v 0.713547 0.892702 0.765074
v 0.713547 0.892702 0.765074
v 0.713547 0.892702 0.765074
v 0.711612 0.892404 0.765212
v 0.711612 0.892404 0.765212
v 0.711612 0.892404 0.765212
v 0.712213 0.890366 0.765962
v 0.712213 0.890366 0.765962
v 0.714147 0.890665 0.765824
v 0.714147 0.890665 0.765824
v 0.724953 0.895347 0.762301
v 0.724953 0.895347 0.762301
v 0.723018 0.895049 0.762438
v 0.723018 0.895049 0.762438
v 0.719033 0.894437 0.762720
v 0.719033 0.894437 0.762720
v 0.717097 0.894140 0.762857
v 0.717097 0.894140 0.762857
v 0.713112 0.893527 0.763139
v 0.713112 0.893527 0.763139
v 0.711177 0.893230 0.763276
v 0.711177 0.893230 0.763276
v 0.730610 0.897060 0.762468
v 0.728824 0.897037 0.762668
v 0.728824 0.897037 0.762668
v 0.729916 0.894017 0.765504
v 0.729916 0.894017 0.765504
v 0.731707 0.894039 0.765298
v 0.729282 0.896166 0.764712
v 0.729282 0.896166 0.764712
v 0.729282 0.896166 0.764712
v 0.729282 0.896166 0.764712
v 0.731071 0.896188 0.764510
v 0.731071 0.896188 0.764510
v 0.728545 0.893762 0.737733
v 0.726731 0.893722 0.737666
v 0.726731 0.893722 0.737666
v 0.726315 0.896787 0.740701
v 0.726315 0.896787 0.740701
v 0.728130 0.896824 0.740763
v 0.728111 0.895914 0.738657
v 0.728111 0.895914 0.738657
v 0.726297 0.895875 0.738593
v 0.726297 0.895875 0.738593
v 0.726297 0.895875 0.738593
v 0.726297 0.895875 0.738593
v 0.739357 0.863170 0.764297
v 0.737686 0.862722 0.764540
v 0.737686 0.862722 0.764540
v 0.738100 0.859672 0.761521
v 0.738100 0.859672 0.761521
v 0.739764 0.860123 0.761271
v 0.739785 0.861029 0.763369
v 0.739785 0.861029 0.763369
v 0.738117 0.860579 0.763618
v 0.738117 0.860579 0.763618
v 0.738117 0.860579 0.763618
v 0.738117 0.860579 0.763618
v 0.737292 0.859890 0.739729
v 0.735596 0.859423 0.739593
v 0.735596 0.859423 0.739593
v 0.734502 0.862420 0.736702
v 0.734502 0.862420 0.736702
v 0.736196 0.862887 0.736829
v 0.736827 0.860754 0.737643
v 0.736827 0.860754 0.737643
v 0.735134 0.860286 0.737510
v 0.735134 0.860286 0.737510
v 0.735134 0.860286 0.737510
v 0.735134 0.860286 0.737510
v 0.693086 0.894006 0.775228
v 0.693086 0.894006 0.775228
v 0.675454 0.969984 0.720087
v 0.675454 0.969984 0.720087
v 0.675454 0.969984 0.720087
v 0.703768 0.836991 0.814875
v 0.703768 0.836991 0.814875
v 0.703768 0.836991 0.814875
v 0.703854 0.836999 0.720212
v 0.703854 0.836999 0.720212
v 0.703854 0.836999 0.720212
v 0.699294 0.894078 0.775233
v 0.699294 0.894078 0.775233
v 0.702761 0.892368 0.772678
v 0.702761 0.892368 0.772678
v 0.686936 0.960518 0.723218
v 0.686936 0.960518 0.723218
v 0.686936 0.960518 0.723218
v 0.681661 0.970057 0.720093
v 0.681661 0.970057 0.720093
v 0.681661 0.970057 0.720093
v 0.681661 0.970057 0.720093
v 0.709977 0.837063 0.814881
v 0.709977 0.837063 0.814881
v 0.709977 0.837063 0.814881
v 0.709977 0.837063 0.814881
v 0.712556 0.840162 0.808983
v 0.712556 0.840162 0.808983
v 0.712556 0.840162 0.808983
v 0.710062 0.837072 0.720218
v 0.710062 0.837072 0.720218
v 0.710062 0.837072 0.720218
v 0.710062 0.837072 0.720218
v 0.712559 0.840154 0.723332
v 0.712559 0.840154 0.723332
v 0.712559 0.840154 0.723332
v 0.756962 0.859043 0.745415
v 0.756962 0.859043 0.745415
v 0.750135 0.863339 0.746487
v 0.750135 0.863339 0.746487
v 0.752600 0.860662 0.746100
v 0.752600 0.860662 0.746100
v 0.884817 0.932925 0.725327
v 0.884817 0.932925 0.725327
v 0.891714 0.928619 0.724244
v 0.891714 0.928619 0.724244
v 0.889223 0.931350 0.724635
v 0.889223 0.931350 0.724635
v 0.746022 0.921200 0.747134
v 0.746022 0.921200 0.747134
v 0.754723 0.930136 0.745767
v 0.754723 0.930136 0.745767
v 0.749073 0.926715 0.746654
v 0.749073 0.926715 0.746654
v 0.892776 0.866561 0.724077
v 0.892776 0.866561 0.724077
v 0.882877 0.858715 0.725632
v 0.882877 0.858715 0.725632
v 0.888970 0.861509 0.724675
v 0.888970 0.861509 0.724675
v 0.889610 0.937644 0.712958
v 0.889610 0.937644 0.712958
v 0.896480 0.933267 0.711878
v 0.896480 0.933267 0.711878
v 0.894005 0.936039 0.712267
v 0.894005 0.936039 0.712267
v 0.748599 0.854488 0.735112
v 0.748599 0.854488 0.735112
v 0.741802 0.858860 0.736180
v 0.741802 0.858860 0.736180
v 0.744251 0.856139 0.735795
v 0.744251 0.856139 0.735795
v 0.897510 0.862072 0.711716
v 0.897510 0.862072 0.711716
v 0.887624 0.854142 0.713270
v 0.887624 0.854142 0.713270
v 0.893729 0.856978 0.712310
v 0.893729 0.856978 0.712310
v 0.737324 0.925361 0.736884
v 0.737324 0.925361 0.736884
v 0.745992 0.934386 0.735522
v 0.745992 0.934386 0.735522
v 0.740353 0.930914 0.736408
v 0.740353 0.930914 0.736408
v 0.891138 0.937644 0.722681
v 0.891138 0.937644 0.722681
v 0.889828 0.936522 0.724540
v 0.889828 0.936522 0.724540
v 0.896746 0.932191 0.723453
v 0.896746 0.932191 0.723453
v 0.898008 0.933267 0.721602
v 0.898008 0.933267 0.721602
v 0.894255 0.934945 0.723844
v 0.894255 0.934945 0.723844
v 0.895532 0.936039 0.721991
v 0.895532 0.936039 0.721991
v 0.750127 0.854488 0.744836
v 0.750127 0.854488 0.744836
v 0.751957 0.855579 0.746201
v 0.751957 0.855579 0.746201
v 0.745103 0.859899 0.747278
v 0.745103 0.859899 0.747278
v 0.743330 0.858860 0.745904
v 0.743330 0.858860 0.745904
v 0.745779 0.856139 0.745519
v 0.745779 0.856139 0.745519
v 0.747571 0.857199 0.746890
v 0.747571 0.857199 0.746890
v 0.899038 0.862072 0.721440
v 0.899038 0.862072 0.721440
v 0.897776 0.863116 0.723291
v 0.897776 0.863116 0.723291
v 0.887846 0.855234 0.724851
v 0.887846 0.855234 0.724851
v 0.889151 0.854142 0.722993
v 0.889151 0.854142 0.722993
v 0.893978 0.858039 0.723888
v 0.893978 0.858039 0.723888
v 0.895257 0.856978 0.722034
v 0.895257 0.856978 0.722034
v 0.738851 0.925361 0.746608
v 0.738851 0.925361 0.746608
v 0.740715 0.924392 0.747967
v 0.740715 0.924392 0.747967
v 0.749422 0.933378 0.746600
v 0.749422 0.933378 0.746600
v 0.747520 0.934386 0.745246
v 0.747520 0.934386 0.745246
v 0.743757 0.929932 0.747490
v 0.743757 0.929932 0.747490
v 0.741880 0.930914 0.746132
v 0.741880 0.930914 0.746132
v 0.757699 0.859042 0.772350
v 0.759212 0.859803 0.773323
v 0.759212 0.859803 0.773323
v 0.752339 0.863989 0.774582
v 0.752339 0.863989 0.774582
v 0.750889 0.863264 0.773590
v 0.750889 0.863264 0.773590
v 0.754808 0.861379 0.774575
v 0.754808 0.861379 0.774575
v 0.753339 0.860640 0.773591
v 0.753339 0.860640 0.773591
v 0.885333 0.932930 0.728815
v 0.884076 0.932173 0.730710
v 0.884076 0.932173 0.730710
v 0.891054 0.927969 0.729602
v 0.891054 0.927969 0.729602
v 0.892244 0.928673 0.727730
v 0.892244 0.928673 0.727730
v 0.888547 0.930636 0.730001
v 0.888547 0.930636 0.730001
v 0.889756 0.931367 0.728121
v 0.756069 0.928937 0.751164
v 0.756069 0.928937 0.751164
v 0.755243 0.930130 0.749241
v 0.748168 0.920877 0.755079
v 0.748168 0.920877 0.755079
v 0.746662 0.921282 0.753501
v 0.750932 0.925842 0.752755
v 0.750932 0.925842 0.752755
v 0.749646 0.926735 0.750970
v 0.883475 0.860117 0.731717
v 0.883475 0.860117 0.731717
v 0.883610 0.858740 0.730130
v 0.883610 0.858740 0.730130
v 0.892338 0.867223 0.729364
v 0.892338 0.867223 0.729364
v 0.893322 0.866557 0.727558
v 0.893322 0.866557 0.727558
v 0.888943 0.862659 0.730176
v 0.888943 0.862659 0.730176
v 0.889571 0.861514 0.728453
v 0.889571 0.861514 0.728453
v 0.884732 0.932519 0.713724
v 0.884732 0.932519 0.713724
v 0.891127 0.928671 0.712719
v 0.891127 0.928671 0.712719
v 0.888823 0.931107 0.713081
v 0.888823 0.931107 0.713081
v 0.753452 0.859418 0.734350
v 0.753452 0.859418 0.734350
v 0.747124 0.863262 0.735344
v 0.747124 0.863262 0.735344
v 0.749404 0.860870 0.734986
v 0.749404 0.860870 0.734986
v 0.892086 0.866085 0.712569
v 0.892086 0.866085 0.712569
v 0.882882 0.859114 0.714015
v 0.882882 0.859114 0.714015
v 0.888567 0.861607 0.713122
v 0.888567 0.861607 0.713122
v 0.742955 0.921721 0.735999
v 0.742955 0.921721 0.735999
v 0.751025 0.929655 0.734731
v 0.751025 0.929655 0.734731
v 0.745775 0.926602 0.735556
v 0.745775 0.926602 0.735556
v 0.893686 0.918209 0.723934
v 0.893686 0.918209 0.723934
v 0.893927 0.873059 0.723896
v 0.893927 0.873059 0.723896
v 0.895519 0.895677 0.723646
v 0.895519 0.895677 0.723646
v 0.899257 0.918267 0.711442
v 0.899257 0.918267 0.711442
v 0.899456 0.873172 0.711411
v 0.899456 0.873172 0.711411
v 0.901040 0.895745 0.711162
v 0.901040 0.895745 0.711162
v 0.899327 0.918255 0.723047
v 0.899327 0.918255 0.723047
v 0.899526 0.873119 0.723016
v 0.899526 0.873119 0.723016
v 0.901110 0.895722 0.722767
v 0.901110 0.895722 0.722767
v 0.900981 0.873157 0.721135
v 0.900981 0.873157 0.721135
v 0.900785 0.918265 0.721166
v 0.900785 0.918265 0.721166
v 0.902567 0.895740 0.720886
v 0.902567 0.895740 0.720886
v 0.893293 0.872632 0.729174
v 0.893293 0.872632 0.729174
v 0.893002 0.917834 0.729219
v 0.893002 0.917834 0.729219
v 0.894873 0.895303 0.728856
v 0.894873 0.895303 0.728856
v 0.894468 0.873027 0.727379
v 0.894468 0.873027 0.727379
v 0.894231 0.918194 0.727418
v 0.894231 0.918194 0.727418
v 0.896064 0.895663 0.727129
v 0.896064 0.895663 0.727129
v 0.893425 0.916956 0.712358
v 0.893425 0.916956 0.712358
v 0.893627 0.874380 0.712327
v 0.893627 0.874380 0.712327
v 0.895209 0.895689 0.712078
v 0.895209 0.895689 0.712078
v 0.773125 0.932122 0.742907
v 0.773125 0.932122 0.742907
v 0.865438 0.934155 0.728405
v 0.865438 0.934155 0.728405
v 0.819241 0.934775 0.735695
v 0.819241 0.934775 0.735695
v 0.863434 0.939397 0.717111
v 0.863434 0.939397 0.717111
v 0.771090 0.937247 0.731618
v 0.771090 0.937247 0.731618
v 0.817215 0.940051 0.724401
v 0.817215 0.940051 0.724401
v 0.864950 0.939397 0.726836
v 0.864950 0.939397 0.726836
v 0.772627 0.937247 0.741340
v 0.772627 0.937247 0.741340
v 0.818742 0.940050 0.734125
v 0.818742 0.940050 0.734125
v 0.772940 0.936024 0.742942
v 0.772940 0.936024 0.742942
v 0.865260 0.938147 0.728438
v 0.865260 0.938147 0.728438
v 0.819054 0.938793 0.735728
v 0.819054 0.938793 0.735728
v 0.866242 0.933166 0.733590
v 0.866242 0.933166 0.733590
v 0.773958 0.930840 0.748336
v 0.773958 0.930840 0.748336
v 0.820062 0.933551 0.741002
v 0.820062 0.933551 0.741002
v 0.865974 0.934157 0.731888
v 0.773671 0.932119 0.746380
v 0.819784 0.934775 0.739173
v 0.772497 0.931952 0.731393
v 0.772497 0.931952 0.731393
v 0.862265 0.933926 0.717290
v 0.862265 0.933926 0.717290
v 0.817346 0.934515 0.724377
v 0.817346 0.934515 0.724377
v 0.859979 0.856763 0.729176
v 0.859979 0.856763 0.729176
v 0.780149 0.856949 0.741718
v 0.780149 0.856949 0.741718
v 0.820032 0.855405 0.735413
v 0.820032 0.855405 0.735413
v 0.778287 0.851701 0.730385
v 0.778287 0.851701 0.730385
v 0.858225 0.851522 0.717826
v 0.858225 0.851522 0.717826
v 0.818235 0.850097 0.724074
v 0.818235 0.850097 0.724074
v 0.859988 0.852779 0.729168
v 0.859988 0.852779 0.729168
v 0.780113 0.852961 0.741716
v 0.780113 0.852961 0.741716
v 0.820024 0.851372 0.735410
v 0.820024 0.851372 0.735410
v 0.779837 0.851699 0.740105
v 0.779837 0.851699 0.740105
v 0.859740 0.851520 0.727552
v 0.859740 0.851520 0.727552
v 0.819766 0.850096 0.733797
v 0.819766 0.850096 0.733797
v 0.779372 0.857047 0.763535
v 0.859651 0.856726 0.736513
v 0.819514 0.855423 0.748857
v 0.779676 0.857842 0.765422
v 0.779676 0.857842 0.765422
v 0.859795 0.857835 0.738488
v 0.859795 0.857835 0.738488
v 0.819789 0.856244 0.751107
v 0.819789 0.856244 0.751107
v 0.779378 0.857125 0.730219
v 0.779378 0.857125 0.730219
v 0.857108 0.856952 0.718007
v 0.857108 0.856952 0.718007
v 0.818232 0.855652 0.724079
v 0.818232 0.855652 0.724079
v 0.741948 0.908446 0.736172
v 0.741948 0.908446 0.736172
v 0.743672 0.880490 0.735904
v 0.743672 0.880490 0.735904
v 0.742011 0.894442 0.736169
v 0.742011 0.894442 0.736169
v 0.747687 0.879727 0.768656
v 0.747687 0.879727 0.768656
v 0.745830 0.909067 0.758390
v 0.745830 0.909067 0.758390
v 0.745960 0.894403 0.763826
v 0.745960 0.894403 0.763826
v 0.747309 0.909333 0.759493
v 0.747309 0.909333 0.759493
v 0.749142 0.879986 0.769640
v 0.749142 0.879986 0.769640
v 0.747393 0.894647 0.764794
v 0.747393 0.894647 0.764794
v 0.739405 0.879571 0.746539
v 0.739405 0.879571 0.746539
v 0.737682 0.909101 0.746808
v 0.737682 0.909101 0.746808
v 0.737746 0.894316 0.746805
v 0.737746 0.894316 0.746805
v 0.739627 0.909098 0.748154
v 0.739627 0.909098 0.748154
v 0.741364 0.879612 0.747883
v 0.741364 0.879612 0.747883
v 0.739700 0.894340 0.748150
v 0.739700 0.894340 0.748150
v 0.736156 0.909124 0.737084
v 0.736156 0.909124 0.737084
v 0.737880 0.879561 0.736815
v 0.737880 0.879561 0.736815
v 0.736219 0.894320 0.737081
v 0.736219 0.894320 0.737081
v 0.745171 0.909145 0.747282
v 0.745171 0.909145 0.747282
v 0.746968 0.879730 0.747002
v 0.746968 0.879730 0.747002
v 0.745266 0.894427 0.747275
v 0.745266 0.894427 0.747275
v 0.885788 0.932511 0.720446
v 0.892184 0.928663 0.719441
v 0.889880 0.931100 0.719803
v 0.754509 0.859411 0.741072
v 0.748181 0.863254 0.742066
v 0.750461 0.860862 0.741708
v 0.893143 0.866078 0.719290
v 0.883939 0.859107 0.720736
v 0.889623 0.861599 0.719843
v 0.744011 0.921713 0.742721
v 0.752082 0.929647 0.741453
v 0.746832 0.926595 0.742278
v 0.894481 0.916949 0.719080
v 0.894683 0.874372 0.719048
v 0.896265 0.895681 0.718800
v 0.773554 0.931944 0.738114
v 0.863321 0.933919 0.724012
v 0.818402 0.934508 0.731099
v 0.780435 0.857118 0.736941
v 0.858165 0.856945 0.724729
v 0.819289 0.855644 0.730801
v 0.743004 0.908439 0.742894
v 0.744728 0.880483 0.742625
v 0.743068 0.894435 0.742891
v 0.748509 0.932020 0.732797
v 0.748509 0.932020 0.732797
v 0.893804 0.930969 0.709969
v 0.893804 0.930969 0.709969
v 0.887171 0.935081 0.711011
v 0.887171 0.935081 0.711011
v 0.891414 0.933573 0.710344
v 0.891414 0.933573 0.710344
v 0.885253 0.856628 0.711312
v 0.885253 0.856628 0.711312
v 0.894798 0.864079 0.709813
v 0.894798 0.864079 0.709813
v 0.891148 0.859292 0.710386
v 0.891148 0.859292 0.710386
v 0.746828 0.858505 0.733061
v 0.746828 0.858505 0.733061
v 0.744463 0.861061 0.733432
v 0.744463 0.861061 0.733432
v 0.740139 0.923540 0.734111
v 0.740139 0.923540 0.734111
v 0.743064 0.928758 0.733652
v 0.743064 0.928758 0.733652
v 0.751025 0.856953 0.732401
v 0.751025 0.856953 0.732401
v 0.896541 0.873776 0.709539
v 0.896541 0.873776 0.709539
v 0.898124 0.895717 0.709290
v 0.898124 0.895717 0.709290
v 0.896341 0.917612 0.709570
v 0.896341 0.917612 0.709570
v 0.771794 0.934599 0.729175
v 0.771794 0.934599 0.729175
v 0.817280 0.937283 0.722059
v 0.817280 0.937283 0.722059
v 0.862849 0.936662 0.714870
v 0.862849 0.936662 0.714870
v 0.778832 0.854413 0.727972
v 0.778832 0.854413 0.727972
v 0.818234 0.852874 0.721746
v 0.818234 0.852874 0.721746
v 0.857667 0.854237 0.715586
v 0.857667 0.854237 0.715586
v 0.739052 0.908785 0.734298
v 0.739052 0.908785 0.734298
v 0.739115 0.894381 0.734295
v 0.739115 0.894381 0.734295
v 0.740775 0.880026 0.734029
v 0.740775 0.880026 0.734029
v 0.644958 0.395590 -2.081763
v 0.644958 0.395590 -2.081763
v 0.644958 0.395590 -2.081763
v 0.644958 0.403270 -2.076363
v 0.644958 0.403270 -2.076363
v 0.000000 0.403270 -2.086864
v 0.668952 0.395590 -2.080379
v 0.668952 0.395590 -2.080379
v 0.683275 0.395590 -2.075367
v 0.683275 0.395590 -2.075367
v 0.695518 0.395590 -2.064556
v 0.707633 0.395590 -2.047784
v 0.731338 0.395590 -1.995747
v 0.665547 0.322492 -2.067803
v 0.665547 0.322492 -2.067803
v 0.680438 0.322492 -2.063479
v 0.680438 0.322492 -2.063479
v 0.693940 0.322492 -2.054364
v 0.693940 0.322492 -2.054364
v 0.704858 0.322492 -2.043461
v 0.704858 0.322492 -2.043461
v 0.725192 0.318686 -1.994499
v 0.725192 0.318686 -1.994499
v 0.642465 0.322492 -2.069163
v 0.642465 0.322492 -2.069163
v 0.000000 0.395590 -2.096725
v 0.000000 0.322492 -2.084125
v 0.000000 0.322492 -2.084125
v 0.644958 0.427584 -2.063328
v 0.644958 0.425411 -2.066917
v 0.644958 0.433815 -2.072654
v 0.644958 0.433815 -2.072654
v 0.644958 0.431243 -2.075651
v 0.644958 0.431243 -2.075651
v 0.644958 0.431243 -2.075651
v 0.668940 0.433730 -2.071273
v 0.668956 0.431259 -2.074263
v 0.668956 0.431259 -2.074263
v 0.682302 0.433730 -2.066787
v 0.682302 0.433730 -2.066787
v 0.683489 0.431268 -2.069369
v 0.683489 0.431268 -2.069369
v 0.694546 0.433730 -2.056731
v 0.694546 0.433730 -2.056731
v 0.696242 0.431270 -2.058846
v 0.696242 0.431270 -2.058846
v 0.705003 0.434144 -2.043677
v 0.707123 0.431270 -2.045100
v 0.707123 0.431270 -2.045100
v 0.726547 0.435635 -1.993750
v 0.728955 0.433778 -1.994574
v 0.728955 0.433778 -1.994574
v 0.668876 0.390020 -2.086760
v 0.668876 0.390020 -2.086760
v 0.668893 0.392517 -2.085490
v 0.683217 0.392541 -2.080438
v 0.683205 0.390018 -2.081751
v 0.683205 0.390018 -2.081751
v 0.695461 0.392576 -2.069569
v 0.695459 0.390015 -2.070947
v 0.695459 0.390015 -2.070947
v 0.708681 0.392710 -2.049987
v 0.709046 0.390011 -2.050737
v 0.709046 0.390011 -2.050737
v 0.733999 0.392653 -1.995747
v 0.734849 0.390013 -1.995704
v 0.734849 0.390013 -1.995704
v 0.644958 0.390021 -2.088258
v 0.644958 0.390021 -2.088258
v 0.644958 0.392489 -2.087010
v 0.668360 0.326622 -2.075004
v 0.668899 0.328991 -2.076647
v 0.668899 0.328991 -2.076647
v 0.683438 0.328993 -2.071768
v 0.683438 0.328993 -2.071768
v 0.682931 0.326574 -2.070139
v 0.696127 0.328997 -2.061282
v 0.696127 0.328997 -2.061282
v 0.695705 0.326434 -2.059703
v 0.707492 0.329002 -2.046809
v 0.707492 0.329002 -2.046809
v 0.706826 0.326228 -2.045924
v 0.730723 0.325171 -1.994063
v 0.730723 0.325171 -1.994063
v 0.729436 0.322519 -1.994124
v 0.644556 0.326622 -2.076381
v 0.644958 0.328990 -2.078031
v 0.644958 0.328990 -2.078031
v 0.000000 0.392477 -2.101991
v 0.000000 0.390022 -2.103219
v 0.000000 0.390022 -2.103219
v 0.000000 0.328989 -2.092992
v 0.000000 0.328989 -2.092992
v 0.000000 0.326623 -2.091344
v 0.659863 0.288925 -2.040541
v 0.662025 0.291798 -2.045717
v 0.662025 0.291798 -2.045717
v 0.677187 0.291823 -2.041547
v 0.677187 0.291823 -2.041547
v 0.674783 0.288925 -2.036476
v 0.691304 0.291870 -2.032798
v 0.691304 0.291870 -2.032798
v 0.688702 0.288926 -2.027905
v 0.700218 0.291925 -2.024796
v 0.700218 0.291925 -2.024796
v 0.697257 0.288926 -2.020288
v 0.715371 0.288492 -1.997448
v 0.715371 0.288492 -1.997448
v 0.711545 0.285275 -1.995519
v 0.643420 0.288925 -2.041479
v 0.644748 0.291787 -2.046731
v 0.644748 0.291787 -2.046731
v 0.000000 0.291776 -2.061685
v 0.000000 0.291776 -2.061685
v 0.000000 0.288927 -2.056383
v 0.000000 0.421458 -2.002685
v 0.644958 0.427584 -2.005863
v 0.644958 0.427584 -2.005863
v 0.648131 0.421571 -1.999341
v 0.648131 0.421571 -1.999341
v 0.651221 0.429898 -1.998743
v 0.651221 0.429898 -1.998743
v 0.651221 0.429898 -1.998743
v 0.644958 0.436016 -2.005866
v 0.644958 0.436016 -2.005866
v 0.644958 0.436016 -2.005866
v 0.644958 0.436016 -2.005866
v 0.692750 0.429910 -1.993860
v 0.692750 0.429910 -1.993860
v 0.692750 0.429910 -1.993860
v 0.697466 0.436105 -1.999186
v 0.697466 0.436105 -1.999186
v 0.697466 0.436105 -1.999186
v 0.682698 0.291195 -2.003686
v 0.682698 0.291195 -2.003686
v 0.682698 0.291195 -2.003686
v 0.687015 0.285225 -2.009448
v 0.687015 0.285225 -2.009448
v 0.637447 0.288783 -2.029094
v 0.637447 0.288783 -2.029094
v 0.634985 0.294953 -2.021962
v 0.000000 0.288778 -2.042136
v 0.000000 0.288778 -2.042136
v 0.000000 0.294846 -2.034396
v 0.148498 0.291779 -2.059538
v 0.148498 0.291779 -2.059538
v 0.475212 0.291784 -2.051567
v 0.475212 0.291784 -2.051567
v 0.290197 0.291781 -2.056081
v 0.290197 0.291781 -2.056081
v 0.475212 0.288925 -2.046288
v 0.148498 0.288927 -2.054255
v 0.290197 0.288926 -2.050800
v 0.148498 0.390022 -2.101065
v 0.148498 0.390022 -2.101065
v 0.475212 0.390022 -2.093108
v 0.475212 0.390022 -2.093108
v 0.290197 0.390022 -2.097614
v 0.290197 0.390022 -2.097614
v 0.148498 0.392480 -2.099832
v 0.475212 0.392486 -2.091866
v 0.290197 0.392483 -2.096377
v 0.475212 0.326622 -2.081223
v 0.148498 0.326622 -2.089194
v 0.290197 0.326622 -2.085737
v 0.148498 0.328989 -2.090839
v 0.148498 0.328989 -2.090839
v 0.475212 0.328989 -2.082879
v 0.475212 0.328989 -2.082879
v 0.290197 0.328989 -2.087387
v 0.290197 0.328989 -2.087387
v 0.148498 0.322492 -2.081984
v 0.148498 0.322492 -2.081984
v 0.148498 0.395590 -2.094570
v 0.475212 0.395590 -2.086616
v 0.290197 0.395590 -2.091120
v 0.475212 0.403270 -2.080170
v 0.148498 0.403270 -2.085861
v 0.290197 0.403270 -2.083392
v 0.475212 0.294930 -2.026128
v 0.148498 0.294874 -2.032920
v 0.290197 0.294898 -2.029974
v 0.148498 0.288780 -2.040516
v 0.148498 0.288780 -2.040516
v 0.475212 0.288782 -2.033432
v 0.475212 0.288782 -2.033432
v 0.290197 0.288781 -2.037444
v 0.290197 0.288781 -2.037444
v 0.148498 0.421438 -2.003805
v 0.475212 0.421492 -2.001783
v 0.654520 0.367593 2.045367
v 0.654520 0.367593 2.045367
v 0.654520 0.367593 2.045367
v 0.654520 0.374557 2.040470
v 0.654520 0.374557 2.040470
v 0.000000 0.374557 2.050759
v 0.676277 0.367593 2.044111
v 0.676277 0.367593 2.044111
v 0.689264 0.367593 2.039567
v 0.689264 0.367593 2.039567
v 0.700365 0.367593 2.029764
v 0.711350 0.367593 2.014556
v 0.732845 0.367593 1.967372
v 0.673189 0.301313 2.032708
v 0.673189 0.301313 2.032708
v 0.686692 0.301313 2.028788
v 0.686692 0.301313 2.028788
v 0.698934 0.301313 2.020523
v 0.698934 0.301313 2.020523
v 0.708834 0.301313 2.010637
v 0.708834 0.301313 2.010637
v 0.727272 0.301313 1.966241
v 0.727272 0.301313 1.966241
v 0.652260 0.301313 2.033942
v 0.652260 0.301313 2.033942
v 0.000000 0.367593 2.059700
v 0.000000 0.301313 2.048275
v 0.000000 0.301313 2.048275
v 0.654520 0.396603 2.028651
v 0.654520 0.394633 2.031905
v 0.654520 0.402253 2.037107
v 0.654520 0.402253 2.037107
v 0.654520 0.399921 2.039824
v 0.654520 0.399921 2.039824
v 0.654520 0.399921 2.039824
v 0.676266 0.402176 2.035855
v 0.676281 0.399936 2.038566
v 0.676281 0.399936 2.038566
v 0.688382 0.402176 2.031787
v 0.688382 0.402176 2.031787
v 0.689458 0.399943 2.034128
v 0.689458 0.399943 2.034128
v 0.699484 0.402176 2.022669
v 0.699484 0.402176 2.022669
v 0.701022 0.399946 2.024586
v 0.701022 0.399946 2.024586
v 0.708965 0.402552 2.010832
v 0.710888 0.399945 2.012123
v 0.710888 0.399945 2.012123
v 0.728500 0.403903 1.965562
v 0.730684 0.402219 1.966309
v 0.730684 0.402219 1.966309
v 0.676208 0.362543 2.049897
v 0.676208 0.362543 2.049897
v 0.676224 0.364806 2.048745
v 0.689212 0.364828 2.044165
v 0.689201 0.362541 2.045355
v 0.689201 0.362541 2.045355
v 0.700313 0.364860 2.034309
v 0.700312 0.362538 2.035560
v 0.700312 0.362538 2.035560
v 0.712301 0.364981 2.016554
v 0.712632 0.362535 2.017234
v 0.712632 0.362535 2.017234
v 0.735257 0.364930 1.967372
v 0.736028 0.362536 1.967334
v 0.736028 0.362536 1.967334
v 0.654520 0.362544 2.051255
v 0.654520 0.362544 2.051255
v 0.654520 0.364781 2.050124
v 0.675740 0.305058 2.039238
v 0.676229 0.307205 2.040727
v 0.676229 0.307205 2.040727
v 0.689412 0.307208 2.036303
v 0.689412 0.307208 2.036303
v 0.688952 0.305014 2.034826
v 0.700917 0.307211 2.026795
v 0.700917 0.307211 2.026795
v 0.700535 0.304887 2.025364
v 0.711222 0.307215 2.013672
v 0.711222 0.307215 2.013672
v 0.710618 0.304700 2.012870
v 0.732287 0.307193 1.965845
v 0.732287 0.307193 1.965845
v 0.731120 0.304788 1.965901
v 0.654156 0.305057 2.040487
v 0.654520 0.307204 2.041982
v 0.654520 0.307204 2.041982
v 0.000000 0.364771 2.064476
v 0.000000 0.362544 2.065589
v 0.000000 0.362544 2.065589
v 0.000000 0.307203 2.056315
v 0.000000 0.307203 2.056315
v 0.000000 0.305058 2.054821
v 0.668036 0.270876 2.007989
v 0.669996 0.273481 2.012682
v 0.669996 0.273481 2.012682
v 0.683744 0.273504 2.008901
v 0.683744 0.273504 2.008901
v 0.681564 0.270876 2.004303
v 0.696544 0.273547 2.000968
v 0.696544 0.273547 2.000968
v 0.694185 0.270877 1.996532
v 0.704627 0.273597 1.993712
v 0.704627 0.273597 1.993712
v 0.701941 0.270877 1.989625
v 0.718367 0.273935 1.968915
v 0.718367 0.273935 1.968915
v 0.714898 0.271018 1.967166
v 0.653126 0.270876 2.008839
v 0.654330 0.273471 2.013601
v 0.654330 0.273471 2.013601
v 0.000000 0.273461 2.027928
v 0.000000 0.273461 2.027928
v 0.000000 0.270878 2.023120
v 0.172869 0.273464 2.026348
v 0.172869 0.273464 2.026348
v 0.529535 0.273469 2.018272
v 0.529535 0.273469 2.018272
v 0.326431 0.273466 2.022982
v 0.326431 0.273466 2.022982
v 0.529393 0.270876 2.013485
v 0.172869 0.270877 2.021554
v 0.326431 0.270877 2.018190
v 0.172869 0.362544 2.064005
v 0.172869 0.362544 2.064005
v 0.529557 0.362544 2.055944
v 0.529557 0.362544 2.055944
v 0.326431 0.362544 2.060647
v 0.326431 0.362544 2.060647
v 0.172869 0.364774 2.062887
v 0.529557 0.364779 2.054819
v 0.326431 0.364776 2.059526
v 0.529514 0.305057 2.045166
v 0.172869 0.305058 2.053239
v 0.326431 0.305057 2.049875
v 0.172869 0.307204 2.054733
v 0.172869 0.307204 2.054733
v 0.529557 0.307204 2.046668
v 0.529557 0.307204 2.046668
v 0.326431 0.307204 2.051373
v 0.326431 0.307204 2.051373
v 0.529291 0.301313 2.038598
v 0.529291 0.301313 2.038598
v 0.172869 0.301313 2.046695
v 0.172869 0.301313 2.046695
v 0.326431 0.301313 2.043319
v 0.326431 0.301313 2.043319
v 0.172869 0.367593 2.058116
v 0.529557 0.367593 2.050059
v 0.326431 0.367593 2.054760
v 0.529557 0.374557 2.044393
v 0.172869 0.374557 2.050249
v 0.326431 0.374557 2.047841
v 0.000000 0.391048 1.974431
v 0.654520 0.396603 1.976546
v 0.654520 0.396603 1.976546
v 0.657398 0.391151 1.970632
v 0.657398 0.391151 1.970632
v 0.660200 0.398702 1.970089
v 0.660200 0.398702 1.970089
v 0.660200 0.398702 1.970089
v 0.654520 0.404249 1.976548
v 0.654520 0.404249 1.976548
v 0.654520 0.404249 1.976548
v 0.654520 0.404249 1.976548
v 0.697855 0.398713 1.965661
v 0.697855 0.398713 1.965661
v 0.697855 0.398713 1.965661
v 0.702131 0.404329 1.970491
v 0.702131 0.404329 1.970491
v 0.702131 0.404329 1.970491
v 0.688741 0.276386 1.974571
v 0.688741 0.276386 1.974571
v 0.688741 0.276386 1.974571
v 0.692655 0.270973 1.979796
v 0.692655 0.270973 1.979796
v 0.647710 0.270747 1.997610
v 0.647710 0.270747 1.997610
v 0.645477 0.276342 1.991143
v 0.000000 0.270743 2.010202
v 0.000000 0.270743 2.010202
v 0.000000 0.276245 2.003184
v 0.172869 0.276273 2.002208
v 0.172869 0.270744 2.009102
v 0.172869 0.270744 2.009102
v 0.528756 0.270747 2.001905
v 0.528756 0.270747 2.001905
v 0.528493 0.276325 1.995291
v 0.326431 0.276296 1.999333
v 0.326431 0.270745 2.006114
v 0.326431 0.270745 2.006114
v 0.529896 0.390995 1.974101
v 0.172869 0.391022 1.975950
v 0.326431 0.390999 1.975325
v 0.741254 0.395489 -1.943612
v 0.735368 0.314851 -1.939159
v 0.735368 0.314851 -1.939159
v 0.735562 0.435947 -1.944973
v 0.735562 0.435947 -1.944973
v 0.737806 0.434170 -1.945328
v 0.737806 0.434170 -1.945328
v 0.743899 0.392592 -1.943196
v 0.744743 0.389975 -1.942954
v 0.744743 0.389975 -1.942954
v 0.740798 0.321383 -1.938573
v 0.740798 0.321383 -1.938573
v 0.739539 0.318714 -1.938623
v 0.726208 0.285115 -1.940856
v 0.726208 0.285115 -1.940856
v 0.722392 0.281939 -1.939684
v 0.708564 0.427822 -1.945688
v 0.713119 0.434723 -1.949659
v 0.713119 0.434723 -1.949659
v 0.702397 0.281982 -1.951493
v 0.702397 0.281982 -1.951493
v 0.697878 0.288071 -1.948030
v 0.697878 0.288071 -1.948030
v 0.752244 0.393949 -1.786610
v 0.752244 0.393949 -1.786610
v 0.754048 0.395189 -1.788396
v 0.754048 0.395189 -1.788396
v 0.747253 0.304395 -1.772861
v 0.747253 0.304395 -1.772861
v 0.748949 0.303422 -1.774234
v 0.748949 0.303422 -1.774234
v 0.748949 0.303422 -1.774234
v 0.745596 0.434010 -1.797034
v 0.745596 0.434010 -1.797034
v 0.745596 0.434010 -1.797034
v 0.747423 0.435337 -1.798846
v 0.747423 0.435337 -1.798846
v 0.747423 0.435337 -1.798846
v 0.747423 0.435337 -1.798846
v 0.745380 0.434170 -1.796866
v 0.745380 0.434170 -1.796866
v 0.745380 0.434170 -1.796866
v 0.745380 0.434170 -1.796866
v 0.745664 0.436877 -1.799911
v 0.745664 0.436877 -1.799911
v 0.745664 0.436877 -1.799911
v 0.745664 0.436877 -1.799911
v 0.755527 0.389352 -1.784347
v 0.755527 0.389352 -1.784347
v 0.757477 0.389861 -1.785855
v 0.757477 0.389861 -1.785855
v 0.757477 0.389861 -1.785855
v 0.754961 0.391045 -1.784859
v 0.754961 0.391045 -1.784859
v 0.756649 0.392410 -1.786712
v 0.756649 0.392410 -1.786712
v 0.751360 0.308502 -1.771797
v 0.751360 0.308502 -1.771797
v 0.752906 0.307374 -1.773210
v 0.752906 0.307374 -1.773210
v 0.752131 0.310342 -1.771743
v 0.752131 0.310342 -1.771743
v 0.754079 0.310093 -1.773201
v 0.754079 0.310093 -1.773201
v 0.754079 0.310093 -1.773201
v 0.737511 0.274209 -1.771225
v 0.737511 0.274209 -1.771225
v 0.737974 0.271997 -1.773272
v 0.737974 0.271997 -1.773272
v 0.740126 0.276189 -1.770782
v 0.740126 0.276189 -1.770782
v 0.740126 0.276189 -1.770782
v 0.741762 0.275049 -1.772145
v 0.741762 0.275049 -1.772145
v 0.741762 0.275049 -1.772145
v 0.741762 0.275049 -1.772145
v 0.735996 0.428874 -1.799243
v 0.735996 0.428874 -1.799243
v 0.733928 0.430613 -1.802329
v 0.733928 0.430613 -1.802329
v 0.733928 0.430613 -1.802329
v 0.732320 0.421020 -1.799008
v 0.729845 0.421612 -1.802450
v 0.729845 0.421612 -1.802450
v 0.719823 0.279514 -1.778877
v 0.717316 0.278760 -1.782180
v 0.717316 0.278760 -1.782180
v 0.717316 0.278760 -1.782180
v 0.723926 0.274427 -1.776423
v 0.722447 0.272311 -1.778699
v 0.722447 0.272311 -1.778699
v 0.722447 0.272311 -1.778699
v 0.751989 0.366221 1.845340
v 0.751989 0.366221 1.845340
v 0.753282 0.367231 1.846794
v 0.753282 0.367231 1.846794
v 0.747453 0.288247 1.832836
v 0.747453 0.288247 1.832836
v 0.748676 0.287525 1.833948
v 0.748676 0.287525 1.833948
v 0.748676 0.287525 1.833948
v 0.745959 0.402556 1.854795
v 0.745959 0.402556 1.854795
v 0.747274 0.403625 1.856272
v 0.747274 0.403625 1.856272
v 0.747274 0.403625 1.856272
v 0.745827 0.402672 1.854875
v 0.745827 0.402672 1.854875
v 0.745672 0.405023 1.857244
v 0.745672 0.405023 1.857244
v 0.745672 0.405023 1.857244
v 0.745672 0.405023 1.857244
v 0.754963 0.361991 1.843228
v 0.754963 0.361991 1.843228
v 0.756398 0.362399 1.844482
v 0.756398 0.362399 1.844482
v 0.756398 0.362399 1.844482
v 0.754441 0.363600 1.843759
v 0.754441 0.363600 1.843759
v 0.755645 0.364710 1.845263
v 0.755645 0.364710 1.845263
v 0.751163 0.291957 1.831875
v 0.751163 0.291957 1.831875
v 0.752265 0.291108 1.833022
v 0.752265 0.291108 1.833022
v 0.751914 0.293701 1.831865
v 0.751914 0.293701 1.831865
v 0.753328 0.293574 1.833016
v 0.753328 0.293574 1.833016
v 0.753328 0.293574 1.833016
v 0.738613 0.260742 1.831650
v 0.738613 0.260742 1.831650
v 0.738718 0.259023 1.833072
v 0.738718 0.259023 1.833072
v 0.740988 0.262659 1.830950
v 0.740988 0.262659 1.830950
v 0.742157 0.261789 1.832052
v 0.742157 0.261789 1.832052
v 0.742157 0.261789 1.832052
v 0.740018 0.398106 1.856612
v 0.738024 0.399376 1.859420
v 0.738024 0.399376 1.859420
v 0.738024 0.399376 1.859420
v 0.736686 0.390701 1.856717
v 0.734303 0.391231 1.859518
v 0.734303 0.391231 1.859518
v 0.725359 0.265708 1.838480
v 0.723028 0.265157 1.841186
v 0.723028 0.265157 1.841186
v 0.723028 0.265157 1.841186
v 0.729105 0.260998 1.835934
v 0.727695 0.259306 1.838039
v 0.727695 0.259306 1.838039
v 0.727695 0.259306 1.838039
v 0.745765 0.367412 1.907083
v 0.741680 0.402922 1.911291
v 0.741680 0.402922 1.911291
v 0.748152 0.364820 1.906317
v 0.740675 0.294419 1.900094
v 0.740675 0.294419 1.900094
v 0.732963 0.267862 1.900483
v 0.732963 0.267862 1.900483
v 0.744394 0.297948 1.899461
v 0.739787 0.404463 1.911403
v 0.739787 0.404463 1.911403
v 0.722779 0.401853 1.914955
v 0.722779 0.401853 1.914955
v 0.748914 0.362467 1.905908
v 0.748914 0.362467 1.905908
v 0.745509 0.300384 1.899431
v 0.745509 0.300384 1.899431
v 0.729509 0.265020 1.900119
v 0.712876 0.265140 1.908917
v 0.712876 0.265140 1.908917
v 0.718780 0.394972 1.912590
v 0.708585 0.270772 1.907878
v 0.708585 0.270772 1.907878
v 0.317619 0.304711 -2.072186
v 0.317619 0.304711 -2.072186
v 0.311061 0.302014 -2.070291
v 0.311061 0.302014 -2.070291
v 0.290197 0.322492 -2.078514
v 0.290197 0.322492 -2.078514
v 0.454346 0.302019 -2.067034
v 0.454346 0.302019 -2.067034
v 0.447791 0.304713 -2.069266
v 0.447791 0.304713 -2.069266
v 0.475212 0.322492 -2.073984
v 0.475212 0.322492 -2.073984
v 0.454329 0.299971 -2.063236
v 0.447791 0.302759 -2.065658
v 0.317619 0.302760 -2.068578
v 0.311076 0.299967 -2.066490
v 0.311091 0.299878 -2.038563
v 0.311091 0.299878 -2.038563
v 0.317619 0.302660 -2.038644
v 0.317619 0.302660 -2.038644
v 0.311091 0.304292 -2.033173
v 0.317619 0.306841 -2.033543
v 0.290197 0.421461 -2.002928
v 0.447791 0.306861 -2.031054
v 0.454311 0.304321 -2.030399
v 0.447791 0.302661 -2.036048
v 0.447791 0.302661 -2.036048
v 0.454312 0.299885 -2.035669
v 0.454312 0.299885 -2.035669
v 0.780917 0.776647 0.176509
v 0.778920 0.783399 0.169456
v 0.779486 0.781421 0.174444
v 0.779486 0.781421 0.174444
v 0.779869 0.783399 0.022639
v 0.781996 0.776658 0.015586
v 0.780511 0.781424 0.017651
v 0.780511 0.781424 0.017651
v 0.795904 0.731091 0.015586
v 0.797896 0.724340 0.022639
v 0.797335 0.726317 0.017651
v 0.797335 0.726317 0.017651
v 0.796798 0.724340 0.169456
v 0.794703 0.731092 0.176509
v 0.796163 0.726318 0.174444
v 0.796163 0.726318 0.174444
v 0.786041 0.778404 0.022730
v 0.786041 0.778404 0.022730
v 0.786041 0.778404 0.022730
v 0.787284 0.774418 0.020798
v 0.787284 0.774418 0.020798
v 0.785504 0.780055 0.027392
v 0.785504 0.780055 0.027392
v 0.786382 0.774409 0.171244
v 0.786382 0.774409 0.171244
v 0.785184 0.778401 0.169312
v 0.785184 0.778401 0.169312
v 0.785184 0.778401 0.169312
v 0.784711 0.780055 0.164650
v 0.784711 0.780055 0.164650
v 0.800112 0.732317 0.022730
v 0.800112 0.732317 0.022730
v 0.800112 0.732317 0.022730
v 0.800582 0.730663 0.027392
v 0.800582 0.730663 0.027392
v 0.798915 0.736309 0.020798
v 0.798915 0.736309 0.020798
v 0.799132 0.732317 0.169312
v 0.799132 0.732317 0.169312
v 0.799132 0.732317 0.169312
v 0.797911 0.736310 0.171244
v 0.797911 0.736310 0.171244
v 0.799663 0.730663 0.164650
v 0.799663 0.730663 0.164650
v 0.780656 0.776880 0.022768
v 0.780656 0.776880 0.022768
v 0.780656 0.776880 0.022768
v 0.776820 0.771472 0.026655
v 0.776820 0.771472 0.026655
v 0.777168 0.770355 0.026114
v 0.777168 0.770355 0.026114
v 0.781898 0.772893 0.020837
v 0.781898 0.772893 0.020837
v 0.780119 0.778531 0.027431
v 0.780119 0.778531 0.027431
v 0.776618 0.772096 0.028415
v 0.776618 0.772096 0.028415
v 0.780996 0.772884 0.171282
v 0.780996 0.772884 0.171282
v 0.776316 0.770359 0.166078
v 0.776316 0.770359 0.166078
v 0.775984 0.771467 0.165542
v 0.775984 0.771467 0.165542
v 0.779799 0.776877 0.169351
v 0.779799 0.776877 0.169351
v 0.779799 0.776877 0.169351
v 0.775806 0.772087 0.163793
v 0.775806 0.772087 0.163793
v 0.779326 0.778531 0.164688
v 0.779326 0.778531 0.164688
v 0.794726 0.730792 0.022768
v 0.794726 0.730792 0.022768
v 0.794726 0.730792 0.022768
v 0.788452 0.733347 0.026649
v 0.788452 0.733347 0.026649
v 0.788628 0.732726 0.028397
v 0.788628 0.732726 0.028397
v 0.795196 0.729139 0.027431
v 0.795196 0.729139 0.027431
v 0.793530 0.734785 0.020837
v 0.793530 0.734785 0.020837
v 0.788120 0.734453 0.026114
v 0.788120 0.734453 0.026114
v 0.793746 0.730792 0.169351
v 0.793746 0.730792 0.169351
v 0.793746 0.730792 0.169351
v 0.787523 0.733352 0.165537
v 0.787523 0.733352 0.165537
v 0.787181 0.734471 0.166078
v 0.787181 0.734471 0.166078
v 0.792525 0.734785 0.171282
v 0.792525 0.734785 0.171282
v 0.794278 0.729139 0.164688
v 0.794278 0.729139 0.164688
v 0.787724 0.732727 0.163775
v 0.787724 0.732727 0.163775
v 0.783614 0.783474 0.168091
v 0.783614 0.783474 0.168091
v 0.781555 0.784266 0.169440
v 0.783553 0.777515 0.176493
v 0.783553 0.777515 0.176493
v 0.785541 0.776971 0.174929
v 0.785541 0.776971 0.174929
v 0.784165 0.781554 0.172949
v 0.784165 0.781554 0.172949
v 0.782122 0.782289 0.174427
v 0.782122 0.782289 0.174427
v 0.782122 0.782289 0.174427
v 0.786567 0.776980 0.017116
v 0.786567 0.776980 0.017116
v 0.784632 0.777526 0.015569
v 0.784632 0.777526 0.015569
v 0.782504 0.784266 0.022622
v 0.784522 0.783468 0.023956
v 0.784522 0.783468 0.023956
v 0.783147 0.782292 0.017635
v 0.783147 0.782292 0.017635
v 0.783147 0.782292 0.017635
v 0.785143 0.781553 0.019097
v 0.785143 0.781553 0.019097
v 0.801724 0.727113 0.023942
v 0.801724 0.727113 0.023942
v 0.800532 0.725208 0.022623
v 0.798540 0.731959 0.015569
v 0.798540 0.731959 0.015569
v 0.799801 0.733623 0.017107
v 0.799801 0.733623 0.017107
v 0.799971 0.727185 0.017635
v 0.799971 0.727185 0.017635
v 0.799971 0.727185 0.017635
v 0.801177 0.729036 0.019084
v 0.801177 0.729036 0.019084
v 0.798657 0.733626 0.174931
v 0.798657 0.733626 0.174931
v 0.797339 0.731959 0.176493
v 0.797339 0.731959 0.176493
v 0.799434 0.725208 0.169440
v 0.800674 0.727120 0.168094
v 0.800674 0.727120 0.168094
v 0.798799 0.727185 0.174427
v 0.798799 0.727185 0.174427
v 0.798799 0.727185 0.174427
v 0.800058 0.729041 0.172952
v 0.800058 0.729041 0.172952
v 0.784506 0.733214 -0.694666
v 0.782860 0.740030 -0.687615
v 0.784094 0.735210 -0.689680
v 0.784094 0.735210 -0.689680
v 0.770658 0.785921 -0.687615
v 0.768698 0.792740 -0.694666
v 0.769335 0.790742 -0.689680
v 0.769335 0.790742 -0.689680
v 0.778936 0.740040 -0.850430
v 0.780886 0.733214 -0.843379
v 0.780244 0.735213 -0.848365
v 0.780244 0.735213 -0.848365
v 0.765454 0.792739 -0.843379
v 0.767057 0.785906 -0.850430
v 0.765860 0.790738 -0.848365
v 0.765860 0.790738 -0.848365
v 0.771197 0.789495 -0.838749
v 0.771197 0.789495 -0.838749
v 0.771539 0.787810 -0.843425
v 0.771539 0.787810 -0.843425
v 0.771539 0.787810 -0.843425
v 0.772547 0.783741 -0.845362
v 0.772547 0.783741 -0.845362
v 0.775580 0.783753 -0.692736
v 0.775580 0.783753 -0.692736
v 0.774466 0.787813 -0.694673
v 0.774466 0.787813 -0.694673
v 0.774466 0.787813 -0.694673
v 0.773929 0.789495 -0.699350
v 0.773929 0.789495 -0.699350
v 0.782551 0.745115 -0.845362
v 0.782551 0.745115 -0.845362
v 0.783652 0.741050 -0.843425
v 0.783652 0.741050 -0.843425
v 0.783652 0.741050 -0.843425
v 0.784193 0.739367 -0.838749
v 0.784193 0.739367 -0.838749
v 0.786895 0.741048 -0.694673
v 0.786895 0.741048 -0.694673
v 0.786895 0.741048 -0.694673
v 0.785855 0.745106 -0.692736
v 0.785855 0.745106 -0.692736
v 0.787241 0.739367 -0.699349
v 0.787241 0.739367 -0.699349
v 0.765812 0.787971 -0.838710
v 0.765812 0.787971 -0.838710
v 0.762093 0.781468 -0.837754
v 0.762093 0.781468 -0.837754
v 0.762219 0.780836 -0.839505
v 0.762219 0.780836 -0.839505
v 0.766154 0.786285 -0.843386
v 0.766154 0.786285 -0.843386
v 0.766154 0.786285 -0.843386
v 0.762501 0.779697 -0.840047
v 0.762501 0.779697 -0.840047
v 0.767162 0.782216 -0.845323
v 0.767162 0.782216 -0.845323
v 0.770194 0.782229 -0.692698
v 0.770194 0.782229 -0.692698
v 0.765350 0.779666 -0.697901
v 0.765350 0.779666 -0.697901
v 0.765029 0.780836 -0.698459
v 0.765029 0.780836 -0.698459
v 0.769080 0.786289 -0.694635
v 0.769080 0.786289 -0.694635
v 0.769080 0.786289 -0.694635
v 0.764823 0.781477 -0.700242
v 0.764823 0.781477 -0.700242
v 0.768543 0.787971 -0.699311
v 0.768543 0.787971 -0.699311
v 0.777165 0.743591 -0.845323
v 0.777165 0.743591 -0.845323
v 0.771939 0.743301 -0.840047
v 0.771939 0.743301 -0.840047
v 0.772257 0.742128 -0.839488
v 0.772257 0.742128 -0.839488
v 0.778267 0.739526 -0.843386
v 0.778267 0.739526 -0.843386
v 0.778267 0.739526 -0.843386
v 0.772466 0.741486 -0.837704
v 0.772466 0.741486 -0.837704
v 0.778808 0.737842 -0.838710
v 0.778808 0.737842 -0.838710
v 0.781509 0.739523 -0.694635
v 0.781509 0.739523 -0.694635
v 0.781509 0.739523 -0.694635
v 0.775314 0.742107 -0.698442
v 0.775314 0.742107 -0.698442
v 0.775024 0.743240 -0.697901
v 0.775024 0.743240 -0.697901
v 0.780470 0.743582 -0.692698
v 0.780470 0.743582 -0.692698
v 0.781856 0.737842 -0.699311
v 0.781856 0.737842 -0.699311
v 0.775441 0.741478 -0.700190
v 0.775441 0.741478 -0.700190
v 0.786741 0.742552 -0.689192
v 0.786741 0.742552 -0.689192
v 0.785494 0.740897 -0.687631
v 0.785494 0.740897 -0.687631
v 0.787140 0.734081 -0.694682
v 0.788336 0.735977 -0.696025
v 0.788336 0.735977 -0.696025
v 0.786728 0.736077 -0.689696
v 0.786728 0.736077 -0.689696
v 0.786728 0.736077 -0.689696
v 0.787931 0.737919 -0.691168
v 0.787931 0.737919 -0.691168
v 0.784875 0.735997 -0.842054
v 0.784875 0.735997 -0.842054
v 0.783520 0.734081 -0.843395
v 0.781570 0.740907 -0.850447
v 0.781570 0.740907 -0.850447
v 0.783004 0.742570 -0.848895
v 0.783004 0.742570 -0.848895
v 0.784257 0.737937 -0.846914
v 0.784257 0.737937 -0.846914
v 0.782878 0.736081 -0.848381
v 0.782878 0.736081 -0.848381
v 0.782878 0.736081 -0.848381
v 0.771698 0.786221 -0.848902
v 0.771698 0.786221 -0.848902
v 0.769691 0.786773 -0.850447
v 0.769691 0.786773 -0.850447
v 0.768089 0.793607 -0.843395
v 0.770146 0.792808 -0.842067
v 0.770146 0.792808 -0.842067
v 0.770545 0.790863 -0.846924
v 0.770545 0.790863 -0.846924
v 0.768494 0.791605 -0.848381
v 0.768494 0.791605 -0.848381
v 0.768494 0.791605 -0.848381
v 0.773246 0.792791 -0.696048
v 0.773246 0.792791 -0.696048
v 0.771332 0.793607 -0.694683
v 0.773292 0.786788 -0.687631
v 0.773292 0.786788 -0.687631
v 0.775127 0.786230 -0.689205
v 0.775127 0.786230 -0.689205
v 0.773861 0.790855 -0.691188
v 0.773861 0.790855 -0.691188
v 0.771969 0.791610 -0.689696
v 0.771969 0.791610 -0.689696
v 0.771969 0.791610 -0.689696
v 0.789742 0.744707 0.171243
v 0.789742 0.744707 0.171243
v 0.790073 0.746907 0.020798
v 0.790073 0.746907 0.020798
v 0.781459 0.776158 0.022729
v 0.781459 0.776158 0.022729
v 0.782701 0.772172 0.020798
v 0.780922 0.777809 0.027392
v 0.781799 0.772163 0.171243
v 0.780602 0.776155 0.169312
v 0.780602 0.776155 0.169312
v 0.780129 0.777809 0.164649
v 0.778451 0.753361 -0.692742
v 0.778451 0.753361 -0.692742
v 0.775099 0.754019 -0.845368
v 0.775099 0.754019 -0.845368
v 0.766587 0.787244 -0.838754
v 0.766929 0.785559 -0.843431
v 0.766929 0.785559 -0.843431
v 0.767937 0.781490 -0.845368
v 0.770970 0.781502 -0.692742
v 0.769856 0.785563 -0.694679
v 0.769856 0.785563 -0.694679
v 0.769319 0.787244 -0.699355
v 0.793919 0.748112 0.169425
v 0.793919 0.748112 0.169425
v 0.793919 0.748112 0.169425
v 0.792724 0.745746 0.171243
v 0.792724 0.745746 0.171243
v 0.792724 0.745746 0.171243
v 0.792724 0.745746 0.171243
v 0.793055 0.747947 0.020798
v 0.793055 0.747947 0.020798
v 0.793055 0.747947 0.020798
v 0.793055 0.747947 0.020798
v 0.794233 0.750256 0.022617
v 0.794233 0.750256 0.022617
v 0.794233 0.750256 0.022617
v 0.786578 0.776415 0.024066
v 0.786578 0.776415 0.024066
v 0.784441 0.777197 0.022729
v 0.784441 0.777197 0.022729
v 0.784441 0.777197 0.022729
v 0.785684 0.773211 0.020798
v 0.785684 0.773211 0.020798
v 0.787510 0.773424 0.022617
v 0.787510 0.773424 0.022617
v 0.786157 0.777709 0.027721
v 0.786157 0.777709 0.027721
v 0.783904 0.778848 0.027392
v 0.783904 0.778848 0.027392
v 0.786625 0.773420 0.169425
v 0.786625 0.773420 0.169425
v 0.784781 0.773202 0.171243
v 0.784781 0.773202 0.171243
v 0.783584 0.777195 0.169312
v 0.783584 0.777195 0.169312
v 0.783584 0.777195 0.169312
v 0.785728 0.776411 0.167978
v 0.785728 0.776411 0.167978
v 0.783111 0.778848 0.164649
v 0.783111 0.778848 0.164649
v 0.785357 0.777706 0.164326
v 0.785357 0.777706 0.164326
v 0.781431 0.754399 -0.692742
v 0.781431 0.754399 -0.692742
v 0.781431 0.754399 -0.692742
v 0.781431 0.754399 -0.692742
v 0.782646 0.756764 -0.694560
v 0.782646 0.756764 -0.694560
v 0.782646 0.756764 -0.694560
v 0.779386 0.757410 -0.843549
v 0.779386 0.757410 -0.843549
v 0.779386 0.757410 -0.843549
v 0.778079 0.755057 -0.845368
v 0.778079 0.755057 -0.845368
v 0.778079 0.755057 -0.845368
v 0.778079 0.755057 -0.845368
v 0.769567 0.788283 -0.838754
v 0.769567 0.788283 -0.838754
v 0.771746 0.787121 -0.838435
v 0.771746 0.787121 -0.838435
v 0.772014 0.785801 -0.842096
v 0.772014 0.785801 -0.842096
v 0.769909 0.786597 -0.843431
v 0.769909 0.786597 -0.843431
v 0.769909 0.786597 -0.843431
v 0.772769 0.782749 -0.843549
v 0.772769 0.782749 -0.843549
v 0.770916 0.782528 -0.845368
v 0.770916 0.782528 -0.845368
v 0.773950 0.782541 -0.692742
v 0.773950 0.782541 -0.692742
v 0.775739 0.782747 -0.694560
v 0.775739 0.782747 -0.694560
v 0.774900 0.785804 -0.696019
v 0.774900 0.785804 -0.696019
v 0.772836 0.786601 -0.694679
v 0.772836 0.786601 -0.694679
v 0.772836 0.786601 -0.694679
v 0.774478 0.787124 -0.699691
v 0.774478 0.787124 -0.699691
v 0.772299 0.788283 -0.699355
v 0.772299 0.788283 -0.699355
v 0.662818 0.992357 -0.918984
v 0.662818 0.992357 -0.918984
v 0.662818 0.992357 -0.918984
v 0.678013 0.937435 -0.961559
v 0.678013 0.937435 -0.961559
v 0.678013 0.937435 -0.961559
v 0.652569 0.991512 -1.008137
v 0.652569 0.991512 -1.008137
v 0.652569 0.991512 -1.008137
v 0.667763 0.936590 -1.050712
v 0.667763 0.936590 -1.050712
v 0.667763 0.936590 -1.050712
v 0.661116 0.988732 -0.924521
v 0.661116 0.988732 -0.924521
v 0.661116 0.988732 -0.924521
v 0.674726 0.939464 -0.962888
v 0.674726 0.939464 -0.962888
v 0.674726 0.939464 -0.962888
v 0.651713 0.987957 -1.006317
v 0.651713 0.987957 -1.006317
v 0.651713 0.987957 -1.006317
v 0.665323 0.938689 -1.044684
v 0.665323 0.938689 -1.044684
v 0.665323 0.938689 -1.044684
v 0.647223 0.990632 -1.054514
v 0.668039 0.992348 -0.873449
v 0.648306 0.986775 -1.057367
v 0.669122 0.988491 -0.876302
v 0.648872 0.989111 -1.056072
v 0.648872 0.989111 -1.056072
v 0.669688 0.990828 -0.875007
v 0.669688 0.990828 -0.875007
v 0.650009 0.980602 -1.062189
v 0.670825 0.982318 -0.881124
v 0.651092 0.976745 -1.065041
v 0.671908 0.978462 -0.883977
v 0.651658 0.979082 -1.063746
v 0.651658 0.979082 -1.063746
v 0.672474 0.980798 -0.882682
v 0.672474 0.980798 -0.882682
v 0.652796 0.970573 -1.069863
v 0.673612 0.972289 -0.888799
v 0.653879 0.966716 -1.072716
v 0.674695 0.968432 -0.891652
v 0.654445 0.969052 -1.071421
v 0.654445 0.969052 -1.071421
v 0.675261 0.970769 -0.890356
v 0.675261 0.970769 -0.890356
v 0.655582 0.960543 -1.077538
v 0.676398 0.962259 -0.896474
v 0.656665 0.956687 -1.080391
v 0.677481 0.958403 -0.899327
v 0.657231 0.959023 -1.079096
v 0.657231 0.959023 -1.079096
v 0.678047 0.960739 -0.898031
v 0.678047 0.960739 -0.898031
v 0.658369 0.950513 -1.085213
v 0.679185 0.952230 -0.904148
v 0.659452 0.946657 -1.088066
v 0.680268 0.948373 -0.907001
v 0.660018 0.948993 -1.086771
v 0.660018 0.948993 -1.086771
v 0.680834 0.950710 -0.905706
v 0.680834 0.950710 -0.905706
v 0.661155 0.940484 -1.092888
v 0.681971 0.942201 -0.911823
v 0.662238 0.936628 -1.095741
v 0.683055 0.938344 -0.914676
v 0.662804 0.938964 -1.094445
v 0.662804 0.938964 -1.094445
v 0.683620 0.940680 -0.913381
v 0.683620 0.940680 -0.913381
v 0.662534 0.997279 -0.851790
v 0.662534 0.997279 -0.851790
v 0.661539 0.999069 -0.854623
v 0.661539 0.999069 -0.854623
v 0.681345 0.927693 -0.909447
v 0.681325 0.929564 -0.903802
v 0.681325 0.929564 -0.903802
v 0.638161 0.997141 -1.057971
v 0.638271 0.995286 -1.062812
v 0.638271 0.995286 -1.062812
v 0.657066 0.927556 -1.114836
v 0.657066 0.927556 -1.114836
v 0.657967 0.925765 -1.112795
v 0.657967 0.925765 -1.112795
v 0.663287 0.999863 -0.859443
v 0.663287 0.999863 -0.859443
v 0.663287 0.999863 -0.859443
v 0.665629 0.998683 -0.860323
v 0.665629 0.998683 -0.860323
v 0.665629 0.998683 -0.860323
v 0.665629 0.998683 -0.860323
v 0.664076 1.000344 -0.865389
v 0.664076 1.000344 -0.865389
v 0.664076 1.000344 -0.865389
v 0.666483 0.999201 -0.866757
v 0.666483 0.999201 -0.866757
v 0.666483 0.999201 -0.866757
v 0.666483 0.999201 -0.866757
v 0.666483 0.999201 -0.866757
v 0.683094 0.928487 -0.914267
v 0.684419 0.930970 -0.912333
v 0.684419 0.930970 -0.912333
v 0.684419 0.930970 -0.912333
v 0.683883 0.928968 -0.920213
v 0.685272 0.931492 -0.918765
v 0.685272 0.931492 -0.918765
v 0.685272 0.931492 -0.918765
v 0.685272 0.931492 -0.918765
v 0.685272 0.931492 -0.918765
v 0.642850 0.998593 -1.050024
v 0.642850 0.998593 -1.050024
v 0.642850 0.998593 -1.050024
v 0.645188 0.997448 -1.051980
v 0.645188 0.997448 -1.051980
v 0.645188 0.997448 -1.051980
v 0.645188 0.997448 -1.051980
v 0.645188 0.997448 -1.051980
v 0.640529 0.997914 -1.055176
v 0.640529 0.997914 -1.055176
v 0.642612 0.996699 -1.057692
v 0.642612 0.996699 -1.057692
v 0.642612 0.996699 -1.057692
v 0.642612 0.996699 -1.057692
v 0.660335 0.926538 -1.110000
v 0.660335 0.926538 -1.110000
v 0.661405 0.928975 -1.109711
v 0.661405 0.928975 -1.109711
v 0.661405 0.928975 -1.109711
v 0.661405 0.928975 -1.109711
v 0.662656 0.927217 -1.104848
v 0.662656 0.927217 -1.104848
v 0.663979 0.929734 -1.103991
v 0.663979 0.929734 -1.103991
v 0.663979 0.929734 -1.103991
v 0.663979 0.929734 -1.103991
v 0.621291 1.212309 0.378354
v 0.621291 1.212309 0.378354
v 0.627847 1.188166 0.548444
v 0.627847 1.188166 0.548444
v 0.624854 1.198837 0.522839
v 0.624854 1.198837 0.522839
v 0.632456 1.169012 0.569853
v 0.632456 1.169012 0.569853
v 0.619091 1.219926 0.180309
v 0.619091 1.219926 0.180309
v 0.716254 0.800823 0.839393
v 0.716254 0.800823 0.839393
v 0.717595 0.833410 -0.005494
v 0.717595 0.833410 -0.005494
v 0.644668 1.137313 -0.005494
v 0.644668 1.137313 -0.005494
v 0.671886 1.036012 -0.005494
v 0.671886 1.036012 -0.005494
v 0.695570 0.934711 -0.005494
v 0.695570 0.934711 -0.005494
v 0.717529 0.833531 -0.066110
v 0.717529 0.833531 -0.066110
v 0.695504 0.934832 -0.066110
v 0.695504 0.934832 -0.066110
v 0.671821 1.036133 -0.066110
v 0.671821 1.036133 -0.066110
v 0.644602 1.137435 -0.066110
v 0.644602 1.137435 -0.066110
v 0.633422 1.156109 -0.689747
v 0.633422 1.156109 -0.689747
v 0.614637 1.220342 -0.444957
v 0.614637 1.220342 -0.444957
v 0.619754 1.202525 -0.644460
v 0.619754 1.202525 -0.644460
v 0.615930 1.211651 -0.613889
v 0.615930 1.211651 -0.613889
v 0.624675 1.187740 -0.663869
v 0.624675 1.187740 -0.663869
v 0.616049 1.224201 -0.241694
v 0.616049 1.224201 -0.241694
v 0.716489 0.817101 -0.913854
v 0.716489 0.817101 -0.913854
v 0.617484 1.223736 -0.066110
v 0.617484 1.223736 -0.066110
v 0.617484 1.223736 -0.066110
v 0.617549 1.223614 -0.005494
v 0.617549 1.223614 -0.005494
v 0.617549 1.223614 -0.005494
v 0.612527 1.226509 0.388616
v 0.612527 1.226509 0.388616
v 0.616090 1.213037 0.533100
v 0.616090 1.213037 0.533100
v 0.619083 1.202366 0.558705
v 0.619083 1.202366 0.558705
v 0.623693 1.183212 0.580114
v 0.623693 1.183212 0.580114
v 0.610328 1.234126 0.190570
v 0.610328 1.234126 0.190570
v 0.707490 0.815023 0.849654
v 0.707490 0.815023 0.849654
v 0.612527 1.210815 0.378345
v 0.612527 1.210815 0.378345
v 0.616090 1.197343 0.522829
v 0.616090 1.197343 0.522829
v 0.619083 1.186672 0.548434
v 0.619083 1.186672 0.548434
v 0.623693 1.167518 0.569843
v 0.623693 1.167518 0.569843
v 0.610328 1.218432 0.180299
v 0.610328 1.218432 0.180299
v 0.707490 0.799329 0.839383
v 0.707490 0.799329 0.839383
v 0.635839 1.135941 -0.066120
v 0.635839 1.135941 -0.066120
v 0.608720 1.222242 -0.066120
v 0.608720 1.222242 -0.066120
v 0.608720 1.222242 -0.066120
v 0.686807 0.933217 -0.005504
v 0.686807 0.933217 -0.005504
v 0.708831 0.831916 -0.005504
v 0.708831 0.831916 -0.005504
v 0.635904 1.135819 -0.005504
v 0.635904 1.135819 -0.005504
v 0.663123 1.034518 -0.005504
v 0.663123 1.034518 -0.005504
v 0.663057 1.034639 -0.066120
v 0.663057 1.034639 -0.066120
v 0.686741 0.933338 -0.066120
v 0.686741 0.933338 -0.066120
v 0.603255 1.238698 -0.047722
v 0.603255 1.238698 -0.047722
v 0.603255 1.238698 -0.047722
v 0.603255 1.238698 -0.047722
v 0.605993 1.239141 -0.254029
v 0.605993 1.239141 -0.254029
v 0.708766 0.832037 -0.066120
v 0.708766 0.832037 -0.066120
v 0.622728 1.171049 -0.702082
v 0.622728 1.171049 -0.702082
v 0.609059 1.217464 -0.656795
v 0.609059 1.217464 -0.656795
v 0.605235 1.226591 -0.626224
v 0.605235 1.226591 -0.626224
v 0.604581 1.235281 -0.457292
v 0.604581 1.235281 -0.457292
v 0.613980 1.202680 -0.676204
v 0.613980 1.202680 -0.676204
v 0.707725 0.832040 -0.926189
v 0.707725 0.832040 -0.926189
v 0.624659 1.154615 -0.689756
v 0.624659 1.154615 -0.689756
v 0.610990 1.201031 -0.644470
v 0.610990 1.201031 -0.644470
v 0.607167 1.210157 -0.613899
v 0.607167 1.210157 -0.613899
v 0.605874 1.218848 -0.444967
v 0.605874 1.218848 -0.444967
v 0.615912 1.186246 -0.663879
v 0.615912 1.186246 -0.663879
v 0.607286 1.222707 -0.241704
v 0.607286 1.222707 -0.241704
v 0.707725 0.815607 -0.913863
v 0.707725 0.815607 -0.913863
v 0.603281 1.238650 -0.023902
v 0.603281 1.238650 -0.023902
v 0.603281 1.238650 -0.023902
v 0.603281 1.238650 -0.023902
v 0.608786 1.222120 -0.005504
v 0.608786 1.222120 -0.005504
v 0.608786 1.222120 -0.005504
v 0.644626 1.137390 -0.044098
v 0.644626 1.137390 -0.044098
v 0.644622 1.137398 -0.047712
v 0.644622 1.137398 -0.047712
v 0.642812 1.137394 -0.045905
v 0.642812 1.137394 -0.045905
v 0.644648 1.137350 -0.023892
v 0.644648 1.137350 -0.023892
v 0.644644 1.137357 -0.027507
v 0.644644 1.137357 -0.027507
v 0.642834 1.137354 -0.025700
v 0.642834 1.137354 -0.025700
v 0.671862 1.036056 -0.027507
v 0.671862 1.036056 -0.027507
v 0.671866 1.036049 -0.023892
v 0.671866 1.036049 -0.023892
v 0.670052 1.036053 -0.025700
v 0.670052 1.036053 -0.025700
v 0.671841 1.036096 -0.047712
v 0.671841 1.036096 -0.047712
v 0.671845 1.036089 -0.044098
v 0.671845 1.036089 -0.044098
v 0.670030 1.036093 -0.045905
v 0.670030 1.036093 -0.045905
v 0.695546 0.934755 -0.027507
v 0.695546 0.934755 -0.027507
v 0.695550 0.934748 -0.023892
v 0.695550 0.934748 -0.023892
v 0.693736 0.934751 -0.025700
v 0.693736 0.934751 -0.025700
v 0.695524 0.934795 -0.047712
v 0.695524 0.934795 -0.047712
v 0.695528 0.934788 -0.044098
v 0.695528 0.934788 -0.044098
v 0.693714 0.934792 -0.045905
v 0.693714 0.934792 -0.045905
v 0.717571 0.833454 -0.027507
v 0.717571 0.833454 -0.027507
v 0.717575 0.833446 -0.023892
v 0.717575 0.833446 -0.023892
v 0.715761 0.833450 -0.025700
v 0.715761 0.833450 -0.025700
v 0.717549 0.833494 -0.047712
v 0.717549 0.833494 -0.047712
v 0.717553 0.833487 -0.044098
v 0.717553 0.833487 -0.044098
v 0.715739 0.833490 -0.045905
v 0.715739 0.833490 -0.045905
v 0.612802 1.237836 -0.047712
v 0.612802 1.237836 -0.047712
v 0.612802 1.237836 -0.047712
v 0.610998 1.237812 -0.045905
v 0.610998 1.237812 -0.045905
v 0.610998 1.237812 -0.045905
v 0.611024 1.237761 -0.025700
v 0.611024 1.237761 -0.025700
v 0.611024 1.237761 -0.025700
v 0.603277 1.238658 -0.027517
v 0.603277 1.238658 -0.027517
v 0.603277 1.238658 -0.027517
v 0.603277 1.238658 -0.027517
v 0.601467 1.238654 -0.025709
v 0.601467 1.238654 -0.025709
v 0.601467 1.238654 -0.025709
v 0.603259 1.238691 -0.044107
v 0.603259 1.238691 -0.044107
v 0.603259 1.238691 -0.044107
v 0.603259 1.238691 -0.044107
v 0.601445 1.238694 -0.045915
v 0.601445 1.238694 -0.045915
v 0.601445 1.238694 -0.045915
v 0.621291 1.225616 0.387063
v 0.621291 1.225616 0.387063
v 0.618678 1.227558 0.388622
v 0.618678 1.227558 0.388622
v 0.625266 1.203420 0.558712
v 0.625266 1.203420 0.558712
v 0.627847 1.201537 0.557195
v 0.627847 1.201537 0.557195
v 0.622259 1.214089 0.533107
v 0.622259 1.214089 0.533107
v 0.624854 1.212182 0.531572
v 0.624854 1.212182 0.531572
v 0.629886 1.184268 0.580121
v 0.629886 1.184268 0.580121
v 0.632456 1.182397 0.578613
v 0.632456 1.182397 0.578613
v 0.619091 1.233200 0.188996
v 0.619091 1.233200 0.188996
v 0.616453 1.235170 0.190577
v 0.616453 1.235170 0.190577
v 0.716254 0.814214 0.848157
v 0.716254 0.814214 0.848157
v 0.713703 0.816082 0.849661
v 0.713703 0.816082 0.849661
v 0.609327 1.239681 -0.023895
v 0.609327 1.239681 -0.023895
v 0.609327 1.239681 -0.023895
v 0.609327 1.239681 -0.023895
v 0.628926 1.172105 -0.702075
v 0.628926 1.172105 -0.702075
v 0.631491 1.170317 -0.700402
v 0.631491 1.170317 -0.700402
v 0.610730 1.236330 -0.457285
v 0.610730 1.236330 -0.457285
v 0.613344 1.234405 -0.455505
v 0.613344 1.234405 -0.455505
v 0.617822 1.216689 -0.655083
v 0.617822 1.216689 -0.655083
v 0.615240 1.218518 -0.656788
v 0.615240 1.218518 -0.656788
v 0.611403 1.227642 -0.626217
v 0.611403 1.227642 -0.626217
v 0.613999 1.225771 -0.624479
v 0.613999 1.225771 -0.624479
v 0.620171 1.203735 -0.676197
v 0.620171 1.203735 -0.676197
v 0.622744 1.201932 -0.674513
v 0.622744 1.201932 -0.674513
v 0.614756 1.238217 -0.252206
v 0.614756 1.238217 -0.252206
v 0.612117 1.240185 -0.254022
v 0.612117 1.240185 -0.254022
v 0.713935 0.833099 -0.926182
v 0.713935 0.833099 -0.926182
v 0.716489 0.831322 -0.924520
v 0.716489 0.831322 -0.924520
v 0.609301 1.239729 -0.047715
v 0.609301 1.239729 -0.047715
v 0.609301 1.239729 -0.047715
v 0.609301 1.239729 -0.047715
v 0.609227 1.239708 -0.044101
v 0.609227 1.239708 -0.044101
v 0.609227 1.239708 -0.044101
v 0.612816 1.237798 -0.044098
v 0.612816 1.237798 -0.044098
v 0.612816 1.237798 -0.044098
v 0.612816 1.237798 -0.044098
v 0.607422 1.239713 -0.045908
v 0.607422 1.239713 -0.045908
v 0.607422 1.239713 -0.045908
v 0.607422 1.239713 -0.045908
v 0.612834 1.237769 -0.023892
v 0.612834 1.237769 -0.023892
v 0.612834 1.237769 -0.023892
v 0.612835 1.237761 -0.027507
v 0.612835 1.237761 -0.027507
v 0.612835 1.237761 -0.027507
v 0.612835 1.237761 -0.027507
v 0.609245 1.239675 -0.027510
v 0.609245 1.239675 -0.027510
v 0.609245 1.239675 -0.027510
v 0.607444 1.239673 -0.025703
v 0.607444 1.239673 -0.025703
v 0.607444 1.239673 -0.025703
v 0.607444 1.239673 -0.025703
v 0.655711 1.076611 0.639444
v 0.655711 1.076611 0.639444
v 0.697743 0.891717 0.774756
v 0.697743 0.891717 0.774756
v 0.677527 0.984691 0.707518
v 0.677527 0.984691 0.707518
v 0.688947 0.906078 0.784903
v 0.688947 0.906078 0.784903
v 0.646976 1.090699 0.649789
v 0.646976 1.090699 0.649789
v 0.668762 0.998906 0.717771
v 0.668762 0.998906 0.717771
v 0.646970 1.075029 0.639500
v 0.646970 1.075029 0.639500
v 0.688959 0.890323 0.774675
v 0.688959 0.890323 0.774675
v 0.668764 0.983201 0.707507
v 0.668764 0.983201 0.707507
v 0.653155 1.091843 0.649731
v 0.653155 1.091843 0.649731
v 0.695177 0.907040 0.784979
v 0.695177 0.907040 0.784979
v 0.674968 0.999961 0.717779
v 0.674968 0.999961 0.717779
v 0.697759 0.905030 0.783576
v 0.697759 0.905030 0.783576
v 0.655690 1.090082 0.648143
v 0.655690 1.090082 0.648143
v 0.677525 0.998083 0.716280
v 0.677525 0.998083 0.716280
v 0.694296 0.910345 -0.854344
v 0.694296 0.910345 -0.854344
v 0.659733 1.051561 -0.761119
v 0.659733 1.051561 -0.761119
v 0.649362 1.066379 -0.773537
v 0.649362 1.066379 -0.773537
v 0.684662 0.925498 -0.866543
v 0.684662 0.925498 -0.866543
v 0.685514 0.908928 -0.854305
v 0.685514 0.908928 -0.854305
v 0.650986 1.050003 -0.761173
v 0.650986 1.050003 -0.761173
v 0.690889 0.926481 -0.866584
v 0.690889 0.926481 -0.866584
v 0.655549 1.067499 -0.773488
v 0.655549 1.067499 -0.773488
v 0.658088 1.065800 -0.771763
v 0.658088 1.065800 -0.771763
v 0.693470 0.924600 -0.864987
v 0.693470 0.924600 -0.864987
v 0.366142 0.371729 1.924874
v 0.391656 0.361472 1.922024
v 0.402170 0.336857 1.915105
v 0.402170 0.336857 1.915105
v 0.391524 0.312304 1.908170
v 0.391524 0.312304 1.908170
v 0.365955 0.302195 1.905282
v 0.365955 0.302195 1.905282
v 0.340441 0.312451 1.908132
v 0.340441 0.312451 1.908132
v 0.329928 0.337066 1.915051
v 0.329928 0.337066 1.915051
v 0.340573 0.361620 1.921986
v 0.366161 0.378962 1.926912
v 0.366161 0.378962 1.926912
v 0.396983 0.366571 1.923469
v 0.396983 0.366571 1.923469
v 0.409684 0.336836 1.915110
v 0.409684 0.336836 1.915110
v 0.396824 0.307174 1.906733
v 0.396824 0.307174 1.906733
v 0.365936 0.294962 1.903244
v 0.365936 0.294962 1.903244
v 0.335114 0.307353 1.906687
v 0.335114 0.307353 1.906687
v 0.322414 0.337088 1.915046
v 0.322414 0.337088 1.915046
v 0.335274 0.366749 1.923423
v 0.335274 0.366749 1.923423
v 0.328806 0.377622 1.908903
v 0.313232 0.341702 1.898758
v 0.328613 0.305693 1.888636
v 0.365938 0.290688 1.884466
v 0.403342 0.305476 1.888691
v 0.418916 0.341396 1.898836
v 0.403535 0.377405 1.908958
v 0.366210 0.392410 1.913128
v 0.366136 0.368471 1.920513
v 0.389462 0.359093 1.917907
v 0.399074 0.336589 1.911581
v 0.389342 0.314141 1.905241
v 0.365965 0.304898 1.902601
v 0.342639 0.314276 1.905207
v 0.333027 0.336780 1.911533
v 0.342759 0.359228 1.917873
v 0.366142 0.392779 -1.951620
v 0.391656 0.382522 -1.948769
v 0.402170 0.357908 -1.941850
v 0.402170 0.357908 -1.941850
v 0.391524 0.333354 -1.934915
v 0.391524 0.333354 -1.934915
v 0.365955 0.323245 -1.932027
v 0.365955 0.323245 -1.932027
v 0.340441 0.333502 -1.934878
v 0.340441 0.333502 -1.934878
v 0.329928 0.358117 -1.941797
v 0.329928 0.358117 -1.941797
v 0.340573 0.382670 -1.948732
v 0.366161 0.400012 -1.953657
v 0.366161 0.400012 -1.953657
v 0.396983 0.387621 -1.950214
v 0.396983 0.387621 -1.950214
v 0.409684 0.357886 -1.941856
v 0.409684 0.357886 -1.941856
v 0.396824 0.328224 -1.933478
v 0.396824 0.328224 -1.933478
v 0.365936 0.316012 -1.929989
v 0.365936 0.316012 -1.929989
v 0.335114 0.328403 -1.933433
v 0.335114 0.328403 -1.933433
v 0.322414 0.358138 -1.941791
v 0.322414 0.358138 -1.941791
v 0.335274 0.387800 -1.950169
v 0.335274 0.387800 -1.950169
v 0.328806 0.398672 -1.935649
v 0.313232 0.362752 -1.925504
v 0.328613 0.326743 -1.915382
v 0.365938 0.311738 -1.911212
v 0.403342 0.326527 -1.915437
v 0.418916 0.362446 -1.925582
v 0.403535 0.398456 -1.935704
v 0.366210 0.413461 -1.939874
v 0.366136 0.389521 -1.947259
v 0.389462 0.380143 -1.944653
v 0.399074 0.357639 -1.938327
v 0.389342 0.335191 -1.931987
v 0.365965 0.325948 -1.929346
v 0.342639 0.335326 -1.931952
v 0.333027 0.357830 -1.938278
v 0.342759 0.380279 -1.944618
v 0.663422 0.539111 -1.992684
v 0.663422 0.539111 -1.992684
v 0.672165 0.548025 -1.993430
v 0.672165 0.548025 -1.993430
v 0.669587 0.541728 -1.992788
v 0.669587 0.541728 -1.992788
v 0.669587 0.541728 -1.992788
v 0.672792 0.686111 -2.009292
v 0.672792 0.686111 -2.009292
v 0.664093 0.695118 -2.010607
v 0.664093 0.695118 -2.010607
v 0.670262 0.692408 -2.010097
v 0.670262 0.692408 -2.010097
v 0.670262 0.692408 -2.010097
v 0.312784 0.702245 -2.022673
v 0.312784 0.702245 -2.022673
v 0.303955 0.693520 -2.021952
v 0.303955 0.693520 -2.021952
v 0.306586 0.699764 -2.022586
v 0.306586 0.699764 -2.022586
v 0.306586 0.699764 -2.022586
v 0.302165 0.547443 -2.005195
v 0.302165 0.547443 -2.005195
v 0.310758 0.538539 -2.003896
v 0.310758 0.538539 -2.003896
v 0.304636 0.541141 -2.004391
v 0.304636 0.541141 -2.004391
v 0.304636 0.541141 -2.004391
v 0.671978 0.548720 -1.987362
v 0.671978 0.548720 -1.987362
v 0.663233 0.539809 -1.986617
v 0.663233 0.539809 -1.986617
v 0.669400 0.542425 -1.986721
v 0.669400 0.542425 -1.986721
v 0.669400 0.542425 -1.986721
v 0.663903 0.695816 -2.004539
v 0.663903 0.695816 -2.004539
v 0.672606 0.686812 -2.003225
v 0.672606 0.686812 -2.003225
v 0.670073 0.693105 -2.004030
v 0.670073 0.693105 -2.004030
v 0.670073 0.693105 -2.004030
v 0.303769 0.694222 -2.015885
v 0.303769 0.694222 -2.015885
v 0.312599 0.702944 -2.016606
v 0.312599 0.702944 -2.016606
v 0.306400 0.700463 -2.016519
v 0.306400 0.700463 -2.016519
v 0.306400 0.700463 -2.016519
v 0.310573 0.539237 -1.997829
v 0.310573 0.539237 -1.997829
v 0.301978 0.548139 -1.999128
v 0.301978 0.548139 -1.999128
v 0.304449 0.541838 -1.998324
v 0.304449 0.541838 -1.998324
v 0.304449 0.541838 -1.998324
v 0.682620 0.537635 -1.986635
v 0.673905 0.528739 -1.985986
v 0.680051 0.531352 -1.986062
v 0.674627 0.706043 -2.004454
v 0.683293 0.697039 -2.003238
v 0.680768 0.703326 -2.003974
v 0.293205 0.705439 -2.016606
v 0.302011 0.714137 -2.017231
v 0.295825 0.711669 -2.017172
v 0.299864 0.528057 -1.997880
v 0.291285 0.536935 -1.999081
v 0.293756 0.530650 -1.998346
v 0.656417 0.546714 -1.994063
v 0.665132 0.555595 -1.994820
v 0.662563 0.549318 -1.994176
v 0.657048 0.688114 -2.010307
v 0.663203 0.685419 -2.009810
v 0.319730 0.694561 -2.021301
v 0.310935 0.685861 -2.020566
v 0.313560 0.692080 -2.021202
v 0.309237 0.555075 -2.005564
v 0.311698 0.548794 -2.004767
v 0.672487 0.618891 -2.001570
v 0.672487 0.618891 -2.001570
v 0.672470 0.615175 -2.001143
v 0.672470 0.615175 -2.001143
v 0.303037 0.618616 -2.013360
v 0.303037 0.618616 -2.013360
v 0.303083 0.622331 -2.013786
v 0.303083 0.622331 -2.013786
v 0.672283 0.615874 -1.995077
v 0.672283 0.615874 -1.995077
v 0.672300 0.619589 -1.995503
v 0.672300 0.619589 -1.995503
v 0.302850 0.619315 -2.007293
v 0.302850 0.619315 -2.007293
v 0.302896 0.623029 -2.007718
v 0.302896 0.623029 -2.007718
v 0.682948 0.615444 -1.994739
v 0.682964 0.619164 -1.995127
v 0.292267 0.623043 -2.008037
v 0.292224 0.619324 -2.007650
v 0.488438 0.698682 -2.017848
v 0.488438 0.698682 -2.017848
v 0.488251 0.699380 -2.011781
v 0.488251 0.699380 -2.011781
v 0.488389 0.691337 -2.017012
v 0.488319 0.710090 -2.012051
v 0.487090 0.538825 -1.999498
v 0.487090 0.538825 -1.999498
v 0.486903 0.539523 -1.993431
v 0.486903 0.539523 -1.993431
v 0.487106 0.546455 -2.000381
v 0.486885 0.528398 -1.993141
v 0.665724 0.679140 -2.009012
v 0.317796 0.546196 -2.004283
v 0.665437 0.619195 -2.002126
v 0.665419 0.615480 -2.001698
v 0.310062 0.618598 -2.012851
v 0.310110 0.622312 -2.013277
v 0.515192 0.874952 0.929223
v 0.515192 0.874952 0.929223
v 0.000000 0.891796 0.974538
v 0.000000 0.891796 0.974538
v 0.351815 0.884614 0.959732
v 0.351815 0.884614 0.959732
v 0.673729 0.889129 0.842767
v 0.673729 0.889129 0.842767
v 0.637390 0.865898 0.893753
v 0.637390 0.865898 0.893753
v 0.588858 1.203893 0.622876
v 0.588858 1.203893 0.622876
v 0.578387 1.222236 0.619732
v 0.578387 1.222236 0.619732
v 0.529684 1.240481 0.626960
v 0.529684 1.240481 0.626960
v 0.000000 1.270455 0.663330
v 0.000000 1.270455 0.663330
v 0.665352 0.869846 0.871134
v 0.665352 0.869846 0.871134
v 0.665352 0.869846 0.871134
v 0.562627 1.232789 0.620549
v 0.562627 1.232789 0.620549
v 0.420136 1.250547 0.639208
v 0.420136 1.250547 0.639208
v 0.175367 0.889633 0.970655
v 0.175367 0.889633 0.970655
v 0.220841 1.263847 0.655311
v 0.220841 1.263847 0.655311
v 0.512172 0.887060 0.922223
v 0.512172 0.887060 0.922223
v 0.000000 0.902832 0.964652
v 0.000000 0.902832 0.964652
v 0.359200 0.896107 0.950789
v 0.359200 0.896107 0.950789
v 0.660612 0.900334 0.850201
v 0.660612 0.900334 0.850201
v 0.626588 0.878583 0.890603
v 0.626588 0.878583 0.890603
v 0.581147 1.195052 0.640984
v 0.581147 1.195052 0.640984
v 0.571343 1.212227 0.634722
v 0.571343 1.212227 0.634722
v 0.525741 1.229309 0.639210
v 0.525741 1.229309 0.639210
v 0.000000 1.257375 0.673264
v 0.000000 1.257375 0.673264
v 0.652769 0.882279 0.872153
v 0.652769 0.882279 0.872153
v 0.652769 0.882279 0.872153
v 0.556443 1.221931 0.633141
v 0.556443 1.221931 0.633141
v 0.423169 1.238734 0.650678
v 0.423169 1.238734 0.650678
v 0.193989 0.900806 0.961016
v 0.193989 0.900806 0.961016
v 0.236567 1.251187 0.665756
v 0.236567 1.251187 0.665756
v 0.508962 0.866217 0.919233
v 0.508962 0.866217 0.919233
v 0.000000 0.883061 0.964548
v 0.000000 0.883061 0.964548
v 0.345585 0.875878 0.949742
v 0.345585 0.875878 0.949742
v 0.667498 0.880393 0.832777
v 0.667498 0.880393 0.832777
v 0.631160 0.857163 0.883763
v 0.631160 0.857163 0.883763
v 0.582627 1.195158 0.612886
v 0.582627 1.195158 0.612886
v 0.572157 1.213500 0.609742
v 0.572157 1.213500 0.609742
v 0.523454 1.231745 0.616970
v 0.523454 1.231745 0.616970
v 0.000000 1.261719 0.653340
v 0.000000 1.261719 0.653340
v 0.659121 0.861110 0.861143
v 0.659121 0.861110 0.861143
v 0.659121 0.861110 0.861143
v 0.556397 1.224053 0.610559
v 0.556397 1.224053 0.610559
v 0.413905 1.241811 0.629218
v 0.413905 1.241811 0.629218
v 0.169137 0.880898 0.960665
v 0.169137 0.880898 0.960665
v 0.214610 1.255111 0.645321
v 0.214610 1.255111 0.645321
v 0.505941 0.878325 0.912233
v 0.505941 0.878325 0.912233
v 0.000000 0.894096 0.954662
v 0.000000 0.894096 0.954662
v 0.352969 0.887371 0.940799
v 0.352969 0.887371 0.940799
v 0.654381 0.891599 0.840211
v 0.654381 0.891599 0.840211
v 0.620357 0.869848 0.880613
v 0.620357 0.869848 0.880613
v 0.574916 1.186317 0.630994
v 0.574916 1.186317 0.630994
v 0.565112 1.203491 0.624732
v 0.565112 1.203491 0.624732
v 0.519511 1.220574 0.629220
v 0.519511 1.220574 0.629220
v 0.000000 1.248639 0.663273
v 0.000000 1.248639 0.663273
v 0.646538 0.873544 0.862163
v 0.646538 0.873544 0.862163
v 0.646538 0.873544 0.862163
v 0.550212 1.213195 0.623150
v 0.550212 1.213195 0.623150
v 0.416938 1.229999 0.640688
v 0.416938 1.229999 0.640688
v 0.187759 0.892071 0.951026
v 0.187759 0.892071 0.951026
v 0.230336 1.242452 0.655765
v 0.230336 1.242452 0.655765
v 0.000000 1.266095 0.666641
v 0.000000 1.261735 0.669952
v 0.231325 1.255407 0.662274
v 0.226083 1.259627 0.658793
v 0.583717 1.197999 0.634948
v 0.586288 1.200946 0.628912
v 0.661158 0.873990 0.871474
v 0.656963 0.878134 0.871813
v 0.630189 0.874355 0.891653
v 0.633790 0.870126 0.892703
v 0.528370 1.236757 0.631044
v 0.527056 1.233033 0.635127
v 0.558505 1.225550 0.628943
v 0.560566 1.229169 0.624746
v 0.354277 0.888445 0.956751
v 0.356739 0.892276 0.953770
v 0.187782 0.897082 0.964229
v 0.181575 0.893358 0.967442
v 0.576039 1.218900 0.624729
v 0.573691 1.215563 0.629726
v 0.669357 0.892864 0.845245
v 0.664984 0.896599 0.847723
v 0.513179 0.883024 0.924557
v 0.514186 0.878988 0.926890
v 0.421147 1.246609 0.643031
v 0.422158 1.242672 0.646855
v 0.000000 0.895475 0.971243
v 0.000000 0.899153 0.967947
v 0.659654 0.950589 0.796546
v 0.659654 0.950589 0.796546
v 0.609695 1.136315 0.666644
v 0.609695 1.136315 0.666644
v 0.636285 1.043136 0.729809
v 0.636285 1.043136 0.729809
v 0.598980 1.137219 0.679747
v 0.598980 1.137219 0.679747
v 0.648825 0.951813 0.811515
v 0.648825 0.951813 0.811515
v 0.625469 1.044357 0.744184
v 0.625469 1.044357 0.744184
v 0.603482 1.127520 0.656693
v 0.603482 1.127520 0.656693
v 0.653397 0.941970 0.786469
v 0.653397 0.941970 0.786469
v 0.630052 1.034417 0.719804
v 0.630052 1.034417 0.719804
v 0.642565 0.943201 0.801432
v 0.642565 0.943201 0.801432
v 0.592772 1.128410 0.669806
v 0.592772 1.128410 0.669806
v 0.619237 1.035636 0.734181
v 0.619237 1.035636 0.734181
v 0.606099 1.136694 0.670988
v 0.656075 0.950864 0.801637
v 0.632682 1.043527 0.734623
v 0.602495 1.137101 0.675286
v 0.652502 0.951112 0.806746
v 0.629078 1.043917 0.739430
v 0.000000 0.870429 -1.313247
v 0.000000 0.870429 -1.313247
v 0.000000 1.284983 -0.942361
v 0.000000 1.284983 -0.942361
v 0.566854 1.199979 -0.929038
v 0.566854 1.199979 -0.929038
v 0.495633 1.256292 -0.905655
v 0.495633 1.256292 -0.905655
v 0.539522 1.236774 -0.910400
v 0.539522 1.236774 -0.910400
v 0.420136 1.270450 -0.917681
v 0.420136 1.270450 -0.917681
v 0.000000 0.861304 -1.303090
v 0.000000 0.861304 -1.303090
v 0.220841 1.281237 -0.934093
v 0.220841 1.281237 -0.934093
v 0.000000 0.881738 -1.302209
v 0.000000 0.881738 -1.302209
v 0.000000 1.269714 -0.955658
v 0.000000 1.269714 -0.955658
v 0.554323 1.190215 -0.943197
v 0.554323 1.190215 -0.943197
v 0.487715 1.242881 -0.921328
v 0.487715 1.242881 -0.921328
v 0.528762 1.224628 -0.925766
v 0.528762 1.224628 -0.925766
v 0.417107 1.256122 -0.932576
v 0.417107 1.256122 -0.932576
v 0.563654 1.190853 -0.918881
v 0.563654 1.190853 -0.918881
v 0.000000 1.275857 -0.932205
v 0.000000 1.275857 -0.932205
v 0.230719 1.266211 -0.947925
v 0.230719 1.266211 -0.947925
v 0.492434 1.247166 -0.895498
v 0.492434 1.247166 -0.895498
v 0.536323 1.227648 -0.900243
v 0.536323 1.227648 -0.900243
v 0.416936 1.261324 -0.907524
v 0.416936 1.261324 -0.907524
v 0.217641 1.272111 -0.923937
v 0.217641 1.272111 -0.923937
v 0.000000 0.872612 -1.292052
v 0.000000 0.872612 -1.292052
v 0.000000 1.260588 -0.945501
v 0.000000 1.260588 -0.945501
v 0.551124 1.181089 -0.933040
v 0.551124 1.181089 -0.933040
v 0.484516 1.233755 -0.911171
v 0.484516 1.233755 -0.911171
v 0.525562 1.215502 -0.915609
v 0.525562 1.215502 -0.915609
v 0.413908 1.246997 -0.922419
v 0.413908 1.246997 -0.922419
v 0.227520 1.257085 -0.937769
v 0.227520 1.257085 -0.937769
v 0.558500 1.193470 -0.938477
v 0.562677 1.196724 -0.933758
v 0.224134 1.276229 -0.938704
v 0.227426 1.271220 -0.943315
v 0.418117 1.260898 -0.927611
v 0.419126 1.265674 -0.922646
v 0.535935 1.232726 -0.915522
v 0.532348 1.228677 -0.920644
v 0.490354 1.247351 -0.916104
v 0.492994 1.251822 -0.910879
v 0.000000 1.279893 -0.946793
v 0.000000 1.274804 -0.951226
v 0.000000 0.877969 -1.305888
v 0.000000 0.874199 -1.309568
v 0.231784 0.866316 -1.300653
v 0.231784 0.866316 -1.300653
v 0.348375 0.861977 -1.285518
v 0.348375 0.861977 -1.285518
v 0.469029 0.857000 -1.263215
v 0.469029 0.857000 -1.263215
v 0.585253 0.850410 -1.230420
v 0.585253 0.850410 -1.230420
v 0.228657 0.857205 -1.290540
v 0.228657 0.857205 -1.290540
v 0.345083 0.852855 -1.275379
v 0.345083 0.852855 -1.275379
v 0.237122 0.877979 -1.290673
v 0.237122 0.877979 -1.290673
v 0.353870 0.873753 -1.275874
v 0.353870 0.873753 -1.275874
v 0.459077 0.869539 -1.256426
v 0.459077 0.869539 -1.256426
v 0.574927 0.862955 -1.223746
v 0.574927 0.862955 -1.223746
v 0.466010 0.847865 -1.253025
v 0.466010 0.847865 -1.253025
v 0.581932 0.841291 -1.220310
v 0.581932 0.841291 -1.220310
v 0.350573 0.864632 -1.265735
v 0.350573 0.864632 -1.265735
v 0.233991 0.868866 -1.280556
v 0.233991 0.868866 -1.280556
v 0.571615 0.853836 -1.213633
v 0.571615 0.853836 -1.213633
v 0.456052 0.860404 -1.246237
v 0.456052 0.860404 -1.246237
v 0.465363 0.861197 -1.261016
v 0.582086 0.854574 -1.228088
v 0.578458 0.858767 -1.225936
v 0.462166 0.865371 -1.258731
v 0.233515 0.870205 -1.297329
v 0.350291 0.865898 -1.282288
v 0.352217 0.869819 -1.279056
v 0.235258 0.874093 -1.294005
v 0.669568 0.850931 -1.193482
v 0.669568 0.850931 -1.193482
v 0.669568 0.850931 -1.193482
v 0.664501 0.846767 -1.199749
v 0.664501 0.846767 -1.199749
v 0.664501 0.846767 -1.199749
v 0.650322 0.864048 -1.190245
v 0.650322 0.864048 -1.190245
v 0.650322 0.864048 -1.190245
v 0.645287 0.859865 -1.196515
v 0.645287 0.859865 -1.196515
v 0.645287 0.859865 -1.196515
v 0.661339 0.837638 -1.189578
v 0.661339 0.837638 -1.189578
v 0.661339 0.837638 -1.189578
v 0.666373 0.841784 -1.183343
v 0.666373 0.841784 -1.183343
v 0.666373 0.841784 -1.183343
v 0.647127 0.854900 -1.180107
v 0.647127 0.854900 -1.180107
v 0.647127 0.854900 -1.180107
v 0.642124 0.850737 -1.186345
v 0.642124 0.850737 -1.186345
v 0.642124 0.850737 -1.186345
v 0.656726 0.859729 -1.191277
v 0.651598 0.855505 -1.197630
v 0.657976 0.851140 -1.198718
v 0.663145 0.855342 -1.192369
v 0.608127 1.077381 -1.015563
v 0.608127 1.077381 -1.015563
v 0.646237 0.946562 -1.115146
v 0.646237 0.946562 -1.115146
v 0.591463 1.079898 -1.021055
v 0.591463 1.079898 -1.021055
v 0.629584 0.949042 -1.120648
v 0.629584 0.949042 -1.120648
v 0.643036 0.937443 -1.104984
v 0.643036 0.937443 -1.104984
v 0.604936 1.068232 -1.005423
v 0.604936 1.068232 -1.005423
v 0.588271 1.070748 -1.010915
v 0.588271 1.070748 -1.010915
v 0.626383 0.939923 -1.110486
v 0.626383 0.939923 -1.110486
v 0.602564 1.078244 -1.017377
v 0.640688 0.947384 -1.116983
v 0.635140 0.948198 -1.118827
v 0.597006 1.079093 -1.019201
v 0.350863 0.623746 1.995885
v 0.350863 0.623746 1.995885
v 0.350107 0.539725 1.987326
v 0.350107 0.539725 1.987326
v 0.350485 0.581735 1.991606
v 0.350485 0.581735 1.991606
v 0.692585 0.623127 1.971766
v 0.692585 0.623127 1.971766
v 0.691829 0.539106 1.963206
v 0.691829 0.539106 1.963206
v 0.692208 0.581117 1.967486
v 0.692208 0.581117 1.967486
v 0.350502 0.624271 1.990745
v 0.350502 0.624271 1.990745
v 0.349745 0.540245 1.982186
v 0.349745 0.540245 1.982186
v 0.350123 0.582258 1.986466
v 0.350123 0.582258 1.986466
v 0.692224 0.623653 1.966626
v 0.692224 0.623653 1.966626
v 0.691467 0.539626 1.958066
v 0.691467 0.539626 1.958066
v 0.691846 0.581640 1.962346
v 0.691846 0.581640 1.962346
v 0.342944 0.542787 1.957811
v 0.342944 0.542787 1.957811
v 0.343700 0.626815 1.966371
v 0.343700 0.626815 1.966371
v 0.343322 0.584801 1.962091
v 0.343322 0.584801 1.962091
v 0.695543 0.626179 1.941537
v 0.695543 0.626179 1.941537
v 0.694787 0.542150 1.932977
v 0.694787 0.542150 1.932977
v 0.695165 0.584164 1.937257
v 0.695165 0.584164 1.937257
v 0.356696 0.623723 1.994884
v 0.356696 0.623723 1.994884
v 0.355900 0.539712 1.986326
v 0.355900 0.539712 1.986326
v 0.356298 0.581718 1.990605
v 0.356298 0.581718 1.990605
v 0.685997 0.539142 1.964209
v 0.685997 0.539142 1.964209
v 0.686793 0.623152 1.972767
v 0.686793 0.623152 1.972767
v 0.686395 0.581147 1.968488
v 0.686395 0.581147 1.968488
v 0.351116 0.651847 1.998748
v 0.351116 0.651847 1.998748
v 0.356921 0.657546 1.998924
v 0.356921 0.657546 1.998924
v 0.352839 0.655880 1.999040
v 0.352839 0.655880 1.999040
v 0.352839 0.655880 1.999040
v 0.355558 0.505832 1.983468
v 0.355558 0.505832 1.983468
v 0.349854 0.511547 1.984455
v 0.349854 0.511547 1.984455
v 0.351505 0.507512 1.983926
v 0.351505 0.507512 1.983926
v 0.351505 0.507512 1.983926
v 0.691576 0.510934 1.960336
v 0.691576 0.510934 1.960336
v 0.685771 0.505234 1.960160
v 0.685771 0.505234 1.960160
v 0.689855 0.506898 1.960044
v 0.689855 0.506898 1.960044
v 0.689855 0.506898 1.960044
v 0.687134 0.656949 1.975616
v 0.687134 0.656949 1.975616
v 0.692838 0.651234 1.974629
v 0.692838 0.651234 1.974629
v 0.691187 0.655269 1.975159
v 0.691187 0.655269 1.975159
v 0.691187 0.655269 1.975159
v 0.356529 0.658073 1.993786
v 0.356529 0.658073 1.993786
v 0.350755 0.652407 1.993612
v 0.350755 0.652407 1.993612
v 0.352467 0.656418 1.993903
v 0.352467 0.656418 1.993903
v 0.352467 0.656418 1.993903
v 0.352467 0.656418 1.993903
v 0.349491 0.512040 1.979313
v 0.349491 0.512040 1.979313
v 0.355166 0.506359 1.978331
v 0.355166 0.506359 1.978331
v 0.351132 0.508027 1.978786
v 0.351132 0.508027 1.978786
v 0.351132 0.508027 1.978786
v 0.351132 0.508027 1.978786
v 0.685439 0.505761 1.955019
v 0.685439 0.505761 1.955019
v 0.691214 0.511427 1.955193
v 0.691214 0.511427 1.955193
v 0.689501 0.507416 1.954902
v 0.689501 0.507416 1.954902
v 0.689501 0.507416 1.954902
v 0.689501 0.507416 1.954902
v 0.692477 0.651794 1.969492
v 0.692477 0.651794 1.969492
v 0.686802 0.657475 1.970475
v 0.686802 0.657475 1.970475
v 0.690836 0.655807 1.970019
v 0.690836 0.655807 1.970019
v 0.690836 0.655807 1.970019
v 0.690836 0.655807 1.970019
v 0.343973 0.657209 1.969468
v 0.343973 0.657209 1.969468
v 0.349739 0.662864 1.969642
v 0.349739 0.662864 1.969642
v 0.345683 0.661212 1.969758
v 0.345683 0.661212 1.969758
v 0.345683 0.661212 1.969758
v 0.348336 0.506656 1.953728
v 0.348336 0.506656 1.953728
v 0.342669 0.512327 1.954708
v 0.342669 0.512327 1.954708
v 0.344308 0.508322 1.954182
v 0.344308 0.508322 1.954182
v 0.344308 0.508322 1.954182
v 0.694513 0.511695 1.929874
v 0.694513 0.511695 1.929874
v 0.688747 0.506040 1.929700
v 0.688747 0.506040 1.929700
v 0.692803 0.507692 1.929584
v 0.692803 0.507692 1.929584
v 0.692803 0.507692 1.929584
v 0.690151 0.662248 1.945614
v 0.690151 0.662248 1.945614
v 0.695817 0.656577 1.944634
v 0.695817 0.656577 1.944634
v 0.694178 0.660583 1.945160
v 0.694178 0.660583 1.945160
v 0.694178 0.660583 1.945160
v 0.356907 0.646016 1.997155
v 0.356907 0.646016 1.997155
v 0.362727 0.651732 1.997352
v 0.362727 0.651732 1.997352
v 0.358633 0.650062 1.997455
v 0.358633 0.650062 1.997455
v 0.358633 0.650062 1.997455
v 0.361407 0.511598 1.983076
v 0.361407 0.511598 1.983076
v 0.355688 0.517334 1.984046
v 0.355688 0.517334 1.984046
v 0.357340 0.513282 1.983520
v 0.357340 0.513282 1.983520
v 0.357340 0.513282 1.983520
v 0.685786 0.516765 1.961929
v 0.685786 0.516765 1.961929
v 0.679966 0.511048 1.961732
v 0.679966 0.511048 1.961732
v 0.684059 0.512718 1.961630
v 0.684059 0.512718 1.961630
v 0.684059 0.512718 1.961630
v 0.681285 0.651182 1.976009
v 0.681285 0.651182 1.976009
v 0.687004 0.645447 1.975038
v 0.687004 0.645447 1.975038
v 0.685352 0.649498 1.975564
v 0.685352 0.649498 1.975564
v 0.685352 0.649498 1.975564
v 0.333217 0.536657 1.958351
v 0.334017 0.632985 1.967201
v 0.333617 0.584821 1.962777
v 0.705270 0.632315 1.940997
v 0.704470 0.535987 1.932147
v 0.704870 0.584151 1.936572
v 0.334306 0.667827 1.970402
v 0.340390 0.674311 1.970574
v 0.336110 0.672416 1.970700
v 0.338906 0.495239 1.954121
v 0.332928 0.501739 1.955143
v 0.334656 0.497147 1.954597
v 0.704180 0.501074 1.928939
v 0.698097 0.494590 1.928768
v 0.702376 0.496485 1.928642
v 0.699580 0.673663 1.945221
v 0.705559 0.667162 1.944198
v 0.703830 0.671754 1.944745
v 0.522027 0.657247 1.989092
v 0.522027 0.657247 1.989092
v 0.522006 0.651457 1.988502
v 0.522006 0.651457 1.988502
v 0.521666 0.657774 1.983952
v 0.521666 0.657774 1.983952
v 0.519945 0.662556 1.959450
v 0.519945 0.662556 1.959450
v 0.519985 0.673987 1.959719
v 0.520682 0.505533 1.973635
v 0.520682 0.505533 1.973635
v 0.520703 0.511323 1.974224
v 0.520703 0.511323 1.974224
v 0.520320 0.506060 1.968495
v 0.520320 0.506060 1.968495
v 0.518559 0.506348 1.943535
v 0.518559 0.506348 1.943535
v 0.518520 0.494914 1.943265
v 0.408973 0.590431 1.921388
v 0.408973 0.590431 1.921388
v 0.669051 0.589899 1.902100
v 0.669051 0.589899 1.902100
v 0.408990 0.652030 1.927498
v 0.408990 0.652030 1.927498
v 0.408990 0.652030 1.927498
v 0.408976 0.528215 1.915215
v 0.408976 0.528215 1.915215
v 0.408976 0.528215 1.915215
v 0.669034 0.528224 1.895983
v 0.669034 0.528224 1.895983
v 0.669034 0.528224 1.895983
v 0.669048 0.652038 1.908265
v 0.669048 0.652038 1.908265
v 0.669048 0.652038 1.908265
v 0.517148 0.652227 1.917874
v 0.517148 0.652227 1.917874
v 0.516245 0.528358 1.905660
v 0.516245 0.528358 1.905660
v 0.750907 0.626006 1.873378
v 0.751139 0.629583 1.869557
v 0.750931 0.628531 1.872259
v 0.750931 0.628531 1.872259
v 0.752292 0.590912 1.869563
v 0.751848 0.594469 1.873382
v 0.752022 0.591950 1.872264
v 0.752022 0.591950 1.872264
v 0.758681 0.594662 1.796122
v 0.758450 0.591086 1.799943
v 0.758658 0.592137 1.797242
v 0.758658 0.592137 1.797242
v 0.757296 0.629757 1.799938
v 0.757740 0.626200 1.796118
v 0.757566 0.628719 1.797237
v 0.757566 0.628719 1.797237
v 0.756061 0.626156 1.873834
v 0.756061 0.626156 1.873834
v 0.756294 0.629736 1.869998
v 0.756294 0.629736 1.869998
v 0.756085 0.628684 1.872711
v 0.756085 0.628684 1.872711
v 0.756085 0.628684 1.872711
v 0.757448 0.591065 1.870004
v 0.757448 0.591065 1.870004
v 0.757002 0.594627 1.873839
v 0.757002 0.594627 1.873839
v 0.757177 0.592105 1.872715
v 0.757177 0.592105 1.872715
v 0.757177 0.592105 1.872715
v 0.763835 0.594820 1.796579
v 0.763835 0.594820 1.796579
v 0.763602 0.591240 1.800414
v 0.763602 0.591240 1.800414
v 0.763811 0.592292 1.797702
v 0.763811 0.592292 1.797702
v 0.763811 0.592292 1.797702
v 0.762449 0.629911 1.800409
v 0.762449 0.629911 1.800409
v 0.762894 0.626349 1.796574
v 0.762894 0.626349 1.796574
v 0.762720 0.628871 1.797697
v 0.762720 0.628871 1.797697
v 0.762720 0.628871 1.797697
v 0.756544 0.623830 1.869165
v 0.756777 0.627411 1.865329
v 0.756568 0.626358 1.868041
v 0.757791 0.593414 1.865334
v 0.757345 0.596976 1.869169
v 0.757520 0.594454 1.868046
v 0.763352 0.597146 1.801248
v 0.763120 0.593565 1.805084
v 0.763328 0.594618 1.802372
v 0.762105 0.627562 1.805079
v 0.762551 0.624000 1.801244
v 0.762376 0.626522 1.802367
v 0.755371 0.590999 1.834751
v 0.755371 0.590999 1.834751
v 0.754217 0.629670 1.834745
v 0.754217 0.629670 1.834745
v 0.760525 0.591153 1.835207
v 0.760525 0.591153 1.835207
v 0.760525 0.591153 1.835207
v 0.760525 0.591153 1.835207
v 0.759372 0.629824 1.835201
v 0.759372 0.629824 1.835201
v 0.759372 0.629824 1.835201
v 0.759372 0.629824 1.835201
v 0.760316 0.593486 1.836787
v 0.760596 0.593494 1.833624
v 0.759301 0.627482 1.836783
v 0.759581 0.627490 1.833620
v 0.235277 0.269569 2.025316
v 0.244951 0.279197 2.025878
v 0.242117 0.272389 2.025331
v 0.242117 0.272389 2.025331
v 0.235277 0.374191 2.035504
v 0.244951 0.364563 2.034192
v 0.242117 0.371371 2.034970
v 0.242117 0.371371 2.034970
v 0.158461 0.269569 2.027884
v 0.000000 0.269569 2.030356
v 0.158461 0.374191 2.038073
v 0.000000 0.374191 2.040545
v 0.235277 0.266863 2.053097
v 0.235277 0.266863 2.053097
v 0.234479 0.270525 2.057528
v 0.234479 0.270525 2.057528
v 0.240883 0.276889 2.057956
v 0.240883 0.276889 2.057956
v 0.244951 0.276492 2.053660
v 0.244951 0.276492 2.053660
v 0.239008 0.272388 2.057579
v 0.239008 0.272388 2.057579
v 0.242117 0.269684 2.053112
v 0.242117 0.269684 2.053112
v 0.242117 0.269684 2.053112
v 0.234453 0.367043 2.066928
v 0.234453 0.367043 2.066928
v 0.235277 0.371486 2.063285
v 0.235277 0.371486 2.063285
v 0.240883 0.360641 2.066112
v 0.240883 0.360641 2.066112
v 0.244951 0.361857 2.061973
v 0.244951 0.361857 2.061973
v 0.239000 0.365165 2.066615
v 0.239000 0.365165 2.066615
v 0.242117 0.368666 2.062751
v 0.242117 0.368666 2.062751
v 0.242117 0.368666 2.062751
v 0.158461 0.270521 2.060113
v 0.158461 0.270521 2.060113
v 0.158461 0.266863 2.055665
v 0.158461 0.266863 2.055665
v 0.000000 0.270521 2.062585
v 0.000000 0.270521 2.062585
v 0.000000 0.266863 2.058137
v 0.000000 0.266863 2.058137
v 0.158461 0.371486 2.065854
v 0.158461 0.371486 2.065854
v 0.158461 0.367039 2.069513
v 0.158461 0.367039 2.069513
v 0.000000 0.371486 2.068326
v 0.000000 0.371486 2.068326
v 0.000000 0.367039 2.071985
v 0.000000 0.367039 2.071985
v 0.705163 0.841943 -0.614881
v 0.705163 0.841943 -0.614881
v 0.614472 1.216174 -0.614881
v 0.614472 1.216174 -0.614881
v 0.705163 0.841943 -0.599237
v 0.705163 0.841943 -0.599237
v 0.614472 1.216174 -0.599237
v 0.614472 1.216174 -0.599237
v 0.687648 0.935501 -0.614881
v 0.687648 0.935501 -0.614881
v 0.665434 1.029059 -0.614881
v 0.665434 1.029059 -0.614881
v 0.642303 1.122617 -0.614881
v 0.642303 1.122617 -0.614881
v 0.687648 0.935501 -0.599237
v 0.687648 0.935501 -0.599237
v 0.665434 1.029059 -0.599237
v 0.665434 1.029059 -0.599237
v 0.642303 1.122617 -0.599237
v 0.642303 1.122617 -0.599237
v 0.696541 0.839857 -0.614881
v 0.696541 0.839857 -0.614881
v 0.605850 1.214088 -0.614881
v 0.605850 1.214088 -0.614881
v 0.696541 0.839857 -0.599237
v 0.696541 0.839857 -0.599237
v 0.605850 1.214088 -0.599237
v 0.605850 1.214088 -0.599237
v 0.679026 0.933415 -0.614881
v 0.679026 0.933415 -0.614881
v 0.656812 1.026972 -0.614881
v 0.656812 1.026972 -0.614881
v 0.633681 1.120530 -0.614881
v 0.633681 1.120530 -0.614881
v 0.679026 0.933415 -0.599237
v 0.679026 0.933415 -0.599237
v 0.656812 1.026972 -0.599237
v 0.656812 1.026972 -0.599237
v 0.633681 1.120530 -0.599237
v 0.633681 1.120530 -0.599237
v 0.529448 0.506470 1.974683
v 0.529448 0.506470 1.974683
v 0.529448 0.506470 1.974683
v 0.514646 0.506470 1.974683
v 0.514646 0.506470 1.974683
v 0.514646 0.506470 1.974683
v 0.529448 0.498459 1.941109
v 0.529448 0.498459 1.941109
v 0.514646 0.498459 1.941109
v 0.514646 0.498459 1.941109
v 0.529448 0.511978 1.974683
v 0.529448 0.511978 1.974683
v 0.529448 0.511978 1.974683
v 0.514646 0.511978 1.974683
v 0.514646 0.511978 1.974683
v 0.514646 0.511978 1.974683
v 0.529448 0.511978 1.977193
v 0.529448 0.511978 1.977193
v 0.529448 0.511978 1.977193
v 0.514646 0.511978 1.977193
v 0.514646 0.511978 1.977193
v 0.514646 0.511978 1.977193
v 0.529448 0.495718 1.941109
v 0.529448 0.495718 1.941109
v 0.514646 0.495718 1.941109
v 0.514646 0.495718 1.941109
v 0.529448 0.504333 1.977050
v 0.529448 0.504333 1.977050
v 0.529448 0.504333 1.977050
v 0.514646 0.504333 1.977050
v 0.514646 0.504333 1.977050
v 0.514646 0.504333 1.977050
v 0.514646 0.657197 1.991018
v 0.514646 0.657197 1.991018
v 0.514646 0.657197 1.991018
v 0.529448 0.657197 1.991018
v 0.529448 0.657197 1.991018
v 0.529448 0.657197 1.991018
v 0.514646 0.665207 1.957444
v 0.514646 0.665207 1.957444
v 0.529448 0.665207 1.957444
v 0.529448 0.665207 1.957444
v 0.514646 0.651689 1.991018
v 0.514646 0.651689 1.991018
v 0.514646 0.651689 1.991018
v 0.529448 0.651689 1.991018
v 0.529448 0.651689 1.991018
v 0.529448 0.651689 1.991018
v 0.514646 0.651689 1.993528
v 0.514646 0.651689 1.993528
v 0.514646 0.651689 1.993528
v 0.529448 0.651689 1.993528
v 0.529448 0.651689 1.993528
v 0.529448 0.651689 1.993528
v 0.514646 0.667948 1.957444
v 0.514646 0.667948 1.957444
v 0.529448 0.667948 1.957444
v 0.529448 0.667948 1.957444
v 0.514646 0.659334 1.993385
v 0.514646 0.659334 1.993385
v 0.514646 0.659334 1.993385
v 0.529448 0.659334 1.993385
v 0.529448 0.659334 1.993385
v 0.529448 0.659334 1.993385
v 0.073180 0.344081 -0.955340
v 0.073180 0.344081 -0.955340
v 0.039605 0.366515 -0.955340
v 0.039605 0.366515 -0.955340
v 0.000000 0.374393 -0.955340
v 0.000000 0.374393 -0.955340
v 0.000000 0.270901 -0.643079
v 0.000000 0.270901 -0.643079
v 0.000000 0.270901 -0.643079
v 0.000000 0.270901 -0.643079
v 0.000000 0.270901 -0.643079
v 0.000000 0.270901 -0.643079
v 0.000000 0.270901 -0.643079
v 0.000000 0.270901 -0.643079
v 0.000000 0.167408 -0.955340
v 0.000000 0.167408 -0.955340
v 0.039605 0.175286 -0.955340
v 0.039605 0.175286 -0.955340
v 0.073180 0.197720 -0.955340
v 0.073180 0.197720 -0.955340
v 0.095614 0.231296 -0.955340
v 0.095614 0.231296 -0.955340
v 0.103492 0.270901 -0.955340
v 0.103492 0.270901 -0.955340
v 0.095614 0.310505 -0.955340
v 0.095614 0.310505 -0.955340
v 0.042438 0.270901 -1.113794
v 0.039208 0.254660 -1.113794
v 0.039208 0.287141 -1.113794
v 0.030008 0.300909 -1.113794
v 0.016240 0.310108 -1.113794
v 0.000000 0.313339 -1.113794
v 0.000000 0.228462 -1.113794
v 0.000000 0.270901 -1.119532
v 0.000000 0.270901 -1.119532
v 0.000000 0.270901 -1.119532
v 0.000000 0.270901 -1.119532
v 0.000000 0.270901 -1.119532
v 0.000000 0.270901 -1.119532
v 0.000000 0.270901 -1.119532
v 0.000000 0.270901 -1.119532
v 0.016240 0.231693 -1.113794
v 0.030008 0.240892 -1.113794
v 0.486746 0.204499 -0.405463
v 0.486746 0.204499 -0.405463
v 0.486746 0.233207 -0.325018
v 0.486746 0.233207 -0.325018
v 0.486746 0.233207 -0.325018
v 0.486746 0.233857 -0.405463
v 0.486746 0.233857 -0.405463
v 0.409717 0.256647 -0.676968
v 0.409717 0.256647 -0.676968
v 0.409717 0.305350 -0.676968
v 0.409717 0.243791 -0.587143
v 0.409717 0.243791 -0.587143
v 0.527449 0.233857 -0.405463
v 0.527449 0.233857 -0.405463
v 0.527449 0.233207 -0.325018
v 0.527449 0.233207 -0.325018
v 0.527449 0.233207 -0.325018
v 0.527449 0.204499 -0.405463
v 0.527449 0.204499 -0.405463
v 0.352848 0.243791 -0.587143
v 0.352848 0.243791 -0.587143
v 0.352848 0.305350 -0.676968
v 0.352848 0.256647 -0.676968
v 0.352848 0.256647 -0.676968
v 0.449925 0.330234 -0.988761
v 0.449925 0.330234 -0.988761
v 0.476100 0.330356 -0.962575
v 0.476100 0.330356 -0.962575
v 0.547610 0.330690 -1.086488
v 0.547610 0.330690 -1.086488
v 0.511855 0.330523 -1.096072
v 0.511855 0.330523 -1.096072
v 0.573784 0.330812 -0.988761
v 0.573784 0.330812 -0.988761
v 0.583365 0.330856 -1.024531
v 0.583365 0.330856 -1.024531
v 0.511855 0.330523 -0.952990
v 0.511855 0.330523 -0.952990
v 0.476100 0.330356 -1.086488
v 0.476100 0.330356 -1.086488
v 0.573784 0.330812 -1.060302
v 0.573784 0.330812 -1.060302
v 0.547610 0.330690 -0.962575
v 0.547610 0.330690 -0.962575
v 0.449925 0.330234 -1.060302
v 0.449925 0.330234 -1.060302
v 0.440345 0.330189 -1.024531
v 0.440345 0.330189 -1.024531
v 0.511855 0.259090 -1.024531
v 0.511855 0.259090 -1.024531
v 0.511855 0.259090 -1.024531
v 0.511855 0.259090 -1.024531
v 0.511855 0.259090 -1.024531
v 0.511855 0.259090 -1.024531
v 0.511855 0.259090 -1.024531
v 0.511855 0.259090 -1.024531
v 0.511855 0.259090 -1.024531
v 0.511855 0.259090 -1.024531
v 0.511855 0.259090 -1.024531
v 0.511855 0.259090 -1.024531
v 0.478581 0.524060 -1.005313
v 0.478581 0.524060 -1.005313
v 0.492644 0.524126 -0.991244
v 0.492644 0.524126 -0.991244
v 0.531065 0.524305 -1.057819
v 0.531065 0.524305 -1.057819
v 0.511855 0.496233 -1.024531
v 0.511855 0.496233 -1.024531
v 0.511855 0.496233 -1.024531
v 0.511855 0.496233 -1.024531
v 0.511855 0.496233 -1.024531
v 0.511855 0.496233 -1.024531
v 0.511855 0.496233 -1.024531
v 0.511855 0.496233 -1.024531
v 0.511855 0.496233 -1.024531
v 0.511855 0.496233 -1.024531
v 0.511855 0.496233 -1.024531
v 0.511855 0.496233 -1.024531
v 0.511855 0.524215 -1.062969
v 0.511855 0.524215 -1.062969
v 0.545128 0.524371 -1.005313
v 0.545128 0.524371 -1.005313
v 0.550275 0.524395 -1.024531
v 0.550275 0.524395 -1.024531
v 0.511855 0.524215 -0.986094
v 0.511855 0.524215 -0.986094
v 0.492644 0.524126 -1.057819
v 0.492644 0.524126 -1.057819
v 0.545128 0.524371 -1.043750
v 0.545128 0.524371 -1.043750
v 0.531065 0.524305 -0.991244
v 0.531065 0.524305 -0.991244
v 0.478581 0.524060 -1.043750
v 0.478581 0.524060 -1.043750
v 0.473434 0.524036 -1.024531
v 0.473434 0.524036 -1.024531
v 0.649004 0.212444 1.472628
v 0.649004 0.212444 1.472628
v 0.429463 0.239892 1.317861
v 0.429463 0.239892 1.317861
v 0.428265 0.217678 1.561301
v 0.428265 0.217678 1.561301
v 0.647807 0.190231 1.474474
v 0.647807 0.190231 1.474474
v 0.668384 0.187658 1.438671
v 0.668384 0.187658 1.438671
v 0.668384 0.187658 1.438671
v 0.666122 0.187941 1.401994
v 0.666122 0.187941 1.401994
v 0.666122 0.187941 1.401994
v 0.637103 0.191569 1.386162
v 0.637103 0.191569 1.386162
v 0.683330 0.208153 1.437401
v 0.683330 0.208153 1.437401
v 0.683330 0.208153 1.437401
v 0.351180 0.227316 1.319706
v 0.351180 0.227316 1.319706
v 0.278922 0.265350 1.317861
v 0.278922 0.265350 1.317861
v 0.277724 0.243137 1.319706
v 0.277724 0.243137 1.319706
v 0.640055 0.213563 1.458043
v 0.640055 0.213563 1.458043
v 0.669582 0.209872 1.436825
v 0.669582 0.209872 1.436825
v 0.669582 0.209872 1.436825
v 0.638857 0.191350 1.459888
v 0.638857 0.191350 1.459888
v 0.647224 0.190304 1.372376
v 0.647224 0.190304 1.372376
v 0.428265 0.217678 1.302557
v 0.428265 0.217678 1.302557
v 0.429463 0.239892 1.576605
v 0.429463 0.239892 1.576605
v 0.682398 0.208269 1.400780
v 0.682398 0.208269 1.400780
v 0.682398 0.208269 1.400780
v 0.682132 0.185939 1.439247
v 0.682132 0.185939 1.439247
v 0.682132 0.185939 1.439247
v 0.429463 0.239892 1.300711
v 0.429463 0.239892 1.300711
v 0.429463 0.239892 1.559455
v 0.429463 0.239892 1.559455
v 0.648422 0.212517 1.370530
v 0.648422 0.212517 1.370530
v 0.681200 0.186056 1.402626
v 0.681200 0.186056 1.402626
v 0.681200 0.186056 1.402626
v 0.352378 0.249529 1.317861
v 0.352378 0.249529 1.317861
v 0.428265 0.217678 1.319706
v 0.428265 0.217678 1.319706
v 0.667320 0.210154 1.400148
v 0.667320 0.210154 1.400148
v 0.667320 0.210154 1.400148
v 0.638301 0.213782 1.384317
v 0.638301 0.213782 1.384317
v 0.351180 0.227316 1.578450
v 0.351180 0.227316 1.578450
v 0.428265 0.217678 1.578450
v 0.428265 0.217678 1.578450
v 0.504935 0.429206 1.503313
v 0.504935 0.429206 1.503313
v 0.504935 0.429206 1.503313
v 0.428837 0.444829 1.503313
v 0.428837 0.444829 1.503313
v 0.428837 0.444829 1.503313
v 0.636243 0.400715 1.384317
v 0.636243 0.400715 1.384317
v 0.667123 0.394375 1.436825
v 0.667123 0.394375 1.436825
v 0.667123 0.394375 1.436825
v 0.680695 0.391589 1.437401
v 0.680695 0.391589 1.437401
v 0.680695 0.391589 1.437401
v 0.504935 0.406424 1.520462
v 0.504935 0.406424 1.520462
v 0.428837 0.422046 1.520462
v 0.428837 0.422046 1.520462
v 0.428837 0.422046 1.520462
v 0.592136 0.387516 1.473640
v 0.592136 0.387516 1.473640
v 0.504935 0.406424 1.346339
v 0.504935 0.406424 1.346339
v 0.602082 0.385425 1.357612
v 0.602082 0.385425 1.357612
v 0.646809 0.375763 1.472628
v 0.646809 0.375763 1.472628
v 0.680695 0.368806 1.437401
v 0.680695 0.368806 1.437401
v 0.680695 0.368806 1.437401
v 0.664890 0.372051 1.400148
v 0.664890 0.372051 1.400148
v 0.664890 0.372051 1.400148
v 0.679775 0.368995 1.400780
v 0.679775 0.368995 1.400780
v 0.679775 0.368995 1.400780
v 0.428837 0.422046 1.334948
v 0.428837 0.422046 1.334948
v 0.428837 0.422046 1.334948
v 0.428837 0.444829 1.520462
v 0.428837 0.444829 1.520462
v 0.428837 0.444829 1.520462
v 0.428837 0.422046 1.317798
v 0.428837 0.422046 1.317798
v 0.428837 0.422046 1.317798
v 0.428837 0.444829 1.334948
v 0.428837 0.444829 1.334948
v 0.428837 0.444829 1.334948
v 0.636243 0.377932 1.384317
v 0.636243 0.377932 1.384317
v 0.664890 0.394834 1.400148
v 0.664890 0.394834 1.400148
v 0.664890 0.394834 1.400148
v 0.602082 0.408207 1.357612
v 0.602082 0.408207 1.357612
v 0.504935 0.429206 1.329190
v 0.504935 0.429206 1.329190
v 0.595213 0.409618 1.372450
v 0.595213 0.409618 1.372450
v 0.595213 0.409618 1.372450
v 0.646809 0.398546 1.472628
v 0.646809 0.398546 1.472628
v 0.597927 0.409110 1.489109
v 0.597927 0.409110 1.489109
v 0.597927 0.386327 1.489109
v 0.597927 0.386327 1.489109
v 0.667123 0.371592 1.436825
v 0.667123 0.371592 1.436825
v 0.667123 0.371592 1.436825
v 0.637974 0.377577 1.458043
v 0.637974 0.377577 1.458043
v 0.637974 0.400359 1.458043
v 0.637974 0.400359 1.458043
v 0.428837 0.444829 1.317798
v 0.428837 0.444829 1.317798
v 0.428837 0.444829 1.317798
v 0.504935 0.406424 1.503313
v 0.504935 0.406424 1.503313
v 0.428837 0.422046 1.503313
v 0.428837 0.422046 1.503313
v 0.428837 0.422046 1.503313
v 0.679775 0.391778 1.400780
v 0.679775 0.391778 1.400780
v 0.679775 0.391778 1.400780
v 0.535359 0.261787 1.555231
v 0.535359 0.261787 1.555231
v 0.626145 0.258032 1.495900
v 0.626145 0.258032 1.495900
v 0.614575 0.259151 1.483290
v 0.614575 0.259151 1.483290
v 0.523663 0.240174 1.544547
v 0.523663 0.240174 1.544547
v 0.613752 0.236938 1.485330
v 0.613752 0.236938 1.485330
v 0.625321 0.235819 1.497940
v 0.625321 0.235819 1.497940
v 0.381179 0.285022 1.792880
v 0.381179 0.285022 1.792880
v 0.153954 0.281992 1.798776
v 0.153954 0.281992 1.798776
v 0.370049 0.285622 1.779409
v 0.370049 0.285622 1.779409
v 0.380802 0.262808 1.794854
v 0.380802 0.262808 1.794854
v 0.149674 0.282592 1.783177
v 0.149674 0.282592 1.783177
v 0.523967 0.262387 1.542442
v 0.523967 0.262387 1.542442
v 0.451561 0.280501 1.748246
v 0.451561 0.280501 1.748246
v 0.535055 0.239574 1.557336
v 0.535055 0.239574 1.557336
v 0.451199 0.258288 1.750316
v 0.451199 0.258288 1.750316
v 0.440730 0.281101 1.735154
v 0.440730 0.281101 1.735154
v 0.369671 0.263408 1.781382
v 0.369671 0.263408 1.781382
v 0.440368 0.258888 1.737225
v 0.440368 0.258888 1.737225
v 0.150809 0.304806 1.781590
v 0.150809 0.304806 1.781590
v 0.155089 0.304206 1.797189
v 0.155089 0.304206 1.797189
v 0.592136 0.410299 1.473640
v 0.592136 0.410299 1.473640
v 0.592136 0.410299 1.473640
v 0.504935 0.429206 1.346339
v 0.504935 0.429206 1.346339
v 0.504935 0.429206 1.346339
v 0.646234 0.398664 1.370530
v 0.646234 0.398664 1.370530
v 0.646234 0.375881 1.370530
v 0.646234 0.375881 1.370530
v 0.504935 0.406424 1.329190
v 0.504935 0.406424 1.329190
v 0.595213 0.386835 1.372450
v 0.595213 0.386835 1.372450
v 0.504935 0.429206 1.520462
v 0.504935 0.429206 1.520462
v 0.277724 0.243137 1.302557
v 0.277724 0.243137 1.302557
v 0.278922 0.284356 1.559455
v 0.278922 0.284356 1.559455
v 0.352378 0.249529 1.300711
v 0.352378 0.249529 1.300711
v 0.351180 0.227316 1.302557
v 0.351180 0.227316 1.302557
v 0.278922 0.265350 1.300711
v 0.278922 0.265350 1.300711
v 0.277724 0.262142 1.578450
v 0.277724 0.262142 1.578450
v 0.351180 0.227316 1.561301
v 0.351180 0.227316 1.561301
v 0.277724 0.262142 1.561301
v 0.277724 0.262142 1.561301
v 0.352378 0.249529 1.576605
v 0.352378 0.249529 1.576605
v 0.352378 0.249529 1.559455
v 0.352378 0.249529 1.559455
v 0.278922 0.284356 1.576605
v 0.278922 0.284356 1.576605
v 0.429249 0.238178 1.559455
v 0.429249 0.238178 1.317861
v 0.638087 0.212068 1.384317
v 0.639840 0.211849 1.458043
v 0.504584 0.427589 1.346339
v 0.594862 0.408000 1.372450
v 0.591785 0.408681 1.473640
v 0.504584 0.427589 1.503313
v 0.448855 0.445069 1.363678
v 0.411181 0.435878 1.363860
v 0.406435 0.448062 1.363854
v 0.375795 0.441308 1.385649
v 0.496915 0.324174 1.476884
v 0.369453 0.425314 1.420735
v 0.519931 0.350440 1.455090
v 0.533315 0.348300 1.420024
v 0.519795 0.349797 1.385060
v 0.515049 0.361981 1.385054
v 0.488927 0.343079 1.363562
v 0.446506 0.346072 1.363738
v 0.415865 0.339317 1.385534
v 0.420612 0.327133 1.385540
v 0.401556 0.343710 1.420623
v 0.542408 0.224799 1.472548
v 0.518415 0.227672 1.476832
v 0.414454 0.343691 1.455609
v 0.409707 0.355875 1.455603
v 0.564792 0.236153 1.454980
v 0.568457 0.258959 1.419902
v 0.560045 0.248337 1.454975
v 0.554746 0.260942 1.384940
v 0.477241 0.374253 1.476940
v 0.472494 0.386437 1.476934
v 0.437697 0.369921 1.477109
v 0.528624 0.242041 1.363447
v 0.490950 0.232850 1.363630
v 0.513908 0.397696 1.420080
v 0.500253 0.400519 1.455148
v 0.455562 0.238280 1.385419
v 0.499294 0.401977 1.385119
v 0.509161 0.409881 1.420074
v 0.460309 0.226096 1.385425
v 0.441398 0.242303 1.420508
v 0.494548 0.414162 1.385113
v 0.446145 0.230119 1.420514
v 0.449837 0.253737 1.455487
v 0.468425 0.395259 1.363621
v 0.454583 0.241553 1.455493
v 0.430751 0.386069 1.363803
v 0.426004 0.398253 1.363797
v 0.517369 0.272115 1.476825
v 0.386289 0.382465 1.420687
v 0.394868 0.393542 1.455665
v 0.381542 0.394649 1.420681
v 0.422858 0.407587 1.477171
v 0.548592 0.309518 1.419959
v 0.452906 0.436289 1.476991
v 0.508631 0.292926 1.363504
v 0.503885 0.305110 1.363498
v 0.480668 0.450370 1.455204
v 0.440317 0.276981 1.385483
v 0.435571 0.289166 1.385477
v 0.479725 0.451786 1.385175
v 0.444109 0.457253 1.363672
v 0.425958 0.281498 1.420572
v 0.434130 0.293612 1.455552
v 0.429383 0.305796 1.455545
v 0.462120 0.307656 1.477058
v 0.457374 0.319840 1.477052
v 0.380541 0.429124 1.385655
v 0.364706 0.437498 1.420729
v 0.492168 0.336359 1.476878
v 0.524678 0.338255 1.455096
v 0.528568 0.360485 1.420018
v 0.484180 0.355263 1.363556
v 0.451252 0.333888 1.363744
v 0.406302 0.331526 1.420629
v 0.442444 0.357736 1.477115
v 0.573203 0.246774 1.419908
v 0.559492 0.248758 1.384946
v 0.523877 0.254225 1.363441
v 0.486203 0.245034 1.363624
v 0.505000 0.388334 1.455153
v 0.463679 0.407443 1.363615
v 0.477826 0.267782 1.476993
v 0.482573 0.255598 1.476999
v 0.400111 0.379315 1.385598
v 0.395364 0.391499 1.385592
v 0.512623 0.284300 1.476819
v 0.540383 0.298381 1.455032
v 0.390122 0.405726 1.455659
v 0.545129 0.286197 1.455038
v 0.553339 0.297334 1.419965
v 0.553339 0.297334 1.419965
v 0.534753 0.311827 1.384997
v 0.534753 0.311827 1.384997
v 0.534753 0.311827 1.384997
v 0.539500 0.299643 1.385003
v 0.539500 0.299643 1.385003
v 0.418111 0.419772 1.477165
v 0.457652 0.424105 1.476997
v 0.485415 0.438186 1.455210
v 0.489164 0.460777 1.420130
v 0.493910 0.448593 1.420136
v 0.474978 0.463971 1.385169
v 0.421211 0.293682 1.420566
v 0.486406 0.214023 1.447880
v 0.486406 0.214023 1.447880
v 0.486406 0.214023 1.447880
v 0.399495 0.444897 1.448894
v 0.399495 0.444897 1.448894
v 0.399495 0.444897 1.448894
v 0.388386 0.447787 1.421180
v 0.388386 0.447787 1.421180
v 0.388386 0.447787 1.421180
v 0.512963 0.211257 1.458939
v 0.512963 0.211257 1.458939
v 0.512963 0.211257 1.458939
v 0.539519 0.208491 1.447880
v 0.539519 0.208491 1.447880
v 0.539519 0.208491 1.447880
v 0.453139 0.430940 1.448894
v 0.453139 0.430940 1.448894
v 0.453139 0.430940 1.448894
v 0.539519 0.208491 1.394480
v 0.539519 0.208491 1.394480
v 0.539519 0.208491 1.394480
v 0.453139 0.430940 1.393465
v 0.453139 0.430940 1.393465
v 0.453139 0.430940 1.393465
v 0.512963 0.211257 1.383421
v 0.512963 0.211257 1.383421
v 0.512963 0.211257 1.383421
v 0.426317 0.437918 1.381986
v 0.426317 0.437918 1.381986
v 0.426317 0.437918 1.381986
v 0.399496 0.444897 1.393465
v 0.399496 0.444897 1.393465
v 0.399496 0.444897 1.393465
v 0.000000 0.166512 -1.066371
v 0.000000 0.375289 -1.066371
v 0.000000 0.403974 -1.011103
v 0.000000 0.403974 -1.050505
v 0.000000 0.403974 -1.050505
v 0.000000 0.137827 -1.050505
v 0.000000 0.137827 -1.050505
v 0.000000 0.137827 -1.011103
v 0.000000 0.403974 -0.971702
v 0.000000 0.403974 -0.971702
v 0.000000 0.137827 -0.971702
v 0.000000 0.137827 -0.971702
v 0.039948 0.174458 -1.066371
v 0.073814 0.197087 -1.066371
v 0.096442 0.230953 -1.066473
v 0.122944 0.219976 -1.053889
v 0.104389 0.270901 -1.066512
v 0.133073 0.270901 -1.055173
v 0.096442 0.310848 -1.066479
v 0.122944 0.321825 -1.054077
v 0.073814 0.344714 -1.066371
v 0.039948 0.367343 -1.066371
v 0.050925 0.393844 -1.050505
v 0.050925 0.393844 -1.050505
v 0.050925 0.393844 -1.011103
v 0.094097 0.364998 -1.050505
v 0.094097 0.364998 -1.050505
v 0.094097 0.364998 -1.050505
v 0.094097 0.364998 -1.011103
v 0.125981 0.201475 -1.011103
v 0.140137 0.270901 -1.050490
v 0.136458 0.233328 -1.048564
v 0.050925 0.147957 -1.050505
v 0.050925 0.147957 -1.050505
v 0.094097 0.176804 -1.050505
v 0.094097 0.176804 -1.050505
v 0.094097 0.176804 -1.011103
v 0.050925 0.147957 -1.011103
v 0.195364 0.305713 -1.031202
v 0.195364 0.305713 -1.031202
v 0.195364 0.305713 -1.031202
v 0.195364 0.305713 -1.031202
v 0.195364 0.305713 -1.031202
v 0.195364 0.293140 -1.011103
v 0.195364 0.270901 -1.051301
v 0.195364 0.270901 -1.051301
v 0.195364 0.270901 -1.051301
v 0.195364 0.270901 -1.011103
v 0.195364 0.250802 -1.045915
v 0.195364 0.250802 -1.045915
v 0.195364 0.250802 -1.045915
v 0.195364 0.250802 -1.045915
v 0.195364 0.248661 -1.011103
v 0.125981 0.340326 -1.045339
v 0.125981 0.340326 -1.045339
v 0.125981 0.340326 -1.045339
v 0.195364 0.290999 -1.045915
v 0.195364 0.290999 -1.045915
v 0.195364 0.290999 -1.045915
v 0.195364 0.290999 -1.045915
v 0.136458 0.308473 -1.048115
v 0.195364 0.236088 -1.031202
v 0.195364 0.236088 -1.031202
v 0.195364 0.236088 -1.031202
v 0.195364 0.236088 -1.031202
v 0.195364 0.236088 -1.031202
v 0.125981 0.201475 -1.045339
v 0.125981 0.201475 -1.045339
v 0.125981 0.340326 -1.011103
v 0.677248 0.324491 -1.011103
v 0.677248 0.317311 -1.037898
v 0.632356 0.290013 -1.044207
v 0.632356 0.270901 -1.049328
v 0.632356 0.251788 -1.044207
v 0.632356 0.237797 -1.030216
v 0.632356 0.237797 -1.030216
v 0.677248 0.297696 -1.057514
v 0.677248 0.270901 -1.064693
v 0.677248 0.244105 -1.057514
v 0.677248 0.224490 -1.037898
v 0.632356 0.309125 -1.011103
v 0.632356 0.309125 -1.011103
v 0.632356 0.304004 -1.030216
v 0.632356 0.304004 -1.030216
v 0.195364 0.311098 -1.011103
v 0.195364 0.311098 -1.011103
v 0.195364 0.311098 -1.011103
v 0.677248 0.217310 -1.011103
v 0.195364 0.230703 -1.011103
v 0.195364 0.230703 -1.011103
v 0.195364 0.230703 -1.011103
v 0.632356 0.232676 -1.011103
v 0.632356 0.232676 -1.011103
v 0.050925 0.147957 -0.971702
v 0.050925 0.147957 -0.971702
v 0.094097 0.176804 -0.971702
v 0.094097 0.176804 -0.971702
v 0.122944 0.219976 -0.968318
v 0.133073 0.270901 -0.967034
v 0.122944 0.321825 -0.968130
v 0.050925 0.393844 -0.971702
v 0.050925 0.393844 -0.971702
v 0.094097 0.364998 -0.971702
v 0.094097 0.364998 -0.971702
v 0.094097 0.364998 -0.971702
v 0.125981 0.201475 -0.976867
v 0.125981 0.201475 -0.976867
v 0.140137 0.270901 -0.971717
v 0.136458 0.233328 -0.973642
v 0.195364 0.250802 -0.976291
v 0.195364 0.250802 -0.976291
v 0.195364 0.250802 -0.976291
v 0.195364 0.250802 -0.976291
v 0.195364 0.270901 -0.970905
v 0.195364 0.270901 -0.970905
v 0.195364 0.270901 -0.970905
v 0.136458 0.308473 -0.974091
v 0.195364 0.290999 -0.976291
v 0.195364 0.290999 -0.976291
v 0.195364 0.290999 -0.976291
v 0.195364 0.290999 -0.976291
v 0.125981 0.340326 -0.976867
v 0.125981 0.340326 -0.976867
v 0.125981 0.340326 -0.976867
v 0.632356 0.304004 -0.991991
v 0.632356 0.304004 -0.991991
v 0.677248 0.317311 -0.984308
v 0.632356 0.270901 -0.972878
v 0.632356 0.290013 -0.978000
v 0.632356 0.251788 -0.978000
v 0.677248 0.297696 -0.964692
v 0.677248 0.244105 -0.964692
v 0.677248 0.270901 -0.957513
v 0.677248 0.224490 -0.984308
v 0.195364 0.305713 -0.991004
v 0.195364 0.305713 -0.991004
v 0.195364 0.305713 -0.991004
v 0.195364 0.305713 -0.991004
v 0.195364 0.305713 -0.991004
v 0.632356 0.237797 -0.991991
v 0.632356 0.237797 -0.991991
v 0.195364 0.236088 -0.991004
v 0.195364 0.236088 -0.991004
v 0.195364 0.236088 -0.991004
v 0.195364 0.236088 -0.991004
v 0.195364 0.236088 -0.991004
v 0.000000 0.167901 -1.067479
v 0.000000 0.193005 -1.098731
v 0.072832 0.198069 -1.067479
v 0.039416 0.175741 -1.067479
v 0.029809 0.198934 -1.098731
v 0.055081 0.215820 -1.098731
v 0.095160 0.231484 -1.067479
v 0.071966 0.241091 -1.098731
v 0.103000 0.270901 -1.067479
v 0.077896 0.270901 -1.098731
v 0.095160 0.310317 -1.067479
v 0.071966 0.300710 -1.098731
v 0.072832 0.343733 -1.067479
v 0.055081 0.325981 -1.098731
v 0.039416 0.366060 -1.067479
v 0.029809 0.342867 -1.098731
v 0.000000 0.373901 -1.067479
v 0.000000 0.348796 -1.098731
v 0.039605 0.175286 -1.066867
v 0.000000 0.167408 -1.066867
v 0.000000 0.374393 -1.066867
v 0.039605 0.366515 -1.066867
v 0.073180 0.344081 -1.066867
v 0.095614 0.310505 -1.066867
v 0.103492 0.270901 -1.066867
v 0.095614 0.231296 -1.066867
v 0.073180 0.197720 -1.066867
v 0.527449 0.183399 -0.973165
v 0.527449 0.183399 -0.973165
v 0.527449 0.183399 -0.973165
v 0.486746 0.183399 -0.973165
v 0.486746 0.183399 -0.973165
v 0.486746 0.183399 -0.973165
v 0.527449 0.212757 -0.973165
v 0.527449 0.212757 -0.973165
v 0.527449 0.212757 -0.973165
v 0.486746 0.212757 -0.973165
v 0.486746 0.212757 -0.973165
v 0.486746 0.212757 -0.973165
v 0.546022 0.239340 -0.973165
v 0.546022 0.239340 -0.973165
v 0.546022 0.239340 -0.973165
v 0.546022 0.239340 -1.068820
v 0.546022 0.239340 -1.068820
v 0.546022 0.239340 -1.068820
v 0.446825 0.239340 -1.068820
v 0.446825 0.239340 -1.068820
v 0.446825 0.239340 -1.068820
v 0.446825 0.239340 -0.973165
v 0.446825 0.239340 -0.973165
v 0.446825 0.239340 -0.973165
v 0.352848 0.464343 -0.895044
v 0.352848 0.464343 -0.895044
v 0.352848 0.464343 -0.895044
v 0.352848 0.513045 -0.895044
v 0.352848 0.513045 -1.175429
v 0.352848 0.464343 -1.175429
v 0.352848 0.464343 -1.175429
v 0.446825 0.183399 -1.068820
v 0.446825 0.183399 -1.068820
v 0.446825 0.183399 -1.068820
v 0.546022 0.183399 -1.068820
v 0.546022 0.183399 -1.068820
v 0.546022 0.183399 -1.068820
v 0.446825 0.183399 -0.973165
v 0.446825 0.183399 -0.973165
v 0.446825 0.183399 -0.973165
v 0.546022 0.183399 -0.973165
v 0.546022 0.183399 -0.973165
v 0.546022 0.183399 -0.973165
v 0.409717 0.464343 -1.175429
v 0.409717 0.464343 -1.175429
v 0.409717 0.513045 -1.175429
v 0.409717 0.513045 -0.895044
v 0.409717 0.464343 -0.895044
v 0.409717 0.464343 -0.895044
v 0.409717 0.464343 -0.895044
v 0.333863 0.352800 -1.066762
v 0.424445 0.226397 -1.059190
v 0.424445 0.226397 -1.059190
v 0.340226 0.356906 -1.059190
v 0.348918 0.362515 -1.056418
v 0.357610 0.368124 -1.059190
v 0.448191 0.241721 -1.066762
v 0.448191 0.241721 -1.066762
v 0.363973 0.372230 -1.066762
v 0.450520 0.243224 -1.077107
v 0.450520 0.243224 -1.077107
v 0.366302 0.373733 -1.077107
v 0.363973 0.372230 -1.087451
v 0.441828 0.237615 -1.095024
v 0.441828 0.237615 -1.095024
v 0.357610 0.368124 -1.095024
v 0.348918 0.362515 -1.097796
v 0.340226 0.356906 -1.095024
v 0.333863 0.352800 -1.087451
v 0.415753 0.220788 -1.077107
v 0.415753 0.220788 -1.077107
v 0.415753 0.220788 -1.077107
v 0.331534 0.351297 -1.077107
v 0.331534 0.351297 -1.077107
v 0.468282 0.211494 -1.066018
v 0.468282 0.211494 -1.112230
v 0.468282 0.211494 -1.112230
v 0.465511 0.221838 -1.112312
v 0.465511 0.221838 -1.112312
v 0.465511 0.221838 -1.066100
v 0.447602 0.190805 -1.066626
v 0.447602 0.190805 -1.112838
v 0.447602 0.190805 -1.112838
v 0.457942 0.193576 -1.112534
v 0.457942 0.193576 -1.112534
v 0.457942 0.193576 -1.066322
v 0.437262 0.229411 -1.066931
v 0.437262 0.229411 -1.113142
v 0.437262 0.229411 -1.113142
v 0.429692 0.221838 -1.113365
v 0.429692 0.221838 -1.113365
v 0.429692 0.221838 -1.067153
v 0.426922 0.211494 -1.067235
v 0.426922 0.211494 -1.113446
v 0.426922 0.211494 -1.113446
v 0.429692 0.201149 -1.113365
v 0.429692 0.201149 -1.113365
v 0.429692 0.201149 -1.067153
v 0.457942 0.229411 -1.112534
v 0.457942 0.229411 -1.112534
v 0.457942 0.229411 -1.066322
v 0.465511 0.201149 -1.112312
v 0.465511 0.201149 -1.112312
v 0.465511 0.201149 -1.066100
v 0.437262 0.193576 -1.113142
v 0.437262 0.193576 -1.113142
v 0.437262 0.193576 -1.066931
v 0.447602 0.232183 -1.112838
v 0.447602 0.232183 -1.112838
v 0.447602 0.232183 -1.066626
v 0.583365 0.356218 -1.024531
v 0.573784 0.356174 -1.060302
v 0.511855 0.355885 -0.952990
v 0.547610 0.356052 -0.962575
v 0.476100 0.355718 -1.086488
v 0.449925 0.355596 -1.060302
v 0.440345 0.355551 -1.024531
v 0.449925 0.355596 -0.988761
v 0.547610 0.356052 -1.086488
v 0.573784 0.356174 -0.988761
v 0.476100 0.355718 -0.962575
v 0.511855 0.355885 -1.096072
v 0.554533 0.561693 -1.024531
v 0.548815 0.561666 -1.045880
v 0.511855 0.561493 -0.981834
v 0.533194 0.561593 -0.987555
v 0.490515 0.561394 -1.061508
v 0.474894 0.561321 -1.045880
v 0.469176 0.561294 -1.024531
v 0.474894 0.561321 -1.003183
v 0.533194 0.561593 -1.061508
v 0.548815 0.561666 -1.003183
v 0.490515 0.561394 -0.987555
v 0.511855 0.561493 -1.067229
v 0.437113 0.208675 -1.071732
v 0.418082 0.222291 -1.066762
v 0.418082 0.222291 -1.066762
v 0.435903 0.207894 -1.077107
v 0.440419 0.210808 -1.067798
v 0.444935 0.213722 -1.066357
v 0.433137 0.232006 -1.056418
v 0.433137 0.232006 -1.056418
v 0.449451 0.216637 -1.067798
v 0.441828 0.237615 -1.059190
v 0.441828 0.237615 -1.059190
v 0.452757 0.218770 -1.071732
v 0.453967 0.219551 -1.077107
v 0.452757 0.218770 -1.082482
v 0.448191 0.241721 -1.087451
v 0.448191 0.241721 -1.087451
v 0.449451 0.216637 -1.086416
v 0.444935 0.213722 -1.087856
v 0.433137 0.232006 -1.097796
v 0.433137 0.232006 -1.097796
v 0.440419 0.210808 -1.086416
v 0.424445 0.226397 -1.095024
v 0.424445 0.226397 -1.095024
v 0.437113 0.208675 -1.082482
v 0.418082 0.222291 -1.087451
v 0.418082 0.222291 -1.087451
v 0.564327 0.362019 -1.064933
v 0.577269 0.382632 -1.027462
v 0.456259 0.514566 -1.064398
v 0.456259 0.527085 -1.064398
v 0.489538 0.531031 -1.087760
v 0.489538 0.518513 -1.087760
v 0.564699 0.392894 -0.989865
v 0.564699 0.380376 -0.989865
v 0.530817 0.522460 -1.087965
v 0.531418 0.396841 -0.966503
v 0.490141 0.400788 -0.966298
v 0.577269 0.547965 -1.027462
v 0.577269 0.535446 -1.027462
v 0.564699 0.556823 -0.989865
v 0.564699 0.544305 -0.989865
v 0.443689 0.411866 -1.026800
v 0.443689 0.399348 -1.026800
v 0.456259 0.405730 -1.064398
v 0.490140 0.552197 -0.966298
v 0.456631 0.556144 -0.989330
v 0.530817 0.426141 -1.087965
v 0.577269 0.426212 -1.027462
v 0.564699 0.446801 -0.989865
v 0.564699 0.434283 -0.989865
v 0.531418 0.450748 -0.966503
v 0.531418 0.438230 -0.966503
v 0.490141 0.454694 -0.966298
v 0.490141 0.442176 -0.966298
v 0.443689 0.466326 -1.026800
v 0.443689 0.453808 -1.026800
v 0.456259 0.473061 -1.064398
v 0.489538 0.464489 -1.087760
v 0.530817 0.480954 -1.087965
v 0.530817 0.468436 -1.087965
v 0.564327 0.472382 -1.064933
v 0.577269 0.494075 -1.027462
v 0.564699 0.502879 -0.989865
v 0.531418 0.494306 -0.966503
v 0.489538 0.354126 -1.087760
v 0.489538 0.354126 -1.087760
v 0.489538 0.366644 -1.087760
v 0.489538 0.366644 -1.087760
v 0.456259 0.362698 -1.064398
v 0.456259 0.350180 -1.064398
v 0.443689 0.362901 -1.026800
v 0.443689 0.350383 -1.026800
v 0.456631 0.514717 -0.989330
v 0.456631 0.502199 -0.989330
v 0.443689 0.508709 -1.026800
v 0.577269 0.370114 -1.027462
v 0.564327 0.374537 -1.064933
v 0.564327 0.374537 -1.064933
v 0.530817 0.534978 -1.087965
v 0.531418 0.384323 -0.966503
v 0.564327 0.526405 -1.064933
v 0.564327 0.538923 -1.064933
v 0.490141 0.388270 -0.966298
v 0.490141 0.388270 -0.966298
v 0.456631 0.392215 -0.989330
v 0.456631 0.392215 -0.989330
v 0.456631 0.404733 -0.989330
v 0.456631 0.404733 -0.989330
v 0.456631 0.404733 -0.989330
v 0.531418 0.548251 -0.966503
v 0.531418 0.548251 -0.966503
v 0.531418 0.548251 -0.966503
v 0.531418 0.560769 -0.966503
v 0.531418 0.560769 -0.966503
v 0.456259 0.418248 -1.064398
v 0.490140 0.564715 -0.966298
v 0.490140 0.564715 -0.966298
v 0.489538 0.409677 -1.087760
v 0.489538 0.422195 -1.087760
v 0.456631 0.568662 -0.989330
v 0.530817 0.413622 -1.087965
v 0.530817 0.413622 -1.087965
v 0.564327 0.417569 -1.064933
v 0.564327 0.417569 -1.064933
v 0.564327 0.430087 -1.064933
v 0.564327 0.430087 -1.064933
v 0.577269 0.438730 -1.027462
v 0.577269 0.438730 -1.027462
v 0.456631 0.446122 -0.989330
v 0.456631 0.458640 -0.989330
v 0.456259 0.460543 -1.064398
v 0.489538 0.477008 -1.087760
v 0.564327 0.484900 -1.064933
v 0.577269 0.481557 -1.027462
v 0.564699 0.490361 -0.989865
v 0.531418 0.506824 -0.966503
v 0.490140 0.498253 -0.966298
v 0.490140 0.510771 -0.966298
v 0.530817 0.358072 -1.087965
v 0.530817 0.358072 -1.087965
v 0.530817 0.358072 -1.087965
v 0.530817 0.370590 -1.087965
v 0.530817 0.370590 -1.087965
v 0.443689 0.521227 -1.026800
v 0.464248 0.428050 1.421180
v 0.464248 0.428050 1.421180
v 0.426317 0.437918 1.460374
v 0.426317 0.437918 1.460374
v 0.426317 0.437918 1.460374
v 0.550519 0.207346 1.421180
v 0.550519 0.207346 1.421180
v 0.486407 0.214023 1.394480
v 0.486407 0.214023 1.394480
v 0.486407 0.214023 1.394480
v 0.475407 0.215169 1.421180
v 0.475407 0.215169 1.421180
v 0.475407 0.215169 1.421180
v 0.546400 0.324501 -1.024531
v 0.546400 0.324501 -1.024531
v 0.541772 0.324463 -1.041812
v 0.511855 0.324223 -0.989971
v 0.511855 0.324223 -0.989971
v 0.529127 0.324362 -0.994601
v 0.494582 0.324084 -1.054462
v 0.494582 0.324084 -1.054462
v 0.481937 0.323982 -1.041812
v 0.477309 0.323945 -1.024531
v 0.481937 0.323982 -1.007251
v 0.529127 0.324362 -1.054462
v 0.541772 0.324463 -1.007251
v 0.541772 0.324463 -1.007251
v 0.494582 0.324084 -0.994601
v 0.494582 0.324084 -0.994601
v 0.511855 0.324223 -1.059092
v 0.511855 0.324223 -1.059092
v 0.511855 0.514494 -1.059092
v 0.511855 0.514494 -1.059092
v 0.494582 0.514355 -0.994601
v 0.494582 0.514355 -0.994601
v 0.541772 0.514734 -1.007251
v 0.541772 0.514734 -1.007251
v 0.529127 0.514633 -1.054462
v 0.481937 0.514253 -1.007251
v 0.477309 0.514216 -1.024531
v 0.481937 0.514253 -1.041812
v 0.494582 0.514355 -1.054462
v 0.494582 0.514355 -1.054462
v 0.529127 0.514633 -0.994601
v 0.511855 0.514494 -0.989971
v 0.511855 0.514494 -0.989971
v 0.541772 0.514734 -1.041812
v 0.546400 0.514771 -1.024531
v 0.546400 0.514771 -1.024531
v -0.748175 0.895153 0.760129
v -0.749097 0.892170 0.762870
v -0.748730 0.894279 0.762117
v -0.748730 0.894279 0.762117
v -0.743650 0.892176 0.740235
v -0.744109 0.895153 0.743232
v -0.743688 0.894281 0.741162
v -0.743688 0.894281 0.741162
v -0.751091 0.866784 0.761852
v -0.750652 0.863599 0.758862
v -0.751066 0.864532 0.760923
v -0.751066 0.864532 0.760923
v -0.746596 0.863599 0.742003
v -0.745642 0.866814 0.739218
v -0.746026 0.864540 0.739981
v -0.746026 0.864540 0.739981
v -0.706032 0.893535 0.764280
v -0.706032 0.893535 0.764280
v -0.707132 0.890494 0.767131
v -0.707132 0.890494 0.767131
v -0.706494 0.892658 0.766335
v -0.706494 0.892658 0.766335
v -0.706494 0.892658 0.766335
v -0.703947 0.890198 0.739293
v -0.703947 0.890198 0.739293
v -0.703526 0.893285 0.742340
v -0.703526 0.893285 0.742340
v -0.703510 0.892367 0.740225
v -0.703510 0.892367 0.740225
v -0.703510 0.892367 0.740225
v -0.714890 0.859243 0.766169
v -0.714890 0.859243 0.766169
v -0.715309 0.856170 0.763135
v -0.715309 0.856170 0.763135
v -0.715325 0.857084 0.765242
v -0.715325 0.857084 0.765242
v -0.715325 0.857084 0.765242
v -0.712807 0.855921 0.741230
v -0.712807 0.855921 0.741230
v -0.711707 0.858942 0.738331
v -0.711707 0.858942 0.738331
v -0.712343 0.856792 0.739141
v -0.712343 0.856792 0.739141
v -0.712343 0.856792 0.739141
v -0.706395 0.891281 0.762531
v -0.706395 0.891281 0.762531
v -0.707507 0.888200 0.765396
v -0.707507 0.888200 0.765396
v -0.706861 0.890393 0.764596
v -0.706861 0.890393 0.764596
v -0.706861 0.890393 0.764596
v -0.704701 0.887943 0.740888
v -0.704701 0.887943 0.740888
v -0.704272 0.891069 0.743947
v -0.704272 0.891069 0.743947
v -0.704258 0.890140 0.741823
v -0.704258 0.890140 0.741823
v -0.714135 0.861500 0.764574
v -0.714135 0.861500 0.764574
v -0.714563 0.858386 0.761527
v -0.714563 0.858386 0.761527
v -0.714577 0.859312 0.763642
v -0.714577 0.859312 0.763642
v -0.714577 0.859312 0.763642
v -0.712443 0.858175 0.742973
v -0.712443 0.858175 0.742973
v -0.711331 0.861239 0.740066
v -0.711331 0.861239 0.740066
v -0.711975 0.859058 0.740878
v -0.711975 0.859058 0.740878
v -0.711975 0.859058 0.740878
v -0.696642 0.890426 0.769049
v -0.695532 0.893502 0.766185
v -0.695997 0.892615 0.768250
v -0.695997 0.892615 0.768250
v -0.692768 0.893227 0.741988
v -0.693196 0.890105 0.738932
v -0.692753 0.892299 0.739866
v -0.705569 0.853079 0.764950
v -0.705142 0.856189 0.767995
v -0.705583 0.854004 0.767064
v -0.705583 0.854004 0.767064
v -0.701697 0.855864 0.737877
v -0.702808 0.852803 0.740781
v -0.702341 0.853686 0.738688
v -0.702341 0.853686 0.738688
v -0.724819 0.896421 0.762951
v -0.724819 0.896421 0.762951
v -0.722768 0.896106 0.763097
v -0.722768 0.896106 0.763097
v -0.718899 0.895512 0.763370
v -0.718899 0.895512 0.763370
v -0.716847 0.895196 0.763515
v -0.716847 0.895196 0.763515
v -0.712978 0.894602 0.763789
v -0.712978 0.894602 0.763789
v -0.710927 0.894287 0.763934
v -0.710927 0.894287 0.763934
v -0.713439 0.893727 0.765840
v -0.713439 0.893727 0.765840
v -0.713439 0.893727 0.765840
v -0.711388 0.893411 0.765987
v -0.711388 0.893411 0.765987
v -0.711388 0.893411 0.765987
v -0.719359 0.894638 0.765419
v -0.719359 0.894638 0.765419
v -0.719359 0.894638 0.765419
v -0.717307 0.894323 0.765565
v -0.717307 0.894323 0.765565
v -0.717307 0.894323 0.765565
v -0.725278 0.895550 0.764997
v -0.725278 0.895550 0.764997
v -0.725278 0.895550 0.764997
v -0.723227 0.895234 0.765143
v -0.723227 0.895234 0.765143
v -0.723227 0.895234 0.765143
v -0.712025 0.891251 0.766782
v -0.712025 0.891251 0.766782
v -0.714076 0.891568 0.766635
v -0.714076 0.891568 0.766635
v -0.717943 0.892166 0.766359
v -0.717943 0.892166 0.766359
v -0.719994 0.892483 0.766212
v -0.719994 0.892483 0.766212
v -0.723862 0.893081 0.765936
v -0.723862 0.893081 0.765936
v -0.725913 0.893398 0.765790
v -0.725913 0.893398 0.765790
v -0.720204 0.856922 0.762789
v -0.720204 0.856922 0.762789
v -0.722255 0.857238 0.762643
v -0.722255 0.857238 0.762643
v -0.726124 0.857832 0.762369
v -0.726124 0.857832 0.762369
v -0.728175 0.858147 0.762224
v -0.728175 0.858147 0.762224
v -0.732044 0.858742 0.761950
v -0.732044 0.858742 0.761950
v -0.734096 0.859057 0.761804
v -0.734096 0.859057 0.761804
v -0.732061 0.859650 0.764049
v -0.732061 0.859650 0.764049
v -0.732061 0.859650 0.764049
v -0.734113 0.859965 0.763903
v -0.734113 0.859965 0.763903
v -0.734113 0.859965 0.763903
v -0.726141 0.858743 0.764471
v -0.726141 0.858743 0.764471
v -0.726141 0.858743 0.764471
v -0.728192 0.859057 0.764325
v -0.728192 0.859057 0.764325
v -0.728192 0.859057 0.764325
v -0.720220 0.857835 0.764893
v -0.720220 0.857835 0.764893
v -0.720220 0.857835 0.764893
v -0.722272 0.858149 0.764747
v -0.722272 0.858149 0.764747
v -0.722272 0.858149 0.764747
v -0.733681 0.862110 0.764826
v -0.733681 0.862110 0.764826
v -0.731629 0.861797 0.764973
v -0.731629 0.861797 0.764973
v -0.727759 0.861207 0.765250
v -0.727759 0.861207 0.765250
v -0.725707 0.860894 0.765396
v -0.725707 0.860894 0.765396
v -0.721838 0.860303 0.765673
v -0.721838 0.860303 0.765673
v -0.719786 0.859990 0.765819
v -0.719786 0.859990 0.765819
v -0.716602 0.859689 0.737981
v -0.716602 0.859689 0.737981
v -0.718654 0.860002 0.737834
v -0.718654 0.860002 0.737834
v -0.722523 0.860592 0.737558
v -0.722523 0.860592 0.737558
v -0.724575 0.860905 0.737411
v -0.724575 0.860905 0.737411
v -0.728445 0.861496 0.737135
v -0.728445 0.861496 0.737135
v -0.730497 0.861809 0.736988
v -0.730497 0.861809 0.736988
v -0.729078 0.859358 0.737943
v -0.729078 0.859358 0.737943
v -0.729078 0.859358 0.737943
v -0.731130 0.859672 0.737797
v -0.731130 0.859672 0.737797
v -0.731130 0.859672 0.737797
v -0.723158 0.858450 0.738367
v -0.723158 0.858450 0.738367
v -0.723158 0.858450 0.738367
v -0.725209 0.858765 0.738220
v -0.725209 0.858765 0.738220
v -0.725209 0.858765 0.738220
v -0.717237 0.857542 0.738791
v -0.717237 0.857542 0.738791
v -0.717237 0.857542 0.738791
v -0.719289 0.857857 0.738644
v -0.719289 0.857857 0.738644
v -0.719289 0.857857 0.738644
v -0.731591 0.858807 0.739880
v -0.731591 0.858807 0.739880
v -0.729540 0.858492 0.740028
v -0.729540 0.858492 0.740028
v -0.725672 0.857898 0.740306
v -0.725672 0.857898 0.740306
v -0.723620 0.857583 0.740453
v -0.723620 0.857583 0.740453
v -0.719752 0.856988 0.740731
v -0.719752 0.856988 0.740731
v -0.717701 0.856673 0.740878
v -0.717701 0.856673 0.740878
v -0.708420 0.894037 0.741988
v -0.708420 0.894037 0.741988
v -0.710471 0.894352 0.741841
v -0.710471 0.894352 0.741841
v -0.714340 0.894946 0.741562
v -0.714340 0.894946 0.741562
v -0.716391 0.895262 0.741415
v -0.716391 0.895262 0.741415
v -0.720259 0.895856 0.741137
v -0.720259 0.895856 0.741137
v -0.722311 0.896171 0.740989
v -0.722311 0.896171 0.740989
v -0.720242 0.894943 0.739027
v -0.720242 0.894943 0.739027
v -0.720242 0.894943 0.739027
v -0.722293 0.895259 0.738880
v -0.722293 0.895259 0.738880
v -0.722293 0.895259 0.738880
v -0.714323 0.894031 0.739451
v -0.714323 0.894031 0.739451
v -0.714323 0.894031 0.739451
v -0.716374 0.894347 0.739304
v -0.716374 0.894347 0.739304
v -0.716374 0.894347 0.739304
v -0.708403 0.893120 0.739874
v -0.708403 0.893120 0.739874
v -0.708403 0.893120 0.739874
v -0.710455 0.893436 0.739727
v -0.710455 0.893436 0.739727
v -0.710455 0.893436 0.739727
v -0.722728 0.893103 0.737952
v -0.722728 0.893103 0.737952
v -0.720677 0.892785 0.738098
v -0.720677 0.892785 0.738098
v -0.716809 0.892187 0.738374
v -0.716809 0.892187 0.738374
v -0.714758 0.891870 0.738521
v -0.714758 0.891870 0.738521
v -0.710891 0.891272 0.738797
v -0.710891 0.891272 0.738797
v -0.708840 0.890955 0.738944
v -0.708840 0.890955 0.738944
v -0.708796 0.892130 0.740579
v -0.708796 0.892130 0.740579
v -0.708796 0.892130 0.740579
v -0.710731 0.892427 0.740441
v -0.710731 0.892427 0.740441
v -0.710731 0.892427 0.740441
v -0.711143 0.890386 0.739563
v -0.711143 0.890386 0.739563
v -0.709208 0.890087 0.739701
v -0.709208 0.890087 0.739701
v -0.714716 0.893041 0.740155
v -0.714716 0.893041 0.740155
v -0.714716 0.893041 0.740155
v -0.716651 0.893339 0.740017
v -0.716651 0.893339 0.740017
v -0.716651 0.893339 0.740017
v -0.717061 0.891301 0.739140
v -0.717061 0.891301 0.739140
v -0.715127 0.891002 0.739278
v -0.715127 0.891002 0.739278
v -0.720635 0.893952 0.739732
v -0.720635 0.893952 0.739732
v -0.720635 0.893952 0.739732
v -0.722570 0.894250 0.739593
v -0.722570 0.894250 0.739593
v -0.722570 0.894250 0.739593
v -0.722980 0.892216 0.738717
v -0.722980 0.892216 0.738717
v -0.721045 0.891917 0.738856
v -0.721045 0.891917 0.738856
v -0.708812 0.892994 0.742573
v -0.708812 0.892994 0.742573
v -0.710747 0.893292 0.742434
v -0.710747 0.893292 0.742434
v -0.714732 0.893904 0.742148
v -0.714732 0.893904 0.742148
v -0.716667 0.894201 0.742008
v -0.716667 0.894201 0.742008
v -0.720651 0.894813 0.741722
v -0.720651 0.894813 0.741722
v -0.722586 0.895111 0.741583
v -0.722586 0.895111 0.741583
v -0.717130 0.858567 0.739557
v -0.717130 0.858567 0.739557
v -0.717130 0.858567 0.739557
v -0.719065 0.858864 0.739418
v -0.719065 0.858864 0.739418
v -0.719065 0.858864 0.739418
v -0.719502 0.858044 0.741387
v -0.719502 0.858044 0.741387
v -0.717567 0.857747 0.741526
v -0.717567 0.857747 0.741526
v -0.723050 0.859475 0.739133
v -0.723050 0.859475 0.739133
v -0.723050 0.859475 0.739133
v -0.724985 0.859772 0.738995
v -0.724985 0.859772 0.738995
v -0.724985 0.859772 0.738995
v -0.725422 0.858954 0.740962
v -0.725422 0.858954 0.740962
v -0.723487 0.858657 0.741101
v -0.723487 0.858657 0.741101
v -0.728970 0.860383 0.738710
v -0.728970 0.860383 0.738710
v -0.728970 0.860383 0.738710
v -0.730906 0.860680 0.738571
v -0.730906 0.860680 0.738571
v -0.730906 0.860680 0.738571
v -0.731341 0.859864 0.740537
v -0.731341 0.859864 0.740537
v -0.729406 0.859566 0.740676
v -0.729406 0.859566 0.740676
v -0.716530 0.860592 0.738793
v -0.716530 0.860592 0.738793
v -0.718466 0.860887 0.738655
v -0.718466 0.860887 0.738655
v -0.722452 0.861496 0.738370
v -0.722452 0.861496 0.738370
v -0.724387 0.861791 0.738232
v -0.724387 0.861791 0.738232
v -0.728373 0.862400 0.737947
v -0.728373 0.862400 0.737947
v -0.730309 0.862695 0.737809
v -0.730309 0.862695 0.737809
v -0.719944 0.858843 0.764180
v -0.719944 0.858843 0.764180
v -0.719944 0.858843 0.764180
v -0.721879 0.859140 0.764042
v -0.721879 0.859140 0.764042
v -0.721879 0.859140 0.764042
v -0.721469 0.861172 0.764916
v -0.721469 0.861172 0.764916
v -0.719534 0.860877 0.765054
v -0.719534 0.860877 0.765054
v -0.725864 0.859751 0.763758
v -0.725864 0.859751 0.763758
v -0.725864 0.859751 0.763758
v -0.727799 0.860048 0.763620
v -0.727799 0.860048 0.763620
v -0.727799 0.860048 0.763620
v -0.727391 0.862076 0.764493
v -0.727391 0.862076 0.764493
v -0.725455 0.861780 0.764631
v -0.725455 0.861780 0.764631
v -0.731784 0.860659 0.763336
v -0.731784 0.860659 0.763336
v -0.731784 0.860659 0.763336
v -0.733720 0.860956 0.763198
v -0.733720 0.860956 0.763198
v -0.733720 0.860956 0.763198
v -0.733312 0.862980 0.764070
v -0.733312 0.862980 0.764070
v -0.731377 0.862684 0.764208
v -0.731377 0.862684 0.764208
v -0.719928 0.857982 0.762195
v -0.719928 0.857982 0.762195
v -0.721863 0.858280 0.762058
v -0.721863 0.858280 0.762058
v -0.725848 0.858892 0.761776
v -0.725848 0.858892 0.761776
v -0.727784 0.859189 0.761638
v -0.727784 0.859189 0.761638
v -0.731768 0.859802 0.761356
v -0.731768 0.859802 0.761356
v -0.733704 0.860099 0.761219
v -0.733704 0.860099 0.761219
v -0.725386 0.894525 0.764231
v -0.725386 0.894525 0.764231
v -0.725386 0.894525 0.764231
v -0.723451 0.894227 0.764369
v -0.723451 0.894227 0.764369
v -0.723451 0.894227 0.764369
v -0.724050 0.892196 0.765117
v -0.724050 0.892196 0.765117
v -0.725985 0.892495 0.764978
v -0.725985 0.892495 0.764978
v -0.719466 0.893613 0.764652
v -0.719466 0.893613 0.764652
v -0.719466 0.893613 0.764652
v -0.717531 0.893315 0.764790
v -0.717531 0.893315 0.764790
v -0.717531 0.893315 0.764790
v -0.718131 0.891281 0.765539
v -0.718131 0.891281 0.765539
v -0.720066 0.891580 0.765401
v -0.720066 0.891580 0.765401
v -0.713547 0.892702 0.765074
v -0.713547 0.892702 0.765074
v -0.713547 0.892702 0.765074
v -0.711612 0.892404 0.765212
v -0.711612 0.892404 0.765212
v -0.711612 0.892404 0.765212
v -0.712213 0.890366 0.765962
v -0.712213 0.890366 0.765962
v -0.714147 0.890665 0.765824
v -0.714147 0.890665 0.765824
v -0.724953 0.895347 0.762301
v -0.724953 0.895347 0.762301
v -0.723018 0.895049 0.762438
v -0.723018 0.895049 0.762438
v -0.719033 0.894437 0.762720
v -0.719033 0.894437 0.762720
v -0.717097 0.894140 0.762857
v -0.717097 0.894140 0.762857
v -0.713112 0.893527 0.763139
v -0.713112 0.893527 0.763139
v -0.711177 0.893230 0.763276
v -0.711177 0.893230 0.763276
v -0.730610 0.897060 0.762468
v -0.728824 0.897037 0.762668
v -0.728824 0.897037 0.762668
v -0.729916 0.894017 0.765504
v -0.729916 0.894017 0.765504
v -0.731707 0.894039 0.765298
v -0.729282 0.896166 0.764712
v -0.729282 0.896166 0.764712
v -0.729282 0.896166 0.764712
v -0.729282 0.896166 0.764712
v -0.731071 0.896188 0.764510
v -0.731071 0.896188 0.764510
v -0.728545 0.893762 0.737733
v -0.726731 0.893722 0.737666
v -0.726731 0.893722 0.737666
v -0.726315 0.896787 0.740701
v -0.726315 0.896787 0.740701
v -0.728130 0.896824 0.740763
v -0.728111 0.895914 0.738657
v -0.728111 0.895914 0.738657
v -0.726297 0.895875 0.738593
v -0.726297 0.895875 0.738593
v -0.726297 0.895875 0.738593
v -0.726297 0.895875 0.738593
v -0.739357 0.863170 0.764297
v -0.737686 0.862722 0.764540
v -0.737686 0.862722 0.764540
v -0.738100 0.859672 0.761521
v -0.738100 0.859672 0.761521
v -0.739764 0.860123 0.761271
v -0.739785 0.861029 0.763369
v -0.739785 0.861029 0.763369
v -0.738117 0.860579 0.763618
v -0.738117 0.860579 0.763618
v -0.738117 0.860579 0.763618
v -0.738117 0.860579 0.763618
v -0.737292 0.859890 0.739729
v -0.735596 0.859423 0.739593
v -0.735596 0.859423 0.739593
v -0.734502 0.862420 0.736702
v -0.734502 0.862420 0.736702
v -0.736196 0.862887 0.736829
v -0.736827 0.860754 0.737643
v -0.736827 0.860754 0.737643
v -0.735134 0.860286 0.737510
v -0.735134 0.860286 0.737510
v -0.735134 0.860286 0.737510
v -0.735134 0.860286 0.737510
v -0.693086 0.894006 0.775228
v -0.693086 0.894006 0.775228
v -0.675454 0.969984 0.720087
v -0.675454 0.969984 0.720087
v -0.675454 0.969984 0.720087
v -0.703768 0.836991 0.814875
v -0.703768 0.836991 0.814875
v -0.703768 0.836991 0.814875
v -0.703854 0.836999 0.720212
v -0.703854 0.836999 0.720212
v -0.703854 0.836999 0.720212
v -0.699294 0.894078 0.775233
v -0.699294 0.894078 0.775233
v -0.702761 0.892368 0.772678
v -0.702761 0.892368 0.772678
v -0.686936 0.960518 0.723218
v -0.686936 0.960518 0.723218
v -0.686936 0.960518 0.723218
v -0.681661 0.970057 0.720093
v -0.681661 0.970057 0.720093
v -0.681661 0.970057 0.720093
v -0.681661 0.970057 0.720093
v -0.709977 0.837063 0.814881
v -0.709977 0.837063 0.814881
v -0.709977 0.837063 0.814881
v -0.709977 0.837063 0.814881
v -0.712556 0.840162 0.808983
v -0.712556 0.840162 0.808983
v -0.712556 0.840162 0.808983
v -0.710062 0.837072 0.720218
v -0.710062 0.837072 0.720218
v -0.710062 0.837072 0.720218
v -0.710062 0.837072 0.720218
v -0.712559 0.840154 0.723332
v -0.712559 0.840154 0.723332
v -0.712559 0.840154 0.723332
v -0.756962 0.859043 0.745415
v -0.756962 0.859043 0.745415
v -0.750135 0.863339 0.746487
v -0.750135 0.863339 0.746487
v -0.752600 0.860662 0.746100
v -0.752600 0.860662 0.746100
v -0.884817 0.932925 0.725327
v -0.884817 0.932925 0.725327
v -0.891714 0.928619 0.724244
v -0.891714 0.928619 0.724244
v -0.889223 0.931350 0.724635
v -0.889223 0.931350 0.724635
v -0.746022 0.921200 0.747134
v -0.746022 0.921200 0.747134
v -0.754723 0.930136 0.745767
v -0.754723 0.930136 0.745767
v -0.749073 0.926715 0.746654
v -0.749073 0.926715 0.746654
v -0.892776 0.866561 0.724077
v -0.892776 0.866561 0.724077
v -0.882877 0.858715 0.725632
v -0.882877 0.858715 0.725632
v -0.888970 0.861509 0.724675
v -0.888970 0.861509 0.724675
v -0.889610 0.937644 0.712958
v -0.889610 0.937644 0.712958
v -0.896480 0.933267 0.711878
v -0.896480 0.933267 0.711878
v -0.894005 0.936039 0.712267
v -0.894005 0.936039 0.712267
v -0.748599 0.854488 0.735112
v -0.748599 0.854488 0.735112
v -0.741802 0.858860 0.736180
v -0.741802 0.858860 0.736180
v -0.744251 0.856139 0.735795
v -0.744251 0.856139 0.735795
v -0.897510 0.862072 0.711716
v -0.897510 0.862072 0.711716
v -0.887624 0.854142 0.713270
v -0.887624 0.854142 0.713270
v -0.893729 0.856978 0.712310
v -0.893729 0.856978 0.712310
v -0.737324 0.925361 0.736884
v -0.737324 0.925361 0.736884
v -0.745992 0.934386 0.735522
v -0.745992 0.934386 0.735522
v -0.740353 0.930914 0.736408
v -0.740353 0.930914 0.736408
v -0.891138 0.937644 0.722681
v -0.891138 0.937644 0.722681
v -0.889828 0.936522 0.724540
v -0.889828 0.936522 0.724540
v -0.896746 0.932191 0.723453
v -0.896746 0.932191 0.723453
v -0.898008 0.933267 0.721602
v -0.898008 0.933267 0.721602
v -0.894255 0.934945 0.723844
v -0.894255 0.934945 0.723844
v -0.895532 0.936039 0.721991
v -0.895532 0.936039 0.721991
v -0.750127 0.854488 0.744836
v -0.750127 0.854488 0.744836
v -0.751957 0.855579 0.746201
v -0.751957 0.855579 0.746201
v -0.745103 0.859899 0.747278
v -0.745103 0.859899 0.747278
v -0.743330 0.858860 0.745904
v -0.743330 0.858860 0.745904
v -0.745779 0.856139 0.745519
v -0.745779 0.856139 0.745519
v -0.747571 0.857199 0.746890
v -0.747571 0.857199 0.746890
v -0.899038 0.862072 0.721440
v -0.899038 0.862072 0.721440
v -0.897776 0.863116 0.723291
v -0.897776 0.863116 0.723291
v -0.887846 0.855234 0.724851
v -0.887846 0.855234 0.724851
v -0.889151 0.854142 0.722993
v -0.889151 0.854142 0.722993
v -0.893978 0.858039 0.723888
v -0.893978 0.858039 0.723888
v -0.895257 0.856978 0.722034
v -0.895257 0.856978 0.722034
v -0.738851 0.925361 0.746608
v -0.738851 0.925361 0.746608
v -0.740715 0.924392 0.747967
v -0.740715 0.924392 0.747967
v -0.749422 0.933378 0.746600
v -0.749422 0.933378 0.746600
v -0.747520 0.934386 0.745246
v -0.747520 0.934386 0.745246
v -0.743757 0.929932 0.747490
v -0.743757 0.929932 0.747490
v -0.741880 0.930914 0.746132
v -0.741880 0.930914 0.746132
v -0.757699 0.859042 0.772350
v -0.759212 0.859803 0.773323
v -0.759212 0.859803 0.773323
v -0.752339 0.863989 0.774582
v -0.752339 0.863989 0.774582
v -0.750889 0.863264 0.773590
v -0.750889 0.863264 0.773590
v -0.754808 0.861379 0.774575
v -0.754808 0.861379 0.774575
v -0.753339 0.860640 0.773591
v -0.753339 0.860640 0.773591
v -0.885333 0.932930 0.728815
v -0.884076 0.932173 0.730710
v -0.884076 0.932173 0.730710
v -0.891054 0.927969 0.729602
v -0.891054 0.927969 0.729602
v -0.892244 0.928673 0.727730
v -0.892244 0.928673 0.727730
v -0.888547 0.930636 0.730001
v -0.888547 0.930636 0.730001
v -0.889756 0.931367 0.728121
v -0.756069 0.928937 0.751164
v -0.756069 0.928937 0.751164
v -0.755243 0.930130 0.749241
v -0.748168 0.920877 0.755079
v -0.748168 0.920877 0.755079
v -0.746662 0.921282 0.753501
v -0.750932 0.925842 0.752755
v -0.750932 0.925842 0.752755
v -0.749646 0.926735 0.750970
v -0.883475 0.860117 0.731717
v -0.883475 0.860117 0.731717
v -0.883610 0.858740 0.730130
v -0.883610 0.858740 0.730130
v -0.892338 0.867223 0.729364
v -0.892338 0.867223 0.729364
v -0.893322 0.866557 0.727558
v -0.893322 0.866557 0.727558
v -0.888943 0.862659 0.730176
v -0.888943 0.862659 0.730176
v -0.889571 0.861514 0.728453
v -0.889571 0.861514 0.728453
v -0.884732 0.932519 0.713724
v -0.884732 0.932519 0.713724
v -0.891127 0.928671 0.712719
v -0.891127 0.928671 0.712719
v -0.888823 0.931107 0.713081
v -0.888823 0.931107 0.713081
v -0.753452 0.859418 0.734350
v -0.753452 0.859418 0.734350
v -0.747124 0.863262 0.735344
v -0.747124 0.863262 0.735344
v -0.749404 0.860870 0.734986
v -0.749404 0.860870 0.734986
v -0.892086 0.866085 0.712569
v -0.892086 0.866085 0.712569
v -0.882882 0.859114 0.714015
v -0.882882 0.859114 0.714015
v -0.888567 0.861607 0.713122
v -0.888567 0.861607 0.713122
v -0.742955 0.921721 0.735999
v -0.742955 0.921721 0.735999
v -0.751025 0.929655 0.734731
v -0.751025 0.929655 0.734731
v -0.745775 0.926602 0.735556
v -0.745775 0.926602 0.735556
v -0.893686 0.918209 0.723934
v -0.893686 0.918209 0.723934
v -0.893927 0.873059 0.723896
v -0.893927 0.873059 0.723896
v -0.895519 0.895677 0.723646
v -0.895519 0.895677 0.723646
v -0.899257 0.918267 0.711442
v -0.899257 0.918267 0.711442
v -0.899456 0.873172 0.711411
v -0.899456 0.873172 0.711411
v -0.901040 0.895745 0.711162
v -0.901040 0.895745 0.711162
v -0.899327 0.918255 0.723047
v -0.899327 0.918255 0.723047
v -0.899526 0.873119 0.723016
v -0.899526 0.873119 0.723016
v -0.901110 0.895722 0.722767
v -0.901110 0.895722 0.722767
v -0.900981 0.873157 0.721135
v -0.900981 0.873157 0.721135
v -0.900785 0.918265 0.721166
v -0.900785 0.918265 0.721166
v -0.902567 0.895740 0.720886
v -0.902567 0.895740 0.720886
v -0.893293 0.872632 0.729174
v -0.893293 0.872632 0.729174
v -0.893002 0.917834 0.729219
v -0.893002 0.917834 0.729219
v -0.894873 0.895303 0.728856
v -0.894873 0.895303 0.728856
v -0.894468 0.873027 0.727379
v -0.894468 0.873027 0.727379
v -0.894231 0.918194 0.727418
v -0.894231 0.918194 0.727418
v -0.896064 0.895663 0.727129
v -0.896064 0.895663 0.727129
v -0.893425 0.916956 0.712358
v -0.893425 0.916956 0.712358
v -0.893627 0.874380 0.712327
v -0.893627 0.874380 0.712327
v -0.895209 0.895689 0.712078
v -0.895209 0.895689 0.712078
v -0.773125 0.932122 0.742907
v -0.773125 0.932122 0.742907
v -0.865438 0.934155 0.728405
v -0.865438 0.934155 0.728405
v -0.819241 0.934775 0.735695
v -0.819241 0.934775 0.735695
v -0.863434 0.939397 0.717111
v -0.863434 0.939397 0.717111
v -0.771090 0.937247 0.731618
v -0.771090 0.937247 0.731618
v -0.817215 0.940051 0.724401
v -0.817215 0.940051 0.724401
v -0.864950 0.939397 0.726836
v -0.864950 0.939397 0.726836
v -0.772627 0.937247 0.741340
v -0.772627 0.937247 0.741340
v -0.818742 0.940050 0.734125
v -0.818742 0.940050 0.734125
v -0.772940 0.936024 0.742942
v -0.772940 0.936024 0.742942
v -0.865260 0.938147 0.728438
v -0.865260 0.938147 0.728438
v -0.819054 0.938793 0.735728
v -0.819054 0.938793 0.735728
v -0.866242 0.933166 0.733590
v -0.866242 0.933166 0.733590
v -0.773958 0.930840 0.748336
v -0.773958 0.930840 0.748336
v -0.820062 0.933551 0.741002
v -0.820062 0.933551 0.741002
v -0.865974 0.934157 0.731888
v -0.773671 0.932119 0.746380
v -0.819784 0.934775 0.739173
v -0.772497 0.931952 0.731393
v -0.772497 0.931952 0.731393
v -0.862265 0.933926 0.717290
v -0.862265 0.933926 0.717290
v -0.817346 0.934515 0.724377
v -0.817346 0.934515 0.724377
v -0.859979 0.856763 0.729176
v -0.859979 0.856763 0.729176
v -0.780149 0.856949 0.741718
v -0.780149 0.856949 0.741718
v -0.820032 0.855405 0.735413
v -0.820032 0.855405 0.735413
v -0.778287 0.851701 0.730385
v -0.778287 0.851701 0.730385
v -0.858225 0.851522 0.717826
v -0.858225 0.851522 0.717826
v -0.818235 0.850097 0.724074
v -0.818235 0.850097 0.724074
v -0.859988 0.852779 0.729168
v -0.859988 0.852779 0.729168
v -0.780113 0.852961 0.741716
v -0.780113 0.852961 0.741716
v -0.820024 0.851372 0.735410
v -0.820024 0.851372 0.735410
v -0.779837 0.851699 0.740105
v -0.779837 0.851699 0.740105
v -0.859740 0.851520 0.727552
v -0.859740 0.851520 0.727552
v -0.819766 0.850096 0.733797
v -0.819766 0.850096 0.733797
v -0.779372 0.857047 0.763535
v -0.859651 0.856726 0.736513
v -0.819514 0.855423 0.748857
v -0.779676 0.857842 0.765422
v -0.779676 0.857842 0.765422
v -0.859795 0.857835 0.738488
v -0.859795 0.857835 0.738488
v -0.819789 0.856244 0.751107
v -0.819789 0.856244 0.751107
v -0.779378 0.857125 0.730219
v -0.779378 0.857125 0.730219
v -0.857108 0.856952 0.718007
v -0.857108 0.856952 0.718007
v -0.818232 0.855652 0.724079
v -0.818232 0.855652 0.724079
v -0.741948 0.908446 0.736172
v -0.741948 0.908446 0.736172
v -0.743672 0.880490 0.735904
v -0.743672 0.880490 0.735904
v -0.742011 0.894442 0.736169
v -0.742011 0.894442 0.736169
v -0.747687 0.879727 0.768656
v -0.747687 0.879727 0.768656
v -0.745830 0.909067 0.758390
v -0.745830 0.909067 0.758390
v -0.745960 0.894403 0.763826
v -0.745960 0.894403 0.763826
v -0.747309 0.909333 0.759493
v -0.747309 0.909333 0.759493
v -0.749142 0.879986 0.769640
v -0.749142 0.879986 0.769640
v -0.747393 0.894647 0.764794
v -0.747393 0.894647 0.764794
v -0.739405 0.879571 0.746539
v -0.739405 0.879571 0.746539
v -0.737682 0.909101 0.746808
v -0.737682 0.909101 0.746808
v -0.737746 0.894316 0.746805
v -0.737746 0.894316 0.746805
v -0.739627 0.909098 0.748154
v -0.739627 0.909098 0.748154
v -0.741364 0.879612 0.747883
v -0.741364 0.879612 0.747883
v -0.739700 0.894340 0.748150
v -0.739700 0.894340 0.748150
v -0.736156 0.909124 0.737084
v -0.736156 0.909124 0.737084
v -0.737880 0.879561 0.736815
v -0.737880 0.879561 0.736815
v -0.736219 0.894320 0.737081
v -0.736219 0.894320 0.737081
v -0.745171 0.909145 0.747282
v -0.745171 0.909145 0.747282
v -0.746968 0.879730 0.747002
v -0.746968 0.879730 0.747002
v -0.745266 0.894427 0.747275
v -0.745266 0.894427 0.747275
v -0.885788 0.932511 0.720446
v -0.892184 0.928663 0.719441
v -0.889880 0.931100 0.719803
v -0.754509 0.859411 0.741072
v -0.748181 0.863254 0.742066
v -0.750461 0.860862 0.741708
v -0.893143 0.866078 0.719290
v -0.883939 0.859107 0.720736
v -0.889623 0.861599 0.719843
v -0.744011 0.921713 0.742721
v -0.752082 0.929647 0.741453
v -0.746832 0.926595 0.742278
v -0.894481 0.916949 0.719080
v -0.894683 0.874372 0.719048
v -0.896265 0.895681 0.718800
v -0.773554 0.931944 0.738114
v -0.863321 0.933919 0.724012
v -0.818402 0.934508 0.731099
v -0.780435 0.857118 0.736941
v -0.858165 0.856945 0.724729
v -0.819289 0.855644 0.730801
v -0.743004 0.908439 0.742894
v -0.744728 0.880483 0.742625
v -0.743068 0.894435 0.742891
v -0.748509 0.932020 0.732797
v -0.748509 0.932020 0.732797
v -0.893804 0.930969 0.709969
v -0.893804 0.930969 0.709969
v -0.887171 0.935081 0.711011
v -0.887171 0.935081 0.711011
v -0.891414 0.933573 0.710344
v -0.891414 0.933573 0.710344
v -0.885253 0.856628 0.711312
v -0.885253 0.856628 0.711312
v -0.894798 0.864079 0.709813
v -0.894798 0.864079 0.709813
v -0.891148 0.859292 0.710386
v -0.891148 0.859292 0.710386
v -0.746828 0.858505 0.733061
v -0.746828 0.858505 0.733061
v -0.744463 0.861061 0.733432
v -0.744463 0.861061 0.733432
v -0.740139 0.923540 0.734111
v -0.740139 0.923540 0.734111
v -0.743064 0.928758 0.733652
v -0.743064 0.928758 0.733652
v -0.751025 0.856953 0.732401
v -0.751025 0.856953 0.732401
v -0.896541 0.873776 0.709539
v -0.896541 0.873776 0.709539
v -0.898124 0.895717 0.709290
v -0.898124 0.895717 0.709290
v -0.896341 0.917612 0.709570
v -0.896341 0.917612 0.709570
v -0.771794 0.934599 0.729175
v -0.771794 0.934599 0.729175
v -0.817280 0.937283 0.722059
v -0.817280 0.937283 0.722059
v -0.862849 0.936662 0.714870
v -0.862849 0.936662 0.714870
v -0.778832 0.854413 0.727972
v -0.778832 0.854413 0.727972
v -0.818234 0.852874 0.721746
v -0.818234 0.852874 0.721746
v -0.857667 0.854237 0.715586
v -0.857667 0.854237 0.715586
v -0.739052 0.908785 0.734298
v -0.739052 0.908785 0.734298
v -0.739115 0.894381 0.734295
v -0.739115 0.894381 0.734295
v -0.740775 0.880026 0.734029
v -0.740775 0.880026 0.734029
v -0.644958 0.395590 -2.081763
v -0.644958 0.395590 -2.081763
v -0.644958 0.395590 -2.081763
v -0.644958 0.403270 -2.076363
v -0.644958 0.403270 -2.076363
v -0.668952 0.395590 -2.080379
v -0.668952 0.395590 -2.080379
v -0.683275 0.395590 -2.075367
v -0.683275 0.395590 -2.075367
v -0.695518 0.395590 -2.064556
v -0.707633 0.395590 -2.047784
v -0.731338 0.395590 -1.995747
v -0.665547 0.322492 -2.067803
v -0.665547 0.322492 -2.067803
v -0.680438 0.322492 -2.063479
v -0.680438 0.322492 -2.063479
v -0.693940 0.322492 -2.054364
v -0.693940 0.322492 -2.054364
v -0.704858 0.322492 -2.043461
v -0.704858 0.322492 -2.043461
v -0.725192 0.318686 -1.994499
v -0.725192 0.318686 -1.994499
v -0.642465 0.322492 -2.069163
v -0.642465 0.322492 -2.069163
v -0.644958 0.427584 -2.063328
v -0.644958 0.425411 -2.066917
v -0.644958 0.433815 -2.072654
v -0.644958 0.433815 -2.072654
v -0.644958 0.431243 -2.075651
v -0.644958 0.431243 -2.075651
v -0.644958 0.431243 -2.075651
v -0.668940 0.433730 -2.071273
v -0.668956 0.431259 -2.074263
v -0.668956 0.431259 -2.074263
v -0.682302 0.433730 -2.066787
v -0.682302 0.433730 -2.066787
v -0.683489 0.431268 -2.069369
v -0.683489 0.431268 -2.069369
v -0.694546 0.433730 -2.056731
v -0.694546 0.433730 -2.056731
v -0.696242 0.431270 -2.058846
v -0.696242 0.431270 -2.058846
v -0.705003 0.434144 -2.043677
v -0.707123 0.431270 -2.045100
v -0.707123 0.431270 -2.045100
v -0.726547 0.435635 -1.993750
v -0.728955 0.433778 -1.994574
v -0.728955 0.433778 -1.994574
v -0.668876 0.390020 -2.086760
v -0.668876 0.390020 -2.086760
v -0.668893 0.392517 -2.085490
v -0.683217 0.392541 -2.080438
v -0.683205 0.390018 -2.081751
v -0.683205 0.390018 -2.081751
v -0.695461 0.392576 -2.069569
v -0.695459 0.390015 -2.070947
v -0.695459 0.390015 -2.070947
v -0.708681 0.392710 -2.049987
v -0.709046 0.390011 -2.050737
v -0.709046 0.390011 -2.050737
v -0.733999 0.392653 -1.995747
v -0.734849 0.390013 -1.995704
v -0.734849 0.390013 -1.995704
v -0.644958 0.390021 -2.088258
v -0.644958 0.390021 -2.088258
v -0.644958 0.392489 -2.087010
v -0.668360 0.326622 -2.075004
v -0.668899 0.328991 -2.076647
v -0.668899 0.328991 -2.076647
v -0.683438 0.328993 -2.071768
v -0.683438 0.328993 -2.071768
v -0.682931 0.326574 -2.070139
v -0.696127 0.328997 -2.061282
v -0.696127 0.328997 -2.061282
v -0.695705 0.326434 -2.059703
v -0.707492 0.329002 -2.046809
v -0.707492 0.329002 -2.046809
v -0.706826 0.326228 -2.045924
v -0.730723 0.325171 -1.994063
v -0.730723 0.325171 -1.994063
v -0.729436 0.322519 -1.994124
v -0.644556 0.326622 -2.076381
v -0.644958 0.328990 -2.078031
v -0.644958 0.328990 -2.078031
v -0.659863 0.288925 -2.040541
v -0.662025 0.291798 -2.045717
v -0.662025 0.291798 -2.045717
v -0.677187 0.291823 -2.041547
v -0.677187 0.291823 -2.041547
v -0.674783 0.288925 -2.036476
v -0.691304 0.291870 -2.032798
v -0.691304 0.291870 -2.032798
v -0.688702 0.288926 -2.027905
v -0.700218 0.291925 -2.024796
v -0.700218 0.291925 -2.024796
v -0.697257 0.288926 -2.020288
v -0.715371 0.288492 -1.997448
v -0.715371 0.288492 -1.997448
v -0.711545 0.285275 -1.995519
v -0.643420 0.288925 -2.041479
v -0.644748 0.291787 -2.046731
v -0.644748 0.291787 -2.046731
v -0.644958 0.427584 -2.005863
v -0.644958 0.427584 -2.005863
v -0.648131 0.421571 -1.999341
v -0.648131 0.421571 -1.999341
v -0.651221 0.429898 -1.998743
v -0.651221 0.429898 -1.998743
v -0.651221 0.429898 -1.998743
v -0.644958 0.436016 -2.005866
v -0.644958 0.436016 -2.005866
v -0.644958 0.436016 -2.005866
v -0.644958 0.436016 -2.005866
v -0.692750 0.429910 -1.993860
v -0.692750 0.429910 -1.993860
v -0.692750 0.429910 -1.993860
v -0.697466 0.436105 -1.999186
v -0.697466 0.436105 -1.999186
v -0.697466 0.436105 -1.999186
v -0.682698 0.291195 -2.003686
v -0.682698 0.291195 -2.003686
v -0.682698 0.291195 -2.003686
v -0.687015 0.285225 -2.009448
v -0.687015 0.285225 -2.009448
v -0.637447 0.288783 -2.029094
v -0.637447 0.288783 -2.029094
v -0.634985 0.294953 -2.021962
v -0.148498 0.291779 -2.059538
v -0.148498 0.291779 -2.059538
v -0.475212 0.291784 -2.051567
v -0.475212 0.291784 -2.051567
v -0.290197 0.291781 -2.056081
v -0.290197 0.291781 -2.056081
v -0.475212 0.288925 -2.046288
v -0.148498 0.288927 -2.054255
v -0.290197 0.288926 -2.050800
v -0.148498 0.390022 -2.101065
v -0.148498 0.390022 -2.101065
v -0.475212 0.390022 -2.093108
v -0.475212 0.390022 -2.093108
v -0.290197 0.390022 -2.097614
v -0.290197 0.390022 -2.097614
v -0.148498 0.392480 -2.099832
v -0.475212 0.392486 -2.091866
v -0.290197 0.392483 -2.096377
v -0.475212 0.326622 -2.081223
v -0.148498 0.326622 -2.089194
v -0.290197 0.326622 -2.085737
v -0.148498 0.328989 -2.090839
v -0.148498 0.328989 -2.090839
v -0.475212 0.328989 -2.082879
v -0.475212 0.328989 -2.082879
v -0.290197 0.328989 -2.087387
v -0.290197 0.328989 -2.087387
v -0.148498 0.322492 -2.081984
v -0.148498 0.322492 -2.081984
v -0.148498 0.395590 -2.094570
v -0.475212 0.395590 -2.086616
v -0.290197 0.395590 -2.091120
v -0.475212 0.403270 -2.080170
v -0.148498 0.403270 -2.085861
v -0.290197 0.403270 -2.083392
v -0.475212 0.294930 -2.026128
v -0.148498 0.294874 -2.032920
v -0.290197 0.294898 -2.029974
v -0.148498 0.288780 -2.040516
v -0.148498 0.288780 -2.040516
v -0.475212 0.288782 -2.033432
v -0.475212 0.288782 -2.033432
v -0.290197 0.288781 -2.037444
v -0.290197 0.288781 -2.037444
v -0.148498 0.421438 -2.003805
v -0.475212 0.421492 -2.001783
v -0.654520 0.367593 2.045367
v -0.654520 0.367593 2.045367
v -0.654520 0.367593 2.045367
v -0.654520 0.374557 2.040470
v -0.654520 0.374557 2.040470
v -0.676277 0.367593 2.044111
v -0.676277 0.367593 2.044111
v -0.689264 0.367593 2.039567
v -0.689264 0.367593 2.039567
v -0.700365 0.367593 2.029764
v -0.711350 0.367593 2.014556
v -0.732845 0.367593 1.967372
v -0.673189 0.301313 2.032708
v -0.673189 0.301313 2.032708
v -0.686692 0.301313 2.028788
v -0.686692 0.301313 2.028788
v -0.698934 0.301313 2.020523
v -0.698934 0.301313 2.020523
v -0.708834 0.301313 2.010637
v -0.708834 0.301313 2.010637
v -0.727272 0.301313 1.966241
v -0.727272 0.301313 1.966241
v -0.652260 0.301313 2.033942
v -0.652260 0.301313 2.033942
v -0.654520 0.396603 2.028651
v -0.654520 0.394633 2.031905
v -0.654520 0.402253 2.037107
v -0.654520 0.402253 2.037107
v -0.654520 0.399921 2.039824
v -0.654520 0.399921 2.039824
v -0.654520 0.399921 2.039824
v -0.676266 0.402176 2.035855
v -0.676281 0.399936 2.038566
v -0.676281 0.399936 2.038566
v -0.688382 0.402176 2.031787
v -0.688382 0.402176 2.031787
v -0.689458 0.399943 2.034128
v -0.689458 0.399943 2.034128
v -0.699484 0.402176 2.022669
v -0.699484 0.402176 2.022669
v -0.701022 0.399946 2.024586
v -0.701022 0.399946 2.024586
v -0.708965 0.402552 2.010832
v -0.710888 0.399945 2.012123
v -0.710888 0.399945 2.012123
v -0.728500 0.403903 1.965562
v -0.730684 0.402219 1.966309
v -0.730684 0.402219 1.966309
v -0.676208 0.362543 2.049897
v -0.676208 0.362543 2.049897
v -0.676224 0.364806 2.048745
v -0.689212 0.364828 2.044165
v -0.689201 0.362541 2.045355
v -0.689201 0.362541 2.045355
v -0.700313 0.364860 2.034309
v -0.700312 0.362538 2.035560
v -0.700312 0.362538 2.035560
v -0.712301 0.364981 2.016554
v -0.712632 0.362535 2.017234
v -0.712632 0.362535 2.017234
v -0.735257 0.364930 1.967372
v -0.736028 0.362536 1.967334
v -0.736028 0.362536 1.967334
v -0.654520 0.362544 2.051255
v -0.654520 0.362544 2.051255
v -0.654520 0.364781 2.050124
v -0.675740 0.305058 2.039238
v -0.676229 0.307205 2.040727
v -0.676229 0.307205 2.040727
v -0.689412 0.307208 2.036303
v -0.689412 0.307208 2.036303
v -0.688952 0.305014 2.034826
v -0.700917 0.307211 2.026795
v -0.700917 0.307211 2.026795
v -0.700535 0.304887 2.025364
v -0.711222 0.307215 2.013672
v -0.711222 0.307215 2.013672
v -0.710618 0.304700 2.012870
v -0.732287 0.307193 1.965845
v -0.732287 0.307193 1.965845
v -0.731120 0.304788 1.965901
v -0.654156 0.305057 2.040487
v -0.654520 0.307204 2.041982
v -0.654520 0.307204 2.041982
v -0.668036 0.270876 2.007989
v -0.669996 0.273481 2.012682
v -0.669996 0.273481 2.012682
v -0.683744 0.273504 2.008901
v -0.683744 0.273504 2.008901
v -0.681564 0.270876 2.004303
v -0.696544 0.273547 2.000968
v -0.696544 0.273547 2.000968
v -0.694185 0.270877 1.996532
v -0.704627 0.273597 1.993712
v -0.704627 0.273597 1.993712
v -0.701941 0.270877 1.989625
v -0.718367 0.273935 1.968915
v -0.718367 0.273935 1.968915
v -0.714898 0.271018 1.967166
v -0.653126 0.270876 2.008839
v -0.654330 0.273471 2.013601
v -0.654330 0.273471 2.013601
v -0.172869 0.273464 2.026348
v -0.172869 0.273464 2.026348
v -0.529535 0.273469 2.018272
v -0.529535 0.273469 2.018272
v -0.326431 0.273466 2.022982
v -0.326431 0.273466 2.022982
v -0.529393 0.270876 2.013485
v -0.172869 0.270877 2.021554
v -0.326431 0.270877 2.018190
v -0.172869 0.362544 2.064005
v -0.172869 0.362544 2.064005
v -0.529557 0.362544 2.055944
v -0.529557 0.362544 2.055944
v -0.326431 0.362544 2.060647
v -0.326431 0.362544 2.060647
v -0.172869 0.364774 2.062887
v -0.529557 0.364779 2.054819
v -0.326431 0.364776 2.059526
v -0.529514 0.305057 2.045166
v -0.172869 0.305058 2.053239
v -0.326431 0.305057 2.049875
v -0.172869 0.307204 2.054733
v -0.172869 0.307204 2.054733
v -0.529557 0.307204 2.046668
v -0.529557 0.307204 2.046668
v -0.326431 0.307204 2.051373
v -0.326431 0.307204 2.051373
v -0.529291 0.301313 2.038598
v -0.529291 0.301313 2.038598
v -0.172869 0.301313 2.046695
v -0.172869 0.301313 2.046695
v -0.326431 0.301313 2.043319
v -0.326431 0.301313 2.043319
v -0.172869 0.367593 2.058116
v -0.529557 0.367593 2.050059
v -0.326431 0.367593 2.054760
v -0.529557 0.374557 2.044393
v -0.172869 0.374557 2.050249
v -0.326431 0.374557 2.047841
v -0.654520 0.396603 1.976546
v -0.654520 0.396603 1.976546
v -0.657398 0.391151 1.970632
v -0.657398 0.391151 1.970632
v -0.660200 0.398702 1.970089
v -0.660200 0.398702 1.970089
v -0.660200 0.398702 1.970089
v -0.654520 0.404249 1.976548
v -0.654520 0.404249 1.976548
v -0.654520 0.404249 1.976548
v -0.654520 0.404249 1.976548
v -0.697855 0.398713 1.965661
v -0.697855 0.398713 1.965661
v -0.697855 0.398713 1.965661
v -0.702131 0.404329 1.970491
v -0.702131 0.404329 1.970491
v -0.702131 0.404329 1.970491
v -0.688741 0.276386 1.974571
v -0.688741 0.276386 1.974571
v -0.688741 0.276386 1.974571
v -0.692655 0.270973 1.979796
v -0.692655 0.270973 1.979796
v -0.647710 0.270747 1.997610
v -0.647710 0.270747 1.997610
v -0.645477 0.276342 1.991143
v -0.172869 0.276273 2.002208
v -0.172869 0.270744 2.009102
v -0.172869 0.270744 2.009102
v -0.528756 0.270747 2.001905
v -0.528756 0.270747 2.001905
v -0.528493 0.276325 1.995291
v -0.326431 0.276296 1.999333
v -0.326431 0.270745 2.006114
v -0.326431 0.270745 2.006114
v -0.529896 0.390995 1.974101
v -0.172869 0.391022 1.975950
v -0.326431 0.390999 1.975325
v -0.741254 0.395489 -1.943612
v -0.735368 0.314851 -1.939159
v -0.735368 0.314851 -1.939159
v -0.735562 0.435947 -1.944973
v -0.735562 0.435947 -1.944973
v -0.737806 0.434170 -1.945328
v -0.737806 0.434170 -1.945328
v -0.743899 0.392592 -1.943196
v -0.744743 0.389975 -1.942954
v -0.744743 0.389975 -1.942954
v -0.740798 0.321383 -1.938573
v -0.740798 0.321383 -1.938573
v -0.739539 0.318714 -1.938623
v -0.726208 0.285115 -1.940856
v -0.726208 0.285115 -1.940856
v -0.722392 0.281939 -1.939684
v -0.708564 0.427822 -1.945688
v -0.713119 0.434723 -1.949659
v -0.713119 0.434723 -1.949659
v -0.702397 0.281982 -1.951493
v -0.702397 0.281982 -1.951493
v -0.697878 0.288071 -1.948030
v -0.697878 0.288071 -1.948030
v -0.752244 0.393949 -1.786610
v -0.752244 0.393949 -1.786610
v -0.754048 0.395189 -1.788396
v -0.754048 0.395189 -1.788396
v -0.747253 0.304395 -1.772861
v -0.747253 0.304395 -1.772861
v -0.748949 0.303422 -1.774234
v -0.748949 0.303422 -1.774234
v -0.748949 0.303422 -1.774234
v -0.745596 0.434010 -1.797034
v -0.745596 0.434010 -1.797034
v -0.745596 0.434010 -1.797034
v -0.747423 0.435337 -1.798846
v -0.747423 0.435337 -1.798846
v -0.747423 0.435337 -1.798846
v -0.747423 0.435337 -1.798846
v -0.745380 0.434170 -1.796866
v -0.745380 0.434170 -1.796866
v -0.745380 0.434170 -1.796866
v -0.745380 0.434170 -1.796866
v -0.745664 0.436877 -1.799911
v -0.745664 0.436877 -1.799911
v -0.745664 0.436877 -1.799911
v -0.745664 0.436877 -1.799911
v -0.755527 0.389352 -1.784347
v -0.755527 0.389352 -1.784347
v -0.757477 0.389861 -1.785855
v -0.757477 0.389861 -1.785855
v -0.757477 0.389861 -1.785855
v -0.754961 0.391045 -1.784859
v -0.754961 0.391045 -1.784859
v -0.756649 0.392410 -1.786712
v -0.756649 0.392410 -1.786712
v -0.751360 0.308502 -1.771797
v -0.751360 0.308502 -1.771797
v -0.752906 0.307374 -1.773210
v -0.752906 0.307374 -1.773210
v -0.752131 0.310342 -1.771743
v -0.752131 0.310342 -1.771743
v -0.754079 0.310093 -1.773201
v -0.754079 0.310093 -1.773201
v -0.754079 0.310093 -1.773201
v -0.737511 0.274209 -1.771225
v -0.737511 0.274209 -1.771225
v -0.737974 0.271997 -1.773272
v -0.737974 0.271997 -1.773272
v -0.740126 0.276189 -1.770782
v -0.740126 0.276189 -1.770782
v -0.740126 0.276189 -1.770782
v -0.741762 0.275049 -1.772145
v -0.741762 0.275049 -1.772145
v -0.741762 0.275049 -1.772145
v -0.741762 0.275049 -1.772145
v -0.735996 0.428874 -1.799243
v -0.735996 0.428874 -1.799243
v -0.733928 0.430613 -1.802329
v -0.733928 0.430613 -1.802329
v -0.733928 0.430613 -1.802329
v -0.732320 0.421020 -1.799008
v -0.729845 0.421612 -1.802450
v -0.729845 0.421612 -1.802450
v -0.719823 0.279514 -1.778877
v -0.717316 0.278760 -1.782180
v -0.717316 0.278760 -1.782180
v -0.717316 0.278760 -1.782180
v -0.723926 0.274427 -1.776423
v -0.722447 0.272311 -1.778699
v -0.722447 0.272311 -1.778699
v -0.722447 0.272311 -1.778699
v -0.751989 0.366221 1.845340
v -0.751989 0.366221 1.845340
v -0.753282 0.367231 1.846794
v -0.753282 0.367231 1.846794
v -0.747453 0.288247 1.832836
v -0.747453 0.288247 1.832836
v -0.748676 0.287525 1.833948
v -0.748676 0.287525 1.833948
v -0.748676 0.287525 1.833948
v -0.745959 0.402556 1.854795
v -0.745959 0.402556 1.854795
v -0.747274 0.403625 1.856272
v -0.747274 0.403625 1.856272
v -0.747274 0.403625 1.856272
v -0.745827 0.402672 1.854875
v -0.745827 0.402672 1.854875
v -0.745672 0.405023 1.857244
v -0.745672 0.405023 1.857244
v -0.745672 0.405023 1.857244
v -0.745672 0.405023 1.857244
v -0.754963 0.361991 1.843228
v -0.754963 0.361991 1.843228
v -0.756398 0.362399 1.844482
v -0.756398 0.362399 1.844482
v -0.756398 0.362399 1.844482
v -0.754441 0.363600 1.843759
v -0.754441 0.363600 1.843759
v -0.755645 0.364710 1.845263
v -0.755645 0.364710 1.845263
v -0.751163 0.291957 1.831875
v -0.751163 0.291957 1.831875
v -0.752265 0.291108 1.833022
v -0.752265 0.291108 1.833022
v -0.751914 0.293701 1.831865
v -0.751914 0.293701 1.831865
v -0.753328 0.293574 1.833016
v -0.753328 0.293574 1.833016
v -0.753328 0.293574 1.833016
v -0.738613 0.260742 1.831650
v -0.738613 0.260742 1.831650
v -0.738718 0.259023 1.833072
v -0.738718 0.259023 1.833072
v -0.740988 0.262659 1.830950
v -0.740988 0.262659 1.830950
v -0.742157 0.261789 1.832052
v -0.742157 0.261789 1.832052
v -0.742157 0.261789 1.832052
v -0.740018 0.398106 1.856612
v -0.738024 0.399376 1.859420
v -0.738024 0.399376 1.859420
v -0.738024 0.399376 1.859420
v -0.736686 0.390701 1.856717
v -0.734303 0.391231 1.859518
v -0.734303 0.391231 1.859518
v -0.725359 0.265708 1.838480
v -0.723028 0.265157 1.841186
v -0.723028 0.265157 1.841186
v -0.723028 0.265157 1.841186
v -0.729105 0.260998 1.835934
v -0.727695 0.259306 1.838039
v -0.727695 0.259306 1.838039
v -0.727695 0.259306 1.838039
v -0.745765 0.367412 1.907083
v -0.741680 0.402922 1.911291
v -0.741680 0.402922 1.911291
v -0.748152 0.364820 1.906317
v -0.740675 0.294419 1.900094
v -0.740675 0.294419 1.900094
v -0.732963 0.267862 1.900483
v -0.732963 0.267862 1.900483
v -0.744394 0.297948 1.899461
v -0.739787 0.404463 1.911403
v -0.739787 0.404463 1.911403
v -0.722779 0.401853 1.914955
v -0.722779 0.401853 1.914955
v -0.748914 0.362467 1.905908
v -0.748914 0.362467 1.905908
v -0.745509 0.300384 1.899431
v -0.745509 0.300384 1.899431
v -0.729509 0.265020 1.900119
v -0.712876 0.265140 1.908917
v -0.712876 0.265140 1.908917
v -0.718780 0.394972 1.912590
v -0.708585 0.270772 1.907878
v -0.708585 0.270772 1.907878
v -0.317619 0.304711 -2.072186
v -0.317619 0.304711 -2.072186
v -0.311061 0.302014 -2.070291
v -0.311061 0.302014 -2.070291
v -0.290197 0.322492 -2.078514
v -0.290197 0.322492 -2.078514
v -0.454346 0.302019 -2.067034
v -0.454346 0.302019 -2.067034
v -0.447791 0.304713 -2.069266
v -0.447791 0.304713 -2.069266
v -0.475212 0.322492 -2.073984
v -0.475212 0.322492 -2.073984
v -0.454329 0.299971 -2.063236
v -0.447791 0.302759 -2.065658
v -0.317619 0.302760 -2.068578
v -0.311076 0.299967 -2.066490
v -0.311091 0.299878 -2.038563
v -0.311091 0.299878 -2.038563
v -0.317619 0.302660 -2.038644
v -0.317619 0.302660 -2.038644
v -0.311091 0.304292 -2.033173
v -0.317619 0.306841 -2.033543
v -0.290197 0.421461 -2.002928
v -0.447791 0.306861 -2.031054
v -0.454311 0.304321 -2.030399
v -0.447791 0.302661 -2.036048
v -0.447791 0.302661 -2.036048
v -0.454312 0.299885 -2.035669
v -0.454312 0.299885 -2.035669
v -0.780917 0.776647 0.176509
v -0.778920 0.783399 0.169456
v -0.779486 0.781421 0.174444
v -0.779486 0.781421 0.174444
v -0.779869 0.783399 0.022639
v -0.781996 0.776658 0.015586
v -0.780511 0.781424 0.017651
v -0.780511 0.781424 0.017651
v -0.795904 0.731091 0.015586
v -0.797896 0.724340 0.022639
v -0.797335 0.726317 0.017651
v -0.797335 0.726317 0.017651
v -0.796798 0.724340 0.169456
v -0.794703 0.731092 0.176509
v -0.796163 0.726318 0.174444
v -0.796163 0.726318 0.174444
v -0.786041 0.778404 0.022730
v -0.786041 0.778404 0.022730
v -0.786041 0.778404 0.022730
v -0.787284 0.774418 0.020798
v -0.787284 0.774418 0.020798
v -0.785504 0.780055 0.027392
v -0.785504 0.780055 0.027392
v -0.786382 0.774409 0.171244
v -0.786382 0.774409 0.171244
v -0.785184 0.778401 0.169312
v -0.785184 0.778401 0.169312
v -0.785184 0.778401 0.169312
v -0.784711 0.780055 0.164650
v -0.784711 0.780055 0.164650
v -0.800112 0.732317 0.022730
v -0.800112 0.732317 0.022730
v -0.800112 0.732317 0.022730
v -0.800582 0.730663 0.027392
v -0.800582 0.730663 0.027392
v -0.798915 0.736309 0.020798
v -0.798915 0.736309 0.020798
v -0.799132 0.732317 0.169312
v -0.799132 0.732317 0.169312
v -0.799132 0.732317 0.169312
v -0.797911 0.736310 0.171244
v -0.797911 0.736310 0.171244
v -0.799663 0.730663 0.164650
v -0.799663 0.730663 0.164650
v -0.780656 0.776880 0.022768
v -0.780656 0.776880 0.022768
v -0.780656 0.776880 0.022768
v -0.776820 0.771472 0.026655
v -0.776820 0.771472 0.026655
v -0.777168 0.770355 0.026114
v -0.777168 0.770355 0.026114
v -0.781898 0.772893 0.020837
v -0.781898 0.772893 0.020837
v -0.780119 0.778531 0.027431
v -0.780119 0.778531 0.027431
v -0.776618 0.772096 0.028415
v -0.776618 0.772096 0.028415
v -0.780996 0.772884 0.171282
v -0.780996 0.772884 0.171282
v -0.776316 0.770359 0.166078
v -0.776316 0.770359 0.166078
v -0.775984 0.771467 0.165542
v -0.775984 0.771467 0.165542
v -0.779799 0.776877 0.169351
v -0.779799 0.776877 0.169351
v -0.779799 0.776877 0.169351
v -0.775806 0.772087 0.163793
v -0.775806 0.772087 0.163793
v -0.779326 0.778531 0.164688
v -0.779326 0.778531 0.164688
v -0.794726 0.730792 0.022768
v -0.794726 0.730792 0.022768
v -0.794726 0.730792 0.022768
v -0.788452 0.733347 0.026649
v -0.788452 0.733347 0.026649
v -0.788628 0.732726 0.028397
v -0.788628 0.732726 0.028397
v -0.795196 0.729139 0.027431
v -0.795196 0.729139 0.027431
v -0.793530 0.734785 0.020837
v -0.793530 0.734785 0.020837
v -0.788120 0.734453 0.026114
v -0.788120 0.734453 0.026114
v -0.793746 0.730792 0.169351
v -0.793746 0.730792 0.169351
v -0.793746 0.730792 0.169351
v -0.787523 0.733352 0.165537
v -0.787523 0.733352 0.165537
v -0.787181 0.734471 0.166078
v -0.787181 0.734471 0.166078
v -0.792525 0.734785 0.171282
v -0.792525 0.734785 0.171282
v -0.794278 0.729139 0.164688
v -0.794278 0.729139 0.164688
v -0.787724 0.732727 0.163775
v -0.787724 0.732727 0.163775
v -0.783614 0.783474 0.168091
v -0.783614 0.783474 0.168091
v -0.781555 0.784266 0.169440
v -0.783553 0.777515 0.176493
v -0.783553 0.777515 0.176493
v -0.785541 0.776971 0.174929
v -0.785541 0.776971 0.174929
v -0.784165 0.781554 0.172949
v -0.784165 0.781554 0.172949
v -0.782122 0.782289 0.174427
v -0.782122 0.782289 0.174427
v -0.782122 0.782289 0.174427
v -0.786567 0.776980 0.017116
v -0.786567 0.776980 0.017116
v -0.784632 0.777526 0.015569
v -0.784632 0.777526 0.015569
v -0.782504 0.784266 0.022622
v -0.784522 0.783468 0.023956
v -0.784522 0.783468 0.023956
v -0.783147 0.782292 0.017635
v -0.783147 0.782292 0.017635
v -0.783147 0.782292 0.017635
v -0.785143 0.781553 0.019097
v -0.785143 0.781553 0.019097
v -0.801724 0.727113 0.023942
v -0.801724 0.727113 0.023942
v -0.800532 0.725208 0.022623
v -0.798540 0.731959 0.015569
v -0.798540 0.731959 0.015569
v -0.799801 0.733623 0.017107
v -0.799801 0.733623 0.017107
v -0.799971 0.727185 0.017635
v -0.799971 0.727185 0.017635
v -0.799971 0.727185 0.017635
v -0.801177 0.729036 0.019084
v -0.801177 0.729036 0.019084
v -0.798657 0.733626 0.174931
v -0.798657 0.733626 0.174931
v -0.797339 0.731959 0.176493
v -0.797339 0.731959 0.176493
v -0.799434 0.725208 0.169440
v -0.800674 0.727120 0.168094
v -0.800674 0.727120 0.168094
v -0.798799 0.727185 0.174427
v -0.798799 0.727185 0.174427
v -0.798799 0.727185 0.174427
v -0.800058 0.729041 0.172952
v -0.800058 0.729041 0.172952
v -0.784506 0.733214 -0.694666
v -0.782860 0.740030 -0.687615
v -0.784094 0.735210 -0.689680
v -0.784094 0.735210 -0.689680
v -0.770658 0.785921 -0.687615
v -0.768698 0.792740 -0.694666
v -0.769335 0.790742 -0.689680
v -0.769335 0.790742 -0.689680
v -0.778936 0.740040 -0.850430
v -0.780886 0.733214 -0.843379
v -0.780244 0.735213 -0.848365
v -0.780244 0.735213 -0.848365
v -0.765454 0.792739 -0.843379
v -0.767057 0.785906 -0.850430
v -0.765860 0.790738 -0.848365
v -0.765860 0.790738 -0.848365
v -0.771197 0.789495 -0.838749
v -0.771197 0.789495 -0.838749
v -0.771539 0.787810 -0.843425
v -0.771539 0.787810 -0.843425
v -0.771539 0.787810 -0.843425
v -0.772547 0.783741 -0.845362
v -0.772547 0.783741 -0.845362
v -0.775580 0.783753 -0.692736
v -0.775580 0.783753 -0.692736
v -0.774466 0.787813 -0.694673
v -0.774466 0.787813 -0.694673
v -0.774466 0.787813 -0.694673
v -0.773929 0.789495 -0.699350
v -0.773929 0.789495 -0.699350
v -0.782551 0.745115 -0.845362
v -0.782551 0.745115 -0.845362
v -0.783652 0.741050 -0.843425
v -0.783652 0.741050 -0.843425
v -0.783652 0.741050 -0.843425
v -0.784193 0.739367 -0.838749
v -0.784193 0.739367 -0.838749
v -0.786895 0.741048 -0.694673
v -0.786895 0.741048 -0.694673
v -0.786895 0.741048 -0.694673
v -0.785855 0.745106 -0.692736
v -0.785855 0.745106 -0.692736
v -0.787241 0.739367 -0.699349
v -0.787241 0.739367 -0.699349
v -0.765812 0.787971 -0.838710
v -0.765812 0.787971 -0.838710
v -0.762093 0.781468 -0.837754
v -0.762093 0.781468 -0.837754
v -0.762219 0.780836 -0.839505
v -0.762219 0.780836 -0.839505
v -0.766154 0.786285 -0.843386
v -0.766154 0.786285 -0.843386
v -0.766154 0.786285 -0.843386
v -0.762501 0.779697 -0.840047
v -0.762501 0.779697 -0.840047
v -0.767162 0.782216 -0.845323
v -0.767162 0.782216 -0.845323
v -0.770194 0.782229 -0.692698
v -0.770194 0.782229 -0.692698
v -0.765350 0.779666 -0.697901
v -0.765350 0.779666 -0.697901
v -0.765029 0.780836 -0.698459
v -0.765029 0.780836 -0.698459
v -0.769080 0.786289 -0.694635
v -0.769080 0.786289 -0.694635
v -0.769080 0.786289 -0.694635
v -0.764823 0.781477 -0.700242
v -0.764823 0.781477 -0.700242
v -0.768543 0.787971 -0.699311
v -0.768543 0.787971 -0.699311
v -0.777165 0.743591 -0.845323
v -0.777165 0.743591 -0.845323
v -0.771939 0.743301 -0.840047
v -0.771939 0.743301 -0.840047
v -0.772257 0.742128 -0.839488
v -0.772257 0.742128 -0.839488
v -0.778267 0.739526 -0.843386
v -0.778267 0.739526 -0.843386
v -0.778267 0.739526 -0.843386
v -0.772466 0.741486 -0.837704
v -0.772466 0.741486 -0.837704
v -0.778808 0.737842 -0.838710
v -0.778808 0.737842 -0.838710
v -0.781509 0.739523 -0.694635
v -0.781509 0.739523 -0.694635
v -0.781509 0.739523 -0.694635
v -0.775314 0.742107 -0.698442
v -0.775314 0.742107 -0.698442
v -0.775024 0.743240 -0.697901
v -0.775024 0.743240 -0.697901
v -0.780470 0.743582 -0.692698
v -0.780470 0.743582 -0.692698
v -0.781856 0.737842 -0.699311
v -0.781856 0.737842 -0.699311
v -0.775441 0.741478 -0.700190
v -0.775441 0.741478 -0.700190
v -0.786741 0.742552 -0.689192
v -0.786741 0.742552 -0.689192
v -0.785494 0.740897 -0.687631
v -0.785494 0.740897 -0.687631
v -0.787140 0.734081 -0.694682
v -0.788336 0.735977 -0.696025
v -0.788336 0.735977 -0.696025
v -0.786728 0.736077 -0.689696
v -0.786728 0.736077 -0.689696
v -0.786728 0.736077 -0.689696
v -0.787931 0.737919 -0.691168
v -0.787931 0.737919 -0.691168
v -0.784875 0.735997 -0.842054
v -0.784875 0.735997 -0.842054
v -0.783520 0.734081 -0.843395
v -0.781570 0.740907 -0.850447
v -0.781570 0.740907 -0.850447
v -0.783004 0.742570 -0.848895
v -0.783004 0.742570 -0.848895
v -0.784257 0.737937 -0.846914
v -0.784257 0.737937 -0.846914
v -0.782878 0.736081 -0.848381
v -0.782878 0.736081 -0.848381
v -0.782878 0.736081 -0.848381
v -0.771698 0.786221 -0.848902
v -0.771698 0.786221 -0.848902
v -0.769691 0.786773 -0.850447
v -0.769691 0.786773 -0.850447
v -0.768089 0.793607 -0.843395
v -0.770146 0.792808 -0.842067
v -0.770146 0.792808 -0.842067
v -0.770545 0.790863 -0.846924
v -0.770545 0.790863 -0.846924
v -0.768494 0.791605 -0.848381
v -0.768494 0.791605 -0.848381
v -0.768494 0.791605 -0.848381
v -0.773246 0.792791 -0.696048
v -0.773246 0.792791 -0.696048
v -0.771332 0.793607 -0.694683
v -0.773292 0.786788 -0.687631
v -0.773292 0.786788 -0.687631
v -0.775127 0.786230 -0.689205
v -0.775127 0.786230 -0.689205
v -0.773861 0.790855 -0.691188
v -0.773861 0.790855 -0.691188
v -0.771969 0.791610 -0.689696
v -0.771969 0.791610 -0.689696
v -0.771969 0.791610 -0.689696
v -0.789742 0.744707 0.171243
v -0.789742 0.744707 0.171243
v -0.790073 0.746907 0.020798
v -0.790073 0.746907 0.020798
v -0.781459 0.776158 0.022729
v -0.781459 0.776158 0.022729
v -0.782701 0.772172 0.020798
v -0.780922 0.777809 0.027392
v -0.781799 0.772163 0.171243
v -0.780602 0.776155 0.169312
v -0.780602 0.776155 0.169312
v -0.780129 0.777809 0.164649
v -0.778451 0.753361 -0.692742
v -0.778451 0.753361 -0.692742
v -0.775099 0.754019 -0.845368
v -0.775099 0.754019 -0.845368
v -0.766587 0.787244 -0.838754
v -0.766929 0.785559 -0.843431
v -0.766929 0.785559 -0.843431
v -0.767937 0.781490 -0.845368
v -0.770970 0.781502 -0.692742
v -0.769856 0.785563 -0.694679
v -0.769856 0.785563 -0.694679
v -0.769319 0.787244 -0.699355
v -0.793919 0.748112 0.169425
v -0.793919 0.748112 0.169425
v -0.793919 0.748112 0.169425
v -0.792724 0.745746 0.171243
v -0.792724 0.745746 0.171243
v -0.792724 0.745746 0.171243
v -0.792724 0.745746 0.171243
v -0.793055 0.747947 0.020798
v -0.793055 0.747947 0.020798
v -0.793055 0.747947 0.020798
v -0.793055 0.747947 0.020798
v -0.794233 0.750256 0.022617
v -0.794233 0.750256 0.022617
v -0.794233 0.750256 0.022617
v -0.786578 0.776415 0.024066
v -0.786578 0.776415 0.024066
v -0.784441 0.777197 0.022729
v -0.784441 0.777197 0.022729
v -0.784441 0.777197 0.022729
v -0.785684 0.773211 0.020798
v -0.785684 0.773211 0.020798
v -0.787510 0.773424 0.022617
v -0.787510 0.773424 0.022617
v -0.786157 0.777709 0.027721
v -0.786157 0.777709 0.027721
v -0.783904 0.778848 0.027392
v -0.783904 0.778848 0.027392
v -0.786625 0.773420 0.169425
v -0.786625 0.773420 0.169425
v -0.784781 0.773202 0.171243
v -0.784781 0.773202 0.171243
v -0.783584 0.777195 0.169312
v -0.783584 0.777195 0.169312
v -0.783584 0.777195 0.169312
v -0.785728 0.776411 0.167978
v -0.785728 0.776411 0.167978
v -0.783111 0.778848 0.164649
v -0.783111 0.778848 0.164649
v -0.785357 0.777706 0.164326
v -0.785357 0.777706 0.164326
v -0.781431 0.754399 -0.692742
v -0.781431 0.754399 -0.692742
v -0.781431 0.754399 -0.692742
v -0.781431 0.754399 -0.692742
v -0.782646 0.756764 -0.694560
v -0.782646 0.756764 -0.694560
v -0.782646 0.756764 -0.694560
v -0.779386 0.757410 -0.843549
v -0.779386 0.757410 -0.843549
v -0.779386 0.757410 -0.843549
v -0.778079 0.755057 -0.845368
v -0.778079 0.755057 -0.845368
v -0.778079 0.755057 -0.845368
v -0.778079 0.755057 -0.845368
v -0.769567 0.788283 -0.838754
v -0.769567 0.788283 -0.838754
v -0.771746 0.787121 -0.838435
v -0.771746 0.787121 -0.838435
v -0.772014 0.785801 -0.842096
v -0.772014 0.785801 -0.842096
v -0.769909 0.786597 -0.843431
v -0.769909 0.786597 -0.843431
v -0.769909 0.786597 -0.843431
v -0.772769 0.782749 -0.843549
v -0.772769 0.782749 -0.843549
v -0.770916 0.782528 -0.845368
v -0.770916 0.782528 -0.845368
v -0.773950 0.782541 -0.692742
v -0.773950 0.782541 -0.692742
v -0.775739 0.782747 -0.694560
v -0.775739 0.782747 -0.694560
v -0.774900 0.785804 -0.696019
v -0.774900 0.785804 -0.696019
v -0.772836 0.786601 -0.694679
v -0.772836 0.786601 -0.694679
v -0.772836 0.786601 -0.694679
v -0.774478 0.787124 -0.699691
v -0.774478 0.787124 -0.699691
v -0.772299 0.788283 -0.699355
v -0.772299 0.788283 -0.699355
v -0.662818 0.992357 -0.918984
v -0.662818 0.992357 -0.918984
v -0.662818 0.992357 -0.918984
v -0.678013 0.937435 -0.961559
v -0.678013 0.937435 -0.961559
v -0.678013 0.937435 -0.961559
v -0.652569 0.991512 -1.008137
v -0.652569 0.991512 -1.008137
v -0.652569 0.991512 -1.008137
v -0.667763 0.936590 -1.050712
v -0.667763 0.936590 -1.050712
v -0.667763 0.936590 -1.050712
v -0.661116 0.988732 -0.924521
v -0.661116 0.988732 -0.924521
v -0.661116 0.988732 -0.924521
v -0.674726 0.939464 -0.962888
v -0.674726 0.939464 -0.962888
v -0.674726 0.939464 -0.962888
v -0.651713 0.987957 -1.006317
v -0.651713 0.987957 -1.006317
v -0.651713 0.987957 -1.006317
v -0.665323 0.938689 -1.044684
v -0.665323 0.938689 -1.044684
v -0.665323 0.938689 -1.044684
v -0.647223 0.990632 -1.054514
v -0.668039 0.992348 -0.873449
v -0.648306 0.986775 -1.057367
v -0.669122 0.988491 -0.876302
v -0.648872 0.989111 -1.056072
v -0.648872 0.989111 -1.056072
v -0.669688 0.990828 -0.875007
v -0.669688 0.990828 -0.875007
v -0.650009 0.980602 -1.062189
v -0.670825 0.982318 -0.881124
v -0.651092 0.976745 -1.065041
v -0.671908 0.978462 -0.883977
v -0.651658 0.979082 -1.063746
v -0.651658 0.979082 -1.063746
v -0.672474 0.980798 -0.882682
v -0.672474 0.980798 -0.882682
v -0.652796 0.970573 -1.069863
v -0.673612 0.972289 -0.888799
v -0.653879 0.966716 -1.072716
v -0.674695 0.968432 -0.891652
v -0.654445 0.969052 -1.071421
v -0.654445 0.969052 -1.071421
v -0.675261 0.970769 -0.890356
v -0.675261 0.970769 -0.890356
v -0.655582 0.960543 -1.077538
v -0.676398 0.962259 -0.896474
v -0.656665 0.956687 -1.080391
v -0.677481 0.958403 -0.899327
v -0.657231 0.959023 -1.079096
v -0.657231 0.959023 -1.079096
v -0.678047 0.960739 -0.898031
v -0.678047 0.960739 -0.898031
v -0.658369 0.950513 -1.085213
v -0.679185 0.952230 -0.904148
v -0.659452 0.946657 -1.088066
v -0.680268 0.948373 -0.907001
v -0.660018 0.948993 -1.086771
v -0.660018 0.948993 -1.086771
v -0.680834 0.950710 -0.905706
v -0.680834 0.950710 -0.905706
v -0.661155 0.940484 -1.092888
v -0.681971 0.942201 -0.911823
v -0.662238 0.936628 -1.095741
v -0.683055 0.938344 -0.914676
v -0.662804 0.938964 -1.094445
v -0.662804 0.938964 -1.094445
v -0.683620 0.940680 -0.913381
v -0.683620 0.940680 -0.913381
v -0.662534 0.997279 -0.851790
v -0.662534 0.997279 -0.851790
v -0.661539 0.999069 -0.854623
v -0.661539 0.999069 -0.854623
v -0.681345 0.927693 -0.909447
v -0.681325 0.929564 -0.903802
v -0.681325 0.929564 -0.903802
v -0.638161 0.997141 -1.057971
v -0.638271 0.995286 -1.062812
v -0.638271 0.995286 -1.062812
v -0.657066 0.927556 -1.114836
v -0.657066 0.927556 -1.114836
v -0.657967 0.925765 -1.112795
v -0.657967 0.925765 -1.112795
v -0.663287 0.999863 -0.859443
v -0.663287 0.999863 -0.859443
v -0.663287 0.999863 -0.859443
v -0.665629 0.998683 -0.860323
v -0.665629 0.998683 -0.860323
v -0.665629 0.998683 -0.860323
v -0.665629 0.998683 -0.860323
v -0.664076 1.000344 -0.865389
v -0.664076 1.000344 -0.865389
v -0.664076 1.000344 -0.865389
v -0.666483 0.999201 -0.866757
v -0.666483 0.999201 -0.866757
v -0.666483 0.999201 -0.866757
v -0.666483 0.999201 -0.866757
v -0.666483 0.999201 -0.866757
v -0.683094 0.928487 -0.914267
v -0.684419 0.930970 -0.912333
v -0.684419 0.930970 -0.912333
v -0.684419 0.930970 -0.912333
v -0.683883 0.928968 -0.920213
v -0.685272 0.931492 -0.918765
v -0.685272 0.931492 -0.918765
v -0.685272 0.931492 -0.918765
v -0.685272 0.931492 -0.918765
v -0.685272 0.931492 -0.918765
v -0.642850 0.998593 -1.050024
v -0.642850 0.998593 -1.050024
v -0.642850 0.998593 -1.050024
v -0.645188 0.997448 -1.051980
v -0.645188 0.997448 -1.051980
v -0.645188 0.997448 -1.051980
v -0.645188 0.997448 -1.051980
v -0.645188 0.997448 -1.051980
v -0.640529 0.997914 -1.055176
v -0.640529 0.997914 -1.055176
v -0.642612 0.996699 -1.057692
v -0.642612 0.996699 -1.057692
v -0.642612 0.996699 -1.057692
v -0.642612 0.996699 -1.057692
v -0.660335 0.926538 -1.110000
v -0.660335 0.926538 -1.110000
v -0.661405 0.928975 -1.109711
v -0.661405 0.928975 -1.109711
v -0.661405 0.928975 -1.109711
v -0.661405 0.928975 -1.109711
v -0.662656 0.927217 -1.104848
v -0.662656 0.927217 -1.104848
v -0.663979 0.929734 -1.103991
v -0.663979 0.929734 -1.103991
v -0.663979 0.929734 -1.103991
v -0.663979 0.929734 -1.103991
v -0.621291 1.212309 0.378354
v -0.621291 1.212309 0.378354
v -0.627847 1.188166 0.548444
v -0.627847 1.188166 0.548444
v -0.624854 1.198837 0.522839
v -0.624854 1.198837 0.522839
v -0.632456 1.169012 0.569853
v -0.632456 1.169012 0.569853
v -0.619091 1.219926 0.180309
v -0.619091 1.219926 0.180309
v -0.716254 0.800823 0.839393
v -0.716254 0.800823 0.839393
v -0.717595 0.833410 -0.005494
v -0.717595 0.833410 -0.005494
v -0.644668 1.137313 -0.005494
v -0.644668 1.137313 -0.005494
v -0.671886 1.036012 -0.005494
v -0.671886 1.036012 -0.005494
v -0.695570 0.934711 -0.005494
v -0.695570 0.934711 -0.005494
v -0.717529 0.833531 -0.066110
v -0.717529 0.833531 -0.066110
v -0.695504 0.934832 -0.066110
v -0.695504 0.934832 -0.066110
v -0.671821 1.036133 -0.066110
v -0.671821 1.036133 -0.066110
v -0.644602 1.137435 -0.066110
v -0.644602 1.137435 -0.066110
v -0.633422 1.156109 -0.689747
v -0.633422 1.156109 -0.689747
v -0.614637 1.220342 -0.444957
v -0.614637 1.220342 -0.444957
v -0.619754 1.202525 -0.644460
v -0.619754 1.202525 -0.644460
v -0.615930 1.211651 -0.613889
v -0.615930 1.211651 -0.613889
v -0.624675 1.187740 -0.663869
v -0.624675 1.187740 -0.663869
v -0.616049 1.224201 -0.241694
v -0.616049 1.224201 -0.241694
v -0.716489 0.817101 -0.913854
v -0.716489 0.817101 -0.913854
v -0.617484 1.223736 -0.066110
v -0.617484 1.223736 -0.066110
v -0.617484 1.223736 -0.066110
v -0.617549 1.223614 -0.005494
v -0.617549 1.223614 -0.005494
v -0.617549 1.223614 -0.005494
v -0.612527 1.226509 0.388616
v -0.612527 1.226509 0.388616
v -0.616090 1.213037 0.533100
v -0.616090 1.213037 0.533100
v -0.619083 1.202366 0.558705
v -0.619083 1.202366 0.558705
v -0.623693 1.183212 0.580114
v -0.623693 1.183212 0.580114
v -0.610328 1.234126 0.190570
v -0.610328 1.234126 0.190570
v -0.707490 0.815023 0.849654
v -0.707490 0.815023 0.849654
v -0.612527 1.210815 0.378345
v -0.612527 1.210815 0.378345
v -0.616090 1.197343 0.522829
v -0.616090 1.197343 0.522829
v -0.619083 1.186672 0.548434
v -0.619083 1.186672 0.548434
v -0.623693 1.167518 0.569843
v -0.623693 1.167518 0.569843
v -0.610328 1.218432 0.180299
v -0.610328 1.218432 0.180299
v -0.707490 0.799329 0.839383
v -0.707490 0.799329 0.839383
v -0.635839 1.135941 -0.066120
v -0.635839 1.135941 -0.066120
v -0.608720 1.222242 -0.066120
v -0.608720 1.222242 -0.066120
v -0.608720 1.222242 -0.066120
v -0.686807 0.933217 -0.005504
v -0.686807 0.933217 -0.005504
v -0.708831 0.831916 -0.005504
v -0.708831 0.831916 -0.005504
v -0.635904 1.135819 -0.005504
v -0.635904 1.135819 -0.005504
v -0.663123 1.034518 -0.005504
v -0.663123 1.034518 -0.005504
v -0.663057 1.034639 -0.066120
v -0.663057 1.034639 -0.066120
v -0.686741 0.933338 -0.066120
v -0.686741 0.933338 -0.066120
v -0.603255 1.238698 -0.047722
v -0.603255 1.238698 -0.047722
v -0.603255 1.238698 -0.047722
v -0.603255 1.238698 -0.047722
v -0.605993 1.239141 -0.254029
v -0.605993 1.239141 -0.254029
v -0.708766 0.832037 -0.066120
v -0.708766 0.832037 -0.066120
v -0.622728 1.171049 -0.702082
v -0.622728 1.171049 -0.702082
v -0.609059 1.217464 -0.656795
v -0.609059 1.217464 -0.656795
v -0.605235 1.226591 -0.626224
v -0.605235 1.226591 -0.626224
v -0.604581 1.235281 -0.457292
v -0.604581 1.235281 -0.457292
v -0.613980 1.202680 -0.676204
v -0.613980 1.202680 -0.676204
v -0.707725 0.832040 -0.926189
v -0.707725 0.832040 -0.926189
v -0.624659 1.154615 -0.689756
v -0.624659 1.154615 -0.689756
v -0.610990 1.201031 -0.644470
v -0.610990 1.201031 -0.644470
v -0.607167 1.210157 -0.613899
v -0.607167 1.210157 -0.613899
v -0.605874 1.218848 -0.444967
v -0.605874 1.218848 -0.444967
v -0.615912 1.186246 -0.663879
v -0.615912 1.186246 -0.663879
v -0.607286 1.222707 -0.241704
v -0.607286 1.222707 -0.241704
v -0.707725 0.815607 -0.913863
v -0.707725 0.815607 -0.913863
v -0.603281 1.238650 -0.023902
v -0.603281 1.238650 -0.023902
v -0.603281 1.238650 -0.023902
v -0.603281 1.238650 -0.023902
v -0.608786 1.222120 -0.005504
v -0.608786 1.222120 -0.005504
v -0.608786 1.222120 -0.005504
v -0.644626 1.137390 -0.044098
v -0.644626 1.137390 -0.044098
v -0.644622 1.137398 -0.047712
v -0.644622 1.137398 -0.047712
v -0.642812 1.137394 -0.045905
v -0.642812 1.137394 -0.045905
v -0.644648 1.137350 -0.023892
v -0.644648 1.137350 -0.023892
v -0.644644 1.137357 -0.027507
v -0.644644 1.137357 -0.027507
v -0.642834 1.137354 -0.025700
v -0.642834 1.137354 -0.025700
v -0.671862 1.036056 -0.027507
v -0.671862 1.036056 -0.027507
v -0.671866 1.036049 -0.023892
v -0.671866 1.036049 -0.023892
v -0.670052 1.036053 -0.025700
v -0.670052 1.036053 -0.025700
v -0.671841 1.036096 -0.047712
v -0.671841 1.036096 -0.047712
v -0.671845 1.036089 -0.044098
v -0.671845 1.036089 -0.044098
v -0.670030 1.036093 -0.045905
v -0.670030 1.036093 -0.045905
v -0.695546 0.934755 -0.027507
v -0.695546 0.934755 -0.027507
v -0.695550 0.934748 -0.023892
v -0.695550 0.934748 -0.023892
v -0.693736 0.934751 -0.025700
v -0.693736 0.934751 -0.025700
v -0.695524 0.934795 -0.047712
v -0.695524 0.934795 -0.047712
v -0.695528 0.934788 -0.044098
v -0.695528 0.934788 -0.044098
v -0.693714 0.934792 -0.045905
v -0.693714 0.934792 -0.045905
v -0.717571 0.833454 -0.027507
v -0.717571 0.833454 -0.027507
v -0.717575 0.833446 -0.023892
v -0.717575 0.833446 -0.023892
v -0.715761 0.833450 -0.025700
v -0.715761 0.833450 -0.025700
v -0.717549 0.833494 -0.047712
v -0.717549 0.833494 -0.047712
v -0.717553 0.833487 -0.044098
v -0.717553 0.833487 -0.044098
v -0.715739 0.833490 -0.045905
v -0.715739 0.833490 -0.045905
v -0.612802 1.237836 -0.047712
v -0.612802 1.237836 -0.047712
v -0.612802 1.237836 -0.047712
v -0.610998 1.237812 -0.045905
v -0.610998 1.237812 -0.045905
v -0.610998 1.237812 -0.045905
v -0.611024 1.237761 -0.025700
v -0.611024 1.237761 -0.025700
v -0.611024 1.237761 -0.025700
v -0.603277 1.238658 -0.027517
v -0.603277 1.238658 -0.027517
v -0.603277 1.238658 -0.027517
v -0.603277 1.238658 -0.027517
v -0.601467 1.238654 -0.025709
v -0.601467 1.238654 -0.025709
v -0.601467 1.238654 -0.025709
v -0.603259 1.238691 -0.044107
v -0.603259 1.238691 -0.044107
v -0.603259 1.238691 -0.044107
v -0.603259 1.238691 -0.044107
v -0.601445 1.238694 -0.045915
v -0.601445 1.238694 -0.045915
v -0.601445 1.238694 -0.045915
v -0.621291 1.225616 0.387063
v -0.621291 1.225616 0.387063
v -0.618678 1.227558 0.388622
v -0.618678 1.227558 0.388622
v -0.625266 1.203420 0.558712
v -0.625266 1.203420 0.558712
v -0.627847 1.201537 0.557195
v -0.627847 1.201537 0.557195
v -0.622259 1.214089 0.533107
v -0.622259 1.214089 0.533107
v -0.624854 1.212182 0.531572
v -0.624854 1.212182 0.531572
v -0.629886 1.184268 0.580121
v -0.629886 1.184268 0.580121
v -0.632456 1.182397 0.578613
v -0.632456 1.182397 0.578613
v -0.619091 1.233200 0.188996
v -0.619091 1.233200 0.188996
v -0.616453 1.235170 0.190577
v -0.616453 1.235170 0.190577
v -0.716254 0.814214 0.848157
v -0.716254 0.814214 0.848157
v -0.713703 0.816082 0.849661
v -0.713703 0.816082 0.849661
v -0.609327 1.239681 -0.023895
v -0.609327 1.239681 -0.023895
v -0.609327 1.239681 -0.023895
v -0.609327 1.239681 -0.023895
v -0.628926 1.172105 -0.702075
v -0.628926 1.172105 -0.702075
v -0.631491 1.170317 -0.700402
v -0.631491 1.170317 -0.700402
v -0.610730 1.236330 -0.457285
v -0.610730 1.236330 -0.457285
v -0.613344 1.234405 -0.455505
v -0.613344 1.234405 -0.455505
v -0.617822 1.216689 -0.655083
v -0.617822 1.216689 -0.655083
v -0.615240 1.218518 -0.656788
v -0.615240 1.218518 -0.656788
v -0.611403 1.227642 -0.626217
v -0.611403 1.227642 -0.626217
v -0.613999 1.225771 -0.624479
v -0.613999 1.225771 -0.624479
v -0.620171 1.203735 -0.676197
v -0.620171 1.203735 -0.676197
v -0.622744 1.201932 -0.674513
v -0.622744 1.201932 -0.674513
v -0.614756 1.238217 -0.252206
v -0.614756 1.238217 -0.252206
v -0.612117 1.240185 -0.254022
v -0.612117 1.240185 -0.254022
v -0.713935 0.833099 -0.926182
v -0.713935 0.833099 -0.926182
v -0.716489 0.831322 -0.924520
v -0.716489 0.831322 -0.924520
v -0.609301 1.239729 -0.047715
v -0.609301 1.239729 -0.047715
v -0.609301 1.239729 -0.047715
v -0.609301 1.239729 -0.047715
v -0.609227 1.239708 -0.044101
v -0.609227 1.239708 -0.044101
v -0.609227 1.239708 -0.044101
v -0.612816 1.237798 -0.044098
v -0.612816 1.237798 -0.044098
v -0.612816 1.237798 -0.044098
v -0.612816 1.237798 -0.044098
v -0.607422 1.239713 -0.045908
v -0.607422 1.239713 -0.045908
v -0.607422 1.239713 -0.045908
v -0.607422 1.239713 -0.045908
v -0.612834 1.237769 -0.023892
v -0.612834 1.237769 -0.023892
v -0.612834 1.237769 -0.023892
v -0.612835 1.237761 -0.027507
v -0.612835 1.237761 -0.027507
v -0.612835 1.237761 -0.027507
v -0.612835 1.237761 -0.027507
v -0.609245 1.239675 -0.027510
v -0.609245 1.239675 -0.027510
v -0.609245 1.239675 -0.027510
v -0.607444 1.239673 -0.025703
v -0.607444 1.239673 -0.025703
v -0.607444 1.239673 -0.025703
v -0.607444 1.239673 -0.025703
v -0.655711 1.076611 0.639444
v -0.655711 1.076611 0.639444
v -0.697743 0.891717 0.774756
v -0.697743 0.891717 0.774756
v -0.677527 0.984691 0.707518
v -0.677527 0.984691 0.707518
v -0.688947 0.906078 0.784903
v -0.688947 0.906078 0.784903
v -0.646976 1.090699 0.649789
v -0.646976 1.090699 0.649789
v -0.668762 0.998906 0.717771
v -0.668762 0.998906 0.717771
v -0.646970 1.075029 0.639500
v -0.646970 1.075029 0.639500
v -0.688959 0.890323 0.774675
v -0.688959 0.890323 0.774675
v -0.668764 0.983201 0.707507
v -0.668764 0.983201 0.707507
v -0.653155 1.091843 0.649731
v -0.653155 1.091843 0.649731
v -0.695177 0.907040 0.784979
v -0.695177 0.907040 0.784979
v -0.674968 0.999961 0.717779
v -0.674968 0.999961 0.717779
v -0.697759 0.905030 0.783576
v -0.697759 0.905030 0.783576
v -0.655690 1.090082 0.648143
v -0.655690 1.090082 0.648143
v -0.677525 0.998083 0.716280
v -0.677525 0.998083 0.716280
v -0.694296 0.910345 -0.854344
v -0.694296 0.910345 -0.854344
v -0.659733 1.051561 -0.761119
v -0.659733 1.051561 -0.761119
v -0.649362 1.066379 -0.773537
v -0.649362 1.066379 -0.773537
v -0.684662 0.925498 -0.866543
v -0.684662 0.925498 -0.866543
v -0.685514 0.908928 -0.854305
v -0.685514 0.908928 -0.854305
v -0.650986 1.050003 -0.761173
v -0.650986 1.050003 -0.761173
v -0.690889 0.926481 -0.866584
v -0.690889 0.926481 -0.866584
v -0.655549 1.067499 -0.773488
v -0.655549 1.067499 -0.773488
v -0.658088 1.065800 -0.771763
v -0.658088 1.065800 -0.771763
v -0.693470 0.924600 -0.864987
v -0.693470 0.924600 -0.864987
v -0.366142 0.371729 1.924874
v -0.391656 0.361472 1.922024
v -0.402170 0.336857 1.915105
v -0.402170 0.336857 1.915105
v -0.391524 0.312304 1.908170
v -0.391524 0.312304 1.908170
v -0.365955 0.302195 1.905282
v -0.365955 0.302195 1.905282
v -0.340441 0.312451 1.908132
v -0.340441 0.312451 1.908132
v -0.329928 0.337066 1.915051
v -0.329928 0.337066 1.915051
v -0.340573 0.361620 1.921986
v -0.366161 0.378962 1.926912
v -0.366161 0.378962 1.926912
v -0.396983 0.366571 1.923469
v -0.396983 0.366571 1.923469
v -0.409684 0.336836 1.915110
v -0.409684 0.336836 1.915110
v -0.396824 0.307174 1.906733
v -0.396824 0.307174 1.906733
v -0.365936 0.294962 1.903244
v -0.365936 0.294962 1.903244
v -0.335114 0.307353 1.906687
v -0.335114 0.307353 1.906687
v -0.322414 0.337088 1.915046
v -0.322414 0.337088 1.915046
v -0.335274 0.366749 1.923423
v -0.335274 0.366749 1.923423
v -0.328806 0.377622 1.908903
v -0.313232 0.341702 1.898758
v -0.328613 0.305693 1.888636
v -0.365938 0.290688 1.884466
v -0.403342 0.305476 1.888691
v -0.418916 0.341396 1.898836
v -0.403535 0.377405 1.908958
v -0.366210 0.392410 1.913128
v -0.366136 0.368471 1.920513
v -0.389462 0.359093 1.917907
v -0.399074 0.336589 1.911581
v -0.389342 0.314141 1.905241
v -0.365965 0.304898 1.902601
v -0.342639 0.314276 1.905207
v -0.333027 0.336780 1.911533
v -0.342759 0.359228 1.917873
v -0.366142 0.392779 -1.951620
v -0.391656 0.382522 -1.948769
v -0.402170 0.357908 -1.941850
v -0.402170 0.357908 -1.941850
v -0.391524 0.333354 -1.934915
v -0.391524 0.333354 -1.934915
v -0.365955 0.323245 -1.932027
v -0.365955 0.323245 -1.932027
v -0.340441 0.333502 -1.934878
v -0.340441 0.333502 -1.934878
v -0.329928 0.358117 -1.941797
v -0.329928 0.358117 -1.941797
v -0.340573 0.382670 -1.948732
v -0.366161 0.400012 -1.953657
v -0.366161 0.400012 -1.953657
v -0.396983 0.387621 -1.950214
v -0.396983 0.387621 -1.950214
v -0.409684 0.357886 -1.941856
v -0.409684 0.357886 -1.941856
v -0.396824 0.328224 -1.933478
v -0.396824 0.328224 -1.933478
v -0.365936 0.316012 -1.929989
v -0.365936 0.316012 -1.929989
v -0.335114 0.328403 -1.933433
v -0.335114 0.328403 -1.933433
v -0.322414 0.358138 -1.941791
v -0.322414 0.358138 -1.941791
v -0.335274 0.387800 -1.950169
v -0.335274 0.387800 -1.950169
v -0.328806 0.398672 -1.935649
v -0.313232 0.362752 -1.925504
v -0.328613 0.326743 -1.915382
v -0.365938 0.311738 -1.911212
v -0.403342 0.326527 -1.915437
v -0.418916 0.362446 -1.925582
v -0.403535 0.398456 -1.935704
v -0.366210 0.413461 -1.939874
v -0.366136 0.389521 -1.947259
v -0.389462 0.380143 -1.944653
v -0.399074 0.357639 -1.938327
v -0.389342 0.335191 -1.931987
v -0.365965 0.325948 -1.929346
v -0.342639 0.335326 -1.931952
v -0.333027 0.357830 -1.938278
v -0.342759 0.380279 -1.944618
v -0.663422 0.539111 -1.992684
v -0.663422 0.539111 -1.992684
v -0.672165 0.548025 -1.993430
v -0.672165 0.548025 -1.993430
v -0.669587 0.541728 -1.992788
v -0.669587 0.541728 -1.992788
v -0.669587 0.541728 -1.992788
v -0.672792 0.686111 -2.009292
v -0.672792 0.686111 -2.009292
v -0.664093 0.695118 -2.010607
v -0.664093 0.695118 -2.010607
v -0.670262 0.692408 -2.010097
v -0.670262 0.692408 -2.010097
v -0.670262 0.692408 -2.010097
v -0.312784 0.702245 -2.022673
v -0.312784 0.702245 -2.022673
v -0.303955 0.693520 -2.021952
v -0.303955 0.693520 -2.021952
v -0.306586 0.699764 -2.022586
v -0.306586 0.699764 -2.022586
v -0.306586 0.699764 -2.022586
v -0.302165 0.547443 -2.005195
v -0.302165 0.547443 -2.005195
v -0.310758 0.538539 -2.003896
v -0.310758 0.538539 -2.003896
v -0.304636 0.541141 -2.004391
v -0.304636 0.541141 -2.004391
v -0.304636 0.541141 -2.004391
v -0.671978 0.548720 -1.987362
v -0.671978 0.548720 -1.987362
v -0.663233 0.539809 -1.986617
v -0.663233 0.539809 -1.986617
v -0.669400 0.542425 -1.986721
v -0.669400 0.542425 -1.986721
v -0.669400 0.542425 -1.986721
v -0.663903 0.695816 -2.004539
v -0.663903 0.695816 -2.004539
v -0.672606 0.686812 -2.003225
v -0.672606 0.686812 -2.003225
v -0.670073 0.693105 -2.004030
v -0.670073 0.693105 -2.004030
v -0.670073 0.693105 -2.004030
v -0.303769 0.694222 -2.015885
v -0.303769 0.694222 -2.015885
v -0.312599 0.702944 -2.016606
v -0.312599 0.702944 -2.016606
v -0.306400 0.700463 -2.016519
v -0.306400 0.700463 -2.016519
v -0.306400 0.700463 -2.016519
v -0.310573 0.539237 -1.997829
v -0.310573 0.539237 -1.997829
v -0.301978 0.548139 -1.999128
v -0.301978 0.548139 -1.999128
v -0.304449 0.541838 -1.998324
v -0.304449 0.541838 -1.998324
v -0.304449 0.541838 -1.998324
v -0.682620 0.537635 -1.986635
v -0.673905 0.528739 -1.985986
v -0.680051 0.531352 -1.986062
v -0.674627 0.706043 -2.004454
v -0.683293 0.697039 -2.003238
v -0.680768 0.703326 -2.003974
v -0.293205 0.705439 -2.016606
v -0.302011 0.714137 -2.017231
v -0.295825 0.711669 -2.017172
v -0.299864 0.528057 -1.997880
v -0.291285 0.536935 -1.999081
v -0.293756 0.530650 -1.998346
v -0.656417 0.546714 -1.994063
v -0.665132 0.555595 -1.994820
v -0.662563 0.549318 -1.994176
v -0.657048 0.688114 -2.010307
v -0.663203 0.685419 -2.009810
v -0.319730 0.694561 -2.021301
v -0.310935 0.685861 -2.020566
v -0.313560 0.692080 -2.021202
v -0.309237 0.555075 -2.005564
v -0.311698 0.548794 -2.004767
v -0.672487 0.618891 -2.001570
v -0.672487 0.618891 -2.001570
v -0.672470 0.615175 -2.001143
v -0.672470 0.615175 -2.001143
v -0.303037 0.618616 -2.013360
v -0.303037 0.618616 -2.013360
v -0.303083 0.622331 -2.013786
v -0.303083 0.622331 -2.013786
v -0.672283 0.615874 -1.995077
v -0.672283 0.615874 -1.995077
v -0.672300 0.619589 -1.995503
v -0.672300 0.619589 -1.995503
v -0.302850 0.619315 -2.007293
v -0.302850 0.619315 -2.007293
v -0.302896 0.623029 -2.007718
v -0.302896 0.623029 -2.007718
v -0.682948 0.615444 -1.994739
v -0.682964 0.619164 -1.995127
v -0.292267 0.623043 -2.008037
v -0.292224 0.619324 -2.007650
v -0.488438 0.698682 -2.017848
v -0.488438 0.698682 -2.017848
v -0.488251 0.699380 -2.011781
v -0.488251 0.699380 -2.011781
v -0.488389 0.691337 -2.017012
v -0.488319 0.710090 -2.012051
v -0.487090 0.538825 -1.999498
v -0.487090 0.538825 -1.999498
v -0.486903 0.539523 -1.993431
v -0.486903 0.539523 -1.993431
v -0.487106 0.546455 -2.000381
v -0.486885 0.528398 -1.993141
v -0.665724 0.679140 -2.009012
v -0.317796 0.546196 -2.004283
v -0.665437 0.619195 -2.002126
v -0.665419 0.615480 -2.001698
v -0.310062 0.618598 -2.012851
v -0.310110 0.622312 -2.013277
v -0.515192 0.874952 0.929223
v -0.515192 0.874952 0.929223
v -0.351815 0.884614 0.959732
v -0.351815 0.884614 0.959732
v -0.673729 0.889129 0.842767
v -0.673729 0.889129 0.842767
v -0.637390 0.865898 0.893753
v -0.637390 0.865898 0.893753
v -0.588858 1.203893 0.622876
v -0.588858 1.203893 0.622876
v -0.578387 1.222236 0.619732
v -0.578387 1.222236 0.619732
v -0.529684 1.240481 0.626960
v -0.529684 1.240481 0.626960
v -0.665352 0.869846 0.871134
v -0.665352 0.869846 0.871134
v -0.665352 0.869846 0.871134
v -0.562627 1.232789 0.620549
v -0.562627 1.232789 0.620549
v -0.420136 1.250547 0.639208
v -0.420136 1.250547 0.639208
v -0.175367 0.889633 0.970655
v -0.175367 0.889633 0.970655
v -0.220841 1.263847 0.655311
v -0.220841 1.263847 0.655311
v -0.512172 0.887060 0.922223
v -0.512172 0.887060 0.922223
v -0.359200 0.896107 0.950789
v -0.359200 0.896107 0.950789
v -0.660612 0.900334 0.850201
v -0.660612 0.900334 0.850201
v -0.626588 0.878583 0.890603
v -0.626588 0.878583 0.890603
v -0.581147 1.195052 0.640984
v -0.581147 1.195052 0.640984
v -0.571343 1.212227 0.634722
v -0.571343 1.212227 0.634722
v -0.525741 1.229309 0.639210
v -0.525741 1.229309 0.639210
v -0.652769 0.882279 0.872153
v -0.652769 0.882279 0.872153
v -0.652769 0.882279 0.872153
v -0.556443 1.221931 0.633141
v -0.556443 1.221931 0.633141
v -0.423169 1.238734 0.650678
v -0.423169 1.238734 0.650678
v -0.193989 0.900806 0.961016
v -0.193989 0.900806 0.961016
v -0.236567 1.251187 0.665756
v -0.236567 1.251187 0.665756
v -0.508962 0.866217 0.919233
v -0.508962 0.866217 0.919233
v -0.345585 0.875878 0.949742
v -0.345585 0.875878 0.949742
v -0.667498 0.880393 0.832777
v -0.667498 0.880393 0.832777
v -0.631160 0.857163 0.883763
v -0.631160 0.857163 0.883763
v -0.582627 1.195158 0.612886
v -0.582627 1.195158 0.612886
v -0.572157 1.213500 0.609742
v -0.572157 1.213500 0.609742
v -0.523454 1.231745 0.616970
v -0.523454 1.231745 0.616970
v -0.659121 0.861110 0.861143
v -0.659121 0.861110 0.861143
v -0.659121 0.861110 0.861143
v -0.556397 1.224053 0.610559
v -0.556397 1.224053 0.610559
v -0.413905 1.241811 0.629218
v -0.413905 1.241811 0.629218
v -0.169137 0.880898 0.960665
v -0.169137 0.880898 0.960665
v -0.214610 1.255111 0.645321
v -0.214610 1.255111 0.645321
v -0.505941 0.878325 0.912233
v -0.505941 0.878325 0.912233
v -0.352969 0.887371 0.940799
v -0.352969 0.887371 0.940799
v -0.654381 0.891599 0.840211
v -0.654381 0.891599 0.840211
v -0.620357 0.869848 0.880613
v -0.620357 0.869848 0.880613
v -0.574916 1.186317 0.630994
v -0.574916 1.186317 0.630994
v -0.565112 1.203491 0.624732
v -0.565112 1.203491 0.624732
v -0.519511 1.220574 0.629220
v -0.519511 1.220574 0.629220
v -0.646538 0.873544 0.862163
v -0.646538 0.873544 0.862163
v -0.646538 0.873544 0.862163
v -0.550212 1.213195 0.623150
v -0.550212 1.213195 0.623150
v -0.416938 1.229999 0.640688
v -0.416938 1.229999 0.640688
v -0.187759 0.892071 0.951026
v -0.187759 0.892071 0.951026
v -0.230336 1.242452 0.655765
v -0.230336 1.242452 0.655765
v -0.231325 1.255407 0.662274
v -0.226083 1.259627 0.658793
v -0.583717 1.197999 0.634948
v -0.586288 1.200946 0.628912
v -0.661158 0.873990 0.871474
v -0.656963 0.878134 0.871813
v -0.630189 0.874355 0.891653
v -0.633790 0.870126 0.892703
v -0.528370 1.236757 0.631044
v -0.527056 1.233033 0.635127
v -0.558505 1.225550 0.628943
v -0.560566 1.229169 0.624746
v -0.354277 0.888445 0.956751
v -0.356739 0.892276 0.953770
v -0.187782 0.897082 0.964229
v -0.181575 0.893358 0.967442
v -0.576039 1.218900 0.624729
v -0.573691 1.215563 0.629726
v -0.669357 0.892864 0.845245
v -0.664984 0.896599 0.847723
v -0.513179 0.883024 0.924557
v -0.514186 0.878988 0.926890
v -0.421147 1.246609 0.643031
v -0.422158 1.242672 0.646855
v -0.659654 0.950589 0.796546
v -0.659654 0.950589 0.796546
v -0.609695 1.136315 0.666644
v -0.609695 1.136315 0.666644
v -0.636285 1.043136 0.729809
v -0.636285 1.043136 0.729809
v -0.598980 1.137219 0.679747
v -0.598980 1.137219 0.679747
v -0.648825 0.951813 0.811515
v -0.648825 0.951813 0.811515
v -0.625469 1.044357 0.744184
v -0.625469 1.044357 0.744184
v -0.603482 1.127520 0.656693
v -0.603482 1.127520 0.656693
v -0.653397 0.941970 0.786469
v -0.653397 0.941970 0.786469
v -0.630052 1.034417 0.719804
v -0.630052 1.034417 0.719804
v -0.642565 0.943201 0.801432
v -0.642565 0.943201 0.801432
v -0.592772 1.128410 0.669806
v -0.592772 1.128410 0.669806
v -0.619237 1.035636 0.734181
v -0.619237 1.035636 0.734181
v -0.606099 1.136694 0.670988
v -0.656075 0.950864 0.801637
v -0.632682 1.043527 0.734623
v -0.602495 1.137101 0.675286
v -0.652502 0.951112 0.806746
v -0.629078 1.043917 0.739430
v -0.566854 1.199979 -0.929038
v -0.566854 1.199979 -0.929038
v -0.495633 1.256292 -0.905655
v -0.495633 1.256292 -0.905655
v -0.539522 1.236774 -0.910400
v -0.539522 1.236774 -0.910400
v -0.420136 1.270450 -0.917681
v -0.420136 1.270450 -0.917681
v -0.220841 1.281237 -0.934093
v -0.220841 1.281237 -0.934093
v -0.554323 1.190215 -0.943197
v -0.554323 1.190215 -0.943197
v -0.487715 1.242881 -0.921328
v -0.487715 1.242881 -0.921328
v -0.528762 1.224628 -0.925766
v -0.528762 1.224628 -0.925766
v -0.417107 1.256122 -0.932576
v -0.417107 1.256122 -0.932576
v -0.563654 1.190853 -0.918881
v -0.563654 1.190853 -0.918881
v -0.230719 1.266211 -0.947925
v -0.230719 1.266211 -0.947925
v -0.492434 1.247166 -0.895498
v -0.492434 1.247166 -0.895498
v -0.536323 1.227648 -0.900243
v -0.536323 1.227648 -0.900243
v -0.416936 1.261324 -0.907524
v -0.416936 1.261324 -0.907524
v -0.217641 1.272111 -0.923937
v -0.217641 1.272111 -0.923937
v -0.551124 1.181089 -0.933040
v -0.551124 1.181089 -0.933040
v -0.484516 1.233755 -0.911171
v -0.484516 1.233755 -0.911171
v -0.525562 1.215502 -0.915609
v -0.525562 1.215502 -0.915609
v -0.413908 1.246997 -0.922419
v -0.413908 1.246997 -0.922419
v -0.227520 1.257085 -0.937769
v -0.227520 1.257085 -0.937769
v -0.558500 1.193470 -0.938477
v -0.562677 1.196724 -0.933758
v -0.224134 1.276229 -0.938704
v -0.227426 1.271220 -0.943315
v -0.418117 1.260898 -0.927611
v -0.419126 1.265674 -0.922646
v -0.535935 1.232726 -0.915522
v -0.532348 1.228677 -0.920644
v -0.490354 1.247351 -0.916104
v -0.492994 1.251822 -0.910879
v -0.231784 0.866316 -1.300653
v -0.231784 0.866316 -1.300653
v -0.348375 0.861977 -1.285518
v -0.348375 0.861977 -1.285518
v -0.469029 0.857000 -1.263215
v -0.469029 0.857000 -1.263215
v -0.585253 0.850410 -1.230420
v -0.585253 0.850410 -1.230420
v -0.228657 0.857205 -1.290540
v -0.228657 0.857205 -1.290540
v -0.345083 0.852855 -1.275379
v -0.345083 0.852855 -1.275379
v -0.237122 0.877979 -1.290673
v -0.237122 0.877979 -1.290673
v -0.353870 0.873753 -1.275874
v -0.353870 0.873753 -1.275874
v -0.459077 0.869539 -1.256426
v -0.459077 0.869539 -1.256426
v -0.574927 0.862955 -1.223746
v -0.574927 0.862955 -1.223746
v -0.466010 0.847865 -1.253025
v -0.466010 0.847865 -1.253025
v -0.581932 0.841291 -1.220310
v -0.581932 0.841291 -1.220310
v -0.350573 0.864632 -1.265735
v -0.350573 0.864632 -1.265735
v -0.233991 0.868866 -1.280556
v -0.233991 0.868866 -1.280556
v -0.571615 0.853836 -1.213633
v -0.571615 0.853836 -1.213633
v -0.456052 0.860404 -1.246237
v -0.456052 0.860404 -1.246237
v -0.465363 0.861197 -1.261016
v -0.582086 0.854574 -1.228088
v -0.578458 0.858767 -1.225936
v -0.462166 0.865371 -1.258731
v -0.233515 0.870205 -1.297329
v -0.350291 0.865898 -1.282288
v -0.352217 0.869819 -1.279056
v -0.235258 0.874093 -1.294005
v -0.669568 0.850931 -1.193482
v -0.669568 0.850931 -1.193482
v -0.669568 0.850931 -1.193482
v -0.664501 0.846767 -1.199749
v -0.664501 0.846767 -1.199749
v -0.664501 0.846767 -1.199749
v -0.650322 0.864048 -1.190245
v -0.650322 0.864048 -1.190245
v -0.650322 0.864048 -1.190245
v -0.645287 0.859865 -1.196515
v -0.645287 0.859865 -1.196515
v -0.645287 0.859865 -1.196515
v -0.661339 0.837638 -1.189578
v -0.661339 0.837638 -1.189578
v -0.661339 0.837638 -1.189578
v -0.666373 0.841784 -1.183343
v -0.666373 0.841784 -1.183343
v -0.666373 0.841784 -1.183343
v -0.647127 0.854900 -1.180107
v -0.647127 0.854900 -1.180107
v -0.647127 0.854900 -1.180107
v -0.642124 0.850737 -1.186345
v -0.642124 0.850737 -1.186345
v -0.642124 0.850737 -1.186345
v -0.656726 0.859729 -1.191277
v -0.651598 0.855505 -1.197630
v -0.657976 0.851140 -1.198718
v -0.663145 0.855342 -1.192369
v -0.608127 1.077381 -1.015563
v -0.608127 1.077381 -1.015563
v -0.646237 0.946562 -1.115146
v -0.646237 0.946562 -1.115146
v -0.591463 1.079898 -1.021055
v -0.591463 1.079898 -1.021055
v -0.629584 0.949042 -1.120648
v -0.629584 0.949042 -1.120648
v -0.643036 0.937443 -1.104984
v -0.643036 0.937443 -1.104984
v -0.604936 1.068232 -1.005423
v -0.604936 1.068232 -1.005423
v -0.588271 1.070748 -1.010915
v -0.588271 1.070748 -1.010915
v -0.626383 0.939923 -1.110486
v -0.626383 0.939923 -1.110486
v -0.602564 1.078244 -1.017377
v -0.640688 0.947384 -1.116983
v -0.635140 0.948198 -1.118827
v -0.597006 1.079093 -1.019201
v -0.350863 0.623746 1.995885
v -0.350863 0.623746 1.995885
v -0.350107 0.539725 1.987326
v -0.350107 0.539725 1.987326
v -0.350485 0.581735 1.991606
v -0.350485 0.581735 1.991606
v -0.692585 0.623127 1.971766
v -0.692585 0.623127 1.971766
v -0.691829 0.539106 1.963206
v -0.691829 0.539106 1.963206
v -0.692208 0.581117 1.967486
v -0.692208 0.581117 1.967486
v -0.350502 0.624271 1.990745
v -0.350502 0.624271 1.990745
v -0.349745 0.540245 1.982186
v -0.349745 0.540245 1.982186
v -0.350123 0.582258 1.986466
v -0.350123 0.582258 1.986466
v -0.692224 0.623653 1.966626
v -0.692224 0.623653 1.966626
v -0.691467 0.539626 1.958066
v -0.691467 0.539626 1.958066
v -0.691846 0.581640 1.962346
v -0.691846 0.581640 1.962346
v -0.342944 0.542787 1.957811
v -0.342944 0.542787 1.957811
v -0.343700 0.626815 1.966371
v -0.343700 0.626815 1.966371
v -0.343322 0.584801 1.962091
v -0.343322 0.584801 1.962091
v -0.695543 0.626179 1.941537
v -0.695543 0.626179 1.941537
v -0.694787 0.542150 1.932977
v -0.694787 0.542150 1.932977
v -0.695165 0.584164 1.937257
v -0.695165 0.584164 1.937257
v -0.356696 0.623723 1.994884
v -0.356696 0.623723 1.994884
v -0.355900 0.539712 1.986326
v -0.355900 0.539712 1.986326
v -0.356298 0.581718 1.990605
v -0.356298 0.581718 1.990605
v -0.685997 0.539142 1.964209
v -0.685997 0.539142 1.964209
v -0.686793 0.623152 1.972767
v -0.686793 0.623152 1.972767
v -0.686395 0.581147 1.968488
v -0.686395 0.581147 1.968488
v -0.351116 0.651847 1.998748
v -0.351116 0.651847 1.998748
v -0.356921 0.657546 1.998924
v -0.356921 0.657546 1.998924
v -0.352839 0.655880 1.999040
v -0.352839 0.655880 1.999040
v -0.352839 0.655880 1.999040
v -0.355558 0.505832 1.983468
v -0.355558 0.505832 1.983468
v -0.349854 0.511547 1.984455
v -0.349854 0.511547 1.984455
v -0.351505 0.507512 1.983926
v -0.351505 0.507512 1.983926
v -0.351505 0.507512 1.983926
v -0.691576 0.510934 1.960336
v -0.691576 0.510934 1.960336
v -0.685771 0.505234 1.960160
v -0.685771 0.505234 1.960160
v -0.689855 0.506898 1.960044
v -0.689855 0.506898 1.960044
v -0.689855 0.506898 1.960044
v -0.687134 0.656949 1.975616
v -0.687134 0.656949 1.975616
v -0.692838 0.651234 1.974629
v -0.692838 0.651234 1.974629
v -0.691187 0.655269 1.975159
v -0.691187 0.655269 1.975159
v -0.691187 0.655269 1.975159
v -0.356529 0.658073 1.993786
v -0.356529 0.658073 1.993786
v -0.350755 0.652407 1.993612
v -0.350755 0.652407 1.993612
v -0.352467 0.656418 1.993903
v -0.352467 0.656418 1.993903
v -0.352467 0.656418 1.993903
v -0.352467 0.656418 1.993903
v -0.349491 0.512040 1.979313
v -0.349491 0.512040 1.979313
v -0.355166 0.506359 1.978331
v -0.355166 0.506359 1.978331
v -0.351132 0.508027 1.978786
v -0.351132 0.508027 1.978786
v -0.351132 0.508027 1.978786
v -0.351132 0.508027 1.978786
v -0.685439 0.505761 1.955019
v -0.685439 0.505761 1.955019
v -0.691214 0.511427 1.955193
v -0.691214 0.511427 1.955193
v -0.689501 0.507416 1.954902
v -0.689501 0.507416 1.954902
v -0.689501 0.507416 1.954902
v -0.689501 0.507416 1.954902
v -0.692477 0.651794 1.969492
v -0.692477 0.651794 1.969492
v -0.686802 0.657475 1.970475
v -0.686802 0.657475 1.970475
v -0.690836 0.655807 1.970019
v -0.690836 0.655807 1.970019
v -0.690836 0.655807 1.970019
v -0.690836 0.655807 1.970019
v -0.343973 0.657209 1.969468
v -0.343973 0.657209 1.969468
v -0.349739 0.662864 1.969642
v -0.349739 0.662864 1.969642
v -0.345683 0.661212 1.969758
v -0.345683 0.661212 1.969758
v -0.345683 0.661212 1.969758
v -0.348336 0.506656 1.953728
v -0.348336 0.506656 1.953728
v -0.342669 0.512327 1.954708
v -0.342669 0.512327 1.954708
v -0.344308 0.508322 1.954182
v -0.344308 0.508322 1.954182
v -0.344308 0.508322 1.954182
v -0.694513 0.511695 1.929874
v -0.694513 0.511695 1.929874
v -0.688747 0.506040 1.929700
v -0.688747 0.506040 1.929700
v -0.692803 0.507692 1.929584
v -0.692803 0.507692 1.929584
v -0.692803 0.507692 1.929584
v -0.690151 0.662248 1.945614
v -0.690151 0.662248 1.945614
v -0.695817 0.656577 1.944634
v -0.695817 0.656577 1.944634
v -0.694178 0.660583 1.945160
v -0.694178 0.660583 1.945160
v -0.694178 0.660583 1.945160
v -0.356907 0.646016 1.997155
v -0.356907 0.646016 1.997155
v -0.362727 0.651732 1.997352
v -0.362727 0.651732 1.997352
v -0.358633 0.650062 1.997455
v -0.358633 0.650062 1.997455
v -0.358633 0.650062 1.997455
v -0.361407 0.511598 1.983076
v -0.361407 0.511598 1.983076
v -0.355688 0.517334 1.984046
v -0.355688 0.517334 1.984046
v -0.357340 0.513282 1.983520
v -0.357340 0.513282 1.983520
v -0.357340 0.513282 1.983520
v -0.685786 0.516765 1.961929
v -0.685786 0.516765 1.961929
v -0.679966 0.511048 1.961732
v -0.679966 0.511048 1.961732
v -0.684059 0.512718 1.961630
v -0.684059 0.512718 1.961630
v -0.684059 0.512718 1.961630
v -0.681285 0.651182 1.976009
v -0.681285 0.651182 1.976009
v -0.687004 0.645447 1.975038
v -0.687004 0.645447 1.975038
v -0.685352 0.649498 1.975564
v -0.685352 0.649498 1.975564
v -0.685352 0.649498 1.975564
v -0.333217 0.536657 1.958351
v -0.334017 0.632985 1.967201
v -0.333617 0.584821 1.962777
v -0.705270 0.632315 1.940997
v -0.704470 0.535987 1.932147
v -0.704870 0.584151 1.936572
v -0.334306 0.667827 1.970402
v -0.340390 0.674311 1.970574
v -0.336110 0.672416 1.970700
v -0.338906 0.495239 1.954121
v -0.332928 0.501739 1.955143
v -0.334656 0.497147 1.954597
v -0.704180 0.501074 1.928939
v -0.698097 0.494590 1.928768
v -0.702376 0.496485 1.928642
v -0.699580 0.673663 1.945221
v -0.705559 0.667162 1.944198
v -0.703830 0.671754 1.944745
v -0.522027 0.657247 1.989092
v -0.522027 0.657247 1.989092
v -0.522006 0.651457 1.988502
v -0.522006 0.651457 1.988502
v -0.521666 0.657774 1.983952
v -0.521666 0.657774 1.983952
v -0.519945 0.662556 1.959450
v -0.519945 0.662556 1.959450
v -0.519985 0.673987 1.959719
v -0.520682 0.505533 1.973635
v -0.520682 0.505533 1.973635
v -0.520703 0.511323 1.974224
v -0.520703 0.511323 1.974224
v -0.520320 0.506060 1.968495
v -0.520320 0.506060 1.968495
v -0.518559 0.506348 1.943535
v -0.518559 0.506348 1.943535
v -0.518520 0.494914 1.943265
v -0.408973 0.590431 1.921388
v -0.408973 0.590431 1.921388
v -0.669051 0.589899 1.902100
v -0.669051 0.589899 1.902100
v -0.408990 0.652030 1.927498
v -0.408990 0.652030 1.927498
v -0.408990 0.652030 1.927498
v -0.408976 0.528215 1.915215
v -0.408976 0.528215 1.915215
v -0.408976 0.528215 1.915215
v -0.669034 0.528224 1.895983
v -0.669034 0.528224 1.895983
v -0.669034 0.528224 1.895983
v -0.669048 0.652038 1.908265
v -0.669048 0.652038 1.908265
v -0.669048 0.652038 1.908265
v -0.517148 0.652227 1.917874
v -0.517148 0.652227 1.917874
v -0.516245 0.528358 1.905660
v -0.516245 0.528358 1.905660
v -0.750907 0.626006 1.873378
v -0.751139 0.629583 1.869557
v -0.750931 0.628531 1.872259
v -0.750931 0.628531 1.872259
v -0.752292 0.590912 1.869563
v -0.751848 0.594469 1.873382
v -0.752022 0.591950 1.872264
v -0.752022 0.591950 1.872264
v -0.758681 0.594662 1.796122
v -0.758450 0.591086 1.799943
v -0.758658 0.592137 1.797242
v -0.758658 0.592137 1.797242
v -0.757296 0.629757 1.799938
v -0.757740 0.626200 1.796118
v -0.757566 0.628719 1.797237
v -0.757566 0.628719 1.797237
v -0.756061 0.626156 1.873834
v -0.756061 0.626156 1.873834
v -0.756294 0.629736 1.869998
v -0.756294 0.629736 1.869998
v -0.756085 0.628684 1.872711
v -0.756085 0.628684 1.872711
v -0.756085 0.628684 1.872711
v -0.757448 0.591065 1.870004
v -0.757448 0.591065 1.870004
v -0.757002 0.594627 1.873839
v -0.757002 0.594627 1.873839
v -0.757177 0.592105 1.872715
v -0.757177 0.592105 1.872715
v -0.757177 0.592105 1.872715
v -0.763835 0.594820 1.796579
v -0.763835 0.594820 1.796579
v -0.763602 0.591240 1.800414
v -0.763602 0.591240 1.800414
v -0.763811 0.592292 1.797702
v -0.763811 0.592292 1.797702
v -0.763811 0.592292 1.797702
v -0.762449 0.629911 1.800409
v -0.762449 0.629911 1.800409
v -0.762894 0.626349 1.796574
v -0.762894 0.626349 1.796574
v -0.762720 0.628871 1.797697
v -0.762720 0.628871 1.797697
v -0.762720 0.628871 1.797697
v -0.756544 0.623830 1.869165
v -0.756777 0.627411 1.865329
v -0.756568 0.626358 1.868041
v -0.757791 0.593414 1.865334
v -0.757345 0.596976 1.869169
v -0.757520 0.594454 1.868046
v -0.763352 0.597146 1.801248
v -0.763120 0.593565 1.805084
v -0.763328 0.594618 1.802372
v -0.762105 0.627562 1.805079
v -0.762551 0.624000 1.801244
v -0.762376 0.626522 1.802367
v -0.755371 0.590999 1.834751
v -0.755371 0.590999 1.834751
v -0.754217 0.629670 1.834745
v -0.754217 0.629670 1.834745
v -0.760525 0.591153 1.835207
v -0.760525 0.591153 1.835207
v -0.760525 0.591153 1.835207
v -0.760525 0.591153 1.835207
v -0.759372 0.629824 1.835201
v -0.759372 0.629824 1.835201
v -0.759372 0.629824 1.835201
v -0.759372 0.629824 1.835201
v -0.760316 0.593486 1.836787
v -0.760596 0.593494 1.833624
v -0.759301 0.627482 1.836783
v -0.759581 0.627490 1.833620
v -0.235277 0.269569 2.025316
v -0.244951 0.279197 2.025878
v -0.242117 0.272389 2.025331
v -0.242117 0.272389 2.025331
v -0.235277 0.374191 2.035504
v -0.244951 0.364563 2.034192
v -0.242117 0.371371 2.034970
v -0.242117 0.371371 2.034970
v -0.158461 0.269569 2.027884
v -0.158461 0.374191 2.038073
v -0.235277 0.266863 2.053097
v -0.235277 0.266863 2.053097
v -0.234479 0.270525 2.057528
v -0.234479 0.270525 2.057528
v -0.240883 0.276889 2.057956
v -0.240883 0.276889 2.057956
v -0.244951 0.276492 2.053660
v -0.244951 0.276492 2.053660
v -0.239008 0.272388 2.057579
v -0.239008 0.272388 2.057579
v -0.242117 0.269684 2.053112
v -0.242117 0.269684 2.053112
v -0.242117 0.269684 2.053112
v -0.234453 0.367043 2.066928
v -0.234453 0.367043 2.066928
v -0.235277 0.371486 2.063285
v -0.235277 0.371486 2.063285
v -0.240883 0.360641 2.066112
v -0.240883 0.360641 2.066112
v -0.244951 0.361857 2.061973
v -0.244951 0.361857 2.061973
v -0.239000 0.365165 2.066615
v -0.239000 0.365165 2.066615
v -0.242117 0.368666 2.062751
v -0.242117 0.368666 2.062751
v -0.242117 0.368666 2.062751
v -0.158461 0.270521 2.060113
v -0.158461 0.270521 2.060113
v -0.158461 0.266863 2.055665
v -0.158461 0.266863 2.055665
v -0.158461 0.371486 2.065854
v -0.158461 0.371486 2.065854
v -0.158461 0.367039 2.069513
v -0.158461 0.367039 2.069513
v -0.705163 0.841943 -0.614881
v -0.705163 0.841943 -0.614881
v -0.614472 1.216174 -0.614881
v -0.614472 1.216174 -0.614881
v -0.705163 0.841943 -0.599237
v -0.705163 0.841943 -0.599237
v -0.614472 1.216174 -0.599237
v -0.614472 1.216174 -0.599237
v -0.687648 0.935501 -0.614881
v -0.687648 0.935501 -0.614881
v -0.665434 1.029059 -0.614881
v -0.665434 1.029059 -0.614881
v -0.642303 1.122617 -0.614881
v -0.642303 1.122617 -0.614881
v -0.687648 0.935501 -0.599237
v -0.687648 0.935501 -0.599237
v -0.665434 1.029059 -0.599237
v -0.665434 1.029059 -0.599237
v -0.642303 1.122617 -0.599237
v -0.642303 1.122617 -0.599237
v -0.696541 0.839857 -0.614881
v -0.696541 0.839857 -0.614881
v -0.605850 1.214088 -0.614881
v -0.605850 1.214088 -0.614881
v -0.696541 0.839857 -0.599237
v -0.696541 0.839857 -0.599237
v -0.605850 1.214088 -0.599237
v -0.605850 1.214088 -0.599237
v -0.679026 0.933415 -0.614881
v -0.679026 0.933415 -0.614881
v -0.656812 1.026972 -0.614881
v -0.656812 1.026972 -0.614881
v -0.633681 1.120530 -0.614881
v -0.633681 1.120530 -0.614881
v -0.679026 0.933415 -0.599237
v -0.679026 0.933415 -0.599237
v -0.656812 1.026972 -0.599237
v -0.656812 1.026972 -0.599237
v -0.633681 1.120530 -0.599237
v -0.633681 1.120530 -0.599237
v -0.529448 0.506470 1.974683
v -0.529448 0.506470 1.974683
v -0.529448 0.506470 1.974683
v -0.514646 0.506470 1.974683
v -0.514646 0.506470 1.974683
v -0.514646 0.506470 1.974683
v -0.529448 0.498459 1.941109
v -0.529448 0.498459 1.941109
v -0.514646 0.498459 1.941109
v -0.514646 0.498459 1.941109
v -0.529448 0.511978 1.974683
v -0.529448 0.511978 1.974683
v -0.529448 0.511978 1.974683
v -0.514646 0.511978 1.974683
v -0.514646 0.511978 1.974683
v -0.514646 0.511978 1.974683
v -0.529448 0.511978 1.977193
v -0.529448 0.511978 1.977193
v -0.529448 0.511978 1.977193
v -0.514646 0.511978 1.977193
v -0.514646 0.511978 1.977193
v -0.514646 0.511978 1.977193
v -0.529448 0.495718 1.941109
v -0.529448 0.495718 1.941109
v -0.514646 0.495718 1.941109
v -0.514646 0.495718 1.941109
v -0.529448 0.504333 1.977050
v -0.529448 0.504333 1.977050
v -0.529448 0.504333 1.977050
v -0.514646 0.504333 1.977050
v -0.514646 0.504333 1.977050
v -0.514646 0.504333 1.977050
v -0.514646 0.657197 1.991018
v -0.514646 0.657197 1.991018
v -0.514646 0.657197 1.991018
v -0.529448 0.657197 1.991018
v -0.529448 0.657197 1.991018
v -0.529448 0.657197 1.991018
v -0.514646 0.665207 1.957444
v -0.514646 0.665207 1.957444
v -0.529448 0.665207 1.957444
v -0.529448 0.665207 1.957444
v -0.514646 0.651689 1.991018
v -0.514646 0.651689 1.991018
v -0.514646 0.651689 1.991018
v -0.529448 0.651689 1.991018
v -0.529448 0.651689 1.991018
v -0.529448 0.651689 1.991018
v -0.514646 0.651689 1.993528
v -0.514646 0.651689 1.993528
v -0.514646 0.651689 1.993528
v -0.529448 0.651689 1.993528
v -0.529448 0.651689 1.993528
v -0.529448 0.651689 1.993528
v -0.514646 0.667948 1.957444
v -0.514646 0.667948 1.957444
v -0.529448 0.667948 1.957444
v -0.529448 0.667948 1.957444
v -0.514646 0.659334 1.993385
v -0.514646 0.659334 1.993385
v -0.514646 0.659334 1.993385
v -0.529448 0.659334 1.993385
v -0.529448 0.659334 1.993385
v -0.529448 0.659334 1.993385
v -0.073180 0.344081 -0.955340
v -0.073180 0.344081 -0.955340
v -0.039605 0.366515 -0.955340
v -0.039605 0.366515 -0.955340
v -0.039605 0.175286 -0.955340
v -0.039605 0.175286 -0.955340
v -0.073180 0.197720 -0.955340
v -0.073180 0.197720 -0.955340
v -0.095614 0.231296 -0.955340
v -0.095614 0.231296 -0.955340
v -0.103492 0.270901 -0.955340
v -0.103492 0.270901 -0.955340
v -0.095614 0.310505 -0.955340
v -0.095614 0.310505 -0.955340
v -0.042438 0.270901 -1.113794
v -0.039208 0.254660 -1.113794
v -0.039208 0.287141 -1.113794
v -0.030008 0.300909 -1.113794
v -0.016240 0.310108 -1.113794
v -0.016240 0.231693 -1.113794
v -0.030008 0.240892 -1.113794
v -0.486746 0.204499 -0.405463
v -0.486746 0.204499 -0.405463
v -0.486746 0.233207 -0.325018
v -0.486746 0.233207 -0.325018
v -0.486746 0.233207 -0.325018
v -0.486746 0.233857 -0.405463
v -0.486746 0.233857 -0.405463
v -0.409717 0.256647 -0.676968
v -0.409717 0.256647 -0.676968
v -0.409717 0.305350 -0.676968
v -0.409717 0.243791 -0.587143
v -0.409717 0.243791 -0.587143
v -0.527449 0.233857 -0.405463
v -0.527449 0.233857 -0.405463
v -0.527449 0.233207 -0.325018
v -0.527449 0.233207 -0.325018
v -0.527449 0.233207 -0.325018
v -0.527449 0.204499 -0.405463
v -0.527449 0.204499 -0.405463
v -0.352848 0.243791 -0.587143
v -0.352848 0.243791 -0.587143
v -0.352848 0.305350 -0.676968
v -0.352848 0.256647 -0.676968
v -0.352848 0.256647 -0.676968
v -0.449925 0.330234 -0.988761
v -0.449925 0.330234 -0.988761
v -0.476100 0.330356 -0.962575
v -0.476100 0.330356 -0.962575
v -0.547610 0.330690 -1.086488
v -0.547610 0.330690 -1.086488
v -0.511855 0.330523 -1.096072
v -0.511855 0.330523 -1.096072
v -0.573784 0.330812 -0.988761
v -0.573784 0.330812 -0.988761
v -0.583365 0.330856 -1.024531
v -0.583365 0.330856 -1.024531
v -0.511855 0.330523 -0.952990
v -0.511855 0.330523 -0.952990
v -0.476100 0.330356 -1.086488
v -0.476100 0.330356 -1.086488
v -0.573784 0.330812 -1.060302
v -0.573784 0.330812 -1.060302
v -0.547610 0.330690 -0.962575
v -0.547610 0.330690 -0.962575
v -0.449925 0.330234 -1.060302
v -0.449925 0.330234 -1.060302
v -0.440345 0.330189 -1.024531
v -0.440345 0.330189 -1.024531
v -0.511855 0.259090 -1.024531
v -0.511855 0.259090 -1.024531
v -0.511855 0.259090 -1.024531
v -0.511855 0.259090 -1.024531
v -0.511855 0.259090 -1.024531
v -0.511855 0.259090 -1.024531
v -0.511855 0.259090 -1.024531
v -0.511855 0.259090 -1.024531
v -0.511855 0.259090 -1.024531
v -0.511855 0.259090 -1.024531
v -0.511855 0.259090 -1.024531
v -0.511855 0.259090 -1.024531
v -0.478581 0.524060 -1.005313
v -0.478581 0.524060 -1.005313
v -0.492644 0.524126 -0.991244
v -0.492644 0.524126 -0.991244
v -0.531065 0.524305 -1.057819
v -0.531065 0.524305 -1.057819
v -0.511855 0.496233 -1.024531
v -0.511855 0.496233 -1.024531
v -0.511855 0.496233 -1.024531
v -0.511855 0.496233 -1.024531
v -0.511855 0.496233 -1.024531
v -0.511855 0.496233 -1.024531
v -0.511855 0.496233 -1.024531
v -0.511855 0.496233 -1.024531
v -0.511855 0.496233 -1.024531
v -0.511855 0.496233 -1.024531
v -0.511855 0.496233 -1.024531
v -0.511855 0.496233 -1.024531
v -0.511855 0.524215 -1.062969
v -0.511855 0.524215 -1.062969
v -0.545128 0.524371 -1.005313
v -0.545128 0.524371 -1.005313
v -0.550275 0.524395 -1.024531
v -0.550275 0.524395 -1.024531
v -0.511855 0.524215 -0.986094
v -0.511855 0.524215 -0.986094
v -0.492644 0.524126 -1.057819
v -0.492644 0.524126 -1.057819
v -0.545128 0.524371 -1.043750
v -0.545128 0.524371 -1.043750
v -0.531065 0.524305 -0.991244
v -0.531065 0.524305 -0.991244
v -0.478581 0.524060 -1.043750
v -0.478581 0.524060 -1.043750
v -0.473434 0.524036 -1.024531
v -0.473434 0.524036 -1.024531
v -0.649004 0.212444 1.472628
v -0.649004 0.212444 1.472628
v -0.429463 0.239892 1.317861
v -0.429463 0.239892 1.317861
v -0.428265 0.217678 1.561301
v -0.428265 0.217678 1.561301
v -0.647807 0.190231 1.474474
v -0.647807 0.190231 1.474474
v -0.668384 0.187658 1.438671
v -0.668384 0.187658 1.438671
v -0.668384 0.187658 1.438671
v -0.666122 0.187941 1.401994
v -0.666122 0.187941 1.401994
v -0.666122 0.187941 1.401994
v -0.637103 0.191569 1.386162
v -0.637103 0.191569 1.386162
v -0.683330 0.208153 1.437401
v -0.683330 0.208153 1.437401
v -0.683330 0.208153 1.437401
v -0.351180 0.227316 1.319706
v -0.351180 0.227316 1.319706
v -0.278922 0.265350 1.317861
v -0.278922 0.265350 1.317861
v -0.277724 0.243137 1.319706
v -0.277724 0.243137 1.319706
v -0.640055 0.213563 1.458043
v -0.640055 0.213563 1.458043
v -0.669582 0.209872 1.436825
v -0.669582 0.209872 1.436825
v -0.669582 0.209872 1.436825
v -0.638857 0.191350 1.459888
v -0.638857 0.191350 1.459888
v -0.647224 0.190304 1.372376
v -0.647224 0.190304 1.372376
v -0.428265 0.217678 1.302557
v -0.428265 0.217678 1.302557
v -0.429463 0.239892 1.576605
v -0.429463 0.239892 1.576605
v -0.682398 0.208269 1.400780
v -0.682398 0.208269 1.400780
v -0.682398 0.208269 1.400780
v -0.682132 0.185939 1.439247
v -0.682132 0.185939 1.439247
v -0.682132 0.185939 1.439247
v -0.429463 0.239892 1.300711
v -0.429463 0.239892 1.300711
v -0.429463 0.239892 1.559455
v -0.429463 0.239892 1.559455
v -0.648422 0.212517 1.370530
v -0.648422 0.212517 1.370530
v -0.681200 0.186056 1.402626
v -0.681200 0.186056 1.402626
v -0.681200 0.186056 1.402626
v -0.352378 0.249529 1.317861
v -0.352378 0.249529 1.317861
v -0.428265 0.217678 1.319706
v -0.428265 0.217678 1.319706
v -0.667320 0.210154 1.400148
v -0.667320 0.210154 1.400148
v -0.667320 0.210154 1.400148
v -0.638301 0.213782 1.384317
v -0.638301 0.213782 1.384317
v -0.351180 0.227316 1.578450
v -0.351180 0.227316 1.578450
v -0.428265 0.217678 1.578450
v -0.428265 0.217678 1.578450
v -0.504935 0.429206 1.503313
v -0.504935 0.429206 1.503313
v -0.504935 0.429206 1.503313
v -0.428837 0.444829 1.503313
v -0.428837 0.444829 1.503313
v -0.428837 0.444829 1.503313
v -0.636243 0.400715 1.384317
v -0.636243 0.400715 1.384317
v -0.667123 0.394375 1.436825
v -0.667123 0.394375 1.436825
v -0.667123 0.394375 1.436825
v -0.680695 0.391589 1.437401
v -0.680695 0.391589 1.437401
v -0.680695 0.391589 1.437401
v -0.504935 0.406424 1.520462
v -0.504935 0.406424 1.520462
v -0.428837 0.422046 1.520462
v -0.428837 0.422046 1.520462
v -0.428837 0.422046 1.520462
v -0.592136 0.387516 1.473640
v -0.592136 0.387516 1.473640
v -0.504935 0.406424 1.346339
v -0.504935 0.406424 1.346339
v -0.602082 0.385425 1.357612
v -0.602082 0.385425 1.357612
v -0.646809 0.375763 1.472628
v -0.646809 0.375763 1.472628
v -0.680695 0.368806 1.437401
v -0.680695 0.368806 1.437401
v -0.680695 0.368806 1.437401
v -0.664890 0.372051 1.400148
v -0.664890 0.372051 1.400148
v -0.664890 0.372051 1.400148
v -0.679775 0.368995 1.400780
v -0.679775 0.368995 1.400780
v -0.679775 0.368995 1.400780
v -0.428837 0.422046 1.334948
v -0.428837 0.422046 1.334948
v -0.428837 0.422046 1.334948
v -0.428837 0.444829 1.520462
v -0.428837 0.444829 1.520462
v -0.428837 0.444829 1.520462
v -0.428837 0.422046 1.317798
v -0.428837 0.422046 1.317798
v -0.428837 0.422046 1.317798
v -0.428837 0.444829 1.334948
v -0.428837 0.444829 1.334948
v -0.428837 0.444829 1.334948
v -0.636243 0.377932 1.384317
v -0.636243 0.377932 1.384317
v -0.664890 0.394834 1.400148
v -0.664890 0.394834 1.400148
v -0.664890 0.394834 1.400148
v -0.602082 0.408207 1.357612
v -0.602082 0.408207 1.357612
v -0.504935 0.429206 1.329190
v -0.504935 0.429206 1.329190
v -0.595213 0.409618 1.372450
v -0.595213 0.409618 1.372450
v -0.595213 0.409618 1.372450
v -0.646809 0.398546 1.472628
v -0.646809 0.398546 1.472628
v -0.597927 0.409110 1.489109
v -0.597927 0.409110 1.489109
v -0.597927 0.386327 1.489109
v -0.597927 0.386327 1.489109
v -0.667123 0.371592 1.436825
v -0.667123 0.371592 1.436825
v -0.667123 0.371592 1.436825
v -0.637974 0.377577 1.458043
v -0.637974 0.377577 1.458043
v -0.637974 0.400359 1.458043
v -0.637974 0.400359 1.458043
v -0.428837 0.444829 1.317798
v -0.428837 0.444829 1.317798
v -0.428837 0.444829 1.317798
v -0.504935 0.406424 1.503313
v -0.504935 0.406424 1.503313
v -0.428837 0.422046 1.503313
v -0.428837 0.422046 1.503313
v -0.428837 0.422046 1.503313
v -0.679775 0.391778 1.400780
v -0.679775 0.391778 1.400780
v -0.679775 0.391778 1.400780
v -0.535359 0.261787 1.555231
v -0.535359 0.261787 1.555231
v -0.626145 0.258032 1.495900
v -0.626145 0.258032 1.495900
v -0.614575 0.259151 1.483290
v -0.614575 0.259151 1.483290
v -0.523663 0.240174 1.544547
v -0.523663 0.240174 1.544547
v -0.613752 0.236938 1.485330
v -0.613752 0.236938 1.485330
v -0.625321 0.235819 1.497940
v -0.625321 0.235819 1.497940
v -0.381179 0.285022 1.792880
v -0.381179 0.285022 1.792880
v -0.153954 0.281992 1.798776
v -0.153954 0.281992 1.798776
v -0.370049 0.285622 1.779409
v -0.370049 0.285622 1.779409
v -0.380802 0.262808 1.794854
v -0.380802 0.262808 1.794854
v -0.149674 0.282592 1.783177
v -0.149674 0.282592 1.783177
v -0.523967 0.262387 1.542442
v -0.523967 0.262387 1.542442
v -0.451561 0.280501 1.748246
v -0.451561 0.280501 1.748246
v -0.535055 0.239574 1.557336
v -0.535055 0.239574 1.557336
v -0.451199 0.258288 1.750316
v -0.451199 0.258288 1.750316
v -0.440730 0.281101 1.735154
v -0.440730 0.281101 1.735154
v -0.369671 0.263408 1.781382
v -0.369671 0.263408 1.781382
v -0.440368 0.258888 1.737225
v -0.440368 0.258888 1.737225
v -0.150809 0.304806 1.781590
v -0.150809 0.304806 1.781590
v -0.155089 0.304206 1.797189
v -0.155089 0.304206 1.797189
v -0.592136 0.410299 1.473640
v -0.592136 0.410299 1.473640
v -0.592136 0.410299 1.473640
v -0.504935 0.429206 1.346339
v -0.504935 0.429206 1.346339
v -0.504935 0.429206 1.346339
v -0.646234 0.398664 1.370530
v -0.646234 0.398664 1.370530
v -0.646234 0.375881 1.370530
v -0.646234 0.375881 1.370530
v -0.504935 0.406424 1.329190
v -0.504935 0.406424 1.329190
v -0.595213 0.386835 1.372450
v -0.595213 0.386835 1.372450
v -0.504935 0.429206 1.520462
v -0.504935 0.429206 1.520462
v -0.277724 0.243137 1.302557
v -0.277724 0.243137 1.302557
v -0.278922 0.284356 1.559455
v -0.278922 0.284356 1.559455
v -0.352378 0.249529 1.300711
v -0.352378 0.249529 1.300711
v -0.351180 0.227316 1.302557
v -0.351180 0.227316 1.302557
v -0.278922 0.265350 1.300711
v -0.278922 0.265350 1.300711
v -0.277724 0.262142 1.578450
v -0.277724 0.262142 1.578450
v -0.351180 0.227316 1.561301
v -0.351180 0.227316 1.561301
v -0.277724 0.262142 1.561301
v -0.277724 0.262142 1.561301
v -0.352378 0.249529 1.576605
v -0.352378 0.249529 1.576605
v -0.352378 0.249529 1.559455
v -0.352378 0.249529 1.559455
v -0.278922 0.284356 1.576605
v -0.278922 0.284356 1.576605
v -0.429249 0.238178 1.559455
v -0.429249 0.238178 1.317861
v -0.638087 0.212068 1.384317
v -0.639840 0.211849 1.458043
v -0.504584 0.427589 1.346339
v -0.594862 0.408000 1.372450
v -0.591785 0.408681 1.473640
v -0.504584 0.427589 1.503313
v -0.448855 0.445069 1.363678
v -0.411181 0.435878 1.363860
v -0.406435 0.448062 1.363854
v -0.375795 0.441308 1.385649
v -0.496915 0.324174 1.476884
v -0.369453 0.425314 1.420735
v -0.519931 0.350440 1.455090
v -0.533315 0.348300 1.420024
v -0.519795 0.349797 1.385060
v -0.515049 0.361981 1.385054
v -0.488927 0.343079 1.363562
v -0.446506 0.346072 1.363738
v -0.415865 0.339317 1.385534
v -0.420612 0.327133 1.385540
v -0.401556 0.343710 1.420623
v -0.542408 0.224799 1.472548
v -0.518415 0.227672 1.476832
v -0.414454 0.343691 1.455609
v -0.409707 0.355875 1.455603
v -0.564792 0.236153 1.454980
v -0.568457 0.258959 1.419902
v -0.560045 0.248337 1.454975
v -0.554746 0.260942 1.384940
v -0.477241 0.374253 1.476940
v -0.472494 0.386437 1.476934
v -0.437697 0.369921 1.477109
v -0.528624 0.242041 1.363447
v -0.490950 0.232850 1.363630
v -0.513908 0.397696 1.420080
v -0.500253 0.400519 1.455148
v -0.455562 0.238280 1.385419
v -0.499294 0.401977 1.385119
v -0.509161 0.409881 1.420074
v -0.460309 0.226096 1.385425
v -0.441398 0.242303 1.420508
v -0.494548 0.414162 1.385113
v -0.446145 0.230119 1.420514
v -0.449837 0.253737 1.455487
v -0.468425 0.395259 1.363621
v -0.454583 0.241553 1.455493
v -0.430751 0.386069 1.363803
v -0.426004 0.398253 1.363797
v -0.517369 0.272115 1.476825
v -0.386289 0.382465 1.420687
v -0.394868 0.393542 1.455665
v -0.381542 0.394649 1.420681
v -0.422858 0.407587 1.477171
v -0.548592 0.309518 1.419959
v -0.452906 0.436289 1.476991
v -0.508631 0.292926 1.363504
v -0.503885 0.305110 1.363498
v -0.480668 0.450370 1.455204
v -0.440317 0.276981 1.385483
v -0.435571 0.289166 1.385477
v -0.479725 0.451786 1.385175
v -0.444109 0.457253 1.363672
v -0.425958 0.281498 1.420572
v -0.434130 0.293612 1.455552
v -0.429383 0.305796 1.455545
v -0.462120 0.307656 1.477058
v -0.457374 0.319840 1.477052
v -0.380541 0.429124 1.385655
v -0.364706 0.437498 1.420729
v -0.492168 0.336359 1.476878
v -0.524678 0.338255 1.455096
v -0.528568 0.360485 1.420018
v -0.484180 0.355263 1.363556
v -0.451252 0.333888 1.363744
v -0.406302 0.331526 1.420629
v -0.442444 0.357736 1.477115
v -0.573203 0.246774 1.419908
v -0.559492 0.248758 1.384946
v -0.523877 0.254225 1.363441
v -0.486203 0.245034 1.363624
v -0.505000 0.388334 1.455153
v -0.463679 0.407443 1.363615
v -0.477826 0.267782 1.476993
v -0.482573 0.255598 1.476999
v -0.400111 0.379315 1.385598
v -0.395364 0.391499 1.385592
v -0.512623 0.284300 1.476819
v -0.540383 0.298381 1.455032
v -0.390122 0.405726 1.455659
v -0.545129 0.286197 1.455038
v -0.553339 0.297334 1.419965
v -0.553339 0.297334 1.419965
v -0.534753 0.311827 1.384997
v -0.534753 0.311827 1.384997
v -0.534753 0.311827 1.384997
v -0.539500 0.299643 1.385003
v -0.539500 0.299643 1.385003
v -0.418111 0.419772 1.477165
v -0.457652 0.424105 1.476997
v -0.485415 0.438186 1.455210
v -0.489164 0.460777 1.420130
v -0.493910 0.448593 1.420136
v -0.474978 0.463971 1.385169
v -0.421211 0.293682 1.420566
v -0.486406 0.214023 1.447880
v -0.486406 0.214023 1.447880
v -0.486406 0.214023 1.447880
v -0.399495 0.444897 1.448894
v -0.399495 0.444897 1.448894
v -0.399495 0.444897 1.448894
v -0.388386 0.447787 1.421180
v -0.388386 0.447787 1.421180
v -0.388386 0.447787 1.421180
v -0.512963 0.211257 1.458939
v -0.512963 0.211257 1.458939
v -0.512963 0.211257 1.458939
v -0.539519 0.208491 1.447880
v -0.539519 0.208491 1.447880
v -0.539519 0.208491 1.447880
v -0.453139 0.430940 1.448894
v -0.453139 0.430940 1.448894
v -0.453139 0.430940 1.448894
v -0.539519 0.208491 1.394480
v -0.539519 0.208491 1.394480
v -0.539519 0.208491 1.394480
v -0.453139 0.430940 1.393465
v -0.453139 0.430940 1.393465
v -0.453139 0.430940 1.393465
v -0.512963 0.211257 1.383421
v -0.512963 0.211257 1.383421
v -0.512963 0.211257 1.383421
v -0.426317 0.437918 1.381986
v -0.426317 0.437918 1.381986
v -0.426317 0.437918 1.381986
v -0.399496 0.444897 1.393465
v -0.399496 0.444897 1.393465
v -0.399496 0.444897 1.393465
v -0.039948 0.174458 -1.066371
v -0.073814 0.197087 -1.066371
v -0.096442 0.230953 -1.066473
v -0.122944 0.219976 -1.053889
v -0.104389 0.270901 -1.066512
v -0.133073 0.270901 -1.055173
v -0.096442 0.310848 -1.066479
v -0.122944 0.321825 -1.054077
v -0.073814 0.344714 -1.066371
v -0.039948 0.367343 -1.066371
v -0.050925 0.393844 -1.050505
v -0.050925 0.393844 -1.050505
v -0.050925 0.393844 -1.011103
v -0.094097 0.364998 -1.050505
v -0.094097 0.364998 -1.050505
v -0.094097 0.364998 -1.050505
v -0.094097 0.364998 -1.011103
v -0.125981 0.201475 -1.011103
v -0.140137 0.270901 -1.050490
v -0.136458 0.233328 -1.048564
v -0.050925 0.147957 -1.050505
v -0.050925 0.147957 -1.050505
v -0.094097 0.176804 -1.050505
v -0.094097 0.176804 -1.050505
v -0.094097 0.176804 -1.011103
v -0.050925 0.147957 -1.011103
v -0.195364 0.305713 -1.031202
v -0.195364 0.305713 -1.031202
v -0.195364 0.305713 -1.031202
v -0.195364 0.305713 -1.031202
v -0.195364 0.305713 -1.031202
v -0.195364 0.293140 -1.011103
v -0.195364 0.270901 -1.051301
v -0.195364 0.270901 -1.051301
v -0.195364 0.270901 -1.051301
v -0.195364 0.270901 -1.011103
v -0.195364 0.250802 -1.045915
v -0.195364 0.250802 -1.045915
v -0.195364 0.250802 -1.045915
v -0.195364 0.250802 -1.045915
v -0.195364 0.248661 -1.011103
v -0.125981 0.340326 -1.045339
v -0.125981 0.340326 -1.045339
v -0.125981 0.340326 -1.045339
v -0.195364 0.290999 -1.045915
v -0.195364 0.290999 -1.045915
v -0.195364 0.290999 -1.045915
v -0.195364 0.290999 -1.045915
v -0.136458 0.308473 -1.048115
v -0.195364 0.236088 -1.031202
v -0.195364 0.236088 -1.031202
v -0.195364 0.236088 -1.031202
v -0.195364 0.236088 -1.031202
v -0.195364 0.236088 -1.031202
v -0.125981 0.201475 -1.045339
v -0.125981 0.201475 -1.045339
v -0.125981 0.340326 -1.011103
v -0.677248 0.324491 -1.011103
v -0.677248 0.317311 -1.037898
v -0.632356 0.290013 -1.044207
v -0.632356 0.270901 -1.049328
v -0.632356 0.251788 -1.044207
v -0.632356 0.237797 -1.030216
v -0.632356 0.237797 -1.030216
v -0.677248 0.297696 -1.057514
v -0.677248 0.270901 -1.064693
v -0.677248 0.244105 -1.057514
v -0.677248 0.224490 -1.037898
v -0.632356 0.309125 -1.011103
v -0.632356 0.309125 -1.011103
v -0.632356 0.304004 -1.030216
v -0.632356 0.304004 -1.030216
v -0.195364 0.311098 -1.011103
v -0.195364 0.311098 -1.011103
v -0.195364 0.311098 -1.011103
v -0.677248 0.217310 -1.011103
v -0.195364 0.230703 -1.011103
v -0.195364 0.230703 -1.011103
v -0.195364 0.230703 -1.011103
v -0.632356 0.232676 -1.011103
v -0.632356 0.232676 -1.011103
v -0.050925 0.147957 -0.971702
v -0.050925 0.147957 -0.971702
v -0.094097 0.176804 -0.971702
v -0.094097 0.176804 -0.971702
v -0.122944 0.219976 -0.968318
v -0.133073 0.270901 -0.967034
v -0.122944 0.321825 -0.968130
v -0.050925 0.393844 -0.971702
v -0.050925 0.393844 -0.971702
v -0.094097 0.364998 -0.971702
v -0.094097 0.364998 -0.971702
v -0.094097 0.364998 -0.971702
v -0.125981 0.201475 -0.976867
v -0.125981 0.201475 -0.976867
v -0.140137 0.270901 -0.971717
v -0.136458 0.233328 -0.973642
v -0.195364 0.250802 -0.976291
v -0.195364 0.250802 -0.976291
v -0.195364 0.250802 -0.976291
v -0.195364 0.250802 -0.976291
v -0.195364 0.270901 -0.970905
v -0.195364 0.270901 -0.970905
v -0.195364 0.270901 -0.970905
v -0.136458 0.308473 -0.974091
v -0.195364 0.290999 -0.976291
v -0.195364 0.290999 -0.976291
v -0.195364 0.290999 -0.976291
v -0.195364 0.290999 -0.976291
v -0.125981 0.340326 -0.976867
v -0.125981 0.340326 -0.976867
v -0.125981 0.340326 -0.976867
v -0.632356 0.304004 -0.991991
v -0.632356 0.304004 -0.991991
v -0.677248 0.317311 -0.984308
v -0.632356 0.270901 -0.972878
v -0.632356 0.290013 -0.978000
v -0.632356 0.251788 -0.978000
v -0.677248 0.297696 -0.964692
v -0.677248 0.244105 -0.964692
v -0.677248 0.270901 -0.957513
v -0.677248 0.224490 -0.984308
v -0.195364 0.305713 -0.991004
v -0.195364 0.305713 -0.991004
v -0.195364 0.305713 -0.991004
v -0.195364 0.305713 -0.991004
v -0.195364 0.305713 -0.991004
v -0.632356 0.237797 -0.991991
v -0.632356 0.237797 -0.991991
v -0.195364 0.236088 -0.991004
v -0.195364 0.236088 -0.991004
v -0.195364 0.236088 -0.991004
v -0.195364 0.236088 -0.991004
v -0.195364 0.236088 -0.991004
v -0.072832 0.198069 -1.067479
v -0.039416 0.175741 -1.067479
v -0.029809 0.198934 -1.098731
v -0.055081 0.215820 -1.098731
v -0.095160 0.231484 -1.067479
v -0.071966 0.241091 -1.098731
v -0.103000 0.270901 -1.067479
v -0.077896 0.270901 -1.098731
v -0.095160 0.310317 -1.067479
v -0.071966 0.300710 -1.098731
v -0.072832 0.343733 -1.067479
v -0.055081 0.325981 -1.098731
v -0.039416 0.366060 -1.067479
v -0.029809 0.342867 -1.098731
v -0.039605 0.175286 -1.066867
v -0.039605 0.366515 -1.066867
v -0.073180 0.344081 -1.066867
v -0.095614 0.310505 -1.066867
v -0.103492 0.270901 -1.066867
v -0.095614 0.231296 -1.066867
v -0.073180 0.197720 -1.066867
v -0.527449 0.183399 -0.973165
v -0.527449 0.183399 -0.973165
v -0.527449 0.183399 -0.973165
v -0.486746 0.183399 -0.973165
v -0.486746 0.183399 -0.973165
v -0.486746 0.183399 -0.973165
v -0.527449 0.212757 -0.973165
v -0.527449 0.212757 -0.973165
v -0.527449 0.212757 -0.973165
v -0.486746 0.212757 -0.973165
v -0.486746 0.212757 -0.973165
v -0.486746 0.212757 -0.973165
v -0.546022 0.239340 -0.973165
v -0.546022 0.239340 -0.973165
v -0.546022 0.239340 -0.973165
v -0.546022 0.239340 -1.068820
v -0.546022 0.239340 -1.068820
v -0.546022 0.239340 -1.068820
v -0.446825 0.239340 -1.068820
v -0.446825 0.239340 -1.068820
v -0.446825 0.239340 -1.068820
v -0.446825 0.239340 -0.973165
v -0.446825 0.239340 -0.973165
v -0.446825 0.239340 -0.973165
v -0.352848 0.464343 -0.895044
v -0.352848 0.464343 -0.895044
v -0.352848 0.464343 -0.895044
v -0.352848 0.513045 -0.895044
v -0.352848 0.513045 -1.175429
v -0.352848 0.464343 -1.175429
v -0.352848 0.464343 -1.175429
v -0.446825 0.183399 -1.068820
v -0.446825 0.183399 -1.068820
v -0.446825 0.183399 -1.068820
v -0.546022 0.183399 -1.068820
v -0.546022 0.183399 -1.068820
v -0.546022 0.183399 -1.068820
v -0.446825 0.183399 -0.973165
v -0.446825 0.183399 -0.973165
v -0.446825 0.183399 -0.973165
v -0.546022 0.183399 -0.973165
v -0.546022 0.183399 -0.973165
v -0.546022 0.183399 -0.973165
v -0.409717 0.464343 -1.175429
v -0.409717 0.464343 -1.175429
v -0.409717 0.513045 -1.175429
v -0.409717 0.513045 -0.895044
v -0.409717 0.464343 -0.895044
v -0.409717 0.464343 -0.895044
v -0.409717 0.464343 -0.895044
v -0.333863 0.352800 -1.066762
v -0.424445 0.226397 -1.059190
v -0.424445 0.226397 -1.059190
v -0.340226 0.356906 -1.059190
v -0.348918 0.362515 -1.056418
v -0.357610 0.368124 -1.059190
v -0.448191 0.241721 -1.066762
v -0.448191 0.241721 -1.066762
v -0.363973 0.372230 -1.066762
v -0.450520 0.243224 -1.077107
v -0.450520 0.243224 -1.077107
v -0.366302 0.373733 -1.077107
v -0.363973 0.372230 -1.087451
v -0.441828 0.237615 -1.095024
v -0.441828 0.237615 -1.095024
v -0.357610 0.368124 -1.095024
v -0.348918 0.362515 -1.097796
v -0.340226 0.356906 -1.095024
v -0.333863 0.352800 -1.087451
v -0.415753 0.220788 -1.077107
v -0.415753 0.220788 -1.077107
v -0.415753 0.220788 -1.077107
v -0.331534 0.351297 -1.077107
v -0.331534 0.351297 -1.077107
v -0.468282 0.211494 -1.066018
v -0.468282 0.211494 -1.112230
v -0.468282 0.211494 -1.112230
v -0.465511 0.221838 -1.112312
v -0.465511 0.221838 -1.112312
v -0.465511 0.221838 -1.066100
v -0.447602 0.190805 -1.066626
v -0.447602 0.190805 -1.112838
v -0.447602 0.190805 -1.112838
v -0.457942 0.193576 -1.112534
v -0.457942 0.193576 -1.112534
v -0.457942 0.193576 -1.066322
v -0.437262 0.229411 -1.066931
v -0.437262 0.229411 -1.113142
v -0.437262 0.229411 -1.113142
v -0.429692 0.221838 -1.113365
v -0.429692 0.221838 -1.113365
v -0.429692 0.221838 -1.067153
v -0.426922 0.211494 -1.067235
v -0.426922 0.211494 -1.113446
v -0.426922 0.211494 -1.113446
v -0.429692 0.201149 -1.113365
v -0.429692 0.201149 -1.113365
v -0.429692 0.201149 -1.067153
v -0.457942 0.229411 -1.112534
v -0.457942 0.229411 -1.112534
v -0.457942 0.229411 -1.066322
v -0.465511 0.201149 -1.112312
v -0.465511 0.201149 -1.112312
v -0.465511 0.201149 -1.066100
v -0.437262 0.193576 -1.113142
v -0.437262 0.193576 -1.113142
v -0.437262 0.193576 -1.066931
v -0.447602 0.232183 -1.112838
v -0.447602 0.232183 -1.112838
v -0.447602 0.232183 -1.066626
v -0.583365 0.356218 -1.024531
v -0.573784 0.356174 -1.060302
v -0.511855 0.355885 -0.952990
v -0.547610 0.356052 -0.962575
v -0.476100 0.355718 -1.086488
v -0.449925 0.355596 -1.060302
v -0.440345 0.355551 -1.024531
v -0.449925 0.355596 -0.988761
v -0.547610 0.356052 -1.086488
v -0.573784 0.356174 -0.988761
v -0.476100 0.355718 -0.962575
v -0.511855 0.355885 -1.096072
v -0.554533 0.561693 -1.024531
v -0.548815 0.561666 -1.045880
v -0.511855 0.561493 -0.981834
v -0.533194 0.561593 -0.987555
v -0.490515 0.561394 -1.061508
v -0.474894 0.561321 -1.045880
v -0.469176 0.561294 -1.024531
v -0.474894 0.561321 -1.003183
v -0.533194 0.561593 -1.061508
v -0.548815 0.561666 -1.003183
v -0.490515 0.561394 -0.987555
v -0.511855 0.561493 -1.067229
v -0.437113 0.208675 -1.071732
v -0.418082 0.222291 -1.066762
v -0.418082 0.222291 -1.066762
v -0.435903 0.207894 -1.077107
v -0.440419 0.210808 -1.067798
v -0.444935 0.213722 -1.066357
v -0.433137 0.232006 -1.056418
v -0.433137 0.232006 -1.056418
v -0.449451 0.216637 -1.067798
v -0.441828 0.237615 -1.059190
v -0.441828 0.237615 -1.059190
v -0.452757 0.218770 -1.071732
v -0.453967 0.219551 -1.077107
v -0.452757 0.218770 -1.082482
v -0.448191 0.241721 -1.087451
v -0.448191 0.241721 -1.087451
v -0.449451 0.216637 -1.086416
v -0.444935 0.213722 -1.087856
v -0.433137 0.232006 -1.097796
v -0.433137 0.232006 -1.097796
v -0.440419 0.210808 -1.086416
v -0.424445 0.226397 -1.095024
v -0.424445 0.226397 -1.095024
v -0.437113 0.208675 -1.082482
v -0.418082 0.222291 -1.087451
v -0.418082 0.222291 -1.087451
v -0.564327 0.362019 -1.064933
v -0.577269 0.382632 -1.027462
v -0.456259 0.514566 -1.064398
v -0.456259 0.527085 -1.064398
v -0.489538 0.531031 -1.087760
v -0.489538 0.518513 -1.087760
v -0.564699 0.392894 -0.989865
v -0.564699 0.380376 -0.989865
v -0.530817 0.522460 -1.087965
v -0.531418 0.396841 -0.966503
v -0.490141 0.400788 -0.966298
v -0.577269 0.547965 -1.027462
v -0.577269 0.535446 -1.027462
v -0.564699 0.556823 -0.989865
v -0.564699 0.544305 -0.989865
v -0.443689 0.411866 -1.026800
v -0.443689 0.399348 -1.026800
v -0.456259 0.405730 -1.064398
v -0.490140 0.552197 -0.966298
v -0.456631 0.556144 -0.989330
v -0.530817 0.426141 -1.087965
v -0.577269 0.426212 -1.027462
v -0.564699 0.446801 -0.989865
v -0.564699 0.434283 -0.989865
v -0.531418 0.450748 -0.966503
v -0.531418 0.438230 -0.966503
v -0.490141 0.454694 -0.966298
v -0.490141 0.442176 -0.966298
v -0.443689 0.466326 -1.026800
v -0.443689 0.453808 -1.026800
v -0.456259 0.473061 -1.064398
v -0.489538 0.464489 -1.087760
v -0.530817 0.480954 -1.087965
v -0.530817 0.468436 -1.087965
v -0.564327 0.472382 -1.064933
v -0.577269 0.494075 -1.027462
v -0.564699 0.502879 -0.989865
v -0.531418 0.494306 -0.966503
v -0.489538 0.354126 -1.087760
v -0.489538 0.354126 -1.087760
v -0.489538 0.366644 -1.087760
v -0.489538 0.366644 -1.087760
v -0.456259 0.362698 -1.064398
v -0.456259 0.350180 -1.064398
v -0.443689 0.362901 -1.026800
v -0.443689 0.350383 -1.026800
v -0.456631 0.514717 -0.989330
v -0.456631 0.502199 -0.989330
v -0.443689 0.508709 -1.026800
v -0.577269 0.370114 -1.027462
v -0.564327 0.374537 -1.064933
v -0.564327 0.374537 -1.064933
v -0.530817 0.534978 -1.087965
v -0.531418 0.384323 -0.966503
v -0.564327 0.526405 -1.064933
v -0.564327 0.538923 -1.064933
v -0.490141 0.388270 -0.966298
v -0.490141 0.388270 -0.966298
v -0.456631 0.392215 -0.989330
v -0.456631 0.392215 -0.989330
v -0.456631 0.404733 -0.989330
v -0.456631 0.404733 -0.989330
v -0.456631 0.404733 -0.989330
v -0.531418 0.548251 -0.966503
v -0.531418 0.548251 -0.966503
v -0.531418 0.548251 -0.966503
v -0.531418 0.560769 -0.966503
v -0.531418 0.560769 -0.966503
v -0.456259 0.418248 -1.064398
v -0.490140 0.564715 -0.966298
v -0.490140 0.564715 -0.966298
v -0.489538 0.409677 -1.087760
v -0.489538 0.422195 -1.087760
v -0.456631 0.568662 -0.989330
v -0.530817 0.413622 -1.087965
v -0.530817 0.413622 -1.087965
v -0.564327 0.417569 -1.064933
v -0.564327 0.417569 -1.064933
v -0.564327 0.430087 -1.064933
v -0.564327 0.430087 -1.064933
v -0.577269 0.438730 -1.027462
v -0.577269 0.438730 -1.027462
v -0.456631 0.446122 -0.989330
v -0.456631 0.458640 -0.989330
v -0.456259 0.460543 -1.064398
v -0.489538 0.477008 -1.087760
v -0.564327 0.484900 -1.064933
v -0.577269 0.481557 -1.027462
v -0.564699 0.490361 -0.989865
v -0.531418 0.506824 -0.966503
v -0.490140 0.498253 -0.966298
v -0.490140 0.510771 -0.966298
v -0.530817 0.358072 -1.087965
v -0.530817 0.358072 -1.087965
v -0.530817 0.358072 -1.087965
v -0.530817 0.370590 -1.087965
v -0.530817 0.370590 -1.087965
v -0.443689 0.521227 -1.026800
v -0.464248 0.428050 1.421180
v -0.464248 0.428050 1.421180
v -0.426317 0.437918 1.460374
v -0.426317 0.437918 1.460374
v -0.426317 0.437918 1.460374
v -0.550519 0.207346 1.421180
v -0.550519 0.207346 1.421180
v -0.486407 0.214023 1.394480
v -0.486407 0.214023 1.394480
v -0.486407 0.214023 1.394480
v -0.475407 0.215169 1.421180
v -0.475407 0.215169 1.421180
v -0.475407 0.215169 1.421180
v -0.546400 0.324501 -1.024531
v -0.546400 0.324501 -1.024531
v -0.541772 0.324463 -1.041812
v -0.511855 0.324223 -0.989971
v -0.511855 0.324223 -0.989971
v -0.529127 0.324362 -0.994601
v -0.494582 0.324084 -1.054462
v -0.494582 0.324084 -1.054462
v -0.481937 0.323982 -1.041812
v -0.477309 0.323945 -1.024531
v -0.481937 0.323982 -1.007251
v -0.529127 0.324362 -1.054462
v -0.541772 0.324463 -1.007251
v -0.541772 0.324463 -1.007251
v -0.494582 0.324084 -0.994601
v -0.494582 0.324084 -0.994601
v -0.511855 0.324223 -1.059092
v -0.511855 0.324223 -1.059092
v -0.511855 0.514494 -1.059092
v -0.511855 0.514494 -1.059092
v -0.494582 0.514355 -0.994601
v -0.494582 0.514355 -0.994601
v -0.541772 0.514734 -1.007251
v -0.541772 0.514734 -1.007251
v -0.529127 0.514633 -1.054462
v -0.481937 0.514253 -1.007251
v -0.477309 0.514216 -1.024531
v -0.481937 0.514253 -1.041812
v -0.494582 0.514355 -1.054462
v -0.494582 0.514355 -1.054462
v -0.529127 0.514633 -0.994601
v -0.511855 0.514494 -0.989971
v -0.511855 0.514494 -0.989971
v -0.541772 0.514734 -1.041812
v -0.546400 0.514771 -1.024531
v -0.546400 0.514771 -1.024531
v -0.530299 0.773427 -2.005459
v -0.530299 0.773427 -2.005459
v -0.530006 0.754841 -2.011739
v -0.530006 0.754841 -2.011739
v -0.530006 0.754841 -2.011739
v -0.297990 0.757255 -2.022006
v -0.297990 0.757255 -2.022006
v -0.297990 0.757255 -2.022006
v -0.298282 0.775842 -2.015725
v -0.298282 0.775842 -2.015725
v -0.534893 0.774085 -2.000096
v -0.534893 0.774085 -2.000096
v -0.534893 0.774085 -2.000096
v -0.534589 0.750715 -2.008393
v -0.534589 0.750715 -2.008393
v -0.292959 0.753230 -2.019085
v -0.292959 0.753230 -2.019085
v -0.293263 0.776599 -2.010788
v -0.293263 0.776599 -2.010788
v -0.293263 0.776599 -2.010788
vn 0.0457 0.1598 0.9861
vn 0.0982 -0.1859 0.9776
vn 0.1009 -0.2051 0.9735
vn -0.0416 -0.1869 -0.9815
vn -0.0123 -0.3563 -0.9343
vn -0.0455 -0.1632 -0.9855
vn -0.0986 0.1861 -0.9776
vn -0.0455 -0.1635 -0.9855
vn -0.1011 0.2048 -0.9736
vn 0.0130 0.3487 0.9372
vn 0.0420 0.1823 0.9823
vn 0.0457 0.1597 0.9861
vn 0.1347 -0.9704 -0.2003
vn 0.1624 -0.9676 0.1932
vn 0.1331 -0.9673 -0.2159
vn -0.9635 -0.2427 0.1128
vn 0.1626 -0.9663 0.1996
vn 0.1667 -0.9052 0.3910
vn 0.1624 -0.9676 0.1936
vn 0.0982 -0.1856 0.9777
vn 0.1009 -0.2048 0.9736
vn 0.5124 -0.8316 -0.2144
vn 0.5464 -0.8218 0.1615
vn 0.5150 -0.8127 -0.2725
vn 0.2129 0.9572 -0.1960
vn 0.2494 0.9550 0.1607
vn 0.2418 0.9610 0.1345
vn 0.3481 0.1937 0.9172
vn 0.4184 -0.1294 0.8990
vn 0.3978 -0.0851 0.9135
vn 0.2027 0.2142 -0.9555
vn 0.2753 -0.1043 -0.9557
vn 0.2135 0.2924 -0.9322
vn -0.1626 0.9676 -0.1933
vn -0.1345 0.9696 0.2046
vn -0.1329 0.9662 0.2208
vn 0.1631 0.1561 0.9742
vn 0.2162 -0.1774 0.9601
vn 0.2523 -0.1751 0.9517
vn 0.3900 -0.8942 -0.2198
vn 0.3142 -0.9332 0.1744
vn 0.3475 -0.9066 -0.2393
vn 0.1626 -0.9664 0.1993
vn 0.1667 -0.9054 0.3904
vn -0.0415 -0.1873 -0.9814
vn -0.0122 -0.3571 -0.9340
vn 0.1225 -0.3716 0.9203
vn 0.1877 0.2245 -0.9562
vn 0.1924 -0.1207 -0.9739
vn 0.1056 0.2407 -0.9648
vn -0.1626 0.9675 -0.1937
vn -0.1345 0.9695 0.2049
vn -0.1328 0.9662 0.2210
vn 0.0130 0.3488 0.9371
vn 0.0420 0.1824 0.9823
vn 0.2968 -0.3627 0.8834
vn 0.2621 -0.3386 0.9037
vn 0.1225 -0.3713 0.9204
vn 0.1009 -0.2050 0.9736
vn 0.0982 -0.1858 0.9777
vn 0.4250 -0.7728 -0.4713
vn 0.3437 -0.8380 -0.4237
vn 0.1107 -0.9089 -0.4021
vn 0.1330 -0.9673 -0.2161
vn 0.1106 -0.9088 -0.4023
vn 0.1900 0.3954 -0.8987
vn 0.0963 0.4095 -0.9072
vn -0.1231 0.3712 -0.9203
vn -0.1011 0.2046 -0.9736
vn -0.1230 0.3712 -0.9204
vn -0.9635 -0.2426 0.1128
vn 0.5124 -0.7444 -0.4282
vn 0.3397 -0.2384 -0.9098
vn 0.2545 -0.0633 -0.9650
vn 0.2180 0.9465 -0.2379
vn 0.2452 0.6821 -0.6890
vn 0.2455 0.7139 -0.6558
vn 0.3571 0.2818 0.8905
vn 0.3651 0.4120 0.8348
vn 0.3651 0.4123 0.8347
vn 0.2923 0.9007 0.3213
vn 0.2923 0.9008 0.3211
vn 0.5694 -0.7545 0.3264
vn 0.5695 -0.7545 0.3262
vn 0.4744 -0.2620 0.8404
vn 0.4744 -0.2622 0.8404
vn 0.1311 0.9732 0.1890
vn 0.0943 0.9230 0.3730
vn 0.1486 0.9199 0.3629
vn -0.1231 0.3708 -0.9205
vn -0.1011 0.2044 -0.9737
vn -0.1229 0.3706 -0.9206
vn -0.1231 0.3710 -0.9204
vn -0.1011 0.2045 -0.9736
vn -0.1230 0.3709 -0.9205
vn -0.1629 0.9663 -0.1995
vn -0.1672 0.9051 -0.3909
vn -0.1673 0.9050 -0.3911
vn -0.1629 0.9663 -0.1994
vn -0.1672 0.9052 -0.3906
vn -0.1673 0.9052 -0.3907
vn 0.0596 0.9747 -0.2154
vn 0.1574 0.8989 -0.4090
vn 0.0722 0.9153 -0.3962
vn -0.1629 0.9662 -0.1997
vn -0.1672 0.9050 -0.3912
vn -0.1673 0.9049 -0.3914
vn 0.1106 -0.9085 -0.4029
vn 0.1330 -0.9672 -0.2166
vn 0.1104 -0.9085 -0.4031
vn 0.1107 -0.9087 -0.4025
vn 0.1330 -0.9672 -0.2163
vn 0.1105 -0.9086 -0.4027
vn -0.0986 0.1859 -0.9776
vn -0.0986 0.1860 -0.9776
vn -0.0455 -0.1634 -0.9855
vn -0.1628 0.9663 -0.1992
vn -0.1672 0.9054 -0.3903
vn -0.1673 0.9053 -0.3904
vn -0.0416 -0.1867 -0.9815
vn -0.0124 -0.3559 -0.9344
vn -0.0455 -0.1630 -0.9856
vn 0.1224 -0.3708 0.9206
vn 0.1008 -0.2047 0.9736
vn 0.0982 -0.1855 0.9777
vn 0.1224 -0.3711 0.9205
vn 0.1347 -0.9703 -0.2007
vn 0.1347 -0.9704 -0.2006
vn 0.1624 -0.9676 0.1934
vn 0.1108 -0.9091 -0.4017
vn 0.1106 -0.9090 -0.4018
vn 0.1666 0.3591 0.9183
vn 0.1343 0.1980 0.9710
vn 0.0130 0.3489 0.9371
vn 0.0419 0.1824 0.9823
vn -0.1626 0.9676 -0.1934
vn -0.1345 0.9695 0.2047
vn -0.1329 0.9662 0.2209
vn 0.0130 0.3490 0.9370
vn 0.0419 0.1825 0.9823
vn -0.1100 0.9051 0.4108
vn -0.1101 0.9051 0.4107
vn 0.1626 -0.9663 0.1998
vn 0.1667 -0.9050 0.3913
vn 0.1624 -0.9675 0.1938
vn -0.1231 0.3715 -0.9202
vn -0.1230 0.3714 -0.9203
vn 0.3256 -0.9347 0.1425
vn 0.3233 -0.8709 0.3701
vn 0.1626 -0.9663 0.1994
vn 0.1667 -0.9053 0.3907
vn 0.1347 -0.9703 -0.2010
vn -0.1101 0.9052 0.4105
vn -0.1626 0.9675 -0.1936
vn -0.1345 0.9695 0.2048
vn -0.1100 0.9051 0.4106
vn -0.1101 0.9051 0.4106
vn 0.3334 -0.2487 -0.9094
vn 0.2483 -0.2803 -0.9272
vn -0.0415 -0.1871 -0.9815
vn -0.0123 -0.3567 -0.9341
vn -0.0986 0.1858 -0.9776
vn -0.9497 -0.2879 0.1233
vn -0.9513 -0.2900 0.1043
vn -0.9524 -0.2879 0.1005
vn 0.9589 0.2279 -0.1690
vn 0.9657 0.2127 -0.1490
vn 0.9668 0.2101 -0.1453
vn 0.9649 0.2565 -0.0559
vn 0.9594 0.2716 -0.0760
vn 0.9583 0.2745 -0.0800
vn 0.9752 0.1965 -0.1020
vn 0.9734 0.1944 -0.1211
vn 0.9752 0.1944 -0.1058
vn 0.9517 0.2566 -0.1685
vn 0.9509 0.2717 -0.1481
vn 0.9522 0.2482 -0.1782
vn -0.9649 -0.2567 0.0562
vn -0.9593 -0.2719 0.0764
vn -0.9676 -0.2481 0.0462
vn -0.9517 -0.2565 0.1686
vn -0.9551 -0.2363 0.1787
vn -0.9522 -0.2482 0.1784
vn 0.9740 0.2128 -0.0770
vn 0.9743 0.2101 -0.0811
vn 0.9721 0.2278 -0.0562
vn 0.9677 0.2479 -0.0460
vn 0.9649 0.2565 -0.0558
vn -0.9721 -0.2278 0.0563
vn -0.9741 -0.2128 0.0770
vn -0.9743 -0.2100 0.0810
vn 0.9668 0.2101 -0.1454
vn -0.9509 -0.2717 0.1481
vn -0.9496 -0.2899 0.1195
vn -0.9517 -0.2566 0.1686
vn -0.9551 -0.2363 0.1788
vn -0.9521 -0.2482 0.1784
vn -0.9676 -0.2480 0.0462
vn 0.9522 0.2482 -0.1783
vn 0.9752 0.1964 -0.1020
vn 0.9741 0.2128 -0.0770
vn 0.9743 0.2100 -0.0810
vn 0.9725 0.1966 -0.1250
vn 0.9657 0.2128 -0.1490
vn -0.9509 -0.2718 0.1481
vn -0.9496 -0.2899 0.1196
vn -0.9743 -0.2100 0.0811
vn -0.9724 -0.1967 0.1252
vn -0.9655 -0.2131 0.1494
vn -0.9667 -0.2103 0.1456
vn -0.9593 -0.2720 0.0764
vn -0.9582 -0.2747 0.0802
vn 0.9741 0.2128 -0.0769
vn 0.9524 0.2877 -0.1004
vn 0.9594 0.2716 -0.0759
vn 0.9514 0.2899 -0.1042
vn 0.9517 0.2566 -0.1686
vn 0.9509 0.2718 -0.1482
vn 0.9521 0.2482 -0.1783
vn -0.9721 -0.2279 0.0563
vn -0.9706 -0.2360 0.0464
vn 0.9725 0.1965 -0.1250
vn 0.9735 0.1943 -0.1211
vn 0.9552 0.2362 -0.1785
vn -0.9741 -0.2127 0.0770
vn -0.9744 -0.2099 0.0810
vn 0.9707 0.2359 -0.0463
vn 0.9524 0.2878 -0.1003
vn -0.9707 -0.2360 0.0464
vn -0.1101 0.9053 0.4103
vn -0.1012 0.2045 -0.9736
vn -0.1229 0.3708 -0.9205
vn -0.1231 0.3711 -0.9204
vn -0.1012 0.2046 -0.9736
vn -0.1230 0.3711 -0.9204
vn -0.1231 0.3714 -0.9203
vn -0.1012 0.2047 -0.9736
vn -0.1230 0.3713 -0.9203
vn -0.1629 0.9662 -0.1996
vn -0.1673 0.9052 -0.3908
vn -0.1628 0.9663 -0.1994
vn -0.1626 0.9675 -0.1935
vn -0.1672 0.9053 -0.3905
vn 0.1106 -0.9086 -0.4028
vn 0.1330 -0.9672 -0.2164
vn 0.1105 -0.9086 -0.4028
vn 0.1107 -0.9088 -0.4023
vn 0.1331 -0.9672 -0.2162
vn 0.1106 -0.9088 -0.4024
vn 0.1107 -0.9090 -0.4019
vn 0.1106 -0.9089 -0.4020
vn -0.0415 -0.1868 -0.9815
vn -0.0123 -0.3562 -0.9343
vn -0.0454 -0.1631 -0.9856
vn -0.0415 -0.1870 -0.9815
vn -0.0123 -0.3566 -0.9342
vn -0.0455 -0.1633 -0.9855
vn -0.0415 -0.1872 -0.9815
vn -0.0122 -0.3570 -0.9340
vn -0.0454 -0.1635 -0.9855
vn 0.1225 -0.3710 0.9205
vn 0.1226 -0.3710 0.9205
vn 0.1008 -0.2049 0.9736
vn 0.1224 -0.3713 0.9204
vn 0.1009 -0.2050 0.9735
vn 0.1225 -0.3715 0.9203
vn 0.1226 -0.3715 0.9203
vn 0.1626 -0.9663 0.1997
vn 0.1667 -0.9051 0.3911
vn 0.1624 -0.9675 0.1936
vn 0.1667 -0.9052 0.3908
vn 0.1624 -0.9676 0.1935
vn 0.1667 -0.9054 0.3905
vn 0.1624 -0.9676 0.1933
vn 0.0131 0.3490 0.9370
vn 0.0130 0.3487 0.9371
vn -0.1101 0.9052 0.4104
vn -0.1329 0.9662 0.2210
vn 0.0982 -0.1859 0.9777
vn 0.0460 0.1598 0.9861
vn 0.0981 -0.1858 0.9777
vn 0.0458 0.1598 0.9861
vn 0.0458 0.1597 0.9861
vn 0.1347 -0.9704 -0.2005
vn 0.1347 -0.9703 -0.2009
vn -0.0987 0.1861 -0.9776
vn -0.9752 -0.1965 0.1020
vn -0.9752 -0.1944 0.1057
vn 0.9752 0.1943 -0.1058
vn -0.9588 -0.2281 0.1692
vn -0.9656 -0.2128 0.1494
vn 0.9497 0.2879 -0.1233
vn 0.9507 0.2746 -0.1441
vn -0.9524 -0.2879 0.1006
vn 0.9668 0.2102 -0.1453
vn 0.9734 0.1943 -0.1211
vn 0.9752 0.1944 -0.1057
vn -0.9752 -0.1943 0.1057
vn -0.9507 -0.2744 0.1443
vn 0.9497 0.2878 -0.1233
vn 0.9496 0.2899 -0.1195
vn -0.9588 -0.2281 0.1693
vn -0.9752 -0.1964 0.1020
vn -0.9734 -0.1945 0.1212
vn -0.9724 -0.1968 0.1252
vn -0.9752 -0.1943 0.1058
vn 0.9496 0.2898 -0.1196
vn 0.9583 0.2744 -0.0800
vn 0.9507 0.2745 -0.1441
vn -0.9507 -0.2746 0.1441
vn 0.9496 0.2899 -0.1196
vn -0.9582 -0.2746 0.0803
vn -0.9734 -0.1944 0.1212
vn 0.9707 0.2360 -0.0463
vn 0.9552 0.2363 -0.1783
vn -0.9667 -0.2104 0.1456
vn -0.9507 -0.2745 0.1441
vn -0.9582 -0.2747 0.0803
vn 0.0317 0.9219 0.3861
vn 0.0671 0.9809 0.1825
vn 0.0077 0.9826 0.1858
vn 0.1086 0.2141 0.9708
vn 0.1270 0.3748 0.9184
vn 0.0999 0.3698 0.9237
vn 0.2828 -0.9410 0.1860
vn 0.2930 -0.8784 0.3776
vn 0.1880 -0.1764 0.9662
vn 0.1580 -0.3099 -0.9376
vn 0.2757 -0.9289 -0.2474
vn -0.0128 0.9755 -0.2197
vn -0.0059 0.9179 -0.3969
vn 0.0300 0.2450 -0.9691
vn 0.1104 -0.1338 -0.9848
vn 0.1290 0.9750 -0.1808
vn -0.0075 0.5700 0.8216
vn -0.0075 0.5773 0.8165
vn -0.0075 0.5789 0.8154
vn 0.9801 0.1979 -0.0148
vn 0.9806 0.1957 -0.0124
vn 0.9778 0.2081 -0.0261
vn 0.0117 -0.9999 -0.0001
vn 0.0009 -0.0007 -1.0000
vn 0.6569 0.5368 0.5295
vn 0.6575 0.5240 0.5413
vn 0.6578 0.5221 0.5429
vn 0.6577 0.5092 0.5550
vn 0.7767 -0.6299 0.0001
vn 0.7693 -0.6389 0.0006
vn 0.7692 -0.6391 0.0006
vn 0.6861 0.1459 -0.7127
vn 0.6951 0.1473 -0.7036
vn 0.6860 0.1458 -0.7128
vn -0.0076 0.5862 0.8101
vn -0.6789 -0.0786 -0.7301
vn -0.5986 -0.2225 -0.7695
vn -0.5849 -0.2445 -0.7734
vn 0.2742 0.0099 0.9616
vn 0.2773 0.0509 0.9594
vn 0.3255 -0.0414 0.9446
vn 0.8433 -0.0996 0.5282
vn 0.7904 -0.2905 0.5394
vn 0.8418 -0.0858 0.5329
vn 0.1555 -0.0006 0.9878
vn 0.1555 -0.0004 0.9878
vn 0.1555 -0.0007 0.9878
vn 0.0616 -0.9981 -0.0027
vn 0.2385 -0.9706 -0.0329
vn 0.1287 -0.9620 0.2408
vn 0.0537 -0.8283 0.5577
vn 0.0040 -0.9815 0.1916
vn 0.0746 -0.9234 0.3765
vn -0.9766 -0.1510 0.1534
vn -0.8833 -0.4477 0.1388
vn -0.9766 -0.1509 0.1534
vn 0.0103 -0.6121 -0.7907
vn -0.0791 -0.6441 -0.7608
vn -0.0795 -0.6439 -0.7609
vn 0.1552 -0.0000 0.9879
vn -0.9971 0.0398 0.0655
vn -0.8347 0.3888 0.3900
vn -0.9509 0.2937 0.0981
vn 0.1983 0.8573 0.4752
vn 0.0741 0.9660 0.2478
vn 0.1064 0.8665 0.4876
vn -0.0640 -0.6510 -0.7563
vn 0.0404 -0.6058 -0.7946
vn 0.0898 -0.5744 -0.8136
vn -0.1312 -0.9327 0.3360
vn -0.5424 -0.8400 0.0143
vn -0.2100 -0.9777 0.0054
vn 0.8851 0.4441 -0.1391
vn 0.5505 0.8303 -0.0865
vn 0.1557 -0.0007 0.9878
vn 0.1566 -0.0019 0.9877
vn -0.5541 -0.8279 0.0871
vn -0.5541 -0.8279 0.0870
vn -0.2212 -0.9746 0.0347
vn -0.2210 -0.9747 0.0347
vn 0.2508 0.1310 0.9591
vn 0.3027 0.0281 0.9527
vn 0.1970 0.9799 -0.0314
vn 0.5749 0.7798 0.2479
vn 0.5423 0.8355 -0.0887
vn 0.8798 0.4545 -0.1391
vn 0.8827 0.4482 -0.1412
vn -0.2491 0.9207 0.3006
vn -0.7078 0.7002 0.0930
vn -0.6035 0.7180 0.3467
vn -0.5667 -0.8238 0.0142
vn -0.8880 -0.4592 0.0254
vn 0.2092 0.2106 0.9549
vn 0.2382 0.1566 0.9585
vn -0.3125 0.9487 0.0485
vn -0.0328 0.9566 0.2896
vn -0.0803 0.9967 0.0134
vn 0.6199 -0.7786 -0.0974
vn 0.2529 -0.9667 -0.0397
vn -0.9470 0.2846 0.1488
vn -0.7130 0.6921 0.1120
vn -0.9470 0.2847 0.1488
vn -0.3196 0.9462 0.0502
vn 0.6150 -0.7826 -0.0965
vn 0.9027 -0.4061 -0.1420
vn 0.6059 -0.7899 -0.0947
vn 0.2482 -0.9681 -0.0354
vn 0.9790 0.1353 -0.1526
vn 0.9789 0.1355 -0.1526
vn 0.1549 -0.0005 0.9879
vn 0.2022 0.9788 -0.0318
vn 0.2023 0.9788 -0.0318
vn 0.1548 -0.0007 0.9880
vn 0.1555 -0.0005 0.9878
vn 0.1554 0.0004 0.9878
vn 0.9060 -0.3986 -0.1423
vn -0.0652 -0.9978 0.0102
vn 0.5412 -0.0234 -0.8405
vn 0.5423 0.0397 -0.8392
vn 0.5406 -0.0258 -0.8409
vn -0.0796 0.6457 -0.7594
vn -0.1162 0.6389 -0.7604
vn -0.1191 0.6387 -0.7602
vn 0.0395 0.9992 -0.0062
vn 0.7891 -0.0824 0.6087
vn 0.7272 -0.2514 0.6387
vn 0.7143 -0.2763 0.6429
vn 0.1555 0.0008 0.9878
vn 0.1555 0.0006 0.9878
vn 0.2841 0.7206 0.6324
vn 0.4587 0.5885 0.6657
vn 0.5046 0.5466 0.6683
vn 0.7088 0.2800 0.6474
vn 0.6963 0.3030 0.6507
vn -0.2806 -0.5486 0.7876
vn -0.4755 -0.2859 0.8319
vn -0.4651 -0.3055 0.8309
vn -0.0883 -0.7193 0.6891
vn -0.2377 -0.5909 0.7710
vn 0.5446 -0.5094 0.6663
vn 0.5104 -0.5445 0.6656
vn 0.3241 -0.6995 0.6369
vn 0.2454 -0.7504 0.6137
vn -0.5054 0.2033 0.8386
vn -0.3390 0.4742 0.8125
vn -0.3617 0.4431 0.8203
vn -0.1640 0.6684 0.7255
vn -0.0837 0.7391 0.6684
vn 0.1567 -0.0017 0.9877
vn 0.1542 -0.0016 0.9880
vn 0.1543 -0.0015 0.9880
vn 0.1563 -0.0014 0.9877
vn 0.1562 -0.0014 0.9877
vn 0.1537 -0.0017 0.9881
vn 0.1539 -0.0019 0.9881
vn 0.1326 0.3279 0.9353
vn 0.1371 0.3206 0.9372
vn 0.1254 0.3326 0.9347
vn -0.2045 -0.6088 0.7665
vn -0.5091 -0.1397 0.8493
vn -0.2778 -0.5241 0.8051
vn 0.4699 0.6763 0.5672
vn 0.2495 0.9371 0.2440
vn 0.7352 0.3272 0.5936
vn 0.5969 -0.5509 0.5833
vn 0.3619 -0.6888 0.6281
vn 0.6049 -0.5438 0.5816
vn 0.7939 -0.2845 0.5374
vn -0.1453 0.8117 0.5657
vn -0.4041 0.6694 0.6234
vn -0.5901 0.4375 0.6785
vn 0.8132 0.0983 0.5736
vn 0.7389 0.3228 0.5915
vn -0.9876 -0.1538 0.0305
vn -0.9878 -0.1515 0.0351
vn -0.6819 0.0721 -0.7279
vn -0.6905 -0.0028 -0.7233
vn -0.6807 0.0731 -0.7289
vn -0.2644 -0.5728 -0.7758
vn -0.3944 -0.4635 -0.7935
vn -0.2118 -0.6079 -0.7652
vn -0.4661 0.4108 -0.7835
vn -0.6171 0.2067 -0.7593
vn -0.6080 0.2244 -0.7616
vn -0.4302 -0.4318 -0.7928
vn -0.2939 0.5633 -0.7723
vn -0.4376 0.4371 -0.7858
vn 0.3861 0.2897 -0.8758
vn 0.1773 0.4982 -0.8488
vn 0.1990 0.4791 -0.8549
vn 0.4505 -0.2001 -0.8701
vn 0.2800 -0.4131 -0.8666
vn 0.4769 -0.1596 -0.8643
vn 0.0283 0.6045 -0.7961
vn -0.0081 0.6245 -0.7810
vn 0.3478 -0.6976 0.6264
vn 0.5279 0.1057 -0.8427
vn 0.4191 0.2527 -0.8720
vn 0.0256 0.7972 0.6032
vn 0.1409 -0.7915 0.5947
vn 0.0607 -0.9981 -0.0096
vn 0.2531 -0.9666 -0.0398
vn -0.0849 0.9963 0.0134
vn -0.3194 0.9463 0.0502
vn -0.5207 0.1718 0.8363
vn -0.5691 0.0234 0.8220
vn -0.5690 0.0241 0.8220
vn -0.1692 0.6434 -0.7466
vn -0.1348 0.6385 -0.7577
vn -0.1319 0.6386 -0.7581
vn -0.0313 -0.7597 0.6495
vn 0.0449 -0.7904 0.6110
vn 0.0441 -0.7902 0.6112
vn 0.1253 0.7939 0.5950
vn 0.2137 0.7623 0.6109
vn 0.7870 0.0890 0.6105
vn 0.9804 -0.1231 -0.1540
vn 0.9804 -0.1229 -0.1540
vn 0.9792 0.1322 -0.1539
vn 0.9792 0.1322 -0.1538
vn -0.6802 -0.0773 -0.7290
vn 0.8236 -0.0024 0.5671
vn 0.8222 0.0092 0.5692
vn 0.8133 0.0948 0.5741
vn 0.7906 0.0029 0.6124
vn 0.7888 -0.0872 0.6084
vn 0.7867 0.0933 0.6103
vn 0.9879 0.0045 -0.1551
vn 0.9880 0.0057 -0.1545
vn 0.9880 0.0053 -0.1545
vn 0.9804 -0.1237 -0.1535
vn 0.9043 -0.4025 -0.1422
vn 0.9803 -0.1243 -0.1534
vn 0.0770 0.7918 0.6059
vn 0.0765 0.7916 0.6062
vn -0.0227 0.9997 0.0036
vn 0.1552 -0.0010 0.9879
vn 0.0670 0.8344 0.5470
vn 0.0166 0.8381 0.5452
vn -0.0215 0.9998 0.0034
vn 0.0374 0.9993 -0.0064
vn -0.0946 0.6430 -0.7600
vn -0.0954 0.6429 -0.7600
vn -0.1463 -0.6381 -0.7559
vn 0.0938 -0.7882 0.6083
vn 0.1418 -0.7914 0.5946
vn -0.0022 -1.0000 0.0003
vn -0.0022 -1.0000 0.0002
vn 0.1567 -0.0017 0.9876
vn 0.1920 -0.8630 0.4673
vn 0.0519 -0.9848 0.1655
vn 0.1085 -0.9378 0.3297
vn -0.0614 -0.9981 0.0019
vn 0.0017 -1.0000 0.0011
vn -0.1529 0.6397 -0.7533
vn -0.1570 0.6394 -0.7527
vn -0.6068 0.2987 0.7366
vn -0.6035 0.2972 0.7399
vn -0.5615 -0.1033 0.8210
vn -0.5736 0.1600 0.8034
vn -0.5218 -0.1105 0.8459
vn -0.9873 0.0344 0.1550
vn -0.9873 0.0342 0.1550
vn -0.9972 -0.0644 0.0385
vn -0.9973 -0.0575 0.0453
vn -0.9979 0.0351 0.0539
vn -0.9862 -0.0588 0.1548
vn -0.9862 -0.0589 0.1548
vn 0.1554 0.0001 0.9879
vn -0.5661 -0.0413 0.8233
vn -0.5612 -0.1064 0.8208
vn -0.5728 0.2382 0.7843
vn -0.5715 0.2332 0.7867
vn -0.5726 0.1663 0.8028
vn 0.5417 0.0411 -0.8396
vn 0.2864 -0.4063 -0.8677
vn -0.8984 0.4157 0.1417
vn -0.9795 0.1301 0.1541
vn -0.9795 0.1300 0.1541
vn -0.2401 0.9700 0.0388
vn -0.6006 0.7938 0.0953
vn -0.6008 0.7937 0.0953
vn 0.0213 -0.9998 -0.0045
vn -0.0371 -0.9993 0.0047
vn 0.0616 0.9981 -0.0086
vn 0.0023 1.0000 0.0008
vn -0.9782 -0.1399 0.1536
vn -0.8765 -0.4614 0.1373
vn -0.8763 -0.4617 0.1372
vn 0.8746 0.4652 -0.1369
vn 0.9753 0.1594 -0.1531
vn 0.8745 0.4653 -0.1369
vn 0.9427 -0.2986 -0.1485
vn 0.6958 -0.7098 -0.1102
vn 0.9429 -0.2982 -0.1485
vn -0.1917 -0.9810 0.0290
vn -0.0569 0.9983 0.0101
vn -0.0570 0.9983 0.0101
vn 0.9872 -0.0362 -0.1552
vn 0.9872 -0.0361 -0.1552
vn 0.6956 -0.7100 -0.1101
vn 0.3043 -0.9513 -0.0489
vn -0.9879 -0.0048 0.1553
vn -0.9879 -0.0049 0.1553
vn 0.0796 -0.9967 -0.0136
vn 0.3044 -0.9513 -0.0489
vn -0.5314 -0.8431 0.0826
vn 0.2097 0.9772 -0.0319
vn 0.0617 0.9981 -0.0086
vn -0.9782 -0.1398 0.1536
vn 0.9860 0.0621 -0.1549
vn 0.9860 0.0622 -0.1549
vn -0.5315 -0.8430 0.0826
vn -0.2403 0.9699 0.0389
vn 0.5349 0.8408 -0.0831
vn 0.5347 0.8409 -0.0831
vn 0.2098 0.9772 -0.0319
vn -0.8983 0.4160 0.1417
vn -0.3381 0.5359 -0.7736
vn -0.4956 0.3765 -0.7827
vn -0.5121 0.3555 -0.7819
vn -0.6917 0.0202 -0.7219
vn -0.6474 0.1404 -0.7492
vn -0.6920 0.0187 -0.7217
vn -0.6920 -0.0346 -0.7211
vn -0.6831 -0.0871 -0.7251
vn -0.6925 -0.0332 -0.7207
vn -0.2286 -0.6093 -0.7593
vn -0.1635 -0.6376 -0.7528
vn -0.2785 -0.5750 -0.7693
vn -0.1191 -0.6379 -0.7609
vn -0.1221 -0.6376 -0.7606
vn -0.0209 0.6169 -0.7867
vn 0.0178 0.5957 -0.8030
vn -0.1063 -0.6400 -0.7610
vn -0.1416 -0.6387 -0.7563
vn -0.1034 -0.6403 -0.7611
vn 0.4433 -0.2255 -0.8675
vn 0.5254 -0.0834 -0.8467
vn 0.4162 -0.2594 -0.8715
vn 0.5394 0.0032 -0.8420
vn 0.5247 0.0863 -0.8469
vn 0.5227 0.0896 -0.8478
vn -0.0650 -0.6508 -0.7564
vn -0.6039 -0.2235 -0.7651
vn -0.5917 -0.2440 -0.7684
vn -0.4055 -0.4652 -0.7869
vn -0.6341 0.1651 -0.7554
vn -0.4402 -0.4333 -0.7864
vn 0.0512 -0.5894 -0.8062
vn 0.2269 -0.4608 -0.8580
vn 0.2389 -0.4493 -0.8608
vn 0.3830 0.2812 -0.8799
vn 0.1746 0.4852 -0.8568
vn 0.1940 0.4683 -0.8620
vn 0.5271 -0.0804 -0.8460
vn -0.1592 -0.6380 -0.7534
vn -0.1739 0.6429 -0.7459
vn -0.2702 0.5890 -0.7616
vn -0.2359 0.6028 -0.7622
vn 0.4197 0.2400 -0.8754
vn 0.0102 0.8097 -0.5868
vn -0.0000 0.7870 -0.6169
vn 0.0102 0.7490 -0.6625
vn 0.0568 0.1687 -0.9840
vn 0.1903 0.1659 -0.9676
vn -1.0000 -0.0000 -0.0000
vn 0.1917 0.1640 -0.9677
vn 0.4899 0.1436 -0.8599
vn 0.1228 -0.5851 -0.8016
vn 0.0347 -0.5879 -0.8082
vn 0.0361 -0.5878 -0.8082
vn 0.9949 -0.0573 -0.0830
vn 0.9897 -0.0641 -0.1284
vn 0.9888 -0.0651 -0.1341
vn 0.7230 0.0857 -0.6856
vn 0.8173 0.3318 -0.4712
vn 0.6799 0.4376 -0.5885
vn 0.8567 0.0560 -0.5127
vn 0.8779 0.3869 -0.2821
vn 0.4943 0.1354 -0.8587
vn 0.9613 -0.2554 -0.1031
vn 0.9478 -0.2827 -0.1477
vn 0.9479 -0.2837 -0.1447
vn 0.9511 -0.0635 -0.3023
vn 0.8554 -0.0601 -0.5145
vn 0.8640 -0.0635 -0.4995
vn 0.0219 0.7813 -0.6238
vn 0.1485 0.6635 -0.7333
vn 0.0332 0.6816 -0.7309
vn 0.0217 -0.5729 -0.8193
vn 0.0292 -0.7400 -0.6719
vn 0.0179 -0.7386 -0.6739
vn 0.7251 -0.0880 -0.6829
vn 0.7395 -0.1012 -0.6655
vn 0.8751 0.4787 -0.0711
vn 0.8658 0.4868 -0.1156
vn 0.9091 0.3988 -0.1208
vn 0.1923 -0.1611 -0.9680
vn 0.0432 -0.1644 -0.9854
vn 0.0448 -0.1651 -0.9853
vn 0.6745 0.7366 -0.0502
vn 0.6104 0.7877 -0.0831
vn 0.6107 0.7876 -0.0818
vn 0.8387 0.4745 -0.2672
vn 0.7843 0.4202 -0.4565
vn 0.3311 0.8070 -0.4890
vn 0.6276 0.5484 -0.5526
vn 0.3981 0.6227 -0.6736
vn 0.4920 -0.1350 -0.8601
vn 0.4905 -0.1402 -0.8601
vn 0.1119 0.8511 -0.5130
vn 0.3468 -0.9323 -0.1024
vn 0.0025 -0.9982 -0.0597
vn 0.0365 -0.9972 -0.0647
vn 0.7801 -0.5628 -0.2736
vn 0.6405 -0.6305 -0.4385
vn 0.7224 -0.4998 -0.4779
vn 0.0747 -0.8773 -0.4741
vn 0.0205 -0.8704 -0.4920
vn 0.4318 -0.7785 -0.4555
vn 0.5336 -0.6485 -0.5428
vn 0.2401 -0.8617 -0.4470
vn 0.3367 -0.7207 -0.6060
vn -0.1836 -0.9621 -0.2019
vn -0.0088 -0.9995 -0.0294
vn -0.2312 -0.9728 -0.0108
vn 0.1274 -0.9437 -0.3054
vn 0.2150 -0.9331 -0.2884
vn 0.0874 -0.9837 -0.1573
vn 0.2695 -0.9212 -0.2807
vn 0.3300 -0.9235 -0.1956
vn 0.3352 -0.5728 -0.7480
vn 0.1339 -0.5875 -0.7980
vn 0.1369 -0.5888 -0.7966
vn 0.0132 -0.8685 -0.4955
vn 0.1239 -0.7398 -0.6613
vn 0.0261 -0.1652 -0.9859
vn 0.0158 0.7634 -0.6458
vn 0.0193 0.6827 -0.7305
vn 0.0191 -0.1652 -0.9861
vn -0.0000 -0.1653 -0.9863
vn -0.0000 -0.1653 -0.9862
vn 0.0232 0.9280 -0.3718
vn 0.1163 0.7653 -0.6331
vn 0.0371 0.7585 -0.6507
vn 0.0792 0.9237 -0.3748
vn 0.3148 0.7551 -0.5751
vn 0.3229 0.7544 -0.5715
vn 0.4783 0.7388 -0.4748
vn 0.4876 0.7335 -0.4736
vn 0.6238 0.6693 -0.4036
vn 0.3725 0.8925 -0.2543
vn 0.5630 0.8049 -0.1874
vn -0.6373 0.0205 0.7704
vn -0.3585 0.1592 0.9199
vn -0.3603 0.1638 0.9183
vn 0.0174 0.4484 -0.8937
vn -0.0000 0.6806 -0.7326
vn 0.0142 0.6819 -0.7313
vn 0.4393 0.4125 -0.7980
vn 0.1706 0.4457 -0.8788
vn 0.6892 0.3425 -0.6385
vn 0.8380 0.2494 -0.4854
vn 0.9138 0.2888 -0.2855
vn 0.6084 -0.7817 -0.1370
vn 0.4201 -0.9027 -0.0926
vn 0.3890 -0.5701 -0.7237
vn 0.1583 -0.5867 -0.7942
vn 0.6103 -0.4883 -0.6238
vn 0.7852 -0.3561 -0.5067
vn 0.8650 -0.4117 -0.2867
vn 0.9136 -0.3940 -0.1008
vn 0.8049 -0.5757 -0.1438
vn 0.8960 -0.4197 -0.1454
vn 0.0362 -0.5753 -0.8171
vn 0.0092 -0.8799 -0.4751
vn -0.0000 -0.9679 -0.2512
vn -0.0000 -0.8809 -0.4733
vn -0.0000 -0.5899 -0.8075
vn 0.0157 -0.5900 -0.8073
vn -0.0000 -0.5452 0.8383
vn -0.0098 -0.7801 0.6256
vn -0.0107 -0.5338 0.8456
vn -0.0000 0.8269 -0.5624
vn 0.1908 -0.1591 -0.9687
vn 0.5259 -0.5245 -0.6695
vn 0.3466 -0.5652 -0.7486
vn -0.9586 0.2453 0.1444
vn -0.9760 0.0718 0.2055
vn -0.9871 0.1038 0.1215
vn 0.7094 -0.4487 -0.5435
vn 0.5337 -0.5105 -0.6742
vn 0.0303 -0.9561 -0.2915
vn 0.0104 -0.9676 -0.2522
vn 0.9045 -0.2914 -0.3112
vn 0.7608 -0.3884 -0.5199
vn 0.0405 0.4508 -0.8917
vn 0.0236 0.4497 -0.8929
vn 0.0816 -0.8851 -0.4582
vn 0.2820 -0.8814 -0.3789
vn 0.1864 -0.8885 -0.4193
vn 0.3492 -0.8705 -0.3470
vn 0.5218 -0.8045 -0.2836
vn 0.7156 -0.6906 -0.1052
vn 0.6819 -0.7174 -0.1426
vn 0.0212 -0.8799 -0.4747
vn 0.0159 -0.5707 -0.8210
vn -0.0000 -0.7367 -0.6762
vn -0.0000 -0.5715 -0.8206
vn 0.0049 -0.9680 -0.2509
vn -0.0000 -0.9999 -0.0105
vn 0.0148 0.9996 -0.0226
vn 0.0203 0.9990 -0.0398
vn 0.8989 0.4321 -0.0726
vn 0.9478 0.2943 -0.1228
vn -0.0000 1.0000 -0.0000
vn -0.1721 -0.5081 0.8439
vn -0.2128 -0.7474 0.6294
vn -0.1612 -0.7728 0.6138
vn 0.0176 0.6416 -0.7668
vn -0.1110 -0.0581 0.9921
vn -0.1026 -0.0981 0.9899
vn -0.3127 -0.1143 0.9429
vn 0.0032 0.9994 -0.0338
vn -0.9073 0.3601 0.2172
vn -0.8976 0.4143 0.1507
vn -0.7513 0.6252 0.2113
vn -0.7654 0.1376 0.6286
vn -0.7632 0.1024 0.6381
vn -0.7662 0.2416 0.5955
vn -0.0890 0.7130 0.6955
vn -0.0859 0.6911 0.7176
vn -0.0894 0.7153 0.6930
vn -0.8513 0.4424 0.2822
vn -0.0316 -0.2105 0.9771
vn -0.0000 -0.2344 0.9721
vn -0.0031 -0.2206 0.9754
vn -0.5421 -0.7523 0.3744
vn -0.5098 -0.7592 0.4047
vn 0.0131 -0.7369 -0.6759
vn -0.0000 -0.8680 -0.4966
vn 0.0200 -0.5716 -0.8203
vn 0.0165 -0.7379 -0.6748
vn 0.0240 -0.1652 -0.9860
vn 0.0192 -0.1652 -0.9861
vn -0.3241 -0.4757 0.8177
vn -0.1998 -0.5160 0.8329
vn 0.0678 -0.8777 -0.4745
vn 0.0121 -0.8681 -0.4963
vn 0.0097 -0.8677 -0.4970
vn 0.0218 0.4490 -0.8933
vn 0.0178 0.6826 -0.7306
vn 0.0137 0.7916 -0.6109
vn -0.0748 -0.8769 -0.4749
vn 0.1555 -0.9487 -0.2752
vn 0.1001 -0.8752 -0.4732
vn -0.0544 -0.5293 -0.8467
vn 0.0147 0.7081 -0.7060
vn 0.1805 -0.7611 0.6230
vn 0.1677 -0.5344 0.8284
vn -0.0414 -0.8786 -0.4758
vn -0.2629 -0.9263 -0.2697
vn -0.1611 -0.8683 -0.4692
vn -0.1408 -0.9507 -0.2762
vn 0.1997 -0.9799 -0.0033
vn 0.1919 -0.9609 -0.1995
vn 0.0002 -0.9999 -0.0107
vn 0.0230 -0.8706 0.4914
vn 0.0205 -0.7387 0.6737
vn 0.0151 -0.8688 0.4949
vn 0.0568 0.1687 0.9840
vn 0.1903 0.1659 0.9676
vn 0.1917 0.1640 0.9677
vn 0.4899 0.1436 0.8599
vn 0.4943 0.1354 0.8587
vn 0.0153 -0.1652 0.9861
vn -0.0000 -0.1653 0.9863
vn 0.9851 -0.0697 0.1572
vn 0.9903 -0.0658 0.1220
vn 0.9838 -0.0704 0.1646
vn 0.7230 0.0857 0.6856
vn 0.8173 0.3318 0.4712
vn 0.8567 0.0560 0.5127
vn 0.8755 0.3857 0.2910
vn 0.9525 0.0686 0.2966
vn 0.6799 0.4376 0.5885
vn 0.9452 -0.2709 0.1821
vn 0.9546 -0.2580 0.1492
vn 0.9450 -0.2717 0.1820
vn 0.8546 -0.0611 0.5157
vn 0.9480 -0.0667 0.3114
vn 0.8640 -0.0635 0.4995
vn 0.1485 0.6635 0.7333
vn 0.0259 0.7809 0.6242
vn 0.0365 0.6820 0.7305
vn -0.0000 0.6811 0.7322
vn 0.0139 0.4484 0.8937
vn 0.0114 0.6818 0.7314
vn 0.7251 -0.0880 0.6830
vn 0.7395 -0.1012 0.6655
vn 0.8683 0.4748 0.1433
vn 0.8766 0.4691 0.1075
vn 0.9055 0.3971 0.1495
vn 0.0476 -0.1644 0.9852
vn 0.1922 -0.1611 0.9680
vn 0.0492 -0.1651 0.9851
vn 0.6322 0.7679 0.1033
vn 0.6810 0.7280 0.0786
vn 0.6306 0.7684 0.1091
vn 0.8362 0.4737 0.2765
vn 0.3311 0.8070 0.4890
vn 0.6276 0.5485 0.5526
vn 0.4920 -0.1350 0.8600
vn 0.4905 -0.1402 0.8601
vn 0.7843 0.4202 0.4565
vn 0.1120 0.8511 0.5130
vn 0.3981 0.6228 0.6735
vn 0.3510 -0.9254 0.1433
vn 0.0182 -0.9957 0.0911
vn 0.4468 -0.8838 0.1388
vn 0.7317 -0.5009 0.4624
vn 0.6630 -0.7043 0.2537
vn 0.7814 -0.5591 0.2771
vn 0.0321 -0.7406 0.6711
vn 0.0747 -0.8773 0.4741
vn 0.1239 -0.7398 0.6613
vn 0.0116 -0.9678 0.2513
vn 0.0144 -0.8794 0.4759
vn 0.0076 -0.9677 0.2519
vn 0.4318 -0.7785 0.4555
vn 0.5336 -0.6485 0.5428
vn 0.2401 -0.8617 0.4470
vn 0.3367 -0.7207 0.6060
vn -0.0062 -0.2231 -0.9748
vn -0.0144 -0.5205 -0.8537
vn -0.0104 -0.5316 -0.8469
vn 0.1019 -0.9671 0.2329
vn 0.0097 -0.9998 0.0147
vn 0.1551 -0.9669 0.2026
vn 0.2341 -0.9574 0.1691
vn 0.3365 -0.9252 0.1754
vn 0.1339 -0.5875 0.7980
vn 0.3352 -0.5728 0.7481
vn 0.1369 -0.5888 0.7966
vn 0.0017 -1.0000 0.0088
vn 0.0105 -0.7372 0.6756
vn -0.0000 -0.8680 0.4966
vn 0.0077 -0.8679 0.4966
vn -0.0000 -0.5415 -0.8407
vn -0.1588 -0.5128 -0.8437
vn -0.0184 -0.1794 -0.9836
vn -0.1063 -0.0984 -0.9894
vn 0.0081 0.8091 0.5877
vn -0.0000 0.7874 0.6164
vn -0.0000 0.8268 0.5625
vn -0.0000 -0.9999 0.0105
vn 0.0039 -0.9680 0.2510
vn -0.0000 -0.9681 0.2504
vn 0.0211 0.6298 0.7765
vn 0.0186 0.7586 0.6513
vn 0.0232 0.9280 0.3718
vn 0.1163 0.7653 0.6331
vn 0.0792 0.9237 0.3748
vn 0.3149 0.7551 0.5751
vn 0.3229 0.7544 0.5715
vn 0.4783 0.7388 0.4748
vn 0.4876 0.7334 0.4737
vn 0.6238 0.6693 0.4037
vn 0.3725 0.8925 0.2543
vn 0.5610 0.8044 0.1956
vn 0.3077 0.9462 0.1001
vn -0.4012 0.1677 -0.9005
vn -0.6338 0.0333 -0.7728
vn 0.0249 -0.5736 0.8188
vn 0.0395 -0.5756 0.8168
vn 0.4393 0.4125 0.7980
vn 0.6892 0.3425 0.6385
vn 0.8380 0.2494 0.4854
vn 0.9109 0.2876 0.2959
vn 0.6137 -0.7693 0.1775
vn 0.1706 0.4458 0.8788
vn 0.0445 0.4507 0.8916
vn 0.3890 -0.5700 0.7237
vn 0.1583 -0.5866 0.7942
vn 0.6103 -0.4883 0.6238
vn 0.7930 -0.3554 0.4947
vn 0.8637 -0.4121 0.2900
vn 0.8083 -0.5590 0.1846
vn 0.9082 -0.3916 0.1479
vn 0.8947 -0.4072 0.1836
vn 0.0299 -0.1652 0.9858
vn 0.0222 0.6821 0.7309
vn 0.0385 -0.5877 0.8082
vn 0.0247 -0.5892 0.8076
vn 0.0395 -0.5876 0.8082
vn 0.1908 -0.1591 0.9687
vn 0.3466 -0.5652 0.7486
vn 0.5259 -0.5245 0.6695
vn -0.8938 0.3217 -0.3123
vn -0.9468 0.0764 -0.3127
vn -0.8312 0.4394 -0.3406
vn 0.5337 -0.5105 0.6742
vn 0.7204 -0.4437 0.5330
vn 0.0392 -0.9665 0.2535
vn 0.7674 -0.3892 0.5096
vn 0.9058 -0.2874 0.3113
vn -0.0000 -0.7371 0.6758
vn 0.0127 -0.5712 0.8207
vn -0.0000 -0.5715 0.8206
vn 0.0816 -0.8851 0.4582
vn 0.1864 -0.8885 0.4193
vn 0.2820 -0.8814 0.3789
vn 0.3871 -0.8652 0.3187
vn 0.5434 -0.8026 0.2460
vn 0.7166 -0.6800 0.1550
vn 0.8302 -0.5359 0.1535
vn 0.0231 -0.8801 0.4743
vn 0.0073 -0.8801 0.4748
vn 0.0141 0.9997 0.0189
vn 0.0203 0.9990 0.0398
vn 0.9478 0.2805 0.1513
vn 0.9023 0.4170 0.1096
vn 0.0152 -0.7382 0.6744
vn 0.0185 -0.5723 0.8199
vn 0.0222 -0.1652 0.9860
vn 0.0107 -0.8798 0.4753
vn 0.0056 -0.9681 0.2505
vn -0.0095 -0.2010 -0.9795
vn -0.0213 -0.5050 -0.8629
vn 0.0003 -0.9999 0.0112
vn 0.0112 -0.8683 0.4959
vn 0.0164 0.6824 0.7307
vn 0.0270 0.4495 0.8929
vn 0.0201 0.4488 0.8934
vn 0.0127 0.7896 0.6134
vn 0.0126 -0.5899 0.8074
vn 0.0182 -0.5897 0.8074
vn 0.0125 -0.5899 0.8074
vn 0.0246 -0.5893 0.8075
vn 0.0082 0.7479 0.6638
vn 0.0137 0.7038 0.7103
vn -0.0000 -0.5899 0.8075
vn -0.3063 -0.1161 -0.9448
vn -0.1107 -0.0596 -0.9921
vn 0.0002 -0.9999 0.0107
vn 0.0002 -0.9999 0.0109
vn 0.0032 0.9994 0.0338
vn -0.8676 0.4110 -0.2800
vn -0.7733 0.5619 -0.2936
vn -0.7632 0.1024 -0.6381
vn -0.7654 0.1376 -0.6286
vn -0.7662 0.2416 -0.5955
vn -0.0890 0.7130 -0.6955
vn -0.0859 0.6911 -0.7176
vn -0.0852 0.6861 -0.7225
vn -0.7734 -0.6172 -0.1447
vn -0.8054 -0.5802 -0.1209
vn -0.8067 -0.5784 -0.1211
vn -0.0178 -0.7647 -0.6441
vn -0.0125 -0.7739 -0.6332
vn -0.0078 -0.7802 -0.6254
vn -0.5261 -0.7558 -0.3899
vn -0.1328 -0.7708 -0.6231
vn -0.0721 0.9971 0.0236
vn -0.4447 0.8952 0.0284
vn -0.4751 0.8795 0.0274
vn 0.3153 0.9435 -0.1018
vn -0.7618 -0.6364 0.1213
vn -0.7962 -0.6022 0.0587
vn -0.7697 -0.6300 0.1033
vn -0.0456 0.9988 0.0197
vn 0.8970 -0.2566 -0.3600
vn -0.6682 0.7073 0.2309
vn 0.9541 -0.0684 -0.2917
vn 0.9888 0.0799 -0.1262
vn 0.9555 0.0684 -0.2870
vn 0.6599 -0.7052 -0.2593
vn 0.2286 0.7169 0.6587
vn 0.6123 0.2008 0.7647
vn 0.4470 0.4570 0.7690
vn 0.5655 0.2802 0.7757
vn 0.4019 0.5170 0.7558
vn 0.5433 0.2841 0.7900
vn 0.3474 0.5760 0.7399
vn 0.5869 -0.0870 0.8050
vn 0.4419 -0.4038 0.8010
vn 0.5933 -0.0585 0.8029
vn 0.5561 0.2333 0.7977
vn 0.3793 0.5347 0.7552
vn 0.4502 -0.3897 0.8034
vn 0.4802 -0.3170 0.8179
vn 0.0471 -0.6614 0.7486
vn 0.2803 -0.5786 0.7660
vn 0.2790 -0.5453 0.7904
vn 0.5983 -0.0929 0.7959
vn 0.4737 -0.3276 0.8175
vn -0.4934 0.3721 0.7862
vn -0.7579 0.2529 0.6013
vn -0.5917 0.2295 0.7728
vn -0.5769 -0.3900 0.7177
vn -0.4447 -0.2448 0.8616
vn -0.7945 -0.0164 0.6070
vn -0.5009 0.6526 0.5685
vn -0.6004 0.4542 0.6581
vn -0.0543 -0.6792 0.7320
vn 0.9879 0.1337 -0.0789
vn -0.1910 0.9796 -0.0630
vn -0.5456 0.8356 -0.0633
vn -0.1373 0.9893 -0.0485
vn 0.3607 0.5732 -0.7357
vn 0.1989 0.7013 -0.6846
vn 0.1977 0.7023 -0.6839
vn 0.4849 0.4546 -0.7471
vn 0.4581 0.4750 -0.7514
vn 0.5826 0.2910 -0.7589
vn 0.4332 0.5217 -0.7350
vn 0.3640 0.5866 -0.7235
vn 0.4760 -0.4239 -0.7706
vn 0.6224 -0.0982 -0.7765
vn 0.6268 -0.0617 -0.7768
vn 0.6005 0.2358 -0.7641
vn 0.3994 0.5465 -0.7361
vn 0.5186 -0.3340 -0.7871
vn 0.4914 -0.4041 -0.7715
vn 0.4604 -0.3917 -0.7966
vn 0.0332 -0.6352 -0.7717
vn 0.4861 -0.3567 -0.7978
vn 0.5097 -0.3483 -0.7867
vn -0.6476 0.4049 -0.6455
vn -0.5902 0.2094 -0.7797
vn -0.7173 0.2374 -0.6551
vn -0.6184 -0.3552 -0.7010
vn -0.4904 -0.2381 -0.8383
vn -0.7582 0.0093 -0.6519
vn -0.5931 0.5394 -0.5978
vn -0.5516 0.3272 -0.7672
vn -0.1334 -0.6362 -0.7599
vn 0.9859 0.1210 0.1155
vn 0.9834 0.0906 0.1574
vn -0.4876 -0.7627 -0.4249
vn -0.6399 0.7194 -0.2700
vn 0.6922 -0.6973 0.1860
vn -0.9290 0.2448 -0.2776
vn -0.9597 0.1009 -0.2623
vn 0.0451 -0.9943 0.0964
vn 0.9508 -0.0732 0.3010
vn 0.2785 -0.9222 -0.2684
vn 0.0075 -0.2288 0.9734
vn -0.1341 -0.4941 0.8590
vn 0.4305 -0.9026 -0.0042
vn 0.2392 -0.9709 -0.0106
vn -0.0065 -0.3436 -0.9391
vn 0.1013 -0.5242 -0.8455
vn 0.0524 -0.3309 -0.9422
vn 0.3705 -0.7186 0.5885
vn 0.2931 -0.4945 0.8182
vn 0.2012 -0.4925 -0.8467
vn -0.4311 -0.9023 -0.0042
vn 0.1035 -0.5079 0.8552
vn -0.1890 -0.7516 0.6320
vn -0.3920 -0.7038 0.5925
vn -0.1550 -0.5000 -0.8520
vn 0.1848 -0.8649 -0.4667
vn 0.1688 -0.7624 0.6247
vn -0.2045 -0.9789 -0.0033
vn -0.0816 -0.5879 -0.8048
vn 0.9565 0.2911 0.0163
vn 0.9561 0.2926 0.0164
vn 0.9560 0.2930 0.0159
vn 0.6428 0.3504 -0.6813
vn 0.7268 0.0625 -0.6840
vn 0.6420 0.3531 -0.6806
vn 0.9594 0.2820 0.0086
vn 0.9541 0.2994 0.0078
vn 0.9597 0.2810 0.0073
vn 0.9587 0.2844 0.0085
vn 0.9576 0.2879 0.0127
vn 0.9575 0.2882 0.0131
vn 0.9544 0.2983 0.0081
vn 0.9553 0.2955 0.0114
vn 0.9542 0.2990 0.0068
vn -0.0658 0.1814 -0.9812
vn 0.0546 -0.1843 -0.9814
vn 0.0565 -0.1901 -0.9801
vn 0.9565 0.2913 0.0166
vn 0.9543 0.2988 0.0091
vn 0.9551 0.2959 0.0126
vn 0.9563 0.2919 0.0151
vn 0.9554 0.2952 0.0118
vn -0.3077 0.9311 -0.1959
vn 0.0633 0.9778 0.1998
vn 0.0648 0.9777 -0.1996
vn 0.3058 -0.9328 -0.1908
vn 0.6255 -0.7541 0.1999
vn 0.3075 -0.9307 0.1982
vn 0.9577 0.2875 0.0151
vn 0.9586 0.2844 0.0118
vn 0.9574 0.2883 0.0160
vn 0.9586 0.2846 0.0121
vn 0.9591 0.2830 0.0068
vn -0.2869 0.8789 0.3811
vn -0.3055 0.9320 0.1952
vn 0.1145 -0.3654 -0.9238
vn 0.2908 -0.8762 0.3845
vn 0.9552 0.2957 0.0129
vn -0.2908 0.8762 -0.3843
vn -0.0545 0.1841 0.9814
vn 0.0657 -0.1810 0.9813
vn -0.0565 0.1902 0.9801
vn -0.1145 0.3654 0.9238
vn 0.6285 -0.7537 -0.1923
vn 0.2870 -0.8790 -0.3808
vn 0.0673 -0.1859 0.9803
vn 0.1248 -0.3617 0.9239
vn -0.0671 0.1855 -0.9804
vn -0.1248 0.3616 -0.9239
vn -0.0658 0.2075 -0.9760
vn -0.1204 0.4022 -0.9076
vn -0.0643 0.2023 -0.9772
vn 0.2691 -0.9462 0.1798
vn 0.2576 -0.9011 0.3488
vn 0.0516 -0.2071 -0.9769
vn 0.0527 -0.2110 -0.9761
vn 0.9562 0.2925 0.0076
vn 0.9564 0.2920 0.0067
vn 0.9565 0.2916 0.0069
vn 0.7024 0.1042 0.7041
vn 0.6359 0.3582 0.6836
vn 0.7333 0.0548 0.6777
vn -0.2670 0.9475 0.1759
vn -0.2533 0.9034 0.3460
vn -0.2671 0.9479 0.1737
vn -0.0528 0.2112 0.9760
vn -0.1085 0.4064 0.9072
vn -0.2693 0.9468 -0.1764
vn -0.2691 0.9461 -0.1800
vn -0.2576 0.9010 -0.3490
vn 0.1085 -0.4063 -0.9073
vn 0.2532 -0.9034 -0.3461
vn 0.2670 -0.9475 -0.1760
vn 0.2671 -0.9478 -0.1740
vn 0.2693 -0.9468 0.1761
vn 0.8449 -0.2654 0.4645
vn 0.7264 0.0679 0.6839
vn 0.8436 -0.2615 0.4690
vn 0.8791 -0.4584 0.1310
vn 0.8792 -0.4587 0.1290
vn 0.8449 -0.2714 -0.4609
vn 0.7274 0.0606 -0.6836
vn 0.8782 -0.4630 -0.1195
vn 0.8448 -0.2710 -0.4614
vn 0.5637 0.6860 0.4601
vn 0.4898 0.8626 0.1264
vn 0.5636 0.6864 0.4596
vn 0.6424 0.3521 0.6807
vn 0.6429 0.3502 0.6812
vn 0.5635 0.6875 -0.4581
vn 0.5625 0.6909 -0.4542
vn 0.4895 0.8639 -0.1187
vn 0.4896 0.8636 -0.1205
vn 0.8782 -0.4629 -0.1206
vn 0.7273 0.0649 0.6832
vn 0.4897 0.8628 0.1254
vn 0.0641 -0.2018 0.9773
vn -0.0516 0.2070 0.9770
vn 0.1204 -0.4022 0.9076
vn 0.0659 -0.2080 0.9759
vn 0.5827 0.6736 -0.4547
vn 0.6419 0.3637 -0.6750
vn 0.5860 0.6636 -0.4650
vn 0.4219 0.9013 -0.0989
vn 0.5773 0.6723 0.4635
vn 0.6391 0.3066 0.7054
vn 0.5815 0.6596 0.4762
vn 0.8678 -0.2140 -0.4485
vn 0.8673 -0.2132 -0.4499
vn 0.7409 0.0563 -0.6692
vn 0.7082 0.1082 -0.6977
vn 0.8609 -0.2188 0.4593
vn 0.8594 -0.2146 0.4641
vn 0.8667 -0.4873 0.1064
vn 0.4159 0.9034 0.1043
vn 0.6453 0.3107 -0.6979
vn 0.8720 -0.4804 -0.0944
vn 0.9566 0.2911 0.0159
vn -0.2860 0.8764 0.3875
vn -0.3051 0.9309 0.2007
vn 0.9739 0.2250 -0.0289
vn 0.9584 0.2844 -0.0250
vn 0.9588 0.2827 -0.0286
vn -0.0643 0.1768 -0.9821
vn 0.0530 -0.1798 -0.9823
vn 0.0575 -0.1934 -0.9794
vn -0.0532 0.1803 0.9822
vn 0.0645 -0.1776 0.9820
vn -0.0574 0.1929 0.9795
vn -0.1142 0.3645 0.9242
vn 0.9715 0.2335 -0.0398
vn 0.9749 0.2214 -0.0244
vn 0.9733 0.2279 -0.0269
vn 0.9595 0.2806 -0.0232
vn 0.9601 0.2782 -0.0274
vn -0.3079 0.9319 -0.1919
vn -0.2917 0.8792 -0.3766
vn 0.9673 0.2487 -0.0498
vn 0.9708 0.2369 -0.0379
vn 0.9705 0.2379 -0.0391
vn 0.9743 0.2241 -0.0223
vn 0.9684 0.2440 -0.0509
vn 0.9713 0.2344 -0.0409
vn 0.1142 -0.3645 -0.9242
vn 0.9608 0.2746 -0.0385
vn 0.9609 0.2739 -0.0396
vn 0.3083 -0.9332 0.1844
vn 0.6095 -0.7651 -0.2078
vn 0.6258 -0.7588 0.1805
vn 0.9632 0.2641 -0.0497
vn 0.9639 0.2612 -0.0526
vn 0.2918 -0.8794 0.3761
vn 0.9656 0.2546 -0.0531
vn 0.9677 0.2463 -0.0533
vn 0.0674 0.9767 -0.2039
vn 0.9651 0.2571 -0.0506
vn 0.9625 0.2686 -0.0387
vn -0.1253 0.3636 -0.9231
vn -0.0694 0.1924 -0.9789
vn 0.2860 -0.8761 -0.3881
vn 0.3051 -0.9306 -0.2023
vn 0.0691 -0.1915 0.9791
vn 0.1254 -0.3635 0.9231
vn 0.9627 0.2677 -0.0399
vn 0.0660 -0.2083 0.9758
vn 0.2695 -0.9478 0.1704
vn 0.2667 -0.9466 -0.1811
vn 0.2694 -0.9472 0.1740
vn -0.2524 0.9007 0.3535
vn -0.2665 0.9462 0.1837
vn -0.2667 0.9465 0.1815
vn 0.2580 -0.9027 0.3442
vn 0.0523 -0.2093 -0.9764
vn 0.1078 -0.4038 -0.9085
vn 0.9678 0.2509 -0.0202
vn 0.9676 0.2517 -0.0210
vn 0.9677 0.2511 -0.0229
vn -0.0644 0.2027 -0.9771
vn 0.0513 -0.2059 -0.9772
vn -0.0511 0.2052 0.9774
vn -0.0524 0.2099 0.9763
vn -0.1078 0.4037 0.9085
vn -0.2696 0.9479 -0.1698
vn -0.2694 0.9473 -0.1735
vn -0.2581 0.9029 -0.3437
vn -0.2581 0.9029 -0.3438
vn -0.1204 0.4023 -0.9076
vn -0.0657 0.2074 -0.9760
vn 0.2666 -0.9463 -0.1830
vn 0.2525 -0.9009 -0.3530
vn 0.7217 0.0392 -0.6911
vn 0.6428 0.3245 -0.6940
vn 0.6421 0.3267 -0.6935
vn 0.8457 -0.2926 0.4464
vn 0.8698 -0.4821 0.1052
vn 0.8698 -0.4818 0.1066
vn 0.7409 0.0341 0.6708
vn 0.8466 -0.2966 0.4420
vn 0.8331 -0.2877 -0.4725
vn 0.7222 0.0374 -0.6907
vn 0.8677 -0.4769 -0.1403
vn 0.8333 -0.2881 -0.4719
vn 0.5852 0.6728 0.4528
vn 0.6623 0.3269 0.6741
vn 0.6617 0.3294 0.6736
vn 0.5084 0.8536 0.1139
vn 0.5852 0.6720 0.4537
vn 0.5706 0.6712 -0.4733
vn 0.5715 0.6679 -0.4768
vn 0.5027 0.8535 -0.1371
vn 0.5026 0.8538 -0.1355
vn 0.7400 0.0375 0.6716
vn 0.5085 0.8534 0.1147
vn 0.8676 -0.4772 -0.1397
vn 0.5803 0.6569 -0.4813
vn 0.4220 0.8995 -0.1129
vn 0.6312 0.3269 -0.7033
vn 0.5858 0.6385 -0.4992
vn 0.6115 0.6556 0.4430
vn 0.6698 0.3393 0.6605
vn 0.6725 0.2916 0.6803
vn 0.0818 0.9763 0.2005
vn 0.6170 0.6395 0.4587
vn 0.8442 -0.2520 -0.4731
vn 0.7227 0.0217 -0.6909
vn 0.6924 0.0727 -0.7178
vn 0.8431 -0.2491 -0.4766
vn 0.8745 -0.2286 0.4277
vn 0.7613 0.0362 0.6474
vn 0.8748 -0.2307 0.4260
vn 0.8675 -0.4913 0.0785
vn 0.7288 0.0911 0.6786
vn 0.6328 0.2790 -0.7223
vn 0.8483 -0.5158 -0.1200
vn 0.4449 0.8909 0.0916
vn 0.3291 -0.9442 -0.0131
vn 0.3290 -0.9442 -0.0131
vn 0.3291 -0.9442 -0.0113
vn -0.0736 0.2113 0.9747
vn -0.1378 0.3954 0.9081
vn -0.0675 0.1936 0.9788
vn -0.3240 0.9296 0.1760
vn -0.3088 0.8861 0.3456
vn -0.3241 0.9300 0.1732
vn -0.3079 0.8835 0.3531
vn -0.3236 0.9285 0.1821
vn -0.0000 -0.0000 1.0000
vn -0.1385 0.3973 0.9072
vn -0.0730 0.2095 0.9751
vn 0.9675 0.2520 -0.0218
vn 0.9684 0.2487 -0.0188
vn 0.9676 0.2518 -0.0198
vn 0.9597 0.2809 0.0078
vn 0.9595 0.2812 0.0183
vn 0.9593 0.2822 0.0095
vn -0.0746 0.2142 -0.9739
vn -0.1385 0.3975 -0.9071
vn -0.0726 0.2084 -0.9754
vn -0.1382 0.3966 -0.9075
vn -0.3092 0.8872 -0.3424
vn -0.3240 0.9298 -0.1743
vn -0.3245 0.9310 -0.1670
vn -0.0000 -0.0000 -1.0000
vn -0.0689 0.1978 -0.9778
vn -0.3084 0.8850 -0.3489
vn -0.3238 0.9292 -0.1783
vn -0.3238 0.9292 -0.1781
vn -0.0672 0.1929 -0.9789
vn -0.3235 0.9283 0.1831
vn 0.5450 0.6997 -0.4618
vn 0.6413 0.3472 -0.6843
vn 0.5461 0.6965 -0.4655
vn 0.4621 0.8782 -0.1234
vn 0.6390 0.3429 0.6886
vn 0.5449 0.6966 0.4667
vn 0.5466 0.6914 0.4725
vn 0.4641 0.8763 0.1297
vn 0.4640 0.8765 0.1282
vn 0.6815 0.1971 0.7048
vn 0.6817 0.1972 0.7046
vn 0.6863 0.2002 -0.6992
vn 0.6866 0.2003 -0.6989
vn 0.8912 -0.4537 -0.0047
vn 0.8924 -0.4512 -0.0047
vn 0.5588 0.6789 -0.4763
vn 0.4819 0.8649 -0.1406
vn 0.4817 0.8656 -0.1366
vn 0.6447 0.3169 -0.6957
vn 0.5623 0.6668 -0.4891
vn 0.5638 0.6854 0.4608
vn 0.6549 0.3268 0.6814
vn 0.6520 0.3361 0.6796
vn 0.4803 0.8690 0.1193
vn 0.5659 0.6789 0.4678
vn 0.6903 0.1835 0.6998
vn 0.4803 0.8689 0.1198
vn 0.6767 0.1764 -0.7148
vn 0.6415 0.3276 -0.6936
vn 0.8826 -0.4697 -0.0213
vn 0.8809 -0.4729 -0.0214
vn 0.8826 -0.4696 -0.0213
vn -0.0688 0.1974 0.9779
vn 0.5444 0.8358 -0.0705
vn 0.5874 0.5919 -0.5519
vn 0.5706 0.5959 -0.5651
vn 0.5702 0.5960 -0.5654
vn 0.9719 0.1094 0.2086
vn 0.9733 0.2198 0.0654
vn 0.9587 0.0512 0.2797
vn 0.3425 -0.9390 -0.0305
vn 0.6776 -0.7346 -0.0354
vn 0.7419 -0.6507 0.1619
vn 0.9565 0.2901 -0.0322
vn 0.9326 0.3437 -0.1105
vn 0.9326 0.3436 -0.1105
vn 0.9528 -0.2842 -0.1068
vn 0.9528 -0.2841 -0.1068
vn 0.9274 -0.0338 0.3725
vn 0.9203 -0.0466 0.3885
vn 0.9201 -0.0469 0.3889
vn 0.6794 0.5562 -0.4787
vn 0.8203 0.4738 -0.3204
vn 0.5988 0.5857 -0.5463
vn 0.8902 0.4059 -0.2068
vn 0.5154 0.6074 -0.6046
vn 0.6793 0.5562 -0.4787
vn 0.9564 0.2901 -0.0322
vn 0.9401 -0.0009 0.3409
vn 0.9782 -0.1755 -0.1108
vn 0.6337 0.7694 -0.0801
vn 0.6337 0.7694 -0.0802
vn 0.9782 -0.1754 -0.1108
vn 0.6336 0.7695 -0.0801
vn 0.6337 0.7695 -0.0801
vn 0.4995 0.8433 0.1984
vn 0.4583 0.8863 0.0664
vn 0.5097 0.8219 0.2544
vn 0.6390 -0.7675 0.0521
vn 0.8731 -0.4874 0.0116
vn 0.8196 -0.5533 0.1486
vn 0.3110 0.9341 -0.1751
vn -0.0505 0.9877 -0.1479
vn 0.0372 0.9976 -0.0581
vn 0.8442 -0.3194 -0.4304
vn 0.8884 -0.3786 -0.2598
vn 0.8136 -0.2981 -0.4992
vn 0.5192 0.7930 0.3188
vn 0.5191 0.7930 0.3188
vn 0.1694 0.9351 -0.3112
vn 0.0226 0.9586 -0.2840
vn 0.7948 -0.5751 0.1935
vn 0.7703 -0.2701 -0.5776
vn 0.7703 -0.2702 -0.5775
vn 0.4334 0.9011 0.0100
vn 0.0372 0.9976 -0.0580
vn 0.8945 -0.4070 -0.1851
vn -0.3423 0.9391 0.0305
vn -0.3424 0.9391 0.0305
vn 0.6825 0.5108 0.5228
vn 0.6826 0.5143 0.5192
vn 0.6829 0.5162 0.5169
vn -0.1680 0.9852 0.0331
vn -0.1678 0.9835 0.0676
vn -0.1677 0.9835 0.0678
vn -0.1630 0.9542 0.2510
vn -0.1421 0.8299 0.5395
vn -0.1412 0.8247 0.5476
vn -0.1133 0.6599 0.7428
vn -0.1125 0.6548 0.7474
vn 0.9909 0.0736 -0.1125
vn 0.9969 0.0428 -0.0654
vn 0.9908 0.0739 -0.1130
vn 0.1125 -0.6548 -0.7474
vn 0.0997 -0.5797 -0.8087
vn 0.1133 -0.6599 -0.7428
vn 0.9755 0.2201 -0.0006
vn 0.9772 0.2125 -0.0006
vn 0.9699 0.2436 -0.0006
vn 0.9563 0.2918 -0.0165
vn 0.9600 0.2799 -0.0012
vn 0.9547 0.2970 -0.0162
vn -0.1680 0.9857 -0.0088
vn -0.1680 0.9858 -0.0001
vn -0.0981 0.5810 -0.8080
vn -0.1173 0.6925 -0.7118
vn -0.0976 0.5779 -0.8103
vn 0.9957 0.0922 -0.0008
vn 0.9883 0.1511 0.0229
vn 0.9849 0.1674 0.0436
vn -0.1188 0.7014 -0.7028
vn -0.1472 0.8663 -0.4773
vn -0.1487 0.8752 -0.4604
vn -0.1651 0.9697 -0.1799
vn -0.1679 0.9852 -0.0343
vn 0.6900 0.5162 -0.5074
vn 0.6904 0.5380 -0.4837
vn 0.6900 0.5147 -0.5089
vn -0.1680 0.9854 0.0263
vn -0.1680 0.9852 0.0330
vn -0.0909 0.5394 -0.8371
vn -0.0908 0.5390 -0.8374
vn 0.9533 0.3020 -0.0004
vn 0.9598 0.2808 -0.0005
vn 0.9601 0.2797 -0.0005
vn 0.9601 0.2798 0.0003
vn 0.1679 -0.9852 0.0348
vn 0.1651 -0.9696 0.1803
vn 0.1679 -0.9852 0.0347
vn 0.9982 0.0332 -0.0507
vn 0.9997 0.0125 -0.0191
vn 0.6893 0.5029 -0.5215
vn 0.6895 0.5062 -0.5181
vn 0.9836 0.0989 -0.1511
vn 0.1173 -0.6926 0.7118
vn 0.0982 -0.5810 0.8079
vn 0.0976 -0.5780 0.8102
vn 0.0011 0.0003 -1.0000
vn 0.1472 -0.8663 0.4773
vn 0.1188 -0.7014 0.7028
vn -0.0011 -0.0002 1.0000
vn 0.1680 -0.9858 0.0068
vn 0.1680 -0.9858 0.0067
vn -0.0011 -0.0003 1.0000
vn 0.9998 0.0098 -0.0150
vn 0.9999 0.0133 -0.0103
vn -0.1656 0.9725 -0.1639
vn 0.9541 0.2994 0.0096
vn 0.9958 0.0912 -0.0079
vn 0.9530 0.3027 0.0105
vn 0.1632 -0.9554 -0.2460
vn 0.1677 -0.9835 -0.0678
vn 0.1629 -0.9542 -0.2510
vn 0.1421 -0.8299 -0.5395
vn 0.1412 -0.8248 -0.5476
vn 0.0011 0.0002 -1.0000
vn 0.6831 0.5376 0.4943
vn 0.6830 0.5730 0.4529
vn 0.6829 0.5835 0.4395
vn 0.1677 -0.9835 -0.0676
vn 0.1680 -0.9853 -0.0304
vn 0.9756 0.2003 0.0900
vn 0.9768 0.1965 0.0848
vn 0.9755 0.2007 0.0905
vn 0.9787 0.1124 -0.1717
vn 0.9821 0.1031 -0.1575
vn 0.9780 0.1928 0.0792
vn 0.9775 0.1946 0.0818
vn 0.1681 -0.9858 -0.0040
vn 0.9961 0.0878 -0.0050
vn 0.1680 -0.9853 -0.0303
vn 0.1680 -0.9856 -0.0210
vn -0.1679 0.9852 -0.0345
vn 0.9790 0.1539 0.1338
vn 0.9779 0.1282 0.1649
vn 0.9792 0.1558 0.1302
vn 0.1487 -0.8752 0.4604
vn -0.1658 0.9717 0.1684
vn -0.1658 0.9717 0.1685
vn 0.6920 0.2004 0.6935
vn 0.6953 0.1760 0.6968
vn 0.6957 0.1734 0.6971
vn 0.6917 0.2003 -0.6939
vn 0.6949 0.1759 -0.6972
vn 0.6911 0.2044 -0.6933
vn 0.6954 0.1760 0.6968
vn 0.6975 0.1579 0.6989
vn 0.6976 0.1568 0.6991
vn 0.6953 0.1733 -0.6976
vn 0.6971 0.1578 -0.6994
vn 0.6977 0.1568 0.6991
vn 0.6345 0.4351 0.6389
vn 0.6914 0.2044 0.6929
vn 0.6889 0.2183 -0.6912
vn 0.6893 0.2184 0.6908
vn 0.6359 0.4331 -0.6388
vn 0.5577 0.6082 -0.5648
vn 0.6982 0.1518 0.6996
vn 0.6972 0.1567 -0.6995
vn 0.6978 0.1517 -0.7001
vn 0.1590 0.9873 0.0018
vn -0.1681 0.9858 0.0022
vn 0.1602 0.9871 0.0019
vn -0.1656 0.9725 -0.1636
vn -0.1656 0.9725 -0.1640
vn 0.6130 0.7888 0.0451
vn 0.6358 0.7610 0.1288
vn 0.6100 0.7916 0.0366
vn 0.6427 0.7504 0.1542
vn 0.6734 0.6692 0.3143
vn 0.6730 0.6706 0.3121
vn 0.0974 -0.5663 -0.8184
vn 0.0970 -0.5636 -0.8203
vn 0.0974 -0.5665 -0.8183
vn 0.6036 0.7971 0.0138
vn 0.6003 0.7997 0.0069
vn 0.5971 0.8021 -0.0000
vn 0.4768 0.8790 0.0062
vn 0.4755 0.8797 0.0062
vn -0.0878 0.5204 -0.8494
vn -0.0887 0.5264 -0.8456
vn 0.6262 0.7727 -0.1041
vn 0.6601 0.7137 -0.2342
vn 0.6623 0.7088 -0.2429
vn 0.6063 0.7946 -0.0316
vn 0.6178 0.7822 -0.0807
vn 0.6903 0.5456 -0.4752
vn 0.6869 0.6078 -0.3985
vn 0.6856 0.6175 -0.3856
vn 0.6018 0.7986 -0.0092
vn 0.6040 0.7966 -0.0258
vn 0.4800 0.8773 0.0047
vn 0.4252 0.7902 -0.4413
vn 0.4254 0.7984 0.4262
vn 0.4258 0.7984 0.4258
vn 0.4261 0.7984 0.4255
vn 0.4260 0.8000 -0.4225
vn 0.4258 0.8000 -0.4227
vn 0.4261 0.8001 -0.4223
vn 0.5564 0.6083 0.5660
vn 0.4225 0.7915 0.4416
vn 0.4203 0.7915 0.4437
vn 0.4699 0.8827 0.0013
vn -0.0997 0.5797 0.8087
vn -0.1632 0.9554 0.2460
vn -0.0974 0.5663 0.8184
vn -0.0970 0.5636 0.8203
vn 0.6832 0.5247 0.5078
vn 0.6834 0.5272 0.5050
vn 0.6831 0.5361 0.4960
vn -0.0974 0.5665 0.8183
vn -0.0984 0.5729 0.8137
vn -0.0985 0.5732 0.8135
vn -0.0996 0.5796 0.8088
vn 0.0997 -0.5796 -0.8088
vn 0.0985 -0.5731 -0.8135
vn 0.0985 -0.5729 -0.8137
vn 0.9792 0.1112 -0.1698
vn 0.9810 0.1062 -0.1622
vn 0.9816 0.1045 -0.1596
vn 0.9834 0.0994 -0.1519
vn 0.9838 0.0982 -0.1500
vn 0.9845 0.0961 -0.1468
vn 0.0879 -0.5209 0.8491
vn 0.0888 -0.5269 0.8453
vn 0.0889 -0.5274 0.8449
vn 0.9786 0.1834 0.0929
vn 0.9772 0.1951 0.0841
vn 0.9787 0.1821 0.0947
vn 0.6896 0.5080 -0.5161
vn 0.0909 -0.5392 0.8372
vn 0.0910 -0.5396 0.8370
vn -0.0888 0.5270 -0.8452
vn -0.0015 -0.2712 0.9625
vn -0.1804 -0.4444 0.8775
vn -0.0021 -0.4997 0.8662
vn 0.1766 -0.4454 0.8777
vn 0.0016 0.7157 0.6984
vn 0.6219 0.4663 0.6291
vn 0.0015 0.7041 0.7101
vn 0.5527 0.4545 0.6986
vn 0.6088 0.3818 0.6954
vn -0.8790 -0.1271 0.4595
vn -0.6202 0.4699 0.6281
vn 0.6187 -0.7292 0.2922
vn 0.8776 -0.1322 0.4608
vn -0.0030 -0.9751 0.2220
vn -0.6234 -0.7256 0.2913
vn -0.6076 0.3854 0.6945
vn -0.7414 -0.1189 0.6604
vn -0.5511 0.4577 0.6977
vn -0.0028 -0.8011 0.5986
vn -0.4844 -0.6205 0.6167
vn 0.7397 -0.1232 0.6615
vn 0.7220 -0.2251 0.6542
vn -0.7243 -0.2209 0.6532
vn 0.4799 -0.6233 0.6174
vn -0.0015 -0.2712 -0.9625
vn -0.1804 -0.4444 -0.8775
vn -0.0021 -0.4997 -0.8662
vn 0.1766 -0.4454 -0.8777
vn 0.0016 0.7157 -0.6984
vn 0.6219 0.4663 -0.6291
vn 0.6220 0.4663 -0.6291
vn 0.5526 0.4545 -0.6986
vn 0.0015 0.7041 -0.7101
vn 0.6088 0.3818 -0.6954
vn -0.8790 -0.1271 -0.4595
vn -0.6202 0.4699 -0.6281
vn 0.8776 -0.1322 -0.4608
vn 0.6187 -0.7292 -0.2922
vn -0.0030 -0.9751 -0.2220
vn -0.6234 -0.7256 -0.2913
vn -0.6076 0.3854 -0.6945
vn -0.7414 -0.1189 -0.6604
vn -0.7243 -0.2209 -0.6531
vn -0.0028 -0.8011 -0.5986
vn 0.7397 -0.1232 -0.6615
vn 0.7220 -0.2251 -0.6542
vn -0.5511 0.4577 -0.6977
vn -0.4844 -0.6205 -0.6167
vn 0.4799 -0.6233 -0.6174
vn 0.9804 -0.1898 0.0520
vn 0.9995 -0.0010 0.0309
vn 0.9804 -0.1899 0.0520
vn 0.0270 -0.0310 -0.9992
vn 0.0318 -0.0258 -0.9992
vn 0.0318 -0.0261 -0.9992
vn 0.0302 -0.1134 -0.9931
vn 0.0405 -0.0838 -0.9957
vn 0.0303 -0.1133 -0.9931
vn 0.9820 0.1887 0.0086
vn 0.0731 -0.1142 -0.9908
vn 0.0692 -0.1100 -0.9915
vn 0.0645 -0.1056 -0.9923
vn 0.0200 -0.0368 -0.9991
vn 0.0337 -0.0257 -0.9991
vn 0.0339 -0.0254 -0.9991
vn 0.0973 -0.1002 -0.9902
vn 0.0367 -0.1086 -0.9934
vn 0.0318 -0.1131 -0.9931
vn 0.0912 -0.1001 -0.9908
vn 0.0326 -0.1094 -0.9935
vn 0.0305 -0.1142 -0.9930
vn -0.9787 0.1984 -0.0531
vn -0.9995 0.0086 -0.0318
vn -0.9786 0.1986 -0.0531
vn 0.0714 -0.1146 -0.9908
vn 0.0670 -0.1182 -0.9907
vn -0.1770 0.9771 -0.1179
vn 0.0241 0.9932 -0.1135
vn 0.0240 0.9932 -0.1135
vn 0.0716 -0.1146 -0.9908
vn 0.0678 -0.1108 -0.9915
vn 0.0626 -0.1063 -0.9924
vn -0.0324 -0.0997 -0.9945
vn 0.0237 -0.1085 -0.9938
vn -0.0282 -0.0891 -0.9956
vn 0.0302 -0.1148 -0.9929
vn 0.0307 -0.0791 -0.9964
vn 0.0301 -0.1149 -0.9929
vn -0.9835 -0.1808 -0.0096
vn -0.0338 -0.0991 -0.9945
vn 0.0277 -0.1096 -0.9936
vn -0.0293 -0.0883 -0.9957
vn -0.2024 -0.9736 0.1058
vn -0.3957 -0.9137 0.0929
vn -0.3959 -0.9136 0.0927
vn -0.9314 -0.3637 0.0130
vn -0.9835 -0.1809 -0.0096
vn -0.3705 0.9214 -0.1174
vn -0.1774 0.9771 -0.1178
vn -0.9217 0.3811 -0.0723
vn -0.9216 0.3813 -0.0722
vn 0.2206 0.9697 -0.1047
vn 0.4069 0.9089 -0.0918
vn 0.2196 0.9700 -0.1048
vn 0.9283 0.3715 -0.0140
vn 0.9284 0.3713 -0.0136
vn 0.1979 -0.9731 0.1181
vn 0.3896 -0.9135 0.1171
vn 0.3895 -0.9136 0.1170
vn 0.9256 -0.3717 0.0712
vn 0.0468 -0.0415 -0.9980
vn 0.0743 -0.0704 -0.9947
vn 0.0367 -0.0307 -0.9989
vn 0.0928 -0.0893 -0.9917
vn 0.0143 -0.0437 -0.9989
vn -0.0100 -0.0689 -0.9976
vn -0.0067 -0.0644 -0.9979
vn 0.0514 -0.0470 -0.9976
vn 0.0720 -0.0713 -0.9949
vn 0.0463 -0.0401 -0.9981
vn 0.0886 -0.0903 -0.9920
vn 0.0171 -0.0419 -0.9990
vn -0.0100 -0.0703 -0.9975
vn -0.0066 -0.0657 -0.9978
vn 0.0508 -0.0959 -0.9941
vn 0.0507 -0.0956 -0.9941
vn 0.0371 -0.0838 -0.9958
vn 0.0635 -0.1226 -0.9904
vn 0.0513 -0.1333 -0.9898
vn 0.0688 -0.1180 -0.9906
vn 0.0413 -0.1418 -0.9890
vn 0.0395 -0.1425 -0.9890
vn 0.0523 -0.0939 -0.9942
vn 0.0527 -0.0940 -0.9942
vn 0.0426 -0.0847 -0.9955
vn 0.0619 -0.1225 -0.9905
vn 0.0500 -0.1327 -0.9899
vn 0.0363 -0.1444 -0.9889
vn 0.0297 -0.1492 -0.9884
vn 0.1969 -0.9733 0.1181
vn -0.0020 -0.9935 0.1142
vn 0.0715 -0.1146 -0.9908
vn 0.0284 -0.1130 -0.9932
vn 0.0296 -0.1142 -0.9930
vn -0.2028 -0.9735 0.1058
vn 0.0573 0.6763 0.7344
vn -0.0000 0.6057 0.7957
vn 0.0876 0.6965 0.7122
vn 0.5453 0.4323 -0.7181
vn 0.7885 0.1260 -0.6020
vn 0.8016 0.1019 -0.5891
vn 0.3853 0.5093 0.7696
vn 0.5402 0.4857 0.6872
vn 0.3309 0.4842 0.8100
vn 0.2306 0.6803 0.6957
vn 0.3278 0.6382 0.6966
vn 0.3321 0.6275 0.7042
vn 0.1071 0.5668 0.8168
vn 0.0571 0.5959 0.8010
vn 0.0307 0.6234 0.7813
vn 0.6952 0.4740 0.5404
vn 0.5476 0.4991 0.6716
vn 0.2280 0.5283 0.8179
vn 0.1456 0.5476 0.8240
vn 0.9039 -0.3203 -0.2837
vn 0.8856 -0.1177 -0.4492
vn 0.9025 -0.3368 -0.2684
vn 0.1210 0.7073 0.6964
vn 0.2084 0.6884 0.6948
vn 0.2206 0.5288 0.8195
vn 0.4644 0.6108 0.6413
vn 0.5061 0.5962 0.6233
vn -0.0000 0.6667 0.7453
vn -0.0000 0.6673 0.7448
vn -0.6031 -0.3750 0.7040
vn -0.8169 -0.0718 0.5723
vn -0.6036 -0.3745 0.7039
vn -0.0000 -0.7528 0.6582
vn 0.0018 -0.7533 0.6576
vn 0.0022 -0.7535 0.6575
vn -0.2598 0.8014 -0.5387
vn -0.0948 0.7780 -0.6211
vn -0.2807 0.8024 -0.5266
vn -0.0098 0.7558 -0.6548
vn -0.0000 0.7529 -0.6582
vn -0.0134 0.7569 -0.6534
vn 0.5220 0.4537 -0.7223
vn 0.1939 0.6754 -0.7115
vn 0.2080 0.6684 -0.7141
vn 0.6525 0.5340 0.5377
vn 0.6709 0.5388 0.5095
vn 0.6598 0.5164 0.5459
vn 0.0222 0.7457 -0.6659
vn 0.5590 0.5447 0.6251
vn 0.0157 0.7478 -0.6637
vn -0.0036 0.7539 -0.6570
vn -0.0033 0.7538 -0.6571
vn -0.0023 0.7535 -0.6575
vn -0.2551 -0.6435 0.7217
vn -0.0236 -0.7452 0.6664
vn -0.2262 -0.6590 0.7173
vn 0.7074 0.4904 0.5090
vn 0.7115 0.5201 0.4725
vn 0.7119 0.5195 0.4725
vn 0.0510 -0.7674 0.6392
vn 0.0925 -0.7774 0.6221
vn 0.0990 -0.7789 0.6193
vn 0.0036 -0.7539 0.6570
vn -0.0169 -0.7474 0.6641
vn 0.2813 -0.8025 0.5263
vn 0.4471 -0.7927 0.4143
vn 0.2966 -0.8029 0.5171
vn 0.0033 -0.7538 0.6571
vn 0.0137 -0.7570 0.6533
vn 0.0402 -0.7645 0.6434
vn 0.8572 -0.5068 -0.0914
vn -0.0019 0.7534 -0.6576
vn -0.0000 0.7528 -0.6582
vn 0.6336 0.5544 0.5396
vn 0.6650 0.5448 0.5109
vn 0.6269 0.5520 0.5498
vn -0.0892 0.7767 -0.6235
vn -0.0510 0.7674 -0.6392
vn -0.0000 -0.7529 0.6582
vn 0.0103 -0.7559 0.6546
vn -0.4192 0.7968 -0.4352
vn 0.7112 0.5208 0.4722
vn 0.7042 0.4731 0.5294
vn -0.0402 0.7645 -0.6434
vn -0.9034 0.3260 0.2784
vn -0.8612 0.4979 0.1018
vn 0.0326 0.6215 0.7827
vn -0.0000 0.6666 0.7454
vn -0.0000 0.6672 0.7448
vn -0.8206 -0.0641 0.5679
vn -0.8729 0.0702 0.4829
vn 0.3551 0.6237 0.6964
vn 0.5375 0.5625 0.6282
vn 0.2318 0.5286 0.8166
vn 0.3462 0.4941 0.7975
vn 0.2239 0.5290 0.8185
vn 0.0886 0.6971 0.7115
vn 0.0601 0.6781 0.7325
vn 0.2065 0.6889 0.6948
vn 0.2283 0.6812 0.6956
vn -0.9038 0.3211 0.2829
vn -0.8858 0.1186 0.4486
vn -0.8858 0.1184 0.4487
vn 0.7007 0.4932 0.5155
vn 0.5614 0.5117 0.6503
vn 0.5697 0.5247 0.6326
vn 0.0576 0.5954 0.8014
vn 0.3375 0.6250 0.7039
vn 0.4051 0.5228 0.7501
vn -0.0000 0.6059 0.7956
vn 0.7009 0.5262 0.4816
vn 0.7000 0.5269 0.4819
vn 0.6722 0.5382 0.5085
vn 0.8711 -0.0643 -0.4869
vn 0.8789 -0.0910 -0.4683
vn 0.8856 -0.1175 -0.4494
vn 0.6990 0.5288 0.4814
vn 0.7116 0.5201 0.4723
vn 0.6980 0.5300 0.4816
vn 0.6665 0.5438 0.5100
vn -0.8798 0.0945 0.4658
vn -0.8798 0.0944 0.4659
vn -0.8729 0.0703 0.4828
vn 0.8710 -0.0640 -0.4871
vn 0.1741 0.6918 -0.7008
vn 0.0739 0.7013 -0.7091
vn 0.0569 0.6959 -0.7159
vn 0.2318 0.6782 -0.6974
vn 0.2849 0.6448 -0.7092
vn 0.2331 0.6776 -0.6975
vn -0.0000 0.6977 -0.7164
vn 0.0757 0.6283 -0.7743
vn -0.0000 0.6985 -0.7156
vn 0.1608 0.6948 -0.7010
vn 0.3240 0.6457 -0.6915
vn 0.3255 0.6387 -0.6972
vn 0.3240 0.6458 -0.6914
vn -0.0000 0.6574 -0.7536
vn -0.0000 0.6567 -0.7541
vn -0.0741 0.7532 0.6536
vn -0.1133 0.7563 0.6444
vn -0.1137 0.7563 0.6443
vn 0.3323 0.6130 -0.7168
vn 0.2759 0.6506 -0.7075
vn -0.8759 -0.1876 -0.4445
vn -0.9397 -0.0476 -0.3387
vn -0.9400 -0.0467 -0.3380
vn 0.0388 -0.7483 -0.6623
vn -0.0000 -0.7439 -0.6682
vn 0.0419 -0.7487 -0.6616
vn 0.1414 0.5876 -0.7967
vn 0.1961 0.5840 -0.7877
vn 0.2237 0.5984 -0.7694
vn 0.3237 0.6458 -0.6915
vn 0.3254 0.6387 -0.6972
vn 0.3238 0.6459 -0.6914
vn -0.1973 -0.6975 -0.6889
vn -0.0075 -0.7426 -0.6696
vn -0.0093 -0.7424 -0.6699
vn -0.1722 0.7590 0.6280
vn -0.2056 0.7592 0.6175
vn -0.1706 0.7589 0.6284
vn -0.8695 -0.1985 -0.4522
vn -0.6001 -0.4918 -0.6309
vn -0.5902 -0.4992 -0.6344
vn 0.0129 -0.7458 -0.6660
vn 0.2854 0.6219 -0.7292
vn 0.3128 0.6337 -0.7076
vn 0.3185 0.6398 -0.6995
vn 0.0075 0.7427 0.6696
vn 0.1973 0.6975 0.6889
vn 0.0093 0.7424 0.6699
vn -0.0000 0.7439 0.6682
vn -0.0369 0.7481 0.6625
vn -0.0402 0.7486 0.6618
vn 0.6001 0.4918 0.6309
vn 0.8695 0.1985 0.4522
vn 0.5902 0.4992 0.6344
vn 0.0126 -0.7457 -0.6661
vn -0.0000 -0.7439 -0.6683
vn -0.0135 0.7459 0.6659
vn 0.1408 0.5863 -0.7977
vn 0.1982 0.5828 -0.7881
vn 0.2222 0.5928 -0.7741
vn -0.0000 0.7439 0.6683
vn -0.0133 0.7458 0.6660
vn 0.2759 0.6507 -0.7075
vn 0.2042 -0.7593 -0.6179
vn 0.1715 -0.7589 -0.6282
vn 0.1700 -0.7589 -0.6286
vn 0.1129 -0.7563 -0.6445
vn 0.0742 -0.7533 -0.6535
vn 0.1134 -0.7563 -0.6444
vn 0.0586 0.6963 -0.7153
vn -0.0000 0.6574 -0.7535
vn 0.2844 0.6237 -0.7281
vn 0.3129 0.6338 -0.7074
vn 0.3186 0.6401 -0.6991
vn 0.0748 0.7015 -0.7087
vn 0.2673 0.6139 -0.7428
vn 0.0940 0.6214 -0.7779
vn 0.0723 -0.7530 -0.6540
vn -0.0720 0.7530 0.6541
vn 0.2681 0.6177 -0.7393
vn 0.0961 0.6215 -0.7775
vn 0.0792 0.6277 -0.7744
vn 0.7848 -0.5623 -0.2604
vn 0.7849 -0.5623 -0.2602
vn 0.7847 -0.5624 -0.2608
vn -0.7872 0.5603 0.2577
vn -0.7871 0.5603 0.2579
vn -0.7870 0.5604 0.2582
vn 0.3279 0.6242 -0.7092
vn 0.3308 0.6143 -0.7164
vn 0.9557 -0.0078 0.2941
vn 0.9510 0.0104 0.3090
vn 0.8759 0.1876 0.4445
vn 0.9397 0.0476 0.3387
vn -0.9557 0.0077 -0.2942
vn -0.9510 -0.0105 -0.3090
vn -0.9509 -0.0108 -0.3093
vn 0.3256 0.6377 -0.6981
vn 0.3280 0.6242 -0.7090
vn 0.9509 0.0107 0.3092
vn 0.9400 0.0467 0.3380
vn 0.3256 0.6376 -0.6981
vn 0.3309 0.6143 -0.7164
vn 0.1691 -0.1015 0.9804
vn 0.1595 -0.0912 0.9830
vn 0.9735 0.1615 0.1619
vn 0.9914 -0.0221 0.1290
vn 0.9712 0.1730 0.1638
vn 0.1879 0.9596 0.2095
vn 0.0152 0.9816 0.1905
vn 0.2018 0.9756 0.0870
vn 0.0090 0.9948 0.1014
vn -0.9765 0.1960 0.0901
vn -0.9975 0.0018 0.0704
vn 0.1690 -0.1015 0.9804
vn 0.1595 -0.0913 0.9830
vn -0.9406 0.1648 0.2969
vn -0.9635 -0.0185 0.2669
vn -0.9439 -0.2047 0.2593
vn -0.9415 -0.2163 0.2585
vn 0.0664 -0.1011 0.9927
vn 0.0845 -0.1797 0.9801
vn 0.0663 -0.1013 0.9926
vn 0.1679 -0.1014 0.9806
vn 0.1577 -0.1115 0.9812
vn 0.1465 -0.1222 0.9816
vn -0.2005 -0.9760 -0.0848
vn -0.0090 -0.9948 -0.1014
vn 0.9801 0.1927 -0.0480
vn 0.9975 -0.0018 -0.0704
vn 0.9798 0.1942 -0.0477
vn -0.9799 -0.1930 0.0505
vn -0.9796 -0.1945 0.0504
vn 0.9702 -0.2079 0.1242
vn -0.1694 -0.9849 0.0351
vn -0.0026 -0.9999 -0.0114
vn 0.1680 -0.1014 0.9806
vn 0.1577 -0.1114 0.9812
vn 0.1685 -0.1014 0.9805
vn 0.1684 -0.1014 0.9805
vn 0.1680 -0.1015 0.9806
vn 0.1686 -0.1014 0.9805
vn 0.1681 -0.1014 0.9805
vn 0.9767 -0.1960 -0.0876
vn 0.1858 -0.9762 -0.1120
vn 0.3718 -0.9207 -0.1183
vn 0.1830 -0.9767 -0.1119
vn 0.9176 -0.3842 -0.1016
vn 0.9763 -0.1976 -0.0878
vn 0.2044 0.9750 0.0869
vn 0.3883 0.9189 0.0694
vn 0.3880 0.9190 0.0697
vn 0.9242 0.3811 -0.0234
vn 0.9243 0.3810 -0.0233
vn -0.1868 0.9757 0.1145
vn -0.3718 0.9201 0.1230
vn -0.1843 0.9762 0.1142
vn -0.9172 0.3840 0.1066
vn -0.9761 0.1975 0.0903
vn -0.2031 -0.9755 -0.0844
vn -0.3879 -0.9194 -0.0644
vn -0.3876 -0.9196 -0.0642
vn -0.9239 -0.3817 0.0285
vn -0.9239 -0.3815 0.0287
vn -0.1966 0.9497 0.2437
vn -0.3557 0.8925 0.2772
vn -0.1533 0.9602 0.2336
vn -0.8802 0.3529 0.3174
vn -0.9380 0.1762 0.2985
vn -0.2128 -0.9760 0.0473
vn -0.3717 -0.9238 0.0920
vn -0.3716 -0.9238 0.0920
vn -0.8868 -0.3943 0.2413
vn -0.8867 -0.3944 0.2412
vn 0.9172 0.3500 0.1906
vn 0.3940 0.8914 0.2242
vn 0.2320 0.9490 0.2134
vn 0.9677 -0.2195 0.1238
vn 0.9106 -0.3971 0.1144
vn 0.9106 -0.3972 0.1144
vn 0.3780 -0.9250 0.0392
vn 0.2140 -0.9767 0.0172
vn 0.3779 -0.9250 0.0392
vn 0.0937 -0.0261 0.9953
vn 0.1185 -0.0508 0.9917
vn 0.1200 -0.0518 0.9914
vn 0.1486 -0.0805 0.9856
vn 0.0917 -0.1747 0.9803
vn 0.1165 -0.1510 0.9816
vn 0.0876 -0.0197 0.9960
vn 0.1186 -0.0508 0.9916
vn 0.1200 -0.0517 0.9914
vn 0.1485 -0.0805 0.9856
vn 0.0855 -0.1807 0.9798
vn 0.1166 -0.1510 0.9816
vn 0.0700 -0.1935 0.9786
vn 0.0664 -0.1016 0.9926
vn 0.0664 -0.1013 0.9926
vn 0.1117 -0.0957 0.9891
vn 0.0699 -0.1003 0.9925
vn 0.1200 -0.0973 0.9880
vn 0.1114 -0.0604 0.9919
vn 0.0821 -0.0340 0.9960
vn 0.0725 -0.0257 0.9970
vn 0.0886 -0.0393 0.9953
vn 0.0853 -0.0360 0.9957
vn 0.0280 -0.0956 0.9950
vn 0.0699 -0.1017 0.9924
vn 0.0703 -0.0241 0.9972
vn 0.0703 -0.0237 0.9972
vn 0.0036 -0.0879 0.9961
vn 0.0196 -0.0971 0.9951
vn 0.0288 -0.0603 0.9978
vn 0.0097 -0.0770 0.9970
vn 0.1301 -0.0772 0.9885
vn 0.1070 -0.0556 0.9927
vn 0.0703 -0.0234 0.9972
vn 0.0703 -0.0238 0.9972
vn 0.0520 -0.0393 0.9979
vn 0.0333 -0.0555 0.9979
vn 0.1361 -0.0882 0.9868
vn 0.0197 -0.0972 0.9951
vn 0.0585 -0.0339 0.9977
vn 0.0552 -0.0360 0.9978
vn 0.0863 -0.0206 0.9961
vn 0.0681 -0.0257 0.9973
vn 0.1694 -0.9855 0.0113
vn 0.0717 -0.0059 0.9974
vn -0.3767 -0.9246 0.0563
vn -0.2037 -0.9787 0.0244
vn -0.0161 -0.9998 -0.0093
vn 0.0179 0.9699 0.2427
vn 0.0061 0.9684 0.2493
vn 0.0181 0.9706 0.2400
vn -0.9501 -0.2046 0.2353
vn -0.8973 -0.3922 0.2026
vn -0.9665 -0.0381 0.2539
vn 0.7607 -0.3643 0.5373
vn 0.7921 -0.2063 0.5744
vn 0.8007 -0.0701 0.5950
vn 0.3817 0.7997 0.4634
vn 0.2771 0.8702 0.4073
vn 0.0236 0.9678 0.2505
vn -0.9690 -0.0181 0.2462
vn -0.9690 -0.0082 0.2469
vn -0.9459 0.1779 0.2712
vn -0.1773 0.9446 0.2762
vn -0.3551 0.8884 0.2911
vn 0.7832 0.0714 0.6176
vn 0.7525 0.2266 0.6184
vn 0.7948 -0.0528 0.6046
vn -0.9679 -0.0164 0.2507
vn -0.9668 -0.0191 0.2547
vn -0.9680 -0.0218 0.2502
vn -0.0012 -0.9999 -0.0101
vn 0.7980 -0.0685 0.5987
vn 0.7957 -0.0669 0.6019
vn 0.7980 -0.0622 0.5995
vn 0.0058 -1.0000 -0.0023
vn -0.0005 -0.9999 -0.0109
vn 0.2641 -0.9492 0.1709
vn 0.3717 -0.8962 0.2423
vn 0.8002 -0.0664 0.5961
vn -0.8884 0.3577 0.2878
vn 0.0756 -0.0984 0.9923
vn 0.0628 -0.0985 0.9932
vn 0.0884 -0.0984 0.9912
vn 0.9957 0.0297 0.0881
vn 0.9957 0.0298 0.0881
vn -0.0298 0.9996 -0.0001
vn -0.0448 0.9824 0.1813
vn -0.0127 0.9833 -0.1815
vn -0.0128 0.9831 -0.1825
vn 0.0927 -0.2056 -0.9742
vn 0.0802 0.2106 -0.9743
vn 0.0925 -0.2057 -0.9742
vn -0.0796 -0.2105 0.9744
vn -0.0922 0.2057 0.9743
vn -0.0920 0.2056 0.9743
vn 0.0047 0.9338 -0.3577
vn 0.0044 0.9336 -0.3584
vn 0.0689 0.4095 -0.9097
vn 0.0803 0.2105 -0.9743
vn 0.0692 0.4088 -0.9100
vn 0.0458 -0.9822 -0.1822
vn 0.0604 -0.9320 -0.3574
vn 0.0459 -0.9824 -0.1812
vn 0.0931 -0.4048 -0.9096
vn 0.0136 -0.9831 0.1825
vn -0.0029 -0.9338 0.3579
vn -0.0033 -0.9336 0.3584
vn -0.0678 -0.4094 0.9098
vn -0.0675 -0.4088 0.9101
vn -0.0451 0.9822 0.1823
vn -0.0586 0.9320 0.3576
vn -0.0921 0.4049 0.9097
vn 0.9957 0.0296 0.0881
vn 0.0298 -0.9996 0.0001
vn 0.9957 0.0297 0.0882
vn 0.0138 -0.9833 0.1816
vn -0.0024 -0.9953 -0.0969
vn 0.1877 -0.9776 -0.0952
vn 0.0245 -0.0968 0.9950
vn 0.0245 -0.0970 0.9950
vn 0.0328 -0.0962 0.9948
vn -0.0000 -0.0969 0.9953
vn 0.9805 -0.1954 -0.0190
vn 0.9810 0.1929 0.0188
vn 0.9807 0.1948 0.0190
vn 0.3856 0.9183 0.0894
vn 0.2024 0.9747 0.0949
vn 0.1940 0.9764 0.0951
vn 0.0024 0.9953 0.0969
vn -0.0000 0.9953 0.0969
vn -0.0000 -0.9953 -0.0969
vn 0.9237 -0.3814 -0.0371
vn 0.9241 0.3804 0.0370
vn 0.9241 0.3803 0.0370
vn 0.1962 -0.9759 -0.0950
vn 0.3798 -0.9207 -0.0897
vn 0.1593 -0.7477 0.6446
vn 0.4961 -0.5445 0.6763
vn 0.1534 -0.7481 0.6456
vn 0.7015 -0.2013 0.6836
vn 0.7016 -0.2029 0.6831
vn 0.7017 0.0653 0.7095
vn 0.7017 0.0668 0.7093
vn 0.4981 0.4023 0.7681
vn 0.1637 0.6084 0.7766
vn 0.1578 0.6086 0.7776
vn 0.0191 0.6353 0.7721
vn -0.0000 0.6354 0.7722
vn -0.0000 -0.7724 0.6351
vn 0.0157 -0.7723 0.6350
vn 0.0158 -0.7722 0.6351
vn 0.0192 0.6352 0.7721
vn 0.9585 0.2851 -0.0000
vn 0.9649 0.2626 -0.0000
vn 0.9782 0.2076 -0.0000
vn 0.9829 0.1840 -0.0000
vn 0.9719 0.2355 -0.0000
vn -0.0000 0.9727 -0.2321
vn 1.0000 -0.0000 -0.0000
vn -0.0000 -0.0186 0.9998
vn -0.0000 -0.9725 0.2331
vn -0.0000 -0.9727 -0.2321
vn -0.0000 -1.0000 -0.0000
vn -0.0000 0.0186 0.9998
vn -0.0000 0.9725 0.2331
vn -0.0000 -0.6654 -0.7465
vn -0.0313 -0.6236 -0.7811
vn -0.0000 -0.6673 -0.7448
vn -0.0572 -0.5958 -0.8011
vn -0.1071 -0.5668 -0.8169
vn -0.1456 -0.5476 -0.8240
vn -0.2285 -0.5264 -0.8190
vn -0.3346 -0.4888 -0.8057
vn -0.3994 -0.5020 -0.7671
vn -0.5603 -0.5047 -0.6568
vn -0.5697 -0.5247 -0.6326
vn -0.6867 -0.4938 -0.5334
vn -0.7043 -0.4732 -0.5293
vn -0.7108 -0.5210 -0.4726
vn -0.7001 -0.5278 -0.4809
vn -0.6978 -0.5294 -0.4825
vn -0.6703 -0.5409 -0.5081
vn -0.6665 -0.5425 -0.5114
vn -0.6389 -0.5501 -0.5377
vn -0.6365 -0.5249 -0.5651
vn -0.5317 -0.5905 -0.6071
vn -0.5084 -0.5646 -0.6502
vn -0.3418 -0.6424 -0.6859
vn -0.3633 -0.6098 -0.7043
vn -0.2297 -0.6797 -0.6966
vn -0.2084 -0.6883 -0.6948
vn -0.1210 -0.7073 -0.6964
vn -0.0879 -0.6967 -0.7120
vn -0.0582 -0.6758 -0.7347
vn -0.0000 -0.6079 -0.7940
vn -0.0000 -0.6048 -0.7964
vn -0.9805 -0.1964 0.0116
vn -0.9800 -0.1984 0.0137
vn -0.9776 -0.2088 0.0250
vn -0.0000 -0.6588 0.7524
vn -0.0574 -0.6953 0.7164
vn -0.0000 -0.6567 0.7541
vn -0.0741 -0.7013 0.7090
vn -0.1741 -0.6918 0.7008
vn -0.2331 -0.6776 0.6975
vn -0.2318 -0.6782 0.6974
vn -0.2849 -0.6448 0.7092
vn -0.2759 -0.6507 0.7075
vn -0.3323 -0.6130 0.7168
vn -0.3309 -0.6143 0.7164
vn -0.3280 -0.6242 0.7091
vn -0.3256 -0.6377 0.6981
vn -0.3254 -0.6387 0.6972
vn -0.3239 -0.6458 0.6914
vn -0.3239 -0.6459 0.6913
vn -0.3186 -0.6400 0.6991
vn -0.3130 -0.6341 0.7071
vn -0.2853 -0.6221 0.7291
vn -0.2675 -0.6149 0.7419
vn -0.2229 -0.5950 0.7722
vn -0.1975 -0.5835 0.7877
vn -0.1406 -0.5879 0.7967
vn -0.0952 -0.6212 0.7779
vn -0.0773 -0.6292 0.7734
vn -0.0000 -0.6960 0.7180
vn -0.0000 -0.6985 0.7156
vn -0.9649 -0.2626 -0.0000
vn -0.9585 -0.2851 -0.0000
vn -0.9719 -0.2355 -0.0000
vn -0.9782 -0.2076 -0.0000
vn -0.9829 -0.1840 -0.0000
vn -0.9755 -0.2201 0.0006
vn -0.9772 -0.2125 0.0006
vn -0.9699 -0.2436 0.0006
vn -0.9601 -0.2797 0.0005
vn -0.9561 -0.2929 0.0128
vn -0.9542 -0.2992 -0.0061
vn -0.9489 -0.3156 0.0004
vn -0.9998 -0.0144 0.0105
vn -0.9508 -0.3097 0.0062
vn -0.9998 -0.0098 0.0150
vn -0.9997 -0.0125 0.0191
vn -0.9982 -0.0332 0.0507
vn -0.9969 -0.0428 0.0653
vn -0.9909 -0.0736 0.1125
vn -0.9908 -0.0739 0.1130
vn -0.9836 -0.0989 0.1511
vn -0.9821 -0.1031 0.1575
vn -0.9787 -0.1123 0.1717
vn -0.9792 -0.1112 0.1699
vn -0.9810 -0.1062 0.1623
vn -0.9816 -0.1044 0.1596
vn -0.9834 -0.0994 0.1520
vn -0.9845 -0.0961 0.1468
vn -0.9838 -0.0982 0.1500
vn -0.9968 -0.0791 0.0076
vn -0.9500 -0.3123 -0.0029
vn -0.9972 -0.0749 0.0047
vn -0.9973 -0.0724 0.0081
vn -0.9968 -0.0795 0.0003
vn -0.9907 -0.1341 -0.0252
vn -0.9874 -0.1513 -0.0470
vn -0.9800 -0.1795 -0.0858
vn -0.9766 -0.1902 -0.1006
vn -0.9793 -0.1817 -0.0888
vn -0.9775 -0.1875 -0.0968
vn -0.9766 -0.1901 -0.1004
vn -0.9778 -0.1863 -0.0963
vn -0.9789 -0.1762 -0.1036
vn -0.9789 -0.1749 -0.1055
vn -0.9790 -0.1523 -0.1356
vn -0.9788 -0.1503 -0.1392
vn -0.9779 -0.1283 -0.1650
vn -0.9778 -0.1257 -0.1676
vn 0.6712 0.6712 0.3146
vn 0.3633 0.8769 0.3146
vn 0.7028 0.7029 -0.1096
vn 0.3633 0.8770 0.3146
vn -0.0000 0.9912 0.1321
vn -0.0000 -0.9915 0.1304
vn 0.3633 -0.8770 0.3146
vn 0.3633 -0.8769 0.3146
vn 0.6712 -0.6712 0.3146
vn 0.8769 -0.3633 0.3146
vn 0.7028 0.7029 -0.1097
vn 0.8770 -0.3633 0.3146
vn 0.9492 -0.0000 0.3146
vn 0.8770 0.3633 0.3146
vn 0.8769 0.3633 0.3146
vn 0.2802 -0.0000 -0.9599
vn 0.2589 -0.1072 -0.9599
vn 0.0906 -0.0000 -0.9959
vn 0.2589 0.1072 -0.9599
vn 0.1981 0.1981 -0.9599
vn 0.1072 0.2589 -0.9599
vn 0.0548 0.2697 -0.9614
vn 0.1072 -0.2589 -0.9599
vn -0.0000 -0.2258 -0.9742
vn 0.1981 -0.1981 -0.9599
vn -0.6099 -0.7090 0.3541
vn 0.0023 -1.0000 -0.0000
vn -0.3502 -0.7084 0.6127
vn 0.3565 -0.7068 -0.6110
vn 0.0024 -1.0000 0.0001
vn 0.0037 -0.7076 -0.7066
vn 0.6142 -0.7061 0.3524
vn 0.7084 -0.7058 -0.0000
vn -0.3502 -0.7084 0.6128
vn 0.0023 -1.0000 -0.0001
vn 0.0036 -0.7076 0.7066
vn 0.0035 -0.7076 -0.7066
vn -0.3502 -0.7084 -0.6128
vn 0.0023 -1.0000 0.0001
vn 0.6142 -0.7061 -0.3524
vn 0.0037 -0.7076 0.7066
vn 0.0022 -1.0000 -0.0000
vn 0.3565 -0.7068 0.6110
vn -0.3502 -0.7085 -0.6127
vn -0.6099 -0.7090 -0.3541
vn -0.7051 -0.7091 0.0001
vn 0.6142 -0.7061 -0.3525
vn 0.3566 -0.7068 -0.6110
vn 0.3566 -0.7068 0.6110
vn -0.7051 -0.7091 -0.0001
vn -0.5070 -0.8099 0.2949
vn 0.0030 -1.0000 -0.0000
vn -0.2907 -0.8093 0.5104
vn 0.2980 -0.8075 -0.5090
vn 0.0030 -1.0000 0.0001
vn 0.0040 -0.8084 -0.5886
vn 0.5127 -0.8068 0.2936
vn 0.0029 -1.0000 -0.0000
vn 0.5912 -0.8065 0.0001
vn 0.0040 -0.8084 0.5886
vn -0.2907 -0.8093 -0.5104
vn 0.5912 -0.8065 -0.0001
vn 0.5127 -0.8068 -0.2936
vn 0.2980 -0.8075 0.5091
vn -0.5070 -0.8099 -0.2949
vn -0.5863 -0.8101 -0.0000
vn 0.0030 -1.0000 -0.0001
vn 0.2981 -0.8075 -0.5090
vn 0.2981 -0.8075 0.5090
vn 0.1241 0.9923 -0.0000
vn 0.2798 0.9601 -0.0000
vn 0.1675 0.9859 -0.0000
vn -0.1241 -0.9923 -0.0000
vn -0.2798 -0.9601 -0.0000
vn -0.1675 -0.9859 -0.0000
vn 0.2106 0.9776 -0.0000
vn 0.7173 0.0192 0.6966
vn 0.5832 0.0360 0.8115
vn 0.5849 0.0358 0.8103
vn 0.0137 0.0820 0.9965
vn 0.0142 0.0820 0.9965
vn 0.0176 0.0818 0.9965
vn -0.5133 -0.0435 -0.8571
vn -0.5861 -0.0356 -0.8094
vn -0.5151 -0.0433 -0.8560
vn -0.9963 0.0589 0.0619
vn 0.1344 -0.0892 -0.9869
vn 0.4720 -0.0982 -0.8761
vn 0.4956 -0.0984 -0.8630
vn 0.1502 -0.0899 -0.9846
vn -0.2233 -0.0687 -0.9723
vn -0.2370 -0.0677 -0.9692
vn -0.3754 0.0968 0.9218
vn -0.1341 0.0892 0.9869
vn -0.1499 0.0899 0.9846
vn -0.3863 0.0970 0.9173
vn 0.2202 0.0690 0.9730
vn 0.2338 0.0680 0.9699
vn 0.9981 -0.0559 -0.0256
vn 0.9981 -0.0560 -0.0256
vn -0.0142 -0.0820 -0.9965
vn -0.0137 -0.0821 -0.9965
vn -0.0261 -0.0814 -0.9963
vn -0.0220 -0.0816 -0.9964
vn 0.6550 -0.0976 -0.7493
vn -0.4671 0.0982 0.8787
vn 0.0261 0.0814 0.9963
vn 0.0220 0.0816 0.9964
vn 0.2070 0.9783 -0.0000
vn 0.2011 0.9796 -0.0000
vn 0.2058 0.9786 -0.0002
vn 0.2103 0.9776 -0.0038
vn 0.2053 0.9787 -0.0027
vn 0.2056 0.9786 -0.0026
vn 0.2105 0.9776 -0.0035
vn 0.2055 0.9787 -0.0000
vn 0.2068 0.9784 0.0002
vn 0.2105 0.9776 0.0048
vn 0.2063 0.9785 0.0039
vn 0.2052 0.9787 0.0028
vn 0.2104 0.9776 0.0042
vn -0.2070 -0.9783 -0.0000
vn -0.2058 -0.9786 0.0002
vn -0.2011 -0.9796 -0.0000
vn -0.2103 -0.9776 0.0038
vn -0.2105 -0.9776 0.0035
vn -0.2056 -0.9786 0.0026
vn -0.2053 -0.9787 0.0027
vn -0.2055 -0.9787 -0.0000
vn -0.2068 -0.9784 -0.0002
vn -0.2105 -0.9776 -0.0048
vn -0.2104 -0.9776 -0.0042
vn -0.2052 -0.9787 -0.0028
vn -0.2063 -0.9785 -0.0039
vn -0.1480 -0.0000 0.9890
vn -0.2218 -0.0000 0.9751
vn -0.2050 -0.0000 0.9788
vn 0.1827 -0.0000 0.9832
vn 0.1410 -0.0000 0.9900
vn 0.6697 -0.0000 -0.7426
vn 0.5103 -0.0000 -0.8600
vn 0.4652 -0.0000 -0.8852
vn -0.3706 -0.0000 0.9288
vn -0.3959 -0.0000 0.9183
vn -0.4837 -0.0000 0.8752
vn 0.2808 -0.0000 -0.9598
vn 0.2235 -0.0000 -0.9747
vn 0.2063 -0.0000 -0.9785
vn 0.2120 0.9773 -0.0001
vn 0.2119 0.9773 -0.0000
vn 0.2120 0.9773 -0.0000
vn 0.2121 0.9773 -0.0001
vn 0.5131 -0.0000 0.8583
vn 0.5582 -0.0000 0.8297
vn 0.7207 -0.0000 0.6933
vn -0.2778 -0.0000 0.9606
vn 0.3195 -0.0000 0.9476
vn -0.5885 -0.0000 -0.8085
vn -0.4764 -0.0000 -0.8792
vn -0.4449 -0.0000 -0.8956
vn -0.9982 -0.0000 0.0608
vn 0.1480 -0.0000 -0.9890
vn -0.1422 -0.0000 -0.9898
vn -0.1843 -0.0000 -0.9829
vn 0.9997 -0.0000 -0.0251
vn 0.0785 0.9967 -0.0213
vn 0.0620 0.9976 0.0317
vn 0.0601 0.9978 0.0297
vn 0.0715 0.9973 -0.0169
vn -0.0784 -0.9967 0.0213
vn -0.0715 -0.9973 0.0167
vn -0.0603 -0.9977 -0.0294
vn -0.0622 -0.9976 -0.0315
vn -0.7640 -0.0494 -0.6433
vn -0.5472 -0.0564 -0.8351
vn -0.5475 -0.0583 -0.8348
vn -0.7686 -0.0499 -0.6378
vn 0.5501 0.0581 0.8331
vn 0.7632 0.0506 0.6442
vn 0.7672 0.0490 0.6395
vn 0.5504 0.0561 0.8330
vn 0.2865 0.0798 0.9548
vn 0.0249 0.0700 0.9972
vn 0.0249 0.0711 0.9972
vn 0.2962 0.0796 0.9518
vn -0.2908 -0.0795 -0.9535
vn -0.0143 -0.0705 -0.9974
vn -0.0145 -0.0717 -0.9973
vn -0.2805 -0.0802 -0.9565
vn -0.0695 -0.9975 0.0118
vn -0.0845 -0.9963 -0.0151
vn -0.0846 -0.9963 -0.0133
vn -0.0764 -0.9969 0.0187
vn -0.7588 -0.0483 -0.6496
vn -0.7603 -0.0476 -0.6478
vn 0.7618 0.0479 0.6460
vn 0.7602 0.0477 0.6480
vn -0.0834 -0.9962 0.0235
vn -0.0892 -0.9956 0.0282
vn 0.0889 0.9956 -0.0280
vn 0.0833 0.9963 -0.0233
vn 0.0750 0.9970 -0.0167
vn 0.0687 0.9976 -0.0123
vn 0.0873 0.9961 0.0144
vn 0.0872 0.9961 0.0130
vn -0.3221 -0.0000 -0.9467
vn -0.2106 -0.9776 -0.0000
vn -0.0383 -0.0807 -0.9960
vn -0.0176 -0.0818 -0.9965
vn 0.0383 0.0807 0.9960
vn -0.4284 -0.9036 -0.0000
vn 0.4284 0.9036 -0.0000
vn -0.2120 -0.9773 0.0001
vn -0.2121 -0.9773 0.0001
vn -0.2120 -0.9773 -0.0000
vn -0.2119 -0.9773 -0.0000
vn 0.7614 0.2963 -0.5766
vn 0.2981 0.1157 -0.9475
vn 0.2514 0.0975 -0.9630
vn 0.7204 0.2803 -0.6344
vn -0.9308 -0.3626 -0.0462
vn -0.7590 -0.2954 0.5802
vn -0.7237 -0.2816 0.6300
vn -0.9304 -0.3624 0.0550
vn -0.2600 -0.1018 -0.9602
vn -0.3059 -0.1196 -0.9445
vn -0.2884 -0.1119 0.9509
vn -0.2620 -0.1016 0.9597
vn -0.7393 -0.2883 -0.6085
vn -0.7555 -0.2946 -0.5851
vn 0.2694 0.1054 0.9573
vn 0.2964 0.1159 0.9480
vn -0.8838 -0.3444 -0.3167
vn 0.7322 0.2856 0.6183
vn 0.7612 0.2968 0.5767
vn 0.9313 0.3628 0.0312
vn 0.9310 0.3627 -0.0414
vn 0.7591 0.2954 -0.5801
vn 0.7238 0.2816 -0.6300
vn -0.7239 -0.2823 -0.6294
vn -0.7674 -0.2992 -0.5670
vn -0.9308 -0.3626 -0.0461
vn -0.9304 -0.3624 0.0547
vn 0.2637 0.4424 0.8572
vn 0.7312 0.2851 0.6198
vn 0.7294 0.3394 0.5940
vn 0.2096 0.4793 0.8523
vn -0.7591 -0.2954 0.5801
vn -0.7236 -0.2816 0.6301
vn 0.9312 0.3628 0.0344
vn 0.9309 0.3626 -0.0446
vn -0.2884 -0.1119 0.9510
vn 0.7598 0.2957 -0.5791
vn 0.7228 0.2813 -0.6312
vn 0.2694 0.1054 0.9572
vn 0.7335 0.2861 0.6166
vn 0.7602 0.2964 0.5782
vn -0.2601 -0.1018 -0.9602
vn 0.9311 0.3627 0.0388
vn 0.9308 0.3626 -0.0464
vn -0.7247 -0.2826 -0.6285
vn -0.7669 -0.2991 -0.5678
vn 0.7628 0.2969 -0.5744
vn 0.7183 0.2795 -0.6372
vn -0.9309 -0.3627 -0.0426
vn -0.9306 -0.3625 0.0517
vn -0.7580 -0.2950 0.5817
vn -0.7250 -0.2821 0.6283
vn -0.7264 -0.2833 -0.6262
vn -0.7658 -0.2986 -0.5695
vn -0.9311 -0.3627 -0.0392
vn -0.9307 -0.3626 0.0478
vn 0.7302 0.2848 0.6211
vn 0.7627 0.2974 0.5743
vn -0.7575 -0.2948 0.5824
vn -0.7257 -0.2824 0.6273
vn 0.9289 0.3619 0.0781
vn 0.9308 0.3626 -0.0473
vn 0.8809 0.3430 -0.3260
vn 0.5288 0.2056 -0.8235
vn 0.7316 0.2853 0.6192
vn 0.7617 0.2970 0.5759
vn 0.9311 0.3627 0.0379
vn 0.9308 0.3626 -0.0472
vn -0.8836 -0.3444 -0.3172
vn -0.8809 -0.3430 0.3260
vn -0.9360 -0.3519 -0.0013
vn -0.8772 -0.3317 0.3471
vn -0.8864 -0.3318 0.3227
vn -0.9360 -0.3519 -0.0007
vn -0.3952 -0.1566 0.9051
vn -0.3936 -0.1562 0.9059
vn -0.4222 -0.1631 0.8917
vn -0.4238 -0.1635 0.8909
vn 0.3950 0.1490 0.9065
vn 0.3933 0.1486 0.9073
vn 0.4211 0.1555 0.8936
vn 0.4227 0.1559 0.8928
vn 0.8748 0.3417 0.3435
vn 0.9320 0.3624 0.0010
vn 0.9320 0.3625 0.0014
vn 0.8841 0.3418 0.3187
vn 0.8751 0.3382 -0.3460
vn 0.8824 0.3446 -0.3204
vn 0.3959 0.1459 -0.9066
vn 0.3932 0.1446 -0.9080
vn 0.4203 0.1587 -0.8934
vn 0.4233 0.1603 -0.8917
vn -0.3961 -0.1535 -0.9053
vn -0.3934 -0.1521 -0.9067
vn -0.4214 -0.1663 -0.8915
vn -0.4245 -0.1679 -0.8897
vn -0.8789 -0.3291 -0.3455
vn -0.9360 -0.3519 -0.0009
vn -0.8861 -0.3350 -0.3203
vn 0.1852 -0.4472 -0.8751
vn -0.0000 -0.6081 -0.7939
vn 0.0981 -0.4667 -0.8790
vn 0.3416 -0.3425 -0.8752
vn 0.3300 -0.3434 -0.8793
vn 0.3733 -0.1693 -0.9121
vn 0.4414 -0.2246 -0.8688
vn 0.3710 -0.0050 -0.9286
vn 0.4695 0.0047 -0.8829
vn 0.3626 0.1558 -0.9188
vn 0.5672 0.3406 -0.7498
vn 0.3270 0.3463 -0.8793
vn 0.3382 0.3730 -0.8640
vn 0.1852 0.4472 -0.8751
vn -0.0000 0.5687 -0.8226
vn -0.0000 0.6068 -0.7949
vn 0.3827 0.9239 -0.0000
vn -0.0000 0.9884 -0.1522
vn 0.1664 0.9776 -0.1288
vn 0.5829 0.8125 -0.0000
vn 0.5841 0.8117 -0.0000
vn 0.5227 -0.8523 -0.0189
vn 0.4715 -0.8518 -0.2282
vn 0.4599 -0.8880 -0.0000
vn 0.5043 -0.8635 -0.0000
vn 0.2796 -0.0041 -0.9601
vn 0.0271 -0.0361 -0.9990
vn 0.0120 -0.1904 -0.9816
vn 0.3448 -0.1741 -0.9224
vn 0.3827 -0.9239 -0.0000
vn 0.5829 -0.8125 -0.0000
vn 0.5841 -0.8117 -0.0000
vn -0.0000 -0.9880 -0.1546
vn -0.0000 -0.9783 -0.2070
vn 0.4449 0.6333 -0.6333
vn 0.2460 0.1642 -0.9553
vn 0.1058 0.2349 -0.9662
vn 0.2666 0.1352 -0.9543
vn 0.2348 -0.6873 -0.6873
vn 0.2536 -0.5896 -0.7669
vn 0.4003 -0.2869 -0.8703
vn 0.5274 0.8496 -0.0000
vn 0.3882 0.9216 -0.0000
vn 0.3977 0.9002 -0.1775
vn 0.5400 0.8417 -0.0000
vn 0.2895 0.1772 -0.9406
vn -0.1665 0.8539 -0.4930
vn -0.1665 0.9860 -0.0000
vn -0.3238 0.9461 -0.0000
vn -0.3238 0.8194 -0.4731
vn 0.0045 0.5000 -0.8660
vn -0.1665 0.4930 -0.8539
vn -0.1665 -0.0000 -0.9860
vn 0.0045 -0.0000 -1.0000
vn -0.1665 -0.4930 -0.8539
vn 0.0045 -0.5000 -0.8660
vn -0.1665 -0.8539 -0.4930
vn 0.0045 -0.8660 -0.5000
vn 0.0045 0.8660 -0.5000
vn -0.3238 0.4730 -0.8194
vn -0.3238 -0.0000 -0.9461
vn -0.3238 -0.4731 -0.8194
vn -0.3238 -0.8194 -0.4731
vn 0.0045 1.0000 -0.0000
vn -0.3238 -0.9461 -0.0000
vn -0.1665 -0.9860 -0.0000
vn 0.0045 -1.0000 -0.0000
vn 0.0045 -0.8660 -0.4999
vn 0.1852 -0.4472 0.8751
vn -0.0000 -0.3174 0.9483
vn -0.0000 -0.6079 0.7940
vn 0.3423 -0.3423 0.8751
vn 0.3299 -0.3430 0.8795
vn 0.3764 -0.1800 0.9088
vn 0.4413 -0.2245 0.8688
vn 0.3735 -0.0088 0.9276
vn 0.4695 0.0047 0.8829
vn 0.3592 0.1569 0.9200
vn 0.5674 0.3406 0.7497
vn 0.3155 0.3480 0.8828
vn 0.3382 0.3730 0.8640
vn 0.1852 0.4472 0.8751
vn -0.0000 0.3178 0.9482
vn -0.0000 0.6068 0.7949
vn -0.0000 0.9884 0.1522
vn 0.5227 -0.8523 0.0189
vn 0.4715 -0.8518 0.2283
vn 0.2796 -0.0041 0.9601
vn 0.3448 -0.1741 0.9224
vn 0.0120 -0.1904 0.9816
vn 0.0271 -0.0361 0.9990
vn -0.0000 -0.9880 0.1545
vn 0.2460 0.1642 0.9553
vn 0.2665 0.1352 0.9543
vn 0.1058 0.2349 0.9662
vn 0.4449 0.6333 0.6333
vn 0.4003 -0.2869 0.8703
vn 0.2536 -0.5896 0.7669
vn 0.2348 -0.6873 0.6873
vn 0.3977 0.9002 0.1775
vn 0.2895 0.1772 0.9406
vn -0.1665 0.8539 0.4930
vn -0.3238 0.8194 0.4731
vn 0.0045 0.5000 0.8660
vn 0.0045 -0.0000 1.0000
vn -0.1665 -0.0000 0.9860
vn -0.1665 0.4930 0.8539
vn 0.0045 -0.5000 0.8660
vn -0.1665 -0.4930 0.8539
vn 0.0045 -0.8660 0.5000
vn -0.1665 -0.8539 0.4930
vn 0.0045 0.8660 0.5000
vn -0.3238 0.4730 0.8194
vn -0.3238 -0.4731 0.8194
vn -0.3238 -0.0000 0.9461
vn -0.3238 -0.8194 0.4731
vn -0.1665 0.8540 0.4930
vn -0.1665 -0.8540 0.4930
vn 0.0045 -0.8660 0.4999
vn 0.5512 -0.5513 -0.6263
vn 0.2983 -0.7203 -0.6263
vn 0.2381 -0.5748 -0.7829
vn 0.4399 -0.4399 -0.7829
vn 0.7202 -0.2984 -0.6263
vn 0.5748 -0.2381 -0.7829
vn 0.7796 -0.0000 -0.6263
vn 0.6221 -0.0000 -0.7829
vn 0.7203 0.2983 -0.6263
vn 0.5748 0.2381 -0.7829
vn 0.5513 0.5513 -0.6263
vn 0.4399 0.4399 -0.7829
vn 0.2984 0.7203 -0.6263
vn 0.2381 0.5748 -0.7829
vn 0.1597 0.7570 -0.6336
vn -0.0000 0.7153 -0.6988
vn -0.0000 -0.6671 -0.7450
vn 0.0966 -0.6804 -0.7264
vn 0.2409 -0.5815 -0.7771
vn -0.0000 -0.5213 -0.8534
vn 0.1326 0.6078 -0.7830
vn 0.2409 0.5815 -0.7771
vn 0.4443 0.4454 -0.7773
vn 0.5416 0.2246 -0.8101
vn 0.5721 -0.0003 -0.8202
vn 0.5439 -0.2261 -0.8081
vn 0.4451 -0.4450 -0.7771
vn -0.0000 -0.9993 0.0371
vn -0.0000 -0.9820 0.1888
vn -0.0000 0.9993 -0.0371
vn -0.0000 0.9999 -0.0145
vn -0.0000 -0.8998 -0.4364
vn -0.0000 -0.9899 -0.1417
vn -0.0000 1.0000 0.0081
vn -0.0000 -0.9418 0.3361
vn -0.0000 -0.7241 -0.6897
vn -0.7108 -0.7034 -0.0000
vn -0.6006 -0.6323 0.4893
vn -0.7277 -0.4696 0.5000
vn -0.8402 -0.5422 0.0001
vn -0.2996 -0.4381 0.8475
vn -0.4201 -0.2711 0.8660
vn 0.1115 -0.1728 0.9786
vn 0.5226 0.0925 0.8475
vn 0.4201 0.2711 0.8660
vn 0.8236 0.2867 0.4893
vn 0.7277 0.4696 0.5000
vn 0.9338 0.3578 -0.0000
vn 0.8402 0.5422 -0.0000
vn 0.8236 0.2867 -0.4893
vn 0.7277 0.4696 -0.5000
vn 0.5227 0.0925 -0.8475
vn 0.4201 0.2711 -0.8660
vn 0.1115 -0.1728 -0.9786
vn -0.2996 -0.4381 -0.8475
vn -0.4201 -0.2711 -0.8660
vn -0.6006 -0.6323 -0.4893
vn -0.7277 -0.4696 -0.5000
vn -0.7108 -0.7034 -0.0001
vn -0.8402 -0.5422 -0.0001
vn 0.8649 0.5019 -0.0000
vn 0.8673 0.4978 -0.0000
vn 0.0048 -1.0000 -0.0000
vn -0.0048 -1.0000 -0.0000
vn 0.4965 -0.8680 -0.0000
vn 0.5038 -0.8638 -0.0000
vn -0.4965 0.8680 -0.0000
vn -0.5038 0.8638 -0.0000
vn -0.8673 0.4977 -0.0000
vn -0.8649 0.5019 -0.0000
vn -0.8673 -0.4978 -0.0000
vn -0.8649 -0.5019 -0.0000
vn 0.4965 0.8680 -0.0000
vn 0.5038 0.8638 -0.0000
vn 0.8649 -0.5019 -0.0000
vn 0.8673 -0.4978 -0.0000
vn -0.5038 -0.8638 -0.0000
vn -0.4965 -0.8680 -0.0000
vn -0.0048 1.0000 -0.0000
vn 0.0048 1.0000 -0.0000
vn 0.7555 0.6552 -0.0000
vn 0.8659 -0.0000 -0.5002
vn 0.6540 0.6548 -0.3788
vn -0.0024 0.6533 0.7571
vn -0.0008 -0.0000 1.0000
vn 0.4996 -0.0000 0.8663
vn 0.3765 0.6542 0.6560
vn -0.3809 0.6524 -0.6552
vn -0.5007 -0.0000 -0.8656
vn -0.8663 -0.0000 -0.4995
vn -0.6575 0.6518 -0.3780
vn -0.7586 0.6516 -0.0000
vn -0.8663 -0.0000 0.4995
vn -0.6575 0.6518 0.3780
vn 0.4996 -0.0000 -0.8663
vn 0.3764 0.6542 -0.6560
vn 0.8659 -0.0000 0.5002
vn 0.6540 0.6548 0.3788
vn -0.5007 -0.0000 0.8656
vn -0.3809 0.6524 0.6552
vn -0.0008 -0.0000 -1.0000
vn -0.0025 0.6533 -0.7571
vn 0.9935 -0.1134 -0.0000
vn 0.8605 -0.1134 -0.4967
vn 0.8608 -0.1135 -0.4961
vn 0.0013 -0.1135 0.9935
vn -0.0002 -0.1135 0.9935
vn 0.4967 -0.1135 0.8605
vn 0.4978 -0.1135 0.8598
vn -0.4959 -0.1136 -0.8609
vn -0.4971 -0.1136 -0.8602
vn -0.8606 -0.1136 -0.4965
vn -0.8602 -0.1136 -0.4972
vn -0.9935 -0.1135 -0.0000
vn -0.8606 -0.1136 0.4965
vn -0.8602 -0.1136 0.4972
vn 0.4967 -0.1135 -0.8605
vn 0.4979 -0.1135 -0.8598
vn 0.8605 -0.1135 0.4967
vn 0.8608 -0.1134 0.4961
vn -0.4971 -0.1136 0.8602
vn -0.4960 -0.1136 0.8609
vn -0.0002 -0.1135 -0.9935
vn 0.0013 -0.1135 -0.9935
vn -0.4366 -0.7762 0.4548
vn -0.6006 -0.6324 0.4893
vn -0.5390 -0.8423 -0.0000
vn -0.1569 -0.5957 0.7877
vn 0.2253 -0.3491 0.9096
vn 0.6074 -0.1025 0.7877
vn 0.8872 0.0780 0.4548
vn 0.9896 0.1441 -0.0000
vn 0.9338 0.3577 -0.0000
vn 0.8872 0.0780 -0.4548
vn 0.6074 -0.1025 -0.7877
vn 0.5227 0.0924 -0.8475
vn 0.2253 -0.3491 -0.9096
vn -0.1568 -0.5957 -0.7877
vn -0.4366 -0.7762 -0.4548
vn -0.6006 -0.6324 -0.4893
vn 0.7757 -0.0000 -0.6311
vn 0.8335 -0.0000 -0.5526
vn 0.9991 -0.0000 0.0434
vn 0.9985 -0.0000 -0.0549
vn -0.8164 -0.0000 -0.5774
vn -0.7859 -0.0000 -0.6183
vn -0.2853 -0.0000 -0.9584
vn -0.3218 -0.0000 -0.9468
vn 0.7780 -0.0000 0.6282
vn 0.8221 -0.0000 0.5694
vn 0.3124 -0.0000 -0.9499
vn 0.2758 -0.0000 -0.9612
vn 0.2853 -0.0000 0.9584
vn 0.3218 -0.0000 0.9468
vn 0.8149 -0.0000 -0.5796
vn 0.7740 -0.0000 -0.6332
vn -0.3124 -0.0000 0.9499
vn -0.2434 -0.0000 0.9699
vn 0.9991 -0.0000 0.0431
vn 0.9986 -0.0000 -0.0529
vn -0.5664 -0.0000 0.8241
vn 0.7806 -0.0000 0.6251
vn 0.8204 -0.0000 0.5719
vn -0.9452 -0.0000 0.3265
vn -0.9995 -0.0000 -0.0318
vn -0.9991 -0.0000 0.0413
vn 0.5745 -0.0000 0.8185
vn -0.7850 -0.0000 -0.6195
vn -0.8172 -0.0000 -0.5764
vn 0.0050 -0.0000 1.0000
vn -0.3436 -0.0000 0.9391
vn -0.2758 -0.0000 0.9612
vn 0.2435 -0.0000 -0.9699
vn 0.5664 -0.0000 -0.8241
vn 0.9452 -0.0000 -0.3265
vn 0.9970 -0.0000 0.0771
vn 0.9988 -0.0000 -0.0497
vn 0.7820 -0.0000 0.6233
vn 0.8194 -0.0000 0.5733
vn -0.8131 -0.0000 0.5821
vn -0.7765 -0.0000 0.6301
vn -0.9994 -0.0000 -0.0342
vn -0.9991 -0.0000 0.0436
vn -0.7844 -0.0000 -0.6203
vn -0.8176 -0.0000 -0.5758
vn 0.8150 -0.0000 -0.5794
vn 0.7738 -0.0000 -0.6335
vn 0.9986 -0.0000 -0.0530
vn 0.7807 -0.0000 0.6249
vn 0.8203 -0.0000 0.5720
vn 0.5746 -0.0000 0.8185
vn 0.7961 -0.0000 0.6052
vn 0.8076 -0.0000 0.5898
vn -0.8116 -0.0000 0.5842
vn -0.7786 -0.0000 0.6275
vn -0.0050 -0.0000 -1.0000
vn -0.0049 -0.0000 -1.0000
vn -0.9996 -0.0000 -0.0287
vn -0.9993 -0.0000 0.0383
vn -0.7513 -0.0000 0.6600
vn -0.8341 -0.0000 0.5516
vn 0.9484 -0.0000 0.3171
vn 0.2518 0.9678 -0.0000
vn -0.1036 -0.9946 -0.0000
vn 0.0294 -0.0000 -0.9996
vn -0.7073 -0.0000 0.7070
vn -0.8658 -0.0000 0.5004
vn -0.8664 -0.0000 0.4993
vn 0.8658 -0.0000 -0.5004
vn 0.5011 -0.0000 -0.8654
vn 0.8664 -0.0000 -0.4993
vn -0.9660 -0.0000 -0.2587
vn 0.4991 -0.0000 0.8665
vn 0.2589 -0.0000 0.9659
vn -0.7073 -0.0000 -0.7069
vn -0.8658 -0.0000 -0.5004
vn -0.7073 -0.0000 -0.7070
vn 0.9660 -0.0000 -0.2587
vn 0.4991 -0.0000 -0.8665
vn 0.2589 -0.0000 -0.9659
vn -0.8664 -0.0000 -0.4993
vn 0.7073 -0.0000 0.7070
vn 0.5011 -0.0000 0.8654
vn -0.0982 -0.1859 0.9776
vn -0.0457 0.1598 0.9861
vn -0.1009 -0.2051 0.9735
vn 0.0123 -0.3563 -0.9343
vn 0.0416 -0.1869 -0.9815
vn 0.0455 -0.1632 -0.9855
vn 0.0986 0.1861 -0.9776
vn 0.0455 -0.1635 -0.9855
vn 0.0415 -0.1873 -0.9814
vn -0.0130 0.3487 0.9372
vn -0.0420 0.1823 0.9823
vn -0.0131 0.3486 0.9372
vn -0.1347 -0.9704 -0.2003
vn -0.1624 -0.9676 0.1932
vn -0.1626 -0.9664 0.1993
vn 0.9635 -0.2427 0.1128
vn 0.9635 -0.2426 0.1128
vn -0.1667 -0.9052 0.3910
vn -0.1626 -0.9663 0.1996
vn -0.1624 -0.9676 0.1936
vn -0.0982 -0.1856 0.9777
vn -0.0457 0.1597 0.9861
vn -0.1009 -0.2048 0.9736
vn -0.5124 -0.8316 -0.2144
vn -0.5464 -0.8218 0.1615
vn -0.5392 -0.8328 0.1253
vn -0.2494 0.9550 0.1607
vn -0.2129 0.9572 -0.1960
vn -0.2418 0.9610 0.1345
vn -0.4184 -0.1294 0.8990
vn -0.3481 0.1937 0.9172
vn -0.3978 -0.0851 0.9135
vn -0.2027 0.2142 -0.9555
vn -0.2753 -0.1043 -0.9557
vn -0.2545 -0.0633 -0.9650
vn 0.1345 0.9696 0.2046
vn 0.1626 0.9676 -0.1933
vn 0.1329 0.9662 0.2208
vn -0.2162 -0.1774 0.9601
vn -0.1631 0.1561 0.9742
vn -0.2523 -0.1751 0.9517
vn -0.3900 -0.8942 -0.2198
vn -0.3142 -0.9332 0.1744
vn -0.3256 -0.9347 0.1425
vn -0.1667 -0.9054 0.3904
vn 0.0122 -0.3571 -0.9340
vn -0.1225 -0.3716 0.9203
vn -0.1226 -0.3716 0.9203
vn -0.1877 0.2245 -0.9562
vn -0.1924 -0.1207 -0.9739
vn -0.2741 -0.0763 -0.9587
vn 0.1345 0.9695 0.2049
vn 0.1626 0.9675 -0.1937
vn 0.1328 0.9662 0.2210
vn -0.0130 0.3488 0.9371
vn -0.0420 0.1824 0.9823
vn -0.0131 0.3487 0.9371
vn -0.2968 -0.3627 0.8834
vn -0.2621 -0.3386 0.9037
vn -0.1225 -0.3713 0.9204
vn -0.1009 -0.2050 0.9736
vn -0.1225 -0.3714 0.9203
vn -0.3475 -0.9066 -0.2393
vn -0.4250 -0.7728 -0.4713
vn -0.3437 -0.8380 -0.4237
vn -0.1330 -0.9673 -0.2161
vn -0.1107 -0.9089 -0.4021
vn -0.1106 -0.9088 -0.4023
vn -0.1056 0.2407 -0.9648
vn -0.1900 0.3954 -0.8987
vn -0.0963 0.4095 -0.9072
vn 0.1011 0.2046 -0.9736
vn 0.1231 0.3712 -0.9203
vn 0.1230 0.3712 -0.9204
vn -0.5124 -0.7444 -0.4282
vn -0.5150 -0.8127 -0.2725
vn -0.3397 -0.2384 -0.9098
vn -0.2180 0.9465 -0.2379
vn -0.2452 0.6821 -0.6890
vn -0.2134 0.2924 -0.9322
vn -0.2455 0.7139 -0.6558
vn -0.3571 0.2818 0.8905
vn -0.3651 0.4120 0.8348
vn -0.2923 0.9007 0.3213
vn -0.2923 0.9008 0.3211
vn -0.5694 -0.7545 0.3264
vn -0.4744 -0.2620 0.8404
vn -0.4744 -0.2622 0.8404
vn -0.1311 0.9732 0.1890
vn -0.0943 0.9230 0.3730
vn -0.0671 0.9809 0.1825
vn 0.1011 0.2044 -0.9737
vn 0.1230 0.3708 -0.9205
vn 0.1229 0.3706 -0.9206
vn 0.1011 0.2045 -0.9736
vn 0.1231 0.3710 -0.9204
vn 0.1230 0.3709 -0.9205
vn 0.1629 0.9663 -0.1995
vn 0.1672 0.9051 -0.3909
vn 0.1626 0.9675 -0.1936
vn 0.1629 0.9663 -0.1994
vn 0.1672 0.9052 -0.3906
vn 0.1626 0.9676 -0.1934
vn -0.0596 0.9747 -0.2154
vn -0.1574 0.8989 -0.4090
vn -0.1290 0.9750 -0.1808
vn 0.1629 0.9662 -0.1997
vn 0.1672 0.9050 -0.3912
vn -0.1330 -0.9672 -0.2166
vn -0.1106 -0.9085 -0.4029
vn -0.1104 -0.9085 -0.4031
vn -0.1330 -0.9672 -0.2163
vn -0.1107 -0.9087 -0.4025
vn -0.1105 -0.9086 -0.4027
vn 0.0986 0.1859 -0.9776
vn 0.0986 0.1860 -0.9776
vn 0.0455 -0.1634 -0.9855
vn 0.0415 -0.1871 -0.9815
vn 0.1628 0.9663 -0.1992
vn 0.1672 0.9054 -0.3903
vn 0.0124 -0.3559 -0.9344
vn 0.0416 -0.1867 -0.9815
vn 0.0455 -0.1630 -0.9856
vn -0.1224 -0.3708 0.9206
vn -0.1008 -0.2047 0.9736
vn -0.1225 -0.3709 0.9206
vn -0.1224 -0.3711 0.9205
vn -0.1225 -0.3712 0.9204
vn -0.1347 -0.9703 -0.2007
vn -0.1347 -0.9704 -0.2005
vn -0.1624 -0.9676 0.1934
vn -0.1626 -0.9663 0.1994
vn -0.1331 -0.9673 -0.2158
vn -0.1108 -0.9091 -0.4017
vn -0.1106 -0.9090 -0.4018
vn -0.0982 -0.1855 0.9777
vn -0.1666 0.3591 0.9183
vn -0.1343 0.1980 0.9710
vn -0.1270 0.3748 0.9184
vn -0.0130 0.3489 0.9371
vn -0.0131 0.3488 0.9371
vn 0.1345 0.9695 0.2047
vn 0.1329 0.9662 0.2209
vn -0.0130 0.3490 0.9370
vn -0.0419 0.1825 0.9823
vn 0.1100 0.9051 0.4108
vn -0.1667 -0.9050 0.3914
vn -0.1626 -0.9663 0.1998
vn -0.1624 -0.9675 0.1938
vn 0.1012 0.2048 -0.9736
vn 0.1231 0.3715 -0.9202
vn 0.1230 0.3714 -0.9203
vn -0.0982 -0.1858 0.9777
vn -0.3233 -0.8709 0.3701
vn -0.1667 -0.9053 0.3907
vn -0.1347 -0.9703 -0.2010
vn 0.1101 0.9052 0.4105
vn 0.1345 0.9695 0.2048
vn 0.1100 0.9051 0.4106
vn -0.3334 -0.2487 -0.9094
vn 0.0123 -0.3567 -0.9341
vn 0.0986 0.1858 -0.9776
vn 0.9513 -0.2900 0.1043
vn 0.9497 -0.2878 0.1233
vn 0.9524 -0.2879 0.1005
vn -0.9657 0.2127 -0.1490
vn -0.9589 0.2279 -0.1690
vn -0.9668 0.2101 -0.1453
vn -0.9594 0.2716 -0.0760
vn -0.9649 0.2565 -0.0559
vn -0.9583 0.2745 -0.0801
vn -0.9752 0.1965 -0.1020
vn -0.9734 0.1944 -0.1211
vn -0.9725 0.1966 -0.1250
vn -0.9517 0.2566 -0.1685
vn -0.9509 0.2717 -0.1481
vn -0.9507 0.2745 -0.1441
vn 0.9649 -0.2567 0.0562
vn 0.9593 -0.2719 0.0764
vn 0.9582 -0.2747 0.0802
vn 0.9517 -0.2565 0.1686
vn 0.9551 -0.2363 0.1787
vn 0.9588 -0.2281 0.1693
vn -0.9741 0.2128 -0.0770
vn -0.9743 0.2101 -0.0811
vn -0.9677 0.2479 -0.0460
vn -0.9721 0.2278 -0.0562
vn 0.9741 -0.2128 0.0770
vn 0.9721 -0.2278 0.0563
vn 0.9743 -0.2100 0.0810
vn -0.9668 0.2101 -0.1454
vn 0.9509 -0.2717 0.1481
vn 0.9507 -0.2745 0.1441
vn 0.9517 -0.2566 0.1686
vn 0.9551 -0.2363 0.1788
vn 0.9582 -0.2746 0.0803
vn -0.9752 0.1964 -0.1020
vn -0.9743 0.2100 -0.0810
vn 0.9588 -0.2281 0.1692
vn -0.9657 0.2128 -0.1490
vn -0.9668 0.2102 -0.1453
vn 0.9497 -0.2879 0.1233
vn 0.9509 -0.2718 0.1481
vn 0.9507 -0.2746 0.1441
vn 0.9743 -0.2100 0.0811
vn 0.9655 -0.2131 0.1494
vn 0.9724 -0.1967 0.1252
vn 0.9667 -0.2103 0.1456
vn -0.9741 0.2127 -0.0769
vn -0.9744 0.2100 -0.0810
vn -0.9524 0.2877 -0.1004
vn -0.9594 0.2716 -0.0759
vn -0.9583 0.2744 -0.0800
vn -0.9517 0.2566 -0.1686
vn -0.9509 0.2718 -0.1482
vn -0.9507 0.2746 -0.1441
vn 0.9507 -0.2744 0.1443
vn 0.9721 -0.2279 0.0563
vn 0.9676 -0.2480 0.0462
vn -0.9725 0.1965 -0.1250
vn 0.9667 -0.2104 0.1455
vn -0.9552 0.2362 -0.1785
vn 0.9741 -0.2127 0.0770
vn 0.9744 -0.2099 0.0810
vn -0.9524 0.2878 -0.1003
vn -0.9583 0.2745 -0.0800
vn 0.9676 -0.2481 0.0462
vn 0.1101 0.9053 0.4103
vn 0.1231 0.3708 -0.9205
vn 0.1012 0.2045 -0.9736
vn 0.1231 0.3711 -0.9204
vn 0.1012 0.2046 -0.9736
vn 0.1231 0.3714 -0.9203
vn 0.1012 0.2047 -0.9736
vn 0.0987 0.1861 -0.9776
vn 0.1629 0.9662 -0.1996
vn 0.1673 0.9050 -0.3911
vn 0.1628 0.9663 -0.1994
vn 0.1673 0.9051 -0.3908
vn 0.1626 0.9675 -0.1935
vn 0.1628 0.9663 -0.1993
vn 0.1672 0.9053 -0.3905
vn -0.1106 -0.9086 -0.4028
vn -0.1330 -0.9672 -0.2164
vn -0.1347 -0.9703 -0.2009
vn -0.1107 -0.9088 -0.4023
vn -0.1331 -0.9672 -0.2162
vn -0.1107 -0.9090 -0.4019
vn -0.1331 -0.9673 -0.2159
vn 0.0415 -0.1868 -0.9815
vn 0.0123 -0.3562 -0.9343
vn 0.0122 -0.3562 -0.9343
vn 0.0415 -0.1870 -0.9815
vn 0.0123 -0.3566 -0.9342
vn 0.0122 -0.3566 -0.9342
vn 0.0415 -0.1872 -0.9815
vn 0.0122 -0.3570 -0.9340
vn -0.1225 -0.3710 0.9205
vn -0.1008 -0.2048 0.9736
vn -0.1226 -0.3711 0.9205
vn -0.1224 -0.3713 0.9204
vn -0.1008 -0.2049 0.9736
vn -0.1225 -0.3715 0.9203
vn -0.1009 -0.2050 0.9735
vn -0.1226 -0.3715 0.9203
vn -0.1626 -0.9663 0.1997
vn -0.1667 -0.9051 0.3911
vn -0.1667 -0.9052 0.3908
vn -0.1667 -0.9054 0.3905
vn -0.0131 0.3490 0.9370
vn -0.0130 0.3487 0.9371
vn 0.1101 0.9052 0.4104
vn 0.1329 0.9662 0.2210
vn 0.1101 0.9051 0.4107
vn -0.0982 -0.1859 0.9777
vn -0.0458 0.1598 0.9861
vn -0.0458 0.1597 0.9861
vn -0.1624 -0.9676 0.1933
vn -0.1624 -0.9676 0.1935
vn -0.1624 -0.9675 0.1936
vn 0.0454 -0.1635 -0.9855
vn 0.0455 -0.1633 -0.9855
vn 0.0454 -0.1631 -0.9856
vn 0.9752 -0.1965 0.1020
vn -0.9735 0.1943 -0.1211
vn 0.9656 -0.2128 0.1494
vn 0.9667 -0.2104 0.1456
vn -0.9497 0.2879 -0.1233
vn 0.9524 -0.2879 0.1006
vn -0.9734 0.1943 -0.1211
vn -0.9497 0.2878 -0.1233
vn -0.9514 0.2899 -0.1042
vn 0.9734 -0.1945 0.1212
vn 0.9752 -0.1964 0.1020
vn 0.9724 -0.1968 0.1252
vn 0.9734 -0.1944 0.1212
vn -0.9552 0.2361 -0.1786
vn -0.0317 0.9219 0.3861
vn -0.0077 0.9826 0.1857
vn -0.1086 0.2141 0.9708
vn -0.0999 0.3698 0.9237
vn -0.2828 -0.9410 0.1860
vn -0.2930 -0.8784 0.3775
vn -0.1880 -0.1764 0.9662
vn -0.2289 -0.3459 0.9099
vn -0.1580 -0.3099 -0.9376
vn -0.1104 -0.1338 -0.9848
vn -0.2757 -0.9289 -0.2474
vn -0.2721 -0.8661 -0.4194
vn -0.0722 0.9153 -0.3962
vn 0.0128 0.9755 -0.2197
vn 0.0059 0.9178 -0.3969
vn -0.0300 0.2450 -0.9691
vn -0.0236 0.3995 -0.9164
vn 0.0075 0.5773 0.8165
vn 0.0074 0.5700 0.8216
vn 0.0075 0.5789 0.8154
vn -0.9806 0.1957 -0.0124
vn -0.9801 0.1979 -0.0148
vn -0.9778 0.2081 -0.0261
vn -0.0117 -0.9999 -0.0001
vn -0.0009 -0.0007 -1.0000
vn -0.6575 0.5240 0.5413
vn -0.6569 0.5368 0.5295
vn -0.6578 0.5221 0.5429
vn -0.6577 0.5092 0.5550
vn -0.6577 0.5092 0.5551
vn -0.7693 -0.6389 0.0006
vn -0.7767 -0.6299 0.0001
vn -0.7692 -0.6391 0.0006
vn -0.6861 0.1459 -0.7127
vn -0.6951 0.1473 -0.7036
vn -0.6954 0.1474 -0.7033
vn 0.0076 0.5862 0.8101
vn 0.5986 -0.2225 -0.7695
vn 0.6789 -0.0786 -0.7301
vn 0.5849 -0.2445 -0.7734
vn -0.2916 -0.0159 0.9564
vn -0.3255 -0.0414 0.9446
vn -0.2742 0.0099 0.9616
vn -0.8433 -0.0996 0.5282
vn -0.7904 -0.2905 0.5394
vn -0.7939 -0.2845 0.5374
vn -0.1555 -0.0006 0.9878
vn -0.1555 -0.0004 0.9878
vn -0.0616 -0.9981 -0.0027
vn -0.2385 -0.9706 -0.0329
vn -0.2482 -0.9681 -0.0354
vn -0.0040 -0.9815 0.1916
vn -0.0537 -0.8283 0.5577
vn -0.0746 -0.9234 0.3765
vn 0.8833 -0.4477 0.1388
vn 0.9766 -0.1510 0.1534
vn 0.9766 -0.1509 0.1534
vn 0.0791 -0.6441 -0.7608
vn -0.0103 -0.6121 -0.7907
vn 0.0795 -0.6439 -0.7609
vn -0.1552 -0.0000 0.9879
vn 0.9971 0.0398 0.0655
vn 0.8347 0.3888 0.3900
vn 0.9979 0.0351 0.0539
vn -0.0741 0.9660 0.2478
vn -0.1983 0.8572 0.4752
vn -0.1064 0.8666 0.4876
vn 0.0640 -0.6510 -0.7563
vn -0.0403 -0.6058 -0.7946
vn 0.0650 -0.6508 -0.7564
vn 0.5424 -0.8400 0.0143
vn 0.1312 -0.9327 0.3360
vn 0.2100 -0.9777 0.0054
vn -0.5505 0.8303 -0.0865
vn -0.8851 0.4441 -0.1391
vn -0.1557 -0.0007 0.9878
vn 0.5541 -0.8279 0.0871
vn 0.5541 -0.8279 0.0870
vn 0.2212 -0.9746 0.0347
vn -0.2508 0.1310 0.9591
vn -0.3027 0.0281 0.9527
vn -0.2382 0.1566 0.9585
vn -0.1970 0.9799 -0.0314
vn -0.5749 0.7798 0.2479
vn -0.2495 0.9371 0.2440
vn -0.5423 0.8355 -0.0887
vn -0.8798 0.4545 -0.1391
vn 0.2491 0.9207 0.3006
vn 0.7078 0.7002 0.0930
vn 0.3125 0.9487 0.0485
vn 0.8880 -0.4592 0.0254
vn 0.5667 -0.8238 0.0142
vn -0.2092 0.2106 0.9549
vn -0.1805 0.2556 0.9498
vn 0.0328 0.9566 0.2896
vn 0.0803 0.9967 0.0134
vn -0.6199 -0.7786 -0.0974
vn -0.2529 -0.9667 -0.0397
vn -0.2531 -0.9666 -0.0398
vn 0.9470 0.2846 0.1488
vn 0.7130 0.6921 0.1120
vn 0.3196 0.9462 0.0502
vn 0.3194 0.9463 0.0502
vn -0.9027 -0.4061 -0.1420
vn -0.6150 -0.7826 -0.0965
vn -0.6059 -0.7899 -0.0947
vn 0.6035 0.7180 0.3467
vn 0.9509 0.2937 0.0981
vn -0.8827 0.4482 -0.1412
vn -0.9790 0.1353 -0.1526
vn -0.1549 -0.0005 0.9879
vn -0.2022 0.9788 -0.0318
vn -0.1548 -0.0007 0.9880
vn -0.1555 -0.0005 0.9878
vn -0.1562 -0.0014 0.9877
vn -0.1554 0.0004 0.9878
vn -0.1555 0.0006 0.9878
vn -0.9060 -0.3986 -0.1423
vn 0.0652 -0.9978 0.0102
vn 0.2210 -0.9747 0.0347
vn -0.5423 0.0397 -0.8392
vn -0.5412 -0.0234 -0.8405
vn -0.5406 -0.0258 -0.8409
vn 0.0796 0.6457 -0.7594
vn 0.1162 0.6389 -0.7604
vn 0.0798 0.6455 -0.7596
vn -0.0395 0.9992 -0.0062
vn -0.7272 -0.2514 0.6387
vn -0.7891 -0.0824 0.6087
vn -0.7143 -0.2763 0.6429
vn -0.1555 0.0008 0.9878
vn -0.4587 0.5885 0.6657
vn -0.2841 0.7206 0.6324
vn -0.5046 0.5466 0.6683
vn -0.7088 0.2801 0.6474
vn -0.6963 0.3030 0.6507
vn 0.4755 -0.2859 0.8319
vn 0.2806 -0.5486 0.7876
vn 0.4651 -0.3055 0.8309
vn 0.2376 -0.5909 0.7710
vn 0.0883 -0.7193 0.6891
vn -0.5446 -0.5094 0.6663
vn -0.3241 -0.6995 0.6369
vn -0.5104 -0.5445 0.6656
vn 0.3390 0.4742 0.8125
vn 0.5054 0.2033 0.8386
vn 0.3617 0.4431 0.8203
vn 0.1640 0.6684 0.7255
vn -0.1567 -0.0017 0.9877
vn -0.1566 -0.0019 0.9877
vn -0.1567 -0.0017 0.9876
vn -0.1542 -0.0016 0.9880
vn -0.1543 -0.0015 0.9880
vn -0.1563 -0.0014 0.9877
vn -0.1537 -0.0017 0.9881
vn -0.1539 -0.0019 0.9881
vn -0.1254 0.3326 0.9347
vn -0.1482 0.3098 0.9392
vn -0.1371 0.3206 0.9372
vn 0.2045 -0.6088 0.7665
vn 0.2778 -0.5241 0.8051
vn 0.5091 -0.1397 0.8493
vn -0.4699 0.6763 0.5672
vn -0.7353 0.3272 0.5936
vn -0.5969 -0.5509 0.5833
vn -0.3619 -0.6888 0.6281
vn -0.3478 -0.6976 0.6264
vn -0.6049 -0.5438 0.5816
vn 0.1453 0.8117 0.5657
vn 0.4041 0.6694 0.6234
vn 0.5901 0.4375 0.6785
vn -0.8132 0.0983 0.5736
vn -0.8132 0.0948 0.5741
vn 0.9876 -0.1538 0.0305
vn 0.9878 -0.1515 0.0351
vn 0.6905 -0.0028 -0.7233
vn 0.6819 0.0721 -0.7279
vn 0.6807 0.0731 -0.7289
vn 0.2644 -0.5728 -0.7758
vn 0.3944 -0.4635 -0.7935
vn 0.4302 -0.4318 -0.7928
vn 0.6171 0.2067 -0.7593
vn 0.4661 0.4108 -0.7835
vn 0.6080 0.2244 -0.7615
vn 0.4376 0.4371 -0.7858
vn 0.2939 0.5633 -0.7723
vn -0.1773 0.4982 -0.8488
vn -0.3861 0.2897 -0.8758
vn -0.1990 0.4791 -0.8549
vn -0.4505 -0.2001 -0.8701
vn -0.2800 -0.4131 -0.8666
vn -0.2864 -0.4063 -0.8677
vn -0.0283 0.6045 -0.7961
vn -0.1287 -0.9620 0.2408
vn -0.1920 -0.8630 0.4673
vn -0.0166 0.8381 0.5452
vn -0.5279 0.1057 -0.8427
vn -0.4191 0.2527 -0.8720
vn -0.5283 0.1056 -0.8424
vn 0.0837 0.7391 0.6684
vn -0.0256 0.7972 0.6032
vn -0.0251 0.7971 0.6034
vn -0.2454 -0.7504 0.6137
vn -0.1409 -0.7915 0.5947
vn -0.1418 -0.7914 0.5946
vn -0.0607 -0.9981 -0.0096
vn 0.0849 0.9963 0.0134
vn 0.5691 0.0234 0.8220
vn 0.5207 0.1718 0.8363
vn 0.5690 0.0241 0.8220
vn 0.1692 0.6434 -0.7466
vn 0.1348 0.6385 -0.7577
vn 0.1739 0.6429 -0.7459
vn -0.0449 -0.7904 0.6110
vn 0.0313 -0.7597 0.6495
vn -0.0441 -0.7902 0.6112
vn -0.2137 0.7623 0.6109
vn -0.1253 0.7939 0.5950
vn -0.7870 0.0890 0.6105
vn -0.7867 0.0933 0.6103
vn -0.9804 -0.1231 -0.1540
vn -0.9792 0.1322 -0.1539
vn -0.9792 0.1322 -0.1538
vn 0.6802 -0.0773 -0.7290
vn 0.6911 -0.0027 -0.7227
vn -0.8237 -0.0024 0.5671
vn -0.8418 -0.0858 0.5329
vn -0.8222 0.0092 0.5692
vn -0.7906 0.0029 0.6124
vn -0.7888 -0.0872 0.6084
vn -0.7905 0.0032 0.6124
vn -0.9879 0.0045 -0.1551
vn -0.9804 -0.1229 -0.1540
vn -0.9880 0.0057 -0.1545
vn -0.9789 0.1355 -0.1526
vn -0.9804 -0.1237 -0.1535
vn -0.9880 0.0053 -0.1545
vn -0.9043 -0.4025 -0.1422
vn -0.9803 -0.1243 -0.1534
vn -0.0770 0.7918 0.6059
vn -0.0765 0.7916 0.6062
vn 0.0227 0.9997 0.0036
vn -0.1552 -0.0010 0.9879
vn -0.0670 0.8344 0.5470
vn -0.0239 0.9579 0.2862
vn 0.0215 0.9998 0.0034
vn 0.1319 0.6386 -0.7581
vn 0.0946 0.6430 -0.7600
vn 0.1463 -0.6381 -0.7559
vn 0.2118 -0.6079 -0.7652
vn -0.0374 0.9993 -0.0064
vn -0.0938 -0.7882 0.6083
vn -0.0938 -0.7880 0.6084
vn 0.0022 -1.0000 0.0003
vn 0.0022 -1.0000 0.0002
vn -0.0519 -0.9848 0.1655
vn -0.1085 -0.9378 0.3297
vn 0.0614 -0.9981 0.0019
vn -0.0017 -1.0000 0.0011
vn 0.1191 0.6387 -0.7602
vn 0.1529 0.6397 -0.7532
vn 0.0081 0.6245 -0.7810
vn 0.6067 0.2987 0.7366
vn 0.6035 0.2972 0.7399
vn 0.5615 -0.1033 0.8210
vn 0.5612 -0.1064 0.8208
vn 0.5218 -0.1105 0.8459
vn 0.5736 0.1600 0.8034
vn 0.9873 0.0344 0.1550
vn 0.9873 0.0342 0.1550
vn 0.9972 -0.0644 0.0385
vn 0.9973 -0.0575 0.0453
vn 0.9862 -0.0588 0.1548
vn 0.9862 -0.0589 0.1548
vn -0.1554 0.0001 0.9879
vn -0.1555 -0.0007 0.9878
vn 0.5661 -0.0413 0.8233
vn 0.5661 -0.0397 0.8234
vn 0.5728 0.2382 0.7843
vn 0.5715 0.2332 0.7867
vn 0.5726 0.1663 0.8028
vn -0.5417 0.0411 -0.8396
vn -0.4769 -0.1596 -0.8643
vn -0.0898 -0.5744 -0.8136
vn 0.9795 0.1301 0.1541
vn 0.8984 0.4157 0.1417
vn 0.9795 0.1300 0.1541
vn 0.6006 0.7938 0.0953
vn 0.2401 0.9700 0.0388
vn 0.6008 0.7937 0.0953
vn -0.0213 -0.9998 -0.0045
vn 0.0371 -0.9993 0.0047
vn -0.0023 1.0000 0.0007
vn -0.0616 0.9981 -0.0086
vn 0.8765 -0.4614 0.1373
vn 0.9782 -0.1399 0.1536
vn 0.8763 -0.4617 0.1372
vn -0.8746 0.4652 -0.1369
vn -0.9753 0.1594 -0.1531
vn -0.9428 -0.2986 -0.1485
vn -0.6958 -0.7098 -0.1102
vn -0.6956 -0.7100 -0.1101
vn 0.1917 -0.9810 0.0290
vn 0.0569 0.9983 0.0101
vn -0.9872 -0.0362 -0.1552
vn -0.9429 -0.2982 -0.1485
vn -0.3043 -0.9513 -0.0489
vn -0.3044 -0.9513 -0.0489
vn 0.9879 -0.0048 0.1553
vn 0.9879 -0.0049 0.1553
vn -0.0796 -0.9967 -0.0136
vn 0.5314 -0.8431 0.0826
vn -0.0617 0.9981 -0.0086
vn -0.2097 0.9772 -0.0319
vn 0.9782 -0.1398 0.1536
vn -0.9860 0.0621 -0.1549
vn -0.9872 -0.0361 -0.1552
vn 0.5315 -0.8430 0.0826
vn 0.0570 0.9983 0.0101
vn -0.5349 0.8408 -0.0831
vn -0.8745 0.4653 -0.1369
vn -0.9860 0.0622 -0.1549
vn -0.5347 0.8409 -0.0831
vn 0.8983 0.4160 0.1417
vn 0.4956 0.3765 -0.7827
vn 0.3381 0.5359 -0.7736
vn 0.5121 0.3555 -0.7819
vn 0.6917 0.0202 -0.7219
vn 0.6474 0.1404 -0.7492
vn 0.6341 0.1651 -0.7554
vn 0.6831 -0.0871 -0.7251
vn 0.6920 -0.0346 -0.7211
vn 0.6925 -0.0332 -0.7207
vn 0.1635 -0.6376 -0.7528
vn 0.2286 -0.6093 -0.7593
vn 0.2785 -0.5750 -0.7693
vn 0.1191 -0.6379 -0.7609
vn 0.1221 -0.6376 -0.7606
vn 0.0209 0.6169 -0.7868
vn -0.0178 0.5957 -0.8030
vn 0.1416 -0.6387 -0.7563
vn 0.1063 -0.6400 -0.7610
vn 0.1034 -0.6403 -0.7611
vn -0.5254 -0.0834 -0.8467
vn -0.4433 -0.2255 -0.8675
vn -0.4162 -0.2594 -0.8715
vn -0.5394 0.0032 -0.8420
vn -0.5247 0.0863 -0.8469
vn -0.5402 0.0030 -0.8415
vn 0.6039 -0.2235 -0.7651
vn 0.6832 -0.0879 -0.7249
vn 0.4055 -0.4652 -0.7869
vn 0.4402 -0.4333 -0.7864
vn 0.5917 -0.2440 -0.7684
vn -0.2269 -0.4608 -0.8580
vn -0.0512 -0.5894 -0.8063
vn -0.2389 -0.4493 -0.8608
vn -0.1746 0.4852 -0.8568
vn -0.3830 0.2812 -0.8799
vn -0.1940 0.4683 -0.8620
vn -0.5272 -0.0804 -0.8460
vn 0.1592 -0.6380 -0.7534
vn 0.6920 0.0187 -0.7217
vn 0.2702 0.5890 -0.7616
vn 0.1570 0.6394 -0.7527
vn 0.2359 0.6028 -0.7622
vn -0.4197 0.2400 -0.8754
vn -0.5228 0.0896 -0.8478
vn -0.0102 0.8097 -0.5868
vn -0.0102 0.7490 -0.6625
vn -0.0568 0.1687 -0.9840
vn -0.1903 0.1659 -0.9676
vn -0.1917 0.1640 -0.9677
vn -0.4899 0.1436 -0.8599
vn -0.4943 0.1354 -0.8587
vn -0.1228 -0.5851 -0.8016
vn -0.0347 -0.5879 -0.8082
vn -0.1013 -0.5242 -0.8455
vn -0.9897 -0.0641 -0.1284
vn -0.9949 -0.0573 -0.0830
vn -0.9888 -0.0651 -0.1341
vn -0.7230 0.0857 -0.6856
vn -0.8173 0.3318 -0.4712
vn -0.8567 0.0560 -0.5127
vn -0.8779 0.3869 -0.2821
vn -0.9555 0.0684 -0.2870
vn -0.6799 0.4376 -0.5885
vn -0.9478 -0.2827 -0.1477
vn -0.9613 -0.2554 -0.1031
vn -0.9479 -0.2837 -0.1447
vn -0.8554 -0.0601 -0.5145
vn -0.9511 -0.0635 -0.3023
vn -0.8640 -0.0635 -0.4995
vn -0.1485 0.6635 -0.7333
vn -0.0219 0.7813 -0.6238
vn -0.0332 0.6816 -0.7309
vn -0.0292 -0.7400 -0.6719
vn -0.0217 -0.5729 -0.8193
vn -0.0179 -0.7386 -0.6739
vn -0.7251 -0.0880 -0.6830
vn -0.7395 -0.1012 -0.6655
vn -0.8658 0.4868 -0.1156
vn -0.8751 0.4787 -0.0711
vn -0.9091 0.3988 -0.1208
vn -0.0432 -0.1644 -0.9854
vn -0.1923 -0.1611 -0.9680
vn -0.0448 -0.1651 -0.9853
vn -0.6104 0.7877 -0.0831
vn -0.6745 0.7365 -0.0502
vn -0.6107 0.7876 -0.0818
vn -0.8388 0.4745 -0.2672
vn -0.3311 0.8070 -0.4890
vn -0.6276 0.5484 -0.5526
vn -0.4920 -0.1350 -0.8601
vn -0.4905 -0.1402 -0.8601
vn -0.7843 0.4202 -0.4565
vn -0.1119 0.8511 -0.5130
vn -0.3981 0.6227 -0.6736
vn -0.3468 -0.9323 -0.1024
vn -0.0025 -0.9982 -0.0597
vn -0.4201 -0.9027 -0.0926
vn -0.6405 -0.6305 -0.4385
vn -0.7801 -0.5628 -0.2736
vn -0.7224 -0.4998 -0.4779
vn -0.0747 -0.8773 -0.4741
vn -0.1239 -0.7398 -0.6613
vn -0.4318 -0.7785 -0.4555
vn -0.5336 -0.6485 -0.5428
vn -0.2401 -0.8617 -0.4470
vn -0.3367 -0.7207 -0.6060
vn 0.0088 -0.9995 -0.0294
vn 0.1836 -0.9621 -0.2019
vn 0.2312 -0.9728 -0.0108
vn -0.1274 -0.9437 -0.3054
vn -0.0874 -0.9837 -0.1573
vn -0.2150 -0.9331 -0.2884
vn -0.2695 -0.9212 -0.2807
vn -0.3300 -0.9235 -0.1956
vn -0.1339 -0.5875 -0.7980
vn -0.3352 -0.5728 -0.7480
vn -0.1369 -0.5888 -0.7966
vn -0.0205 -0.8704 -0.4920
vn -0.0132 -0.8685 -0.4955
vn -0.0261 -0.1652 -0.9859
vn -0.0158 0.7634 -0.6458
vn -0.0193 0.6827 -0.7305
vn -0.0191 -0.1652 -0.9861
vn -0.0192 -0.1652 -0.9861
vn -0.0232 0.9280 -0.3718
vn -0.1163 0.7653 -0.6331
vn -0.0792 0.9237 -0.3748
vn -0.3148 0.7551 -0.5751
vn -0.3229 0.7544 -0.5715
vn -0.4783 0.7388 -0.4748
vn -0.4876 0.7335 -0.4736
vn -0.6238 0.6693 -0.4036
vn -0.3725 0.8925 -0.2543
vn -0.5630 0.8049 -0.1874
vn -0.3153 0.9435 -0.1018
vn 0.3603 0.1638 0.9183
vn 0.3585 0.1592 0.9199
vn 0.6373 0.0205 0.7704
vn -0.0174 0.4484 -0.8937
vn -0.0142 0.6819 -0.7313
vn -0.4393 0.4125 -0.7980
vn -0.6892 0.3425 -0.6385
vn -0.8380 0.2494 -0.4854
vn -0.9138 0.2888 -0.2855
vn -0.6084 -0.7817 -0.1370
vn -0.6427 -0.7590 -0.1045
vn -0.1706 0.4457 -0.8788
vn -0.0405 0.4508 -0.8917
vn -0.3889 -0.5701 -0.7237
vn -0.1583 -0.5867 -0.7942
vn -0.6103 -0.4883 -0.6238
vn -0.7852 -0.3561 -0.5067
vn -0.8650 -0.4117 -0.2867
vn -0.8049 -0.5757 -0.1438
vn -0.9136 -0.3940 -0.1008
vn -0.8960 -0.4197 -0.1454
vn -0.0362 -0.5753 -0.8171
vn -0.0092 -0.8799 -0.4751
vn -0.0049 -0.9680 -0.2509
vn -0.0157 -0.5900 -0.8073
vn 0.0098 -0.7801 0.6256
vn 0.0107 -0.5338 0.8456
vn -0.1908 -0.1591 -0.9687
vn -0.3466 -0.5652 -0.7486
vn -0.5259 -0.5245 -0.6695
vn 0.9586 0.2453 0.1444
vn 0.9760 0.0718 0.2055
vn 0.9073 0.3601 0.2172
vn -0.5337 -0.5105 -0.6742
vn -0.7094 -0.4487 -0.5435
vn -0.0303 -0.9561 -0.2915
vn -0.0104 -0.9676 -0.2522
vn -0.7608 -0.3884 -0.5199
vn -0.9045 -0.2914 -0.3112
vn -0.0236 0.4497 -0.8929
vn -0.0361 -0.5878 -0.8082
vn -0.0816 -0.8851 -0.4582
vn -0.1864 -0.8885 -0.4193
vn -0.2820 -0.8814 -0.3789
vn -0.3492 -0.8705 -0.3470
vn -0.5218 -0.8045 -0.2836
vn -0.7156 -0.6906 -0.1052
vn -0.8337 -0.5423 -0.1045
vn -0.0212 -0.8799 -0.4747
vn -0.0159 -0.5707 -0.8210
vn -0.0131 -0.7369 -0.6759
vn -0.0002 -0.9999 -0.0107
vn -0.0148 0.9996 -0.0226
vn -0.0203 0.9990 -0.0399
vn -0.9478 0.2943 -0.1228
vn -0.8989 0.4321 -0.0726
vn 0.1721 -0.5081 0.8439
vn 0.2128 -0.7474 0.6294
vn 0.1998 -0.5160 0.8329
vn -0.0176 0.6416 -0.7668
vn 0.3127 -0.1143 0.9429
vn 0.1026 -0.0981 0.9899
vn 0.1110 -0.0581 0.9921
vn -0.0032 0.9994 -0.0338
vn 0.8976 0.4143 0.1507
vn 0.7632 0.1024 0.6381
vn 0.7654 0.1376 0.6286
vn 0.7662 0.2416 0.5955
vn 0.0890 0.7130 0.6955
vn 0.0859 0.6911 0.7176
vn 0.0852 0.6861 0.7225
vn 0.8513 0.4424 0.2822
vn 0.0316 -0.2105 0.9771
vn 0.0031 -0.2206 0.9754
vn 0.5421 -0.7523 0.3744
vn 0.1612 -0.7728 0.6138
vn -0.0097 -0.8677 -0.4970
vn -0.0200 -0.5716 -0.8203
vn -0.0165 -0.7379 -0.6748
vn -0.0240 -0.1652 -0.9860
vn 0.3241 -0.4757 0.8177
vn -0.0678 -0.8777 -0.4745
vn -0.1919 -0.9609 -0.1995
vn -0.0121 -0.8681 -0.4963
vn -0.0218 0.4490 -0.8933
vn -0.0178 0.6826 -0.7306
vn -0.0137 0.7916 -0.6109
vn 0.0748 -0.8769 -0.4749
vn -0.1555 -0.9487 -0.2752
vn 0.1408 -0.9507 -0.2762
vn 0.0544 -0.5293 -0.8467
vn 0.0816 -0.5879 -0.8048
vn -0.0147 0.7081 -0.7060
vn -0.1805 -0.7611 0.6230
vn 0.0414 -0.8786 -0.4758
vn 0.2629 -0.9263 -0.2697
vn -0.1677 -0.5344 0.8284
vn -0.0075 -0.2288 0.9734
vn -0.1997 -0.9799 -0.0033
vn 0.2045 -0.9789 -0.0033
vn -0.2392 -0.9709 -0.0106
vn -0.0230 -0.8706 0.4914
vn -0.0205 -0.7387 0.6737
vn -0.0321 -0.7406 0.6711
vn -0.0568 0.1687 0.9840
vn -0.1903 0.1659 0.9676
vn -0.1917 0.1640 0.9677
vn -0.4899 0.1436 0.8599
vn -0.0153 -0.1652 0.9861
vn -0.9903 -0.0658 0.1220
vn -0.9851 -0.0697 0.1572
vn -0.9838 -0.0704 0.1646
vn -0.7230 0.0857 0.6856
vn -0.8173 0.3318 0.4712
vn -0.6799 0.4376 0.5885
vn -0.8567 0.0560 0.5127
vn -0.8755 0.3857 0.2910
vn -0.4943 0.1354 0.8587
vn -0.9546 -0.2580 0.1492
vn -0.9452 -0.2709 0.1821
vn -0.9450 -0.2717 0.1820
vn -0.9480 -0.0667 0.3114
vn -0.8546 -0.0611 0.5157
vn -0.8640 -0.0635 0.4995
vn -0.0259 0.7809 0.6242
vn -0.1485 0.6635 0.7333
vn -0.0365 0.6820 0.7305
vn -0.0139 0.4484 0.8937
vn -0.0000 0.4472 0.8944
vn -0.7251 -0.0880 0.6830
vn -0.7395 -0.1012 0.6655
vn -0.8766 0.4692 0.1074
vn -0.8683 0.4748 0.1433
vn -0.9055 0.3971 0.1495
vn -0.1922 -0.1611 0.9680
vn -0.0476 -0.1644 0.9852
vn -0.0492 -0.1651 0.9851
vn -0.6322 0.7679 0.1033
vn -0.6810 0.7280 0.0786
vn -0.6821 0.7270 0.0786
vn -0.8362 0.4737 0.2765
vn -0.7843 0.4202 0.4565
vn -0.3311 0.8070 0.4890
vn -0.6276 0.5485 0.5526
vn -0.3981 0.6228 0.6735
vn -0.4920 -0.1350 0.8600
vn -0.4905 -0.1402 0.8601
vn -0.1120 0.8511 0.5130
vn -0.3510 -0.9254 0.1433
vn -0.0182 -0.9957 0.0911
vn -0.0451 -0.9943 0.0964
vn -0.7317 -0.5009 0.4624
vn -0.6630 -0.7043 0.2537
vn -0.6614 -0.6234 0.4169
vn -0.0747 -0.8773 0.4741
vn -0.0116 -0.9678 0.2513
vn -0.0144 -0.8794 0.4759
vn -0.0231 -0.8801 0.4743
vn -0.4318 -0.7785 0.4555
vn -0.5336 -0.6485 0.5428
vn -0.2401 -0.8617 0.4470
vn -0.3367 -0.7207 0.6060
vn 0.0062 -0.2231 -0.9748
vn 0.0144 -0.5205 -0.8537
vn 0.0095 -0.2010 -0.9795
vn -0.1019 -0.9671 0.2329
vn -0.1551 -0.9669 0.2026
vn -0.0097 -0.9998 0.0147
vn -0.2341 -0.9574 0.1691
vn -0.3365 -0.9252 0.1754
vn -0.3352 -0.5728 0.7481
vn -0.1339 -0.5875 0.7980
vn -0.1369 -0.5888 0.7966
vn -0.0076 -0.9677 0.2519
vn -0.0017 -1.0000 0.0088
vn -0.0003 -0.9999 0.0112
vn -0.0105 -0.7372 0.6756
vn -0.0077 -0.8679 0.4966
vn -0.1239 -0.7398 0.6613
vn 0.0104 -0.5316 -0.8469
vn 0.1588 -0.5128 -0.8437
vn 0.0184 -0.1794 -0.9836
vn 0.0213 -0.5050 -0.8629
vn -0.0081 0.8091 0.5877
vn -0.0082 0.7479 0.6638
vn -0.0039 -0.9680 0.2510
vn -0.0211 0.6298 0.7765
vn -0.0257 0.5750 0.8178
vn -0.0232 0.9280 0.3718
vn -0.1163 0.7653 0.6331
vn -0.0371 0.7584 0.6507
vn -0.0792 0.9237 0.3748
vn -0.3149 0.7551 0.5751
vn -0.3229 0.7544 0.5715
vn -0.4783 0.7388 0.4748
vn -0.4876 0.7334 0.4737
vn -0.6238 0.6693 0.4037
vn -0.3725 0.8925 0.2543
vn -0.5610 0.8044 0.1956
vn 0.6338 0.0333 -0.7728
vn 0.4012 0.1677 -0.9005
vn -0.0249 -0.5736 0.8188
vn -0.4393 0.4125 0.7980
vn -0.1706 0.4458 0.8788
vn -0.6892 0.3425 0.6385
vn -0.8380 0.2494 0.4854
vn -0.9109 0.2876 0.2959
vn -0.6137 -0.7693 0.1775
vn -0.4468 -0.8838 0.1388
vn -0.3890 -0.5700 0.7237
vn -0.1583 -0.5866 0.7942
vn -0.6103 -0.4883 0.6238
vn -0.7930 -0.3554 0.4947
vn -0.7814 -0.5591 0.2771
vn -0.8083 -0.5590 0.1846
vn -0.9082 -0.3916 0.1479
vn -0.8302 -0.5359 0.1535
vn -0.0395 -0.5756 0.8168
vn -0.0299 -0.1652 0.9858
vn -0.0186 0.7586 0.6513
vn -0.0247 -0.5892 0.8076
vn -0.0385 -0.5877 0.8082
vn -0.0395 -0.5876 0.8082
vn -0.0222 0.6821 0.7309
vn -0.0445 0.4507 0.8916
vn -0.0270 0.4495 0.8929
vn -0.1908 -0.1591 0.9687
vn -0.5259 -0.5245 0.6695
vn -0.3467 -0.5652 0.7486
vn 0.8938 0.3217 -0.3123
vn 0.9468 0.0764 -0.3127
vn 0.9597 0.1009 -0.2623
vn -0.7204 -0.4437 0.5330
vn -0.5337 -0.5105 0.6742
vn -0.0392 -0.9665 0.2535
vn -0.9058 -0.2874 0.3113
vn -0.7674 -0.3892 0.5096
vn -0.0127 -0.5712 0.8207
vn -0.0816 -0.8851 0.4582
vn -0.2820 -0.8814 0.3789
vn -0.1864 -0.8885 0.4193
vn -0.3871 -0.8652 0.3187
vn -0.5434 -0.8026 0.2460
vn -0.7166 -0.6800 0.1550
vn -0.6922 -0.6973 0.1860
vn -0.0073 -0.8801 0.4748
vn -0.0114 0.6818 0.7314
vn -0.0141 0.9997 0.0189
vn -0.0203 0.9990 0.0398
vn -0.9478 0.2805 0.1513
vn -0.9023 0.4170 0.1096
vn -0.9552 0.2721 0.1161
vn -0.0152 -0.7382 0.6744
vn -0.0185 -0.5723 0.8199
vn -0.0222 -0.1652 0.9860
vn -0.0107 -0.8798 0.4753
vn -0.0056 -0.9681 0.2505
vn -0.0112 -0.8683 0.4959
vn -0.0151 -0.8688 0.4949
vn -0.0164 0.6824 0.7307
vn -0.0201 0.4488 0.8934
vn -0.0127 0.7896 0.6134
vn -0.0126 -0.5899 0.8074
vn -0.0182 -0.5897 0.8074
vn -0.0246 -0.5893 0.8075
vn -0.0137 0.7038 0.7103
vn -0.0125 -0.5899 0.8074
vn 0.1107 -0.0596 -0.9921
vn 0.1063 -0.0984 -0.9894
vn 0.3063 -0.1161 -0.9448
vn -0.0002 -0.9999 0.0107
vn -0.0032 0.9994 0.0338
vn 0.8676 0.4110 -0.2800
vn 0.7733 0.5619 -0.2936
vn 0.7654 0.1376 -0.6286
vn 0.7632 0.1024 -0.6381
vn 0.7662 0.2415 -0.5955
vn 0.0890 0.7130 -0.6955
vn 0.0859 0.6911 -0.7176
vn 0.0894 0.7153 -0.6930
vn 0.7734 -0.6172 -0.1447
vn 0.8054 -0.5802 -0.1209
vn 0.7733 -0.6165 -0.1481
vn 0.0178 -0.7647 -0.6441
vn 0.0125 -0.7739 -0.6332
vn 0.1328 -0.7708 -0.6231
vn 0.0078 -0.7802 -0.6254
vn 0.5261 -0.7558 -0.3899
vn 0.4876 -0.7627 -0.4249
vn 0.0721 0.9971 0.0236
vn 0.4447 0.8952 0.0284
vn 0.0456 0.9988 0.0197
vn 0.7618 -0.6364 0.1213
vn 0.7962 -0.6022 0.0587
vn 0.7964 -0.6019 0.0587
vn 0.5098 -0.7592 0.4047
vn -0.0365 -0.9972 -0.0647
vn 0.7513 0.6252 0.2113
vn -0.9541 -0.0684 -0.2917
vn -0.9888 0.0799 -0.1262
vn -0.6819 -0.7174 -0.1426
vn -0.6596 0.1066 0.7440
vn -0.5655 0.2802 0.7757
vn -0.6123 0.2008 0.7647
vn -0.4470 0.4570 0.7690
vn -0.3793 0.5347 0.7552
vn -0.4019 0.5170 0.7558
vn -0.5433 0.2841 0.7900
vn -0.5561 0.2333 0.7977
vn -0.5869 -0.0870 0.8050
vn -0.4419 -0.4038 0.8010
vn -0.4502 -0.3897 0.8034
vn -0.5933 -0.0585 0.8029
vn -0.3474 0.5760 0.7399
vn -0.4802 -0.3170 0.8179
vn -0.4737 -0.3276 0.8175
vn -0.2802 -0.5786 0.7660
vn -0.0471 -0.6614 0.7486
vn -0.2789 -0.5453 0.7904
vn -0.5983 -0.0929 0.7959
vn 0.7579 0.2529 0.6013
vn 0.4934 0.3721 0.7862
vn 0.5917 0.2295 0.7728
vn 0.5769 -0.3900 0.7177
vn 0.4447 -0.2448 0.8616
vn 0.7945 -0.0164 0.6070
vn 0.5009 0.6526 0.5685
vn 0.5127 0.6648 0.5433
vn 0.0543 -0.6792 0.7320
vn -0.9879 0.1337 -0.0789
vn 0.1910 0.9796 -0.0630
vn 0.5456 0.8356 -0.0633
vn 0.6036 0.7953 -0.0574
vn -0.1989 0.7013 -0.6846
vn -0.3607 0.5732 -0.7358
vn -0.1977 0.7022 -0.6839
vn -0.4580 0.4750 -0.7514
vn -0.4849 0.4546 -0.7471
vn -0.4332 0.5217 -0.7350
vn -0.5826 0.2910 -0.7589
vn -0.3640 0.5866 -0.7235
vn -0.6224 -0.0982 -0.7765
vn -0.4760 -0.4239 -0.7706
vn -0.6268 -0.0617 -0.7767
vn -0.6005 0.2358 -0.7641
vn -0.3994 0.5465 -0.7361
vn -0.4914 -0.4041 -0.7715
vn -0.5186 -0.3340 -0.7871
vn -0.4604 -0.3917 -0.7966
vn -0.0332 -0.6352 -0.7717
vn 0.1334 -0.6362 -0.7599
vn -0.4861 -0.3567 -0.7978
vn 0.5902 0.2094 -0.7796
vn 0.6476 0.4049 -0.6455
vn 0.7173 0.2374 -0.6550
vn 0.6184 -0.3552 -0.7010
vn 0.7582 0.0093 -0.6519
vn 0.5517 0.3272 -0.7672
vn 0.5931 0.5394 -0.5978
vn 0.4904 -0.2381 -0.8383
vn -0.9859 0.1210 0.1155
vn -0.9834 0.0906 0.1574
vn -0.3077 0.9462 0.1001
vn 0.1373 0.9893 -0.0485
vn 0.8312 0.4394 -0.3406
vn 0.6399 0.7194 -0.2700
vn 0.9290 0.2448 -0.2776
vn 0.9683 0.1185 -0.2197
vn -0.8637 -0.4121 0.2900
vn -0.6306 0.7684 0.1091
vn -0.8965 -0.2563 0.3613
vn -0.9508 -0.0732 0.3010
vn -0.2785 -0.9222 -0.2684
vn 0.1341 -0.4941 0.8590
vn -0.1035 -0.5079 0.8552
vn -0.4305 -0.9026 -0.0042
vn 0.0065 -0.3436 -0.9391
vn -0.3705 -0.7186 0.5885
vn -0.2012 -0.4925 -0.8467
vn 0.4311 -0.9023 -0.0042
vn 0.1890 -0.7516 0.6320
vn -0.1688 -0.7624 0.6247
vn -0.2931 -0.4945 0.8182
vn 0.3920 -0.7038 0.5925
vn 0.1550 -0.5000 -0.8520
vn -0.0524 -0.3309 -0.9422
vn 0.1611 -0.8683 -0.4692
vn -0.1848 -0.8649 -0.4667
vn -0.9565 0.2911 0.0163
vn -0.9561 0.2926 0.0164
vn -0.9565 0.2913 0.0166
vn -0.6428 0.3504 -0.6813
vn -0.7268 0.0625 -0.6840
vn -0.7274 0.0606 -0.6836
vn -0.9594 0.2820 0.0086
vn -0.9541 0.2994 0.0078
vn -0.9543 0.2988 0.0091
vn -0.9576 0.2879 0.0127
vn -0.9587 0.2844 0.0085
vn -0.9575 0.2882 0.0131
vn -0.9544 0.2983 0.0081
vn -0.9553 0.2955 0.0114
vn -0.9554 0.2952 0.0118
vn -0.0546 -0.1843 -0.9814
vn 0.0658 0.1814 -0.9812
vn -0.0565 -0.1901 -0.9801
vn -0.9551 0.2959 0.0126
vn -0.9552 0.2957 0.0129
vn -0.9563 0.2919 0.0151
vn 0.3077 0.9311 -0.1959
vn -0.0633 0.9778 0.1998
vn 0.3055 0.9320 0.1952
vn -0.6255 -0.7541 0.1999
vn -0.3058 -0.9328 -0.1908
vn -0.3075 -0.9307 0.1982
vn -0.9577 0.2875 0.0151
vn -0.9586 0.2844 0.0118
vn -0.9586 0.2846 0.0121
vn -0.9542 0.2990 0.0068
vn 0.2869 0.8789 0.3811
vn -0.1145 -0.3654 -0.9238
vn -0.1145 -0.3655 -0.9238
vn -0.2908 -0.8762 0.3845
vn -0.9560 0.2930 0.0159
vn -0.0648 0.9777 -0.1996
vn 0.2908 0.8762 -0.3843
vn 0.0545 0.1841 0.9814
vn -0.0657 -0.1810 0.9813
vn -0.0673 -0.1859 0.9803
vn 0.1145 0.3654 0.9238
vn 0.0565 0.1902 0.9801
vn -0.6285 -0.7537 -0.1923
vn -0.2870 -0.8790 -0.3808
vn -0.1248 -0.3617 0.9239
vn 0.0671 0.1855 -0.9804
vn 0.1248 0.3616 -0.9239
vn 0.0658 0.2075 -0.9760
vn 0.1204 0.4022 -0.9076
vn -0.2576 -0.9011 0.3488
vn -0.2691 -0.9462 0.1798
vn -0.0516 -0.2071 -0.9769
vn 0.0643 0.2023 -0.9772
vn -0.9564 0.2920 0.0067
vn -0.9562 0.2925 0.0076
vn -0.9565 0.2916 0.0069
vn -0.7024 0.1042 0.7041
vn -0.6359 0.3582 0.6836
vn -0.6391 0.3066 0.7054
vn 0.2670 0.9475 0.1759
vn 0.2533 0.9034 0.3460
vn 0.1085 0.4064 0.9072
vn 0.0528 0.2112 0.9760
vn 0.2693 0.9468 -0.1764
vn 0.2671 0.9479 0.1737
vn 0.2576 0.9010 -0.3490
vn 0.2691 0.9461 -0.1800
vn -0.1085 -0.4063 -0.9073
vn -0.0527 -0.2110 -0.9761
vn -0.2670 -0.9475 -0.1760
vn -0.2532 -0.9034 -0.3461
vn -0.2671 -0.9478 -0.1740
vn -0.2693 -0.9468 0.1761
vn -0.8449 -0.2654 0.4645
vn -0.7264 0.0679 0.6839
vn -0.7273 0.0649 0.6832
vn -0.8791 -0.4584 0.1310
vn -0.8792 -0.4587 0.1290
vn -0.8449 -0.2714 -0.4609
vn -0.8782 -0.4630 -0.1195
vn -0.8782 -0.4629 -0.1206
vn -0.5637 0.6860 0.4601
vn -0.4898 0.8626 0.1264
vn -0.4897 0.8628 0.1254
vn -0.6424 0.3521 0.6807
vn -0.6429 0.3502 0.6812
vn -0.5635 0.6875 -0.4581
vn -0.6420 0.3531 -0.6806
vn -0.4895 0.8639 -0.1187
vn -0.4896 0.8636 -0.1204
vn -0.0641 -0.2018 0.9773
vn 0.0516 0.2070 0.9770
vn -0.0659 -0.2080 0.9759
vn -0.1204 -0.4022 0.9076
vn -0.5827 0.6736 -0.4547
vn -0.6419 0.3637 -0.6750
vn -0.6453 0.3107 -0.6979
vn -0.4219 0.9013 -0.0989
vn -0.5773 0.6723 0.4635
vn -0.4159 0.9034 0.1043
vn -0.8678 -0.2140 -0.4485
vn -0.8720 -0.4804 -0.0944
vn -0.7409 0.0563 -0.6692
vn -0.7081 0.1082 -0.6977
vn -0.8609 -0.2188 0.4593
vn -0.7333 0.0548 0.6777
vn -0.8667 -0.4873 0.1064
vn -0.9574 0.2883 0.0160
vn 0.3051 0.9309 0.2006
vn 0.2860 0.8764 0.3875
vn -0.9584 0.2844 -0.0250
vn -0.9739 0.2250 -0.0289
vn -0.9588 0.2827 -0.0286
vn -0.0530 -0.1798 -0.9823
vn 0.0643 0.1768 -0.9821
vn -0.0575 -0.1934 -0.9794
vn 0.0532 0.1804 0.9822
vn -0.0645 -0.1776 0.9820
vn -0.0691 -0.1915 0.9791
vn 0.1142 0.3645 0.9242
vn 0.0574 0.1929 0.9795
vn -0.9715 0.2335 -0.0398
vn -0.9713 0.2344 -0.0409
vn -0.9595 0.2806 -0.0232
vn -0.9733 0.2279 -0.0269
vn -0.9601 0.2782 -0.0274
vn 0.3079 0.9319 -0.1919
vn 0.2917 0.8792 -0.3766
vn -0.0674 0.9767 -0.2039
vn -0.9708 0.2369 -0.0379
vn -0.9673 0.2487 -0.0498
vn -0.9705 0.2379 -0.0391
vn -0.9684 0.2440 -0.0509
vn -0.1142 -0.3645 -0.9242
vn -0.9608 0.2746 -0.0385
vn -0.9609 0.2739 -0.0396
vn -0.3083 -0.9332 0.1844
vn -0.6095 -0.7651 -0.2078
vn -0.3051 -0.9306 -0.2023
vn -0.9632 0.2641 -0.0497
vn -0.9639 0.2612 -0.0526
vn -0.6258 -0.7588 0.1805
vn -0.2918 -0.8794 0.3761
vn -0.9656 0.2546 -0.0531
vn -0.9651 0.2571 -0.0506
vn -0.9625 0.2686 -0.0387
vn -0.9627 0.2677 -0.0399
vn 0.1253 0.3636 -0.9231
vn 0.0694 0.1924 -0.9789
vn -0.2860 -0.8761 -0.3881
vn -0.2859 -0.8761 -0.3881
vn -0.1254 -0.3635 0.9231
vn -0.0660 -0.2083 0.9758
vn -0.2695 -0.9478 0.1704
vn -0.2667 -0.9466 -0.1811
vn -0.2666 -0.9463 -0.1830
vn 0.2665 0.9462 0.1837
vn 0.2524 0.9007 0.3535
vn 0.2667 0.9465 0.1815
vn -0.2580 -0.9027 0.3442
vn -0.2694 -0.9472 0.1740
vn -0.1078 -0.4038 -0.9085
vn -0.0523 -0.2093 -0.9764
vn -0.9678 0.2509 -0.0202
vn -0.9677 0.2512 -0.0229
vn -0.9676 0.2517 -0.0210
vn 0.0644 0.2027 -0.9771
vn -0.0513 -0.2059 -0.9772
vn 0.0657 0.2074 -0.9760
vn 0.0511 0.2052 0.9774
vn 0.1078 0.4037 0.9085
vn 0.0524 0.2099 0.9763
vn 0.2696 0.9479 -0.1698
vn 0.2694 0.9473 -0.1735
vn 0.2581 0.9029 -0.3437
vn 0.1204 0.4023 -0.9076
vn -0.2525 -0.9009 -0.3530
vn -0.6428 0.3245 -0.6940
vn -0.7217 0.0392 -0.6911
vn -0.6421 0.3267 -0.6935
vn -0.8698 -0.4821 0.1052
vn -0.8457 -0.2926 0.4464
vn -0.8698 -0.4818 0.1066
vn -0.7409 0.0341 0.6708
vn -0.7400 0.0375 0.6716
vn -0.7222 0.0374 -0.6907
vn -0.8331 -0.2876 -0.4725
vn -0.8677 -0.4769 -0.1403
vn -0.8676 -0.4772 -0.1397
vn -0.6623 0.3269 0.6741
vn -0.5852 0.6728 0.4528
vn -0.6617 0.3294 0.6736
vn -0.5084 0.8536 0.1139
vn -0.5086 0.8534 0.1147
vn -0.5706 0.6712 -0.4733
vn -0.5027 0.8535 -0.1371
vn -0.5026 0.8538 -0.1356
vn -0.5803 0.6569 -0.4813
vn -0.4220 0.8995 -0.1129
vn -0.6312 0.3269 -0.7033
vn -0.6328 0.2790 -0.7223
vn -0.6698 0.3393 0.6605
vn -0.6115 0.6556 0.4430
vn -0.6725 0.2916 0.6803
vn -0.0818 0.9763 0.2005
vn -0.4449 0.8909 0.0916
vn -0.7227 0.0217 -0.6909
vn -0.8442 -0.2520 -0.4731
vn -0.6924 0.0727 -0.7178
vn -0.8483 -0.5158 -0.1200
vn -0.8745 -0.2287 0.4277
vn -0.7613 0.0362 0.6474
vn -0.7288 0.0911 0.6786
vn -0.8675 -0.4913 0.0785
vn -0.3291 -0.9442 -0.0131
vn -0.3290 -0.9442 -0.0131
vn -0.3291 -0.9442 -0.0113
vn 0.0736 0.2113 0.9747
vn 0.1378 0.3954 0.9081
vn 0.3088 0.8861 0.3456
vn 0.3240 0.9296 0.1760
vn 0.3241 0.9300 0.1732
vn 0.3079 0.8835 0.3531
vn 0.3236 0.9285 0.1821
vn 0.3235 0.9283 0.1831
vn 0.0675 0.1936 0.9788
vn 0.0730 0.2095 0.9751
vn 0.1385 0.3973 0.9072
vn -0.9663 0.2566 -0.0198
vn -0.9663 0.2568 -0.0183
vn -0.9664 0.2563 -0.0193
vn -0.9601 0.2798 0.0027
vn -0.9593 0.2822 0.0095
vn -0.9603 0.2789 0.0045
vn 0.1385 0.3975 -0.9071
vn 0.0746 0.2142 -0.9739
vn 0.0726 0.2084 -0.9754
vn 0.1382 0.3966 -0.9075
vn 0.0689 0.1978 -0.9778
vn 0.3240 0.9298 -0.1743
vn 0.3092 0.8872 -0.3424
vn 0.3245 0.9310 -0.1670
vn 0.3084 0.8850 -0.3489
vn 0.3238 0.9292 -0.1783
vn 0.0672 0.1929 -0.9789
vn 0.3238 0.9292 -0.1781
vn -0.6413 0.3472 -0.6843
vn -0.5450 0.6997 -0.4618
vn -0.5461 0.6965 -0.4655
vn -0.4621 0.8782 -0.1234
vn -0.4620 0.8782 -0.1233
vn -0.6390 0.3429 0.6886
vn -0.5449 0.6966 0.4667
vn -0.6368 0.3491 0.6875
vn -0.4641 0.8763 0.1297
vn -0.5466 0.6914 0.4725
vn -0.4640 0.8765 0.1282
vn -0.6815 0.1971 0.7048
vn -0.6817 0.1972 0.7046
vn -0.6863 0.2002 -0.6992
vn -0.6392 0.3528 -0.6834
vn -0.8912 -0.4537 -0.0047
vn -0.8924 -0.4512 -0.0047
vn -0.8911 -0.4537 -0.0047
vn -0.4819 0.8649 -0.1406
vn -0.5588 0.6789 -0.4763
vn -0.4817 0.8656 -0.1366
vn -0.6447 0.3169 -0.6957
vn -0.6415 0.3276 -0.6936
vn -0.6549 0.3268 0.6814
vn -0.5638 0.6854 0.4608
vn -0.6520 0.3361 0.6796
vn -0.4803 0.8690 0.1193
vn -0.4803 0.8689 0.1198
vn -0.6903 0.1835 0.6998
vn -0.6767 0.1764 -0.7148
vn -0.8826 -0.4697 -0.0213
vn -0.8809 -0.4729 -0.0214
vn -0.8808 -0.4729 -0.0214
vn 0.0688 0.1974 0.9779
vn -0.5444 0.8358 -0.0705
vn -0.5706 0.5959 -0.5651
vn -0.5873 0.5920 -0.5519
vn -0.5702 0.5960 -0.5654
vn -0.9733 0.2199 0.0654
vn -0.9719 0.1094 0.2086
vn -0.9587 0.0512 0.2797
vn -0.6776 -0.7346 -0.0354
vn -0.3424 -0.9391 -0.0305
vn -0.3425 -0.9390 -0.0305
vn -0.9565 0.2901 -0.0322
vn -0.9326 0.3437 -0.1105
vn -0.8203 0.4738 -0.3204
vn -0.9528 -0.2842 -0.1068
vn -0.9528 -0.2841 -0.1068
vn -0.9203 -0.0466 0.3885
vn -0.9274 -0.0338 0.3725
vn -0.9201 -0.0469 0.3888
vn -0.6794 0.5562 -0.4787
vn -0.5988 0.5857 -0.5463
vn -0.8902 0.4059 -0.2068
vn -0.9326 0.3436 -0.1105
vn -0.5153 0.6074 -0.6046
vn -0.6793 0.5562 -0.4787
vn -0.9564 0.2901 -0.0322
vn -0.9401 -0.0009 0.3409
vn -0.9782 -0.1755 -0.1108
vn -0.6337 0.7694 -0.0802
vn -0.6337 0.7694 -0.0801
vn -0.9782 -0.1754 -0.1108
vn -0.6337 0.7695 -0.0801
vn -0.6336 0.7695 -0.0801
vn -0.4995 0.8433 0.1984
vn -0.4583 0.8863 0.0664
vn -0.4334 0.9011 0.0100
vn -0.6390 -0.7675 0.0521
vn -0.8731 -0.4874 0.0116
vn -0.3110 0.9341 -0.1751
vn 0.0506 0.9877 -0.1480
vn -0.1694 0.9351 -0.3112
vn -0.8442 -0.3194 -0.4304
vn -0.8884 -0.3786 -0.2598
vn -0.8945 -0.4070 -0.1851
vn -0.5192 0.7930 0.3188
vn -0.5191 0.7930 0.3188
vn -0.0226 0.9586 -0.2840
vn -0.1144 0.9285 -0.3533
vn -0.7419 -0.6507 0.1619
vn -0.8196 -0.5533 0.1486
vn -0.7703 -0.2701 -0.5776
vn -0.7703 -0.2702 -0.5775
vn -0.0372 0.9976 -0.0580
vn 0.3424 0.9391 0.0305
vn -0.6826 0.5143 0.5192
vn -0.6825 0.5108 0.5228
vn -0.6829 0.5162 0.5169
vn 0.1680 0.9852 0.0331
vn 0.1678 0.9835 0.0676
vn 0.1680 0.9852 0.0330
vn 0.1630 0.9542 0.2510
vn 0.1421 0.8299 0.5395
vn 0.1632 0.9554 0.2460
vn 0.1412 0.8247 0.5476
vn 0.1133 0.6599 0.7428
vn -0.9969 0.0428 -0.0654
vn -0.9909 0.0736 -0.1125
vn -0.9908 0.0739 -0.1130
vn -0.0997 -0.5797 -0.8087
vn -0.1125 -0.6548 -0.7474
vn -0.1133 -0.6599 -0.7428
vn -0.9772 0.2125 -0.0006
vn -0.9755 0.2201 -0.0006
vn -0.9699 0.2436 -0.0006
vn -0.9600 0.2799 -0.0012
vn -0.9563 0.2918 -0.0165
vn -0.9547 0.2970 -0.0162
vn 0.1680 0.9858 -0.0001
vn 0.1680 0.9857 -0.0088
vn 0.1173 0.6925 -0.7118
vn 0.0981 0.5810 -0.8080
vn 0.0976 0.5779 -0.8103
vn -0.9957 0.0922 -0.0008
vn -0.9883 0.1511 0.0229
vn -0.9961 0.0878 -0.0050
vn 0.1471 0.8663 -0.4773
vn 0.1188 0.7014 -0.7028
vn 0.1651 0.9697 -0.1799
vn 0.1487 0.8752 -0.4604
vn 0.1679 0.9852 -0.0343
vn 0.1679 0.9852 -0.0345
vn -0.6900 0.5162 -0.5074
vn -0.6904 0.5380 -0.4837
vn -0.6903 0.5456 -0.4752
vn 0.1680 0.9854 0.0263
vn 0.0909 0.5394 -0.8371
vn 0.0908 0.5390 -0.8374
vn -0.9598 0.2808 -0.0005
vn -0.9533 0.3020 -0.0004
vn -0.9601 0.2797 -0.0005
vn -0.9601 0.2798 0.0003
vn -0.1651 -0.9696 0.1803
vn -0.1679 -0.9852 0.0348
vn -0.1679 -0.9852 0.0347
vn -0.9997 0.0125 -0.0191
vn -0.9982 0.0332 -0.0507
vn -0.6893 0.5029 -0.5215
vn -0.6895 0.5062 -0.5181
vn -0.6896 0.5080 -0.5161
vn -0.9836 0.0989 -0.1511
vn -0.9821 0.1031 -0.1575
vn -0.1173 -0.6926 0.7118
vn -0.0982 -0.5810 0.8079
vn -0.1188 -0.7014 0.7028
vn -0.0011 0.0003 -1.0000
vn -0.1472 -0.8663 0.4773
vn -0.1487 -0.8752 0.4604
vn 0.0011 -0.0002 1.0000
vn -0.1680 -0.9858 0.0068
vn -0.1680 -0.9858 0.0067
vn 0.0011 -0.0003 1.0000
vn -0.9999 0.0133 -0.0103
vn -0.9998 0.0098 -0.0150
vn -0.9999 0.0059 -0.0091
vn 0.1656 0.9725 -0.1639
vn -0.9958 0.0912 -0.0079
vn -0.9541 0.2994 0.0096
vn -0.9530 0.3027 0.0105
vn -0.1677 -0.9835 -0.0678
vn -0.1631 -0.9554 -0.2460
vn -0.1629 -0.9542 -0.2510
vn -0.1421 -0.8299 -0.5395
vn -0.1412 -0.8248 -0.5476
vn -0.0011 0.0002 -1.0000
vn -0.6830 0.5730 0.4529
vn -0.6831 0.5376 0.4943
vn -0.6829 0.5835 0.4395
vn -0.1680 -0.9853 -0.0304
vn -0.1677 -0.9835 -0.0676
vn -0.9768 0.1965 0.0848
vn -0.9756 0.2003 0.0900
vn -0.9755 0.2007 0.0905
vn -0.9787 0.1124 -0.1717
vn -0.9792 0.1112 -0.1698
vn -0.9849 0.1674 0.0436
vn -0.9780 0.1928 0.0792
vn -0.1681 -0.9858 -0.0040
vn -0.9963 0.0858 -0.0081
vn -0.1680 -0.9856 -0.0210
vn -0.1680 -0.9853 -0.0303
vn 0.1653 0.9706 -0.1749
vn -0.9775 0.1946 0.0818
vn -0.9779 0.1282 0.1649
vn -0.9790 0.1539 0.1338
vn -0.9792 0.1558 0.1302
vn -0.1653 -0.9706 0.1750
vn 0.1658 0.9717 0.1684
vn -0.6920 0.2004 0.6935
vn -0.6953 0.1760 0.6968
vn -0.6914 0.2044 0.6929
vn -0.6949 0.1759 -0.6972
vn -0.6917 0.2003 -0.6939
vn -0.6911 0.2044 -0.6933
vn -0.6954 0.1760 0.6968
vn -0.6957 0.1734 0.6971
vn -0.6975 0.1579 0.6989
vn -0.6971 0.1578 -0.6994
vn -0.6953 0.1733 -0.6975
vn -0.6345 0.4351 0.6389
vn -0.5564 0.6083 0.5660
vn -0.6890 0.2183 -0.6912
vn -0.6889 0.2183 -0.6912
vn -0.6893 0.2184 0.6908
vn -0.6359 0.4331 -0.6388
vn -0.5577 0.6082 -0.5648
vn -0.6976 0.1568 0.6991
vn -0.6982 0.1518 0.6996
vn -0.6978 0.1517 -0.7001
vn -0.6972 0.1567 -0.6995
vn -0.6977 0.1568 0.6991
vn -0.1590 0.9873 0.0018
vn 0.1681 0.9858 0.0022
vn 0.1681 0.9858 0.0021
vn 0.1656 0.9725 -0.1636
vn 0.1656 0.9725 -0.1640
vn 0.1656 0.9725 -0.1637
vn -0.6130 0.7888 0.0451
vn -0.6358 0.7610 0.1288
vn -0.6427 0.7504 0.1542
vn -0.6734 0.6692 0.3143
vn -0.6730 0.6706 0.3121
vn -0.0970 -0.5636 -0.8203
vn -0.0974 -0.5663 -0.8184
vn -0.0974 -0.5665 -0.8183
vn -0.6036 0.7971 0.0138
vn -0.6100 0.7916 0.0366
vn -0.4768 0.8790 0.0062
vn -0.5971 0.8021 -0.0000
vn -0.4755 0.8797 0.0062
vn 0.0887 0.5264 -0.8456
vn 0.0878 0.5204 -0.8494
vn -0.6601 0.7137 -0.2342
vn -0.6261 0.7727 -0.1041
vn -0.6623 0.7088 -0.2429
vn -0.6178 0.7822 -0.0807
vn -0.6063 0.7946 -0.0316
vn -0.6869 0.6078 -0.3985
vn -0.6856 0.6175 -0.3856
vn -0.6040 0.7966 -0.0258
vn -0.6018 0.7986 -0.0092
vn -0.6003 0.7997 0.0069
vn -0.4800 0.8773 0.0047
vn -0.4787 0.8780 0.0048
vn -0.4252 0.7902 -0.4413
vn -0.4254 0.7984 0.4262
vn -0.4258 0.7984 0.4258
vn -0.4251 0.7984 0.4265
vn -0.4258 0.8000 -0.4227
vn -0.4260 0.8000 -0.4225
vn -0.4261 0.8001 -0.4223
vn -0.4225 0.7915 0.4416
vn -0.4699 0.8827 0.0013
vn -0.1602 0.9871 0.0019
vn 0.1125 0.6548 0.7474
vn 0.0997 0.5797 0.8087
vn 0.1677 0.9835 0.0678
vn 0.0974 0.5663 0.8184
vn 0.0970 0.5636 0.8203
vn 0.0974 0.5665 0.8183
vn -0.6832 0.5247 0.5078
vn -0.6834 0.5272 0.5050
vn -0.6831 0.5361 0.4960
vn 0.0984 0.5729 0.8137
vn 0.0985 0.5732 0.8135
vn 0.0996 0.5796 0.8088
vn -0.0985 -0.5731 -0.8135
vn -0.0997 -0.5796 -0.8088
vn -0.0985 -0.5729 -0.8137
vn -0.9810 0.1062 -0.1622
vn -0.9816 0.1045 -0.1596
vn -0.9834 0.0994 -0.1519
vn -0.9838 0.0982 -0.1500
vn -0.9845 0.0961 -0.1468
vn -0.0879 -0.5209 0.8491
vn -0.0888 -0.5269 0.8453
vn -0.9772 0.1951 0.0841
vn -0.9786 0.1834 0.0929
vn -0.9787 0.1821 0.0947
vn -0.6900 0.5147 -0.5089
vn -0.0889 -0.5274 0.8449
vn -0.0909 -0.5392 0.8372
vn 0.0888 0.5270 -0.8452
vn -0.0976 -0.5780 0.8102
vn -0.0910 -0.5396 0.8370
vn 0.0015 -0.2712 0.9625
vn 0.1804 -0.4444 0.8775
vn 0.0021 -0.4997 0.8662
vn -0.1766 -0.4454 0.8777
vn -0.0016 0.7157 0.6984
vn -0.6219 0.4663 0.6291
vn -0.5527 0.4545 0.6986
vn -0.0015 0.7041 0.7101
vn -0.6088 0.3818 0.6954
vn 0.8790 -0.1271 0.4595
vn 0.6202 0.4699 0.6281
vn -0.8776 -0.1322 0.4608
vn -0.6187 -0.7292 0.2922
vn 0.0030 -0.9751 0.2220
vn 0.6234 -0.7256 0.2913
vn 0.6076 0.3854 0.6945
vn 0.7414 -0.1189 0.6604
vn 0.7243 -0.2209 0.6532
vn 0.0028 -0.8011 0.5986
vn -0.7397 -0.1232 0.6615
vn -0.7220 -0.2251 0.6542
vn 0.5511 0.4577 0.6977
vn 0.4844 -0.6205 0.6167
vn -0.4799 -0.6233 0.6174
vn 0.0015 -0.2712 -0.9625
vn 0.1804 -0.4444 -0.8775
vn 0.0021 -0.4997 -0.8662
vn -0.1766 -0.4454 -0.8777
vn -0.0016 0.7157 -0.6984
vn -0.6220 0.4663 -0.6291
vn -0.0015 0.7041 -0.7101
vn -0.5527 0.4545 -0.6986
vn -0.6088 0.3818 -0.6954
vn 0.8790 -0.1271 -0.4595
vn 0.6202 0.4699 -0.6281
vn -0.6187 -0.7292 -0.2922
vn -0.8776 -0.1322 -0.4608
vn 0.0030 -0.9751 -0.2220
vn 0.6234 -0.7256 -0.2913
vn 0.6076 0.3854 -0.6945
vn 0.7414 -0.1189 -0.6604
vn 0.5511 0.4577 -0.6977
vn 0.0028 -0.8011 -0.5986
vn 0.4844 -0.6205 -0.6167
vn -0.7397 -0.1232 -0.6615
vn -0.7220 -0.2251 -0.6542
vn 0.7243 -0.2209 -0.6531
vn -0.4799 -0.6233 -0.6174
vn -0.9804 -0.1898 0.0520
vn -0.9995 -0.0010 0.0309
vn -0.0318 -0.0258 -0.9992
vn -0.0270 -0.0310 -0.9992
vn -0.0318 -0.0261 -0.9992
vn -0.0302 -0.1134 -0.9931
vn -0.0405 -0.0838 -0.9957
vn -0.0426 -0.0847 -0.9955
vn -0.9820 0.1887 0.0086
vn -0.0692 -0.1100 -0.9915
vn -0.0731 -0.1142 -0.9908
vn -0.0645 -0.1056 -0.9923
vn -0.0337 -0.0257 -0.9991
vn -0.0200 -0.0368 -0.9991
vn -0.0339 -0.0254 -0.9991
vn -0.0366 -0.1086 -0.9934
vn -0.0973 -0.1002 -0.9902
vn -0.0318 -0.1131 -0.9931
vn -0.0325 -0.1094 -0.9935
vn -0.0912 -0.1001 -0.9908
vn -0.0305 -0.1142 -0.9930
vn 0.9787 0.1984 -0.0531
vn 0.9995 0.0086 -0.0318
vn -0.0714 -0.1146 -0.9908
vn -0.0670 -0.1182 -0.9907
vn -0.0619 -0.1225 -0.9905
vn -0.0241 0.9932 -0.1135
vn 0.1770 0.9771 -0.1179
vn -0.0240 0.9932 -0.1135
vn -0.0679 -0.1108 -0.9915
vn -0.0715 -0.1146 -0.9908
vn -0.0626 -0.1063 -0.9924
vn 0.0324 -0.0997 -0.9945
vn -0.0237 -0.1085 -0.9938
vn -0.0284 -0.1130 -0.9932
vn -0.0302 -0.1148 -0.9929
vn -0.0307 -0.0791 -0.9964
vn -0.0371 -0.0838 -0.9958
vn 0.9835 -0.1808 -0.0096
vn 0.0338 -0.0991 -0.9945
vn -0.0277 -0.1096 -0.9936
vn -0.0296 -0.1142 -0.9930
vn 0.2024 -0.9736 0.1058
vn 0.3957 -0.9137 0.0929
vn 0.2028 -0.9735 0.1058
vn 0.9314 -0.3637 0.0130
vn 0.9835 -0.1809 -0.0096
vn 0.3705 0.9214 -0.1174
vn 0.1774 0.9771 -0.1178
vn 0.9786 0.1986 -0.0531
vn 0.9217 0.3811 -0.0723
vn 0.9216 0.3813 -0.0722
vn -0.4069 0.9089 -0.0918
vn -0.2206 0.9697 -0.1047
vn -0.2196 0.9700 -0.1048
vn -0.9283 0.3715 -0.0140
vn -0.9284 0.3713 -0.0136
vn -0.1979 -0.9731 0.1181
vn -0.3896 -0.9135 0.1171
vn -0.1969 -0.9733 0.1181
vn -0.9256 -0.3717 0.0712
vn -0.9256 -0.3716 0.0713
vn -0.0743 -0.0704 -0.9947
vn -0.0468 -0.0415 -0.9980
vn -0.0367 -0.0307 -0.9989
vn -0.0928 -0.0893 -0.9917
vn -0.0707 -0.0655 -0.9953
vn -0.0143 -0.0437 -0.9989
vn 0.0099 -0.0689 -0.9976
vn 0.0293 -0.0883 -0.9957
vn 0.0067 -0.0644 -0.9979
vn -0.0720 -0.0713 -0.9949
vn -0.0514 -0.0470 -0.9976
vn -0.0463 -0.0401 -0.9981
vn -0.0886 -0.0903 -0.9920
vn -0.0696 -0.0674 -0.9953
vn -0.0171 -0.0419 -0.9990
vn 0.0100 -0.0703 -0.9975
vn 0.0282 -0.0891 -0.9956
vn 0.0066 -0.0657 -0.9978
vn -0.0508 -0.0959 -0.9941
vn -0.0507 -0.0956 -0.9941
vn -0.0513 -0.1333 -0.9898
vn -0.0635 -0.1226 -0.9904
vn -0.0688 -0.1180 -0.9906
vn -0.0413 -0.1418 -0.9890
vn -0.0512 -0.1336 -0.9897
vn -0.0523 -0.0939 -0.9942
vn -0.0527 -0.0940 -0.9942
vn -0.0500 -0.1327 -0.9899
vn -0.0363 -0.1444 -0.9889
vn -0.0500 -0.1329 -0.9899
vn 0.0020 -0.9935 0.1142
vn -0.0297 -0.1492 -0.9884
vn -0.0395 -0.1425 -0.9890
vn -0.0573 0.6763 0.7344
vn -0.0000 0.6048 0.7964
vn -0.7885 0.1260 -0.6020
vn -0.5453 0.4323 -0.7181
vn -0.8016 0.1019 -0.5891
vn -0.3853 0.5093 0.7696
vn -0.5402 0.4857 0.6872
vn -0.5476 0.4991 0.6716
vn -0.3278 0.6382 0.6966
vn -0.2306 0.6803 0.6957
vn -0.3321 0.6275 0.7042
vn -0.0571 0.5959 0.8010
vn -0.1071 0.5668 0.8168
vn -0.0307 0.6234 0.7813
vn -0.6952 0.4740 0.5404
vn -0.2280 0.5283 0.8179
vn -0.1456 0.5476 0.8240
vn -0.2206 0.5288 0.8195
vn -0.9039 -0.3203 -0.2837
vn -0.8856 -0.1177 -0.4492
vn -0.8856 -0.1175 -0.4494
vn -0.2084 0.6884 0.6948
vn -0.1210 0.7073 0.6965
vn -0.0876 0.6965 0.7122
vn -0.3309 0.4842 0.8100
vn -0.4644 0.6108 0.6413
vn 0.8169 -0.0718 0.5723
vn 0.6031 -0.3750 0.7040
vn 0.6036 -0.3745 0.7039
vn -0.0018 -0.7533 0.6576
vn 0.0948 0.7780 -0.6211
vn 0.2598 0.8014 -0.5387
vn 0.2807 0.8024 -0.5266
vn 0.0098 0.7558 -0.6548
vn 0.0134 0.7569 -0.6534
vn -0.5220 0.4537 -0.7223
vn -0.1939 0.6754 -0.7115
vn -0.6525 0.5340 0.5377
vn -0.6709 0.5388 0.5095
vn -0.6722 0.5382 0.5085
vn -0.0222 0.7457 -0.6659
vn -0.2080 0.6684 -0.7142
vn -0.6598 0.5164 0.5459
vn -0.5590 0.5447 0.6251
vn -0.5375 0.5625 0.6282
vn 0.0036 0.7539 -0.6570
vn -0.0157 0.7478 -0.6637
vn 0.0023 0.7535 -0.6575
vn 0.0033 0.7538 -0.6571
vn 0.2551 -0.6435 0.7217
vn 0.2262 -0.6590 0.7173
vn 0.0236 -0.7452 0.6664
vn 0.0169 -0.7474 0.6641
vn -0.7115 0.5201 0.4725
vn -0.7074 0.4904 0.5090
vn -0.7119 0.5195 0.4725
vn -0.0510 -0.7674 0.6392
vn -0.0925 -0.7774 0.6221
vn -0.0402 -0.7645 0.6434
vn -0.0036 -0.7539 0.6570
vn -0.0033 -0.7538 0.6571
vn -0.4471 -0.7927 0.4143
vn -0.2813 -0.8025 0.5263
vn -0.2966 -0.8029 0.5171
vn -0.0022 -0.7535 0.6575
vn -0.0137 -0.7570 0.6533
vn -0.0103 -0.7559 0.6546
vn -0.9025 -0.3368 -0.2684
vn -0.8572 -0.5069 -0.0914
vn 0.0019 0.7534 -0.6576
vn -0.0990 -0.7789 0.6193
vn -0.6336 0.5544 0.5396
vn -0.6650 0.5448 0.5109
vn -0.6665 0.5438 0.5100
vn 0.0510 0.7674 -0.6392
vn 0.0892 0.7767 -0.6235
vn -0.0000 -0.7528 0.6583
vn 0.4192 0.7968 -0.4352
vn -0.7112 0.5208 0.4722
vn -0.7042 0.4731 0.5294
vn -0.7116 0.5201 0.4723
vn 0.0402 0.7645 -0.6434
vn 0.9034 0.3260 0.2784
vn 0.8612 0.4979 0.1018
vn 0.9038 0.3211 0.2829
vn -0.0326 0.6215 0.7827
vn -0.0576 0.5954 0.8014
vn 0.8206 -0.0641 0.5679
vn 0.8729 0.0702 0.4829
vn 0.8729 0.0703 0.4828
vn -0.3551 0.6237 0.6964
vn -0.2318 0.5286 0.8166
vn -0.3462 0.4941 0.7975
vn -0.4051 0.5228 0.7501
vn -0.1210 0.7073 0.6964
vn -0.0886 0.6971 0.7115
vn -0.0601 0.6781 0.7325
vn -0.2065 0.6889 0.6948
vn -0.2283 0.6812 0.6956
vn 0.8858 0.1186 0.4486
vn 0.8858 0.1184 0.4487
vn -0.2239 0.5290 0.8185
vn -0.5614 0.5117 0.6503
vn -0.7007 0.4932 0.5155
vn -0.5697 0.5247 0.6326
vn -0.3375 0.6250 0.7039
vn -0.6269 0.5520 0.5498
vn -0.5061 0.5962 0.6233
vn -0.7009 0.5262 0.4816
vn -0.7001 0.5269 0.4819
vn -0.8711 -0.0643 -0.4869
vn -0.8789 -0.0910 -0.4683
vn -0.8710 -0.0640 -0.4871
vn -0.6990 0.5288 0.4814
vn -0.6980 0.5300 0.4816
vn 0.8798 0.0945 0.4658
vn 0.8798 0.0944 0.4659
vn -0.1741 0.6918 -0.7008
vn -0.0739 0.7013 -0.7091
vn -0.1608 0.6948 -0.7010
vn -0.2318 0.6782 -0.6974
vn -0.2849 0.6448 -0.7092
vn -0.2759 0.6506 -0.7075
vn -0.0757 0.6283 -0.7743
vn -0.2331 0.6776 -0.6975
vn -0.3255 0.6387 -0.6972
vn -0.3240 0.6457 -0.6915
vn -0.3240 0.6458 -0.6914
vn -0.0569 0.6959 -0.7159
vn 0.0741 0.7532 0.6536
vn 0.1133 0.7563 0.6444
vn 0.0720 0.7530 0.6541
vn -0.3323 0.6130 -0.7168
vn 0.9397 -0.0476 -0.3387
vn 0.8759 -0.1876 -0.4445
vn 0.9400 -0.0467 -0.3380
vn -0.0388 -0.7483 -0.6623
vn -0.0419 -0.7487 -0.6616
vn -0.1961 0.5840 -0.7877
vn -0.1414 0.5876 -0.7967
vn -0.2237 0.5984 -0.7694
vn -0.3254 0.6387 -0.6972
vn -0.3237 0.6458 -0.6915
vn -0.3238 0.6459 -0.6914
vn 0.1973 -0.6975 -0.6889
vn 0.0075 -0.7426 -0.6696
vn 0.1966 -0.6977 -0.6888
vn 0.2056 0.7592 0.6175
vn 0.1722 0.7590 0.6280
vn 0.1706 0.7589 0.6284
vn 0.8695 -0.1985 -0.4522
vn 0.6001 -0.4918 -0.6309
vn -0.0129 -0.7458 -0.6660
vn 0.0093 -0.7424 -0.6699
vn -0.3128 0.6337 -0.7076
vn -0.2854 0.6219 -0.7292
vn -0.3185 0.6398 -0.6995
vn -0.1973 0.6975 0.6889
vn -0.0075 0.7427 0.6696
vn -0.0093 0.7424 0.6699
vn 0.5902 -0.4992 -0.6344
vn 0.0369 0.7481 0.6625
vn -0.0000 0.7438 0.6683
vn -0.8695 0.1985 0.4522
vn -0.6001 0.4918 0.6309
vn -0.5902 0.4992 0.6344
vn -0.0126 -0.7457 -0.6661
vn 0.0135 0.7459 0.6659
vn 0.0133 0.7458 0.6660
vn -0.1966 0.6977 0.6889
vn -0.1982 0.5828 -0.7881
vn -0.1408 0.5863 -0.7977
vn -0.2222 0.5928 -0.7741
vn -0.0000 0.7438 0.6684
vn -0.2759 0.6507 -0.7075
vn -0.2042 -0.7593 -0.6179
vn -0.1715 -0.7589 -0.6282
vn -0.0742 -0.7533 -0.6535
vn -0.1129 -0.7563 -0.6445
vn -0.1134 -0.7563 -0.6444
vn -0.0586 0.6963 -0.7153
vn -0.0748 0.7015 -0.7087
vn -0.3129 0.6338 -0.7074
vn -0.2844 0.6237 -0.7281
vn -0.3186 0.6401 -0.6991
vn -0.2673 0.6139 -0.7428
vn -0.0940 0.6214 -0.7779
vn -0.0723 -0.7530 -0.6540
vn -0.1700 -0.7589 -0.6286
vn 0.0402 0.7486 0.6618
vn -0.2681 0.6177 -0.7393
vn -0.0961 0.6215 -0.7775
vn -0.0792 0.6277 -0.7744
vn -0.7848 -0.5623 -0.2604
vn -0.7849 -0.5623 -0.2602
vn -0.7850 -0.5623 -0.2599
vn 0.7871 0.5603 0.2579
vn 0.7872 0.5603 0.2577
vn 0.7870 0.5604 0.2582
vn -0.3279 0.6242 -0.7092
vn -0.3308 0.6143 -0.7164
vn -0.3281 0.6227 -0.7104
vn -0.9510 0.0104 0.3090
vn -0.9557 -0.0078 0.2941
vn -0.9557 -0.0078 0.2942
vn -0.9397 0.0476 0.3387
vn -0.8759 0.1876 0.4445
vn 0.9557 0.0077 -0.2942
vn 0.9510 -0.0105 -0.3090
vn -0.3280 0.6242 -0.7090
vn -0.3256 0.6377 -0.6981
vn -0.9400 0.0467 0.3380
vn -0.9509 0.0107 0.3092
vn 0.9509 -0.0108 -0.3093
vn -0.3256 0.6376 -0.6981
vn -0.3309 0.6143 -0.7164
vn -0.1691 -0.1015 0.9804
vn -0.1595 -0.0912 0.9830
vn -0.1486 -0.0805 0.9856
vn -0.9735 0.1615 0.1619
vn -0.9914 -0.0221 0.1290
vn -0.0152 0.9816 0.1905
vn -0.1879 0.9596 0.2095
vn -0.0090 0.9948 0.1014
vn -0.2018 0.9756 0.0870
vn 0.9975 0.0018 0.0704
vn 0.9765 0.1960 0.0901
vn -0.1690 -0.1015 0.9804
vn -0.1595 -0.0913 0.9830
vn -0.1485 -0.0805 0.9856
vn 0.9635 -0.0185 0.2669
vn 0.9406 0.1648 0.2969
vn 0.9439 -0.2047 0.2593
vn -0.0664 -0.1011 0.9927
vn -0.0845 -0.1797 0.9801
vn -0.0917 -0.1747 0.9803
vn -0.1577 -0.1115 0.9812
vn -0.1679 -0.1014 0.9806
vn -0.1465 -0.1222 0.9816
vn 0.0090 -0.9948 -0.1014
vn 0.2005 -0.9760 -0.0848
vn -0.9801 0.1927 -0.0480
vn -0.9975 -0.0018 -0.0704
vn 0.9799 -0.1930 0.0505
vn -0.9702 -0.2079 0.1242
vn 0.0026 -0.9999 -0.0114
vn 0.1694 -0.9849 0.0351
vn -0.1577 -0.1114 0.9812
vn -0.1680 -0.1014 0.9806
vn -0.1685 -0.1014 0.9805
vn -0.1684 -0.1014 0.9805
vn -0.1680 -0.1015 0.9806
vn -0.1686 -0.1014 0.9805
vn -0.1681 -0.1014 0.9805
vn -0.9767 -0.1960 -0.0876
vn -0.3718 -0.9207 -0.1183
vn -0.1858 -0.9762 -0.1120
vn -0.1830 -0.9767 -0.1119
vn -0.9176 -0.3842 -0.1016
vn -0.9763 -0.1976 -0.0878
vn -0.9175 -0.3844 -0.1018
vn -0.2044 0.9750 0.0869
vn -0.3883 0.9189 0.0694
vn -0.9798 0.1942 -0.0477
vn -0.9242 0.3811 -0.0234
vn -0.9243 0.3810 -0.0233
vn 0.3718 0.9201 0.1230
vn 0.1868 0.9757 0.1145
vn 0.1843 0.9762 0.1142
vn 0.9172 0.3840 0.1066
vn 0.9761 0.1975 0.0903
vn 0.9172 0.3839 0.1067
vn 0.2031 -0.9755 -0.0844
vn 0.3879 -0.9194 -0.0644
vn 0.9796 -0.1945 0.0504
vn 0.9239 -0.3817 0.0285
vn 0.9239 -0.3815 0.0287
vn 0.3557 0.8925 0.2772
vn 0.1966 0.9497 0.2437
vn 0.1533 0.9602 0.2336
vn 0.8802 0.3529 0.3174
vn 0.9380 0.1762 0.2985
vn 0.8802 0.3530 0.3174
vn 0.2128 -0.9760 0.0473
vn 0.3717 -0.9238 0.0920
vn 0.9415 -0.2163 0.2585
vn 0.8868 -0.3943 0.2413
vn 0.8867 -0.3944 0.2412
vn -0.9172 0.3500 0.1906
vn -0.9712 0.1730 0.1638
vn -0.3940 0.8914 0.2242
vn -0.2320 0.9490 0.2134
vn -0.3938 0.8914 0.2242
vn -0.9677 -0.2195 0.1238
vn -0.9106 -0.3971 0.1144
vn -0.2140 -0.9767 0.0172
vn -0.3780 -0.9250 0.0392
vn -0.3779 -0.9250 0.0392
vn -0.0937 -0.0261 0.9953
vn -0.1185 -0.0508 0.9917
vn -0.0863 -0.0206 0.9961
vn -0.1200 -0.0518 0.9914
vn -0.1166 -0.1510 0.9816
vn -0.1178 -0.1502 0.9816
vn -0.0876 -0.0197 0.9960
vn -0.1186 -0.0508 0.9916
vn -0.0717 -0.0059 0.9974
vn -0.1200 -0.0517 0.9914
vn -0.0855 -0.1807 0.9798
vn -0.0700 -0.1935 0.9786
vn -0.1179 -0.1502 0.9816
vn -0.0664 -0.1016 0.9926
vn -0.1117 -0.0957 0.9891
vn -0.0699 -0.1003 0.9925
vn -0.0699 -0.1017 0.9924
vn -0.0821 -0.0340 0.9960
vn -0.1113 -0.0604 0.9919
vn -0.0725 -0.0257 0.9970
vn -0.0886 -0.0393 0.9953
vn -0.1114 -0.0604 0.9919
vn -0.0853 -0.0360 0.9957
vn -0.0280 -0.0956 0.9950
vn -0.0703 -0.0241 0.9972
vn -0.0703 -0.0238 0.9972
vn -0.0196 -0.0971 0.9951
vn -0.0036 -0.0879 0.9961
vn -0.0097 -0.0770 0.9970
vn -0.0288 -0.0603 0.9978
vn -0.1301 -0.0772 0.9885
vn -0.1361 -0.0882 0.9868
vn -0.0703 -0.0234 0.9972
vn -0.0520 -0.0393 0.9979
vn -0.0552 -0.0360 0.9978
vn -0.1200 -0.0973 0.9880
vn -0.0197 -0.0972 0.9951
vn -0.0585 -0.0339 0.9977
vn -0.0681 -0.0257 0.9973
vn -0.1693 -0.9855 0.0113
vn 0.3767 -0.9246 0.0563
vn 0.0161 -0.9998 -0.0093
vn 0.2037 -0.9787 0.0244
vn -0.0179 0.9699 0.2427
vn -0.0061 0.9684 0.2493
vn 0.1773 0.9446 0.2762
vn 0.9501 -0.2046 0.2353
vn 0.9665 -0.0381 0.2539
vn 0.8973 -0.3922 0.2026
vn -0.7607 -0.3643 0.5373
vn -0.8007 -0.0701 0.5950
vn -0.7921 -0.2063 0.5744
vn -0.3817 0.7997 0.4634
vn -0.0236 0.9678 0.2505
vn -0.2771 0.8702 0.4073
vn 0.9690 -0.0082 0.2469
vn 0.9690 -0.0181 0.2462
vn 0.9459 0.1779 0.2712
vn 0.3551 0.8884 0.2911
vn -0.7832 0.0714 0.6176
vn -0.7948 -0.0528 0.6046
vn -0.7525 0.2266 0.6184
vn 0.9679 -0.0164 0.2507
vn 0.9680 -0.0218 0.2502
vn 0.9668 -0.0191 0.2547
vn 0.0012 -0.9999 -0.0101
vn -0.7980 -0.0685 0.5987
vn -0.7980 -0.0622 0.5995
vn -0.7957 -0.0669 0.6019
vn -0.0058 -1.0000 -0.0023
vn -0.2641 -0.9492 0.1709
vn -0.3717 -0.8962 0.2423
vn -0.8002 -0.0664 0.5961
vn 0.8884 0.3577 0.2878
vn -0.0628 -0.0985 0.9932
vn -0.0756 -0.0984 0.9923
vn -0.0884 -0.0984 0.9912
vn -0.9957 0.0298 0.0881
vn -0.9957 0.0297 0.0881
vn 0.0298 0.9996 -0.0001
vn 0.0448 0.9824 0.1813
vn 0.0451 0.9822 0.1823
vn 0.0127 0.9833 -0.1815
vn 0.0128 0.9831 -0.1825
vn -0.9957 0.0296 0.0881
vn -0.0927 -0.2056 -0.9742
vn -0.0802 0.2106 -0.9743
vn -0.0803 0.2105 -0.9743
vn 0.0922 0.2057 0.9743
vn 0.0796 -0.2105 0.9744
vn 0.0920 0.2056 0.9743
vn -0.0047 0.9338 -0.3577
vn -0.0688 0.4095 -0.9097
vn -0.0692 0.4088 -0.9100
vn -0.0604 -0.9320 -0.3574
vn -0.0458 -0.9822 -0.1822
vn -0.0459 -0.9824 -0.1812
vn -0.0931 -0.4048 -0.9096
vn -0.0935 -0.4042 -0.9099
vn -0.0136 -0.9831 0.1825
vn 0.0029 -0.9338 0.3579
vn -0.0138 -0.9833 0.1816
vn 0.0678 -0.4094 0.9098
vn 0.0675 -0.4088 0.9101
vn 0.0586 0.9320 0.3576
vn 0.0921 0.4049 0.9097
vn 0.0917 0.4043 0.9100
vn -0.0298 -0.9996 0.0001
vn -0.9957 0.0297 0.0882
vn -0.1877 -0.9776 -0.0952
vn 0.0024 -0.9953 -0.0969
vn -0.0327 -0.0962 0.9948
vn -0.0328 -0.0977 0.9947
vn -0.0245 -0.0970 0.9950
vn -0.0245 -0.0968 0.9950
vn -0.9805 -0.1954 -0.0190
vn -0.9810 0.1929 0.0188
vn -0.9809 -0.1935 -0.0188
vn -0.3856 0.9183 0.0894
vn -0.2024 0.9747 0.0949
vn -0.0024 0.9953 0.0969
vn -0.1940 0.9764 0.0951
vn -0.9237 -0.3814 -0.0371
vn -0.9807 0.1948 0.0190
vn -0.9241 0.3804 0.0370
vn -0.3798 -0.9207 -0.0897
vn -0.1962 -0.9759 -0.0950
vn -0.4961 -0.5445 0.6763
vn -0.1594 -0.7477 0.6446
vn -0.1534 -0.7481 0.6456
vn -0.7015 -0.2013 0.6836
vn -0.5015 -0.5400 0.6760
vn -0.7016 -0.2029 0.6831
vn -0.7017 0.0653 0.7095
vn -0.4981 0.4023 0.7681
vn -0.7017 0.0668 0.7093
vn -0.1637 0.6084 0.7766
vn -0.5035 0.3980 0.7669
vn -0.0191 0.6353 0.7721
vn -0.0192 0.6352 0.7721
vn -0.0157 -0.7723 0.6350
vn -0.0158 -0.7722 0.6351
vn -0.1578 0.6086 0.7776
vn -0.9649 0.2626 -0.0000
vn -0.9585 0.2851 -0.0000
vn -0.9829 0.1840 -0.0000
vn -0.9782 0.2076 -0.0000
vn -0.9719 0.2355 -0.0000
vn 0.0313 -0.6236 -0.7811
vn 0.1071 -0.5668 -0.8169
vn 0.0572 -0.5957 -0.8011
vn 0.2285 -0.5264 -0.8190
vn 0.1456 -0.5476 -0.8240
vn 0.3346 -0.4888 -0.8057
vn 0.2206 -0.5288 -0.8195
vn 0.3994 -0.5020 -0.7671
vn 0.5603 -0.5047 -0.6568
vn 0.6867 -0.4938 -0.5335
vn 0.5697 -0.5247 -0.6326
vn 0.7108 -0.5210 -0.4726
vn 0.7043 -0.4732 -0.5293
vn 0.7001 -0.5278 -0.4809
vn 0.7116 -0.5201 -0.4723
vn 0.6978 -0.5294 -0.4825
vn 0.6703 -0.5409 -0.5081
vn 0.6665 -0.5425 -0.5114
vn 0.6389 -0.5501 -0.5377
vn 0.6365 -0.5249 -0.5651
vn 0.5317 -0.5905 -0.6071
vn 0.5084 -0.5646 -0.6502
vn 0.3418 -0.6424 -0.6859
vn 0.2297 -0.6797 -0.6966
vn 0.3633 -0.6098 -0.7043
vn 0.1210 -0.7073 -0.6964
vn 0.2084 -0.6884 -0.6948
vn 0.0879 -0.6967 -0.7120
vn 0.1252 -0.7075 -0.6955
vn 0.0582 -0.6758 -0.7347
vn 0.9800 -0.1984 0.0137
vn 0.9805 -0.1964 0.0116
vn 0.9776 -0.2088 0.0250
vn 0.0574 -0.6953 0.7164
vn 0.1741 -0.6918 0.7008
vn 0.0741 -0.7013 0.7090
vn 0.2331 -0.6776 0.6975
vn 0.1608 -0.6948 0.7010
vn 0.2318 -0.6782 0.6974
vn 0.2849 -0.6448 0.7092
vn 0.3323 -0.6130 0.7168
vn 0.2759 -0.6507 0.7075
vn 0.3280 -0.6242 0.7091
vn 0.3309 -0.6143 0.7164
vn 0.3256 -0.6377 0.6981
vn 0.3282 -0.6226 0.7104
vn 0.3254 -0.6387 0.6972
vn 0.3239 -0.6458 0.6914
vn 0.3186 -0.6400 0.6991
vn 0.3239 -0.6459 0.6913
vn 0.2853 -0.6221 0.7291
vn 0.3130 -0.6341 0.7071
vn 0.2229 -0.5950 0.7722
vn 0.2675 -0.6149 0.7419
vn 0.1406 -0.5879 0.7967
vn 0.1975 -0.5835 0.7877
vn 0.0952 -0.6212 0.7779
vn 0.1531 -0.5824 0.7984
vn 0.0773 -0.6292 0.7734
vn 0.9585 -0.2851 -0.0000
vn 0.9649 -0.2626 -0.0000
vn 0.9719 -0.2355 -0.0000
vn 0.9782 -0.2076 -0.0000
vn 0.9829 -0.1840 -0.0000
vn 0.9755 -0.2201 0.0006
vn 0.9772 -0.2125 0.0006
vn 0.9699 -0.2436 0.0006
vn 0.9601 -0.2797 0.0005
vn 0.9561 -0.2929 0.0128
vn 0.9542 -0.2992 -0.0061
vn 0.9489 -0.3156 0.0004
vn 0.9998 -0.0144 0.0105
vn 0.9999 -0.0059 0.0091
vn 0.9998 -0.0098 0.0150
vn 0.9997 -0.0125 0.0191
vn 0.9982 -0.0332 0.0507
vn 0.9969 -0.0428 0.0653
vn 0.9909 -0.0736 0.1125
vn 0.9908 -0.0739 0.1130
vn 0.9836 -0.0989 0.1511
vn 0.9821 -0.1031 0.1575
vn 0.9787 -0.1123 0.1717
vn 0.9792 -0.1112 0.1699
vn 0.9810 -0.1062 0.1623
vn 0.9834 -0.0994 0.1520
vn 0.9816 -0.1044 0.1596
vn 0.9838 -0.0982 0.1500
vn 0.9845 -0.0961 0.1468
vn 0.9968 -0.0791 0.0076
vn 0.9973 -0.0724 0.0081
vn 0.9972 -0.0749 0.0047
vn 0.9968 -0.0795 0.0003
vn 0.9907 -0.1341 -0.0252
vn 0.9874 -0.1513 -0.0470
vn 0.9800 -0.1795 -0.0858
vn 0.9793 -0.1817 -0.0888
vn 0.9766 -0.1902 -0.1006
vn 0.9766 -0.1901 -0.1004
vn 0.9775 -0.1875 -0.0968
vn 0.9778 -0.1863 -0.0963
vn 0.9789 -0.1762 -0.1036
vn 0.9789 -0.1749 -0.1055
vn 0.9790 -0.1523 -0.1356
vn 0.9788 -0.1503 -0.1392
vn 0.9779 -0.1283 -0.1650
vn -0.6712 0.6712 0.3146
vn -0.3633 0.8769 0.3146
vn -0.3633 0.8770 0.3146
vn -0.3633 -0.8770 0.3146
vn -0.3633 -0.8769 0.3146
vn -0.6712 -0.6712 0.3146
vn -0.8769 -0.3633 0.3146
vn -0.8770 -0.3633 0.3146
vn -0.9492 -0.0000 0.3146
vn -0.8770 0.3633 0.3146
vn -0.8769 0.3633 0.3146
vn -0.2802 -0.0000 -0.9599
vn 0.0905 -0.0000 -0.9959
vn -0.2589 -0.1072 -0.9599
vn -0.2589 0.1072 -0.9599
vn -0.1981 0.1981 -0.9599
vn -0.1072 0.2589 -0.9599
vn -0.1072 -0.2589 -0.9599
vn -0.1981 -0.1981 -0.9599
vn 0.6099 -0.7090 0.3541
vn 0.3502 -0.7084 0.6127
vn -0.0024 -1.0000 -0.0000
vn -0.3565 -0.7068 -0.6110
vn -0.0037 -0.7076 -0.7066
vn -0.0022 -1.0000 -0.0000
vn -0.6142 -0.7061 0.3524
vn -0.7084 -0.7058 -0.0000
vn -0.0023 -1.0000 -0.0001
vn 0.3502 -0.7084 0.6128
vn -0.0036 -0.7076 0.7066
vn -0.0035 -0.7076 -0.7066
vn 0.3502 -0.7084 -0.6128
vn -0.0023 -1.0000 -0.0000
vn -0.6142 -0.7061 -0.3524
vn -0.0037 -0.7076 0.7066
vn -0.3565 -0.7068 0.6110
vn -0.0024 -1.0000 -0.0001
vn 0.3503 -0.7084 -0.6127
vn 0.6099 -0.7090 -0.3541
vn 0.7051 -0.7091 0.0001
vn -0.6142 -0.7061 -0.3525
vn -0.3566 -0.7068 -0.6110
vn -0.0023 -1.0000 0.0001
vn -0.3566 -0.7068 0.6110
vn 0.7051 -0.7091 -0.0001
vn 0.5070 -0.8099 0.2949
vn 0.2907 -0.8093 0.5104
vn -0.0030 -1.0000 -0.0000
vn -0.2980 -0.8075 -0.5090
vn -0.0040 -0.8084 -0.5886
vn -0.5127 -0.8068 0.2936
vn -0.5912 -0.8065 0.0001
vn -0.0030 -1.0000 -0.0001
vn -0.0040 -0.8084 0.5886
vn 0.2907 -0.8093 -0.5104
vn -0.5912 -0.8065 -0.0001
vn -0.5127 -0.8068 -0.2936
vn -0.0029 -1.0000 -0.0000
vn -0.2980 -0.8075 0.5090
vn 0.5070 -0.8099 -0.2949
vn 0.5863 -0.8101 -0.0000
vn -0.2981 -0.8075 0.5090
vn -0.0030 -1.0000 0.0001
vn -0.1241 0.9923 -0.0000
vn -0.2798 0.9601 -0.0000
vn -0.1675 0.9859 -0.0000
vn 0.1241 -0.9923 -0.0000
vn 0.2798 -0.9601 -0.0000
vn 0.1675 -0.9859 -0.0000
vn -0.2106 0.9776 -0.0000
vn -0.7173 0.0192 0.6966
vn -0.5849 0.0358 0.8103
vn -0.5832 0.0360 0.8115
vn -0.0137 0.0820 0.9965
vn -0.0176 0.0818 0.9965
vn -0.0142 0.0820 0.9965
vn 0.5133 -0.0435 -0.8571
vn 0.5861 -0.0356 -0.8094
vn 0.5151 -0.0433 -0.8560
vn 0.9963 0.0589 0.0619
vn -0.1344 -0.0892 -0.9869
vn -0.4956 -0.0984 -0.8630
vn -0.4720 -0.0982 -0.8761
vn -0.1502 -0.0899 -0.9846
vn 0.2233 -0.0687 -0.9723
vn 0.2370 -0.0677 -0.9692
vn 0.3754 0.0968 0.9218
vn 0.1499 0.0899 0.9846
vn 0.1341 0.0892 0.9869
vn 0.3863 0.0970 0.9173
vn -0.2338 0.0680 0.9699
vn -0.2202 0.0690 0.9730
vn -0.9981 -0.0559 -0.0256
vn -0.9981 -0.0560 -0.0256
vn 0.0142 -0.0820 -0.9965
vn 0.0137 -0.0821 -0.9965
vn 0.0261 -0.0814 -0.9963
vn 0.0220 -0.0816 -0.9964
vn -0.6550 -0.0976 -0.7493
vn 0.4671 0.0982 0.8787
vn -0.0220 0.0816 0.9964
vn -0.0261 0.0814 0.9963
vn -0.2070 0.9783 -0.0000
vn -0.2011 0.9796 -0.0000
vn -0.2058 0.9786 -0.0002
vn -0.2103 0.9776 -0.0038
vn -0.2056 0.9786 -0.0026
vn -0.2053 0.9787 -0.0027
vn -0.2105 0.9776 -0.0035
vn -0.2055 0.9787 -0.0000
vn -0.2068 0.9784 0.0002
vn -0.2105 0.9776 0.0048
vn -0.2052 0.9787 0.0028
vn -0.2063 0.9785 0.0039
vn -0.2104 0.9776 0.0042
vn 0.2070 -0.9783 -0.0000
vn 0.2011 -0.9796 -0.0000
vn 0.2058 -0.9786 0.0002
vn 0.2103 -0.9776 0.0038
vn 0.2056 -0.9786 0.0026
vn 0.2105 -0.9776 0.0035
vn 0.2053 -0.9787 0.0027
vn 0.2055 -0.9787 -0.0000
vn 0.2068 -0.9784 -0.0002
vn 0.2105 -0.9776 -0.0048
vn 0.2052 -0.9787 -0.0028
vn 0.2104 -0.9776 -0.0042
vn 0.2063 -0.9785 -0.0039
vn 0.1480 -0.0000 0.9890
vn 0.2218 -0.0000 0.9751
vn 0.2050 -0.0000 0.9788
vn -0.1827 -0.0000 0.9832
vn -0.1410 -0.0000 0.9900
vn -0.6697 -0.0000 -0.7426
vn -0.5103 -0.0000 -0.8600
vn -0.4652 -0.0000 -0.8852
vn 0.3706 -0.0000 0.9288
vn 0.4837 -0.0000 0.8752
vn 0.3959 -0.0000 0.9183
vn -0.2808 -0.0000 -0.9598
vn -0.2235 -0.0000 -0.9747
vn -0.2063 -0.0000 -0.9785
vn -0.2120 0.9773 -0.0001
vn -0.2120 0.9773 -0.0000
vn -0.2119 0.9773 -0.0000
vn -0.2121 0.9773 -0.0001
vn -0.5131 -0.0000 0.8583
vn -0.7207 -0.0000 0.6933
vn -0.5582 -0.0000 0.8297
vn 0.2778 -0.0000 0.9606
vn -0.3195 -0.0000 0.9476
vn 0.5885 -0.0000 -0.8085
vn 0.4764 -0.0000 -0.8792
vn 0.4449 -0.0000 -0.8956
vn 0.9982 -0.0000 0.0608
vn -0.1480 -0.0000 -0.9890
vn 0.1422 -0.0000 -0.9898
vn 0.1843 -0.0000 -0.9829
vn -0.9997 -0.0000 -0.0251
vn -0.0785 0.9967 -0.0213
vn -0.0601 0.9978 0.0297
vn -0.0620 0.9976 0.0317
vn -0.0715 0.9973 -0.0169
vn 0.0784 -0.9967 0.0213
vn 0.0603 -0.9977 -0.0294
vn 0.0715 -0.9973 0.0167
vn 0.0622 -0.9976 -0.0315
vn 0.7640 -0.0494 -0.6433
vn 0.5475 -0.0583 -0.8348
vn 0.5472 -0.0564 -0.8351
vn 0.7686 -0.0499 -0.6378
vn -0.5501 0.0581 0.8331
vn -0.7672 0.0490 0.6395
vn -0.7632 0.0506 0.6442
vn -0.5504 0.0561 0.8330
vn -0.2865 0.0798 0.9548
vn -0.0249 0.0711 0.9972
vn -0.0249 0.0700 0.9972
vn -0.2962 0.0796 0.9518
vn 0.2908 -0.0795 -0.9535
vn 0.0145 -0.0717 -0.9973
vn 0.0143 -0.0705 -0.9974
vn 0.2805 -0.0802 -0.9565
vn 0.0695 -0.9975 0.0118
vn 0.0846 -0.9963 -0.0133
vn 0.0845 -0.9963 -0.0151
vn 0.0764 -0.9969 0.0187
vn 0.7588 -0.0483 -0.6496
vn 0.7603 -0.0476 -0.6478
vn -0.7618 0.0479 0.6460
vn -0.7602 0.0477 0.6480
vn 0.0834 -0.9962 0.0235
vn 0.0892 -0.9956 0.0282
vn -0.0889 0.9956 -0.0280
vn -0.0833 0.9963 -0.0233
vn -0.0750 0.9970 -0.0167
vn -0.0687 0.9976 -0.0123
vn -0.0872 0.9961 0.0130
vn -0.0873 0.9961 0.0144
vn 0.3221 -0.0000 -0.9467
vn 0.2106 -0.9776 -0.0000
vn 0.0383 -0.0807 -0.9960
vn 0.0176 -0.0818 -0.9965
vn -0.0383 0.0807 0.9960
vn 0.4284 -0.9036 -0.0000
vn -0.4284 0.9036 -0.0000
vn 0.2120 -0.9773 0.0001
vn 0.2120 -0.9773 -0.0000
vn 0.2121 -0.9773 0.0001
vn 0.2119 -0.9773 -0.0000
vn -0.7614 0.2963 -0.5766
vn -0.2514 0.0975 -0.9630
vn -0.2981 0.1157 -0.9475
vn -0.7204 0.2803 -0.6344
vn 0.9308 -0.3626 -0.0462
vn 0.7237 -0.2816 0.6300
vn 0.7590 -0.2954 0.5802
vn 0.9304 -0.3624 0.0550
vn 0.3059 -0.1196 -0.9445
vn 0.2600 -0.1018 -0.9602
vn 0.2620 -0.1016 0.9597
vn 0.2884 -0.1119 0.9509
vn 0.7555 -0.2946 -0.5851
vn 0.7393 -0.2883 -0.6085
vn -0.2964 0.1159 0.9480
vn -0.2694 0.1054 0.9573
vn 0.8838 -0.3444 -0.3167
vn -0.7612 0.2968 0.5767
vn -0.7322 0.2856 0.6183
vn -0.9310 0.3627 -0.0414
vn -0.9313 0.3628 0.0312
vn -0.7238 0.2816 -0.6300
vn -0.7591 0.2954 -0.5801
vn 0.7674 -0.2992 -0.5670
vn 0.7239 -0.2823 -0.6294
vn 0.9304 -0.3624 0.0547
vn 0.9308 -0.3626 -0.0461
vn -0.2637 0.4424 0.8572
vn -0.7294 0.3394 0.5940
vn -0.7312 0.2851 0.6198
vn -0.2096 0.4793 0.8523
vn 0.7236 -0.2816 0.6301
vn 0.7591 -0.2954 0.5801
vn -0.9309 0.3626 -0.0446
vn -0.9312 0.3628 0.0344
vn 0.2884 -0.1119 0.9510
vn -0.7228 0.2813 -0.6312
vn -0.7598 0.2957 -0.5791
vn -0.2694 0.1054 0.9572
vn -0.7602 0.2964 0.5782
vn -0.7335 0.2861 0.6166
vn 0.2601 -0.1018 -0.9602
vn -0.9308 0.3626 -0.0464
vn -0.9311 0.3627 0.0388
vn 0.7669 -0.2991 -0.5678
vn 0.7247 -0.2826 -0.6285
vn -0.7183 0.2795 -0.6372
vn -0.7628 0.2969 -0.5744
vn 0.9306 -0.3625 0.0517
vn 0.9309 -0.3627 -0.0426
vn 0.7250 -0.2821 0.6283
vn 0.7580 -0.2950 0.5817
vn 0.7658 -0.2986 -0.5695
vn 0.7264 -0.2833 -0.6262
vn 0.9307 -0.3626 0.0478
vn 0.9311 -0.3627 -0.0392
vn -0.7627 0.2974 0.5743
vn -0.7302 0.2848 0.6211
vn 0.7257 -0.2824 0.6273
vn 0.7575 -0.2948 0.5824
vn -0.9308 0.3626 -0.0473
vn -0.9289 0.3619 0.0781
vn -0.8809 0.3430 -0.3260
vn -0.5288 0.2056 -0.8235
vn -0.7617 0.2970 0.5759
vn -0.7316 0.2853 0.6192
vn -0.9308 0.3626 -0.0472
vn -0.9311 0.3627 0.0379
vn 0.8836 -0.3444 -0.3172
vn 0.8809 -0.3430 0.3260
vn 0.9360 -0.3519 -0.0013
vn 0.8864 -0.3318 0.3227
vn 0.8772 -0.3317 0.3471
vn 0.9361 -0.3518 -0.0007
vn 0.3952 -0.1566 0.9051
vn 0.4222 -0.1631 0.8917
vn 0.3936 -0.1562 0.9059
vn 0.4238 -0.1635 0.8909
vn -0.3950 0.1490 0.9065
vn -0.4211 0.1555 0.8936
vn -0.3933 0.1486 0.9073
vn -0.4227 0.1559 0.8928
vn -0.8748 0.3417 0.3435
vn -0.9320 0.3625 0.0014
vn -0.9320 0.3624 0.0010
vn -0.8841 0.3418 0.3187
vn -0.8824 0.3446 -0.3204
vn -0.8751 0.3382 -0.3460
vn -0.3959 0.1459 -0.9066
vn -0.4203 0.1587 -0.8934
vn -0.3932 0.1446 -0.9080
vn -0.4233 0.1603 -0.8917
vn 0.3961 -0.1535 -0.9053
vn 0.4214 -0.1663 -0.8915
vn 0.3934 -0.1521 -0.9067
vn 0.4245 -0.1679 -0.8897
vn 0.8789 -0.3291 -0.3455
vn 0.9360 -0.3519 -0.0009
vn 0.8861 -0.3350 -0.3203
vn -0.1852 -0.4472 -0.8751
vn -0.3416 -0.3425 -0.8752
vn -0.3300 -0.3434 -0.8793
vn -0.3733 -0.1693 -0.9121
vn -0.4414 -0.2246 -0.8688
vn -0.3710 -0.0050 -0.9286
vn -0.4695 0.0047 -0.8829
vn -0.3626 0.1558 -0.9188
vn -0.5672 0.3406 -0.7498
vn -0.3270 0.3463 -0.8793
vn -0.3382 0.3730 -0.8640
vn -0.1852 0.4472 -0.8751
vn -0.3827 0.9239 -0.0000
vn -0.5829 0.8125 -0.0000
vn -0.5841 0.8117 -0.0000
vn -0.5227 -0.8523 -0.0189
vn -0.4599 -0.8880 -0.0000
vn -0.4715 -0.8518 -0.2282
vn -0.5043 -0.8635 -0.0000
vn -0.2796 -0.0041 -0.9601
vn -0.0120 -0.1904 -0.9816
vn -0.0271 -0.0361 -0.9990
vn -0.3448 -0.1741 -0.9224
vn -0.3827 -0.9239 -0.0000
vn -0.5841 -0.8117 -0.0000
vn -0.5829 -0.8125 -0.0000
vn -0.4449 0.6333 -0.6333
vn -0.2460 0.1642 -0.9553
vn -0.2666 0.1352 -0.9543
vn -0.1058 0.2349 -0.9662
vn -0.2536 -0.5896 -0.7669
vn -0.2348 -0.6873 -0.6873
vn -0.4003 -0.2869 -0.8703
vn -0.5274 0.8496 -0.0000
vn -0.3977 0.9002 -0.1775
vn -0.3882 0.9216 -0.0000
vn -0.5400 0.8417 -0.0000
vn -0.2895 0.1772 -0.9406
vn 0.1665 0.8539 -0.4930
vn 0.3238 0.9461 -0.0000
vn 0.1665 0.9860 -0.0000
vn 0.3238 0.8194 -0.4731
vn -0.0045 0.5000 -0.8660
vn 0.1665 -0.0000 -0.9860
vn 0.1665 0.4930 -0.8539
vn -0.0045 -0.0000 -1.0000
vn 0.1665 -0.4930 -0.8539
vn -0.0045 -0.5000 -0.8660
vn 0.1665 -0.8539 -0.4930
vn -0.0045 -0.8660 -0.5000
vn -0.0045 0.8660 -0.5000
vn 0.3238 0.4730 -0.8194
vn 0.3238 -0.4731 -0.8194
vn 0.3238 -0.0000 -0.9461
vn 0.3238 -0.8194 -0.4731
vn -0.0045 1.0000 -0.0000
vn 0.1665 -0.9860 -0.0000
vn 0.3238 -0.9461 -0.0000
vn -0.0045 -1.0000 -0.0000
vn -0.0045 -0.8660 -0.4999
vn -0.1852 -0.4472 0.8751
vn -0.3423 -0.3423 0.8751
vn -0.3299 -0.3430 0.8795
vn -0.3764 -0.1800 0.9088
vn -0.4413 -0.2245 0.8688
vn -0.3735 -0.0088 0.9276
vn -0.4695 0.0047 0.8829
vn -0.3592 0.1569 0.9200
vn -0.5674 0.3406 0.7497
vn -0.3155 0.3480 0.8828
vn -0.3382 0.3730 0.8640
vn -0.1852 0.4472 0.8751
vn -0.5227 -0.8523 0.0189
vn -0.4715 -0.8518 0.2283
vn -0.2796 -0.0041 0.9601
vn -0.0120 -0.1904 0.9816
vn -0.3448 -0.1741 0.9224
vn -0.0271 -0.0361 0.9990
vn -0.2460 0.1642 0.9553
vn -0.1058 0.2349 0.9662
vn -0.2665 0.1352 0.9543
vn -0.4449 0.6333 0.6333
vn -0.2536 -0.5896 0.7669
vn -0.4003 -0.2869 0.8703
vn -0.2348 -0.6873 0.6873
vn -0.3977 0.9002 0.1775
vn -0.2895 0.1772 0.9406
vn 0.1665 0.8539 0.4930
vn 0.3238 0.8194 0.4731
vn -0.0045 0.5000 0.8660
vn 0.1665 -0.0000 0.9860
vn -0.0045 -0.0000 1.0000
vn 0.1665 0.4930 0.8539
vn 0.1665 -0.4930 0.8539
vn -0.0045 -0.5000 0.8660
vn 0.1665 -0.8539 0.4930
vn -0.0045 -0.8660 0.5000
vn -0.0045 0.8660 0.5000
vn 0.3238 0.4730 0.8194
vn 0.3238 -0.4731 0.8194
vn 0.3238 -0.0000 0.9461
vn 0.3238 -0.8194 0.4731
vn 0.1665 0.8540 0.4930
vn 0.1665 -0.8540 0.4930
vn -0.0045 -0.8660 0.4999
vn -0.5512 -0.5513 -0.6263
vn -0.2381 -0.5748 -0.7829
vn -0.2983 -0.7203 -0.6263
vn -0.4399 -0.4399 -0.7829
vn -0.7202 -0.2984 -0.6263
vn -0.5748 -0.2381 -0.7829
vn -0.7796 -0.0000 -0.6263
vn -0.6221 -0.0000 -0.7829
vn -0.7203 0.2983 -0.6263
vn -0.5748 0.2381 -0.7829
vn -0.5513 0.5513 -0.6263
vn -0.4399 0.4399 -0.7829
vn -0.2984 0.7203 -0.6263
vn -0.2381 0.5748 -0.7829
vn -0.2409 -0.5815 -0.7771
vn -0.2409 0.5815 -0.7771
vn -0.4443 0.4454 -0.7773
vn -0.5416 0.2246 -0.8101
vn -0.5721 -0.0003 -0.8202
vn -0.5439 -0.2261 -0.8081
vn -0.4451 -0.4450 -0.7771
vn 0.7108 -0.7034 -0.0000
vn 0.7277 -0.4696 0.5000
vn 0.6006 -0.6323 0.4893
vn 0.8402 -0.5422 0.0001
vn 0.4201 -0.2711 0.8660
vn 0.2996 -0.4381 0.8475
vn -0.1115 -0.1728 0.9786
vn -0.4201 0.2711 0.8660
vn -0.5226 0.0925 0.8475
vn -0.7277 0.4696 0.5000
vn -0.8236 0.2867 0.4893
vn -0.8402 0.5422 -0.0000
vn -0.9338 0.3578 -0.0000
vn -0.7277 0.4696 -0.5000
vn -0.8236 0.2867 -0.4893
vn -0.4201 0.2711 -0.8660
vn -0.5227 0.0925 -0.8475
vn -0.1115 -0.1728 -0.9786
vn 0.4201 -0.2711 -0.8660
vn 0.2996 -0.4381 -0.8475
vn 0.7277 -0.4696 -0.5000
vn 0.6006 -0.6323 -0.4893
vn 0.8402 -0.5422 -0.0001
vn 0.7108 -0.7034 -0.0001
vn -0.8673 0.4978 -0.0000
vn 0.8673 0.4977 -0.0000
vn -0.7555 0.6552 -0.0000
vn -0.8659 -0.0000 -0.5002
vn -0.6539 0.6549 -0.3788
vn 0.0024 0.6533 0.7571
vn -0.4996 -0.0000 0.8663
vn 0.0008 -0.0000 1.0000
vn -0.3764 0.6542 0.6560
vn 0.3809 0.6525 -0.6552
vn 0.8663 -0.0000 -0.4995
vn 0.5007 -0.0000 -0.8656
vn 0.6575 0.6518 -0.3780
vn 0.7586 0.6516 -0.0000
vn 0.8663 -0.0000 0.4995
vn 0.6575 0.6518 0.3780
vn -0.4996 -0.0000 -0.8663
vn -0.3764 0.6542 -0.6560
vn -0.8659 -0.0000 0.5002
vn -0.6539 0.6550 0.3788
vn 0.5007 -0.0000 0.8656
vn 0.3809 0.6524 0.6552
vn 0.0008 -0.0000 -1.0000
vn 0.0025 0.6533 -0.7571
vn -0.9935 -0.1134 -0.0000
vn -0.8605 -0.1134 -0.4967
vn -0.8608 -0.1135 -0.4961
vn -0.0013 -0.1135 0.9935
vn -0.4967 -0.1135 0.8605
vn 0.0002 -0.1135 0.9935
vn -0.4978 -0.1135 0.8598
vn 0.4959 -0.1136 -0.8609
vn 0.8606 -0.1136 -0.4965
vn 0.4971 -0.1136 -0.8602
vn 0.8602 -0.1136 -0.4972
vn 0.9935 -0.1135 -0.0000
vn 0.8606 -0.1136 0.4965
vn 0.8602 -0.1136 0.4972
vn -0.4967 -0.1135 -0.8605
vn -0.4979 -0.1135 -0.8598
vn -0.8605 -0.1135 0.4967
vn -0.8608 -0.1134 0.4961
vn 0.4971 -0.1136 0.8602
vn 0.4960 -0.1136 0.8609
vn 0.0002 -0.1135 -0.9935
vn -0.0013 -0.1135 -0.9935
vn 0.4366 -0.7762 0.4548
vn 0.6006 -0.6324 0.4893
vn 0.5390 -0.8423 -0.0000
vn 0.1569 -0.5957 0.7877
vn -0.2253 -0.3491 0.9096
vn -0.6074 -0.1025 0.7877
vn -0.5227 0.0925 0.8475
vn -0.8872 0.0780 0.4548
vn -0.9896 0.1441 -0.0000
vn -0.9338 0.3577 -0.0000
vn -0.8872 0.0780 -0.4548
vn -0.6074 -0.1025 -0.7877
vn -0.5227 0.0924 -0.8475
vn -0.2253 -0.3491 -0.9096
vn 0.1568 -0.5957 -0.7877
vn 0.4366 -0.7762 -0.4548
vn 0.6006 -0.6324 -0.4893
vn -0.7757 -0.0000 -0.6311
vn -0.9991 -0.0000 0.0434
vn -0.8335 -0.0000 -0.5526
vn -0.9985 -0.0000 -0.0549
vn 0.8164 -0.0000 -0.5774
vn 0.2853 -0.0000 -0.9584
vn 0.7859 -0.0000 -0.6183
vn 0.3218 -0.0000 -0.9468
vn -0.7780 -0.0000 0.6282
vn -0.8221 -0.0000 0.5694
vn -0.3124 -0.0000 -0.9499
vn -0.2758 -0.0000 -0.9612
vn -0.2853 -0.0000 0.9584
vn -0.3218 -0.0000 0.9468
vn -0.8149 -0.0000 -0.5796
vn -0.7740 -0.0000 -0.6332
vn 0.3124 -0.0000 0.9499
vn 0.2434 -0.0000 0.9699
vn -0.9991 -0.0000 0.0431
vn -0.9986 -0.0000 -0.0529
vn 0.5664 -0.0000 0.8241
vn -0.7806 -0.0000 0.6251
vn -0.8204 -0.0000 0.5719
vn 0.9452 -0.0000 0.3265
vn 0.9995 -0.0000 -0.0318
vn 0.9991 -0.0000 0.0413
vn -0.5745 -0.0000 0.8185
vn 0.7850 -0.0000 -0.6195
vn 0.8172 -0.0000 -0.5764
vn -0.0050 -0.0000 1.0000
vn 0.2758 -0.0000 0.9612
vn 0.3436 -0.0000 0.9391
vn -0.2435 -0.0000 -0.9699
vn -0.5664 -0.0000 -0.8241
vn -0.9452 -0.0000 -0.3265
vn -0.9988 -0.0000 -0.0497
vn -0.9970 -0.0000 0.0771
vn -0.7820 -0.0000 0.6233
vn -0.8194 -0.0000 0.5733
vn 0.8131 -0.0000 0.5821
vn 0.7765 -0.0000 0.6301
vn 0.9994 -0.0000 -0.0342
vn 0.9991 -0.0000 0.0436
vn 0.7844 -0.0000 -0.6203
vn 0.8176 -0.0000 -0.5758
vn -0.8150 -0.0000 -0.5794
vn -0.7738 -0.0000 -0.6335
vn -0.9986 -0.0000 -0.0530
vn -0.7807 -0.0000 0.6249
vn -0.8203 -0.0000 0.5720
vn -0.5746 -0.0000 0.8185
vn -0.7961 -0.0000 0.6052
vn -0.8076 -0.0000 0.5898
vn 0.8116 -0.0000 0.5842
vn 0.7786 -0.0000 0.6275
vn 0.0050 -0.0000 -1.0000
vn 0.0049 -0.0000 -1.0000
vn 0.9996 -0.0000 -0.0287
vn 0.9993 -0.0000 0.0383
vn 0.8341 -0.0000 0.5516
vn 0.7513 -0.0000 0.6600
vn -0.9484 -0.0000 0.3171
vn -0.2518 0.9678 -0.0000
vn 0.1036 -0.9946 -0.0000
vn -0.0294 -0.0000 -0.9996
vn 0.8658 -0.0000 0.5004
vn 0.8664 -0.0000 0.4993
vn -0.5011 -0.0000 -0.8654
vn -0.4991 -0.0000 -0.8665
vn -0.2589 -0.0000 0.9659
vn -0.4991 -0.0000 0.8665
vn 0.7073 -0.0000 -0.7069
vn -0.2589 -0.0000 -0.9659
vn -0.5011 -0.0000 0.8654
vn 0.6343 0.2660 -0.7259
vn -0.7300 0.2084 -0.6509
vn -0.0163 0.9907 -0.1354
vn -0.0287 -0.6103 -0.7916
vn -0.0122 -0.3565 -0.9342
vn 0.0131 0.3486 0.9372
vn 0.5392 -0.8328 0.1253
vn 0.1667 -0.9055 0.3902
vn -0.0121 -0.3572 -0.9339
vn 0.1226 -0.3716 0.9203
vn 0.2741 -0.0763 -0.9587
vn 0.0131 0.3487 0.9371
vn 0.1225 -0.3714 0.9203
vn 0.5123 -0.7444 -0.4282
vn -0.0123 -0.3561 -0.9344
vn 0.1225 -0.3709 0.9206
vn 0.1225 -0.3712 0.9204
vn 0.0131 0.3488 0.9371
vn 0.3444 -0.8793 0.3290
vn -0.0121 -0.3569 -0.9341
vn -0.1673 0.9051 -0.3908
vn -0.1673 0.9053 -0.3905
vn -0.0122 -0.3562 -0.9343
vn -0.0122 -0.3566 -0.9342
vn -0.1102 0.9051 0.4107
vn 0.2289 -0.3459 0.9099
vn 0.2721 -0.8661 -0.4194
vn 0.0236 0.3995 -0.9164
vn 0.9828 0.1844 -0.0000
vn 0.6577 0.5092 0.5551
vn 0.7771 -0.6294 0.0001
vn 0.6954 0.1474 -0.7033
vn 0.3486 -0.0766 0.9341
vn 0.2916 -0.0159 0.9564
vn 0.2778 -0.0228 0.9604
vn 0.2702 -0.0101 0.9628
vn 0.2615 0.0033 0.9652
vn 0.2793 -0.0254 0.9599
vn 0.2439 -0.0090 0.9698
vn -0.8833 -0.4478 0.1388
vn 0.8851 0.4440 -0.1391
vn -0.8775 -0.4790 0.0231
vn 0.1805 0.2556 0.9498
vn -0.0798 0.6455 -0.7596
vn 0.1482 0.3098 0.9392
vn 0.1656 0.2865 0.9437
vn 0.1032 0.3524 0.9302
vn 0.1159 0.3401 0.9332
vn 0.0382 0.4061 0.9130
vn 0.0999 0.3538 0.9300
vn -0.6911 -0.0027 -0.7227
vn 0.5283 0.1056 -0.8424
vn 0.0251 0.7971 0.6034
vn 0.1266 0.7938 0.5948
vn 0.7905 0.0032 0.6124
vn 0.0239 0.9579 0.2862
vn 0.0938 -0.7880 0.6084
vn -0.5661 -0.0397 0.8233
vn -0.6832 -0.0879 -0.7249
vn 0.5402 0.0030 -0.8415
vn 0.9949 -0.0557 -0.0837
vn 0.9623 -0.2514 -0.1037
vn 0.6751 0.7360 -0.0502
vn 0.1492 -0.6135 0.7755
vn -0.3186 0.1844 0.9298
vn -0.3305 0.2215 0.9174
vn -0.3388 0.1798 0.9235
vn -0.3653 0.1261 0.9223
vn -0.3984 0.1571 0.9037
vn -0.4027 0.1565 0.9019
vn -0.4440 0.1200 0.8879
vn -0.0000 0.4473 -0.8944
vn 0.6427 -0.7590 -0.1045
vn 0.8337 -0.5423 -0.1045
vn -0.0000 -0.7870 0.6170
vn 0.9556 0.2843 -0.0772
vn 0.0183 0.5751 -0.8179
vn -0.1167 -0.0279 0.9928
vn -0.7509 0.0002 0.6605
vn -0.0852 0.6861 0.7225
vn -0.9628 0.0510 0.2655
vn -0.0000 -0.1653 0.9862
vn 0.9903 -0.0647 0.1232
vn 0.9556 -0.2531 0.1509
vn 0.6821 0.7270 0.0786
vn 0.6614 -0.6234 0.4169
vn -0.0000 -0.2430 -0.9700
vn 0.0257 0.5750 0.8178
vn 0.0371 0.7584 0.6507
vn -0.5201 0.3685 -0.7705
vn -0.4010 0.1676 -0.9006
vn -0.4016 0.1674 -0.9004
vn -0.4011 0.1677 -0.9005
vn -0.4012 0.1678 -0.9005
vn -0.4011 0.1678 -0.9005
vn -0.4014 0.1679 -0.9004
vn 0.6465 -0.7474 0.1532
vn 0.8965 -0.2563 0.3613
vn -0.0000 -0.8809 0.4734
vn 0.9552 0.2721 0.1161
vn -0.1167 -0.0280 -0.9928
vn -0.7509 0.0002 -0.6605
vn -0.0894 0.7153 -0.6930
vn -0.7733 -0.6165 -0.1481
vn -0.0000 -0.7870 -0.6170
vn -0.7964 -0.6019 0.0587
vn 0.6596 0.1066 0.7440
vn 0.5985 -0.0930 0.7957
vn -0.5127 0.6648 0.5433
vn -0.6036 0.7953 -0.0574
vn -0.9683 0.1185 -0.2197
vn 0.1145 -0.3655 -0.9238
vn 0.9553 0.2955 0.0049
vn 0.9571 0.2898 0.0057
vn 0.9570 0.2899 0.0061
vn 0.9571 0.2896 0.0057
vn 0.9571 0.2898 0.0056
vn 0.9571 0.2897 0.0062
vn 0.9573 0.2891 0.0068
vn 0.9570 0.2901 0.0067
vn 0.9565 0.2915 0.0077
vn 0.9664 0.2515 -0.0525
vn 0.2859 -0.8761 -0.3881
vn 0.9681 0.2496 -0.0204
vn 0.9678 0.2507 -0.0214
vn 0.9665 0.2559 -0.0202
vn 0.9665 0.2560 -0.0200
vn 0.9664 0.2564 -0.0196
vn 0.9662 0.2568 -0.0214
vn 0.9663 0.2567 -0.0211
vn 0.9660 0.2577 -0.0221
vn 0.9676 0.2517 -0.0225
vn 0.9664 0.2563 -0.0193
vn 0.9673 0.2527 -0.0195
vn 0.9664 0.2562 -0.0188
vn 0.9663 0.2568 -0.0183
vn 0.9663 0.2566 -0.0198
vn 0.9554 0.2952 0.0055
vn 0.9601 0.2798 0.0027
vn 0.9603 0.2789 0.0045
vn 0.9571 0.2896 0.0055
vn 0.9603 0.2789 -0.0043
vn 0.6392 0.3528 -0.6834
vn 0.4620 0.8782 -0.1233
vn 0.6368 0.3491 0.6875
vn 0.8911 -0.4537 -0.0047
vn 0.6766 0.1764 -0.7149
vn 0.8808 -0.4729 -0.0214
vn 0.5882 0.5917 -0.5512
vn 0.3426 -0.9390 -0.0306
vn 0.3424 -0.9391 -0.0305
vn 0.8203 0.4738 -0.3203
vn 0.9278 -0.0332 0.3717
vn 0.8902 0.4059 -0.2069
vn 0.9734 0.2198 0.0654
vn 0.5153 0.6074 -0.6046
vn 0.1144 0.9285 -0.3533
vn -0.3423 0.9391 0.0306
vn -0.1653 0.9706 -0.1749
vn 0.1653 -0.9706 0.1750
vn 0.9999 0.0059 -0.0091
vn 0.9963 0.0858 -0.0081
vn 0.9778 0.1257 0.1676
vn -0.1681 0.9858 0.0021
vn -0.1656 0.9725 -0.1637
vn 0.4787 0.8780 0.0048
vn 0.4225 0.7902 -0.4439
vn 0.4251 0.7984 0.4265
vn 0.4256 0.8000 -0.4229
vn 0.4704 0.8825 0.0014
vn 0.9820 0.1889 0.0084
vn -0.3706 0.9213 -0.1175
vn 0.4069 0.9089 -0.0917
vn 0.9256 -0.3716 0.0713
vn 0.0707 -0.0655 -0.9953
vn 0.0696 -0.0674 -0.9953
vn 0.0512 -0.1336 -0.9897
vn 0.0500 -0.1329 -0.9899
vn 0.1252 0.7075 0.6955
vn -0.0000 -0.7438 -0.6684
vn 0.1542 0.5823 -0.7982
vn -0.1966 -0.6977 -0.6888
vn 0.1966 0.6977 0.6889
vn 0.1525 0.5819 -0.7988
vn 0.7850 -0.5623 -0.2599
vn -0.7873 0.5603 0.2574
vn 0.3281 0.6227 -0.7104
vn 0.3282 0.6226 -0.7104
vn 0.9175 -0.3844 -0.1018
vn -0.3715 0.9202 0.1233
vn -0.9172 0.3839 0.1067
vn -0.3556 0.8926 0.2771
vn -0.8802 0.3530 0.3174
vn 0.9171 0.3501 0.1906
vn 0.3938 0.8914 0.2242
vn 0.1179 -0.1502 0.9816
vn 0.0627 -0.0985 0.9932
vn 0.0884 -0.0983 0.9912
vn -0.0798 -0.2106 0.9743
vn 0.0601 -0.9318 -0.3580
vn 0.0935 -0.4042 -0.9099
vn -0.0590 0.9318 0.3581
vn -0.0917 0.4043 0.9100
vn 0.0330 -0.1001 0.9944
vn 0.0328 -0.0977 0.9947
vn 0.0280 -0.0951 0.9951
vn 0.0275 -0.0990 0.9947
vn 0.0330 -0.0938 0.9950
vn 0.9809 -0.1935 -0.0188
vn 0.5015 -0.5400 0.6760
vn 0.5035 0.3980 0.7669
vn -0.2206 -0.5288 -0.8195
vn -0.7116 -0.5201 -0.4723
vn -0.1252 -0.7075 -0.6955
vn -0.9828 -0.1848 -0.0009
vn -0.1608 -0.6948 0.7010
vn -0.3282 -0.6226 0.7104
vn -0.1531 -0.5824 0.7984
vn -0.0000 -1.0000 -0.0020
vn -0.0000 -1.0000 -0.0019
vn -0.9999 -0.0059 0.0091
vn 0.0122 -0.3565 -0.9342
vn -0.1667 -0.9052 0.3909
vn -0.1667 -0.9055 0.3902
vn 0.0121 -0.3572 -0.9339
vn -0.3651 0.4123 0.8347
vn -0.5695 -0.7545 0.3262
vn -0.1486 0.9199 0.3629
vn 0.1673 0.9052 -0.3907
vn 0.1673 0.9049 -0.3914
vn 0.1673 0.9053 -0.3904
vn 0.0123 -0.3561 -0.9344
vn -0.3444 -0.8793 0.3290
vn 0.1101 0.9051 0.4106
vn -0.2483 -0.2803 -0.9272
vn 0.0121 -0.3569 -0.9341
vn 0.9496 -0.2899 0.1195
vn -0.9752 0.1944 -0.1058
vn -0.9522 0.2482 -0.1782
vn 0.9522 -0.2482 0.1784
vn -0.9707 0.2359 -0.0463
vn 0.9706 -0.2360 0.0464
vn 0.9521 -0.2482 0.1784
vn -0.9707 0.2360 -0.0463
vn -0.9522 0.2482 -0.1783
vn -0.9752 0.1943 -0.1058
vn 0.9496 -0.2899 0.1196
vn 0.9707 -0.2360 0.0464
vn -0.9752 0.1944 -0.1057
vn -0.9521 0.2482 -0.1783
vn 0.1229 0.3708 -0.9205
vn 0.1230 0.3711 -0.9204
vn 0.1230 0.3713 -0.9203
vn 0.1673 0.9052 -0.3906
vn -0.1105 -0.9086 -0.4028
vn -0.1106 -0.9088 -0.4024
vn -0.1106 -0.9089 -0.4020
vn 0.1102 0.9051 0.4106
vn 0.9752 -0.1944 0.1057
vn -0.9496 0.2899 -0.1196
vn -0.9496 0.2898 -0.1196
vn -0.9496 0.2899 -0.1195
vn 0.9752 -0.1943 0.1058
vn -0.9828 0.1844 -0.0000
vn -0.7771 -0.6294 0.0001
vn -0.6860 0.1458 -0.7128
vn -0.3486 -0.0766 0.9341
vn -0.2773 0.0509 0.9594
vn -0.2615 0.0033 0.9652
vn -0.2702 -0.0101 0.9628
vn -0.2439 -0.0090 0.9697
vn -0.2793 -0.0254 0.9599
vn -0.2778 -0.0228 0.9604
vn 0.8833 -0.4478 0.1388
vn 0.8775 -0.4790 0.0231
vn 0.9470 0.2847 0.1488
vn -0.2023 0.9788 -0.0318
vn -0.1656 0.2865 0.9437
vn -0.1327 0.3279 0.9353
vn -0.1159 0.3401 0.9332
vn -0.0999 0.3538 0.9300
vn -0.1032 0.3524 0.9302
vn -0.0382 0.4061 0.9130
vn -0.7389 0.3228 0.5915
vn -0.1266 0.7938 0.5948
vn 0.0954 0.6429 -0.7600
vn 0.2403 0.9699 0.0389
vn -0.2098 0.9772 -0.0319
vn -0.9949 -0.0557 -0.0837
vn -0.9623 -0.2514 -0.1037
vn -0.6751 0.7360 -0.0502
vn -0.6599 -0.7052 -0.2593
vn -0.0371 0.7585 -0.6507
vn -0.1492 -0.6132 0.7757
vn 0.4440 0.1200 0.8879
vn 0.4027 0.1565 0.9019
vn 0.3186 0.1844 0.9298
vn 0.3305 0.2215 0.9174
vn 0.3388 0.1798 0.9235
vn 0.3987 0.1571 0.9035
vn 0.3654 0.1260 0.9223
vn 0.9871 0.1038 0.1215
vn -0.8970 -0.2566 -0.3600
vn -0.9556 0.2843 -0.0772
vn -0.0183 0.5751 -0.8179
vn 0.1167 -0.0279 0.9928
vn 0.7509 0.0002 0.6605
vn 0.0894 0.7153 0.6930
vn 0.9628 0.0510 0.2655
vn -0.1001 -0.8752 -0.4732
vn -0.9903 -0.0647 0.1232
vn -0.9525 0.0686 0.2966
vn -0.9556 -0.2531 0.1509
vn 0.4012 0.1675 -0.9005
vn 0.5200 0.3689 -0.7704
vn 0.4011 0.1678 -0.9005
vn 0.4012 0.1678 -0.9005
vn 0.4014 0.1679 -0.9004
vn 0.4011 0.1677 -0.9005
vn 0.4016 0.1675 -0.9004
vn -0.6465 -0.7474 0.1532
vn -0.8947 -0.4072 0.1836
vn -0.0002 -0.9999 0.0109
vn 0.1167 -0.0280 -0.9928
vn 0.7509 0.0002 -0.6605
vn 0.0852 0.6861 -0.7225
vn 0.8067 -0.5784 -0.1211
vn 0.4751 0.8795 0.0274
vn 0.7697 -0.6300 0.1033
vn 0.6682 0.7073 0.2309
vn -0.2286 0.7169 0.6587
vn -0.5985 -0.0930 0.7957
vn 0.6004 0.4542 0.6581
vn -0.5101 -0.3483 -0.7865
vn -0.9597 0.2810 0.0073
vn -0.9591 0.2830 0.0068
vn -0.9566 0.2911 0.0159
vn -0.9553 0.2955 0.0049
vn -0.9565 0.2915 0.0077
vn -0.9570 0.2901 0.0067
vn -0.9570 0.2899 0.0061
vn -0.9573 0.2891 0.0068
vn -0.9571 0.2897 0.0062
vn -0.9571 0.2898 0.0055
vn -0.9571 0.2898 0.0057
vn -0.9571 0.2896 0.0057
vn -0.8436 -0.2615 0.4690
vn -0.8448 -0.2710 -0.4614
vn -0.5636 0.6863 0.4596
vn -0.5625 0.6909 -0.4542
vn -0.5860 0.6636 -0.4650
vn -0.5815 0.6596 0.4762
vn -0.8673 -0.2132 -0.4499
vn -0.8594 -0.2146 0.4641
vn -0.9749 0.2214 -0.0244
vn -0.9743 0.2241 -0.0223
vn -0.9664 0.2515 -0.0525
vn -0.9677 0.2463 -0.0533
vn -0.9665 0.2559 -0.0202
vn -0.9682 0.2495 -0.0204
vn -0.9678 0.2507 -0.0214
vn -0.9675 0.2517 -0.0225
vn -0.9663 0.2567 -0.0211
vn -0.9660 0.2576 -0.0221
vn -0.9662 0.2568 -0.0214
vn -0.9664 0.2564 -0.0196
vn -0.9665 0.2560 -0.0200
vn -0.8466 -0.2966 0.4420
vn -0.8333 -0.2881 -0.4719
vn -0.5852 0.6720 0.4537
vn -0.5715 0.6679 -0.4768
vn -0.5858 0.6385 -0.4992
vn -0.6170 0.6395 0.4587
vn -0.8431 -0.2491 -0.4766
vn -0.8748 -0.2307 0.4260
vn -0.9664 0.2563 -0.0188
vn -0.9676 0.2518 -0.0198
vn -0.9673 0.2527 -0.0195
vn -0.9684 0.2488 -0.0188
vn -0.9675 0.2520 -0.0218
vn -0.9554 0.2951 0.0055
vn -0.9595 0.2812 0.0183
vn -0.9597 0.2809 0.0078
vn -0.9603 0.2789 -0.0043
vn -0.9571 0.2896 0.0055
vn -0.6866 0.2003 -0.6989
vn -0.5623 0.6668 -0.4891
vn -0.5659 0.6789 0.4678
vn -0.6766 0.1764 -0.7149
vn -0.8826 -0.4696 -0.0213
vn -0.5882 0.5917 -0.5512
vn -0.3426 -0.9390 -0.0306
vn -0.9278 -0.0332 0.3717
vn -0.5097 0.8219 0.2544
vn -0.8136 -0.2981 -0.4992
vn -0.7948 -0.5751 0.1935
vn 0.3420 0.9392 0.0306
vn 0.3423 0.9391 0.0305
vn -0.9778 0.1257 0.1676
vn -0.4225 0.7902 -0.4439
vn -0.4261 0.7984 0.4255
vn -0.4256 0.8000 -0.4229
vn -0.4203 0.7915 0.4437
vn -0.4704 0.8825 0.0014
vn -0.9804 -0.1899 0.0520
vn -0.0303 -0.1133 -0.9931
vn -0.9820 0.1889 0.0084
vn -0.0301 -0.1149 -0.9929
vn 0.3959 -0.9136 0.0927
vn 0.3706 0.9213 -0.1175
vn -0.4069 0.9088 -0.0917
vn -0.3895 -0.9136 0.1170
vn -0.1252 0.7075 0.6955
vn 0.1137 0.7563 0.6443
vn -0.1542 0.5823 -0.7982
vn -0.1525 0.5819 -0.7988
vn -0.7847 -0.5624 -0.2608
vn 0.7873 0.5603 0.2574
vn -0.3282 0.6226 -0.7104
vn -0.0663 -0.1013 0.9926
vn -0.3880 0.9190 0.0697
vn 0.3715 0.9202 0.1233
vn 0.3876 -0.9196 -0.0642
vn 0.3556 0.8926 0.2771
vn 0.3716 -0.9238 0.0920
vn -0.9171 0.3501 0.1906
vn -0.9106 -0.3972 0.1144
vn -0.0664 -0.1013 0.9926
vn -0.1070 -0.0556 0.9927
vn -0.0333 -0.0555 0.9979
vn -0.0181 0.9706 0.2400
vn 0.0005 -0.9999 -0.0109
vn -0.0627 -0.0985 0.9932
vn -0.0884 -0.0983 0.9912
vn -0.0925 -0.2057 -0.9742
vn 0.0798 -0.2106 0.9743
vn -0.0044 0.9336 -0.3584
vn -0.0601 -0.9318 -0.3580
vn 0.0033 -0.9336 0.3584
vn 0.0590 0.9318 0.3581
vn -0.0280 -0.0951 0.9951
vn -0.0330 -0.1001 0.9944
vn -0.0329 -0.0938 0.9950
vn -0.0275 -0.0990 0.9947
vn -0.9241 0.3803 0.0370
vn 0.9828 -0.1848 -0.0009
vn 0.9500 -0.3123 -0.0029
vn 0.9508 -0.3097 0.0062
vn 0.9778 -0.1257 -0.1676
vn 0.7073 -0.0000 -0.7070
vn 0.6595 0.2499 -0.7089
vn -0.7007 0.2306 -0.6752
s 1
usemtl PlasticRough
f 426//1 159//2 448//3
f 176//4 199//5 173//6
f 437//7 181//8 243//9
f 102//10 19//11 117//12
f 460//13 139//14 201//15
f 34//16 66//16 39//16
f 27//16 46//16 18//16
f 133//17 157//18 131//19
f 121//12 167//20 165//21
f 65//22 79//23 84//24
f 32//16 48//16 59//16
f 25//16 68//16 53//16
f 54//25 73//26 45//27
f 47//28 80//29 58//30
f 52//31 83//32 77//33
f 439//34 87//35 425//36
f 2//37 447//38 9//39
f 13//40 452//41 459//42
f 450//43 145//44 139//14
f 463//45 187//46 181//8
f 144//47 448//3 159//2
f 5//48 464//49 435//50
f 214//51 17//52 98//53
f 108//54 119//55 121//12
f 11//56 447//38 453//57
f 150//58 161//59 163//60
f 16//61 459//42 466//62
f 183//63 205//64 192//65
f 8//66 435//50 442//67
f 226//68 247//69 234//70
f 39//16 71//16 44//71
f 71//16 41//16 44//71
f 27//16 57//16 55//16
f 57//16 25//16 53//16
f 20//16 51//16 48//16
f 51//16 18//16 46//16
f 34//16 64//16 61//71
f 64//16 32//16 59//16
f 84//24 70//72 65//22
f 69//73 83//32 67//74
f 76//75 56//76 78//77
f 56//76 77//33 78//77
f 72//78 50//79 75//80
f 49//81 73//26 74//82
f 79//23 63//83 82//84
f 62//85 80//29 81//86
f 1//87 433//88 3//89
f 238//90 24//91 28//92
f 232//93 251//94 240//95
f 215//96 233//97 241//98
f 219//99 227//100 235//101
f 440//102 7//103 441//104
f 26//105 239//106 29//107
f 195//108 38//109 42//110
f 189//111 209//112 198//113
f 250//114 173//6 251//94
f 246//115 177//116 247//69
f 223//117 446//118 229//119
f 172//120 43//121 40//122
f 35//123 169//124 31//125
f 156//126 165//21 167//20
f 207//127 131//19 209//112
f 203//128 135//129 205//64
f 467//130 201//15 186//131
f 117//12 31//125 169//124
f 4//132 428//133 2//37
f 114//134 123//135 125//1
f 222//136 91//137 90//138
f 429//139 127//140 426//1
f 98//53 22//141 104//142
f 129//143 36//144 33//145
f 445//146 243//9 228//147
f 125//1 163//60 161//59
f 10//148 454//149 452//41
f 137//150 151//151 135//129
f 211//152 33//145 38//109
f 90//138 106//153 116//153
f 218//154 95//155 94//53
f 94//53 100//156 110//157
f 464//49 15//158 465//159
f 180//160 193//161 177//116
f 254//162 40//122 24//91
f 140//163 324//164 202//165
f 175//166 308//167 190//168
f 126//169 385//170 115//171
f 138//172 326//173 378//174
f 245//175 275//176 283//177
f 178//178 312//179 334//180
f 168//181 410//182 346//183
f 138//172 361//184 143//185
f 170//186 408//187 118//188
f 244//189 280//190 230//191
f 171//166 298//167 196//192
f 140//163 364//193 380//194
f 164//195 400//196 356//197
f 174//178 302//179 330//198
f 166//186 398//187 122//169
f 249//175 265//176 273//199
f 134//200 351//201 149//202
f 160//195 390//182 366//197
f 204//203 318//204 326//173
f 136//163 354//205 376//206
f 162//186 388//187 126//169
f 248//189 270//190 236//207
f 96//208 403//209 101//210
f 202//165 322//211 188//212
f 130//172 341//213 155//202
f 97//214 405//215 421//216
f 253//217 255//218 263//219
f 132//163 344//205 372//206
f 252//220 330//198 262//221
f 208//222 308//167 316//223
f 92//208 393//209 107//210
f 253//217 327//224 171//166
f 252//220 260//225 242//226
f 162//186 361//184 368//227
f 93//228 395//215 417//216
f 248//189 334//180 272//229
f 425//36 112//230 432//230
f 258//90 264//231 256//232
f 268//233 274//234 266//235
f 278//236 284//237 276//238
f 259//98 286//239 287//51
f 269//240 290//241 291//242
f 279//243 294//117 295//34
f 300//244 305//245 297//246
f 310//247 315//248 307//249
f 320//250 325//15 317//251
f 329//252 299//253 328//254
f 333//255 309//256 332//257
f 337//258 319//259 336//260
f 345//124 339//261 342//262
f 355//263 349//264 352//58
f 365//265 359//266 362//267
f 371//268 340//269 369//270
f 375//17 350//271 373//272
f 379//150 360//273 377//274
f 387//140 381//139 384//275
f 397//55 391//54 394//54
f 407//11 401//276 404//276
f 386//277 411//36 414//137
f 396//153 415//138 418//137
f 406//142 419//278 422//155
f 367//279 389//280 387//140
f 357//281 399//282 397//55
f 347//20 409//283 407//11
f 377//274 323//284 379//150
f 373//272 313//127 375//17
f 369//270 303//285 371//268
f 414//137 295//34 294//117
f 418//137 291//242 290//241
f 422//155 287//51 286//239
f 336//260 281//286 337//258
f 332//257 271//115 333//255
f 328//254 261//162 329//252
f 216//287 260//225 288//288
f 134//200 316//223 374//289
f 128//290 383//291 390//182
f 182//178 322//211 338//180
f 213//292 255//218 237//293
f 136//163 314//164 206//294
f 179//166 318//204 184//295
f 130//172 306//296 370//297
f 122//169 395//215 109//171
f 220//287 270//190 292//298
f 132//163 304//164 210//165
f 168//181 344//205 158//299
f 217//300 265//176 231//293
f 221//292 413//216 293//301
f 124//302 393//209 400//196
f 224//303 412//304 88//305
f 170//186 341//213 348//227
f 224//303 280//190 296//306
f 217//300 417//216 289//307
f 118//188 405//215 103//308
f 221//292 275//176 225//309
f 220//287 416//304 92//208
f 164//195 354//205 152//310
f 213//292 421//216 285//311
f 120//302 403//209 410//182
f 210//165 302//179 200//312
f 216//287 420//313 96//208
f 166//186 351//201 358//314
f 245//175 335//315 179//166
f 89//214 385//170 413//216
f 212//222 298//167 306//296
f 244//189 338//180 282//221
f 88//305 383//291 113//316
f 160//195 364//193 146//317
f 249//175 331//224 175//166
f 206//294 312//179 194//318
f 430//319 423//320 424//321
f 427//322 434//323 431//324
f 451//325 454//149 458//326
f 449//327 453//57 447//38
f 468//328 464//49 465//159
f 461//329 466//62 459//42
f 438//330 441//104 444//331
f 436//332 442//67 435//50
f 424//321 440//102 438//330
f 449//327 428//133 427//322
f 462//333 435//50 464//49
f 451//325 459//42 452//41
f 6//334 423//320 1//87
f 477//335 483//336 471//337
f 485//338 506//339 488//340
f 476//341 501//341 493//341
f 479//342 489//342 500//342
f 486//343 482//344 484//345
f 482//344 497//346 484//345
f 503//347 498//348 495//349
f 487//350 502//351 491//352
f 471//337 492//353 474//353
f 884//354 647//355 858//356
f 695//357 617//358 782//359
f 694//360 639//361 699//362
f 815//363 509//364 827//365
f 750//366 635//367 775//368
f 604//369 774//370 777//371
f 822//372 574//373 808//374
f 863//375 759//376 895//377
f 509//364 577//378 511//378
f 826//379 629//380 520//381
f 615//382 741//383 735//384
f 885//385 665//386 855//387
f 603//388 512//389 508//390
f 562//391 536//392 566//392
f 511//378 569//393 507//394
f 574//373 542//395 576//396
f 568//397 542//395 537//398
f 621//399 605//400 617//358
f 514//401 623//402 518//403
f 518//403 620//404 516//405
f 626//406 524//407 632//408
f 613//409 510//410 512//389
f 616//411 610//412 621//399
f 522//413 742//414 712//415
f 590//416 546//417 548//416
f 592//418 554//419 550//420
f 602//419 551//421 554//419
f 530//422 640//423 644//424
f 632//408 520//381 629//380
f 528//425 644//424 635//367
f 516//405 702//426 670//427
f 523//378 595//428 599//378
f 555//429 536//392 532//430
f 529//378 583//431 587//378
f 557//432 517//378 563//378
f 593//433 523//378 599//378
f 580//434 548//416 544//434
f 525//378 587//378 581//378
f 563//378 515//378 559//378
f 769//435 537//398 756//435
f 789//436 899//437 897//438
f 891//439 788//440 894//441
f 555//429 717//442 723//442
f 687//443 582//444 579//445
f 813//446 519//447 593//433
f 556//448 564//449 565//450
f 565//450 560//451 561//452
f 575//453 572//454 573//455
f 567//456 578//457 575//453
f 589//458 582//444 588//459
f 586//460 588//459 584//461
f 591//462 600//463 601//464
f 597//465 600//463 596//466
f 765//467 507//394 569//393
f 730//468 521//469 711//468
f 732//470 513//471 557//432
f 763//472 527//473 751//472
f 683//378 525//378 581//378
f 805//474 803//475 738//476
f 611//477 603//388 604//369
f 607//478 612//479 611//477
f 622//480 614//481 615//382
f 618//482 623//402 622//480
f 642//483 636//484 643//485
f 638//486 643//485 639//361
f 625//487 632//408 631//488
f 631//488 629//380 628//489
f 618//482 701//490 619//491
f 510//410 796//492 828//493
f 707//494 882//495 880//496
f 860//497 649//498 646//499
f 868//500 657//501 866//502
f 862//503 647//355 649//498
f 864//504 661//505 868//500
f 871//506 655//507 869//508
f 873//509 667//510 663//511
f 877//512 655//507 652//513
f 634//514 775//368 636//484
f 625//487 742//414 626//406
f 901//515 653//516 871//506
f 596//466 725//517 597//465
f 584//461 771//518 586//460
f 770//519 546//417 585//520
f 719//521 598//522 726//521
f 594//523 809//524 814//525
f 886//526 722//527 888//528
f 570//529 768//530 764//531
f 724//532 558//533 556//448
f 560//451 689//534 561//452
f 688//535 544//434 678//536
f 681//378 515//378 669//378
f 676//537 562//391 690//538
f 882//495 705//539 884//354
f 657//501 880//496 866//502
f 699//362 698//540 694//360
f 703//541 696//542 698//540
f 687//443 686//543 684//544
f 686//543 689//534 682//545
f 681//378 673//378 685//378
f 673//378 683//378 685//378
f 678//536 692//546 688//535
f 680//546 690//538 692//546
f 702//426 674//547 670//427
f 704//548 672//549 674//547
f 526//550 700//551 640//423
f 725//517 733//552 727//553
f 733//552 724//532 727//553
f 726//521 721//554 719//521
f 721//554 723//442 717//442
f 730//468 715//555 734//555
f 715//555 732//470 734//555
f 741//383 739//556 735//384
f 739//556 742//414 737//557
f 742//414 716//558 712//415
f 716//558 741//383 713//559
f 888//528 718//560 889//561
f 646//499 890//562 860//497
f 713//559 614//481 514//401
f 768//530 766//563 764//531
f 766//563 771//518 762//564
f 769//435 760//565 773//566
f 773//566 758//519 770//519
f 765//467 755//555 752//567
f 755//555 763//472 751//472
f 779//568 776//569 775//368
f 781//570 774//370 776//569
f 753//571 776//569 774//370
f 754//572 775//368 776//569
f 894//441 786//573 896//574
f 652//513 891//439 877//512
f 774//370 508//390 753//571
f 628//489 797//575 802//576
f 572//454 807//577 573//455
f 804//578 608//579 607//478
f 592//418 820//580 810//581
f 828//493 800//582 830//583
f 830//583 798//584 826//379
f 810//581 824//585 812//586
f 824//585 808//374 812//586
f 815//363 829//587 817//587
f 829//587 813//446 817//587
f 809//524 818//588 814//525
f 818//588 807//577 816//589
f 802//576 799//590 806//591
f 806//591 795//592 804//578
f 793//593 901//515 899//437
f 897//438 663//511 789//436
f 855//387 667//510 875//594
f 658//595 844//596 708//597
f 660//598 839//599 662//600
f 748//601 847//602 848//601
f 783//603 851//604 787//604
f 706//605 832//606 648//607
f 654//608 853//609 835//610
f 664//611 842//612 840//613
f 746//602 831//614 847//602
f 785//615 851//604 850//616
f 790//617 840//613 852//618
f 668//619 841//620 842//612
f 708//597 845//621 710//622
f 744//623 841//620 666//624
f 650//625 831//614 645//614
f 651//626 849//627 783//603
f 710//622 843//628 706//605
f 794//629 852//618 854//630
f 648//607 833//631 650//625
f 660//598 850//616 838//632
f 656//633 835//610 836//634
f 792//609 854//630 853//609
f 651//626 836//634 834//635
f 662//600 837//636 658//595
f 748//601 846//623 744//623
f 552//637 876//638 553//639
f 819//640 874//641 898//642
f 900//643 821//644 823//645
f 878//646 757//647 538//648
f 893//649 759//376 761//650
f 859//651 718//560 531//652
f 887//653 747//654 749//655
f 865//656 677//657 543//658
f 679//659 883//660 675//661
f 885//385 749//655 745//662
f 821//644 872//663 539//664
f 538//648 870//665 878//646
f 549//666 876//638 874//641
f 541//667 872//663 870//665
f 545//668 867//669 547//670
f 533//671 861//672 535//673
f 543//658 867//669 865//656
f 531//652 861//672 859//651
f 879//674 679//659 677//657
f 892//675 761//650 757//647
f 898//642 823//645 819//640
f 720//676 856//677 552//637
f 659//678 896//574 786//573
f 675//661 857//679 533//671
f 1076//680 908//681 1080//682
f 936//683 910//684 904//683
f 937//685 907//685 932//685
f 940//686 912//687 910//684
f 1049//688 927//689 1014//690
f 1339//691 1299//692 1297//693
f 948//694 914//695 913//696
f 951//697 915//698 914//695
f 944//699 913//696 912//687
f 1319//700 1302//701 1290//702
f 969//703 983//704 966//705
f 903//706 957//707 972//708
f 1070//709 988//710 1065//711
f 966//705 980//712 963//713
f 1314//714 1295//715 1288//716
f 956//717 990//718 971//719
f 1332//720 1293//721 1291//722
f 914//695 967//723 964//724
f 911//725 961//726 958//727
f 963//713 977//728 960//729
f 913//696 964//724 961//726
f 909//730 958//727 957//707
f 1303//731 1377//732 1307//733
f 987//734 922//735 984//736
f 988//710 916//737 926//738
f 984//736 920//739 981//740
f 981//740 918//741 978//742
f 1053//743 1041//744 1088//745
f 1002//746 1005//747 1039//748
f 1008//749 1011//750 1039//748
f 919//751 999//752 917//753
f 1065//711 926//738 1475//754
f 973//755 918//741 916//737
f 1071//756 971//719 990//718
f 1077//757 972//708 1063//758
f 1057//759 994//760 993//761
f 934//685 932//685 931//685
f 933//762 939//763 935//764
f 938//765 943//766 939//763
f 942//767 947//768 943//766
f 946//769 950//770 947//768
f 949//771 953//772 950//770
f 1372//773 1316//774 1312//775
f 1056//776 991//777 1062//778
f 957//707 959//779 955//780
f 958//727 962//781 959//779
f 961//726 965//782 962//781
f 964//724 968//783 965//782
f 1301//784 1355//785 1303//731
f 955//780 972//708 957//707
f 976//786 973//755 974//787
f 979//788 978//742 976//786
f 982//789 981//740 979//788
f 985//790 984//736 982//789
f 1351//791 1300//792 1298//793
f 973//755 989//794 974//787
f 1047//795 1017//796 1016//797
f 1015//798 1075//799 1048//799
f 1046//800 1086//801 1083//802
f 1062//778 928//803 1076//680
f 960//729 975//804 956//717
f 921//805 1001//806 919//751
f 1371//807 1310//808 1375//809
f 923//810 1004//811 921//805
f 997//812 1041//744 1012//813
f 925//814 1007//815 923//810
f 1063//758 970//816 1058//817
f 917//753 1014//690 927//689
f 998//818 1002//746 997//812
f 1003//819 1002//746 1000//820
f 1006//821 1005//747 1003//819
f 1009//822 1008//749 1006//821
f 1300//792 1318//823 1289//824
f 997//812 1013//825 998//818
f 1068//826 996//827 995//828
f 1054//829 1045//830 1017//796
f 1005//747 1008//749 1039//748
f 997//812 1002//746 1039//748
f 1033//831 949//771 945//832
f 1343//833 1296//834 1295//715
f 938//765 945//832 941//835
f 1043//836 1087//837 1042//838
f 1079//839 903//706 1077//757
f 1031//840 1021//841 1036//842
f 938//765 1026//843 1033//831
f 1304//844 1368//845 1306//846
f 1029//685 931//685 1020//685
f 1025//847 1019//848 1022//849
f 1023//850 1034//851 1027//852
f 1032//853 1310//808 1304//844
f 1092//854 1043//836 1021//841
f 1018//855 1083//802 1091//856
f 1037//857 1042//838 1040//858
f 1066//859 930//860 996//827
f 1066//859 1072//861 1067//862
f 1067//862 1070//709 1065//711
f 1059//756 1073//863 1061//863
f 1061//863 1069//864 1057//759
f 1092//854 1489//865 1082//866
f 1051//867 1054//829 1047//795
f 1065//711 1469//868 1067//862
f 1067//862 1074//869 1066//859
f 1062//778 1060//870 1056//776
f 1064//871 1058//817 1060//870
f 1063//758 1078//872 1077//757
f 1064//871 1076//680 1078//872
f 1474//873 1479//874 1465//875
f 1470//876 1048//799 1075//799
f 1077//757 1081//877 1079//839
f 1078//872 1080//682 1081//877
f 1083//802 1089//878 1084//879
f 1050//880 1477//881 1472//882
f 1084//879 1091//856 1083//802
f 1478//883 1484//884 1479//874
f 1055//885 1085//886 1054//829
f 1050//880 1012//813 1053//743
f 1116//887 1226//888 1235//889
f 1126//890 1100//891 1130//892
f 1127//685 1097//685 1095//685
f 1130//892 1102//893 1134//894
f 1218//895 1184//896 1230//895
f 1458//897 1404//898 1456//899
f 1138//900 1104//901 1141//902
f 1141//902 1105//903 1144//904
f 1134//894 1103//905 1138//900
f 1449//906 1388//907 1447//908
f 1173//909 1159//910 1156//911
f 1147//912 1093//913 1162//914
f 1181//915 1217//916 1223//917
f 1170//918 1156//911 1153//919
f 1445//920 1383//921 1442//922
f 1180//923 1146//924 1161//925
f 1443//926 1397//927 1451//928
f 1104//901 1157//929 1105//903
f 1101//930 1151//931 1103//905
f 1167//932 1153//919 1150//933
f 1103//905 1154//934 1104//901
f 1099//935 1148//936 1101//930
f 1459//937 1439//938 1420//939
f 1174//940 1114//941 1177//942
f 1178//943 1106//944 1163//945
f 1202//946 1210//947 1214//948
f 1110//949 1174//940 1171//950
f 1108//951 1171//950 1168//952
f 1286//953 1282//954 1276//955
f 1192//956 1268//957 1195//958
f 1198//959 1268//957 1201//960
f 1189//961 1109//962 1107//963
f 1214//948 1270//964 1202//946
f 1227//965 1120//966 1237//967
f 1163//945 1108//951 1168//952
f 1275//968 1286//953 1276//955
f 1272//969 1285//970 1250//971
f 1241//972 1098//973 1118//974
f 1274//975 1215//976 1207//977
f 1093//913 1244//978 1242//979
f 1122//685 1124//685 1121//685
f 1123//980 1129//981 1128//982
f 1128//982 1133//983 1132//984
f 1132//984 1137//985 1136//986
f 1136//986 1140//987 1139//988
f 1139//988 1143//989 1142//990
f 1381//991 1385//991 1434//992
f 1231//993 1178//943 1179//994
f 1147//912 1149//995 1148//936
f 1148//936 1152//996 1151//931
f 1151//931 1155//997 1154//934
f 1154//934 1158//998 1157//929
f 1420//939 1448//999 1459//937
f 1145//1000 1162//914 1160//1001
f 1163//945 1166//1002 1164//1003
f 1168//952 1169//1004 1166//1002
f 1171//950 1172//1005 1169//1004
f 1172//1005 1177//942 1175//1006
f 1450//1007 1416//1008 1457//1009
f 1163//945 1179//994 1178//943
f 1161//925 1232//1010 1180//923
f 1162//914 1242//979 1224//1011
f 1117//1012 1211//1013 1204//1014
f 1224//1011 1160//1001 1162//914
f 1165//1015 1150//933 1146//924
f 1191//1016 1111//1017 1109//962
f 1462//1018 1267//1019 1261//1020
f 1194//1021 1113//1022 1111//1017
f 1270//964 1187//1023 1202//946
f 1197//1024 1115//1025 1113//1022
f 1186//1026 1229//1027 1185//1028
f 1204//1014 1107//963 1117//1012
f 1188//1029 1192//956 1190//1030
f 1192//956 1193//1031 1190//1030
f 1195//958 1196//1032 1193//1031
f 1198//959 1199//1033 1196//1032
f 1450//1007 1387//1034 1412//1035
f 1187//1023 1203//1036 1202//946
f 1208//1037 1207//977 1215//976
f 1223//917 1118//974 1181//915
f 1195//958 1268//957 1198//959
f 1187//1023 1268//957 1192//956
f 1139//988 1262//1038 1135//1039
f 1455//1040 1408//1041 1445//920
f 1135//1039 1128//982 1131//835
f 1231//993 1228//1042 1226//888
f 1233//1043 1227//965 1228//1042
f 1230//895 1222//1044 1218//895
f 1234//1044 1220//1010 1222//1044
f 1215//976 1212//1045 1208//1037
f 1216//1046 1210//947 1212//1045
f 1287//1047 1281//1048 1282//954
f 1216//1046 1279//1049 1214//948
f 1237//967 1228//1042 1227//965
f 1239//1050 1226//888 1228//1042
f 1225//1051 1219//1052 1224//1011
f 1223//917 1221//1053 1225//1051
f 1225//1051 1241//972 1223//917
f 1224//1011 1243//1054 1225//1051
f 1209//1055 1240//1056 1238//1057
f 1213//1056 1236//1058 1240//1056
f 1243//1054 1245//1059 1241//972
f 1242//979 1246//1060 1243//1054
f 1238//1057 1205//1061 1209//1055
f 1265//1062 1250//971 1260//1063
f 1216//1046 1277//1064 1283//1065
f 1128//982 1255//1066 1123//980
f 1430//1067 1462//1018 1454//1068
f 1121//685 1258//685 1249//685
f 1248//1069 1254//1070 1251//1071
f 1252//1072 1263//1073 1259//1074
f 1461//1075 1436//1076 1441//1077
f 1280//1078 1282//954 1281//1048
f 1284//1079 1276//955 1282//954
f 1272//969 1280//1078 1281//1048
f 1278//1080 1275//968 1276//955
f 1266//1081 1271//1082 1272//969
f 1292//1083 1366//1084 1333//1085
f 952//1086 1293//721 953//772
f 1308//1087 1374//1088 1309//1089
f 1308//1087 1037//857 1040//858
f 1011//750 1307//733 1039//748
f 952//1086 1305//1090 1292//1083
f 925//814 1302//701 1010//1091
f 1032//853 1306//846 1035//1092
f 1297//693 986//1093 969//703
f 985//790 1300//792 987//734
f 1294//1094 915//698 954//1095
f 1301//784 1011//750 1009//822
f 987//734 1289//824 924//1096
f 1288//716 967//723 915//698
f 1295//715 968//783 967//723
f 1328//1097 1323//1097 1331//1097
f 1321//1098 1313//1099 1324//1100
f 1340//1101 1337//1102 1342//1103
f 1348//1104 1346//1105 1350//1106
f 1335//1107 1350//1106 1337//1102
f 1311//1108 1342//1103 1313//1099
f 1344//1109 1317//1110 1346//1105
f 1353//1111 1360//1112 1357//1113
f 1358//1114 1317//1110 1315//1115
f 1365//1116 1370//1117 1369//1118
f 1372//773 1378//1119 1376//1120
f 1369//1118 1373//1121 1372//773
f 1365//1116 1334//1122 1367//1123
f 1356//1124 1376//1120 1378//1119
f 1326//1125 1288//716 1294//1094
f 1452//1126 1428//1127 1453//1128
f 1391//1129 1394//1130 1396//1131
f 1382//1132 1389//1133 1391//1129
f 1402//1134 1405//1135 1407//1136
f 1411//1137 1413//1138 1415//1139
f 1415//1139 1400//1140 1402//1134
f 1407//1136 1380//1141 1382//1132
f 1386//1142 1409//1143 1411//1137
f 1424//1144 1418//1145 1422//1146
f 1386//1142 1422//1146 1384//1147
f 1429//1148 1431//1149 1432//1150
f 1440//1151 1434//992 1438//1152
f 1435//1153 1431//1149 1434//992
f 1398//1154 1427//1155 1429//1148
f 1438//1152 1421//1156 1440//1151
f 1442//922 1393//1157 1444//1158
f 1105//903 1444//1158 1144//904
f 1142//990 1453//1128 1262//1038
f 1266//1081 1461//1075 1269//1159
f 1454//1068 1261//1020 1264//1160
f 1158//998 1445//920 1157//929
f 1177//942 1446//1161 1450//1007
f 1433//1162 1464//1163 1462//1018
f 1450//1007 1175//1006 1177//942
f 1201//960 1448//999 1199//1033
f 1201//960 1460//1164 1459//937
f 1143//989 1451//928 1142//990
f 1157//929 1442//922 1105//903
f 1115//1025 1449//906 1447//908
f 1176//1165 1456//899 1159//910
f 1051//867 1480//1166 1055//885
f 1487//1167 1488//1168 1092//854
f 1055//885 1482//1169 1090//1170
f 1466//1171 1476//1172 1473//1173
f 1084//879 1481//1174 1485//1175
f 1049//688 1471//1176 1476//1172
f 1053//743 1493//1177 1477//881
f 1486//1178 1490//1179 1488//1168
f 1084//879 1485//1175 1487//1167
f 1082//866 1492//1180 1087//837
f 1466//1171 1468//1181 1470//876
f 1471//1176 1473//1173 1476//1172
f 1485//1175 1486//1178 1487//1167
f 1488//1168 1489//865 1092//854
f 1472//882 1478//883 1474//873
f 1467//1182 1479//874 1480//1166
f 1483//1183 1485//1175 1481//1174
f 1489//865 1490//1179 1492//1180
f 1477//881 1491//1184 1478//883
f 1480//1166 1484//884 1482//1169
f 1470//876 1468//1181 1052//1185
f 1603//1186 1529//1187 1620//1188
f 1582//1189 1552//1190 1584//1191
f 1632//1192 1527//1193 1536//1194
f 1608//1195 1512//1196 1613//1197
f 1591//1198 1521//1199 1523//1200
f 1499//1201 1617//1202 1502//1203
f 1603//1186 1512//1196 1514//1204
f 1615//1205 1524//1206 1527//1193
f 1596//1207 1521//1199 1598//1208
f 1498//1209 1592//1210 1606//1211
f 1503//1212 1630//1213 1506//1214
f 1627//1215 1531//1216 1534//1217
f 1632//1192 1531//1216 1637//1218
f 1608//1195 1523//1200 1516//1219
f 1601//1220 1495//1221 1497//1220
f 1621//1222 1502//1203 1617//1202
f 1634//1223 1506//1214 1630//1213
f 1620//1188 1524//1206 1625//1224
f 1501//1225 1606//1211 1611//1225
f 1494//1226 1628//1227 1594//1228
f 1594//1228 1496//1229 1494//1226
f 1616//1230 1505//1231 1622//1231
f 1507//1232 1633//1233 1628//1227
f 1605//1234 1500//1235 1610//1235
f 1535//1236 1578//1237 1585//1238
f 1515//1239 1539//1240 1511//1240
f 1517//1241 1585//1238 1551//1242
f 1544//1243 1550//1244 1570//1245
f 1626//1246 1593//1247 1629//1248
f 1528//1249 1566//1250 1572//1251
f 1530//1252 1565//1253 1525//1253
f 1537//1254 1572//1251 1587//1255
f 1533//1256 1587//1255 1579//1256
f 1519//1257 1551//1242 1557//1257
f 1520//1258 1562//1259 1522//1260
f 1522//1260 1547//1261 1515//1239
f 1541//1262 1546//1263 1540//1264
f 1541//1262 1548//1265 1549//1266
f 1555//1267 1552//1190 1553//1268
f 1555//1267 1563//1269 1559//1270
f 1567//1271 1571//1272 1564//1273
f 1567//1271 1573//1274 1575//1275
f 1580//1276 1584//1191 1577//1277
f 1580//1276 1586//1278 1588//1279
f 1549//1266 1563//1269 1560//1280
f 1575//1275 1546//1263 1543//1281
f 1569//1282 1586//1278 1571//1272
f 1513//1283 1574//1284 1530//1252
f 1510//1285 1545//1286 1513//1283
f 1612//1287 1604//1288 1609//1289
f 1612//1287 1606//1211 1607//1290
f 1597//1291 1593//1247 1595//1292
f 1597//1291 1592//1210 1599//1293
f 1624//1294 1616//1230 1623//1295
f 1624//1294 1618//1296 1619//1297
f 1636//1298 1629//1248 1635//1299
f 1636//1298 1630//1213 1631//1300
f 1590//1301 1606//1211 1592//1210
f 1619//1297 1604//1288 1602//1302
f 1631//1300 1616//1230 1614//1303
f 1596//1207 1534//1217 1518//1304
f 1781//1305 1643//1306 1645//1305
f 1747//1307 1680//1308 1740//1309
f 1651//1310 1749//1311 1646//1312
f 1642//1313 1736//1314 1774//1315
f 1774//1315 1644//1316 1642//1313
f 1747//1307 1670//1317 1673//1318
f 1771//1319 1655//1320 1764//1321
f 1650//1322 1769//1323 1653//1323
f 1776//1324 1665//1325 1778//1326
f 1771//1319 1665//1325 1667//1327
f 1752//1328 1670//1317 1754//1329
f 1646//1312 1755//1330 1648//1330
f 1740//1309 1675//1331 1745//1332
f 1638//1333 1748//1334 1738//1335
f 1735//1336 1675//1331 1678//1337
f 1678//1337 1776//1324 1735//1336
f 1641//1338 1738//1335 1742//1338
f 1752//1328 1660//1339 1668//1340
f 1643//1306 1762//1341 1650//1322
f 1759//1342 1658//1343 1660//1339
f 1652//1344 1761//1345 1651//1310
f 1649//1346 1748//1334 1647//1347
f 1639//1348 1741//1349 1736//1314
f 1764//1321 1658//1343 1766//1350
f 1659//1351 1688//1285 1693//1283
f 1654//1352 1706//1353 1682//1354
f 1672//1355 1720//1356 1674//1357
f 1657//1358 1682//1354 1689//1358
f 1661//1359 1701//1360 1663//1360
f 1685//1361 1718//1362 1711//1363
f 1679//1364 1695//1365 1661//1359
f 1669//1366 1693//1283 1709//1367
f 1671//1368 1709//1367 1715//1368
f 1674//1357 1731//1369 1681//1370
f 1681//1370 1723//1371 1677//1372
f 1676//1373 1729//1374 1679//1364
f 1666//1375 1702//1376 1706//1353
f 1697//1377 1728//1378 1726//1379
f 1686//1380 1683//1381 1684//1382
f 1686//1380 1694//1383 1690//1384
f 1699//1385 1696//1386 1697//1377
f 1699//1385 1707//1387 1703//1388
f 1712//1389 1708//1390 1710//1391
f 1712//1389 1719//1392 1714//1393
f 1724//1394 1728//1378 1721//1395
f 1724//1394 1730//1396 1732//1397
f 1691//1398 1708//1390 1694//1383
f 1732//1397 1719//1392 1717//1399
f 1704//1400 1683//1381 1707//1387
f 1765//1401 1762//1341 1763//1402
f 1765//1401 1760//1403 1767//1404
f 1777//1405 1773//1406 1775//1407
f 1777//1405 1772//1408 1779//1409
f 1753//1410 1750//1411 1751//1412
f 1753//1410 1748//1334 1757//1413
f 1744//1414 1737//1415 1743//1416
f 1744//1414 1738//1335 1739//1417
f 1734//1418 1773//1406 1737//1415
f 1751//1412 1760//1403 1758//1419
f 1746//1420 1738//1335 1748//1334
f 1763//1402 1772//1408 1770//1421
f 1810//1422 1785//1423 1814//1423
f 1857//1424 1795//1424 1797//1424
f 1874//1425 1803//1426 1802//1427
f 1793//1428 1839//1429 1843//1430
f 1881//1431 1805//1432 1804//1431
f 1846//1433 1802//1427 1794//1433
f 1791//1434 1836//1435 1838//1434
f 1870//1436 1865//1437 1863//1438
f 1819//1439 1828//1440 1830//1441
f 1872//1442 1799//1443 1867//1443
f 1826//1444 1786//1445 1823//1445
f 1868//1446 1798//1447 1861//1448
f 1813//1449 1788//1450 1826//1444
f 1824//1451 1789//1452 1832//1453
f 1856//1449 1801//1454 1872//1442
f 1861//1448 1805//1432 1885//1455
f 1789//1452 1843//1430 1832//1453
f 1820//1456 1825//1457 1822//1458
f 1831//1459 1820//1456 1822//1458
f 1835//1460 1840//1461 1837//1462
f 1840//1461 1842//1463 1837//1462
f 1844//1464 1831//1459 1842//1463
f 1806//1465 1835//1460 1811//1466
f 1825//1457 1817//1467 1815//1468
f 1807//1469 1816//1470 1818//1470
f 1864//1471 1860//1472 1862//1473
f 1864//1471 1871//1474 1866//1475
f 1877//1476 1873//1477 1875//1478
f 1877//1476 1884//1479 1879//1480
f 1850//1481 1873//1477 1848//1481
f 1862//1473 1884//1479 1882//1482
f 1853//1483 1871//1474 1869//1484
f 1849//1485 1854//1486 1851//1487
f 1790//1488 1809//1433 1836//1435
f 1889//1489 1907//1489 1901//1489
f 1890//1490 1898//1491 1886//1492
f 1990//1493 1985//1494 1977//1495
f 1970//1496 1991//1497 1962//1498
f 1996//1499 1897//1500 1891//1501
f 1894//1502 1900//1503 1906//1502
f 1892//1504 1908//1505 1896//1506
f 2009//1507 2019//1508 2014//1509
f 2002//1510 1887//1501 1893//1501
f 2013//1509 1967//1511 2010//1512
f 1995//1513 1887//1501 1986//1494
f 2004//1510 1897//1501 2019//1508
f 1978//1495 1964//1514 1990//1493
f 1913//1515 1915//1515 1917//1515
f 1916//1516 1910//1517 1911//1516
f 1921//1515 1923//1518 1925//1515
f 1924//1517 1918//1516 1919//1517
f 1929//1518 1931//1515 1933//1518
f 1932//1519 1926//1520 1927//1519
f 1937//1515 1939//1515 1941//1515
f 1940//1516 1934//1516 1935//1516
f 1945//1515 1947//1515 1949//1515
f 1948//1517 1942//1516 1943//1517
f 1953//1515 1955//1515 1957//1515
f 1956//1516 1950//1516 1951//1516
f 1975//1521 1980//1522 1973//1523
f 1987//1524 1993//1525 1989//1526
f 2001//1527 2005//1528 1997//1529
f 2016//1530 2018//1531 2012//1532
f 1976//1521 1960//1533 1958//1534
f 2008//1535 1965//1536 2006//1528
f 1962//1498 1988//1526 1963//1537
f 2015//1530 1971//1538 1969//1539
f 1982//1540 1998//1541 1979//1522
f 2022//1542 1991//1497 2018//1531
f 1965//1536 1961//1543 1981//1544
f 1905//1501 1903//1501 1909//1501
f 2246//1545 2333//1546 2329//1547
f 2243//1548 2071//1549 2227//1550
f 2233//1551 2075//1552 2229//1553
f 2229//1553 2077//1554 2237//1555
f 2026//1556 2235//1557 2231//1558
f 2029//1559 2321//1560 2089//1561
f 2178//1562 2198//1563 2186//1562
f 2039//1564 2180//1562 2168//1564
f 2166//1564 2186//1562 2174//1564
f 2069//1565 2160//1566 2297//1567
f 2116//1568 2283//1569 2275//1568
f 2120//1570 2269//1571 2253//1572
f 2259//1573 2058//1574 2267//1575
f 2128//1576 2263//1577 2269//1571
f 2122//1578 2265//1579 2263//1577
f 2257//1580 2116//1568 2275//1568
f 2353//1581 2254//1582 2355//1583
f 2251//1584 2079//1585 2243//1548
f 2343//1586 2253//1572 2354//1587
f 2301//1588 2154//1589 2290//1588
f 2037//1590 2168//1564 2160//1566
f 2041//1562 2192//1563 2180//1562
f 2172//1564 2046//1562 2048//1564
f 2156//1591 2048//1564 2050//1590
f 2162//1589 2174//1564 2154//1589
f 2184//1562 2044//1563 2046//1562
f 2138//1592 2057//1593 2053//1594
f 2028//1595 2225//1596 2235//1557
f 2276//1597 2357//1598 2278//1597
f 2239//1599 2026//1556 2231//1558
f 2059//1600 2132//1601 2051//1602
f 2095//1603 2065//1603 2049//1603
f 2055//1604 2140//1605 2059//1600
f 2042//1606 2102//1606 2036//1606
f 2142//1607 2053//1594 2061//1608
f 2038//1609 2106//1609 2040//1609
f 2024//1610 2241//1611 2225//1596
f 2040//1609 2100//1606 2042//1606
f 2241//1611 2069//1565 2297//1567
f 2293//1612 2113//1612 2222//1612
f 2067//1613 2273//1614 2203//1615
f 2085//1616 2023//1617 2027//1618
f 2087//1619 2027//1618 2025//1620
f 2118//1621 2045//1621 2043//1621
f 2089//1561 2025//1620 2029//1559
f 2110//1621 2047//1603 2045//1621
f 2327//1622 2238//1623 2236//1624
f 2108//1603 2049//1603 2047//1603
f 2083//1625 2031//1626 2023//1617
f 2060//1627 2255//1628 2271//1629
f 2336//1630 2030//1631 2239//1599
f 2267//1575 2056//1632 2261//1633
f 2098//1634 2061//1608 2066//1634
f 2273//1614 2054//1635 2259//1573
f 2091//1636 2068//1637 2031//1626
f 2265//1579 2126//1638 2257//1580
f 2070//1609 2104//1609 2038//1609
f 2056//1632 2271//1629 2261//1633
f 2340//1639 2279//1640 2358//1641
f 2057//1593 2134//1642 2055//1604
f 2308//1643 2147//1643 2250//1644
f 2294//1644 2218//1643 2286//1644
f 2155//1645 2176//1646 2171//1647
f 2153//1648 2175//1649 2157//1650
f 2161//1645 2170//1651 2165//1647
f 2159//1648 2169//1649 2163//1650
f 2171//1647 2188//1652 2183//1653
f 2173//1654 2187//1655 2175//1649
f 2165//1647 2182//1652 2177//1656
f 2167//1654 2181//1655 2169//1649
f 2202//1657 2158//1658 2155//1645
f 2289//1659 2157//1650 2206//1659
f 2300//1660 2164//1658 2161//1645
f 2296//1661 2163//1650 2208//1662
f 2183//1653 2200//1663 2195//1663
f 2185//1664 2199//1665 2187//1655
f 2177//1656 2194//1663 2189//1663
f 2179//1664 2193//1665 2181//1655
f 2284//1666 2212//1667 2302//1668
f 2307//1669 2211//1670 2215//1612
f 2067//1613 2156//1591 2050//1590
f 2226//1671 2234//1672 2224//1673
f 2232//1674 2230//1675 2234//1672
f 2236//1624 2230//1675 2228//1676
f 2311//1677 2093//1678 2323//1679
f 2242//1680 2224//1673 2240//1681
f 2272//1682 2281//1683 2201//1684
f 2130//1685 2352//1686 2277//1685
f 2264//1687 2260//1688 2262//1689
f 2256//1690 2266//1691 2264//1687
f 2252//1692 2270//1693 2254//1582
f 2268//1694 2260//1688 2270//1693
f 2274//1695 2258//1696 2256//1690
f 2240//1681 2249//1697 2242//1680
f 2208//1662 2248//1698 2296//1661
f 2207//1699 2303//1700 2306//1701
f 2204//1702 2285//1703 2287//1704
f 2205//1705 2280//1706 2291//1707
f 2302//1668 2288//1708 2284//1666
f 2317//1709 2237//1555 2077//1554
f 2227//1550 2073//1710 2233//1551
f 2330//1711 2081//1712 2247//1712
f 2329//1547 2337//1713 2331//1714
f 2331//1714 2335//1715 2327//1622
f 2315//1716 2332//1717 2319//1718
f 2319//1718 2328//1719 2317//1709
f 2309//1720 2325//1721 2321//1560
f 2313//1722 2323//1679 2325//1721
f 2310//1723 2338//1724 2314//1725
f 2314//1725 2334//1726 2312//1727
f 2312//1727 2245//1728 2034//1728
f 2144//1729 2339//1730 2347//1731
f 2356//1732 2052//1733 2342//1734
f 2355//1583 2351//1735 2353//1581
f 2347//1731 2341//1736 2349//1737
f 2354//1587 2345//1738 2343//1586
f 2358//1641 2342//1734 2340//1639
f 2051//1602 2349//1737 2341//1736
f 2366//1739 2382//1739 2380//1739
f 2363//1739 2377//1739 2361//1739
f 2360//1740 2373//1739 2359//1741
f 2371//1742 2373//1739 2386//1739
f 2368//1739 2384//1739 2382//1739
f 2366//1739 2379//1739 2363//1739
f 2361//1739 2375//1739 2360//1740
f 2370//1739 2386//1739 2384//1739
f 2372//1743 2394//1744 2395//1743
f 2365//1745 2401//1746 2367//1747
f 2385//1748 2388//1749 2389//1748
f 2378//1750 2393//1751 2376//1751
f 2381//1752 2392//1750 2378//1750
f 2376//1751 2394//1744 2374//1744
f 2381//1752 2390//1753 2391//1752
f 2372//1743 2388//1749 2387//1749
f 2364//1754 2398//1755 2399//1756
f 2360//1740 2396//1757 2397//1758
f 2371//1742 2396//1757 2359//1741
f 2367//1747 2402//1759 2369//1760
f 2365//1745 2399//1756 2400//1745
f 2362//1761 2397//1758 2398//1755
f 2369//1760 2403//1762 2371//1742
f 2383//1753 2389//1748 2390//1753
f 2411//1763 2427//1763 2413//1763
f 2422//1763 2408//1763 2406//1763
f 2418//1763 2405//1764 2404//1765
f 2416//1766 2418//1763 2404//1765
f 2413//1763 2429//1763 2415//1763
f 2424//1763 2411//1763 2408//1763
f 2420//1763 2406//1763 2405//1764
f 2415//1763 2431//1763 2416//1766
f 2417//1767 2439//1768 2419//1769
f 2446//1770 2410//1771 2412//1772
f 2430//1773 2433//1774 2432//1774
f 2438//1775 2423//1776 2421//1775
f 2437//1776 2426//1777 2423//1776
f 2439//1768 2421//1775 2419//1769
f 2426//1777 2435//1778 2428//1778
f 2433//1774 2417//1767 2432//1774
f 2409//1779 2443//1780 2407//1781
f 2405//1764 2441//1782 2404//1765
f 2441//1782 2416//1766 2404//1765
f 2447//1783 2412//1772 2414//1784
f 2410//1771 2444//1785 2409//1779
f 2407//1781 2442//1786 2405//1764
f 2448//1787 2414//1784 2416//1766
f 2428//1778 2434//1773 2430//1773
f 2452//1788 2536//1789 2477//1790
f 2479//1791 2558//1792 2555//1793
f 2548//1794 2520//1795 2551//1796
f 2457//1797 2538//1789 2528//1789
f 2527//1798 2559//1799 2456//1800
f 2493//1801 2552//1802 2550//1803
f 2500//1804 2546//1805 2539//1806
f 2486//1807 2544//1808 2537//1809
f 2466//1810 2542//1811 2492//1812
f 2533//1813 2523//1814 2564//1813
f 2464//1815 2549//1816 2547//1817
f 2531//1818 2525//1819 2470//1820
f 2478//1821 2543//1822 2505//1823
f 2553//1824 2560//1825 2557//1826
f 2471//1827 2540//1811 2532//1811
f 2491//1828 2545//1829 2511//1830
f 2473//1831 2503//1832 2475//1833
f 2476//1834 2501//1835 2471//1827
f 2464//1815 2496//1836 2494//1837
f 2469//1838 2492//1812 2497//1839
f 2485//1840 2461//1841 2459//1842
f 2490//1843 2457//1797 2462//1844
f 2480//1845 2454//1846 2481//1847
f 2482//1848 2452//1788 2477//1790
f 2514//1849 2502//1850 2498//1851
f 2502//1850 2515//1852 2500//1804
f 2512//1853 2495//1854 2513//1855
f 2495//1854 2511//1830 2513//1855
f 2508//1856 2488//1857 2484//1858
f 2488//1857 2509//1859 2486//1807
f 2506//1860 2483//1861 2507//1862
f 2483//1861 2505//1823 2507//1862
f 2470//1820 2526//1863 2474//1864
f 2526//1863 2472//1865 2474//1864
f 2451//1866 2519//1867 2518//1868
f 2519//1867 2449//1869 2517//1870
f 2456//1800 2521//1871 2460//1872
f 2521//1871 2458//1873 2460//1872
f 2465//1874 2524//1875 2523//1814
f 2524//1875 2463//1876 2522//1877
f 2450//1878 2556//1879 2554//1879
f 2562//1798 2527//1798 2529//1798
f 2533//1813 2563//1880 2531//1818
f 2544//1808 2535//1881 2537//1809
f 2528//1789 2536//1789 2530//1789
f 2532//1811 2542//1811 2534//1811
f 2539//1806 2545//1829 2541//1882
f 2529//1798 2518//1868 2562//1798
f 2459//1842 2549//1816 2485//1840
f 2484//1858 2552//1802 2508//1856
f 2548//1794 2522//1877 2463//1876
f 2473//1831 2556//1879 2499//1883
f 2553//1824 2517//1870 2449//1869
f 2498//1851 2558//1792 2514//1849
f 2683//1884 2610//1885 2622//1886
f 2635//1887 2576//1888 2633//1889
f 2689//1890 2612//1891 2602//1892
f 2692//1893 2615//1894 2693//1895
f 2696//1896 2619//1897 2697//1898
f 2702//1899 2612//1891 2688//1900
f 2703//1901 2598//1902 2696//1896
f 2629//1903 2710//1904 2572//1905
f 2706//1906 2608//1907 2692//1893
f 2622//1886 2706//1906 2683//1884
f 2703//1901 2602//1892 2594//1908
f 2700//1909 2615//1894 2606//1910
f 2697//1898 2596//1911 2708//1912
f 2665//1913 2605//1914 2607//1915
f 2611//1916 2679//1917 2621//1918
f 2660//1919 2595//1920 2603//1921
f 2677//1922 2597//1923 2620//1924
f 2577//1925 2644//1926 2586//1927
f 2686//1928 2711//1929 2575//1930
f 2644//1926 2579//1931 2586//1927
f 2575//1930 2699//1932 2686//1928
f 2637//1933 2589//1934 2579//1931
f 2646//1935 2593//1936 2589//1934
f 2616//1937 2665//1913 2607//1915
f 2609//1938 2673//1939 2616//1937
f 2701//1940 2709//1941 2734//1942
f 2569//1943 2623//1944 2565//1945
f 2617//1946 2666//1947 2609//1938
f 2631//1948 2583//1949 2573//1950
f 2621//1918 2675//1951 2617//1946
f 2590//1952 2627//1953 2569//1943
f 2642//1954 2572//1905 2585//1954
f 2650//1955 2582//1956 2593//1936
f 2565//1945 2631//1948 2573//1950
f 2604//1957 2736//1958 2685//1959
f 2652//1960 2599//1961 2595//1920
f 2568//1962 2648//1963 2590//1952
f 2670//1964 2603//1921 2613//1964
f 2737//1965 2600//1966 2702//1899
f 2656//1967 2620//1924 2599//1961
f 2601//1968 2672//1969 2614//1969
f 2591//1970 2707//1971 2567//1972
f 2663//1973 2716//1974 2605//1914
f 2587//1975 2699//1932 2578//1976
f 2566//1977 2690//1978 2704//1979
f 2684//1980 2588//1906 2592//1981
f 2588//1906 2691//1982 2580//1983
f 2659//1984 2718//1985 2728//1986
f 2566//1977 2695//1902 2570//1896
f 2571//1987 2687//1988 2584//1989
f 2570//1896 2698//1990 2591//1970
f 2580//1983 2694//1991 2587//1975
f 2574//1992 2687//1988 2690//1978
f 2592//1981 2681//1993 2684//1980
f 2606//1910 2685//1959 2700//1909
f 2709//1941 2735//1994 2734//1942
f 2713//1995 2733//1996 2735//1994
f 2721//1997 2714//1998 2725//1998
f 2714//1998 2723//1999 2725//1998
f 2737//1965 2719//2000 2717//2001
f 2738//2002 2715//2003 2719//2000
f 2728//1986 2720//2004 2732//2005
f 2720//2004 2730//2006 2732//2005
f 2712//2007 2633//1889 2576//1888
f 2799//2008 2772//2009 2798//2010
f 2803//2011 2763//2012 2761//2013
f 2755//2014 2848//2015 2807//2016
f 2799//2008 2761//2013 2765//2017
f 2855//2018 2895//2019 2873//2020
f 2798//2010 2757//2021 2806//2022
f 2824//2023 2839//2024 2826//2025
f 2795//2026 2763//2012 2802//2027
f 2786//2028 2882//2029 2890//2030
f 2817//2031 2740//2032 2809//2033
f 2812//2034 2841//2035 2814//2036
f 2876//2037 2879//2038 2849//2039
f 2762//2040 2791//2041 2766//2042
f 2837//2043 2859//2044 2828//2045
f 2760//2046 2790//2047 2764//2048
f 2791//2041 2771//2049 2766//2042
f 2843//2050 2858//2051 2874//2052
f 2777//2053 2745//2054 2749//2055
f 2790//2047 2762//2040 2764//2048
f 2756//2056 2835//2057 2822//2058
f 2775//2059 2744//2060 2748//2061
f 2793//2062 2758//2063 2771//2049
f 2754//2064 2777//2053 2749//2055
f 2745//2054 2775//2059 2748//2061
f 2847//2065 2825//2066 2844//2067
f 2742//2068 2779//2069 2754//2064
f 2743//2026 2801//2012 2747//2070
f 2852//2071 2831//2072 2815//2073
f 2829//2074 2811//2075 2813//2076
f 2753//2077 2805//2078 2741//2022
f 2750//2008 2804//2013 2800//2017
f 2746//2011 2801//2012 2804//2013
f 2816//2079 2875//2080 2853//2081
f 2750//2008 2797//2082 2753//2077
f 2844//2067 2827//2083 2843//2050
f 2821//2084 2847//2065 2848//2015
f 2819//2085 2809//2033 2811//2075
f 2829//2074 2815//2073 2831//2072
f 2828//2045 2839//2024 2837//2043
f 2833//2086 2822//2058 2835//2057
f 2814//2036 2842//2087 2816//2079
f 2845//2088 2812//2034 2810//2089
f 2808//2014 2810//2089 2739//2016
f 2876//2037 2853//2081 2875//2080
f 2850//2090 2862//2091 2854//2092
f 2872//2093 2856//2094 2860//2095
f 2855//2018 2874//2052 2858//2051
f 2896//2096 2759//2097 2795//2026
f 2851//2098 2885//2099 2865//2098
f 2767//2100 2878//2101 2744//2060
f 2857//2102 2892//2103 2884//2104
f 2894//2105 2877//2106 2879//2038
f 2880//2107 2887//2108 2885//2099
f 2890//2030 2884//2104 2892//2103
f 2883//2109 2896//2096 2895//2019
f 2877//2106 2796//2110 2743//2026
f 2903//2111 3056//2112 2941//2111
f 2997//2113 2928//2114 3029//2115
f 2999//2116 3085//2117 3084//2117
f 2967//2118 3083//2119 3079//2119
f 2946//2120 2910//2121 2898//2121
f 2899//2122 3042//2123 2935//2122
f 2975//2124 2924//2125 2909//2125
f 2981//2126 2922//2125 3015//2127
f 3088//2128 3049//2129 3091//2130
f 2897//2131 3033//2132 2945//2133
f 2953//2134 3093//2135 3089//2135
f 2969//2136 2916//2137 2998//2138
f 2955//2139 2912//2121 2982//2140
f 2991//2141 2930//2114 2917//2114
f 2983//2142 3095//2143 3092//2143
f 2905//2144 3047//2145 2959//2133
f 2899//2122 2937//2146 2901//2147
f 2901//2147 2933//2148 2897//2131
f 2917//2114 2932//2114 2919//2114
f 2919//2114 2928//2114 2915//2114
f 2910//2121 2902//2121 2898//2121
f 2914//2121 2900//2121 2902//2121
f 2906//2137 2920//2137 2908//2137
f 2908//2137 2916//2137 2904//2137
f 2924//2125 2913//2125 2909//2125
f 2926//2125 2911//2125 2913//2125
f 2903//2111 2943//2149 2907//2146
f 2907//2146 2939//2150 2905//2144
f 2960//2151 2918//2137 2906//2137
f 2990//2152 2964//2153 2962//2154
f 2965//2155 2992//2156 2960//2151
f 3000//2157 2971//2158 3001//2159
f 2972//2160 2998//2138 3004//2161
f 2974//2162 2950//2163 2948//2164
f 2951//2165 2976//2166 2946//2120
f 2984//2167 2957//2168 2986//2169
f 2958//2170 2982//2140 2988//2171
f 3008//2172 2977//2173 2973//2174
f 2979//2175 3006//2176 2975//2124
f 3013//2177 2985//2178 3017//2179
f 2987//2180 3015//2127 3018//2181
f 3029//2115 3003//2182 2997//2113
f 3002//2183 3027//2184 2999//2116
f 3020//2185 2995//2186 3025//2187
f 2994//2188 3022//2189 3024//2190
f 2966//2191 3058//2192 2970//2193
f 3058//2192 2968//2194 2970//2193
f 2961//2195 3051//2196 3049//2129
f 3051//2196 2959//2133 3047//2145
f 2952//2197 3044//2198 2956//2199
f 3044//2198 2954//2200 2956//2199
f 2947//2201 3037//2202 3035//2203
f 3037//2202 2945//2133 3033//2132
f 3080//2204 3035//2203 3081//2205
f 2921//2206 3063//2207 3061//2208
f 3016//2209 3070//2210 3012//2211
f 3030//2209 3076//2212 3026//2213
f 2929//2214 3066//2207 2931//2215
f 3026//2213 3087//2216 3086//2217
f 3005//2218 3062//2219 2923//2214
f 3023//2220 3073//2221 3019//2218
f 3016//2209 3071//2222 3072//2223
f 3012//2211 3096//2224 3094//2225
f 3009//2220 3068//2226 3069//2227
f 3014//2228 3061//2208 3071//2222
f 2927//2206 3066//2207 3064//2208
f 2923//2214 3063//2207 2925//2215
f 3019//2218 3065//2229 2929//2214
f 3009//2220 3067//2221 3005//2218
f 3023//2220 3074//2230 3075//2227
f 3030//2209 3077//2222 3078//2223
f 3028//2228 3064//2208 3077//2222
f 3007//2231 3087//2216 3068//2226
f 3080//2204 3054//2232 2966//2191
f 2948//2164 3083//2119 2974//2162
f 2973//2174 3085//2117 3008//2172
f 3021//2233 3096//2224 3074//2230
f 2989//2234 3095//2143 3022//2189
f 2962//2154 3093//2135 2990//2152
f 3088//2128 3040//2235 2952//2197
f 3059//2236 3055//2237 3111//2238
f 3090//2239 3107//2240 3115//2241
f 3057//2242 3060//2243 3112//2244
f 3039//2245 3034//2246 3103//2247
f 3045//2248 3041//2249 3104//2250
f 2940//2251 3109//2252 3048//2253
f 3090//2239 3104//2250 3041//2249
f 3050//2254 3052//2255 3107//2240
f 3043//2256 3046//2257 3106//2258
f 2944//2259 2942//2260 3100//2261
f 3082//2262 3111//2238 3055//2237
f 2938//2263 2936//2264 3098//2265
f 3082//2262 3101//2266 3114//2267
f 2940//2251 2944//2259 3100//2261
f 2942//2260 3112//2244 3100//2261
f 3036//2268 3038//2269 3101//2266
f 2936//2264 3106//2258 3098//2265
f 2934//2270 2938//2263 3098//2265
f 3053//2271 3048//2253 3109//2252
f 2934//2270 3103//2247 3034//2246
f 3116//2272 3108//2273 3099//2273
f 3113//2272 3097//2274 3116//2272
f 3179//2275 3164//2276 3141//2275
f 3182//2275 3170//2275 3154//2275
f 3175//2277 3136//2278 3183//2277
f 3176//2277 3155//2279 3129//2280
f 3180//2275 3168//2275 3186//2275
f 3181//2275 3162//2275 3187//2275
f 3148//2275 3171//2275 3167//2275
f 3125//2281 3156//2282 3147//2283
f 3133//2275 3165//2275 3161//2275
f 3122//2284 3134//2285 3117//2286
f 3129//2280 3158//2287 3131//2288
f 3159//2289 3130//2290 3132//2291
f 3126//2292 3151//2293 3149//2294
f 3152//2295 3125//2281 3147//2283
f 3121//2296 3145//2297 3123//2298
f 3146//2299 3122//2284 3124//2300
f 3118//2301 3138//2302 3136//2278
f 3139//2303 3117//2286 3134//2285
f 3154//2275 3172//2275 3160//2275
f 3172//2275 3157//2275 3160//2275
f 3150//2275 3169//2275 3168//2275
f 3169//2275 3148//2275 3167//2275
f 3141//2275 3166//2275 3144//2275
f 3166//2275 3142//2275 3144//2275
f 3135//2304 3163//2275 3162//2275
f 3163//2275 3133//2275 3161//2275
f 3174//2305 3149//2294 3178//2305
f 3180//2275 3186//2275 3185//2306
f 3181//2275 3187//2275 3188//2275
f 3173//2305 3140//2307 3121//2296
f 3197//2308 3202//2309 3230//2308
f 3238//2310 3228//2311 3218//2312
f 3231//2313 3238//2310 3242//2313
f 3208//2314 3194//2315 3221//2316
f 3224//2317 3193//2318 3217//2319
f 3235//2320 3200//2321 3240//2321
f 3198//2322 3230//2308 3234//2322
f 3217//2319 3199//2320 3235//2320
f 3192//2323 3208//2314 3213//2323
f 3221//2316 3196//2324 3226//2325
f 3189//2326 3211//2327 3202//2309
f 3201//2328 3210//2329 3204//2330
f 3210//2329 3207//2331 3206//2332
f 3206//2332 3220//2333 3219//2334
f 3220//2333 3223//2335 3219//2334
f 3223//2335 3216//2336 3215//2337
f 3237//2338 3239//2339 3241//2339
f 3233//2340 3227//2341 3232//2340
f 3229//2342 3204//2330 3227//2341
f 3215//2337 3236//2343 3237//2338
f 3246//2344 3262//2345 3256//2345
f 3252//2346 3248//2347 3244//2347
f 3254//2348 3258//2346 3252//2346
f 3256//2345 3260//2348 3254//2348
f 3279//1433 3257//1433 3259//1433
f 3251//1449 3273//1449 3253//1449
f 3261//1433 3279//1433 3259//1433
f 3273//1449 3255//1449 3253//1449
f 3275//1449 3245//1449 3255//1449
f 3277//1433 3247//1433 3257//1433
f 3243//1449 3271//1449 3251//1449
f 3249//1433 3281//1433 3261//1433
f 3289//2349 3287//2349 3284//2349
f 3296//1449 3283//1449 3286//1449
f 3302//835 3294//835 3297//835
f 3285//2350 3301//2350 3311//2350
f 3288//685 3304//685 3298//685
f 3312//2351 3300//2351 3303//2351
f 3305//2352 3313//2352 3307//2352
f 3285//2350 3306//2350 3290//2350
f 3288//685 3308//685 3314//685
f 3321//2353 3319//2353 3316//2353
f 3328//1449 3315//1449 3318//1449
f 3335//2354 3326//2354 3329//2354
f 3317//685 3333//685 3343//685
f 3320//2350 3336//2350 3330//2350
f 3344//2355 3331//2355 3334//2355
f 3337//2356 3345//2356 3339//2356
f 3317//685 3338//685 3322//685
f 3320//2350 3340//2350 3346//2350
f 2655//2357 2649//2358 2625//2359
f 2678//2360 2628//2361 2649//2358
f 2657//2362 2624//2363 2628//2361
f 2624//2363 2661//2364 2632//2365
f 2632//2365 2671//2366 2643//2367
f 2671//2366 2630//2368 2643//2367
f 2658//2369 2724//2370 2630//2368
f 2724//2370 2731//2371 2726//2372
f 2726//2372 2729//2373 2722//2374
f 2722//2374 2662//2375 2634//2376
f 2634//2376 2664//2377 2636//2378
f 2636//2378 2674//2379 2645//2380
f 2674//2379 2638//2381 2645//2380
f 2667//2382 2647//2383 2638//2381
f 2647//2383 2680//2384 2651//2385
f 2651//2385 2668//2386 2640//2387
f 481//2388 472//2389 475//2390
f 2783//2391 2780//2392 2770//2393
f 2794//2394 2778//2395 2780//2392
f 2778//2395 2788//2396 2774//2397
f 2774//2397 2789//2398 2776//2399
f 2789//2398 2768//2400 2776//2399
f 2785//2401 2888//2402 2768//2400
f 2888//2402 2891//2403 2886//2404
f 2886//2404 2867//2405 2866//2406
f 2867//2405 2863//2407 2866//2406
f 2871//2408 2832//2409 2863//2407
f 2838//2410 2830//2411 2832//2409
f 2840//2412 2820//2413 2830//2411
f 2820//2413 2836//2414 2818//2415
f 2818//2415 2782//2416 2751//2417
f 3276//2418 3270//2419 3266//2419
f 3274//2420 3282//2418 3276//2418
f 3272//2421 3280//2420 3274//2420
f 3264//2422 3278//2421 3272//2421
f 2101//2423 2119//2424 2103//2424
f 2107//2425 2111//2423 2101//2423
f 2105//2426 2109//2425 2107//2425
f 2096//2426 2152//2427 2099//2428
f 2213//2429 2220//2429 2099//2428
f 2152//2427 2080//2430 2149//2431
f 2080//2430 2084//2432 2072//2433
f 2072//2433 2086//2434 2074//2435
f 2074//2435 2088//2436 2076//2437
f 2078//2438 2088//2436 2090//2439
f 2318//2440 2090//2439 2322//2441
f 2322//2441 2320//2442 2318//2440
f 2326//2443 2316//2444 2320//2442
f 2082//2445 2324//2446 2094//2445
f 2117//2447 2099//2428 2115//2448
f 2117//2447 2139//2449 2143//2450
f 2127//2451 2137//2452 2139//2449
f 2125//2453 2135//2454 2137//2452
f 2129//2455 2135//2454 2123//2456
f 2121//2457 2141//2458 2129//2455
f 2133//2459 2344//2460 2350//2461
f 2350//2461 2346//2462 2348//2463
f 2348//2463 2131//2464 2145//2465
f 3348//2466 3350//2467 3354//2468
f 3350//2469 3352//2470 3353//2468
f 3362//2471 3364//2472 3360//2468
f 3364//2473 3366//2474 3359//2468
f 3366//2474 3368//2475 3358//2476
f 3368//2477 3370//2478 3357//2476
f 3370//2478 3372//2479 3356//2468
f 3372//2480 3348//2466 3355//2468
f 3373//2481 3374//2482 3384//2483
f 3375//2484 3373//2481 3383//2483
f 3376//2485 3375//2484 3382//2483
f 3377//2486 3376//2485 3381//2483
f 3378//2487 3377//2486 3380//2483
f 3388//2488 3379//2489 3387//2483
f 3389//2490 3388//2488 3386//2483
f 3374//2482 3389//2490 3385//2483
f 3391//685 3394//685 3396//685
f 3398//2350 3399//2350 3401//2350
f 3403//2350 3406//2350 3408//2350
f 3410//685 3411//685 3413//685
f 3414//2491 3446//2492 3416//2493
f 3418//2494 3439//2495 3420//2496
f 3422//2497 3445//2492 3424//2498
f 3416//2499 3448//2500 3426//2501
f 3420//2502 3438//2492 3428//2503
f 3424//2498 3443//2504 3430//2505
f 3426//2506 3449//2507 3432//2508
f 3428//2509 3440//2492 3434//2510
f 3436//2511 3444//2500 3414//2491
f 3430//2512 3441//2504 3418//2513
f 3432//2514 3447//2500 3422//2497
f 3434//2510 3442//2492 3436//2515
f 3450//2516 3464//2517 3452//2518
f 3454//2519 3457//2520 3468//2521
f 3470//2522 3463//2523 3472//2524
f 3452//2518 3466//2517 3474//2525
f 3468//2521 3456//2517 3476//2526
f 3472//2527 3461//2520 3478//2528
f 3474//2525 3467//2517 3480//2529
f 3476//2526 3458//2517 3482//2530
f 3484//2531 3462//2532 3450//2516
f 3478//2528 3459//2520 3454//2533
f 3480//2534 3465//2523 3470//2522
f 3482//2530 3460//2517 3484//2531
f 3532//2535 3710//2536 3709//2536
f 3532//2535 3709//2536 3522//2535
f 3522//2535 3486//2535 3511//2535
f 3522//2535 3511//2535 3532//2535
f 3530//2535 3696//2537 3540//2537
f 3530//2535 3540//2537 3488//2535
f 3488//2535 3546//2535 3534//2535
f 3488//2535 3534//2535 3530//2535
f 3486//2535 3502//2535 3513//2535
f 3486//2535 3513//2535 3511//2535
f 3490//2538 3551//2538 3549//2539
f 3490//2538 3549//2539 3705//2539
f 3543//2535 3513//2535 3502//2535
f 3543//2535 3502//2535 3524//2535
f 3524//2535 3534//2535 3546//2535
f 3524//2535 3546//2535 3543//2535
f 3551//2538 3490//2538 3516//2538
f 3551//2538 3516//2538 3493//2538
f 3521//2538 3541//2538 3506//2540
f 3521//2538 3506//2540 3699//2540
f 3541//2538 3521//2538 3519//2538
f 3541//2538 3519//2538 3500//2538
f 3493//2538 3516//2538 3494//2538
f 3493//2538 3494//2538 3529//2538
f 3497//2538 3538//2538 3529//2538
f 3497//2538 3529//2538 3494//2538
f 3538//2538 3497//2538 3500//2538
f 3538//2538 3500//2538 3519//2538
f 3540//2537 3696//2537 3700//2541
f 3540//2537 3700//2541 3508//2541
f 3503//2542 3487//2543 3492//2544
f 3503//2542 3492//2544 3527//2542
f 3505//2545 3539//2546 3507//2547
f 3505//2545 3507//2547 3509//2547
f 3512//2548 3514//2549 3495//2549
f 3512//2548 3495//2549 3517//2550
f 3515//2551 3545//2551 3499//2551
f 3515//2551 3499//2551 3496//2551
f 3531//2552 3535//2553 3518//2554
f 3531//2552 3518//2554 3520//2555
f 3533//2556 3512//2548 3517//2550
f 3533//2556 3517//2550 3491//2557
f 3547//2558 3489//2559 3542//2560
f 3547//2558 3542//2560 3501//2561
f 3487//2543 3523//2562 3550//2563
f 3487//2543 3550//2563 3492//2544
f 3526//2564 3504//2565 3528//2565
f 3526//2564 3528//2565 3537//2564
f 3697//2566 3531//2552 3520//2555
f 3697//2566 3520//2555 3698//2567
f 3711//2568 3533//2556 3491//2557
f 3711//2568 3491//2557 3704//2569
f 3535//2553 3525//2570 3536//2570
f 3535//2553 3536//2570 3518//2554
f 3489//2559 3539//2546 3505//2545
f 3489//2559 3505//2545 3542//2560
f 3544//2571 3547//2558 3501//2561
f 3544//2571 3501//2561 3498//2571
f 3523//2562 3708//2572 3548//2573
f 3523//2562 3548//2573 3550//2563
f 3552//2574 3556//2575 3592//2575
f 3552//2574 3592//2575 3691//2576
f 3614//2577 3612//2578 3623//2579
f 3614//2577 3623//2579 3676//2580
f 3607//2581 3626//2575 3597//2575
f 3607//2581 3597//2575 3679//2582
f 3609//2583 3558//2584 3682//2585
f 3609//2583 3682//2585 3605//2586
f 3612//2578 3563//2575 3560//2575
f 3612//2578 3560//2575 3623//2579
f 3602//2575 3560//2575 3563//2575
f 3602//2575 3563//2575 3633//2575
f 3633//2575 3682//2585 3558//2584
f 3633//2575 3558//2584 3602//2575
f 3629//2587 3567//2588 3569//2589
f 3629//2587 3569//2589 3631//2589
f 3617//2590 3571//2591 3621//2592
f 3617//2590 3621//2592 3578//2593
f 3687//2594 3573//2595 3589//2589
f 3687//2594 3589//2589 3595//2589
f 3688//2596 3576//2597 3685//2598
f 3688//2596 3685//2598 3600//2599
f 3578//2593 3621//2592 3618//2589
f 3578//2593 3618//2589 3581//2589
f 3582//2589 3587//2589 3581//2589
f 3582//2589 3581//2589 3618//2589
f 3587//2589 3582//2589 3600//2599
f 3587//2589 3600//2599 3685//2598
f 3598//2600 3588//2600 3574//2601
f 3598//2600 3574//2601 3681//2602
f 3591//1433 3568//1433 3566//2603
f 3591//1433 3566//2603 3690//2604
f 3627//685 3596//685 3590//685
f 3627//685 3590//685 3599//685
f 3557//685 3632//685 3570//685
f 3557//685 3570//685 3593//685
f 3634//2605 3585//2605 3684//2606
f 3634//2605 3684//2606 3683//2607
f 3559//2608 3601//2609 3583//2610
f 3559//2608 3583//2610 3603//2610
f 3606//2611 3575//2611 3686//2612
f 3606//2611 3686//2612 3608//2613
f 3680//2614 3553//2615 3677//2616
f 3680//2614 3677//2616 3610//2617
f 3613//2618 3577//2619 3579//2620
f 3613//2618 3579//2620 3564//2620
f 3611//2621 3689//2621 3601//2609
f 3611//2621 3601//2609 3559//2608
f 3615//2622 3616//2622 3577//2619
f 3615//2622 3577//2619 3613//2618
f 3561//2623 3619//2623 3622//2624
f 3561//2623 3622//2624 3624//2625
f 3604//2626 3584//2626 3620//2626
f 3604//2626 3620//2626 3562//2626
f 3608//2613 3686//2612 3594//2627
f 3608//2613 3594//2627 3625//2627
f 3554//2628 3628//2629 3630//1449
f 3554//2628 3630//1449 3555//1449
f 3565//2630 3580//2630 3586//2630
f 3565//2630 3586//2630 3635//2630
f 3636//2631 3638//2632 3640//2633
f 3636//2631 3640//2633 3658//2634
f 3663//2635 3642//2636 3644//2637
f 3663//2635 3644//2637 3647//2638
f 3659//2639 3641//2640 3645//2641
f 3659//2639 3645//2641 3643//2642
f 3639//2643 3637//2644 3662//2645
f 3639//2643 3662//2645 3646//2646
f 3649//2647 3674//2648 3650//2649
f 3649//2647 3650//2649 3654//2650
f 3669//2651 3656//2652 3673//2653
f 3669//2651 3673//2653 3653//2654
f 3655//2655 3651//2656 3657//2657
f 3655//2655 3657//2657 3668//2658
f 3659//2639 3643//2642 3671//2659
f 3659//2639 3671//2659 3667//2660
f 3662//2645 3637//2644 3661//2661
f 3662//2645 3661//2661 3664//2662
f 3642//2636 3663//2635 3665//2663
f 3642//2636 3665//2663 3670//2664
f 3636//2631 3658//2634 3666//2665
f 3636//2631 3666//2665 3660//2666
f 3652//2667 3648//2668 3660//2666
f 3652//2667 3660//2666 3666//2665
f 3670//2664 3665//2663 3655//2655
f 3670//2664 3655//2655 3668//2658
f 3669//2651 3653//2654 3667//2660
f 3669//2651 3667//2660 3671//2659
f 3649//2647 3654//2650 3664//2662
f 3649//2647 3664//2662 3661//2661
f 3652//2667 3672//2669 3675//2670
f 3652//2667 3675//2670 3648//2668
f 3678//2671 3572//2671 3628//2629
f 3678//2671 3628//2629 3554//2628
f 3624//2625 3622//2624 3572//2671
f 3624//2625 3572//2671 3678//2671
f 3690//2604 3566//2603 3616//2622
f 3690//2604 3616//2622 3615//2622
f 3567//2588 3629//2587 3571//2591
f 3567//2588 3571//2591 3617//2590
f 3681//2602 3574//2601 3689//2621
f 3681//2602 3689//2621 3611//2621
f 3683//2607 3684//2606 3575//2611
f 3683//2607 3575//2611 3606//2611
f 3573//2595 3687//2594 3576//2597
f 3573//2595 3576//2597 3688//2596
f 3679//2582 3609//2583 3605//2586
f 3679//2582 3605//2586 3607//2581
f 3691//2576 3614//2577 3676//2580
f 3691//2576 3676//2580 3552//2574
f 3532//2535 3511//2535 3546//2535
f 3532//2535 3546//2535 3488//2535
f 3699//2540 3506//2540 3510//2672
f 3699//2540 3510//2672 3693//2672
f 3711//2568 3704//2569 3706//2673
f 3711//2568 3706//2673 3695//2673
f 3697//2566 3698//2567 3692//2674
f 3697//2566 3692//2674 3701//2674
f 3548//2573 3708//2572 3712//2675
f 3548//2573 3712//2675 3702//2675
f 3705//2539 3549//2539 3703//2676
f 3705//2539 3703//2676 3707//2676
f 3709//2536 3710//2536 3694//2677
f 3709//2536 3694//2677 3713//2677
f 3714//2538 3715//2538 3716//2538
f 3714//2538 3716//2538 3717//2538
f 3718//2678 3719//2679 3720//2680
f 3718//2678 3720//2680 3721//2681
f 3776//2682 3722//2683 3777//2684
f 3776//2682 3777//2684 3818//2685
f 3778//2686 3779//2687 3780//2688
f 3778//2686 3780//2688 3819//2689
f 3722//2683 3723//2690 3724//2691
f 3722//2683 3724//2691 3777//2684
f 3779//2687 3781//2692 3782//2693
f 3779//2687 3782//2693 3780//2688
f 3723//2690 3783//2694 3725//2695
f 3723//2690 3725//2695 3724//2691
f 3781//2692 3726//2696 3785//2697
f 3781//2692 3785//2697 3782//2693
f 3783//2694 3727//2698 3784//2698
f 3783//2694 3784//2698 3725//2695
f 3726//2696 3786//2699 3728//2700
f 3726//2696 3728//2700 3785//2697
f 3786//2699 3729//2701 3787//2702
f 3786//2699 3787//2702 3728//2700
f 3729//2701 3730//2703 3731//2704
f 3729//2701 3731//2704 3787//2702
f 3730//2703 3732//2683 3788//2684
f 3730//2703 3788//2684 3731//2704
f 3732//2683 3789//2690 3733//2691
f 3732//2683 3733//2691 3788//2684
f 3789//2690 3735//2705 3734//2706
f 3789//2690 3734//2706 3733//2691
f 3735//2705 3790//2707 3736//2708
f 3735//2705 3736//2708 3734//2706
f 3737//2709 3741//2710 3743//2711
f 3737//2709 3743//2711 3738//2712
f 3790//2707 3739//2713 3740//2714
f 3790//2707 3740//2714 3736//2708
f 3741//2710 3792//2715 3742//2716
f 3741//2710 3742//2716 3743//2711
f 3739//2713 3791//2717 3747//2693
f 3739//2713 3747//2693 3740//2714
f 3792//2715 3793//2718 3744//2719
f 3792//2715 3744//2719 3742//2716
f 3791//2717 3745//2720 3746//2697
f 3791//2717 3746//2697 3747//2693
f 3793//2718 3748//2683 3794//2684
f 3793//2718 3794//2684 3744//2719
f 3745//2720 3796//2721 3751//2722
f 3745//2720 3751//2722 3746//2697
f 3748//2683 3749//2723 3795//2691
f 3748//2683 3795//2691 3794//2684
f 3796//2721 3750//2724 3754//2725
f 3796//2721 3754//2725 3751//2722
f 3749//2723 3755//2726 3752//2727
f 3749//2723 3752//2727 3795//2691
f 3750//2724 3753//2728 3757//2729
f 3750//2724 3757//2729 3754//2725
f 3755//2726 3758//2730 3756//2731
f 3755//2726 3756//2731 3752//2727
f 3753//2728 3760//2683 3797//2684
f 3753//2728 3797//2684 3757//2729
f 3758//2730 3761//2732 3759//2733
f 3758//2730 3759//2733 3756//2731
f 3760//2683 3762//2690 3763//2691
f 3760//2683 3763//2691 3797//2684
f 3761//2732 3799//2692 3798//2693
f 3761//2732 3798//2693 3759//2733
f 3762//2690 3800//2734 3801//2735
f 3762//2690 3801//2735 3763//2691
f 3799//2692 3764//2696 3802//2697
f 3799//2692 3802//2697 3798//2693
f 3800//2734 3765//2736 3767//2737
f 3800//2734 3767//2737 3801//2735
f 3764//2696 3805//2738 3803//2739
f 3764//2696 3803//2739 3802//2697
f 3765//2736 3766//2740 3804//2741
f 3765//2736 3804//2741 3767//2737
f 3805//2738 3806//2742 3769//2743
f 3805//2738 3769//2743 3803//2739
f 3766//2740 3768//2692 3813//2693
f 3766//2740 3813//2693 3804//2741
f 3806//2742 3809//2744 3769//2743
f 3768//2692 3814//2696 3770//2697
f 3768//2692 3770//2697 3813//2693
f 3811//2745 3771//2745 3772//2745
f 3811//2745 3772//2745 3808//2745
f 3814//2696 3815//2746 3773//2747
f 3814//2696 3773//2747 3770//2697
f 3815//2746 3817//2748 3816//2749
f 3815//2746 3816//2749 3773//2747
f 3817//2748 3776//2682 3818//2685
f 3817//2748 3818//2685 3816//2749
f 3774//2750 3778//2686 3819//2689
f 3774//2750 3819//2689 3775//2750
f 3807//2751 3810//2751 3812//2751
f 4296//2752 3822//2753 3825//2754
f 4296//2752 3825//2754 3828//2755
f 3821//2756 3831//2757 4288//2758
f 3821//2756 4288//2758 3824//2759
f 3829//2760 3832//2761 3836//2762
f 3829//2760 3836//2762 4287//2763
f 3833//2764 4289//2765 4285//2766
f 3833//2764 4285//2766 3837//2767
f 4289//2765 3839//2768 3843//2769
f 4289//2765 3843//2769 4285//2766
f 3838//2770 3844//2771 3848//2772
f 3838//2770 3848//2772 3842//2773
f 3846//2774 4292//2775 3851//2776
f 3846//2774 3851//2776 3849//2777
f 4293//2778 4295//2752 3827//2779
f 4293//2778 3827//2779 3852//2780
f 3865//2781 3885//2781 3858//2782
f 3865//2781 3858//2782 3853//2783
f 3866//2784 3887//2785 3885//2781
f 3866//2784 3885//2781 3865//2781
f 3867//2786 3868//2787 3887//2785
f 3867//2786 3887//2785 3866//2784
f 3869//2788 3870//2789 3868//2787
f 3869//2788 3868//2787 3867//2786
f 3871//2790 3872//2791 3870//2789
f 3871//2790 3870//2789 3869//2788
f 3873//2792 3879//2793 3872//2791
f 3873//2792 3872//2791 3871//2790
f 3874//2794 3875//2794 3879//2793
f 3874//2794 3879//2793 3873//2792
f 3854//2795 3856//2796 3875//2794
f 3854//2795 3875//2794 3874//2794
f 3876//2797 3857//2798 3855//2799
f 3876//2797 3855//2799 3877//2797
f 3880//2800 3876//2797 3877//2797
f 3880//2800 3877//2797 3881//2801
f 3920//2802 3917//2803 3942//2804
f 3920//2802 3942//2804 3882//2805
f 3883//2806 3898//2807 3902//2808
f 3883//2806 3902//2808 3884//2809
f 3886//2810 3888//2811 3889//2812
f 3886//2810 3889//2812 3890//2810
f 3859//2813 3886//2810 3890//2810
f 3859//2813 3890//2810 3860//2814
f 3912//2350 3895//2350 3939//2350
f 3912//2350 3939//2350 3896//2350
f 3899//2350 3912//2350 3896//2350
f 3899//2350 3896//2350 3900//2350
f 3904//2350 3899//2350 3900//2350
f 3904//2350 3900//2350 3905//2350
f 3918//2350 3904//2350 3905//2350
f 3918//2350 3905//2350 3943//2350
f 3907//2815 3894//2815 3911//2815
f 3906//2816 3910//2817 3913//2818
f 3884//2809 3903//2819 3916//2820
f 3884//2809 3916//2820 3919//2821
f 3921//2822 3938//2823 3893//2824
f 3921//2822 3893//2824 3908//2825
f 3913//2818 3910//2817 3898//2807
f 3913//2818 3898//2807 3883//2806
f 3872//2791 3913//2818 3883//2806
f 3872//2791 3883//2806 3870//2789
f 3881//2801 3921//2822 3908//2825
f 3881//2801 3908//2825 3880//2800
f 3868//2787 3884//2809 3919//2821
f 3868//2787 3919//2821 3887//2785
f 3878//2826 3906//2816 3913//2818
f 3879//2793 3913//2818 3872//2791
f 3870//2789 3883//2806 3884//2809
f 3870//2789 3884//2809 3868//2787
f 3936//2827 3934//2828 3922//2829
f 3936//2827 3922//2829 3923//2830
f 3888//2811 3920//2802 3882//2805
f 3888//2811 3882//2805 3889//2812
f 3909//2831 3924//2832 3925//2833
f 3909//2831 3925//2833 3897//2834
f 3897//2834 3925//2833 3926//2835
f 3897//2834 3926//2835 3901//2836
f 3901//2836 3926//2835 3928//2837
f 3901//2836 3928//2837 3915//2838
f 3892//2839 3936//2827 3924//2832
f 3892//2839 3924//2832 3909//2831
f 3936//2827 3923//2830 3929//2840
f 3936//2827 3929//2840 3924//2832
f 3925//2833 3930//2841 3931//2842
f 3925//2833 3931//2842 3926//2835
f 3924//2832 3929//2840 3930//2841
f 3924//2832 3930//2841 3925//2833
f 3926//2835 3931//2842 3932//2843
f 3926//2835 3932//2843 3928//2837
f 3933//2828 3935//2827 3891//2839
f 3933//2828 3891//2839 3937//2844
f 3932//2843 3940//2845 3945//2846
f 3932//2843 3945//2846 3928//2837
f 3941//2847 3914//2848 3927//2837
f 3941//2847 3927//2837 3944//2846
f 3363//2849 3361//2850 3863//2851
f 3363//2849 3863//2851 3946//2849
f 3365//2852 3363//2849 3946//2849
f 3365//2852 3946//2849 3948//2853
f 3367//2854 3365//2852 3948//2853
f 3367//2854 3948//2853 3950//2855
f 3369//2856 3367//2854 3950//2855
f 3369//2856 3950//2855 3951//2857
f 3371//2858 3369//2856 3951//2857
f 3371//2858 3951//2857 3952//2859
f 3347//2860 3371//2858 3952//2859
f 3347//2860 3952//2859 3956//2861
f 3349//2862 3347//2860 3956//2861
f 3349//2862 3956//2861 3953//2862
f 3351//2863 3349//2862 3953//2862
f 3351//2863 3953//2862 3861//2864
f 3954//2797 3877//2797 3855//2799
f 3954//2797 3855//2799 3862//2865
f 3957//2800 3881//2801 3877//2797
f 3957//2800 3877//2797 3954//2797
f 3959//2866 3882//2805 3942//2804
f 3959//2866 3942//2804 3997//2867
f 3960//2868 3961//2869 3963//2870
f 3960//2868 3963//2870 3967//2871
f 3947//2810 3890//2810 3889//2812
f 3947//2810 3889//2812 3949//2811
f 3864//2872 3860//2814 3890//2810
f 3864//2872 3890//2810 3947//2810
f 3973//2350 3896//2350 3939//2350
f 3973//2350 3939//2350 3991//2350
f 3968//2350 3900//2350 3896//2350
f 3968//2350 3896//2350 3973//2350
f 3965//2350 3905//2350 3900//2350
f 3965//2350 3900//2350 3968//2350
f 3998//2350 3943//2350 3905//2350
f 3998//2350 3905//2350 3965//2350
f 3974//2873 3969//2874 3971//2875
f 3975//2876 3972//2876 3990//2876
f 3961//2869 3958//2877 3996//2878
f 3961//2869 3996//2878 3964//2879
f 3921//2822 3976//2825 3989//2880
f 3921//2822 3989//2880 3938//2823
f 3969//2874 3960//2868 3967//2871
f 3969//2874 3967//2871 3971//2875
f 3952//2859 3951//2857 3960//2868
f 3952//2859 3960//2868 3969//2874
f 3881//2801 3957//2800 3976//2825
f 3881//2801 3976//2825 3921//2822
f 3950//2855 3948//2853 3958//2877
f 3950//2855 3958//2877 3961//2869
f 3956//2861 3952//2859 3969//2874
f 3955//2881 3969//2874 3974//2873
f 3951//2857 3950//2855 3961//2869
f 3951//2857 3961//2869 3960//2868
f 3978//2882 3979//2883 3922//2829
f 3978//2882 3922//2829 3934//2828
f 3949//2811 3889//2812 3882//2805
f 3949//2811 3882//2805 3959//2866
f 3970//2884 3966//2885 3980//2886
f 3970//2884 3980//2886 3981//2887
f 3966//2885 3962//2888 3982//2889
f 3966//2885 3982//2889 3980//2886
f 3962//2888 3995//2890 3993//2891
f 3962//2888 3993//2891 3982//2889
f 3988//2892 3970//2884 3981//2887
f 3988//2892 3981//2887 3978//2882
f 3978//2882 3981//2887 3983//2893
f 3978//2882 3983//2893 3979//2883
f 3980//2886 3982//2889 3984//2894
f 3980//2886 3984//2894 3985//2895
f 3981//2887 3980//2886 3985//2895
f 3981//2887 3985//2895 3983//2893
f 3982//2889 3993//2891 3986//2896
f 3982//2889 3986//2896 3984//2894
f 3933//2828 3937//2844 3987//2892
f 3933//2828 3987//2892 3977//2897
f 3986//2896 3993//2891 3945//2846
f 3986//2896 3945//2846 3940//2845
f 3941//2847 3944//2846 3992//2898
f 3941//2847 3992//2898 3994//2899
f 4001//2900 4002//2901 4003//2902
f 4001//2900 4003//2902 4004//2903
f 4005//2904 4001//2900 4004//2903
f 4005//2904 4004//2903 4006//2905
f 4007//2906 4005//2904 4006//2905
f 4007//2906 4006//2905 4008//2907
f 4009//2908 4007//2906 4008//2907
f 4009//2908 4008//2907 4010//2909
f 4011//2910 4009//2908 4010//2909
f 4011//2910 4010//2909 4012//2911
f 4013//2912 4011//2910 4012//2911
f 4013//2912 4012//2911 4014//2913
f 4015//2914 4013//2912 4014//2913
f 4015//2914 4014//2913 4016//2915
f 4002//2901 3999//2916 4000//2917
f 4002//2901 4000//2917 4003//2902
f 4014//2913 4012//2911 3376//2485
f 4014//2913 3376//2485 3377//2486
f 4016//2915 4014//2913 3377//2486
f 4016//2915 3377//2486 3378//2487
f 4003//2902 4000//2917 3379//2489
f 4003//2902 3379//2489 3388//2488
f 4004//2903 4003//2902 3388//2488
f 4004//2903 3388//2488 3389//2490
f 4006//2905 4004//2903 3389//2490
f 4006//2905 3389//2490 3374//2482
f 4008//2907 4006//2905 3374//2482
f 4008//2907 3374//2482 3373//2481
f 4010//2909 4008//2907 3373//2481
f 4010//2909 3373//2481 3375//2484
f 4012//2911 4010//2909 3375//2484
f 4012//2911 3375//2484 3376//2485
f 4017//2918 4018//2919 3999//2916
f 4017//2918 3999//2916 4002//2901
f 4019//2920 4020//2921 4013//2912
f 4019//2920 4013//2912 4015//2914
f 4020//2921 4021//2922 4011//2910
f 4020//2921 4011//2910 4013//2912
f 4021//2922 4022//2923 4009//2908
f 4021//2922 4009//2908 4011//2910
f 4022//2923 4023//2924 4007//2906
f 4022//2923 4007//2906 4009//2908
f 4023//2924 4024//2925 4005//2904
f 4023//2924 4005//2904 4007//2906
f 4024//2925 4025//2926 4001//2900
f 4024//2925 4001//2900 4005//2904
f 4025//2926 4017//2918 4002//2901
f 4025//2926 4002//2901 4001//2900
f 4019//2920 3854//2795 3874//2794
f 4019//2920 3874//2794 4020//2921
f 4020//2921 3874//2794 3873//2792
f 4020//2921 3873//2792 4021//2922
f 4021//2922 3873//2792 3871//2790
f 4021//2922 3871//2790 4022//2923
f 4022//2923 3871//2790 3869//2788
f 4022//2923 3869//2788 4023//2924
f 4023//2924 3869//2788 3867//2786
f 4023//2924 3867//2786 4024//2925
f 4024//2925 3867//2786 3866//2784
f 4024//2925 3866//2784 4025//2926
f 4025//2926 3866//2784 3865//2781
f 4025//2926 3865//2781 4017//2918
f 4017//2918 3865//2781 3853//2783
f 4017//2918 3853//2783 4018//2919
f 4027//2927 3407//2928 3390//2928
f 4027//2927 3390//2928 4030//2927
f 4033//2929 4036//2929 3395//2930
f 4033//2929 3395//2930 3402//2930
f 4028//2350 4034//2350 3403//2350
f 4028//2350 3403//2350 3408//2350
f 4039//835 4042//835 4045//835
f 4039//835 4045//835 4048//835
f 3391//685 3396//685 4037//685
f 3391//685 4037//685 4031//685
f 3397//2931 3400//2932 3409//2932
f 3397//2931 3409//2932 3412//2931
f 4052//685 4053//685 4054//685
f 4052//685 4054//685 4056//685
f 4057//1449 4044//1449 4041//1449
f 4057//1449 4041//1449 4060//1449
f 4064//2354 4058//2354 4061//2354
f 4064//2354 4061//2354 4067//2354
f 4049//685 4046//685 4059//685
f 4049//685 4059//685 4065//685
f 4068//2350 4062//2350 4043//2350
f 4068//2350 4043//2350 4040//2350
f 4026//1433 4066//1433 4038//1433
f 4026//1433 4038//1433 4032//1433
f 4035//1433 4047//1433 4063//1433
f 4035//1433 4063//1433 4029//1433
f 4032//1433 4038//1433 4047//1433
f 4032//1433 4047//1433 4035//1433
f 3395//2930 3392//2933 3404//2933
f 3395//2930 3404//2933 3402//2930
f 3407//2928 3405//2934 3393//2934
f 3407//2928 3393//2934 3390//2928
f 3413//685 3411//685 4053//685
f 3413//685 4053//685 4052//685
f 4070//2350 4071//2350 4072//2350
f 4070//2350 4072//2350 4075//2350
f 4069//2354 4074//2354 4051//2354
f 4069//2354 4051//2354 4055//2354
f 4075//2350 4072//2350 3399//2350
f 4075//2350 3399//2350 3398//2350
f 4073//2935 3397//2931 3412//2931
f 4073//2935 3412//2931 4050//2935
f 4097//2936 4162//2937 4076//2938
f 4097//2936 4076//2938 4099//2939
f 4162//2937 4077//2940 4079//2941
f 4162//2937 4079//2941 4076//2938
f 4077//2940 4166//2942 4080//1433
f 4077//2940 4080//1433 4079//2941
f 4166//2942 4169//2943 4081//2944
f 4166//2942 4081//2944 4080//1433
f 4169//2943 4082//2945 4084//2946
f 4169//2943 4084//2946 4081//2944
f 4082//2945 4085//2947 4087//2948
f 4082//2945 4087//2948 4084//2946
f 4085//2947 4174//2949 4088//2950
f 4085//2947 4088//2950 4087//2948
f 4174//2949 4089//2951 4091//2952
f 4174//2949 4091//2952 4088//2950
f 4089//2951 4178//2953 4092//1449
f 4089//2951 4092//1449 4091//2952
f 4178//2953 4181//2954 4093//2955
f 4178//2953 4093//2955 4092//1449
f 4181//2954 4184//2956 4094//2957
f 4181//2954 4094//2957 4093//2955
f 4184//2956 4095//2958 4098//2959
f 4184//2956 4098//2959 4094//2957
f 4100//2350 4102//2350 4104//2960
f 4100//2350 4104//2960 4105//2961
f 4106//2962 4108//2963 4110//2964
f 4106//2962 4110//2964 4111//2965
f 4112//2966 4114//2967 4116//2968
f 4112//2966 4116//2968 4117//2969
f 4118//685 4120//685 4122//2970
f 4118//685 4122//2970 4123//2971
f 4105//2961 4104//2960 4125//2972
f 4105//2961 4125//2972 4126//2973
f 4111//2965 4110//2964 4128//2974
f 4111//2965 4128//2974 4129//2975
f 4117//2969 4116//2968 4120//685
f 4117//2969 4120//685 4118//685
f 4123//2971 4122//2970 4131//2976
f 4123//2971 4131//2976 4132//2977
f 4126//2973 4125//2972 4134//2978
f 4126//2973 4134//2978 4135//2979
f 4129//2975 4128//2974 4102//2350
f 4129//2975 4102//2350 4100//2350
f 4132//2977 4131//2976 4108//2963
f 4132//2977 4108//2963 4106//2962
f 4135//2979 4134//2978 4114//2967
f 4135//2979 4114//2967 4112//2966
f 4136//2980 3425//2350 3431//2981
f 4136//2980 3431//2981 4137//2982
f 4138//2983 3427//2984 3433//2985
f 4138//2983 3433//2985 4139//2986
f 4140//2987 3429//2988 3435//2989
f 4140//2987 3435//2989 4141//2990
f 4142//2991 3437//685 3415//2992
f 4142//2991 3415//2992 4143//2993
f 4137//2982 3431//2981 3419//2994
f 4137//2982 3419//2994 4144//2995
f 4139//2986 3433//2985 3423//2996
f 4139//2986 3423//2996 4145//2997
f 4141//2990 3435//2989 3437//685
f 4141//2990 3437//685 4142//2991
f 4143//2993 3415//2992 3417//2998
f 4143//2993 3417//2998 4146//2999
f 4144//2995 3419//2994 3421//3000
f 4144//2995 3421//3000 4147//3001
f 4145//2997 3423//2996 3425//2350
f 4145//2997 3425//2350 4136//2980
f 4146//2999 3417//2998 3427//2984
f 4146//2999 3427//2984 4138//2983
f 4147//3001 3421//3000 3429//2988
f 4147//3001 3429//2988 4140//2987
f 4148//3002 3473//3002 3479//3003
f 4148//3002 3479//3003 4149//3004
f 4150//3005 3475//3006 3481//3007
f 4150//3005 3481//3007 4151//3008
f 4152//3009 3477//3010 3483//3011
f 4152//3009 3483//3011 4153//3012
f 4154//3013 3485//3013 3451//3014
f 4154//3013 3451//3014 4155//3015
f 4149//3004 3479//3003 3455//3016
f 4149//3004 3455//3016 4156//3017
f 4151//3008 3481//3007 3471//3018
f 4151//3008 3471//3018 4157//3019
f 4153//3012 3483//3011 3485//3013
f 4153//3012 3485//3013 4154//3013
f 4155//3015 3451//3014 3453//3020
f 4155//3015 3453//3020 4158//3021
f 4156//3017 3455//3016 3469//3022
f 4156//3017 3469//3022 4159//3023
f 4157//3019 3471//3018 3473//3002
f 4157//3019 3473//3002 4148//3002
f 4158//3021 3453//3020 3475//3006
f 4158//3021 3475//3006 4150//3005
f 4159//3023 3469//3022 3477//3010
f 4159//3023 3477//3010 4152//3009
f 4160//3024 4161//3025 4096//2936
f 4160//3024 4096//2936 4163//3026
f 4164//3027 4078//2940 4161//3025
f 4164//3027 4161//3025 4160//3024
f 4165//3028 4167//2942 4078//2940
f 4165//3028 4078//2940 4164//3027
f 4168//3029 4170//2943 4167//2942
f 4168//3029 4167//2942 4165//3028
f 4171//3030 4083//2945 4170//2943
f 4171//3030 4170//2943 4168//3029
f 4172//3031 4086//3032 4083//2945
f 4172//3031 4083//2945 4171//3030
f 4173//3033 4175//2949 4086//3032
f 4173//3033 4086//3032 4172//3031
f 4176//3034 4090//3035 4175//2949
f 4176//3034 4175//2949 4173//3033
f 4177//3036 4179//2953 4090//3035
f 4177//3036 4090//3035 4176//3034
f 4180//3037 4182//2954 4179//2953
f 4180//3037 4179//2953 4177//3036
f 4183//3038 4185//3039 4182//2954
f 4183//3038 4182//2954 4180//3037
f 4163//3026 4096//2936 4185//3039
f 4163//3026 4185//3039 4183//3038
f 4186//3040 4236//3041 4187//3042
f 4186//3040 4187//3042 4235//3043
f 4188//3044 4189//3045 4190//3046
f 4188//3044 4190//3046 4191//3047
f 4235//3043 4187//3042 4192//3048
f 4235//3043 4192//3048 4193//3049
f 4191//3047 4190//3046 4238//3050
f 4191//3047 4238//3050 4194//3051
f 4193//3049 4192//3048 4195//3052
f 4193//3049 4195//3052 4239//3053
f 4194//3051 4238//3050 4241//3054
f 4194//3051 4241//3054 4240//3055
f 4239//3053 4195//3052 4196//3056
f 4239//3053 4196//3056 4243//3057
f 4240//3055 4241//3054 4197//3058
f 4240//3055 4197//3058 4198//3059
f 4243//3057 4196//3056 4247//3060
f 4198//3059 4197//3058 4199//3061
f 4198//3059 4199//3061 4200//3062
f 4245//3063 4248//3063 4201//3064
f 4245//3063 4201//3064 4202//3065
f 4200//3062 4199//3061 4252//3066
f 4200//3062 4252//3066 4250//3066
f 4202//3065 4201//3064 4254//3067
f 4202//3065 4254//3067 4203//3068
f 4249//3069 4256//3070 4204//3071
f 4203//3068 4254//3067 4258//3046
f 4203//3068 4258//3046 4257//3047
f 4204//3071 4256//3070 4259//3060
f 4204//3071 4259//3060 4205//3060
f 4257//3047 4258//3046 4206//3050
f 4257//3047 4206//3050 4260//3072
f 4260//3072 4206//3050 4264//3073
f 4262//3074 4266//3075 4207//3076
f 4207//3076 4266//3075 4208//3077
f 4207//3076 4208//3077 4209//3078
f 4209//3078 4208//3077 4210//3052
f 4209//3078 4210//3052 4211//3053
f 4211//3053 4210//3052 4212//3056
f 4211//3053 4212//3056 4213//3071
f 4213//3071 4212//3056 4269//3079
f 4213//3071 4269//3079 4268//3080
f 4268//3080 4269//3079 4214//3081
f 4268//3080 4214//3081 4215//3082
f 4215//3082 4214//3081 4216//3083
f 4215//3082 4216//3083 4270//3084
f 4270//3084 4216//3083 4271//3046
f 4270//3084 4271//3046 4217//3047
f 4217//3047 4271//3046 4218//3050
f 4217//3047 4218//3050 4219//3051
f 4219//3051 4218//3050 4272//3085
f 4219//3051 4272//3085 4220//3086
f 4220//3086 4272//3085 4221//3042
f 4220//3086 4221//3042 4273//3087
f 4273//3087 4221//3042 4222//3088
f 4273//3087 4222//3088 4274//3089
f 4274//3089 4222//3088 4275//3052
f 4274//3089 4275//3052 4223//3053
f 4224//3090 4226//3090 4228//3091
f 4224//3090 4228//3091 4229//3092
f 4223//3053 4275//3052 4277//3056
f 4223//3053 4277//3056 4276//3071
f 4276//3071 4277//3056 4232//3093
f 4276//3071 4232//3093 4233//3094
f 4225//3095 4227//3095 4281//3095
f 4225//3095 4281//3095 4279//3096
f 4233//3094 4232//3093 4283//3097
f 4233//3094 4283//3097 4234//3098
f 4278//3073 4236//3041 4186//3040
f 4234//3098 4283//3097 4189//3045
f 4234//3098 4189//3045 4188//3044
f 4242//3073 4244//3073 4246//3073
f 4251//3095 4255//3095 4253//3095
f 4261//3060 4263//3099 4265//3100
f 4263//3099 4267//3063 4265//3100
f 4229//3092 4228//3091 4230//3101
f 4229//3092 4230//3101 4231//3101
f 4280//3060 4237//3060 4282//3060
f 3841//3102 3835//3102 4284//3102
f 3835//3102 3841//3102 3847//3102
f 3835//3102 3847//3102 4286//3102
f 4286//3102 3847//3102 3850//3102
f 4286//3102 3850//3102 3823//3102
f 3823//3102 3850//3102 3826//3102
f 3834//3103 3840//3103 4290//3103
f 3840//3103 3834//3103 3830//3103
f 3840//3103 3830//3103 3845//3103
f 3845//3103 3830//3103 3820//3103
f 3845//3103 3820//3103 4291//3103
f 4291//3103 3820//3103 4294//3103
f 4130//3104 4109//3104 4107//3104
f 4109//3104 4130//3104 4121//3104
f 4109//3104 4121//3104 4127//3104
f 4127//3104 4121//3104 4119//3104
f 4127//3104 4119//3104 4101//3104
f 4101//3104 4119//3104 4115//3104
f 4101//3104 4115//3104 4103//3104
f 4103//3104 4115//3104 4113//3104
f 4103//3104 4113//3104 4124//3104
f 4124//3104 4113//3104 4133//3104
f 4312//3105 4322//3106 4307//3107
f 4299//3108 4321//3109 4330//3110
f 4298//3111 4320//3111 4332//3111
f 4302//3112 4328//3113 4300//3113
f 4313//3113 4325//3113 4303//3113
f 4304//3114 4324//3115 4326//3116
f 4297//3117 4330//3110 4331//3117
f 4308//3118 4316//3119 4321//3109
f 4305//3120 4323//685 4324//3115
f 4307//3107 4323//685 4306//685
f 4309//3121 4327//3122 4302//3112
f 4301//3119 4317//3119 4329//3119
f 4492//3123 4758//3124 4780//3125
f 4530//3126 4507//3127 4505//3128
f 4768//3129 4513//3130 4794//3131
f 4435//3132 4352//3133 4355//3134
f 4792//3135 4472//3136 4782//3137
f 4397//3138 4365//3138 4370//3138
f 4377//3138 4359//3139 4350//3138
f 4490//3140 4465//3141 4464//3142
f 4500//3143 4453//3144 4497//3145
f 4398//3146 4411//3147 4393//3148
f 4363//3138 4379//3138 4351//3138
f 4357//3138 4399//3138 4373//3138
f 4405//3149 4387//3150 4378//3151
f 4412//3152 4380//3153 4391//3154
f 4385//3155 4415//3156 4400//3157
f 4419//3158 4771//3159 4756//3160
f 4779//3161 4334//3162 4341//3163
f 4345//3164 4784//3165 4342//3166
f 4478//3167 4782//3137 4472//3136
f 4518//3168 4794//3131 4513//3130
f 4477//3169 4780//3125 4787//3170
f 4337//3171 4796//3172 4346//3173
f 4349//3174 4545//3175 4429//3176
f 4441//3177 4452//3178 4433//3179
f 4779//3161 4343//3180 4785//3181
f 4483//3182 4493//3183 4473//3184
f 4791//3185 4348//3186 4798//3187
f 4538//3188 4516//3189 4526//3190
f 4767//3191 4340//3192 4774//3193
f 4579//3194 4557//3195 4566//3196
f 4370//3138 4401//3138 4397//3138
f 4373//3138 4401//3138 4375//3139
f 4388//3138 4359//3139 4386//3138
f 4388//3138 4357//3138 4362//3138
f 4381//3138 4351//3138 4379//3138
f 4381//3138 4350//3138 4354//3138
f 4394//3138 4365//3138 4392//3139
f 4394//3138 4363//3138 4367//3138
f 4403//3197 4416//3198 4398//3146
f 4402//3199 4415//3156 4417//3199
f 4408//3200 4389//3201 4387//3150
f 4409//3202 4389//3201 4410//3203
f 4404//3204 4383//3205 4380//3153
f 4405//3149 4382//3206 4406//3207
f 4411//3147 4396//3208 4393//3148
f 4412//3152 4395//3209 4413//3210
f 4333//3211 4765//3212 4755//3213
f 4356//3214 4569//3215 4360//3216
f 4583//3217 4563//3218 4572//3219
f 4547//3220 4564//3221 4549//3222
f 4551//3223 4558//3224 4553//3225
f 4772//3226 4339//3227 4338//3228
f 4358//3229 4570//3230 4545//3175
f 4371//3231 4528//3232 4376//3233
f 4542//3234 4522//3235 4532//3236
f 4581//3237 4505//3128 4507//3127
f 4577//3238 4509//3239 4511//3240
f 4555//3241 4777//3242 4771//3159
f 4374//3243 4503//3244 4372//3245
f 4368//3246 4501//3247 4485//3248
f 4489//3249 4497//3145 4479//3250
f 4539//3251 4464//3142 4465//3141
f 4535//3252 4468//3253 4469//3254
f 4534//3255 4800//3256 4520//3257
f 4364//3258 4449//3144 4501//3247
f 4336//3259 4760//3260 4766//3261
f 4447//3262 4456//3178 4439//3263
f 4423//3264 4553//3225 4421//3265
f 4762//3266 4460//3267 4445//3266
f 4429//3176 4353//3268 4349//3174
f 4369//3269 4461//3270 4366//3271
f 4575//3272 4776//3273 4560//3274
f 4496//3275 4457//3124 4493//3183
f 4786//3276 4342//3166 4784//3165
f 4484//3277 4469//3254 4468//3253
f 4543//3278 4366//3271 4461//3270
f 4421//3265 4437//3279 4423//3264
f 4427//3280 4549//3222 4425//3176
f 4425//3176 4431//3281 4427//3280
f 4796//3172 4347//3282 4346//3173
f 4524//3283 4511//3240 4509//3239
f 4585//3284 4372//3245 4503//3244
f 4655//3285 4471//3286 4533//3287
f 4641//3288 4508//3289 4523//3290
f 4718//3291 4458//3292 4448//3293
f 4470//3294 4658//3295 4536//3296
f 4578//3297 4609//3298 4559//3299
f 4510//3300 4643//3301 4525//3302
f 4499//3303 4741//3304 4451//3305
f 4693//3306 4470//3294 4475//3307
f 4740//3308 4502//3309 4450//3292
f 4612//3310 4576//3311 4562//3312
f 4631//3288 4504//3289 4529//3313
f 4471//3286 4694//3314 4476//3315
f 4495//3316 4731//3317 4455//3305
f 4506//3300 4633//3301 4531//3318
f 4730//3308 4498//3309 4454//3292
f 4582//3297 4599//3298 4565//3299
f 4683//3306 4466//3319 4481//3320
f 4491//3316 4721//3304 4459//3321
f 4536//3296 4651//3322 4517//3323
f 4467//3324 4684//3325 4482//3326
f 4720//3308 4494//3309 4458//3292
f 4602//3310 4580//3311 4568//3327
f 4734//3328 4428//3329 4432//3330
f 4653//3301 4533//3287 4519//3302
f 4673//3331 4462//3294 4487//3332
f 4430//3333 4738//3334 4436//3335
f 4586//3336 4589//3337 4571//3338
f 4463//3324 4674//3325 4488//3339
f 4584//3340 4662//3341 4506//3300
f 4540//3342 4641//3288 4523//3290
f 4724//3328 4424//3329 4438//3343
f 4660//3344 4586//3336 4504//3289
f 4592//3345 4584//3340 4574//3346
f 4494//3309 4693//3306 4475//3307
f 4426//3347 4728//3334 4442//3348
f 4580//3311 4666//3349 4510//3300
f 4756//3160 4443//3350 4419//3158
f 4590//3351 4595//3352 4593//3284
f 4600//3353 4605//3354 4603//3238
f 4610//3355 4615//3356 4613//3357
f 4617//3358 4591//3359 4619//3175
f 4621//3360 4601//3361 4623//3362
f 4625//3363 4611//3364 4627//3159
f 4634//3365 4637//3366 4636//3367
f 4644//3368 4647//3369 4646//3251
f 4654//3370 4657//3371 4656//3252
f 4661//3372 4629//3373 4632//3374
f 4665//3375 4639//3376 4642//3377
f 4669//3378 4649//3379 4652//3379
f 4671//3380 4678//3381 4675//3382
f 4681//3383 4688//3384 4685//3182
f 4691//3385 4698//3386 4695//3387
f 4704//3388 4672//3389 4676//3389
f 4708//3141 4682//3390 4686//3277
f 4712//3254 4692//3391 4696//3391
f 4715//3266 4719//3267 4717//3392
f 4725//3177 4729//3178 4727//3177
f 4735//3393 4739//3133 4737//3393
f 4743//3160 4716//3394 4745//3264
f 4747//3265 4726//3279 4749//3264
f 4751//3395 4736//3396 4753//3280
f 4722//3124 4699//3397 4719//3267
f 4732//3398 4689//3275 4729//3178
f 4742//3399 4679//3143 4739//3133
f 4709//3400 4656//3252 4657//3371
f 4705//3401 4646//3251 4647//3369
f 4701//3402 4636//3367 4637//3366
f 4627//3159 4745//3264 4625//3363
f 4623//3362 4749//3264 4621//3360
f 4619//3175 4753//3280 4617//3358
f 4667//3403 4613//3357 4615//3356
f 4663//3404 4603//3238 4605//3354
f 4659//3405 4593//3284 4595//3352
f 4548//3406 4592//3345 4574//3346
f 4466//3319 4648//3407 4540//3342
f 4459//3321 4714//3408 4444//3409
f 4514//3300 4653//3301 4519//3302
f 4589//3337 4546//3410 4571//3338
f 4645//3285 4467//3324 4537//3411
f 4651//3322 4512//3289 4517//3323
f 4462//3294 4638//3412 4544//3342
f 4728//3334 4454//3292 4442//3348
f 4552//3406 4602//3310 4568//3327
f 4635//3285 4463//3324 4541//3411
f 4674//3325 4499//3303 4488//3339
f 4599//3298 4550//3413 4565//3299
f 4554//3410 4746//3414 4422//3333
f 4455//3305 4724//3328 4438//3343
f 4744//3415 4556//3416 4420//3417
f 4502//3309 4673//3331 4487//3332
f 4556//3416 4612//3310 4562//3312
f 4550//3413 4750//3414 4426//3347
f 4738//3334 4450//3292 4436//3335
f 4609//3298 4554//3410 4559//3299
f 4748//3415 4552//3406 4424//3329
f 4684//3325 4495//3316 4482//3326
f 4546//3410 4754//3414 4430//3333
f 4451//3305 4734//3328 4432//3330
f 4633//3301 4541//3411 4531//3318
f 4752//3418 4548//3406 4428//3329
f 4498//3309 4683//3306 4481//3320
f 4668//3419 4578//3297 4512//3289
f 4422//3333 4718//3291 4448//3293
f 4544//3342 4631//3288 4529//3313
f 4576//3311 4670//3349 4514//3300
f 4714//3408 4420//3417 4444//3409
f 4694//3314 4491//3316 4476//3315
f 4664//3344 4582//3297 4508//3289
f 4643//3301 4537//3411 4525//3302
f 4755//3213 4763//3420 4757//3421
f 4766//3261 4759//3422 4764//3423
f 4786//3276 4783//3424 4790//3425
f 4781//3426 4785//3181 4789//3427
f 4801//3428 4796//3172 4795//3429
f 4793//3430 4798//3187 4802//3431
f 4773//3432 4770//3433 4775//3434
f 4769//3435 4774//3193 4778//3436
f 4772//3226 4757//3421 4770//3433
f 4760//3260 4781//3426 4759//3422
f 4795//3429 4767//3191 4769//3435
f 4783//3424 4791//3185 4793//3430
f 4755//3213 4338//3228 4333//3211
f 4814//3437 4808//3438 4803//3439
f 4838//3440 4817//3441 4820//3442
f 4810//3443 4833//3443 4813//3443
f 4812//3444 4822//3444 4807//3444
f 4815//3445 4818//3446 4816//3447
f 4815//3445 4829//3448 4827//3449
f 4830//3450 4835//3451 4828//3452
f 4819//3453 4834//3454 4836//3455
f 4821//3456 4803//3439 4805//3456
f 4979//3457 5215//3458 5189//3459
f 5112//3460 5114//3461 5027//3462
f 5026//3463 4971//3464 4970//3465
f 5148//3466 4842//3467 4904//3467
f 5082//3468 4967//3469 4860//3470
f 5106//3471 4936//3472 5109//3473
f 4906//3474 5154//3475 5140//3476
f 5090//3477 5196//3478 5227//3479
f 4842//3467 4910//3480 4904//3467
f 5157//3481 4961//3482 5130//3483
f 5073//3484 4947//3485 5067//3486
f 5217//3487 4997//3488 5076//3489
f 4843//3490 4935//3491 4839//3492
f 4868//3493 4894//3494 4898//3493
f 4844//3480 4902//3495 4910//3480
f 4874//3496 4906//3474 4908//3497
f 4900//3498 4874//3496 4908//3497
f 4953//3499 4937//3500 4943//3501
f 4846//3502 4955//3503 4946//3504
f 4850//3505 4952//3506 4955//3503
f 4958//3507 4855//3508 4853//3509
f 4841//3510 4945//3511 4843//3490
f 4948//3512 4943//3501 4939//3513
f 5074//3514 4853//3509 5043//3515
f 4922//3516 4878//3517 4917//3518
f 4924//3519 4886//3520 4934//3520
f 4934//3520 4883//3521 4930//3522
f 4972//3523 4862//3524 4976//3525
f 4964//3526 4851//3527 4855//3508
f 4976//3525 4860//3470 4967//3469
f 4848//3528 5034//3529 4952//3506
f 4928//3530 4856//3480 4932//3480
f 4887//3531 4868//3493 4898//3493
f 4915//3532 4861//3480 4919//3480
f 4889//3533 4849//3480 4845//3534
f 4926//3535 4856//3480 4852//3536
f 4912//3537 4880//3516 4922//3516
f 4919//3480 4857//3480 4913//3480
f 4895//3480 4847//3480 4849//3480
f 5100//3538 4869//3539 4900//3498
f 5232//3540 5121//3541 5230//3542
f 5223//3543 5119//3544 5115//3545
f 5050//3546 4887//3531 5055//3546
f 4914//3547 5019//3548 4911//3549
f 4852//3536 5146//3550 4926//3535
f 4896//3551 4888//3552 4897//3553
f 4892//3554 4897//3553 4893//3555
f 4903//3556 4907//3557 4905//3558
f 4909//3559 4899//3560 4907//3557
f 4921//3561 4914//3547 4911//3549
f 4918//3562 4920//3563 4921//3561
f 4931//3564 4923//3565 4933//3566
f 4929//3567 4931//3564 4933//3566
f 5097//3568 4840//3569 5085//3570
f 5062//3571 4854//3572 4928//3530
f 5064//3573 4845//3534 5046//3573
f 5095//3574 4859//3575 4915//3532
f 5015//3480 4857//3480 5003//3480
f 5070//3576 5072//3577 5136//3578
f 4935//3491 4942//3579 4936//3472
f 4944//3580 4938//3581 4942//3579
f 4946//3504 4954//3582 4947//3485
f 4955//3503 4950//3583 4954//3582
f 4974//3584 4968//3585 4966//3586
f 4970//3465 4975//3587 4974//3584
f 4964//3526 4956//3588 4962//3589
f 4961//3482 4962//3589 4959//3590
f 4950//3583 5033//3591 5028//3592
f 5128//3593 4841//3510 5159//3594
f 5213//3595 5039//3596 5211//3597
f 5192//3598 4981//3599 5193//3600
f 4989//3601 5199//3602 5197//3603
f 5193//3600 4979//3457 5189//3459
f 4993//3604 5195//3605 5199//3602
f 4987//3606 5204//3607 5202//3608
f 5206//3609 4999//3610 5208//3611
f 5210//3612 4987//3606 5202//3608
f 4966//3586 5107//3613 5111//3614
f 4956//3588 5074//3514 5069//3615
f 5234//3616 4985//3617 5123//3618
f 4927//3619 5058//3620 5061//3621
f 4916//3622 5103//3623 5094//3624
f 5102//3625 4878//3517 5091//3625
f 4930//3522 5051//3626 5057//3626
f 5141//3627 4925//3628 5145//3629
f 5218//3630 5054//3631 5052//3632
f 5101//3633 4901//3634 5096//3635
f 4890//3636 5056//3637 4888//3552
f 4892//3554 5021//3638 5014//3639
f 5020//3640 4876//3537 4912//3537
f 5013//3480 4847//3480 4891//3480
f 4894//3494 5008//3641 5022//3642
f 5213//3595 5037//3643 5041//3644
f 5211//3597 4989//3601 5197//3603
f 5030//3645 5031//3646 5026//3463
f 5028//3592 5035//3647 5030//3645
f 5018//3648 5019//3548 5016//3649
f 5018//3648 5021//3638 5023//3650
f 5013//3480 5005//3480 5001//3480
f 5015//3480 5005//3480 5017//3480
f 5024//3651 5010//3652 5020//3640
f 5022//3642 5012//3651 5024//3651
f 5006//3653 5034//3529 5002//3654
f 5004//3655 5036//3656 5006//3653
f 4858//3657 5032//3658 5004//3655
f 5058//3620 5065//3659 5061//3621
f 5056//3637 5065//3659 5060//3660
f 5053//3661 5057//3626 5051//3626
f 5053//3661 5055//3546 5059//3661
f 5062//3571 5048//3662 5044//3571
f 5064//3573 5048//3662 5066//3662
f 5071//3663 5073//3484 5067//3486
f 5071//3663 5074//3514 5075//3664
f 5047//3665 5074//3514 5043//3515
f 5047//3665 5073//3484 5075//3664
f 5220//3666 5049//3667 5054//3631
f 5222//3668 4978//3669 5192//3598
f 5045//3670 4946//3504 5073//3484
f 5098//3671 5101//3633 5096//3635
f 5098//3671 5103//3623 5105//3672
f 5100//3538 5092//3673 5088//3538
f 5104//3674 5091//3625 5092//3673
f 5087//3662 5097//3568 5085//3570
f 5087//3662 5095//3574 5099//3662
f 5108//3675 5111//3614 5107//3613
f 5106//3471 5113//3676 5108//3675
f 5108//3675 5084//3677 5106//3471
f 5107//3613 5086//3678 5108//3675
f 5226//3679 5118//3680 5119//3544
f 5223//3543 4983//3681 5210//3612
f 4839//3492 5106//3471 5084//3677
f 5129//3682 4959//3590 5133//3683
f 4903//3556 5139//3684 5147//3685
f 4940//3686 5135//3687 4938//3581
f 5152//3688 4924//3519 5142//3689
f 5159//3594 5132//3690 5128//3593
f 5161//3691 5130//3483 5132//3690
f 5142//3689 5156//3692 5152//3688
f 5140//3476 5156//3692 5144//3693
f 5148//3466 5162//3694 5160//3695
f 5146//3550 5162//3694 5150//3694
f 5149//3696 5141//3627 5145//3629
f 5149//3696 5139//3684 5143//3697
f 5133//3683 5131//3698 5129//3682
f 5137//3699 5127//3700 5131//3698
f 5234//3616 5125//3701 5232//3540
f 5230//3542 4995//3702 5206//3609
f 4999//3610 5188//3703 5208//3611
f 5176//3704 4990//3705 5040//3706
f 5171//3707 4992//3708 4994//3709
f 5081//3710 5179//3711 5078//3711
f 5183//3712 5116//3713 5120//3712
f 5164//3714 5038//3715 4980//3716
f 4986//3717 5185//3718 5124//3718
f 4996//3719 5174//3720 5000//3721
f 5078//3711 5163//3722 4977//3722
f 5117//3723 5183//3712 5120//3712
f 5122//3724 5172//3725 4996//3719
f 5000//3721 5173//3726 4998//3727
f 5177//3728 5040//3706 5042//3729
f 5173//3726 5077//3730 4998//3727
f 5163//3722 4982//3731 4977//3722
f 5181//3732 4984//3733 5116//3713
f 5175//3734 5042//3729 5038//3715
f 5126//3735 5184//3736 5122//3724
f 5165//3737 4980//3716 4982//3731
f 4992//3708 5182//3738 5117//3723
f 4988//3739 5167//3740 4986//3717
f 5124//3718 5186//3741 5126//3735
f 4984//3733 5168//3742 4988//3739
f 5169//3743 4994//3709 4990//3705
f 5178//3730 5081//3710 5077//3730
f 5207//3744 4884//3745 4885//3746
f 5151//3747 5205//3748 4881//3749
f 5153//3750 5231//3751 5155//3752
f 5089//3753 5209//3754 4870//3755
f 5090//3477 5225//3756 5093//3757
f 5049//3667 5191//3758 4863//3759
f 5079//3760 5219//3761 5080//3762
f 5009//3763 5198//3764 4875//3765
f 5011//3766 5216//3767 5214//3768
f 5080//3762 5217//3487 5076//3489
f 5153//3750 5203//3769 5233//3770
f 4870//3755 5201//3771 4873//3772
f 4881//3749 5207//3744 4885//3746
f 4873//3772 5203//3769 4871//3773
f 5200//3774 4877//3775 4879//3776
f 5194//3777 4865//3778 4867//3779
f 4875//3765 5200//3774 4879//3776
f 4863//3759 5194//3777 4867//3779
f 5011//3766 5212//3780 5009//3763
f 5093//3757 5224//3781 5089//3753
f 5155//3752 5229//3782 5151//3747
f 5052//3632 5187//3783 5218//3630
f 5228//3784 4991//3785 5118//3680
f 5190//3786 5007//3787 4865//3778
f 908//681 5391//3788 5395//3789
f 5265//3790 5241//3791 5268//3792
f 5263//2350 5238//2350 5235//2350
f 5268//3792 5243//3793 5272//3794
f 5365//3795 5258//3796 5774//3797
f 5597//3798 5637//3799 5595//3800
f 5276//3801 5245//3802 5279//3803
f 5279//3803 5246//3804 5282//3805
f 5272//3794 5244//3806 5276//3801
f 5600//3807 5617//3808 5588//3809
f 5311//3810 5297//3811 5294//3812
f 5285//3813 5236//3814 5300//3815
f 5316//3816 5385//3817 5380//3818
f 5308//3819 5294//3812 5291//3820
f 5593//3821 5612//3822 5586//3823
f 5318//3824 5284//3825 5299//3826
f 5591//3827 5632//3828 5590//3829
f 5245//3802 5295//3830 5246//3804
f 5242//3831 5289//3832 5244//3806
f 5305//3833 5291//3820 5288//3834
f 5244//3806 5292//3835 5245//3802
f 5240//3836 5286//3837 5242//3831
f 5601//3838 5677//3839 5654//3840
f 5253//3841 5315//3842 5312//3843
f 5316//3816 5247//3844 5301//3845
f 5251//3846 5312//3843 5309//3847
f 5249//3848 5309//3847 5306//3849
f 5359//3850 5368//3851 5403//3852
f 5324//3853 5358//3854 5327//3855
f 5330//3856 5358//3854 5333//3857
f 5321//3858 5250//3859 5248//3860
f 5257//3861 5380//3818 5773//3862
f 5301//3845 5249//3848 5306//3849
f 5386//3863 5299//3826 5374//3863
f 5300//3815 5392//3864 5378//3865
f 5372//3866 994//760 5384//3867
f 5260//2350 5261//2350 5259//2350
f 5262//3868 5267//3869 5266//3870
f 5266//3870 5271//3871 5270//3872
f 5270//3872 5275//3873 5274//3874
f 5274//3874 5278//3875 5277//3876
f 5277//3876 5281//3877 5280//3878
f 5609//3879 5613//3880 5670//3881
f 991//777 5371//3882 5377//3883
f 5285//3813 5287//3884 5286//3837
f 5286//3837 5290//3885 5289//3832
f 5289//3832 5293//3886 5292//3835
f 5292//3835 5296//3887 5295//3830
f 5599//3888 5654//3840 5660//3889
f 5283//3890 5300//3815 5298//3891
f 5301//3845 5304//3892 5302//3893
f 5306//3849 5307//3894 5304//3892
f 5309//3847 5310//3895 5307//3894
f 5312//3843 5313//3896 5310//3895
f 5598//3897 5649//3898 5596//3899
f 5301//3845 5317//3900 5316//3816
f 5362//3901 1017//796 5369//3902
f 5390//3903 1015//798 5363//3903
f 5400//3904 1046//800 5398//3905
f 928//803 5377//3883 5391//3788
f 5303//3906 5288//3834 5284//3825
f 5323//3907 5252//3908 5250//3859
f 5669//3909 5608//3910 5602//3911
f 5326//3912 5254//3913 5252//3908
f 5359//3850 5319//3914 5334//3915
f 5329//3916 5256//3917 5254//3913
f 5298//3891 5378//3865 5373//3918
f 5336//3919 5248//3860 5258//3796
f 5320//3920 5324//3853 5322//3921
f 5324//3853 5325//3922 5322//3921
f 5327//3855 5328//3923 5325//3922
f 5330//3856 5331//3924 5328//3923
f 5598//3897 5616//3925 5645//3926
f 5319//3914 5335//3927 5334//3915
f 5383//3928 996//827 5381//3929
f 5369//3902 1045//830 5401//3930
f 5327//3855 5358//3854 5330//3856
f 5319//3914 5358//3854 5324//3853
f 5277//3876 5353//3931 5273//3932
f 5594//3933 5641//3934 5593//3821
f 5273//3932 5266//3870 5269//835
f 5361//3935 5402//3936 5397//3937
f 5236//3814 5394//3938 5392//3864
f 5354//3939 5339//3940 5349//3941
f 5266//3870 5347//3942 5262//3868
f 5602//3911 5666//3943 5669//3909
f 5259//2350 5346//2350 5338//2350
f 5337//3944 5343//3945 5340//3946
f 5341//3947 5351//3948 5348//3949
f 5608//3910 5350//3950 5602//3911
f 5407//3951 5361//3935 5397//3937
f 5398//3905 1018//855 5406//3952
f 5355//3953 5360//3954 5361//3935
f 5381//3929 930//860 5389//3955
f 5381//3929 5387//3956 5383//3928
f 5382//3957 5385//3817 5387//3956
f 5374//3863 5388//3958 5386//3863
f 5376//3958 5384//3867 5388//3958
f 5407//3951 5397//3937 5787//3959
f 5367//3960 5369//3902 5370//3961
f 5380//3818 5768//3962 5773//3862
f 5382//3957 5389//3955 5768//3962
f 5375//3963 5377//3883 5371//3882
f 5373//3918 5379//3964 5375//3963
f 5393//3965 5378//3865 5392//3864
f 5391//3788 5379//3964 5393//3965
f 5771//3966 5777//3967 5776//3968
f 5767//3969 5363//3903 5366//3970
f 5396//3971 5392//3864 5394//3938
f 5395//3789 5393//3965 5396//3971
f 5398//3905 5404//3972 5400//3904
f 5364//3973 5775//3974 5368//3851
f 5399//3975 5406//3952 5785//3976
f 5776//3968 5782//3977 5789//3978
f 5370//3961 5401//3930 5405//3979
f 5334//3915 5364//3973 5368//3851
f 5430//3980 5528//3981 5489//3982
f 5438//3983 5414//3984 5410//3983
f 5436//2350 5411//2350 5433//2350
f 5441//3985 5416//3986 5414//3984
f 1184//896 5520//3987 5532//3987
f 5702//3988 5756//3989 5754//3990
f 5449//3991 5418//3992 5417//3993
f 5452//3994 5419//3995 5418//3992
f 5445//3996 5417//3993 5416//3986
f 5686//3997 5747//3998 5745//3999
f 5470//4000 5484//4001 5467//4002
f 5409//4003 5458//4004 5473//4005
f 1181//915 5519//4006 1182//4007
f 5467//4002 5481//4008 5464//4009
f 5681//4010 5743//4011 5740//4012
f 5457//4013 5491//4014 5472//4015
f 5741//4016 5697//4017 5690//4018
f 5418//3992 5468//4019 5465//4020
f 5415//4021 5462//4022 5459//4023
f 5464//4009 5478//4024 5461//4025
f 5417//3993 5465//4020 5462//4022
f 5413//4026 5459//4023 5458//4004
f 5757//4027 5739//4028 5759//4029
f 5485//4030 5428//4031 5426//4032
f 5489//3982 5420//4033 5430//3980
f 5507//4034 5512//4035 5508//4036
f 5485//4030 5424//4037 5482//4038
f 5482//4038 5422//4039 5479//4040
f 5584//4041 5580//4042 5585//4043
f 5497//4044 5500//4045 5570//4046
f 5503//4047 5506//4048 5570//4046
f 5423//4049 5494//4050 5421//4051
f 5516//4052 5572//4053 5578//4054
f 1120//966 5529//4055 5539//4056
f 5474//4057 5422//4039 5420//4033
f 5584//4041 1275//968 5574//4058
f 5573//4059 5583//4060 5579//4061
f 5543//4062 1098//973 5547//4063
f 5517//4064 1274//975 1207//977
f 5409//4003 5546//4065 5412//4066
f 5434//2350 5433//2350 5432//2350
f 5435//4067 5440//4068 5437//4069
f 5439//4070 5444//4071 5440//4068
f 5443//4072 5448//4073 5444//4071
f 5447//4074 5451//4075 5448//4073
f 5450//4076 5454//4077 5451//4075
f 5732//4078 5682//4079 5678//4079
f 5533//4080 5489//3982 5528//3981
f 5458//4004 5460//4081 5456//4082
f 5459//4023 5463//4083 5460//4081
f 5462//4022 5466//4084 5463//4083
f 5465//4020 5469//4085 5466//4084
f 5746//4086 5719//4087 5757//4027
f 5456//4082 5473//4005 5458//4004
f 5477//4088 5474//4057 5475//4089
f 5480//4090 5479//4040 5477//4088
f 5483//4091 5482//4038 5480//4090
f 5483//4091 5488//4092 5485//4030
f 5748//4093 5714//4094 5710//4095
f 5474//4057 5490//4096 5475//4089
f 5534//4097 5472//4015 5491//4014
f 5473//4005 5544//4098 5409//4003
f 5513//4099 5431//4100 5509//4101
f 5526//4102 5471//4103 5521//4104
f 5461//4025 5476//4105 5457//4013
f 5425//4106 5496//4107 5423//4049
f 5760//4108 5568//4109 5762//4110
f 5427//4111 5499//4112 5425//4106
f 5492//4113 5572//4053 5507//4034
f 5429//4114 5502//4115 5427//4111
f 5531//4116 1186//1026 1185//1028
f 5421//4051 5509//4101 5431//4100
f 5493//4117 5497//4044 5492//4113
f 5498//4118 5497//4044 5495//4119
f 5501//4120 5500//4045 5498//4118
f 5504//4121 5503//4047 5501//4120
f 5748//4093 5685//4122 5744//4123
f 5492//4113 5508//4036 5493//4117
f 1207//977 5510//4124 5517//4064
f 5525//4125 1118//974 5543//4062
f 5500//4045 5503//4047 5570//4046
f 5492//4113 5497//4044 5570//4046
f 5565//4126 5450//4076 5446//4127
f 5753//4128 5706//4129 5701//4130
f 5439//4070 5446//4127 5442//835
f 5533//4080 5530//4131 5535//4132
f 5535//4132 5529//4055 5531//4116
f 5532//3987 5524//4133 5536//4133
f 5536//4133 5522//4097 5534//4097
f 5517//4064 5514//4134 5518//4135
f 5518//4135 5512//4035 5516//4052
f 5585//4043 5579//4061 5583//4060
f 5578//4054 5518//4135 5516//4052
f 5539//4056 5530//4131 5541//4136
f 5541//4136 5528//3981 5537//4137
f 5521//4104 5527//4138 5526//4102
f 5523//4139 5525//4125 5527//4138
f 5543//4062 5527//4138 5525//4125
f 5545//4140 5526//4102 5527//4138
f 5511//4141 5542//4142 5515//4142
f 5515//4142 5538//4143 5513//4099
f 5547//4063 5545//4140 5543//4062
f 5548//4144 5544//4098 5545//4140
f 1205//1061 5540//4145 5511//4141
f 5561//4146 5551//4147 5566//4148
f 5518//4135 5576//4149 5517//4064
f 5439//4070 5559//4150 5565//4126
f 5760//4108 5728//4151 5752//4152
f 5558//2350 5432//2350 5550//2350
f 5555//4153 5549//4154 5552//4155
f 5553//4156 5563//4157 5556//4158
f 5758//4159 5734//4160 5761//4161
f 5580//4042 5577//4162 5579//4061
f 5574//4058 5581//4163 5580//4042
f 5573//4059 5577//4162 5571//4164
f 1275//968 5575//4165 5574//4058
f 5567//4166 5571//4164 5569//4167
f 5589//4168 5664//4169 5603//4170
f 5280//3878 5591//3827 5590//3829
f 5605//4171 5672//4172 5676//4173
f 5355//3953 5605//4171 5357//4174
f 5333//3857 5606//4175 5601//3838
f 5280//3878 5603//4170 5353//3931
f 5256//3917 5600//3807 5588//3809
f 5350//3950 5604//4176 5602//3911
f 5314//4177 5595//3800 5297//3811
f 5313//3896 5598//3897 5596//3899
f 5246//3804 5592//4178 5282//3805
f 5333//3857 5599//3888 5331//3924
f 5315//3842 5587//4179 5598//3897
f 5295//3830 5586//3823 5246//3804
f 5296//3887 5593//3821 5295//3830
f 5628//4180 5622//4181 5620//4182
f 5620//4182 5611//4183 5610//4184
f 5639//4185 5635//4186 5634//4187
f 5647//4188 5644//4189 5643//4190
f 5634//4187 5648//4191 5647//4188
f 5610//4184 5640//4192 5639//4185
f 5643//4190 5615//4193 5614//4194
f 5658//4195 5652//4196 5656//4197
f 5615//4193 5657//4198 5614//4194
f 5668//4199 5662//4200 5667//4201
f 5675//4202 5670//3881 5674//4203
f 5671//4204 5667//4201 5670//3881
f 5662//4200 5630//4205 5625//4206
f 5674//4203 5653//4207 5675//4202
f 5586//3823 5624//4208 5592//4178
f 5749//4209 5726//4210 5695//4211
f 5693//4212 5689//4213 5696//4214
f 5688//4215 5680//4216 5689//4213
f 5704//4217 5700//4218 5705//4219
f 5712//4220 5709//4221 5713//4222
f 5699//4223 5713//4222 5700//4218
f 5679//4224 5705//4219 5680//4216
f 5708//4225 5684//4226 5709//4221
f 5722//4227 5717//4228 5718//4229
f 5684//4226 5721//4230 5722//4227
f 5729//4231 5727//4232 5730//4233
f 5737//4234 5732//4078 5733//4235
f 5733//4235 5729//4231 5730//4233
f 5725//4236 5694//4237 5727//4232
f 5736//4238 5718//4229 5717//4228
f 5740//4012 5691//4239 5681//4010
f 5419//3995 5742//4240 5740//4012
f 5453//4241 5751//4242 5749//4209
f 5758//4159 5567//4166 5569//4167
f 5562//4243 5752//4152 5564//4244
f 5469//4085 5743//4011 5753//4128
f 5488//4092 5744//4123 5428//4031
f 5731//4245 5762//4110 5735//4246
f 5486//4247 5748//4093 5488//4092
f 5506//4048 5746//4086 5757//4027
f 5506//4048 5759//4029 5570//4046
f 5454//4077 5750//4248 5741//4016
f 5740//4012 5468//4019 5419//3995
f 5429//4114 5747//3998 5505//4249
f 5754//3990 5487//4250 5470//4000
f 5778//4251 5367//3960 5370//3961
f 5785//3976 5786//4252 5784//4253
f 5780//4254 5370//3961 5405//3979
f 5763//4255 5774//3797 5767//3969
f 5399//3975 5779//4256 5404//3972
f 5365//3795 5774//3797 5770//4257
f 5368//3851 5791//4258 5403//3852
f 5784//4253 5788//4259 5781//4260
f 5399//3975 5785//3976 5783//4261
f 5790//4262 5397//3937 5402//3936
f 5763//4255 5767//3969 5765//4263
f 5770//4257 5774//3797 5772//4264
f 5783//4261 5785//3976 5784//4253
f 5786//4252 5407//3951 5787//3959
f 5769//4265 5776//3968 5775//3974
f 5777//3967 5766//4266 5778//4251
f 5781//4260 5783//4261 5784//4253
f 5788//4259 5787//3959 5790//4262
f 5775//3974 5789//3978 5791//4258
f 5782//3977 5778//4251 5780//4254
f 5767//3969 5366//3970 5765//4263
f 5901//4267 5828//4268 5812//4269
f 5880//4270 5850//4271 5851//4272
f 5930//4273 5826//4274 5913//4275
f 5810//4276 5906//4277 5911//4278
f 5889//4279 5819//4280 5896//4281
f 5915//4282 5797//4283 5800//4284
f 5901//4267 5810//4276 5911//4278
f 5913//4275 5824//4285 5923//4286
f 5819//4280 5894//4287 5896//4281
f 5796//4288 5890//4289 5793//4290
f 5928//4291 5801//4292 5804//4293
f 5925//4294 5831//4295 5935//4296
f 5831//4295 5930//4273 5935//4296
f 5906//4277 5821//4297 5889//4279
f 5793//4290 5898//4298 5795//4298
f 5919//4299 5800//4284 5802//4300
f 5932//4301 5804//4293 5807//4301
f 5824//4285 5918//4302 5923//4286
f 5904//4303 5799//4304 5908//4304
f 5792//4305 5926//4306 5805//4307
f 5794//4308 5891//4309 5792//4305
f 5914//4310 5803//4311 5801//4292
f 5931//4312 5805//4307 5926//4306
f 5902//4313 5798//4314 5797//4283
f 5832//4315 5875//4316 5829//4316
f 5837//4317 5813//4318 5809//4317
f 5815//4319 5882//4320 5832//4315
f 5848//4321 5842//4322 5868//4323
f 5924//4324 5892//4325 5893//4326
f 5825//4327 5863//4328 5823//4328
f 5862//4329 5827//4330 5822//4329
f 5834//4331 5869//4332 5825//4327
f 5830//4333 5884//4334 5834//4331
f 5817//4335 5849//4336 5815//4319
f 5860//4337 5818//4338 5820//4339
f 5845//4340 5820//4339 5813//4318
f 5839//4341 5844//4342 5841//4343
f 5846//4344 5839//4341 5847//4345
f 5850//4271 5853//4346 5851//4272
f 5853//4346 5861//4347 5858//4348
f 5865//4349 5870//4350 5867//4351
f 5872//4352 5865//4349 5873//4353
f 5878//4354 5883//4355 5880//4270
f 5885//4356 5878//4354 5886//4357
f 5861//4347 5847//4345 5858//4348
f 5844//4342 5873//4353 5841//4343
f 5867//4351 5885//4356 5886//4357
f 5811//4358 5871//4359 5843//4360
f 5843//4360 5808//4361 5811//4358
f 5910//4362 5903//4363 5900//4364
f 5904//4303 5910//4362 5905//4365
f 5892//4325 5895//4366 5893//4326
f 5895//4366 5890//4289 5888//4367
f 5922//4368 5914//4310 5912//4369
f 5916//4370 5922//4368 5917//4371
f 5934//4372 5927//4373 5924//4324
f 5928//4291 5934//4372 5929//4374
f 5888//4367 5904//4303 5905//4365
f 5903//4363 5917//4371 5900//4364
f 5914//4310 5929//4374 5912//4369
f 5894//4287 5833//4375 5925//4294
f 5941//4376 6078//4377 5943//4377
f 5979//4378 6045//4379 6038//4380
f 6047//4381 5949//4382 5944//4383
f 5940//4384 6034//4385 5937//4386
f 5942//4387 6071//4388 5940//4384
f 6045//4379 5970//4389 6052//4390
f 5953//4391 6069//4392 6062//4393
f 5948//4394 6066//4395 6060//4396
f 5963//4397 6074//4398 6076//4399
f 6069//4392 5963//4397 6076//4399
f 5970//4389 6050//4400 6052//4390
f 5944//4383 6053//4401 6047//4381
f 5975//4402 6038//4380 6043//4403
f 5936//4404 6046//4405 5945//4406
f 6033//4407 5975//4402 6043//4403
f 6074//4398 5977//4408 6033//4407
f 6036//4409 5939//4410 6040//4410
f 6050//4400 5958//4411 6057//4412
f 6060//4396 5941//4376 5948//4394
f 6057//4412 5956//4413 6064//4414
f 5950//4415 6058//4416 6065//4415
f 5947//4417 6046//4405 6054//4418
f 6039//4419 5937//4386 6034//4385
f 5956//4413 6062//4393 6064//4414
f 5957//4420 5986//4361 5954//4361
f 5952//4421 6004//4422 5964//4423
f 6017//4424 5969//4425 5971//4426
f 5955//4427 5980//4428 5952//4421
f 5999//4429 5959//4430 5961//4429
f 5983//4431 6009//4432 6016//4433
f 5976//4434 5993//4435 6026//4436
f 5966//4437 5991//4358 5957//4420
f 5968//4438 6006//4439 5966//4437
f 6028//4440 5971//4426 5978//4441
f 6020//4442 5978//4441 5974//4442
f 6026//4436 5973//4443 5976//4434
f 5964//4423 6000//4444 5962//4444
f 6027//4445 5995//4446 6024//4447
f 5981//4448 5984//4449 5982//4450
f 5984//4449 5992//4451 5989//4452
f 5994//4453 5997//4454 5995//4446
f 5997//4454 6005//4455 6002//4456
f 6007//4457 6010//4458 6008//4459
f 6010//4458 6018//4460 6015//4461
f 6022//4462 6027//4445 6024//4447
f 6029//4463 6022//4462 6030//4464
f 5989//4452 6007//4457 6008//4459
f 6018//4460 6030//4464 6015//4461
f 6002//4456 5981//4448 5982//4450
f 6060//4396 6063//4465 6061//4466
f 6063//4465 6059//4467 6056//4468
f 6072//4469 6075//4470 6073//4471
f 6075//4470 6070//4472 6068//4473
f 6048//4474 6051//4475 6049//4476
f 6051//4475 6046//4405 6044//4477
f 6042//4478 6035//4479 6032//4480
f 6036//4409 6042//4478 6037//4481
f 6032//4480 6072//4469 6073//4471
f 6059//4467 6049//4476 6056//4468
f 6044//4477 6036//4409 6037//4481
f 6070//4472 6061//4466 6068//4473
f 6108//4482 6083//4483 6081//4482
f 6155//4484 6093//4484 6145//4484
f 6171//4485 6101//4486 6177//4486
f 6136//4487 6091//4488 6140//4489
f 6178//4490 6103//4491 6182//4492
f 6144//1433 6100//4493 6171//4485
f 6133//4494 6089//4495 6135//4495
f 6150//4496 6174//4497 6181//4498
f 6143//4499 6128//4500 6106//4501
f 6097//4502 6169//4503 6164//4502
f 6123//4504 6084//4505 6086//4506
f 6096//4507 6165//4508 6158//4509
f 6111//1449 6086//4506 6082//1449
f 6121//4510 6087//4511 6085//4510
f 6099//4512 6154//1449 6169//4503
f 6103//4491 6158//4509 6182//4492
f 6140//4489 6087//4511 6129//4513
f 6124//4514 6118//4515 6122//4516
f 6130//4517 6118//4515 6127//4518
f 6134//4519 6138//4520 6131//4521
f 6141//4522 6138//4520 6137//4523
f 6130//4517 6142//4524 6141//4522
f 6134//4519 6104//4525 6109//4526
f 6124//4514 6115//4527 6125//4528
f 6105//4529 6114//4530 6110//4531
f 6159//4532 6162//4533 6160//4534
f 6162//4533 6170//4535 6167//4536
f 6172//4537 6175//4538 6173//4539
f 6175//4538 6183//4540 6180//4541
f 6148//4542 6172//4537 6173//4539
f 6183//4540 6160//4534 6180//4541
f 6170//4535 6151//4543 6167//4536
f 6147//4544 6152//4545 6157//4546
f 6107//1433 6088//4547 6133//4494
f 6187//4548 6205//4548 6193//4548
f 6196//4549 6188//4550 6184//4551
f 6283//4552 6288//4553 6275//4554
f 6289//4555 6315//4556 6268//4557
f 6294//4558 6195//4559 6318//4560
f 6192//4561 6198//4562 6186//4562
f 6206//4563 6190//4564 6194//4565
f 6317//4560 6307//4566 6312//4567
f 6300//4568 6185//4569 6282//4552
f 6265//4570 6311//4567 6308//4571
f 6185//4569 6293//4572 6284//4552
f 6195//4569 6302//4568 6317//4560
f 6262//4573 6276//4554 6288//4553
f 6213//4574 6211//4574 6215//4574
f 6208//4575 6214//4576 6209//4576
f 6221//4577 6219//4574 6223//4574
f 6216//4576 6222//4578 6217//4578
f 6229//4577 6227//4574 6231//4574
f 6224//4578 6230//4579 6225//4579
f 6237//4574 6235//4574 6239//4574
f 6232//4578 6238//4576 6233//4576
f 6245//4574 6243//4574 6247//4574
f 6240//4576 6246//4576 6241//4576
f 6253//4574 6251//4574 6255//4574
f 6248//4576 6254//4576 6249//4576
f 6273//4580 6279//4581 6281//4582
f 6285//4583 6291//4584 6289//4555
f 6299//4585 6303//4586 6305//4587
f 6314//4588 6316//4589 6319//4590
f 6259//4591 6274//4580 6256//4592
f 6306//4587 6263//4593 6264//4594
f 6260//4595 6286//4596 6285//4583
f 6269//4597 6313//4588 6267//4598
f 6280//4582 6296//4599 6298//4585
f 6320//4590 6289//4555 6290//4584
f 6277//4600 6263//4593 6297//4599
f 6203//4569 6201//4569 6197//4569
f 6631//4601 6545//4602 6628//4603
f 6540//4604 6369//4605 6377//4606
f 6530//4607 6373//4608 6371//4609
f 6526//4610 6375//4611 6373//4608
f 6533//4612 6324//4613 6529//4614
f 6620//4615 6327//4616 6388//4617
f 6496//4618 6476//4619 6484//4619
f 6478//4619 6338//4620 6466//4620
f 6484//4619 6464//4620 6472//4620
f 6458//4621 6368//4622 6595//4623
f 6579//4624 6414//4625 6572//4625
f 6566//4626 6418//4627 6550//4628
f 6557//4629 6356//4630 6352//4631
f 6560//4632 6426//4633 6566//4626
f 6562//4634 6420//4635 6560//4632
f 6554//4636 6414//4625 6424//4637
f 6652//4638 6552//4639 6551//4640
f 6547//4641 6377//4606 6446//4641
f 6550//4628 6641//4642 6651//4643
f 6452//4644 6599//4645 6588//4645
f 6466//4620 6336//4646 6458//4621
f 6490//4618 6340//4619 6478//4619
f 6344//4619 6470//4620 6346//4620
f 6346//4620 6454//4647 6348//4646
f 6472//4620 6460//4644 6452//4644
f 6342//4618 6482//4619 6344//4619
f 6355//4648 6437//4649 6351//4650
f 6523//4651 6326//4652 6533//4612
f 6575//4653 6655//4654 6650//4655
f 6537//4656 6324//4613 6328//4657
f 6357//4658 6431//4659 6439//4660
f 6363//4661 6394//4661 6347//4661
f 6353//4662 6439//4660 6433//4663
f 6339//4664 6400//4664 6398//4664
f 6351//4650 6441//4665 6359//4666
f 6335//4667 6404//4667 6402//4667
f 6539//4668 6322//4669 6523//4651
f 6337//4667 6398//4664 6404//4667
f 6539//4668 6368//4622 6330//4670
f 6589//4671 6410//4671 6578//4671
f 6571//4672 6365//4673 6501//4674
f 6321//4675 6384//4676 6325//4677
f 6325//4677 6386//4678 6323//4679
f 6343//4680 6417//4680 6341//4680
f 6323//4679 6388//4617 6327//4616
f 6345//4661 6409//4680 6343//4680
f 6536//4681 6626//4682 6535//4683
f 6347//4661 6407//4661 6345//4661
f 6329//4684 6382//4685 6321//4675
f 6553//4686 6358//4687 6569//4688
f 6634//4689 6328//4657 6608//4690
f 6565//4691 6354//4692 6356//4630
f 6359//4666 6397//4693 6364//4693
f 6571//4672 6352//4631 6360//4694
f 6367//4695 6390//4696 6329//4684
f 6562//4634 6424//4637 6422//4697
f 6366//4667 6402//4667 6448//4667
f 6569//4688 6354//4692 6559//4698
f 6577//4699 6638//4700 6656//4701
f 6355//4648 6433//4663 6435//4702
f 6445//4703 6604//4703 6546//4703
f 6515//4703 6590//4703 6582//4703
f 6453//4704 6474//4705 6456//4706
f 6473//4707 6451//4708 6455//4709
f 6459//4704 6468//4710 6462//4706
f 6467//4707 6457//4708 6461//4709
f 6469//4711 6486//4712 6474//4705
f 6485//4713 6471//4714 6473//4707
f 6463//4711 6480//4712 6468//4710
f 6479//4713 6465//4714 6467//4707
f 6500//4715 6456//4706 6503//4716
f 6455//4709 6587//4717 6504//4718
f 6598//4719 6462//4706 6507//4719
f 6461//4709 6594//4720 6506//4721
f 6481//4722 6498//4723 6486//4712
f 6497//4724 6483//4725 6485//4713
f 6475//4726 6492//4723 6480//4712
f 6491//4724 6477//4725 6479//4713
f 6583//4727 6510//4728 6516//4729
f 6603//4730 6509//4731 6600//4732
f 6365//4673 6454//4647 6501//4674
f 6525//4733 6532//4734 6531//4735
f 6531//4735 6528//4736 6527//4737
f 6528//4736 6535//4683 6527//4737
f 6392//4738 6609//4739 6622//4740
f 6541//4741 6522//4742 6525//4733
f 6581//4743 6570//4744 6499//4745
f 6649//4746 6428//4747 6574//4747
f 6558//4748 6563//4749 6561//4750
f 6564//4751 6555//4752 6563//4749
f 6551//4640 6568//4753 6567//4754
f 6567//4754 6558//4748 6561//4750
f 6556//4755 6573//4756 6555//4752
f 6538//4757 6549//4758 6593//4759
f 6548//4760 6506//4721 6594//4720
f 6505//4761 6602//4762 6596//4763
f 6584//4764 6502//4765 6585//4766
f 6503//4716 6580//4767 6500//4715
f 6586//4768 6601//4769 6583//4727
f 6534//4770 6615//4771 6375//4611
f 6524//4772 6371//4609 6369//4605
f 6627//4773 6379//4774 6613//4775
f 6628//4603 6635//4776 6631//4601
f 6630//4777 6633//4778 6635//4776
f 6613//4775 6629//4779 6627//4773
f 6617//4780 6625//4781 6629//4779
f 6624//4782 6607//4783 6620//4615
f 6622//4740 6611//4784 6624//4782
f 6608//4690 6636//4785 6634//4689
f 6612//4786 6632//4787 6636//4785
f 6610//4788 6543//4789 6632//4787
f 6443//4790 6637//4791 6361//4790
f 6350//4792 6654//4793 6640//4794
f 6650//4655 6653//4795 6652//4638
f 6646//4796 6639//4797 6637//4791
f 6643//4798 6651//4643 6641//4642
f 6640//4794 6656//4701 6638//4700
f 6349//4799 6648//4800 6431//4659
f 6663//4801 6680//4801 6665//4801
f 6674//4801 6661//4801 6659//4801
f 6670//4801 6658//4802 6657//4803
f 6669//4804 6670//4801 6657//4803
f 6665//4801 6682//4801 6667//4801
f 6676//4801 6663//4801 6661//4801
f 6672//4801 6659//4801 6658//4802
f 6667//4801 6684//4801 6669//4804
f 6671//4805 6692//4806 6673//4806
f 6699//4807 6664//4808 6666//4809
f 6683//4810 6686//4811 6685//4811
f 6691//4812 6677//4813 6675//4812
f 6690//4813 6679//4814 6677//4813
f 6692//4806 6675//4812 6673//4806
f 6679//4814 6688//4815 6681//4815
f 6686//4811 6671//4805 6685//4811
f 6662//4816 6696//4817 6660//4818
f 6658//4802 6694//4819 6657//4803
f 6694//4819 6669//4804 6657//4803
f 6700//4820 6666//4809 6668//4821
f 6664//4808 6697//4822 6662//4816
f 6660//4818 6695//4823 6658//4802
f 6701//4824 6668//4821 6669//4804
f 6681//4815 6687//4810 6683//4810
f 6708//4825 6725//4825 6723//4825
f 6706//4825 6719//4825 6704//4825
f 6703//4826 6715//4825 6702//4827
f 6714//4828 6715//4825 6729//4825
f 6710//4825 6727//4825 6725//4825
f 6708//4825 6721//4825 6706//4825
f 6704//4825 6717//4825 6703//4826
f 6712//4825 6729//4825 6727//4825
f 6716//4829 6737//4830 6738//4829
f 6709//4831 6744//4832 6711//4833
f 6728//4834 6731//4835 6732//4834
f 6722//4836 6736//4837 6720//4837
f 6724//4838 6735//4836 6722//4836
f 6720//4837 6737//4830 6718//4830
f 6724//4838 6733//4839 6734//4838
f 6716//4829 6731//4835 6730//4835
f 6707//4840 6741//4841 6742//4842
f 6703//4826 6739//4843 6740//4844
f 6714//4828 6739//4843 6702//4827
f 6711//4833 6745//4845 6713//4846
f 6709//4831 6742//4842 6743//4831
f 6705//4847 6740//4844 6741//4841
f 6713//4846 6746//4848 6714//4828
f 6726//4839 6732//4834 6733//4839
f 6750//4849 6834//4850 6828//4850
f 6856//4851 6777//4852 6854//4853
f 6846//4854 6818//4855 6756//4856
f 6836//4850 6755//4857 6826//4850
f 6857//4858 6825//4859 6754//4860
f 6850//4861 6792//4862 6848//4863
f 6844//4864 6799//4865 6838//4866
f 6842//4867 6784//4868 6835//4869
f 6763//4870 6839//4871 6831//4871
f 6832//4872 6821//4873 6764//4874
f 6847//4875 6761//4876 6845//4877
f 6823//4878 6830//4879 6769//4880
f 6775//4881 6841//4882 6833//4883
f 6852//4884 6858//4885 6771//4886
f 6837//4871 6768//4887 6829//4871
f 6789//4888 6843//4889 6840//4890
f 6770//4891 6800//4892 6796//4893
f 6773//4894 6798//4895 6801//4894
f 6794//4896 6761//4876 6791//4897
f 6790//4898 6766//4899 6795//4900
f 6759//4901 6783//4902 6757//4903
f 6755//4857 6788//4904 6760//4905
f 6778//4906 6752//4907 6748//4908
f 6781//4909 6750//4849 6753//4910
f 6802//4911 6812//4912 6797//4913
f 6802//4911 6813//4914 6814//4915
f 6810//4916 6793//4917 6792//4862
f 6809//4918 6793//4917 6811//4919
f 6786//4920 6806//4921 6782//4922
f 6786//4920 6807//4923 6808//4924
f 6804//4925 6779//4926 6777//4852
f 6803//4927 6779//4926 6805//4928
f 6769//4880 6824//4929 6823//4878
f 6771//4886 6824//4929 6774//4930
f 6817//4931 6749//4932 6816//4933
f 6817//4931 6747//4934 6751//4935
f 6754//4860 6819//4936 6857//4858
f 6756//4856 6819//4936 6758//4937
f 6822//4938 6764//4874 6821//4873
f 6822//4938 6762//4939 6767//4940
f 6853//4941 6748//4908 6851//4941
f 6825//4859 6860//4859 6827//4859
f 6832//4872 6861//4879 6862//4872
f 6833//4883 6842//4867 6835//4869
f 6826//4850 6834//4850 6836//4850
f 6829//4871 6839//4871 6837//4871
f 6838//4866 6843//4889 6844//4864
f 6827//4859 6816//4933 6749//4932
f 6757//4903 6847//4875 6845//4877
f 6782//4922 6850//4861 6848//4863
f 6820//4942 6846//4854 6762//4939
f 6770//4891 6853//4941 6851//4941
f 6815//4943 6852//4884 6747//4934
f 6797//4913 6856//4851 6854//4853
f 6963//4944 2610//1885 2682//4945
f 6872//4946 6924//4947 6922//4948
f 6969//4949 6904//4950 6968//4951
f 6906//4952 6972//4953 6973//4954
f 6910//4955 6976//4956 6977//4957
f 6904//4950 6982//4958 6968//4951
f 6983//4959 6891//4960 6889//4961
f 6918//4962 6988//4963 7002//4964
f 6901//4965 6986//4966 6972//4953
f 6986//4966 6912//4967 6963//4944
f 6983//4959 6895//4968 6969//4949
f 6980//4969 6906//4952 6973//4954
f 6977//4957 2596//1911 6910//4955
f 6896//4970 6949//4971 6898//4972
f 2611//1916 6962//4973 2669//1916
f 6888//4974 6944//4975 6894//4976
f 2597//1923 6959//4977 6909//4978
f 6873//4979 6931//4980 6924//4947
f 6966//4981 6989//4982 7011//4983
f 6875//4984 6931//4980 6880//4985
f 6871//4986 6979//4987 6874//4988
f 6882//4989 6926//4990 6875//4984
f 6886//4991 6932//4992 6882//4989
f 6905//4993 6949//4971 6955//4994
f 6900//4995 6955//4994 6950//4996
f 6987//4997 6981//4998 7012//4999
f 6865//5000 6914//5001 6916//5002
f 6907//5003 6950//4996 6958//5004
f 6877//5005 6920//5006 6869//5007
f 6911//5008 6958//5004 6962//4973
f 6884//5009 6916//5002 6935//5010
f 6868//5011 6929//5012 6879//5012
f 2582//1956 6936//5013 6886//4991
f 6863//5014 6920//5006 6914//5001
f 6897//5015 7014//5016 6994//5017
f 6890//5018 6938//5019 6888//4974
f 2568//1962 6935//5010 2626//5020
f 6894//4976 6952//5021 6902//5021
f 7015//5022 6893//5023 6996//5024
f 6909//4978 6940//5025 6890//5018
f 6892//5026 6954//5027 6943//5028
f 6885//5029 2707//1971 6978//5030
f 6947//5031 6993//5032 7008//5033
f 6979//4987 6881//5034 6874//4988
f 6864//5035 6970//5036 6870//5037
f 6883//5038 6964//5039 6887//5040
f 6971//5041 6883//5038 6876//5042
f 6995//5043 6943//5028 7006//5044
f 6864//5035 6975//4960 6984//5045
f 6967//5046 6867//5047 6878//5048
f 6978//5030 6866//4956 6885//5029
f 6974//5049 6876//5042 6881//5034
f 6870//5037 6967//5046 6878//5048
f 6887//5040 2681//1993 2581//4945
f 6965//5050 6899//5051 6980//4969
f 7013//5052 6987//4997 7012//4999
f 7011//4983 6991//5053 7013//5052
f 7000//5054 6992//5055 6990//5056
f 7002//4964 6992//5055 7004//5055
f 6998//5057 7015//5022 6996//5024
f 6994//5017 7016//5058 6998//5057
f 7006//5044 6997//5059 6995//5043
f 7008//5033 6997//5059 7010//5060
f 6990//5056 6922//4948 7000//5054
f 7061//5061 7038//5062 7034//5063
f 7065//5064 7032//5065 7064//5066
f 7106//5067 2755//2014 2807//2016
f 7061//5061 7030//5068 7065//5064
f 7153//5069 7115//5070 7131//5071
f 7060//5072 2757//2021 7038//5062
f 7081//5073 7097//5074 7091//5075
f 7032//5065 7057//5076 7064//5066
f 7139//5077 7048//5078 7148//5079
f 2740//2032 7076//5080 7067//5081
f 7099//5082 7070//5083 7072//5084
f 7137//5085 7134//5086 7107//5087
f 7029//5088 7053//5089 7049//5090
f 7116//5091 7095//5092 7085//5093
f 7027//5094 7052//5095 7048//5078
f 7037//5096 7053//5089 7033//5097
f 7118//5098 7101//5099 7132//5100
f 7019//5101 7044//5102 7023//5103
f 7029//5088 7052//5095 7031//5104
f 2756//2056 7093//5105 2781//5106
f 7018//5107 7042//5108 7022//5109
f 2758//2063 7056//5110 7037//5096
f 7025//5111 7044//5102 7045//5112
f 7019//5101 7042//5108 7040//5113
f 7084//5114 7105//5115 7102//5116
f 2742//2068 7045//5112 2769//5117
f 7063//5065 7017//5076 7021//5118
f 7110//5119 7090//5120 7120//5119
f 7069//5121 7088//5122 7071//5123
f 7026//5124 2805//2078 7059//5125
f 7024//5061 7066//5068 7020//5064
f 7020//5064 7063//5065 7021//5118
f 7133//5126 7074//5127 7111//5128
f 7024//5061 7059//5125 7062//5063
f 7102//5116 7086//5129 7084//5114
f 7105//5115 7080//5130 7106//5067
f 7067//5081 7078//5131 7069//5121
f 7088//5122 7073//5132 7071//5123
f 7097//5074 7085//5093 7095//5092
f 7091//5075 7079//5133 7081//5073
f 7072//5084 7100//5134 7099//5082
f 7070//5083 7103//5135 7068//5136
f 7068//5136 2808//2014 2739//2016
f 7134//5086 7111//5128 7107//5087
f 7108//5137 7121//5138 7123//5139
f 7113//5140 7130//5141 7117//5142
f 7115//5070 7132//5100 7131//5071
f 7154//5143 7028//5144 7140//5145
f 7144//5146 7109//5147 7124//5148
f 7136//5149 7036//5150 7018//5107
f 7114//5151 7150//5152 7127//5151
f 7135//5153 7152//5154 7137//5085
f 7146//5155 7138//5156 7144//5146
f 7148//5079 7141//5157 7139//5077
f 7154//5143 7142//5158 7153//5069
f 7058//5159 7135//5153 7017//5076
f 7161//5160 7315//5161 7226//5162
f 7255//5163 7186//5164 7173//5164
f 7343//5165 7257//5166 7342//5165
f 7341//5167 7225//5168 7337//5167
f 7168//5169 7203//5170 7155//5169
f 7158//5171 7300//5172 7213//5173
f 7181//5174 7233//5175 7167//5174
f 7239//5176 7179//5174 7169//5174
f 7347//5177 7308//5178 7219//5179
f 7291//5180 7156//5181 7204//5182
f 7351//5183 7210//5184 7346//5183
f 7227//5185 7174//5186 7162//5186
f 7212//5187 7170//5169 7157//5169
f 7188//5164 7249//5188 7175//5164
f 7352//5189 7241//5190 7350//5189
f 7306//5191 7163//5192 7217//5182
f 7158//5171 7195//5193 7193//5171
f 7160//5194 7191//5195 7195//5193
f 7175//5164 7190//5164 7188//5164
f 7177//5164 7186//5164 7190//5164
f 7159//5169 7168//5169 7155//5169
f 7157//5169 7172//5169 7159//5169
f 7164//5186 7178//5186 7176//5186
f 7166//5186 7174//5186 7178//5186
f 7171//5174 7181//5174 7167//5174
f 7169//5174 7183//5174 7171//5174
f 7161//5160 7202//5196 7200//5160
f 7165//5193 7198//5197 7202//5196
f 7176//5186 7218//5198 7164//5186
f 7222//5199 7248//5200 7220//5201
f 7223//5202 7250//5203 7254//5204
f 7258//5205 7229//5206 7225//5168
f 7256//5207 7230//5208 7262//5209
f 7207//5210 7232//5211 7205//5212
f 7208//5213 7234//5214 7238//5215
f 7242//5216 7214//5217 7210//5184
f 7240//5218 7215//5219 7246//5220
f 7235//5221 7265//5222 7231//5223
f 7237//5224 7263//5225 7268//5226
f 7270//5227 7243//5228 7241//5190
f 7272//5229 7245//5230 7275//5231
f 7261//5232 7287//5233 7255//5163
f 7260//5234 7285//5235 7289//5236
f 7278//5237 7253//5238 7249//5188
f 7280//5239 7252//5240 7282//5241
f 7224//5242 7318//5243 7313//5244
f 7226//5162 7318//5243 7228//5245
f 7311//5246 7219//5179 7308//5178
f 7311//5246 7217//5182 7221//5247
f 7211//5248 7302//5249 7298//5250
f 7213//5173 7302//5249 7216//5251
f 7295//5246 7206//5252 7293//5253
f 7295//5246 7204//5182 7209//5254
f 7338//5255 7293//5253 7206//5252
f 7180//5256 7321//5257 7184//5258
f 7328//5259 7276//5260 7271//5261
f 7334//5262 7288//5263 7284//5264
f 7324//5257 7187//5265 7189//5258
f 7345//5266 7284//5264 7344//5267
f 7320//5268 7264//5269 7182//5265
f 7331//5270 7281//5271 7277//5269
f 7276//5260 7329//5272 7273//5273
f 7354//5274 7271//5261 7353//5267
f 7269//5271 7326//5275 7266//5276
f 7273//5273 7319//5277 7180//5256
f 7185//5256 7324//5257 7189//5258
f 7321//5257 7182//5265 7184//5258
f 7323//5278 7277//5269 7187//5265
f 7325//5270 7269//5271 7264//5269
f 7281//5271 7332//5279 7279//5280
f 7288//5263 7335//5272 7286//5273
f 7286//5273 7322//5277 7185//5256
f 7266//5276 7345//5266 7344//5267
f 7313//5244 7338//5255 7224//5242
f 7205//5212 7341//5167 7337//5167
f 7231//5223 7343//5165 7342//5165
f 7279//5280 7354//5274 7353//5267
f 7247//5281 7352//5189 7350//5189
f 7220//5201 7351//5183 7346//5183
f 7298//5250 7347//5177 7211//5248
f 7316//5282 7368//5283 7312//5284
f 7348//5285 7366//5286 7307//5287
f 7314//5288 7369//5289 7317//5290
f 7297//5291 7361//5292 7292//5293
f 7303//5294 7362//5295 7299//5296
f 7365//5297 7197//5298 7305//5299
f 7362//5295 7348//5285 7299//5296
f 7307//5287 7366//5286 7309//5300
f 7301//5301 7364//5302 7304//5303
f 7201//5304 7357//5305 7199//5306
f 7368//5283 7339//5307 7312//5284
f 7196//5308 7356//5309 7194//5310
f 7339//5307 7359//5311 7294//5312
f 7197//5298 7357//5305 7201//5304
f 7199//5306 7369//5289 7314//5288
f 7294//5312 7359//5311 7296//5313
f 7194//5310 7364//5302 7301//5301
f 7192//5314 7356//5309 7196//5308
f 7310//5315 7365//5297 7305//5299
f 7361//5292 7192//5314 7292//5293
f 7358//5316 7367//5316 7374//5317
f 7374//5317 7355//5318 7372//5317
f 7422//5319 7437//5320 7399//5320
f 7428//5320 7442//5320 7413//5320
f 7433//5321 7393//5322 7376//5323
f 7412//5324 7434//5321 7387//5325
f 7438//5320 7426//5320 7408//5319
f 7441//5320 7420//5320 7394//5326
f 7406//5320 7429//5320 7415//5320
f 7383//5327 7414//5328 7388//5329
f 7392//5320 7423//5320 7401//5320
f 7391//5330 7380//5331 7375//5332
f 7387//5325 7416//5333 7412//5324
f 7388//5329 7417//5334 7390//5335
f 7409//5336 7384//5337 7407//5338
f 7410//5339 7383//5327 7386//5340
f 7379//5341 7402//5342 7398//5343
f 7380//5331 7403//5344 7382//5345
f 7395//5346 7376//5323 7393//5322
f 7396//5347 7375//5332 7378//5348
f 7413//5320 7430//5320 7428//5320
f 7415//5320 7430//5320 7418//5320
f 7427//5320 7408//5319 7426//5320
f 7427//5320 7406//5320 7411//5319
f 7399//5320 7424//5320 7422//5319
f 7401//5320 7424//5320 7404//5319
f 7421//5320 7394//5326 7420//5320
f 7421//5320 7392//5320 7397//5320
f 7432//5349 7407//5338 7384//5337
f 7438//5320 7443//5350 7444//5320
f 7441//5320 7446//5320 7445//5320
f 7398//5343 7431//5349 7379//5341
f 7458//5351 7455//5352 7485//5352
f 7474//5353 7461//5354 7484//5355
f 7490//5356 3231//2313 3242//2313
f 7464//5357 7452//5358 7448//5359
f 7480//5360 7451//5361 7453//5360
f 7487//5362 3200//2321 7456//5362
f 7485//5352 3198//2322 3234//2322
f 7473//5363 7456//5362 7451//5361
f 7464//5357 7450//5364 7469//5364
f 7477//5365 7454//5366 7452//5358
f 7467//5367 7447//5368 7458//5351
f 7466//5369 7457//5370 7460//5371
f 7466//5369 7463//5372 7468//5373
f 7462//5374 7476//5375 7463//5372
f 7479//5376 7476//5375 7475//5377
f 7479//5376 7472//5378 7481//5379
f 7489//5380 3239//2339 7488//5381
f 7483//5382 3233//2340 3232//2340
f 7460//5371 7486//5383 7483//5382
f 7471//5384 7488//5381 7472//5378
f 7510//5385 7494//5386 7504//5385
f 7496//5387 7500//5388 7492//5387
f 7506//5388 7502//5389 7500//5388
f 7508//5389 7504//5385 7502//5389
f 7505//1433 7527//1433 7507//1433
f 7499//1449 7521//1449 7519//1449
f 7509//1433 7527//1433 7529//1433
f 7503//1449 7521//1449 7501//1449
f 7493//1449 7523//1449 7503//1449
f 7495//1433 7525//1433 7505//1433
f 7491//1449 7519//1449 7511//1449
f 7497//1433 7529//1433 7517//1433
f 7535//2349 7537//2349 7532//2349
f 7531//1449 7544//1449 7534//1449
f 7542//835 7550//835 7545//835
f 7533//685 7549//685 7543//685
f 7536//2350 7552//2350 7562//2350
f 7548//2351 7560//2351 7551//2351
f 7561//2352 7553//2352 7555//2352
f 7533//685 7554//685 7559//685
f 7536//2350 7556//2350 7540//2350
f 7567//2353 7569//2353 7564//2353
f 7563//1449 7576//1449 7566//1449
f 7574//2354 7583//2354 7577//2354
f 7565//2350 7581//2350 7575//2350
f 7568//685 7584//685 7594//685
f 7579//2355 7592//2355 7582//2355
f 7593//2356 7585//2356 7587//2356
f 7565//2350 7586//2350 7591//2350
f 7568//685 7588//685 7572//685
f 6934//5390 2655//2357 2625//2359
f 6915//5391 6960//5392 6934//5390
f 6913//5393 6941//5394 6915//5391
f 6913//5393 6945//5395 6939//5396
f 6919//5397 6953//5398 6945//5395
f 6917//5399 6953//5398 6927//5400
f 7001//5401 6942//5402 6917//5399
f 7001//5401 7009//5403 7005//5404
f 7003//5405 7007//5406 7009//5403
f 6999//5407 6946//5408 7007//5406
f 6921//5409 6948//5410 6946//5408
f 6923//5411 6956//5412 6948//5410
f 6925//5413 6956//5412 6930//5414
f 6933//5415 6951//5416 6925//5413
f 6933//5415 6961//5417 6957//5418
f 6937//5419 2668//2386 6961//5417
f 4804//5420 4811//5421 4806//5422
f 7046//5423 2783//2391 2770//2393
f 7043//5424 7055//5425 7046//5423
f 7043//5424 7050//5426 7054//5427
f 7039//5428 7051//5429 7050//5426
f 7035//5430 7051//5429 7041//5431
f 7145//5432 7047//5433 7035//5430
f 7145//5432 7149//5434 7147//5435
f 7143//5436 7125//5437 7149//5434
f 7119//5438 7125//5437 7122//5439
f 7089//5440 7129//5441 7119//5438
f 7087//5442 7096//5443 7089//5440
f 7077//5444 7098//5445 7087//5442
f 7077//5444 7094//5446 7092//5447
f 7075//5448 2782//2416 7094//5446
f 7518//5449 7524//5450 7514//5449
f 7530//5450 7522//5451 7524//5450
f 7528//5451 7520//5452 7522//5451
f 7526//5452 7512//5453 7520//5452
f 6399//5454 6416//5455 6408//5454
f 6405//5456 6408//5454 6406//5456
f 6403//5457 6406//5456 6393//5457
f 6393//5457 6449//5458 6403//5457
f 6449//5458 6395//5459 6511//5460
f 6449//5458 6378//5461 6389//5462
f 6381//5463 6378//5461 6370//5464
f 6383//5465 6370//5464 6372//5466
f 6385//5467 6372//5466 6374//5468
f 6376//5469 6385//5467 6374//5468
f 6387//5470 6616//5471 6619//5472
f 6618//5473 6619//5472 6616//5471
f 6614//5474 6623//5475 6618//5473
f 6621//5476 6380//5477 6391//5477
f 6415//5478 6395//5459 6440//5479
f 6415//5478 6436//5480 6425//5481
f 6425//5481 6434//5482 6423//5483
f 6423//5483 6432//5484 6421//5485
f 6432//5484 6427//5486 6421//5485
f 6438//5487 6419//5488 6427//5486
f 6430//5489 6642//5490 6419//5488
f 6647//5491 6644//5492 6642//5490
f 6645//5493 6429//5494 6644//5492
f 7596//5495 3354//2468 7598//5496
f 7598//5497 3353//2468 3352//2470
f 3362//2471 3360//2468 7600//5498
f 7600//5499 3359//2476 7602//5500
f 7602//5500 3358//2468 7604//5501
f 7604//5502 3357//2468 7606//5503
f 7606//5503 3356//2468 7608//5504
f 7608//5505 3355//2468 7596//5495
f 7609//5506 3384//5507 7610//5508
f 7611//5509 3383//5507 7609//5506
f 7612//5510 3382//2483 7611//5509
f 7613//5511 3381//2483 7612//5510
f 3378//2487 3380//2483 7613//5511
f 7614//5512 3387//2483 3379//2489
f 7615//5513 3386//5507 7614//5512
f 7610//5508 3385//2483 7615//5513
f 7617//2350 7622//2350 7620//2350
f 7624//685 7627//685 7625//685
f 7629//685 7634//685 7632//685
f 7636//2350 7639//2350 7637//2350
f 7640//5514 7642//5515 7672//5516
f 7644//5517 7647//5518 7665//5519
f 7648//5520 7650//5521 7671//5522
f 7642//5523 7653//5524 7674//5522
f 7647//5525 7654//5526 7664//5527
f 7650//5521 7656//5528 7669//5527
f 7653//5529 7658//5530 7675//5531
f 7654//5532 7660//5533 7666//5527
f 7662//5534 7640//5514 7670//5527
f 7656//5535 7644//5536 7667//5537
f 7658//5538 7648//5520 7673//5522
f 7660//5533 7662//5539 7668//5537
f 7676//5540 7678//5541 7690//5542
f 7680//5543 7695//5544 7683//5542
f 7696//5545 7698//5546 7689//5547
f 7678//5541 7701//5548 7692//5542
f 7695//5544 7702//5549 7682//5542
f 7698//5550 7704//5551 7687//5552
f 7701//5548 7706//5553 7693//5542
f 7702//5549 7708//5554 7684//5542
f 7710//5555 7676//5540 7688//5542
f 7704//5551 7680//5543 7685//5552
f 7706//5556 7696//5545 7691//5547
f 7708//5554 7710//5555 7686//5557
f 7759//5558 7935//5559 7937//5559
f 7759//5558 7748//5558 7935//5559
f 7748//5558 7738//5558 7712//5558
f 7748//5558 7759//5558 7738//5558
f 7756//5558 7766//5560 7923//5560
f 7756//5558 7715//5558 7766//5560
f 7715//5558 7760//5558 7773//5558
f 7715//5558 7756//5558 7760//5558
f 7712//5558 7741//5558 7728//5558
f 7712//5558 7738//5558 7741//5558
f 7716//5561 7774//5562 7776//5561
f 7716//5561 7931//5562 7774//5562
f 7771//5558 7728//5558 7741//5558
f 7771//5558 7750//5558 7728//5558
f 7750//5558 7773//5558 7760//5558
f 7750//5558 7771//5558 7773//5558
f 7776//5561 7742//5561 7716//5561
f 7776//5561 7718//5561 7742//5561
f 7746//5561 7731//5563 7767//5561
f 7746//5561 7925//5563 7731//5563
f 7767//5561 7744//5561 7746//5561
f 7767//5561 7726//5561 7744//5561
f 7718//5561 7720//5561 7742//5561
f 7718//5561 7753//5561 7720//5561
f 7723//5561 7753//5561 7762//5561
f 7723//5561 7720//5561 7753//5561
f 7762//5561 7726//5561 7723//5561
f 7762//5561 7744//5561 7726//5561
f 7766//5560 7927//5564 7923//5560
f 7766//5560 7734//5564 7927//5564
f 7729//5565 7719//5566 7713//5567
f 7729//5565 7754//5565 7719//5566
f 7732//5568 7733//5569 7765//5570
f 7732//5568 7736//5569 7733//5569
f 7737//5571 7721//5572 7739//5572
f 7737//5571 7743//5573 7721//5572
f 7740//5574 7725//5574 7770//5574
f 7740//5574 7722//5574 7725//5574
f 7757//5575 7745//5576 7761//5577
f 7757//5575 7747//5578 7745//5576
f 7758//5579 7743//5573 7737//5571
f 7758//5579 7717//5580 7743//5573
f 7772//5581 7768//5582 7714//5583
f 7772//5581 7727//5584 7768//5582
f 7713//5567 7777//5585 7749//5586
f 7713//5567 7719//5566 7777//5585
f 7752//5587 7755//5588 7730//5588
f 7752//5587 7764//5587 7755//5588
f 7922//5589 7747//5578 7757//5575
f 7922//5589 7924//5590 7747//5578
f 7936//5591 7717//5580 7758//5579
f 7936//5591 7930//5592 7717//5580
f 7761//5577 7763//5593 7751//5593
f 7761//5577 7745//5576 7763//5593
f 7714//5583 7732//5568 7765//5570
f 7714//5583 7768//5582 7732//5568
f 7769//5594 7727//5584 7772//5581
f 7769//5594 7724//5594 7727//5584
f 7749//5586 7775//5595 7934//5596
f 7749//5586 7777//5585 7775//5595
f 7779//5597 7819//5598 7783//5598
f 7779//5597 7917//5599 7819//5598
f 7840//5600 7850//5601 7838//5602
f 7840//5600 7903//5603 7850//5601
f 7833//5604 7825//5598 7853//5598
f 7833//5604 7906//5605 7825//5598
f 7836//5606 7908//5607 7785//5608
f 7836//5606 7831//5609 7908//5607
f 7838//5602 7788//5598 7789//5598
f 7838//5602 7850//5601 7788//5598
f 7830//5598 7789//5598 7788//5598
f 7830//5598 7859//5598 7789//5598
f 7859//5598 7785//5608 7908//5607
f 7859//5598 7830//5598 7785//5608
f 7855//5610 7795//5611 7792//5612
f 7855//5610 7857//5611 7795//5611
f 7842//5613 7847//5614 7797//5615
f 7842//5613 7803//5616 7847//5614
f 7912//5617 7815//5611 7799//5618
f 7912//5617 7820//5611 7815//5611
f 7914//5619 7910//5620 7801//5621
f 7914//5619 7826//5622 7910//5620
f 7803//5616 7844//5611 7847//5614
f 7803//5616 7805//5611 7844//5611
f 7808//5611 7805//5611 7811//5611
f 7808//5611 7844//5611 7805//5611
f 7811//5611 7826//5622 7808//5611
f 7811//5611 7910//5620 7826//5622
f 7823//5623 7800//5624 7814//5623
f 7823//5623 7905//5625 7800//5624
f 7817//1433 7793//5626 7794//1433
f 7817//1433 7916//5627 7793//5626
f 7851//2350 7816//2350 7821//2350
f 7851//2350 7824//2350 7816//2350
f 7782//2350 7796//2350 7858//2350
f 7782//2350 7818//2350 7796//2350
f 7860//5628 7911//5629 7812//5628
f 7860//5628 7909//5630 7911//5629
f 7784//5631 7809//5632 7827//5633
f 7784//5631 7828//5632 7809//5632
f 7832//5634 7913//5635 7802//5634
f 7832//5634 7834//5636 7913//5635
f 7907//5637 7904//5638 7780//5639
f 7907//5637 7837//5640 7904//5638
f 7839//5641 7806//5642 7804//5643
f 7839//5641 7790//5642 7806//5642
f 7835//5644 7827//5633 7915//5644
f 7835//5644 7784//5631 7827//5633
f 7841//5645 7804//5643 7843//5645
f 7841//5645 7839//5641 7804//5643
f 7786//5646 7848//5647 7845//5646
f 7786//5646 7849//5648 7848//5647
f 7829//5649 7846//5649 7810//5649
f 7829//5649 7787//5649 7846//5649
f 7834//5636 7822//5650 7913//5635
f 7834//5636 7852//5650 7822//5650
f 7778//5651 7856//1449 7854//5652
f 7778//5651 7781//1449 7856//1449
f 7791//5653 7813//5653 7807//5653
f 7791//5653 7861//5653 7813//5653
f 7862//5654 7867//5655 7864//5656
f 7862//5654 7885//5657 7867//5655
f 7888//5658 7870//5659 7868//5660
f 7888//5658 7872//5661 7870//5659
f 7884//5662 7871//5663 7866//5664
f 7884//5662 7869//5665 7871//5663
f 7865//5666 7889//5667 7863//5668
f 7865//5666 7873//5669 7889//5667
f 7875//5670 7877//5671 7900//5672
f 7875//5670 7881//5673 7877//5671
f 7895//5674 7898//5675 7882//5676
f 7895//5674 7878//5677 7898//5675
f 7880//5678 7883//5679 7876//5680
f 7880//5678 7894//5681 7883//5679
f 7884//5662 7897//5682 7869//5665
f 7884//5662 7892//5683 7897//5682
f 7889//5667 7887//5684 7863//5668
f 7889//5667 7891//5685 7887//5684
f 7868//5660 7890//5686 7888//5658
f 7868//5660 7896//5687 7890//5686
f 7862//5654 7893//5688 7885//5657
f 7862//5654 7886//5689 7893//5688
f 7879//5690 7886//5689 7874//5691
f 7879//5690 7893//5688 7886//5689
f 7896//5687 7880//5678 7890//5686
f 7896//5687 7894//5681 7880//5678
f 7895//5674 7892//5683 7878//5677
f 7895//5674 7897//5682 7892//5683
f 7875//5670 7891//5685 7881//5673
f 7875//5670 7887//5684 7891//5685
f 7879//5690 7901//5692 7899//5693
f 7879//5690 7874//5691 7901//5692
f 7902//5694 7854//5652 7798//5694
f 7902//5694 7778//5651 7854//5652
f 7849//5648 7798//5694 7848//5647
f 7849//5648 7902//5694 7798//5694
f 7916//5627 7843//5645 7793//5626
f 7916//5627 7841//5645 7843//5645
f 7792//5612 7797//5615 7855//5610
f 7792//5612 7842//5613 7797//5615
f 7905//5625 7915//5644 7800//5624
f 7905//5625 7835//5644 7915//5644
f 7909//5630 7802//5634 7911//5629
f 7909//5630 7832//5634 7802//5634
f 7799//5618 7801//5621 7912//5617
f 7799//5618 7914//5619 7801//5621
f 7906//5605 7831//5609 7836//5606
f 7906//5605 7833//5604 7831//5609
f 7917//5599 7903//5603 7840//5600
f 7917//5599 7779//5597 7903//5603
f 7759//5558 7773//5558 7738//5558
f 7759//5558 7715//5558 7773//5558
f 7925//5563 7735//5695 7731//5563
f 7925//5563 7919//5695 7735//5695
f 7936//5591 7932//5696 7930//5592
f 7936//5591 7920//5696 7932//5696
f 7922//5589 7918//5697 7924//5590
f 7922//5589 7926//5697 7918//5697
f 7775//5595 7938//5698 7934//5596
f 7775//5595 7929//5698 7938//5698
f 7931//5562 7928//5699 7774//5562
f 7931//5562 7933//5699 7928//5699
f 7935//5559 7921//5700 7937//5559
f 7935//5559 7939//5700 7921//5700
f 7940//5561 7942//5561 7941//5561
f 7940//5561 7943//5561 7942//5561
f 7944//5701 7946//5702 7945//5703
f 7944//5701 7947//5704 7946//5702
f 8002//5705 8003//5706 7948//5707
f 8002//5705 8044//5708 8003//5706
f 8004//5709 8006//5710 8005//5711
f 8004//5709 8045//5712 8006//5710
f 7948//5707 7950//5713 7949//5714
f 7948//5707 8003//5706 7950//5713
f 8005//5711 8008//5715 8007//5716
f 8005//5711 8006//5710 8008//5715
f 7949//5714 7951//5717 8009//5718
f 7949//5714 7950//5713 7951//5717
f 8007//5716 8011//5719 7952//5720
f 8007//5716 8008//5715 8011//5719
f 8009//5718 8010//5721 7953//5721
f 8009//5718 7951//5717 8010//5721
f 7952//5720 7954//5722 8012//5723
f 7952//5720 8011//5719 7954//5722
f 8012//5723 8013//5724 7955//5725
f 8012//5723 7954//5722 8013//5724
f 7955//5725 7957//5726 7956//5727
f 7955//5725 8013//5724 7957//5726
f 7956//5727 8014//5706 7958//5707
f 7956//5727 7957//5726 8014//5706
f 7958//5707 7959//5713 8015//5714
f 7958//5707 8014//5706 7959//5713
f 8015//5714 7960//5728 7961//5729
f 8015//5714 7959//5713 7960//5728
f 7961//5729 7962//5730 8016//5731
f 7961//5729 7960//5728 7962//5730
f 7963//5732 7969//5733 7967//5734
f 7963//5732 7964//5735 7969//5733
f 8016//5731 7966//5736 7965//5737
f 8016//5731 7962//5730 7966//5736
f 7967//5734 7968//5738 8018//5739
f 7967//5734 7969//5733 7968//5738
f 7965//5737 7973//5715 8017//5740
f 7965//5737 7966//5736 7973//5715
f 8018//5739 7970//5741 8019//5742
f 8018//5739 7968//5738 7970//5741
f 8017//5740 7972//5719 7971//5743
f 8017//5740 7973//5715 7972//5719
f 8019//5742 8020//5706 7974//5707
f 8019//5742 7970//5741 8020//5706
f 7971//5743 7977//5744 8022//5745
f 7971//5743 7972//5719 7977//5744
f 7974//5707 8021//5713 7975//5746
f 7974//5707 8020//5706 8021//5713
f 8022//5745 7980//5747 7976//5748
f 8022//5745 7977//5744 7980//5747
f 7975//5746 7978//5749 7981//5750
f 7975//5746 8021//5713 7978//5749
f 7976//5748 7983//5751 7979//5752
f 7976//5748 7980//5747 7983//5751
f 7981//5750 7982//5753 7984//5754
f 7981//5750 7978//5749 7982//5753
f 7979//5752 8023//5706 7986//5707
f 7979//5752 7983//5751 8023//5706
f 7984//5754 7985//5755 7987//5756
f 7984//5754 7982//5753 7985//5755
f 7986//5707 7989//5713 7988//5714
f 7986//5707 8023//5706 7989//5713
f 7987//5756 8024//5715 8025//5716
f 7987//5756 7985//5755 8024//5715
f 7988//5714 8027//5757 8026//5758
f 7988//5714 7989//5713 8027//5757
f 8025//5716 8028//5719 7990//5720
f 8025//5716 8024//5715 8028//5719
f 8026//5758 7993//5759 7991//5760
f 8026//5758 8027//5757 7993//5759
f 7990//5720 8029//5761 8031//5762
f 7990//5720 8028//5719 8029//5761
f 7991//5760 8030//5763 7992//5764
f 7991//5760 7993//5759 8030//5763
f 8031//5762 7995//5765 8033//5766
f 8031//5762 8029//5761 7995//5765
f 7992//5764 8039//5715 7994//5716
f 7992//5764 8030//5763 8039//5715
f 8033//5766 7995//5765 8036//5767
f 7994//5716 7996//5719 8040//5720
f 7994//5716 8039//5715 7996//5719
f 8038//5768 7998//5768 7997//5768
f 8038//5768 8035//5768 7998//5768
f 8040//5720 7999//5769 8041//5770
f 8040//5720 7996//5719 7999//5769
f 8041//5770 8042//5771 8043//5772
f 8041//5770 7999//5769 8042//5771
f 8043//5772 8044//5708 8002//5705
f 8043//5772 8042//5771 8044//5708
f 8000//5773 8045//5712 8004//5709
f 8000//5773 8001//5773 8045//5712
f 8032//5774 8037//5774 8034//5774
f 8504//5775 8050//5776 8048//5777
f 8504//5775 8053//5778 8050//5776
f 8047//5779 8494//5780 8056//5781
f 8047//5779 8049//5782 8494//5780
f 8057//5783 8062//5784 8059//5785
f 8057//5783 8496//5786 8062//5784
f 8060//5787 8493//5788 8498//5789
f 8060//5787 8063//5790 8493//5788
f 8498//5789 8069//5791 8066//5792
f 8498//5789 8493//5788 8069//5791
f 8065//5793 8075//5794 8072//5795
f 8065//5793 8068//5796 8075//5794
f 8071//5797 8076//5798 8500//5799
f 8071//5797 8073//5800 8076//5798
f 8501//5801 8052//5802 8503//5775
f 8501//5801 8077//5803 8052//5802
f 8079//5804 3858//2782 8099//5804
f 8079//5804 3853//2783 3858//2782
f 8080//5805 8099//5804 8101//5806
f 8080//5805 8079//5804 8099//5804
f 8081//5807 8101//5806 8082//5808
f 8081//5807 8080//5805 8101//5806
f 8083//5809 8082//5808 8084//5810
f 8083//5809 8081//5807 8082//5808
f 8085//5811 8084//5810 8086//5812
f 8085//5811 8083//5809 8084//5810
f 8087//5813 8086//5812 8093//5814
f 8087//5813 8085//5811 8086//5812
f 8088//5815 8093//5814 8089//5815
f 8088//5815 8087//5813 8093//5814
f 3854//2795 8089//5815 3856//2796
f 3854//2795 8088//5815 8089//5815
f 8090//5816 3855//2799 3857//2798
f 8090//5816 8091//5816 3855//2799
f 8094//5817 8091//5816 8090//5816
f 8094//5817 8095//5818 8091//5816
f 8134//5819 8156//5820 8131//5821
f 8134//5819 8096//5822 8156//5820
f 8097//5823 8116//5824 8112//5825
f 8097//5823 8098//5826 8116//5824
f 8100//5827 8103//5828 8102//5829
f 8100//5827 8104//5827 8103//5828
f 3859//2813 8104//5827 8100//5827
f 3859//2813 3860//2814 8104//5827
f 8126//685 8153//685 8109//685
f 8126//685 8110//685 8153//685
f 8113//685 8110//685 8126//685
f 8113//685 8114//685 8110//685
f 8118//685 8114//685 8113//685
f 8118//685 8119//685 8114//685
f 8132//685 8119//685 8118//685
f 8132//685 8157//685 8119//685
f 8121//5830 8125//5830 8108//5830
f 8120//5831 8127//5832 8124//5833
f 8098//5826 8130//5834 8117//5835
f 8098//5826 8133//5836 8130//5834
f 8135//5837 8107//5838 8152//5839
f 8135//5837 8122//5840 8107//5838
f 8127//5832 8112//5825 8124//5833
f 8127//5832 8097//5823 8112//5825
f 8086//5812 8097//5823 8127//5832
f 8086//5812 8084//5810 8097//5823
f 8095//5818 8122//5840 8135//5837
f 8095//5818 8094//5817 8122//5840
f 8082//5808 8133//5836 8098//5826
f 8082//5808 8101//5806 8133//5836
f 8092//5841 8127//5832 8120//5831
f 8093//5814 8086//5812 8127//5832
f 8084//5810 8098//5826 8097//5823
f 8084//5810 8082//5808 8098//5826
f 8150//5842 8136//5843 8148//5844
f 8150//5842 8137//5845 8136//5843
f 8102//5829 8096//5822 8134//5819
f 8102//5829 8103//5828 8096//5822
f 8123//5846 8139//5847 8138//5848
f 8123//5846 8111//5849 8139//5847
f 8111//5849 8140//5850 8139//5847
f 8111//5849 8115//5851 8140//5850
f 8115//5851 8142//5852 8140//5850
f 8115//5851 8129//5853 8142//5852
f 8106//5854 8138//5848 8150//5842
f 8106//5854 8123//5846 8138//5848
f 8150//5842 8143//5855 8137//5845
f 8150//5842 8138//5848 8143//5855
f 8139//5847 8145//5856 8144//5857
f 8139//5847 8140//5850 8145//5856
f 8138//5848 8144//5857 8143//5855
f 8138//5848 8139//5847 8144//5857
f 8140//5850 8146//5858 8145//5856
f 8140//5850 8142//5852 8146//5858
f 8147//5844 8105//5854 8149//5842
f 8147//5844 8151//5859 8105//5854
f 8146//5858 8159//5860 8154//5861
f 8146//5858 8142//5852 8159//5860
f 8155//5862 8141//5852 8128//5863
f 8155//5862 8158//5860 8141//5852
f 7599//5864 3863//2851 3361//2850
f 7599//5864 8160//5864 3863//2851
f 7601//5865 8160//5864 7599//5864
f 7601//5865 8162//5866 8160//5864
f 7603//5867 8162//5866 7601//5865
f 7603//5867 8164//5868 8162//5866
f 7605//5869 8164//5868 7603//5867
f 7605//5869 8165//5870 8164//5868
f 7607//5871 8165//5870 7605//5869
f 7607//5871 8166//5872 8165//5870
f 7595//5873 8166//5872 7607//5871
f 7595//5873 8170//5874 8166//5872
f 7597//5875 8170//5874 7595//5873
f 7597//5875 8167//5875 8170//5874
f 3351//2863 8167//5875 7597//5875
f 3351//2863 3861//2864 8167//5875
f 8168//5816 3855//2799 8091//5816
f 8168//5816 3862//2865 3855//2799
f 8171//5817 8091//5816 8095//5818
f 8171//5817 8168//5816 8091//5816
f 8173//5876 8156//5820 8096//5822
f 8173//5876 8211//5877 8156//5820
f 8174//5878 8177//5879 8175//5880
f 8174//5878 8181//5881 8177//5879
f 8161//5827 8103//5828 8104//5827
f 8161//5827 8163//5829 8103//5828
f 3864//2872 8104//5827 3860//2814
f 3864//2872 8161//5827 8104//5827
f 8187//685 8153//685 8110//685
f 8187//685 8205//685 8153//685
f 8182//685 8110//685 8114//685
f 8182//685 8187//685 8110//685
f 8179//685 8114//685 8119//685
f 8179//685 8182//685 8114//685
f 8212//685 8119//685 8157//685
f 8212//685 8179//685 8119//685
f 8188//5882 8185//5883 8183//5884
f 8189//5885 8204//5885 8186//5885
f 8175//5880 8210//5886 8172//5887
f 8175//5880 8178//5888 8210//5886
f 8135//5837 8203//5889 8190//5840
f 8135//5837 8152//5839 8203//5889
f 8183//5884 8181//5881 8174//5878
f 8183//5884 8185//5883 8181//5881
f 8166//5872 8174//5878 8165//5870
f 8166//5872 8183//5884 8174//5878
f 8095//5818 8190//5840 8171//5817
f 8095//5818 8135//5837 8190//5840
f 8164//5868 8172//5887 8162//5866
f 8164//5868 8175//5880 8172//5887
f 8170//5874 8183//5884 8166//5872
f 8169//5890 8188//5882 8183//5884
f 8165//5870 8175//5880 8164//5868
f 8165//5870 8174//5878 8175//5880
f 8192//5891 8136//5843 8193//5892
f 8192//5891 8148//5844 8136//5843
f 8163//5829 8096//5822 8103//5828
f 8163//5829 8173//5876 8096//5822
f 8184//5893 8194//5894 8180//5895
f 8184//5893 8195//5896 8194//5894
f 8180//5895 8196//5897 8176//5898
f 8180//5895 8194//5894 8196//5897
f 8176//5898 8207//5899 8209//5900
f 8176//5898 8196//5897 8207//5899
f 8202//5901 8195//5896 8184//5893
f 8202//5901 8192//5891 8195//5896
f 8192//5891 8197//5902 8195//5896
f 8192//5891 8193//5892 8197//5902
f 8194//5894 8198//5903 8196//5897
f 8194//5894 8199//5904 8198//5903
f 8195//5896 8199//5904 8194//5894
f 8195//5896 8197//5902 8199//5904
f 8196//5897 8200//5905 8207//5899
f 8196//5897 8198//5903 8200//5905
f 8147//5844 8201//5901 8151//5859
f 8147//5844 8191//5906 8201//5901
f 8200//5905 8159//5860 8207//5899
f 8200//5905 8154//5861 8159//5860
f 8155//5862 8206//5907 8158//5860
f 8155//5862 8208//5908 8206//5907
f 8213//5909 8215//5910 8214//5911
f 8213//5909 8216//5912 8215//5910
f 8217//5913 8216//5912 8213//5909
f 8217//5913 8218//5914 8216//5912
f 8219//5915 8218//5914 8217//5913
f 8219//5915 8220//5916 8218//5914
f 8221//5917 8220//5916 8219//5915
f 8221//5917 8222//5918 8220//5916
f 8223//5919 8222//5918 8221//5917
f 8223//5919 8224//5920 8222//5918
f 8225//5921 8224//5920 8223//5919
f 8225//5921 8226//5922 8224//5920
f 4015//2914 8226//5922 8225//5921
f 4015//2914 4016//2915 8226//5922
f 8214//5911 4000//2917 3999//2916
f 8214//5911 8215//5910 4000//2917
f 8226//5922 7612//5510 8224//5920
f 8226//5922 7613//5511 7612//5510
f 4016//2915 7613//5511 8226//5922
f 4016//2915 3378//2487 7613//5511
f 8215//5910 3379//2489 4000//2917
f 8215//5910 7614//5512 3379//2489
f 8216//5912 7614//5512 8215//5910
f 8216//5912 7615//5513 7614//5512
f 8218//5914 7615//5513 8216//5912
f 8218//5914 7610//5508 7615//5513
f 8220//5916 7610//5508 8218//5914
f 8220//5916 7609//5506 7610//5508
f 8222//5918 7609//5506 8220//5916
f 8222//5918 7611//5509 7609//5506
f 8224//5920 7611//5509 8222//5918
f 8224//5920 7612//5510 7611//5509
f 8227//5923 3999//2916 4018//2919
f 8227//5923 8214//5911 3999//2916
f 4019//2920 8225//5921 8228//5924
f 4019//2920 4015//2914 8225//5921
f 8228//5924 8223//5919 8229//5925
f 8228//5924 8225//5921 8223//5919
f 8229//5925 8221//5917 8230//5926
f 8229//5925 8223//5919 8221//5917
f 8230//5926 8219//5915 8231//5927
f 8230//5926 8221//5917 8219//5915
f 8231//5927 8217//5913 8232//5928
f 8231//5927 8219//5915 8217//5913
f 8232//5928 8213//5909 8233//5929
f 8232//5928 8217//5913 8213//5909
f 8233//5929 8214//5911 8227//5923
f 8233//5929 8213//5909 8214//5911
f 4019//2920 8088//5815 3854//2795
f 4019//2920 8228//5924 8088//5815
f 8228//5924 8087//5813 8088//5815
f 8228//5924 8229//5925 8087//5813
f 8229//5925 8085//5811 8087//5813
f 8229//5925 8230//5926 8085//5811
f 8230//5926 8083//5809 8085//5811
f 8230//5926 8231//5927 8083//5809
f 8231//5927 8081//5807 8083//5809
f 8231//5927 8232//5928 8081//5807
f 8232//5928 8080//5805 8081//5807
f 8232//5928 8233//5929 8080//5805
f 8233//5929 8079//5804 8080//5805
f 8233//5929 8227//5923 8079//5804
f 8227//5923 3853//2783 8079//5804
f 8227//5923 4018//2919 3853//2783
f 8235//2927 7616//2928 7633//2928
f 8235//2927 8238//2927 7616//2928
f 8241//2929 7621//2930 8244//2929
f 8241//2929 7628//2930 7621//2930
f 8236//685 7629//685 8242//685
f 8236//685 7634//685 7629//685
f 8247//835 8253//835 8250//835
f 8247//835 8256//835 8253//835
f 7617//2350 8245//2350 7622//2350
f 7617//2350 8239//2350 8245//2350
f 7623//2931 7635//2932 7626//2932
f 7623//2931 7638//2931 7635//2932
f 8260//2350 8262//2350 8261//2350
f 8260//2350 8264//2350 8262//2350
f 8265//1449 8249//1449 8252//1449
f 8265//1449 8268//1449 8249//1449
f 8272//2354 8269//2354 8266//2354
f 8272//2354 8275//2354 8269//2354
f 8257//2350 8267//2350 8254//2350
f 8257//2350 8273//2350 8267//2350
f 8276//685 8251//685 8270//685
f 8276//685 8248//685 8251//685
f 8234//1433 8246//1433 8274//1433
f 8234//1433 8240//1433 8246//1433
f 8243//1433 8271//1433 8255//1433
f 8243//1433 8237//1433 8271//1433
f 8240//1433 8255//1433 8246//1433
f 8240//1433 8243//1433 8255//1433
f 7621//2930 7630//2933 7618//2933
f 7621//2930 7628//2930 7630//2933
f 7633//2928 7619//2934 7631//2934
f 7633//2928 7616//2928 7619//2934
f 7639//2350 8261//2350 7637//2350
f 7639//2350 8260//2350 8261//2350
f 8278//685 8280//685 8279//685
f 8278//685 8283//685 8280//685
f 8277//2354 8259//2354 8282//2354
f 8277//2354 8263//2354 8259//2354
f 8283//685 7625//685 8280//685
f 8283//685 7624//685 7625//685
f 8281//2935 7638//2931 7623//2931
f 8281//2935 8258//2935 7638//2931
f 8305//5930 8284//5931 8370//5932
f 8305//5930 8307//5933 8284//5931
f 8370//5932 8287//5934 8285//5935
f 8370//5932 8284//5931 8287//5934
f 8285//5935 8288//1433 8374//5936
f 8285//5935 8287//5934 8288//1433
f 8374//5936 8289//5937 8377//5938
f 8374//5936 8288//1433 8289//5937
f 8377//5938 8292//5939 8290//5940
f 8377//5938 8289//5937 8292//5939
f 8290//5940 8295//5941 8293//5942
f 8290//5940 8292//5939 8295//5941
f 8293//5942 8296//5943 8382//5944
f 8293//5942 8295//5941 8296//5943
f 8382//5944 8299//5945 8297//5946
f 8382//5944 8296//5943 8299//5945
f 8297//5946 8300//1449 8386//5947
f 8297//5946 8299//5945 8300//1449
f 8386//5947 8301//5948 8389//5949
f 8386//5947 8300//1449 8301//5948
f 8389//5949 8302//5950 8392//5951
f 8389//5949 8301//5948 8302//5950
f 8392//5951 8306//5952 8303//5953
f 8392//5951 8302//5950 8306//5952
f 8308//685 8312//2969 8310//685
f 8308//685 8313//5954 8312//2969
f 8314//2963 8318//2977 8315//2962
f 8314//2963 8319//2976 8318//2977
f 8320//2972 8323//5955 8321//2973
f 8320//2972 8325//2960 8323//5955
f 8326//2350 8329//2975 8327//2350
f 8326//2350 8331//2974 8329//2975
f 8313//5954 8333//2966 8312//2969
f 8313//5954 8334//2967 8333//2966
f 8319//2976 8336//2971 8318//2977
f 8319//2976 8337//2970 8336//2971
f 8325//2960 8327//2350 8323//5955
f 8325//2960 8326//2350 8327//2350
f 8331//2974 8338//2965 8329//2975
f 8331//2974 8340//2964 8338//2965
f 8334//2967 8341//2979 8333//2966
f 8334//2967 8343//2978 8341//2979
f 8337//2970 8310//685 8336//2971
f 8337//2970 8308//685 8310//685
f 8340//2964 8315//2962 8338//2965
f 8340//2964 8314//2963 8315//2962
f 8343//2978 8321//2973 8341//2979
f 8343//2978 8320//2972 8321//2973
f 8344//5956 7657//5957 7651//685
f 8344//5956 8345//5958 7657//5957
f 8346//5959 7659//5960 7652//5961
f 8346//5959 8347//5962 7659//5960
f 8348//5963 7661//5964 7655//5965
f 8348//5963 8349//5966 7661//5964
f 8350//5967 7641//5968 7663//2350
f 8350//5967 8351//5969 7641//5968
f 8345//5958 7645//5970 7657//5957
f 8345//5958 8352//5971 7645//5970
f 8347//5962 7649//5972 7659//5960
f 8347//5962 8353//5973 7649//5972
f 8349//5966 7663//2350 7661//5964
f 8349//5966 8350//5967 7663//2350
f 8351//5969 7643//5974 7641//5968
f 8351//5969 8354//5975 7643//5974
f 8352//5971 7646//5976 7645//5970
f 8352//5971 8355//5977 7646//5976
f 8353//5973 7651//685 7649//5972
f 8353//5973 8344//5956 7651//685
f 8354//5975 7652//5961 7643//5974
f 8354//5975 8346//5959 7652//5961
f 8355//5977 7655//5965 7646//5976
f 8355//5977 8348//5963 7655//5965
f 8356//5978 7705//5979 7699//5978
f 8356//5978 8357//5980 7705//5979
f 8358//5981 7707//5982 7700//5983
f 8358//5981 8359//5984 7707//5982
f 8360//5985 7709//5986 7703//5987
f 8360//5985 8361//5988 7709//5986
f 8362//5989 7677//5990 7711//5989
f 8362//5989 8363//5991 7677//5990
f 8357//5980 7681//5992 7705//5979
f 8357//5980 8364//5993 7681//5992
f 8359//5984 7697//5994 7707//5982
f 8359//5984 8365//5995 7697//5994
f 8361//5988 7711//5989 7709//5986
f 8361//5988 8362//5989 7711//5989
f 8363//5991 7679//5996 7677//5990
f 8363//5991 8366//5997 7679//5996
f 8364//5993 7694//5998 7681//5992
f 8364//5993 8367//5999 7694//5998
f 8365//5995 7699//5978 7697//5994
f 8365//5995 8356//5978 7699//5978
f 8366//5997 7700//5983 7679//5996
f 8366//5997 8358//5981 7700//5983
f 8367//5999 7703//5987 7694//5998
f 8367//5999 8360//5985 7703//5987
f 8368//6000 8304//5930 8369//6001
f 8368//6000 8371//6002 8304//5930
f 8372//6003 8369//6001 8286//5935
f 8372//6003 8368//6000 8369//6001
f 8373//6004 8286//5935 8375//5936
f 8373//6004 8372//6003 8286//5935
f 8376//6005 8375//5936 8378//6006
f 8376//6005 8373//6004 8375//5936
f 8379//6007 8378//6006 8291//5940
f 8379//6007 8376//6005 8378//6006
f 8380//6008 8291//5940 8294//6009
f 8380//6008 8379//6007 8291//5940
f 8381//6010 8294//6009 8383//5944
f 8381//6010 8380//6008 8294//6009
f 8384//6011 8383//5944 8298//6012
f 8384//6011 8381//6010 8383//5944
f 8385//6013 8298//6012 8387//5947
f 8385//6013 8384//6011 8298//6012
f 8388//6014 8387//5947 8390//5949
f 8388//6014 8385//6013 8387//5947
f 8391//6015 8390//5949 8393//6016
f 8391//6015 8388//6014 8390//5949
f 8371//6002 8393//6016 8304//5930
f 8371//6002 8391//6015 8393//6016
f 8394//6017 8395//6018 8445//6019
f 8394//6017 8443//6020 8395//6018
f 8396//6021 8398//6022 8397//6023
f 8396//6021 8399//6024 8398//6022
f 8443//6020 8400//6025 8395//6018
f 8443//6020 8401//6026 8400//6025
f 8399//6024 8446//6027 8398//6022
f 8399//6024 8402//6028 8446//6027
f 8401//6026 8403//6029 8400//6025
f 8401//6026 8447//6030 8403//6029
f 8402//6028 8449//6031 8446//6027
f 8402//6028 8448//6032 8449//6031
f 8447//6030 8404//6033 8403//6029
f 8447//6030 8450//6034 8404//6033
f 8448//6032 8405//6035 8449//6031
f 8448//6032 8406//6036 8405//6035
f 8450//6034 8454//6037 8404//6033
f 8406//6036 8407//6038 8405//6035
f 8406//6036 8408//6039 8407//6038
f 8452//6040 8409//6041 8455//6040
f 8452//6040 8410//6042 8409//6041
f 8408//6039 8461//6043 8407//6038
f 8408//6039 8459//6043 8461//6043
f 8410//6042 8462//6044 8409//6041
f 8410//6042 8411//6045 8462//6044
f 8458//6046 8412//6047 8464//6048
f 8411//6045 8466//6022 8462//6044
f 8411//6045 8465//6024 8466//6022
f 8412//6047 8467//6037 8464//6048
f 8412//6047 8413//6037 8467//6037
f 8465//6024 8414//6027 8466//6022
f 8465//6024 8469//6049 8414//6027
f 8469//6049 8473//6050 8414//6027
f 8471//6051 8415//6052 8475//6053
f 8415//6052 8416//6054 8475//6053
f 8415//6052 8417//6055 8416//6054
f 8417//6055 8418//6029 8416//6054
f 8417//6055 8419//6030 8418//6029
f 8419//6030 8420//6033 8418//6029
f 8419//6030 8421//6047 8420//6033
f 8421//6047 8477//6056 8420//6033
f 8421//6047 8476//6057 8477//6056
f 8476//6057 8422//6058 8477//6056
f 8476//6057 8423//6059 8422//6058
f 8423//6059 8424//6060 8422//6058
f 8423//6059 8478//6061 8424//6060
f 8478//6061 8479//6022 8424//6060
f 8478//6061 8425//6024 8479//6022
f 8425//6024 8426//6027 8479//6022
f 8425//6024 8427//6028 8426//6027
f 8427//6028 8480//6062 8426//6027
f 8427//6028 8428//6063 8480//6062
f 8428//6063 8429//6018 8480//6062
f 8428//6063 8481//6064 8429//6018
f 8481//6064 8430//6065 8429//6018
f 8481//6064 8482//6066 8430//6065
f 8482//6066 8483//6029 8430//6065
f 8482//6066 8431//6030 8483//6029
f 8433//6067 8436//6068 8435//6067
f 8433//6067 8437//6069 8436//6068
f 8431//6030 8485//6033 8483//6029
f 8431//6030 8484//6047 8485//6033
f 8484//6047 8440//6070 8485//6033
f 8484//6047 8441//6071 8440//6070
f 8432//6072 8489//6072 8434//6072
f 8432//6072 8486//6073 8489//6072
f 8441//6071 8491//6074 8440//6070
f 8441//6071 8442//6075 8491//6074
f 8488//6050 8394//6017 8445//6019
f 8442//6075 8397//6023 8491//6074
f 8442//6075 8396//6021 8397//6023
f 8451//6050 8456//6050 8453//6050
f 8457//6072 8460//6072 8463//6072
f 8468//6037 8472//6076 8470//6077
f 8470//6077 8472//6076 8474//6040
f 8437//6069 8438//6078 8436//6068
f 8437//6069 8439//6078 8438//6078
f 8487//6037 8490//6037 8444//6037
f 8067//6079 8492//6079 8061//6079
f 8061//6079 8074//6079 8067//6079
f 8061//6079 8495//6079 8074//6079
f 8495//6079 8078//6079 8074//6079
f 8495//6079 8051//6079 8078//6079
f 8051//6079 8054//6079 8078//6079
f 8058//6080 8497//6080 8064//6080
f 8064//6080 8055//6080 8058//6080
f 8064//6080 8070//6080 8055//6080
f 8070//6080 8046//6080 8055//6080
f 8070//6080 8499//6080 8046//6080
f 8499//6080 8502//6080 8046//6080
f 8339//6081 8316//6081 8317//6081
f 8317//6081 8330//6081 8339//6081
f 8317//6081 8335//6081 8330//6081
f 8335//6081 8328//6081 8330//6081
f 8335//6081 8309//6081 8328//6081
f 8309//6081 8324//6081 8328//6081
f 8309//6081 8311//6081 8324//6081
f 8311//6081 8322//6081 8324//6081
f 8311//6081 8332//6081 8322//6081
f 8332//6081 8342//6081 8322//6081
f 8530//6082 8519//3121 8515//6083
f 8507//3115 8529//6084 8516//6085
f 8505//3117 8527//3117 8517//3117
f 8536//6086 8510//6087 8508//6086
f 8534//6086 8521//6086 8512//6086
f 8511//6088 8532//3108 8513//3110
f 8506//3111 8538//3120 8507//3115
f 8516//6085 8524//6089 8522//6089
f 8513//3110 8531//2350 8514//2350
f 8531//2350 8515//6083 8514//2350
f 8535//6090 8518//3105 8510//6087
f 8509//6089 8526//6089 8520//6089
f 8546//6091 8558//6091 8556//6091
f 8545//6092 8553//6092 8542//6092
f 8541//6093 8560//6093 8550//6093
f 8548//6094 8554//6094 8543//6094
f 426//1 127//140 159//2
f 176//4 191//6095 199//5
f 437//7 463//45 181//8
f 102//10 21//6096 19//11
f 460//13 450//43 139//14
f 34//16 61//71 66//16
f 27//16 55//16 46//16
f 133//17 148//271 157//18
f 121//12 119//55 167//20
f 65//22 60//6097 79//23
f 32//16 20//16 48//16
f 25//16 41//16 68//16
f 54//25 76//75 73//26
f 47//28 72//78 80//29
f 52//31 67//74 83//32
f 439//34 223//117 87//35
f 2//37 428//133 447//38
f 13//40 10//148 452//41
f 450//43 456//6098 145//44
f 463//45 470//6099 187//46
f 144//47 455//6100 448//3
f 5//48 14//6101 464//49
f 214//51 26//105 17//52
f 108//54 99//6102 119//55
f 11//56 9//39 447//38
f 150//58 141//6103 161//59
f 16//61 13//40 459//42
f 183//63 203//128 205//64
f 8//66 5//48 435//50
f 226//68 246//115 247//69
f 39//16 66//16 71//16
f 71//16 68//16 41//16
f 27//16 30//16 57//16
f 57//16 30//16 25//16
f 20//16 23//16 51//16
f 51//16 23//16 18//16
f 34//16 37//16 64//16
f 64//16 37//16 32//16
f 84//24 86//6104 70//72
f 69//73 85//73 83//32
f 76//75 54//25 56//76
f 56//76 52//31 77//33
f 72//78 47//28 50//79
f 49//81 45//27 73//26
f 79//23 60//6097 63//83
f 62//85 58//30 80//29
f 1//87 423//320 433//88
f 238//90 254//162 24//91
f 232//93 250//114 251//94
f 215//96 218//154 233//97
f 219//99 222//136 227//100
f 440//102 6//334 7//103
f 26//105 214//51 239//106
f 195//108 211//152 38//109
f 189//111 207//127 209//112
f 250//114 176//4 173//6
f 246//115 180//160 177//116
f 223//117 439//34 446//118
f 172//120 197//6105 43//121
f 35//123 153//6106 169//124
f 156//126 147//6107 165//21
f 207//127 133//17 131//19
f 203//128 137//150 135//129
f 467//130 460//13 201//15
f 117//12 19//11 31//125
f 4//132 434//323 428//133
f 114//134 105//6108 123//135
f 222//136 219//99 91//137
f 429//139 111//139 127//140
f 98//53 17//52 22//141
f 129//143 154//269 36//144
f 445//146 437//7 243//9
f 125//1 123//135 163//60
f 10//148 12//6109 454//149
f 137//150 142//273 151//151
f 211//152 129//143 33//145
f 90//138 91//137 106//153
f 218//154 215//96 95//155
f 94//53 95//155 100//156
f 464//49 14//6101 15//158
f 180//160 185//6110 193//161
f 254//162 172//120 40//122
f 140//163 380//194 324//164
f 175//166 331//224 308//167
f 126//169 388//187 385//170
f 138//172 204//203 326//173
f 245//175 225//309 275//176
f 178//178 194//318 312//179
f 168//181 120//302 410//182
f 138//172 378//174 361//184
f 170//186 348//227 408//187
f 244//189 282//221 280//190
f 171//166 327//224 298//167
f 140//163 146//317 364//193
f 164//195 124//302 400//196
f 174//178 200//312 302//179
f 166//186 358//314 398//187
f 249//175 231//293 265//176
f 134//200 374//289 351//201
f 160//195 128//290 390//182
f 204//203 184//295 318//204
f 136//163 152//310 354//205
f 162//186 368//227 388//187
f 248//189 272//229 270//190
f 96//208 420//313 403//209
f 202//165 324//164 322//211
f 130//172 370//297 341//213
f 97//214 103//308 405//215
f 253//217 237//293 255//218
f 132//163 158//299 344//205
f 252//220 174//178 330//198
f 208//222 190//168 308//167
f 92//208 416//304 393//209
f 253//217 263//219 327//224
f 252//220 262//221 260//225
f 162//186 143//185 361//184
f 93//228 109//171 395//215
f 248//189 178//178 334//180
f 425//36 87//35 112//230
f 258//90 261//162 264//231
f 268//233 271//115 274//234
f 278//236 281//286 284//237
f 259//98 257//98 286//239
f 269//240 267//6111 290//241
f 279//243 277//6112 294//117
f 300//244 303//285 305//245
f 310//247 313//127 315//248
f 320//250 323//284 325//15
f 329//252 301//6113 299//253
f 333//255 311//6114 309//256
f 337//258 321//259 319//259
f 345//124 347//20 339//261
f 355//263 357//281 349//264
f 365//265 367//279 359//266
f 371//268 343//269 340//269
f 375//17 353//151 350//271
f 379//150 363//273 360//273
f 387//140 389//280 381//139
f 397//55 399//282 391//54
f 407//11 409//283 401//276
f 386//277 382//277 411//36
f 396//153 392//153 415//138
f 406//142 402//6115 419//278
f 367//279 365//265 389//280
f 357//281 355//263 399//282
f 347//20 345//124 409//283
f 377//274 325//15 323//284
f 373//272 315//248 313//127
f 369//270 305//245 303//285
f 414//137 411//36 295//34
f 418//137 415//138 291//242
f 422//155 419//278 287//51
f 336//260 284//237 281//286
f 332//257 274//234 271//115
f 328//254 264//231 261//162
f 216//287 242//226 260//225
f 134//200 208//222 316//223
f 128//290 113//316 383//291
f 182//178 188//212 322//211
f 213//292 285//311 255//218
f 136//163 376//206 314//164
f 179//166 335//315 318//204
f 130//172 212//222 306//296
f 122//169 398//187 395//215
f 220//287 236//207 270//190
f 132//163 372//206 304//164
f 168//181 346//183 344//205
f 217//300 289//307 265//176
f 221//292 89//214 413//216
f 124//302 107//210 393//209
f 224//303 296//306 412//304
f 170//186 155//202 341//213
f 224//303 230//191 280//190
f 217//300 93//228 417//216
f 118//188 408//187 405//215
f 221//292 293//301 275//176
f 220//287 292//298 416//304
f 164//195 356//197 354//205
f 213//292 97//214 421//216
f 120//302 101//210 403//209
f 210//165 304//164 302//179
f 216//287 288//288 420//313
f 166//186 149//202 351//201
f 245//175 283//177 335//315
f 89//214 115//171 385//170
f 212//222 196//192 298//167
f 244//189 182//178 338//180
f 88//305 412//304 383//291
f 160//195 366//197 364//193
f 249//175 273//199 331//224
f 206//294 314//164 312//179
f 430//319 433//88 423//320
f 427//322 428//133 434//323
f 451//325 452//41 454//149
f 449//327 457//6116 453//57
f 468//328 462//333 464//49
f 461//329 469//6117 466//62
f 438//330 440//102 441//104
f 436//332 443//6118 442//67
f 424//321 423//320 440//102
f 449//327 447//38 428//133
f 462//333 436//332 435//50
f 451//325 461//329 459//42
f 6//334 440//102 423//320
f 477//335 496//335 483//336
f 485//338 499//6119 506//339
f 476//341 480//341 501//341
f 479//342 473//342 489//342
f 486//343 490//343 482//344
f 482//344 494//6120 497//346
f 503//347 505//6121 498//348
f 487//350 504//6122 502//351
f 471//337 483//336 492//353
f 884//354 705//539 647//355
f 605//400 778//6123 617//358
f 778//6123 782//359 617//358
f 782//359 780//6124 695//357
f 780//6124 633//6125 693//6126
f 697//6127 780//6124 693//6126
f 633//6125 641//6128 693//6126
f 641//6128 637//6129 693//6126
f 697//6127 695//357 780//6124
f 694//360 638//486 639//361
f 815//363 571//364 509//364
f 750//366 528//425 635//367
f 604//369 603//388 774//370
f 822//372 540//6130 574//373
f 863//375 545//668 759//376
f 509//364 571//364 577//378
f 826//379 798//584 629//380
f 615//382 614//481 741//383
f 885//385 745//662 665//386
f 603//388 613//409 512//389
f 562//391 534//6131 536//392
f 511//378 577//378 569//393
f 574//373 540//6130 542//395
f 568//397 576//396 542//395
f 621//399 610//412 605//400
f 514//401 614//481 623//402
f 518//403 623//402 620//404
f 626//406 522//413 524//407
f 613//409 609//6132 510//410
f 616//411 606//6133 610//412
f 522//413 626//406 742//414
f 590//416 585//520 546//417
f 592//418 602//419 554//419
f 602//419 598//522 551//421
f 530//422 526//550 640//423
f 632//408 524//407 520//381
f 528//425 530//422 644//424
f 516//405 620//404 702//426
f 523//378 521//469 595//428
f 555//429 566//392 536//392
f 529//378 527//473 583//431
f 557//432 513//471 517//378
f 593//433 519//447 523//378
f 580//434 590//416 548//416
f 525//378 529//378 587//378
f 563//378 517//378 515//378
f 769//435 568//397 537//398
f 789//436 793//593 899//437
f 891//439 784//6134 788//440
f 555//429 532//430 717//442
f 687//443 684//544 582//444
f 813//446 825//446 519//447
f 556//448 558//533 564//449
f 565//450 564//449 560//451
f 575//453 578//457 572//454
f 567//456 570//529 578//457
f 589//458 579//445 582//444
f 586//460 589//458 588//459
f 591//462 594//523 600//463
f 597//465 601//464 600//463
f 765//467 752//567 507//394
f 730//468 595//428 521//469
f 732//470 714//470 513//471
f 763//472 583//431 527//473
f 683//378 671//378 525//378
f 803//475 606//6133 740//6135
f 606//6133 616//411 736//6136
f 740//6135 606//6133 736//6136
f 740//6135 738//476 803//475
f 738//476 624//6137 801//6138
f 805//474 738//476 801//6138
f 624//6137 630//6139 627//6140
f 627//6140 801//6138 624//6137
f 611//477 612//479 603//388
f 607//478 608//579 612//479
f 622//480 623//402 614//481
f 618//482 619//491 623//402
f 642//483 634//514 636//484
f 638//486 642//483 643//485
f 625//487 626//406 632//408
f 631//488 632//408 629//380
f 618//482 696//542 701//490
f 510//410 609//6132 796//492
f 707//494 709//6141 882//495
f 860//497 862//503 649//498
f 868//500 661//505 657//501
f 862//503 858//356 647//355
f 864//504 659//678 661//505
f 871//506 653//516 655//507
f 873//509 875//594 667//510
f 877//512 869//508 655//507
f 634//514 779//568 775//368
f 625//487 737//557 742//414
f 901//515 791//6142 653//516
f 596//466 729//6143 725//517
f 584//461 762//564 771//518
f 770//519 758//519 546//417
f 719//521 551//421 598//522
f 594//523 591//462 809//524
f 886//526 720//676 722//527
f 570//529 567//456 768//530
f 724//532 731//6144 558//533
f 560//451 682//545 689//534
f 688//535 580//434 544//434
f 681//378 559//378 515//378
f 676//537 534//6131 562//391
f 882//495 709//6141 705//539
f 657//501 707//494 880//496
f 699//362 703//541 698//540
f 703//541 701//490 696//542
f 687//443 691//6145 686//543
f 686//543 691//6145 689//534
f 681//378 669//378 673//378
f 673//378 671//378 683//378
f 678//536 680//546 692//546
f 680//546 676//537 690//538
f 702//426 704//548 674//547
f 704//548 700//551 672//549
f 526//550 672//549 700//551
f 725//517 729//6143 733//552
f 733//552 731//6144 724//532
f 726//521 728//554 721//554
f 721//554 728//554 723//442
f 730//468 711//468 715//555
f 715//555 714//470 732//470
f 741//383 743//6146 739//556
f 739//556 743//6146 742//414
f 742//414 743//6146 716//558
f 716//558 743//6146 741//383
f 888//528 722//527 718//560
f 646//499 747//654 890//562
f 713//559 741//383 614//481
f 768//530 772//6147 766//563
f 766//563 772//6147 771//518
f 769//435 756//435 760//565
f 773//566 760//565 758//519
f 765//467 767//555 755//555
f 755//555 767//555 763//472
f 779//568 781//570 776//569
f 781//570 777//371 774//370
f 753//571 754//572 776//569
f 754//572 750//366 775//368
f 894//441 788//440 786//573
f 652//513 784//6134 891//439
f 774//370 603//388 508//390
f 628//489 629//380 797//575
f 572//454 816//589 807//577
f 804//578 795//592 608//579
f 592//418 550//420 820//580
f 828//493 796//492 800//582
f 830//583 800//582 798//584
f 810//581 820//580 824//585
f 824//585 822//372 808//374
f 815//363 827//365 829//587
f 829//587 825//446 813//446
f 809//524 811//6148 818//588
f 818//588 811//6148 807//577
f 802//576 797//575 799//590
f 806//591 799//590 795//592
f 793//593 791//6142 901//515
f 897//438 873//509 663//511
f 855//387 665//386 667//510
f 658//595 837//636 844//596
f 660//598 838//632 839//599
f 748//601 746//602 847//602
f 783//603 849//627 851//604
f 706//605 843//628 832//606
f 654//608 792//609 853//609
f 664//611 668//619 842//612
f 746//602 645//614 831//614
f 785//615 787//604 851//604
f 790//617 664//611 840//613
f 668//619 666//624 841//620
f 708//597 844//596 845//621
f 744//623 846//623 841//620
f 650//625 833//631 831//614
f 651//626 834//635 849//627
f 710//622 845//621 843//628
f 794//629 790//617 852//618
f 648//607 832//606 833//631
f 660//598 785//615 850//616
f 656//633 654//608 835//610
f 792//609 794//629 854//630
f 651//626 656//633 836//634
f 662//600 839//599 837//636
f 748//601 848//601 846//623
f 552//637 856//677 876//638
f 819//640 549//666 874//641
f 900//643 902//6149 821//644
f 878//646 892//675 757//647
f 893//649 895//377 759//376
f 859//651 889//561 718//560
f 887//653 890//562 747//654
f 865//656 879//674 677//657
f 679//659 881//6150 883//660
f 885//385 887//653 749//655
f 821//644 902//6149 872//663
f 538//648 541//667 870//665
f 549//666 553//639 876//638
f 541//667 539//664 872//663
f 545//668 863//375 867//669
f 533//671 857//679 861//672
f 543//658 547//670 867//669
f 531//652 535//673 861//672
f 879//674 881//6150 679//659
f 892//675 893//649 761//650
f 898//642 900//643 823//645
f 720//676 886//526 856//677
f 659//678 864//504 896//574
f 675//661 883//660 857//679
f 1076//680 928//803 908//681
f 936//683 940//686 910//684
f 937//685 905//685 907//685
f 940//686 944//699 912//687
f 1049//688 1476//1172 927//689
f 1339//691 1352//6151 1299//692
f 948//694 951//697 914//695
f 951//697 954//1095 915//698
f 944//699 948//694 913//696
f 1319//700 1363//6152 1302//701
f 969//703 986//1093 983//704
f 903//706 909//730 957//707
f 1070//709 989//794 988//710
f 966//705 983//704 980//712
f 1314//714 1343//833 1295//715
f 956//717 975//804 990//718
f 1332//720 1325//6153 1293//721
f 914//695 915//698 967//723
f 911//725 913//696 961//726
f 963//713 980//712 977//728
f 913//696 914//695 964//724
f 909//730 911//725 958//727
f 1303//731 1355//785 1377//732
f 987//734 924//1096 922//735
f 988//710 973//755 916//737
f 984//736 922//735 920//739
f 981//740 920//739 918//741
f 1053//743 1012//813 1041//744
f 919//751 1001//806 999//752
f 1065//711 988//710 926//738
f 973//755 978//742 918//741
f 1071//756 1059//756 971//719
f 1077//757 903//706 972//708
f 1057//759 1069//864 994//760
f 934//685 937//685 932//685
f 933//762 938//765 939//763
f 938//765 942//767 943//766
f 942//767 946//769 947//768
f 946//769 949//771 950//770
f 949//771 952//1086 953//772
f 1320//6154 1327//6154 1364//6154
f 1365//1116 1369//1118 1322//6155
f 1369//1118 1372//773 1312//775
f 1372//773 1376//1120 1354//6156
f 1354//6156 1359//6157 1372//773
f 1359//6157 1316//774 1372//773
f 1316//774 1345//6158 1349//6159
f 1349//6159 1336//6160 1316//774
f 1336//6160 1341//6161 1312//775
f 1312//775 1322//6155 1369//1118
f 1336//6160 1312//775 1316//774
f 1056//776 992//6162 991//777
f 957//707 958//727 959//779
f 958//727 961//726 962//781
f 961//726 964//724 965//782
f 964//724 967//723 968//783
f 1301//784 1362//6163 1355//785
f 955//780 970//816 972//708
f 976//786 978//742 973//755
f 979//788 981//740 978//742
f 982//789 984//736 981//740
f 985//790 987//734 984//736
f 1351//791 1347//6164 1300//792
f 973//755 988//710 989//794
f 1047//795 1054//829 1017//796
f 1015//798 929//798 1075//799
f 1046//800 1044//6165 1086//801
f 1062//778 991//777 928//803
f 960//729 977//728 975//804
f 921//805 1004//811 1001//806
f 1371//807 1304//844 1310//808
f 923//810 1007//815 1004//811
f 997//812 1039//748 1041//744
f 925//814 1010//1091 1007//815
f 1063//758 972//708 970//816
f 917//753 999//752 1014//690
f 998//818 1000//820 1002//746
f 1003//819 1005//747 1002//746
f 1006//821 1008//749 1005//747
f 1009//822 1011//750 1008//749
f 1300//792 1347//6164 1318//823
f 997//812 1012//813 1013//825
f 1068//826 1066//859 996//827
f 1054//829 1085//886 1045//830
f 1033//831 952//1086 949//771
f 1343//833 1338//6166 1296//834
f 938//765 1033//831 945//832
f 1043//836 1082//866 1087//837
f 1079//839 906//6167 903//706
f 1024//6168 1021//841 1031//840
f 1021//841 1043//836 1036//842
f 938//765 933//762 1026//843
f 1304//844 1371//807 1368//845
f 1029//685 934//685 931//685
f 1025//847 1028//6169 1019//848
f 1023//850 1030//6170 1034//851
f 1032//853 1038//6171 1310//808
f 1092//854 1082//866 1043//836
f 1018//855 1046//800 1083//802
f 1037//857 1043//836 1042//838
f 1066//859 1074//869 930//860
f 1066//859 1068//826 1072//861
f 1067//862 1072//861 1070//709
f 1059//756 1071//756 1073//863
f 1061//863 1073//863 1069//864
f 1051//867 1055//885 1054//829
f 1065//711 1475//754 1469//868
f 1067//862 1469//868 1074//869
f 1062//778 1064//871 1060//870
f 1064//871 1063//758 1058//817
f 1063//758 1064//871 1078//872
f 1064//871 1062//778 1076//680
f 1474//873 1478//883 1479//874
f 1470//876 1052//1185 1048//799
f 1077//757 1078//872 1081//877
f 1078//872 1076//680 1080//682
f 1083//802 1086//801 1089//878
f 1050//880 1053//743 1477//881
f 1084//879 1487//1167 1091//856
f 1478//883 1491//1184 1484//884
f 1055//885 1090//1170 1085//886
f 1050//880 1013//825 1012//813
f 1116//887 1178//943 1226//888
f 1126//890 1094//890 1100//891
f 1127//685 1122//685 1097//685
f 1130//892 1100//891 1102//893
f 1218//895 1183//6172 1184//896
f 1458//897 1417//6173 1404//898
f 1138//900 1103//905 1104//901
f 1141//902 1104//901 1105//903
f 1134//894 1102//893 1103//905
f 1449//906 1426//6174 1388//907
f 1173//909 1176//1165 1159//910
f 1147//912 1099//935 1093//913
f 1181//915 1182//4007 1217//916
f 1170//918 1173//909 1156//911
f 1445//920 1408//1041 1383//921
f 1180//923 1165//1015 1146//924
f 1443//926 1392//6175 1397//927
f 1104//901 1154//934 1157//929
f 1101//930 1148//936 1151//931
f 1167//932 1170//918 1153//919
f 1103//905 1151//931 1154//934
f 1099//935 1147//912 1148//936
f 1459//937 1460//1164 1439//938
f 1174//940 1112//6176 1114//941
f 1178//943 1116//887 1106//944
f 1202//946 1203//1036 1210//947
f 1110//949 1112//6176 1174//940
f 1108//951 1110//949 1171//950
f 1286//953 1287//1047 1282//954
f 1189//961 1191//1016 1109//962
f 1214//948 1279//1049 1270//964
f 1227//965 1186//1026 1120//966
f 1163//945 1106//944 1108//951
f 1275//968 1247//6177 1286//953
f 1272//969 1281//1048 1285//970
f 1241//972 1245//1059 1098//973
f 1274//975 1277//1064 1215//976
f 1093//913 1096//6178 1244//978
f 1122//685 1127//685 1124//685
f 1123//980 1125//6179 1129//981
f 1128//982 1129//981 1133//983
f 1132//984 1133//983 1137//985
f 1136//986 1137//985 1140//987
f 1139//988 1140//987 1143//989
f 1427//1155 1395//6180 1390//6181
f 1381//991 1406//6182 1401//6183
f 1427//1155 1390//6181 1431//1149
f 1390//6181 1381//991 1431//1149
f 1434//992 1431//1149 1381//991
f 1419//6184 1438//1152 1423//6185
f 1438//1152 1434//992 1423//6185
f 1385//991 1423//6185 1434//992
f 1414//6184 1410//6186 1385//991
f 1381//991 1401//6183 1385//991
f 1401//6183 1414//6184 1385//991
f 1231//993 1226//888 1178//943
f 1147//912 1145//1000 1149//995
f 1148//936 1149//995 1152//996
f 1151//931 1152//996 1155//997
f 1154//934 1155//997 1158//998
f 1420//939 1425//6187 1448//999
f 1145//1000 1147//912 1162//914
f 1163//945 1168//952 1166//1002
f 1168//952 1171//950 1169//1004
f 1171//950 1174//940 1172//1005
f 1172//1005 1174//940 1177//942
f 1450//1007 1412//1035 1416//1008
f 1163//945 1164//1003 1179//994
f 1161//925 1220//1010 1232//1010
f 1162//914 1093//913 1242//979
f 1117//1012 1236//1058 1211//1013
f 1224//1011 1219//1052 1160//1001
f 1165//1015 1167//932 1150//933
f 1191//1016 1194//1021 1111//1017
f 1462//1018 1464//1163 1267//1019
f 1194//1021 1197//1024 1113//1022
f 1270//964 1268//957 1187//1023
f 1197//1024 1200//6188 1115//1025
f 1186//1026 1227//965 1229//1027
f 1204//1014 1189//961 1107//963
f 1188//1029 1187//1023 1192//956
f 1192//956 1195//958 1193//1031
f 1195//958 1198//959 1196//1032
f 1198//959 1201//960 1199//1033
f 1450//1007 1446//1161 1387//1034
f 1187//1023 1188//1029 1203//1036
f 1208//1037 1206//6189 1207//977
f 1223//917 1241//972 1118//974
f 1139//988 1142//990 1262//1038
f 1455//1040 1403//6190 1408//1041
f 1135//1039 1262//1038 1128//982
f 1231//993 1233//1043 1228//1042
f 1233//1043 1229//1027 1227//965
f 1230//895 1234//1044 1222//1044
f 1234//1044 1232//1010 1220//1010
f 1215//976 1216//1046 1212//1045
f 1216//1046 1214//948 1210//947
f 1287//1047 1285//970 1281//1048
f 1216//1046 1283//1065 1279//1049
f 1237//967 1239//1050 1228//1042
f 1239//1050 1235//889 1226//888
f 1225//1051 1221//1053 1219//1052
f 1223//917 1217//916 1221//1053
f 1225//1051 1243//1054 1241//972
f 1224//1011 1242//979 1243//1054
f 1209//1055 1213//1056 1240//1056
f 1213//1056 1211//1013 1236//1058
f 1243//1054 1246//1060 1245//1059
f 1242//979 1244//978 1246//1060
f 1238//1057 1119//1061 1205//1061
f 1272//969 1250//971 1265//1062
f 1250//971 1253//6191 1260//1063
f 1216//1046 1215//976 1277//1064
f 1128//982 1262//1038 1255//1066
f 1430//1067 1433//1162 1462//1018
f 1121//685 1124//685 1258//685
f 1248//1069 1257//6192 1254//1070
f 1252//1072 1256//6193 1263//1073
f 1461//1075 1463//6194 1436//1076
f 1280//1078 1284//1079 1282//954
f 1284//1079 1278//1080 1276//955
f 1272//969 1271//1082 1280//1078
f 1278//1080 1273//6195 1275//968
f 1266//1081 1269//1159 1271//1082
f 1292//1083 1305//1090 1366//1084
f 952//1086 1291//722 1293//721
f 1308//1087 1379//6196 1374//1088
f 1308//1087 1309//1089 1037//857
f 1011//750 1303//731 1307//733
f 952//1086 1033//831 1305//1090
f 925//814 1290//702 1302//701
f 1032//853 1304//844 1306//846
f 1297//693 1299//692 986//1093
f 985//790 1298//793 1300//792
f 1294//1094 1288//716 915//698
f 1301//784 1303//731 1011//750
f 987//734 1300//792 1289//824
f 1288//716 1295//715 967//723
f 1295//715 1296//834 968//783
f 1329//6197 1321//1098 1324//1100
f 1321//1098 1311//1108 1313//1099
f 1340//1101 1335//1107 1337//1102
f 1348//1104 1344//1109 1346//1105
f 1335//1107 1348//1104 1350//1106
f 1311//1108 1340//1101 1342//1103
f 1344//1109 1315//1115 1317//1110
f 1353//1111 1356//1124 1360//1112
f 1358//1114 1361//6198 1317//1110
f 1365//1116 1367//1123 1370//1117
f 1372//773 1373//1121 1378//1119
f 1369//1118 1370//1117 1373//1121
f 1365//1116 1330//6199 1334//1122
f 1356//1124 1353//1111 1376//1120
f 1326//1125 1314//714 1288//716
f 1452//1126 1399//6200 1428//1127
f 1391//1129 1389//1133 1394//1130
f 1382//1132 1380//1141 1389//1133
f 1402//1134 1400//1140 1405//1135
f 1411//1137 1409//1143 1413//1138
f 1415//1139 1413//1138 1400//1140
f 1407//1136 1405//1135 1380//1141
f 1386//1142 1384//1147 1409//1143
f 1424//1144 1421//1156 1418//1145
f 1386//1142 1424//1144 1422//1146
f 1429//1148 1427//1155 1431//1149
f 1440//1151 1435//1153 1434//992
f 1435//1153 1432//1150 1431//1149
f 1398//1154 1395//6180 1427//1155
f 1438//1152 1418//1145 1421//1156
f 1442//922 1383//921 1393//1157
f 1105//903 1442//922 1444//1158
f 1142//990 1452//1126 1453//1128
f 1266//1081 1463//6194 1461//1075
f 1454//1068 1462//1018 1261//1020
f 1158//998 1455//1040 1445//920
f 1177//942 1114//941 1446//1161
f 1433//1162 1437//6201 1464//1163
f 1450//1007 1457//1009 1175//1006
f 1201//960 1459//937 1448//999
f 1201//960 1268//957 1460//1164
f 1143//989 1443//926 1451//928
f 1157//929 1445//920 1442//922
f 1115//1025 1200//6188 1449//906
f 1176//1165 1458//897 1456//899
f 1051//867 1467//1182 1480//1166
f 1487//1167 1486//1178 1488//1168
f 1055//885 1480//1166 1482//1169
f 1466//1171 1470//876 1476//1172
f 1084//879 1089//878 1481//1174
f 1053//743 1088//745 1493//1177
f 1486//1178 1483//1183 1490//1179
f 1082//866 1489//865 1492//1180
f 1472//882 1477//881 1478//883
f 1467//1182 1465//875 1479//874
f 1483//1183 1486//1178 1485//1175
f 1489//865 1488//1168 1490//1179
f 1477//881 1493//1177 1491//1184
f 1480//1166 1479//874 1484//884
f 1603//1186 1514//1204 1529//1187
f 1582//1189 1553//1268 1552//1190
f 1632//1192 1615//1205 1527//1193
f 1608//1195 1516//1219 1512//1196
f 1591//1198 1598//1208 1521//1199
f 1499//1201 1605//1234 1617//1202
f 1603//1186 1613//1197 1512//1196
f 1615//1205 1625//1224 1524//1206
f 1596//1207 1518//1304 1521//1199
f 1498//1209 1495//1221 1592//1210
f 1503//1212 1616//1230 1630//1213
f 1627//1215 1637//1218 1531//1216
f 1632//1192 1536//1194 1531//1216
f 1608//1195 1591//1198 1523//1200
f 1601//1220 1592//1210 1495//1221
f 1621//1222 1504//6202 1502//1203
f 1634//1223 1509//1223 1506//1214
f 1620//1188 1529//1187 1524//1206
f 1501//1225 1498//1209 1606//1211
f 1494//1226 1507//1232 1628//1227
f 1594//1228 1600//1229 1496//1229
f 1616//1230 1503//1212 1505//1231
f 1507//1232 1508//1233 1633//1233
f 1605//1234 1499//1201 1500//1235
f 1535//1236 1532//1237 1578//1237
f 1515//1239 1547//1261 1539//1240
f 1517//1241 1535//1236 1585//1238
f 1544//1243 1542//6203 1550//1244
f 1550//1244 1561//6204 1589//6205
f 1561//6204 1556//6206 1554//6207
f 1589//6205 1561//6204 1583//6208
f 1554//6207 1583//6208 1561//6204
f 1583//6208 1581//6209 1589//6205
f 1589//6205 1570//1245 1550//1244
f 1570//1245 1568//6210 1576//6211
f 1544//1243 1570//1245 1576//6211
f 1626//1246 1595//1292 1593//1247
f 1528//1249 1526//1250 1566//1250
f 1530//1252 1574//1284 1565//1253
f 1537//1254 1528//1249 1572//1251
f 1533//1256 1537//1254 1587//1255
f 1519//1257 1517//1241 1551//1242
f 1520//1258 1558//1258 1562//1259
f 1522//1260 1562//1259 1547//1261
f 1541//1262 1543//1281 1546//1263
f 1541//1262 1540//1264 1548//1265
f 1555//1267 1559//1270 1552//1190
f 1555//1267 1560//1280 1563//1269
f 1567//1271 1569//1282 1571//1272
f 1567//1271 1564//1273 1573//1274
f 1580//1276 1582//1189 1584//1191
f 1580//1276 1577//1277 1586//1278
f 1549//1266 1548//1265 1563//1269
f 1575//1275 1573//1274 1546//1263
f 1569//1282 1588//1279 1586//1278
f 1513//1283 1545//1286 1574//1284
f 1510//1285 1538//1285 1545//1286
f 1612//1287 1602//1302 1604//1288
f 1612//1287 1609//1289 1606//1211
f 1597//1291 1599//1293 1593//1247
f 1597//1291 1590//1301 1592//1210
f 1624//1294 1614//1303 1616//1230
f 1624//1294 1623//1295 1618//1296
f 1636//1298 1626//1246 1629//1248
f 1636//1298 1635//1299 1630//1213
f 1590//1301 1607//1290 1606//1211
f 1619//1297 1618//1296 1604//1288
f 1631//1300 1630//1213 1616//1230
f 1596//1207 1627//1215 1534//1217
f 1781//1305 1772//1408 1643//1306
f 1747//1307 1673//1318 1680//1308
f 1651//1310 1761//1345 1749//1311
f 1642//1313 1639//1348 1736//1314
f 1774//1315 1780//1316 1644//1316
f 1747//1307 1754//1329 1670//1317
f 1771//1319 1667//1327 1655//1320
f 1650//1322 1762//1341 1769//1323
f 1776//1324 1662//6212 1665//1325
f 1771//1319 1778//1326 1665//1325
f 1752//1328 1668//1340 1670//1317
f 1646//1312 1749//1311 1755//1330
f 1740//1309 1680//1308 1675//1331
f 1638//1333 1647//1347 1748//1334
f 1735//1336 1745//1332 1675//1331
f 1678//1337 1662//6212 1776//1324
f 1641//1338 1638//1333 1738//1335
f 1752//1328 1759//1342 1660//1339
f 1643//1306 1772//1408 1762//1341
f 1759//1342 1766//1350 1658//1343
f 1652//1344 1768//1344 1761//1345
f 1649//1346 1756//6213 1748//1334
f 1639//1348 1640//1349 1741//1349
f 1764//1321 1655//1320 1658//1343
f 1659//1351 1656//1285 1688//1285
f 1654//1352 1666//1375 1706//1353
f 1672//1355 1716//1355 1720//1356
f 1657//1358 1654//1352 1682//1354
f 1661//1359 1695//1365 1701//1360
f 1687//6214 1685//1361 1692//6215
f 1685//1361 1705//6216 1718//1362
f 1705//6216 1700//6217 1698//6218
f 1698//6218 1727//6219 1733//6220
f 1727//6219 1725//6221 1733//6220
f 1733//6220 1718//1362 1705//6216
f 1698//6218 1733//6220 1705//6216
f 1718//1362 1713//6222 1711//1363
f 1711//1363 1692//6215 1685//1361
f 1679//1364 1729//1374 1695//1365
f 1669//1366 1659//1351 1693//1283
f 1671//1368 1669//1366 1709//1367
f 1674//1357 1720//1356 1731//1369
f 1681//1370 1731//1369 1723//1371
f 1676//1373 1722//1373 1729//1374
f 1666//1375 1664//1376 1702//1376
f 1697//1377 1696//1386 1728//1378
f 1686//1380 1690//1384 1683//1381
f 1686//1380 1691//1398 1694//1383
f 1699//1385 1703//1388 1696//1386
f 1699//1385 1704//1400 1707//1387
f 1712//1389 1714//1393 1708//1390
f 1712//1389 1717//1399 1719//1392
f 1724//1394 1726//1379 1728//1378
f 1724//1394 1721//1395 1730//1396
f 1691//1398 1710//1391 1708//1390
f 1732//1397 1730//1396 1719//1392
f 1704//1400 1684//1382 1683//1381
f 1765//1401 1767//1404 1762//1341
f 1765//1401 1758//1419 1760//1403
f 1777//1405 1779//1409 1773//1406
f 1777//1405 1770//1421 1772//1408
f 1753//1410 1757//1413 1750//1411
f 1753//1410 1746//1420 1748//1334
f 1744//1414 1734//1418 1737//1415
f 1744//1414 1743//1416 1738//1335
f 1734//1418 1775//1407 1773//1406
f 1751//1412 1750//1411 1760//1403
f 1746//1420 1739//1417 1738//1335
f 1763//1402 1762//1341 1772//1408
f 1810//1422 1783//1422 1785//1423
f 1857//1424 1847//1424 1795//1424
f 1874//1425 1880//1426 1803//1426
f 1793//1428 1792//1429 1839//1429
f 1881//1431 1885//1455 1805//1432
f 1846//1433 1874//1425 1802//1427
f 1791//1434 1790//1488 1836//1435
f 1863//1438 1883//6223 1855//6224
f 1883//6223 1878//6225 1876//6226
f 1852//6227 1883//6223 1876//6226
f 1852//6227 1855//6224 1883//6223
f 1855//6224 1870//1436 1863//1438
f 1828//1440 1821//6228 1830//1441
f 1830//1441 1845//6229 1808//6230
f 1845//6229 1841//6231 1834//6232
f 1808//6230 1845//6229 1834//6232
f 1808//6230 1819//1439 1830//1441
f 1872//1442 1801//1454 1799//1443
f 1826//1444 1788//1450 1786//1445
f 1868//1446 1800//1446 1798//1447
f 1813//1449 1784//1449 1788//1450
f 1824//1451 1787//1451 1789//1452
f 1856//1449 1796//1449 1801//1454
f 1861//1448 1798//1447 1805//1432
f 1789//1452 1793//1428 1843//1430
f 1820//1456 1827//6233 1825//1457
f 1831//1459 1829//6234 1820//1456
f 1835//1460 1833//6235 1840//1461
f 1840//1461 1844//1464 1842//1463
f 1844//1464 1829//6234 1831//1459
f 1806//1465 1833//6235 1835//1460
f 1825//1457 1827//6233 1817//1467
f 1807//1469 1812//6236 1816//1470
f 1864//1471 1866//1475 1860//1472
f 1864//1471 1869//1484 1871//1474
f 1877//1476 1879//1480 1873//1477
f 1877//1476 1882//1482 1884//1479
f 1850//1481 1875//1478 1873//1477
f 1862//1473 1860//1472 1884//1479
f 1853//1483 1858//6237 1871//1474
f 1849//1485 1859//6238 1854//1486
f 1790//1488 1782//1433 1809//1433
f 1889//1489 1895//1489 1907//1489
f 1890//1490 1902//6239 1898//1491
f 1990//1493 1994//1499 1985//1494
f 1970//1496 2011//6240 2017//6241
f 2017//6241 1991//1497 1970//1496
f 1991//1497 1987//1524 1962//1498
f 1996//1499 2020//6242 1897//1500
f 1894//1502 1888//1503 1900//1503
f 1892//1504 1904//6243 1908//1505
f 2009//1507 2003//6244 2019//1508
f 2002//1510 1984//6245 1887//1501
f 2013//1509 1968//6246 1967//1511
f 1995//1513 1891//1501 1887//1501
f 2004//1510 1893//1501 1897//1501
f 1978//1495 1959//1514 1964//1514
f 1913//1515 1912//1515 1915//1515
f 1916//1516 1914//1517 1910//1517
f 1921//1515 1920//1518 1923//1518
f 1924//1517 1922//1516 1918//1516
f 1929//1518 1928//1515 1931//1515
f 1932//1519 1930//1520 1926//1520
f 1937//1515 1936//1515 1939//1515
f 1940//1516 1938//1516 1934//1516
f 1945//1515 1944//1515 1947//1515
f 1948//1517 1946//1516 1942//1516
f 1953//1515 1952//1515 1955//1515
f 1956//1516 1954//1516 1950//1516
f 1975//1521 1983//1540 1980//1522
f 1987//1524 1991//1497 1993//1525
f 2001//1527 2007//1535 2005//1528
f 2016//1530 2021//1542 2018//1531
f 1976//1521 1972//1523 1960//1533
f 2008//1535 1966//6247 1965//1536
f 1962//1498 1987//1524 1988//1526
f 2015//1530 2012//1532 1971//1538
f 1982//1540 2000//1527 1998//1541
f 2022//1542 1992//1525 1991//1497
f 1961//1543 1974//6248 1981//1544
f 1981//1544 1999//1541 1965//1536
f 1999//1541 2006//1528 1965//1536
f 1905//1501 1899//1501 1903//1501
f 2246//1545 2244//1545 2333//1546
f 2243//1548 2079//1585 2071//1549
f 2233//1551 2073//1710 2075//1552
f 2229//1553 2075//1552 2077//1554
f 2026//1556 2028//1595 2235//1557
f 2029//1559 2309//1720 2321//1560
f 2178//1562 2190//1563 2198//1563
f 2039//1564 2041//1562 2180//1562
f 2166//1564 2178//1562 2186//1562
f 2069//1565 2037//1590 2160//1566
f 2116//1568 2114//1569 2283//1569
f 2120//1570 2128//1576 2269//1571
f 2259//1573 2054//1635 2058//1574
f 2128//1576 2122//1578 2263//1577
f 2122//1578 2124//6249 2265//1579
f 2257//1580 2126//1638 2116//1568
f 2353//1581 2252//1692 2254//1582
f 2251//1584 2148//1584 2079//1585
f 2343//1586 2120//1570 2253//1572
f 2301//1588 2162//1589 2154//1589
f 2037//1590 2039//1564 2168//1564
f 2041//1562 2035//1563 2192//1563
f 2172//1564 2184//1562 2046//1562
f 2156//1591 2172//1564 2048//1564
f 2162//1589 2166//1564 2174//1564
f 2184//1562 2196//1563 2044//1563
f 2138//1592 2136//6250 2057//1593
f 2028//1595 2024//1610 2225//1596
f 2276//1597 2351//1735 2357//1598
f 2239//1599 2030//1631 2026//1556
f 2059//1600 2140//1605 2132//1601
f 2095//1603 2097//1603 2065//1603
f 2055//1604 2134//1642 2140//1605
f 2042//1606 2100//1606 2102//1606
f 2142//1607 2138//1592 2053//1594
f 2038//1609 2104//1609 2106//1609
f 2024//1610 2032//6251 2241//1611
f 2040//1609 2106//1609 2100//1606
f 2241//1611 2032//6251 2069//1565
f 2293//1612 2282//1612 2113//1612
f 2067//1613 2062//6252 2273//1614
f 2085//1616 2083//1625 2023//1617
f 2087//1619 2085//1616 2027//1618
f 2118//1621 2110//1621 2045//1621
f 2089//1561 2087//1619 2025//1620
f 2110//1621 2108//1603 2047//1603
f 2327//1622 2335//1715 2238//1623
f 2108//1603 2095//1603 2049//1603
f 2083//1625 2091//1636 2031//1626
f 2060//1627 2052//1733 2255//1628
f 2336//1630 2310//1723 2030//1631
f 2267//1575 2058//1574 2056//1632
f 2098//1634 2142//1607 2061//1608
f 2273//1614 2062//6252 2054//1635
f 2091//1636 2150//1637 2068//1637
f 2265//1579 2124//6249 2126//1638
f 2070//1609 2151//1609 2104//1609
f 2056//1632 2060//1627 2271//1629
f 2340//1639 2064//6253 2279//1640
f 2057//1593 2136//6250 2134//1642
f 2308//1643 2216//1643 2147//1643
f 2294//1644 2223//1643 2218//1643
f 2155//1645 2158//1658 2176//1646
f 2153//1648 2173//1654 2175//1649
f 2161//1645 2164//1658 2170//1651
f 2159//1648 2167//1654 2169//1649
f 2171//1647 2176//1646 2188//1652
f 2173//1654 2185//1664 2187//1655
f 2165//1647 2170//1651 2182//1652
f 2167//1654 2179//1664 2181//1655
f 2202//1657 2205//1705 2158//1658
f 2289//1659 2153//1648 2157//1650
f 2300//1660 2209//1660 2164//1658
f 2296//1661 2159//1648 2163//1650
f 2183//1653 2188//1652 2200//1663
f 2185//1664 2197//1665 2199//1665
f 2177//1656 2182//1652 2194//1663
f 2179//1664 2191//1665 2193//1665
f 2284//1666 2219//6254 2212//1667
f 2307//1669 2304//6255 2211//1670
f 2067//1613 2203//1615 2156//1591
f 2226//1671 2232//1674 2234//1672
f 2232//1674 2228//1676 2230//1675
f 2236//1624 2238//1623 2230//1675
f 2311//1677 2033//1678 2093//1678
f 2242//1680 2226//1671 2224//1673
f 2272//1682 2274//1695 2281//1683
f 2130//1685 2345//1738 2352//1686
f 2264//1687 2266//1691 2260//1688
f 2256//1690 2258//1696 2266//1691
f 2252//1692 2268//1694 2270//1693
f 2268//1694 2262//1689 2260//1688
f 2274//1695 2272//1682 2258//1696
f 2240//1681 2295//6256 2249//1697
f 2208//1662 2305//6257 2248//1698
f 2207//1699 2298//6258 2303//1700
f 2204//1702 2292//6259 2285//1703
f 2205//1705 2202//1657 2280//1706
f 2302//1668 2299//6260 2288//1708
f 2317//1709 2328//1719 2237//1555
f 2227//1550 2071//1549 2073//1710
f 2330//1711 2315//1716 2081//1712
f 2329//1547 2333//1546 2337//1713
f 2331//1714 2337//1713 2335//1715
f 2315//1716 2330//1711 2332//1717
f 2319//1718 2332//1717 2328//1719
f 2309//1720 2313//1722 2325//1721
f 2313//1722 2311//1677 2323//1679
f 2310//1723 2336//1630 2338//1724
f 2314//1725 2338//1724 2334//1726
f 2312//1727 2334//1726 2245//1728
f 2144//1729 2063//1729 2339//1730
f 2356//1732 2255//1628 2052//1733
f 2355//1583 2357//1598 2351//1735
f 2347//1731 2339//1730 2341//1736
f 2354//1587 2352//1686 2345//1738
f 2358//1641 2356//1732 2342//1734
f 2051//1602 2132//1601 2349//1737
f 2366//1739 2368//1739 2382//1739
f 2363//1739 2379//1739 2377//1739
f 2360//1740 2375//1739 2373//1739
f 2371//1742 2359//1741 2373//1739
f 2368//1739 2370//1739 2384//1739
f 2366//1739 2380//1739 2379//1739
f 2361//1739 2377//1739 2375//1739
f 2370//1739 2371//1742 2386//1739
f 2372//1743 2374//1744 2394//1744
f 2365//1745 2400//1745 2401//1746
f 2385//1748 2387//1749 2388//1749
f 2378//1750 2392//1750 2393//1751
f 2381//1752 2391//1752 2392//1750
f 2376//1751 2393//1751 2394//1744
f 2381//1752 2383//1753 2390//1753
f 2372//1743 2395//1743 2388//1749
f 2364//1754 2362//1761 2398//1755
f 2360//1740 2359//1741 2396//1757
f 2371//1742 2403//1762 2396//1757
f 2367//1747 2401//1746 2402//1759
f 2365//1745 2364//1754 2399//1756
f 2362//1761 2360//1740 2397//1758
f 2369//1760 2402//1759 2403//1762
f 2383//1753 2385//1748 2389//1748
f 2411//1763 2425//1763 2427//1763
f 2422//1763 2424//1763 2408//1763
f 2418//1763 2420//1763 2405//1764
f 2416//1766 2431//1763 2418//1763
f 2413//1763 2427//1763 2429//1763
f 2424//1763 2425//1763 2411//1763
f 2420//1763 2422//1763 2406//1763
f 2415//1763 2429//1763 2431//1763
f 2417//1767 2440//1767 2439//1768
f 2446//1770 2445//1771 2410//1771
f 2430//1773 2434//1773 2433//1774
f 2438//1775 2437//1776 2423//1776
f 2437//1776 2436//1777 2426//1777
f 2439//1768 2438//1775 2421//1775
f 2426//1777 2436//1777 2435//1778
f 2433//1774 2440//1767 2417//1767
f 2409//1779 2444//1785 2443//1780
f 2405//1764 2442//1786 2441//1782
f 2441//1782 2448//1787 2416//1766
f 2447//1783 2446//1770 2412//1772
f 2410//1771 2445//1771 2444//1785
f 2407//1781 2443//1780 2442//1786
f 2448//1787 2447//1783 2414//1784
f 2428//1778 2435//1778 2434//1773
f 2452//1788 2530//1789 2536//1789
f 2479//1791 2506//1860 2558//1792
f 2548//1794 2458//1873 2520//1795
f 2457//1797 2487//6261 2538//1789
f 2527//1798 2561//1798 2559//1799
f 2493//1801 2512//1853 2552//1802
f 2500//1804 2515//1852 2546//1805
f 2486//1807 2509//1859 2544//1808
f 2466//1810 2534//1811 2542//1811
f 2533//1813 2465//1874 2523//1814
f 2464//1815 2494//1837 2549//1816
f 2531//1818 2563//1880 2525//1819
f 2478//1821 2535//1881 2543//1822
f 2553//1824 2472//1865 2560//1825
f 2471//1827 2501//1835 2540//1811
f 2491//1828 2541//1882 2545//1829
f 2473//1831 2499//1883 2503//1832
f 2476//1834 2504//1834 2501//1835
f 2464//1815 2468//6262 2496//1836
f 2469//1838 2466//1810 2492//1812
f 2485//1840 2489//6263 2461//1841
f 2490//1843 2487//6261 2457//1797
f 2480//1845 2450//1878 2454//1846
f 2482//1848 2455//6264 2452//1788
f 2514//1849 2516//6265 2502//1850
f 2502//1850 2516//6265 2515//1852
f 2512//1853 2493//1801 2495//1854
f 2495//1854 2491//1828 2511//1830
f 2508//1856 2510//6266 2488//1857
f 2488//1857 2510//6266 2509//1859
f 2506//1860 2479//1791 2483//1861
f 2483//1861 2478//1821 2505//1823
f 2470//1820 2525//1819 2526//1863
f 2526//1863 2560//1825 2472//1865
f 2451//1866 2453//6267 2519//1867
f 2519//1867 2453//6267 2449//1869
f 2456//1800 2559//1799 2521//1871
f 2521//1871 2520//1795 2458//1873
f 2465//1874 2467//6268 2524//1875
f 2524//1875 2467//6268 2463//1876
f 2450//1878 2480//1845 2556//1879
f 2562//1798 2561//1798 2527//1798
f 2533//1813 2564//1813 2563//1880
f 2544//1808 2543//1822 2535//1881
f 2528//1789 2538//1789 2536//1789
f 2532//1811 2540//1811 2542//1811
f 2539//1806 2546//1805 2545//1829
f 2529//1798 2451//1866 2518//1868
f 2459//1842 2547//1817 2549//1816
f 2484//1858 2550//1803 2552//1802
f 2548//1794 2551//1796 2522//1877
f 2473//1831 2554//1879 2556//1879
f 2553//1824 2557//1826 2517//1870
f 2498//1851 2555//1793 2558//1792
f 2683//1884 2682//4945 2610//1885
f 2635//1887 2577//1925 2576//1888
f 2689//1890 2688//1900 2612//1891
f 2692//1893 2608//1907 2615//1894
f 2696//1896 2598//1902 2619//1897
f 2702//1899 2600//1966 2612//1891
f 2703//1901 2594//1908 2598//1902
f 2629//1903 2723//1999 2710//1904
f 2706//1906 2618//6269 2608//1907
f 2622//1886 2618//6269 2706//1906
f 2703//1901 2689//1890 2602//1892
f 2700//1909 2693//1895 2615//1894
f 2697//1898 2619//1897 2596//1911
f 2665//1913 2663//1973 2605//1914
f 2611//1916 2669//1916 2679//1917
f 2660//1919 2652//1960 2595//1920
f 2677//1922 2654//1956 2597//1923
f 2577//1925 2635//1887 2644//1926
f 2686//1928 2733//1996 2711//1929
f 2644//1926 2637//1933 2579//1931
f 2575//1930 2578//1976 2699//1932
f 2637//1933 2646//1935 2589//1934
f 2646//1935 2650//1955 2593//1936
f 2616//1937 2673//1939 2665//1913
f 2609//1938 2666//1947 2673//1939
f 2701//1940 2571//1987 2709//1941
f 2569//1943 2627//1953 2623//1944
f 2617//1946 2675//1951 2666//1947
f 2631//1948 2641//1949 2583//1949
f 2621//1918 2679//1917 2675//1951
f 2590//1952 2648//1963 2627//1953
f 2642//1954 2629//1903 2572//1905
f 2650//1955 2639//1956 2582//1956
f 2565//1945 2623//1944 2631//1948
f 2604//1957 2715//2003 2736//1958
f 2652//1960 2656//1967 2599//1961
f 2568//1962 2626//5020 2648//1963
f 2670//1964 2660//1919 2603//1921
f 2737//1965 2717//2001 2600//1966
f 2656//1967 2677//1922 2620//1924
f 2601//1968 2659//1984 2672//1969
f 2591//1970 2698//1990 2707//1971
f 2663//1973 2730//2006 2716//1974
f 2587//1975 2694//1991 2699//1932
f 2566//1977 2574//1992 2690//1978
f 2684//1980 2705//6269 2588//1906
f 2588//1906 2705//6269 2691//1982
f 2659//1984 2601//1968 2718//1985
f 2566//1977 2704//1979 2695//1902
f 2571//1987 2701//1940 2687//1988
f 2570//1896 2695//1902 2698//1990
f 2580//1983 2691//1982 2694//1991
f 2574//1992 2584//1989 2687//1988
f 2592//1981 2581//4945 2681//1993
f 2606//1910 2604//1957 2685//1959
f 2709//1941 2713//1995 2735//1994
f 2713//1995 2711//1929 2733//1996
f 2721//1997 2712//2007 2714//1998
f 2714//1998 2710//1904 2723//1999
f 2737//1965 2738//2002 2719//2000
f 2738//2002 2736//1958 2715//2003
f 2728//1986 2718//1985 2720//2004
f 2720//2004 2716//1974 2730//2006
f 2712//2007 2721//1997 2633//1889
f 2799//2008 2765//2017 2772//2009
f 2803//2011 2802//2027 2763//2012
f 2755//2014 2821//2084 2848//2015
f 2799//2008 2803//2011 2761//2013
f 2855//2018 2883//2109 2895//2019
f 2798//2010 2772//2009 2757//2021
f 2824//2023 2833//2086 2839//2024
f 2795//2026 2759//2097 2763//2012
f 2786//2028 2760//2046 2882//2029
f 2817//2031 2752//6270 2740//2032
f 2812//2034 2846//6271 2841//2035
f 2876//2037 2894//2105 2879//2038
f 2762//2040 2787//6272 2791//2041
f 2837//2043 2870//2044 2859//2044
f 2760//2046 2786//2028 2790//2047
f 2791//2041 2793//2062 2771//2049
f 2843//2050 2827//2083 2858//2051
f 2777//2053 2773//6273 2745//2054
f 2790//2047 2787//6272 2762//2040
f 2756//2056 2781//5106 2835//2057
f 2775//2059 2767//2100 2744//2060
f 2793//2062 2784//2063 2758//2063
f 2754//2064 2779//2069 2777//2053
f 2745//2054 2773//6273 2775//2059
f 2847//2065 2823//6274 2825//2066
f 2742//2068 2769//5117 2779//2069
f 2743//2026 2796//2110 2801//2012
f 2852//2071 2861//2071 2831//2072
f 2829//2074 2819//2085 2811//2075
f 2753//2077 2797//2082 2805//2078
f 2750//2008 2746//2011 2804//2013
f 2746//2011 2747//2070 2801//2012
f 2816//2079 2842//2087 2875//2080
f 2750//2008 2800//2017 2797//2082
f 2844//2067 2825//2066 2827//2083
f 2821//2084 2823//6274 2847//2065
f 2819//2085 2817//2031 2809//2033
f 2829//2074 2813//2076 2815//2073
f 2828//2045 2826//2025 2839//2024
f 2833//2086 2824//2023 2822//2058
f 2814//2036 2841//2035 2842//2087
f 2845//2088 2846//6271 2812//2034
f 2808//2014 2845//2088 2810//2089
f 2876//2037 2849//2039 2853//2081
f 2850//2090 2864//6275 2862//2091
f 2872//2093 2868//6276 2856//2094
f 2855//2018 2873//2020 2874//2052
f 2896//2096 2881//6277 2759//2097
f 2851//2098 2880//2107 2885//2099
f 2767//2100 2887//2108 2878//2101
f 2857//2102 2869//2102 2892//2103
f 2894//2105 2893//6278 2877//2106
f 2880//2107 2878//2101 2887//2108
f 2890//2030 2882//2029 2884//2104
f 2883//2109 2881//6277 2896//2096
f 2877//2106 2893//6278 2796//2110
f 2903//2111 2968//2194 3056//2112
f 2997//2113 2915//2114 2928//2114
f 2999//2116 3027//2184 3085//2117
f 2967//2118 3000//2157 3083//2119
f 2946//2120 2976//2166 2910//2121
f 2899//2122 2954//2200 3042//2123
f 2975//2124 3006//2176 2924//2125
f 2981//2126 2911//2125 2922//2125
f 3088//2128 2961//2195 3049//2129
f 2897//2131 2933//2148 3033//2132
f 2953//2134 2984//2167 3093//2135
f 2969//2136 2904//2137 2916//2137
f 2955//2139 2900//2121 2912//2121
f 2991//2141 3020//2185 2930//2114
f 2983//2142 3013//2177 3095//2143
f 2905//2144 2939//2150 3047//2145
f 2899//2122 2935//2122 2937//2146
f 2901//2147 2937//2146 2933//2148
f 2917//2114 2930//2114 2932//2114
f 2919//2114 2932//2114 2928//2114
f 2910//2121 2914//2121 2902//2121
f 2914//2121 2912//2121 2900//2121
f 2906//2137 2918//2137 2920//2137
f 2908//2137 2920//2137 2916//2137
f 2924//2125 2926//2125 2913//2125
f 2926//2125 2922//2125 2911//2125
f 2903//2111 2941//2111 2943//2149
f 2907//2146 2943//2149 2939//2150
f 2960//2151 2992//2156 2918//2137
f 2990//2152 2993//2153 2964//2153
f 2965//2155 2996//6279 2992//2156
f 3000//2157 2967//2118 2971//2158
f 2972//2160 2969//2136 2998//2138
f 2974//2162 2978//6280 2950//2163
f 2951//2165 2980//6281 2976//2166
f 2984//2167 2953//2134 2957//2168
f 2958//2170 2955//2139 2982//2140
f 3008//2172 3010//6282 2977//2173
f 2979//2175 3011//6283 3006//2176
f 3013//2177 2983//2142 2985//2178
f 2987//2180 2981//2126 3015//2127
f 3029//2115 3032//6284 3003//2182
f 3002//2183 3031//6285 3027//2184
f 3020//2185 2991//2141 2995//2186
f 2994//2188 2989//2234 3022//2189
f 2966//2191 3054//2232 3058//2192
f 3058//2192 3056//2112 2968//2194
f 2961//2195 2963//6286 3051//2196
f 3051//2196 2963//6286 2959//2133
f 2952//2197 3040//2235 3044//2198
f 3044//2198 3042//2123 2954//2200
f 2947//2201 2949//6286 3037//2202
f 3037//2202 2949//6286 2945//2133
f 3080//2204 2947//2201 3035//2203
f 2921//2206 2925//2215 3063//2207
f 3016//2209 3072//2223 3070//2210
f 3030//2209 3078//2223 3076//2212
f 2929//2214 3065//2229 3066//2207
f 3026//2213 3076//2212 3087//2216
f 3005//2218 3067//2221 3062//2219
f 3023//2220 3075//2227 3073//2221
f 3016//2209 3014//2228 3071//2222
f 3012//2211 3070//2210 3096//2224
f 3009//2220 3007//2231 3068//2226
f 3014//2228 2921//2206 3061//2208
f 2927//2206 2931//2215 3066//2207
f 2923//2214 3062//2219 3063//2207
f 3019//2218 3073//2221 3065//2229
f 3009//2220 3069//2227 3067//2221
f 3023//2220 3021//2233 3074//2230
f 3030//2209 3028//2228 3077//2222
f 3028//2228 2927//2206 3064//2208
f 3007//2231 3086//2217 3087//2216
f 3080//2204 3081//2205 3054//2232
f 2948//2164 3079//2119 3083//2119
f 2973//2174 3084//2117 3085//2117
f 3021//2233 3094//2225 3096//2224
f 2989//2234 3092//2143 3095//2143
f 2962//2154 3089//2135 3093//2135
f 3088//2128 3091//2130 3040//2235
f 3090//2239 3050//2254 3107//2240
f 2940//2251 3100//2261 3109//2252
f 3090//2239 3115//2241 3104//2250
f 3082//2262 3114//2267 3111//2238
f 3082//2262 3036//2268 3101//2266
f 2942//2260 3057//2242 3112//2244
f 2936//2264 3043//2256 3106//2258
f 2934//2270 3098//2265 3103//2247
f 3110//6287 3113//2272 3099//2273
f 3113//2272 3116//2272 3099//2273
f 3102//6288 3097//2274 3113//2272
f 3097//2274 3105//6288 3116//2272
f 3179//2275 3185//2275 3164//2276
f 3182//2275 3188//2275 3170//2275
f 3175//2277 3118//2301 3136//2278
f 3176//2277 3184//2277 3155//2279
f 3180//2275 3150//2275 3168//2275
f 3181//2275 3135//2304 3162//2275
f 3148//2275 3157//2275 3171//2275
f 3125//2281 3130//2290 3156//2282
f 3133//2275 3142//2275 3165//2275
f 3122//2284 3143//6289 3134//2285
f 3129//2280 3155//2279 3158//2287
f 3159//2289 3156//2282 3130//2290
f 3126//2292 3127//6290 3151//2293
f 3152//2295 3128//6291 3125//2281
f 3121//2296 3140//2307 3145//2297
f 3146//2299 3143//6289 3122//2284
f 3118//2301 3119//6292 3138//2302
f 3139//2303 3120//6293 3117//2286
f 3154//2275 3170//2275 3172//2275
f 3172//2275 3171//2275 3157//2275
f 3150//2275 3153//2275 3169//2275
f 3169//2275 3153//2275 3148//2275
f 3141//2275 3164//2276 3166//2275
f 3166//2275 3165//2275 3142//2275
f 3135//2304 3137//2275 3163//2275
f 3163//2275 3137//2275 3133//2275
f 3174//2305 3126//2292 3149//2294
f 3173//2305 3177//2305 3140//2307
f 3197//2308 3189//2326 3202//2309
f 3228//2311 3203//6294 3205//6295
f 3203//6294 3209//6296 3205//6295
f 3205//6295 3218//2312 3228//2311
f 3218//2312 3222//6297 3214//6298
f 3214//6298 3238//2310 3218//2312
f 3231//2313 3228//2311 3238//2310
f 3208//2314 3190//6299 3194//2315
f 3224//2317 3195//2317 3193//2318
f 3235//2320 3199//2320 3200//2321
f 3198//2322 3197//2308 3230//2308
f 3217//2319 3193//2318 3199//2320
f 3192//2323 3190//6299 3208//2314
f 3221//2316 3194//2315 3196//2324
f 3189//2326 3191//2327 3211//2327
f 3201//2328 3212//6300 3210//2329
f 3210//2329 3212//6300 3207//2331
f 3206//2332 3207//2331 3220//2333
f 3220//2333 3225//6301 3223//2335
f 3223//2335 3225//6301 3216//2336
f 3237//2338 3236//2343 3239//2339
f 3233//2340 3229//2342 3227//2341
f 3229//2342 3201//2328 3204//2330
f 3215//2337 3216//2336 3236//2343
f 3246//2344 3250//2344 3262//2345
f 3252//2346 3258//2346 3248//2347
f 3254//2348 3260//2348 3258//2346
f 3256//2345 3262//2345 3260//2348
f 3279//1433 3277//1433 3257//1433
f 3251//1449 3271//1449 3273//1449
f 3261//1433 3281//1433 3279//1433
f 3273//1449 3275//1449 3255//1449
f 3275//1449 3265//1449 3245//1449
f 3277//1433 3267//1433 3247//1433
f 3243//1449 3263//1449 3271//1449
f 3249//1433 3269//1433 3281//1433
f 3289//2349 3291//2349 3287//2349
f 3296//1449 3293//1449 3283//1449
f 3302//835 3299//835 3294//835
f 3285//2350 3295//2350 3301//2350
f 3288//685 3314//685 3304//685
f 3312//2351 3309//2351 3300//2351
f 3305//2352 3310//2352 3313//2352
f 3285//2350 3311//2350 3306//2350
f 3288//685 3292//685 3308//685
f 3321//2353 3323//2353 3319//2353
f 3328//1449 3325//1449 3315//1449
f 3335//2354 3332//2354 3326//2354
f 3317//685 3327//685 3333//685
f 3320//2350 3346//2350 3336//2350
f 3344//2355 3341//2355 3331//2355
f 3337//2356 3342//2356 3345//2356
f 3317//685 3343//685 3338//685
f 3320//2350 3324//2350 3340//2350
f 2655//2357 2678//2360 2649//2358
f 2678//2360 2657//2362 2628//2361
f 2657//2362 2653//6302 2624//2363
f 2624//2363 2653//6302 2661//2364
f 2632//2365 2661//2364 2671//2366
f 2671//2366 2658//2369 2630//2368
f 2658//2369 2727//6303 2724//2370
f 2724//2370 2727//6303 2731//2371
f 2726//2372 2731//2371 2729//2373
f 2722//2374 2729//2373 2662//2375
f 2634//2376 2662//2375 2664//2377
f 2636//2378 2664//2377 2674//2379
f 2674//2379 2667//2382 2638//2381
f 2667//2382 2676//6304 2647//2383
f 2647//2383 2676//6304 2680//2384
f 2651//2385 2680//2384 2668//2386
f 481//2388 478//6305 472//2389
f 2783//2391 2794//2394 2780//2392
f 2794//2394 2792//6306 2778//2395
f 2778//2395 2792//6306 2788//2396
f 2774//2397 2788//2396 2789//2398
f 2789//2398 2785//2401 2768//2400
f 2785//2401 2889//6307 2888//2402
f 2888//2402 2889//6307 2891//2403
f 2886//2404 2891//2403 2867//2405
f 2867//2405 2871//2408 2863//2407
f 2871//2408 2838//2410 2832//2409
f 2838//2410 2840//2412 2830//2411
f 2840//2412 2834//6308 2820//2413
f 2820//2413 2834//6308 2836//2414
f 2818//2415 2836//2414 2782//2416
f 3276//2418 3282//2418 3270//2419
f 3274//2420 3280//2420 3282//2418
f 3272//2421 3278//2421 3280//2420
f 3264//2422 3268//2422 3278//2421
f 2101//2423 2111//2423 2119//2424
f 2107//2425 2109//2425 2111//2423
f 2105//2426 2096//2426 2109//2425
f 2096//2426 2105//2426 2152//2427
f 2217//6309 2221//6309 2112//6309
f 2115//2448 2099//2428 2220//2429
f 2099//2428 2152//2427 2213//2429
f 2152//2427 2149//2431 2213//2429
f 2146//6310 2214//6310 2210//6310
f 2152//2427 2092//6311 2080//2430
f 2080//2430 2092//6311 2084//2432
f 2072//2433 2084//2432 2086//2434
f 2074//2435 2086//2434 2088//2436
f 2078//2438 2076//2437 2088//2436
f 2318//2440 2078//2438 2090//2439
f 2322//2441 2326//2443 2320//2442
f 2326//2443 2324//2446 2316//2444
f 2082//2445 2316//2444 2324//2446
f 2117//2447 2143//2450 2099//2428
f 2117//2447 2127//2451 2139//2449
f 2127//2451 2125//2453 2137//2452
f 2125//2453 2123//2456 2135//2454
f 2129//2455 2141//2458 2135//2454
f 2121//2457 2133//2459 2141//2458
f 2133//2459 2121//2457 2344//2460
f 2350//2461 2344//2460 2346//2462
f 2348//2463 2346//2462 2131//2464
f 4312//3105 4318//3105 4322//3106
f 4299//3108 4308//3118 4321//3109
f 4298//3111 4310//3111 4320//3111
f 4302//3112 4327//3122 4328//3113
f 4313//3113 4315//3113 4325//3113
f 4304//3114 4305//3120 4324//3115
f 4297//3117 4299//3108 4330//3110
f 4308//3118 4314//3119 4316//3119
f 4305//3120 4306//685 4323//685
f 4307//3107 4322//3106 4323//685
f 4309//3121 4319//3121 4327//3122
f 4301//3119 4311//3119 4317//3119
f 4492//3123 4460//3267 4758//3124
f 4530//3126 4521//6312 4507//3127
f 4768//3129 4575//3272 4513//3130
f 4435//3132 4449//3144 4352//3133
f 4792//3135 4534//3255 4472//3136
f 4397//3138 4392//3139 4365//3138
f 4377//3138 4386//3138 4359//3139
f 4490//3140 4480//6313 4465//3141
f 4500//3143 4452//3178 4453//3144
f 4398//3146 4416//3198 4411//3147
f 4363//3138 4390//3138 4379//3138
f 4357//3138 4384//3138 4399//3138
f 4405//3149 4408//3200 4387//3150
f 4412//3152 4404//3204 4380//3153
f 4385//3155 4409//3202 4415//3156
f 4419//3158 4555//3241 4771//3159
f 4779//3161 4760//3260 4334//3162
f 4345//3164 4791//3185 4784//3165
f 4478//3167 4788//6314 4782//3137
f 4518//3168 4799//6315 4794//3131
f 4477//3169 4492//3123 4780//3125
f 4337//3171 4767//3191 4796//3172
f 4349//3174 4358//3229 4545//3175
f 4441//3177 4453//3144 4452//3178
f 4779//3161 4341//3163 4343//3180
f 4483//3182 4496//3275 4493//3183
f 4791//3185 4345//3164 4348//3186
f 4538//3188 4535//3252 4516//3189
f 4767//3191 4337//3171 4340//3192
f 4579//3194 4577//3238 4557//3195
f 4370//3138 4375//3139 4401//3138
f 4373//3138 4399//3138 4401//3138
f 4388//3138 4362//3138 4359//3139
f 4388//3138 4384//3138 4357//3138
f 4381//3138 4354//3138 4351//3138
f 4381//3138 4377//3138 4350//3138
f 4394//3138 4367//3138 4365//3138
f 4394//3138 4390//3138 4363//3138
f 4403//3197 4418//3197 4416//3198
f 4402//3199 4400//3157 4415//3156
f 4408//3200 4410//3203 4389//3201
f 4409//3202 4385//3155 4389//3201
f 4404//3204 4407//6316 4383//3205
f 4405//3149 4378//3151 4382//3206
f 4411//3147 4414//6317 4396//3208
f 4412//3152 4391//3154 4395//3209
f 4333//3211 4335//6318 4765//3212
f 4356//3214 4585//3284 4569//3215
f 4583//3217 4581//3237 4563//3218
f 4547//3220 4573//3359 4564//3221
f 4551//3223 4567//6319 4558//3224
f 4772//3226 4773//3432 4339//3227
f 4358//3229 4361//6320 4570//3230
f 4371//3231 4543//3278 4528//3232
f 4542//3234 4539//3251 4522//3235
f 4581//3237 4583//3217 4505//3128
f 4577//3238 4579//3194 4509//3239
f 4555//3241 4561//6321 4777//3242
f 4374//3243 4527//6322 4503//3244
f 4368//3246 4364//3258 4501//3247
f 4489//3249 4500//3143 4497//3145
f 4539//3251 4542//3234 4464//3142
f 4535//3252 4538//3188 4468//3253
f 4534//3255 4792//3135 4800//3256
f 4364//3258 4352//3133 4449//3144
f 4336//3259 4334//3162 4760//3260
f 4447//3262 4457//3124 4456//3178
f 4423//3264 4551//3223 4553//3225
f 4762//3266 4758//3124 4460//3267
f 4429//3176 4434//3396 4353//3268
f 4369//3269 4486//3389 4461//3270
f 4575//3272 4768//3129 4776//3273
f 4496//3275 4456//3178 4457//3124
f 4786//3276 4344//6323 4342//3166
f 4484//3277 4474//3391 4469//3254
f 4543//3278 4371//3231 4366//3271
f 4421//3265 4446//3279 4437//3279
f 4427//3280 4547//3220 4549//3222
f 4425//3176 4440//6324 4431//3281
f 4796//3172 4797//6325 4347//3282
f 4524//3283 4515//6326 4511//3240
f 4585//3284 4356//3214 4372//3245
f 4655//3285 4711//6327 4471//3286
f 4641//3288 4664//3344 4508//3289
f 4718//3291 4720//3308 4458//3292
f 4470//3294 4710//6328 4658//3295
f 4578//3297 4616//6329 4609//3298
f 4510//3300 4666//3349 4643//3301
f 4499//3303 4677//6330 4741//3304
f 4693//3306 4710//6328 4470//3294
f 4740//3308 4680//6331 4502//3309
f 4612//3310 4614//6332 4576//3311
f 4631//3288 4660//3344 4504//3289
f 4471//3286 4711//6327 4694//3314
f 4495//3316 4687//6333 4731//3317
f 4506//3300 4662//3341 4633//3301
f 4730//3308 4690//6334 4498//3309
f 4582//3297 4606//6335 4599//3298
f 4683//3306 4706//6336 4466//3319
f 4491//3316 4697//6333 4721//3304
f 4536//3296 4658//3295 4651//3322
f 4467//3324 4707//6337 4684//3325
f 4720//3308 4700//6334 4494//3309
f 4602//3310 4604//6338 4580//3311
f 4734//3328 4752//3418 4428//3329
f 4653//3301 4655//3285 4533//3287
f 4673//3331 4702//6339 4462//3294
f 4430//3333 4754//3414 4738//3334
f 4586//3336 4596//6340 4589//3337
f 4463//3324 4703//6337 4674//3325
f 4584//3340 4594//6332 4662//3341
f 4540//3342 4648//3407 4641//3288
f 4724//3328 4748//3415 4424//3329
f 4660//3344 4596//6340 4586//3336
f 4592//3345 4594//6332 4584//3340
f 4494//3309 4700//6334 4693//3306
f 4426//3347 4750//3414 4728//3334
f 4580//3311 4604//6338 4666//3349
f 4756//3160 4761//3350 4443//3350
f 4590//3351 4587//6341 4595//3352
f 4600//3353 4597//6342 4605//3354
f 4610//3355 4607//6343 4615//3356
f 4617//3358 4588//3359 4591//3359
f 4621//3360 4598//3361 4601//3361
f 4625//3363 4608//6344 4611//3364
f 4634//3365 4630//6345 4637//3366
f 4644//3368 4640//6346 4647//3369
f 4654//3370 4650//6347 4657//3371
f 4661//3372 4659//3405 4629//3373
f 4665//3375 4663//3404 4639//3376
f 4669//3378 4667//3403 4649//3379
f 4671//3380 4679//3143 4678//3381
f 4681//3383 4689//3275 4688//3384
f 4691//3385 4699//3397 4698//3386
f 4704//3388 4701//3402 4672//3389
f 4708//3141 4705//3401 4682//3390
f 4712//3254 4709//3400 4692//3391
f 4715//3266 4722//3124 4719//3267
f 4725//3177 4732//3398 4729//3178
f 4735//3393 4742//3399 4739//3133
f 4743//3160 4713//3394 4716//3394
f 4747//3265 4723//3279 4726//3279
f 4751//3395 4733//6348 4736//3396
f 4722//3124 4698//3386 4699//3397
f 4732//3398 4688//3384 4689//3275
f 4742//3399 4678//3381 4679//3143
f 4709//3400 4712//3254 4656//3252
f 4705//3401 4708//3141 4646//3251
f 4701//3402 4704//3388 4636//3367
f 4627//3159 4743//3160 4745//3264
f 4623//3362 4747//3265 4749//3264
f 4619//3175 4751//3395 4753//3280
f 4667//3403 4669//3378 4613//3357
f 4663//3404 4665//3375 4603//3238
f 4659//3405 4661//3372 4593//3284
f 4548//3406 4620//6349 4592//3345
f 4466//3319 4706//6336 4648//3407
f 4459//3321 4721//3304 4714//3408
f 4514//3300 4670//3349 4653//3301
f 4589//3337 4618//6350 4546//3410
f 4645//3285 4707//6337 4467//3324
f 4651//3322 4668//3419 4512//3289
f 4462//3294 4702//6339 4638//3412
f 4728//3334 4730//3308 4454//3292
f 4552//3406 4624//6349 4602//3310
f 4635//3285 4703//6337 4463//3324
f 4674//3325 4677//6330 4499//3303
f 4599//3298 4622//6351 4550//3413
f 4554//3410 4626//6352 4746//3414
f 4455//3305 4731//3317 4724//3328
f 4744//3415 4628//6353 4556//3416
f 4502//3309 4680//6331 4673//3331
f 4556//3416 4628//6353 4612//3310
f 4550//3413 4622//6351 4750//3414
f 4738//3334 4740//3308 4450//3292
f 4609//3298 4626//6352 4554//3410
f 4748//3415 4624//6349 4552//3406
f 4684//3325 4687//6333 4495//3316
f 4546//3410 4618//6350 4754//3414
f 4451//3305 4741//3304 4734//3328
f 4633//3301 4635//3285 4541//3411
f 4752//3418 4620//6349 4548//3406
f 4498//3309 4690//6334 4683//3306
f 4668//3419 4616//6329 4578//3297
f 4422//3333 4746//3414 4718//3291
f 4544//3342 4638//3412 4631//3288
f 4576//3311 4614//6332 4670//3349
f 4714//3408 4744//3415 4420//3417
f 4694//3314 4697//6333 4491//3316
f 4664//3344 4606//6335 4582//3297
f 4643//3301 4645//3285 4537//3411
f 4755//3213 4765//3212 4763//3420
f 4766//3261 4760//3260 4759//3422
f 4786//3276 4784//3165 4783//3424
f 4781//3426 4779//3161 4785//3181
f 4801//3428 4797//6325 4796//3172
f 4793//3430 4791//3185 4798//3187
f 4773//3432 4772//3226 4770//3433
f 4769//3435 4767//3191 4774//3193
f 4772//3226 4755//3213 4757//3421
f 4760//3260 4779//3161 4781//3426
f 4795//3429 4796//3172 4767//3191
f 4783//3424 4784//3165 4791//3185
f 4755//3213 4772//3226 4338//3228
f 4814//3437 4825//3438 4808//3438
f 4838//3440 4831//6354 4817//3441
f 4810//3443 4826//3443 4833//3443
f 4812//3444 4832//3444 4822//3444
f 4815//3445 4823//3446 4818//3446
f 4815//3445 4816//3447 4829//3448
f 4830//3450 4837//6355 4835//3451
f 4819//3453 4824//6356 4834//3454
f 4821//3456 4814//3437 4803//3439
f 4979//3457 5037//3643 5215//3458
f 5114//3461 5110//6357 4949//6358
f 5110//6357 4937//3500 4949//6358
f 5114//3461 4949//6358 5027//3462
f 5027//3462 5029//6359 5112//3460
f 5029//6359 5025//6360 5112//3460
f 5025//6360 4969//6361 4973//6362
f 4973//6362 4965//6363 5025//6360
f 4965//6363 5112//3460 5025//6360
f 5026//3463 5031//3646 4971//3464
f 5148//3466 5160//3695 4842//3467
f 5082//3468 5107//3613 4967//3469
f 5106//3471 4935//3491 4936//3472
f 4906//3474 4872//6364 5154//3475
f 5090//3477 4877//3775 5196//3478
f 4842//3467 4844//3480 4910//3480
f 5157//3481 4851//3527 4961//3482
f 5073//3484 4946//3504 4947//3485
f 5217//3487 5188//3703 4997//3488
f 4843//3490 4945//3511 4935//3491
f 4868//3493 4866//3494 4894//3494
f 4844//3480 4840//3569 4902//3495
f 4874//3496 4872//6364 4906//3474
f 4900//3498 4869//3539 4874//3496
f 4953//3499 4949//6358 4937//3500
f 4846//3502 4850//3505 4955//3503
f 4850//3505 4848//3528 4952//3506
f 4958//3507 4964//3526 4855//3508
f 4841//3510 4941//6365 4945//3511
f 4948//3512 4953//3499 4943//3501
f 5074//3514 4958//3507 4853//3509
f 4922//3516 4880//3516 4878//3517
f 4924//3519 4882//6366 4886//3520
f 4934//3520 4886//3520 4883//3521
f 4972//3523 4858//3657 4862//3524
f 4964//3526 4961//3482 4851//3527
f 4976//3525 4862//3524 4860//3470
f 4848//3528 5002//3654 5034//3529
f 4928//3530 4854//3572 4856//3480
f 4887//3531 4864//6367 4868//3493
f 4915//3532 4859//3575 4861//3480
f 4889//3533 4895//3480 4849//3480
f 4926//3535 4932//3480 4856//3480
f 4912//3537 4876//3537 4880//3516
f 4919//3480 4861//3480 4857//3480
f 4895//3480 4891//3480 4847//3480
f 5100//3538 5088//3538 4869//3539
f 5232//3540 5125//3701 5121//3541
f 5223//3543 5226//3679 5119//3544
f 5050//3546 4864//6367 4887//3531
f 4914//3547 5016//3649 5019//3548
f 4852//3536 5158//3550 5146//3550
f 4896//3551 4890//3636 4888//3552
f 4892//3554 4896//3551 4897//3553
f 4903//3556 4909//3559 4907//3557
f 4909//3559 4901//3634 4899//3560
f 4921//3561 4920//3563 4914//3547
f 4918//3562 4916//3622 4920//3563
f 4931//3564 4925//3628 4923//3565
f 4929//3567 4927//3619 4931//3564
f 5097//3568 4902//3495 4840//3569
f 5062//3571 5044//3571 4854//3572
f 5064//3573 4889//3533 4845//3534
f 5095//3574 5083//3574 4859//3575
f 5015//3480 4913//3480 4857//3480
f 4948//3512 4939//3513 5068//6368
f 4939//3513 5136//3578 5072//3577
f 5068//6368 4939//3513 5072//3577
f 5136//3578 5138//6369 5070//3576
f 5138//6369 5134//6370 5070//3576
f 5134//6370 4960//6371 4957//6372
f 4960//6371 4963//6373 4957//6372
f 4957//6372 5070//3576 5134//6370
f 4935//3491 4944//3580 4942//3579
f 4944//3580 4940//3686 4938//3581
f 4946//3504 4955//3503 4954//3582
f 4955//3503 4951//6374 4950//3583
f 4974//3584 4975//3587 4968//3585
f 4970//3465 4971//3464 4975//3587
f 4964//3526 4958//3507 4956//3588
f 4961//3482 4964//3526 4962//3589
f 4950//3583 4951//6374 5033//3591
f 5128//3593 4941//6365 4841//3510
f 5213//3595 5041//3644 5039//3596
f 5192//3598 4978//3669 4981//3599
f 4989//3601 4993//3604 5199//3602
f 5193//3600 4981//3599 4979//3457
f 4993//3604 4991//3785 5195//3605
f 4987//3606 4985//3617 5204//3607
f 5206//3609 4995//3702 4999//3610
f 5210//3612 4983//3681 4987//3606
f 4966//3586 4968//3585 5107//3613
f 4956//3588 4958//3507 5074//3514
f 5234//3616 5204//3607 4985//3617
f 4927//3619 4929//3567 5058//3620
f 4916//3622 4918//3562 5103//3623
f 5102//3625 4917//3518 4878//3517
f 4930//3522 4883//3521 5051//3626
f 5141//3627 4923//3565 4925//3628
f 5218//3630 5220//3666 5054//3631
f 5101//3633 4899//3560 4901//3634
f 4890//3636 5063//6375 5056//3637
f 4892//3554 4893//3555 5021//3638
f 5020//3640 5010//3652 4876//3537
f 5013//3480 5001//3480 4847//3480
f 4894//3494 4866//3494 5008//3641
f 5213//3595 5215//3458 5037//3643
f 5211//3597 5039//3596 4989//3601
f 5030//3645 5035//3647 5031//3646
f 5028//3592 5033//3591 5035//3647
f 5018//3648 5023//3650 5019//3548
f 5018//3648 5014//3639 5021//3638
f 5013//3480 5017//3480 5005//3480
f 5015//3480 5003//3480 5005//3480
f 5024//3651 5012//3651 5010//3652
f 5022//3642 5008//3641 5012//3651
f 5006//3653 5036//3656 5034//3529
f 5004//3655 5032//3658 5036//3656
f 4858//3657 4972//3523 5032//3658
f 5058//3620 5060//3660 5065//3659
f 5056//3637 5063//6375 5065//3659
f 5053//3661 5059//3661 5057//3626
f 5053//3661 5050//3546 5055//3546
f 5062//3571 5066//3662 5048//3662
f 5064//3573 5046//3573 5048//3662
f 5071//3663 5075//3664 5073//3484
f 5071//3663 5069//3615 5074//3514
f 5047//3665 5075//3664 5074//3514
f 5047//3665 5045//3670 5073//3484
f 5220//3666 5221//6376 5049//3667
f 5222//3668 5079//3760 4978//3669
f 5045//3670 4846//3502 4946//3504
f 5098//3671 5105//3672 5101//3633
f 5098//3671 5094//3624 5103//3623
f 5100//3538 5104//3674 5092//3673
f 5104//3674 5102//3625 5091//3625
f 5087//3662 5099//3662 5097//3568
f 5087//3662 5083//3574 5095//3574
f 5108//3675 5113//3676 5111//3614
f 5106//3471 5109//3473 5113//3676
f 5108//3675 5086//3678 5084//3677
f 5107//3613 5082//3468 5086//3678
f 5226//3679 5228//3784 5118//3680
f 5223//3543 5115//3545 4983//3681
f 4839//3492 4935//3491 5106//3471
f 5129//3682 4961//3482 4959//3590
f 4903//3556 4905//3558 5139//3684
f 4940//3686 5127//3700 5135//3687
f 5152//3688 4882//6366 4924//3519
f 5159//3594 5161//3691 5132//3690
f 5161//3691 5157//3481 5130//3483
f 5142//3689 5144//3693 5156//3692
f 5140//3476 5154//3475 5156//3692
f 5148//3466 5150//3694 5162//3694
f 5146//3550 5158//3550 5162//3694
f 5149//3696 5143//3697 5141//3627
f 5149//3696 5147//3685 5139//3684
f 5133//3683 5137//3699 5131//3698
f 5137//3699 5135//3687 5127//3700
f 5234//3616 5123//3618 5125//3701
f 5230//3542 5121//3541 4995//3702
f 4999//3610 4997//3488 5188//3703
f 5176//3704 5169//3743 4990//3705
f 5171//3707 5170//6377 4992//3708
f 5081//3710 5180//3710 5179//3711
f 5183//3712 5181//3732 5116//3713
f 5164//3714 5175//3734 5038//3715
f 4986//3717 5167//3740 5185//3718
f 4996//3719 5172//3725 5174//3720
f 5078//3711 5179//3711 5163//3722
f 5117//3723 5182//3738 5183//3712
f 5122//3724 5184//3736 5172//3725
f 5000//3721 5174//3720 5173//3726
f 5177//3728 5176//3704 5040//3706
f 5173//3726 5178//3730 5077//3730
f 5163//3722 5165//3737 4982//3731
f 5181//3732 5166//6378 4984//3733
f 5175//3734 5177//3728 5042//3729
f 5126//3735 5186//3741 5184//3736
f 5165//3737 5164//3714 4980//3716
f 4992//3708 5170//6377 5182//3738
f 4988//3739 5168//3742 5167//3740
f 5124//3718 5185//3718 5186//3741
f 4984//3733 5166//6378 5168//3742
f 5169//3743 5171//3707 4994//3709
f 5178//3730 5180//3710 5081//3710
f 5207//3744 5187//3783 4884//3745
f 5151//3747 5229//3782 5205//3748
f 5153//3750 5233//3770 5231//3751
f 5089//3753 5224//3781 5209//3754
f 5090//3477 5227//3479 5225//3756
f 5049//3667 5221//6376 5191//3758
f 5079//3760 5222//3668 5219//3761
f 5009//3763 5212//3780 5198//3764
f 5011//3766 5007//3787 5216//3767
f 5080//3762 5219//3761 5217//3487
f 5153//3750 4871//3773 5203//3769
f 4870//3755 5209//3754 5201//3771
f 4881//3749 5205//3748 5207//3744
f 4873//3772 5201//3771 5203//3769
f 5200//3774 5196//3478 4877//3775
f 5194//3777 5190//3786 4865//3778
f 4875//3765 5198//3764 5200//3774
f 4863//3759 5191//3758 5194//3777
f 5011//3766 5214//3768 5212//3780
f 5093//3757 5225//3756 5224//3781
f 5155//3752 5231//3751 5229//3782
f 5052//3632 4884//3745 5187//3783
f 5228//3784 5195//3605 4991//3785
f 5190//3786 5216//3767 5007//3787
f 908//681 928//803 5391//3788
f 5265//3790 5237//3790 5241//3791
f 5263//2350 5260//2350 5238//2350
f 5268//3792 5241//3791 5243//3793
f 5365//3795 5336//3919 5258//3796
f 5597//3798 5650//6379 5637//3799
f 5276//3801 5244//3806 5245//3802
f 5279//3803 5245//3802 5246//3804
f 5272//3794 5243//3793 5244//3806
f 5600//3807 5661//6380 5617//3808
f 5311//3810 5314//4177 5297//3811
f 5285//3813 5240//3836 5236//3814
f 5316//3816 5317//3900 5385//3817
f 5308//3819 5311//3810 5294//3812
f 5593//3821 5641//3934 5612//3822
f 5318//3824 5303//3906 5284//3825
f 5591//3827 5623//6381 5632//3828
f 5245//3802 5292//3835 5295//3830
f 5242//3831 5286//3837 5289//3832
f 5305//3833 5308//3819 5291//3820
f 5244//3806 5289//3832 5292//3835
f 5240//3836 5285//3813 5286//3837
f 5601//3838 5606//4175 5677//3839
f 5253//3841 5255//6382 5315//3842
f 5316//3816 5257//3861 5247//3844
f 5251//3846 5253//3841 5312//3843
f 5249//3848 5251//3846 5309//3847
f 5359//3850 5334//3915 5368//3851
f 5321//3858 5323//3907 5250//3859
f 5257//3861 5316//3816 5380//3818
f 5301//3845 5247//3844 5249//3848
f 5386//3863 5318//3824 5299//3826
f 5300//3815 5236//3814 5392//3864
f 5372//3866 993//761 994//760
f 5260//2350 5263//2350 5261//2350
f 5262//3868 5264//6383 5267//3869
f 5266//3870 5267//3869 5271//3871
f 5270//3872 5271//3871 5275//3873
f 5274//3874 5275//3873 5278//3875
f 5277//3876 5278//3875 5281//3877
f 5663//6384 5626//6384 5619//6384
f 5609//3879 5638//6385 5633//6386
f 5662//4200 5618//6387 5667//4201
f 5618//6387 5609//3879 5667//4201
f 5670//3881 5667//4201 5609//3879
f 5651//6388 5674//4203 5670//3881
f 5613//3880 5655//6389 5670//3881
f 5655//6389 5651//6388 5670//3881
f 5646//6390 5642//6391 5613//3880
f 5609//3879 5633//6386 5613//3880
f 5633//6386 5646//6390 5613//3880
f 991//777 992//6162 5371//3882
f 5285//3813 5283//3890 5287//3884
f 5286//3837 5287//3884 5290//3885
f 5289//3832 5290//3885 5293//3886
f 5292//3835 5293//3886 5296//3887
f 5599//3888 5601//3838 5654//3840
f 5283//3890 5285//3813 5300//3815
f 5301//3845 5306//3849 5304//3892
f 5306//3849 5309//3847 5307//3894
f 5309//3847 5312//3843 5310//3895
f 5312//3843 5315//3842 5313//3896
f 5598//3897 5645//3926 5649//3898
f 5301//3845 5302//3893 5317//3900
f 5362//3901 1016//797 1017//796
f 5390//3903 929//798 1015//798
f 5400//3904 1044//6165 1046//800
f 928//803 991//777 5377//3883
f 5303//3906 5305//3833 5288//3834
f 5323//3907 5326//3912 5252//3908
f 5669//3909 5673//6392 5608//3910
f 5326//3912 5329//3916 5254//3913
f 5359//3850 5358//3854 5319//3914
f 5329//3916 5332//6393 5256//3917
f 5298//3891 5300//3815 5378//3865
f 5336//3919 5321//3858 5248//3860
f 5320//3920 5319//3914 5324//3853
f 5324//3853 5327//3855 5325//3922
f 5327//3855 5330//3856 5328//3923
f 5330//3856 5333//3857 5331//3924
f 5598//3897 5587//4179 5616//3925
f 5319//3914 5320//3920 5335//3927
f 5383//3928 995//828 996//827
f 5369//3902 1017//796 1045//830
f 5277//3876 5280//3878 5353//3931
f 5594//3933 5636//6394 5641//3934
f 5273//3932 5353//3931 5266//3870
f 5361//3935 5360//3954 5402//3936
f 5236//3814 5239//6395 5394//3938
f 5361//3935 5339//3940 5354//3939
f 5339//3940 5342//6396 5349//3941
f 5266//3870 5353//3931 5347//3942
f 5602//3911 5604//4176 5666//3943
f 5259//2350 5261//2350 5346//2350
f 5337//3944 5345//6397 5343//3945
f 5341//3947 5344//6398 5351//3948
f 5608//3910 5356//6399 5350//3950
f 5407//3951 5339//3940 5361//3935
f 5398//3905 1046//800 1018//855
f 5355//3953 5357//4174 5360//3954
f 5381//3929 996//827 930//860
f 5381//3929 5382//3957 5387//3956
f 5382//3957 5380//3818 5385//3817
f 5374//3863 5376//3958 5388//3958
f 5376//3958 5372//3866 5384//3867
f 5367//3960 5362//3901 5369//3902
f 5380//3818 5382//3957 5768//3962
f 5382//3957 5381//3929 5389//3955
f 5375//3963 5379//3964 5377//3883
f 5373//3918 5378//3865 5379//3964
f 5393//3965 5379//3964 5378//3865
f 5391//3788 5377//3883 5379//3964
f 5771//3966 5764//6400 5777//3967
f 5767//3969 5390//3903 5363//3903
f 5396//3971 5393//3965 5392//3864
f 5395//3789 5391//3788 5393//3965
f 5398//3905 5399//3975 5404//3972
f 5364//3973 5769//4265 5775//3974
f 5399//3975 5398//3905 5406//3952
f 5776//3968 5777//3967 5782//3977
f 5370//3961 5369//3902 5401//3930
f 5334//3915 5335//3927 5364//3973
f 5430//3980 5537//4137 5528//3981
f 5438//3983 5441//3985 5414//3984
f 5436//2350 5408//2350 5411//2350
f 5441//3985 5445//3996 5416//3986
f 1184//896 1183//6172 5520//3987
f 5702//3988 5715//6401 5756//3989
f 5449//3991 5452//3994 5418//3992
f 5452//3994 5455//6402 5419//3995
f 5445//3996 5449//3991 5417//3993
f 5686//3997 5724//6403 5747//3998
f 5470//4000 5487//4250 5484//4001
f 5409//4003 5413//4026 5458//4004
f 1181//915 5525//4125 5519//4006
f 5467//4002 5484//4001 5481//4008
f 5681//4010 5706//4129 5743//4011
f 5457//4013 5476//4105 5491//4014
f 5741//4016 5750//4248 5697//4017
f 5418//3992 5419//3995 5468//4019
f 5415//4021 5417//3993 5462//4022
f 5464//4009 5481//4008 5478//4024
f 5417//3993 5418//3992 5465//4020
f 5413//4026 5415//4021 5459//4023
f 5757//4027 5719//4087 5739//4028
f 5485//4030 5488//4092 5428//4031
f 5489//3982 5474//4057 5420//4033
f 5507//4034 5516//4052 5512//4035
f 5485//4030 5426//4032 5424//4037
f 5482//4038 5424//4037 5422//4039
f 5584//4041 5574//4058 5580//4042
f 5423//4049 5496//4107 5494//4050
f 5516//4052 5507//4034 5572//4053
f 1120//966 1186//1026 5529//4055
f 5474//4057 5479//4040 5422//4039
f 5584//4041 1247//6177 1275//968
f 5573//4059 5551//4147 5583//4060
f 5543//4062 1118//974 1098//973
f 5517//4064 5576//4149 1274//975
f 5409//4003 5544//4098 5546//4065
f 5434//2350 5436//2350 5433//2350
f 5435//4067 5439//4070 5440//4068
f 5439//4070 5443//4072 5444//4071
f 5443//4072 5447//4074 5448//4073
f 5447//4074 5450//4076 5451//4075
f 5450//4076 5453//4241 5454//4077
f 5687//6404 5692//6405 5725//4236
f 5725//4236 5729//4231 5687//6404
f 5729//4231 5732//4078 5678//4079
f 5732//4078 5736//4238 5720//6406
f 5736//4238 5716//6407 5720//6406
f 5720//6406 5682//4079 5732//4078
f 5682//4079 5707//6408 5711//6407
f 5711//6407 5698//6409 5682//4079
f 5698//6409 5703//6410 5678//4079
f 5678//4079 5687//6404 5729//4231
f 5698//6409 5678//4079 5682//4079
f 5533//4080 5490//4096 5489//3982
f 5458//4004 5459//4023 5460//4081
f 5459//4023 5462//4022 5463//4083
f 5462//4022 5465//4020 5466//4084
f 5465//4020 5468//4019 5469//4085
f 5746//4086 5723//6411 5719//4087
f 5456//4082 5471//4103 5473//4005
f 5477//4088 5479//4040 5474//4057
f 5480//4090 5482//4038 5479//4040
f 5483//4091 5485//4030 5482//4038
f 5483//4091 5486//4247 5488//4092
f 5748//4093 5755//6412 5714//4094
f 5474//4057 5489//3982 5490//4096
f 5534//4097 5522//4097 5472//4015
f 5473//4005 5526//4102 5544//4098
f 5513//4099 5538//4143 5431//4100
f 5526//4102 5473//4005 5471//4103
f 5461//4025 5478//4024 5476//4105
f 5425//4106 5499//4112 5496//4107
f 5760//4108 5562//4243 5568//4109
f 5427//4111 5502//4115 5499//4112
f 5492//4113 5570//4046 5572//4053
f 5429//4114 5505//4249 5502//4115
f 5531//4116 5529//4055 1186//1026
f 5421//4051 5494//4050 5509//4101
f 5493//4117 5495//4119 5497//4044
f 5498//4118 5500//4045 5497//4044
f 5501//4120 5503//4047 5500//4045
f 5504//4121 5506//4048 5503//4047
f 5748//4093 5710//4095 5685//4122
f 5492//4113 5507//4034 5508//4036
f 1207//977 1206//6189 5510//4124
f 5525//4125 1181//915 1118//974
f 5565//4126 5453//4241 5450//4076
f 5753//4128 5743//4011 5706//4129
f 5439//4070 5565//4126 5446//4127
f 5533//4080 5528//3981 5530//4131
f 5535//4132 5530//4131 5529//4055
f 5532//3987 5520//3987 5524//4133
f 5536//4133 5524//4133 5522//4097
f 5517//4064 5510//4124 5514//4134
f 5518//4135 5514//4134 5512//4035
f 5585//4043 5580//4042 5579//4061
f 5578//4054 5582//6413 5518//4135
f 5539//4056 5529//4055 5530//4131
f 5541//4136 5530//4131 5528//3981
f 5521//4104 5523//4139 5527//4138
f 5523//4139 5519//4006 5525//4125
f 5543//4062 5545//4140 5527//4138
f 5545//4140 5544//4098 5526//4102
f 5511//4141 5540//4145 5542//4142
f 5515//4142 5542//4142 5538//4143
f 5547//4063 5548//4144 5545//4140
f 5548//4144 5546//4065 5544//4098
f 1205//1061 1119//1061 5540//4145
f 5554//6414 5551//4147 5561//4146
f 5551//4147 5573//4059 5566//4148
f 5518//4135 5582//6413 5576//4149
f 5439//4070 5435//4067 5559//4150
f 5760//4108 5731//4245 5728//4151
f 5558//2350 5434//2350 5432//2350
f 5555//4153 5557//6415 5549//4154
f 5553//4156 5560//6416 5563//4157
f 5758//4159 5738//6417 5734//4160
f 5580//4042 5581//4163 5577//4162
f 5574//4058 5575//4165 5581//4163
f 5573//4059 5579//4061 5577//4162
f 1275//968 1273//6195 5575//4165
f 5567//4166 5573//4059 5571//4164
f 5589//4168 5629//6418 5664//4169
f 5280//3878 5281//3877 5591//3827
f 5605//4171 5607//6419 5672//4172
f 5355//3953 5607//6419 5605//4171
f 5333//3857 5358//3854 5606//4175
f 5280//3878 5589//4168 5603//4170
f 5256//3917 5332//6393 5600//3807
f 5350//3950 5352//6420 5604//4176
f 5314//4177 5597//3798 5595//3800
f 5313//3896 5315//3842 5598//3897
f 5246//3804 5586//3823 5592//4178
f 5333//3857 5601//3838 5599//3888
f 5315//3842 5255//6382 5587//4179
f 5295//3830 5593//3821 5586//3823
f 5296//3887 5594//3933 5593//3821
f 5627//6421 5631//6421 5621//6421
f 5620//4182 5622//4181 5611//4183
f 5639//4185 5640//4192 5635//4186
f 5647//4188 5648//4191 5644//4189
f 5634//4187 5635//4186 5648//4191
f 5610//4184 5611//4183 5640//4192
f 5643//4190 5644//4189 5615//4193
f 5658//4195 5653//4207 5652//4196
f 5615//4193 5659//6422 5657//4198
f 5668//4199 5665//6423 5662//4200
f 5675//4202 5671//4204 5670//3881
f 5671//4204 5668//4199 5667//4201
f 5662//4200 5665//6423 5630//4205
f 5674//4203 5652//4196 5653//4207
f 5586//3823 5612//3822 5624//4208
f 5749//4209 5751//4242 5726//4210
f 5693//4212 5688//4215 5689//4213
f 5688//4215 5679//4224 5680//4216
f 5704//4217 5699//4223 5700//4218
f 5712//4220 5708//4225 5709//4221
f 5699//4223 5712//4220 5713//4222
f 5679//4224 5704//4217 5705//4219
f 5708//4225 5683//6424 5684//4226
f 5722//4227 5721//4230 5717//4228
f 5684//4226 5683//6424 5721//4230
f 5729//4231 5725//4236 5727//4232
f 5737//4234 5736//4238 5732//4078
f 5733//4235 5732//4078 5729//4231
f 5725//4236 5692//6405 5694//4237
f 5736//4238 5737//4234 5718//4229
f 5740//4012 5742//4240 5691//4239
f 5419//3995 5455//6402 5742//4240
f 5453//4241 5565//4126 5751//4242
f 5758//4159 5761//4161 5567//4166
f 5562//4243 5760//4108 5752//4152
f 5469//4085 5468//4019 5743//4011
f 5488//4092 5748//4093 5744//4123
f 5731//4245 5760//4108 5762//4110
f 5486//4247 5755//6412 5748//4093
f 5506//4048 5504//4121 5746//4086
f 5506//4048 5757//4027 5759//4029
f 5454//4077 5453//4241 5750//4248
f 5740//4012 5743//4011 5468//4019
f 5429//4114 5745//3999 5747//3998
f 5754//3990 5756//3989 5487//4250
f 5778//4251 5766//4266 5367//3960
f 5785//3976 5407//3951 5786//4252
f 5780//4254 5778//4251 5370//3961
f 5763//4255 5772//4264 5774//3797
f 5399//3975 5783//4261 5779//4256
f 5368//3851 5775//3974 5791//4258
f 5784//4253 5786//4252 5788//4259
f 5790//4262 5787//3959 5397//3937
f 5769//4265 5771//3966 5776//3968
f 5777//3967 5764//6400 5766//4266
f 5781//4260 5779//4256 5783//4261
f 5788//4259 5786//4252 5787//3959
f 5775//3974 5776//3968 5789//3978
f 5782//3977 5777//3967 5778//4251
f 5901//4267 5918//4302 5828//4268
f 5880//4270 5883//4355 5850//4271
f 5930//4273 5835//6425 5826//4274
f 5810//4276 5814//6426 5906//4277
f 5889//4279 5821//4297 5819//4280
f 5915//4282 5902//4313 5797//4283
f 5901//4267 5812//4269 5810//4276
f 5913//4275 5826//4274 5824//4285
f 5819//4280 5816//6427 5894//4287
f 5796//4288 5904//4303 5890//4289
f 5928//4291 5914//4310 5801//4292
f 5925//4294 5833//4375 5831//4295
f 5831//4295 5835//6425 5930//4273
f 5906//4277 5814//6426 5821//4297
f 5793//4290 5890//4289 5898//4298
f 5919//4299 5915//4282 5800//4284
f 5932//4301 5928//4291 5804//4293
f 5824//4285 5828//4268 5918//4302
f 5904//4303 5796//4288 5799//4304
f 5792//4305 5891//4309 5926//4306
f 5794//4308 5897//4308 5891//4309
f 5914//4310 5920//4311 5803//4311
f 5931//4312 5806//4312 5805//4307
f 5902//4313 5907//4314 5798//4314
f 5832//4315 5882//4320 5875//4316
f 5837//4317 5845//4340 5813//4318
f 5815//4319 5849//4336 5882//4320
f 5848//4321 5840//6428 5842//4322
f 5842//4322 5874//6429 5868//4323
f 5874//6429 5866//6430 5868//4323
f 5868//4323 5887//6431 5848//4321
f 5887//6431 5879//6432 5881//6433
f 5881//6433 5852//6434 5859//6435
f 5852//6434 5854//6436 5859//6435
f 5859//6435 5848//4321 5887//6431
f 5881//6433 5859//6435 5887//6431
f 5924//4324 5927//4373 5892//4325
f 5825//4327 5869//4332 5863//4328
f 5862//4329 5871//4359 5827//4330
f 5834//4331 5884//4334 5869//4332
f 5830//4333 5876//4333 5884//4334
f 5817//4335 5855//4335 5849//4336
f 5860//4337 5856//4338 5818//4338
f 5845//4340 5860//4337 5820//4339
f 5839//4341 5838//6437 5844//4342
f 5846//4344 5838//6437 5839//4341
f 5850//4271 5857//6438 5853//4346
f 5853//4346 5857//6438 5861//4347
f 5865//4349 5864//6439 5870//4350
f 5872//4352 5864//6439 5865//4349
f 5878//4354 5877//6440 5883//4355
f 5885//4356 5877//6440 5878//4354
f 5861//4347 5846//4344 5847//4345
f 5844//4342 5872//4352 5873//4353
f 5867//4351 5870//4350 5885//4356
f 5811//4358 5827//4330 5871//4359
f 5843//4360 5836//4361 5808//4361
f 5910//4362 5909//6441 5903//4363
f 5904//4303 5909//6441 5910//4362
f 5892//4325 5899//6442 5895//4366
f 5895//4366 5899//6442 5890//4289
f 5922//4368 5921//6443 5914//4310
f 5916//4370 5921//6443 5922//4368
f 5934//4372 5933//6444 5927//4373
f 5928//4291 5933//6444 5934//4372
f 5888//4367 5890//4289 5904//4303
f 5903//4363 5916//4370 5917//4371
f 5914//4310 5928//4291 5929//4374
f 5894//4287 5816//6427 5833//4375
f 5941//4376 6070//4472 6078//4377
f 5979//4378 5972//6445 6045//4379
f 6047//4381 6058//4416 5949//4382
f 5940//4384 6071//4388 6034//4385
f 5942//4387 6077//4387 6071//4388
f 6045//4379 5972//6445 5970//4389
f 5953//4391 5965//6446 6069//4392
f 5948//4394 5951//4395 6066//4395
f 5963//4397 5960//6447 6074//4398
f 6069//4392 5965//6446 5963//4397
f 5970//4389 5967//6448 6050//4400
f 5944//4383 5946//4401 6053//4401
f 5975//4402 5979//4378 6038//4380
f 5936//4404 6036//4409 6046//4405
f 6033//4407 5977//4408 5975//4402
f 6074//4398 5960//6447 5977//4408
f 6036//4409 5936//4404 5939//4410
f 6050//4400 5967//6448 5958//4411
f 6060//4396 6070//4472 5941//4376
f 6057//4412 5958//4411 5956//4413
f 5950//4415 5949//4382 6058//4416
f 5947//4417 5945//4406 6046//4405
f 6039//4419 5938//4419 5937//4386
f 5956//4413 5953//4391 6062//4393
f 5957//4420 5991//4358 5986//4361
f 5952//4421 5980//4428 6004//4422
f 6017//4424 6013//4425 5969//4425
f 5955//4427 5987//4427 5980//4428
f 5999//4429 5993//4435 5959//4430
f 6003//6449 5983//4431 6016//4433
f 5983//4431 5985//6450 5990//6451
f 6009//4432 5983//4431 5990//6451
f 6009//4432 6011//6452 6016//4433
f 6016//4433 6031//6453 6003//6449
f 6031//6453 6023//6454 6025//6455
f 6003//6449 6031//6453 5996//6456
f 6025//6455 5996//6456 6031//6453
f 5996//6456 5998//6457 6003//6449
f 5976//4434 5959//4430 5993//4435
f 5966//4437 6006//4439 5991//4358
f 5968//4438 6012//4438 6006//4439
f 6028//4440 6017//4424 5971//4426
f 6020//4442 6028//4440 5978//4441
f 6026//4436 6019//4443 5973//4443
f 5964//4423 6004//4422 6000//4444
f 6027//4445 5994//4453 5995//4446
f 5981//4448 5988//6458 5984//4449
f 5984//4449 5988//6458 5992//4451
f 5994//4453 6001//6459 5997//4454
f 5997//4454 6001//6459 6005//4455
f 6007//4457 6014//6460 6010//4458
f 6010//4458 6014//6460 6018//4460
f 6022//4462 6021//6461 6027//4445
f 6029//4463 6021//6461 6022//4462
f 5989//4452 5992//4451 6007//4457
f 6018//4460 6029//4463 6030//4464
f 6002//4456 6005//4455 5981//4448
f 6060//4396 6067//6462 6063//4465
f 6063//4465 6067//6462 6059//4467
f 6072//4469 6079//6463 6075//4470
f 6075//4470 6079//6463 6070//4472
f 6048//4474 6055//6464 6051//4475
f 6051//4475 6055//6464 6046//4405
f 6042//4478 6041//6465 6035//4479
f 6036//4409 6041//6465 6042//4478
f 6032//4480 6035//4479 6072//4469
f 6059//4467 6048//4474 6049//4476
f 6044//4477 6046//4405 6036//4409
f 6070//4472 6060//4396 6061//4466
f 6108//4482 6112//4483 6083//4483
f 6155//4484 6095//4484 6093//4484
f 6171//4485 6100//4493 6101//4486
f 6136//4487 6090//4487 6091//4488
f 6178//4490 6102//4490 6103//4491
f 6144//1433 6092//1433 6100//4493
f 6133//4494 6088//4547 6089//4495
f 6176//6466 6181//4498 6174//4497
f 6181//4498 6161//6467 6153//6468
f 6150//4496 6181//4498 6153//6468
f 6161//6467 6163//6469 6168//6470
f 6168//6470 6153//6468 6161//6467
f 6128//4500 6119//6471 6126//6472
f 6126//6472 6117//6473 6128//4500
f 6117//6473 6106//4501 6128//4500
f 6106//4501 6132//6474 6143//4499
f 6132//6474 6139//6475 6143//4499
f 6097//4502 6099//4512 6169//4503
f 6123//4504 6120//4505 6084//4505
f 6096//4507 6098//4508 6165//4508
f 6111//1449 6123//4504 6086//4506
f 6121//4510 6129//4513 6087//4511
f 6099//4512 6094//1449 6154//1449
f 6103//4491 6096//4507 6158//4509
f 6140//4489 6091//4488 6087//4511
f 6124//4514 6125//4528 6118//4515
f 6130//4517 6122//4516 6118//4515
f 6134//4519 6137//4523 6138//4520
f 6141//4522 6142//4524 6138//4520
f 6130//4517 6127//4518 6142//4524
f 6134//4519 6131//4521 6104//4525
f 6124//4514 6113//6476 6115//4527
f 6105//4529 6116//4530 6114//4530
f 6159//4532 6166//6477 6162//4533
f 6162//4533 6166//6477 6170//4535
f 6172//4537 6179//6478 6175//4538
f 6175//4538 6179//6478 6183//4540
f 6148//4542 6146//4542 6172//4537
f 6183//4540 6159//4532 6160//4534
f 6170//4535 6156//6479 6151//4543
f 6147//4544 6149//6480 6152//4545
f 6107//1433 6080//1433 6088//4547
f 6187//4548 6199//4548 6205//4548
f 6196//4549 6200//6481 6188//4550
f 6283//4552 6292//4558 6288//4553
f 6315//4556 6309//6482 6268//4557
f 6268//4557 6260//4595 6289//4555
f 6260//4595 6285//4583 6289//4555
f 6294//4558 6189//4569 6195//4559
f 6192//4561 6204//4561 6198//4562
f 6206//4563 6202//6483 6190//4564
f 6317//4560 6301//4568 6307//4566
f 6300//4568 6191//4569 6185//4569
f 6265//4570 6266//4570 6311//4567
f 6185//4569 6189//4569 6293//4572
f 6195//4569 6191//4569 6302//4568
f 6262//4573 6257//4573 6276//4554
f 6213//4574 6210//4574 6211//4574
f 6208//4575 6212//4575 6214//4576
f 6221//4577 6218//4577 6219//4574
f 6216//4576 6220//4576 6222//4578
f 6229//4577 6226//4577 6227//4574
f 6224//4578 6228//4576 6230//4579
f 6237//4574 6234//4574 6235//4574
f 6232//4578 6236//4578 6238//4576
f 6245//4574 6242//4574 6243//4574
f 6240//4576 6244//4576 6246//4576
f 6253//4574 6250//4574 6251//4574
f 6248//4576 6252//4576 6254//4576
f 6273//4580 6272//6484 6279//4581
f 6285//4583 6287//4596 6291//4584
f 6299//4585 6295//4599 6303//4586
f 6314//4588 6310//6485 6316//4589
f 6259//4591 6271//6484 6274//4580
f 6306//4587 6304//4586 6263//4593
f 6260//4595 6261//6486 6286//4596
f 6269//4597 6310//6485 6313//4588
f 6280//4582 6278//4581 6296//4599
f 6320//4590 6316//4589 6289//4555
f 6277//4600 6270//6487 6258//6488
f 6258//6488 6263//4593 6277//4600
f 6263//4593 6304//4586 6297//4599
f 6203//4569 6207//4569 6201//4569
f 6631//4601 6542//4602 6545//4602
f 6540//4604 6524//4772 6369//4605
f 6530//4607 6526//4610 6373//4608
f 6526//4610 6534//4770 6375//4611
f 6533//4612 6326//4652 6324//4613
f 6620//4615 6607//4783 6327//4616
f 6496//4618 6488//4618 6476//4619
f 6478//4619 6340//4619 6338//4620
f 6484//4619 6476//4619 6464//4620
f 6458//4621 6336//4646 6368//4622
f 6579//4624 6411//4624 6414//4625
f 6566//4626 6426//4633 6418//4627
f 6557//4629 6565//4691 6356//4630
f 6560//4632 6420//4635 6426//4633
f 6562//4634 6422//4697 6420//4635
f 6554//4636 6572//4625 6414//4625
f 6652//4638 6653//4795 6552//4639
f 6547//4641 6540//4604 6377//4606
f 6550//4628 6418//4627 6641//4642
f 6452//4644 6460//4644 6599//4645
f 6466//4620 6338//4620 6336//4646
f 6490//4618 6334//4618 6340//4619
f 6344//4619 6482//4619 6470//4620
f 6346//4620 6470//4620 6454//4647
f 6472//4620 6464//4620 6460//4644
f 6342//4618 6494//4618 6482//4619
f 6355//4648 6435//4702 6437//4649
f 6523//4651 6322//4669 6326//4652
f 6575//4653 6576//4653 6655//4654
f 6537//4656 6529//4614 6324//4613
f 6357//4658 6349//4799 6431//4659
f 6363//4661 6396//4661 6394//4661
f 6353//4662 6357//4658 6439//4660
f 6339//4664 6333//4664 6400//4664
f 6351//4650 6437//4649 6441//4665
f 6335//4667 6337//4667 6404//4667
f 6539//4668 6330//4670 6322//4669
f 6337//4667 6339//4664 6398//4664
f 6539//4668 6595//4623 6368//4622
f 6589//4671 6519//4671 6410//4671
f 6571//4672 6360//4694 6365//4673
f 6321//4675 6382//4685 6384//4676
f 6325//4677 6384//4676 6386//4678
f 6343//4680 6409//4680 6417//4680
f 6323//4679 6386//4678 6388//4617
f 6345//4661 6407//4661 6409//4680
f 6536//4681 6633//4778 6626//4682
f 6347//4661 6394//4661 6407//4661
f 6329//4684 6390//4696 6382//4685
f 6553//4686 6350//4792 6358//4687
f 6634//4689 6537//4656 6328//4657
f 6565//4691 6559//4698 6354//4692
f 6359//4666 6441//4665 6397//4693
f 6571//4672 6557//4629 6352//4631
f 6367//4695 6450//4695 6390//4696
f 6562//4634 6554//4636 6424//4637
f 6366//4667 6335//4667 6402//4667
f 6569//4688 6358//4687 6354//4692
f 6577//4699 6362//6489 6638//4700
f 6355//4648 6353//4662 6433//4663
f 6445//4703 6514//4703 6604//4703
f 6515//4703 6520//4703 6590//4703
f 6453//4704 6469//4711 6474//4705
f 6473//4707 6471//4714 6451//4708
f 6459//4704 6463//4711 6468//4710
f 6467//4707 6465//4714 6457//4708
f 6469//4711 6481//4722 6486//4712
f 6485//4713 6483//4725 6471//4714
f 6463//4711 6475//4726 6480//4712
f 6479//4713 6477//4725 6465//4714
f 6500//4715 6453//4704 6456//4706
f 6455//4709 6451//4708 6587//4717
f 6598//4719 6459//4704 6462//4706
f 6461//4709 6457//4708 6594//4720
f 6481//4722 6493//4723 6498//4723
f 6497//4724 6495//4724 6483//4725
f 6475//4726 6487//4723 6492//4723
f 6491//4724 6489//4724 6477//4725
f 6583//4727 6601//4769 6510//4728
f 6603//4730 6513//4671 6509//4731
f 6365//4673 6348//4646 6454//4647
f 6525//4733 6522//4742 6532//4734
f 6531//4735 6532//4734 6528//4736
f 6528//4736 6536//4681 6535//4683
f 6392//4738 6331//4738 6609//4739
f 6541//4741 6538//4757 6522//4742
f 6581//4743 6573//4756 6570//4744
f 6649//4746 6643//4798 6428//4747
f 6558//4748 6564//4751 6563//4749
f 6564//4751 6556//4755 6555//4752
f 6551//4640 6552//4639 6568//4753
f 6567//4754 6568//4753 6558//4748
f 6556//4755 6570//4744 6573//4756
f 6538//4757 6541//4741 6549//4758
f 6548//4760 6605//6490 6506//4721
f 6505//4761 6606//6491 6602//4762
f 6584//4764 6592//6492 6502//4765
f 6503//4716 6591//6493 6580//4767
f 6586//4768 6597//6494 6601//4769
f 6534//4770 6625//4781 6615//4771
f 6524//4772 6530//4607 6371//4609
f 6627//4773 6544//4774 6379//4774
f 6628//4603 6630//4777 6635//4776
f 6630//4777 6626//4682 6633//4778
f 6613//4775 6617//4780 6629//4779
f 6617//4780 6615//4771 6625//4781
f 6624//4782 6611//4784 6607//4783
f 6622//4740 6609//4739 6611//4784
f 6608//4690 6612//4786 6636//4785
f 6612//4786 6610//4788 6632//4787
f 6610//4788 6332//4789 6543//4789
f 6443//4790 6646//4796 6637//4791
f 6350//4792 6553//4686 6654//4793
f 6650//4655 6655//4654 6653//4795
f 6646//4796 6648//4800 6639//4797
f 6643//4798 6649//4746 6651//4643
f 6640//4794 6654//4793 6656//4701
f 6349//4799 6639//4797 6648//4800
f 6663//4801 6678//4801 6680//4801
f 6674//4801 6676//4801 6661//4801
f 6670//4801 6672//4801 6658//4802
f 6669//4804 6684//4801 6670//4801
f 6665//4801 6680//4801 6682//4801
f 6676//4801 6678//4801 6663//4801
f 6672//4801 6674//4801 6659//4801
f 6667//4801 6682//4801 6684//4801
f 6671//4805 6693//4805 6692//4806
f 6699//4807 6698//4808 6664//4808
f 6683//4810 6687//4810 6686//4811
f 6691//4812 6690//4813 6677//4813
f 6690//4813 6689//4814 6679//4814
f 6692//4806 6691//4812 6675//4812
f 6679//4814 6689//4814 6688//4815
f 6686//4811 6693//4805 6671//4805
f 6662//4816 6697//4822 6696//4817
f 6658//4802 6695//4823 6694//4819
f 6694//4819 6701//4824 6669//4804
f 6700//4820 6699//4807 6666//4809
f 6664//4808 6698//4808 6697//4822
f 6660//4818 6696//4817 6695//4823
f 6701//4824 6700//4820 6668//4821
f 6681//4815 6688//4815 6687//4810
f 6708//4825 6710//4825 6725//4825
f 6706//4825 6721//4825 6719//4825
f 6703//4826 6717//4825 6715//4825
f 6714//4828 6702//4827 6715//4825
f 6710//4825 6712//4825 6727//4825
f 6708//4825 6723//4825 6721//4825
f 6704//4825 6719//4825 6717//4825
f 6712//4825 6714//4828 6729//4825
f 6716//4829 6718//4830 6737//4830
f 6709//4831 6743//4831 6744//4832
f 6728//4834 6730//4835 6731//4835
f 6722//4836 6735//4836 6736//4837
f 6724//4838 6734//4838 6735//4836
f 6720//4837 6736//4837 6737//4830
f 6724//4838 6726//4839 6733//4839
f 6716//4829 6738//4829 6731//4835
f 6707//4840 6705//4847 6741//4841
f 6703//4826 6702//4827 6739//4843
f 6714//4828 6746//4848 6739//4843
f 6711//4833 6744//4832 6745//4845
f 6709//4831 6707//4840 6742//4842
f 6705//4847 6703//4826 6740//4844
f 6713//4846 6745//4845 6746//4848
f 6726//4839 6728//4834 6732//4834
f 6750//4849 6776//6495 6834//4850
f 6856//4851 6804//4925 6777//4852
f 6846//4854 6849//6496 6818//4855
f 6836//4850 6785//6497 6755//4857
f 6857//4858 6859//4859 6825//4859
f 6850//4861 6810//4916 6792//4862
f 6844//4864 6813//4914 6799//4865
f 6842//4867 6807//4923 6784//4868
f 6763//4870 6790//4898 6839//4871
f 6832//4872 6862//4872 6821//4873
f 6847//4875 6791//4897 6761//4876
f 6823//4878 6861//4879 6830//4879
f 6775//4881 6803//4927 6841//4882
f 6852//4884 6855//6498 6858//4885
f 6837//4871 6798//4895 6768//4887
f 6789//4888 6809//4918 6843//4889
f 6770//4891 6772//6499 6800//4892
f 6773//4894 6768//4887 6798//4895
f 6794//4896 6765//6500 6761//4876
f 6790//4898 6763//4870 6766//4899
f 6759//4901 6787//6501 6783//4902
f 6755//4857 6785//6497 6788//4904
f 6778//4906 6780//6502 6752//4907
f 6781//4909 6776//6495 6750//4849
f 6802//4911 6814//4915 6812//4912
f 6802//4911 6799//4865 6813//4914
f 6810//4916 6811//4919 6793//4917
f 6809//4918 6789//4888 6793//4917
f 6786//4920 6808//4924 6806//4921
f 6786//4920 6784//4868 6807//4923
f 6804//4925 6805//4928 6779//4926
f 6803//4927 6775//4881 6779//4926
f 6769//4880 6774//4930 6824//4929
f 6771//4886 6858//4885 6824//4929
f 6817//4931 6751//4935 6749//4932
f 6817//4931 6815//4943 6747//4934
f 6754//4860 6758//4937 6819//4936
f 6756//4856 6818//4855 6819//4936
f 6822//4938 6767//4940 6764//4874
f 6822//4938 6820//4942 6762//4939
f 6853//4941 6778//4906 6748//4908
f 6825//4859 6859//4859 6860//4859
f 6832//4872 6830//4879 6861//4879
f 6833//4883 6841//4882 6842//4867
f 6826//4850 6828//4850 6834//4850
f 6829//4871 6831//4871 6839//4871
f 6838//4866 6840//4890 6843//4889
f 6827//4859 6860//4859 6816//4933
f 6757//4903 6783//4902 6847//4875
f 6782//4922 6806//4921 6850//4861
f 6820//4942 6849//6496 6846//4854
f 6770//4891 6796//4893 6853//4941
f 6815//4943 6855//6498 6852//4884
f 6797//4913 6812//4912 6856//4851
f 6963//4944 6912//4967 2610//1885
f 6872//4946 6873//4979 6924//4947
f 6969//4949 6895//4968 6904//4950
f 6906//4952 6901//4965 6972//4953
f 6910//4955 6891//4960 6976//4956
f 6904//4950 6893//5023 6982//4958
f 6983//4959 6976//4956 6891//4960
f 6918//4962 6868//5011 6988//4963
f 6901//4965 6908//6503 6986//4966
f 6986//4966 6908//6503 6912//4967
f 6983//4959 6889//4961 6895//4968
f 6980//4969 6899//5051 6906//4952
f 6977//4957 2708//1912 2596//1911
f 6896//4970 6947//5031 6949//4971
f 2611//1916 6911//5008 6962//4973
f 6888//4974 6938//5019 6944//4975
f 2597//1923 2654//1956 6959//4977
f 6873//4979 6880//4985 6931//4980
f 6966//4981 6871//4986 6989//4982
f 6875//4984 6926//4990 6931//4980
f 6871//4986 6966//4981 6979//4987
f 6882//4989 6932//4992 6926//4990
f 6886//4991 6936//5013 6932//4992
f 6905//4993 6898//4972 6949//4971
f 6900//4995 6905//4993 6955//4994
f 6987//4997 6867//5047 6981//4998
f 6865//5000 6863//5014 6914//5001
f 6907//5003 6900//4995 6950//4996
f 6877//5005 6928//5005 6920//5006
f 6911//5008 6907//5003 6958//5004
f 6884//5009 6865//5000 6916//5002
f 6868//5011 6918//4962 6929//5012
f 2582//1956 2639//1956 6936//5013
f 6863//5014 6869//5007 6920//5006
f 6897//5015 6965//5050 7014//5016
f 6890//5018 6940//5025 6938//5019
f 2568//1962 6884//5009 6935//5010
f 6894//4976 6944//4975 6952//5021
f 7015//5022 6982//4958 6893//5023
f 6909//4978 6959//4977 6940//5025
f 6892//5026 6903//5027 6954//5027
f 6885//5029 2567//1972 2707//1971
f 6947//5031 6896//4970 6993//5032
f 6979//4987 6974//5049 6881//5034
f 6864//5035 6984//5045 6970//5036
f 6883//5038 6985//6503 6964//5039
f 6971//5041 6985//6503 6883//5038
f 6995//5043 6892//5026 6943//5028
f 6864//5035 6866//4956 6975//4960
f 6967//5046 6981//4998 6867//5047
f 6978//5030 6975//4960 6866//4956
f 6974//5049 6971//5041 6876//5042
f 6870//5037 6970//5036 6967//5046
f 6887//5040 6964//5039 2681//1993
f 6965//5050 6897//5015 6899//5051
f 7013//5052 6991//5053 6987//4997
f 7011//4983 6989//4982 6991//5053
f 7000//5054 7004//5055 6992//5055
f 7002//4964 6988//4963 6992//5055
f 6998//5057 7016//5058 7015//5022
f 6994//5017 7014//5016 7016//5058
f 7006//5044 7010//5060 6997//5059
f 7008//5033 6993//5032 6997//5059
f 6990//5056 6872//4946 6922//4948
f 7061//5061 7060//5072 7038//5062
f 7065//5064 7030//5068 7032//5065
f 7106//5067 7080//5130 2755//2014
f 7061//5061 7034//5063 7030//5068
f 7153//5069 7142//5158 7115//5070
f 7060//5072 2806//2022 2757//2021
f 7081//5073 7083//6504 7097//5074
f 7032//5065 7028//5144 7057//5076
f 7139//5077 7027//5094 7048//5078
f 2740//2032 2752//6270 7076//5080
f 7099//5082 7104//6505 7070//5083
f 7137//5085 7152//5154 7134//5086
f 7029//5088 7033//5097 7053//5089
f 7116//5091 7128//5091 7095//5092
f 7027//5094 7031//5104 7052//5095
f 7037//5096 7056//5110 7053//5089
f 7118//5098 7086//5129 7101//5099
f 7019//5101 7040//5113 7044//5102
f 7029//5088 7049//5090 7052//5095
f 2756//2056 7079//5133 7093//5105
f 7018//5107 7036//5150 7042//5108
f 2758//2063 2784//2063 7056//5110
f 7025//5111 7023//5103 7044//5102
f 7019//5101 7022//5109 7042//5108
f 7084//5114 7082//6506 7105//5115
f 2742//2068 7025//5111 7045//5112
f 7063//5065 7058//5159 7017//5076
f 7110//5119 7073//5132 7090//5120
f 7069//5121 7078//5131 7088//5122
f 7026//5124 2741//2022 2805//2078
f 7024//5061 7062//5063 7066//5068
f 7020//5064 7066//5068 7063//5065
f 7133//5126 7100//5134 7074//5127
f 7024//5061 7026//5124 7059//5125
f 7102//5116 7101//5099 7086//5129
f 7105//5115 7082//6506 7080//5130
f 7067//5081 7076//5080 7078//5131
f 7088//5122 7090//5120 7073//5132
f 7097//5074 7083//6504 7085//5093
f 7091//5075 7093//5105 7079//5133
f 7072//5084 7074//5127 7100//5134
f 7070//5083 7104//6505 7103//5135
f 7068//5136 7103//5135 2808//2014
f 7134//5086 7133//5126 7111//5128
f 7108//5137 7112//6507 7121//5138
f 7113//5140 7126//6508 7130//5141
f 7115//5070 7118//5098 7132//5100
f 7154//5143 7057//5076 7028//5144
f 7144//5146 7138//5156 7109//5147
f 7136//5149 7146//5155 7036//5150
f 7114//5151 7141//5157 7150//5152
f 7135//5153 7151//6509 7152//5154
f 7146//5155 7136//5149 7138//5156
f 7148//5079 7150//5152 7141//5157
f 7154//5143 7140//5145 7142//5158
f 7058//5159 7151//6509 7135//5153
f 7161//5160 7200//5160 7315//5161
f 7255//5163 7287//5233 7186//5164
f 7343//5165 7285//5235 7257//5166
f 7341//5167 7258//5205 7225//5168
f 7168//5169 7234//5214 7203//5170
f 7158//5171 7193//5171 7300//5172
f 7181//5174 7263//5225 7233//5175
f 7239//5176 7272//5229 7179//5174
f 7347//5177 7349//6510 7308//5178
f 7291//5180 7191//5195 7156//5181
f 7351//5183 7242//5216 7210//5184
f 7227//5185 7256//5207 7174//5186
f 7212//5187 7240//5218 7170//5169
f 7188//5164 7278//5237 7249//5188
f 7352//5189 7270//5227 7241//5190
f 7306//5191 7198//5197 7163//5192
f 7158//5171 7160//5194 7195//5193
f 7160//5194 7156//5181 7191//5195
f 7175//5164 7177//5164 7190//5164
f 7177//5164 7173//5164 7186//5164
f 7159//5169 7172//5169 7168//5169
f 7157//5169 7170//5169 7172//5169
f 7164//5186 7166//5186 7178//5186
f 7166//5186 7162//5186 7174//5186
f 7171//5174 7183//5174 7181//5174
f 7169//5174 7179//5174 7183//5174
f 7161//5160 7165//5193 7202//5196
f 7165//5193 7163//5192 7198//5197
f 7176//5186 7250//5203 7218//5198
f 7222//5199 7251//5199 7248//5200
f 7223//5202 7218//5198 7250//5203
f 7258//5205 7259//6511 7229//5206
f 7256//5207 7227//5185 7230//5208
f 7207//5210 7236//6512 7232//5211
f 7208//5213 7203//5170 7234//5214
f 7242//5216 7244//6513 7214//5217
f 7240//5218 7212//5187 7215//5219
f 7235//5221 7267//6514 7265//5222
f 7237//5224 7233//5175 7263//5225
f 7270//5227 7274//6515 7243//5228
f 7272//5229 7239//5176 7245//5230
f 7261//5232 7290//6516 7287//5233
f 7260//5234 7257//5166 7285//5235
f 7278//5237 7283//6517 7253//5238
f 7280//5239 7247//5281 7252//5240
f 7224//5242 7228//5245 7318//5243
f 7226//5162 7315//5161 7318//5243
f 7311//5246 7221//5247 7219//5179
f 7311//5246 7306//5191 7217//5182
f 7211//5248 7216//5251 7302//5249
f 7213//5173 7300//5172 7302//5249
f 7295//5246 7209//5254 7206//5252
f 7295//5246 7291//5180 7204//5182
f 7338//5255 7340//6518 7293//5253
f 7180//5256 7319//5277 7321//5257
f 7328//5259 7330//6519 7276//5260
f 7334//5262 7336//6519 7288//5263
f 7324//5257 7323//5278 7187//5265
f 7345//5266 7334//5262 7284//5264
f 7320//5268 7325//5270 7264//5269
f 7331//5270 7333//6520 7281//5271
f 7276//5260 7330//6519 7329//5272
f 7354//5274 7328//5259 7271//5261
f 7269//5271 7327//6520 7326//5275
f 7273//5273 7329//5272 7319//5277
f 7185//5256 7322//5277 7324//5257
f 7321//5257 7320//5268 7182//5265
f 7323//5278 7331//5270 7277//5269
f 7325//5270 7327//6520 7269//5271
f 7281//5271 7333//6520 7332//5279
f 7288//5263 7336//6519 7335//5272
f 7286//5273 7335//5272 7322//5277
f 7266//5276 7326//5275 7345//5266
f 7313//5244 7340//6518 7338//5255
f 7205//5212 7232//5211 7341//5167
f 7231//5223 7265//5222 7343//5165
f 7279//5280 7332//5279 7354//5274
f 7247//5281 7280//5239 7352//5189
f 7220//5201 7248//5200 7351//5183
f 7298//5250 7349//6510 7347//5177
f 7348//5285 7373//6521 7366//5286
f 7365//5297 7357//5305 7197//5298
f 7362//5295 7373//6521 7348//5285
f 7368//5283 7371//6522 7339//5307
f 7339//5307 7371//6522 7359//5311
f 7199//5306 7357//5305 7369//5289
f 7194//5310 7356//5309 7364//5302
f 7361//5292 7356//5309 7192//5314
f 7374//5317 7372//5317 7358//5316
f 7372//5317 7370//6523 7358//5316
f 7363//6524 7355//5318 7374//5317
f 7355//5318 7360//6524 7372//5317
f 7422//5319 7443//5320 7437//5320
f 7428//5320 7446//5320 7442//5320
f 7433//5321 7439//5321 7393//5322
f 7412//5324 7440//5321 7434//5321
f 7438//5320 7444//5320 7426//5320
f 7441//5320 7445//5320 7420//5320
f 7406//5320 7425//5320 7429//5320
f 7383//5327 7405//6525 7414//5328
f 7392//5320 7419//5320 7423//5320
f 7391//5330 7400//6526 7380//5331
f 7387//5325 7389//6527 7416//5333
f 7388//5329 7414//5328 7417//5334
f 7409//5336 7385//6528 7384//5337
f 7410//5339 7405//6525 7383//5327
f 7379//5341 7381//6529 7402//5342
f 7380//5331 7400//6526 7403//5344
f 7395//5346 7377//6530 7376//5323
f 7396//5347 7391//5330 7375//5332
f 7413//5320 7418//5320 7430//5320
f 7415//5320 7429//5320 7430//5320
f 7427//5320 7411//5319 7408//5319
f 7427//5320 7425//5320 7406//5320
f 7399//5320 7404//5319 7424//5320
f 7401//5320 7423//5320 7424//5320
f 7421//5320 7397//5320 7394//5326
f 7421//5320 7419//5320 7392//5320
f 7432//5349 7436//5349 7407//5338
f 7398//5343 7435//5349 7431//5349
f 7458//5351 7447//5368 7455//5352
f 7465//6531 7459//6532 7461//5354
f 7459//6532 7484//5355 7461//5354
f 7474//5353 7484//5355 7490//5356
f 7490//5356 7470//6533 7474//5353
f 7470//6533 7478//6534 7474//5353
f 7490//5356 7484//5355 3231//2313
f 7464//5357 7477//5365 7452//5358
f 7480//5360 7473//5363 7451//5361
f 7487//5362 3240//2321 3200//2321
f 7485//5352 7455//5352 3198//2322
f 7473//5363 7487//5362 7456//5362
f 7464//5357 7448//5359 7450//5364
f 7477//5365 7482//6535 7454//5366
f 7467//5367 7449//5367 7447//5368
f 7466//5369 7468//5373 7457//5370
f 7466//5369 7462//5374 7463//5372
f 7462//5374 7475//5377 7476//5375
f 7479//5376 7481//5379 7476//5375
f 7479//5376 7471//5384 7472//5378
f 7489//5380 3241//2339 3239//2339
f 7483//5382 7486//5383 3233//2340
f 7460//5371 7457//5370 7486//5383
f 7471//5384 7489//5380 7488//5381
f 7510//5385 7498//5386 7494//5386
f 7496//5387 7506//5388 7500//5388
f 7506//5388 7508//5389 7502//5389
f 7508//5389 7510//5385 7504//5385
f 7505//1433 7525//1433 7527//1433
f 7499//1449 7501//1449 7521//1449
f 7509//1433 7507//1433 7527//1433
f 7503//1449 7523//1449 7521//1449
f 7493//1449 7513//1449 7523//1449
f 7495//1433 7515//1433 7525//1433
f 7491//1449 7499//1449 7519//1449
f 7497//1433 7509//1433 7529//1433
f 7535//2349 7539//2349 7537//2349
f 7531//1449 7541//1449 7544//1449
f 7542//835 7547//835 7550//835
f 7533//685 7559//685 7549//685
f 7536//2350 7546//2350 7552//2350
f 7548//2351 7557//2351 7560//2351
f 7561//2352 7558//2352 7553//2352
f 7533//685 7538//685 7554//685
f 7536//2350 7562//2350 7556//2350
f 7567//2353 7571//2353 7569//2353
f 7563//1449 7573//1449 7576//1449
f 7574//2354 7580//2354 7583//2354
f 7565//2350 7591//2350 7581//2350
f 7568//685 7578//685 7584//685
f 7579//2355 7589//2355 7592//2355
f 7593//2356 7590//2356 7585//2356
f 7565//2350 7570//2350 7586//2350
f 7568//685 7594//685 7588//685
f 6934//5390 6960//5392 2655//2357
f 6915//5391 6941//5394 6960//5392
f 6913//5393 6939//5396 6941//5394
f 6913//5393 6919//5397 6945//5395
f 6919//5397 6927//5400 6953//5398
f 6917//5399 6942//5402 6953//5398
f 7001//5401 7005//5404 6942//5402
f 7001//5401 7003//5405 7009//5403
f 7003//5405 6999//5407 7007//5406
f 6999//5407 6921//5409 6946//5408
f 6921//5409 6923//5411 6948//5410
f 6923//5411 6930//5414 6956//5412
f 6925//5413 6951//5416 6956//5412
f 6933//5415 6957//5418 6951//5416
f 6933//5415 6937//5419 6961//5417
f 6937//5419 2640//2387 2668//2386
f 4804//5420 4809//6536 4811//5421
f 7046//5423 7055//5425 2783//2391
f 7043//5424 7054//5427 7055//5425
f 7043//5424 7039//5428 7050//5426
f 7039//5428 7041//5431 7051//5429
f 7035//5430 7047//5433 7051//5429
f 7145//5432 7147//5435 7047//5433
f 7145//5432 7143//5436 7149//5434
f 7143//5436 7122//5439 7125//5437
f 7119//5438 7129//5441 7125//5437
f 7089//5440 7096//5443 7129//5441
f 7087//5442 7098//5445 7096//5443
f 7077//5444 7092//5447 7098//5445
f 7077//5444 7075//5448 7094//5446
f 7075//5448 2751//2417 2782//2416
f 7518//5449 7530//5450 7524//5450
f 7530//5450 7528//5451 7522//5451
f 7528//5451 7526//5452 7520//5452
f 7526//5452 7516//5453 7512//5453
f 6399//5454 6401//5455 6416//5455
f 6405//5456 6399//5454 6408//5454
f 6403//5457 6405//5456 6406//5456
f 6393//5457 6395//5459 6449//5458
f 6413//6309 6521//6309 6518//6309
f 6508//6310 6512//6310 6444//6310
f 6395//5459 6412//6537 6517//5460
f 6517//5460 6511//5460 6395//5459
f 6511//5460 6447//6538 6449//5458
f 6449//5458 6447//6538 6378//5461
f 6381//5463 6389//5462 6378//5461
f 6383//5465 6381//5463 6370//5464
f 6385//5467 6383//5465 6372//5466
f 6376//5469 6387//5470 6385//5467
f 6387//5470 6376//5469 6616//5471
f 6618//5473 6623//5475 6619//5472
f 6614//5474 6621//5476 6623//5475
f 6621//5476 6614//5474 6380//5477
f 6415//5478 6412//6537 6395//5459
f 6415//5478 6440//5479 6436//5480
f 6425//5481 6436//5480 6434//5482
f 6423//5483 6434//5482 6432//5484
f 6432//5484 6438//5487 6427//5486
f 6438//5487 6430//5489 6419//5488
f 6430//5489 6647//5491 6642//5490
f 6647//5491 6645//5493 6644//5492
f 6645//5493 6442//6539 6429//5494
f 8530//6082 8525//3121 8519//3121
f 8507//3115 8538//3120 8529//6084
f 8505//3117 8539//3117 8527//3117
f 8536//6086 8535//6090 8510//6087
f 8534//6086 8523//6086 8521//6086
f 8511//6088 8533//6540 8532//3108
f 8506//3111 8540//3111 8538//3120
f 8516//6085 8529//6084 8524//6089
f 8513//3110 8532//3108 8531//2350
f 8531//2350 8530//6082 8515//6083
f 8535//6090 8528//3105 8518//3105
f 8509//6089 8537//6089 8526//6089
f 8547//6541 8549//6541 8559//6541
f 8544//6542 8555//6542 8552//6542
f 8541//6093 8551//6093 8560//6093
f 8548//6094 8557//6094 8554//6094
