# Blender 5.1.0
# www.blender.org
mtllib vaz 2017 vnutr .mtl
o Object_18
v 0.165492 0.848830 -0.030769
v 0.165492 0.848830 -0.030769
v 0.165492 0.848830 -0.030769
v 0.180871 0.492272 0.080650
v 0.180761 0.492300 0.080667
v 0.224164 0.492897 0.080210
v 0.203665 1.057085 -0.038371
v 0.203665 1.057085 -0.038371
v 0.203665 1.057085 -0.038371
v 0.261817 1.070318 -0.038782
v 0.260580 1.070270 -0.038783
v 0.162075 0.843812 -0.032877
v 0.162075 0.843812 -0.032877
v 0.162075 0.843812 -0.032877
v 0.157134 0.817645 -0.015620
v 0.149697 0.787686 0.007409
v 0.140117 0.504827 0.082570
v 0.140117 0.504827 0.082570
v 0.147578 0.788841 0.008827
v 0.147578 0.788841 0.008827
v 0.147578 0.788841 0.008827
v 0.147578 0.788841 0.008827
v 0.100432 0.524411 0.111696
v 0.100432 0.524411 0.111696
v 0.168035 0.696652 0.000900
v 0.168035 0.696652 0.000900
v 0.151797 0.690719 0.023172
v 0.151797 0.690719 0.023172
v 0.151797 0.690719 0.023172
v 0.151797 0.690719 0.023172
v 0.126493 0.684423 0.051542
v 0.126493 0.684423 0.051542
v 0.098871 0.668506 0.071873
v 0.171223 0.642327 0.020168
v 0.171223 0.642327 0.020168
v 0.172344 0.695093 0.000432
v 0.315069 0.697288 -0.002384
v 0.147917 0.603477 0.050476
v 0.065498 0.591401 0.106981
v 0.173037 0.641855 0.018268
v 0.176687 0.568836 0.054095
v 0.176687 0.568836 0.054095
v 0.178386 0.568372 0.052396
v 0.158253 0.790203 -0.000313
v 0.196276 0.779137 -0.010482
v 0.269521 0.697515 -0.004822
v 0.158702 0.758132 0.011451
v 0.158702 0.758132 0.011451
v 0.142481 0.751729 0.020125
v 0.142481 0.751729 0.020125
v 0.136559 0.754888 0.027394
v 0.136559 0.754888 0.027394
v 0.165521 0.778012 -0.010486
v 0.182807 0.491509 0.078709
v 0.170047 0.695830 -0.001298
v 0.170087 0.695911 -0.001209
v 0.170087 0.695911 -0.001209
v 0.173274 0.641575 0.018092
v 0.178735 0.568064 0.052077
v 0.166438 0.761080 -0.008261
v 0.172018 0.695217 0.000776
v 0.170301 0.695993 -0.001492
v 0.217097 0.697192 -0.004180
v 0.278492 0.696935 -0.002422
v 0.351757 0.697771 -0.005151
v 0.165596 0.853077 -0.041378
v 0.165596 0.853077 -0.041378
v 0.184239 0.482090 0.075229
v 0.183913 0.482248 0.075306
v 0.232250 0.483183 0.076729
v 0.205421 1.062602 -0.046189
v 0.205421 1.062602 -0.046189
v 0.335905 0.483917 0.076500
v 0.278013 0.483835 0.076541
v 0.234156 1.074796 -0.046792
v 0.165671 0.489941 0.079227
v 0.165671 0.489941 0.079227
v 0.154607 0.819168 -0.022676
v 0.154607 0.819168 -0.022676
v 0.136807 0.496767 0.079012
v 0.136807 0.496767 0.079012
v 0.143178 0.790504 0.002743
v 0.142747 0.789851 0.003294
v 0.143178 0.790504 0.002743
v 0.095229 0.517825 0.108516
v 0.095229 0.517825 0.108516
v 0.098595 0.679631 0.062615
v 0.098595 0.679631 0.062615
v 0.071339 0.619955 0.088874
v 0.058819 0.584692 0.104940
v 0.130657 0.755114 0.022460
v 0.183747 0.473492 0.012971
v 0.205421 1.061861 -0.078625
v 0.205421 1.061861 -0.078625
v 0.205421 1.061861 -0.078625
v 0.315069 0.474325 0.012711
v 0.368809 1.075183 -0.078883
v 0.232137 1.073855 -0.078857
v 0.165671 0.478211 0.011340
v 0.164093 0.827466 -0.074487
v 0.164091 0.827463 -0.074487
v 0.136807 0.482537 0.009814
v 0.136807 0.482537 0.009814
v 0.146655 0.741383 -0.069109
v 0.144865 0.732538 -0.068288
v 0.117413 0.493176 0.006060
v 0.094885 0.503063 0.002470
v 0.095731 0.577407 -0.024374
v 0.095557 0.576997 -0.023519
v 0.136963 0.694454 -0.059615
v 0.136934 0.694279 -0.059846
v 0.178654 0.859795 -0.075112
v 0.180060 0.863535 -0.075153
v 0.184257 0.473219 0.013102
v 0.161272 0.847520 -0.036927
v 0.161251 0.847566 -0.036961
v 0.190935 1.032323 -0.036863
v 0.190717 1.033275 -0.036814
v 0.182016 0.963684 -0.036206
v 0.180958 0.967494 -0.035252
v 0.176507 0.909123 -0.033849
v 0.195028 1.038723 -0.078178
v 0.192399 1.030867 -0.078012
v 0.188237 0.975583 -0.076958
v 0.185846 0.914043 -0.075768
v 0.222706 1.065962 -0.038548
v 0.222706 1.065962 -0.038548
v 0.258737 1.074925 -0.078878
v 0.223877 1.070793 -0.078798
v 0.167632 0.789821 -0.011912
v 0.167632 0.789821 -0.011912
v 0.159876 0.789161 0.000781
v 0.159876 0.789161 0.000781
v 0.150030 0.787753 0.007506
v 0.150030 0.787753 0.007506
v 0.150030 0.787753 0.007506
v 0.165573 0.789180 -0.013447
v 0.077191 0.539389 0.114099
v 0.072467 0.541790 0.115754
v 0.059589 0.584481 0.105147
v 0.070973 0.534360 0.111121
v 0.070973 0.534360 0.111121
v 0.070973 0.534360 0.111121
v 0.060458 0.553421 0.110487
v 0.060458 0.553421 0.110487
v 0.094894 0.503136 0.002545
v 0.094894 0.503136 0.002545
v 0.083473 0.518967 -0.003042
v 0.083473 0.518967 -0.003042
v 0.315069 0.717681 -0.067183
v 0.464646 0.848830 -0.030769
v 0.464646 0.848830 -0.030769
v 0.464646 0.848830 -0.030769
v 0.449274 0.492286 0.080691
v 0.449377 0.492300 0.080667
v 0.426473 1.057085 -0.038371
v 0.426473 1.057085 -0.038371
v 0.426473 1.057085 -0.038371
v 0.468064 0.843812 -0.032877
v 0.468064 0.843812 -0.032877
v 0.468064 0.843812 -0.032877
v 0.473004 0.817645 -0.015620
v 0.480441 0.787686 0.007409
v 0.490021 0.504827 0.082570
v 0.490021 0.504827 0.082570
v 0.490021 0.504827 0.082570
v 0.482561 0.788841 0.008827
v 0.482561 0.788841 0.008827
v 0.482561 0.788841 0.008827
v 0.529706 0.524411 0.111696
v 0.529706 0.524411 0.111696
v 0.529706 0.524411 0.111696
v 0.462103 0.696652 0.000900
v 0.462103 0.696652 0.000900
v 0.478342 0.690719 0.023172
v 0.478342 0.690719 0.023172
v 0.478342 0.690719 0.023172
v 0.478342 0.690719 0.023172
v 0.503645 0.684423 0.051542
v 0.503645 0.684423 0.051542
v 0.531268 0.668506 0.071873
v 0.458915 0.642327 0.020168
v 0.458915 0.642327 0.020168
v 0.435237 0.695862 -0.000387
v 0.482221 0.603477 0.050476
v 0.564640 0.591401 0.106981
v 0.457101 0.641855 0.018268
v 0.453452 0.568836 0.054095
v 0.453452 0.568836 0.054095
v 0.451752 0.568372 0.052396
v 0.471885 0.790203 -0.000313
v 0.433863 0.779137 -0.010482
v 0.471436 0.758132 0.011451
v 0.471436 0.758132 0.011451
v 0.487657 0.751729 0.020125
v 0.487657 0.751729 0.020125
v 0.493579 0.754888 0.027393
v 0.493579 0.754888 0.027393
v 0.464617 0.778013 -0.010486
v 0.447331 0.491509 0.078709
v 0.460091 0.695830 -0.001298
v 0.459836 0.695855 -0.001429
v 0.460051 0.695911 -0.001209
v 0.460051 0.695911 -0.001209
v 0.456865 0.641575 0.018092
v 0.451403 0.568064 0.052077
v 0.463700 0.761080 -0.008261
v 0.412843 0.696435 -0.001431
v 0.429154 0.696822 -0.003404
v 0.457841 0.695041 0.001126
v 0.457841 0.695041 0.001126
v 0.464542 0.853077 -0.041378
v 0.464542 0.853077 -0.041378
v 0.446748 0.482404 0.075505
v 0.445899 0.482090 0.075229
v 0.387006 0.483330 0.076903
v 0.424717 1.062602 -0.046189
v 0.424717 1.062602 -0.046189
v 0.464467 0.489941 0.079227
v 0.464467 0.489941 0.079227
v 0.475531 0.819168 -0.022676
v 0.475531 0.819168 -0.022676
v 0.493331 0.496767 0.079012
v 0.493331 0.496767 0.079012
v 0.487391 0.789851 0.003294
v 0.486960 0.790504 0.002743
v 0.534909 0.517825 0.108516
v 0.534909 0.517825 0.108516
v 0.531543 0.679631 0.062615
v 0.531543 0.679631 0.062615
v 0.558800 0.619955 0.088874
v 0.571319 0.584692 0.104940
v 0.499481 0.755114 0.022460
v 0.424717 1.061861 -0.078625
v 0.424717 1.061861 -0.078625
v 0.424717 1.061861 -0.078625
v 0.464467 0.478211 0.011340
v 0.445546 0.473118 0.013074
v 0.466047 0.827463 -0.074487
v 0.466047 0.827463 -0.074487
v 0.493331 0.482537 0.009814
v 0.493331 0.482537 0.009814
v 0.483483 0.741383 -0.069109
v 0.485273 0.732538 -0.068288
v 0.512725 0.493176 0.006059
v 0.535253 0.503063 0.002470
v 0.534539 0.577089 -0.023752
v 0.534581 0.576997 -0.023519
v 0.493175 0.694454 -0.059615
v 0.493204 0.694279 -0.059846
v 0.451484 0.859795 -0.075112
v 0.450078 0.863535 -0.075153
v 0.445881 0.473219 0.013102
v 0.468867 0.847520 -0.036927
v 0.468887 0.847566 -0.036961
v 0.439203 1.032323 -0.036863
v 0.439421 1.033275 -0.036814
v 0.448123 0.963684 -0.036206
v 0.449181 0.967494 -0.035252
v 0.453631 0.909123 -0.033849
v 0.435110 1.038723 -0.078178
v 0.437739 1.030867 -0.078012
v 0.441901 0.975583 -0.076958
v 0.444292 0.914043 -0.075768
v 0.371987 1.070038 -0.038725
v 0.371987 1.070038 -0.038725
v 0.407432 1.065962 -0.038548
v 0.407432 1.065962 -0.038548
v 0.400355 1.073217 -0.045893
v 0.400281 1.073025 -0.078841
v 0.406261 1.070793 -0.078798
v 0.462506 0.789821 -0.011912
v 0.462506 0.789821 -0.011912
v 0.470262 0.789161 0.000781
v 0.470262 0.789161 0.000781
v 0.480109 0.787753 0.007506
v 0.480109 0.787753 0.007506
v 0.480109 0.787753 0.007506
v 0.464566 0.789180 -0.013447
v 0.552948 0.539389 0.114099
v 0.557672 0.541790 0.115754
v 0.570549 0.584481 0.105147
v 0.559166 0.534360 0.111121
v 0.559166 0.534360 0.111121
v 0.559166 0.534360 0.111121
v 0.569680 0.553421 0.110487
v 0.569680 0.553421 0.110487
v 0.535244 0.503136 0.002545
v 0.535244 0.503136 0.002545
v 0.546665 0.518967 -0.003042
v 0.546665 0.518967 -0.003042
v 0.439016 0.468776 -0.019129
v 0.437354 0.470500 -0.018473
v 0.474600 0.518495 0.393480
v 0.190143 0.469283 -0.019081
v 0.158290 0.516706 0.393353
v 0.499426 0.515446 0.382666
v 0.470416 0.469234 -0.022113
v 0.500721 0.474995 -0.006482
v 0.556964 0.527811 0.245155
v 0.537947 0.499890 0.043719
v 0.437352 0.470291 -0.018776
v 0.437352 0.470291 -0.018776
v 0.473176 0.519107 0.393794
v 0.473176 0.519107 0.393794
v 0.457714 0.468347 0.187253
v 0.500114 0.501427 0.159704
v 0.537769 0.533230 0.152641
v 0.558335 0.535829 0.199356
v 0.455513 0.472064 0.142947
v 0.412633 0.467366 0.188232
v 0.228495 0.466998 0.188721
v 0.569302 0.534910 0.141233
v 0.455231 0.469282 0.185693
v 0.444601 0.474690 0.062177
v 0.183045 0.473859 0.062993
v 0.510469 0.499283 0.050318
v 0.558151 0.526344 0.089797
v 0.444382 0.474928 0.062185
v 0.413488 0.467658 0.191719
v 0.227680 0.467266 0.192214
v 0.455666 0.469887 0.189178
v 0.475233 0.517507 0.393569
v 0.439398 0.468450 -0.018794
v 0.439398 0.468450 -0.018794
v 0.457355 0.467215 0.187339
v 0.446430 0.473134 0.062126
v 0.412692 0.467075 0.188211
v 0.455822 0.468148 0.190894
v 0.457645 0.466105 0.188633
v 0.412846 0.464862 0.190015
v 0.315069 0.466590 0.188827
v 0.315069 0.464377 0.190631
v 0.455106 0.469154 0.185691
v 0.475129 0.512506 0.401476
v 0.475129 0.512506 0.401476
v 0.475129 0.512506 0.401476
v 0.437966 0.461631 -0.026165
v 0.437966 0.461631 -0.026165
v 0.437966 0.461631 -0.026165
v 0.391970 0.463952 -0.025755
v 0.391970 0.463952 -0.025755
v 0.394671 0.509105 0.407197
v 0.395670 0.509270 0.406950
v 0.315069 0.463366 -0.024900
v 0.243536 0.463781 -0.025359
v 0.471602 0.468328 -0.020440
v 0.502832 0.511037 0.387580
v 0.516997 0.513203 0.359963
v 0.500466 0.474180 -0.005748
v 0.500466 0.474180 -0.005748
v 0.557321 0.525717 0.250453
v 0.542425 0.519184 0.303285
v 0.537896 0.499733 0.043878
v 0.567393 0.532336 0.180563
v 0.567393 0.532336 0.180563
v 0.568700 0.533960 0.140993
v 0.557480 0.524991 0.090022
v 0.410902 0.357852 -0.008500
v 0.360612 0.389269 0.391341
v 0.193618 0.368081 -0.022722
v 0.315069 0.367922 -0.023962
v 0.315069 0.367922 -0.023962
v 0.315069 0.367922 -0.023962
v 0.315069 0.367922 -0.023962
v 0.315069 0.401886 0.409035
v 0.315069 0.401767 0.408325
v 0.440859 0.358289 -0.003762
v 0.440859 0.358289 -0.003762
v 0.480857 0.386353 0.351988
v 0.464243 0.359243 0.007764
v 0.504739 0.382096 0.297234
v 0.498684 0.362810 0.052207
v 0.527979 0.371357 0.160082
v 0.517375 0.366195 0.094740
v 0.518587 0.377216 0.234821
v 0.451211 0.388873 0.384779
v 0.411078 0.357857 -0.008459
v 0.503051 0.511273 0.388175
v 0.492763 0.511604 0.396294
v 0.502117 0.511448 0.387181
v 0.464858 0.388882 0.379852
v 0.377275 0.401832 0.406933
v 0.315069 0.357806 -0.006345
v 0.474936 0.369616 -0.005254
v 0.474936 0.369616 -0.005254
v 0.445904 0.368429 -0.019564
v 0.445904 0.368429 -0.019564
v 0.533048 0.377195 0.089550
v 0.533048 0.377195 0.089550
v 0.512934 0.373552 0.043779
v 0.512934 0.373552 0.043779
v 0.512934 0.373552 0.043779
v 0.481708 0.400490 0.386723
v 0.495678 0.398320 0.359113
v 0.526051 0.392678 0.287122
v 0.520451 0.393904 0.302317
v 0.534750 0.388865 0.237874
v 0.544429 0.382757 0.159960
v 0.544429 0.382757 0.159960
v 0.468850 0.401294 0.397891
v 0.454291 0.401526 0.400983
v 0.471864 0.401140 0.395612
v 0.481112 0.400437 0.386419
v 0.481112 0.400437 0.386419
v 0.441437 0.284228 0.056301
v 0.441437 0.284228 0.056301
v 0.466410 0.284228 0.347290
v 0.466410 0.284228 0.347290
v 0.466410 0.377728 0.051340
v 0.466410 0.377728 0.051340
v 0.441437 0.377728 0.051340
v 0.441437 0.377728 0.051340
v 0.466410 0.284228 0.056301
v 0.466410 0.284228 0.056301
v 0.441437 0.284228 0.347290
v 0.441437 0.284228 0.347290
v 0.466410 0.396562 0.363092
v 0.466410 0.396562 0.363092
v 0.441437 0.396562 0.363092
v 0.441437 0.396562 0.363092
v 0.152848 0.519861 0.393343
v 0.152848 0.519861 0.393343
v 0.188694 0.470561 -0.018812
v 0.188694 0.470561 -0.018812
v 0.130712 0.515446 0.382665
v 0.159722 0.469234 -0.022113
v 0.129417 0.474995 -0.006482
v 0.073174 0.527811 0.245156
v 0.092191 0.499890 0.043719
v 0.156962 0.519107 0.393794
v 0.170927 0.469946 0.186861
v 0.170983 0.469962 0.187430
v 0.130024 0.501427 0.159704
v 0.092369 0.533230 0.152641
v 0.071803 0.535829 0.199356
v 0.174625 0.472064 0.142947
v 0.060836 0.534910 0.141233
v 0.174907 0.469282 0.185693
v 0.181659 0.475292 0.062067
v 0.181659 0.475292 0.062067
v 0.119670 0.499283 0.050318
v 0.071987 0.526344 0.089797
v 0.174472 0.469887 0.189178
v 0.154905 0.517507 0.393569
v 0.154905 0.517507 0.393569
v 0.190740 0.468450 -0.018794
v 0.172783 0.467215 0.187339
v 0.172766 0.467688 0.187338
v 0.172861 0.467604 0.186997
v 0.183708 0.473134 0.062126
v 0.217446 0.467075 0.188211
v 0.174586 0.469108 0.189693
v 0.172628 0.466623 0.188074
v 0.217292 0.464862 0.190015
v 0.175032 0.469154 0.185691
v 0.155009 0.512506 0.401476
v 0.155009 0.512506 0.401476
v 0.155009 0.512506 0.401476
v 0.155009 0.512506 0.401476
v 0.192172 0.461631 -0.026165
v 0.192172 0.461631 -0.026165
v 0.192172 0.461631 -0.026165
v 0.192172 0.461631 -0.026165
v 0.238168 0.463952 -0.025755
v 0.232089 0.509397 0.406544
v 0.232089 0.509397 0.406544
v 0.158536 0.468328 -0.020440
v 0.158536 0.468328 -0.020440
v 0.127306 0.511037 0.387580
v 0.113141 0.513203 0.359963
v 0.129672 0.474180 -0.005748
v 0.072817 0.525717 0.250453
v 0.087713 0.519184 0.303285
v 0.092242 0.499733 0.043878
v 0.062746 0.532336 0.180562
v 0.062746 0.532336 0.180562
v 0.061438 0.533960 0.140993
v 0.072659 0.524991 0.090022
v 0.219237 0.357852 -0.008500
v 0.253680 0.389170 0.390554
v 0.189279 0.358289 -0.003762
v 0.189279 0.358289 -0.003762
v 0.149281 0.386353 0.351987
v 0.165895 0.359243 0.007764
v 0.125399 0.382096 0.297234
v 0.131454 0.362810 0.052207
v 0.102159 0.371357 0.160082
v 0.112763 0.366195 0.094740
v 0.111551 0.377216 0.234821
v 0.178927 0.388873 0.384779
v 0.219060 0.357857 -0.008459
v 0.127087 0.511273 0.388175
v 0.137375 0.511604 0.396294
v 0.128021 0.511448 0.387181
v 0.165281 0.388882 0.379852
v 0.252863 0.401832 0.406933
v 0.155202 0.369616 -0.005254
v 0.155202 0.369616 -0.005254
v 0.155202 0.369616 -0.005254
v 0.184234 0.368429 -0.019564
v 0.097090 0.377195 0.089550
v 0.097090 0.377195 0.089550
v 0.117204 0.373552 0.043779
v 0.117204 0.373552 0.043779
v 0.134460 0.398320 0.359113
v 0.148430 0.400490 0.386723
v 0.109687 0.393904 0.302317
v 0.104087 0.392678 0.287121
v 0.095388 0.388865 0.237874
v 0.085709 0.382757 0.159960
v 0.085709 0.382757 0.159960
v 0.161288 0.401294 0.397891
v 0.175847 0.401526 0.400983
v 0.158274 0.401140 0.395612
v 0.149026 0.400437 0.386419
v 0.149026 0.400437 0.386419
v 0.188701 0.284228 0.056301
v 0.188701 0.284228 0.056301
v 0.163728 0.284228 0.347290
v 0.163728 0.284228 0.347290
v 0.163728 0.377728 0.051340
v 0.163728 0.377728 0.051340
v 0.188701 0.377728 0.051340
v 0.188701 0.377728 0.051340
v 0.163728 0.284228 0.056301
v 0.163728 0.284228 0.056301
v 0.188701 0.284228 0.347290
v 0.188701 0.284228 0.347290
v 0.163728 0.396562 0.363092
v 0.163728 0.396562 0.363092
v 0.188701 0.396562 0.363092
v 0.188701 0.396562 0.363092
v 0.678505 0.429934 -0.717453
v 0.000000 0.541548 -0.268732
v 0.679905 0.480668 -0.644240
v 0.585332 0.550814 -0.283318
v 0.585335 0.550835 -0.283302
v 0.681676 0.480641 -0.644385
v 0.572784 0.407138 -0.299645
v 0.294407 0.499127 -0.261293
v 0.002194 0.539471 -0.269394
v 0.293088 0.539471 -0.269394
v 0.586631 0.499143 -0.261286
v 0.586043 0.539471 -0.269394
v 0.586043 0.539471 -0.269394
v 0.670797 0.551882 -0.384780
v 0.670989 0.552314 -0.384007
v 0.620329 0.551540 -0.290859
v 0.620341 0.551552 -0.290853
v 0.649572 0.556475 -0.312911
v 0.649940 0.554576 -0.313694
v 0.649813 0.554445 -0.313795
v 0.603795 0.405962 -0.315325
v 0.603795 0.405962 -0.315325
v 0.636105 0.398891 -0.376396
v 0.631596 0.499143 -0.271863
v 0.671708 0.501021 -0.294821
v 0.671708 0.501021 -0.294821
v 0.693570 0.524635 -0.361506
v 0.627332 0.539471 -0.278794
v 0.667080 0.530084 -0.298494
v 0.667080 0.530084 -0.298494
v 0.668221 0.558523 -0.348734
v 0.668156 0.557871 -0.349087
v 0.000000 0.528684 -0.523796
v -0.000000 0.533278 -0.522816
v -0.000000 0.532785 -0.525388
v -0.000000 0.560215 -0.338790
v 0.655008 0.505135 -0.644974
v 0.001696 0.487713 -0.717756
v 0.655322 0.504889 -0.644937
v 0.637888 0.361601 -0.710994
v 0.000214 0.442337 -0.759396
v 0.000000 0.465896 -0.751716
v 0.000123 0.464976 -0.753449
v 0.629892 0.442768 -0.758410
v 0.619349 0.486221 -0.716737
v 0.630009 0.464360 -0.750522
v 0.629593 0.464541 -0.750676
v 0.688170 0.475792 -0.366114
v 0.650525 0.497558 -0.673840
v 0.663634 0.427671 -0.746998
v 0.663634 0.427671 -0.746998
v 0.679557 0.471937 -0.702939
v 0.679557 0.471937 -0.702939
v 0.664338 0.466851 -0.736710
v 0.664338 0.466851 -0.736710
v 0.664338 0.466851 -0.736710
v 0.000000 0.546770 -0.281723
v 0.669216 0.527712 -0.525428
v 0.002191 0.550814 -0.283319
v 0.002196 0.540866 -0.268320
v 0.002185 0.562489 -0.341886
v 0.002182 0.560650 -0.355301
v 0.002187 0.559736 -0.318446
v 0.002140 0.489851 -0.713890
v 0.002148 0.507341 -0.644035
v 0.002136 0.464347 -0.750583
v 0.289959 0.531057 -0.523811
v 0.288059 0.507045 -0.644026
v 0.286361 0.464324 -0.750752
v 0.286371 0.464198 -0.750946
v 0.286249 0.442568 -0.758422
v 0.292719 0.560440 -0.352411
v 0.286897 0.487171 -0.717519
v 0.293015 0.551669 -0.283080
v 0.292731 0.550814 -0.283318
v 0.293761 0.550336 -0.283318
v 0.293088 0.539471 -0.269394
v 0.294128 0.539161 -0.269404
v 0.294431 0.539372 -0.268945
v 0.293271 0.559556 -0.316386
v 0.669396 0.528891 -0.525165
v 0.002163 0.531044 -0.525046
v 0.002163 0.531653 -0.522504
v 0.000000 0.894388 -0.932535
v -0.000000 0.890965 -0.935497
v 0.000000 0.416850 -0.737840
v -0.572783 0.782685 -1.027002
v 0.000000 0.895144 -0.951482
v -0.001847 0.704267 -0.782851
v -0.000000 0.859466 -0.889300
v 0.001578 0.533328 -0.682102
v -0.000000 0.457173 -0.694899
v 0.000000 0.457173 -0.694899
v 0.000000 0.491246 -0.678614
v -0.000000 0.493377 -0.674676
v 0.678577 0.493559 -0.725033
v 0.680161 0.581801 -0.737497
v 0.611806 0.890748 -0.930667
v 0.681676 0.581694 -0.737432
v 0.572783 0.782685 -1.027002
v 0.597074 0.416850 -0.737840
v 0.586631 0.873629 -0.986191
v 0.586631 0.873629 -0.986191
v 0.612720 0.893234 -0.948449
v 0.670802 0.820060 -0.863182
v 0.670989 0.820566 -0.863423
v 0.649986 0.874207 -0.908890
v 0.649940 0.873371 -0.909907
v 0.649840 0.873217 -0.909963
v 0.593385 0.777947 -1.022553
v 0.637599 0.715283 -0.974681
v 0.614205 0.762953 -1.011700
v 0.614205 0.762953 -1.011700
v 0.631596 0.865919 -0.978951
v 0.631596 0.865919 -0.978951
v 0.671708 0.850468 -0.961866
v 0.671708 0.850468 -0.961866
v 0.671708 0.850468 -0.961866
v 0.693570 0.818022 -0.899004
v 0.667080 0.867686 -0.938166
v 0.667080 0.867686 -0.938166
v 0.668247 0.850755 -0.882792
v 0.668156 0.849826 -0.883276
v 0.684441 0.806715 -0.940887
v 0.626927 0.744142 -0.996694
v 0.636994 0.506642 -0.819667
v 0.584357 0.876638 -0.905584
v 0.655001 0.598024 -0.719197
v 0.655904 0.598201 -0.718802
v 0.629596 0.457173 -0.694899
v 0.629596 0.457173 -0.694899
v 0.617993 0.533142 -0.683862
v 0.630558 0.493112 -0.676600
v 0.687355 0.758374 -0.917856
v 0.644946 0.454147 -0.765711
v 0.630833 0.427774 -0.746003
v 0.630833 0.427774 -0.746003
v 0.651265 0.572508 -0.705611
v 0.663634 0.467956 -0.703289
v 0.663634 0.467956 -0.703289
v 0.663634 0.467956 -0.703289
v 0.679557 0.533052 -0.703694
v 0.679557 0.533052 -0.703694
v 0.664275 0.504876 -0.684495
v 0.664338 0.504952 -0.684284
v 0.669214 0.700633 -0.784551
v 0.002134 0.416850 -0.737840
v 0.002191 0.892939 -0.933442
v 0.002185 0.876591 -0.899670
v 0.002182 0.847171 -0.876970
v 0.002187 0.873440 -0.902892
v 0.002187 0.873440 -0.902892
v 0.002140 0.537817 -0.683410
v 0.002148 0.600228 -0.718208
v 0.002136 0.493125 -0.676613
v 0.002134 0.457173 -0.694899
v 0.289959 0.704101 -0.783218
v 0.288058 0.600030 -0.718430
v 0.286375 0.492924 -0.676836
v 0.286160 0.457189 -0.694930
v 0.293759 0.892729 -0.933656
v 0.294114 0.895115 -0.951462
v 0.294408 0.873611 -0.986180
v 0.292718 0.849233 -0.879110
v 0.293297 0.874893 -0.904418
v 0.293283 0.874835 -0.904455
v 0.286897 0.532852 -0.682608
v 0.669398 0.701653 -0.783864
v 0.002162 0.704165 -0.783101
v 0.001859 0.704272 -0.782833
v 0.572784 0.238967 -0.299645
v 0.603795 0.237790 -0.315325
v 0.603795 0.237790 -0.315325
v 0.634893 0.232179 -0.372762
v 0.637650 0.214951 -0.521177
v 0.637650 0.195699 -0.587994
v 0.636288 0.235646 -0.655432
v -0.165492 0.848830 -0.030769
v -0.165492 0.848830 -0.030769
v -0.165492 0.848830 -0.030769
v -0.180871 0.492272 0.080650
v -0.180761 0.492300 0.080667
v -0.218678 0.492688 0.080492
v -0.203665 1.057085 -0.038371
v -0.203665 1.057085 -0.038371
v -0.203665 1.057085 -0.038371
v -0.368321 1.070318 -0.038782
v -0.260580 1.070270 -0.038783
v -0.162075 0.843812 -0.032877
v -0.162075 0.843812 -0.032877
v -0.162075 0.843812 -0.032877
v -0.157134 0.817645 -0.015620
v -0.149697 0.787686 0.007409
v -0.140117 0.504827 0.082570
v -0.140117 0.504827 0.082570
v -0.147578 0.788841 0.008827
v -0.147578 0.788841 0.008827
v -0.147578 0.788841 0.008827
v -0.147578 0.788841 0.008827
v -0.100432 0.524411 0.111696
v -0.100432 0.524411 0.111696
v -0.168035 0.696652 0.000900
v -0.168035 0.696652 0.000900
v -0.151797 0.690719 0.023172
v -0.151797 0.690719 0.023172
v -0.151797 0.690719 0.023172
v -0.151797 0.690719 0.023172
v -0.126493 0.684423 0.051542
v -0.126493 0.684423 0.051542
v -0.098871 0.668506 0.071873
v -0.171223 0.642327 0.020168
v -0.171223 0.642327 0.020168
v -0.172344 0.695093 0.000432
v -0.315069 0.697288 -0.002384
v -0.147917 0.603477 0.050476
v -0.065498 0.591401 0.106981
v -0.173037 0.641855 0.018268
v -0.176687 0.568836 0.054095
v -0.176687 0.568836 0.054095
v -0.178386 0.568371 0.052396
v -0.158253 0.790203 -0.000313
v -0.196276 0.779137 -0.010482
v -0.259024 0.697347 -0.004540
v -0.158702 0.758132 0.011451
v -0.158702 0.758132 0.011451
v -0.142481 0.751729 0.020125
v -0.142481 0.751729 0.020125
v -0.136559 0.754888 0.027394
v -0.136559 0.754888 0.027394
v -0.165521 0.778012 -0.010486
v -0.182807 0.491509 0.078709
v -0.170047 0.695830 -0.001298
v -0.170090 0.695801 -0.001159
v -0.170087 0.695911 -0.001209
v -0.170087 0.695911 -0.001209
v -0.173274 0.641575 0.018092
v -0.178735 0.568064 0.052077
v -0.166438 0.761080 -0.008261
v -0.172018 0.695217 0.000776
v -0.200985 0.696822 -0.003404
v -0.278492 0.696935 -0.002422
v -0.278381 0.697771 -0.005151
v -0.165596 0.853077 -0.041378
v -0.165596 0.853077 -0.041378
v -0.184239 0.482090 0.075229
v -0.183913 0.482248 0.075306
v -0.232250 0.483183 0.076729
v -0.205421 1.062602 -0.046189
v -0.205421 1.062602 -0.046189
v -0.335905 0.483917 0.076500
v -0.278013 0.483835 0.076541
v -0.395982 1.074796 -0.046792
v -0.165671 0.489941 0.079227
v -0.165671 0.489941 0.079227
v -0.154607 0.819168 -0.022676
v -0.154607 0.819168 -0.022676
v -0.136807 0.496767 0.079012
v -0.136807 0.496767 0.079012
v -0.143178 0.790504 0.002743
v -0.142747 0.789851 0.003294
v -0.143178 0.790504 0.002743
v -0.095229 0.517825 0.108516
v -0.095229 0.517825 0.108516
v -0.098595 0.679631 0.062615
v -0.098595 0.679631 0.062615
v -0.071339 0.619955 0.088874
v -0.058819 0.584692 0.104940
v -0.130657 0.755114 0.022460
v -0.183747 0.473492 0.012971
v -0.205421 1.061861 -0.078625
v -0.205421 1.061861 -0.078625
v -0.205421 1.061861 -0.078625
v -0.315069 0.474325 0.012711
v -0.368809 1.075183 -0.078883
v -0.398001 1.073855 -0.078857
v -0.165671 0.478211 0.011340
v -0.164091 0.827463 -0.074487
v -0.164091 0.827463 -0.074487
v -0.136807 0.482537 0.009814
v -0.136807 0.482537 0.009814
v -0.146655 0.741383 -0.069109
v -0.144865 0.732538 -0.068288
v -0.117413 0.493176 0.006060
v -0.094885 0.503063 0.002470
v -0.095599 0.577089 -0.023752
v -0.095557 0.576997 -0.023519
v -0.136963 0.694454 -0.059615
v -0.136934 0.694279 -0.059846
v -0.178654 0.859795 -0.075112
v -0.180060 0.863535 -0.075153
v -0.184257 0.473219 0.013102
v -0.161272 0.847520 -0.036927
v -0.161251 0.847566 -0.036961
v -0.190935 1.032323 -0.036863
v -0.190717 1.033275 -0.036814
v -0.182016 0.963684 -0.036206
v -0.180958 0.967494 -0.035252
v -0.176507 0.909123 -0.033849
v -0.195028 1.038723 -0.078178
v -0.192399 1.030867 -0.078012
v -0.188237 0.975583 -0.076958
v -0.185846 0.914043 -0.075768
v -0.258151 1.070038 -0.038725
v -0.222706 1.065962 -0.038548
v -0.222706 1.065962 -0.038548
v -0.229783 1.073217 -0.045892
v -0.258737 1.074925 -0.078878
v -0.229857 1.073025 -0.078841
v -0.223877 1.070793 -0.078798
v -0.167632 0.789821 -0.011912
v -0.167632 0.789821 -0.011912
v -0.159876 0.789161 0.000781
v -0.159876 0.789161 0.000781
v -0.150030 0.787753 0.007506
v -0.150030 0.787753 0.007506
v -0.150030 0.787753 0.007506
v -0.165573 0.789180 -0.013447
v -0.077191 0.539389 0.114099
v -0.072467 0.541790 0.115754
v -0.059589 0.584481 0.105147
v -0.070973 0.534360 0.111121
v -0.070973 0.534360 0.111121
v -0.070973 0.534360 0.111121
v -0.060458 0.553421 0.110487
v -0.060458 0.553421 0.110487
v -0.094894 0.503136 0.002545
v -0.094894 0.503136 0.002545
v -0.083473 0.518967 -0.003042
v -0.083473 0.518967 -0.003042
v -0.315069 0.717681 -0.067183
v -0.464646 0.848830 -0.030769
v -0.464646 0.848830 -0.030769
v -0.464646 0.848830 -0.030769
v -0.449377 0.492300 0.080667
v -0.449271 0.492293 0.080620
v -0.426473 1.057085 -0.038371
v -0.426473 1.057085 -0.038371
v -0.426473 1.057085 -0.038371
v -0.468064 0.843812 -0.032877
v -0.468064 0.843812 -0.032877
v -0.468064 0.843812 -0.032877
v -0.473004 0.817645 -0.015620
v -0.480441 0.787686 0.007409
v -0.490021 0.504827 0.082570
v -0.490021 0.504827 0.082570
v -0.490021 0.504827 0.082570
v -0.482561 0.788841 0.008827
v -0.482561 0.788841 0.008827
v -0.482561 0.788841 0.008827
v -0.529706 0.524411 0.111696
v -0.529706 0.524411 0.111696
v -0.529706 0.524411 0.111696
v -0.462103 0.696652 0.000900
v -0.462103 0.696652 0.000900
v -0.478342 0.690719 0.023172
v -0.478342 0.690719 0.023172
v -0.478342 0.690719 0.023172
v -0.478342 0.690719 0.023172
v -0.503645 0.684423 0.051542
v -0.503645 0.684423 0.051542
v -0.531268 0.668506 0.071873
v -0.458915 0.642327 0.020168
v -0.458915 0.642327 0.020168
v -0.435237 0.695862 -0.000387
v -0.482221 0.603477 0.050476
v -0.564640 0.591401 0.106981
v -0.457101 0.641855 0.018268
v -0.453452 0.568836 0.054095
v -0.453452 0.568836 0.054095
v -0.451752 0.568372 0.052396
v -0.471885 0.790203 -0.000313
v -0.433863 0.779137 -0.010482
v -0.471436 0.758132 0.011451
v -0.471436 0.758132 0.011451
v -0.487657 0.751729 0.020125
v -0.487657 0.751729 0.020125
v -0.493579 0.754888 0.027393
v -0.493579 0.754888 0.027393
v -0.464617 0.778013 -0.010486
v -0.447331 0.491509 0.078709
v -0.460091 0.695830 -0.001298
v -0.460051 0.695911 -0.001209
v -0.460051 0.695911 -0.001209
v -0.456865 0.641575 0.018092
v -0.451403 0.568064 0.052077
v -0.463700 0.761080 -0.008261
v -0.412843 0.696435 -0.001431
v -0.459692 0.695993 -0.001659
v -0.413041 0.697192 -0.004180
v -0.457841 0.695041 0.001126
v -0.457841 0.695041 0.001126
v -0.464542 0.853077 -0.041378
v -0.464542 0.853077 -0.041378
v -0.446748 0.482404 0.075505
v -0.445899 0.482090 0.075229
v -0.387006 0.483330 0.076903
v -0.424717 1.062602 -0.046189
v -0.424717 1.062602 -0.046189
v -0.464467 0.489941 0.079227
v -0.464467 0.489941 0.079227
v -0.475531 0.819168 -0.022676
v -0.475531 0.819168 -0.022676
v -0.493331 0.496767 0.079012
v -0.493331 0.496767 0.079012
v -0.487391 0.789851 0.003294
v -0.486960 0.790504 0.002743
v -0.534909 0.517825 0.108516
v -0.534909 0.517825 0.108516
v -0.531543 0.679631 0.062615
v -0.531543 0.679631 0.062615
v -0.558800 0.619955 0.088874
v -0.571319 0.584692 0.104940
v -0.499481 0.755114 0.022460
v -0.424717 1.061861 -0.078625
v -0.424717 1.061861 -0.078625
v -0.424717 1.061861 -0.078625
v -0.464467 0.478211 0.011340
v -0.445546 0.473118 0.013074
v -0.466046 0.827466 -0.074487
v -0.466047 0.827463 -0.074487
v -0.493331 0.482537 0.009814
v -0.493331 0.482537 0.009814
v -0.483483 0.741383 -0.069109
v -0.485273 0.732538 -0.068288
v -0.512725 0.493176 0.006059
v -0.535253 0.503063 0.002470
v -0.534408 0.577407 -0.024374
v -0.534581 0.576997 -0.023519
v -0.493175 0.694454 -0.059615
v -0.493204 0.694279 -0.059846
v -0.451484 0.859795 -0.075112
v -0.450078 0.863535 -0.075153
v -0.445881 0.473219 0.013102
v -0.468867 0.847520 -0.036927
v -0.468887 0.847566 -0.036961
v -0.439203 1.032323 -0.036863
v -0.439421 1.033275 -0.036814
v -0.448123 0.963684 -0.036206
v -0.449180 0.967494 -0.035252
v -0.453631 0.909123 -0.033849
v -0.435110 1.038723 -0.078178
v -0.437739 1.030867 -0.078012
v -0.441901 0.975583 -0.076958
v -0.444292 0.914043 -0.075768
v -0.371987 1.070038 -0.038725
v -0.407432 1.065962 -0.038548
v -0.407432 1.065962 -0.038548
v -0.406261 1.070793 -0.078798
v -0.462506 0.789821 -0.011912
v -0.462506 0.789821 -0.011912
v -0.470262 0.789161 0.000781
v -0.470262 0.789161 0.000781
v -0.480109 0.787753 0.007506
v -0.480109 0.787753 0.007506
v -0.480109 0.787753 0.007506
v -0.464566 0.789180 -0.013447
v -0.552948 0.539389 0.114099
v -0.557672 0.541790 0.115754
v -0.570549 0.584481 0.105147
v -0.559166 0.534360 0.111121
v -0.559166 0.534360 0.111121
v -0.559166 0.534360 0.111121
v -0.569680 0.553421 0.110487
v -0.569680 0.553421 0.110487
v -0.535244 0.503136 0.002545
v -0.535244 0.503136 0.002545
v -0.546665 0.518967 -0.003042
v -0.546665 0.518967 -0.003042
v -0.439016 0.468776 -0.019129
v -0.437354 0.470500 -0.018473
v -0.474600 0.518495 0.393480
v -0.190143 0.469283 -0.019081
v -0.158290 0.516706 0.393353
v -0.499426 0.515446 0.382665
v -0.470416 0.469234 -0.022113
v -0.500721 0.474995 -0.006482
v -0.556964 0.527811 0.245155
v -0.537947 0.499890 0.043719
v -0.437352 0.470291 -0.018776
v -0.437352 0.470291 -0.018776
v -0.473176 0.519107 0.393794
v -0.473176 0.519107 0.393794
v -0.457714 0.468347 0.187253
v -0.500114 0.501427 0.159704
v -0.537769 0.533230 0.152641
v -0.558335 0.535829 0.199356
v -0.455513 0.472064 0.142947
v -0.412633 0.467366 0.188232
v -0.228495 0.466998 0.188721
v -0.569302 0.534910 0.141233
v -0.455231 0.469282 0.185693
v -0.444601 0.474690 0.062177
v -0.183045 0.473859 0.062993
v -0.510469 0.499283 0.050318
v -0.558151 0.526344 0.089797
v -0.444382 0.474928 0.062185
v -0.413488 0.467658 0.191719
v -0.227680 0.467266 0.192214
v -0.455666 0.469887 0.189178
v -0.475233 0.517507 0.393569
v -0.439398 0.468450 -0.018794
v -0.439398 0.468450 -0.018794
v -0.457355 0.467215 0.187339
v -0.446430 0.473134 0.062126
v -0.412692 0.467075 0.188211
v -0.455822 0.468148 0.190894
v -0.457645 0.466105 0.188633
v -0.412846 0.464862 0.190015
v -0.315069 0.466590 0.188827
v -0.315069 0.464377 0.190631
v -0.455106 0.469154 0.185691
v -0.475129 0.512506 0.401476
v -0.475129 0.512506 0.401476
v -0.475129 0.512506 0.401476
v -0.437966 0.461631 -0.026165
v -0.437966 0.461631 -0.026165
v -0.437966 0.461631 -0.026165
v -0.391970 0.463952 -0.025755
v -0.391970 0.463952 -0.025755
v -0.394671 0.509105 0.407197
v -0.395670 0.509270 0.406950
v -0.315069 0.463366 -0.024900
v -0.243536 0.463781 -0.025359
v -0.471602 0.468328 -0.020440
v -0.502832 0.511037 0.387580
v -0.516997 0.513203 0.359963
v -0.500466 0.474180 -0.005748
v -0.500466 0.474180 -0.005748
v -0.557321 0.525717 0.250453
v -0.542425 0.519184 0.303285
v -0.537896 0.499733 0.043878
v -0.567393 0.532336 0.180563
v -0.567393 0.532336 0.180563
v -0.568700 0.533960 0.140993
v -0.557480 0.524991 0.090022
v -0.410902 0.357852 -0.008500
v -0.360612 0.389269 0.391341
v -0.193618 0.368081 -0.022722
v -0.315069 0.367922 -0.023962
v -0.315069 0.367922 -0.023962
v -0.315069 0.367922 -0.023962
v -0.315069 0.367922 -0.023962
v -0.315069 0.401886 0.409035
v -0.315069 0.401767 0.408325
v -0.440859 0.358289 -0.003762
v -0.440859 0.358289 -0.003762
v -0.480857 0.386353 0.351988
v -0.464243 0.359243 0.007764
v -0.504739 0.382096 0.297234
v -0.498684 0.362810 0.052207
v -0.527979 0.371357 0.160082
v -0.517375 0.366195 0.094740
v -0.518587 0.377216 0.234821
v -0.451211 0.388873 0.384779
v -0.411078 0.357857 -0.008459
v -0.503051 0.511273 0.388175
v -0.492763 0.511604 0.396294
v -0.502117 0.511448 0.387181
v -0.464858 0.388882 0.379852
v -0.377275 0.401832 0.406933
v -0.315069 0.357806 -0.006345
v -0.474936 0.369616 -0.005254
v -0.474936 0.369616 -0.005254
v -0.445904 0.368429 -0.019564
v -0.445904 0.368429 -0.019564
v -0.533048 0.377195 0.089550
v -0.533048 0.377195 0.089550
v -0.512934 0.373552 0.043779
v -0.512934 0.373552 0.043779
v -0.512934 0.373552 0.043779
v -0.481708 0.400490 0.386723
v -0.495678 0.398320 0.359113
v -0.526051 0.392678 0.287121
v -0.520451 0.393904 0.302317
v -0.534750 0.388865 0.237874
v -0.544429 0.382757 0.159960
v -0.544429 0.382757 0.159960
v -0.468850 0.401294 0.397891
v -0.454291 0.401526 0.400983
v -0.471864 0.401140 0.395612
v -0.481112 0.400437 0.386419
v -0.481112 0.400437 0.386419
v -0.441437 0.284228 0.056301
v -0.441437 0.284228 0.056301
v -0.466410 0.284228 0.347290
v -0.466410 0.284228 0.347290
v -0.466410 0.377728 0.051340
v -0.466410 0.377728 0.051340
v -0.441437 0.377728 0.051340
v -0.441437 0.377728 0.051340
v -0.466410 0.284228 0.056301
v -0.466410 0.284228 0.056301
v -0.441437 0.284228 0.347290
v -0.441437 0.284228 0.347290
v -0.466410 0.396562 0.363092
v -0.466410 0.396562 0.363092
v -0.441437 0.396562 0.363092
v -0.441437 0.396562 0.363092
v -0.152848 0.519861 0.393343
v -0.152848 0.519861 0.393343
v -0.188694 0.470561 -0.018812
v -0.188694 0.470561 -0.018812
v -0.130712 0.515446 0.382665
v -0.159722 0.469234 -0.022113
v -0.129417 0.474995 -0.006482
v -0.073174 0.527811 0.245155
v -0.092191 0.499890 0.043719
v -0.156962 0.519107 0.393794
v -0.170927 0.469946 0.186861
v -0.170983 0.469962 0.187430
v -0.130024 0.501427 0.159704
v -0.092369 0.533230 0.152641
v -0.071803 0.535829 0.199356
v -0.174625 0.472064 0.142947
v -0.060836 0.534910 0.141233
v -0.174907 0.469282 0.185693
v -0.181659 0.475292 0.062067
v -0.181659 0.475292 0.062067
v -0.119670 0.499283 0.050318
v -0.071987 0.526344 0.089797
v -0.174472 0.469887 0.189178
v -0.154905 0.517507 0.393569
v -0.154905 0.517507 0.393569
v -0.190740 0.468450 -0.018794
v -0.172783 0.467215 0.187339
v -0.172766 0.467688 0.187338
v -0.172861 0.467604 0.186997
v -0.183708 0.473134 0.062126
v -0.217446 0.467075 0.188211
v -0.174586 0.469108 0.189693
v -0.172628 0.466623 0.188074
v -0.217292 0.464862 0.190015
v -0.175032 0.469154 0.185691
v -0.155009 0.512506 0.401476
v -0.155009 0.512506 0.401476
v -0.155009 0.512506 0.401476
v -0.155009 0.512506 0.401476
v -0.192172 0.461631 -0.026165
v -0.192172 0.461631 -0.026165
v -0.192172 0.461631 -0.026165
v -0.192172 0.461631 -0.026165
v -0.238168 0.463952 -0.025755
v -0.232089 0.509397 0.406544
v -0.232089 0.509397 0.406544
v -0.158536 0.468328 -0.020440
v -0.158536 0.468328 -0.020440
v -0.127306 0.511037 0.387580
v -0.113141 0.513203 0.359963
v -0.129672 0.474180 -0.005748
v -0.072817 0.525717 0.250453
v -0.087713 0.519184 0.303285
v -0.092242 0.499733 0.043878
v -0.062746 0.532336 0.180562
v -0.062746 0.532336 0.180562
v -0.061438 0.533960 0.140993
v -0.072659 0.524991 0.090022
v -0.219237 0.357852 -0.008500
v -0.253680 0.389170 0.390554
v -0.189279 0.358289 -0.003762
v -0.189279 0.358289 -0.003762
v -0.149281 0.386353 0.351987
v -0.165895 0.359243 0.007764
v -0.125399 0.382096 0.297234
v -0.131454 0.362810 0.052207
v -0.102159 0.371357 0.160082
v -0.112763 0.366195 0.094740
v -0.111551 0.377216 0.234821
v -0.178927 0.388873 0.384779
v -0.219060 0.357857 -0.008459
v -0.127087 0.511273 0.388175
v -0.137375 0.511604 0.396294
v -0.128021 0.511448 0.387181
v -0.165281 0.388882 0.379852
v -0.252863 0.401832 0.406933
v -0.155202 0.369616 -0.005254
v -0.155202 0.369616 -0.005254
v -0.155202 0.369616 -0.005254
v -0.184234 0.368429 -0.019564
v -0.097090 0.377195 0.089550
v -0.097090 0.377195 0.089550
v -0.117204 0.373552 0.043779
v -0.117204 0.373552 0.043779
v -0.134460 0.398320 0.359113
v -0.148430 0.400490 0.386723
v -0.109687 0.393904 0.302317
v -0.104087 0.392678 0.287121
v -0.095388 0.388865 0.237874
v -0.085709 0.382757 0.159960
v -0.085709 0.382757 0.159960
v -0.161288 0.401294 0.397891
v -0.175847 0.401526 0.400983
v -0.158274 0.401140 0.395612
v -0.149026 0.400437 0.386419
v -0.149026 0.400437 0.386419
v -0.188701 0.284228 0.056301
v -0.188701 0.284228 0.056301
v -0.163728 0.284228 0.347290
v -0.163728 0.284228 0.347290
v -0.163728 0.377728 0.051340
v -0.163728 0.377728 0.051340
v -0.188701 0.377728 0.051340
v -0.188701 0.377728 0.051340
v -0.163728 0.284228 0.056301
v -0.163728 0.284228 0.056301
v -0.188701 0.284228 0.347290
v -0.188701 0.284228 0.347290
v -0.163728 0.396562 0.363092
v -0.163728 0.396562 0.363092
v -0.188701 0.396562 0.363092
v -0.188701 0.396562 0.363092
v -0.678505 0.429934 -0.717453
v -0.679905 0.480668 -0.644240
v -0.585332 0.550814 -0.283318
v -0.585335 0.550835 -0.283302
v -0.681676 0.480641 -0.644385
v -0.572784 0.407138 -0.299645
v -0.586631 0.499143 -0.261286
v -0.586043 0.539471 -0.269394
v -0.586043 0.539471 -0.269394
v -0.670797 0.551882 -0.384780
v -0.670989 0.552314 -0.384007
v -0.620329 0.551540 -0.290859
v -0.620341 0.551552 -0.290853
v -0.649572 0.556475 -0.312911
v -0.649940 0.554576 -0.313694
v -0.649813 0.554445 -0.313795
v -0.603795 0.405962 -0.315325
v -0.603795 0.405962 -0.315325
v -0.636105 0.398891 -0.376396
v -0.631596 0.499143 -0.271863
v -0.671708 0.501021 -0.294821
v -0.671708 0.501021 -0.294821
v -0.693570 0.524635 -0.361506
v -0.627332 0.539471 -0.278794
v -0.667080 0.530084 -0.298494
v -0.667080 0.530084 -0.298494
v -0.668221 0.558523 -0.348734
v -0.668156 0.557871 -0.349087
v -0.655008 0.505135 -0.644974
v -0.655322 0.504889 -0.644937
v -0.637888 0.361601 -0.710994
v -0.629892 0.442768 -0.758410
v -0.619349 0.486221 -0.716737
v -0.630009 0.464360 -0.750522
v -0.629593 0.464541 -0.750676
v -0.688170 0.475792 -0.366114
v -0.650525 0.497558 -0.673840
v -0.663634 0.427671 -0.746998
v -0.663634 0.427671 -0.746998
v -0.679557 0.471937 -0.702939
v -0.679557 0.471937 -0.702939
v -0.664338 0.466851 -0.736710
v -0.664338 0.466851 -0.736710
v -0.664338 0.466851 -0.736710
v -0.669216 0.527712 -0.525428
v -0.002191 0.550814 -0.283319
v -0.002196 0.540866 -0.268320
v -0.002194 0.539471 -0.269394
v -0.002185 0.562489 -0.341886
v -0.002182 0.560650 -0.355301
v -0.002187 0.559736 -0.318446
v -0.002140 0.489851 -0.713890
v -0.002148 0.507341 -0.644035
v -0.002140 0.487467 -0.717532
v -0.002136 0.464347 -0.750583
v -0.002136 0.464347 -0.750583
v -0.002135 0.442693 -0.758396
v -0.289959 0.531057 -0.523811
v -0.288059 0.507045 -0.644026
v -0.286361 0.464324 -0.750752
v -0.286371 0.464198 -0.750946
v -0.286249 0.442568 -0.758422
v -0.292719 0.560440 -0.352411
v -0.286897 0.487171 -0.717519
v -0.293015 0.551669 -0.283080
v -0.292731 0.550814 -0.283318
v -0.293761 0.550336 -0.283318
v -0.293088 0.539471 -0.269394
v -0.293941 0.539387 -0.268672
v -0.294128 0.539161 -0.269404
v -0.294408 0.499109 -0.261301
v -0.293271 0.559556 -0.316386
v -0.669396 0.528891 -0.525165
v -0.002163 0.531044 -0.525046
v -0.002163 0.531653 -0.522504
v -0.678577 0.493559 -0.725033
v -0.680161 0.581801 -0.737497
v -0.611806 0.890748 -0.930667
v -0.681676 0.581694 -0.737432
v -0.597074 0.416850 -0.737840
v -0.586631 0.873629 -0.986191
v -0.586631 0.873629 -0.986191
v -0.612720 0.893234 -0.948449
v -0.670802 0.820060 -0.863182
v -0.670989 0.820566 -0.863423
v -0.649986 0.874207 -0.908890
v -0.649940 0.873371 -0.909907
v -0.649840 0.873217 -0.909963
v -0.593385 0.777947 -1.022553
v -0.637599 0.715283 -0.974681
v -0.614205 0.762953 -1.011700
v -0.614205 0.762953 -1.011700
v -0.631596 0.865919 -0.978951
v -0.631596 0.865919 -0.978951
v -0.671708 0.850468 -0.961866
v -0.671708 0.850468 -0.961866
v -0.671708 0.850468 -0.961866
v -0.693570 0.818022 -0.899004
v -0.667080 0.867686 -0.938166
v -0.667080 0.867686 -0.938166
v -0.668247 0.850755 -0.882792
v -0.668156 0.849826 -0.883276
v -0.684441 0.806715 -0.940887
v -0.626927 0.744142 -0.996694
v -0.636994 0.506642 -0.819667
v -0.584357 0.876638 -0.905584
v -0.655001 0.598024 -0.719197
v -0.655904 0.598201 -0.718802
v -0.629596 0.457173 -0.694899
v -0.629596 0.457173 -0.694899
v -0.617993 0.533142 -0.683862
v -0.630558 0.493112 -0.676600
v -0.687355 0.758374 -0.917856
v -0.644946 0.454147 -0.765711
v -0.630833 0.427774 -0.746003
v -0.630833 0.427774 -0.746003
v -0.651265 0.572508 -0.705611
v -0.663634 0.467956 -0.703289
v -0.663634 0.467956 -0.703289
v -0.663634 0.467956 -0.703289
v -0.679557 0.533052 -0.703694
v -0.679557 0.533052 -0.703694
v -0.664275 0.504876 -0.684495
v -0.664338 0.504952 -0.684284
v -0.669214 0.700633 -0.784551
v -0.002134 0.416850 -0.737840
v -0.002191 0.892939 -0.933442
v -0.002185 0.876591 -0.899670
v -0.002182 0.847171 -0.876970
v -0.002187 0.873440 -0.902892
v -0.002187 0.873440 -0.902892
v -0.002140 0.537817 -0.683410
v -0.002148 0.600228 -0.718208
v -0.002139 0.533045 -0.682384
v -0.002136 0.493125 -0.676613
v -0.002134 0.457173 -0.694899
v -0.289959 0.704101 -0.783218
v -0.288058 0.600030 -0.718430
v -0.286375 0.492924 -0.676836
v -0.286160 0.457189 -0.694930
v -0.293759 0.892729 -0.933656
v -0.294114 0.895115 -0.951462
v -0.294407 0.873621 -0.986186
v -0.292718 0.849233 -0.879110
v -0.293297 0.874893 -0.904418
v -0.293283 0.874835 -0.904455
v -0.286897 0.532852 -0.682608
v -0.669398 0.701653 -0.783863
v -0.002162 0.704165 -0.783101
v -0.572784 0.238967 -0.299645
v -0.603795 0.237790 -0.315325
v -0.603795 0.237790 -0.315325
v -0.634893 0.232179 -0.372762
v -0.637650 0.214951 -0.521177
v -0.637650 0.195699 -0.587994
v -0.636288 0.235646 -0.655432
vn 0.8846 0.1226 0.4500
vn 0.2982 0.2234 0.9280
vn -0.8969 0.2677 0.3519
vn 0.0493 0.6300 0.7751
vn 0.4996 0.2632 0.8253
vn -0.9648 0.2629 0.0084
vn 0.1841 0.2238 0.9571
vn -0.3464 0.1783 0.9210
vn -0.8597 0.2929 0.4184
vn -0.1947 0.3805 0.9041
vn -0.1003 -0.1005 0.9899
vn 0.0119 0.4527 0.8916
vn -0.8846 0.1227 0.4500
vn 0.8969 0.2677 0.3519
vn -0.2981 0.2257 0.9275
vn -0.0479 0.6305 0.7747
vn 0.9648 0.2630 0.0083
vn -0.4987 0.2637 0.8257
vn -0.0717 0.3450 0.9359
vn 0.8597 0.2929 0.4184
vn 0.3464 0.1783 0.9210
vn 0.1943 0.3789 0.9048
vn -0.0091 0.4535 0.8912
vn 0.0888 -0.1096 0.9900
vn -0.1220 0.9707 0.2072
vn 0.2635 0.9463 0.1872
vn 0.1662 0.4022 0.9003
vn 0.2713 0.8725 -0.4063
vn -0.0807 0.8930 -0.4429
vn 0.0182 0.3218 -0.9466
vn 0.3830 0.5590 0.7354
vn 0.7370 0.3314 0.5890
vn 0.2688 0.9593 0.0860
vn 0.1800 0.8311 0.5262
vn -0.1662 0.4025 0.9002
vn 0.1220 0.9709 0.2059
vn 0.8588 0.4887 0.1535
vn 0.4707 0.2751 0.8383
vn 0.2076 0.9774 0.0391
vn 0.0805 0.8929 -0.4431
vn -0.0187 0.3221 -0.9465
vn 0.3342 0.8471 -0.4131
vn -0.4277 0.4775 0.7675
vn -0.2866 0.9542 0.0854
vn -0.7370 0.3314 0.5891
vn 0.7809 -0.0661 -0.6211
vn 0.9471 -0.2323 -0.2213
vn 0.9484 -0.3167 -0.0140
vn -0.3523 0.9116 -0.2117
vn -0.0250 0.9775 -0.2096
vn -0.4370 0.8890 -0.1370
vn -0.4961 0.2312 0.8370
vn -0.3127 0.0426 0.9489
vn 0.0065 0.1075 0.9942
vn 0.3510 -0.1348 0.9266
vn 0.6478 0.4738 0.5966
vn 0.3396 0.4853 0.8057
vn 0.6781 0.2645 0.6857
vn 0.7615 0.1337 0.6343
vn 0.7286 0.2107 0.6517
vn -0.6754 0.2759 0.6839
vn -0.0435 0.3764 0.9254
vn -0.5294 0.3328 0.7804
vn 0.5294 0.3330 0.7803
vn 0.4668 0.2942 0.8340
vn -0.6753 0.2759 0.6840
vn -0.5904 0.1869 0.7852
vn -0.7476 0.1797 0.6394
vn -0.3588 0.3783 0.8533
vn -0.6650 0.1707 0.7271
vn 0.0440 0.3760 0.9256
vn 0.0048 -0.0225 0.9997
vn -0.0186 -0.0253 0.9995
vn 0.8572 0.4364 0.2734
vn 0.8823 0.1660 0.4405
vn -0.2568 0.9654 -0.0447
vn 0.2695 0.9607 0.0665
vn -0.1778 0.5231 0.8335
vn -0.6873 0.1505 0.7106
vn 0.5918 0.1868 0.7841
vn 0.2514 0.4122 0.8757
vn -0.7622 0.2099 0.6124
vn -0.6764 0.1612 0.7187
vn 0.7906 0.0728 0.6080
vn 0.6573 0.0422 -0.7525
vn 0.8912 -0.0810 -0.4463
vn 0.7455 -0.1008 -0.6588
vn 0.2480 0.6198 0.7445
vn -0.0195 0.5134 0.8579
vn -0.2538 0.2578 0.9322
vn 0.1436 -0.8171 0.5583
vn -0.0859 -0.1285 0.9880
vn 0.1649 -0.6724 0.7216
vn -0.0480 0.6305 0.7747
vn 0.8679 0.4285 0.2513
vn 0.8396 0.4844 0.2459
vn 0.1623 -0.2241 0.9610
vn 0.1390 -0.2276 0.9638
vn 0.0933 -0.0136 0.9955
vn 0.4751 0.2213 0.8516
vn 0.0493 0.6300 0.7750
vn -0.9350 0.3337 0.1199
vn -0.8368 0.4988 0.2257
vn 0.8135 0.5054 0.2878
vn 0.1326 -0.8533 0.5042
vn -0.0170 -0.7919 0.6104
vn -0.9548 0.2926 0.0534
vn -0.9016 0.2992 -0.3123
vn -0.6300 0.1486 -0.7623
vn -0.1966 -0.6360 0.7462
vn -0.1135 -0.8401 0.5305
vn 0.5068 0.4754 0.7191
vn 0.9491 0.3077 -0.0667
vn 0.6787 0.7136 0.1739
vn -0.7454 0.4618 0.4807
vn -0.8517 0.2926 0.4347
vn -0.9385 0.3238 -0.1203
vn -0.9429 0.3158 -0.1058
vn -0.7539 0.5964 0.2755
vn -0.1695 -0.8182 0.5493
vn -0.2392 -0.7736 0.5868
vn -0.6006 -0.6461 -0.4709
vn -0.2479 -0.8647 -0.4368
vn 0.6897 0.1742 -0.7028
vn 0.5642 0.5052 -0.6530
vn -0.8556 0.4633 0.2308
vn -0.8480 0.4765 0.2318
vn -0.5975 -0.0581 -0.7998
vn 0.6265 -0.0776 -0.7755
vn 0.8586 0.4613 0.2238
vn 0.9165 0.2094 0.3407
vn 0.2421 -0.8582 -0.4526
vn 0.1623 -0.7482 0.6434
vn 0.0758 -0.8456 -0.5284
vn 0.7266 -0.3345 -0.6001
vn 0.1152 -0.7992 0.5899
vn -0.0047 -0.7677 0.6408
vn 0.6271 0.0073 -0.7789
vn 0.8505 0.4685 0.2392
vn 0.5985 -0.0579 -0.7990
vn -0.6444 0.0211 -0.7644
vn -0.9579 0.2799 -0.0641
vn -0.5045 0.4836 0.7152
vn -0.6787 0.7136 0.1738
vn -0.5920 0.1653 -0.7888
vn 0.9876 0.0609 -0.1445
vn 0.5893 0.1457 -0.7947
vn 0.7503 0.4596 0.4753
vn 0.9381 0.3407 0.0620
vn 0.9886 0.1471 -0.0304
vn 0.1992 0.5320 0.8230
vn 0.6373 0.7490 0.1811
vn 0.1884 0.9348 0.3011
vn -0.4968 0.4776 0.7246
vn -0.7112 0.2447 0.6591
vn 0.7497 0.2338 0.6191
vn 0.1666 0.5323 0.8300
vn 0.0093 0.0970 0.9952
vn -0.0000 0.1116 0.9938
vn -0.8429 0.1203 0.5245
vn -0.1562 0.5364 0.8294
vn -0.7454 0.4619 0.4807
vn -0.3938 0.1813 0.9011
vn -0.9595 0.2759 -0.0563
vn 0.8322 -0.0790 0.5488
vn 0.7195 -0.6378 0.2748
vn 0.6697 -0.5425 0.5071
vn 0.8689 -0.1937 0.4554
vn -0.6847 -0.4296 -0.5887
vn -0.8421 -0.1964 0.5022
vn -0.9181 0.2100 0.3362
vn 0.2373 -0.7918 0.5628
vn -0.0055 0.8855 0.4647
vn -0.0000 0.9993 -0.0374
vn -0.0300 0.9985 -0.0452
vn -0.7183 -0.5258 -0.4556
vn -0.5440 -0.8309 -0.1171
vn -0.8058 -0.5534 -0.2109
vn -0.0000 -0.0193 -0.9998
vn -0.0000 -0.0155 -0.9999
vn 0.7365 -0.0942 0.6698
vn 0.7087 -0.0374 -0.7045
vn 0.6575 -0.1050 0.7461
vn 0.1009 -0.4494 -0.8876
vn 0.0007 -0.3364 -0.9417
vn 0.0047 -0.2081 -0.9781
vn -0.2510 -0.8062 -0.5358
vn -0.4976 -0.7276 -0.4722
vn -0.1167 -0.3454 -0.9312
vn -0.6895 -0.4311 -0.5820
vn 0.6306 0.1504 -0.7614
vn 0.0025 -0.1196 -0.9928
vn 0.0019 -0.0467 -0.9989
vn -0.6725 0.1895 -0.7154
vn -0.5555 0.5261 -0.6439
vn -0.2056 0.6978 -0.6861
vn -0.0095 0.7709 0.6368
vn -0.0061 0.3162 0.9487
vn 0.0023 0.7776 0.6288
vn 0.0046 -0.8127 0.5826
vn 0.1508 0.6806 -0.7169
vn 0.5394 0.5310 -0.6535
vn 0.0199 0.7844 0.6199
vn 0.0019 0.9434 0.3318
vn 0.0045 0.7924 0.6100
vn -0.0842 -0.8518 -0.5170
vn -0.2508 -0.8557 -0.4526
vn -0.8666 0.4283 0.2562
vn 0.7426 0.0493 0.6679
vn 0.0493 0.6301 0.7750
vn 0.6515 0.1324 0.7470
vn -0.7620 0.2105 0.6124
vn -0.0049 -0.0951 0.9955
vn -0.1621 0.5787 0.7993
vn -0.2374 0.5848 0.7757
vn 0.2509 0.2547 0.9339
vn -0.5298 0.3332 0.7799
vn -0.6450 -0.5776 0.5003
vn -0.0116 0.3494 0.9369
vn -0.2100 0.3507 0.9127
vn 0.0008 0.3712 0.9285
vn 0.3773 -0.0657 0.9238
vn 0.0436 0.3764 0.9254
vn 0.5294 0.3328 0.7804
vn -0.1744 0.5210 0.8356
vn -0.7262 0.1847 0.6621
vn 0.2783 0.1366 0.9507
vn 0.0241 0.1003 0.9947
vn 0.2546 0.4142 0.8739
vn 0.6145 0.1767 0.7689
vn -0.2814 0.0342 0.9590
vn -0.4467 0.1869 0.8749
vn -0.0933 -0.0136 0.9955
vn 0.9151 0.3823 0.1278
vn -0.6678 -0.5226 0.5300
vn -0.3375 -0.8212 0.4601
vn -0.4193 -0.4802 0.7705
vn -0.2351 -0.7844 0.5739
vn 0.4832 0.2099 0.8499
vn 0.6300 0.1486 -0.7623
vn 0.7454 0.4618 0.4807
vn 0.7539 0.5964 0.2756
vn 0.9274 0.3623 -0.0936
vn 0.9224 0.3709 -0.1077
vn 0.8517 0.2926 0.4347
vn 0.1618 -0.8195 0.5498
vn 0.6024 -0.6330 -0.4862
vn 0.2494 -0.7638 0.5953
vn -0.2197 0.9755 0.0084
vn 0.1909 0.9813 0.0266
vn -0.7503 0.4596 0.4753
vn -0.3177 -0.4905 0.8115
vn -0.2222 0.4038 0.8875
vn -0.6950 0.3271 0.6403
vn -0.1474 0.6768 -0.7213
vn -0.6324 0.7534 0.1799
vn -0.1666 0.9381 0.3035
vn -0.4371 0.5630 -0.7015
vn -0.0054 0.3450 -0.9386
vn -0.1807 0.2840 -0.9416
vn 0.2486 -0.4509 -0.8573
vn 0.0199 0.3476 -0.9374
vn 0.0183 0.3218 -0.9466
vn 0.7354 0.2389 0.6342
vn 0.4990 0.4694 0.7285
vn -0.7564 0.2808 0.5908
vn 0.8343 0.1141 0.5394
vn -0.7563 0.2808 0.5909
vn 0.3938 0.1813 0.9011
vn 0.9953 -0.0634 -0.0736
vn -0.3628 -0.8509 -0.3800
vn -0.5608 -0.4362 -0.7037
vn 0.2556 -0.4457 -0.8579
vn 0.3628 -0.8509 -0.3800
vn 0.1454 -0.8413 -0.5206
vn -0.0022 -0.2501 -0.9682
vn -0.0020 -0.1499 -0.9887
vn -0.8016 -0.0778 0.5928
vn -0.6931 -0.6706 0.2643
vn 0.2852 -0.7743 -0.5649
vn -0.1015 -0.3885 -0.9159
vn 0.3918 -0.7769 -0.4930
vn 0.7296 -0.3334 -0.5972
vn 0.0412 0.9121 0.4078
vn -0.1939 0.5582 0.8067
vn 0.0992 0.5054 0.8571
vn 0.8881 0.4461 0.1106
vn 0.0937 0.9857 0.1398
vn 0.0465 0.9985 -0.0285
vn 0.7616 0.1328 0.6343
vn 0.2064 0.6982 -0.6855
vn 0.5513 0.5190 -0.6532
vn 0.7016 0.2022 -0.6832
vn 0.8220 -0.5624 0.0897
vn 0.8987 0.4214 -0.1216
vn 0.9200 0.3734 0.1191
vn 0.0842 -0.8518 -0.5170
vn 0.2433 -0.8488 -0.4694
vn 0.6682 0.7439 -0.0131
vn 0.6695 0.7428 -0.0083
vn 0.6150 0.7860 -0.0636
vn -0.6313 0.7743 -0.0448
vn -0.3497 0.9335 -0.0788
vn -0.7460 -0.5261 0.4082
vn 0.0015 0.5408 0.8411
vn -0.0413 0.9423 0.3323
vn -0.3974 0.4945 0.7730
vn -0.0068 0.9040 -0.4274
vn 0.0653 0.9881 0.1393
vn 0.6006 0.7994 0.0144
vn 0.3633 0.9111 -0.1948
vn 0.5984 -0.7585 0.2580
vn 0.2257 -0.6480 0.7274
vn 0.1291 -0.7698 0.6251
vn 0.9119 0.3984 -0.0991
vn 0.3520 0.8871 -0.2986
vn 0.2329 0.9373 -0.2592
vn 0.0148 0.9987 0.0492
vn -0.3562 0.9344 0.0102
vn -0.0021 0.9170 -0.3988
vn -0.3563 0.9149 -0.1896
vn -0.3041 0.9040 -0.3005
vn 0.2053 0.8093 -0.5503
vn -0.2860 0.9350 -0.2097
vn 0.0469 0.9989 -0.0028
vn 0.5184 0.8551 0.0023
vn -0.1416 0.7930 -0.5925
vn -0.3970 0.8882 -0.2314
vn -0.3306 0.8556 0.3982
vn 0.0014 0.9856 -0.1692
vn 0.0094 0.9970 -0.0766
vn -0.0079 0.9970 -0.0776
vn 0.7375 0.6235 0.2595
vn 0.0052 0.8844 0.4668
vn -0.2809 0.9076 0.3121
vn -0.0000 0.8871 0.4615
vn 0.0480 0.4753 0.8785
vn -0.8337 0.3469 0.4297
vn -0.1049 0.9811 0.1627
vn -0.8844 0.4538 0.1091
vn 0.0068 0.9751 0.2215
vn 0.3509 0.4445 0.8242
vn 0.2385 0.0897 0.9670
vn 0.8526 0.1313 0.5058
vn 0.3484 0.9344 -0.0750
vn 0.2653 0.9460 0.1865
vn 0.0300 0.4698 0.8823
vn 0.2248 0.4042 0.8866
vn 0.8246 0.5043 -0.2565
vn 0.9407 0.3265 -0.0922
vn -0.0287 0.4642 0.8852
vn -0.0025 -0.4526 0.8917
vn -0.8221 -0.5621 0.0899
vn -0.9168 0.3815 0.1178
vn -0.9033 0.4098 -0.1270
vn 0.6165 0.7472 -0.2483
vn 0.8575 0.5129 -0.0392
vn -0.8108 0.4083 -0.4194
vn 0.7437 0.3457 -0.5722
vn 0.8119 0.4236 -0.4017
vn 0.8291 -0.5234 -0.1968
vn -0.0080 0.3916 -0.9201
vn -0.1660 -0.5145 -0.8413
vn -0.5609 -0.4362 -0.7037
vn -0.5179 0.3854 -0.7637
vn -0.3257 0.1976 -0.9246
vn -0.6536 -0.5092 0.5600
vn 0.8495 0.3428 0.4012
vn 0.9632 0.2423 0.1167
vn 0.8103 0.3440 0.4744
vn -0.0108 -0.8672 -0.4979
vn -0.0000 -0.8672 -0.4979
vn -0.0000 -0.5020 -0.8648
vn -0.0269 -0.7952 0.6058
vn 0.0030 -0.4496 0.8932
vn -0.0389 -0.4334 0.9003
vn -0.1887 -0.4619 -0.8666
vn -0.5490 -0.8295 0.1028
vn -0.8244 -0.5600 0.0826
vn -0.8020 -0.5155 0.3017
vn -0.4984 -0.8066 0.3179
vn -0.5547 -0.8148 0.1687
vn -0.8253 -0.5313 0.1912
vn -0.1930 -0.7194 0.6672
vn -0.1278 -0.7933 0.5952
vn -0.1642 -0.4511 0.8773
vn 0.1499 -0.0874 -0.9848
vn -0.0000 -0.5020 -0.8649
vn -0.0000 -0.0163 -0.9999
vn 0.1014 -0.1210 -0.9875
vn -0.7365 -0.0942 0.6698
vn -0.7087 -0.0374 -0.7045
vn -0.7187 -0.0368 -0.6944
vn -0.0000 -0.6001 0.7999
vn -0.0000 -0.7290 0.6845
vn -0.0000 -0.5999 0.8001
vn 1.0000 0.0002 0.0070
vn 0.9019 -0.2978 0.3128
vn -0.0307 0.9719 -0.2333
vn -0.2509 0.2547 0.9339
vn 0.0853 0.6762 -0.7318
vn 0.2244 0.9560 -0.1892
vn 0.4043 0.5317 -0.7442
vn -0.4916 0.8705 0.0236
vn -0.0213 0.9984 0.0526
vn -0.0608 0.9944 -0.0861
vn 0.0020 0.9172 -0.3985
vn -0.2045 0.8042 -0.5581
vn 0.3042 0.9040 -0.3006
vn 0.0733 0.9954 -0.0625
vn 0.8242 -0.5602 0.0824
vn 0.5547 -0.8148 0.1687
vn 0.5491 -0.8294 0.1029
vn -0.0287 0.3377 -0.9408
vn -0.5420 -0.4471 -0.7116
vn -0.3256 0.1976 -0.9246
vn 0.5194 0.0029 0.8545
vn 0.5619 -0.1117 0.8197
vn -0.0816 -0.8396 -0.5370
vn 0.0062 0.5411 0.8409
vn 0.0001 0.6277 0.7784
vn -0.0201 0.5107 0.8595
vn 0.0619 0.9941 -0.0896
vn 0.7648 0.5590 0.3203
vn 0.8325 0.3499 0.4296
vn 0.3139 -0.4911 0.8126
vn 0.0199 0.3695 -0.9290
vn -0.0051 0.9199 -0.3922
vn -0.2636 0.9463 0.1872
vn 0.2904 0.5079 0.8110
vn 0.5619 0.1810 -0.8071
vn 0.5330 -0.4422 -0.7213
vn 0.1068 0.2770 -0.9549
vn 0.7812 -0.4938 -0.3820
vn 0.5619 0.1811 -0.8071
vn 0.8084 -0.5252 0.2658
vn 0.8884 0.3799 0.2578
vn -0.3771 -0.0653 0.9239
vn -0.7291 0.3656 -0.5786
vn -0.0060 0.4259 -0.9047
vn 0.6838 0.2505 0.6854
vn 0.6759 -0.4017 0.6179
vn 0.0108 -0.8672 -0.4979
vn 0.5440 -0.8309 -0.1171
vn 0.4954 -0.8377 -0.2301
vn 0.5330 -0.4422 -0.7214
vn 0.8290 -0.5234 -0.1968
vn 0.8332 -0.5250 0.1738
vn 0.5340 -0.8120 0.2356
vn -0.1454 -0.8413 -0.5206
vn -0.1499 -0.0874 -0.9848
vn 0.7433 -0.5308 0.4072
vn 0.3375 -0.8212 0.4601
vn 0.4984 -0.8066 0.3179
vn 0.7187 -0.0368 -0.6944
vn 0.7188 -0.0368 -0.6943
vn -0.6575 -0.1050 0.7461
vn 0.2079 0.0478 0.9770
vn 0.5484 -0.1084 0.8292
vn 0.2350 -0.2391 0.9421
vn 0.4353 0.2644 -0.8606
vn 0.1226 0.6515 -0.7487
vn 0.3873 0.5446 -0.7439
vn 0.1277 0.3828 -0.9150
vn -0.1214 0.6492 -0.7509
vn 0.8307 0.1497 0.5362
vn 0.9518 -0.3056 -0.0281
vn 0.9818 -0.0062 0.1896
vn 0.0395 -0.4401 0.8971
vn 0.1274 -0.7939 0.5945
vn 0.1553 -0.4502 0.8794
vn 0.2346 0.4695 0.8512
vn 0.0025 0.5007 0.8656
vn 0.8063 -0.2492 -0.5365
vn 0.9264 -0.1790 -0.3314
vn 0.8492 -0.3194 -0.4204
vn -0.0050 0.6656 -0.7463
vn 0.0037 0.9800 -0.1987
vn 0.0141 0.6655 -0.7463
vn 0.0556 0.3800 0.9233
vn 0.6376 0.7406 0.2122
vn 0.6601 0.7473 -0.0768
vn 0.7667 0.3412 -0.5438
vn 0.6229 0.7776 -0.0858
vn 0.7625 0.3403 -0.5503
vn 0.1502 -0.1606 0.9755
vn 0.7050 -0.5675 0.4254
vn -0.9850 0.0690 -0.1584
vn -0.6799 0.1819 -0.7104
vn 0.0071 0.9960 0.0885
vn 0.1217 0.8692 0.4792
vn -0.5685 0.5123 -0.6437
vn 0.0028 0.9832 -0.1823
vn 0.5390 0.8423 -0.0101
vn -0.7382 0.4751 0.4788
vn 0.3002 0.5919 0.7480
vn 0.0903 0.9077 -0.4098
vn 0.8058 0.5226 -0.2786
vn 0.5808 0.5590 -0.5918
vn -0.8100 0.5070 0.2947
vn -0.0950 0.3379 0.9364
vn 0.4078 0.4892 0.7710
vn -0.1451 0.3953 0.9070
vn 0.0371 0.3500 -0.9360
vn -0.0090 0.4090 -0.9125
vn 0.0354 0.8711 0.4898
vn -0.2082 0.8055 0.5548
vn 0.1367 0.5148 0.8463
vn -0.2525 0.8867 0.3872
vn -0.4179 0.7042 0.5740
vn -0.0080 -0.1674 0.9859
vn -0.4281 0.3103 0.8488
vn -0.3744 -0.0854 0.9233
vn 0.0073 0.6330 0.7742
vn 0.0102 0.7761 0.6306
vn 0.1847 -0.6209 0.7618
vn 0.0019 -0.5934 0.8049
vn 0.0606 0.3271 0.9431
vn 0.0020 0.3111 0.9504
vn -0.0036 0.3921 0.9199
vn 0.0001 0.9776 -0.2104
vn -0.0000 -0.5998 0.8001
vn -0.0807 0.8929 -0.4429
vn 0.3380 0.9406 -0.0327
vn -0.0475 0.9989 -0.0047
vn 0.1505 0.9332 0.3263
vn -0.6162 -0.0837 -0.7831
vn 0.0996 0.5045 0.8576
vn 0.1394 -0.1004 0.9851
vn -0.6451 -0.5779 0.4999
vn -0.7183 -0.5257 -0.4557
vn -0.5340 -0.8120 0.2356
vn 0.7050 0.6437 -0.2976
vn 0.1756 0.8993 -0.4004
vn -0.6910 0.7137 -0.1144
vn 0.1867 0.8253 0.5330
vn -0.1662 0.4024 0.9003
vn 0.8956 0.2146 0.3896
vn -0.0807 0.9120 -0.4023
vn -0.0003 0.9695 0.2452
vn -0.6243 0.7585 -0.1869
vn 0.3037 0.8860 -0.3503
vn 0.0402 0.3393 -0.9398
vn 0.8536 -0.4373 -0.2831
vn 0.7014 -0.5676 0.4311
vn 0.0086 0.5774 0.8164
vn -0.7188 -0.0368 -0.6943
vn -0.0478 0.6305 0.7747
vn -0.7375 0.6235 0.2595
vn 0.2809 0.9075 0.3123
vn 0.0026 0.9075 -0.4201
vn 0.1308 0.6168 -0.7762
vn -0.0101 0.6519 -0.7583
vn -0.4564 0.8885 0.0467
vn -0.2776 0.1366 0.9509
vn 0.4497 0.8111 0.3740
vn 0.2693 0.7368 0.6202
vn 0.7074 0.3321 0.6239
vn 0.9122 -0.3796 0.1545
vn 0.7438 -0.1580 0.6495
vn 0.7330 -0.1585 0.6615
vn 0.7999 -0.5229 0.2946
vn 0.9629 0.2501 0.1013
vn 0.8112 0.5788 -0.0836
vn 0.8442 0.4698 0.2582
vn 0.4185 -0.4799 0.7710
vn -0.0000 0.9997 0.0255
vn -0.5975 0.7877 0.1501
vn -0.4084 0.9071 -0.1019
vn 0.4319 0.8206 0.3743
vn 0.0027 0.9737 -0.2277
vn -0.4345 0.8252 -0.3609
vn -0.0000 -0.2923 0.9563
vn -0.1970 0.5640 0.8019
vn 0.4452 0.2611 0.8565
vn -0.6864 0.6796 0.2589
vn 0.0216 -0.7945 0.6069
vn -0.7648 0.5590 0.3203
vn 0.5764 -0.0482 0.8157
vn 0.0007 0.9908 0.1351
vn -0.8827 0.1706 0.4380
vn -0.3347 0.6095 -0.7186
vn -0.0000 0.9675 0.2529
vn 0.0266 0.3087 0.9508
vn 0.1603 0.9839 -0.0788
vn 0.5784 0.5471 -0.6050
vn 0.1934 0.2881 -0.9379
vn 0.1417 0.6130 -0.7773
vn -0.6859 0.2485 0.6840
vn -0.8047 -0.5248 0.2777
vn -0.6799 -0.3987 0.6155
vn 0.0543 0.6328 0.7724
vn 0.2356 0.8357 0.4960
vn 0.6647 0.4703 0.5805
vn -0.0044 0.6221 -0.7829
vn 0.0055 0.9838 -0.1790
vn 0.5843 0.5411 -0.6048
vn -0.1551 -0.8173 0.5549
vn 0.6549 0.6978 0.2901
vn 1.0000 -0.0060 -0.0061
vn 0.9989 -0.0292 -0.0375
vn 0.0011 -0.2534 -0.9673
vn -0.7366 -0.0942 0.6697
vn 0.7366 -0.0942 0.6697
vn -0.0122 0.1043 0.9945
vn -0.8848 0.1191 0.4505
vn -0.2982 0.2234 0.9280
vn 0.9648 0.2629 0.0084
vn -0.4992 0.2634 0.8255
vn -0.2045 0.1439 0.9682
vn 0.2031 0.3663 0.9081
vn 0.0260 0.4271 0.9038
vn 0.0889 -0.1096 0.9900
vn 0.8847 0.1183 0.4508
vn 0.2981 0.2258 0.9275
vn 0.0492 0.6300 0.7750
vn 0.4991 0.2635 0.8255
vn -0.9647 0.2630 0.0083
vn 0.0876 -0.0961 0.9915
vn -0.8597 0.2929 0.4185
vn -0.1988 0.3685 0.9081
vn -0.1002 -0.1005 0.9899
vn 0.0291 0.4320 0.9014
vn 0.1219 0.9707 0.2071
vn -0.1662 0.4023 0.9003
vn -0.2713 0.8724 -0.4065
vn 0.0808 0.8930 -0.4428
vn -0.3831 0.5591 0.7353
vn -0.3373 0.9316 0.1355
vn -0.1886 0.8289 0.5267
vn -0.1220 0.9710 0.2058
vn 0.1662 0.4023 0.9003
vn -0.8588 0.4887 0.1536
vn -0.1408 0.9873 0.0730
vn -0.4706 0.2750 0.8384
vn -0.0805 0.8928 -0.4432
vn -0.3342 0.8472 -0.4130
vn 0.4276 0.4774 0.7676
vn 0.7370 0.3314 0.5891
vn 0.2564 0.9621 0.0930
vn -0.7809 -0.0661 -0.6211
vn -0.9438 -0.3302 -0.0164
vn -0.9472 -0.2318 -0.2216
vn 0.3121 0.9042 -0.2916
vn 0.4370 0.8890 -0.1370
vn 0.0257 0.9774 -0.2097
vn 0.2776 0.1366 0.9509
vn 0.1233 -0.0547 0.9909
vn 0.4701 0.2571 0.8443
vn -0.0075 0.1096 0.9939
vn -0.3864 -0.1319 0.9129
vn -0.6476 0.4735 0.5970
vn -0.7693 -0.1730 0.6150
vn -0.6781 0.2645 0.6857
vn -0.7286 0.2107 0.6517
vn -0.7615 0.1337 0.6343
vn 0.0097 0.1025 0.9947
vn -0.0008 0.1065 0.9943
vn 0.6911 0.2519 0.6774
vn 0.0435 0.3764 0.9254
vn 0.0596 0.3763 0.9246
vn -0.5294 0.3330 0.7803
vn -0.4668 0.2941 0.8340
vn 0.5905 0.1869 0.7851
vn 0.2192 0.3584 0.9075
vn -0.0490 0.3767 0.9250
vn 0.6685 0.1168 0.7345
vn -0.0013 -0.0409 0.9992
vn -0.0861 -0.0293 0.9959
vn 0.2554 0.9652 -0.0562
vn 0.6100 0.7899 -0.0622
vn 0.7297 0.1847 0.6583
vn 0.1774 0.5232 0.8335
vn 0.6131 0.1768 0.7700
vn -0.5918 0.1868 0.7841
vn -0.2516 0.4125 0.8755
vn 0.7238 0.2007 0.6601
vn 0.6462 0.0877 0.7581
vn -0.7907 0.0729 0.6079
vn -0.1911 -0.2051 0.9599
vn 0.0106 -0.1144 0.9934
vn -0.6573 0.0422 -0.7525
vn -0.8912 -0.0809 -0.4464
vn -0.7578 0.3359 -0.5594
vn -0.0729 0.5874 0.8060
vn -0.2481 0.6198 0.7445
vn 0.2538 0.2578 0.9323
vn -0.1634 -0.8186 0.5506
vn -0.0098 -0.1348 0.9908
vn -0.8492 0.4484 0.2790
vn -0.8396 0.4844 0.2459
vn -0.1602 -0.2225 0.9617
vn -0.1369 -0.2260 0.9645
vn -0.4750 0.2214 0.8517
vn 0.8368 0.4988 0.2257
vn 0.9350 0.3337 0.1198
vn 0.1739 0.5211 0.8356
vn 0.9548 0.2926 0.0533
vn 0.6300 0.1485 -0.7623
vn -0.8097 0.5115 0.2877
vn 0.1181 -0.8410 0.5280
vn 0.1966 -0.6360 0.7462
vn -0.5046 0.4836 0.7152
vn -0.6787 0.7136 0.1739
vn 0.7454 0.4619 0.4807
vn 0.9385 0.3238 -0.1202
vn 0.7539 0.5964 0.2755
vn 0.9429 0.3158 -0.1058
vn 0.1694 -0.8183 0.5493
vn 0.6005 -0.6464 -0.4707
vn 0.2389 -0.7737 0.5867
vn 0.2478 -0.8647 -0.4368
vn -0.6826 0.1807 -0.7081
vn -0.5643 0.5052 -0.6530
vn 0.8556 0.4633 0.2308
vn 0.5974 -0.0581 -0.7998
vn 0.8481 0.4765 0.2319
vn -0.8551 0.4677 0.2238
vn -0.6256 -0.0695 -0.7770
vn -0.9069 0.2399 0.3463
vn -0.2320 -0.8656 -0.4437
vn -0.1517 -0.7306 0.6658
vn -0.1831 -0.8212 0.5405
vn -0.7270 -0.3355 -0.5991
vn 0.6443 0.0212 -0.7645
vn 0.9491 0.3077 -0.0668
vn 0.6786 0.7136 0.1738
vn 0.5980 0.1521 -0.7869
vn -0.5863 0.1461 -0.7968
vn -0.9827 0.1014 -0.1549
vn -0.9488 0.3148 0.0271
vn -0.9016 0.2993 -0.3123
vn -0.6324 0.7534 0.1800
vn -0.2059 0.5581 0.8038
vn -0.1665 0.9383 0.3032
vn 0.7354 0.2389 0.6341
vn -0.7497 0.2338 0.6191
vn -0.0107 0.0980 0.9951
vn -0.1659 0.5309 0.8310
vn 0.8428 0.1204 0.5245
vn 0.1565 0.5367 0.8291
vn 0.9995 -0.0232 -0.0205
vn -0.8726 0.1707 0.4577
vn -0.8322 -0.0793 0.5488
vn -0.7188 -0.6389 0.2740
vn -0.6692 -0.5438 0.5065
vn -0.8689 -0.1940 0.4554
vn 0.6848 -0.4296 -0.5886
vn 0.9226 0.2107 0.3230
vn 0.8421 -0.1967 0.5021
vn -0.1929 -0.8123 0.5505
vn 0.0063 0.8832 0.4690
vn 0.7775 -0.4889 -0.3956
vn 0.2510 -0.8062 -0.5358
vn -0.0997 -0.3881 -0.9162
vn 0.4973 -0.7282 -0.4717
vn 0.6880 -0.4286 -0.5856
vn 0.5555 0.5261 -0.6439
vn 0.6725 0.1894 -0.7154
vn 0.2064 0.6986 -0.6851
vn 0.0090 0.7569 0.6535
vn -0.0051 0.3410 0.9400
vn 0.0253 0.3662 0.9302
vn -0.1479 0.6767 -0.7212
vn -0.0005 0.9426 0.3339
vn -0.0176 0.7957 0.6054
vn -0.0057 0.7910 0.6118
vn 0.2507 -0.8557 -0.4526
vn 0.8666 0.4283 0.2562
vn 0.8100 0.5070 0.2947
vn -0.7427 0.0494 0.6678
vn -0.6804 0.1515 0.7170
vn -0.2548 0.4146 0.8736
vn 0.7238 0.2013 0.6600
vn 0.3296 0.7333 0.5947
vn 0.3557 0.7181 0.5981
vn 0.5292 0.3328 0.7805
vn 0.0117 0.3493 0.9370
vn 0.2145 0.3498 0.9120
vn -0.0011 0.3715 0.9284
vn -0.3772 -0.0658 0.9238
vn -0.5294 0.3328 0.7803
vn 0.7252 0.0918 0.6824
vn -0.2784 0.1364 0.9507
vn -0.0045 -0.1263 -0.9920
vn 0.0015 -0.0453 -0.9990
vn 0.1754 0.7475 0.6407
vn -0.0024 0.7376 0.6752
vn -0.0271 0.1027 0.9943
vn 0.0899 -0.0598 0.9942
vn 0.4429 0.2138 0.8707
vn -0.9296 0.3566 0.0931
vn 0.2348 -0.7846 0.5738
vn 0.1550 -0.8173 0.5549
vn -0.1515 -0.6446 0.7493
vn -0.1318 -0.8502 0.5098
vn -0.9274 0.3494 -0.1336
vn -0.9221 0.3576 -0.1482
vn -0.6264 -0.6265 -0.4637
vn -0.2053 -0.7851 0.5844
vn -0.8404 0.4803 0.2511
vn -0.5830 -0.0518 -0.8108
vn -0.1883 0.9817 0.0263
vn 0.2131 0.9768 0.0212
vn -0.6690 -0.5436 0.5069
vn -0.6456 0.0032 -0.7636
vn 0.7502 0.4596 0.4753
vn 0.6722 0.0683 0.7372
vn 0.7514 0.2328 0.6174
vn 0.1506 0.6809 -0.7168
vn 0.6373 0.7491 0.1810
vn 0.5434 0.5383 -0.6442
vn 0.0103 0.3473 -0.9377
vn -0.3405 0.5607 -0.7547
vn -0.1800 0.3339 -0.9253
vn -0.1814 -0.4670 -0.8654
vn -0.0198 0.3475 -0.9375
vn 0.1966 -0.5079 -0.8387
vn -0.2663 0.9562 0.1219
vn -0.2194 0.9466 -0.2362
vn -0.4969 0.4776 0.7246
vn -0.7113 0.2446 0.6590
vn -0.8337 0.1119 0.5408
vn -0.9298 0.2689 -0.2513
vn 0.5622 -0.4362 -0.7026
vn -0.5198 -0.5929 -0.6150
vn 0.0214 -0.1573 -0.9873
vn 0.0025 -0.2514 -0.9679
vn 0.0051 -0.2055 -0.9786
vn -0.1094 -0.1055 0.9884
vn 0.8016 -0.0781 0.5927
vn 0.6587 -0.6394 0.3966
vn -0.2845 -0.7745 -0.5650
vn -0.4723 -0.7574 -0.4509
vn -0.1148 -0.3469 -0.9309
vn -0.7314 -0.3369 -0.5930
vn 0.1991 0.5702 0.7970
vn -0.0422 0.9122 0.4075
vn -0.0992 0.5054 0.8571
vn -0.0936 0.9833 0.1559
vn -0.7616 0.1328 0.6343
vn -0.5515 0.5189 -0.6532
vn -0.2058 0.6978 -0.6860
vn -0.6876 0.2147 -0.6936
vn -0.8220 -0.5624 0.0897
vn 0.0083 0.5775 0.8164
vn 0.1879 0.9348 0.3014
vn -0.2332 -0.8565 -0.4604
vn -0.6844 0.7290 0.0071
vn -0.6732 0.7394 -0.0081
vn -0.1953 0.8230 0.5334
vn 0.3482 0.9345 -0.0736
vn 0.7436 -0.5265 0.4122
vn 0.0989 -0.4469 -0.8891
vn -0.1082 0.8860 0.4509
vn -0.0015 0.5408 0.8411
vn 0.3974 0.4945 0.7730
vn -0.1241 0.9884 -0.0875
vn -0.0009 0.8988 -0.4384
vn -0.3161 0.9311 -0.1822
vn -0.6402 0.7628 0.0910
vn -0.5961 0.8018 -0.0418
vn -0.5984 -0.7585 0.2580
vn -0.2351 -0.6508 0.7219
vn -0.7026 -0.5672 0.4297
vn -0.2485 0.9359 -0.2498
vn -0.9074 0.4083 -0.0995
vn -0.2285 0.9392 -0.2562
vn -0.0119 0.9987 0.0496
vn 0.3552 0.9348 0.0102
vn 0.0021 0.9169 -0.3991
vn 0.3182 0.9336 -0.1645
vn 0.3520 0.9175 -0.1852
vn -0.2028 0.8061 -0.5560
vn 0.1392 0.9831 -0.1186
vn -0.0469 0.9989 -0.0027
vn -0.5174 0.8557 0.0031
vn 0.1296 -0.8366 0.5322
vn 0.0816 -0.8396 -0.5370
vn 0.1930 -0.7194 0.6672
vn 0.1416 0.7930 -0.5925
vn 0.4036 0.8833 -0.2384
vn -0.0092 0.9975 -0.0705
vn -0.0023 0.9848 -0.1739
vn 0.0093 0.9960 -0.0886
vn -0.0058 0.8854 0.4647
vn 0.2809 0.9076 0.3121
vn -0.0293 0.9985 -0.0460
vn -0.0465 0.4724 0.8801
vn 0.8268 0.3544 0.4368
vn 0.1202 0.9826 0.1416
vn -0.2273 0.0065 0.9738
vn -0.3294 0.4648 0.8219
vn -0.8526 0.1312 0.5058
vn -0.3934 0.9168 -0.0681
vn -0.2654 0.9459 0.1865
vn -0.2248 0.4043 0.8866
vn -0.0302 0.4722 0.8810
vn -0.8253 0.5019 -0.2590
vn -0.9490 0.2547 -0.1856
vn 0.3138 -0.4965 0.8094
vn 0.0286 0.4625 0.8862
vn -0.0004 -0.4533 0.8914
vn 0.0184 0.3718 -0.9281
vn 0.0283 0.3374 -0.9410
vn 0.8221 -0.5621 0.0899
vn -0.6165 0.7472 -0.2482
vn -0.8501 0.5253 -0.0385
vn 0.7966 0.4305 -0.4244
vn -0.7437 0.3456 -0.5722
vn -0.8291 -0.5234 -0.1968
vn -0.8002 0.4204 -0.4277
vn 0.0036 0.3916 -0.9201
vn 0.6100 0.1821 -0.7712
vn 0.3320 0.2020 -0.9214
vn -0.9507 0.2860 0.1201
vn -0.8580 0.3325 0.3915
vn -0.8112 0.3354 0.4791
vn -0.0030 -0.4496 0.8932
vn 0.0270 -0.7952 0.6058
vn 0.0360 -0.4354 0.8995
vn 0.8180 -0.5476 -0.1762
vn 0.5490 -0.8295 0.1028
vn 0.8020 -0.5155 0.3017
vn 0.8244 -0.5600 0.0826
vn 0.1278 -0.7933 0.5952
vn 0.1594 -0.4572 0.8749
vn 0.1571 -0.1434 -0.9771
vn 0.4166 -0.4857 0.7685
vn -0.1291 -0.7698 0.6251
vn -1.0000 0.0002 0.0070
vn -1.0000 -0.0060 -0.0061
vn 0.0316 0.9716 -0.2346
vn 0.0620 0.9940 -0.0897
vn -0.2175 0.9576 -0.1890
vn -0.0826 0.6770 -0.7314
vn -0.4044 0.5317 -0.7442
vn 0.5433 0.8388 0.0349
vn 0.0200 0.9985 0.0507
vn 0.0019 0.9192 -0.3938
vn -0.3379 0.9031 -0.2652
vn 0.2027 0.8060 -0.5561
vn -0.1996 0.9756 -0.0917
vn -0.0609 0.9944 -0.0861
vn -0.8242 -0.5602 0.0824
vn -0.8253 -0.5313 0.1914
vn 0.5433 -0.4472 -0.7105
vn -0.5194 0.0028 0.8545
vn -0.9338 -0.2740 0.2302
vn -0.9874 0.0024 0.1581
vn -0.0011 -0.7714 0.6364
vn -0.0556 -0.8412 -0.5379
vn -0.0011 0.6253 0.7804
vn -0.0062 0.5414 0.8407
vn 0.0201 0.5090 0.8605
vn -0.3169 -0.4919 0.8109
vn -0.0390 0.3109 -0.9497
vn -0.0198 0.3694 -0.9291
vn 0.0049 0.9215 -0.3885
vn 0.0122 0.3820 -0.9241
vn 0.0208 0.8996 -0.4362
vn -0.0394 0.3986 -0.9163
vn 0.2222 0.4037 0.8875
vn -0.2904 0.5080 0.8109
vn -0.6552 0.2883 -0.6983
vn -0.2071 0.4563 -0.8654
vn -0.7754 -0.5301 -0.3432
vn -0.8026 -0.5293 0.2751
vn 0.3771 -0.0653 0.9239
vn 0.7435 0.3348 -0.5789
vn -0.6754 -0.4010 0.6189
vn -0.8290 -0.5234 -0.1968
vn -0.5491 -0.8294 0.1029
vn -0.7983 -0.5243 0.2964
vn -0.6678 -0.5222 0.5305
vn -0.4206 -0.4835 0.7676
vn -0.7427 -0.5311 0.4079
vn -0.1937 -0.0000 0.9811
vn -0.7519 -0.1247 0.6473
vn -0.5068 0.0001 0.8621
vn -0.4353 0.2644 -0.8606
vn -0.1447 0.3865 -0.9109
vn -0.9509 -0.3085 -0.0269
vn -0.8307 0.1496 0.5362
vn -0.9550 0.1841 0.2327
vn -0.1274 -0.7939 0.5945
vn -0.0424 -0.4381 0.8979
vn -0.1585 -0.4482 0.8798
vn -0.2459 0.4531 0.8569
vn -0.0025 0.5007 0.8656
vn -0.9254 -0.1840 -0.3312
vn -0.8063 -0.2493 -0.5365
vn -0.8465 -0.3311 -0.4168
vn -0.6539 0.7179 0.2387
vn -0.6601 0.7471 -0.0775
vn -0.6229 0.7775 -0.0865
vn -0.1458 -0.1628 0.9758
vn -0.7046 -0.5657 0.4285
vn -0.1848 -0.6207 0.7620
vn 0.9825 0.0921 -0.1617
vn 0.6831 0.1772 -0.7085
vn -0.0005 0.9813 0.1925
vn -0.0124 0.9960 0.0885
vn -0.1219 0.8696 0.4784
vn 0.5686 0.5122 -0.6437
vn -0.0027 0.9832 -0.1825
vn -0.5380 0.8429 -0.0093
vn 0.7373 0.4744 0.4810
vn -0.3002 0.5919 0.7480
vn -0.0835 0.9107 -0.4045
vn -0.8065 0.5201 -0.2811
vn 0.8744 0.4282 0.2283
vn 0.3950 0.4729 0.7876
vn -0.0038 -0.8230 0.5681
vn 0.2049 0.8064 0.5547
vn 0.0027 0.8636 0.5043
vn -0.1333 0.4945 0.8589
vn 0.2923 0.9109 0.2912
vn 0.4179 0.7042 0.5740
vn 0.4281 0.3102 0.8488
vn 0.0043 -0.1533 0.9882
vn 0.3744 -0.0853 0.9233
vn -0.0107 0.7753 0.6315
vn -0.0073 0.6358 0.7718
vn -0.0153 -0.6055 0.7957
vn -0.0616 0.3315 0.9415
vn -0.0020 0.3111 0.9504
vn -0.0000 0.7816 0.6238
vn 0.0254 0.5444 0.8384
vn 0.3086 0.6511 0.6934
vn 0.0073 0.9775 -0.2109
vn -0.3380 0.9406 -0.0326
vn 0.0807 0.8930 -0.4428
vn 0.0475 0.9989 -0.0046
vn -0.1580 0.9371 0.3113
vn 0.6162 -0.0837 -0.7831
vn -0.6536 -0.5088 0.5604
vn -0.0997 0.5043 0.8577
vn -0.6572 0.0422 -0.7525
vn -0.3874 0.5446 -0.7439
vn 0.5919 -0.5220 0.6142
vn 0.8244 -0.5342 0.1871
vn -0.7040 0.6441 -0.2992
vn -0.1756 0.8994 -0.4004
vn 0.1661 0.7708 -0.6151
vn -0.8321 0.5123 0.2126
vn 0.8826 0.1705 0.4381
vn -0.9075 0.2120 0.3627
vn -0.8536 -0.4373 -0.2831
vn -0.7010 -0.5658 0.4342
vn -0.3214 0.4892 0.8108
vn 0.6463 0.0877 0.7580
vn -0.2809 0.9075 0.3123
vn -0.1340 0.6183 -0.7745
vn -0.0026 0.9075 -0.4201
vn 0.0031 0.6417 -0.7670
vn 0.4565 0.8885 0.0465
vn -0.5391 0.7518 0.3796
vn -0.7043 0.3226 0.6324
vn -0.7635 -0.1267 0.6332
vn -0.9126 -0.3788 0.1541
vn 0.0900 -0.0598 0.9941
vn -0.4404 0.8119 0.3833
vn -0.0027 0.9737 -0.2277
vn 0.4345 0.8252 -0.3610
vn 0.1895 0.5362 0.8226
vn -0.4452 0.2611 0.8565
vn -0.9530 0.2680 0.1415
vn 0.6841 0.6805 0.2626
vn -0.0000 0.9663 0.2575
vn -0.0166 -0.7938 0.6080
vn -0.8103 0.5813 -0.0740
vn -0.5734 -0.0469 0.8180
vn -0.5260 0.2626 0.8089
vn -0.0787 -0.2171 0.9730
vn -0.7455 -0.1008 -0.6588
vn -0.2470 0.7360 0.6304
vn 0.0035 0.9913 0.1317
vn 0.3347 0.6095 -0.7186
vn -0.0791 0.3437 0.9358
vn -0.1604 0.9839 -0.0789
vn -0.2219 0.2908 -0.9307
vn -0.5612 0.5688 -0.6013
vn -0.1473 0.6152 -0.7745
vn 0.8044 -0.5263 0.2756
vn 0.6757 0.2452 0.6952
vn 0.6782 -0.3940 0.6203
vn -0.7793 -0.1723 0.6025
vn 0.0066 0.6086 -0.7934
vn -0.0059 0.9840 -0.1781
vn -0.5672 0.5629 -0.6012
vn -0.6470 0.6613 0.3795
vn -0.6645 0.4700 0.5810
vn -0.9989 -0.0292 -0.0375
vn -0.0024 -0.2556 -0.9668
vn -0.0595 0.3836 0.9216
vn -0.6131 0.1768 0.7700
vn 0.6653 0.4264 0.6128
vn 0.8985 0.3684 0.2389
vn -0.0004 0.6349 0.7726
vn 0.0327 0.5061 0.8619
vn 0.3917 -0.7768 -0.4930
vn -0.4688 0.1741 0.8660
vn -0.4954 -0.8377 -0.2301
vn -0.4491 0.7220 0.5264
vn -0.3296 0.7333 0.5946
vn 0.0869 -0.0676 0.9939
vn -0.0000 0.8105 -0.5858
vn -0.1746 0.7485 0.6397
vn 0.7399 0.4877 0.4635
vn 0.0059 -0.1369 -0.9906
vn 0.0057 -0.7867 0.6173
vn -0.1296 -0.8366 0.5322
vn 0.6696 -0.5423 0.5075
vn -0.8984 0.3684 0.2388
vn -0.5397 0.5418 -0.6443
vn 0.2316 0.9443 -0.2339
vn 0.0219 0.9727 -0.2309
vn 0.7030 -0.5690 0.4266
vn 0.0293 0.9986 -0.0441
vn -0.0318 0.8945 -0.4460
vn 0.9874 0.0024 0.1581
vn 0.0385 0.3106 -0.9498
vn 0.0391 0.3983 -0.9164
vn 0.7812 -0.4937 -0.3820
vn -0.0868 -0.0678 0.9939
vn 0.6948 0.3271 0.6405
vn -0.0270 0.5036 0.8635
vn 0.6678 -0.5221 0.5306
vn 0.5068 0.0001 0.8621
vn 0.8442 0.5098 0.1657
vn -0.0324 0.3513 0.9357
vn -0.8625 0.4301 0.2666
vn -0.8210 0.2874 0.4932
vn 0.0496 0.8119 0.5817
vn 0.6535 -0.5087 0.5605
vn 0.7625 0.3403 -0.5502
vn -0.4976 -0.7276 -0.4723
vn -0.1664 0.7709 -0.6148
vn -0.4467 0.1870 0.8749
vn -0.4968 0.4777 0.7246
vn 0.0642 0.8026 0.5930
vn 0.7824 -0.0678 -0.6191
vn -0.8852 0.3873 0.2576
vn -0.8337 0.4944 0.2459
vn -0.6686 0.4254 0.6099
vn 0.0096 -0.7827 0.6223
vn -0.5025 0.7867 -0.3586
vn 0.1620 0.9617 -0.2209
vn -0.1183 -0.7999 0.5883
vn -0.8985 0.3684 0.2389
vn -0.0313 0.5061 0.8619
vn 0.4645 0.2010 0.8625
vn 0.0287 0.9986 -0.0450
vn 0.0055 -0.1258 -0.9920
vn -0.5358 0.5345 -0.6536
vn -0.0596 0.3761 0.9247
vn 0.5917 -0.5217 0.6146
vn -0.0869 -0.0675 0.9939
vn 0.4084 0.9071 -0.1019
vn -0.7404 0.4888 0.4614
vn -0.0369 0.3000 0.9532
vn -0.6145 0.1767 0.7689
vn 0.6678 -0.5226 0.5301
vn -0.4831 0.2100 0.8500
vn -0.0006 -0.7867 0.6173
vn 0.8984 0.3684 0.2388
vn -0.0016 0.6345 0.7729
vn -0.0239 0.9726 -0.2311
vn 0.3306 0.8556 0.3983
vn -0.5635 0.5805 -0.5877
vn 0.6536 -0.5092 0.5600
vn -0.8853 0.3872 0.2576
vn 0.0869 -0.0677 0.9939
vn 0.0275 0.5043 0.8631
vn -0.7534 0.3350 -0.5658
vn -0.3037 0.8861 -0.3501
vn -0.0375 0.3497 -0.9361
vn -0.0984 0.4639 -0.8804
vn -0.0565 0.8213 0.5677
vn 0.6910 0.7137 -0.1144
vn -0.0406 0.3390 -0.9399
vn -0.8353 0.4600 0.3010
vn 0.5976 0.7877 0.1498
vn -0.0648 0.8030 0.5925
vn -0.7824 -0.0678 -0.6191
vn -0.2650 0.7592 0.5945
vn -0.2409 0.8514 0.4660
vn -0.0789 0.6585 0.7485
vt 0.929497 0.217827
vt 0.927026 0.217191
vt 0.926743 0.206120
vt 0.754259 0.222043
vt 0.753787 0.222111
vt 0.753787 0.216339
vt 0.809486 0.256721
vt 0.809169 0.254669
vt 0.809495 0.243933
vt 0.914810 0.090422
vt 0.906092 0.089695
vt 0.928397 0.081948
vt 0.957613 0.235043
vt 0.960346 0.223388
vt 0.960072 0.234454
vt 0.754259 0.221993
vt 0.754718 0.216339
vt 0.754718 0.222076
vt 0.756285 0.256720
vt 0.756168 0.243933
vt 0.756605 0.254669
vt 0.906741 0.002159
vt 0.921617 0.007779
vt 0.898302 0.004480
vt 0.833809 0.121058
vt 0.834041 0.120901
vt 0.834041 0.122710
vt 0.833470 0.120901
vt 0.833809 0.121253
vt 0.833470 0.122298
vt 0.890518 0.127409
vt 0.892079 0.129132
vt 0.891376 0.129975
vt 0.893639 0.203738
vt 0.895105 0.202441
vt 0.894055 0.203737
vt 0.831204 0.124091
vt 0.831156 0.122756
vt 0.831873 0.124044
vt 0.894007 0.277570
vt 0.895056 0.279009
vt 0.893639 0.277539
vt 0.968682 0.123429
vt 0.967787 0.125872
vt 0.966925 0.124914
vt 0.841952 0.284345
vt 0.842285 0.279000
vt 0.855012 0.280207
vt 0.715086 0.119770
vt 0.714903 0.120219
vt 0.714629 0.119762
vt 0.910954 0.016141
vt 0.892955 0.016485
vt 0.804065 0.256587
vt 0.879367 0.008274
vt 0.885181 0.001828
vt 0.886631 0.008984
vt 0.926194 0.244024
vt 0.925318 0.233790
vt 0.928800 0.235857
vt 0.960916 0.261320
vt 0.958740 0.275608
vt 0.958373 0.275554
vt 0.909731 0.070949
vt 0.923259 0.070581
vt 0.916379 0.075487
vt 0.918591 0.019510
vt 0.924931 0.011055
vt 0.926809 0.015306
vt 0.932801 0.069503
vt 0.923119 0.070218
vt 0.909587 0.070586
vt 0.895126 0.063864
vt 0.895755 0.071521
vt 0.912152 0.002475
vt 0.905476 0.001034
vt 0.881257 0.164656
vt 0.887435 0.127581
vt 0.915530 0.109522
vt 0.911271 0.098824
vt 0.912637 0.098983
vt 0.931051 0.078007
vt 0.943669 0.074979
vt 0.898076 0.118735
vt 0.894026 0.109003
vt 0.896937 0.107877
vt 0.929873 0.223688
vt 0.902304 0.129882
vt 0.917481 0.131234
vt 0.902503 0.134173
vt 0.928182 0.018768
vt 0.918517 0.019876
vt 0.928329 0.018350
vt 0.891518 0.016008
vt 0.891393 0.023951
vt 0.890775 0.021242
vt 0.944299 0.012925
vt 0.937881 0.010525
vt 0.944598 0.012087
vt 0.898633 0.078600
vt 0.830996 0.204434
vt 0.830996 0.216372
vt 0.829656 0.212856
vt 0.754853 0.210781
vt 0.754853 0.216339
vt 0.753787 0.211485
vt 0.923491 0.006234
vt 0.889735 0.024643
vt 0.890879 0.035087
vt 0.939994 0.167305
vt 0.940940 0.161674
vt 0.948416 0.163066
vt 0.895623 0.074284
vt 0.893985 0.071150
vt 0.924932 0.209078
vt 0.923886 0.213286
vt 0.923887 0.207725
vt 0.940455 0.162525
vt 0.939851 0.161764
vt 0.941426 0.160474
vt 0.753063 0.211954
vt 0.753063 0.210079
vt 0.753433 0.211333
vt 0.817083 0.216368
vt 0.810904 0.208875
vt 0.829656 0.208657
vt 0.829589 0.216299
vt 0.916833 0.211437
vt 0.918331 0.206120
vt 0.932609 0.195931
vt 0.937102 0.173764
vt 0.952893 0.186655
vt 0.902456 0.291348
vt 0.922558 0.278492
vt 0.924931 0.296873
vt 0.829589 0.279801
vt 0.817432 0.274782
vt 0.829559 0.271374
vt 0.902911 0.302292
vt 0.818557 0.271673
vt 0.818237 0.251923
vt 0.902865 0.262586
vt 0.918077 0.256669
vt 0.902304 0.269531
vt 0.952327 0.179651
vt 0.931261 0.130028
vt 0.930223 0.125723
vt 0.931267 0.124356
vt 0.946691 0.156786
vt 0.920804 0.224446
vt 0.908498 0.239976
vt 0.914724 0.245578
vt 0.915186 0.250302
vt 0.914236 0.244721
vt 0.736752 0.232648
vt 0.738160 0.229672
vt 0.738054 0.233734
vt 0.802719 0.206800
vt 0.804987 0.211223
vt 0.937657 0.173628
vt 0.766397 0.205219
vt 0.790451 0.270803
vt 0.761713 0.256587
vt 0.806652 0.223439
vt 0.799326 0.205219
vt 0.892402 0.102503
vt 0.890611 0.102232
vt 0.889735 0.092106
vt 0.939832 0.172789
vt 0.937755 0.151788
vt 0.899922 0.001709
vt 0.896709 0.003882
vt 0.923214 0.305745
vt 0.924180 0.302450
vt 0.952287 0.219822
vt 0.930990 0.220179
vt 0.930224 0.214612
vt 0.894206 0.008438
vt 0.755657 0.240120
vt 0.756168 0.222710
vt 0.756074 0.240142
vt 0.818649 0.127705
vt 0.810435 0.127275
vt 0.810631 0.124380
vt 0.733425 0.138745
vt 0.687766 0.149676
vt 0.688197 0.138745
vt 0.776015 0.275383
vt 0.756550 0.327174
vt 0.756168 0.271510
vt 0.749941 0.210419
vt 0.710840 0.229323
vt 0.671750 0.210399
vt 0.675595 0.225854
vt 0.671578 0.224020
vt 0.684202 0.228608
vt 0.669538 0.221107
vt 0.737719 0.165048
vt 0.740824 0.181993
vt 0.683881 0.165048
vt 0.700775 0.121099
vt 0.689413 0.127529
vt 0.691267 0.123419
vt 0.694559 0.121833
vt 0.752496 0.129354
vt 0.753171 0.140074
vt 0.752698 0.153019
vt 0.892733 0.054427
vt 0.743822 0.233702
vt 0.743934 0.229619
vt 0.969123 0.015912
vt 0.974092 0.066642
vt 0.969174 0.067274
vt 0.687517 0.229526
vt 0.679055 0.227812
vt 0.943866 0.075998
vt 0.891059 0.107874
vt 0.910134 0.092106
vt 0.909896 0.099027
vt 0.909863 0.092210
vt 0.958340 0.253002
vt 0.961789 0.251066
vt 0.879516 0.068421
vt 0.886740 0.068347
vt 0.886793 0.068602
vt 0.924932 0.233818
vt 0.905240 0.021818
vt 0.809530 0.204434
vt 0.928880 0.023857
vt 0.905163 0.022185
vt 0.930858 0.044067
vt 0.929873 0.272618
vt 0.928368 0.258262
vt 0.928740 0.258224
vt 0.937875 0.011601
vt 0.957245 0.240892
vt 0.926651 0.222269
vt 0.808685 0.271511
vt 0.906979 0.109490
vt 0.911271 0.098919
vt 0.911271 0.112216
vt 0.755255 0.210781
vt 0.753787 0.201656
vt 0.755255 0.197364
vt 0.950177 0.013534
vt 0.759328 0.135293
vt 0.761209 0.138264
vt 0.757769 0.136991
vt 0.901341 0.086490
vt 0.902384 0.085477
vt 0.906766 0.246142
vt 0.753441 0.210079
vt 0.753063 0.209456
vt 0.753441 0.208223
vt 0.913753 0.243554
vt 0.915332 0.244843
vt 0.817083 0.279869
vt 0.829656 0.287086
vt 0.810904 0.287188
vt 0.878067 0.186661
vt 0.880862 0.164933
vt 0.717889 0.235518
vt 0.698159 0.234282
vt 0.698164 0.229529
vt 0.895616 0.102497
vt 0.743819 0.263268
vt 0.738160 0.268336
vt 0.738051 0.262960
vt 0.969178 0.200028
vt 0.966599 0.250819
vt 0.965431 0.199888
vt 0.718206 0.281345
vt 0.735220 0.271666
vt 0.734848 0.279868
vt 0.760731 0.211223
vt 0.763001 0.206800
vt 0.917547 0.256668
vt 0.759040 0.223439
vt 0.898076 0.092106
vt 0.897359 0.102235
vt 0.915381 0.255892
vt 0.917421 0.234950
vt 0.825728 0.136249
vt 0.827302 0.134197
vt 0.830871 0.185884
vt 0.826839 0.189377
vt 0.828755 0.185149
vt 0.720400 0.121096
vt 0.679044 0.188938
vt 0.710795 0.184684
vt 0.908186 0.092106
vt 0.904631 0.090546
vt 0.746078 0.225854
vt 0.737477 0.228608
vt 0.750091 0.224020
vt 0.752124 0.221107
vt 0.671842 0.016975
vt 0.669547 0.068649
vt 0.669538 0.017181
vt 0.902304 0.166238
vt 0.900882 0.162787
vt 0.900634 0.154812
vt 0.889735 0.118728
vt 0.894026 0.109016
vt 0.892760 0.119959
vt 0.727078 0.121833
vt 0.730368 0.123419
vt 0.732219 0.127529
vt 0.696746 0.271446
vt 0.669538 0.272643
vt 0.670372 0.265640
vt 0.734164 0.229526
vt 0.742623 0.227812
vt 0.898225 0.241235
vt 0.970886 0.161454
vt 0.963564 0.165307
vt 0.890372 0.169636
vt 0.896324 0.170856
vt 0.764009 0.132546
vt 0.788431 0.053060
vt 0.756774 0.002170
vt 0.788420 0.001758
vt 0.875956 0.201008
vt 0.832178 0.183814
vt 0.971100 0.169375
vt 0.962832 0.181352
vt 0.982169 0.235270
vt 0.971868 0.234884
vt 0.981445 0.229358
vt 0.737045 0.001034
vt 0.742122 0.006105
vt 0.736768 0.005096
vt 0.840943 0.162006
vt 0.831579 0.161847
vt 0.887285 0.199341
vt 0.888688 0.185614
vt 0.899536 0.182278
vt 0.895011 0.190606
vt 0.881892 0.201801
vt 0.894892 0.263184
vt 0.894514 0.263160
vt 0.831156 0.161553
vt 0.831566 0.161200
vt 0.831156 0.161550
vt 0.689834 0.001667
vt 0.683975 0.068166
vt 0.683372 0.002027
vt 0.755601 0.197361
vt 0.755657 0.205316
vt 0.755255 0.197764
vt 0.755751 0.222716
vt 0.873463 0.124548
vt 0.964032 0.129507
vt 0.955509 0.157143
vt 0.953552 0.160352
vt 0.956263 0.149234
vt 0.813015 0.116964
vt 0.825108 0.119475
vt 0.819863 0.122255
vt 0.958922 0.165782
vt 0.696886 0.291026
vt 0.698780 0.276985
vt 0.698159 0.291347
vt 0.835501 0.275165
vt 0.835776 0.264591
vt 0.698777 0.248004
vt 0.717916 0.262824
vt 0.930223 0.265136
vt 0.956434 0.259268
vt 0.957245 0.266263
vt 0.831630 0.264091
vt 0.831213 0.242336
vt 0.956379 0.275528
vt 0.930223 0.277809
vt 0.674385 0.290518
vt 0.670469 0.281878
vt 0.696805 0.284091
vt 0.735047 0.257956
vt 0.718032 0.236380
vt 0.930396 0.295224
vt 0.948876 0.293689
vt 0.948159 0.296614
vt 0.717896 0.233303
vt 0.928324 0.163089
vt 0.924556 0.134186
vt 0.929868 0.137567
vt 0.754470 0.197333
vt 0.753763 0.180281
vt 0.756168 0.180107
vt 0.759656 0.154028
vt 0.756168 0.164986
vt 0.756168 0.153900
vt 0.829896 0.139287
vt 0.799058 0.125752
vt 0.798372 0.122747
vt 0.773767 0.127816
vt 0.765946 0.135220
vt 0.786128 0.127844
vt 0.784892 0.124908
vt 0.817432 0.221562
vt 0.760371 0.140683
vt 0.756904 0.140151
vt 0.753763 0.185713
vt 0.753282 0.180421
vt 0.753763 0.163171
vt 0.831156 0.162562
vt 0.686480 0.159305
vt 0.735125 0.159305
vt 0.776015 0.275380
vt 0.795396 0.327135
vt 0.778706 0.327135
vt 0.972629 0.123127
vt 0.982166 0.123394
vt 0.972631 0.122747
vt 0.982169 0.123014
vt 0.886341 0.251390
vt 0.858352 0.220365
vt 0.873459 0.163405
vt 0.962171 0.251111
vt 0.983487 0.015350
vt 0.976274 0.010508
vt 0.982285 0.007647
vt 0.880635 0.172485
vt 0.873364 0.164048
vt 0.902218 0.173249
vt 0.961474 0.195075
vt 0.956195 0.185421
vt 0.954033 0.176625
vt 0.966198 0.198255
vt 0.800080 0.204434
vt 0.787644 0.200326
vt 0.800644 0.201580
vt 0.734679 0.236044
vt 0.717940 0.229526
vt 0.735733 0.230048
vt 0.888770 0.214726
vt 0.859241 0.209547
vt 0.829560 0.224742
vt 0.789013 0.120693
vt 0.761390 0.053867
vt 0.844679 0.122747
vt 0.949735 0.072390
vt 0.950177 0.073115
vt 0.952904 0.167325
vt 0.898639 0.144361
vt 0.894504 0.134102
vt 0.717889 0.290208
vt 0.867735 0.201831
vt 0.832522 0.198318
vt 0.696886 0.234658
vt 0.887486 0.126283
vt 0.736722 0.291023
vt 0.718161 0.286533
vt 0.735948 0.285866
vt 0.696886 0.292373
vt 0.678360 0.299869
vt 0.696775 0.248898
vt 0.672495 0.253464
vt 0.957245 0.289972
vt 0.952591 0.284225
vt 0.735114 0.244244
vt 0.677103 0.229521
vt 0.696886 0.231274
vt 0.753763 0.163202
vt 0.820123 0.198174
vt 0.811942 0.199325
vt 0.819253 0.195759
vt 0.828493 0.191133
vt 0.812255 0.202012
vt 0.786528 0.203147
vt 0.776766 0.198210
vt 0.827818 0.140349
vt 0.753282 0.208223
vt 0.753282 0.185713
vt 0.753763 0.202939
vt 0.765354 0.196869
vt 0.762322 0.191531
vt 0.767181 0.194265
vt 0.972250 0.296511
vt 0.991715 0.244720
vt 0.988943 0.296511
vt 0.752811 0.246195
vt 0.748359 0.229527
vt 0.752811 0.229526
vt 1.001549 0.178373
vt 0.982169 0.126618
vt 1.002019 0.122747
vt 0.833504 0.018798
vt 0.863377 0.013115
vt 0.863411 0.018703
vt 0.952913 0.107294
vt 0.969123 0.105567
vt 0.967896 0.113636
vt 0.953711 0.103588
vt 0.969123 0.105567
vt 0.921973 0.195646
vt 0.914956 0.198987
vt 0.922383 0.185085
vt 0.756631 0.176054
vt 0.761385 0.189170
vt 0.757941 0.189734
vt 0.808170 0.117944
vt 0.807745 0.052601
vt 0.902607 0.140646
vt 0.916033 0.140624
vt 0.902304 0.186989
vt 0.983703 0.066871
vt 0.977215 0.066463
vt 0.983703 0.066871
vt 0.925813 0.244056
vt 0.928816 0.125050
vt 0.924293 0.122829
vt 0.919100 0.122747
vt 0.974986 0.001466
vt 0.979454 0.001034
vt 0.827305 0.113426
vt 0.831444 0.119433
vt 0.934355 0.141253
vt 0.938312 0.128150
vt 0.677192 0.005508
vt 0.673170 0.010768
vt 0.936817 0.122747
vt 0.714868 0.069037
vt 0.971456 0.183771
vt 0.752526 0.121032
vt 0.752124 0.121454
vt 0.748548 0.012124
vt 0.747579 0.001506
vt 0.753655 0.004248
vt 0.930517 0.083090
vt 0.890206 0.280501
vt 0.888813 0.245226
vt 0.888816 0.245227
vt 0.832511 0.199733
vt 0.841616 0.200185
vt 0.671844 0.068565
vt 0.669549 0.120118
vt 0.669541 0.068832
vt 0.974255 0.118039
vt 0.969123 0.118645
vt 0.827352 0.052081
vt 0.819373 0.001426
vt 0.827311 0.001407
vt 0.761176 0.120828
vt 0.756517 0.054065
vt 0.833470 0.113337
vt 0.833470 0.052116
vt 0.818944 0.110836
vt 0.820180 0.052181
vt 0.890216 0.211817
vt 0.977381 0.117922
vt 0.833470 0.001105
vt 0.753763 0.222723
vt 0.753450 0.208223
vt 0.753763 0.208242
vt 0.973134 0.010798
vt 0.952733 0.208788
vt 0.886546 0.016381
vt 0.879269 0.016330
vt 0.950177 0.111111
vt 0.931979 0.223388
vt 0.930275 0.286152
vt 0.775353 0.130660
vt 0.752473 0.222902
vt 0.752122 0.172453
vt 0.752472 0.172127
vt 0.971594 0.124064
vt 0.971868 0.122747
vt 0.810779 0.122747
vt 0.756169 0.156230
vt 0.753900 0.121142
vt 0.755849 0.142668
vt 0.971592 0.198269
vt 0.971868 0.199736
vt 0.904494 0.200252
vt 0.914974 0.204968
vt 0.904399 0.206120
vt 0.736723 0.258212
vt 0.915530 0.092107
vt 0.919982 0.108775
vt 0.915530 0.108776
vt 0.912399 0.092106
vt 0.755601 0.248082
vt 0.755255 0.247690
vt 0.749947 0.070300
vt 0.756168 0.010329
vt 0.756166 0.070955
vt 0.682119 0.119405
vt 0.960450 0.239537
vt 0.889734 0.004827
vt 0.888938 0.010179
vt 0.926471 0.184709
vt 0.844537 0.215970
vt 0.843016 0.202668
vt 0.879961 0.001034
vt 0.775297 0.200962
vt 0.836898 0.213636
vt 0.831312 0.216770
vt 0.831360 0.210413
vt 0.758936 0.192833
vt 0.816026 0.279227
vt 0.747664 0.241728
vt 0.747915 0.238096
vt 0.748361 0.244647
vt 0.969903 0.004437
vt 0.736586 0.069633
vt 0.749217 0.120478
vt 0.827619 0.001034
vt 0.736752 0.265216
vt 0.933035 0.069824
vt 0.746060 0.231915
vt 0.760011 0.173070
vt 0.959049 0.139118
vt 0.921645 0.201728
vt 0.677583 0.068169
vt 0.913768 0.091739
vt 0.756163 0.121036
vt 0.733847 0.149676
vt 0.974648 0.118468
vt 0.752969 0.163834
vt 0.898617 0.241250
vt 0.971868 0.318160
vt 0.967900 0.312078
vt 0.971614 0.311957
vt 0.950256 0.223384
vt 0.930389 0.242670
vt 0.930627 0.225197
vt 0.888903 0.068422
vt 0.888989 0.068606
vt 0.837811 0.202441
vt 0.970252 0.250760
vt 0.715196 0.002230
vt 0.835389 0.281329
vt 0.897303 0.079298
vt 0.833097 0.204455
vt 0.888770 0.263907
vt 0.879244 0.274446
vt 0.742556 0.188938
vt 0.898076 0.092126
vt 0.902528 0.111880
vt 0.898076 0.111901
vt 0.757162 0.271517
vt 0.902528 0.111901
vt 0.906979 0.092106
vt 0.906979 0.111880
vt 0.929497 0.217827
vt 0.957613 0.235043
vt 0.756285 0.256721
vt 0.906741 0.002159
vt 0.921617 0.007779
vt 0.842285 0.279000
vt 0.757157 0.271512
vt 0.961293 0.261368
vt 0.895207 0.064839
vt 0.895755 0.071521
vt 0.911271 0.112034
vt 0.895209 0.119953
vt 0.863411 0.018703
vt 0.879516 0.068421
vt 0.918517 0.019876
vt 0.891406 0.023945
vt 0.940940 0.161674
vt 0.931261 0.130028
vt 0.946691 0.156786
vt 0.908498 0.239976
vt 0.920804 0.224446
vt 0.738051 0.234515
vt 0.792981 0.271155
vt 0.937755 0.151788
vt 0.817886 0.130365
vt 0.773242 0.327174
vt 0.753171 0.153011
vt 0.752969 0.129291
vt 0.743819 0.234110
vt 0.932108 0.073274
vt 0.890466 0.208302
vt 0.889108 0.214733
vt 0.930858 0.044067
vt 0.683881 0.165048
vt 0.680769 0.181993
vt 0.737719 0.165048
vt 0.752122 0.171842
vt 0.808714 0.271520
vt 0.809530 0.291387
vt 0.743822 0.263687
vt 0.743934 0.268283
vt 0.966599 0.250819
vt 0.969283 0.200107
vt 0.965596 0.200174
vt 0.880959 0.164293
vt 0.749889 0.210399
vt 0.669547 0.068649
vt 0.900882 0.162787
vt 0.900633 0.154812
vt 0.736723 0.239435
vt 0.738054 0.263766
vt 0.898225 0.241235
vt 0.896324 0.170856
vt 0.671698 0.210419
vt 0.788430 0.053060
vt 0.963564 0.165307
vt 0.971868 0.234884
vt 0.972638 0.240847
vt 0.742122 0.006105
vt 0.887285 0.199341
vt 0.899536 0.182278
vt 0.888688 0.185614
vt 0.895011 0.190606
vt 0.818551 0.224920
vt 0.831566 0.161200
vt 0.689834 0.001667
vt 0.756074 0.205282
vt 0.955509 0.157143
vt 0.956263 0.149234
vt 0.813015 0.116964
vt 0.958922 0.165782
vt 0.928324 0.163089
vt 0.929868 0.137567
vt 0.795865 0.271510
vt 0.976274 0.010508
vt 0.952904 0.167325
vt 0.858352 0.220365
vt 0.887922 0.224862
vt 0.761390 0.053867
vt 0.875762 0.202441
vt 0.876261 0.201058
vt 0.698164 0.296209
vt 0.760564 0.194429
vt 0.971868 0.240847
vt 0.984860 0.178373
vt 0.833470 0.013211
vt 0.953711 0.103588
vt 0.807745 0.052601
vt 0.916033 0.140624
vt 0.827305 0.113426
vt 0.934355 0.141253
vt 0.893177 0.202443
vt 0.714868 0.069037
vt 0.752526 0.121032
vt 0.920063 0.089008
vt 0.889089 0.267027
vt 0.892733 0.054427
vt 0.827352 0.052081
vt 0.833470 0.052116
vt 0.818944 0.110836
vt 0.755089 0.212862
vt 0.977215 0.066463
vt 0.973134 0.010798
vt 0.717896 0.292501
vt 0.752124 0.222560
vt 0.930221 0.131204
vt 0.919982 0.092106
vt 0.912667 0.092230
vt 0.749947 0.070300
vt 0.756166 0.070955
vt 0.844537 0.215970
vt 0.809995 0.286219
vt 0.736586 0.069633
vt 0.836898 0.213636
vt 0.744076 0.229741
vt 0.890189 0.280547
vt 0.893184 0.287092
vt 0.677583 0.068169
vt 0.886754 0.068415
vt 0.954428 0.247140
vt 0.766795 0.121221
vt 0.918780 0.256947
vt 0.736854 0.229526
vt 0.736722 0.238789
vt 0.772716 0.204491
vt 0.902954 0.305303
vt 0.895417 0.009273
vt 0.929510 0.272661
vt 0.744448 0.274630
vt 0.752526 0.172163
vt 0.818277 0.233468
vt 0.936408 0.173997
vt 0.840926 0.161357
vt 0.717940 0.293350
vt 0.957603 0.290032
vt 0.698164 0.296209
vt 0.792575 0.204489
vt 0.748359 0.246196
vt 0.930221 0.131204
vt 0.752903 0.126454
vt 0.756708 0.117652
vt 0.753441 0.222710
vt 0.965078 0.120903
vt 0.952267 0.222741
vt 0.736854 0.268809
vt 0.888742 0.016447
vt 0.965120 0.318160
vt 0.902528 0.092106
vt 0.902528 0.092126
vt 0.766795 0.121221
vt 0.756168 0.156229
vt 0.752526 0.172163
vt 0.752903 0.166683
vt 0.736722 0.258859
vt 0.753869 0.163051
vt 0.756708 0.117652
vt 0.831360 0.210413
s 1
usemtl Interior
f 44/1/1 137/2/2 2/3/3
f 19/4/4 134/5/5 15/6/6
f 53/7/7 130/8/8 1/9/9
f 39/10/10 139/11/11 33/12/12
f 191/13/13 153/14/14 279/15/15
f 167/16/16 162/17/17 276/18/18
f 199/19/19 151/20/20 272/21/21
f 186/22/22 181/23/23 281/24/24
f 323/25/25 305/26/26 336/27/27
f 303/28/28 325/29/29 339/30/30
f 380/31/31 381/32/32 297/33/33
f 422/34/34 459/35/35 446/36/36
f 445/37/37 458/38/38 296/39/39
f 447/40/40 463/41/41 424/42/42
f 494/43/43 426/44/44 495/45/45
f 583/46/46 534/47/47 573/48/48
f 615/49/49 566/50/50 616/51/51
f 185/52/52 166/53/53 181/23/23
f 45/54/54 130/8/8 53/7/7
f 557/55/55 563/56/56 561/57/57
f 35/58/58 26/59/59 29/60/60
f 183/61/61 206/62/62 189/63/63
f 41/64/64 34/65/58 38/66/65
f 182/67/66 180/68/67 177/69/68
f 36/70/69 40/71/70 43/72/71
f 6/73/72 36/70/69 43/72/71
f 6/73/72 43/72/71 4/74/73
f 231/75/74 186/22/22 282/76/75
f 297/33/33 306/77/76 294/78/77
f 4/74/73 41/64/64 38/66/65
f 176/79/68 197/80/78 196/81/79
f 32/82/80 52/83/81 33/12/12
f 173/84/82 195/85/79 193/86/83
f 26/59/59 44/1/1 48/87/84
f 645/88/85 657/89/86 658/90/87
f 211/91/88 187/92/89 203/93/90
f 224/94/91 154/95/92 220/96/93
f 169/97/94 233/98/95 226/99/96
f 18/100/97 33/12/12 139/11/11
f 17/101/98 138/102/99 23/103/100
f 20/104/101 78/105/102 82/106/103
f 233/98/95 181/23/23 230/107/104
f 215/108/105 154/95/92 216/109/106
f 79/110/107 116/111/108 101/112/109
f 230/107/104 186/22/22 231/75/74
f 4/74/73 77/113/110 69/114/111
f 158/115/112 257/116/113 218/117/114
f 14/118/115 3/119/116 67/120/117
f 12/121/115 66/122/118 115/123/119
f 80/124/120 85/125/121 107/126/122
f 80/124/120 107/126/122 103/127/123
f 218/117/114 262/128/124 236/129/125
f 88/130/126 83/131/127 111/132/128
f 248/133/129 229/134/130 232/135/131
f 242/136/132 219/137/133 238/138/134
f 248/133/129 232/135/131 291/139/135
f 238/138/134 214/140/136 73/141/137
f 244/142/138 225/143/139 250/144/140
f 83/131/127 79/110/107 101/112/109
f 83/131/127 101/112/109 105/145/141
f 118/146/142 9/147/143 72/148/144
f 67/120/117 113/149/145 101/112/109
f 67/120/117 101/112/109 116/111/108
f 214/140/136 238/138/134 219/137/133
f 259/150/146 252/151/147 262/128/124
f 161/152/148 221/153/149 255/154/150
f 267/155/151 217/156/152 269/157/153
f 45/54/54 8/158/154 117/159/155
f 133/160/156 3/119/116 14/118/115
f 268/161/157 46/162/158 192/163/159
f 45/54/54 117/159/155 119/164/160
f 45/54/54 127/165/161 8/158/154
f 135/166/5 132/167/156 13/168/162
f 130/8/8 45/54/54 119/164/160
f 131/169/163 121/170/164 3/119/116
f 282/76/75 281/24/24 286/171/165
f 286/171/165 281/24/24 284/172/166
f 285/173/167 291/139/135 287/174/168
f 149/175/169 145/176/170 90/177/171
f 281/24/24 228/178/172 284/172/166
f 328/179/173 333/180/174 331/181/175
f 504/182/176 489/183/177 502/184/178
f 263/185/179 125/186/180 124/187/179
f 408/188/181 411/189/182 418/190/183
f 247/191/184 96/192/185 108/193/186
f 106/194/187 146/195/188 99/196/189
f 146/195/188 148/197/190 99/196/189
f 239/198/191 243/199/192 100/200/193
f 128/201/179 122/202/194 93/203/195
f 128/201/179 93/203/195 129/204/196
f 208/205/197 65/206/198 64/207/199
f 216/109/106 6/73/72 74/208/200
f 270/209/201 217/156/152 235/210/202
f 660/211/203 694/212/204 698/213/205
f 114/214/206 99/196/189 96/192/185
f 106/194/187 99/196/189 102/215/207
f 91/216/208 33/12/12 52/83/81
f 135/166/5 47/217/209 132/167/156
f 21/218/210 50/219/211 136/220/5
f 192/163/159 199/19/19 272/21/21
f 34/65/58 32/82/80 38/66/65
f 183/61/61 178/221/68 174/222/212
f 541/223/213 612/224/214 543/225/215
f 35/58/58 56/226/216 26/59/59
f 188/227/217 185/52/52 182/67/66
f 107/126/122 85/125/121 141/228/218
f 184/229/219 190/230/220 187/92/89
f 154/95/92 190/230/220 184/229/219
f 18/100/97 38/66/65 33/12/12
f 154/95/92 185/52/52 188/227/217
f 6/73/72 37/231/221 36/70/69
f 5/232/222 59/233/223 42/234/224
f 184/229/219 187/92/89 211/91/88
f 180/68/67 181/23/23 198/235/225
f 174/222/212 194/236/226 191/13/13
f 26/59/59 60/237/227 44/1/1
f 45/54/54 62/238/228 46/162/158
f 28/239/60 51/240/229 31/241/230
f 164/242/231 170/243/232 280/244/233
f 166/53/53 281/24/24 181/23/23
f 169/97/94 226/99/96 222/245/234
f 517/246/235 496/247/236 515/248/237
f 86/249/238 18/100/97 24/250/239
f 221/153/149 240/251/240 255/154/150
f 154/95/92 215/108/105 220/96/93
f 159/252/241 254/253/242 212/254/243
f 161/152/241 213/255/244 152/256/245
f 223/257/246 242/136/132 246/258/247
f 223/257/246 246/258/247 227/259/248
f 229/134/130 250/144/140 225/143/139
f 315/260/249 314/261/250 306/77/76
f 225/143/139 244/142/138 240/251/240
f 225/143/139 240/251/240 221/153/149
f 79/110/107 14/118/251 116/111/108
f 213/255/244 255/154/150 240/251/240
f 213/255/244 240/251/240 252/151/147
f 513/262/252 457/263/253 493/264/254
f 277/265/18 193/86/83 195/85/79
f 98/266/255 71/267/256 75/268/257
f 576/269/258 604/270/259 574/271/260
f 387/272/261 341/273/262 338/274/263
f 192/163/159 256/275/264 157/276/265
f 275/277/266 161/152/241 152/256/245
f 192/163/159 258/278/267 256/275/264
f 192/163/159 157/276/265 268/161/157
f 277/265/18 160/279/241 274/280/268
f 273/281/269 152/256/245 260/282/270
f 272/21/21 258/278/267 192/163/159
f 485/283/271 504/182/176 499/284/272
f 291/139/135 232/135/131 287/174/168
f 388/285/273 371/286/274 369/287/275
f 124/187/179 128/201/179 97/288/179
f 108/193/186 110/289/276 150/290/277
f 139/11/11 144/291/278 142/292/279
f 245/293/280 237/294/281 288/295/282
f 288/295/282 237/294/281 290/296/283
f 537/297/284 611/298/285 545/299/286
f 356/300/287 309/301/288 300/302/289
f 108/193/186 99/196/189 148/197/190
f 124/187/179 122/202/194 128/201/179
f 25/303/290 49/304/211 27/305/60
f 97/288/179 271/306/291 234/307/292
f 97/288/179 234/307/292 261/308/293
f 399/309/294 357/310/295 355/311/296
f 253/312/297 96/192/185 237/294/281
f 245/293/280 241/313/298 237/294/281
f 446/36/36 432/314/299 422/34/34
f 426/44/44 433/315/300 434/316/301
f 307/317/302 297/33/33 308/318/303
f 308/318/303 297/33/33 300/302/289
f 308/318/303 300/302/289 309/301/288
f 506/319/304 496/247/236 517/246/235
f 690/320/305 682/321/306 702/322/307
f 293/323/308 316/324/309 315/260/249
f 437/325/310 442/326/311 434/316/301
f 670/327/312 664/328/313 634/329/314
f 539/330/315 582/331/316 570/332/317
f 312/333/318 316/324/309 439/334/319
f 299/335/320 317/336/321 318/337/322
f 299/335/320 318/337/322 301/338/323
f 298/339/324 317/336/321 299/335/320
f 451/340/325 424/42/42 440/341/326
f 439/334/319 316/324/309 449/342/327
f 445/37/37 444/343/328 449/344/329
f 547/345/330 605/346/331 564/347/332
f 448/348/333 452/349/334 456/350/335
f 452/349/334 333/180/174 332/351/336
f 294/78/77 296/39/39 344/352/337
f 426/44/44 471/353/338 495/45/45
f 436/354/339 476/355/340 429/356/341
f 671/357/342 677/358/343 675/359/344
f 185/52/52 181/23/23 180/68/67
f 434/316/301 442/326/311 435/360/345
f 304/361/346 343/362/347 335/363/348
f 534/47/47 586/364/349 536/365/350
f 466/366/351 513/262/252 366/367/352
f 100/200/193 243/199/192 150/290/277
f 512/368/353 477/369/354 478/370/355
f 536/365/350 572/371/356 591/372/357
f 512/368/353 479/373/358 503/374/178
f 354/375/359 358/376/360 389/377/361
f 345/378/362 341/273/262 361/379/363
f 500/380/364 472/381/365 469/382/366
f 493/264/254 516/383/367 513/262/252
f 679/384/368 652/385/369 639/386/370
f 359/387/371 384/388/372 364/389/373
f 481/390/374 367/391/375 497/392/376
f 501/393/377 485/283/271 499/284/272
f 502/184/178 488/394/378 511/395/379
f 508/396/380 484/397/381 506/319/304
f 511/395/379 490/398/382 510/399/383
f 261/308/293 263/185/179 97/288/179
f 103/127/123 76/400/384 80/124/120
f 491/401/385 497/392/376 514/402/386
f 368/403/275 378/404/387 363/405/388
f 369/287/275 365/406/373 388/285/273
f 100/200/193 112/407/389 251/408/390
f 496/247/236 514/402/386 515/248/237
f 520/409/391 522/410/392 526/411/393
f 634/329/314 689/412/394 680/413/395
f 680/413/395 626/414/396 619/415/395
f 708/416/397 573/48/48 556/417/398
f 320/418/399 296/39/39 294/78/77
f 434/316/301 435/360/345 426/44/44
f 435/360/345 436/354/339 429/356/341
f 435/360/345 429/356/341 426/44/44
f 204/419/400 183/61/61 174/222/212
f 636/420/401 637/421/402 648/422/403
f 315/260/249 306/77/76 310/423/404
f 315/260/249 312/333/318 311/424/405
f 317/336/321 307/317/302 308/318/303
f 318/337/322 308/318/303 313/425/406
f 428/426/407 430/427/408 443/428/409
f 428/426/407 443/428/409 442/326/311
f 427/429/410 428/426/407 442/326/311
f 298/339/324 315/260/249 317/336/321
f 400/430/411 376/431/412 374/432/413
f 461/433/414 498/434/415 468/435/416
f 706/436/417 556/417/398 554/437/418
f 73/141/137 92/438/419 238/138/134
f 701/439/420 697/440/421 690/320/305
f 296/39/39 467/441/422 344/352/337
f 91/216/208 22/442/210 84/443/103
f 435/360/345 443/428/409 438/444/423
f 353/445/424 297/33/33 349/446/425
f 401/447/426 343/362/347 366/367/352
f 436/354/339 435/360/345 438/444/423
f 342/448/427 295/449/428 293/323/308
f 356/300/287 313/425/406 309/301/288
f 431/450/429 457/263/253 466/366/351
f 380/31/31 294/78/77 337/451/430
f 351/452/431 385/453/432 347/454/433
f 354/375/359 391/455/434 350/456/435
f 396/457/436 355/311/296 352/458/437
f 206/62/62 155/459/438 189/63/63
f 338/274/263 385/453/432 387/272/261
f 475/460/439 503/374/178 479/373/358
f 345/378/362 361/379/363 465/461/440
f 396/457/436 348/462/441 394/463/442
f 349/446/425 297/33/33 381/32/32
f 237/294/281 247/191/184 290/296/283
f 480/464/443 364/389/373 384/388/372
f 46/162/158 127/165/161 45/54/54
f 393/465/434 375/466/444 373/467/445
f 393/465/434 371/286/274 386/468/446
f 390/469/447 374/432/413 375/466/444
f 398/470/448 372/471/449 376/431/412
f 483/472/450 501/393/377 365/406/373
f 482/473/450 362/474/388 492/475/451
f 395/476/452 382/477/453 370/478/454
f 525/479/182 529/480/181 519/481/455
f 414/482/456 412/483/392 410/484/182
f 413/485/392 417/486/391 421/487/457
f 704/488/458 555/489/459 540/490/460
f 643/491/461 635/492/462 647/493/463
f 633/494/464 1324/495/465 635/492/462
f 676/496/466 629/497/467 630/498/468
f 383/499/469 377/500/470 402/501/471
f 661/502/472 690/320/305 691/503/473
f 644/504/474 667/505/475 659/506/476
f 1386/507/477 695/508/478 696/509/479
f 35/58/58 59/233/223 58/510/480
f 641/511/481 652/385/369 653/512/482
f 649/513/483 652/385/369 657/89/86
f 648/422/403 654/514/484 651/515/485
f 666/516/486 672/517/487 677/358/343
f 113/149/145 120/518/488 123/519/489
f 551/520/490 537/297/284 549/521/491
f 123/519/489 72/148/144 95/522/492
f 616/51/51 600/523/493 615/49/49
f 441/524/494 427/429/410 442/326/311
f 69/114/111 6/73/72 4/74/73
f 201/525/495 208/205/197 210/526/496
f 578/527/497 585/528/498 587/529/499
f 87/530/500 39/10/10 33/12/12
f 624/531/501 703/532/502 622/533/503
f 462/534/504 295/449/428 346/535/505
f 607/536/506 593/537/507 610/538/508
f 698/213/205 681/539/509 685/540/510
f 692/541/511 686/542/512 688/543/513
f 655/544/514 699/545/515 697/440/421
f 663/546/516 692/541/511 693/547/517
f 665/548/518 691/503/473 700/549/519
f 703/532/502 623/550/520 622/533/503
f 621/551/521 694/212/204 695/508/478
f 691/503/473 702/322/307 686/542/512
f 693/547/517 688/543/513 625/552/522
f 666/516/486 700/549/519 692/541/511
f 324/553/523 319/554/524 327/555/525
f 695/508/478 631/556/526 637/421/402
f 696/509/479 637/421/402 636/420/401
f 90/177/171 109/557/527 149/175/169
f 546/558/528 541/223/213 544/559/529
f 88/130/126 109/557/527 90/177/171
f 647/493/463 646/560/85 643/491/461
f 149/175/169 143/561/530 145/176/170
f 505/562/531 475/460/439 472/381/365
f 510/399/383 486/563/532 508/396/380
f 37/231/221 154/95/92 184/229/219
f 454/564/533 329/565/534 330/566/535
f 423/567/536 494/43/43 460/568/537
f 671/357/342 632/569/538 661/502/472
f 317/336/321 310/423/404 307/317/302
f 571/570/539 568/571/540 598/572/541
f 427/429/410 425/573/542 464/574/543
f 668/575/544 673/576/545 669/577/312
f 657/89/86 652/385/369 667/505/475
f 561/57/57 544/559/529 557/55/55
f 10/578/546 269/157/153 75/268/257
f 523/579/392 518/580/456 527/581/547
f 168/582/548 196/81/79 197/80/78
f 328/179/173 326/583/549 334/584/550
f 606/585/551 579/586/552 602/587/553
f 594/588/554 600/523/493 616/51/51
f 207/589/555 174/222/212 191/13/13
f 561/57/57 553/590/556 550/591/557
f 662/592/558 630/498/468 679/384/368
f 44/1/1 60/237/227 137/2/2
f 554/437/418 581/593/559 558/594/560
f 555/489/459 559/595/561 557/55/55
f 397/596/562 370/478/454 372/471/449
f 560/597/563 548/598/564 565/599/565
f 402/501/471 382/477/453 403/600/566
f 227/259/248 165/601/231 223/257/246
f 569/602/567 596/603/568 595/604/569
f 660/211/203 642/605/570 631/556/526
f 534/47/47 556/417/398 573/48/48
f 615/49/49 601/606/571 597/607/572
f 688/543/513 627/608/573 625/552/522
f 71/267/256 126/609/574 75/268/257
f 630/498/468 667/505/475 652/385/369
f 40/71/70 36/70/69 57/610/575
f 581/593/559 536/365/350 560/597/563
f 569/602/567 592/611/576 596/603/568
f 367/391/375 360/612/577 383/499/469
f 560/597/563 591/372/357 548/598/564
f 426/44/44 474/613/578 471/353/338
f 637/421/402 642/605/570 654/514/484
f 678/614/579 629/497/467 676/496/466
f 658/90/87 667/505/475 644/504/474
f 550/591/557 546/558/528 561/57/57
f 607/536/506 551/520/490 613/615/580
f 139/11/11 140/616/581 144/291/278
f 597/607/572 602/587/553 599/617/582
f 264/618/180 251/408/390 125/186/180
f 600/523/493 570/332/317 601/606/571
f 618/619/583 681/539/509 621/551/521
f 613/615/580 564/347/332 605/346/331
f 75/268/257 270/209/201 98/266/255
f 64/207/199 65/206/198 63/620/584
f 593/537/507 613/615/580 594/588/554
f 450/621/585 440/341/326 432/314/299
f 589/622/586 577/623/587 580/624/588
f 470/625/589 509/626/590 507/627/591
f 543/225/215 609/628/592 608/629/593
f 558/594/560 560/597/563 562/630/594
f 629/497/467 659/506/476 667/505/475
f 601/606/571 578/527/497 606/585/551
f 603/631/595 577/623/587 604/270/259
f 605/346/331 614/632/596 600/523/493
f 588/633/597 534/47/47 583/46/46
f 86/249/238 139/11/11 142/292/279
f 399/309/294 358/376/360 357/310/295
f 81/634/598 4/74/73 18/100/97
f 560/597/563 552/635/599 562/630/594
f 53/7/7 62/238/228 45/54/54
f 509/626/590 477/369/354 512/368/353
f 555/489/459 544/559/529 540/490/460
f 573/48/48 709/636/600 710/637/601
f 249/638/602 108/193/186 150/290/277
f 419/639/183 416/640/603 409/641/604
f 315/260/249 311/424/405 314/261/250
f 192/163/159 46/162/158 202/642/605
f 570/332/317 582/331/316 578/527/497
f 661/502/472 665/548/518 671/357/342
f 528/643/604 531/644/457 521/645/603
f 754/646/606 712/3/14 850/2/607
f 729/4/16 725/6/608 847/5/609
f 763/7/610 711/9/20 843/8/21
f 749/10/611 743/12/612 852/11/613
f 904/647/614 989/15/615 866/14/3
f 880/16/616 986/18/617 875/17/618
f 912/648/619 982/21/8 864/20/620
f 899/649/621 991/24/622 894/650/623
f 1033/25/624 1046/27/625 1015/26/429
f 1013/28/626 1049/30/41 1035/29/627
f 1090/31/628 1007/33/629 1091/32/45
f 1132/34/630 1156/36/631 1169/35/632
f 1155/37/633 1006/39/634 1168/38/635
f 1157/40/636 1134/42/637 1173/41/263
f 1204/43/638 1205/45/639 1136/44/640
f 1281/46/641 1274/48/642 1244/651/643
f 1317/49/644 1318/51/645 566/50/646
f 904/647/614 919/589/647 989/15/615
f 879/53/648 898/52/649 894/650/623
f 755/54/650 763/7/610 843/8/21
f 1263/55/651 1269/56/652 1265/595/653
f 745/58/654 739/60/655 736/59/656
f 912/648/619 921/652/657 905/163/658
f 896/61/659 918/62/660 917/653/661
f 751/64/662 748/66/663 744/65/654
f 895/67/659 893/68/664 898/52/649
f 746/70/665 753/72/666 750/71/667
f 716/654/668 753/72/666 746/70/665
f 716/654/668 714/655/669 753/72/666
f 1007/33/629 1016/77/670 1017/317/671
f 714/655/669 748/66/663 751/64/662
f 889/79/672 910/80/673 892/656/674
f 742/82/675 743/12/612 762/83/676
f 886/84/677 908/85/678 888/657/672
f 736/59/656 758/87/679 754/646/606
f 1249/658/680 541/223/213 1314/659/681
f 1334/88/682 1346/89/683 1338/513/684
f 900/660/685 924/91/686 915/93/687
f 937/94/688 868/661/689 879/53/648
f 946/98/690 882/97/616 939/99/691
f 728/100/692 852/11/613 743/12/612
f 727/101/693 733/103/694 851/102/233
f 730/104/16 792/106/695 788/105/696
f 946/98/690 894/650/623 911/235/697
f 789/110/698 811/112/699 826/662/150
f 943/107/700 899/649/621 894/650/623
f 714/655/669 779/114/701 787/113/702
f 970/116/142 871/115/703 931/117/704
f 724/118/705 777/120/706 713/119/245
f 722/121/705 825/123/707 776/122/708
f 790/124/709 817/126/710 795/125/711
f 790/124/709 813/127/712 817/126/710
f 975/128/713 931/117/704 949/129/714
f 798/130/715 821/132/716 793/131/717
f 942/134/718 961/133/719 945/135/720
f 955/136/721 932/137/722 936/257/723
f 945/135/720 961/133/719 1001/139/724
f 793/131/717 811/112/699 789/110/698
f 793/131/717 815/145/725 811/112/699
f 719/147/112 828/663/726 782/148/727
f 777/120/706 811/112/699 823/664/728
f 777/120/706 826/662/150 811/112/699
f 965/665/729 972/666/730 975/128/713
f 934/153/731 874/152/251 968/154/732
f 930/156/733 979/155/734 785/667/735
f 755/54/650 827/159/736 718/158/265
f 846/160/737 724/118/705 713/119/245
f 756/668/738 980/161/739 905/163/658
f 755/54/650 829/164/740 827/159/736
f 755/54/650 718/158/265 838/165/741
f 848/166/609 723/168/241 845/167/737
f 843/8/21 829/164/740 755/54/650
f 844/169/269 713/119/245 831/669/742
f 991/24/622 992/76/743 996/171/744
f 991/24/622 996/171/744 994/172/745
f 1001/139/724 995/173/746 997/174/747
f 862/175/748 800/177/749 858/176/750
f 941/178/751 991/24/622 994/172/745
f 1038/179/752 1043/180/174 1042/351/336
f 1214/182/753 1199/183/444 1197/670/445
f 835/186/180 976/185/179 834/187/179
f 1118/188/391 1121/189/392 1125/671/393
f 816/194/754 809/196/755 859/195/756
f 859/195/756 809/196/755 861/197/757
f 840/201/179 803/203/758 832/202/759
f 840/201/179 842/204/760 803/203/758
f 920/205/761 775/672/762 922/673/763
f 808/674/764 930/156/733 785/667/735
f 1384/212/765 1349/211/766 1388/213/767
f 824/214/297 806/192/185 809/196/755
f 816/194/754 812/215/768 809/196/755
f 801/216/769 743/12/612 797/530/770
f 848/166/609 757/217/771 759/304/772
f 731/218/548 760/219/772 761/240/773
f 905/163/658 982/21/8 912/648/619
f 748/66/663 743/12/612 742/82/675
f 744/65/654 742/82/675 740/675/655
f 896/61/659 887/222/774 891/221/672
f 767/226/400 745/58/654 736/59/656
f 623/550/520 1373/676/775 1372/677/776
f 901/227/777 895/67/659 898/52/649
f 897/229/778 900/660/685 903/230/779
f 868/661/689 897/229/778 903/230/779
f 748/66/663 728/100/692 743/12/612
f 868/661/689 901/227/777 898/52/649
f 747/678/780 716/654/668 746/70/665
f 770/233/62 715/232/781 752/234/782
f 897/229/778 924/91/686 900/660/685
f 893/68/664 911/235/697 894/650/623
f 887/222/774 904/647/614 907/236/783
f 771/237/784 736/59/656 754/646/606
f 810/679/191 814/680/785 952/681/786
f 772/682/787 775/672/762 774/207/788
f 755/54/650 756/668/738 766/683/789
f 738/239/655 761/240/773 760/219/772
f 877/242/790 990/244/99 883/243/791
f 879/53/648 894/650/623 991/24/622
f 882/97/616 935/245/792 939/99/691
f 796/249/793 728/100/692 791/634/794
f 934/153/731 968/154/732 953/251/109
f 868/661/689 933/96/795 928/108/796
f 872/252/115 925/254/797 967/253/119
f 874/152/115 865/256/116 926/255/798
f 936/257/723 959/258/799 955/136/721
f 936/257/723 940/259/800 959/258/799
f 942/134/718 938/143/801 963/144/802
f 1024/261/803 1025/260/804 1016/77/670
f 959/258/799 940/259/800 993/684/805
f 938/143/801 953/251/109 957/142/806
f 938/143/801 934/153/731 953/251/109
f 724/118/807 789/110/698 826/662/150
f 926/255/798 953/251/109 968/154/732
f 926/255/798 965/665/729 953/251/109
f 987/265/617 906/86/808 984/280/809
f 841/685/810 781/267/811 804/686/812
f 1305/687/813 1299/688/814 1300/689/815
f 1097/272/816 1051/273/817 1071/379/818
f 1004/78/819 1032/690/820 1016/77/670
f 905/163/658 870/276/821 969/275/822
f 985/277/809 865/256/116 874/152/115
f 905/163/658 969/275/822 971/278/823
f 905/163/658 980/161/739 870/276/821
f 987/265/617 984/280/809 873/279/162
f 983/281/163 973/282/824 865/256/116
f 982/21/8 905/163/658 971/278/823
f 1214/182/753 1195/283/274 1209/284/825
f 1001/139/724 997/174/747 945/135/720
f 1098/285/377 1081/286/271 1096/468/826
f 840/201/179 834/187/179 807/288/179
f 952/681/786 814/680/785 863/290/827
f 820/289/828 960/691/829 863/290/827
f 1249/658/680 1314/659/681 1250/559/830
f 857/291/831 852/11/613 855/292/832
f 958/293/833 998/295/834 950/294/835
f 998/295/834 1000/296/836 950/294/835
f 1313/692/837 1246/297/838 1251/299/839
f 1019/693/840 1066/300/340 1010/694/341
f 832/202/759 834/187/179 840/201/179
f 735/303/841 759/304/772 757/217/771
f 807/288/179 947/307/842 981/306/843
f 807/288/179 974/308/844 947/307/842
f 1109/309/845 1065/311/354 1067/310/355
f 785/667/735 841/685/810 808/674/764
f 720/695/846 839/696/847 785/667/735
f 966/312/206 950/294/835 806/192/185
f 958/293/833 950/294/835 954/313/848
f 1142/697/849 1156/36/631 1132/34/630
f 1136/44/640 1143/315/850 1133/567/851
f 1017/317/671 1018/698/852 1007/33/629
f 1018/698/852 1010/694/341 1007/33/629
f 1018/698/852 1019/693/840 1010/694/341
f 1216/319/853 1206/247/453 1194/397/454
f 818/699/854 806/192/185 960/691/829
f 1371/321/855 1380/700/856 1392/322/857
f 1026/324/858 1003/323/859 1025/260/804
f 1152/326/860 1147/325/861 1144/701/862
f 1359/327/863 1353/702/864 1363/703/865
f 1280/704/866 1248/330/867 1272/332/868
f 1026/324/858 1022/333/869 1149/334/870
f 1009/705/871 1028/706/872 1027/707/873
f 1009/705/871 1011/708/874 1028/706/872
f 1008/339/875 1009/705/871 1027/707/873
f 1134/42/637 1161/340/876 1150/341/877
f 778/709/878 802/438/879 786/400/880
f 1026/324/858 1149/334/870 1159/342/881
f 1155/37/633 1154/710/882 1006/39/634
f 1306/346/883 1253/711/884 1270/347/885
f 1162/349/886 1158/348/549 1166/350/887
f 1162/349/886 1043/180/174 1165/712/888
f 1004/78/819 1054/352/889 1006/39/634
f 1181/353/890 1136/44/640 1205/45/639
f 1186/355/287 1146/713/891 1139/714/289
f 1366/358/892 1360/715/893 1364/359/894
f 1152/326/860 1144/701/862 1145/716/895
f 1014/361/896 1045/363/897 1053/362/898
f 1284/364/899 1244/651/643 1245/365/900
f 1223/262/901 1176/366/902 1076/367/903
f 1071/379/818 1175/461/904 1171/433/905
f 1222/368/906 1188/370/295 1187/369/296
f 1273/371/907 1245/365/900 1288/372/908
f 1222/368/906 1189/373/909 1188/370/295
f 1064/375/910 1099/377/911 1068/376/912
f 1055/378/913 1071/379/818 1051/273/817
f 1182/381/914 1210/380/825 1179/382/915
f 1341/385/916 1368/717/917 1328/718/918
f 1069/387/443 1074/389/373 1094/388/372
f 1077/391/919 1191/390/920 1207/392/921
f 1211/393/273 1195/283/274 1193/472/275
f 1212/184/922 1198/394/923 1199/183/444
f 1218/396/924 1194/397/454 1196/563/449
f 1221/395/925 1200/398/412 1198/394/923
f 976/185/179 974/308/844 807/288/179
f 813/127/712 786/400/880 802/438/879
f 1207/392/921 1201/401/926 1224/402/927
f 1078/403/450 1073/405/388 1088/404/451
f 1079/287/450 1098/285/377 1075/406/373
f 822/407/928 952/681/786 964/408/389
f 1224/402/927 1206/247/453 1225/248/929
f 1230/409/181 1232/410/182 1240/719/183
f 1379/412/394 1323/329/930 1369/413/395
f 626/414/396 1369/413/395 619/415/395
f 1397/416/931 1274/48/642 1398/636/932
f 1006/39/634 1030/418/933 1004/78/819
f 1144/701/862 1136/44/640 1145/716/895
f 1145/716/895 1139/714/289 1146/713/891
f 1145/716/895 1136/44/640 1139/714/289
f 896/61/659 916/419/216 887/222/774
f 1019/693/840 1018/698/852 1023/425/934
f 1326/720/935 1325/420/936 1337/422/937
f 1016/77/670 1025/260/804 1020/423/938
f 1022/333/869 1025/260/804 1021/424/939
f 1017/317/671 1027/707/873 1018/698/852
f 1018/698/852 1028/706/872 1023/425/934
f 1138/426/940 1153/428/941 1140/427/942
f 1138/426/940 1152/326/860 1153/428/941
f 1137/429/943 1152/326/860 1138/426/940
f 1025/260/804 1008/339/875 1027/707/873
f 1186/355/287 1148/721/944 1146/713/891
f 1110/430/945 1086/431/382 1108/470/946
f 1208/434/947 1171/433/905 1178/435/915
f 1395/436/948 1262/722/949 1396/723/950
f 802/438/879 783/141/951 951/138/952
f 1387/724/953 1391/439/954 1380/700/856
f 1006/39/634 1054/352/889 1177/441/955
f 732/442/94 801/216/769 794/443/695
f 1153/428/941 1145/716/895 1148/721/944
f 1007/33/629 1063/445/578 1059/446/338
f 1053/362/898 1111/447/956 1076/367/903
f 1050/725/957 1003/323/859 1052/448/958
f 1052/448/958 1005/449/959 1056/535/960
f 1008/339/875 1002/726/961 1050/725/962
f 1141/450/26 1176/366/902 1167/263/963
f 1004/78/819 1090/31/628 1047/451/964
f 1095/453/826 1061/452/965 1057/454/966
f 1064/375/910 1101/455/967 1099/377/911
f 1106/457/968 1065/311/354 1109/309/845
f 867/459/969 918/62/660 902/63/224
f 1095/453/826 1048/274/41 1097/272/816
f 1185/460/970 1189/373/909 1213/374/922
f 1055/378/913 1175/461/904 1071/379/818
f 1058/462/589 1106/457/968 1104/463/971
f 1007/33/629 1059/446/338 1091/32/45
f 1111/447/956 1045/363/897 1089/727/254
f 1190/464/371 1094/388/372 1074/389/373
f 838/165/741 756/668/738 755/54/650
f 1103/465/967 1085/466/177 1100/469/972
f 1081/286/271 1103/465/967 1096/468/826
f 1100/469/972 1084/432/973 1110/430/945
f 1108/470/946 1082/471/532 1107/596/974
f 1193/472/275 1075/406/373 1211/393/273
f 1192/473/275 1202/475/387 1072/474/388
f 1115/728/975 1092/477/236 1113/600/976
f 1105/476/977 1092/477/236 1115/728/975
f 1235/479/392 1239/480/391 1243/729/457
f 1122/483/182 1124/482/547 1120/484/392
f 1123/485/182 1127/486/181 1117/730/455
f 1393/488/978 1261/489/979 1394/731/980
f 1332/491/981 1324/495/465 620/732/982
f 1319/497/983 1365/496/984 1320/498/985
f 1087/500/986 1093/499/987 1112/501/988
f 1380/700/856 1350/502/989 1381/733/990
f 1356/734/991 1333/504/992 1348/506/993
f 745/58/654 770/233/62 752/234/782
f 1341/385/916 1330/511/994 1342/512/995
f 1338/513/684 1341/385/916 1342/512/995
f 1337/422/937 1343/514/996 1326/720/935
f 1355/735/997 1361/517/998 1352/546/999
f 830/736/1000 823/664/728 833/519/1001
f 623/550/520 617/737/1002 1373/676/775
f 1257/520/1003 1255/521/1004 1246/297/838
f 782/148/727 833/519/1001 805/522/1005
f 1301/738/1006 1318/51/645 1317/49/644
f 1137/429/943 1151/524/1007 1152/326/860
f 1299/688/814 574/271/260 1300/689/815
f 1299/688/814 576/269/258 574/271/260
f 920/205/761 914/739/1008 923/526/1009
f 1276/527/1010 1283/528/1011 1280/704/866
f 797/530/770 749/10/611 799/740/1012
f 624/531/501 622/533/503 1376/741/1013
f 779/114/701 716/654/668 784/742/1014
f 1290/537/1015 1308/536/1016 1311/538/1017
f 1370/539/1018 1388/213/767 1374/540/1019
f 1375/542/1020 1382/743/1021 1378/543/1022
f 1389/545/1023 1344/544/1024 1387/724/953
f 1382/743/1021 1352/546/999 1383/744/1025
f 1381/733/990 1354/745/1026 1390/549/1027
f 590/746/1028 1291/242/1029 542/242/1030
f 1384/212/765 621/551/521 1385/747/1031
f 1392/322/857 1381/733/990 1375/542/1020
f 1378/543/1022 1383/744/1025 625/552/522
f 1390/549/1027 1355/735/997 1382/743/1021
f 1029/554/1032 1034/553/1033 1037/555/1034
f 1321/748/1035 1385/747/1031 1326/720/935
f 1326/720/935 1386/507/477 1325/420/936
f 819/557/1036 800/177/749 862/175/748
f 1089/727/254 1114/749/1037 1111/447/956
f 1314/659/681 1252/558/1038 1250/559/830
f 819/557/1036 798/130/715 800/177/749
f 1335/560/1039 1336/493/1040 1332/491/981
f 856/561/1041 862/175/748 858/176/750
f 1215/562/753 1185/460/970 1213/374/922
f 1220/399/1042 1196/563/449 1200/398/412
f 868/661/689 747/678/780 897/229/778
f 1164/564/1043 1039/565/1044 1163/750/1045
f 1204/43/638 1133/567/851 1170/568/632
f 1341/385/916 1328/718/918 1345/751/1046
f 799/740/1012 749/10/611 853/616/1047
f 1322/569/1048 1360/715/893 1350/502/989
f 1020/423/938 1027/707/873 1017/317/671
f 1357/575/1049 1362/576/1050 1319/497/983
f 1250/559/830 1267/57/1051 1263/55/651
f 1233/579/182 1228/580/547 1234/752/392
f 881/582/616 909/81/1052 988/753/617
f 1036/583/333 1038/179/752 1044/584/1053
f 1277/586/1054 1307/754/1055 1303/755/1056
f 1301/738/1006 1292/588/1057 1318/51/645
f 887/222/774 919/589/647 904/647/614
f 1267/57/1051 1259/590/1058 1269/56/652
f 1320/498/985 1351/592/1059 1368/717/917
f 1260/437/1060 1279/756/1061 1262/722/949
f 1261/489/979 1263/55/651 1265/595/653
f 1107/596/974 1080/478/381 1105/476/977
f 1092/477/236 1112/501/988 1113/600/976
f 940/259/800 878/601/1062 884/757/791
f 815/145/725 793/131/717 821/132/716
f 1349/211/766 1321/748/1035 1331/605/1063
f 1244/651/643 1262/722/949 1279/756/1061
f 1302/758/1064 1317/49/644 1295/607/1065
f 1378/543/1022 625/552/522 627/608/573
f 837/609/1066 781/267/811 839/696/847
f 1356/734/991 1320/498/985 1341/385/916
f 746/70/665 750/71/667 768/610/1067
f 1245/365/900 1279/756/1061 1266/759/1068
f 569/602/567 1289/611/1069 535/760/1070
f 1070/612/1071 1077/391/919 1093/499/987
f 1288/372/908 1266/759/1068 1254/598/1072
f 1184/613/424 1136/44/640 1181/353/890
f 1326/720/935 1331/605/1063 1321/748/1035
f 1367/614/1073 1319/497/983 1362/576/1050
f 1377/761/1074 628/762/1075 624/531/501
f 1347/90/1076 1356/734/991 1346/89/683
f 1252/558/1038 1256/591/1077 1267/57/1051
f 1257/520/1003 1308/536/1016 1315/763/1078
f 853/616/1047 852/11/613 857/291/831
f 1303/755/1056 1295/607/1065 1298/617/1079
f 964/408/389 977/618/180 835/186/180
f 1272/332/868 1301/738/1006 1302/758/1064
f 618/619/583 621/551/521 1370/539/1018
f 1270/347/885 1315/763/1078 1306/346/883
f 541/223/213 1312/764/1080 1314/659/681
f 1315/763/1078 1290/537/1015 1292/588/1057
f 1150/341/877 1160/621/1081 1142/697/849
f 1275/623/1082 1287/622/1083 1278/624/1084
f 1219/626/1085 1180/625/1086 1217/627/1087
f 1264/594/1088 1266/759/1068 1279/756/1061
f 1276/527/1010 1302/758/1064 1307/754/1055
f 1275/623/1082 1304/631/1089 1305/687/813
f 1316/632/1090 1306/346/883 1301/738/1006
f 1286/633/1091 1244/651/643 1284/364/899
f 852/11/613 796/249/793 855/292/832
f 1109/309/845 1068/376/912 1099/377/911
f 791/634/794 714/655/669 787/113/702
f 1258/635/1092 1266/759/1068 1268/630/1093
f 1219/626/1085 1187/369/296 1183/765/437
f 1261/489/979 1250/559/830 1263/55/651
f 1274/48/642 1399/637/1094 1398/636/932
f 960/691/829 962/638/1095 863/290/827
f 1126/640/604 1129/639/457 1119/641/603
f 1396/723/950 1262/722/949 1397/416/931
f 540/490/460 1393/488/978 704/488/458
f 1021/424/939 1025/260/804 1024/261/803
f 905/163/658 921/652/657 756/668/738
f 1272/332/868 1276/527/1010 1280/704/866
f 1350/502/989 1360/715/893 1354/745/1026
f 1241/644/183 1238/643/603 1231/645/604
f 191/13/13 279/15/15 207/589/555
f 185/52/52 154/95/92 166/53/53
f 557/55/55 559/595/561 563/56/56
f 199/19/19 192/163/159 202/642/605
f 183/61/61 205/653/1096 206/62/62
f 182/67/66 185/52/52 180/68/67
f 297/33/33 307/317/302 306/77/76
f 176/79/68 179/656/1097 197/80/78
f 173/84/82 175/657/68 195/85/79
f 645/88/85 649/513/483 657/89/86
f 638/766/1098 655/544/514 701/439/420
f 224/94/91 166/53/53 154/95/92
f 169/97/94 198/235/225 233/98/95
f 233/98/95 198/235/225 181/23/23
f 230/107/104 181/23/23 186/22/22
f 218/117/114 257/116/113 262/128/124
f 248/133/129 250/144/140 229/134/130
f 242/136/132 223/257/246 219/137/133
f 259/150/146 260/282/270 252/151/147
f 257/116/113 259/150/146 262/128/124
f 260/282/270 152/256/245 213/255/244
f 161/152/148 163/767/1099 221/153/149
f 267/155/151 156/768/265 217/156/152
f 265/769/1100 267/155/151 269/157/153
f 268/161/157 266/770/1101 46/162/158
f 282/76/75 186/22/22 281/24/24
f 285/173/167 289/771/1102 291/139/135
f 281/24/24 172/772/1103 228/178/172
f 328/179/173 332/351/336 333/180/174
f 668/575/544 659/506/476 629/497/467
f 504/182/176 487/670/1104 489/183/177
f 263/185/179 264/618/180 125/186/180
f 408/188/181 415/671/455 411/189/182
f 243/199/192 249/638/602 150/290/277
f 251/408/390 239/198/191 100/200/193
f 594/588/554 613/615/580 605/346/331
f 216/109/106 154/95/92 6/73/72
f 270/209/201 269/157/153 217/156/152
f 660/211/203 631/556/526 694/212/204
f 91/216/208 87/530/500 33/12/12
f 135/166/5 49/304/211 47/217/209
f 21/218/210 51/240/229 50/219/211
f 38/66/65 32/82/80 33/12/12
f 34/65/58 30/675/60 32/82/80
f 35/58/58 58/510/480 56/226/216
f 623/550/520 683/677/1105 684/676/1106
f 18/100/97 4/74/73 38/66/65
f 5/232/222 54/773/1107 59/233/223
f 569/602/567 595/604/569 567/774/1108
f 26/59/59 56/226/216 60/237/227
f 61/682/1109 63/620/584 55/775/1110
f 61/682/1109 64/207/199 63/620/584
f 28/239/60 50/219/211 51/240/229
f 150/290/277 110/289/276 104/680/1111
f 86/249/238 81/634/598 18/100/97
f 92/438/419 70/776/1112 68/709/1113
f 246/258/247 283/684/1114 227/259/248
f 79/110/107 16/777/1115 14/118/251
f 113/149/145 67/120/117 121/170/164
f 277/265/18 274/280/268 193/86/83
f 98/266/255 94/686/1116 71/267/256
f 576/269/258 603/631/595 604/270/259
f 387/272/261 361/379/363 341/273/262
f 294/78/77 306/77/76 322/690/1117
f 485/283/271 487/670/1104 504/182/176
f 75/268/257 126/609/574 10/578/546
f 388/285/273 386/468/446 371/286/274
f 96/192/185 99/196/189 108/193/186
f 251/408/390 112/407/389 125/186/180
f 100/200/193 150/290/277 104/680/1111
f 540/490/460 544/559/529 541/223/213
f 537/297/284 607/536/506 611/298/285
f 25/303/290 47/217/209 49/304/211
f 92/438/419 73/141/137 70/776/1112
f 446/36/36 450/621/585 432/314/299
f 426/44/44 423/567/536 433/315/300
f 296/39/39 321/778/1118 444/343/328
f 506/319/304 484/397/381 496/247/236
f 690/320/305 697/440/421 682/321/306
f 293/323/308 295/449/428 316/324/309
f 437/325/310 441/524/494 442/326/311
f 670/327/312 674/703/1119 664/328/313
f 539/330/315 585/528/498 582/331/316
f 451/340/325 447/40/40 424/42/42
f 68/709/1113 76/400/384 92/438/419
f 445/37/37 296/39/39 444/343/328
f 448/348/333 455/712/1120 452/349/334
f 452/349/334 455/712/1120 333/180/174
f 671/357/342 665/548/518 677/358/343
f 578/527/497 587/529/499 579/586/552
f 343/362/347 466/366/351 366/367/352
f 466/366/351 457/263/253 513/262/252
f 361/379/363 461/433/414 465/461/440
f 512/368/353 478/370/355 479/373/358
f 500/380/364 505/562/531 472/381/365
f 679/384/368 630/498/468 652/385/369
f 481/390/374 360/612/577 367/391/375
f 501/393/377 483/472/450 485/283/271
f 502/184/178 489/183/177 488/394/378
f 508/396/380 486/563/532 484/397/381
f 511/395/379 488/394/378 490/398/382
f 103/127/123 92/438/419 76/400/384
f 491/401/385 481/390/374 497/392/376
f 496/247/236 491/401/385 514/402/386
f 520/409/391 530/719/457 522/410/392
f 634/329/314 664/328/313 689/412/394
f 433/315/300 437/325/310 434/316/301
f 680/413/395 689/412/394 626/414/396
f 708/416/397 709/636/600 573/48/48
f 320/418/399 321/778/1118 296/39/39
f 204/419/400 205/653/1096 183/61/61
f 309/301/288 313/425/406 308/318/303
f 307/317/302 310/423/404 306/77/76
f 315/260/249 316/324/309 312/333/318
f 318/337/322 317/336/321 308/318/303
f 298/339/324 292/726/1121 315/260/249
f 476/355/340 436/354/339 438/444/423
f 400/430/411 398/470/448 376/431/412
f 461/433/414 361/379/363 498/434/415
f 706/436/417 707/723/1122 556/417/398
f 701/439/420 655/544/514 697/440/421
f 91/216/208 52/83/81 22/442/210
f 435/360/345 442/326/311 443/428/409
f 353/445/424 300/302/289 297/33/33
f 401/447/426 335/363/348 343/362/347
f 340/725/1123 342/448/427 293/323/308
f 342/448/427 346/535/505 295/449/428
f 298/339/324 340/725/1124 292/726/1121
f 380/31/31 297/33/33 294/78/77
f 351/452/431 392/779/1125 385/453/432
f 354/375/359 389/377/361 391/455/434
f 630/498/468 629/497/467 667/505/475
f 396/457/436 399/309/294 355/311/296
f 206/62/62 200/780/1126 155/459/438
f 338/274/263 347/454/433 385/453/432
f 247/191/184 237/294/281 96/192/185
f 396/457/436 352/458/437 348/462/441
f 401/447/426 379/781/1127 335/363/348
f 97/288/179 263/185/179 124/187/179
f 46/162/158 11/782/1128 127/165/161
f 393/465/434 390/469/447 375/466/444
f 393/465/434 373/467/445 371/286/274
f 322/690/1117 320/418/399 294/78/77
f 390/469/447 400/430/411 374/432/413
f 398/470/448 397/596/562 372/471/449
f 405/728/1129 403/600/566 382/477/453
f 395/476/452 405/728/1129 382/477/453
f 525/479/182 533/729/183 529/480/181
f 414/482/456 406/783/547 412/483/392
f 413/485/392 407/730/393 417/486/391
f 704/488/458 705/731/1130 555/489/459
f 643/491/461 633/494/464 635/492/462
f 633/494/464 620/732/982 1324/495/465
f 383/499/469 360/612/577 377/500/470
f 661/502/472 701/439/420 690/320/305
f 1386/507/477 621/551/521 695/508/478
f 35/58/58 42/234/224 59/233/223
f 641/511/481 656/784/1131 652/385/369
f 260/282/270 213/255/244 252/151/147
f 649/513/483 653/512/482 652/385/369
f 648/422/403 637/421/402 654/514/484
f 666/516/486 663/546/516 672/517/487
f 113/149/145 121/170/164 120/518/488
f 623/550/520 684/676/1106 617/737/1002
f 123/519/489 118/146/142 72/148/144
f 441/524/494 425/573/542 427/429/410
f 201/525/495 209/785/1132 208/205/197
f 578/527/497 582/331/316 585/528/498
f 87/530/500 89/740/1133 39/10/10
f 624/531/501 687/741/1134 703/532/502
f 69/114/111 74/208/200 6/73/72
f 666/516/486 677/358/343 665/548/518
f 698/213/205 694/212/204 681/539/509
f 692/541/511 700/549/519 686/542/512
f 655/544/514 640/786/1135 699/545/515
f 663/546/516 666/516/486 692/541/511
f 266/770/1101 11/782/1128 46/162/158
f 665/548/518 661/502/472 691/503/473
f 703/532/502 683/677/1105 623/550/520
f 621/551/521 681/539/509 694/212/204
f 697/440/421 699/545/515 682/321/306
f 691/503/473 690/320/305 702/322/307
f 693/547/517 692/541/511 688/543/513
f 666/516/486 665/548/518 700/549/519
f 324/553/523 302/787/28 319/554/524
f 695/508/478 694/212/204 631/556/526
f 696/509/479 695/508/478 637/421/402
f 379/781/1127 401/447/426 404/749/1136
f 546/558/528 612/224/214 541/223/213
f 88/130/126 111/132/128 109/557/527
f 647/493/463 650/788/1137 646/560/85
f 149/175/169 147/789/1138 143/561/530
f 505/562/531 503/374/178 475/460/439
f 510/399/383 490/398/382 486/563/532
f 454/564/533 453/750/1139 329/565/534
f 67/120/117 3/119/116 121/170/164
f 423/567/536 426/44/44 494/43/43
f 652/385/369 656/784/1131 639/386/370
f 89/740/1133 140/616/581 39/10/10
f 671/357/342 675/359/344 632/569/538
f 317/336/321 315/260/249 310/423/404
f 668/575/544 629/497/467 673/576/545
f 561/57/57 546/558/528 544/559/529
f 10/578/546 265/769/1100 269/157/153
f 523/579/392 524/752/182 518/580/456
f 168/582/548 278/753/18 196/81/79
f 328/179/173 331/181/175 326/583/549
f 606/585/551 578/527/497 579/586/552
f 594/588/554 605/346/331 600/523/493
f 207/589/555 204/419/400 174/222/212
f 561/57/57 563/56/56 553/590/556
f 554/437/418 556/417/398 581/593/559
f 397/596/562 395/476/452 370/478/454
f 402/501/471 377/500/470 382/477/453
f 227/259/248 171/757/1140 165/601/231
f 105/145/141 111/132/128 83/131/127
f 534/47/47 581/593/559 556/417/398
f 615/49/49 600/523/493 601/606/571
f 581/593/559 534/47/47 536/365/350
f 71/267/256 7/790/1141 126/609/574
f 569/602/567 535/760/1070 592/611/576
f 560/597/563 536/365/350 591/372/357
f 426/44/44 429/356/341 474/613/578
f 637/421/402 631/556/526 642/605/570
f 678/614/579 673/576/545 629/497/467
f 658/90/87 657/89/86 667/505/475
f 550/591/557 538/791/1142 546/558/528
f 607/536/506 537/297/284 551/520/490
f 139/11/11 39/10/10 140/616/581
f 597/607/572 606/585/551 602/587/553
f 600/523/493 614/632/596 570/332/317
f 613/615/580 551/520/490 564/347/332
f 75/268/257 269/157/153 270/209/201
f 208/205/197 209/785/1132 65/206/198
f 597/607/572 601/606/571 606/585/551
f 37/231/221 6/73/72 154/95/92
f 700/549/519 691/503/473 686/542/512
f 593/537/507 607/536/506 613/615/580
f 450/621/585 451/340/325 440/341/326
f 589/622/586 584/792/1143 577/623/587
f 470/625/589 473/765/1144 509/626/590
f 543/225/215 612/224/214 609/628/592
f 558/594/560 581/593/559 560/597/563
f 601/606/571 570/332/317 578/527/497
f 603/631/595 580/624/588 577/623/587
f 605/346/331 547/345/330 614/632/596
f 588/633/597 586/364/349 534/47/47
f 86/249/238 24/250/239 139/11/11
f 399/309/294 389/377/361 358/376/360
f 81/634/598 77/113/110 4/74/73
f 560/597/563 565/599/565 552/635/599
f 123/519/489 120/518/488 118/146/142
f 509/626/590 473/765/1144 477/369/354
f 555/489/459 557/55/55 544/559/529
f 249/638/602 247/191/184 108/193/186
f 419/639/183 420/793/457 416/640/603
f 707/723/1122 708/416/397 556/417/398
f 528/643/604 532/794/183 531/644/457
f 879/53/648 868/661/689 898/52/649
f 1263/55/651 1267/57/1051 1269/56/652
f 822/407/928 810/679/191 952/681/786
f 896/61/659 902/63/224 918/62/660
f 895/67/659 890/69/672 893/68/664
f 944/75/1145 992/76/743 899/649/621
f 1007/33/629 1004/78/819 1016/77/670
f 889/79/672 909/81/1052 910/80/673
f 886/84/677 906/86/808 908/85/678
f 1249/658/680 540/490/460 541/223/213
f 1334/88/682 1347/90/1076 1346/89/683
f 1391/439/954 1344/544/1024 1327/795/1146
f 937/94/688 933/96/795 868/661/689
f 946/98/690 911/235/697 882/97/616
f 946/98/690 943/107/700 894/650/623
f 928/108/796 929/109/1147 868/661/689
f 943/107/700 944/75/1145 899/649/621
f 975/128/713 970/116/142 931/117/704
f 1297/796/1148 1296/572/1149 571/570/539
f 942/134/718 963/144/802 961/133/719
f 955/136/721 951/138/952 932/137/722
f 951/138/952 783/141/951 927/140/1150
f 957/142/806 963/144/802 938/143/801
f 927/140/1150 932/137/722 951/138/952
f 965/665/729 973/282/824 972/666/730
f 975/128/713 972/666/730 970/116/142
f 926/255/798 865/256/116 973/282/824
f 934/153/731 876/767/1151 874/152/251
f 930/156/733 869/768/821 979/155/734
f 785/667/735 979/155/734 720/695/846
f 756/668/738 978/770/1152 980/161/739
f 991/24/622 899/649/621 992/76/743
f 1001/139/724 999/771/834 995/173/746
f 941/178/751 885/772/1153 991/24/622
f 1038/179/752 1041/181/1154 1043/180/174
f 1319/497/983 1348/506/993 1357/575/1049
f 1214/182/753 1212/184/922 1199/183/444
f 835/186/180 977/618/180 976/185/179
f 1118/188/391 1128/190/457 1121/189/392
f 863/290/827 962/638/1095 956/199/1155
f 1306/346/883 1315/763/1078 1292/588/1057
f 920/205/761 774/207/788 775/672/762
f 929/109/1147 784/742/1014 868/661/689
f 808/674/764 948/210/1156 930/156/733
f 1384/212/765 1321/748/1035 1349/211/766
f 801/216/769 762/83/676 743/12/612
f 848/166/609 845/167/737 757/217/771
f 731/218/548 849/220/609 760/219/772
f 744/65/654 748/66/663 742/82/675
f 767/226/400 769/510/1157 745/58/654
f 817/126/710 854/228/1158 795/125/711
f 748/66/663 714/655/669 728/100/692
f 770/233/62 764/773/1159 715/232/781
f 567/774/1108 1293/604/1160 569/602/567
f 771/237/784 767/226/400 736/59/656
f 765/797/1161 773/798/1162 772/682/787
f 772/682/787 773/798/1162 775/672/762
f 738/239/655 741/241/1163 761/240/773
f 1227/246/1164 1225/248/929 1206/247/453
f 814/680/785 820/289/828 863/290/827
f 796/249/793 734/250/1165 728/100/692
f 778/709/878 780/776/1166 802/438/879
f 724/118/807 726/777/1167 789/110/698
f 831/669/742 777/120/706 823/664/728
f 1223/262/901 1203/264/1127 1167/263/963
f 987/265/617 908/85/678 906/86/808
f 841/685/810 839/696/847 781/267/811
f 1305/687/813 1304/631/1089 1299/688/814
f 1097/272/816 1048/274/41 1051/273/817
f 1214/182/753 1197/670/445 1195/283/274
f 836/799/1168 837/609/1066 839/696/847
f 1098/285/377 1079/287/450 1081/286/271
f 818/699/854 809/196/755 806/192/185
f 835/186/180 822/407/928 964/408/389
f 820/289/828 818/699/854 960/691/829
f 1313/692/837 1308/536/1016 1246/297/838
f 818/699/854 861/197/757 809/196/755
f 735/303/841 737/305/655 759/304/772
f 747/678/780 868/661/689 716/654/668
f 780/776/1166 783/141/951 802/438/879
f 785/667/735 839/696/847 841/685/810
f 720/695/846 836/799/1168 839/696/847
f 1142/697/849 1160/621/1081 1156/36/631
f 1136/44/640 1144/701/862 1143/315/850
f 1154/710/882 1031/778/1169 1006/39/634
f 1216/319/853 1227/246/1164 1206/247/453
f 1371/321/855 1387/724/953 1380/700/856
f 1026/324/858 1005/449/959 1003/323/859
f 1152/326/860 1151/524/1007 1147/325/861
f 1359/327/863 1323/329/930 1353/702/864
f 1280/704/866 1283/528/1011 1248/330/867
f 1134/42/637 1157/40/636 1161/340/876
f 1155/37/633 1159/344/1170 1154/710/882
f 1162/349/886 1165/712/888 1158/348/549
f 1162/349/886 1042/351/336 1043/180/174
f 1366/358/892 1354/745/1026 1360/715/893
f 898/52/649 893/68/664 894/650/623
f 1277/586/1054 1285/529/1171 1276/527/1010
f 1076/367/903 1176/366/902 1053/362/898
f 1223/262/901 1167/263/963 1176/366/902
f 952/681/786 863/290/827 956/199/1155
f 1222/368/906 1213/374/922 1189/373/909
f 1182/381/914 1215/562/753 1210/380/825
f 1203/264/1127 1223/262/901 1226/383/1172
f 1341/385/916 1320/498/985 1368/717/917
f 1077/391/919 1070/612/1071 1191/390/920
f 1211/393/273 1209/284/825 1195/283/274
f 1212/184/922 1221/395/925 1198/394/923
f 1218/396/924 1216/319/853 1194/397/454
f 1221/395/925 1220/399/1042 1200/398/412
f 813/127/712 790/124/709 786/400/880
f 1207/392/921 1191/390/920 1201/401/926
f 1224/402/927 1201/401/926 1206/247/453
f 1230/409/181 1236/411/455 1232/410/182
f 1379/412/394 1353/702/864 1323/329/930
f 1144/701/862 1147/325/861 1143/315/850
f 626/414/396 1379/412/394 1369/413/395
f 1397/416/931 1262/722/949 1274/48/642
f 1006/39/634 1031/778/1169 1030/418/933
f 896/61/659 917/653/661 916/419/216
f 1016/77/670 1020/423/938 1017/317/671
f 1022/333/869 1026/324/858 1025/260/804
f 1018/698/852 1027/707/873 1028/706/872
f 1025/260/804 1002/726/961 1008/339/875
f 1110/430/945 1084/432/973 1086/431/382
f 1208/434/947 1071/379/818 1171/433/905
f 1395/436/948 1260/437/1060 1262/722/949
f 1387/724/953 1344/544/1024 1391/439/954
f 732/442/94 762/83/676 801/216/769
f 1153/428/941 1152/326/860 1145/716/895
f 1007/33/629 1010/694/341 1063/445/578
f 1053/362/898 1045/363/897 1111/447/956
f 1146/713/891 1148/721/944 1145/716/895
f 1052/448/958 1003/323/859 1005/449/959
f 1066/300/340 1019/693/840 1023/425/934
f 1004/78/819 1007/33/629 1090/31/628
f 1095/453/826 1102/779/967 1061/452/965
f 1064/375/910 1060/456/965 1101/455/967
f 1356/734/991 1319/497/983 1320/498/985
f 1106/457/968 1062/458/1173 1065/311/354
f 867/459/969 913/780/1174 918/62/660
f 1095/453/826 1057/454/966 1048/274/41
f 806/192/185 950/294/835 960/691/829
f 1058/462/589 1062/458/1173 1106/457/968
f 950/294/835 1000/296/836 960/691/829
f 834/187/179 976/185/179 807/288/179
f 838/165/741 721/782/1175 756/668/738
f 1103/465/967 1083/467/1104 1085/466/177
f 1081/286/271 1083/467/1104 1103/465/967
f 1004/78/819 1030/418/933 1032/690/820
f 1100/469/972 1085/466/177 1084/432/973
f 1108/470/946 1086/431/382 1082/471/532
f 1105/476/977 1080/478/381 1092/477/236
f 1235/479/392 1229/481/393 1239/480/391
f 1122/483/182 1116/783/456 1124/482/547
f 1123/485/182 1131/487/183 1127/486/181
f 1393/488/978 1249/658/680 1261/489/979
f 1332/491/981 1336/493/1040 1324/495/465
f 1087/500/986 1070/612/1071 1093/499/987
f 1380/700/856 1391/439/954 1350/502/989
f 1385/747/1031 621/551/521 1386/507/477
f 745/58/654 769/510/1157 770/233/62
f 1341/385/916 1345/751/1046 1330/511/994
f 965/665/729 926/255/798 973/282/824
f 1338/513/684 1346/89/683 1341/385/916
f 1337/422/937 1340/515/1176 1343/514/996
f 1355/735/997 1366/358/892 1361/517/998
f 830/736/1000 831/669/742 823/664/728
f 624/531/501 1376/741/1013 1377/761/1074
f 782/148/727 828/663/726 833/519/1001
f 1137/429/943 1135/573/1177 1151/524/1007
f 779/114/701 714/655/669 716/654/668
f 920/205/761 922/673/763 914/739/1008
f 1276/527/1010 1285/529/1171 1283/528/1011
f 797/530/770 743/12/612 749/10/611
f 1354/745/1026 1366/358/892 1355/735/997
f 1172/534/1178 1056/535/960 1005/449/959
f 575/800/1179 1297/796/1148 571/570/539
f 1370/539/1018 1384/212/765 1388/213/767
f 1375/542/1020 1390/549/1027 1382/743/1021
f 1389/545/1023 1329/801/1180 1344/544/1024
f 1382/743/1021 1355/735/997 1352/546/999
f 756/668/738 721/782/1175 978/770/1152
f 1381/733/990 1350/502/989 1354/745/1026
f 623/550/520 1372/677/776 622/533/503
f 1384/212/765 1370/539/1018 621/551/521
f 1371/321/855 1389/545/1023 1387/724/953
f 1392/322/857 1380/700/856 1381/733/990
f 1378/543/1022 1382/743/1021 1383/744/1025
f 1390/549/1027 1354/745/1026 1355/735/997
f 1029/554/1032 1012/787/626 1034/553/1033
f 1321/748/1035 1384/212/765 1385/747/1031
f 1326/720/935 1385/747/1031 1386/507/477
f 1314/659/681 1312/764/1080 1252/558/1038
f 819/557/1036 821/132/716 798/130/715
f 1335/560/1039 1339/788/1176 1336/493/1040
f 856/561/1041 860/789/756 862/175/748
f 1215/562/753 1182/381/914 1185/460/970
f 1220/399/1042 1218/396/924 1196/563/449
f 1164/564/1043 1040/566/1181 1039/565/1044
f 831/669/742 713/119/245 777/120/706
f 1204/43/638 1136/44/640 1133/567/851
f 1322/569/1048 1364/359/894 1360/715/893
f 1020/423/938 1025/260/804 1027/707/873
f 571/570/539 1296/572/1149 568/571/540
f 1137/429/943 1174/574/1182 1135/573/1177
f 1357/575/1049 1358/577/863 1362/576/1050
f 1346/89/683 1356/734/991 1341/385/916
f 1250/559/830 1252/558/1038 1267/57/1051
f 1233/579/182 1237/581/456 1228/580/547
f 881/582/616 910/80/673 909/81/1052
f 1036/583/333 1041/181/1154 1038/179/752
f 1277/586/1054 1276/527/1010 1307/754/1055
f 1301/738/1006 1306/346/883 1292/588/1057
f 887/222/774 916/419/216 919/589/647
f 1267/57/1051 1256/591/1077 1259/590/1058
f 754/646/606 850/2/607 771/237/784
f 1260/437/1060 1264/594/1088 1279/756/1061
f 1107/596/974 1082/471/532 1080/478/381
f 1266/759/1068 1271/802/1183 1254/598/1072
f 1092/477/236 1087/500/986 1112/501/988
f 940/259/800 936/257/723 878/601/1062
f 569/602/567 1293/604/1160 1294/603/1184
f 1244/651/643 1274/48/642 1262/722/949
f 1302/758/1064 1301/738/1006 1317/49/644
f 1245/365/900 1244/651/643 1279/756/1061
f 837/609/1066 717/790/265 781/267/811
f 569/602/567 1294/603/1184 1289/611/1069
f 1288/372/908 1245/365/900 1266/759/1068
f 1184/613/424 1139/714/289 1136/44/640
f 1326/720/935 1343/514/996 1331/605/1063
f 1367/614/1073 1365/496/984 1319/497/983
f 1347/90/1076 1333/504/992 1356/734/991
f 1252/558/1038 1247/791/1185 1256/591/1077
f 1257/520/1003 1246/297/838 1308/536/1016
f 853/616/1047 749/10/611 852/11/613
f 1303/755/1056 1307/754/1055 1295/607/1065
f 1272/332/868 1316/632/1090 1301/738/1006
f 1270/347/885 1257/520/1003 1315/763/1078
f 1307/754/1055 1302/758/1064 1295/607/1065
f 541/223/213 543/225/215 1312/764/1080
f 1375/542/1020 1381/733/990 1390/549/1027
f 1315/763/1078 1308/536/1016 1290/537/1015
f 1150/341/877 1161/340/876 1160/621/1081
f 1275/623/1082 1282/792/1186 1287/622/1083
f 1219/626/1085 1183/765/437 1180/625/1086
f 1312/764/1187 1309/629/1188 1310/628/1189
f 1264/594/1088 1268/630/1093 1266/759/1068
f 1319/497/983 1356/734/991 1348/506/993
f 1276/527/1010 1272/332/868 1302/758/1064
f 1275/623/1082 1278/624/1084 1304/631/1089
f 1316/632/1090 1253/711/884 1306/346/883
f 1286/633/1091 1281/46/641 1244/651/643
f 852/11/613 734/250/1165 796/249/793
f 1109/309/845 1067/310/355 1068/376/912
f 791/634/794 728/100/692 714/655/669
f 1258/635/1092 1271/802/1183 1266/759/1068
f 763/7/610 755/54/650 766/683/789
f 828/663/726 830/736/1000 833/519/1001
f 1219/626/1085 1222/368/906 1187/369/296
f 1261/489/979 1249/658/680 1250/559/830
f 1126/640/604 1130/793/183 1129/639/457
f 540/490/460 1249/658/680 1393/488/978
f 784/742/1014 716/654/668 868/661/689
f 1241/644/183 1242/794/457 1238/643/603
o Object_19
v 0.668077 0.849539 0.775895
v 0.668077 0.849539 0.775895
v 0.668076 0.849424 0.775881
v 0.675457 0.871265 0.841916
v 0.675457 0.871265 0.841916
v 0.675457 0.871265 0.841916
v 0.000621 0.889857 0.971392
v 0.647274 0.860058 0.889325
v 0.647274 0.860058 0.889325
v 0.620424 0.849150 0.777003
v 0.517247 0.851085 0.777604
v 0.582892 0.872983 0.927351
v 0.338101 0.884590 0.958515
v 0.517231 0.850900 0.777263
v 0.517231 0.850900 0.777263
v -0.000000 0.867069 0.885351
v -0.005179 0.867636 0.884945
v 0.474557 0.867209 0.883696
v 0.478917 0.866640 0.883137
v 0.275287 0.868245 0.884451
v 0.517459 0.862838 0.859127
v 0.517459 0.862838 0.859127
v 0.517459 0.862838 0.859127
v 0.510246 0.864850 0.872474
v 0.510246 0.864850 0.872474
v 0.510246 0.864850 0.872474
v 0.499046 0.865997 0.879738
v 0.499046 0.865997 0.879738
v 0.668077 0.843569 0.769084
v 0.668076 0.843419 0.769102
v 0.668078 0.843436 0.769080
v 0.516897 0.717986 0.769084
v 0.516897 0.717986 0.769084
v 0.516897 0.717986 0.769084
v 0.517247 0.845140 0.770772
v 0.517241 0.845115 0.770835
v 0.517231 0.844930 0.770453
v 0.668753 0.768487 0.754381
v 0.670053 0.768433 0.754654
v 0.516943 0.772154 0.756652
v 0.516726 0.769698 0.756419
v 0.670010 0.657664 0.781864
v 0.670009 0.657874 0.782221
v 0.670007 0.657528 0.781864
v -0.010570 0.657729 0.782156
v 0.539381 0.659052 0.783406
v 0.670010 0.652031 0.788674
v 0.670008 0.651928 0.788681
v 0.670011 0.652372 0.789139
v -0.000322 0.652030 0.788673
v 0.574594 0.653476 0.790183
v 0.645290 0.640596 1.021751
v 0.645290 0.640596 1.021751
v 0.645228 0.640740 1.022116
v 0.001779 0.640725 1.021786
v -0.668077 0.849539 0.775894
v -0.668077 0.849539 0.775894
v -0.674214 0.871265 0.841916
v -0.674214 0.871265 0.841916
v -0.674214 0.871265 0.841916
v -0.670277 0.869371 0.848587
v -0.674214 0.871265 0.841916
v -0.646031 0.860058 0.889325
v -0.646031 0.860058 0.889325
v -0.646031 0.860058 0.889325
v -0.668076 0.849472 0.775885
v -0.659672 0.850944 0.775713
v -0.559731 0.850863 0.777463
v -0.563650 0.850290 0.777541
v -0.581455 0.871540 0.927612
v -0.121341 0.850001 0.776265
v -0.335825 0.884307 0.958710
v -0.142588 0.887859 0.965761
v 0.494650 0.698088 0.774383
v 0.493928 0.697956 0.774367
v -0.120460 0.767750 0.755050
v -0.120632 0.768256 0.754900
v -0.095840 0.699662 0.772554
v -0.096543 0.699828 0.772690
v -0.668077 0.843569 0.769084
v -0.668076 0.843477 0.769097
v -0.668076 0.843490 0.769079
v -0.532513 0.845156 0.770650
v -0.559687 0.844966 0.770589
v -0.120890 0.844031 0.769452
v -0.120892 0.844054 0.769475
v -0.670037 0.770871 0.754607
v -0.671347 0.768062 0.754560
v -0.659460 0.774404 0.754469
v -0.659462 0.774430 0.755290
v -0.573822 0.775759 0.756800
v -0.573180 0.776020 0.755809
v -0.134429 0.774939 0.755524
v -0.134393 0.774934 0.754617
v -0.121347 0.849770 0.776331
v -0.121343 0.850047 0.776301
v -0.091802 0.867570 0.883139
v -0.091802 0.867570 0.883139
v -0.670010 0.657664 0.781864
v -0.670010 0.657664 0.781864
v -0.661637 0.657597 0.781997
v -0.670006 0.658262 0.782634
v -0.507878 0.659309 0.783334
v -0.110285 0.866781 0.878029
v -0.110285 0.866781 0.878029
v -0.670010 0.652031 0.788674
v -0.670009 0.651972 0.788678
v -0.670007 0.652714 0.789514
v -0.574220 0.653477 0.790185
v -0.121937 0.863763 0.859515
v -0.121937 0.863763 0.859515
v -0.121937 0.863763 0.859515
v -0.121937 0.863763 0.859515
v -0.645290 0.640596 1.021750
v -0.645290 0.640596 1.021750
v -0.645289 0.640494 1.021752
v -0.549308 0.641954 1.023267
v -0.120888 0.844076 0.769489
v 0.508658 0.704953 0.772446
v 0.508658 0.704953 0.772446
v 0.508658 0.704953 0.772446
v -0.120567 0.719895 0.767871
v -0.120567 0.719895 0.767871
v -0.120567 0.719895 0.767871
v -0.112578 0.707606 0.770943
v -0.112578 0.707606 0.770943
v -0.112578 0.707606 0.770943
v 0.496794 0.736491 0.707253
v 0.497157 0.736175 0.707238
v 0.489240 0.732040 0.706590
v 0.489534 0.732149 0.706756
v 0.502166 0.744383 0.708684
v 0.501810 0.744383 0.708749
v 0.502132 0.867762 0.736152
v -0.104916 0.864371 0.735135
v -0.104909 0.864411 0.735602
v -0.105040 0.864872 0.735353
v -0.105402 0.864563 0.735308
v -0.098546 0.873953 0.736893
v -0.098794 0.874815 0.737349
v -0.098706 0.873937 0.737171
v -0.086112 0.877942 0.739710
v 0.496027 0.885977 0.741385
v 0.489664 0.876988 0.740476
v 0.496773 0.874584 0.738948
v 0.506164 0.880752 0.738793
v 0.501713 0.867912 0.736042
v 0.268767 0.880027 0.741997
v 0.221868 0.879907 0.742362
v 0.476915 0.878507 0.740966
v -0.001015 0.878689 0.743074
v -0.104475 0.745603 0.709549
v -0.104113 0.745640 0.709608
v -0.099756 0.739186 0.708292
v -0.100105 0.738864 0.708281
v -0.087862 0.732977 0.707306
v -0.087958 0.732926 0.707156
v 0.513164 0.740020 0.709991
v 0.513103 0.740181 0.710021
v 0.512341 0.741214 0.707972
v 0.512223 0.741057 0.708194
v 0.491415 0.720311 0.706163
v 0.506897 0.723084 0.706754
v 0.491764 0.721951 0.704192
v 0.491639 0.721953 0.704412
v 0.504395 0.728405 0.705415
v 0.505020 0.727045 0.707387
v 0.505020 0.727045 0.707387
v 0.504330 0.728416 0.705674
v -0.115361 0.867508 0.736007
v -0.116232 0.867091 0.738214
v -0.116559 0.867180 0.737945
v -0.116578 0.867153 0.738038
v -0.115584 0.867256 0.735947
v -0.115224 0.867230 0.736242
v -0.106092 0.884037 0.741508
v -0.104953 0.881555 0.740323
v -0.105452 0.882515 0.741191
v -0.104972 0.882136 0.740206
v -0.104930 0.882201 0.738820
v -0.087941 0.887896 0.743283
v -0.087756 0.887531 0.740905
v -0.087746 0.887382 0.741123
v -0.001095 0.888959 0.747597
v -0.005248 0.889201 0.747251
v -0.001290 0.888618 0.745215
v -0.005226 0.888564 0.745125
v 0.493746 0.886630 0.744976
v 0.494776 0.886884 0.744844
v 0.493431 0.886446 0.742761
v 0.477738 0.888042 0.743225
v 0.511386 0.876165 0.740616
v 0.506518 0.880290 0.742211
v 0.510067 0.875933 0.738712
v 0.512860 0.870625 0.738890
v 0.512860 0.870625 0.738890
v 0.513063 0.870660 0.738868
v 0.512192 0.870506 0.736555
v 0.273466 0.890080 0.746691
v 0.335031 0.889697 0.744133
v 0.335595 0.889862 0.746781
v 0.335575 0.889373 0.744621
v -0.115516 0.741271 0.710853
v -0.115566 0.741100 0.710808
v -0.114667 0.742281 0.708796
v -0.114483 0.742138 0.709065
v -0.107175 0.730930 0.706424
v -0.107822 0.729537 0.708382
v -0.109506 0.725084 0.707495
v -0.107822 0.729537 0.708382
v -0.107111 0.730942 0.706681
v -0.090118 0.722643 0.704810
v -0.090765 0.721275 0.706715
v -0.090014 0.722661 0.705037
v 0.069224 0.476253 0.586234
v 0.069224 0.476253 0.586234
v 0.069224 0.476253 0.586234
v 0.069224 0.395317 0.585532
v 0.070406 0.395388 0.585366
v 0.096630 0.703306 0.759962
v 0.096630 0.703306 0.759962
v 0.098142 0.664124 1.015466
v 0.093243 0.556787 0.708153
v 0.093243 0.556787 0.708153
v 0.093243 0.556787 0.708153
v 0.096028 0.408061 0.937629
v 0.085067 0.509360 0.653637
v 0.085067 0.509360 0.653637
v 0.096630 0.606419 0.733342
v 0.096630 0.606419 0.733342
v 0.060498 0.476253 0.586234
v 0.060498 0.476253 0.586234
v 0.060498 0.476253 0.586234
v 0.060498 0.395317 0.585532
v 0.061679 0.395388 0.585366
v 0.087904 0.703306 0.759962
v 0.087904 0.703306 0.759962
v 0.089416 0.664124 1.015466
v 0.084516 0.556787 0.708153
v 0.084516 0.556787 0.708153
v 0.084516 0.556787 0.708153
v 0.087302 0.408061 0.937629
v 0.076341 0.509360 0.653637
v 0.076341 0.509360 0.653637
v 0.087904 0.606419 0.733342
v 0.087904 0.606419 0.733342
v 0.064209 0.395317 0.588663
v -0.085403 0.395317 0.588663
v -0.112244 0.701069 0.774553
v -0.085403 0.472758 0.588663
v -0.085403 0.472758 0.588663
v 0.064209 0.472758 0.588663
v 0.064209 0.472758 0.588663
v 0.091051 0.701069 0.774553
v 0.087822 0.548293 0.721258
v 0.087822 0.548293 0.721257
v 0.079231 0.503118 0.654250
v 0.091051 0.603499 0.747564
v 0.072081 0.622534 0.752829
v -0.097180 0.627457 0.754191
v 0.075987 0.627457 0.754191
v 0.070611 0.572587 0.732834
v 0.070611 0.572587 0.732834
v -0.087251 0.568504 0.730888
v -0.087251 0.568504 0.730462
v 0.054383 0.487285 0.634113
v 0.072361 0.622354 0.753441
v 0.072081 0.603499 0.747564
v 0.058650 0.503038 0.655025
v 0.053859 0.487827 0.633547
v 0.065147 0.548293 0.721257
v 0.065147 0.548293 0.721257
v 0.065147 0.548293 0.721257
v 0.065147 0.548293 0.721257
v 0.072081 0.622534 0.752829
v 0.075987 0.627457 0.754191
v 0.075987 0.627457 0.754191
v 0.070611 0.572587 0.732834
v 0.066057 0.568504 0.730888
v 0.066057 0.568504 0.730463
v 0.066057 0.568497 0.730452
v 0.075987 0.694677 0.772785
v 0.075987 0.694677 0.772785
v 0.075987 0.694677 0.772785
v 0.072362 0.622203 0.757505
v 0.072081 0.603499 0.751096
v 0.066697 0.568377 0.729999
v 0.065147 0.548293 0.729683
v -0.087899 0.568469 0.729505
v -0.079844 0.503038 0.733005
v -0.079844 0.503038 0.733005
v 0.072081 0.622534 0.756362
v 0.072081 0.622534 0.756362
v 0.070611 0.572587 0.736366
v 0.070611 0.572587 0.736366
v 0.075987 0.627457 0.757723
v 0.075987 0.627457 0.757723
v 0.075987 0.627457 0.757723
v 0.070611 0.572587 0.736366
v 0.066057 0.568504 0.730037
v 0.054768 0.486091 0.642888
v 0.058650 0.503038 0.733005
v 0.058650 0.503038 0.733005
v 0.058650 0.503038 0.733005
v 0.075987 0.694677 0.776318
v 0.075987 0.694677 0.776318
v 0.075987 0.694677 0.776318
v -0.097180 0.694677 0.776318
v -0.097180 0.694677 0.776318
v -0.090418 0.476253 0.586234
v -0.090418 0.476253 0.586234
v -0.090418 0.476253 0.586234
v -0.090418 0.395317 0.585532
v -0.091599 0.395388 0.585366
v -0.117824 0.723219 0.759962
v -0.117824 0.723219 0.759962
v -0.117824 0.684039 1.015472
v -0.114437 0.556787 0.708153
v -0.114437 0.556787 0.708153
v -0.114437 0.556787 0.708153
v -0.117222 0.408061 0.937629
v -0.106261 0.509360 0.653637
v -0.106261 0.509360 0.653637
v -0.117824 0.555290 0.982386
v -0.117824 0.606419 0.733342
v -0.117824 0.606419 0.733342
v -0.081691 0.476253 0.586234
v -0.081691 0.476253 0.586234
v -0.081691 0.476253 0.586234
v -0.081691 0.395317 0.585532
v -0.082873 0.395388 0.585366
v -0.109097 0.723219 0.759962
v -0.109097 0.723219 0.759962
v -0.109097 0.684039 1.015472
v -0.105710 0.556787 0.708153
v -0.105710 0.556787 0.708153
v -0.105710 0.556787 0.708153
v -0.108496 0.408061 0.937629
v -0.097534 0.509360 0.653637
v -0.097534 0.509360 0.653637
v -0.109097 0.555290 0.982386
v -0.109097 0.606419 0.733342
v -0.109097 0.606419 0.733342
v -0.109016 0.548293 0.721258
v -0.109016 0.548293 0.721257
v -0.100425 0.503118 0.654250
v -0.112244 0.603499 0.747564
v -0.093555 0.622290 0.753590
v -0.093275 0.603499 0.747564
v -0.079844 0.503038 0.655025
v -0.075053 0.487827 0.633547
v -0.086341 0.548293 0.721257
v -0.086341 0.548293 0.721257
v -0.086341 0.548293 0.721257
v -0.086341 0.548293 0.721257
v -0.093275 0.622534 0.752829
v -0.093275 0.622534 0.752829
v -0.097180 0.627457 0.754191
v -0.097180 0.627457 0.754191
v -0.091805 0.572587 0.732834
v -0.091805 0.572587 0.732834
v -0.091805 0.572587 0.732834
v -0.087250 0.568497 0.730452
v -0.075580 0.486664 0.633953
v -0.097180 0.694677 0.772785
v -0.097180 0.694677 0.772785
v -0.097180 0.694677 0.772785
v -0.093555 0.622308 0.757073
v -0.093275 0.603499 0.751096
v -0.086341 0.548293 0.729683
v -0.093275 0.622534 0.756362
v -0.093275 0.622534 0.756362
v -0.097180 0.627457 0.757723
v -0.097180 0.627457 0.757723
v -0.097180 0.627457 0.757723
v -0.091805 0.572587 0.736366
v -0.091805 0.572587 0.736366
v -0.091805 0.572587 0.736366
v -0.087251 0.568504 0.730037
v -0.075962 0.486091 0.642888
v -0.079844 0.503038 0.733005
v -0.097180 0.694677 0.776318
v 0.496639 0.736660 0.726493
v 0.497843 0.734080 0.726077
v 0.496639 0.736660 0.726493
v 0.489092 0.732763 0.725849
v 0.501433 0.744470 0.727871
v 0.501442 0.744474 0.727922
v 0.501434 0.744476 0.727834
v 0.501331 0.867474 0.755259
v 0.501293 0.867705 0.755068
v -0.104562 0.864329 0.754134
v -0.104392 0.864296 0.754439
v -0.104310 0.864468 0.754964
v -0.098096 0.873298 0.755854
v -0.098366 0.874400 0.756219
v -0.098096 0.873298 0.755854
v -0.084157 0.877289 0.759042
v 0.495896 0.874921 0.755669
v 0.492152 0.875526 0.759117
v 0.501207 0.867703 0.755078
v -0.005551 0.878216 0.761529
v 0.309231 0.879229 0.760945
v 0.335512 0.879027 0.761050
v 0.476847 0.877705 0.759662
v -0.103772 0.745731 0.728783
v -0.103753 0.745733 0.728693
v -0.103744 0.745699 0.728719
v -0.101057 0.736034 0.726875
v -0.099603 0.739362 0.727532
v -0.096527 0.736986 0.727193
v -0.087529 0.733456 0.726428
v 0.489468 0.739256 0.728335
v 0.490254 0.739598 0.726877
v 0.490220 0.740324 0.727258
v 0.493859 0.746120 0.728012
v 0.493838 0.745875 0.728619
v 0.493843 0.745929 0.727958
v 0.493637 0.862475 0.754463
v -0.096152 0.869653 0.755436
v -0.000982 0.872472 0.757694
v -0.078540 0.871116 0.756856
v 0.484686 0.871660 0.758380
v 0.491404 0.869409 0.756497
v 0.491404 0.869409 0.756497
v 0.492773 0.869863 0.756348
v 0.093379 0.872629 0.760280
v 0.306966 0.873129 0.759900
v 0.478257 0.872082 0.759048
v 0.004196 0.872094 0.760962
v -0.095961 0.782060 0.736272
v -0.092044 0.743647 0.726628
v 0.093600 0.739433 0.727106
v 0.093644 0.739424 0.727087
v 0.093377 0.872511 0.760440
v 0.093377 0.872511 0.760440
v 0.090238 0.871952 0.755756
v 0.093600 0.739480 0.727095
v 0.089876 0.743897 0.728760
v 0.089876 0.743897 0.728760
v 0.089876 0.743897 0.728760
v 0.089876 0.868746 0.758936
v 0.089876 0.868746 0.758936
v 0.081015 0.869818 0.759944
v 0.080534 0.869841 0.761086
v 0.080310 0.869154 0.760712
v 0.085225 0.866716 0.759246
v 0.084498 0.866095 0.760020
v 0.085768 0.866254 0.760740
v 0.085225 0.814263 0.748100
v 0.085072 0.814179 0.749440
v 0.085706 0.814468 0.749621
v 0.080984 0.810641 0.748150
v 0.081458 0.810275 0.747092
v 0.081331 0.810242 0.748439
v -0.092125 0.811364 0.744735
v -0.091752 0.814357 0.743703
v -0.091610 0.813123 0.745727
v -0.092908 0.861177 0.754001
v -0.092967 0.861269 0.755401
v -0.091568 0.860971 0.754617
v -0.087573 0.867870 0.755854
v -0.088034 0.867824 0.754684
v -0.088132 0.867832 0.756085
v 0.084158 0.742663 0.727368
v 0.085225 0.744416 0.728872
v 0.085225 0.744416 0.728872
v 0.082788 0.741757 0.727951
v 0.082788 0.741757 0.727951
v -0.089770 0.742495 0.727780
v -0.089770 0.742495 0.727780
v -0.092908 0.745080 0.728259
v -0.092908 0.745080 0.728259
v -0.092908 0.800527 0.742357
v -0.092908 0.800527 0.742357
v -0.092908 0.800527 0.742357
v -0.089770 0.804035 0.743177
v -0.089770 0.804035 0.743177
v -0.089770 0.804035 0.743177
v 0.082788 0.804035 0.745570
v 0.084076 0.803535 0.744354
v 0.082788 0.804035 0.745570
v 0.085225 0.801080 0.744869
v 0.085225 0.801080 0.744869
v 0.084293 0.742464 0.739668
v 0.085225 0.744416 0.740188
v 0.085225 0.744416 0.740188
v 0.082788 0.741757 0.739267
v 0.082788 0.741757 0.739267
v -0.092153 0.744233 0.736744
v -0.089770 0.742495 0.739095
v -0.089770 0.742495 0.739095
v -0.092908 0.745080 0.739575
v -0.092908 0.745080 0.739575
v -0.092908 0.800527 0.753672
v -0.092908 0.800527 0.753672
v -0.092908 0.800527 0.753672
v -0.089770 0.804035 0.754492
v -0.089770 0.804035 0.754492
v -0.089770 0.804035 0.754492
v 0.082788 0.804035 0.756885
v 0.084235 0.803307 0.756545
v 0.082788 0.804035 0.756885
v 0.085225 0.801080 0.756184
v 0.085225 0.801080 0.756184
v 0.080071 0.869039 0.761918
v 0.084233 0.866016 0.761228
v 0.084233 0.814895 0.750205
v 0.080509 0.811008 0.749209
v -0.091151 0.812075 0.746885
v -0.090986 0.814619 0.746041
v -0.091916 0.860617 0.756041
v -0.087096 0.867095 0.756716
v 0.089876 0.810525 0.746914
v 0.089868 0.809975 0.746740
v 0.493851 0.746023 0.762651
v 0.493838 0.745743 0.763265
v 0.493856 0.745801 0.762587
v 0.489065 0.739331 0.761419
v 0.490199 0.740044 0.760694
v 0.490220 0.740681 0.761172
v 0.484615 0.860278 0.809969
v 0.479557 0.860737 0.810268
v 0.491404 0.858710 0.807461
v 0.491404 0.858710 0.807461
v 0.492904 0.859207 0.807361
v 0.493637 0.852465 0.804444
v 0.333478 0.739766 0.760680
v 0.332133 0.861514 0.811586
v 0.332133 0.861514 0.811586
v 0.146915 0.861347 0.811534
v 0.093379 0.861193 0.811629
v 0.093600 0.739839 0.760901
v 0.093600 0.739906 0.760897
v 0.093600 0.739906 0.760897
v 0.149769 0.739796 0.760851
v 0.093377 0.861091 0.811781
v 0.093377 0.861091 0.811781
v 0.089876 0.743851 0.763139
v 0.089876 0.743851 0.763139
v 0.089873 0.743208 0.764306
v 0.089876 0.811671 0.792766
v 0.089876 0.857740 0.809786
v 0.089876 0.857740 0.809786
v 0.089876 0.857740 0.809786
v -0.668287 0.836057 0.767566
v -0.542923 0.837521 0.769087
v -0.656612 0.836940 0.768643
v -0.133147 0.836348 0.767917
v -0.134254 0.836556 0.767964
v -0.134263 0.764184 0.755524
v -0.133923 0.774955 0.756581
v -0.573152 0.680023 0.778146
v -0.573193 0.680008 0.778144
v -0.655551 0.678404 0.776854
v -0.655471 0.678418 0.776862
v -0.138985 0.679479 0.777163
v -0.138771 0.679570 0.777229
v -0.667788 0.868710 0.852725
v -0.667788 0.868710 0.852725
v -0.659680 0.849578 0.776028
v -0.661647 0.769556 0.754636
v -0.661951 0.768548 0.754830
v -0.661613 0.657703 0.781998
v -0.134354 0.686268 0.775828
v -0.134354 0.686268 0.775828
v -0.138577 0.679359 0.778512
v -0.655788 0.677976 0.778009
v -0.659460 0.682767 0.775714
v -0.659998 0.682566 0.776780
v -0.659994 0.682567 0.776782
v -0.656794 0.836017 0.767753
v -0.134516 0.836045 0.768897
v -0.132565 0.833631 0.768409
v -0.132576 0.833633 0.768403
v -0.132202 0.769283 0.754886
v -0.131852 0.768280 0.755125
v -0.137835 0.677419 0.777719
v -0.137551 0.677398 0.777750
v -0.508925 0.678022 0.778759
v -0.559713 0.677846 0.778689
v -0.656513 0.676337 0.777377
v -0.656523 0.676338 0.777362
v -0.661613 0.681966 0.775880
v -0.661075 0.682166 0.776863
v -0.661079 0.682167 0.776865
v -0.659460 0.763735 0.755295
v -0.659972 0.774468 0.756318
v -0.132201 0.685639 0.776010
v -0.132680 0.685763 0.777028
v -0.132727 0.685798 0.776996
v -0.137847 0.678228 0.778766
v -0.656272 0.676930 0.778265
v -0.656497 0.835583 0.768673
v -0.659957 0.833677 0.767212
v -0.659957 0.833677 0.767212
v -0.659427 0.833409 0.768191
v -0.659429 0.833408 0.768192
v -0.660631 0.774429 0.757582
v -0.660474 0.774405 0.757612
v -0.573822 0.775812 0.759248
v -0.573162 0.776028 0.759082
v -0.133411 0.774946 0.757864
v -0.133259 0.774947 0.757847
v -0.134002 0.835227 0.769405
v -0.657946 0.834545 0.769076
v -0.134775 0.835489 0.769793
v -0.656246 0.835790 0.770426
v -0.572536 0.835895 0.771235
v -0.572085 0.836095 0.770916
v -0.571691 0.836479 0.771040
v -0.572085 0.836095 0.770916
v -0.133186 0.764193 0.757578
v -0.132954 0.768269 0.757158
v -0.138180 0.678403 0.779484
v -0.138140 0.678510 0.779486
v -0.656036 0.677387 0.779172
v -0.656039 0.677357 0.779172
v -0.573781 0.678943 0.780444
v -0.573830 0.678483 0.780452
v -0.577935 0.679066 0.781138
v -0.559688 0.678947 0.780441
v -0.577247 0.679002 0.777448
v -0.660863 0.768540 0.756889
v -0.660536 0.763732 0.757326
v -0.133278 0.685953 0.777968
v -0.574457 0.775530 0.755583
v -0.574140 0.775541 0.757144
v -0.573502 0.775548 0.757148
v -0.574905 0.765538 0.756278
v -0.575507 0.764240 0.757963
v -0.574476 0.679518 0.778130
v -0.574476 0.679518 0.778130
v -0.573501 0.775548 0.759597
v -0.574459 0.775538 0.759078
v -0.574140 0.775541 0.759592
v -0.571737 0.835197 0.771402
v -0.571753 0.835039 0.771611
v -0.572412 0.835192 0.771396
v -0.572392 0.835032 0.771607
v 0.022952 0.483396 0.693299
v -0.009794 0.520327 0.685031
v 0.016108 0.483396 0.718844
v -0.012701 0.520307 0.695869
v -0.002592 0.483396 0.737544
v -0.020631 0.520288 0.703794
v -0.028137 0.483396 0.744389
v -0.031455 0.520275 0.706695
v -0.053682 0.483396 0.737544
v -0.042278 0.520271 0.703799
v -0.072382 0.483396 0.718844
v -0.050209 0.520276 0.695882
v -0.079227 0.483396 0.693299
v -0.053124 0.520289 0.685059
v -0.072382 0.483396 0.667755
v -0.050242 0.520305 0.674227
v -0.053682 0.483396 0.649054
v -0.042329 0.520322 0.666283
v -0.028137 0.483396 0.642210
v -0.031498 0.520337 0.663359
v -0.002592 0.483396 0.649054
v -0.020649 0.520345 0.666250
v 0.016108 0.483396 0.667755
v -0.012701 0.520342 0.674186
v -0.015487 0.534072 0.682553
v -0.016039 0.533802 0.679868
v -0.017918 0.534072 0.691626
v -0.021434 0.533554 0.695095
v -0.024560 0.534072 0.698268
v -0.033633 0.534072 0.700699
v -0.037039 0.533837 0.700211
v -0.042706 0.534072 0.698268
v -0.049349 0.534072 0.691626
v -0.049349 0.534072 0.691626
v -0.049349 0.534072 0.691626
v -0.051780 0.534072 0.682553
v -0.051780 0.534072 0.682553
v -0.051780 0.534072 0.682553
v -0.049349 0.534072 0.673480
v -0.049349 0.534072 0.673480
v -0.049349 0.534072 0.673480
v -0.042706 0.534072 0.666838
v -0.042706 0.534072 0.666838
v -0.042706 0.534072 0.666838
v -0.033633 0.534072 0.664407
v -0.033633 0.534072 0.664407
v -0.033633 0.534072 0.664407
v -0.024560 0.534072 0.666838
v -0.024560 0.534072 0.666838
v -0.024560 0.534072 0.666838
v -0.017918 0.534072 0.673480
v -0.020150 0.545547 0.677485
v -0.020150 0.545547 0.677485
v -0.020150 0.545547 0.677485
v -0.021956 0.545547 0.684227
v -0.029727 0.544437 0.688822
v -0.026892 0.545547 0.689162
v -0.033633 0.545547 0.690969
v -0.040375 0.545547 0.689162
v -0.041774 0.545223 0.687698
v -0.045310 0.545547 0.684227
v -0.047117 0.545547 0.677485
v -0.047117 0.545547 0.677485
v -0.047117 0.545547 0.677485
v -0.045310 0.545547 0.670743
v -0.045310 0.545547 0.670743
v -0.045310 0.545547 0.670743
v -0.040375 0.545547 0.665808
v -0.035917 0.545689 0.664450
v -0.033633 0.545547 0.664002
v -0.026892 0.545547 0.665808
v -0.020814 0.545522 0.669343
v -0.021956 0.545547 0.670743
v -0.021956 0.545547 0.670743
v -0.025761 0.545547 0.675376
v -0.025266 0.545547 0.677615
v -0.025720 0.545547 0.677485
v -0.027870 0.545547 0.683248
v -0.029563 0.545547 0.684796
v -0.029677 0.545547 0.684338
v -0.035743 0.545547 0.685358
v -0.037590 0.545547 0.684338
v -0.037929 0.545547 0.684666
v -0.040486 0.545547 0.681442
v -0.041506 0.545547 0.675376
v -0.041546 0.545547 0.677485
v -0.042942 0.545547 0.677056
v -0.037590 0.545547 0.670632
v -0.031524 0.545547 0.669613
v -0.033204 0.545547 0.668176
v -0.033633 0.545547 0.669572
v -0.027388 0.547892 0.679159
v -0.027355 0.547892 0.677485
v -0.027355 0.547892 0.677485
v -0.028197 0.547892 0.680624
v -0.028197 0.547892 0.680624
v -0.031960 0.547892 0.683731
v -0.031234 0.547018 0.682089
v -0.030494 0.547892 0.682922
v -0.039918 0.547892 0.681536
v -0.039879 0.547892 0.679159
v -0.039911 0.547892 0.677485
v -0.039911 0.547892 0.677485
v -0.038206 0.547892 0.672913
v -0.039070 0.547892 0.674346
v -0.039070 0.547892 0.674346
v -0.036012 0.548800 0.672900
v -0.036772 0.547892 0.672048
v -0.033633 0.547892 0.671207
v -0.029061 0.547892 0.672913
v -0.027870 0.547892 0.683248
v -0.029337 0.547892 0.684666
v -0.025761 0.547892 0.675376
v -0.025720 0.547892 0.677485
v -0.024324 0.547892 0.677056
v -0.029677 0.547892 0.684338
v -0.037704 0.547892 0.684796
v -0.035743 0.547892 0.685358
v -0.037590 0.547892 0.684338
v -0.042000 0.547892 0.677615
v -0.041506 0.547892 0.675376
v -0.041546 0.547892 0.677485
v -0.034062 0.547892 0.668176
v -0.037590 0.547892 0.670632
v -0.031524 0.547892 0.669613
v -0.033633 0.547892 0.669572
v -0.024777 0.646128 0.637570
v -0.024169 0.645066 0.635762
v -0.024169 0.645066 0.635762
v -0.025437 0.646617 0.640191
v -0.025437 0.646617 0.640191
v -0.028683 0.648053 0.644281
v -0.031119 0.648244 0.644044
v -0.028901 0.647753 0.643433
v -0.040281 0.647452 0.641671
v -0.044801 0.645189 0.636283
v -0.042338 0.644673 0.633258
v -0.043098 0.645066 0.635762
v -0.043117 0.643076 0.629879
v -0.041830 0.643514 0.631333
v -0.035951 0.642728 0.627446
v -0.027393 0.643446 0.629529
v -0.025039 0.643401 0.630918
v -0.025437 0.643514 0.631333
v -0.035190 0.600759 0.660966
v -0.041043 0.598128 0.656299
v -0.039378 0.599152 0.657162
v -0.027851 0.597906 0.654404
v -0.026221 0.597845 0.655652
v -0.027355 0.597982 0.655978
v -0.029403 0.600153 0.659564
v -0.028197 0.599204 0.658806
v -0.028197 0.599204 0.658806
v -0.030358 0.600332 0.661421
v -0.030494 0.600098 0.660877
v -0.036907 0.595630 0.650536
v -0.037927 0.596844 0.652002
v -0.036772 0.595866 0.651080
v -0.032069 0.596160 0.650547
v -0.039911 0.597982 0.655978
v -0.039070 0.596760 0.653150
v -0.039070 0.596760 0.653150
v -0.039005 0.601902 0.660026
v -0.028207 0.597820 0.650380
v -0.025534 0.597183 0.650596
v -0.026744 0.597694 0.651848
v -0.026346 0.600661 0.656957
v -0.026744 0.600721 0.659055
v -0.026744 0.600721 0.659055
v -0.035610 0.596986 0.648537
v -0.040840 0.597572 0.651535
v -0.042332 0.599288 0.655651
v -0.025678 0.599207 0.655452
v -0.025678 0.599207 0.655452
v -0.029342 0.602389 0.662981
v -0.031659 0.602652 0.661824
v -0.029656 0.601829 0.661693
v -0.040956 0.599129 0.653436
v -0.041589 0.599207 0.655452
v -0.040523 0.597694 0.651848
v -0.024217 0.664023 0.629506
v -0.024777 0.662136 0.625341
v -0.027393 0.664818 0.633382
v -0.031105 0.666286 0.635962
v -0.035951 0.665536 0.635465
v -0.040533 0.665457 0.633594
v -0.042338 0.663591 0.629654
v -0.043098 0.663198 0.627149
v -0.040533 0.660941 0.620705
v -0.040281 0.660812 0.621241
v -0.031119 0.660020 0.618867
v -0.031105 0.660110 0.618337
v -0.025437 0.661646 0.622720
v -0.044359 0.656916 0.642169
v -0.048855 0.655957 0.634563
v -0.048855 0.652306 0.628348
v -0.029649 0.658151 0.645750
v -0.022208 0.658233 0.641612
v -0.037955 0.659595 0.645692
v -0.037955 0.648668 0.617220
v -0.029649 0.650113 0.617162
v -0.022207 0.650031 0.621300
v -0.044359 0.651348 0.620743
v -0.018672 0.653457 0.627151
v -0.018672 0.654807 0.635760
v -0.010378 0.519791 0.681177
v -0.016783 0.519394 0.699713
v -0.034857 0.519605 0.705732
v -0.020718 0.519996 0.666470
v -0.020718 0.519996 0.666470
v -0.031455 0.519996 0.663593
v -0.031455 0.519996 0.663593
v -0.042191 0.519996 0.666470
v -0.042191 0.519996 0.666470
v -0.050051 0.519996 0.674330
v -0.050051 0.519996 0.674330
v -0.052928 0.519996 0.685067
v -0.052928 0.519996 0.685067
v -0.050051 0.519996 0.695803
v -0.050051 0.519996 0.695803
v -0.048612 0.535647 0.681857
v -0.048612 0.535647 0.681857
v -0.048612 0.535647 0.681857
v -0.044118 0.534332 0.671701
v -0.047875 0.535619 0.672813
v -0.046605 0.535647 0.674368
v -0.037973 0.534413 0.694452
v -0.033633 0.535647 0.696836
v -0.041123 0.535647 0.694830
v -0.029734 0.534494 0.667728
v -0.031097 0.535804 0.667377
v -0.020661 0.535647 0.674368
v -0.020661 0.535647 0.674368
v -0.020661 0.535647 0.674368
v -0.018654 0.535647 0.681857
v -0.018654 0.535647 0.681857
v -0.018654 0.535647 0.681857
v -0.020661 0.535647 0.689347
v -0.024590 0.535287 0.693203
v -0.046605 0.535647 0.689347
v -0.026144 0.535647 0.694830
v -0.093945 1.156542 0.621205
v -0.093945 1.156542 0.621205
v -0.093945 1.202598 0.610577
v -0.093945 1.202598 0.610577
v 0.095188 1.156542 0.621205
v 0.095188 1.156542 0.621205
v 0.095188 1.202598 0.610577
v 0.095188 1.202598 0.610577
v -0.093945 1.157195 0.624039
v -0.093945 1.157195 0.624039
v -0.093945 1.157195 0.624039
v -0.093945 1.203252 0.613411
v -0.094438 1.204360 0.618210
v -0.093945 1.203252 0.613411
v 0.095188 1.157195 0.624039
v 0.095681 1.158303 0.628838
v 0.095188 1.157195 0.624039
v 0.095188 1.203252 0.613411
v 0.095188 1.203252 0.613411
v 0.095188 1.203252 0.613411
v 0.000622 1.159461 0.633856
v 0.000622 1.205518 0.623228
v -0.001520 1.179477 0.628295
v -0.001520 1.179477 0.628295
v -0.001520 1.188230 0.626077
v -0.001520 1.188230 0.626077
v 0.002763 1.179477 0.628295
v 0.002763 1.179477 0.628295
v 0.002763 1.188230 0.626077
v 0.002763 1.188230 0.626077
v -0.001520 1.193712 0.630866
v -0.001520 1.193712 0.630866
v -0.001520 1.193712 0.630866
v 0.002763 1.193712 0.630866
v 0.002763 1.193712 0.630866
v 0.002763 1.193712 0.630866
v -0.001520 1.194058 0.640300
v -0.001520 1.194058 0.640300
v -0.001520 1.194058 0.640300
v 0.002763 1.194058 0.640300
v 0.002763 1.194058 0.640300
v 0.002763 1.194058 0.640300
v -0.001520 1.281493 0.596228
v -0.001520 1.281493 0.596228
v 0.002763 1.281493 0.596228
v 0.002763 1.281493 0.596228
v -0.001520 1.278005 0.605570
v -0.001520 1.278005 0.605570
v 0.002763 1.278005 0.605570
v 0.002763 1.278005 0.605570
v 0.236878 0.502633 1.012972
v 0.424945 0.496509 1.010269
v 0.441682 0.562679 1.039484
v 0.442334 0.670982 0.750937
v 0.441739 0.687983 0.758458
v 0.423041 0.694760 0.761439
v 0.441123 0.690287 0.759467
v 0.439939 0.687795 0.758363
v 0.442892 0.559313 1.038019
v 0.415041 0.623927 0.730153
v 0.424592 0.626245 0.731182
v 0.430174 0.634204 0.734692
v 0.430174 0.634204 0.734692
v 0.430174 0.634204 0.734692
v 0.424334 0.626937 0.731482
v 0.424334 0.626937 0.731482
v 0.430174 0.505412 1.014199
v 0.430174 0.505412 1.014199
v 0.424334 0.498145 1.010989
v 0.369803 0.634388 0.734773
v 0.369803 0.634388 0.734773
v 0.369803 0.634388 0.734773
v 0.354398 0.623927 0.730153
v 0.364620 0.625041 0.730627
v 0.363858 0.626991 0.731506
v 0.363858 0.626991 0.731506
v 0.378062 0.694760 0.761439
v 0.386094 0.693336 0.760823
v 0.386375 0.684513 0.756914
v 0.386616 0.691892 0.760179
v 0.385344 0.691759 0.760114
v 0.258275 0.679351 0.754633
v 0.258275 0.679351 0.754633
v 0.258275 0.679351 0.754633
v 0.258275 0.550559 1.034140
v 0.257472 0.550592 1.034152
v 0.235063 0.640012 0.737257
v 0.238101 0.633909 0.734561
v 0.240065 0.632644 0.734003
v 0.238146 0.633467 0.734364
v 0.237799 0.504970 1.014000
v 0.229216 0.548452 1.033213
v 0.229555 0.548829 1.033371
v 0.235276 0.679351 0.754633
v 0.229410 0.677930 0.754007
v 0.228764 0.676110 0.753202
v 0.228855 0.677315 0.753738
v 0.260585 0.754360 0.625834
v 0.261685 0.754637 0.625947
v 0.267878 0.626274 0.731190
v 0.273820 0.623927 0.730153
v 0.273820 0.623927 0.730153
v 0.261611 0.634365 0.734763
v 0.261611 0.634365 0.734763
v 0.261611 0.634365 0.734763
v 0.261571 0.564022 1.040088
v 0.262052 0.562905 1.039593
v 0.369803 0.696520 0.600281
v 0.369803 0.696520 0.600281
v 0.369803 0.696520 0.600281
v 0.363858 0.689123 0.597014
v 0.363858 0.689123 0.597014
v 0.363858 0.689123 0.597014
v 0.363858 0.689123 0.597014
v 0.354398 0.681689 0.604798
v 0.354398 0.681689 0.604798
v 0.385344 0.753890 0.625621
v 0.385853 0.754964 0.626097
v 0.386119 0.753971 0.625663
v 0.386375 0.746645 0.622421
v 0.378062 0.756892 0.626947
v 0.265508 0.689116 0.597011
v 0.265508 0.689116 0.597011
v 0.265508 0.689116 0.597011
v 0.265508 0.689116 0.597011
v 0.261611 0.696496 0.600270
v 0.261611 0.696496 0.600270
v 0.261611 0.696496 0.600270
v 0.273820 0.681689 0.604798
v 0.273820 0.681689 0.604798
v 0.258245 0.745849 0.622069
v 0.262052 0.753829 0.625594
v 0.270244 0.756892 0.626947
v 0.265926 0.628098 0.731995
v 0.265926 0.628098 0.731995
vn -0.9200 0.3907 -0.0325
vn -0.9412 0.2475 -0.2301
vn -0.9857 0.1564 -0.0623
vn 0.9871 0.1581 -0.0258
vn 0.9904 0.1323 -0.0395
vn 0.9422 0.2619 -0.2088
vn 0.7800 0.3181 0.5389
vn -0.0688 0.2330 -0.9700
vn -0.0353 0.2814 -0.9589
vn -0.0071 0.3536 -0.9354
vn 0.0044 -0.2174 -0.9761
vn 0.0017 -0.2202 -0.9755
vn -0.0016 -0.2294 -0.9733
vn -0.0000 0.4041 -0.9147
vn -0.0000 0.4040 -0.9147
vn -0.0000 0.4040 -0.9148
vn -0.1182 0.9685 -0.2191
vn -0.0277 0.9956 -0.0901
vn -0.2928 0.9531 -0.0765
vn -0.0184 0.8713 -0.4904
vn 0.0438 0.9872 -0.1537
vn 0.0318 0.9993 -0.0215
vn 0.0035 0.9748 -0.2229
vn -0.0000 0.9990 -0.0455
vn 0.0011 0.9685 -0.2490
vn 0.0013 0.7542 -0.6567
vn 0.1622 0.8693 -0.4669
vn 0.0007 0.7488 -0.6628
vn 0.0013 0.7544 -0.6564
vn -0.0085 0.1902 -0.9817
vn -0.0093 0.1886 -0.9820
vn -0.0122 -0.0288 -0.9995
vn -0.0134 -0.0139 -0.9998
vn 0.8001 -0.5518 -0.2351
vn 0.5686 -0.7717 -0.2847
vn 0.6441 -0.6113 -0.4598
vn 0.9228 -0.1894 -0.3356
vn 0.9945 0.0439 -0.0955
vn 0.9963 0.0080 -0.0860
vn 0.9650 -0.0860 -0.2477
vn 0.0058 0.9993 -0.0377
vn 0.0154 0.9994 -0.0303
vn 0.2558 0.9650 -0.0573
vn 0.0049 0.9994 -0.0337
vn -0.0142 -0.2382 -0.9711
vn -0.0096 -0.2357 -0.9718
vn -0.0225 0.9952 -0.0949
vn -0.0140 0.9975 -0.0698
vn -0.1526 0.9876 -0.0371
vn -0.0014 0.9987 -0.0504
vn -0.0160 0.9991 -0.0402
vn 0.5576 -0.7948 -0.2394
vn 0.1546 -0.9352 -0.3185
vn 0.1931 -0.8637 -0.4656
vn -0.0066 -0.9986 -0.0519
vn -0.0040 -0.9986 -0.0536
vn -0.0003 -0.9988 -0.0493
vn -0.0170 -0.9986 -0.0497
vn -0.0000 -0.9988 -0.0484
vn -0.1547 0.8576 -0.4904
vn -0.1542 0.8514 -0.5013
vn -0.1628 0.9326 -0.3220
vn 0.5642 0.8131 -0.1432
vn -0.0231 0.9905 -0.1354
vn -0.1080 0.9551 -0.2759
vn 0.0579 0.9896 -0.1317
vn -0.0554 0.9877 -0.1464
vn -0.0157 0.9861 -0.1654
vn 0.0114 0.9774 -0.2110
vn 0.2057 0.9047 -0.3732
vn -0.0041 -0.2257 -0.9742
vn -0.0033 -0.2287 -0.9735
vn -0.0001 0.7522 -0.6590
vn -0.0001 0.7521 -0.6591
vn -0.0009 0.7589 -0.6512
vn -0.0008 0.7587 -0.6515
vn -0.0001 0.7500 -0.6614
vn -0.1776 0.8659 -0.4676
vn 0.0169 -0.2274 -0.9736
vn 0.0183 -0.2286 -0.9734
vn 0.0222 -0.2271 -0.9736
vn 0.0162 -0.2265 -0.9739
vn 0.0153 0.1944 -0.9808
vn -0.0025 -0.0409 -0.9992
vn 0.0022 -0.0022 -1.0000
vn 0.0139 0.1946 -0.9808
vn 0.0967 0.9941 -0.0499
vn 0.1428 0.9872 -0.0715
vn 0.3486 0.9361 0.0473
vn 0.8416 0.5386 0.0398
vn 0.9176 0.3419 -0.2028
vn 0.6490 0.7532 -0.1067
vn 0.0042 -0.2375 -0.9714
vn 0.0038 -0.2373 -0.9714
vn 0.0118 -0.2419 -0.9702
vn 0.0119 -0.2424 -0.9701
vn 0.0384 0.9979 -0.0513
vn 0.0967 0.9941 -0.0498
vn 0.6626 0.7414 -0.1065
vn 0.0097 -0.2428 -0.9700
vn -0.0035 -0.2380 -0.9713
vn 0.0155 -0.2442 -0.9696
vn 0.0166 -0.2450 -0.9694
vn -0.0004 -0.7826 -0.6225
vn -0.0004 -0.7827 -0.6225
vn -0.0004 -0.7785 -0.6277
vn -0.0004 -0.7784 -0.6277
vn 0.0076 -0.9987 -0.0500
vn 0.0062 -0.9987 -0.0500
vn 0.0161 -0.9986 -0.0510
vn 0.0165 -0.9986 -0.0509
vn -0.9919 0.0354 -0.1216
vn -0.9330 -0.1477 -0.3280
vn -0.9947 -0.0278 -0.0985
vn -0.9930 0.0044 -0.1183
vn -0.1620 -0.9306 -0.3283
vn -0.2477 -0.8271 -0.5046
vn -0.3994 0.9110 0.1029
vn -0.9256 0.3773 -0.0303
vn -0.7811 0.6013 -0.1681
vn -0.9179 0.3215 -0.2325
vn -0.7829 -0.5583 -0.2745
vn -0.7705 -0.5715 -0.2825
vn -0.9101 -0.2044 -0.3605
vn -0.6268 -0.6209 -0.4707
vn -0.3981 -0.8793 -0.2615
vn -0.0121 0.2243 -0.9744
vn -0.0226 0.2014 -0.9792
vn -0.0229 0.2127 -0.9768
vn -0.0109 0.2286 -0.9735
vn 0.9975 -0.0136 -0.0692
vn 0.0451 0.2546 -0.9660
vn -0.0121 0.1951 -0.9807
vn -0.0147 0.2028 -0.9791
vn 0.0356 0.2227 -0.9742
vn 0.0089 0.2086 -0.9780
vn 0.0036 0.2095 -0.9778
vn -0.0071 0.1988 -0.9800
vn -0.1149 0.2182 -0.9691
vn 0.0036 0.2155 -0.9765
vn -0.0096 0.2055 -0.9786
vn 0.0218 0.2103 -0.9774
vn 0.0139 0.2113 -0.9773
vn 0.0081 0.2209 -0.9753
vn 0.0070 0.2204 -0.9754
vn -0.0040 0.2435 -0.9699
vn 0.0671 0.1738 -0.9825
vn 0.0048 0.4254 -0.9050
vn -0.0096 0.2804 -0.9598
vn 0.0627 0.1339 -0.9890
vn -0.0804 0.2093 -0.9745
vn 0.2275 -0.7220 -0.6534
vn 0.5883 -0.4987 -0.6365
vn 0.6389 -0.6191 -0.4567
vn 0.1941 -0.8590 -0.4737
vn 0.8554 -0.1015 -0.5080
vn 0.9225 -0.1965 -0.3322
vn -0.9180 0.3370 -0.2092
vn -0.7273 0.6092 -0.3162
vn -0.4139 0.9057 -0.0916
vn -0.1698 0.9839 -0.0554
vn -0.1533 0.9582 -0.2417
vn -0.0060 0.9949 -0.1006
vn -0.0020 0.9581 -0.2864
vn 0.6670 0.5361 -0.5174
vn 0.2704 0.9555 -0.1183
vn 0.2927 0.9525 0.0834
vn 0.7757 0.5396 -0.3273
vn 0.0066 0.9752 -0.2212
vn 0.0081 0.9995 -0.0309
vn 0.0032 0.6812 -0.7321
vn -0.7958 0.1218 -0.5932
vn -0.8171 -0.1049 -0.5669
vn -0.8920 -0.2052 -0.4027
vn -0.8562 0.2353 -0.4599
vn -0.5706 -0.4997 -0.6516
vn -0.6227 -0.6227 -0.4738
vn -0.1660 -0.7224 -0.6713
vn -0.2357 -0.8369 -0.4939
vn -0.1297 0.2205 -0.9667
vn -0.0139 0.0913 -0.9957
vn -0.0901 0.2252 -0.9701
vn -0.7782 0.3225 0.5389
vn -1.0000 -0.0000 -0.0000
vn 0.9988 -0.0484 0.0046
vn 1.0000 0.0016 -0.0057
vn 0.9999 -0.0090 -0.0101
vn 0.9927 -0.0703 -0.0982
vn 0.9972 -0.0642 -0.0387
vn 0.9990 -0.0309 -0.0324
vn 0.9904 -0.0502 -0.1290
vn 0.9715 0.0167 -0.2366
vn -0.9988 0.0484 -0.0046
vn -0.9999 0.0090 0.0101
vn -1.0000 -0.0016 0.0057
vn -0.9927 0.0703 0.0982
vn -0.9904 0.0502 0.1290
vn -0.9990 0.0309 0.0324
vn -0.9972 0.0642 0.0387
vn -0.9715 -0.0167 0.2366
vn -0.0000 0.8253 -0.5646
vn -0.0000 0.8976 -0.4409
vn -0.0000 0.8401 -0.5424
vn -0.0000 0.6062 -0.7953
vn -0.0000 0.6232 -0.7820
vn -0.0000 0.3587 -0.9334
vn -0.0000 0.6231 -0.7821
vn -0.0000 0.3624 -0.9320
vn -0.0000 0.2649 -0.9643
vn -0.0000 -0.0000 -1.0000
vn -0.9996 0.0289 -0.0000
vn -0.9998 0.0180 -0.0000
vn -0.0000 0.2666 -0.9638
vn -0.0000 0.0087 -1.0000
vn -0.9989 0.0475 -0.0000
vn -0.0217 0.2152 -0.9763
vn 0.0288 0.2191 -0.9753
vn -0.0233 0.2285 -0.9733
vn -0.0000 0.4302 -0.9027
vn -0.0000 0.4302 -0.9028
vn -0.0420 0.4054 -0.9132
vn -0.0688 0.9459 -0.3172
vn 0.0727 0.9482 -0.3091
vn -0.1046 0.9432 -0.3154
vn -0.0745 0.8414 -0.5353
vn 0.0031 0.4187 -0.9081
vn 0.1001 0.3799 -0.9196
vn -0.0251 0.8132 -0.5814
vn -0.0037 0.8288 -0.5595
vn -0.0000 0.8292 -0.5590
vn 0.0024 -0.0481 -0.9988
vn -0.0000 -0.0534 -0.9986
vn 0.0009 -0.0514 -0.9987
vn 0.0032 -0.0463 -0.9989
vn 0.1099 0.9435 -0.3126
vn -0.0026 0.9870 -0.1608
vn -0.0000 0.9875 -0.1573
vn -0.0000 -1.0000 -0.0000
vn -0.9988 0.0237 0.0434
vn -0.9872 -0.1433 0.0695
vn -0.9901 0.1382 0.0266
vn -0.9901 0.1402 -0.0000
vn -0.9947 0.1024 0.0085
vn -0.9990 0.0450 -0.0000
vn 1.0000 -0.0000 -0.0000
vn -0.9994 -0.0335 -0.0069
vn -1.0000 -0.0041 -0.0059
vn -0.9927 -0.0703 -0.0982
vn -0.9904 -0.0502 -0.1290
vn -0.9991 -0.0286 -0.0309
vn -0.9968 -0.0668 -0.0430
vn -0.9715 0.0167 -0.2366
vn 0.9994 0.0335 0.0069
vn 1.0000 0.0041 0.0059
vn 0.9927 0.0703 0.0982
vn 0.9968 0.0668 0.0430
vn 0.9991 0.0286 0.0309
vn 0.9904 0.0502 0.1290
vn 0.9715 -0.0167 0.2366
vn -0.0000 0.3377 -0.9413
vn -0.0000 0.3421 -0.9396
vn -0.0000 0.2222 -0.9750
vn 0.9996 0.0289 -0.0000
vn 0.9998 0.0180 -0.0000
vn -0.0000 1.0000 -0.0000
vn 0.9989 0.0475 -0.0000
vn 0.0308 0.1965 -0.9800
vn 0.0396 0.4069 -0.9126
vn 0.0788 0.8390 -0.5384
vn -0.0029 0.4193 -0.9078
vn -0.0924 0.3796 -0.9205
vn 0.0253 0.8086 -0.5878
vn 0.0037 0.8288 -0.5595
vn 0.0021 0.3860 -0.9225
vn 0.0026 0.3845 -0.9231
vn 0.0005 0.3904 -0.9206
vn -0.0000 0.3920 -0.9200
vn 0.9988 0.0237 0.0434
vn 0.9901 0.1382 0.0266
vn 0.9872 -0.1433 0.0695
vn 0.9901 0.1402 -0.0000
vn 0.9990 0.0450 -0.0000
vn 0.9947 0.1024 0.0085
vn 0.0421 -0.9989 -0.0220
vn 0.0206 -0.9996 -0.0205
vn 0.0254 -0.9995 -0.0208
vn 0.0424 -0.9988 -0.0230
vn 0.8292 0.5587 -0.0159
vn 0.8270 0.5619 -0.0174
vn 0.8334 0.5524 -0.0131
vn 0.8356 0.5491 -0.0117
vn -0.3212 -0.9465 -0.0314
vn -0.6215 -0.7834 0.0010
vn -0.3352 -0.9413 -0.0403
vn 0.0013 -0.9984 -0.0557
vn -0.8449 0.5347 -0.0135
vn -0.8429 0.5380 -0.0115
vn -0.8482 0.5295 -0.0168
vn -0.8502 0.5261 -0.0188
vn -0.1933 0.9810 -0.0149
vn 0.1464 0.9877 -0.0550
vn -0.1381 0.9896 -0.0406
vn -0.0200 -0.9970 0.0749
vn -0.5153 0.8460 0.1371
vn 0.1866 0.9820 -0.0276
vn 0.8322 -0.5533 -0.0355
vn 0.8423 -0.5370 -0.0459
vn 0.8235 -0.5667 -0.0269
vn 0.8126 -0.5826 -0.0164
vn 0.4669 0.8659 0.1796
vn -0.9998 0.0037 -0.0218
vn -0.9998 0.0036 -0.0197
vn -0.9998 0.0036 -0.0199
vn -0.9998 0.0037 -0.0220
vn -0.6601 -0.7508 -0.0258
vn -0.1362 0.2948 -0.9458
vn -0.0402 0.3581 -0.9328
vn -0.0636 0.2876 -0.9556
vn -0.0277 0.1701 -0.9850
vn -0.0003 0.0893 -0.9960
vn -0.0242 0.0103 -0.9997
vn -0.1928 0.0628 -0.9792
vn -0.2684 0.1276 -0.9548
vn -0.0695 0.1984 -0.9777
vn 0.0065 0.1826 -0.9832
vn -0.0123 0.1383 -0.9903
vn 0.0200 0.5739 -0.8187
vn 0.0064 0.3643 -0.9313
vn 0.0177 0.1767 -0.9841
vn -0.0027 0.1702 -0.9854
vn -0.0416 0.1553 -0.9870
vn -0.1828 0.0020 -0.9831
vn -0.0003 0.1698 -0.9855
vn 0.0125 0.1410 -0.9899
vn -0.0697 0.1822 -0.9808
vn -0.1712 0.0689 -0.9828
vn -0.3078 0.1087 -0.9452
vn 0.0229 0.1985 -0.9798
vn -0.0449 0.2124 -0.9762
vn 0.0306 0.1970 -0.9799
vn 0.0043 1.0000 -0.0000
vn -0.7714 -0.6364 -0.0000
vn 0.7452 -0.6668 -0.0000
vn 0.6357 0.7719 -0.0000
vn -0.7371 0.6757 -0.0000
vn 0.0244 0.9926 -0.1193
vn 0.0486 0.3188 -0.9466
vn 0.1490 0.3522 -0.9240
vn 0.0663 0.1887 -0.9798
vn -0.5182 -0.0565 -0.8534
vn -0.4737 -0.2737 -0.8371
vn -0.0019 -0.9761 -0.2173
vn -0.1199 -0.9704 -0.2096
vn -0.1027 -0.9717 -0.2127
vn 0.1569 -0.9168 -0.3673
vn -0.0005 0.9999 -0.0131
vn -0.0004 0.9999 -0.0120
vn -0.0004 0.9999 -0.0121
vn -0.0005 0.9999 -0.0132
vn -1.0000 -0.0087 0.0007
vn -1.0000 -0.0087 0.0004
vn -1.0000 -0.0087 0.0008
vn 0.7602 0.6497 -0.0002
vn 0.7647 0.6444 0.0009
vn 0.7303 0.6831 -0.0074
vn 0.7247 0.6890 -0.0087
vn -0.2323 -0.9519 -0.1998
vn -0.2153 -0.9547 -0.2052
vn 0.7509 -0.6447 -0.1431
vn 0.7526 -0.6427 -0.1430
vn 0.7281 -0.6699 -0.1453
vn 0.7261 -0.6720 -0.1455
vn -0.8347 0.5507 -0.0049
vn -0.8371 0.5470 -0.0058
vn -0.8165 0.5774 0.0014
vn -0.8140 0.5809 0.0022
vn 0.9998 0.0098 -0.0198
vn 0.9995 0.0127 -0.0274
vn 0.9996 0.0123 -0.0265
vn 0.9998 0.0095 -0.0189
vn 0.0054 0.1942 -0.9809
vn 0.0009 0.1967 -0.9805
vn -0.0000 0.2004 -0.9797
vn 0.0067 0.1917 -0.9814
vn 0.0121 0.1924 -0.9812
vn 0.0135 0.1953 -0.9806
vn 0.0067 -0.0561 -0.9984
vn 0.0145 -0.0167 -0.9998
vn 0.0175 0.2008 -0.9795
vn 0.0152 0.1990 -0.9799
vn -0.0007 -0.2294 -0.9733
vn 0.0134 -0.2305 -0.9730
vn -0.0031 -0.2270 -0.9739
vn -0.0032 -0.2266 -0.9740
vn 0.0184 -0.9168 -0.3989
vn 0.0190 -0.9114 -0.4112
vn 0.0190 -0.9115 -0.4109
vn 0.0184 -0.9169 -0.3987
vn 0.5502 0.8245 -0.1322
vn 0.0605 -0.2322 -0.9708
vn -0.0013 -0.8636 -0.5041
vn -0.0011 -0.8406 -0.5417
vn -0.0011 -0.8406 -0.5416
vn -0.0013 -0.8637 -0.5040
vn -0.0036 0.8467 -0.5321
vn -0.0004 0.8419 -0.5396
vn -0.0003 0.8419 -0.5396
vn -0.0037 0.8469 -0.5318
vn -0.0069 0.8718 -0.4897
vn -0.0069 0.8721 -0.4892
vn 0.8838 -0.0252 -0.4672
vn 0.8786 -0.1097 -0.4648
vn 0.8838 -0.0230 -0.4673
vn -0.8728 -0.1164 -0.4740
vn -0.8789 -0.0169 -0.4768
vn -0.8789 -0.0127 -0.4768
vn 0.8825 0.0617 -0.4662
vn -0.8759 0.0867 -0.4746
vn 0.0020 1.0000 -0.0037
vn -0.0070 0.9997 -0.0215
vn -0.0070 0.9997 -0.0217
vn 0.0020 1.0000 -0.0036
vn -0.0156 0.9999 0.0037
vn -0.0156 0.9999 0.0031
vn 0.0339 -0.2257 -0.9736
vn 0.6855 -0.5866 -0.4312
vn 0.8237 -0.3278 -0.4627
vn 0.7997 -0.3868 -0.4592
vn 0.8846 -0.0490 -0.4638
vn 0.8842 -0.0589 -0.4635
vn -0.8835 0.0025 -0.4684
vn -0.8822 -0.0548 -0.4677
vn -0.8817 -0.0633 -0.4675
vn -0.8774 -0.1174 -0.4652
vn -0.0021 -0.9048 -0.4258
vn -0.0019 -0.8883 -0.4593
vn -0.0019 -0.8884 -0.4591
vn -0.0021 -0.9049 -0.4257
vn 0.8854 0.0176 -0.4645
vn -0.0024 0.1888 -0.9820
vn -0.0023 0.1883 -0.9821
vn -0.0030 0.1936 -0.9811
vn -0.0031 0.1941 -0.9810
vn 0.0174 0.1909 -0.9815
vn 0.0217 0.1967 -0.9802
vn 0.0189 0.1930 -0.9810
vn 0.0146 0.1872 -0.9822
vn 0.7460 0.6657 0.0177
vn 0.7508 0.6602 -0.0237
vn 0.6243 0.7012 0.3444
vn 0.6102 0.7034 0.3646
vn 0.3494 0.7195 0.6002
vn 0.3450 0.7198 0.6023
vn -0.0089 0.7143 0.6998
vn 0.0062 0.7150 0.6990
vn -0.3804 0.6856 0.6207
vn -0.3501 0.6889 0.6346
vn -0.6811 0.6358 0.3632
vn -0.6537 0.6421 0.4005
vn -0.8187 0.5737 -0.0266
vn -0.8140 0.5805 0.0214
vn -0.7318 0.5173 -0.4438
vn -0.7473 0.5204 -0.4131
vn -0.4341 0.4875 -0.7576
vn -0.4401 0.4870 -0.7544
vn -0.0143 0.4963 -0.8681
vn 0.0099 0.4973 -0.8675
vn 0.3980 0.5400 -0.7416
vn 0.4356 0.5459 -0.7158
vn 0.6768 0.6017 -0.4241
vn 0.6971 0.6094 -0.3777
vn -0.9654 0.0316 -0.2587
vn 0.6361 0.4187 0.6481
vn 0.9299 0.3588 -0.0810
vn 0.9208 0.3594 -0.1516
vn 0.6331 0.4205 0.6499
vn -0.0684 0.3511 0.9338
vn -0.1844 0.3400 0.9222
vn 0.7972 0.2322 -0.5573
vn 0.8017 0.2520 -0.5420
vn 0.2576 0.0954 -0.9615
vn -0.2588 0.0157 -0.9658
vn -0.7071 -0.0074 -0.7071
vn -0.9654 0.0326 -0.2587
vn -0.9585 0.1240 0.2568
vn -0.5382 0.2496 0.8050
vn -0.5485 0.2629 0.7937
vn -0.2738 0.4067 0.8716
vn 0.2715 0.5651 0.7790
vn -0.5845 0.3501 0.7320
vn 0.5100 -0.3838 -0.7698
vn 0.1511 -0.3111 -0.9383
vn 0.4283 -0.2792 -0.8594
vn 0.4316 0.5138 0.7415
vn 0.8342 0.3233 0.4467
vn 0.7282 0.4614 0.5069
vn -0.4283 -0.2194 -0.8766
vn -0.5560 -0.0295 -0.8306
vn -0.1318 -0.2410 -0.9615
vn 0.9654 0.0316 -0.2587
vn -0.8018 0.2383 0.5481
vn -0.8342 0.3233 0.4467
vn 0.0355 0.1233 0.9917
vn 0.0559 0.1941 0.9794
vn -0.0355 -0.1233 0.9917
vn -0.5223 0.3075 0.7954
vn -0.5099 0.3151 0.8004
vn -0.4770 0.3347 0.8127
vn 0.6057 0.3714 -0.7037
vn 0.5423 0.5009 -0.6746
vn 0.7037 -0.3714 -0.6057
vn -0.7037 0.3714 -0.6057
vn -0.6746 0.5009 -0.5423
vn -0.6057 -0.3714 -0.7037
vn -0.0559 -0.1941 0.9794
vn 0.8766 0.1233 0.4651
vn 0.8761 0.1941 0.4413
vn 0.8411 -0.1233 0.5266
vn -0.8411 0.1233 0.5266
vn -0.8202 0.1941 0.5381
vn -0.8766 -0.1233 0.4651
vn 0.6746 -0.5009 -0.5423
vn 0.8202 -0.1941 0.5381
vn -0.5423 -0.5009 -0.6745
vn -0.8761 -0.1941 0.4413
vn -0.0000 1.0000 -0.0001
vn -0.0000 1.0000 0.0001
vn -0.8636 0.3941 -0.3144
vn -0.5727 0.7071 0.4148
vn -0.7814 0.6238 0.0168
vn 0.9643 -0.1306 -0.2303
vn 0.7009 0.2540 0.6665
vn 0.7007 0.2541 0.6667
vn 0.7038 0.2525 0.6640
vn 0.7040 0.2524 0.6638
vn -0.0387 -0.4234 -0.9051
vn -0.0662 -0.4315 -0.8997
vn 0.0357 -0.3998 -0.9159
vn 0.0598 -0.3916 -0.9182
vn -0.9643 -0.1306 -0.2303
vn -0.4658 0.3411 0.8165
vn 0.9645 0.0768 0.2528
vn 0.9644 0.0769 0.2530
vn 0.9653 0.0754 0.2502
vn 0.9653 0.0753 0.2500
vn -0.6769 -0.2930 -0.6753
vn -0.6760 -0.2932 -0.6760
vn -0.6996 -0.2861 -0.6548
vn -0.7005 -0.2858 -0.6540
vn 0.9602 0.1101 0.2565
vn 0.9600 0.1104 0.2572
vn 0.9645 0.1033 0.2429
vn 0.9647 0.1031 0.2424
vn -0.4202 0.3432 0.8400
vn -0.4625 0.3271 0.8241
vn -0.4573 0.3291 0.8262
vn -0.9602 -0.1103 -0.2568
vn -0.9600 -0.1104 -0.2572
vn -0.9645 -0.1050 -0.2422
vn -0.9647 -0.1048 -0.2416
vn 0.4105 -0.3743 -0.8315
vn 0.4624 -0.3749 -0.8035
vn 0.4556 -0.3749 -0.8074
vn -0.4123 0.3461 0.8428
vn 0.6782 0.2875 0.6763
vn 0.6772 0.2879 0.6772
vn 0.6997 0.2780 0.6582
vn 0.7005 0.2776 0.6575
vn 0.4031 -0.3742 -0.8351
vn -0.5754 -0.7660 -0.2865
vn -0.6484 -0.7481 0.1412
vn -0.1794 -0.9325 -0.3134
vn 0.5644 -0.3347 0.7546
vn 0.7769 -0.6275 0.0510
vn 0.6521 -0.6069 0.4543
vn 0.2169 -0.8365 -0.5032
vn 0.4939 -0.8562 -0.1517
vn -0.2055 -0.2555 0.9447
vn 0.1691 -0.4531 0.8752
vn -0.4599 -0.5199 0.7199
vn -0.7581 -0.4879 0.4327
vn 0.2065 0.7837 0.5858
vn 0.5528 0.7625 0.3362
vn -0.2032 0.8331 0.5144
vn 0.6590 0.2313 -0.7157
vn -0.2558 0.1208 -0.9592
vn 0.2294 0.2155 -0.9492
vn -0.6078 0.3052 -0.7331
vn 0.8030 0.4681 -0.3690
vn 0.8145 0.5738 0.0852
vn -0.2032 -0.8331 -0.5144
vn -0.5727 -0.7071 -0.4148
vn 0.2065 -0.7837 -0.5858
vn 0.2294 -0.2155 0.9492
vn 0.8030 -0.4681 0.3689
vn 0.6590 -0.2313 0.7157
vn 0.5528 -0.7625 -0.3362
vn 0.8145 -0.5738 -0.0852
vn -0.6078 -0.3052 0.7331
vn -0.2558 -0.1208 0.9592
vn -0.8636 -0.3941 0.3143
vn -0.7814 -0.6238 -0.0168
vn 0.0659 0.9939 -0.0882
vn -0.0180 0.9950 -0.0986
vn 0.0453 0.9857 -0.1621
vn -0.0000 0.9260 0.3775
vn 0.1888 0.9228 0.3358
vn 0.1991 0.9224 0.3309
vn -0.4432 0.8964 0.0117
vn -0.3488 0.9131 0.2112
vn -0.3625 0.9116 0.1937
vn -0.4037 0.9144 -0.0285
vn -0.0270 0.9978 -0.0612
vn -0.0685 0.9932 -0.0938
vn 0.3488 0.9131 0.2112
vn 0.3625 0.9116 0.1937
vn 0.4432 0.8964 0.0117
vn 0.3702 0.8935 -0.2542
vn 0.3740 0.8545 -0.3604
vn 0.4484 0.8936 -0.0183
vn -0.1888 0.9228 0.3358
vn -0.1991 0.9224 0.3309
vn -0.1566 0.9760 -0.1513
vn 0.0178 0.2939 0.9557
vn 0.0258 0.3248 0.9454
vn -0.0178 0.1545 0.9878
vn -0.0258 0.1223 0.9922
vn -0.0000 0.9744 -0.2250
vn -0.0000 0.9744 -0.2249
vn -0.0000 -0.9744 0.2249
vn -0.0000 -0.9744 0.2248
vn -0.0000 0.6580 -0.7530
vn -0.0000 0.3823 0.9240
vn -0.0000 -0.3671 -0.9302
vn -0.0000 -0.6356 0.7720
vn -0.1546 -0.8450 -0.5119
vn 0.1183 -0.8397 -0.5300
vn 0.0133 -0.9114 -0.4114
vn -0.0780 -0.9086 -0.4102
vn 0.0221 -0.9066 -0.4215
vn -0.0285 -0.9106 -0.4124
vn 0.9112 -0.3731 -0.1749
vn 0.9678 -0.2270 -0.1083
vn 0.9665 -0.2326 -0.1084
vn 0.9077 -0.3810 -0.1760
vn -0.9980 0.0606 0.0174
vn -0.9479 0.2878 0.1364
vn -0.9999 -0.0103 -0.0096
vn -0.0459 -0.9115 -0.4087
vn 0.0141 0.9064 0.4222
vn 0.0605 0.9083 0.4138
vn 0.0159 0.9086 0.4173
vn 0.8936 -0.4076 -0.1878
vn 0.8057 -0.5380 -0.2479
vn 0.8950 -0.4051 -0.1867
vn 0.9340 -0.3232 -0.1523
vn 0.9812 -0.1739 -0.0841
vn 0.9780 -0.1895 -0.0878
vn 0.9271 -0.3404 -0.1568
vn 0.8936 -0.4075 -0.1882
vn 0.8057 -0.5377 -0.2484
vn 0.8951 -0.4048 -0.1870
vn 0.1543 -0.8014 -0.5778
vn -0.0544 0.9068 0.4179
vn -0.0658 0.9058 0.4186
vn -0.0650 0.9058 0.4186
vn -0.0537 0.9069 0.4179
vn -0.9818 -0.1721 -0.0803
vn -0.9815 -0.1733 -0.0810
vn -0.9838 -0.1630 -0.0741
vn -0.9841 -0.1618 -0.0734
vn -0.0041 0.9089 0.4169
vn 0.0048 0.9066 0.4219
vn -0.0029 0.9094 0.4160
vn -0.9467 0.2911 0.1381
vn -0.9790 -0.1850 -0.0856
vn -0.9551 -0.2636 -0.1355
vn -0.1808 -0.8009 -0.5709
vn 0.1703 -0.8077 -0.5645
vn 0.1346 -0.8414 -0.5234
vn -0.1598 -0.8412 -0.5165
vn -0.2805 -0.8683 -0.4090
vn -0.1599 -0.8413 -0.5165
vn -0.5001 -0.7865 -0.3624
vn -0.4959 -0.7888 -0.3631
vn -0.1808 -0.8009 -0.5708
vn -0.8988 -0.3981 -0.1837
vn -0.8462 -0.4866 -0.2173
vn -0.9507 -0.2829 -0.1269
vn -0.9672 -0.2306 -0.1066
vn 0.0164 0.9894 -0.1443
vn 0.1716 0.9835 -0.0567
vn 0.0874 0.9951 -0.0459
vn 0.0732 0.9970 -0.0259
vn 0.0016 -0.2261 -0.9741
vn 0.0316 -0.2433 -0.9694
vn -0.0148 0.9981 -0.0599
vn -0.0357 0.9957 -0.0851
vn 0.2517 0.9532 -0.1673
vn -0.0137 -0.2415 -0.9703
vn -0.0136 -0.2366 -0.9715
vn 0.9999 0.0100 -0.0053
vn 0.9999 0.0098 -0.0082
vn 0.9995 -0.0148 -0.0279
vn 0.9968 0.0076 -0.0796
vn 0.9997 -0.0206 -0.0098
vn 0.9981 -0.0368 0.0494
vn 0.9934 -0.0497 0.1029
vn -0.9920 0.0189 0.1250
vn -0.9999 -0.0103 -0.0135
vn -0.9999 0.0108 0.0054
vn -0.9977 0.0080 -0.0671
vn -0.9998 -0.0175 -0.0001
vn -0.9982 -0.0316 0.0513
vn -0.9937 -0.0441 0.1032
vn -0.0066 0.1904 -0.9817
vn 0.0176 0.1734 -0.9847
vn 0.1590 0.2008 -0.9666
vn -0.0013 0.3753 -0.9269
vn -0.0827 -0.8000 -0.5942
vn -0.0054 0.9918 -0.1279
vn 0.3375 0.1965 -0.9206
vn 0.0124 0.2117 -0.9773
vn 0.0186 0.2673 -0.9634
vn 0.0127 0.2836 -0.9589
vn 0.0170 0.2709 -0.9625
vn 0.0115 0.2637 -0.9645
vn 0.0124 0.2171 -0.9761
vn 0.0146 0.2352 -0.9718
vn 0.0156 0.1863 -0.9824
vn 0.0190 0.2161 -0.9762
vn 0.0205 0.1520 -0.9882
vn 0.0238 0.2223 -0.9747
vn 0.0268 0.0854 -0.9960
vn 0.0271 0.2577 -0.9658
vn -0.0053 0.1879 -0.9822
vn 0.0020 0.7194 -0.6946
vn -0.0040 0.5044 -0.8634
vn -0.0060 0.2986 -0.9543
vn -0.0064 0.3958 -0.9183
vn -0.0070 0.4221 -0.9065
vn -0.0054 0.5170 -0.8559
vn -0.0062 0.5181 -0.8553
vn -0.0007 0.8467 -0.5320
vn -0.0018 0.7040 -0.7102
vn -0.0000 0.9437 -0.3307
vn -0.0001 0.9438 -0.3306
vn 0.0001 0.9437 -0.3307
vn -0.0002 0.9437 -0.3307
vt 0.089814 0.033522
vt 0.014649 0.047446
vt 0.040475 0.052898
vt 0.904344 0.037670
vt 0.953250 0.055330
vt 0.979362 0.048002
vt 0.520877 0.568145
vt 0.520877 0.573046
vt 0.121036 0.568145
vt 0.630767 0.462797
vt 0.623602 0.482820
vt 0.636584 0.468885
vt 0.588520 0.331044
vt 0.508412 0.347622
vt 0.590091 0.335663
vt 0.733780 0.573490
vt 0.735154 0.575829
vt 0.733886 0.564110
vt 0.732381 0.561195
vt 0.095871 0.131581
vt 0.078380 0.058165
vt 0.060017 0.089056
vt 0.064826 0.132074
vt 0.120360 0.033230
vt 0.190927 0.062169
vt 0.279834 0.012978
vt 0.503506 0.060734
vt 0.499731 0.004690
vt 0.181654 0.228017
vt 0.088279 0.228859
vt 0.088279 0.232555
vt 0.181654 0.231713
vt 0.181657 0.231713
vt 0.088278 0.232555
vt 0.087081 0.278995
vt 0.181842 0.277131
vt 0.940963 0.141073
vt 0.937252 0.148675
vt 0.980682 0.140394
vt 0.980691 0.131992
vt 0.956692 0.059863
vt 0.955517 0.107887
vt 0.980691 0.131975
vt 0.324340 0.077574
vt 0.196356 0.078414
vt 0.186468 0.165475
vt 0.325484 0.164154
vt 0.087084 0.347644
vt 0.167951 0.346966
vt 0.586889 0.081624
vt 0.575273 0.078413
vt 0.583928 0.167638
vt 0.497361 0.077022
vt 0.498049 0.163602
vt 0.177663 0.147984
vt 0.186921 0.146929
vt 0.179976 0.188877
vt 0.098958 0.436440
vt 0.070053 0.531211
vt 0.333394 0.531200
vt 0.059908 0.435819
vt 0.334255 0.435820
vt 0.929975 0.131987
vt 0.935446 0.132074
vt 0.939445 0.089056
vt 0.935258 0.082012
vt 0.867404 0.131103
vt 0.929969 0.131987
vt 0.921081 0.058165
vt 0.879004 0.033217
vt 0.718955 0.012954
vt 0.593045 0.008336
vt 0.600157 0.131810
vt 0.581171 0.324574
vt 0.195642 0.325314
vt 0.596897 0.228545
vt 0.596617 0.232242
vt 0.848354 0.231841
vt 0.848382 0.228146
vt 0.915456 0.232555
vt 0.915456 0.228859
vt 0.857500 0.274677
vt 0.857511 0.334116
vt 0.907652 0.334745
vt 0.910121 0.275342
vt 0.910430 0.238679
vt 0.911455 0.278375
vt 0.916653 0.277561
vt 0.915586 0.237206
vt 0.176665 0.085116
vt 0.172132 0.093504
vt 0.175022 0.169075
vt 0.179008 0.166988
vt 0.816929 0.335206
vt 0.816281 0.346768
vt 0.911470 0.336045
vt 0.908297 0.336041
vt 0.183704 0.080550
vt 0.916653 0.347644
vt 0.911455 0.332600
vt 0.908298 0.336041
vt 0.911455 0.347621
vt 0.059909 0.433032
vt 0.059911 0.435819
vt 0.608325 0.435820
vt 0.608327 0.433032
vt 0.569134 0.436439
vt 0.558938 0.531830
vt 0.598221 0.531211
vt 0.608338 0.435819
vt 0.037074 0.057464
vt 0.014584 0.128360
vt 0.053028 0.136861
vt 0.038465 0.105897
vt 0.578465 0.147693
vt 0.585055 0.188277
vt 0.594213 0.093261
vt 0.583851 0.167629
vt 0.590832 0.169669
vt 0.056532 0.144009
vt 0.014584 0.128377
vt 0.014585 0.135896
vt 0.588330 0.148929
vt 0.061062 0.592185
vt 0.049958 0.586355
vt 0.040032 0.597022
vt 0.057615 0.606122
vt 0.926851 0.393773
vt 0.936370 0.406476
vt 0.950580 0.402881
vt 0.935591 0.382469
vt 0.935204 0.573149
vt 0.949187 0.577723
vt 0.042923 0.574839
vt 0.037723 0.385050
vt 0.029400 0.398777
vt 0.028972 0.579214
vt 0.929032 0.582597
vt 0.938725 0.593496
vt 0.912002 0.590902
vt 0.914906 0.604839
vt 0.368891 0.385633
vt 0.909331 0.388344
vt 0.745791 0.373537
vt 0.276434 0.372279
vt 0.911682 0.375051
vt 0.051808 0.377554
vt 0.057756 0.606121
vt 0.040034 0.597019
vt 0.039071 0.598933
vt 0.058068 0.608261
vt 0.028972 0.579380
vt 0.027660 0.580826
vt 0.951914 0.403257
vt 0.935996 0.382160
vt 0.950553 0.403152
vt 0.935992 0.382162
vt 0.911954 0.374331
vt 0.911683 0.375049
vt 0.751576 0.372875
vt 0.751546 0.373559
vt 0.033749 0.391971
vt 0.055412 0.377320
vt 0.054916 0.376662
vt 0.032497 0.392066
vt 0.275674 0.372268
vt 0.275646 0.371585
vt 0.077166 0.374127
vt 0.950553 0.403141
vt 0.949180 0.577860
vt 0.950554 0.579322
vt 0.951914 0.403270
vt 0.938722 0.593492
vt 0.939715 0.595454
vt 0.914785 0.604837
vt 0.915908 0.606991
vt 0.050947 0.393673
vt 0.078316 0.387441
vt 0.043246 0.402461
vt 0.530487 0.564648
vt 0.130646 0.564648
vt 0.530487 0.569549
vt 0.763372 0.735069
vt 0.763372 0.672257
vt 0.619112 0.720406
vt 0.617844 0.675385
vt 0.732512 0.658744
vt 0.597644 0.772448
vt 0.614808 0.744981
vt 0.732652 0.778709
vt 0.583378 0.830251
vt 0.573080 0.795463
vt 0.404510 0.898217
vt 0.530973 0.872351
vt 0.416443 0.854787
vt 0.368783 0.941723
vt 0.338262 0.992842
vt 0.496081 0.987130
vt 0.393219 0.920464
vt 0.338570 0.956563
vt 0.752864 0.429977
vt 0.707219 0.441951
vt 0.707372 0.447896
vt 0.753017 0.435923
vt 0.789863 0.423453
vt 0.790016 0.429399
vt 0.736799 0.439709
vt 0.702894 0.439713
vt 0.702489 0.433779
vt 0.736393 0.433775
vt 0.802677 0.435205
vt 0.802271 0.429271
vt 0.774377 0.879624
vt 0.774377 0.951986
vt 0.914178 0.951986
vt 0.914178 0.879624
vt 0.767021 0.757456
vt 0.767021 0.739669
vt 0.939260 0.666284
vt 0.749296 0.666284
vt 0.793927 0.418375
vt 0.738895 0.422137
vt 0.738489 0.416204
vt 0.793521 0.412442
vt 0.768395 0.786341
vt 0.767021 0.739679
vt 0.925184 0.735069
vt 0.772651 0.790156
vt 0.915905 0.790156
vt 0.774377 0.879624
vt 0.914178 0.879624
vt 0.783581 0.865698
vt 0.760332 0.851590
vt 0.752313 0.809041
vt 0.773501 0.809041
vt 0.749296 0.757456
vt 0.779572 0.851329
vt 0.908984 0.851329
vt 0.915904 0.790170
vt 0.772655 0.790248
vt 0.904972 0.865691
vt 0.925184 0.672257
vt 0.783652 0.865931
vt 0.783199 0.867165
vt 0.455129 0.735504
vt 0.566762 0.758422
vt 0.581592 0.709636
vt 0.467062 0.692075
vt 0.419402 0.779010
vt 0.388881 0.830129
vt 0.546700 0.824417
vt 0.443838 0.757751
vt 0.389189 0.793850
vt 0.579756 0.891287
vt 0.591688 0.847858
vt 0.706219 0.865420
vt 0.691388 0.914205
vt 0.544029 0.934793
vt 0.568465 0.913534
vt 0.671326 0.980200
vt 0.513507 0.985912
vt 0.513815 0.949633
vt 0.753296 0.446769
vt 0.753143 0.440823
vt 0.706943 0.431209
vt 0.707096 0.437154
vt 0.790581 0.451385
vt 0.790428 0.445440
vt 0.739410 0.421129
vt 0.739816 0.427062
vt 0.706226 0.431673
vt 0.705821 0.425739
vt 0.805288 0.416625
vt 0.805694 0.422558
vt 0.921534 0.757456
vt 0.921534 0.739669
vt 0.794574 0.408907
vt 0.794979 0.414840
vt 0.739947 0.418603
vt 0.739542 0.412669
vt 0.920160 0.786341
vt 0.921534 0.739698
vt 0.928223 0.851590
vt 0.936243 0.809041
vt 0.915055 0.809041
vt 0.939260 0.757456
vt 0.921534 0.739694
vt 0.767021 0.739682
vt 0.904903 0.865931
vt 0.905357 0.867165
vt 0.926789 0.393778
vt 0.745656 0.386857
vt 0.751999 0.388007
vt 0.925984 0.394669
vt 0.929028 0.582593
vt 0.935222 0.572830
vt 0.934059 0.572841
vt 0.928239 0.581735
vt 0.060048 0.390150
vt 0.043299 0.402317
vt 0.057200 0.392245
vt 0.434437 0.385732
vt 0.042911 0.574535
vt 0.049965 0.586347
vt 0.050775 0.585508
vt 0.044067 0.574597
vt 0.060710 0.592174
vt 0.911946 0.590905
vt 0.051100 0.585701
vt 0.275764 0.386714
vt 0.927988 0.581856
vt 0.936306 0.406920
vt 0.926848 0.393777
vt 0.926134 0.394715
vt 0.935163 0.407238
vt 0.043266 0.402366
vt 0.044067 0.574619
vt 0.044395 0.402530
vt 0.044395 0.402527
vt 0.061313 0.591064
vt 0.052132 0.586245
vt 0.044067 0.574617
vt 0.044067 0.574432
vt 0.911320 0.589788
vt 0.927597 0.582867
vt 0.918810 0.582937
vt 0.935183 0.406899
vt 0.927752 0.397672
vt 0.905610 0.389437
vt 0.762532 0.388288
vt 0.617599 0.589602
vt 0.312460 0.386732
vt 0.078411 0.388560
vt 0.057194 0.391678
vt 0.311824 0.386732
vt 0.044389 0.402781
vt 0.044394 0.402667
vt 0.051956 0.394411
vt 0.048697 0.396135
vt 0.934059 0.572903
vt 0.934059 0.525446
vt 0.633494 0.585564
vt 0.913940 0.585470
vt 0.636132 0.478508
vt 0.631758 0.482871
vt 0.926593 0.483883
vt 0.920844 0.478539
vt 0.922726 0.580900
vt 0.630317 0.580135
vt 0.929641 0.465477
vt 0.929591 0.465508
vt 0.634555 0.480081
vt 0.623657 0.578075
vt 0.632299 0.583523
vt 0.630153 0.396102
vt 0.621885 0.395063
vt 0.617949 0.387997
vt 0.066416 0.391088
vt 0.064552 0.391240
vt 0.617949 0.387997
vt 0.623601 0.482031
vt 0.623594 0.470415
vt 0.051010 0.585638
vt 0.617663 0.589602
vt 0.051086 0.585679
vt 0.048680 0.396160
vt 0.044067 0.574688
vt 0.044067 0.574824
vt 0.048654 0.396199
vt 0.623553 0.398061
vt 0.617954 0.387997
vt 0.935204 0.408076
vt 0.935163 0.407234
vt 0.934059 0.572864
vt 0.596618 0.232242
vt 0.598587 0.236887
vt 0.831532 0.231759
vt 0.837976 0.236441
vt 0.908471 0.237174
vt 0.915456 0.232555
vt 0.596346 0.279493
vt 0.598424 0.278544
vt 0.910388 0.237182
vt 0.598848 0.275038
vt 0.590907 0.334393
vt 0.856715 0.334107
vt 0.856705 0.274680
vt 0.907702 0.334745
vt 0.857110 0.334756
vt 0.908002 0.335393
vt 0.589541 0.330584
vt 0.598756 0.237539
vt 0.908117 0.237825
vt 0.908341 0.237173
vt 0.598671 0.236886
vt 0.848354 0.334713
vt 0.590360 0.335027
vt 0.589945 0.335662
vt 0.848370 0.335360
vt 0.908004 0.335393
vt 0.908304 0.336041
vt 0.910788 0.279004
vt 0.911122 0.332476
vt 0.911455 0.278999
vt 0.588776 0.330929
vt 0.598605 0.279174
vt 0.598416 0.279168
vt 0.910101 0.238846
vt 0.598417 0.238707
vt 0.598849 0.275034
vt 0.857103 0.274667
vt 0.857089 0.274667
vt 0.598686 0.275031
vt 0.910123 0.275339
vt 0.910693 0.275330
vt 0.910122 0.332104
vt 0.590593 0.334710
vt 0.589031 0.330814
vt 0.598762 0.281698
vt 0.598572 0.281694
vt 0.910455 0.275334
vt 0.910122 0.281979
vt 0.910788 0.281980
vt 0.910455 0.332228
vt 0.856690 0.334107
vt 0.590797 0.334392
vt 0.590382 0.335027
vt 0.857083 0.334272
vt 0.598754 0.275032
vt 0.598680 0.237913
vt 0.598663 0.275030
vt 0.856696 0.274664
vt 0.855930 0.237459
vt 0.909005 0.238413
vt 0.856168 0.237416
vt 0.857500 0.274672
vt 0.910789 0.275329
vt 0.961210 0.953722
vt 0.958704 0.936312
vt 0.953997 0.938107
vt 0.950017 0.957990
vt 0.950551 0.939421
vt 0.941823 0.961115
vt 0.949290 0.939901
vt 0.938824 0.962258
vt 0.950551 0.939421
vt 0.953997 0.938107
vt 0.958704 0.936313
vt 0.963412 0.934519
vt 0.972404 0.949455
vt 0.966860 0.933205
vt 0.980598 0.946330
vt 0.968120 0.932723
vt 0.983597 0.945187
vt 0.966857 0.933204
vt 0.963411 0.934518
vt 0.960776 0.927664
vt 0.957494 0.928915
vt 0.957756 0.923847
vt 0.960710 0.922720
vt 0.952282 0.938758
vt 0.960337 0.935687
vt 0.958611 0.929280
vt 0.951947 0.931821
vt 0.949690 0.939746
vt 0.949889 0.932606
vt 0.966852 0.933203
vt 0.964339 0.927096
vt 0.968112 0.932722
vt 0.965404 0.926690
vt 0.963408 0.934516
vt 0.961428 0.928206
vt 0.958703 0.936310
vt 0.957453 0.929722
vt 0.953999 0.938103
vt 0.953477 0.931238
vt 0.962873 0.921896
vt 0.963664 0.921594
vt 0.960991 0.922613
vt 0.951710 0.931121
vt 0.952550 0.925832
vt 0.953267 0.925558
vt 0.963765 0.926524
vt 0.960767 0.922699
vt 0.952507 0.930817
vt 0.960839 0.927640
vt 0.963401 0.921694
vt 0.954752 0.924992
vt 0.954362 0.923964
vt 0.954361 0.923965
vt 0.958623 0.923516
vt 0.952640 0.925798
vt 0.951848 0.926099
vt 0.954521 0.925080
vt 0.958623 0.923516
vt 0.954802 0.924973
vt 0.955388 0.924750
vt 0.960759 0.922702
vt 0.956023 0.924508
vt 0.958441 0.896652
vt 0.955275 0.896547
vt 0.959437 0.873268
vt 0.961232 0.922521
vt 0.960832 0.921497
vt 0.957345 0.922827
vt 0.957737 0.923854
vt 0.957364 0.922819
vt 0.960840 0.921494
vt 0.954753 0.924992
vt 0.957753 0.923848
vt 0.954364 0.923963
vt 0.954756 0.924991
vt 0.957361 0.922821
vt 0.961224 0.922525
vt 0.956677 0.923082
vt 0.954996 0.923722
vt 0.958231 0.922489
vt 0.954798 0.923798
vt 0.954129 0.924053
vt 0.955540 0.923515
vt 0.956677 0.923082
vt 0.958231 0.922489
vt 0.959243 0.922103
vt 0.960367 0.921674
vt 0.960115 0.921771
vt 0.960600 0.921586
vt 0.961452 0.868531
vt 0.954525 0.868720
vt 0.958977 0.863917
vt 0.958446 0.896653
vt 0.960277 0.896714
vt 0.961612 0.873209
vt 0.959412 0.873269
vt 0.955273 0.896547
vt 0.956614 0.896591
vt 0.957212 0.873329
vt 0.955601 0.873373
vt 0.960242 0.896713
vt 0.960280 0.896714
vt 0.961586 0.873209
vt 0.961618 0.873209
vt 0.955599 0.873373
vt 0.959747 0.921911
vt 0.958740 0.922295
vt 0.959863 0.897340
vt 0.960920 0.897386
vt 0.955989 0.923344
vt 0.958420 0.897277
vt 0.956976 0.897215
vt 0.954971 0.923732
vt 0.955917 0.897169
vt 0.958437 0.897278
vt 0.959759 0.921906
vt 0.960922 0.897386
vt 0.958403 0.897277
vt 0.954982 0.923728
vt 0.955920 0.897169
vt 0.960365 0.897362
vt 0.959345 0.896683
vt 0.961864 0.896767
vt 0.956447 0.897192
vt 0.959122 0.897308
vt 0.957515 0.896621
vt 0.961112 0.897395
vt 0.960921 0.896735
vt 0.955727 0.897160
vt 0.955028 0.896538
vt 0.955947 0.896569
vt 0.957680 0.897245
vt 0.952725 0.868769
vt 0.957097 0.863968
vt 0.956050 0.863996
vt 0.964857 0.868438
vt 0.966816 0.868385
vt 0.964247 0.863773
vt 0.963108 0.863804
vt 0.961127 0.863858
vt 0.957757 0.868632
vt 0.963518 0.873157
vt 0.965043 0.868433
vt 0.966842 0.868384
vt 0.955320 0.873380
vt 0.958441 0.873295
vt 0.954710 0.868715
vt 0.962471 0.873185
vt 0.961810 0.868521
vt 0.956460 0.873349
vt 0.952752 0.868768
vt 0.958115 0.868622
vt 0.960591 0.873237
vt 0.963606 0.926585
vt 0.949501 0.932753
vt 0.950567 0.932347
vt 0.951810 0.931083
vt 0.950931 0.931418
vt 0.954213 0.930167
vt 0.961906 0.927233
vt 0.817335 0.209543
vt 0.817311 0.175548
vt 0.956892 0.175548
vt 0.956916 0.209544
vt 0.956916 0.176031
vt 0.956916 0.175548
vt 0.887113 0.173876
vt 0.817311 0.176031
vt 0.817311 0.209544
vt 0.817311 0.210027
vt 0.956916 0.210027
vt 0.887113 0.207872
vt 0.885350 0.187198
vt 0.888877 0.187198
vt 0.888877 0.182684
vt 0.885350 0.182684
vt 0.888877 0.182399
vt 0.888877 0.190924
vt 0.885350 0.182399
vt 0.885350 0.149140
vt 0.885350 0.146238
vt 0.888877 0.146238
vt 0.888877 0.150138
vt 0.885350 0.190924
vt 0.683605 0.512777
vt 0.685211 0.547819
vt 0.740504 0.549409
vt 0.738121 0.510278
vt 0.741699 0.575705
vt 0.863253 0.570128
vt 0.677812 0.517067
vt 0.688914 0.510040
vt 0.744320 0.509261
vt 0.733219 0.516289
vt 0.731811 0.518936
vt 0.731425 0.492206
vt 0.730895 0.496322
vt 0.731272 0.523126
vt 0.742690 0.565461
vt 0.866234 0.563725
vt 0.689667 0.564539
vt 0.860957 0.489001
vt 0.866758 0.483430
vt 0.743213 0.485158
vt 0.744325 0.509273
vt 0.864767 0.572612
vt 0.863255 0.570137
vt 0.741699 0.575709
vt 0.743211 0.578184
vt 0.732808 0.489605
vt 0.743206 0.485140
vt 0.866746 0.483403
vt 0.856351 0.487869
vt 0.742044 0.551928
vt 0.740504 0.549408
vt 0.685989 0.551907
vt 0.687528 0.554427
vt 0.742434 0.578057
vt 0.865977 0.576323
vt 0.866233 0.563725
vt 0.742431 0.578063
vt 0.733987 0.574290
vt 0.857531 0.572554
vt 0.865975 0.576327
vt 0.689670 0.564532
vt 0.868621 0.562015
vt 0.688917 0.510048
vt 0.868620 0.562022
vt 0.678479 0.564888
vt 0.742206 0.578196
vt 0.742832 0.575627
vt 0.744323 0.509262
vt 0.743210 0.485141
vt 0.739913 0.484129
vt 0.742902 0.508826
vt 0.744954 0.512473
vt 0.744675 0.492591
vt 0.688916 0.510041
vt 0.689669 0.564536
vt 0.690216 0.560907
vt 0.689547 0.513251
vt 0.687495 0.509605
vt 0.688133 0.566161
vt 0.677014 0.563186
vt 0.676404 0.519715
vt 0.675865 0.523905
vt 0.676365 0.559521
vt 0.739381 0.494867
vt 0.738764 0.506808
vt 0.684027 0.509135
vt 0.739882 0.504876
vt 0.685367 0.507375
vt 0.163114 0.131182
vt 0.162966 0.077841
vt 0.167666 0.069144
vt 0.174964 0.064411
vt 0.591471 0.319611
vt 0.596417 0.312003
vt 0.580908 0.062195
vt 0.592951 0.065525
vt 0.600543 0.077589
vt 0.186971 0.321253
vt 0.181871 0.313185
vt 0.928604 0.404638
vt 0.927864 0.466558
vt 0.923866 0.398605
vt 0.635890 0.391411
vt 0.909097 0.389469
vt 0.745644 0.387976
vt 0.034708 0.973706
vt 0.305119 0.971742
vt 0.034846 0.881342
vt 0.306825 0.884968
vt 0.301992 0.879567
vt 0.039819 0.868831
vt 0.303535 0.866367
vt 0.034084 0.862846
vt 0.305296 0.792448
vt 0.034084 0.784136
vt 0.297875 0.782474
vt 0.040494 0.779482
vt 0.210678 0.308887
vt 0.560246 0.309381
vt 0.563537 0.305988
vt 0.206381 0.304174
vt 0.206583 0.209893
vt 0.563537 0.205200
vt 0.208532 0.204342
vt 0.560442 0.202237
vt 0.214559 0.202626
vt 0.349349 0.201864
vt 0.959060 0.863914
vt 0.962356 0.863824
vt 0.964260 0.863773
vt 0.956052 0.863996
vt 0.963156 0.863803
vt 0.957156 0.863966
vt 0.960156 0.863884
s 1
usemtl Interior
f 1511/803/1190 1570/804/1191 1495/805/1192
f 1422/806/1193 1414/807/1194 1596/808/1195
f 1403/809/1196 1407/810/1196 1451/811/1196
f 1849/812/1197 1914/813/1198 1853/814/1199
f 1988/815/1200 1444/816/1201 1977/817/1202
f 2369/818/1203 2367/819/1204 2383/820/1204
f 2380/821/1205 2369/818/1203 2383/820/1204
f 1409/822/1206 1408/823/1207 1405/824/1208
f 1409/822/1206 1405/824/1208 1401/825/1209
f 1409/822/1206 1411/826/1210 1408/823/1207
f 1417/827/1211 1412/828/1212 1411/826/1210
f 1417/827/1211 1416/829/1213 1412/828/1212
f 1416/829/1213 1406/830/1214 1412/828/1212
f 1410/831/1215 1402/832/1216 1429/833/1217
f 1410/831/1215 1429/833/1217 1434/834/1218
f 1435/835/1219 1430/836/1220 1438/837/1221
f 1435/835/1219 1438/837/1221 1439/838/1222
f 1431/839/1223 1519/840/1224 1567/841/1225
f 1431/839/1223 1567/841/1225 1558/842/1226
f 1596/808/1195 1436/843/1227 1440/844/1228
f 1596/808/1195 1440/844/1228 1558/845/1229
f 1419/846/1230 1418/847/1231 1588/848/1232
f 1419/846/1230 1588/848/1232 1598/849/1233
f 1438/837/1221 1443/850/1234 1445/851/1235
f 1503/852/1236 1496/853/1237 1575/854/1238
f 1496/853/1237 1415/855/1239 1583/856/1240
f 1496/853/1237 1583/856/1240 1575/854/1238
f 1518/857/1241 1474/858/1242 1562/859/1243
f 1450/860/1244 1453/861/1245 1454/862/1246
f 1450/860/1244 1447/863/1247 1453/861/1245
f 1449/864/1248 1450/860/1244 1454/862/1246
f 1466/865/1249 1455/866/1250 1457/867/1251
f 1960/865/1252 1458/867/1252 1959/868/1252
f 1468/869/1253 1466/870/1254 1462/871/1255
f 1468/869/1253 1462/871/1255 1469/872/1256
f 1468/869/1253 1471/873/1257 1472/874/1258
f 1468/869/1253 1472/874/1258 1494/875/1259
f 1477/876/1260 1473/877/1261 1444/816/1201
f 1470/878/1262 1484/879/1263 1483/880/1264
f 1470/878/1262 1483/880/1264 1467/881/1265
f 1596/808/1195 1414/807/1194 1436/843/1227
f 1467/881/1265 1483/880/1264 1480/882/1266
f 1467/881/1265 1480/882/1266 1465/883/1267
f 2026/884/1268 2031/885/1269 1955/886/1270
f 2026/884/1268 1955/886/1270 1488/887/1271
f 1995/888/1272 1961/889/1273 1486/890/1274
f 1995/888/1272 1486/890/1274 1945/891/1275
f 1415/855/1239 1419/846/1230 1598/849/1233
f 1415/855/1239 1598/849/1233 1583/856/1240
f 1424/892/1276 1421/893/1277 1594/894/1278
f 1425/892/1279 1595/894/1280 1592/895/1281
f 1979/896/1282 1502/897/1283 1500/898/1284
f 1979/896/1282 1500/898/1284 1981/899/1285
f 1427/900/1286 1424/892/1287 1592/895/1288
f 1427/900/1286 1592/895/1288 1588/848/1232
f 1977/817/1202 1444/816/1201 1502/897/1283
f 1977/817/1202 1502/897/1283 1979/896/1282
f 1473/877/1261 1445/851/1235 1444/816/1201
f 1498/901/1289 1983/902/1290 1981/903/1291
f 1498/901/1289 1981/903/1291 1963/904/1292
f 1442/905/1293 1448/906/1294 1507/907/1295
f 1442/905/1293 1507/907/1295 1501/908/1296
f 1449/864/1248 1454/862/1246 1508/909/1297
f 1418/847/1231 1427/900/1286 1588/848/1232
f 1508/909/1297 1454/862/1246 1516/910/1298
f 1508/909/1297 1516/910/1298 1515/911/1299
f 1508/909/1297 1515/911/1299 1506/912/1300
f 1468/869/1253 1469/872/1256 1471/873/1257
f 1570/804/1191 1517/913/1301 1495/805/1192
f 1602/914/1302 1523/915/1303 1476/916/1304
f 1474/858/1242 1478/917/1305 1608/918/1306
f 1474/858/1242 1608/918/1306 1562/859/1243
f 1510/919/1307 1503/852/1236 1575/854/1238
f 1512/919/1308 1577/920/1309 1571/921/1310
f 1526/922/1311 1522/915/1312 1602/923/1313
f 1526/922/1311 1602/923/1313 1607/924/1314
f 1478/917/1305 1525/925/1315 1608/918/1306
f 1529/926/1316 1528/927/1317 1565/928/1318
f 1529/926/1316 1565/928/1318 1563/929/1319
f 1558/845/1229 1440/844/1228 1432/839/1320
f 1538/930/1321 1536/931/1322 1569/932/1323
f 1538/930/1321 1569/932/1323 1579/933/1324
f 1536/931/1322 1551/934/1325 1604/935/1326
f 1536/931/1322 1604/935/1326 1569/932/1323
f 1531/936/1327 1545/937/1328 1597/938/1329
f 1531/936/1327 1597/938/1329 1559/939/1330
f 1528/927/1317 1531/936/1327 1559/939/1330
f 1528/927/1317 1559/939/1330 1565/928/1318
f 1551/934/1325 1554/940/1331 1606/941/1332
f 1551/934/1325 1606/941/1332 1604/935/1326
f 1554/940/1331 1556/942/1333 1611/943/1334
f 1554/940/1331 1611/943/1334 1606/941/1332
f 1547/944/1335 1541/945/1336 1585/946/1337
f 1547/944/1335 1585/946/1337 1599/947/1338
f 1556/942/1333 1563/929/1319 1611/943/1334
f 1541/945/1336 1538/930/1321 1579/933/1324
f 1541/945/1336 1579/933/1324 1581/948/1339
f 1556/942/1333 1529/926/1316 1563/929/1319
f 1542/949/1340 1547/944/1335 1599/947/1338
f 1541/945/1336 1581/948/1339 1585/946/1337
f 1564/950/1341 1568/951/1342 1566/952/1343
f 1564/950/1341 1566/952/1343 1561/953/1344
f 1568/951/1342 1560/954/1345 1557/955/1346
f 1568/951/1342 1557/955/1346 1566/952/1343
f 1572/956/1347 1578/957/1348 1573/958/1348
f 1576/959/1349 1580/960/1350 1582/961/1351
f 1580/960/1350 1584/962/1352 1586/963/1353
f 1580/960/1350 1586/963/1353 1582/961/1351
f 1593/964/1354 1589/965/1355 1587/966/1356
f 1593/964/1354 1587/966/1356 1591/967/1357
f 1601/968/1358 1586/963/1353 1584/962/1352
f 1601/968/1358 1584/962/1352 1600/969/1359
f 1542/949/1340 1599/947/1338 1590/970/1360
f 1589/965/1355 1601/968/1358 1600/969/1359
f 1589/965/1355 1600/969/1359 1587/966/1356
f 1560/954/1345 1593/964/1354 1591/967/1357
f 1560/954/1345 1591/967/1357 1557/955/1346
f 1574/971/1361 1605/972/1362 1603/973/1363
f 1574/971/1361 1603/973/1363 1572/974/1364
f 1605/972/1362 1610/975/1365 1609/976/1366
f 1605/972/1362 1609/976/1366 1603/973/1363
f 1610/975/1365 1613/977/1367 1612/978/1368
f 1610/975/1365 1612/978/1368 1609/976/1366
f 1613/977/1367 1561/953/1344 1612/978/1368
f 1613/977/1367 1564/950/1341 1561/953/1344
f 1544/979/1369 1549/980/1370 1542/949/1340
f 1544/979/1369 1542/949/1340 1545/937/1328
f 1533/981/1371 1544/979/1369 1545/937/1328
f 1549/980/1370 1547/944/1335 1542/949/1340
f 1531/936/1327 1533/981/1371 1545/937/1328
f 1459/982/1372 1513/983/1372 1463/984/1372
f 1676/985/1373 1697/985/1373 1706/986/1373
f 1676/985/1373 1706/986/1373 1683/986/1373
f 1629/987/1374 1620/988/1375 1621/989/1376
f 1627/990/1377 1624/991/1378 1625/992/1379
f 1627/990/1377 1625/992/1379 1618/993/1380
f 1616/994/1381 1627/990/1377 1618/993/1380
f 1624/991/1378 1629/987/1374 1621/989/1376
f 1624/991/1378 1621/989/1376 1625/992/1379
f 1645/995/1382 1637/996/1383 1636/997/1384
f 1643/998/1385 1634/999/1386 1641/1000/1387
f 1643/998/1385 1641/1000/1387 1640/1001/1388
f 1632/1002/1389 1634/999/1386 1643/998/1385
f 1640/1001/1388 1641/1000/1387 1637/996/1383
f 1640/1001/1388 1637/996/1383 1645/995/1382
f 1626/1003/1390 1615/1004/1391 1631/1005/1391
f 1626/1003/1390 1631/1005/1391 1642/1006/1392
f 1623/1007/1393 1626/1003/1390 1642/1006/1392
f 1623/1007/1393 1642/1006/1392 1639/1008/1394
f 1628/1009/1395 1622/1010/1393 1638/1011/1396
f 1628/1009/1395 1638/1011/1396 1644/1012/1397
f 1619/1013/1398 1628/1009/1395 1644/1012/1397
f 1619/1013/1398 1644/1012/1397 1635/1014/1398
f 1651/1015/1399 1646/1016/1399 1647/1017/1399
f 1651/1015/1399 1647/1017/1399 1649/1018/1399
f 1667/1019/1400 1685/1019/1401 1692/1020/1373
f 1667/1019/1400 1692/1020/1373 1674/1020/1373
f 1681/986/1402 1648/1021/1402 1653/1022/1402
f 1614/1023/1403 1617/1024/1403 1633/1025/1403
f 1614/1023/1403 1633/1025/1403 1630/1026/1403
f 1677/1027/1404 1698/1027/1404 1685/1019/1401
f 1677/1027/1404 1685/1019/1401 1667/1019/1400
f 1666/1028/1405 1659/1029/1406 1675/985/1407
f 1678/1030/1408 1663/1031/1409 1661/1027/1410
f 1652/1032/1411 1650/1033/1412 1665/1034/1413
f 1652/1032/1411 1665/1034/1413 1656/1035/1414
f 1654/1036/1415 1670/1037/1408 1678/1030/1408
f 1654/1036/1415 1678/1030/1408 1661/1027/1410
f 1657/1038/1416 1666/1028/1405 1675/985/1407
f 1654/1036/1415 1661/1027/1410 1666/1028/1405
f 1654/1036/1415 1666/1028/1405 1657/1038/1416
f 1656/1035/1414 1665/1034/1413 1668/1039/1417
f 1656/1035/1414 1668/1039/1417 1671/1037/1418
f 1656/1035/1414 1671/1037/1418 1655/1036/1419
f 1657/1038/1416 1675/985/1407 1681/986/1402
f 1657/1038/1416 1681/986/1402 1653/1022/1402
f 1702/1039/1420 1690/1040/1421 1688/1041/1422
f 1702/1039/1420 1688/1041/1422 1686/1042/1423
f 1665/1034/1413 1763/1043/1424 1689/1040/1425
f 1665/1034/1413 1689/1040/1425 1701/1039/1426
f 1695/985/1402 1707/1044/1402 1704/986/1402
f 1682/986/1427 1705/986/1427 1708/1044/1427
f 1669/1045/1428 1700/1046/1429 1703/1039/1430
f 1673/1037/1431 1687/1037/1432 1699/1030/1433
f 1669/1045/1428 1703/1039/1430 1687/1037/1432
f 1669/1045/1428 1687/1037/1432 1673/1037/1431
f 1758/1029/1434 1766/1044/1434 1781/1044/1434
f 1758/1029/1434 1781/1044/1434 1774/1029/1434
f 1725/1047/1435 1723/1048/1436 1716/1049/1373
f 1725/1047/1435 1716/1049/1373 1715/1050/1373
f 1722/1051/1437 1713/1052/1438 1720/1053/1439
f 1722/1051/1437 1720/1053/1439 1719/1054/1440
f 1711/1055/1441 1713/1052/1438 1722/1051/1437
f 1719/1054/1440 1720/1053/1439 1723/1048/1436
f 1719/1054/1440 1723/1048/1436 1725/1047/1435
f 1742/1056/1442 1732/1057/1434 1733/1058/1434
f 1742/1056/1442 1733/1058/1434 1740/1059/1443
f 1739/1060/1444 1736/1061/1445 1737/1062/1446
f 1739/1060/1444 1737/1062/1446 1730/1063/1447
f 1728/1064/1448 1739/1060/1444 1730/1063/1447
f 1736/1061/1445 1742/1056/1442 1740/1059/1443
f 1736/1061/1445 1740/1059/1443 1737/1062/1446
f 1721/1065/1390 1738/1066/1392 1727/1067/1391
f 1721/1065/1390 1727/1067/1391 1710/1068/1391
f 1718/1069/1393 1735/1070/1394 1738/1066/1392
f 1718/1069/1393 1738/1066/1392 1721/1065/1390
f 1724/1071/1449 1741/1072/1450 1734/1073/1396
f 1724/1071/1449 1734/1073/1396 1717/1074/1393
f 1714/1075/1451 1731/1076/1451 1741/1072/1450
f 1714/1075/1451 1741/1072/1450 1724/1071/1449
f 1748/1077/1452 1756/1078/1434 1771/1078/1434
f 1748/1077/1452 1771/1078/1434 1768/1077/1453
f 1764/1044/1402 1648/1021/1402 1681/986/1402
f 1709/1079/1403 1726/1080/1403 1729/1081/1403
f 1709/1079/1403 1729/1081/1403 1712/1082/1403
f 1662/1027/1454 1760/1083/1454 1776/1083/1454
f 1662/1027/1454 1776/1083/1454 1694/1027/1454
f 1761/1083/1455 1748/1077/1452 1768/1077/1453
f 1761/1083/1455 1768/1077/1453 1777/1083/1455
f 1747/1084/1456 1659/1029/1406 1666/1028/1405
f 1663/1031/1409 1759/1083/1457 1661/1027/1410
f 1755/1078/1427 1658/1020/1427 1691/1020/1427
f 1755/1078/1427 1691/1020/1427 1770/1078/1427
f 1650/1033/1412 1763/1043/1424 1665/1034/1413
f 1650/1033/1412 1745/1085/1458 1763/1043/1424
f 1743/1086/1459 1663/1031/1409 1751/1087/1408
f 1743/1086/1459 1759/1083/1457 1663/1031/1409
f 1746/1088/1460 1659/1029/1406 1747/1084/1456
f 1743/1086/1459 1746/1088/1460 1747/1084/1456
f 1743/1086/1459 1747/1084/1456 1759/1083/1457
f 1745/1085/1458 1749/1040/1461 1763/1043/1424
f 1745/1085/1458 1744/1086/1419 1752/1087/1462
f 1745/1085/1458 1752/1087/1462 1749/1040/1461
f 1746/1088/1460 1648/1021/1402 1764/1044/1402
f 1746/1088/1460 1764/1044/1402 1659/1029/1406
f 1775/1083/1463 1767/1089/1464 1684/1090/1465
f 1775/1083/1463 1684/1090/1465 1693/1027/1466
f 1772/1029/1402 1707/1044/1402 1695/985/1402
f 1765/1044/1427 1682/986/1427 1708/1044/1427
f 1750/1091/1467 1780/1040/1468 1779/1092/1469
f 1753/1087/1470 1778/1031/1471 1769/1087/1472
f 1660/985/1454 1757/1029/1454 1773/1029/1454
f 1660/985/1454 1773/1029/1454 1696/985/1454
f 1750/1091/1467 1753/1087/1470 1769/1087/1472
f 1750/1091/1467 1769/1087/1472 1780/1040/1468
f 1539/1093/1473 1550/1094/1474 1801/1095/1475
f 1539/1093/1473 1801/1095/1475 1795/1096/1476
f 1553/1097/1477 1552/1098/1478 1805/1099/1479
f 1553/1097/1477 1805/1099/1479 1809/1100/1480
f 1543/1101/1481 1546/1102/1482 1799/1103/1483
f 1550/1094/1474 1548/1104/1484 1801/1095/1475
f 1532/1105/1485 1527/1106/1486 1784/1107/1487
f 1532/1105/1485 1784/1107/1487 1787/1108/1488
f 1530/1109/1489 1555/1110/1490 1783/1111/1491
f 1548/1104/1484 1543/1101/1481 1799/1103/1483
f 1548/1104/1484 1799/1103/1483 1803/1112/1492
f 1527/1106/1493 1530/1109/1489 1783/1111/1491
f 1555/1110/1490 1808/1113/1494 1783/1111/1491
f 1534/1114/1495 1540/1115/1496 1796/1116/1497
f 1534/1114/1495 1796/1116/1497 1791/1117/1498
f 1555/1110/1490 1553/1097/1499 1808/1113/1494
f 1546/1118/1500 1532/1105/1501 1788/1119/1502
f 1546/1118/1500 1788/1119/1502 1790/1120/1503
f 1546/1102/1482 1800/1121/1504 1799/1103/1483
f 1548/1104/1484 1803/1112/1492 1801/1095/1475
f 1782/1107/1505 1785/1122/1506 1812/1123/1507
f 1786/1124/1508 1782/1107/1505 1812/1123/1507
f 1786/1124/1508 1812/1123/1507 1815/1125/1509
f 1811/1126/1510 1810/1127/1511 1831/1128/1512
f 1793/1129/1513 1794/1116/1514 1819/1130/1515
f 1794/1116/1514 1797/1131/1516 1820/1132/1517
f 1794/1116/1514 1820/1132/1517 1819/1130/1515
f 1785/1122/1506 1811/1126/1510 1833/1133/1518
f 1785/1122/1506 1833/1133/1518 1812/1123/1507
f 1802/1134/1519 1804/1135/1520 1822/1136/1521
f 1802/1134/1519 1822/1136/1521 1827/1137/1522
f 1811/1126/1510 1831/1128/1512 1833/1133/1518
f 1789/1138/1523 1786/1124/1508 1815/1125/1509
f 1789/1138/1523 1815/1125/1509 1818/1139/1524
f 1804/1135/1520 1798/1140/1525 1822/1136/1521
f 1798/1140/1525 1823/1141/1526 1822/1136/1521
f 1798/1140/1525 1789/1138/1523 1818/1139/1524
f 1798/1140/1525 1818/1139/1524 1823/1141/1526
f 1807/1142/1527 1830/1143/1528 1810/1127/1529
f 1867/1144/1530 1869/1145/1530 1890/1145/1530
f 1867/1144/1530 1890/1145/1530 1887/1144/1530
f 1881/1146/1531 1882/1147/1531 1903/1147/1531
f 1881/1146/1531 1903/1147/1531 1902/1146/1531
f 1874/1148/1532 1878/1149/1532 1899/1149/1532
f 1874/1148/1532 1899/1149/1532 1895/1148/1532
f 1870/1145/1533 1871/1150/1533 1892/1150/1533
f 1870/1145/1533 1892/1150/1533 1891/1145/1533
f 1865/1151/1534 1868/1144/1534 1888/1144/1534
f 1865/1151/1534 1888/1144/1534 1885/1151/1534
f 1883/1147/1373 1866/1151/1373 1886/1151/1373
f 1883/1147/1373 1886/1151/1373 1904/1147/1373
f 1876/1149/1427 1879/1146/1427 1900/1146/1427
f 1876/1149/1427 1900/1146/1427 1897/1149/1427
f 1872/1150/1434 1875/1148/1434 1896/1148/1434
f 1872/1150/1434 1896/1148/1434 1893/1150/1434
f 1852/814/1535 1856/1152/1535 1910/1153/1535
f 1880/1154/1536 1853/814/1199 1914/813/1198
f 1914/813/1198 1838/1155/1537 1864/1156/1538
f 1914/813/1198 1864/1156/1538 1880/1154/1536
f 1914/813/1198 1849/812/1197 1846/1157/1539
f 1914/813/1198 1846/1157/1539 1836/1158/1540
f 1826/1159/1541 1828/1160/1542 1922/1161/1543
f 1826/1159/1541 1922/1161/1543 1931/1162/1544
f 1840/1155/1434 1913/1163/1434 1941/1164/1434
f 1840/1155/1434 1941/1164/1434 1939/1155/1434
f 1813/1165/1545 1832/1166/1546 1932/1166/1547
f 1813/1165/1545 1932/1166/1547 1919/1167/1548
f 1825/1168/1549 1817/1169/1550 1917/1170/1550
f 1825/1168/1549 1917/1170/1550 1925/1171/1551
f 1837/1166/1552 1839/1155/1553 1938/1155/1554
f 1837/1166/1552 1938/1155/1554 1933/1166/1555
f 1828/1160/1542 1824/1141/1556 1924/1141/1557
f 1828/1160/1542 1924/1141/1557 1922/1161/1543
f 1913/1163/1434 1842/1172/1434 1943/1172/1434
f 1913/1163/1434 1943/1172/1434 1941/1164/1434
f 1841/1172/1558 1834/1173/1559 1936/1173/1560
f 1841/1172/1558 1936/1173/1560 1942/1172/1561
f 1816/1108/1562 1814/1107/1563 1920/1107/1564
f 1816/1108/1562 1920/1107/1564 1916/1108/1565
f 1807/1142/1527 1793/1129/1513 1819/1130/1515
f 1807/1142/1527 1819/1130/1515 1830/1143/1528
f 1552/1098/1566 1535/1174/1567 1792/1175/1568
f 1552/1098/1566 1792/1175/1568 1806/1176/1569
f 1485/1177/1570 1948/1178/1571 1482/1179/1572
f 1482/1179/1572 1946/1180/1573 1971/1181/1574
f 1482/1179/1572 1971/1181/1574 1481/1182/1575
f 1482/1179/1572 1948/1178/1571 1946/1180/1573
f 1476/916/1304 1517/913/1301 1570/804/1191
f 1476/916/1304 1570/804/1191 1602/914/1302
f 1485/1177/1570 1475/1183/1576 1975/1184/1577
f 1485/1177/1570 1975/1184/1577 1948/1178/1571
f 1481/1182/1575 1971/1181/1574 1994/1185/1578
f 1481/1182/1575 1994/1185/1578 1945/891/1579
f 1493/1186/1580 1956/1187/1581 1953/1188/1582
f 1493/1186/1580 1953/1188/1582 1491/1189/1583
f 1954/1190/1584 2032/885/1585 2019/1191/1586
f 1954/1190/1584 2019/1191/1586 2016/1192/1587
f 1466/870/1254 1958/868/1588 1462/871/1255
f 1493/1186/1580 1964/1193/1589 1956/1187/1581
f 1961/889/1273 1983/902/1290 1498/901/1289
f 1961/889/1273 1498/901/1289 1486/890/1274
f 2006/1194/1590 2007/1195/1591 1947/1196/1592
f 2006/1194/1590 1947/1196/1592 1949/1197/1593
f 2021/1198/1594 2015/1199/1595 1978/1200/1596
f 2021/1198/1594 1978/1200/1596 1980/1201/1597
f 2017/1202/1598 2021/1198/1594 1980/1201/1597
f 2017/1202/1598 1980/1201/1597 1982/1203/1599
f 2023/1204/1600 1985/1205/1601 1962/1206/1602
f 1990/1207/1603 2013/1208/1604 1976/1209/1605
f 1997/1210/1606 2023/1204/1600 1962/1206/1602
f 2013/1208/1604 1974/1211/1607 1976/1209/1605
f 1492/1212/1608 1490/1213/1609 2000/1214/1610
f 1492/1212/1608 2000/1214/1610 2002/1215/1611
f 1490/1213/1609 1489/1216/1612 1999/1217/1613
f 1490/1213/1609 1999/1217/1613 2000/1214/1610
f 1488/887/1271 1955/886/1270 1968/1218/1614
f 1966/1219/1615 1965/1193/1616 2025/1220/1617
f 1965/1193/1616 1950/1221/1618 2012/1222/1619
f 1965/1193/1616 2012/1222/1619 2025/1220/1617
f 1987/1223/1620 1986/1224/1621 2024/1225/1622
f 1986/1224/1621 1970/1226/1623 2024/1225/1622
f 1952/1227/1624 1957/1228/1625 2014/1229/1626
f 1952/1227/1624 2014/1229/1626 2018/1230/1627
f 1950/1221/1618 1951/1231/1628 2012/1222/1619
f 2004/1232/1629 2003/1233/1630 2001/1234/1631
f 2004/1232/1629 2001/1234/1631 2010/1235/1632
f 2005/1236/1633 2008/1237/1634 2034/1238/1635
f 2005/1236/1633 2034/1238/1635 1998/1239/1636
f 2040/1240/1637 2041/1241/1638 2043/1242/1639
f 2040/1240/1637 2043/1242/1639 2042/1243/1640
f 2042/1243/1640 2043/1242/1639 2045/1244/1641
f 2042/1243/1640 2045/1244/1641 2044/1245/1642
f 2044/1245/1642 2045/1244/1641 2047/1246/1643
f 2044/1245/1642 2047/1246/1643 2046/1247/1644
f 2046/1247/1644 2047/1246/1643 2049/1248/1645
f 2046/1247/1644 2049/1248/1645 2048/1245/1646
f 2048/1245/1646 2049/1248/1645 2051/1249/1647
f 2048/1245/1646 2051/1249/1647 2050/1243/1648
f 2050/1243/1648 2051/1249/1647 2053/1250/1649
f 2050/1243/1648 2053/1250/1649 2052/1240/1650
f 2052/1240/1650 2053/1250/1649 2055/1251/1651
f 2052/1240/1650 2055/1251/1651 2054/1252/1652
f 2054/1252/1652 2055/1251/1651 2057/1253/1653
f 2054/1252/1652 2057/1253/1653 2056/1254/1654
f 2056/1254/1654 2057/1253/1653 2059/1255/1655
f 2056/1254/1654 2059/1255/1655 2058/1256/1656
f 2058/1256/1656 2059/1255/1655 2061/1257/1657
f 2058/1256/1656 2061/1257/1657 2060/1254/1658
f 2060/1254/1658 2061/1257/1657 2063/1258/1659
f 2060/1254/1658 2063/1258/1659 2062/1252/1660
f 2062/1252/1660 2063/1258/1659 2041/1241/1638
f 2062/1252/1660 2041/1241/1638 2040/1240/1637
f 2265/1259/1661 2262/1260/1661 2103/1261/1661
f 2265/1259/1661 2103/1261/1661 2106/1262/1661
f 2246/1263/1662 2245/1264/1663 2065/1265/1664
f 2246/1263/1662 2065/1265/1664 2067/1266/1665
f 2247/1267/1666 2246/1263/1662 2067/1266/1665
f 2247/1267/1666 2067/1266/1665 2070/1268/1667
f 2245/1264/1663 2249/1269/1668 2089/1270/1669
f 2245/1264/1663 2089/1270/1669 2065/1265/1664
f 2248/1269/1670 2250/1271/1670 2085/1272/1670
f 2248/1269/1670 2085/1272/1670 2087/1270/1670
f 2251/1271/1671 2252/1269/1671 2081/1270/1671
f 2251/1271/1671 2081/1270/1671 2086/1272/1671
f 2253/1269/1672 2254/1273/1672 2079/1274/1672
f 2253/1269/1672 2079/1274/1672 2083/1270/1672
f 2255/1273/1673 2257/1275/1673 2077/1276/1673
f 2255/1273/1673 2077/1276/1673 2080/1274/1673
f 2256/1275/1674 2259/1277/1674 2074/1278/1674
f 2256/1275/1674 2074/1278/1674 2076/1276/1674
f 2258/1277/1675 2247/1267/1666 2070/1268/1667
f 2258/1277/1675 2070/1268/1667 2073/1278/1676
f 2110/1279/1454 2109/1280/1454 2128/1281/1454
f 2266/1282/1677 2095/1283/1678 2099/1284/1679
f 2272/1259/1680 2270/1285/1681 2111/1286/1682
f 2278/1287/1683 2275/1260/1684 2092/1261/1685
f 2278/1287/1683 2092/1261/1685 2095/1283/1678
f 2264/1288/1686 2105/1262/1687 2108/1289/1688
f 2276/1260/1689 2273/1259/1689 2113/1262/1689
f 2276/1260/1689 2113/1262/1689 2093/1261/1689
f 2270/1285/1681 2264/1288/1686 2108/1289/1688
f 2261/1260/1690 2266/1282/1677 2099/1284/1679
f 2261/1260/1690 2099/1284/1679 2102/1261/1691
f 2266/1282/1677 2278/1287/1683 2095/1283/1678
f 2270/1285/1681 2108/1289/1688 2111/1286/1682
f 2118/1290/1692 2155/1291/1693 2156/1292/1694
f 2104/1262/1454 2101/1261/1454 2124/1293/1454
f 2098/1294/1454 2097/1295/1454 2120/1296/1454
f 2112/1262/1454 2110/1279/1454 2128/1281/1454
f 2112/1262/1454 2128/1281/1454 2114/1297/1454
f 2094/1298/1454 2091/1261/1454 2114/1297/1454
f 2094/1298/1454 2114/1297/1454 2117/1299/1454
f 2107/1279/1454 2104/1262/1454 2124/1293/1454
f 2107/1279/1454 2124/1293/1454 2127/1300/1454
f 2100/1298/1454 2098/1294/1454 2120/1296/1454
f 2100/1298/1454 2120/1296/1454 2123/1301/1454
f 2091/1261/1454 2112/1262/1454 2114/1297/1454
f 2096/1294/1454 2094/1298/1454 2117/1299/1454
f 2109/1280/1454 2107/1279/1454 2127/1300/1454
f 2109/1280/1454 2127/1300/1454 2128/1281/1454
f 2101/1261/1454 2100/1298/1454 2123/1301/1454
f 2101/1261/1454 2123/1301/1454 2124/1293/1454
f 2097/1295/1454 2096/1294/1454 2117/1299/1454
f 2097/1295/1454 2117/1299/1454 2120/1296/1454
f 2211/1302/1695 2214/1303/1696 2175/1304/1697
f 2129/1305/1698 2165/1306/1699 2154/1307/1700
f 2126/1308/1701 2161/1309/1702 2162/1310/1703
f 2121/1311/1704 2118/1290/1692 2156/1292/1694
f 2115/1312/1705 2153/1309/1706 2151/1313/1707
f 2122/1314/1708 2158/1291/1709 2159/1315/1710
f 2116/1261/1711 2129/1305/1698 2154/1307/1700
f 2119/1311/1712 2115/1312/1705 2151/1313/1707
f 2130/1316/1713 2126/1308/1701 2162/1310/1703
f 2125/1261/1714 2122/1314/1708 2159/1315/1710
f 2131/1317/1454 2150/1318/1454 2152/1319/1454
f 2131/1317/1454 2136/1320/1715 2150/1318/1454
f 2136/1320/1715 2157/1321/1454 2150/1318/1454
f 2136/1320/1715 2139/1322/1454 2157/1321/1454
f 2140/1323/1454 2160/1324/1454 2139/1322/1454
f 2140/1323/1454 2143/1325/1454 2160/1324/1454
f 2143/1325/1454 2163/1326/1454 2160/1324/1454
f 2143/1325/1454 2148/1327/1716 2164/1328/1454
f 2143/1325/1454 2164/1328/1454 2163/1326/1454
f 2148/1327/1716 2149/1325/1715 2164/1328/1454
f 2149/1325/1715 2152/1319/1454 2164/1328/1454
f 2149/1325/1715 2131/1317/1454 2152/1319/1454
f 2235/1329/1717 2233/1330/1718 2226/1331/1719
f 2212/1332/1720 2205/1333/1720 2183/1334/1720
f 2212/1332/1720 2183/1334/1720 2167/1335/1720
f 2216/1336/1721 2207/1337/1722 2169/1338/1723
f 2216/1336/1721 2169/1338/1723 2173/1339/1724
f 2204/1340/1725 2210/1341/1726 2178/1342/1727
f 2204/1340/1725 2178/1342/1727 2182/1343/1728
f 2219/1333/1729 2218/1332/1729 2177/1335/1729
f 2219/1333/1729 2177/1335/1729 2179/1334/1729
f 2214/1303/1696 2171/1344/1730 2175/1304/1697
f 2208/1337/1731 2213/1332/1732 2168/1335/1733
f 2208/1337/1731 2168/1335/1733 2170/1338/1734
f 2147/1345/1735 2144/1346/1736 2200/1347/1737
f 2147/1345/1735 2200/1347/1737 2197/1348/1738
f 2135/1349/1739 2132/1309/1740 2189/1350/1741
f 2135/1349/1739 2189/1350/1741 2192/1351/1742
f 2137/1352/1743 2193/1353/1744 2185/1354/1745
f 2145/1346/1746 2141/1309/1747 2199/1350/1748
f 2145/1346/1746 2199/1350/1748 2201/1347/1749
f 2146/1355/1750 2195/1356/1751 2188/1357/1752
f 2142/1309/1753 2137/1352/1743 2185/1354/1745
f 2138/1358/1754 2134/1349/1755 2191/1351/1756
f 2138/1358/1754 2191/1351/1756 2194/1359/1757
f 2133/1309/1758 2146/1355/1750 2188/1357/1752
f 2196/1360/1759 2217/1361/1760 2209/1362/1761
f 2190/1363/1762 2187/1364/1763 2206/1365/1764
f 2187/1364/1763 2198/1366/1765 2203/1367/1766
f 2184/1368/1767 2215/1369/1768 2202/1370/1769
f 2196/1360/1759 2186/1371/1770 2217/1361/1760
f 2198/1366/1765 2209/1362/1761 2203/1367/1766
f 2184/1368/1767 2190/1363/1762 2215/1369/1768
f 2186/1371/1770 2202/1370/1769 2217/1361/1760
f 2198/1366/1765 2196/1360/1759 2209/1362/1761
f 2190/1363/1762 2206/1365/1764 2215/1369/1768
f 2187/1364/1763 2203/1367/1766 2206/1365/1764
f 2186/1371/1770 2184/1368/1767 2202/1370/1769
f 2236/1372/1771 2222/1373/1772 2224/1374/1773
f 2241/1375/1774 2239/1376/1775 2230/1377/1776
f 2235/1329/1717 2226/1331/1719 2229/1378/1777
f 2233/1330/1718 2236/1372/1771 2224/1374/1773
f 2241/1375/1774 2230/1377/1776 2221/1379/1778
f 2244/1380/1779 2221/1379/1778 2222/1373/1772
f 2239/1376/1775 2235/1329/1717 2229/1378/1777
f 2233/1330/1718 2224/1374/1773 2226/1331/1719
f 2244/1380/1779 2241/1375/1774 2221/1379/1778
f 2236/1372/1771 2244/1380/1779 2222/1373/1772
f 2239/1376/1775 2229/1378/1777 2230/1377/1776
f 2180/1381/1780 2242/1382/1781 2240/1383/1782
f 2172/1384/1783 2166/1385/1784 2237/1386/1785
f 2166/1385/1784 2181/1387/1786 2243/1388/1787
f 2174/1389/1788 2238/1390/1789 2234/1391/1790
f 2180/1381/1780 2176/1392/1791 2242/1382/1781
f 2166/1385/1784 2243/1388/1787 2237/1386/1785
f 2181/1387/1786 2240/1383/1782 2243/1388/1787
f 2174/1389/1788 2172/1384/1783 2238/1390/1789
f 2176/1392/1791 2234/1391/1790 2242/1382/1781
f 2181/1387/1786 2180/1381/1780 2240/1383/1782
f 2172/1384/1783 2237/1386/1785 2238/1390/1789
f 2176/1392/1791 2174/1389/1788 2234/1391/1790
f 2088/1270/1792 2084/1272/1793 2269/1393/1794
f 2069/1394/1795 2068/1395/1796 2280/1396/1797
f 2069/1394/1795 2280/1396/1797 2267/1397/1795
f 2075/1276/1798 2072/1278/1799 2279/1398/1800
f 2075/1276/1798 2279/1398/1800 2260/1260/1801
f 2084/1272/1793 2082/1270/1802 2263/1399/1803
f 2084/1272/1793 2263/1399/1803 2269/1393/1794
f 2068/1395/1796 2066/1278/1804 2277/1398/1805
f 2068/1395/1796 2277/1398/1805 2280/1396/1797
f 2064/1276/1806 2090/1274/1807 2271/1259/1808
f 2064/1276/1806 2271/1259/1808 2274/1260/1809
f 2072/1278/1799 2071/1395/1810 2268/1396/1811
f 2072/1278/1799 2268/1396/1811 2279/1398/1800
f 2082/1270/1802 2078/1274/1812 2263/1399/1803
f 2066/1278/1804 2064/1276/1806 2274/1260/1809
f 2066/1278/1804 2274/1260/1809 2277/1398/1805
f 2090/1274/1807 2088/1270/1792 2269/1393/1794
f 2090/1274/1807 2269/1393/1794 2271/1259/1808
f 2071/1395/1810 2069/1394/1795 2267/1397/1795
f 2071/1395/1810 2267/1397/1795 2268/1396/1811
f 2078/1274/1812 2075/1276/1798 2260/1260/1801
f 2078/1274/1812 2260/1260/1801 2263/1399/1803
f 2296/1400/1813 2299/1401/1814 2293/1402/1815
f 2290/1403/1816 2296/1400/1813 2293/1402/1815
f 2283/1404/1817 2292/1405/1817 2302/1406/1818
f 2283/1404/1817 2302/1406/1818 2287/1407/1817
f 2288/1407/1434 2300/1401/1434 2297/1408/1434
f 2288/1407/1434 2297/1408/1434 2286/1409/1434
f 2282/1410/1373 2291/1403/1373 2294/1405/1373
f 2282/1410/1373 2294/1405/1373 2284/1404/1373
f 2285/1409/1819 2295/1408/1819 2301/1411/1819
f 2287/1407/1817 2302/1406/1818 2298/1401/1817
f 2285/1409/1819 2301/1411/1819 2289/1403/1820
f 2285/1409/1819 2289/1403/1820 2281/1410/1820
f 2309/1412/1821 2305/1413/1821 2311/1414/1821
f 2309/1412/1821 2311/1414/1821 2314/1415/1821
f 2319/1416/1373 2313/1414/1373 2306/1413/1373
f 2319/1416/1373 2306/1413/1373 2304/1417/1373
f 2322/1418/1434 2316/1415/1434 2326/1419/1434
f 2322/1418/1434 2326/1419/1434 2330/1420/1434
f 2320/1418/1822 2329/1420/1822 2327/1421/1822
f 2320/1418/1822 2327/1421/1822 2317/1416/1822
f 2315/1415/1823 2312/1414/1823 2323/1422/1823
f 2315/1415/1823 2323/1422/1823 2325/1419/1823
f 2316/1415/1434 2322/1418/1434 2308/1423/1434
f 2316/1415/1434 2308/1423/1434 2310/1412/1434
f 2307/1423/1824 2321/1418/1824 2318/1416/1824
f 2307/1423/1824 2318/1416/1824 2303/1417/1824
f 2313/1414/1373 2319/1416/1373 2328/1421/1373
f 2313/1414/1373 2328/1421/1373 2324/1422/1373
f 2410/1424/1825 2396/1425/1826 2354/1426/1827
f 2410/1424/1825 2354/1426/1827 2381/1427/1828
f 2354/1426/1827 2341/1428/1829 2332/1429/1830
f 2389/1430/1831 2399/1431/1832 2360/1432/1833
f 2389/1430/1831 2360/1432/1833 2351/1433/1834
f 2355/1434/1204 2345/1435/1204 2340/1436/1204
f 2355/1434/1204 2340/1436/1204 2353/1437/1204
f 2364/1438/1835 2366/1439/1836 2378/1440/1837
f 2331/1441/1838 2381/1427/1828 2354/1426/1827
f 2331/1441/1838 2354/1426/1827 2332/1429/1830
f 2333/1442/1839 2337/1443/1840 2358/1444/1841
f 2348/1445/1842 2349/1446/1843 2346/1447/1843
f 2348/1445/1842 2346/1447/1843 2344/1448/1844
f 2343/1449/1845 2335/1450/1846 2339/1451/1847
f 2343/1449/1845 2339/1451/1847 2347/1452/1848
f 2352/1453/1849 2356/1454/1850 2394/1455/1850
f 2352/1453/1849 2394/1455/1850 2390/1456/1851
f 2354/1426/1827 2396/1425/1826 2393/1455/1852
f 2375/1457/1853 2373/1458/1854 2365/1459/1855
f 2375/1457/1853 2365/1459/1855 2363/1438/1856
f 2377/1460/1857 2368/1461/1858 2371/1462/1859
f 2377/1460/1857 2371/1462/1859 2372/1463/1860
f 2358/1444/1841 2379/1464/1861 2386/1465/1862
f 2358/1444/1841 2386/1465/1862 2333/1442/1839
f 2398/1466/1863 2379/1464/1861 2358/1444/1841
f 2366/1439/1836 2387/1467/1864 2378/1440/1837
f 2378/1440/1837 2407/1468/1865 2384/820/1866
f 2378/1440/1837 2384/820/1866 2364/1438/1835
f 2367/819/1204 2376/1469/1204 2362/1438/1204
f 2367/819/1204 2362/1438/1204 2383/820/1204
f 2376/1469/1204 2374/1470/1205 2362/1438/1204
f 2361/1471/1204 2338/1472/1204 2334/1473/1204
f 2361/1471/1204 2334/1473/1204 2359/1474/1204
f 2350/1433/1204 2342/1449/1204 2345/1435/1204
f 2350/1433/1204 2345/1435/1204 2355/1434/1204
f 2359/1474/1204 2334/1473/1204 2342/1449/1204
f 2359/1474/1204 2342/1449/1204 2350/1433/1204
f 2357/1475/1204 2336/1476/1204 2338/1472/1204
f 2357/1475/1204 2338/1472/1204 2361/1471/1204
f 2397/1477/1204 2412/1478/1204 2413/1479/1203
f 2397/1477/1204 2413/1479/1203 2401/1480/1205
f 2400/1481/1204 2411/1482/1204 2412/1478/1204
f 2400/1481/1204 2412/1478/1204 2397/1477/1204
f 2403/1483/1867 2392/1484/1868 2395/1485/1869
f 2403/1483/1867 2395/1485/1869 2409/1486/1870
f 2406/1468/1204 2388/1430/1204 2391/1484/1204
f 2406/1468/1204 2391/1484/1204 2402/1483/1204
f 2411/1482/1204 2400/1481/1204 2388/1430/1204
f 2411/1482/1204 2388/1430/1204 2406/1468/1204
f 2331/1441/1838 2370/1487/1871 2381/1427/1828
f 2410/1424/1872 2382/1427/1873 2414/1488/1874
f 2410/1424/1872 2414/1488/1874 2404/1489/1875
f 2405/1489/1876 2415/1488/1877 2385/1490/1878
f 2405/1489/1876 2385/1490/1878 2408/1491/1879
f 1413/1492/1880 1420/1493/1881 1409/822/1206
f 1423/1494/1882 1411/826/1210 1409/822/1206
f 1423/1494/1882 1409/822/1206 1420/1493/1881
f 1411/826/1210 1423/1494/1882 1426/1495/1883
f 1411/826/1210 1426/1495/1883 1417/827/1211
f 1988/815/1200 1477/876/1260 1444/816/1201
f 1477/876/1260 1988/815/1200 1524/1496/1884
f 1524/1496/1884 1988/815/1200 1521/1497/1885
f 1521/1497/1885 1988/815/1200 1975/1184/1577
f 1521/1497/1885 1975/1184/1577 1475/1183/1576
f 1416/829/1213 1472/874/1258 1406/830/1214
f 1472/874/1258 1416/829/1213 1497/1498/1886
f 1472/874/1258 1497/1498/1886 1504/1499/1887
f 1472/874/1258 1504/1499/1887 1509/1500/1888
f 1472/874/1258 1509/1500/1888 1494/875/1259
f 1445/851/1235 1520/1501/1889 1438/837/1221
f 1520/1501/1889 1445/851/1235 1473/877/1261
f 1438/837/1221 1520/1501/1889 1433/1502/1890
f 1438/837/1221 1433/1502/1890 1439/838/1222
f 1437/811/1891 1428/811/1892 1441/811/1893
f 1441/811/1893 1428/811/1892 1400/811/1894
f 1441/811/1893 1400/811/1894 1404/809/1895
f 1441/811/1893 1404/809/1895 1446/811/1896
f 1446/811/1896 1404/809/1895 1452/811/1897
f 1487/983/1898 1499/983/1899 1479/983/1900
f 1479/983/1900 1499/983/1899 1456/983/1901
f 1456/983/1901 1499/983/1899 1461/982/1902
f 1461/982/1902 1499/983/1899 1505/983/1903
f 1461/982/1902 1505/983/1903 1514/983/1904
f 1820/1132/1517 1797/1131/1516 1827/1137/1522
f 1827/1137/1522 1797/1131/1516 1802/1134/1519
f 1819/1130/1905 1858/1503/1906 1855/1504/1907
f 1858/1503/1906 1819/1130/1905 1862/1505/1908
f 1862/1505/1908 1819/1130/1905 1843/1506/1909
f 1843/1506/1909 1836/1158/1540 1846/1157/1539
f 1836/1158/1540 1843/1506/1909 1819/1130/1905
f 1835/1173/1910 1821/1507/1910 1829/1508/1910
f 1831/1128/1512 1810/1127/1511 1873/1148/1911
f 1873/1148/1911 1810/1127/1511 1819/1130/1905
f 1873/1148/1911 1819/1130/1905 1855/1504/1907
f 1873/1148/1911 1855/1504/1907 1877/1149/1912
f 1877/1149/1912 1855/1504/1907 1880/1154/1536
f 1853/814/1199 1880/1154/1536 1855/1504/1907
f 1833/1133/1518 1864/1156/1538 1838/1155/1537
f 1864/1156/1538 1833/1133/1518 1831/1128/1512
f 1884/1509/1913 1889/1510/1914 1901/1511/1915
f 1901/1511/1915 1889/1510/1914 1894/1512/1916
f 1901/1511/1915 1894/1512/1916 1898/1513/1917
f 1908/1514/1918 1909/1515/1919 1907/1516/1920
f 1907/1516/1920 1909/1515/1919 1911/1517/1921
f 1907/1516/1920 1911/1517/1921 1906/1518/1922
f 1906/1518/1922 1911/1517/1921 1912/1519/1923
f 1906/1518/1922 1912/1519/1923 1905/1520/1924
f 1918/1521/1925 1934/1522/1926 1940/1523/1927
f 1918/1521/1925 1940/1523/1927 1915/1524/1928
f 1915/1524/1928 1940/1523/1927 1926/1525/1929
f 1926/1525/1929 1940/1523/1927 1944/1526/1930
f 1926/1525/1929 1944/1526/1930 1923/1527/1931
f 1923/1527/1931 1944/1526/1930 1937/1528/1932
f 1923/1527/1931 1937/1528/1932 1921/1529/1933
f 1921/1529/1933 1937/1528/1932 1928/1530/1934
f 2220/1531/1935 2232/1532/1936 2231/1533/1935
f 2220/1531/1935 2231/1533/1935 2223/1534/1937
f 2223/1534/1937 2231/1533/1935 2228/1535/1935
f 2223/1534/1937 2228/1535/1935 2225/1536/1935
f 2225/1536/1935 2228/1535/1935 2227/1537/1938
l 2035 2039
l 1859 1863
l 1845 1847
l 2027 2030
l 1535 1537
l 1989 1991
l 1984 1992
l 2022 2029
l 1672 1680
l 1967 1969
l 1929 1930
l 1848 1851
l 1993 1996
l 2030 2020
l 2009 2038
l 1664 1679
l 1754 1762
l 2028 2029
l 1460 1464
l 1850 1854
l 2011 2036
l 1857 1860
l 1972 1973
l 2033 2037
l 1844 1861
l 1927 1935
